Date,Close,High,Low,Open,Volume
2012-05-07,2.1501619815826416,2.1501619815826416,2.1501619815826416,2.1501619815826416,0
2012-05-11,2.128875255584717,2.128875255584717,2.128875255584717,2.128875255584717,0
2012-05-18,2.0826423168182373,2.0826423168182373,2.0826423168182373,2.0826423168182373,0
2012-05-25,2.0811452865600586,2.0811452865600586,2.0811452865600586,2.0811452865600586,0
2012-05-28,2.1136043071746826,2.1136043071746826,2.0448068796519503,2.0448068796519503,2316819
2012-05-29,2.1372642517089844,2.14586270750815,2.0964075497001784,2.107160298436725,390140923
2012-05-30,2.1286563873291016,2.1372639823914708,2.1222120076520468,2.1329647550336355,280599600
2012-05-31,2.124356985092163,2.137263806449866,2.111459086453122,2.12005754046096,246208491
2012-06-01,2.1286563873291016,2.148007589426361,2.1136044125896776,2.126511235009882,226582818
2012-06-04,2.066303253173828,2.1050056558160137,2.0620040259884327,2.1028607212101287,168188427
2012-06-05,2.0684573650360107,2.0792101121781865,2.0620040627832443,2.0684573650360107,88651916
2012-06-06,2.0641582012176514,2.0792101760845747,2.057704898766537,2.070602580949294,76425464
2012-06-07,2.053405284881592,2.0856543843007995,2.0491060578408895,2.0813551572600972,59981794
2012-06-08,2.046952247619629,2.068457525949665,2.044807095181292,2.0663034507914366,76742372
2012-06-11,2.074901580810547,2.0835093926292023,2.0491060016464626,2.053405228569263,71190033
2012-06-12,2.0577051639556885,2.0706028478006497,2.0534057183800356,2.06415846723848,54802906
2012-06-13,2.089953660964966,2.092107953523123,2.059858853338199,2.0641580804809814,73856733
2012-06-14,2.0792102813720703,2.0985617022404717,2.074901913412874,2.085654661430045,44027538
2012-06-15,2.0856544971466064,2.094252951693236,2.064158143152734,2.0835095624968574,50834166
2012-06-18,2.096407175064087,2.1071599218790764,2.0899536553803917,2.0921079479327926,44685783
2012-06-19,2.081355333328247,2.0942530155414074,2.0792101809858,2.0942530155414074,43467309
2012-06-20,2.0792102813720703,2.0942531166539604,2.0770562062061297,2.085654661430045,51465285
2012-06-21,2.0512514114379883,2.0749018414710148,2.036199436330748,2.0749018414710148,82948165
2012-06-25,2.008249282836914,2.0448067481654886,2.0039500559699523,2.0448067481654886,153562876
2012-06-26,2.0061044692993164,2.0104036964253957,1.9931974299475814,1.999650949623449,78475341
2012-06-27,1.9996509552001953,2.0168480813797642,1.9953517280621258,2.0039501823382646,50420042
2012-06-28,1.986752986907959,2.0082493394763152,1.986752986907959,2.0017958200073953,53036465
2012-06-29,2.010403633117676,2.0125485676264234,1.980299686209598,1.9824446207183455,74480616
2012-07-02,2.010403633117676,2.021156379581018,2.00395011364503,2.021156379581018,64352553
2012-07-03,2.014702796936035,2.0361991488427695,2.0082492776657435,2.0125485045216354,44011288
2012-07-04,2.016848087310791,2.027600616547055,2.0082494153820742,2.016848087310791,53280281
2012-07-05,1.9910521507263184,2.008249275760849,1.9824445566770685,2.008249275760849,100064867
2012-07-06,2.023301601409912,2.0319002742396486,1.9845991950244828,1.9953519430147755,97281041
2012-07-09,1.9845987558364868,2.0211562193184776,1.9824444635253569,2.0147027003575473,53199383
2012-07-10,1.9760003089904785,1.9867530558205833,1.9717010818531406,1.9824446883370157,67554628
2012-07-11,1.986752986907959,1.9888981390427518,1.9695469386091882,1.97170101346261,64895542
2012-07-12,1.9974969625473022,2.0125489387772006,1.9695473029667458,1.982444986317404,101130363
2012-07-13,2.0061044692993164,2.019002150677555,1.997496657073661,1.999650949623449,82280648
2012-07-16,1.9738460779190063,2.0125484770669697,1.9695468511217638,2.010403542654739,59953253
2012-07-17,1.980299711227417,1.982444645763262,1.9695469646282313,1.97170103951011,61581119
2012-07-18,1.9760003089904785,1.9845989808924451,1.9480506536110225,1.978145461199678,111630397
2012-07-19,1.986752986907959,2.0017958200073953,1.9674017864743953,1.9738461655974027,67959460
2012-07-20,1.9674019813537598,1.9824448159432515,1.9652479062869679,1.9802998812232777,85580102
2012-07-23,1.9394431114196777,1.9566491607803949,1.9351436665388204,1.9566491607803949,69905228
2012-07-24,1.9458963871002197,1.9587942863121546,1.9329987055155788,1.9351436401261959,84995076
2012-07-25,1.9351437091827393,1.9523499765499206,1.9329987744955792,1.94159722919218,55192814
2012-07-26,1.9286997318267822,1.9458966428666458,1.9243911460919403,1.9372981873467139,66405393
2012-07-27,1.9286997318267822,1.9394433398665816,1.9222462111993954,1.935143894479293,74388102
2012-07-30,1.922245979309082,1.9394431059016912,1.9179467520677538,1.9308444337917383,54415527
2012-07-31,1.9200917482376099,1.928699560969881,1.9157925208584978,1.9222460409141893,78527182
2012-08-01,1.9308443069458008,1.941597053329598,1.9200915605620035,1.922245853028016,61722915
2012-08-02,1.9157923460006714,1.9329986119207196,1.9093388265340043,1.928699384934006,76329300
2012-08-03,1.9286997318267822,1.9286997318267822,1.9136477556794638,1.9200919183319745,49794245
2012-08-06,1.9523496627807617,1.9566488894381178,1.9243906525492331,1.9265449448641492,74274599
2012-08-07,1.9523496627807617,1.9566488894381178,1.9501953704658457,1.9544948147504686,66489754
2012-08-08,1.9544950723648071,1.9695470466357332,1.9523499201123562,1.9566491473363765,70750612
2012-08-09,1.9760003089904785,1.978145461199678,1.950195588192931,1.9544950329575599,74994269
2012-08-10,1.9695470333099365,1.9781454876998008,1.9674018810719995,1.9760003354618638,43259248
2012-08-13,1.9351437091827393,1.9652478762221233,1.9329987744955792,1.9652478762221233,75786832
2012-08-14,1.9351437091827393,1.9372980018438795,1.9071940524317974,1.9351437091827393,94919023
2012-08-15,1.9157923460006714,1.928699384934006,1.9114931190139577,1.928699384934006,67102871
2012-08-16,1.9071941375732422,1.91794688541101,1.9050398448159296,1.9136476578707824,88690835
2012-08-17,1.8985953330993652,1.90933893984442,1.8856885110273545,1.90933893984442,124600559
2012-08-20,1.8856885433197021,1.8942961382972647,1.8491402145238922,1.8856885433197021,87657248
2012-08-21,1.8964412212371826,1.9136474878437184,1.8835433221351634,1.8835433221351634,71169995
2012-08-22,1.8813892602920532,1.8985953093910604,1.877090033103886,1.8985953093910604,49961469
2012-08-23,1.8899877071380615,1.8985953018264385,1.877090025624948,1.883543327741009,58186746
2012-08-24,1.8706365823745728,1.8856885570754987,1.8684914300608397,1.8856885570754987,49528845
2012-08-27,1.8319340944290161,1.8641923388469395,1.8319340944290161,1.8641923388469395,90844051
2012-08-28,1.8340882062911987,1.8448409533696146,1.8233354592127826,1.8276346864494017,70559693
2012-08-29,1.8190362453460693,1.8362425123927484,1.8147369092642023,1.8254896564216507,80498476
2012-08-30,1.8082835674285889,1.8211904988876126,1.7975308198594129,1.8147369787512742,107837448
2012-08-31,1.810437798500061,1.8168821784574878,1.8061385709551818,1.8061385709551818,68480298
2012-09-03,1.8254896402359009,1.829788976279648,1.7996849188815836,1.8039842549253307,97146586
2012-09-04,1.8082835674285889,1.8297890625669408,1.8039843399957511,1.8276347698634399,52512618
2012-09-05,1.80398428440094,1.8104376955247454,1.7975307644634846,1.80398428440094,44020333
2012-09-06,1.8190362453460693,1.8211904291534327,1.8039842709204026,1.8061384547277657,60736683
2012-09-07,1.9071941375732422,1.9308445680316926,1.82978910827304,1.82978910827304,287369245
2012-09-10,1.9093389511108398,1.9157924709985736,1.8985953443023904,1.9093389511108398,87218821
2012-09-11,1.8985953330993652,1.9028947779685148,1.8813892837855015,1.9028947779685148,111875057
2012-09-12,1.9028948545455933,1.922246056899545,1.8856885869120112,1.9093390166808273,82004024
2012-09-13,1.8878430128097534,1.9093391514008087,1.8878430128097534,1.898595543465353,65528953
2012-09-14,1.9028948545455933,1.9136476020698165,1.8835434345643365,1.905039789265963,100055136
2012-09-17,1.8555936813354492,1.896441236276765,1.8555936813354492,1.8942960840401228,56343510
2012-09-18,1.8340882062911987,1.8491401806062335,1.8276346864494017,1.8448409533696146,66045779
2012-09-19,1.8405418395996094,1.8448410671012692,1.8297890918583029,1.8362426120979496,80211702
2012-09-20,1.8018391132354736,1.8362425068790196,1.7975307456336842,1.8362425068790196,76746347
2012-09-21,1.80398428440094,1.8168820751156243,1.7932315371631398,1.7975307644634846,87860614
2012-09-24,1.8147368431091309,1.827634633257254,1.7803336682437245,1.7910864150091887,86986564
2012-09-25,1.810437798500061,1.8254897738943425,1.8061385709551818,1.8125828420989527,47509305
2012-09-26,1.795385718345642,1.8190362562633373,1.791086491051621,1.810437692861646,59179893
2012-09-27,1.8491401672363281,1.8835433428542705,1.7953856813930003,1.7953856813930003,166613211
2012-09-28,1.8921419382095337,1.8942960130845423,1.836242411202074,1.8383873457310784,26974826
2012-10-08,1.8663374185562134,1.892142141489596,1.8534395184493606,1.892142141489596,56842924
2012-10-09,1.9071941375732422,1.91794688541101,1.8706366665197116,1.8727907416497127,125773848
2012-10-10,1.9071941375732422,1.9093390723561572,1.892142162195247,1.9007406172757022,53844742
2012-10-11,1.8899877071380615,1.9050396812234909,1.8878427725393399,1.9028947466247692,58871738
2012-10-12,1.8942961692810059,1.915792523837293,1.8749449670578897,1.8964413216141771,89256328
2012-10-15,1.8856885433197021,1.8964412905953492,1.870636568728578,1.8942961382972647,49561988
2012-10-16,1.8878430128097534,1.9050399236825974,1.877090264526833,1.881389492245044,44964590
2012-10-17,1.8899877071380615,1.900740454052453,1.8706365058815944,1.8942960746554007,54569608
2012-10-18,1.917946696281433,1.9243908579691138,1.892141975610285,1.892141975610285,159299811
2012-10-19,1.911493182182312,1.9222459289910347,1.9093388896311665,1.9157924093111007,72752407
2012-10-22,1.922245979309082,1.92654520655041,1.8985953328676068,1.9071940049775598,60529026
2012-10-23,1.8985953330993652,1.9265452067855804,1.896441258118861,1.9222459795437274,70502037
2012-10-24,1.8964412212371826,1.9050396755536674,1.887842766920698,1.8921419940789403,135987926
2012-10-25,1.8835433721542358,1.907194018766707,1.8813892971584205,1.8964412715987697,93469339
2012-10-26,1.8383874893188477,1.8856885659581737,1.8319339692812004,1.8813893385910825,94632299
2012-10-29,1.8319340944290161,1.842686842568324,1.8254898231115009,1.834088387246742,64494028
2012-10-30,1.83624267578125,1.8534395863843007,1.8297891553177867,1.8383876106193122,84991371
2012-10-31,1.8491401672363281,1.8491401672363281,1.8319339004405224,1.84054171282526,46927400
2012-11-01,1.8856885433197021,1.8942961382972647,1.8512853668219766,1.8534394418393694,94982270
2012-11-02,1.8899877071380615,1.8964412268814153,1.8749448733989336,1.8856884799670237,79229067
2012-11-05,1.8856885433197021,1.9050397452263035,1.8770900886887478,1.8899877706351793,44186110
2012-11-06,1.8770900964736938,1.8899877784736163,1.8512853744999014,1.8878428437939363,63796659
2012-11-07,1.8770900964736938,1.8921420711272439,1.8663373491534514,1.8770900964736938,67659156
2012-11-08,1.8448408842086792,1.8684913121103253,1.8448408842086792,1.8641920850348792,72740367
2012-11-09,1.8405418395996094,1.849140294602929,1.8340883193599626,1.8426867743632822,58074149
2012-11-12,1.8448408842086792,1.8512852634624433,1.8297889104579252,1.8448408842086792,31763507
2012-11-13,1.8190362453460693,1.842686674308173,1.8125827254568392,1.842686674308173,67986042
2012-11-14,1.8233352899551392,1.825489473546699,1.8125825438748853,1.8168818795260513,107141435
2012-11-15,1.7996851205825806,1.8233356607992859,1.7996851205825806,1.816882249057653,56178158
2012-11-16,1.7824878692626953,1.7996848866891222,1.7760343495461248,1.7996848866891222,65558795
2012-11-19,1.7824878692626953,1.7846329126661613,1.765281711490005,1.7803336855129661,31753376
2012-11-20,1.77817964553833,1.7910865772014177,1.773880309223865,1.786787240886953,33692923
2012-11-21,1.8018391132354736,1.8039842655035365,1.767435937219225,1.7803337277988,79535983
2012-11-22,1.7889323234558105,1.7932315507888228,1.7803337599761357,1.7932315507888228,28271966
2012-11-23,1.7996851205825806,1.808283684820117,1.7889324811290097,1.7932317088409477,63502432
2012-11-26,1.7867871522903442,1.7975307591498089,1.7824879250027081,1.7953857156792654,17565094
2012-11-27,1.7695810794830322,1.7846330547039704,1.7674360359088437,1.7824880111297818,78646026
2012-11-28,1.750229835510254,1.7652818103763863,1.7480846831729762,1.7631366580391088,68282763
2012-11-29,1.7480846643447876,1.7588282713544015,1.7437854369970671,1.7502298166589603,21452358
2012-11-30,1.758399248123169,1.758399248123169,1.758399248123169,1.758399248123169,0
2012-12-03,1.7324211597442627,1.7628354457342366,1.7324211597442627,1.7570848619012225,83254949
2012-12-04,1.744753122329712,1.748860729107375,1.728313663685442,1.7324212704631048,59479186
2012-12-05,1.8088586330413818,1.8187168234893984,1.7406454219389946,1.7439314854216668,101051923
2012-12-06,1.8072154521942139,1.8170736421256561,1.7998127510095614,1.8088585382562774,82582466
2012-12-07,1.8417283296585083,1.8466575881839764,1.8047510561344116,1.8105016401201495,102660952
2012-12-10,1.8573462963104248,1.8630968801193604,1.8458359883459001,1.8524172555638088,136363757
2012-12-11,1.8532384634017944,1.8614536758763933,1.8483002826218766,1.8532384634017944,66124041
2012-12-12,1.8589894771575928,1.8630969750511819,1.8474789509792622,1.8515958068472829,70797855
2012-12-13,1.8441928625106812,1.8573462563166159,1.8417282333767928,1.8548816271827275,72996486
2012-12-14,1.9378821849822998,1.9395252711719537,1.844192975193615,1.844192975193615,198676739
2012-12-17,1.942811369895935,1.947749550997387,1.9345961568864283,1.9387036545775307,123735803
2012-12-18,1.942811369895935,1.9699394835542319,1.9280240300042832,1.9411682837685733,195060815
2012-12-19,1.9444541931152344,1.9551431754135367,1.934596111835234,1.9354176548797835,81003762
2012-12-20,1.957607626914978,1.9650012968396837,1.928024024496814,1.9395251921008891,64347085
2012-12-21,1.9469279050827026,1.9789761350833934,1.9419897242421216,1.9650011986470124,73652926
2012-12-24,1.9535001516342163,1.9666444055116699,1.943632712065727,1.943632712065727,66862876
2012-12-25,2.001166343688965,2.0143105985797485,1.9419899932654012,1.9469281747900673,276781363
2012-12-26,2.0093812942504883,2.011024380303485,1.999523213187092,2.00034475621359,239561057
2012-12-27,2.0044524669647217,2.0307501164474613,1.9987018827947427,2.0159627756519067,73556597
2012-12-28,2.029106855392456,2.029106855392456,2.004452294261744,2.005273837304859,274989772
2012-12-31,2.063628911972046,2.0669148666067185,2.034035951430103,2.034035951430103,122157376
2013-01-04,2.0718441009521484,2.089105212032368,2.044725125046855,2.0874621257478614,169496872
2013-01-07,2.074308395385742,2.0833451508638046,2.05951191612186,2.05951191612186,93588216
2013-01-08,2.0660932064056396,2.0784159164348144,2.050475401581916,2.0677362924434735,115431923
2013-01-09,2.0644500255584717,2.076772952649009,2.052939718730651,2.0652715685396594,100476799
2013-01-10,2.0693793296813965,2.0915692605058847,2.058690347968662,2.064450071684136,97829816
2013-01-11,2.0406172275543213,2.0948556097879156,2.034035960282343,2.0759516317345064,104354300
2013-01-14,2.1154026985168457,2.1195101962825325,2.0373221561903154,2.0406172512242384,145128970
2013-01-15,2.12772536277771,2.1343066299816926,2.1121164798812706,2.115402652123595,102912757
2013-01-16,2.1145811080932617,2.131832859475651,2.077594477827309,2.125260732621317,132560821
2013-01-17,2.097320079803467,2.112116560551094,2.08170227359119,2.1104734743671756,97925823
2013-01-18,2.125260829925537,2.1400573107786953,2.092391053802307,2.106356851210598,112337136
2013-01-21,2.1310112476348877,2.139235600690811,2.1137594968093163,2.125260664026364,144200079
2013-01-22,2.126904010772705,2.1392358628812,2.112938212742908,2.126904010772705,139255074
2013-01-23,2.1334853172302246,2.1375928153492327,2.1137597941821817,2.1269040493157965,63784172
2013-01-24,2.122796058654785,2.18279416317807,2.1079997964185444,2.134306583974131,169808051
2013-01-25,2.1145811080932617,2.1244391895611123,2.1121164789126485,2.1219747780078,70312707
2013-01-28,2.1696410179138184,2.1696410179138184,2.1154028488245618,2.1154028488245618,110588072
2013-01-29,2.185258626937866,2.196759793413131,2.1688190622326453,2.1704621481940487,168411435
2013-01-30,2.1984031200408936,2.2016890746961453,2.181972693882726,2.1885448208205323,121710471
2013-01-31,2.206627130508423,2.209913302604331,2.192652194009167,2.2041627190637825,71778927
2013-02-01,2.2468905448913574,2.2518287256917953,2.1918308409333687,2.202510464855623,189756709
2013-02-04,2.2493553161621094,2.2649731218723375,2.241140103133914,2.2509981846659066,125748439
2013-02-05,2.268259286880493,2.279769594853464,2.235389512153444,2.2362110552163665,164283400
2013-02-06,2.2764835357666016,2.2846987491769055,2.270723811320468,2.2723668975279914,117124839
2013-02-07,2.269902229309082,2.27730503983585,2.235389584959423,2.27730503983585,149400115
2013-02-08,2.273188352584839,2.287163289899988,2.2567579264006277,2.273188352584839,100098110
2013-02-18,2.241140127182007,2.282234038202708,2.2353895432887554,2.2789480835325517,152826192
2013-02-19,2.202510356903076,2.246068891790256,2.1959382307436677,2.239496765630847,68771363
2013-02-20,2.2164855003356934,2.2173070433860484,2.1893663098366445,2.2008674772870207,158530046
2013-02-21,2.1367709636688232,2.1934737548301415,2.1178669864996165,2.1934737548301415,218718774
2013-02-22,2.128546714782715,2.148272235947637,2.1269038462683447,2.1375926112813652,37721519
2013-02-25,2.1334853172302246,2.156487654900388,2.124439419867997,2.1343068603794912,23541485
2013-02-26,2.0989632606506348,2.1564876017302965,2.096498631263603,2.123617824359072,73234513
2013-02-27,2.1195099353790283,2.1425214085847752,2.106356542648361,2.106356542648361,54191076
2013-02-28,2.190187931060791,2.19265234267252,2.1277254122377594,2.1408788066048468,147314274
2013-03-01,2.189366340637207,2.1959384675052087,2.149093755673986,2.1910094267610325,48970972
2013-03-04,2.0874619483947754,2.1597827659107,2.0743085541433497,2.155665910201663,131664551
2013-03-05,2.143343210220337,2.149093794129325,2.0874619589627503,2.0874619589627503,90104900
2013-03-06,2.1696410179138184,2.1786777747931936,2.1449864539664465,2.1614258041714156,94736290
2013-03-07,2.142521619796753,2.1753913943451937,2.1227960989290438,2.1655333128982948,81934830
2013-03-08,2.14005708694458,2.157317977658521,2.131832734106865,2.149093624820806,44633955
2013-03-11,2.124439001083374,2.140057022933673,2.106356567898403,2.1301895843673186,35051281
2013-03-12,2.091569662094116,2.1449865069942797,2.0743087683254555,2.1211534855946863,84771486
2013-03-13,2.0718441009521484,2.0932127101163127,2.0603337918677025,2.089105212032368,47357338
2013-03-14,2.0718441009521484,2.086640582605608,2.054583207499251,2.066093516583697,37157001
2013-03-15,2.07595157623291,2.1343065949711253,2.05211834040228,2.0743084901387006,80931576
2013-03-18,2.0570478439331055,2.08828367600361,2.052940128207846,2.072665651154696,65641367
2013-03-19,2.0710225105285645,2.079237724136223,2.0463679469855713,2.060333744830396,67132620
2013-03-20,2.1367709636688232,2.1367709636688232,2.071022276451426,2.071022276451426,79182752
2013-03-21,2.143343210220337,2.153201509512392,2.1293682728257077,2.1367710832347355,56123075
2013-03-22,2.143343210220337,2.153201509512392,2.1351279970815087,2.143343210220337,82512359
2013-03-25,2.144164800643921,2.1679978202295755,2.1367711304184405,2.1515584708694013,49143019
2013-03-26,2.1055350303649902,2.1375923995086614,2.0907476918095256,2.1367708565192154,65446842
2013-03-27,2.111294984817505,2.1392357193498803,2.097320047377896,2.107178346701681,64690210
2013-03-28,2.04801082611084,2.0858096405524478,2.046367740030015,2.0858096405524478,69304464
2013-03-29,2.043903350830078,2.058690472836907,2.0373220837158788,2.052118346069217,67147474
2013-04-01,2.0389652252197266,2.054583031046823,2.033214423717845,2.038143682148029,39002296
2013-04-02,2.0365006923675537,2.068558066237635,2.024177980963616,2.0414388737508564,87574635
2013-04-03,2.0381433963775635,2.0595117830831513,2.0249991443279844,2.0430815768348136,82500970
2013-04-08,2.027463674545288,2.02992830355944,1.9978800741658784,2.0118458699915025,69014555
2013-04-09,2.0381433963775635,2.0586902401266434,2.029928184439758,2.029928184439758,269061161
2013-04-10,2.0348575115203857,2.042260321891152,2.0233563437618525,2.0397956926740504,28652984
2013-04-11,2.027463674545288,2.062807216303732,2.024999263158422,2.0504753661415305,29544521
2013-04-12,2.017605781555176,2.0348575333782892,2.0151320119647362,2.027463863274867,26797119
2013-04-15,1.99623703956604,2.0184271887290333,1.9880126865883354,2.0134887902275365,58045904
2013-04-16,2.0093812942504883,2.0134887917556883,1.9822621045389555,1.986369819671447,79685320
2013-04-17,2.017605781555176,2.018427324636368,1.9954156308980469,2.017605781555176,108776357
2013-04-18,2.0241777896881104,2.0348574138617304,1.9978801427969095,2.0102028530364073,57248765
2013-04-19,2.08170223236084,2.0923909974369694,2.0241778950148572,2.0241778950148572,144352872
2013-04-22,2.075129985809326,2.088283379354592,2.068557859209831,2.0784159402954274,80734782
2013-04-23,2.0118463039398193,2.08005941518259,2.009381674394055,2.076773460082237,69895112
2013-04-24,2.045546293258667,2.0619767195855854,2.0102029659285314,2.020070187969678,62439280
2013-04-25,2.0266425609588623,2.056226385233972,2.0167844780680304,2.0397959569128092,96831823
2013-04-26,2.0085599422454834,2.0406173158837446,2.000344946453807,2.030750093535684,61593143
2013-05-02,2.0060954093933105,2.010202907041061,1.9880127570911175,1.99870173952552,39989335
2013-05-03,2.0422604084014893,2.0685580576687603,2.013488989465562,2.013488989465562,56648438
2013-05-06,2.0660932064056396,2.0759515050053534,2.0480107725251653,2.0480107725251653,51337371
2013-05-07,2.0685577392578125,2.0784158197717564,2.0512968491990256,2.062807156020132,68525367
2013-05-08,2.0833451747894287,2.10307047708273,2.07595150524561,2.0775943736563445,70225661
2013-05-09,2.072665214538574,2.084987923863873,2.055404324662963,2.0825235125751798,32694493
2013-05-10,2.079237461090088,2.0874618140046106,2.0628072535806874,2.063628796600251,49946806
2013-05-13,2.072665214538574,2.0874616931254923,2.0595118218956365,2.0841663808918827,82922377
2013-05-14,2.0422604084014893,2.071022469362951,2.024999515685751,2.071022469362951,69521178
2013-05-15,2.048832416534424,2.052939914204184,2.0381436516700453,2.042260289686427,99750371
2013-05-16,2.0874619483947754,2.0874619483947754,2.034857511735839,2.048010905987265,192355520
2013-05-17,2.1301896572113037,2.135949381038027,2.0841664910470175,2.0874618034547954,123267380
2013-05-20,2.141700267791748,2.158139835519439,2.123617831427886,2.1301899588545283,202582810
2013-05-21,2.143343210220337,2.1449862963735637,2.1285467297490945,2.140878798617802,41361894
2013-05-22,2.1458077430725098,2.1548442812547757,2.1367709872629486,2.143343113953367,66396953
2013-05-23,2.1186888217926025,2.1532016860503105,2.113759780556103,2.134306846620958,70420964
2013-05-24,2.1301896572113037,2.1449861365802647,2.1063566399273936,2.127725245792358,82860079
2013-05-27,2.126904010772705,2.1392358628812,2.1203318833249956,2.1301899656828995,106525629
2013-05-28,2.1688191890716553,2.1688191890716553,2.1170454385863096,2.1277252803327413,80826688
2013-05-29,2.1663548946380615,2.1877232843769296,2.1655333515649344,2.1712839354495217,85157781
2013-05-30,2.159782886505127,2.171284054907061,2.153201618838557,2.164711927587768,120778168
2013-05-31,2.1326541900634766,2.167175970082174,2.1277251498206224,2.1606038438826087,381696248
2013-06-03,2.137592315673828,2.1540227395637954,2.1310110492978116,2.1367707727166025,82387682
2013-06-04,2.110473394393921,2.136771042177845,2.100606172571952,2.136771042177845,80828991
2013-06-05,2.1022493839263916,2.111295063226392,2.095677256675563,2.1063568818479173,35067570
2013-06-06,2.0841667652130127,2.1038922876419885,2.082523896593364,2.1006063327753735,57311867
2013-06-07,2.047189235687256,2.0882833616857805,2.034857385274677,2.084166506232595,64848627
2013-06-13,1.974868655204773,2.0258210858323755,1.9584293053767803,2.0258210858323755,81817102
2013-06-14,1.988012671470642,1.9912988435491519,1.97568996143081,1.9797976765289473,48132843
2013-06-17,1.9806193113327026,2.003630786785668,1.9781546821596065,1.9970586599513784,66822990
2013-06-18,1.990477442741394,1.9987017962441553,1.9682875097890495,1.9855484018987584,84666754
2013-06-19,1.9773331880569458,1.981440685819833,1.9485711281152955,1.9806193603691,73563551
2013-06-20,1.9263811111450195,1.9691181114695122,1.9230951562322776,1.9666445593443234,108494402
2013-06-21,1.911584496498108,1.924737890835169,1.8869299343264168,1.8992617855856753,66473599
2013-06-24,1.7981696128845215,1.9082983779217382,1.794883549669183,1.9082983779217382,161500751
2013-06-25,1.7833824157714844,1.7957051258532624,1.6798257752516672,1.791597519554788,113008705
2013-06-26,1.7817394733428955,1.79899133413615,1.75543279313528,1.79899133413615,117920021
2013-06-27,1.7948838472366333,1.8195385201919443,1.7710508262384297,1.7957053903800793,81467921
2013-06-28,1.8326916694641113,1.8483003342115008,1.7743366517192847,1.7833824389889872,136499641
2013-07-01,1.8351560831069946,1.8359776261410858,1.7850254183530978,1.8146091286039012,65059143
2013-07-02,1.8507742881774902,1.8507742881774902,1.8162523936021318,1.8310487659515604,56483201
2013-07-03,1.8343347311019897,1.84501457403009,1.8055726697036203,1.84501457403009,61629703
2013-07-04,1.8466575145721436,1.8696689899447423,1.8105015679495722,1.8203597581665771,77681318
2013-07-05,1.8499435186386108,1.8729549946266228,1.8466575639587133,1.8474788894082088,51801094
2013-07-08,1.8055723905563354,1.83844216247117,1.8006341010682931,1.8285838641868417,51990699
2013-07-09,1.8014558553695679,1.816252336063907,1.798169791827221,1.8055726023478655,43679160
2013-07-10,1.8491219282150269,1.8491219282150269,1.7973481760270653,1.8022773255480058,50064918
2013-07-11,1.9395253658294678,1.9756902386970323,1.8581680035849795,1.8581680035849795,106893461
2013-07-12,1.8959667682647705,1.9493925329064448,1.8935021389303444,1.939525310476168,57734360
2013-07-15,1.9222735166549683,1.9535002064297482,1.8992618225635491,1.9074770358742195,29721579
2013-07-16,1.9329530000686646,1.9337745431023006,1.9041909416815377,1.9115843937296746,51079928
2013-07-17,1.9066555500030518,1.947749680856421,1.9058340068845976,1.9263810723112822,34206266
2013-07-18,1.877893328666687,1.9066553875730103,1.8713120615597567,1.9033694330064437,34547478
2013-07-19,1.827762484550476,1.8877514504205017,1.8244673895668444,1.880357780453267,43429581
2013-07-22,1.835977554321289,1.8433712237115911,1.8039293250355217,1.8080369312316498,54937511
2013-07-23,1.894323706626892,1.9041911468125456,1.8384424522727492,1.8384424522727492,71230586
2013-07-24,1.8803578615188599,1.8935021158878824,1.8450145332250032,1.8935021158878824,66893117
2013-07-25,1.8762503862380981,1.9074770766809115,1.8532386916543895,1.8869300114313226,43097903
2013-07-26,1.8548816442489624,1.872133613090318,1.8441928794785718,1.8655614863001106,37645309
2013-07-29,1.8203598260879517,1.840906781876361,1.8121447216740834,1.840906781876361,35058062
2013-07-30,1.8302271366119385,1.8655615411040871,1.8137876788069431,1.8252889554344995,33738245
2013-07-31,1.8351560831069946,1.8729548972577703,1.8326916716320145,1.845014381888796,32238006
2013-08-01,1.8828223943710327,1.8869298920406936,1.8425498095313724,1.8433713525907647,54647643
2013-08-02,1.8828223943710327,1.9066554129308277,1.8795362221334637,1.8984401999642055,37868788
2013-08-05,1.909119963645935,1.9099415066715628,1.8762501904110431,1.8820007739631448,40431317
2013-08-06,1.9197998046875,1.9313101134387674,1.8893946570933033,1.9000834227260979,34907753
2013-08-07,1.9058338403701782,1.9387036144471816,1.9033694288574496,1.9140490532096335,44244615
2013-08-08,1.904191017150879,1.9272024928418676,1.8967882068357163,1.9058338856559696,31593859
2013-08-09,1.916513442993164,1.9296668351891046,1.8861080842262643,1.91404881416095,37374352
2013-08-12,1.974868655204773,1.974868655204773,1.9247379853226199,1.9313101126403702,69537626
2013-08-13,1.9724041223526,1.9765116200637098,1.9633582258886826,1.9740472084879652,53548323
2013-08-14,1.9707610607147217,2.0019877498850174,1.9633582502941485,1.9740472330263001,70194513
2013-08-15,1.9436324834823608,1.978976023925129,1.9411680721872333,1.9691177258627848,70631338
2013-08-16,1.9255595207214355,2.0143105513834416,1.9197997961976336,1.9395253184190828,208503190
2013-08-19,1.9493921995162964,1.9625364517973098,1.915691962778792,1.923094772235909,65901024
2013-08-20,1.934596061706543,1.9715824726820197,1.9255593060779532,1.949392323589603,74607631
2013-08-21,1.9337745904922485,1.9444542149366493,1.918978110432444,1.9354176765997868,62299913
2013-08-22,1.9272024631500244,1.953500110700639,1.9263809200964852,1.933774589951039,99066174
2013-08-23,1.9156920909881592,1.9461063755045511,1.8787146026103725,1.9395251085779501,126799627
2013-08-26,1.9608938694000244,1.9625367379542396,1.914870699014577,1.9239163781053108,94014968
2013-08-27,1.9600720405578613,1.9633579948145534,1.943632476046931,1.959250497586869,47180007
2013-08-28,1.948570966720581,1.9674658030685443,1.9263808179865765,1.9502138351132783,65240741
2013-08-29,1.940346598625183,1.962536529557195,1.9304883002101776,1.9543215347765237,39791098
2013-08-30,1.936239242553711,1.9535001343516707,1.926380943419185,1.9378821110533806,51159796
2013-09-02,1.942811369895935,1.950213962561128,1.9263809438769215,1.93788211151385,59538967
2013-09-03,1.9715825319290161,1.9732256180249153,1.9444542011628807,1.9444542011628807,120314645
2013-09-04,1.9724041223526,1.9740472084879652,1.9666443981594124,1.9691179500818703,26216232
2013-09-05,1.9617151021957397,1.969939236894856,1.9584289303524836,1.9691176939340418,26065846
2013-09-06,1.974868655204773,1.9789763707954398,1.960072391613047,1.9617154778493135,47109043
2013-09-09,2.041438579559326,2.0488322488616504,1.9797976103811419,1.9806191533733204,166541739
2013-09-10,2.075129985809326,2.0759515288376744,2.0430817554939233,2.0430817554939233,135333881
2013-09-11,2.080880641937256,2.0948555789981524,2.0734869720516076,2.08170218499425,97069982
2013-09-12,2.1038918495178223,2.1170452418471277,2.07430825102231,2.0784157481570436,83195266
2013-09-13,2.0899264812469482,2.1079999946349974,2.0841667566861144,2.0981416948208507,44699844
2013-09-16,2.082523822784424,2.1038922130757083,2.0734870663737084,2.0923910450092054,37969844
2013-09-17,2.043081760406494,2.0808805743839307,2.0406171313155226,2.0808805743839307,47482077
2013-09-18,2.044724941253662,2.0480108958999903,2.0233563340102476,2.042260312048439,39276339
2013-09-23,2.074308395385742,2.0767730244144738,2.0463676632231986,2.0463676632231986,58511215
2013-09-24,2.048832416534424,2.07430852121362,2.0299284387032244,2.07430852121362,28844385
2013-09-25,2.0373222827911377,2.05869067400016,2.034036110272538,2.0463679623100504,42665388
2013-09-26,2.001166343688965,2.0356792075315546,1.999523475048107,2.029928623220252,46759053
2013-09-27,2.0102031230926514,2.013489078038558,1.993772913108472,1.9970588680543788,39929492
2013-09-30,2.0208916664123535,2.0291068793130567,2.011024444686801,2.013488856217903,37786608
2013-10-08,2.048832416534424,2.052939914204184,2.0044523340240277,2.0143104154823726,73025686
2013-10-09,2.0537617206573486,2.0545832638221233,2.036500826731274,2.045546506636931,38175751
2013-10-10,2.0389652252197266,2.0578692033336123,2.029928469058359,2.0562261171902176,24865954
2013-10-11,2.0710225105285645,2.0751302261460527,2.0430819921188985,2.0447250783658935,63318779
2013-10-14,2.0710225105285645,2.079237724136223,2.064450383167901,2.0734871398990573,42871470
2013-10-15,2.0669147968292236,2.0767730956550374,2.0537614031332883,2.0718438374284833,21443950
2013-10-16,2.030749797821045,2.0660931211038744,2.0241776715683395,2.065271578118876,33752908
2013-10-17,2.0225346088409424,2.045546082522009,2.0200699798576243,2.042260128171535,33706876
2013-10-18,2.031571388244629,2.042260152390429,2.021713089821732,2.0225346328259137,29814684
2013-10-21,2.0710225105285645,2.0751302261460527,2.0274639676797443,2.0365007244109004,79205557
2013-10-22,2.0529398918151855,2.0743084985915794,2.0439033535148035,2.071022326389769,29030974
2013-10-23,2.02992844581604,2.075130071544234,2.0241778620073054,2.0496539667757694,96766824
2013-10-24,2.0184273719787598,2.034857581106053,2.0134889730289136,2.029106997030135,25835303
2013-10-25,1.98390531539917,2.0233563580817093,1.9724041475592398,2.0200701857689833,52866884
2013-10-28,1.98390531539917,1.9912989854754979,1.9740472337156028,1.987191487711896,45373710
2013-10-29,1.9830840826034546,2.0176060898456827,1.9576079733561107,1.9871917986370744,75893756
2013-10-30,2.015131950378418,2.015131950378418,1.9839052620371371,1.9839052620371371,83361399
2013-10-31,1.9970587491989136,2.0167842709299073,1.987191526973566,2.0167842709299073,46878715
2013-11-01,2.0036308765411377,2.0118460898588366,1.9880128526532292,1.9978802925069414,66729057
2013-11-04,1.998701810836792,2.018427332325489,1.9929512268738476,2.0069168064253944,32791128
2013-11-05,1.9995232820510864,2.0044523227525417,1.9674659103575378,1.9912989287838914,34326909
2013-11-06,1.9765117168426514,1.998701868221413,1.973225762038329,1.9962372388976863,30594571
2013-11-07,1.966644287109375,1.9765115084565024,1.9576075315024468,1.9765115084565024,39489582
2013-11-08,1.9387036561965942,1.966644390222539,1.9354177015664285,1.9584291772061715,41610353
2013-11-11,1.940346598625183,1.9493922767553782,1.9263808028198421,1.9378819696146103,28259912
2013-11-12,1.9617151021957397,1.9650010564117217,1.941989583672501,1.941989583672501,34171612
2013-11-13,1.9263811111450195,1.9567862593514567,1.9230951562322776,1.9567862593514567,54173220
2013-11-14,1.9304885864257812,1.9329532158017617,1.9156923227044975,1.9239164590504845,39902682
2013-11-15,1.9699395895004272,1.9954156956821372,1.9329531747160793,1.9329531747160793,87479988
2013-11-18,2.032392978668213,2.0332143040642716,1.9773330564296512,1.9855482690358601,69825911
2013-11-19,2.0217132568359375,2.034035967662076,2.0184273021750423,2.034035967662076,37223454
2013-11-20,2.0348575115203857,2.042260321891152,2.0176057598825863,2.031571556858221,88713546
2013-11-21,2.0225346088409424,2.029106735169174,2.0019875465159105,2.029106735169174,28893146
2013-11-22,2.014310598373413,2.0299286230123164,2.009381557196704,2.0249995818356075,71545046
2013-11-25,2.0052735805511475,2.030749681463034,1.9978799117370865,2.00116586586152,44833002
2013-11-26,2.0019876956939697,2.012667537790206,1.996237111931673,2.0052738679165962,83969383
2013-11-27,2.0258212089538574,2.037322378052088,2.00116642644611,2.0019879696141736,64490863
2013-11-28,2.04636812210083,2.0660936462181407,2.0282856843711197,2.0282856843711197,69451517
2013-11-29,2.047189235687256,2.051296950794243,2.042260195186162,2.0496538647514484,56594839
2013-12-02,2.029106855392456,2.065271724218629,2.014310375524534,2.041438706131032,66191083
2013-12-03,2.043081760406494,2.0537613845461182,2.0225346971839797,2.0282852807689533,45250275
2013-12-04,2.0710225105285645,2.0833454397537112,2.0422604489954006,2.0447250783658935,99254589
2013-12-05,2.0710225105285645,2.0767733123930476,2.0652719262913983,2.070201185032384,39944842
2013-12-06,2.059512138366699,2.0685580351669834,2.052940011208161,2.0660934058722904,41739409
2013-12-09,2.0570478439331055,2.0718441080096444,2.052940128207846,2.0636291118137717,27491366
2013-12-10,2.0570478439331055,2.066915066766656,2.0512972595450654,2.0570478439331055,51537817
2013-12-11,2.0258212089538574,2.0512973170023385,2.0118462700036064,2.038143921220151,74857832
2013-12-12,2.0217132568359375,2.030750013001181,2.019248845247092,2.0217132568359375,44376814
2013-12-13,2.0225346088409424,2.0315713641524917,2.001166003521471,2.0134887131834946,31297482
2013-12-16,1.990477442741394,2.026642313117459,1.9896558996630704,2.025820987666441,50146462
2013-12-17,1.9773331880569458,1.9912989851289902,1.9756901019008688,1.9904774420509517,37120284
2013-12-18,1.9773331880569458,1.987191487366103,1.9756901019008688,1.9765116449789073,76236216
2013-12-19,1.9617151021957397,1.9880125291509423,1.9600720162741117,1.981440403091704,33090298
2013-12-20,1.9222735166549683,1.9674660037696952,1.916513792278688,1.9625367452069071,98466815
2013-12-23,1.9206211566925049,1.929667052815548,1.9009047766930023,1.9222733831123227,26651605
2013-12-24,1.918978214263916,1.9428114515774435,1.9050124168487819,1.9239163955729839,77794989
2013-12-25,1.9321315288543701,1.9378821126762837,1.9156921801061284,1.9197996777996948,55665299
2013-12-26,1.9050124883651733,1.93213168146236,1.9000834472181167,1.93213168146236,52853022
2013-12-27,1.9329530000686646,1.945284850664952,1.906655353155152,1.906655353155152,114293353
2013-12-30,1.9321315288543701,1.9436326964981976,1.9239163158399355,1.941989827997152,50692906
2013-12-31,1.9567861557006836,1.9584292418836806,1.916513786914461,1.9230950543661187,83455285
2014-01-02,1.9469279050827026,1.951035402556817,1.937060466120436,1.9477494481029836,78379333
2014-01-03,1.9214518070220947,1.9403466436598371,1.9115843680320705,1.9395251006372451,58008731
2014-01-06,1.877893328666687,1.9189780980454059,1.8680258893658925,1.9189780980454059,86457615
2014-01-07,1.877893328666687,1.8852867808482863,1.8622753056539278,1.865561477847792,45124448
2014-01-08,1.8803578615188599,1.897618971742361,1.868026009904226,1.8820009477218156,82957124
2014-01-09,1.8680258989334106,1.8943235464563226,1.865561487402688,1.8778933382847436,112971479
2014-01-10,1.8532384634017944,1.8688473453408034,1.8491218256320652,1.8655613909273363,54718694
2014-01-13,1.8425498008728027,1.8630968647257737,1.8335132625165536,1.8532385656866934,58328666
2014-01-14,1.8548816442489624,1.8581678164577153,1.8310486258981573,1.8409067072698189,48931145
2014-01-15,1.8532384634017944,1.8573461784527376,1.8392637447643767,1.8548815494221718,48733851
2014-01-16,1.8532384634017944,1.8680258023306149,1.8458358712185983,1.8532384634017944,54017685
2014-01-17,1.8302271366119385,1.8507742009848935,1.8277625073829713,1.8483004314091167,60553693
2014-01-20,1.8187167644500732,1.8318701583005599,1.8105015516032497,1.8285839861109114,44400607
2014-01-21,1.8343347311019897,1.8433714877907952,1.8195384674829937,1.8195384674829937,51737605
2014-01-22,1.8910375833511353,1.891858908772809,1.8343345732974694,1.8409067000619441,177462906
2014-01-23,1.8754287958145142,1.8893945931009108,1.869669071460319,1.8893945931009108,39204357
2014-01-24,1.8877513408660889,1.8951450104042367,1.8655614095327697,1.8655614095327697,29135069
2014-01-27,1.863096833229065,1.8762502269871848,1.8557031634815737,1.8762502269871848,28307931
2014-01-28,1.863918423652649,1.8770718177451362,1.8524172560318717,1.864739966715176,45122234
2014-01-29,1.8663829565048218,1.8729550838048448,1.8639185447843853,1.867204499620739,22672092
2014-01-30,1.8441928625106812,1.8655614691356137,1.8425497764214223,1.8655614691356137,90410898
2014-02-07,1.8507742881774902,1.8524173744075432,1.8228245208950284,1.8310487659515604,40561162
2014-02-10,1.894323706626892,1.900904974323995,1.8573464315472825,1.860632386408516,83227837
2014-02-11,1.9197998046875,1.9263810723552457,1.894323698176825,1.898440336489152,106774887
2014-02-12,1.9148706197738647,1.9247378415470378,1.9082984929470443,1.9214518869472772,81703671
2014-02-13,1.911584496498108,1.9239163477573664,1.9074769987363989,1.9074769987363989,37300865
2014-02-14,1.9197998046875,1.9206213478059728,1.9074770931650382,1.9115845911300866,20755639
2014-02-17,1.9321315288543701,1.9403467418688047,1.9247378589041093,1.9345961580468911,33236278
2014-02-18,1.911584496498108,1.9313100178302869,1.9074769987363989,1.9313100178302869,36452204
2014-02-19,1.942811369895935,1.942811369895935,1.9074769659474986,1.911584463638601,109753652
2014-02-20,1.9214518070220947,1.9526784940903466,1.916513626167622,1.942811272727613,46036386
2014-02-21,1.9000831842422485,1.9206211067443615,1.890215962966385,1.918978020713643,48570114
2014-02-24,1.8565247058868408,1.8820008100062815,1.8417282260505068,1.8770717693854089,48912709
2014-02-25,1.8129663467407227,1.8647401031426873,1.806394219386979,1.8573464326663114,54653661
2014-02-26,1.8096801042556763,1.8121446245664048,1.7924191041068593,1.8022772941634213,35195148
2014-02-27,1.804750919342041,1.8220027788052922,1.800634172682902,1.813787566179498,46191507
2014-02-28,1.821181297302246,1.8285839986854022,1.7833824822786577,1.8047509803092623,71990955
2014-03-03,1.8269411325454712,1.8367992139402325,1.812966195533581,1.818716779285075,56472816
2014-03-04,1.8285839557647705,1.8318701278998835,1.8113230645909728,1.822002797589149,54059570
2014-03-05,1.8105014562606812,1.835156016222012,1.8063939588672224,1.8294054328202554,62287667
2014-03-06,1.821181297302246,1.8244673607008428,1.7899546090758511,1.808037043707859,236231629
2014-03-07,1.8137876987457275,1.83022715673144,1.8055725943331529,1.8220029119719556,59601791
2014-03-10,1.7603708505630493,1.8178951847700149,1.7570847872532676,1.8178951847700149,80460940
2014-03-11,1.7685860395431519,1.7751581664789964,1.7529681249271907,1.75708487181225,55331346
2014-03-12,1.7694075107574463,1.7776227235004558,1.7554326828497935,1.7644784701625584,80179494
2014-03-13,1.792419195175171,1.7948837156111155,1.768586067111078,1.7702291532774768,107958874
2014-03-14,1.7784442901611328,1.785025557666548,1.7694076425217986,1.780096516704604,56384469
2014-03-17,1.7932405471801758,1.7932405471801758,1.7759795479936114,1.7874899638378388,63169527
2014-03-18,1.791597604751587,1.8014557950485304,1.7883115413192725,1.7957052112453926,49915050
2014-03-19,1.7784442901611328,1.7874901869611755,1.7628355153634363,1.7842041233819943,25913636
2014-03-20,1.7546110153198242,1.7915974242909147,1.7546110153198242,1.7784440315399028,55920171
2014-03-21,1.8154306411743164,1.8294054687974697,1.7439313712693754,1.7513250408248342,93352586
2014-03-24,1.824467420578003,1.8302271448577137,1.804751039539351,1.8162523162187245,55243784
2014-03-25,1.821181297302246,1.8367992115887188,1.812966193212579,1.821181297302246,39348636
2014-03-26,1.821181297302246,1.8285839986854022,1.813787627451991,1.8244673607008428,32083463
2014-03-27,1.8080371618270874,1.831870290573897,1.7965268532403034,1.8146092890536385,47809021
2014-03-28,1.8063942193984985,1.8211814515376863,1.8006343860063676,1.8063942193984985,50194270
2014-03-31,1.8006341457366943,1.822824294552321,1.7874900015966861,1.8088584985856542,59198655
2014-04-01,1.8129663467407227,1.8244675152029444,1.7965268880090393,1.799812951685911,39215340
2014-04-02,1.822824478149414,1.8310487230130859,1.8137877217233518,1.8137877217233518,55730929
2014-04-03,1.8154306411743164,1.8409066358271657,1.8121445779067396,1.8269410573638436,55664998
2014-04-04,1.8343347311019897,1.8351562742216372,1.8063942128232677,1.8088587333685517,46701102
2014-04-08,1.8803578615188599,1.8836440339247713,1.8285841064500694,1.8302271926530251,152838020
2014-04-09,1.8762503862380981,1.8877515545426957,1.8713122048499733,1.8811794272790237,69707807
2014-04-10,1.9074769020080566,1.9239162501953833,1.868847404380407,1.8770717574608988,117605525
2014-04-11,1.904191017150879,1.9124060125582392,1.8959666637695198,1.9074769717883626,40632840
2014-04-14,1.904191017150879,1.9115844694920425,1.8943235776371268,1.904191017150879,58312440
2014-04-15,1.8737764358520508,1.8984401369998538,1.8696689383186207,1.8984401369998538,63296050
2014-04-16,1.8729549646377563,1.8861083587481653,1.8639184261922483,1.8729549646377563,63983320
2014-04-17,1.8672044277191162,1.8820009083284692,1.8639184730092968,1.877893410534368,49364835
2014-04-18,1.864740014076233,1.8721336841994616,1.8433714064430513,1.8614538417426616,86740857
2014-04-21,1.8351560831069946,1.8737764402918615,1.8335132146661057,1.8524171919146635,53316447
2014-04-22,1.839263916015625,1.8441929569084052,1.8244674353630517,1.8343346574955368,114279388
2014-04-23,1.836799144744873,1.8441928143260615,1.8302270181868492,1.8400853168375306,86601074
2014-04-24,1.8400853872299194,1.8524172381407755,1.8326917173658865,1.8384423011207345,120926750
2014-04-25,1.821181297302246,1.8450144244920352,1.821181297302246,1.8425497953328507,83479108
2014-04-28,1.7948838472366333,1.8236460182818524,1.7924193266199562,1.817073890761606,135694321
2014-04-29,1.8096801042556763,1.8146091448771333,1.7924191041068593,1.7948836244175879,60015909
2014-04-30,1.8105014562606812,1.812966085273128,1.8055724158630735,1.8063939588672224,60380240
2014-05-05,1.8113229274749756,1.8162520764908647,1.7858468255192141,1.8047508013295492,75415159
2014-05-06,1.8080371618270874,1.8252890230001981,1.8006343511466556,1.81050168233363,65180961
2014-05-07,1.7965266704559326,1.8072154348484746,1.7965266704559326,1.8047509145926801,53524287
2014-05-08,1.7957053184509277,1.8228245109366237,1.7915977117118935,1.7932407979329699,90456428
2014-05-09,1.792419195175171,1.799812865296658,1.7842040907841377,1.79734823604706,74376573
2014-05-12,1.827762484550476,1.834334611451651,1.798169741615449,1.8006342619999767,121757779
2014-05-13,1.8252888917922974,1.8318701588929125,1.8187167650381728,1.8285839867022016,67666443
2014-05-14,1.8261103630065918,1.8351560412671146,1.8203596707127103,1.825288819991231,70546750
2014-05-15,1.8022773265838623,1.8244673677533039,1.8014557835276253,1.8244673677533039,69145176
2014-05-16,1.8030989170074463,1.8088586412717007,1.7932407265145751,1.8030989170074463,83982571
2014-05-19,1.780096411705017,1.7998127920171265,1.7702290812024486,1.7998127920171265,68562412
2014-05-20,1.7776228189468384,1.7924191906859872,1.7743367554359246,1.7866686067453013,39352446
2014-05-21,1.7932405471801758,1.7973480445311925,1.7628352953176174,1.7776226339849315,36075071
2014-05-22,1.789133071899414,1.8178952398747465,1.787490094601544,1.7932406783645642,64153203
2014-05-23,1.8080371618270874,1.8080371618270874,1.7891331829070194,1.7899547260137523,50654127
2014-05-26,1.8129663467407227,1.8244675152029444,1.8047511331417139,1.8146093241723291,69237740
2014-05-27,1.8080371618270874,1.8178953526669142,1.8047510982138117,1.812966311653829,55093910
2014-05-28,1.824467420578003,1.8269411901649246,1.8006342926060346,1.808037103045793,103231668
2014-05-29,1.8170738220214844,1.831048760024306,1.8154308446104075,1.8261105786302076,72711397
2014-05-30,1.814609169960022,1.825288903205666,1.8088585862176174,1.817073690304817,84253145
2014-06-03,1.8080371618270874,1.8236459367867321,1.8080371618270874,1.8162523752671045,69791308
2014-06-04,1.7932405471801758,1.80968000337108,1.7833823576731802,1.80968000337108,66353515
2014-06-05,1.8113229274749756,1.8137874475761009,1.7891328885919273,1.7891328885919273,89645407
2014-06-06,1.7981696128845215,1.812144549099161,1.7858469030304136,1.8113230060919157,56950818
2014-06-09,1.797348141670227,1.8170736620962107,1.7899545807506214,1.7915975580170955,86256620
2014-06-10,1.821181297302246,1.821181297302246,1.7973481701124567,1.8022773196171766,156721083
2014-06-11,1.8178951740264893,1.8211812373168508,1.812144590471768,1.8154306537621294,89791563
2014-06-12,1.8170738220214844,1.8220029718820296,1.8121447809745963,1.8178953651338514,86253578
2014-06-13,1.836799144744873,1.8425497282797327,1.8146091044687354,1.8170736247245831,117160733
2014-06-16,1.8491219282150269,1.8540601092688982,1.8343345884658555,1.8376207606889157,288775153
2014-06-17,1.839263916015625,1.846657586168449,1.836799286755581,1.8409067845616798,411875351
2014-06-18,1.8343347311019897,1.8409068584318529,1.8252890516932094,1.8392639898198744,196145219
2014-06-19,1.8039294481277466,1.8343345934843194,1.79734818094434,1.8343345934843194,235461125
2014-06-20,1.8055723905563354,1.8072153677279625,1.7973480379113975,1.803929304571067,159968940
2014-06-23,1.8063942193984985,1.8154308673065387,1.803929590030585,1.8063942193984985,122621667
2014-06-24,1.8154306411743164,1.8170736184012821,1.8039293653309751,1.8063939943918916,124175779
2014-06-25,1.8096801042556763,1.8146091448771333,1.80309883720488,1.8146091448771333,80024987
2014-06-26,1.821181297302246,1.8252889037539044,1.812966193212579,1.812966193212579,77627438
2014-06-27,1.823645830154419,1.8335132695780805,1.8137876398910209,1.821181309791982,81419536
2014-06-30,1.837620735168457,1.8400853643015238,1.8244673413669064,1.825288884411262,188825184
2014-07-01,1.835977554321289,1.8458358527174534,1.8310485139368493,1.8425496807096369,98563355
2014-07-02,1.8417283296585083,1.8425498727460863,1.8285840755118763,1.8367992887603484,101826062
2014-07-03,1.8491219282150269,1.8557031953804282,1.8392638468004456,1.8417282583404413,170148982
2014-07-04,1.8507742881774902,1.8532386998952544,1.8441930205373536,1.8515958312925167,105985353
2014-07-07,1.8491219282150269,1.8548816523246632,1.8433713444519713,1.8507741546731376,141317785
2014-07-08,1.8507742881774902,1.8524173744075432,1.8392639794745098,1.8458361067674065,106244448
2014-07-09,1.8318700790405273,1.85241714180141,1.8269410385966183,1.8499433724197192,79279109
2014-07-10,1.8261103630065918,1.83187008683296,1.8228242997587927,1.83187008683296,85276311
2014-07-11,1.831048607826233,1.8384422775956548,1.8236457977103602,1.8261104268425996,59659044
2014-07-14,1.8548816442489624,1.8548816442489624,1.830227082845969,1.833513255054722,164247449
2014-07-15,1.8548816442489624,1.857346273405527,1.8499434632165908,1.851595689667508,166067931
2014-07-16,1.8557031154632568,1.8630967850194289,1.8524171610090083,1.8548815724428722,100382723
2014-07-17,1.8458360433578491,1.854881722405006,1.838442373203919,1.854881722405006,96864894
2014-07-18,1.8565247058868408,1.8622752895490748,1.8417282260505068,1.8433713121332296,119125777
2014-07-21,1.852417230606079,1.8589893573887875,1.8474788319520437,1.856524728235035,105515961
2014-07-22,1.8746070861816406,1.883643841748623,1.8474787564156694,1.8524171548677928,179105612
2014-07-23,1.8803578615188599,1.8918590296849267,1.8721337254116153,1.8746072774358264,201267585
2014-07-24,1.918156385421753,1.9189779283975903,1.8828222028787278,1.8828222028787278,158169091
2014-07-25,1.9419896602630615,1.9419896602630617,1.9173348830025732,1.9214517383145333,136217897
2014-07-28,1.9937726259231567,2.0036307069682304,1.9428112783545488,1.9428112783545488,148479263
2014-07-29,2.000344753265381,2.0060953368151018,1.9863698167438346,1.9937726266903724,135096465
2014-07-30,1.9954156875610352,2.0102030281877887,1.9896559631095774,1.9929512758747847,359880468
2014-07-31,2.0192489624023438,2.0192489624023438,1.990477543026998,1.9954157244652642,183834673
2014-08-01,2.0019876956939697,2.0389651854085984,2.001166152638313,2.0192488049547386,243462180
2014-08-04,2.0406172275543213,2.0414387706233903,2.003630814516572,2.003630814516572,191261748
2014-08-05,2.0332143306732178,2.0422602267673815,2.0192487519753715,2.040617140699178,103128531
2014-08-06,2.0233559608459473,2.0307496294707117,2.001165814626618,2.024999046679731,397840442
2014-08-07,1.9970587491989136,2.0299285251858965,1.9962372061045004,2.024177941152315,185481044
2014-08-08,2.000344753265381,2.010202834314248,1.9921295406397974,1.9995232102400933,143910296
2014-08-11,2.028285503387451,2.0323932189899208,2.0052740261755875,2.0085599810302464,182462753
2014-08-12,2.0192489624023438,2.024999546613033,2.008559979126072,2.024999546613033,147159947
2014-08-13,2.0217132568359375,2.0323930991452808,2.0019877356418925,2.0217132568359375,285083454
2014-08-14,2.0036308765411377,2.0282854392139362,2.000344921790444,2.021713312085239,241159931
2014-08-15,2.0249993801116943,2.034035918430917,2.001987687186418,2.0044523163429147,285390236
2014-08-18,2.02992844581604,2.0406172107178717,2.0225347758827237,2.025820948131887,286155548
2014-08-19,2.030749797821045,2.038143467058749,2.016784002330635,2.0315713408060434,249632907
2014-08-20,2.0258212089538574,2.0332146622117704,2.0208919499454763,2.030750250334909,217414862
2014-08-21,2.0200700759887695,2.02910683173036,2.0044522708871533,2.0258208772235142,250877775
2014-08-22,2.029106855392456,2.032393027564917,2.0159626019572046,2.0200700995454848,118176581
2014-08-25,2.011024236679077,2.032392841306299,2.0077380648077776,2.032392841306299,158950117
2014-08-26,1.9970587491989136,2.0151320443940706,1.9912990248183213,2.009381460360489,246356969
2014-08-27,1.998701810836792,2.0044523947997366,1.994594095415184,1.9970587246681488,169345465
2014-08-28,1.9921294450759888,2.001987525651957,1.9855481784704465,1.998701571335728,176560699
2014-08-29,2.0093812942504883,2.010202837276987,1.9888342311236502,1.9921295435758988,131295439
2014-09-01,2.015131950378418,2.0184272629493383,2.0060954120160925,2.0102029096692133,378419080
2014-09-02,2.04636812210083,2.0488327516822307,2.0118463330290095,2.0176060581063906,362384311
2014-09-03,2.0652716159820557,2.07266528535531,2.0488322685167515,2.0488322685167515,268726341
2014-09-04,2.0833451747894287,2.085809586219175,2.0636287952150094,2.06773629268278,345475620
2014-09-05,2.107999801635742,2.1096426700982556,2.086640335350101,2.091569375992235,294156880
2014-09-09,2.0997843742370605,2.107999586219302,2.0923907052157706,2.107999586219302,184451483
2014-09-10,2.0866401195526123,2.0915691596849912,2.077594224275008,2.0915691596849912,183561818
2014-09-11,2.079237461090088,2.1162238718990616,2.071843791541306,2.085809587619306,320250098
2014-09-12,2.092390775680542,2.0932123186691607,2.071022170512475,2.076772971432804,300911389
2014-09-15,2.0866401195526123,2.089926073765107,2.0743082700625135,2.0833450249946033,299143276
2014-09-16,2.04801082611084,2.0989630342908656,2.0455461969896027,2.093212450635274,416091098
2014-09-17,2.0578689575195312,2.061154911786507,2.043903162223509,2.052939699678151,193508206
2014-09-18,2.059512138366699,2.069379578265215,2.0488325133443164,2.0578692697975476,177092972
2014-09-19,2.08170223236084,2.085809730111972,2.059512081852391,2.061976711079453,178817996
2014-09-22,2.0389652252197266,2.078416049963589,2.033214423717845,2.078416049963589,137168052
2014-09-23,2.059512138366699,2.0636289942049078,2.039795756891085,2.039795756891085,150770078
2014-09-24,2.096498489379883,2.1038921594132813,2.0480109083734894,2.051297080667135,291753523
2014-09-25,2.091569662094116,2.116224226650992,2.0849883941154737,2.1047139173559812,240026686
2014-09-26,2.090747833251953,2.0948555484770766,2.0759515709769367,2.0891049647892004,124238847
2014-09-29,2.1006062030792236,2.101427746151983,2.084988179604638,2.0915694469061767,143306896
2014-09-30,2.1022493839263916,2.1063568818479173,2.0932126273462592,2.100606297706856,123845294
2014-10-08,2.12361741065979,2.12361741065979,2.095676897505686,2.103891891940801,184243834
2014-10-09,2.122796058654785,2.133485040931259,2.1121164343520444,2.123617601697657,121099407
2014-10-10,2.1129379272460938,2.1244390943187352,2.105535117316806,2.115402556316213,268834017
2014-10-13,2.1022493839263916,2.108821511177221,2.0800592324974194,2.1055353387381492,192602770
2014-10-14,2.093212366104126,2.1112947997274913,2.082523601918595,2.101427578549196,181169585
2014-10-15,2.107178211212158,2.1121163920897192,2.0841665190076517,2.094033958043812,213213931
2014-10-16,2.0997843742370605,2.1244389329020357,2.0907476192938677,2.098962831276109,209812315
2014-10-17,2.094855308532715,2.1063564745911263,2.0726651613941316,2.0997843486109953,192869135
2014-10-20,2.1038918495178223,2.1047133924702237,2.0932122263911515,2.0964981805734837,237197975
2014-10-21,2.0874619483947754,2.1088214153966724,2.086640405322321,2.1038921569619475,121930040
2014-10-22,2.078415870666504,2.0981413901504413,2.076773002292137,2.087461766394274,188792986
2014-10-23,2.0578689575195312,2.080058887642298,2.0554043285988413,2.0784158016951713,186525922
2014-10-24,2.0529398918151855,2.064450199613447,2.050475480291126,2.057869150117901,118609370
2014-10-27,2.0340359210968018,2.043081817401719,2.028285337351406,2.043081817401719,181848855
2014-10-28,2.075129985809326,2.075129985809326,2.035678945519804,2.035678945519804,156975983
2014-10-29,2.1006062030792236,2.113759597335532,2.0734870118406175,2.0775945095771093,276020485
2014-10-30,2.1145811080932617,2.119510148827187,2.096498455676737,2.1014277140379636,221266357
2014-10-31,2.1548445224761963,2.157318292218664,2.118688790098731,2.120331876362093,237199470
2014-11-03,2.1532013416290283,2.16389010588381,2.1474507581684086,2.154844210026857,225066487
2014-11-04,2.1532013416290283,2.1564872960519734,2.1458076721432917,2.151558255603912,155945766
2014-11-05,2.1474509239196777,2.1597827751514114,2.1425216654638626,2.157318145923504,136057968
2014-11-06,2.1490936279296875,2.1556657544070355,2.1318327371907766,2.1507367139558466,174784646
2014-11-07,2.1482722759246826,2.181151191926977,2.1351280218012993,2.1499153620969325,269903752
2014-11-10,2.1992247104644775,2.1992247104644775,2.1507371237795545,2.153201753288429,212591777
2014-11-11,2.1934738159179688,2.2312817713093263,2.1762129243293353,2.204984341386542,305239873
2014-11-12,2.223057270050049,2.223057270050049,2.181972289548512,2.1918305869420642,164695849
2014-11-13,2.2131993770599365,2.228817400453866,2.204984381629378,2.2197715039807653,171751984
2014-11-14,2.2173070907592773,2.218128416199882,2.197581569664687,2.209091877707504,209771946
2014-11-17,2.204163074493408,2.24031880796113,2.204163074493408,2.2321035940239153,161450428
2014-11-18,2.1811509132385254,2.2041626041747846,2.176212732633123,2.2041626041747846,205620466
2014-11-19,2.174569845199585,2.18690169613395,2.1704623475460916,2.1803204289653957,169023927
2014-11-20,2.176213026046753,2.1803205238790535,2.162247228738697,2.168819355846764,114489345
2014-11-21,2.221414566040039,2.2230576521592624,2.170462356669264,2.1762129404592465,182026547
2014-11-24,2.288806200027466,2.29291391546185,2.237032663506147,2.237853988965716,602225366
2014-11-25,2.3126392364501953,2.3142821048541644,2.2715451107402043,2.2822338750349394,393059607
2014-11-26,2.332365036010742,2.332365036010742,2.3077102551207465,2.3134610569198455,288809070
2014-11-27,2.3553762435913086,2.3553762435913086,2.3331863122096155,2.3414013071567643,283122124
2014-11-28,2.412078857421875,2.412900400381896,2.3446873075636216,2.3504470310020102,263129087
2014-12-01,2.4079718589782715,2.4350910521121993,2.4022212746943614,2.4145439863923572,225610842
2014-12-02,2.5057687759399414,2.547684232673235,2.402221262702205,2.4038641313270355,348333971
2014-12-03,2.5493271350860596,2.6011008879713735,2.5016608799075963,2.5205648579094957,301284503
2014-12-04,2.7120511531829834,2.7120511531829834,2.5517917035532856,2.552613246670628,526538848
2014-12-05,2.6783595085144043,2.7252039963945447,2.6315148030069926,2.712050604087537,532775624
2014-12-08,2.7901227474212646,2.817251082312356,2.639730727755038,2.65288412361415,560392668
2014-12-09,2.6249337196350098,2.9092877090480496,2.54768386734702,2.7810856505735795,596602485
2014-12-10,2.7375271320343018,2.7613603687914323,2.6298721269566836,2.6783599259226807,667392802
2014-12-11,2.7227396965026855,2.7786209415016536,2.679180943390901,2.712050714984355,396373967
2014-12-12,2.729311943054199,2.7720489374378525,2.7063002510071,2.729311943054199,439390218
2014-12-15,2.7572526931762695,2.7753351286409913,2.6915042187642,2.7268475466027495,360785250
2014-12-16,2.826287269592285,2.826287269592285,2.74903762908542,2.7572526245352367,485143068
2014-12-17,2.8821685314178467,2.8928572956593936,2.800810963764468,2.831216325028425,716113039
2014-12-18,2.875596523284912,2.904358582082071,2.851763287505247,2.882168650020399,611493890
2014-12-19,2.9043586254119873,2.912582978707333,2.8172506870483085,2.8755965661857292,627614557
2014-12-22,2.9010727405548096,2.9520249510260537,2.876418178396543,2.9043586952369265,520656486
2014-12-23,2.830394744873047,2.9322991563145777,2.8238226184942534,2.8731317382134995,508702816
2014-12-24,2.749037742614746,2.8427269534917565,2.7178016944636822,2.8361456859369856,375179598
2014-12-25,2.8492989540100098,2.8599785786373464,2.764646285790389,2.7679324580617557,346635353
2014-12-26,2.9668211936950684,2.9717502341367923,2.8369669083469797,2.8501203016225243,550069259
2014-12-29,2.9503817558288574,3.0284531548050118,2.899429547240744,3.017773530448706,530438609
2014-12-30,2.9503817558288574,2.986546624825703,2.9216196969741284,2.9503817558288574,308743950
2014-12-31,3.0284533500671387,3.035034617586596,2.9528465753571496,2.9528465753571496,322101644
2015-01-05,3.121320962905884,3.163236635203219,3.044892646428836,3.0531170000047854,604605450
2015-01-06,3.100782871246338,3.1459753523003853,3.06543933039542,3.110640951795246,360420566
2015-01-07,3.104890823364258,3.127902300113231,3.0720119066478633,3.0917374286082766,322903664
2015-01-08,3.0325698852539062,3.1172134135603677,3.02598861795805,3.1065337888783287,393194264
2015-01-09,2.9980483055114746,3.1542000415820106,2.958606400783544,3.0227028691898705,430858651
2015-01-12,3.0079152584075928,3.0374988605738378,2.9569539090173214,3.008736801461931,330589184
2015-01-13,2.9996910095214844,3.0366776408103164,2.9832608007449157,3.0070938199873805,266201010
2015-01-14,2.9931187629699707,3.0317482612548665,2.9618920748553763,3.003798604994235,252951069
2015-01-15,3.0802359580993652,3.0802359580993652,2.9750362314176333,2.995583294465435,309810608
2015-01-16,3.1065337657928467,3.127902155344893,3.0851651586134983,3.0942019147115873,239583277
2015-01-19,2.795882225036621,2.975036509744346,2.795882225036621,2.917512170682217,390162252
2015-01-20,2.892857313156128,2.9216195885709646,2.8312163421523393,2.8353238396076,535629566
2015-01-21,3.036677360534668,3.047356984372377,2.9018940354672753,2.9018940354672753,455596783
2015-01-22,3.0432498455047607,3.0588676519438267,3.00462034469163,3.0416067592969833,330115079
2015-01-23,3.0572245121002197,3.0983095011571073,3.029283994847634,3.0580460551896955,307240244
2015-01-26,3.082700490951538,3.083522034007232,3.0366775401579145,3.0654395993172843,325642974
2015-01-27,3.0588674545288086,3.0925587718244127,2.9906543541675052,3.0884512741973733,281927689
2015-01-28,3.005441665649414,3.0621535980214354,2.9947618237155686,3.035034407759744,232358460
2015-01-29,2.969285726547241,2.9906543331845024,2.94380962231176,2.966821315039228,250137919
2015-01-30,2.938059091567993,3.0013340116011467,2.9191551137253873,2.9873682148373137,486098006
2015-02-02,2.862443447113037,2.909288163198084,2.855871319648241,2.879704340445361,491382102
2015-02-03,2.9306561946868896,2.938880547762204,2.869845905630855,2.893678923501165,302309735
2015-02-04,2.8977866172790527,2.9725720657239636,2.8961437487238477,2.940523832954512,264753942
2015-02-05,2.8682029247283936,2.9832607383752476,2.8682029247283936,2.9799654257655606,420887867
2015-02-06,2.8230011463165283,2.8797039368378785,2.799168128859746,2.8682027697932715,270703225
2015-02-09,2.8517634868621826,2.885454806286673,2.8197152536432504,2.8230014260543674,321310340
2015-02-10,2.909287929534912,2.909287929534912,2.8525849179931853,2.8534064610637166,325934496
2015-02-11,2.929013252258301,2.9421666465651315,2.9125830436219204,2.9125830436219204,289135457
2015-02-12,2.94134521484375,2.9503819713936243,2.906823429418612,2.92901336314597,268492565
2015-02-13,2.956132411956787,2.999690951816466,2.944631244271706,2.9487387419800055,253751475
2015-02-16,2.986546516418457,2.994761728962883,2.956132232227254,2.9586060016249203,238823488
2015-02-17,3.0095584392547607,3.021059607122945,2.995583501799125,2.995583501799125,201857538
2015-02-25,2.9659996032714844,3.0095581394859603,2.950381581211091,3.0095581394859603,254684325
2015-02-26,3.0580458641052246,3.0588674071433655,2.952846353155283,2.962713574704768,225114069
2015-02-27,3.0473570823669434,3.069547014109066,3.031748199984704,3.0572243038608953,219722015
2015-03-02,3.073654890060425,3.0794146143153776,3.041606657866937,3.0679043061522835,405635677
2015-03-03,2.988189935684204,3.053117086046741,2.981608668094052,3.053117086046741,320079339
2015-03-04,3.0128443241119385,3.0218810801573617,2.9775009975527222,2.993940346240595,296739659
2015-03-05,2.9832606315612793,2.9996908394060746,2.955310758142374,2.9939402557790316,343477772
2015-03-06,2.970107316970825,2.9988695938455296,2.963535190132457,2.9832607109941685,343164500
2015-03-09,3.0284533500671387,3.035034617586596,2.9101093592288465,2.9512034891572254,418250424
2015-03-10,3.007093667984009,3.0317482290631528,2.998047989436814,3.0185948353089733,309799604
2015-03-11,3.0128443241119385,3.051464682569141,3.0029771022860183,3.0079152833722986,473116723
2015-03-12,3.067082405090332,3.0802357978711656,3.02352386981784,3.0325695476956582,476494264
2015-03-13,3.085986852645874,3.1040692884460364,3.065439787527308,3.0794147254241104,406011679
2015-03-16,3.163236618041992,3.166522572739395,3.0868083019795844,3.094201972082874,402219327
2015-03-17,3.2051520347595215,3.2084382070455524,3.170639391173266,3.182140558919766,461479555
2015-03-18,3.291447877883911,3.291447877883911,3.2100813793876735,3.2100813793876735,402350163
2015-03-19,3.2717220783233643,3.285687874473365,3.254461187359233,3.2700789922757663,303095726
2015-03-20,3.3177456855773926,3.339935620004005,3.2634981587818603,3.2766515540011505,476695383
2015-03-23,3.3843154907226562,3.3900660746590563,3.343221579393614,3.350615249491073,309335579
2015-03-24,3.3826632499694824,3.394173557400138,3.325138916227603,3.3859583447852803,324160876
2015-03-25,3.3629469871520996,3.389244634678036,3.3325324840157746,3.3736266115834894,388018525
2015-03-26,3.3596608638763428,3.394173724805362,3.3119948264467975,3.3448643836190457,351114941
2015-03-27,3.3834939002990723,3.398281240287081,3.344043075683099,3.3596608814595665,324581660
2015-03-30,3.4944350719451904,3.5133390499740123,3.4048533629285003,3.4122561732599195,301545147
2015-03-31,3.466494083404541,3.5634694552893276,3.4122559228491007,3.5314212257789843,356719599
2015-04-01,3.5125174522399902,3.5338860591402494,3.454993116327505,3.4599221570314938,404485317
2015-04-02,3.499363899230957,3.5453870655334465,3.4516978645200003,3.533885898537726,383337673
2015-04-03,3.5536117553710938,3.5536117553710938,3.484577108185401,3.493613646984296,342840101
2015-04-07,3.611957550048828,3.616065047801259,3.5585407104370943,3.5840168156290404,379452691
2015-04-08,3.6390764713287354,3.652229864659942,3.578265966173664,3.6119572819974697,364369896
2015-04-09,3.622645854949951,3.6505865858204767,3.5873025322440446,3.639076279127156,300095437
2015-04-10,3.7188000679016113,3.7212644794464222,3.6062068846002955,3.6226462332123988,278096471
2015-04-13,3.7631804943084717,3.7845488843551145,3.7171571066207307,3.735230619235242,294246846
2015-04-14,3.7787890434265137,3.817418324530197,3.739347141982546,3.7541344818008753,344926185
2015-04-15,3.756598949432373,3.8116677976423126,3.7483839539682653,3.778789099837754,386872911
2015-04-16,3.8593342304229736,3.8609768812949485,3.7155139224407296,3.745097742556595,335084896
2015-04-17,3.9226088523864746,3.9587737213566667,3.8626198879529543,3.8626198879529543,318598054
2015-04-20,3.8470020294189453,3.980142490625754,3.8297411382188824,3.9283685221173275,315326280
2015-04-21,3.9357621669769287,3.940691425156003,3.84700200515052,3.858512312660067,382790633
2015-04-22,4.033559799194336,4.034381124742416,3.937405950689501,3.937405950689501,309088898
2015-04-23,4.030272960662842,4.061499866008162,3.99410809198759,4.042595888630849,247729636
2015-04-24,4.008082866668701,4.022879346679916,3.9283685988300743,4.0023322829385,291420786
2015-04-27,4.086975574493408,4.096021470255194,4.025343962407903,4.054106019754511,440994983
2015-04-28,4.028630256652832,4.090271452868851,3.977678043685575,4.083690402835408,293790195
2015-04-29,4.06396484375,4.081225737452975,4.006440718536983,4.0195941140965035,363093959
2015-04-30,4.05410623550415,4.100129185846352,4.047533891123065,4.070545801548761,248234486
2015-05-04,4.06149959564209,4.068080644613309,4.0105473908988545,4.054105926404386,223561146
2015-05-05,3.9406912326812744,4.055749035680112,3.896310936308439,4.049176691762359,351049664
2015-05-06,3.8930251598358154,4.0080829745231945,3.8708354446497437,3.9406916330098887,324567004
2015-05-07,3.8256337642669678,3.888917607147495,3.821526266586418,3.887274521024355,282754394
2015-05-08,3.879880905151367,3.880702665851687,3.7927638248068622,3.837965451125146,362176881
2015-05-11,3.9891793727874756,3.9974039446420915,3.8626203783883133,3.870835809895292,386462405
2015-05-12,4.0368452072143555,4.042595790725597,3.947263285827255,3.984249914273732,378162142
2015-05-13,4.006440162658691,4.038488393435254,3.9957603207637757,4.036845307354914,250268460
2015-05-14,3.994108200073242,4.022058074362576,3.9826070324609812,3.9826070324609812,182511113
2015-05-15,3.9530234336853027,3.99410842366403,3.911107977878819,3.99410842366403,236750843
2015-05-18,3.9078216552734375,3.9406916481645404,3.88809635160374,3.9201445837912,252947534
2015-05-19,4.0508198738098145,4.063964126702483,3.901240286767387,3.9061782499140913,358328229
2015-05-20,4.068902969360352,4.139580485379331,4.0450697320270805,4.068902969360352,294309697
2015-05-21,4.12971305847168,4.132177470018961,4.05492761303652,4.068902767745123,258639587
2015-05-22,4.229153156280518,4.230796242432178,4.148617125336374,4.1502602114880345,289333834
2015-05-25,4.363935947418213,4.3721513775598275,4.211901088403855,4.229152838819379,258173752
2015-05-26,4.439542770385742,4.443659408227448,4.335173944546559,4.3721514328612106,153691775
2015-05-27,4.420648097991943,4.461733085328951,4.382018817100916,4.439542935376991,232830744
2015-05-28,4.137115478515625,4.444480931685908,4.126426497047947,4.420647697781453,206360409
2015-05-29,4.138758659362793,4.207793080834889,4.018762456644849,4.137115573363706,339011122
2015-06-01,4.363114833831787,4.36804365690144,4.126426865384865,4.1387589339147555,331153562
2015-06-02,4.422291278839111,4.428863623420585,4.304769052630204,4.362293172138595,219691129
2015-06-03,4.37626838684082,4.422291339214571,4.3146271931533775,4.422291339214571,232699703
2015-06-04,4.4214701652526855,4.425577663185617,4.126427156742479,4.376268536786766,305084526
2015-06-05,4.444481372833252,4.501184166176287,4.326959148116567,4.455982540450188,256987044
2015-06-08,4.546385765075684,4.5751478242949615,4.3959844085722555,4.444481346607854,219649093
2015-06-09,4.5200886726379395,4.569397801814057,4.454339975202325,4.546386323542642,223114995
2015-06-10,4.497076511383057,4.580898275062193,4.463376054451249,4.478993859553179,240698088
2015-06-11,4.506113052368164,4.534053348759879,4.456803497776214,4.497076297057074,247411502
2015-06-12,4.536518573760986,4.552136379421268,4.492147413780325,4.510220925910015,253432561
2015-06-15,4.425577163696289,4.56775394268914,4.414888181726161,4.562003359181145,142947841
2015-06-16,4.3064117431640625,4.425577044571135,4.260388360392004,4.41735247425308,222623435
2015-06-17,4.37626838684082,4.40338736081989,4.235734247585948,4.313805867696784,259948231
2015-06-18,4.226687908172607,4.359828363352425,4.217651588078233,4.349970282632928,208603490
2015-06-19,3.9735701084136963,4.192996742833465,3.9637028869957875,4.192996742833465,200749851
2015-06-23,4.097664833068848,4.099307919187672,3.856048039972877,3.9324761363831655,302471468
2015-06-24,4.161770343780518,4.165877841358797,4.05164179183033,4.088618845635857,277032954
2015-06-25,4.015476226806641,4.192175215994206,3.9776774147898615,4.166699331165791,187840946
2015-06-26,3.616886615753174,3.9735703715872077,3.6136006610540905,3.9037141825111887,276828944
2015-06-29,3.596348762512207,3.7787892190879195,3.3818420098451063,3.7393473158104493,334545102
2015-06-30,3.833857774734497,3.833857774734497,3.435267509893363,3.6160648663948014,327449110
2015-07-01,3.6193602085113525,3.8379653037018344,3.599634688051807,3.82152617303542,258590191
2015-07-02,3.5503251552581787,3.6982527313297853,3.4516977759493725,3.627575006467531,346374117
2015-07-03,3.3530795574188232,3.6078497432279266,3.2051519708447564,3.542101271678494,305274292
2015-07-06,3.642371654510498,3.688385681421199,3.3366492671285677,3.688385681421199,451217269
2015-07-07,3.278294324874878,3.491149057244907,3.278294324874878,3.4681373642719353,339040130
2015-07-08,2.9503817558288574,3.049000218444412,2.9503817558288574,2.9536679280168268,284713672
2015-07-09,3.245424747467041,3.245424747467041,2.8764182707245074,2.8764182707245074,224276079
2015-07-10,3.5700418949127197,3.5700418949127197,3.2454246528821926,3.268436128953728,323282107
2015-07-13,3.614421844482422,3.7229075290605573,3.4911490378985,3.54620874424998,264177325
2015-07-14,3.435267686843872,3.5659343852828975,3.399102816523843,3.525670939924433,165952630
2015-07-15,3.297198534011841,3.4426615014081663,3.2544615349089208,3.3958170043748956,148234800
2015-07-16,3.3982810974121094,3.4492333052250586,3.2215914561357755,3.2298064512261253,142312708
2015-07-17,3.5429227352142334,3.5897672279797095,3.3703403733952766,3.4023888216632163,170605205
2015-07-20,3.4903275966644287,3.5503254857811926,3.42950794684708,3.5338861368507186,137636797
2015-07-21,3.5256710052490234,3.561005410427175,3.4212930304597577,3.4516981770842756,136815382
2015-07-22,3.50018572807312,3.5256709738916334,3.462386911581644,3.519089706492311,66620525
2015-07-23,3.661267042160034,3.662088367642382,3.4927921629319507,3.501016516748435,108243076
2015-07-24,3.5503251552581787,3.676062582952174,3.542101020198845,3.6415408021585245,112665230
2015-07-27,3.229806661605835,3.5462089112604707,3.229806661605835,3.5010164244643276,60097381
2015-07-28,3.23062801361084,3.3358277423511624,3.123794556765382,3.1476275747456195,59386959
2015-07-29,3.35636568069458,3.3580085491535736,3.188712575777665,3.262676259172461,56778558
2015-07-30,3.2388432025909424,3.3686974913972403,3.2380216595575613,3.3448642559647435,82300343
2015-07-31,3.24706768989563,3.325960416246237,3.221591584970341,3.236378707300698,67551613
2015-08-03,3.2404866218566895,3.241317305321816,3.1829622815581384,3.2380219925031244,40623844
2015-08-04,3.4023890495300293,3.4023890495300293,3.250353740910506,3.250353740910506,50908224
2015-08-05,3.307056188583374,3.4007456057930563,3.293911935752668,3.3933519363723734,40080351
2015-08-06,3.2865095138549805,3.3465074011171616,3.2380217167278036,3.254461282777421,38647765
2015-08-07,3.3629469871520996,3.3908875031562737,3.3103425517536795,3.3103425517536795,32219288
2015-08-10,3.5100529193878174,3.5314213079222467,3.369519007524346,3.4032101062065023,64099150
2015-08-11,3.4747095108032227,3.5199111363246307,3.4484118630927725,3.5174467247763337,38436729
2015-08-12,3.43691086769104,3.4886846226468795,3.429508057074112,3.435267781491669,31853711
2015-08-13,3.4763526916503906,3.4763526916503906,3.387601664652798,3.4369107891832353,101661885
2015-08-14,3.4558145999908447,3.4985424550831654,3.4434827492825844,3.4845768762664266,57892549
2015-08-17,3.4582791328430176,3.466494127770695,3.3818416822908572,3.427043305594566,108038934
2015-08-18,3.2544612884521484,3.47470947183266,3.2528182023535117,3.4681373450654096,78636338
2015-08-19,3.3144590854644775,3.3243173841602576,3.155842739526885,3.2174745709656842,46485928
2015-08-20,3.232271432876587,3.3037707118148374,3.229806803504286,3.2865098187433444,54585996
2015-08-21,3.229806661605835,3.5503255494201347,3.0859867845511393,3.1887127499027854,62472497
2015-08-24,2.9068233966827393,3.0399636504294367,2.9068233966827393,3.032569980176862,32733384
2015-08-25,2.6158969402313232,2.7416345861575553,2.6158969402313232,2.712050768293714,62746787
2015-08-26,2.605217456817627,2.722739896694503,2.5345397278079593,2.615897081148116,100296769
2015-08-27,2.703835964202881,2.7046572896342624,2.580553798239639,2.6323366909580286,71481036
2015-08-28,2.781907558441162,2.823001692387439,2.7325984279466824,2.7325984279466824,155869382
2015-08-31,2.7753350734710693,2.781907200440271,2.699728301098537,2.781907200440271,49059454
2015-09-01,2.794238805770874,2.8106692305617287,2.6405515049790975,2.753144898356337,64722980
2015-09-02,2.736705780029297,2.8402532945685954,2.6824676109777656,2.712872759235475,33555276
2015-09-07,2.6956114768981934,2.893678860867806,2.6816456808494418,2.7720489274147515,63146855
2015-09-08,2.8188939094543457,2.8188939094543457,2.6808243971949564,2.695611737692191,58569592
2015-09-09,2.9125828742980957,2.9331207971200715,2.8369669658503307,2.840252920335655,97086155
2015-09-10,2.860799789428711,2.8986077410877216,2.852584577331778,2.8640951016640486,35378595
2015-09-11,2.8682029247283936,2.896964984239783,2.8460127744883903,2.8616216574830133,54930828
2015-09-14,2.734241008758545,2.8961435270924554,2.6808241722391606,2.88463300197605,51567833
2015-09-15,2.670135498046875,2.7482160382409035,2.652062203693234,2.7120509512131528,36052988
2015-09-16,2.8575141429901123,2.915868945082425,2.6709570565796152,2.6709570565796152,84385841
2015-09-17,2.782728672027588,2.859978528564727,2.782728672027588,2.8106694056825225,62426743
2015-09-18,2.7613604068756104,2.808204902702289,2.7408133421512653,2.7876580556052524,46912581
2015-09-21,2.8073835372924805,2.818894064005855,2.712872778939814,2.7350629312493284,20939072
2015-09-22,2.8246445655822754,2.8476560427323485,2.7991684590773387,2.8065621295146137,61725324
2015-09-23,2.7613604068756104,2.807383359611917,2.753966736689569,2.79834682087244,17604257
2015-09-24,2.780264139175415,2.804097156523086,2.759717076270892,2.769575157227626,12139315
2015-09-25,2.7227396965026855,2.7810855704554585,2.6988973221395,2.7745134442059256,16417103
2015-09-28,2.7383484840393066,2.7531449635218292,2.697254575652099,2.7334194435362966,14259536
2015-09-29,2.682467222213745,2.7383484694393334,2.655348032804643,2.710407954640184,17930035
2015-09-30,2.698897361755371,2.7202659671326224,2.68493178369399,2.698076036385994,25346629
2015-10-08,2.784371852874756,2.8419053309684155,2.7794428120135923,2.8353240635975623,28581876
2015-10-09,2.8197150230407715,2.8312164079117594,2.7810857430663134,2.7843716975813853,23575320
2015-10-12,2.9487388134002686,2.9849039017864096,2.8295734989667625,2.8328594536875293,64337256
2015-10-13,2.9331207275390625,2.9429879487345256,2.917511845629001,2.921619560672326,31245152
2015-10-14,2.9068233966827393,2.938880770053118,2.903537224291679,2.9240842892009207,28607109
2015-10-15,2.975036144256592,2.979143859252937,2.893678795445799,2.9068230481795347,28691961
2015-10-16,3.007093667984009,3.015308880770682,2.9701072561920827,2.9922974057743317,47635828
2015-10-19,2.988189935684204,3.026810296380475,2.96682154501783,3.0070939146515316,41397210
2015-10-20,3.0161306858062744,3.0169522289190343,2.9733936866395445,2.9873684070217297,24512100
2015-10-21,2.9544897079467773,3.0407854733875355,2.919155516907696,3.031748716107728,33144181
2015-10-22,2.9996910095214844,3.0054418111019556,2.942166671668768,2.942166671668768,18888606
2015-10-23,3.0465354919433594,3.057224256304561,2.9922973305278977,3.0021554115221702,22225670
2015-10-26,3.069547176361084,3.105712264303675,3.0407851164577946,3.0679043078345036,22292924
2015-10-27,3.070368766784668,3.0868083336692367,3.00791538755337,3.0448926611689906,14341815
2015-10-28,3.0169517993927,3.0728330451530885,3.0079150440662303,3.0588672494791274,17514652
2015-10-29,3.0153088569641113,3.0448924584307715,2.9996908342090496,3.024345612720834,11146741
2015-10-30,3.035034418106079,3.0588674362763575,2.983260666535695,3.01530889753833,12760699
2015-11-02,2.9816086292266846,3.0309268951340003,2.979144217559763,3.006272332353868,12049842
2015-11-03,2.9635350704193115,3.0128441915947746,2.958606029896471,2.9709287400172175,9288231
2015-11-04,3.1254377365112305,3.1287236911400704,2.969285794973018,2.969285794973018,42879086
2015-11-05,3.2018659114837646,3.2593902455077264,3.096666184173904,3.1213207448583136,46640687
2015-11-06,3.2585690021514893,3.2626765000431575,3.1813191408810573,3.191177222871986,72563749
2015-11-09,3.2988412380218506,3.3276032958036836,3.2503534427561322,3.2503534427561322,74695027
2015-11-10,3.2659718990325928,3.3086997585140066,3.246246376555521,3.282402108660363,36714818
2015-11-11,3.2717220783233643,3.283223245401968,3.2051518486298805,3.26761458083166,33061322
2015-11-12,3.2413170337677,3.287330843841337,3.214188702965988,3.2782943055566354,42461430
2015-11-13,3.2174746990203857,3.241317075560707,3.18871263972357,3.213367201349587,41144868
2015-11-16,3.229806661605835,3.2339143770458674,3.164058187424882,3.176390038837303,18257770
2015-11-17,3.2256991863250732,3.307878087585572,3.2059736646101156,3.244603164946286,14150749
2015-11-18,3.1994011402130127,3.2330924550835176,3.1969367288650967,3.220769745462089,7308322
2015-11-19,3.2544612884521484,3.2544612884521484,3.190355685838758,3.2010444505718114,7506212
2015-11-20,3.243781328201294,3.261854621745629,3.221591396841208,3.254461169825852,9370372
2015-11-23,3.2215914726257324,3.277472721304382,3.213367119519648,3.2404863096339214,9292573
2015-11-24,3.2380216121673584,3.2380216121673584,3.1887124912118567,3.224877359080225,20732193
2015-11-25,3.2585690021514893,3.2602120883590815,3.2150104603472514,3.236378850883816,19817402
2015-11-26,3.244602918624878,3.2856879047762204,3.2298064389683896,3.2709005654660412,23118747
2015-11-27,3.0802359580993652,3.2281635389498655,3.049000130656529,3.222412955413789,34819941
2015-11-30,3.069547176361084,3.1065338073806177,3.0046202461425087,3.0720118055919126,17912984
2015-12-01,3.0917370319366455,3.117213134728924,3.0333911569923,3.0580457167860153,26861041
2015-12-02,3.210902452468872,3.2289851041984132,3.083521933789409,3.083521933789409,26881033
2015-12-03,3.2256991863250732,3.236378811289141,3.1829621881474868,3.210902705545277,19825447
2015-12-04,3.1780331134796143,3.221591654288601,3.1640581759418978,3.221591654288601,9787890
2015-12-07,3.179675579071045,3.192819831511096,3.1566641057688467,3.178032710736498,10743124
2015-12-08,3.1361172199249268,3.196936866320218,3.1204994149464795,3.159128694519585,23533847
2015-12-09,3.1377604007720947,3.1599503330100642,3.122963920746404,3.1352957716164696,5053514
2015-12-10,3.1270804405212402,3.1796757335278247,3.122963802698235,3.147627503506078,28444986
2015-12-11,3.1114625930786133,3.127901940734363,3.0818789925242025,3.118034719527944,45248588
2015-12-14,3.2018659114837646,3.2117239925681016,3.08762964611781,3.08762964611781,20554945
2015-12-15,3.182140588760376,3.246246193706356,3.16980873747997,3.2018661101263812,7225756
2015-12-16,3.1887128353118896,3.2158320277801953,3.1755685808063348,3.187069749091867,9303381
2015-12-17,3.233092784881592,3.24624617918236,3.201044552725409,3.201044552725409,9958420
2015-12-18,3.244602918624878,3.2667930679364554,3.2215914439092175,3.2306279819997656,25960066
2015-12-21,3.3613038063049316,3.3613038063049316,3.228163563603153,3.2388431877335266,35681667
2015-12-22,3.3530795574188232,3.3613039106893483,3.3202097830037443,3.3530795574188232,25958186
2015-12-23,3.3489720821380615,3.3900659924708294,3.339935326098629,3.3539011228744333,9915590
2015-12-24,3.3161020278930664,3.3440427594353745,3.277472532372034,3.329246280499948,23663150
2015-12-25,3.307878017425537,3.3267819956457965,3.283223455298341,3.3161023709082436,72890466
2015-12-28,3.213367462158203,3.311995074641173,3.213367462158203,3.305413806910731,29309053
2015-12-29,3.242138385772705,3.242959928828468,3.2100812316685796,3.2150102723758587,15236794
2015-12-30,3.2380216121673584,3.2462459650998374,3.215831680753679,3.242138249993052,11877165
2015-12-31,3.209259510040283,3.2528180468740686,3.209259510040283,3.224877314695444,15630173
2016-01-04,3.002976894378662,3.20761640148487,2.999690722361549,3.1977581030608166,70040424
2016-01-05,2.9996910095214844,3.0350345546444677,2.9010727602199275,2.9380591738814528,54007454
2016-01-06,3.0317485332489014,3.043249919355135,2.9939405746221754,2.9939405746221754,14879857
2016-01-07,2.846834421157837,3.0079154096510488,2.827108899397217,3.0079154096510488,3832668
2016-01-08,2.8829903602600098,2.9577755912355514,2.8106695409361344,2.9175121450958064,18534113
2016-01-11,2.7736923694610596,2.87559679610129,2.7654680155081435,2.840253249241736,17052820
2016-01-12,2.7893006801605225,2.8254657655306943,2.7531449527638063,2.773692015690767,13750470
2016-01-13,2.753145217895508,2.8188939104733235,2.749037720034707,2.802454343428453,13352889
2016-01-14,2.781907558441162,2.791765858977271,2.688218338906591,2.711229817793257,26047719
2016-01-15,2.717801570892334,2.777799677178959,2.695611638245383,2.77040600720311,16481708
2016-01-18,2.71697998046875,2.766289099355692,2.6627416036604514,2.6627416036604514,12696190
2016-01-19,2.784371852874756,2.7901224368173314,2.702192952847971,2.7169802930587688,12900342
2016-01-20,2.7416348457336426,2.8024542783125663,2.7301334602614795,2.7662894079272586,30095944
2016-01-21,2.703835964202881,2.7654677980242384,2.670957049298884,2.7145155887111434,11549684
2016-01-22,2.7120511531829834,2.7334197616991998,2.6775385076712395,2.7013715279121664,25861952
2016-01-25,2.7268476486206055,2.762182055061436,2.7038361713769117,2.713694253581841,8988265
2016-01-26,2.5624804496765137,2.7120509022201333,2.5476839698409295,2.6980761830531645,23772461
2016-01-27,2.5468626022338867,2.5846705596679684,2.485221625122617,2.5641234947551084,76522724
2016-01-28,2.4696128368377686,2.554256371075605,2.4696128368377686,2.5320662191104417,7843909
2016-01-29,2.54768443107605,2.569874584673542,2.4737207344551044,2.4770066895879803,10244154
2016-02-01,2.523850917816162,2.5517914330546945,2.496731727980593,2.5501485646214754,6028915
2016-02-02,2.573981523513794,2.586313373777528,2.511528150221906,2.511528150221906,8977631
2016-02-03,2.558372735977173,2.5633019942279955,2.523029410250535,2.548505514383694,7773137
2016-02-04,2.5846705436706543,2.5969932548084094,2.564945021977791,2.5698742805347408,7618542
2016-02-05,2.572338581085205,2.5928856449834545,2.5616589565943584,2.58713506120936,8624786
2016-02-15,2.558372735977173,2.56987412093513,2.5074113873644297,2.5074113873644297,8410298
2016-02-16,2.6282198429107666,2.6298720693795166,2.560837425111273,2.566588008911358,13355444
2016-02-17,2.6504099369049072,2.6586342900606574,2.6175401629485413,2.624112289670525,5765445
2016-02-18,2.639730453491211,2.675064640837272,2.6389089104037,2.658634431968975,5963759
2016-02-19,2.6339797973632812,2.6520622322582708,2.6216477286687554,2.6389088381260373,5250953
2016-02-22,2.686574697494507,2.6947899099727635,2.650409830101682,2.668492263798094,5966057
2016-02-23,2.6643848419189453,2.69150403187311,2.6471237331163757,2.6841103621957667,6819938
2016-02-24,2.6791810989379883,2.6882178546659796,2.638087190021472,2.649588357219066,6605216
2016-02-25,2.5205647945404053,2.6808242302876764,2.506589857663528,2.6808242302876764,9535762
2016-02-26,2.54768443107605,2.5665884119133313,2.514814651262543,2.5353617184799297,7398861
2016-02-29,2.4655051231384277,2.5435765231370646,2.44167210462622,2.5435765231370646,12033491
2016-03-01,2.5205647945404053,2.538647229020867,2.469612586002903,2.4802924279758978,10217069
2016-03-02,2.6315152645111084,2.636444305454322,2.523029573888766,2.5312447872123287,11568418
2016-03-03,2.623290777206421,2.6537050627327905,2.615075564301353,2.630693587404805,8009282
2016-03-04,2.6446592807769775,2.650409864297766,2.607682010242588,2.6298719416507836,51628644
2016-03-07,2.6652066707611084,2.7021930861795114,2.6438380621250883,2.6446596052470364,27521489
2016-03-08,2.666849374771118,2.666849374771118,2.587135104975531,2.658634379313326,22926173
2016-03-09,2.6298718452453613,2.6413730118653302,2.598636019030603,2.6290503022543232,10644458
2016-03-10,2.5953502655029297,2.656169696310272,2.590421007175311,2.6158971117053786,9792975
2016-03-11,2.592064142227173,2.599457812230907,2.5649449510758418,2.5797322910833103,12486431
2016-03-14,2.637265682220459,2.674242953750436,2.6035652248898384,2.6035652248898384,12061780
2016-03-15,2.6298718452453613,2.642194554856369,2.6052172856774862,2.6380870575284603,9988333
2016-03-16,2.6339797973632812,2.6545266438259976,2.622469271733765,2.6380872950610277,17735005
2016-03-17,2.682467222213745,2.7005496560594344,2.6372655989589537,2.6463023545223665,36005889
2016-03-18,2.735062837600708,2.753145273579239,2.6832890817277466,2.6873965796716233,21412662
2016-03-21,2.794238805770874,2.8147767279457994,2.752323355354066,2.753144898356337,17436898
2016-03-22,2.7753350734710693,2.7950605947254634,2.7539666836948538,2.786014915813087,13869317
2016-03-23,2.7761566638946533,2.789300918057239,2.7523236444882615,2.7621819439238546,10841988
2016-03-24,2.7391700744628906,2.7646461784140186,2.7350625769105164,2.7646461784140186,12261976
2016-03-25,2.744920492172241,2.756430799071352,2.714515349470624,2.734240868605214,14023882
2016-03-28,2.718623399734497,2.781086141788106,2.7169805310550714,2.760539075488028,10468054
2016-03-29,2.6947901248931885,2.7284905835693856,2.6882179979118868,2.718623143936974,9156341
2016-03-30,2.766289234161377,2.8353238755618833,2.7120508547099558,2.7120508547099558,9764844
2016-03-31,2.769575357437134,2.7843718379153013,2.757252646536777,2.776978167849626,5910625
2016-04-01,2.778620958328247,2.7819069126592724,2.734240879590388,2.758895439114407,17655054
2016-04-05,2.8065619468688965,2.8238228386949644,2.7613603210013578,2.7613603210013578,12224963
2016-04-06,2.7901227474212646,2.818072625485224,2.7851937060113867,2.7991686450433666,33258312
2016-04-07,2.7605385780334473,2.8098476980271045,2.756430863006788,2.801632485601073,23040587
2016-04-08,2.733419418334961,2.7523233951244874,2.7104079441020112,2.7465728116527797,18365955
2016-04-11,2.769575357437134,2.794239059931482,2.7531451487790926,2.757252646536777,26621885
2016-04-12,2.767110824584961,2.775334960086783,2.7490375305648547,2.7654677385029616,13353378
2016-04-13,2.8065619468688965,2.8361455494127124,2.773692172065787,2.773692172065787,31720850
2016-04-14,2.8180720806121826,2.825465750111102,2.8016325152401818,2.8230011210690327,10318543
2016-04-15,2.8230011463165283,2.8246442323592693,2.809847752882982,2.8205365172524166,16655785
2016-04-18,2.7876577377319336,2.8065617141199364,2.775334810408828,2.8065617141199364,18336791
2016-04-19,2.7876577377319336,2.804918628126551,2.772048856049341,2.79094369209142,19795013
2016-04-20,2.7252044677734375,2.7967037440146694,2.682467469628845,2.7909440196432063,17007836
2016-04-21,2.7243831157684326,2.752323852731723,2.707122222137358,2.7120512634144363,11416875
2016-04-22,2.734241008758545,2.7375269632448016,2.7038358644984024,2.722739841615708,9882788
2016-04-25,2.721909284591675,2.7325980495485713,2.6931470074258743,2.7325980495485713,10837849
2016-04-26,2.736705780029297,2.742456581984104,2.712051216099074,2.7178018004265594,7701876
2016-04-27,2.7252044677734375,2.7449208491261703,2.7169803317499515,2.7399918081948145,5334655
2016-04-28,2.7260260581970215,2.7301335561065825,2.704657449940059,2.7202663337255557,6811344
2016-04-29,2.7252044677734375,2.7350627672634586,2.7153372455637297,2.724382924680327,7421998
2016-05-03,2.7753350734710693,2.777799702694759,2.7161587273351926,2.723561537725747,9915919
2016-05-04,2.763824939727783,2.775335248590131,2.753966857465605,2.7704062074590414,5242007
2016-05-05,2.767932415008545,2.771227509948071,2.7547881613821326,2.7613602881953385,4531407
2016-05-06,2.701371431350708,2.771227620969086,2.701371431350708,2.767932525897552,12323924
2016-05-09,2.654526948928833,2.6964334846437987,2.6405520101253552,2.6964334846437987,14961490
2016-05-10,2.6463024616241455,2.6619202670499127,2.642194746371214,2.642194746371214,6780689
2016-05-11,2.6742429733276367,2.695611580073736,2.6487668689623964,2.6487668689623964,11153260
2016-05-12,2.6758952140808105,2.682467340882957,2.6323366749337134,2.6627418201299604,6156430
2016-05-13,2.666849374771118,2.689861068230679,2.654526663957126,2.675064587856214,6778629
2016-05-16,2.6767168045043945,2.677538347572614,2.6463025184233477,2.658634369538754,10316762
2016-05-17,2.672600030899048,2.683288795335919,2.661098646154587,2.6767166687507804,5299826
2016-05-18,2.654526948928833,2.6668496610657066,2.6331585569450926,2.6668496610657066,6400771
2016-05-19,2.65370512008667,2.675064587050565,2.6512315681542455,2.6545266631576623,5240230
2016-05-20,2.6643848419189453,2.6660279279866423,2.642194692540578,2.6504099052517702,8870301
2016-05-23,2.671778440475464,2.686574702155328,2.665206314006914,2.6676707254155656,10886481
2016-05-24,2.65370512008667,2.6717786323938983,2.644659441213609,2.670957089322906,11102950
2016-05-25,2.651231527328491,2.675064545857811,2.6471238120367824,2.6610987491206015,11299574
2016-05-26,2.6495885848999023,2.6619204365357985,2.623290935769427,2.6520623545556905,11656777
2016-05-27,2.6479454040527344,2.654526671360458,2.6405517340182576,2.650410033273328,7861946
2016-05-30,2.651231527328491,2.6578127945145344,2.628219834230213,2.6479453550951244,7749263
2016-05-31,2.736705780029297,2.736705780029297,2.652884005856458,2.652884005856458,29838075
2016-06-01,2.7252044677734375,2.7424564374741474,2.7161587886568404,2.736705635822371,10335006
2016-06-02,2.7252044677734375,2.7309550517979044,2.7161587886568404,2.7202662864950855,13209330
2016-06-03,2.7556097507476807,2.7613603346024673,2.722739975782671,2.732598057354504,9384135
2016-06-06,2.7440991401672363,2.75807407699779,2.739170099533814,2.752323493320915,5082748
2016-06-07,2.7424561977386475,2.7473943785853217,2.7375269396108797,2.744920609175241,4944529
2016-06-08,2.735884189605713,2.744920727976478,2.7210877094903965,2.7424563164332234,5478173
2016-06-13,2.6495885848999023,2.721087861992592,2.6495885848999023,2.721087861992592,11094443
2016-06-14,2.655348062515259,2.6610986460736683,2.6421946689991263,2.643837755052184,8674107
2016-06-15,2.6915042400360107,2.6988976926578756,2.6273986336717745,2.62987218568367,5404857
2016-06-16,2.668492317199707,2.6972545929816274,2.6635632766650286,2.691504009419954,9709519
2016-06-17,2.6758952140808105,2.7054788162233767,2.670135489985787,2.6717785760931485,12759255
2016-06-20,2.684110403060913,2.6849319461072696,2.662741796391061,2.675895190224646,9397135
2016-06-21,2.6767168045043945,2.7219092902120674,2.670957080307441,2.6841104744910673,11905614
2016-06-22,2.6972544193267822,2.7021925998897913,2.6750642715621784,2.6767164978560554,16966522
2016-06-23,2.6947901248931885,2.6988976226462627,2.679181241702358,2.69643321104534,4434130
2016-06-24,2.666027784347534,2.7054786051483686,2.630693383585909,2.69972802184855,14356673
2016-06-27,2.698897361755371,2.7005495880946158,2.6487666992854897,2.662741635320078,9641553
2016-06-28,2.7120511531829834,2.7161588687696945,2.681646005630635,2.693968717136136,8352642
2016-06-29,2.7252044677734375,2.736705635822371,2.712872616284397,2.712872616284397,6941818
2016-06-30,2.730133295059204,2.7358840962609534,2.718622987564009,2.7334194671744894,5183501
2016-07-01,2.729311943054199,2.7424561961326344,2.7260257709709452,2.7284904000333854,5211070
2016-07-04,2.7851932048797607,2.791765331452871,2.7054787219386656,2.7243826989791864,18001795
2016-07-05,2.7851932048797607,2.79423888324697,2.7794426213317003,2.7860147479048107,21922983
2016-07-06,2.796703815460205,2.8040974858597747,2.7728707953133847,2.785193506770229,30217292
2016-07-07,2.8008110523223877,2.809847808107782,2.786014790182585,2.795060468687062,9936836
2016-07-08,2.799989938735962,2.80902647757769,2.790122498820185,2.794239137038284,8398810
2016-07-11,2.8016326427459717,2.83943145769369,2.7983466881676198,2.7983466881676198,12536699
2016-07-12,2.87313175201416,2.875596381028278,2.8032755694762614,2.8032755694762614,14057885
2016-07-13,2.8821685314178467,2.9027155941705987,2.8731317759181825,2.8731317759181825,11061547
2016-07-14,2.8846333026885986,2.8870979320306893,2.8690246364039713,2.885454845802629,6158541
2016-07-15,2.8838119506835938,2.8920360868408683,2.875596737246151,2.882990407577118,8767516
2016-07-18,2.8706676959991455,2.88709790524537,2.8632648853216405,2.873132107691057,13377157
2016-07-19,2.8558712005615234,2.8739536362763443,2.8410838599755177,2.870667681494627,7714122
2016-07-20,2.8517634868621826,2.864095556123662,2.849299075181157,2.8558712023760786,6122960
2016-07-21,2.8682029247283936,2.886276219292961,2.8468343175541393,2.85176335832133,9082793
2016-07-22,2.845191717147827,2.8690247381377736,2.843548630861504,2.8690247381377736,10966006
2016-07-25,2.845191717147827,2.8608003839859277,2.8353242767096587,2.845191717147827,6792751
2016-07-26,2.8838119506835938,2.8838119506835938,2.8451915900959754,2.846012915575138,24060803
2016-07-27,2.81477689743042,2.886276170070984,2.781907123150841,2.886276170070984,12069633
2016-07-28,2.8369669914245605,2.847655755978608,2.810669344449461,2.8139552989644065,9647966
2016-07-29,2.8271090984344482,2.843548666597187,2.823001600294343,2.8369673986489556,5515186
2016-08-01,2.813133955001831,2.82382271948538,2.777799552495917,2.8230011764552385,11508371
2016-08-02,2.809847831726074,2.8131340039037647,2.794238949136636,2.809847831726074,3695846
2016-08-03,2.8180720806121826,2.8213580350409866,2.799989646839424,2.80656177332432,10722964
2016-08-04,2.8221793174743652,2.8221793174743652,2.8008107136185445,2.817250277472629,4450426
2016-08-05,2.8336808681488037,2.8451913935642033,2.814776890540453,2.8221797007072156,5697684
2016-08-08,2.859978675842285,2.859978675842285,2.815598591368132,2.8336810269400416,6285745
2016-08-09,2.874774932861328,2.874774932861328,2.8369669784692744,2.8599784531970496,4561591
2016-08-10,2.860799789428711,2.8805253082306375,2.852584577331778,2.852584577331778,3558778
2016-08-11,2.860799789428711,2.8912140719632093,2.8575138351663045,2.8649164270091925,6178845
2016-08-12,2.9175121784210205,2.9175121784210205,2.8534065716675108,2.860800241961583,6089951
2016-08-15,3.0169517993927,3.039141730115966,2.9175117999270097,2.9175117999270097,47640509
2016-08-16,2.984081983566284,3.0210592524167437,2.9816082142692806,3.0136655831903516,23434855
2016-08-17,2.979144334793091,2.9964052279970756,2.970929121116347,2.9857256025564327,18970979
2016-08-18,2.975036144256592,2.9964047497016852,2.963534977521394,2.97667923025513,7383664
2016-08-19,2.974214792251587,2.9816084620925207,2.9544892715383235,2.9750363353036127,18302546
2016-08-22,2.957775354385376,2.982439055384889,2.956953811358171,2.974214702393866,5160013
2016-08-23,2.956954002380371,2.9750364376114153,2.9536680476865667,2.957775545460649,11956905
2016-08-24,2.9544897079467773,3.2478896521347562,2.942166995600796,2.956954337466906,7180364
2016-08-25,2.929013252258301,2.950381859696974,2.911761500546006,2.950381859696974,16330260
2016-08-26,2.925727367401123,2.9462744322542145,2.922441195019043,2.9306564083469326,9439155
2016-08-29,2.925727367401123,2.9339425807290125,2.9175121540732336,2.9240842812100833,12962780
2016-08-30,2.9322993755340576,2.94216659737225,2.9232626194773945,2.9249057056017516,6551082
2016-08-31,2.946274518966675,2.949560473818154,2.9240843672694603,2.938059305397002,5818286
2016-09-01,2.9216198921203613,2.950381952896219,2.9216198921203613,2.950381952896219,8370103
2016-09-02,2.9216198921203613,2.9347641464955996,2.9166906335091634,2.9166906335091634,12914848
2016-09-05,2.9306561946868896,2.948738628935118,2.9273702401716832,2.9339423668293905,11577089
2016-09-06,2.9487388134002686,2.9577755697301664,2.9134046260753825,2.9331210072819083,19234408
2016-09-07,2.9544897079467773,2.9660002350946026,2.950382209707227,2.950382209707227,15753684
2016-09-08,2.9512033462524414,2.954489300865864,2.9454527624584763,2.9503818031922604,4114171
2016-09-09,2.938059091567993,2.9553108429441566,2.9364160054481774,2.9520248883318256,7203551
2016-09-12,2.8665597438812256,2.9158688658718694,2.8599784768533008,2.9158688658718694,28456408
2016-09-13,2.8665597438812256,2.884633037848623,2.864916657804018,2.8764180427171753,25959638
2016-09-14,2.8558712005615234,2.86984613839237,2.8517634850502374,2.859978698445498,5704339
2016-09-19,2.87313175201416,2.8780607924151096,2.857513947460592,2.86079990185213,9734307
2016-09-20,2.876418113708496,2.8780609821989556,2.8690244438058783,2.8747750275907364,7688146
2016-09-21,2.8887503147125244,2.8887503147125244,2.866560161969283,2.876418462243067,10633534
2016-09-22,2.910109281539917,2.921619807351859,2.8953221590172946,2.8961437020953245,7668318
2016-09-23,2.8986082077026367,2.9158691003659403,2.8969651214932925,2.9076449642267184,3013124
2016-09-26,2.8566925525665283,2.8936789646242365,2.8566925525665283,2.8936789646242365,15955443
2016-09-27,2.8723104000091553,2.8731319430684916,2.8468342953323202,2.8468342953323202,2361402
2016-09-28,2.862443447113037,2.87231066984405,2.8616219039765225,2.87231066984405,1828736
2016-09-29,2.876418113708496,2.882990240552234,2.8682029007469985,2.8682029007469985,1444794
2016-09-30,2.890393018722534,2.890393018722534,2.8632649034812867,2.8764182983597584,5668211
2016-10-10,2.9191553592681885,2.9306565278197105,2.8912146230436804,2.8969652073194414,13483336
2016-10-11,2.924084186553955,2.928191901898583,2.914226104981454,2.917512059629853,6842697
2016-10-12,2.9191553592681885,2.922441314156915,2.9134047749924274,2.922441314156915,5633799
2016-10-13,2.9175121784210205,2.925727391817469,2.9150477667412042,2.919155264625773,2399429
2016-10-14,2.924084186553955,2.929834770409131,2.902715796924374,2.917512059629853,5783244
2016-10-17,2.908466339111328,2.925727230776295,2.905180166882705,2.924084144661984,11395342
2016-10-18,2.94134521484375,2.9454529303788353,2.900251302189789,2.905180343204578,25358485
2016-10-19,2.9331207275390625,2.952024704202554,2.9298345555044025,2.9347638135563927,6827413
2016-10-20,2.9347643852233887,2.9421669788348184,2.929835126211221,2.9405241101247586,7312817
2016-10-21,2.9479172229766846,2.9569539791614736,2.9298347878876294,2.930656330961456,14851248
2016-10-24,2.979144334793091,2.993940598605857,2.9421668417139935,2.9429883848443996,15098884
2016-10-25,2.9799654483795166,2.9857253902301606,2.970928909842309,2.979144122934837,8142315
2016-10-26,2.971750497817993,2.979965493407348,2.9684643254804057,2.9791441679502584,12857301
2016-10-27,2.970928907394409,2.973393536608328,2.9586061965794217,2.96846427818049,8697726
2016-10-28,2.9668211936950684,2.989832667854061,2.9627134786375584,2.9668211936950684,8398341
2016-10-31,2.956954002380371,2.965999898982973,2.9347640693752446,2.965999898982973,8774455
2016-11-01,2.971750497817993,2.973393583986787,2.9487388039899023,2.956954017206564,12624364
2016-11-02,2.9512033462524414,2.9709288671615086,2.9503818031922604,2.9709288671615086,5372990
2016-11-03,2.9799654483795166,2.9922975171787223,2.9470958909172493,2.948738759433912,13414895
2016-11-04,2.975857973098755,2.9914759966764226,2.9709289322569714,2.978322602333299,9684638
2016-11-07,2.9684646129608154,2.979965782001586,2.96271402844043,2.97339387194457,5790705
2016-11-08,2.9857254028320312,2.99476194140738,2.970928922381728,2.970928922381728,26149112
2016-11-09,2.970928907394409,2.9873682562853783,2.944631259275068,2.9873682562853783,21542355
2016-11-10,3.0021555423736572,3.012022764144192,2.9791440669529954,2.9807869354387866,24345237
2016-11-11,3.0284533500671387,3.0284533500671387,2.9922976190856043,2.99969107173064,20023997
2016-11-14,3.0325698852539062,3.049000311440294,3.0161305363480606,3.019416491008956,20638240
2016-11-15,3.0292835235595703,3.0374985179216423,3.0194160853013656,3.032569477778944,5190803
2016-11-16,3.0325698852539062,3.036677600614155,3.0243457494412542,3.0325698852539062,9641060
2016-11-17,3.035034418106079,3.0416065448465046,3.0177735266762262,3.0243456534166517,5467444
2016-11-18,3.0284533500671387,3.041606744758981,3.0243458521946396,3.034213074486634,13487645
2016-11-21,3.040785312652588,3.062153921496728,3.016952292045918,3.0284534606105753,26643480
2016-11-22,3.067904472351074,3.067904472351074,3.0407852795200974,3.042428365762093,9788332
2016-11-23,3.0728330612182617,3.0859864543111084,3.06708247784491,3.0679040208450012,14173057
2016-11-24,3.082700490951538,3.102426011752874,3.06872577154006,3.0728332691912303,10493360
2016-11-25,3.119678020477295,3.1204995635434725,3.058867511532492,3.08187920485025,14529398
2016-11-28,3.129545211791992,3.146796963131285,3.1229639446074686,3.1229639446074686,20771364
2016-11-29,3.153378486633301,3.176390181596735,3.1172136142055913,3.1295454661722544,16108382
2016-11-30,3.135295867919922,3.1615935162250226,3.127902197853242,3.153378303081233,10872628
2016-12-01,3.161593437194824,3.1739252881354156,3.1344742464905115,3.1352957895470848,13160340
2016-12-02,3.135295867919922,3.1615935162250226,3.1196780619899394,3.1615935162250226,11113574
2016-12-05,3.073654890060425,3.122964014325148,3.0679043061522835,3.122964014325148,27533177
2016-12-06,3.0613322257995605,3.081057747400743,3.0596891396215473,3.075298023058055,7447772
2016-12-07,3.0761194229125977,3.0761194229125977,3.0490004481091275,3.061332299834793,10512653
2016-12-08,3.072011709213257,3.0835220170215476,3.0621536278538324,3.076119206841801,7354602
2016-12-09,3.0933802127838135,3.1032474341605036,3.065439480139118,3.0695469776305964,24411992
2016-12-12,3.0144872665405273,3.0983092466679243,3.009558226035844,3.0983092466679243,26246381
2016-12-13,3.0161306858062744,3.0243458993065566,2.9914761225855284,3.0153091426935146,19610203
2016-12-14,2.9972264766693115,3.020237951898092,2.994761847520227,3.0136658251278305,7259988
2016-12-15,2.957775354385376,3.0112013311741648,2.949560141740616,2.9898327250024437,14406216
2016-12-16,2.960249423980713,2.9725721353837216,2.9553110249704684,2.9594278808702037,27336096
2016-12-19,2.9503817558288574,2.964356692719616,2.9487386697348725,2.9586061090179667,7795518
2016-12-20,2.924905776977539,2.9561324663124884,2.9216198222759395,2.9561324663124884,11843196
2016-12-21,2.9528462886810303,2.956953786154754,2.9331207687318486,2.9331207687318486,15819074
2016-12-22,2.9495601654052734,2.955310749014555,2.9405236272880995,2.953667880574256,7894304
2016-12-23,2.9216198921203613,2.9495604097943526,2.920798349018495,2.9495604097943526,6048308
2016-12-26,2.9339425563812256,2.9380591945443757,2.89039293809691,2.9051802784389333,12478867
2016-12-27,2.9314775466918945,2.94545248247861,2.925726963444551,2.932299089673984,9392724
2016-12-28,2.9166903495788574,2.9355943265467017,2.9092877572902083,2.931477688718329,4875477
2016-12-29,2.9199764728546143,2.929834553697942,2.909287708657077,2.91669030082198,7776131
2016-12-30,2.9298348426818848,2.9331210150386497,2.918333674687823,2.9281919741308107,4674590
2017-01-03,2.956132411956787,2.9618921361460346,2.9298347639714364,2.9298347639714364,8350863
2017-01-04,2.979144334793091,2.9799656602961777,2.9512035985211433,2.9561326396762615,6484715
2017-01-05,2.9766793251037598,2.984903678077178,2.972571827603818,2.9799652795782547,4978912
2017-01-06,2.959427833557129,2.9783226719148206,2.959427833557129,2.9783226719148206,6068133
2017-01-09,2.972571849822998,2.9766793473536417,2.956953827131111,2.9577753701626985,10480307
2017-01-10,2.9668211936950684,2.9783223606015206,2.96353502164906,2.9725717771482945,6866290
2017-01-11,2.9446310997009277,2.9733933754755157,2.9429880136473567,2.9668212488885226,9905704
2017-01-12,2.929013252258301,2.9520249458488035,2.9281919268096908,2.944631275792876,10501488
2017-01-13,2.9331207275390625,2.9470956637778505,2.921619560672326,2.925727058088364,10114122
2017-01-16,2.928191900253296,2.932299397968313,2.8846331426950775,2.928191900253296,8451615
2017-01-17,2.939702272415161,2.9421666840469958,2.910109311120839,2.926548877940762,7952309
2017-01-18,2.9528462886810303,2.9618919669948656,2.934763854772254,2.941344904025481,13033793
2017-01-19,2.943809747695923,2.958606228229872,2.9364160776023738,2.9487387885491865,9528497
2017-01-20,2.9659996032714844,2.972571729631156,2.9364157854933786,2.9454525408481587,18246722
2017-01-23,2.973393440246582,2.9857252910086722,2.965178227427061,2.965999770471743,6718915
2017-01-24,2.971750497817993,2.978322624865861,2.965178370770125,2.973393583986787,5454657
2017-01-25,2.9816086292266846,2.9816086292266846,2.965999963245145,2.9750365020693756,9633865
2017-01-26,2.992297410964966,2.9988695376802452,2.9816084286891393,2.986546609665212,9563700
2017-02-03,2.973393440246582,2.9972264583796235,2.9717503541572183,2.9972264583796235,10622269
2017-02-06,2.979144334793091,2.9865469280595196,2.968464491725128,2.970929121116347,3594076
2017-02-07,2.972571849822998,2.980786844884286,2.965178180166004,2.9758578043220543,3877468
2017-02-08,2.989011287689209,2.989011287689209,2.9594276854537207,2.970928852986777,4980236
2017-02-09,2.9996910095214844,3.009558449236154,2.982439257661991,2.9881898416151556,5264405
2017-02-10,3.0144872665405273,3.0202378500672067,3.000512330074977,3.0029769591409643,6079602
2017-02-13,3.0325698852539062,3.035856057542105,3.0120228209878115,3.0161305363480606,8656373
2017-02-14,3.0325698852539062,3.037498926058901,3.0251670748860002,3.033391428325956,5908025
2017-02-15,3.021880865097046,3.043249470631105,3.016130281705505,3.026809905485897,6585593
2017-02-16,3.035856008529663,3.035856008529663,3.018594899203136,3.0210595283794954,4095477
2017-02-17,3.021059513092041,3.053116884779216,3.0194164269827826,3.0383204047039225,8263554
2017-02-20,3.067904472351074,3.069547340965754,3.0218813002717844,3.025988798249458,16395333
2017-02-21,3.0752975940704346,3.0835217289056107,3.0621533417344997,3.0621533417344997,11104057
2017-02-22,3.081879138946533,3.081879138946533,3.0679042020282687,3.0736547857412364,10580822
2017-02-23,3.069547176361084,3.083522113761318,3.057224465461552,3.080236159080852,11936809
2017-02-24,3.066261053085327,3.0687256821806406,3.053938342863347,3.0679041391488693,8092693
2017-02-27,3.0440709590911865,3.0662611088167617,3.0407850045316707,3.063796479676652,11934103
2017-02-28,3.049821615219116,3.0588672933940813,3.040784859762909,3.04324948878568,5089463
2017-03-01,3.0506432056427,3.069547183923862,3.042428210107642,3.0506432056427,13068672
2017-03-02,3.035034418106079,3.07365477584914,3.034212875060114,3.0522861691894603,11521798
2017-03-03,3.0251669883728027,3.035034427674671,3.0144873639961776,3.035034427674671,4768042
2017-03-06,3.0448925495147705,3.0457140925742565,3.021881074011743,3.021881074011743,8531440
2017-03-07,3.0473570823669434,3.0481786254004604,3.0383203266255476,3.0448924532663915,3320086
2017-03-08,3.0481786727905273,3.0547599398800234,3.0391419169086373,3.0473571297442374,11874827
2017-03-09,3.0325698852539062,3.0555815787361498,3.0169520794201103,3.048178768368244,8557611
2017-03-10,3.037498712539673,3.0399633415825726,3.016951867345211,3.0325696720811623,10474498
2017-03-13,3.0613322257995605,3.0613322257995605,3.019416553330176,3.0374989887533452,12975655
2017-03-14,3.053938388824463,3.0662610992318973,3.0522861623897413,3.0662610992318973,9044163
2017-03-15,3.0605106353759766,3.0621537215285772,3.0407851140798736,3.0539385083928785,7241470
2017-03-16,3.074476480484009,3.0876298750026505,3.0654397241307314,3.0654397241307314,16024590
2017-03-17,3.039141893386841,3.081057563352374,3.0374988073069784,3.073654753273883,21156868
2017-03-20,3.039963483810425,3.0531168777461604,3.0284531759801627,3.039141940757688,11790064
2017-03-21,3.0572245121002197,3.0572245121002197,3.032569949578228,3.0407851628456766,16414195
2017-03-22,3.0448925495147705,3.056403075066896,3.0292838842664382,3.0522862194228435,7367499
2017-03-23,3.053117036819458,3.0654397479979467,3.035856144348012,3.044892683144339,13569207
2017-03-24,3.083522081375122,3.093380380567589,3.0490002975763035,3.0490002975763035,9404479
2017-03-27,3.074476480484009,3.0966664137286193,3.071190308127432,3.085986788824362,9280263
2017-03-28,3.069547176361084,3.079414616003909,3.062153723923209,3.073654891745798,6384431
2017-03-29,3.067904472351074,3.0818794105007155,3.0580461725264136,3.0744765996917427,12440320
2017-03-30,3.039963483810425,3.0687257604935585,3.036677529226777,3.063796502177139,12561008
2017-03-31,3.055581569671631,3.0564031127412434,3.0383204601176375,3.0383204601176375,9567586
2017-04-05,3.1057121753692627,3.1057121753692627,3.0752978898362073,3.0752978898362073,32157698
2017-04-06,3.1057121753692627,3.1073552614760973,3.0892726092089595,3.1057121753692627,12132306
2017-04-07,3.1073551177978516,3.1163916557130116,3.0983092219092705,3.106533574782421,8028364
2017-04-10,3.101604461669922,3.112284303742446,3.0983093667353314,3.1057121769390847,8891016
2017-04-11,3.1089978218078613,3.112283993695822,3.067082372936004,3.101604152687227,13068740
2017-04-12,3.0950231552124023,3.1106409594033635,3.090093897298612,3.1065334621024854,7999268
2017-04-13,3.1073551177978516,3.1098195292168547,3.0942017244594058,3.095023267474837,11168789
2017-04-14,3.086808204650879,3.1073552684973973,3.0794145347807156,3.1073552684973973,11676091
2017-04-17,3.0769500732421875,3.086808372815236,3.061332266876478,3.086808372815236,5981265
2017-04-18,3.068726062774658,3.0851654129133794,3.0662614333736733,3.0769501992040826,6951004
2017-04-19,3.0473570823669434,3.067904145669325,3.0301053315449633,3.067904145669325,12065557
2017-04-20,3.0629754066467285,3.065439818362609,3.0407852550926826,3.047357382380555,9579887
2017-04-21,3.068726062774658,3.075298190216632,3.055581807890711,3.0654398902400115,7243341
2017-04-24,3.039963483810425,3.067904217440822,2.958606129704742,3.067904217440822,12700025
2017-04-25,3.0440709590911865,3.0531168553241046,3.033391334738639,3.036677506925452,4981691
2017-04-26,3.0473570823669434,3.061332019028481,3.0383203266255476,3.0440709102328745,10606347
2017-04-27,3.0457139015197754,3.0514644849481485,3.014487215008006,3.0481785305436295,10479276
2017-04-28,3.039141893386841,3.0448924770390646,3.027631585735989,3.042428065546566,4997382
2017-05-02,3.0317485332489014,3.04078528998366,3.0268103517859304,3.0350347057442018,5770189
2017-05-03,3.020237922668457,3.040784986176598,3.0128442529200554,3.031748230344708,3050248
2017-05-04,3.0079152584075928,3.0276316388298126,3.0029770773622975,3.020237968968068,5557908
2017-05-05,2.990654468536377,3.0054418087628947,2.979965485747102,3.0054418087628947,8464933
2017-05-08,2.9676425457000732,2.9881896086361626,2.9635350482330054,2.983260568150223,10256454
2017-05-09,2.970107316970825,2.9914759239489532,2.953667968341948,2.968464230854408,5001618
2017-05-10,2.958606004714966,2.980786795692606,2.9569537783327458,2.970107171712801,8534134
2017-05-11,2.971750497817993,2.974214909443877,2.940523808400547,2.958606243722257,11036848
2017-05-12,2.9939403533935547,2.9964049825829133,2.964356750911096,2.9717504208518704,6386392
2017-05-15,3.0079152584075928,3.0153089282693375,2.9955834075005527,2.9955834075005527,3631038
2017-05-16,3.037498712539673,3.037498712539673,2.98736804899345,3.0079151118152008,7691643
2017-05-17,3.018594980239868,3.039963587806685,3.018594980239868,3.0391420447258435,9186682
2017-05-18,3.0079152584075928,3.021059512022406,3.0029770773622975,3.0153089282693375,4222539
2017-05-19,3.0136661529541016,3.016952325510351,3.0046204733315514,3.016952325510351,3156381
2017-05-22,3.0136661529541016,3.0309270463399534,2.9964052595682493,3.012844609815039,7425790
2017-05-23,3.0251669883728027,3.040785011387261,3.010379866380698,3.013665820947622,14503403
2017-05-24,3.0251669883728027,3.0284531605670244,2.9996908840302745,3.0251669883728027,14569818
2017-05-25,3.087629795074463,3.0925588358544234,3.012844348757821,3.0268101456571284,32940854
2017-05-26,3.081879138946533,3.096666260939609,3.074476328789846,3.0876297226595013,9439829
2017-05-31,3.085165023803711,3.1131057566624123,3.075297802351445,3.086808109863804,13582224
2017-06-01,3.088451385498047,3.0942019694340592,3.0777715430791903,3.085986756256625,13160325
2017-06-02,3.087629795074463,3.095023465058055,3.067904273980603,3.0892726635829146,8571927
2017-06-05,3.067082405090332,3.0909154213644454,3.065439319129126,3.0909154213644454,5435721
2017-06-06,3.0900943279266357,3.0900943279266357,3.062975353412157,3.067082851285446,3948472
2017-06-07,3.1237945556640625,3.126259184781437,3.090094098503629,3.090915641542754,29800269
2017-06-08,3.148448944091797,3.1541995274231556,3.1213206151041146,3.1254374704204677,28868408
2017-06-09,3.164879560470581,3.174746782088838,3.1443324969093527,3.1459755829970866,20417866
2017-06-12,3.163236618041992,3.186248094152596,3.151735450160122,3.163236618041992,12761030
2017-06-13,3.1731035709381104,3.180497240414205,3.150913639791027,3.161593263685781,21742135
2017-06-14,3.1410465240478516,3.172282354253262,3.136117483099177,3.172282354253262,14546753
2017-06-15,3.135295867919922,3.151735434554319,3.122964016671072,3.1377604971512505,15266246
2017-06-16,3.128723382949829,3.1484489020084157,3.125437428644667,3.1361170521705444,7863885
2017-06-19,3.161593437194824,3.164879609421118,3.12461616506623,3.12461616506623,5750434
2017-06-20,3.153378486633301,3.1714611404744733,3.148449445511039,3.1648798727550016,4724952
2017-06-21,3.1862480640411377,3.1870696071145512,3.155021375041173,3.1648796742948293,9820025
2017-06-22,3.195294141769409,3.229806787392894,3.185426701609405,3.185426701609405,10575792
2017-06-23,3.2215914726257324,3.223234341075835,3.175568305156879,3.187891015482772,12532666
2017-06-26,3.262676477432251,3.266793333269816,3.221591705571241,3.221591705571241,14461346
2017-06-27,3.2676148414611816,3.2717223392805055,3.2470677767629925,3.258568944758945,7513265
2017-06-28,3.247889518737793,3.267615041554554,3.2454248893188913,3.267615041554554,8836348
2017-06-29,3.2692575454711914,3.2692575454711914,3.2478891563864525,3.2478891563864525,5447277
2017-06-30,3.2651500701904297,3.273365283099102,3.2519966762409163,3.2626763006830815,6977152
2017-07-03,3.2528181076049805,3.2692574555771183,3.2404862571324937,3.267614587153633,3779516
2017-07-04,3.226520538330078,3.252818185610225,3.2207699546417463,3.252818185610225,14026678
2017-07-05,3.262676477432251,3.2676148763679187,3.210081397105373,3.2265207465325463,13424520
2017-07-06,3.260211706161499,3.269257384335314,3.238843100502683,3.2618545745491843,7373028
2017-07-07,3.259390354156494,3.2618547656960812,3.242959928298516,3.2585688111008655,4276706
2017-07-10,3.263497829437256,3.2750081372291406,3.251996661991887,3.2593903318145663,4986344
2017-07-11,3.2848665714263916,3.3119949033769123,3.2634979637821764,3.264319506865993,11726752
2017-07-12,3.2709004878997803,3.3021271745613947,3.2585686376298577,3.277472614367642,8804589
2017-07-13,3.3021273612976074,3.3062350765893687,3.267614718264006,3.267614718264006,5460216
2017-07-14,3.3202099800109863,3.3226746093226023,3.2955554170569608,3.2971985032647044,9168042
2017-07-17,3.279115915298462,3.333354079684708,3.2602119373217464,3.3202098258875345,11767839
2017-07-18,3.276651382446289,3.2865096818976887,3.2470677789997473,3.272543884624136,12852698
2017-07-19,3.3489720821380615,3.3489720821380615,3.272543767988843,3.2766512656646025,12354039
2017-07-20,3.3604824542999268,3.366233038206808,3.3448644307577924,3.3481506030630417,5329019
2017-07-21,3.3489720821380615,3.367876059996872,3.344864366835001,3.360482390078664,5481903
2017-07-24,3.3654112815856934,3.3719834081518676,3.3432213500956833,3.3489719336376744,5692155
2017-07-25,3.341578245162964,3.367875891625273,3.3349969782877533,3.3596606790571593,7604646
2017-07-26,3.325139045715332,3.356365734061302,3.31281611749952,3.353079561836472,13693801
2017-07-27,3.3300681114196777,3.342399962447334,3.3029489205238973,3.325139070672737,8477033
2017-07-28,3.339935541152954,3.3440432567205054,3.3243177345309807,3.326782146244197,6564138
2017-07-31,3.35225772857666,3.359660538160955,3.333353752455712,3.348150231278507,11857182
2017-08-01,3.3777341842651367,3.3777341842651367,3.3456859522850873,3.353079622296972,8041088
2017-08-02,3.3769125938415527,3.3941737031830934,3.37362663923085,3.3801987660795567,11331277
2017-08-03,3.3530795574188232,3.3818418341855767,3.344864344494872,3.3769125758548264,12532433
2017-08-04,3.3300681114196777,3.35800862775053,3.3300681114196777,3.354722673128337,7835429
2017-08-07,3.3506152629852295,3.355544303860951,3.321852985213231,3.3284251122566286,6788172
2017-08-08,3.3473291397094727,3.356365896136831,3.3407570125697514,3.352258180657436,6357787
2017-08-09,3.3432211875915527,3.3514361821794956,3.3317108807208236,3.347328684885524,16797970
2017-08-10,3.3300681114196777,3.3596608542219317,3.311994816929361,3.3440430485720816,20789932
2017-08-11,3.275829553604126,3.321031176908005,3.270900513122043,3.321031176908005,20667062
2017-08-14,3.3161020278930664,3.3193879822311456,3.2717219490599336,3.2758294463893534,15171250
2017-08-15,3.324317455291748,3.334997079615674,3.314459156385027,3.31610224247403,8158680
2017-08-16,3.3202099800109863,3.3276036503185216,3.30459217357224,3.323496152426474,2850910
2017-08-17,3.339935541152954,3.339935541152954,3.32021001896343,3.32021001896343,10208948
2017-08-18,3.341578245162964,3.344864199613835,3.320209639190607,3.3325323492291323,6416664
2017-08-21,3.354722499847412,3.3645897211782776,3.3448642012354384,3.3448642012354384,12130719
2017-08-22,3.3613038063049316,3.3621253493345438,3.347328869709819,3.353079453289812,10999753
2017-08-23,3.3695192337036133,3.3801988585145692,3.3547227531359507,3.362947106675185,4997122
2017-08-24,3.3514363765716553,3.373626525897446,3.344864249943732,3.362125358705404,2874580
2017-08-25,3.4089701175689697,3.4122562899533535,3.3514366384469563,3.3514366384469563,8727267
2017-08-28,3.4500551223754883,3.47142373043458,3.4138993914025155,3.4163638030745065,10636228
2017-08-29,3.4459474086761475,3.458279259492735,3.444304322579523,3.4566361733961104,13898383
2017-08-30,3.4434826374053955,3.46567278625856,3.433624556487124,3.433624556487124,7922928
2017-08-31,3.440196990966797,3.451698158943546,3.422935881027427,3.444304488779262,3413975
2017-09-01,3.4426612854003906,3.4533411275529056,3.4328032039351624,3.441839742340405,4089797
2017-09-04,3.451698064804077,3.4549931597856585,3.4270435030001445,3.4426613087103473,4571155
2017-09-05,3.4623870849609375,3.4714238417207675,3.4385540644658206,3.4508767761027497,9017315
2017-09-06,3.4582791328430176,3.469780299843597,3.4451257394598236,3.4599220012521794,5212383
2017-09-07,3.4443042278289795,3.468958788437426,3.4426611417775552,3.465672833961869,10295826
2017-09-08,3.439375400543213,3.4541716633877724,3.42786509237794,3.442661355222499,10231639
2017-09-11,3.4426612854003906,3.466494303977404,3.4344460724278334,3.4385537877277623,3300955
2017-09-12,3.453341007232666,3.461565142638008,3.4369105818600154,3.444304251514979,5148442
2017-09-13,3.45499324798584,3.4566363341588815,3.4401969849634617,3.45499324798584,4109963
2017-09-14,3.4434826374053955,3.462386614200944,3.4360889679030477,3.4516978499221476,2755821
2017-09-15,3.4443042278289795,3.4500548113816736,3.4319815176978796,3.4426611417775552,1904182
2017-09-18,3.4599223136901855,3.473888111006582,3.4434829643768725,3.444304507469285,6910110
2017-09-19,3.440196990966797,3.464851553443143,3.431160234626604,3.454171710927041,4467603
2017-09-20,3.453341007232666,3.4582791881398536,3.438553667922739,3.4401967539854628,5637173
2017-09-21,3.449233293533325,3.462386687132396,3.4451257960020736,3.4533410086918703,2272831
2017-09-22,3.4418396949768066,3.447590278690272,3.42786497568463,3.447590278690272,2644880
2017-09-25,3.422114133834839,3.441839654234279,3.4196497223452678,3.441839654234279,3364279
2017-09-26,3.4278652667999268,3.4344463168401798,3.415542337650479,3.4204715963611845,1432367
2017-09-27,3.432803153991699,3.439375280748668,3.4270434299362695,3.4278649729843025,2017144
2017-09-28,3.434446334838867,3.4360894210843798,3.425400655395856,3.4328034662206717,2652035
2017-09-29,3.452519416809082,3.4664941356148344,3.4360889916619692,3.4360889916619692,3820910
2017-10-09,3.4977211952209473,3.5158036299284685,3.488684439226831,3.4977211952209473,16240288
2017-10-10,3.4944350719451904,3.50265942534461,3.471423596203669,3.4944350719451904,7319516
2017-10-11,3.504302501678467,3.5084099993796776,3.485398523702523,3.485398523702523,3145147
2017-10-12,3.513339042663574,3.5166252149287387,3.4993641054445317,3.506766915760547,6347323
2017-10-13,3.5215542316436768,3.5231973177650353,3.50923152098809,3.5133390186641855,18292396
2017-10-16,3.513339042663574,3.533064563719352,3.513339042663574,3.5215542556991832,12296774
2017-10-17,3.5100529193878174,3.5215540865087234,3.506766747280534,3.513338873867808,6348874
2017-10-18,3.519911289215088,3.5223759184977386,3.503481080212678,3.5100532073391038,11929627
2017-10-19,3.515803337097168,3.5297782729855545,3.5133387081329697,3.5207323773982826,7136648
2017-10-20,3.514160394668579,3.5166250237334533,3.5075882681228725,3.514981937690204,6023942
2017-10-23,3.519089937210083,3.521554566626565,3.5092318547987977,3.5141608960044404,2640947
2017-10-24,3.536350727081299,3.536350727081299,3.5116959476898457,3.5174467491394052,5403758
2017-10-25,3.5560760498046875,3.5560760498046875,3.534707660181186,3.5363507463185697,5591773
2017-10-26,3.5749802589416504,3.5873029697638352,3.5519685654667903,3.5527901085385762,8059447
2017-10-27,3.594696283340454,3.5996346819272262,3.5774445323810595,3.5782660754211206,10207948
2017-10-30,3.579087734222412,3.608671336831382,3.5462088190002095,3.594696399606528,9760665
2017-10-31,3.583195209503174,3.590588879429294,3.5667558608086076,3.590588879429294,5398082
2017-11-01,3.581552267074585,3.6094930021237297,3.5790878554185386,3.591410566580701,9008026
2017-11-02,3.579909086227417,3.5815519546456995,3.5634695206800524,3.5815519546456995,7524768
2017-11-03,3.566755771636963,3.5831951199205325,3.547030251189585,3.57580145017926,8736060
2017-11-06,3.594696283340454,3.5963485097669823,3.5511468852618835,3.5667557677684516,4756410
2017-11-07,3.630861282348633,3.6325043683892435,3.5856596589304917,3.5946961968992714,11120874
2017-11-08,3.630861282348633,3.665374141411197,3.627575110267411,3.630039739328327,10429039
2017-11-09,3.6505870819091797,3.6505870819091797,3.630040017363469,3.6308615604466987,15208803
2017-11-10,3.6842784881591797,3.690038212598357,3.6423719553347063,3.6555159920970812,12569711
2017-11-13,3.7007172107696533,3.708932640888758,3.6867424921029466,3.687563817487569,6097966
2017-11-14,3.6809918880462646,3.713870583267136,3.6744195439877627,3.713870583267136,8432130
2017-11-15,3.660444736480713,3.687563707272874,3.648943569912292,3.6793487126538764,10972266
2017-11-16,3.6818134784698486,3.6908593749202323,3.650587007361737,3.6579806773325143,11527519
2017-11-17,3.691680908203125,3.694145319623373,3.6653741215129507,3.680170600889729,9264124
2017-11-20,3.7146925926208496,3.7146925926208496,3.6629094820458667,3.668669206201456,14958421
2017-11-21,3.784548759460449,3.787834931691843,3.70318226450195,3.70811108759444,38061737
2017-11-22,3.7919423580169678,3.810846335456547,3.7590632261375734,3.7861917743475137,32903350
2017-11-23,3.6711342334747314,3.790299550183323,3.662088336625202,3.790299550183323,23194015
2017-11-24,3.671955108642578,3.692502171155558,3.641540825014737,3.6604448015238087,24419656
2017-11-27,3.6053853034973145,3.671955317581324,3.6053853034973145,3.6588019237102016,15439686
2017-11-28,3.6218245029449463,3.6275750864219933,3.5914102188376473,3.596348399645916,8845351
2017-11-29,3.6177079677581787,3.6325044475376824,3.5716939406633212,3.623467691744711,11312035
2017-11-30,3.5741589069366455,3.619360535603657,3.568399182406785,3.606207140659775,18868746
2017-12-01,3.575801372528076,3.603742105150925,3.5667556941822127,3.5700416486473685,11347413
2017-12-04,3.5881240367889404,3.602098973094971,3.5626479335608336,3.5733369154436803,5642498
2017-12-05,3.6045637130737305,3.609492753673856,3.5790876090615225,3.583195106623745,8378025
2017-12-06,3.5914106369018555,3.603742488652491,3.556897774048629,3.603742488652491,17525781
2017-12-07,3.5503251552581787,3.5971698633765103,3.543743888565156,3.594696094040193,14886345
2017-12-08,3.583195209503174,3.5914104224907852,3.537172040757483,3.5429228421879215,8642414
2017-12-11,3.6341476440429688,3.6341476440429688,3.583195431400305,3.583195431400305,26962601
2017-12-12,3.595527172088623,3.6423718853494207,3.595527172088623,3.6407196588285244,10785600
2017-12-13,3.6177079677581787,3.619360194180976,3.5848381940200276,3.5996346737995313,12541141
2017-12-14,3.6037423610687256,3.626753837187052,3.593053595917582,3.6103144880930436,9129463
2017-12-15,3.5716938972473145,3.6062067566423535,3.565112630302575,3.6062067566423535,15785709
2017-12-18,3.5749802589416504,3.5881242952083174,3.562648190145403,3.5708634032359607,6745541
2017-12-19,3.608671188354492,3.610314274420154,3.574980089425863,3.574980089425863,23304713
2017-12-20,3.5996346473693848,3.61277890062958,3.5914102943286212,3.6094927285008844,13596513
2017-12-21,3.6357903480529785,3.652229913664682,3.591410267347421,3.5996346203263974,16467358
2017-12-22,3.62839674949646,3.648122269971138,3.6242892519133103,3.6357904192479658,3802083
2017-12-25,3.6185388565063477,3.658802084618829,3.60620700514159,3.63004002443937,7196867
2017-12-26,3.630039691925049,3.632504320953781,3.599634548361061,3.618538525045542,6748752
2017-12-27,3.5864810943603516,3.630039630431174,3.5774443390353743,3.628396544439854,18712973
2017-12-28,3.5996346473693848,3.608671185468711,3.568398819590608,3.585659710730697,9493221
2017-12-29,3.6160647869110107,3.6160647869110107,3.5963484073926835,3.600456122476057,5476701
2018-01-02,3.6694908142089844,3.6694908142089844,3.616886380387776,3.617707923415912,28307772
2018-01-03,3.677705764770508,3.701538999762703,3.6571587018511265,3.6662045977702378,13072237
2018-01-04,3.6859214305877686,3.694145566387143,3.6711340905693532,3.6842783444463216,6133859
2018-01-05,3.6998960971832275,3.7056466809685014,3.6801707939312727,3.6818134447945505,7929795
2018-01-08,3.7163360118865967,3.7212648354477427,3.687564374314852,3.699896444074473,10449052
2018-01-09,3.7475621700286865,3.7500270168563192,3.710575974721442,3.7163356989082805,18475836
2018-01-10,3.7631804943084717,3.7640018197661247,3.7327657723530536,3.747562252974629,17540463
2018-01-11,3.7623584270477295,3.7681090105465995,3.747561947631738,3.755777377811966,14682548
2018-01-12,3.7787890434265137,3.781253454978035,3.7565988933523964,3.7565988933523964,10051064
2018-01-15,3.7755026817321777,3.808381812650627,3.7705734236218857,3.7787888538057053,12764598
2018-01-16,3.8108463287353516,3.8133107402308877,3.7697522017590983,3.7738596993365223,17442518
2018-01-17,3.80180025100708,3.828097896898648,3.788655998234286,3.818239816132695,12025889
2018-01-18,3.8256337642669678,3.8338578999747126,3.8034436141398307,3.8067297863861116,12492908
2018-01-19,3.840430498123169,3.859334477252611,3.8231691699707606,3.8231691699707606,15297738
2018-01-22,3.884809732437134,3.884809732437134,3.8297408902622645,3.8445373690265385,32052167
2018-01-23,3.921787738800049,3.921787738800049,3.888096419868383,3.888096419868383,19165539
2018-01-24,3.9275474548339844,3.9357624504695816,3.89549008180479,3.9234308166692347,11510637
2018-01-25,3.901240587234497,3.9234307376562185,3.8823457494494487,3.920965890811485,9770781
2018-01-26,3.9267256259918213,3.9489157764754412,3.8749429498867882,3.8971331003704086,24880170
2018-01-29,3.8609771728515625,3.9349412988998616,3.8609771728515625,3.9259045421485843,15991851
2018-01-30,3.819883108139038,3.860155474695658,3.819883108139038,3.855226216419566,6937869
2018-01-31,3.8256337642669678,3.8346792254089817,3.805086700262971,3.813310835970716,16308124
2018-02-01,3.8009793758392334,3.837965572597985,3.7804323108986577,3.8338580747302067,24602995
2018-02-02,3.821526050567627,3.8231687013433113,3.747561934440344,3.7960497296343054,12542608
2018-02-05,3.8174185752868652,3.81906166151401,3.7746817937051738,3.7870134278740384,9856755
2018-02-06,3.706468105316162,3.783727104777146,3.6900381142081065,3.783727104777146,17973755
2018-02-07,3.6193602085113525,3.779610285364657,3.6160648959990955,3.76893087870758,30235910
2018-02-08,3.595527172088623,3.6431934284364047,3.5667559714868613,3.618538865989184,17780522
2018-02-09,3.4270434379577637,3.533064493470628,3.357187251572216,3.4697804338574323,40813089
2018-02-12,3.4804694652557373,3.4927921766945915,3.420471573245614,3.428686569119974,8903327
2018-02-13,3.5248494148254395,3.565112860389263,3.4993641691224733,3.4993641691224733,14539077
2018-02-14,3.5536117553710938,3.565934466553085,3.5166253411310673,3.524019011365724,5295332
2018-02-22,3.616886615753174,3.622646340043918,3.582373754115744,3.582373754115744,7843265
2018-02-23,3.6374335289001465,3.6522300088454576,3.609492795450837,3.6168864652502486,13349177
2018-02-26,3.679349184036255,3.694145664795581,3.6357906428251847,3.6735986000153042,19011158
2018-02-27,3.632504463195801,3.68263512841687,3.6316829201540535,3.68263512841687,6527805
2018-02-28,3.5996346473693848,3.632504420866191,3.5741585435348497,3.6242892081717457,6363950
2018-03-01,3.6242895126342773,3.636612223897482,3.578266341664729,3.5897675098267454,7282734
2018-03-02,3.597170114517212,3.6177080379891824,3.5897673043105556,3.607849738966625,4874092
2018-03-05,3.594696283340454,3.625110786006341,3.576622989340999,3.602099093420114,8459987
2018-03-06,3.6357903480529785,3.63661189107898,3.579087557211976,3.6078496153318325,15050249
2018-03-07,3.611957550048828,3.6637313035086683,3.607849834669093,3.6464793341683883,10703709
2018-03-08,3.643193244934082,3.643193244934082,3.607028375998342,3.612778959690275,21245814
2018-03-09,3.676884651184082,3.6785277373151377,3.64237179022173,3.64565774485654,22623510
2018-03-12,3.691680908203125,3.70811089801088,3.6777057542149034,3.6777057542149034,14673426
2018-03-13,3.6662049293518066,3.694145664334766,3.6653744635396204,3.687564179247728,22280525
2018-03-14,3.6497650146484375,3.6694905332779486,3.642371345588552,3.666204361416988,17882288
2018-03-15,3.661267042160034,3.663731453861706,3.6366122614049416,3.6366122614049416,9134327
2018-03-16,3.6242895126342773,3.671134226705014,3.6242895126342773,3.661267004398289,6260553
2018-03-19,3.6390764713287354,3.642371566107488,3.6037420694749724,3.624289132313698,5751961
2018-03-20,3.6398978233337402,3.646479090220534,3.609492679347507,3.6283966562945134,8862219
2018-03-21,3.6234679222106934,3.674419915867318,3.608671441490079,3.6473009416717415,16731296
2018-03-22,3.581552267074585,3.6366121940784217,3.5692204155654115,3.616065129252037,9971152
2018-03-23,3.4426612854003906,3.5026593911735313,3.418006723763392,3.483755413329132,29227769
2018-03-26,3.4566361904144287,3.4607436880489155,3.4106130221804367,3.423757275763553,25917015
2018-03-27,3.4960777759552,3.519089249181537,3.4755307140361986,3.517446380852406,35878494
2018-03-28,3.436089038848877,3.490327418593352,3.4295077718789275,3.472244984438855,9748735
2018-03-29,3.483755588531494,3.4985427114729992,3.3908877034783576,3.4410183723334744,14969652
2018-03-30,3.4878625869750977,3.505945020079631,3.472244782821555,3.4919700842661348,12898245
2018-04-02,3.467315673828125,3.5190894236957297,3.464029719379632,3.4788261988122464,36688323
2018-04-03,3.4484119415283203,3.45827938117446,3.4262220086058135,3.443482900692312,11977240
2018-04-04,3.438553810119629,3.478004852185304,3.4319816832242456,3.453341150041067,8776711
2018-04-09,3.450876474380493,3.4648514113951165,3.423757283752085,3.437732220766708,16169163
2018-04-10,3.5116961002349854,3.5116961002349854,3.4459476251013985,3.457457933592587,27617846
2018-04-11,3.5223758220672607,3.5338861301635744,3.510874654317705,3.5199111928520828,11387587
2018-04-12,3.484576940536499,3.5215542126504604,3.478004813713812,3.5199111265379637,11468035
2018-04-13,3.4599223136901855,3.5133391543725097,3.4549932727630193,3.4968998050591966,21315854
2018-04-16,3.4023890495300293,3.456636355977835,3.388423252225633,3.4516981747079227,13696039
2018-04-17,3.3448641300201416,3.418006484375767,3.341578175637638,3.4056746342476423,6603250
2018-04-18,3.3604824542999268,3.384315473350575,3.321031411707144,3.3678761243594333,16907143
2018-04-19,3.4114346504211426,3.418828320449688,3.362125526373702,3.362125526373702,9096436
2018-04-20,3.3604824542999268,3.408148710028528,3.347329059986729,3.408148710028528,10062349
2018-04-23,3.36869740486145,3.388422924620329,3.3358276321607168,3.3580084229830414,12658833
2018-04-24,3.439375400543213,3.4434828982991474,3.3719836234906992,3.3719836234906992,26321294
2018-04-25,3.419649839401245,3.4352676451405117,3.41307771249193,3.4336247766336596,6760270
2018-04-26,3.3514363765716553,3.4319815435557977,3.3489719651032424,3.4196496929855384,17786705
2018-04-27,3.3604824542999268,3.3736267082663147,3.327603538690338,3.3686976674357454,7916857
2018-05-02,3.3662328720092773,3.3884230214390345,3.344864265615271,3.3711619125964902,7049586
2018-05-03,3.392530679702759,3.4007458928221506,3.3333541159319124,3.3662330314757574,19236658
2018-05-04,3.375270128250122,3.399103149657976,3.36623337114421,3.385137351233988,4855412
2018-05-07,3.4278652667999268,3.4286865922910614,3.3752699675430415,3.37937746550798,16819342
2018-05-08,3.467315673828125,3.4755308863902923,3.427864851617416,3.4344459008605734,12945416
2018-05-09,3.4599223136901855,3.4689590700794155,3.444304507469285,3.468137526987003,6190158
2018-05-10,3.482933759689331,3.482933759689331,3.4566361127672858,3.46238669637731,12062628
2018-05-11,3.466494083404541,3.492791729488194,3.464029672008695,3.4829336486502345,10662091
2018-05-14,3.4968996047973633,3.5051237403428765,3.467315785326975,3.467315785326975,8597465
2018-05-15,3.5051236152648926,3.5051236152648926,3.4747093311152852,3.496899480012852,5750772
2018-05-16,3.4763526916503906,3.5026594804243087,3.468959021549422,3.49443512689556,6477602
2018-05-17,3.4484119415283203,3.4911491564735067,3.4484119415283203,3.47553113291414,4737276
2018-05-18,3.489506244659424,3.4927921995051645,3.4352678591779626,3.4475905706972934,15373105
2018-05-21,3.504302501678467,3.5240188823734218,3.491970432973539,3.5125174970808883,14178521
2018-05-22,3.489506244659424,3.5043027258808235,3.469780722355755,3.5043027258808235,4850343
2018-05-23,3.4418396949768066,3.487041319956151,3.4418396949768066,3.487041319956151,8852234
2018-05-24,3.4130775928497314,3.450054864154895,3.409791420696616,3.4418396513994014,7230230
2018-05-25,3.404853582382202,3.4295081458487906,3.3941739570644645,3.412256393190756,8398969
2018-05-28,3.4270434379577637,3.4377322026991144,3.3974596183220163,3.4065055145907523,6424171
2018-05-29,3.3958165645599365,3.432802974719082,3.3925303925394186,3.4262217079593147,17396908
2018-05-30,3.3308897018432617,3.377734196739531,3.3276035295470416,3.377734196739531,16972415
2018-05-31,3.390887498855591,3.394995214114222,3.3448643306569372,3.3473289598121156,23142085
2018-06-01,3.3645899295806885,3.390066034613796,3.351436535355348,3.3769126403884555,12610004
2018-06-04,3.3982810974121094,3.4048532240607656,3.375269622609116,3.3769124910508097,10423886
2018-06-05,3.4303386211395264,3.4328032503528103,3.390887578797308,3.3999243349520443,9408355
2018-06-06,3.4295079708099365,3.431981740393838,3.416363716800214,3.4286864277309155,8495648
2018-06-07,3.415541648864746,3.445947007953831,3.413077237633688,3.435267167195006,14520126
2018-06-08,3.3695192337036133,3.4163637290510165,3.3547227531359507,3.4155421859690493,14359744
2018-06-11,3.3785555362701416,3.390065843705641,3.3596606995871223,3.367054369180876,6608667
2018-06-12,3.421292781829834,3.4254002793653893,3.37116189954149,3.3801986552724634,14056813
2018-06-13,3.3843154907226562,3.4106131391372307,3.3621255577107294,3.4106131391372307,10828881
2018-06-14,3.3777341842651367,3.4073271450061777,3.3695191888095346,3.3719836003952937,6328477
2018-06-15,3.3670547008514404,3.3917092638539157,3.354722849176636,3.377734325968138,7754965
2018-06-19,3.2487103939056396,3.3473288539711907,3.2133670688696676,3.3473288539711907,20406356
2018-06-20,3.263497829437256,3.2774727663791334,3.223234385404651,3.249532032841895,10969407
2018-06-21,3.228985071182251,3.3029487525466763,3.228985071182251,3.2643192556501837,10768495
2018-06-22,3.2487103939056396,3.249531936931389,3.1969368612365527,3.2273420053990725,9369465
2018-06-25,3.2043304443359375,3.2725437630302796,3.201866032785136,3.2634978666579193,9422461
2018-06-26,3.1837832927703857,3.196936685551206,3.1320095453191965,3.1846048357509877,10511884
2018-06-27,3.104069232940674,3.1985799854350248,3.0991310516723405,3.195294030696557,11114898
2018-06-28,3.085986852645874,3.136939064901995,3.0736550009613404,3.0983095639832663,7940514
2018-06-29,3.1574862003326416,3.1640583277007557,3.091737505609468,3.0925590487338965,16872702
2018-07-02,3.081057548522949,3.1558427743084185,3.043249593939046,3.1476275615759413,16568745
2018-07-03,3.074476480484009,3.0892727435536305,2.999691032231427,3.085986788824362,16840143
2018-07-04,3.035856008529663,3.074476366875434,3.0325698362945177,3.0605105701306665,9532236
2018-07-05,3.0177738666534424,3.064618365225455,3.0112017391726122,3.0358563031663968,11444789
2018-07-06,3.039141893386841,3.0654395405018655,2.9849037307042243,3.017773504511404,16999761
2018-07-09,3.1246163845062256,3.1270807962217204,3.0498220112465186,3.0498220112465186,18400451
2018-07-10,3.1270804405212402,3.1385818251854394,3.0950232877805917,3.125437572106889,10206736
2018-07-11,3.081057548522949,3.095023344879972,3.0062721051101855,3.095023344879972,17334063
2018-07-12,3.148448944091797,3.1640578257249725,3.076118993128265,3.076118993128265,18357200
2018-07-13,3.1583075523376465,3.1640581362333453,3.1443326149753137,3.1509138822925187,6195986
2018-07-16,3.147627830505371,3.17967606385653,3.1279023084921183,3.155843043939746,10710851
2018-07-17,3.130366802215576,3.145975685302042,3.101604524907647,3.145975685302042,12624111
2018-07-18,3.119678020477295,3.1632365602869763,3.118856477411118,3.1344742831332786,8580676
2018-07-19,3.119678020477295,3.154199804186327,3.1106412643766457,3.1204995635434725,4997620
2018-07-20,3.1780331134796143,3.187069652160275,3.093380443489409,3.119678092047886,16115805
2018-07-23,3.2010443210601807,3.2026874070923395,3.1500921143892837,3.166522321829007,5632929
2018-07-24,3.2528181076049805,3.2659715011028556,3.2010443573313534,3.2010443573313534,17480948
2018-07-25,3.2487103939056396,3.2585686925873416,3.2396647155307314,3.2561040635100933,14442148
2018-07-26,3.214188814163208,3.2618548523304463,3.213367271085759,3.2511752275782206,13820611
2018-07-27,3.210081100463867,3.2256989053497063,3.198579715780576,3.2141885979474987,4779371
2018-07-30,3.1919984817504883,3.228163567654936,3.1796757715454227,3.206794961393785,8802362
2018-07-31,3.2002227306365967,3.215010069452393,3.181318754082535,3.189533966494343,6220879
2018-08-01,3.132831573486328,3.228163870974227,3.131188487270656,3.2117243037249765,12544252
2018-08-02,3.0613322257995605,3.1287237862385573,3.022702725686202,3.1287237862385573,16733668
2018-08-03,3.0259885787963867,3.071190204476532,3.0243457103008526,3.0572244076870354,13161630
2018-08-06,2.9988696575164795,3.0506431933303664,2.9742148777820554,3.02434576269925,16021905
2018-08-07,3.064617872238159,3.064617872238159,2.9857251517440266,3.007093539746327,16155360
2018-08-08,3.0153088569641113,3.064617978733092,3.0062721012073887,3.061332024220744,8780247
2018-08-09,3.083522081375122,3.098309421350171,3.003798671516704,3.016130522633531,19723761
2018-08-10,3.0983095169067383,3.1065338705629486,3.0720118680721167,3.083522176475625,7489808
2018-08-13,3.081057548522949,3.090094086664109,3.0259884850917538,3.0687256978915203,10303786
2018-08-14,3.069547176361084,3.0810577021577945,3.0490003295999175,3.0728333486688553,5710232
2018-08-15,2.9939403533935547,3.0695471247129227,2.9914759418314976,3.0687257992771046,14588548
2018-08-16,2.9832606315612793,3.016130405224529,2.9429880478519537,2.987368129115654,16040786
2018-08-17,2.9355945587158203,3.0120228753074163,2.930656377475007,3.0005125669989856,10684536
2018-08-20,2.969285726547241,2.969285726547241,2.9224410156744987,2.94380962231176,10991333
2018-08-21,3.0177738666534424,3.03339167375084,2.9676429779000326,2.96928606417707,14621118
2018-08-22,3.0153088569641113,3.035855920301343,2.9996908342090496,3.0235240696859234,7235753
2018-08-23,3.0251669883728027,3.040785011387261,2.988189716605094,3.0112014094292534,12926992
2018-08-24,3.0259885787963867,3.056403082252919,2.9931188041295465,3.0144874111911433,16196059
2018-08-27,3.0991311073303223,3.0991311073303223,3.0317484682008984,3.0317484682008984,15044562
2018-08-28,3.0950231552124023,3.1139271313458905,3.0859863999977337,3.09913065251328,6622087
2018-08-29,3.085165023803711,3.0974877339998215,3.0687256757383663,3.0974877339998215,5981905
2018-08-30,3.0580458641052246,3.1007830770175495,3.052286140119149,3.0900940948026285,8383086
2018-08-31,3.0292835235595703,3.0580455794269055,3.016951674043654,3.0489999017576377,12693749
2018-09-03,3.023524284362793,3.0284533252949353,2.9980481786345328,3.0268102391084515,12793044
2018-09-04,3.0613322257995605,3.0695472214350095,3.0128444262454317,3.0235242687752084,12536366
2018-09-05,3.002976894378662,3.0539382406636504,3.000512265365827,3.053116697659372,13969403
2018-09-06,2.971750497817993,3.021881165641546,2.9676427823960085,2.9996910148978513,15582964
2018-09-07,2.987368106842041,3.024345595411259,2.9651781751892843,2.9750362562972015,13596400
2018-09-10,2.9544897079467773,2.98736862744095,2.9446316251209246,2.980787359333382,16207355
2018-09-11,2.94134521484375,2.964356909305438,2.932299535574038,2.954489469301396,11791034
2018-09-12,2.922440767288208,2.949559955308962,2.917511727063817,2.9429878291340144,15508326
2018-09-13,2.9495601654052734,2.9627135590377662,2.9158688488097493,2.9503817084390698,19732578
2018-09-14,2.9536678791046143,2.9610704714968485,2.940523625824998,2.9462742094314183,8937094
2018-09-17,2.923262596130371,2.945452746096717,2.9183335554239673,2.945452746096717,7666919
2018-09-18,2.975857973098755,2.979144145411481,2.910109282076799,2.9134045947363556,32302458
2018-09-19,3.0128443241119385,3.0366775603502223,2.9618921146453454,2.973393499874239,18961544
2018-09-20,3.0144872665405273,3.0284530626598727,3.0062720539478613,3.0120226374745402,17678012
2018-09-21,3.1106412410736084,3.1106412410736084,3.014487406073922,3.016130492193968,36526822
2018-09-25,3.081879138946533,3.0876297226595013,3.0695470704981895,3.0736547857412364,17855746
2018-09-26,3.119678020477295,3.138581998464166,3.0802361187178953,3.08762978868619,25861420
2018-09-27,3.10324764251709,3.1163918965250956,3.095023506635727,3.1147488103672685,10464555
2018-09-28,3.132831573486328,3.136117528290358,3.1032477517663306,3.1032477517663306,16906435
2018-10-08,2.9980483055114746,3.0892728897002906,2.9922977212427266,3.0687260416619426,18644003
2018-10-09,2.9947614669799805,3.0128438992401794,2.9807865318190245,2.9988691817064934,23852325
2018-10-10,2.991476058959961,3.015309078561044,2.965178410073019,2.9955835568090823,17547279
2018-10-11,2.8386099338531494,2.9216195084747665,2.818072011885315,2.905179943503692,41993288
2018-10-12,2.881347179412842,2.890392858230951,2.8221797566130475,2.837788639612476,51479391
2018-10-15,2.846834421157837,2.9002512620504537,2.8419053802112657,2.8961437641995293,35425832
2018-10-16,2.829573392868042,2.8829902311967146,2.8188937683918613,2.851763325223202,22537358
2018-10-17,2.8402531147003174,2.874775116801291,2.793417759562553,2.8566926814800837,38949468
2018-10-18,2.780264139175415,2.826287087835538,2.77287046964422,2.826287087835538,19969264
2018-10-19,2.846834421157837,2.853406548295702,2.7465730841377787,2.7613604246048027,38223526
2018-10-22,2.990654468536377,3.0037987225983245,2.8706676117072045,2.8838118657691525,92812092
2018-10-23,2.9010727405548096,2.994761948351048,2.878061046923949,2.994761948351048,53011465
2018-10-24,2.9035370349884033,2.953667917986584,2.877239605363954,2.877239605363954,68119057
2018-10-25,2.906001567840576,2.90928773990851,2.8114908239122194,2.8271086286991864,39668891
2018-10-26,2.8846333026885986,2.9331211037196288,2.867381550175911,2.920798392263807,26983658
2018-10-29,2.799989938735962,2.884633252260642,2.7819072854508136,2.876418256518582,28720763
2018-10-30,2.827930212020874,2.8624430714357727,2.781907045112587,2.79834661077813,33429495
2018-10-31,2.8665597438812256,2.8854545808872265,2.828751789176444,2.843548268963111,28283202
2018-11-01,2.8879287242889404,2.928192172976601,2.8813474564088493,2.885454954506427,23888822
2018-11-02,2.9972264766693115,2.9980480197190067,2.9306562448774587,2.9659997885708793,41255463
2018-11-05,2.9643566608428955,2.987368135748525,2.936415927708318,2.9849037242613456,15479297
2018-11-06,2.9503817558288574,2.962713606625631,2.9216196969741284,2.9528463849698343,14111200
2018-11-07,2.925727367401123,2.9783226651899644,2.9191552402642738,2.950381930104504,23537660
2018-11-08,2.924084186553955,2.9536680068727916,2.918333602698779,2.947917205390312,17325983
2018-11-09,2.8887503147125244,2.9060020681574876,2.8805259604078697,2.901894569992685,16391394
2018-11-12,2.9191553592681885,2.9199769023971998,2.874775272998013,2.8829904866608085,24322026
2018-11-13,2.940523862838745,2.959427841594823,2.8862763382420193,2.8920360626590202,24753367
2018-11-14,2.909287929534912,2.942166627285836,2.9035371280411924,2.93147786227679,17648998
2018-11-15,2.942988157272339,2.944631243406097,2.8936790335846148,2.8936790335846148,28884119
2018-11-16,2.9520249366760254,2.9816085395273118,2.9265488315642445,2.94380972356971,40133969
2018-11-19,2.9832606315612793,2.984082174597613,2.9462742199972896,2.950381717551665,24418905
2018-11-20,2.924084186553955,2.9758579395712976,2.9166905165609274,2.9758579395712976,28800149
2018-11-21,2.9314775466918945,2.937237270284999,2.8994293181810593,2.908466073356759,21246921
2018-11-22,2.924084186553955,2.93641603767996,2.905180208503848,2.9314778565469823,18335472
2018-11-23,2.8566925525665283,2.9232625665370513,2.8566925525665283,2.9232625665370513,35580106
2018-11-26,2.847655773162842,2.882168633074516,2.8377885515848105,2.8566925289812404,41681631
2018-11-27,2.8501203060150146,2.8706673687984554,2.8377884557319666,2.852584717426031,8874246
2018-11-28,2.8879287242889404,2.8887502674339207,2.844370180301109,2.8492992215436668,17987032
2018-11-29,2.860799789428711,2.910108907447061,2.855049206249041,2.8994292840601426,13574751
2018-11-30,2.8829903602600098,2.887928541537647,2.8517634528885574,2.8608002092841596,12062883
2018-12-03,2.9643566608428955,2.976679371160676,2.9397020998609498,2.9586060772030844,56518914
2018-12-04,2.969285726547241,2.9709288126374482,2.9470957944921734,2.963535142858814,11312840
2018-12-05,2.958606004714966,2.9651781312319128,2.933942303990915,2.9347638470089445,34091672
2018-12-06,2.896143913269043,2.9446314980835178,2.8928577407173104,2.9446314980835178,20567699
2018-12-07,2.8986082077026367,2.9084665073313904,2.892857623597244,2.8961437960159326,20075557
2018-12-10,2.8673810958862305,2.8879281579469214,2.85504924603696,2.8838115203090706,13146352
2018-12-11,2.878882646560669,2.878882646560669,2.864916849225859,2.8755966918139952,6551351
2018-12-12,2.88957142829895,2.896964880370998,2.8797039891443657,2.890392753707949,6982646
2018-12-13,2.9331207275390625,2.9462741207691856,2.8854544757353864,2.8928572855321413,30152314
2018-12-14,2.8870978355407715,2.926548878626289,2.885454749367625,2.9257273355397158,18441157
2018-12-17,2.8838119506835938,2.8879285889358037,2.8608002562370722,2.8846332761627567,16060072
2018-12-18,2.8501203060150146,2.884632947133649,2.8361453697064305,2.87395332322224,26413077
2018-12-19,2.8213582038879395,2.859157019377494,2.8123125251007988,2.850120480937017,13107599
2018-12-20,2.798346757888794,2.824644406026543,2.777799693626911,2.824644406026543,23177688
2018-12-21,2.7605385780334473,2.7975249882017,2.743277469830032,2.7975249882017,23088365
2018-12-24,2.7687535285949707,2.772870383901873,2.7432774259998496,2.761360076919684,15269196
2018-12-25,2.750680446624756,2.761360288715289,2.7038359528025824,2.754788161900845,24698877
2018-12-26,2.7408132553100586,2.761360319383381,2.7325980422939398,2.7473945225441696,14017266
2018-12-27,2.731776475906372,2.7777996444188333,2.729312064361688,2.766289336524244,18983332
2018-12-28,2.7416348457336426,2.759717280926296,2.7235615508878226,2.7358842618112136,21351618
2019-01-02,2.7087650299072266,2.7523235697211716,2.6988975903927375,2.746572985884669,14307082
2019-01-03,2.7046573162078857,2.7383486341549728,2.6956116373814987,2.7095865746084073,15179120
2019-01-04,2.765467882156372,2.765467882156372,2.6800028095684785,2.684110524986854,37259456
2019-01-07,2.783550262451172,2.787657977788367,2.7662893705701497,2.777799678606401,19472679
2019-01-08,2.776978015899658,2.783550142528724,2.7679323374554348,2.781907056464634,10607824
2019-01-09,2.8049187660217285,2.8394314081617473,2.7777995759608523,2.7777995759608523,42372758
2019-01-10,2.8008110523223877,2.818893704239554,2.787657876257619,2.8040972244724562,20131917
2019-01-11,3.1108055114746094,3.1108055114746094,3.1108055114746094,3.1108055114746094,0
2019-01-14,2.796804189682007,2.8251009641725884,2.7931530561556697,2.805019403336755,23187318
2019-01-15,2.8470075130462646,2.849745917145861,2.7931525951330043,2.797716674508093,31492221
2019-01-16,2.8479201793670654,2.852484258641986,2.8378795096404295,2.8506585834065623,28229022
2019-01-17,2.83514142036438,2.8634381927049883,2.8324030160208595,2.847920495549273,25124754
2019-01-18,2.8826067447662354,2.888083553337918,2.8369670360477066,2.8369670360477066,49608021
2019-01-21,2.8990368843078613,2.915467090773733,2.8844321354341553,2.896298480292337,25116817
2019-01-22,2.8634378910064697,2.8953855756026194,2.85704835408724,2.8944728467933807,17845860
2019-01-23,2.8588740825653076,2.8762172373476704,2.850658869621983,2.85704862477388,19084228
2019-01-24,2.8762176036834717,2.8835198710338514,2.8442696943640717,2.857961717680194,34177218
2019-01-25,2.900862693786621,2.916380173338744,2.8780429477254876,2.8780429477254876,25428781
2019-01-28,2.8999500274658203,2.941025658313265,2.892647543171907,2.90999069853923,31806266
2019-01-29,2.9090778827667236,2.91455469141683,2.8707404398432805,2.8935604033429563,37992664
2019-01-30,2.8917346000671387,2.9163800202756875,2.8889961958631565,2.8981241373340003,26684566
2019-01-31,2.9154675006866455,2.9300722516137707,2.8953859409584353,2.898124345358978,40214162
2019-02-01,2.962932825088501,2.963845553993905,2.9209442486576886,2.9273337862501205,32961627
2019-02-11,3.012223482131958,3.0140491574574053,2.952891754396035,2.9629326422450615,49515159
2019-02-12,3.030479669570923,3.037782153979637,3.003095842699695,3.0122237849901046,35492236
2019-02-13,3.0943753719329834,3.1089799049704956,3.0304795605710044,3.0304795605710044,94610502
2019-02-14,3.100764751434326,3.1117181506539415,3.0815959219522386,3.086160001514214,54882056
2019-02-15,3.0478224754333496,3.094375128111028,3.0423456671621776,3.093462181647642,45106161
2019-02-18,3.1327128410339355,3.1354512455980905,3.0615149752478668,3.0615149752478668,77285065
2019-02-19,3.1272361278533936,3.1637478971183737,3.112631376621939,3.138189528056501,90118710
2019-02-20,3.135451078414917,3.1473174250177647,3.114456789627364,3.1263231362302117,100746176
2019-02-21,3.1327128410339355,3.1820039055614044,3.1199337648194256,3.1354512455980905,82979430
2019-02-22,3.208474636077881,3.208474636077881,3.111718193721399,3.132712481217013,143790284
2019-02-25,3.4156789779663086,3.4366732646701488,3.241335147203193,3.241335147203193,154794363
2019-02-26,3.3627371788024902,3.4412375264487376,3.345394023069007,3.4375863930383495,96631975
2019-02-27,3.3481321334838867,3.3919463834424928,3.312533096197637,3.3654752876942076,88312177
2019-02-28,3.3399171829223633,3.364562822873578,3.32805083622903,3.347219667302197,87308230
2019-03-01,3.4092893600463867,3.4111150354263278,3.3362658268854637,3.3590857898118998,89744798
2019-03-04,3.446714162826538,3.5370808527530397,3.4229814704061674,3.435760545516428,108364474
2019-03-05,3.4777491092681885,3.4777491092681885,3.4321094000180743,3.4448884750826463,111155060
2019-03-06,3.496005058288574,3.5096970801330842,3.4412374061651434,3.4777491742474305,97863705
2019-03-07,3.458580255508423,3.4960047491957584,3.4321091607009664,3.4914408874026304,89504890
2019-03-08,3.3371787071228027,3.430283803176771,3.3317021159891733,3.349958000107418,92112199
2019-03-11,3.385557174682617,3.391033766035042,3.327138169068493,3.327138169068493,67021347
2019-03-12,3.4056379795074463,3.4549290349121025,3.3782541565614284,3.4019868466400998,79322886
2019-03-13,3.385557174682617,3.4129410019539956,3.3618244808552937,3.405638517438573,78975711
2019-03-14,3.3609113693237305,3.4028999459378837,3.3426554853721253,3.376428848919865,66391543
2019-03-15,3.4038126468658447,3.4412371409780076,3.3609111268106417,3.3609111268106417,120377825
2019-03-18,3.5051329135894775,3.5051329135894775,3.396510340943887,3.412940766750798,97585984
2019-03-19,3.4786620140075684,3.513348105570095,3.4640572636975,3.504220163829715,90068511
2019-03-20,3.4786620140075684,3.498743355260027,3.4403245716470514,3.4722722589247343,97488915
2019-03-21,3.4768364429473877,3.505132997903549,3.46862122984632,3.49144119369574,71210296
2019-03-22,3.4841387271881104,3.491441211412995,3.4339351546683154,3.4795748649714495,76960660
2019-03-25,3.397423267364502,3.453103867888844,3.39103372949942,3.434847983237951,81120817
2019-03-26,3.3599987030029297,3.419330435764505,3.3444812231177425,3.4038129558793178,73816994
2019-03-27,3.384644031524658,3.400161510981136,3.3609113390757037,3.3609113390757037,71052682
2019-03-28,3.3773417472839355,3.39742308876789,3.3590858635927225,3.3727776675474823,57929505
2019-03-29,3.51426100730896,3.5270403004758952,3.380080278888262,3.3864698166580753,127924908
2019-04-01,3.607365846633911,3.611017197350294,3.5279527770302175,3.5279527770302175,124705901
2019-04-02,3.6000638008117676,3.6274476270970135,3.5891101832467465,3.6274476270970135,72647089
2019-04-03,3.654831886291504,3.6648723402720127,3.5781569940745603,3.5909360702349447,91353261
2019-04-04,3.6968202590942383,3.705947983588981,3.650267601932671,3.663959406302092,123165174
2019-04-08,3.6840405464172363,3.7479363553958107,3.6484417264320586,3.7278550144046427,120312356
2019-04-09,3.697733163833618,3.7086867819518097,3.663046851544223,3.6803900076889207,69143505
2019-04-10,3.7013840675354004,3.7378958376395874,3.6630468395023934,3.688604991524398,80617004
2019-04-11,3.6384012699127197,3.724203882676503,3.6219708434511606,3.699558460611472,94800074
2019-04-12,3.630185842514038,3.642052188382656,3.6046274754019,3.6310985713878408,40924073
2019-04-15,3.609191417694092,3.7086862604808197,3.6046273382441525,3.6721740601358777,115262942
2019-04-16,3.713249921798706,3.713249921798706,3.587284418706996,3.594586684707828,105852388
2019-04-17,3.707773208618164,3.729680442437327,3.684953681186886,3.7141627459396553,56084268
2019-04-18,3.7004714012145996,3.7196400155556,3.688605053967127,3.7068609393282665,64078197
2019-04-19,3.7451980113983154,3.746110740233935,3.670348588568109,3.7004708164164013,90845600
2019-04-22,3.660308599472046,3.749762130250455,3.6420524970576618,3.747023943396976,93893257
2019-04-23,3.6557445526123047,3.691343593558103,3.6420525300841846,3.651180472560493,51293307
2019-04-24,3.6575698852539062,3.6703489607575728,3.5982381523764437,3.6575698852539062,97436610
2019-04-25,3.5881974697113037,3.6530057935760865,3.583633607457846,3.6338371803824128,66218629
2019-04-26,3.537081003189087,3.588197523431474,3.5270403319793124,3.582720714543484,87139059
2019-05-06,3.341742753982544,3.4777491546092536,3.300666906308266,3.4777491546092536,115193251
2019-05-07,3.3819057941436768,3.4001616788321933,3.340830162408171,3.341742891354403,60257954
2019-05-08,3.3317019939422607,3.386469644290745,3.3225740522175133,3.336265855990986,85131796
2019-05-09,3.274195671081543,3.3289635382108522,3.2532013836763745,3.3152715170217015,80186470
2019-05-10,3.3873825073242188,3.3974231783308886,3.252288833871517,3.3006669486913074,150411644
2019-05-13,3.324399709701538,3.3654755587442082,3.310707905105522,3.336266056419318,74282653
2019-05-14,3.3152716159820557,3.3499579256117564,3.297015732269782,3.3052309452284954,55982258
2019-05-15,3.3764288425445557,3.4001615351622916,3.3362659414523193,3.3362659414523193,78581200
2019-05-16,3.397423267364502,3.4010746183965295,3.359998769118364,3.3736907914201897,71694612
2019-05-17,3.3170971870422363,3.401074336527541,3.309794703210696,3.397422985798124,67364874
2019-05-20,3.290626287460327,3.327138055913746,3.2605040567235255,3.307969442763893,58159322
2019-05-21,3.3280506134033203,3.3581728425884743,3.288800442575008,3.2906261179545577,74877882
2019-05-22,3.318922996520996,3.3371788815936756,3.297928706924683,3.3289638856500914,66685794
2019-05-23,3.269631862640381,3.3088820338555713,3.2632423251899194,3.3079693049704475,58521957
2019-05-24,3.273283004760742,3.299754101147409,3.260503929824868,3.2632423341150263,83712462
2019-05-27,3.307056188583374,3.3225738845971606,3.2367710626113593,3.274195556506608,92378887
2019-05-28,3.3216612339019775,3.3517834645189097,3.3043180786674275,3.3043180786674275,61797086
2019-05-29,3.330789089202881,3.363649723349544,3.31070774773297,3.3198356895721934,46395199
2019-05-30,3.318009853363037,3.331701874272008,3.2796724124452084,3.327137794759921,57905149
2019-05-31,3.3061435222625732,3.349957771735861,3.2988412561640037,3.3143587348439314,82021578
2019-06-03,3.3161845207214355,3.359086045584719,3.291539098165763,3.3107079294191952,66291829
2019-06-04,3.290626287460327,3.324399651517009,3.276021536553498,3.3161844383267978,47044869
2019-06-05,3.280585765838623,3.3216613984058623,3.275108956795707,3.3216613984058623,69417597
2019-06-06,3.257765531539917,3.2906261654550946,3.250463265170899,3.282410952569476,64834400
2019-06-10,3.291539192199707,3.3088823484296506,3.2577658263390346,3.2577658263390346,64824902
2019-06-11,3.39103364944458,3.401074538104646,3.2906262862350646,3.2906262862350646,97745191
2019-06-12,3.368213653564453,3.395597477866527,3.3609111698408594,3.3919463448183755,49344840
2019-06-13,3.365475654602051,3.379167459588047,3.3317022889923016,3.3645629256369354,53209896
2019-06-14,3.341742753982544,3.3846440594742457,3.332614812013516,3.3682138509809163,58408629
2019-06-17,3.3453938961029053,3.372777722082499,3.332614820837889,3.3417427628310867,54937050
2019-06-18,3.3536088466644287,3.362736787943091,3.323486618682114,3.3490447672114545,72767200
2019-06-19,3.4065511226654053,3.4686210378765323,3.400161367744456,3.4275454098991203,89042633
2019-06-20,3.4987435340881348,3.5306914406260392,3.4029000321017286,3.4074641120188476,133990118
2019-06-21,3.51334810256958,3.5379935234848294,3.4932665437069743,3.53708079459976,78044705
2019-06-24,3.5106096267700195,3.519737568316653,3.4914410148102775,3.5142607598632143,74892623
2019-06-25,3.4777491092681885,3.511522472350543,3.4348478043358113,3.5106097434537307,94838357
2019-06-26,3.4786620140075684,3.4896154135196467,3.4531036465581244,3.4594931840136613,53871954
2019-06-27,3.5106096267700195,3.5352550471832003,3.477748993676681,3.4804873979034,107636288
2019-06-28,3.51426100730896,3.51426100730896,3.4868771807409136,3.5106098739586824,54470410
2019-07-01,3.607365846633911,3.6146683304393834,3.5662902185338905,3.5717670269811714,96451853
2019-07-02,3.6046276092529297,3.6110173644887067,3.5863717253352028,3.605540555787928,64856181
2019-07-03,3.5772438049316406,3.5945869600461764,3.5662904050913844,3.58363356020592,56197929
2019-07-04,3.5544238090515137,3.5909355745424265,3.5361679263060575,3.569941287622423,52408111
2019-07-05,3.5717670917510986,3.5790693580616963,3.5443830490181165,3.5599007457759053,42884307
2019-07-08,3.496005058288574,3.564464732256515,3.462231694575189,3.564464732256515,96219272
2019-07-09,3.486876964569092,3.505132847816001,3.4713594855719485,3.486876964569092,68537755
2019-07-10,3.4850516319274902,3.5051329736435957,3.474098014535213,3.4914411695305514,34645126
2019-07-11,3.486876964569092,3.525214406438519,3.4704467566977915,3.497830581568155,56156242
2019-07-12,3.5106096267700195,3.5206505148104212,3.4740978605834862,3.4740978605834862,65476818
2019-07-15,3.5270400047302246,3.550772695957985,3.4521907980028175,3.500568909312547,80839673
2019-07-16,3.51334810256958,3.532516714919819,3.504220160836995,3.5224760443021648,46720943
2019-07-17,3.509697198867798,3.5252146790650034,3.4905283676369936,3.505133118889455,49096522
2019-07-18,3.4850516319274902,3.5005691114816817,3.482313227579421,3.4978307071336125,69839221
2019-07-19,3.51517391204834,3.540732062823538,3.488702814725952,3.4941796234998677,67802677
2019-07-22,3.4905283451080322,3.5416450829753794,3.475010865010981,3.5316041941387564,57244636
2019-07-23,3.497830629348755,3.50513289569635,3.485051554426814,3.496004953948207,37028453
2019-07-24,3.526127338409424,3.550772978076848,3.504220320776798,3.504220320776798,69000034
2019-07-25,3.5562493801116943,3.5562493801116943,3.5215632888405595,3.5270400973642375,79383565
2019-07-26,3.564464569091797,3.5717670529503627,3.542557552770687,3.544383010514858,53065159
2019-07-29,3.558074951171875,3.565377217237811,3.5443829302641325,3.5599006265020035,54530024
2019-07-30,3.57541823387146,3.595499575089604,3.5535109996301437,3.5535109996301437,62020595
2019-07-31,3.54712176322937,3.569028999329951,3.53981949628072,3.560813785792233,99591543
2019-08-01,3.5124354362487793,3.5398192619343005,3.502394547824977,3.5398192619343005,78874125
2019-08-02,3.4604058265686035,3.4667955814920246,3.435760406247165,3.456754693489,78912510
2019-08-05,3.398336172103882,3.4485399630895035,3.3946850387441097,3.4485399630895035,71489779
2019-08-06,3.35817289352417,3.3682137818230484,3.313446131133397,3.3408299564782227,80842277
2019-08-07,3.335353374481201,3.3819058154418973,3.335353374481201,3.3819058154418973,56635356
2019-08-08,3.3782544136047363,3.3864696264018015,3.341742646898619,3.341742646898619,57395593
2019-08-09,3.364562749862671,3.395597709328403,3.3536091323442685,3.391033629486634,74657643
2019-08-12,3.414766311645508,3.414766311645508,3.366388197136512,3.366388197136512,63991608
2019-08-13,3.39103364944458,3.4047256714231673,3.3819057073346244,3.3955977293132116,45285211
2019-08-14,3.4102020263671875,3.443062657115227,3.4083763511372442,3.4403242530839506,49817072
2019-08-15,3.425719738006592,3.425719738006592,3.357260067805366,3.3636496051054774,97077456
2019-08-16,3.430283784866333,3.454929424158982,3.4092894964796865,3.422981518308936,59774254
2019-08-19,3.5106096267700195,3.5142607598632143,3.4448883605833425,3.4467140359435864,79839323
2019-08-20,3.5051329135894775,3.519737663986521,3.4996563226144732,3.509696993300497,56861347
2019-08-21,3.502394437789917,3.509696921653014,3.4950921715541146,3.503307384289863,32208809
2019-08-22,3.507871150970459,3.5142606881600043,3.4896152682496764,3.5096968262934527,41855151
2019-08-23,3.5343425273895264,3.5462088738648285,3.502394621272796,3.5078714300502134,81780519
2019-08-26,3.491441011428833,3.503307357190693,3.473185128353247,3.473185128353247,62337650
2019-08-27,3.5407321453094482,3.564464838797762,3.5005692427439308,3.5005692427439308,113107860
2019-08-28,3.5224759578704834,3.5407318408877053,3.5142607452245462,3.534342303594407,36957892
2019-08-29,3.5069587230682373,3.52704028283529,3.488702838780847,3.5261273362818053,47312223
2019-08-30,3.5215632915496826,3.5489471165618434,3.4960049242952884,3.5288655578353403,82317114
2019-09-02,3.5562493801116943,3.5735925345609094,3.5142608049332233,3.5224760177187404,140602366
2019-09-03,3.558987617492676,3.563551696924163,3.5471212721235514,3.5580748886572926,83377836
2019-09-04,3.596412420272827,3.596412420272827,3.553510899510524,3.5553365748549615,173363050
2019-09-05,3.626534938812256,3.6703489743086783,3.6101045122806164,3.6101045122806164,257844723
2019-09-06,3.6502676010131836,3.6511803299369667,3.626534907976372,3.6420523878172166,163586902
2019-09-09,3.6666977405548096,3.6858663522185084,3.653005502005385,3.6858663522185084,120646565
2019-09-10,3.6630465984344482,3.6703488649237914,3.6411395813391167,3.6657847851474754,141485410
2019-09-11,3.6374881267547607,3.673087382164031,3.6320115358575538,3.669436031396165,81607142
2019-09-12,3.6776509284973145,3.6831277368757878,3.6447905134810545,3.6457032423350366,95747087
2019-09-16,3.66395902633667,3.6831276375169293,3.6475288192717734,3.6822149086875693,68471008
2019-09-17,3.6009762287139893,3.65848228086859,3.5891098832196047,3.6539182013889246,57474473
2019-09-18,3.6119298934936523,3.6283601010593536,3.6009762766983244,3.6009762766983244,86781595
2019-09-19,3.631098508834839,3.631098508834839,3.606453088648366,3.6155810301110334,71486275
2019-09-20,3.642052173614502,3.649354439829906,3.6310985566641025,3.642052173614502,54846329
2019-09-23,3.6119298934936523,3.6283601010593536,3.5881972021886357,3.6283601010593536,64056676
2019-09-24,3.613755941390991,3.6429652264776764,3.6073661858501125,3.612842994812401,49127209
2019-09-25,3.5936741828918457,3.6091916623443816,3.587284645330643,3.608278933443439,54908790
2019-09-26,3.5672030448913574,3.6091916206316723,3.564464640592876,3.6055404874427968,56135191
2019-09-27,3.5717670917510986,3.601889321130083,3.558987799266608,3.5681157409685036,39769013
2019-09-30,3.523388624191284,3.57450513925762,3.523388624191284,3.5644644690645624,51475073
2019-10-08,3.552598476409912,3.573592765355026,3.524301920713154,3.524301920713154,54809323
2019-10-09,3.5553364753723145,3.5599005547920535,3.5215631146499264,3.5416446723676662,36476097
2019-10-10,3.586371660232544,3.593674144243456,3.5434703555673943,3.55533670166124,84837267
2019-10-11,3.624709367752075,3.635662985755416,3.5799823844081873,3.590936002411528,68898744
2019-10-14,3.659395217895508,3.6922560697130526,3.640226605295907,3.640226605295907,94922806
2019-10-15,3.6493546962738037,3.659395367432376,3.6438781050410523,3.653005829638075,29153495
2019-10-16,3.6347501277923584,3.6767384875178375,3.632011723388715,3.650267607661465,40492613
2019-10-17,3.6402266025543213,3.6484418155025202,3.6265347986012895,3.6347500115494884,41819635
2019-10-18,3.5836336612701416,3.6575699283793823,3.571767314554736,3.6411397193419877,65410865
2019-10-21,3.5936741828918457,3.598238045023862,3.5726798947790503,3.579982161241196,67809064
2019-10-22,3.6055407524108887,3.6101046148255524,3.583633734040409,3.5954998633694615,75491638
2019-10-23,3.586371660232544,3.6137557032393404,3.5745053141386984,3.6082788946379813,91418716
2019-10-24,3.590935707092285,3.6055404573532037,3.569028690514556,3.5781566322242178,92370801
2019-10-25,3.614668369293213,3.6174067735462883,3.564464581489892,3.59093567751809,120694196
2019-10-28,3.6329243183135986,3.642052260113289,3.6110173015198015,3.623796376513908,129916579
2019-10-29,3.620145320892334,3.635662800521588,3.6183196454423556,3.635662800521588,96008109
2019-10-30,3.598237991333008,3.6210579545344843,3.5909357249798224,3.61101728389203,127721542
2019-10-31,3.591848611831665,3.6146685760367316,3.5863718030122644,3.6055406338801665,198605968
2019-11-01,3.6666977405548096,3.670348655964326,3.587284454461007,3.5900228586454337,199901989
2019-11-04,3.681302547454834,3.689517542993949,3.666698014217605,3.666698014217605,122928418
2019-11-05,3.703209638595581,3.7369827836141534,3.6758255957721224,3.6813024043368143,153483499
2019-11-06,3.6904308795928955,3.70777360040191,3.6749131814555387,3.7013840624052645,123838919
2019-11-07,3.6940815448760986,3.7132501575658283,3.676738389988838,3.6895174651153244,137319842
2019-11-08,3.6849539279937744,3.7305934211677085,3.676738497134051,3.7305934211677085,120599734
2019-11-11,3.6228837966918945,3.6657848855256496,3.611930179030641,3.6657848855256496,92984099
2019-11-12,3.613755941390991,3.6301861506505446,3.590935976590559,3.6228838837857014,107644222
2019-11-13,3.6128427982330322,3.6174068779957067,3.595499643338552,3.6064532606671293,93857671
2019-11-14,3.6155810356140137,3.6247089770905743,3.6055403652779847,3.6128426314083164,103143860
2019-11-15,3.5954995155334473,3.6256217444890133,3.590935653560301,3.615581074046256,104393974
2019-11-18,3.6210579872131348,3.62744752473666,3.5845462198631064,3.595499619491735,108840997
2019-11-19,3.658482551574707,3.658482551574707,3.614668516989835,3.6210580546323246,92524371
2019-11-20,3.6210579872131348,3.658482483458724,3.611017316480067,3.658482483458724,101860910
2019-11-21,3.602802276611328,3.6183197567177965,3.5872847965048598,3.6146686233328587,88283844
2019-11-22,3.562638998031616,3.6329241243744184,3.5489469772493627,3.6055403004371986,106743960
2019-11-25,3.592761278152466,3.592761278152466,3.5599006454264863,3.5690285868710756,113104498
2019-11-26,3.5945868492126465,3.61010432839503,3.57815664114521,3.592761391442541,100354632
2019-11-27,3.5900230407714844,3.60645324908428,3.5735926148313877,3.5936741739935165,104674357
2019-11-28,3.5827207565307617,3.602802316812964,3.5745055431025,3.590023241009432,75757553
2019-11-29,3.5452961921691895,3.582720689934541,3.5270403077528263,3.5781568276441047,88654728
2019-12-02,3.553511142730713,3.5681158936039608,3.544383200638346,3.545296147186697,50496772
2019-12-03,3.5608131885528564,3.561725917361521,3.5279525575408677,3.5462084394778306,101784719
2019-12-04,3.5662903785705566,3.568115836383372,3.54438314379835,3.5462088192384678,80211703
2019-12-05,3.592761278152466,3.5991508154009493,3.5699413157273474,3.5699413157273474,138665853
2019-12-06,3.6119298934936523,3.6119298934936523,3.591848335244648,3.596412414785132,76813881
2019-12-09,3.609191417694092,3.6228834384166233,3.5964123434379203,3.613755497144031,70407743
2019-12-10,3.6119298934936523,3.6146682976924844,3.598237872499493,3.600063547841144,68721537
2019-12-11,3.6164939403533936,3.6192323446922665,3.601889407382472,3.61010440277179,87679900
2019-12-12,3.6064531803131104,3.6192322551601905,3.6009763717708485,3.6174067973976345,72864706
2019-12-13,3.6730873584747314,3.681302353581208,3.628360161688853,3.628360161688853,176411232
2019-12-16,3.687692165374756,3.6904307874504445,3.6575699340699095,3.6740003607601768,73785196
2019-12-17,3.7433722019195557,3.7634539777691267,3.6831277448800055,3.6867790955584496,200195941
2019-12-18,3.7333321571350098,3.75980303786842,3.7287680771019507,3.738808966123755,115462380
2019-12-19,3.7287676334381104,3.7397212501122947,3.717814016763926,3.7333317129281167,114713764
2019-12-20,3.724203586578369,3.748849006683931,3.722378128868203,3.7287676661083644,149077827
2019-12-23,3.6776509284973145,3.7351571988439938,3.6712613912648586,3.724203582087047,167407959
2019-12-24,3.698645830154419,3.7022971812168484,3.674000407433242,3.6822154032554257,138196095
2019-12-25,3.6995582580566406,3.706860524332655,3.683127832494665,3.6886046410153237,150875729
2019-12-26,3.726942539215088,3.729680726023388,3.6968203080506896,3.69864576592289,171179178
2019-12-27,3.726029396057129,3.7680179741370843,3.723291209233372,3.726942560253003,202182519
2019-12-30,3.7780585289001465,3.787186688014694,3.706860454723174,3.724203608837148,295513600
2019-12-31,3.7954015731811523,3.7981397596835276,3.7680175318845435,3.7698434248073642,167620959
2020-01-02,3.842867136001587,3.870250743336317,3.8173089864212812,3.8182217152984936,203683008
2020-01-03,3.838303327560425,3.855646483216629,3.8300883318304844,3.8483442164283908,172953452
2020-01-06,3.82004714012146,3.8629484437627313,3.79357626189214,3.8273494063307982,195242320
2020-01-07,3.8465182781219482,3.8547332728258508,3.821872423501106,3.821872423501106,149902445
2020-01-08,3.809093952178955,3.8437802646480868,3.796314876059725,3.826437108413521,231641448
2020-01-09,3.8510825634002686,3.8565593725328546,3.8328266780431934,3.834652571257149,156601932
2020-01-10,3.8556461334228516,3.8693379368154717,3.8410416011713346,3.861122941830816,186173309
2020-01-13,3.8939833641052246,3.8939833641052246,3.8383029863200107,3.8556461404343394,160133408
2020-01-14,3.881204605102539,3.9104141072880982,3.876640960428716,3.89398368069848,171827665
2020-01-15,3.8529083728790283,3.8848560627459308,3.843780212771553,3.870251093624897,170200912
2020-01-16,3.841954469680786,3.860210353286053,3.83191358135878,3.8565590024631606,181376917
2020-01-17,3.8446924686431885,3.8702506173917888,3.832826123116399,3.850169276982828,224537104
2020-01-20,3.8739020824432373,3.8775534331956902,3.8410416666895197,3.844692582187383,191016431
2020-01-21,3.8072686195373535,3.8656876282233195,3.8017918102696284,3.8656876282233195,225323070
2020-01-22,3.819134473800659,3.8346521705974097,3.7406341314418015,3.7972272395592683,314879988
2020-01-23,3.697733163833618,3.7935766694858426,3.6639595805116336,3.770756704282049,340338629
2020-02-03,3.4092893600463867,3.457667690155523,3.3317019648765536,3.4202429770714433,542173112
2020-02-04,3.5060458183288574,3.5142608135071214,3.4010743801265773,3.4065511886636175,333846500
2020-02-05,3.5379934310913086,3.5790692766289074,3.497830532042235,3.5033073404642208,348758395
2020-02-06,3.60827898979187,3.63475008697831,3.5252145649444606,3.5389065868089307,208336033
2020-02-07,3.6101043224334717,3.6110172689443143,3.5672030181246748,3.590935710115234,162699417
2020-02-10,3.6164939403533936,3.623796424466156,3.573592635089882,3.5900230611231216,160715325
2020-02-11,3.660308599472046,3.6740004042486927,3.621058207789799,3.621058207789799,150517267
2020-02-12,3.685866594314575,3.6895175099638924,3.6484418797541265,3.6566570928470012,141003152
2020-02-13,3.6666977405548096,3.6986454266609745,3.6566568526694807,3.6849536233661295,94414012
2020-02-14,3.692256212234497,3.705948016726346,3.6621339811996605,3.6666980611151487,144063085
2020-02-17,3.7725815773010254,3.776232927859181,3.6904303246609103,3.6904303246609103,226361628
2020-02-18,3.747023820877075,3.77075651384972,3.7232911279044303,3.769843784928405,190084474
2020-02-19,3.7433722019195557,3.777145781117775,3.7378953935291803,3.7497617391658973,211461446
2020-02-20,3.831913948059082,3.845605753259639,3.746111330428785,3.7543263264981914,214103259
2020-02-21,3.8446924686431885,3.877553318681026,3.82187250643712,3.82826204362427,179127243
2020-02-24,3.8163957595825195,3.836477098024757,3.786273099037362,3.8328257477377434,131049395
2020-02-25,3.8063557147979736,3.8173093328277012,3.724204014829645,3.792663909888129,170030367
2020-02-26,3.769843578338623,3.8127448820717063,3.751587695148915,3.7771458445635884,219088387
2020-02-27,3.7689311504364014,3.795402030836211,3.7643670704608616,3.7698438793805846,267511824
2020-02-28,3.6384012699127197,3.7278552336417214,3.6192324390409008,3.7278552336417214,305442696
2020-03-02,3.7607157230377197,3.78809976766261,3.643878148232311,3.643878148232311,179491071
2020-03-03,3.7780585289001465,3.839215715102033,3.760715374786172,3.815483023709709,152912617
2020-03-04,3.802704095840454,3.802704095840454,3.752500524537613,3.7698436793205907,144611858
2020-03-05,3.8848559856414795,3.8958096034511964,3.812745176191236,3.833739247614342,221131995
2020-03-06,3.8291754722595215,3.8611231604023324,3.823698663541524,3.8592977025812023,135211181
2020-03-09,3.7022969722747803,3.7853609605246623,3.699558350318858,3.7853609605246623,131069127
2020-03-10,3.7680177688598633,3.7890122743833956,3.6630465470059956,3.696820127520114,198345035
2020-03-11,3.714162588119507,3.7762329362181477,3.711424401635754,3.7744074785623125,195126658
2020-03-12,3.653918743133545,3.6858668689733847,3.6338373998020823,3.674000521719648,144585525
2020-03-13,3.6110172271728516,3.6420521851273633,3.4604058641379356,3.559900710621559,167302956
2020-03-16,3.4558417797088623,3.6183192605165586,3.4439754346146327,3.6183192605165586,172376954
2020-03-17,3.434847831726074,3.5379935972165697,3.3526963544207744,3.477749137000556,231316248
2020-03-18,3.3663880825042725,3.4923538087721124,3.3572601407875,3.4476268290717376,166336208
2020-03-19,3.3262252807617188,3.3992488166536536,3.2440735852559888,3.3673009108872805,209370280
2020-03-20,3.384644031524658,3.392859244517135,3.3180100339382705,3.3399170509575744,114354084
2020-03-23,3.2769343852996826,3.3207486396222636,3.2395098865546714,3.2395098865546714,224760043
2020-03-24,3.347219228744507,3.3581726274381616,3.278759561993219,3.328050400182869,224877907
2020-03-25,3.435760736465454,3.450365487814854,3.402900100336133,3.4229816606449717,207258106
2020-03-26,3.4211556911468506,3.452190866707812,3.3983359459464344,3.413853424913268,134413854
2020-03-27,3.4339351654052734,3.48140033369256,3.4339351654052734,3.4576678583625697,172809327
2020-03-30,3.4001615047454834,3.416591930700305,3.369126545889444,3.4001615047454834,157897048
2020-03-31,3.4001615047454834,3.439411676578934,3.395597642620678,3.4348478144541286,159509700
2020-04-01,3.39285945892334,3.4521911937950986,3.3882953788744437,3.395597863427214,124174006
2020-04-02,3.4549293518066406,3.4567548095941096,3.3791671953168936,3.385556950454933,135547976
2020-04-03,3.4330222606658936,3.453103820557545,3.415679322824381,3.4521910916257044,91946743
2020-04-07,3.5051329135894775,3.517912206203952,3.488702705409866,3.488702705409866,137732359
2020-04-08,3.4932665824890137,3.506045875158345,3.480487507446982,3.506045875158345,86316072
2020-04-09,3.507871150970459,3.5179120388059917,3.499656156085209,3.5096968262934527,137983756
2020-04-10,3.4877898693084717,3.5343423057424928,3.478661927794313,3.509696885416994,241828297
2020-04-13,3.4722721576690674,3.4868769075532438,3.463144216194869,3.4868769075532438,176113174
2020-04-14,3.529778242111206,3.5306909709222816,3.4786617290272037,3.4786617290272037,107444775
2020-04-15,3.51334810256958,3.538906469997196,3.511522427172144,3.5288655817522447,84890615
2020-04-16,3.5160863399505615,3.520650419413855,3.4941793243576993,3.4969177285102178,93880941
2020-04-17,3.5443830490112305,3.5681157409615714,3.538906458091941,3.541644862365234,127406308
2020-04-20,3.5599005222320557,3.5608132510567416,3.5325164812186536,3.5498596346513804,112804248
2020-04-21,3.526127338409424,3.5489473025960847,3.497830783035087,3.5416450359276452,142240500
2020-04-22,3.5507731437683105,3.5535113306762685,3.502394808729995,3.5069588888312264,134204541
2020-04-23,3.5389065742492676,3.5626392669785854,3.533429765522917,3.5535111073497982,145366685
2020-04-24,3.5160863399505615,3.5361678978599365,3.506045669809518,3.532516547238387,175045125
2020-04-27,3.5279529094696045,3.5489471975541114,3.5142608878374038,3.516999292163844,122315651
2020-04-28,3.552598476409912,3.564464823101816,3.486877205135876,3.534342591903492,146216883
2020-04-29,3.5662903785705566,3.583633533556119,3.54438314379835,3.5516856279315197,105808915
2020-04-30,3.619232416152954,3.630186033724723,3.5790695144353117,3.5790695144353117,110506890
2020-05-06,3.6384012699127197,3.6411396743229796,3.5799822659969194,3.5836336169621377,143908884
2020-05-07,3.630185842514038,3.642052188382656,3.6192322255192226,3.6347499221376425,89805816
2020-05-08,3.66487193107605,3.684040543176383,3.6420521858557433,3.6420521858557433,106380942
2020-05-11,3.6612210273742676,3.7022968735813158,3.6511801392278853,3.6676105647616226,149490346
2020-05-12,3.660308599472046,3.6758258621510116,3.6347502301937586,3.6511804394511973,150638616
2020-05-13,3.6676104068756104,3.673087215151086,3.636575232523674,3.6520927108859995,164303692
2020-05-14,3.636575222015381,3.6575695085925166,3.6356624931812007,3.6511799714986863,87562861
2020-05-15,3.6274476051330566,3.660308457629149,3.6155812587185694,3.6420523559222184,222323610
2020-05-18,3.626534938812256,3.6484419565604673,3.6101045122806164,3.631098801097284,171166629
2020-05-19,3.6566572189331055,3.6685235657117676,3.647529276613159,3.6511804100156753,121562146
2020-05-20,3.6429648399353027,3.6621336692693753,3.637488031554139,3.6530055102159094,80242120
2020-05-21,3.619232416152954,3.6566571311049607,3.616494011760012,3.6466162424550705,99008608
2020-05-22,3.5434703826904297,3.6192323219163463,3.5407319783687896,3.610104380053312,164624664
2020-05-25,3.5434703826904297,3.5516855956553512,3.5243017700662476,3.5416449248942032,145732089
2020-05-26,3.585458993911743,3.5863717228187983,3.5507729015433207,3.5507729015433207,194733556
2020-05-27,3.5617263317108154,3.583633566685547,3.5562495229671325,3.5827206201433963,158592366
2020-05-28,3.568115711212158,3.59641248259116,3.53342962008514,3.552598232211074,193797428
2020-05-29,3.57541823387146,3.5863716333648212,3.5434703290210714,3.5516855418615654,137963682
2020-06-01,3.6767385005950928,3.6849539314625495,3.5927615632181418,3.5927615632181418,181204253
2020-06-02,3.6904308795928955,3.70047133344212,3.6694363724220382,3.677651368344973,103781559
2020-06-03,3.692256212234497,3.727855252116997,3.691343483302323,3.704122558861997,155612606
2020-06-04,3.6913435459136963,3.709599430630684,3.678564470137268,3.700471270644878,132213618
2020-06-05,3.7123374938964844,3.7123374938964844,3.6794770766016223,3.692256151952658,144835663
2020-06-08,3.7296805381774902,3.753413230339268,3.71507600542621,3.7424596131485095,153125671
2020-06-09,3.7488491535186768,3.756151419899936,3.722378274666139,3.7287678121565655,176966324
2020-06-10,3.753413200378418,3.753413200378418,3.736070045840588,3.7470236629439113,129870764
2020-06-11,3.7178142070770264,3.758890054080582,3.697732865649452,3.745198250164263,77275025
2020-06-12,3.714162588119507,3.7351570921798825,3.6712612864254064,3.678563987557882,88304759
2020-06-15,3.6822152137756348,3.717814252597615,3.678564298155701,3.6949942889546117,112366535
2020-06-16,3.7223782539367676,3.7287677913916117,3.698645561888892,3.707773286000985,219623186
2020-06-17,3.724203586578369,3.7287676661083644,3.7077731614231344,3.726029044288535,188941705
2020-06-18,3.7561511993408203,3.75706436343263,3.71416262604588,3.720552598415688,321933550
2020-06-19,3.79266357421875,3.813657644205458,3.7570645364001396,3.7570645364001396,459462626
2020-06-22,3.810006618499756,3.83556520557257,3.7990534357595545,3.8036170805452096,307572597
2020-06-23,3.8337388038635254,3.8337388038635254,3.7908375017867617,3.80179111832861,122711742
2020-06-24,3.8611233234405518,3.8638615102878684,3.835565171847095,3.835565171847095,89376945
2020-06-29,3.8291754722595215,3.8611231604023324,3.8118323171949653,3.8529081649526398,82491775
2020-06-30,3.881204605102539,3.8930709517637156,3.842867378314716,3.842867378314716,163651566
2020-07-01,3.960617780685425,3.9633559672579035,3.881204276519403,3.8976347017180193,147997414
2020-07-02,4.046420574188232,4.053722840640825,3.9597047998930655,3.962443421846914,233798638
2020-07-03,4.130397796630859,4.134048712291818,4.052810180525563,4.052810180525563,233906461
2020-07-06,4.448963165283203,4.461742240343643,4.183339905194312,4.18699082078038,516984384
2020-07-07,4.390544414520264,4.542981465578357,4.382329418727072,4.527463767686079,483460907
2020-07-08,4.449875831604004,4.480910789922163,4.369550031530264,4.3805032133890425,211031985
2020-07-09,4.514684200286865,4.529288732385489,4.429794323733992,4.449875664183245,207281039
2020-07-10,4.450788497924805,4.511032955946927,4.419753540042891,4.505556147467226,200853771
2020-07-13,4.53111457824707,4.567626343368742,4.4370965436687495,4.438009272508605,255588600
2020-07-14,4.496428966522217,4.542981626594384,4.42249226074447,4.526551199171036,204544531
2020-07-15,4.443485736846924,4.544806029555799,4.422491234137062,4.5183347189761704,119609146
2020-07-16,4.228066444396973,4.477259700666217,4.217112827708609,4.442573392904592,387015259
2020-07-17,4.263665676116943,4.319346055700446,4.216200291798352,4.237194797287543,317992614
2020-07-20,4.385067462921143,4.396933809377849,4.259101731747166,4.3093057395857155,230077397
2020-07-21,4.399672508239746,4.422492037378106,4.373201192852229,4.4069747749742065,186006460
2020-07-22,4.425230503082275,4.509207655697969,4.387806006542687,4.3996723527873955,322322425
2020-07-23,4.423404693603516,4.4462242201213815,4.329386660023277,4.401497460661247,139969075
2020-07-24,4.230805397033691,4.402410621055181,4.206159539930347,4.3887188167513544,230923372
2020-07-27,4.252711772918701,4.285572622277542,4.218938629985778,4.25179904409005,100777524
2020-07-28,4.289224147796631,4.310218654860647,4.262753266981615,4.2837473387910014,204092865
2020-07-29,4.405148983001709,4.408799898464731,4.272793721866283,4.279183259181157,199923047
2020-07-30,4.375027179718018,4.41975394527271,4.37228855759978,4.405149411490867,131948416
2020-07-31,4.409713268280029,4.462655467480238,4.34125380559738,4.37685284806366,201492214
2020-08-03,4.478172779083252,4.488213232452535,4.4361842020032585,4.444399197533509,132244714
2020-08-04,4.482736110687256,4.515596961023072,4.463567498951986,4.486387461364984,100269640
2020-08-05,4.484562397003174,4.503731010419759,4.422492041564956,4.4827365038768665,135181724
2020-08-06,4.471782684326172,4.504643097608249,4.405148693701647,4.487299944534119,91511798
2020-08-07,4.427055835723877,4.465393495336899,4.363160461793158,4.465393495336899,91866851
2020-08-10,4.43892240524292,4.474521444763869,4.364073410509406,4.381416565808428,119434106
2020-08-11,4.396021366119385,4.502818491169595,4.38963182801631,4.436184487949167,114001699
2020-08-12,4.364986419677734,4.403323648428763,4.291050149120191,4.3795909538910855,211896989
2020-08-13,4.353119373321533,4.392369324750737,4.346729836222487,4.372287984618673,67521846
2020-08-14,4.434357643127441,4.439834451076849,4.340340049714137,4.353119123177905,92111792
2020-08-17,4.533853054046631,4.5584984753135185,4.442573635418418,4.450788630755846,137033189
2020-08-18,4.525637626647949,4.5411548869432865,4.5028176653558605,4.534765350012049,117062348
2020-08-19,4.460829734802246,4.52381238436149,4.453527468009882,4.52381238436149,111731150
2020-08-20,4.405148983001709,4.443486206890952,4.390544015385865,4.436183940710323,124672343
2020-08-21,4.4407477378845215,4.465393594381129,4.405149134621867,4.42431774722625,92677772
2020-08-24,4.470870018005371,4.486387715195451,4.437096872157533,4.463567751491347,153619006
2020-08-25,4.479085445404053,4.523812208617501,4.461742290411808,4.497341329303057,79891791
2020-08-26,4.422491550445557,4.5019050526097715,4.411538369177161,4.477259633060385,116561026
2020-08-27,4.455352783203125,4.455352783203125,4.407887397690996,4.427968739540509,57719299
2020-08-28,4.5630621910095215,4.571277185691544,4.43983465925179,4.449875546838925,214938165
2020-08-31,4.53111457824707,4.61509172507783,4.529288685312785,4.590445870128858,172393456
2020-09-01,4.560324192047119,4.560324192047119,4.511946075664503,4.530201960426724,98062299
2020-09-02,4.553934097290039,4.577666788104366,4.510120066269195,4.563974985020584,116544937
2020-09-03,4.532027721405029,4.588620831940993,4.520161374892935,4.549370876711521,85970561
2020-09-04,4.490952491760254,4.501906110858051,4.451702095868928,4.477260685515344,113791075
2020-09-07,4.387806415557861,4.508295347041948,4.374114174976747,4.478173114170926,125768869
2020-09-08,4.416102409362793,4.431620106704303,4.372288374596486,4.401497876192227,136883766
2020-09-09,4.3175201416015625,4.375939136935462,4.286485186347476,4.368636436077811,217219952
2020-09-10,4.316607475280762,4.371375120978469,4.304741130283531,4.349467888597563,148895037
2020-09-11,4.348556041717529,4.360422389121364,4.294701113904331,4.294701113904331,111281721
2020-09-14,4.374956130981445,4.403242683914297,4.3513840784706534,4.403242683914297,90211264
2020-09-15,4.405128002166748,4.415499812464143,4.359869970177209,4.374955830973897,103081912
2020-09-16,4.385327339172363,4.412670628582523,4.3683554097456545,4.410785008512704,101025229
2020-09-17,4.361755847930908,4.395699711126994,4.332526485111973,4.384385090061632,69844188
2020-09-18,4.45981502532959,4.462643455623442,4.36552727154239,4.36552727154239,226493441
2020-09-21,4.419271469116211,4.483387507539933,4.411728538007396,4.467358385534124,137025520
2020-09-22,4.364584922790527,4.433415012810647,4.347612990435018,4.403242838489583,186960163
2020-09-23,4.376842021942139,4.390042262904546,4.352327160269242,4.36552740123165,167486944
2020-09-24,4.3042402267456055,4.358927260188676,4.297640106295535,4.346669829410048,106196812
2020-09-25,4.308011531829834,4.333469653489829,4.29198286032481,4.308954791564975,146807792
2020-09-28,4.317440986633301,4.349498782615718,4.3023551236767075,4.30895524492016,123492428
2020-09-29,4.33064079284668,4.3523272244615505,4.320268982109177,4.348555534302596,126276417
2020-09-30,4.30895471572876,4.361755679191785,4.290097164549182,4.337240817698385,232358781
2020-10-09,4.403242588043213,4.426814640040774,4.384385036365063,4.384385036365063,168007153
2020-10-12,4.539017200469971,4.542788441096173,4.408899957276448,4.408899957276448,154149671
2020-10-13,4.5588178634643555,4.564475174376576,4.515445446203684,4.535245809596692,130854393
2020-10-14,4.5286455154418945,4.550331948043433,4.517330894049746,4.550331948043433,127267756
2020-10-15,4.521102428436279,4.553160221541939,4.512616237885119,4.530530979538179,113070687
2020-10-16,4.50884485244751,4.5446743346026865,4.479615490731499,4.521102283205887,146295708
2020-10-19,4.479615688323975,4.571075017986028,4.463587016378767,4.531474293604275,282713589
2020-10-20,4.506959438323975,4.507902248487047,4.467358264278418,4.467358264278418,151326506
2020-10-21,4.516387939453125,4.518273559758351,4.476787215446372,4.509787818785333,172166555
2020-10-22,4.498473167419434,4.512616218812258,4.4522723230564445,4.503187667750208,125447982
2020-10-23,4.461700439453125,4.521101968875196,4.444728959274922,4.489986989082553,173062086
2020-10-26,4.419271469116211,4.450386453339651,4.374013432863802,4.450386453339651,125839019
2020-10-27,4.422100067138672,4.431528618023242,4.398528015528013,4.410785446397597,89122526
2020-10-28,4.45981502532959,4.471129645703948,4.4098424933424,4.428700044099839,210511825
2020-10-29,4.506015777587891,4.522987707811432,4.412670835757612,4.42681433574363,125186179
2020-10-30,4.418328285217285,4.506959179447732,4.4126709749643,4.497530179159598,87083369
2020-11-02,4.441900730133057,4.46264390316666,4.411728555975394,4.411728555975394,114855136
2020-11-03,4.491872787475586,4.514502028077292,4.453214876113898,4.453214876113898,150374694
2020-11-04,4.525816917419434,4.547502899618985,4.488101813907563,4.503187675472512,175891352
2020-11-05,4.597475528717041,4.6050184596545005,4.552217493492774,4.562589304531474,136624109
2020-11-06,4.599360942840576,4.610675563539232,4.560703030119741,4.6069043230393385,93950904
2020-11-09,4.68704891204834,4.713449393289866,4.619161639141932,4.619161639141932,238724923
2020-11-10,4.664420127868652,4.704963663801789,4.63990526443019,4.702135233220206,137465103
2020-11-11,4.619162082672119,4.668191809456755,4.6163332024963415,4.6578199981447685,197352151
2020-11-12,4.6163330078125,4.638019439713981,4.6059616465374225,4.620104698021301,93518803
2020-11-13,4.570132255554199,4.605018479893087,4.53901727190086,4.605018479893087,143422774
2020-11-16,4.614447593688965,4.614447593688965,4.5625894361979675,4.589932730235144,105207520
2020-11-17,4.607847213745117,4.618218574900684,4.582389541527688,4.618218574900684,121890291
2020-11-18,4.6040754318237305,4.6285902934111345,4.582389450203827,4.611618362404589,161596701
2020-11-19,4.641790866851807,4.6531054883333836,4.586161019233653,4.591818329974441,110711268
2020-11-20,4.6549906730651855,4.660647983276521,4.631419071717344,4.641790432438562,101326378
2020-11-23,4.706849575042725,4.739850178712454,4.651219729085463,4.6644199705533556,280595390
2020-11-24,4.682334899902344,4.712507074293917,4.6738487089049965,4.704020883296571,95423587
2020-11-25,4.623876094818115,4.714392616491351,4.622933284633943,4.698363494561883,222693301
2020-11-26,4.625761985778809,4.635190536855178,4.586160812379461,4.621047485440875,170728527
2020-11-27,4.69270658493042,4.69270658493042,4.625762116951804,4.630476167823916,149813901
2020-11-30,4.678562641143799,4.763421843211289,4.671962520947391,4.709677621955283,226772762
2020-12-01,4.769079685211182,4.781337116885774,4.668191801243161,4.670077421624016,172359794
2020-12-02,4.769079685211182,4.795480168941221,4.7464504422428515,4.775679806143692,193630475
2020-12-03,4.762478828430176,4.78227918816836,4.742678468691991,4.762478828430176,111165109
2020-12-04,4.7747368812561035,4.779450932095001,4.719107034961547,4.753050448999145,107752284
2020-12-07,4.733249664306641,4.777564885434369,4.716277734002574,4.775679265267073,135588504
2020-12-08,4.715334892272949,4.7539928030398775,4.7087347721322415,4.732306822463112,215286511
2020-12-09,4.657819747924805,4.741735695306228,4.6512196273352435,4.718164092971791,153328293
2020-12-10,4.649333953857422,4.671019935660864,4.632362022707234,4.651219574118723,106595950
2020-12-11,4.597475528717041,4.671020116956167,4.563532114698718,4.657819875415735,141976144
2020-12-14,4.6370768547058105,4.639905285300115,4.592761178598862,4.60596187017085,89299232
2020-12-15,4.651219844818115,4.658762775901809,4.608790239273003,4.634247912680167,156734115
2020-12-16,4.660648345947266,4.669134536724364,4.642733603817239,4.6521626047696785,142113315
2020-12-17,4.7228779792785645,4.725706859203902,4.653105085646453,4.65781958578903,165400324
2020-12-18,4.700249195098877,4.727592486688793,4.6795055742794425,4.722877986538968,204333792
2020-12-21,4.7398505210876465,4.751165143048706,4.668191998000171,4.6993069835933134,218947990
2020-12-22,4.671019554138184,4.748335373730389,4.664419434163226,4.727592203751873,210685189
2020-12-23,4.705906391143799,4.731364061895706,4.671962530408278,4.671962530408278,152257001
2020-12-24,4.705906391143799,4.728535182034677,4.686105580915011,4.709677631492544,184750310
2020-12-25,4.742679119110107,4.744564739458212,4.679505891853967,4.703077944603325,152059982
2020-12-28,4.761536121368408,4.788879411655459,4.734192381481899,4.742678571267125,134889450
2020-12-29,4.7473931312561035,4.783222615174906,4.7398502003257,4.762479442716418,81817523
2020-12-30,4.803023338317871,4.806795028866193,4.742679436741499,4.748336298164672,119979084
2020-12-31,4.902967929840088,4.909568050444135,4.81150905152693,4.81150905152693,344270995
2021-01-04,4.951997756958008,4.975569809433299,4.876567548716682,4.902968031681245,215304401
2021-01-05,5.039685249328613,5.048171439747592,4.920882629858344,4.9369117509612535,215670546
2021-01-06,5.084943771362305,5.116058754070075,5.025542236374973,5.039685287715006,164865990
2021-01-07,5.197146415710449,5.197146415710449,5.087772343319625,5.091544033594984,244075273
2021-01-08,5.170745372772217,5.228260833247623,5.121715652498278,5.199974283243635,232090563
2021-01-11,5.117001056671143,5.216946115479818,5.082114387253248,5.170745275871816,194140732
2021-01-12,5.263147354125977,5.263147354125977,5.09908670353709,5.114172564667304,210110405
2021-01-13,5.244289875030518,5.303691409446503,5.207517582220525,5.268804736903846,222897217
2021-01-14,5.1500020027160645,5.2395757074074645,5.137744572053004,5.237689637582737,176520060
2021-01-15,5.126429557800293,5.17451646664691,5.065142858791198,5.162259036925201,241563768
2021-01-18,5.182060241699219,5.214118485891572,5.091544168684105,5.125487583664892,116485606
2021-01-19,5.110401630401611,5.195260840742442,5.09154407805915,5.183003409239867,106040062
2021-01-20,5.1396307945251465,5.166031276860611,5.103801311584448,5.106629742006321,133079232
2021-01-21,5.228260517120361,5.25371818578492,5.149058631497604,5.149058631497604,267605261
2021-01-22,5.226375579833984,5.235804130763915,5.177345856119767,5.232975700364784,237148183
2021-01-25,5.283891201019287,5.3121773042472915,5.199031992136264,5.227318544963774,200613394
2021-01-26,5.181117057800293,5.2810621247453575,5.174516937318986,5.2810621247453575,218946563
2021-01-27,5.186774253845215,5.202803374431976,5.128315980927779,5.182059753719758,226695461
2021-01-28,5.06137228012085,5.150945547997108,5.044400346872874,5.138688115584606,130331534
2021-01-29,5.028371334075928,5.100029853620351,4.968969796517162,5.077401060416619,223116378
2021-02-01,5.0858869552612305,5.088715385897297,5.0283714859321185,5.0283714859321185,79457172
2021-02-02,5.154716968536377,5.154716968536377,5.089658119293928,5.0990871204709,243983847
2021-02-03,5.15754508972168,5.196203452708674,5.136801917816081,5.158488349462407,173570091
2021-02-04,5.148116588592529,5.179231571552163,5.094372363626072,5.133973537138014,83180651
2021-02-05,5.15754508972168,5.211289314167383,5.148116538709861,5.154716659297982,198230732
2021-02-08,5.218832492828369,5.241461735690977,5.156602524555714,5.178288957232299,111042136
2021-02-09,5.346121311187744,5.346121311187744,5.21694687407278,5.230147115880219,154694779
2021-02-10,5.465866565704346,5.515839100715436,5.352721254313142,5.352721254313142,94532020
2021-02-18,5.423437118530273,5.579012038596632,5.39797944521028,5.569583487174179,173457371
2021-02-19,5.430980205535889,5.433808635929838,5.335749188681089,5.427208515411133,272810744
2021-02-22,5.272576808929443,5.440409164064635,5.259376566903021,5.439466353862679,139169885
2021-02-23,5.23768949508667,5.296148216473684,5.213174634427497,5.25088973550323,140850729
2021-02-24,5.113230228424072,5.2640911017049286,5.047229017863255,5.249947599785159,208249033
2021-02-25,5.146231174468994,5.190546400508208,5.116059000450919,5.139631053552495,118697798
2021-02-26,5.010456562042236,5.091544082139758,5.000084750885741,5.0726865297821835,166104634
2021-03-01,5.087772369384766,5.088715179558559,5.025542401919334,5.053828955130672,121381618
2021-03-02,5.024599552154541,5.119830122949912,4.978398706806155,5.105687071255438,82450235
2021-03-03,5.118887424468994,5.118887424468994,5.001027608711357,5.015170660714409,43207853
2021-03-04,4.967083930969238,5.082114860475487,4.945397499420007,5.052885947830165,57575090
2021-03-05,4.949169158935547,4.9944271924284225,4.870910073254573,4.884110314290017,84801537
2021-03-08,4.778507709503174,5.006684385594086,4.76342184892172,4.967083664368166,115217428
2021-03-09,4.672905445098877,4.788879630808796,4.632361912845481,4.778507820418635,193765756
2021-03-10,4.698363304138184,4.756822029182677,4.681391822311909,4.728535476806391,89650934
2021-03-11,4.821880340576172,4.8228231507055765,4.713449532503373,4.714392342632777,146569852
2021-03-12,4.830367088317871,4.8558247631473135,4.773794427630274,4.847338571804472,88656169
2021-03-15,4.7398505210876465,4.814337924465156,4.685163481342221,4.8086806134846265,47230798
2021-03-16,4.765307903289795,4.780394214845321,4.714392557188853,4.742679110355771,55619523
2021-03-17,4.788879871368408,4.813394733813349,4.709677973500175,4.752107577700996,48498061
2021-03-18,4.826594829559326,4.851109691264584,4.78982253700144,4.78982253700144,44385277
2021-03-19,4.712507247924805,4.785108581579995,4.68704957319383,4.785108581579995,60707672
2021-03-22,4.743621826171875,4.770022308869521,4.690820411177081,4.708735152893198,94891656
2021-03-23,4.7096781730651855,4.754936659250219,4.665362946675275,4.745507658095163,55279723
2021-03-24,4.633305072784424,4.728535644904259,4.618218761114258,4.6870492994102095,117020720
2021-03-25,4.632362365722656,4.6512199185305025,4.591818379906049,4.607847502112504,42740046
2021-03-26,4.732306957244873,4.753992938439281,4.647447753476632,4.647447753476632,177009145
2021-03-29,4.738907337188721,4.772850750795879,4.70213504351459,4.745507457878987,129173997
2021-03-30,4.777565002441406,4.792651312947655,4.727592469988449,4.738907090468265,32864393
2021-03-31,4.740792751312256,4.7775650433870736,4.709677769525832,4.7775650433870736,28040302
2021-04-01,4.802080154418945,4.811509155256287,4.74739311852108,4.74739311852108,75170333
2021-04-02,4.847338676452637,4.8539387978620345,4.800195016328302,4.8067951377377,38977699
2021-04-06,4.820937633514404,4.8652528577402485,4.809623012520678,4.855824306645142,34308411
2021-04-07,4.795479774475098,4.828480376423086,4.761536362414235,4.824709135971592,26433007
2021-04-08,4.803023338317871,4.816223580837688,4.755879679261316,4.788880285560858,21924732
2021-04-09,4.73607873916626,4.791708588068254,4.72382175681112,4.791708588068254,37747989
2021-04-12,4.658762454986572,4.7473929007136455,4.639904903776568,4.735135469947168,133047243
2021-04-13,4.646505355834961,4.692706651836462,4.632362303817958,4.656877167100506,111524242
2021-04-14,4.675734519958496,4.686105881181569,4.645562347237879,4.651219657722963,56975355
2021-04-15,4.64744758605957,4.667247946332355,4.598417865612982,4.667247946332355,88092118
2021-04-16,4.667248725891113,4.675734917139349,4.618218997255212,4.654048483504453,81999317
2021-04-19,4.775679588317871,4.78699420928596,4.638019415604958,4.6587625876467875,167786657
2021-04-20,4.775679588317871,4.806794571180365,4.753050346381695,4.775679588317871,109896934
2021-04-21,4.784165382385254,4.797365623794816,4.740792967925479,4.763422210113015,88575295
2021-04-22,4.781336784362793,4.809622886506501,4.759650353093096,4.7860512845865735,116114434
2021-04-23,4.829423904418945,4.838852455670938,4.770022368013217,4.770022368013217,61025023
2021-04-26,4.769079685211182,4.877510500302139,4.7634223744690996,4.829424033393716,110528746
2021-04-27,4.786994457244873,4.789822887833655,4.748336092001544,4.77002252491362,45328621
2021-04-28,4.824708938598633,4.824708938598633,4.750221547535017,4.780393717910077,72455872
2021-04-29,4.864309787750244,4.869967097944906,4.8096227556014925,4.814337255696957,98600224
2021-04-30,4.8228230476379395,4.862424219423031,4.788879635707341,4.846395098767247,95162396
2021-05-06,4.756822109222412,4.83413793768604,4.733250056778792,4.809623075080596,82401801
2021-05-07,4.703077793121338,4.792651500763903,4.695534862372358,4.763422138312172,44216970
2021-05-10,4.699306964874268,4.721935759106709,4.657820167715489,4.702135395553497,74591579
2021-05-11,4.725707054138184,4.740792915697342,4.636133346132253,4.676677329671674,64339492
2021-05-12,4.749278545379639,4.757764285304643,4.694591516886584,4.708734566628073,40355982
2021-05-13,4.7040205001831055,4.726649741533654,4.675734398094406,4.722878051442067,65932406
2021-05-14,4.81622314453125,4.81622314453125,4.691763212505592,4.71816414475308,172726388
2021-05-17,4.8746819496154785,4.901082432694992,4.815280413087065,4.81810929318816,116644683
2021-05-18,4.8775105476379395,4.900139790825884,4.856767374448673,4.882225048235349,45435802
2021-05-19,4.864309787750244,4.881281718334231,4.842623806670268,4.868081477746511,48729931
2021-05-20,4.881281852722168,4.892596473422999,4.841681129868749,4.861481491295458,43380945
2021-05-21,4.826594829559326,4.912396845527729,4.8124517784522896,4.8850535534408595,96960390
2021-05-24,4.846395015716553,4.848281085502222,4.788879553642265,4.826594654963057,74116253
2021-05-25,5.007627964019775,5.0189425859916454,4.848281794981137,4.848281794981137,239788752
2021-05-26,5.011398792266846,5.033084772648626,4.993484052160439,5.0170561022793665,114954263
2021-05-27,5.028371334075928,5.068914869565644,4.974627107217973,5.010456591789943,64937284
2021-05-28,5.011398792266846,5.0491138926173456,4.981226622066554,5.022713412291888,84003239
2021-05-31,5.017999172210693,5.019884792446029,4.97274113936625,5.011399051787534,47123733
2021-06-01,5.024599552154541,5.029314052585868,4.956712274581754,5.012342120792795,89636279
2021-06-02,4.984055995941162,5.034028985446763,4.958598320864459,5.024599983774145,94184078
2021-06-03,4.94539737701416,5.000084410002667,4.942568946673134,4.9783984285896885,77083167
2021-06-04,4.9746270179748535,5.0330852947018325,4.918054361581145,4.93125460311306,79656023
2021-06-07,4.97274112701416,4.983112487882228,4.936911645034878,4.976512367475464,48994384
2021-06-08,4.933139801025391,5.02082743340699,4.90013920002142,4.968969281886541,75208857
2021-06-09,4.939740180969238,4.949169181523011,4.915225319048821,4.932197250285916,88857450
2021-06-10,4.968969821929932,5.001970426520512,4.9312547167979774,4.939740458092836,71378506
2021-06-11,4.931254863739014,4.989713143555622,4.924654742624228,4.969912780211264,47079800
2021-06-15,4.8775105476379395,4.936912086206533,4.847338373253854,4.929369155010392,105520740
2021-06-16,4.805851459503174,4.874681541541079,4.792651219068449,4.869967041500257,72730326
2021-06-17,4.818109512329102,4.839795495959467,4.797365889309285,4.802080389959201,103547157
2021-06-18,4.8228230476379395,4.850166788803749,4.7851079456708385,4.818108997091662,80341524
2021-06-21,4.815280437469482,4.849224301257455,4.78227983345299,4.808680316666184,78219942
2021-06-22,4.837909698486328,4.846395439666001,4.804909094343699,4.827537887355997,139452239
2021-06-23,4.868081569671631,4.891653620994594,4.829423657277681,4.839795018164178,139881878
2021-06-24,4.8775105476379395,4.8775105476379395,4.847338373253854,4.868081996042645,72928397
2021-06-25,4.960483551025391,4.9755694116277125,4.88222446895224,4.88222446895224,121800962
2021-06-28,4.9661407470703125,4.973683677198199,4.943511507087193,4.959540627008479,87751715
2021-06-29,4.913339614868164,4.966141027948668,4.9048538741942815,4.966141027948668,48620226
2021-06-30,4.943511962890625,4.953883773772437,4.913339789997673,4.913339789997673,51277486
2021-07-01,4.926539897918701,4.970855121105258,4.906739536443792,4.945397449266161,102321961
2021-07-02,4.806794166564941,4.919939467522741,4.804908546428816,4.917111037318553,90296351
2021-07-05,4.814337730407715,4.8275379722970255,4.78699443643693,4.793594557381586,57538695
2021-07-06,4.820937633514404,4.8284805643103885,4.773793978839878,4.81339470271842,62511891
2021-07-07,4.875625133514404,4.892597066623403,4.796423228605284,4.803023349881083,83156873
2021-07-08,4.834137916564941,4.885053711476523,4.82093767515807,4.87751033101588,92713932
2021-07-09,4.810566425323486,4.825652287395429,4.755879388513545,4.802080234508445,86105860
2021-07-12,4.869966983795166,4.9010819643367505,4.818108832759013,4.833194693191524,85422069
2021-07-13,4.883167266845703,4.905796507292146,4.859595216313903,4.869967026451768,51286531
2021-07-14,4.8313093185424805,4.883167472213828,4.820937507968416,4.883167472213828,111786725
2021-07-15,4.895425319671631,4.903911510717911,4.820937918262757,4.824709608683274,60639515
2021-07-16,4.852052211761475,4.896367432291203,4.845452091665535,4.8850532618406355,111673420
2021-07-19,4.869024753570557,4.883167805610266,4.80490916469766,4.842624269869896,100888848
2021-07-20,4.856767177581787,4.875624729607518,4.830366694665665,4.848281436530035,61331417
2021-07-21,4.898253917694092,4.918054279662154,4.866195674965422,4.866195674965422,110086563
2021-07-22,4.900139331817627,4.921825313175091,4.890710331506047,4.9029677621514125,58841467
2021-07-23,4.852052211761475,4.900139122174367,4.83979478164052,4.900139122174367,55611509
2021-07-26,4.681392192840576,4.841681619927495,4.633305274794593,4.841681619927495,208044193
2021-07-27,4.532417297363281,4.704963703482062,4.522988296146112,4.682334909839997,146139531
2021-07-28,4.529588222503662,4.560703205823948,4.459815324973218,4.532417102587054,277917339
2021-07-29,4.605961799621582,4.621047661759181,4.569189504861729,4.606904609805242,204392486
2021-07-30,4.587103843688965,4.596532844819441,4.532417255690475,4.59370441424001,62253719
2021-08-02,4.6936492919921875,4.706849533343134,4.542788427411012,4.562589239036933,89485009
2021-08-03,4.7011919021606445,4.720992262836513,4.658762300941229,4.674791421259486,70659840
2021-08-04,4.738907337188721,4.74362183756734,4.687991991978232,4.695534922824323,73394224
2021-08-05,4.717220783233643,4.761536456207496,4.681391750241269,4.724764163484186,34395387
2021-08-06,4.694591999053955,4.712506740379551,4.6672482571993115,4.710620670514047,24394623
2021-08-09,4.7473931312561035,4.766250683381867,4.660648301557691,4.682334733782048,34496416
2021-08-10,4.802080154418945,4.806794654837616,4.704020703788221,4.7389073774470765,88103058
2021-08-11,4.781336784362793,4.820937507203779,4.7766222841390125,4.805851646007066,52050786
2021-08-12,4.745507717132568,4.786994513451799,4.737021975667067,4.7709653911286,27588271
2021-08-13,4.72382116317749,4.769079194861265,4.697420232562439,4.73513533389883,41533789
2021-08-16,4.719107151031494,4.744564824585721,4.703078028986472,4.723821651585856,44755251
2021-08-17,4.618218421936035,4.745507228406617,4.605018181193809,4.71533505688175,70871144
2021-08-18,4.66536283493042,4.691763318172996,4.604075677689073,4.618218729483381,48820429
2021-08-19,4.635190486907959,4.6634770390312585,4.609732814796736,4.660648159019182,55334800
2021-08-20,4.554102897644043,4.623875792302567,4.511673294935641,4.623875792302567,83964611
2021-08-23,4.610675811767578,4.62293324325112,4.555045965003774,4.555045965003774,96771678
2021-08-24,4.664420127868652,4.684220490738291,4.621990521948274,4.621990521948274,86118849
2021-08-25,4.672905445098877,4.679505565456394,4.646504963668807,4.664419704524777,67068476
2021-08-26,4.596532344818115,4.676677047311107,4.589932224584537,4.676677047311107,54929282
2021-08-27,4.609732627868652,4.656876729629259,4.582389336591165,4.592760697282897,55768592
2021-08-30,4.587103843688965,4.633305139949162,4.569189550820196,4.613504777094586,69424081
2021-08-31,4.5927605628967285,4.612561372800466,4.523930482067885,4.59087494275331,59234658
2021-09-01,4.6549906730651855,4.696477464748486,4.555988418766033,4.590875090136021,65714642
2021-09-02,4.65310525894165,4.676677310932946,4.630476017094088,4.667248310296629,42929677
2021-09-03,4.630475997924805,4.676677291572399,4.620104636787188,4.654990859958346,48209199
2021-09-06,4.710620880126953,4.72382157137492,4.625762119586947,4.629533360286786,76172657
2021-09-07,4.7662506103515625,4.792651542602711,4.690820403004279,4.708735144689184,108722841
2021-09-08,4.748335838317871,4.795479942408353,4.734192786930525,4.7653077697423845,32557363
2021-09-09,4.742679119110107,4.745507549632265,4.70873525524715,4.734192928344613,63288718
2021-09-10,4.792651653289795,4.826595067540201,4.734192926525886,4.74173585751492,74726755
2021-09-13,4.772574424743652,4.814640070706473,4.739112555968948,4.799343555061368,47833326
2021-09-14,4.703739166259766,4.78500298787878,4.6855742691093925,4.7725743980326065,43194055
2021-09-15,4.657849311828613,4.696091057821039,4.631079724931858,4.693222676138942,60371956
2021-09-16,4.605266571044922,4.666453547008597,4.598574288287417,4.661673214788216,111381293
2021-09-17,4.639684200286865,4.6473324579573765,4.584233534389948,4.60431038172912,144814320
2021-09-22,4.605266571044922,4.624387444048874,4.569893206720275,4.584233747503847,106919135
2021-09-23,4.634903907775879,4.663584988254032,4.60909075299452,4.60909075299452,68455602
2021-09-24,4.641596794128418,4.684618876320164,4.62821222738034,4.634904510754379,99152204
2021-09-27,4.6731462478637695,4.7056516892909315,4.63108014114047,4.664542013799337,61786651
2021-09-28,4.660717487335205,4.690355001624341,4.638728687356399,4.665497819809762,58984447
2021-09-29,4.632992267608643,4.658805424118852,4.5890142128361395,4.6377721440901,111971522
2021-09-30,4.644464492797852,4.66071744069767,4.631079926705103,4.633948308512172,36297467
2021-10-08,4.713299751281738,4.723816391493032,4.677926385268685,4.684618668345619,43058625
2021-10-11,4.7104315757751465,4.7591899612363875,4.7056512435798625,4.713299501565775,83511465
2021-10-12,4.661673545837402,4.705651602457355,4.624387772450207,4.7037396517844545,63584623
2021-10-13,4.7142558097839355,4.730508300595523,4.652112860498316,4.661673068762035,53739538
2021-10-14,4.690354824066162,4.73528885351974,4.679838184195775,4.71234362321256,43483800
2021-10-15,4.713299751281738,4.723816391493032,4.6664537697432,4.700871160442062,67794591
2021-10-18,4.654025077819824,4.71234367361719,4.624387564335636,4.710431723030334,96604641
2021-10-19,4.69800329208374,4.70756350122043,4.647332952789767,4.647332952789767,89763971
2021-10-20,4.690354824066162,4.730508521226148,4.678882208912572,4.698959057492565,32998046
2021-10-21,4.706607818603516,4.730509026748081,4.669322043308624,4.698959559642991,45591435
2021-10-22,4.7362446784973145,4.77353044862442,4.711387498412576,4.711387498412576,86716628
2021-10-25,4.75536584854126,4.764926513422865,4.7190360513953085,4.732420617527481,71150954
2021-10-26,4.741981029510498,4.768750160347197,4.729552439353807,4.759189951853048,88898597
2021-10-27,4.682705879211426,4.71616774773949,4.670277745264857,4.703739157915365,80683108
2021-10-28,4.657849311828613,4.685574418115971,4.637772007686654,4.684618442847797,103241863
2021-10-29,4.685574531555176,4.691310839180675,4.648288759928225,4.660717350470542,113738404
2021-11-01,4.675057888031006,4.696091167934326,4.651156682255915,4.66836560511929,34256180
2021-11-02,4.6253437995910645,4.702783729119747,4.588058025786264,4.680794472624686,89996282
2021-11-03,4.607178211212158,4.64733236092971,4.591881696190499,4.612914518314666,50976533
2021-11-04,4.654025077819824,4.662629311338261,4.619607231990911,4.619607231990911,61721921
2021-11-05,4.639684200286865,4.67696996929285,4.634903868288714,4.645420507509137,90813610
2021-11-08,4.634903907775879,4.657849136860444,4.61673901073019,4.641596190279285,61754264
2021-11-09,4.632035732269287,4.661673245175757,4.605266601064772,4.641596396772371,90507500
2021-11-10,4.603354454040527,4.6310795593365075,4.540255529821522,4.6310795593365075,90847261
2021-11-11,4.678882598876953,4.684618906931844,4.589970507842566,4.589970507842566,71324990
2021-11-12,4.672189712524414,4.694178510665881,4.660717097895145,4.684618302393196,59927179
2021-11-15,4.6731462478637695,4.6951350486407035,4.652113422440926,4.675058198571952,52656842
2021-11-16,4.6664533615112305,4.7027831555378565,4.6588051037891915,4.673145644002709,79633108
2021-11-17,4.664541721343994,4.681750188393932,4.6502007242989345,4.669321597814763,34745868
2021-11-18,4.621520042419434,4.655937435379165,4.612915352271283,4.655937435379165,87038967
2021-11-19,4.674101829528809,4.680794112321384,4.610046927423775,4.618651160763492,82416184
2021-11-22,4.689399242401123,4.699915427276638,4.674102268953148,4.676970650921101,99116494
2021-11-23,4.689399242401123,4.7046957599714805,4.674102268953148,4.679838577011437,92548912
2021-11-24,4.6989593505859375,4.720948606981475,4.680794451439331,4.689399141280023,67801768
2021-11-25,4.682705879211426,4.702783182679287,4.674101646209168,4.698002850621341,49015694
2021-11-26,4.648288726806641,4.676970264729763,4.639684493368494,4.676970264729763,78730072
2021-11-29,4.636816024780273,4.6492446150012166,4.6167391765489585,4.636816024780273,66301634
2021-11-30,4.628211975097656,4.654981107134635,4.598574461269521,4.637772184020467,76090241
2021-12-01,4.632992267608643,4.6377721440901,4.615783344642641,4.6282119352496,183706446
2021-12-02,4.639684200286865,4.652112789955527,4.6119586393996315,4.632035486738804,41749278
2021-12-03,4.681750297546387,4.682706272862828,4.633948340581129,4.639684648357376,58789734
2021-12-06,4.681750297546387,4.719036070153188,4.673146063820814,4.681750297546387,73935288
2021-12-07,4.704695224761963,4.7123434826770705,4.6827059703937675,4.698002942101548,78269325
2021-12-08,4.777354717254639,4.780222642960249,4.698002846324517,4.7094754609020715,73618168
2021-12-09,4.856706142425537,4.896860293530634,4.7783107024448475,4.780222652919238,211283727
2021-12-10,4.832805156707764,4.850970054669247,4.820376566306621,4.850970054669247,167992450
2021-12-13,4.854794025421143,4.920760873300374,4.848101743112779,4.850013693521585,118618158
2021-12-14,4.832805156707764,4.857662337510049,4.818464615745699,4.8471461535474045,96478738
2021-12-15,4.786915302276611,4.842365973181108,4.783090945157214,4.828981407079608,87675311
2021-12-16,4.812728404998779,4.81368438029847,4.774486657745615,4.786915248396773,119884750
2021-12-17,4.74484920501709,4.807948134383104,4.743893229705119,4.806992159071133,118028400
2021-12-20,4.6664533615112305,4.761101747500037,4.659761079019752,4.7438928257172845,246398400
2021-12-21,4.694178581237793,4.7027832702778865,4.663585093725655,4.674101733273518,137810567
2021-12-22,4.690354824066162,4.7152120049397475,4.682706110045383,4.702783414502955,153320607
2021-12-23,4.727640628814697,4.733376936432064,4.68844245078309,4.699915066017825,95534923
2021-12-24,4.707563400268555,4.74102527122339,4.689398957710614,4.731464606414126,108503612
2021-12-27,4.709475994110107,4.7266844620472295,4.68175042976233,4.710431969453547,114805156
2021-12-28,4.739112854003906,4.747717543488278,4.699915131305377,4.7142561284868005,126870440
2021-12-29,4.672189712524414,4.743892870141009,4.672189712524414,4.743892870141009,62230071
2021-12-30,4.704695224761963,4.726684023252592,4.6683654298182455,4.672189786714582,111228081
2021-12-31,4.719036102294922,4.737201001063824,4.700871203526019,4.70851991786484,65192324
2022-01-04,4.6989593505859375,4.734333173536321,4.654981293672471,4.719992175761036,79229774
2022-01-05,4.65211296081543,4.700870890179156,4.634904038516579,4.697046989142234,98592912
2022-01-06,4.605266571044922,4.645420723467522,4.5718051572573986,4.645420723467522,86436583
2022-01-07,4.611959457397461,4.641596973989578,4.605267173764097,4.605267173764097,49404535
2022-01-10,4.624387741088867,4.63490438147371,4.575629352239724,4.61578350724156,102521183
2022-01-11,4.586145877838135,4.6358602407729474,4.577541644206183,4.6243876253452845,91499972
2022-01-12,4.63394832611084,4.645420941627507,4.601442886065346,4.626300067725593,114941971
2022-01-13,4.5632004737854,4.64542072927043,4.556508191019536,4.633948114278214,114679068
2022-01-14,4.513486385345459,4.567024645298459,4.510618003775089,4.567024645298459,49671437
2022-01-17,4.550772190093994,4.56702468090176,4.5134864205313905,4.5134864205313905,54359447
2022-01-18,4.595706939697266,4.611003457670623,4.534519956048575,4.5555527822313495,136773489
2022-01-19,4.567981243133545,4.641596816480089,4.54694841755351,4.592838426036138,153907386
2022-01-20,4.607178211212158,4.632991821112212,4.565112566963825,4.567980492576309,119887678
2022-01-21,4.574673175811768,4.60526666441387,4.555552302420152,4.60526666441387,157963647
2022-01-24,4.575629234313965,4.5899702315266735,4.539299893323501,4.5574647917575275,76047414
2022-01-25,4.471420764923096,4.567025136462111,4.470464789589347,4.56128882858201,103158098
2022-01-26,4.4972333908081055,4.505837623672313,4.44369467554873,4.475244593098441,173244652
2022-01-27,4.421706199645996,4.494365792240903,4.414057941445896,4.492453385782691,192316295
2022-01-28,4.359562873840332,4.455167232852228,4.351914616294889,4.439870717761342,179850213
2022-02-07,4.423618316650391,4.463772471497351,4.40545341781827,4.4131021321837105,61343443
2022-02-08,4.400672912597656,4.425530091040753,4.319409095062726,4.4236176847837605,53713654
2022-02-09,4.441783428192139,4.451344093667983,4.39015711107992,4.396849394561962,68976300
2022-02-10,4.430310249328613,4.44751917147305,4.409277426181567,4.44751917147305,68523775
2022-02-11,4.396849155426025,4.45803613468625,4.394937204785892,4.4226623125782085,55663470
2022-02-14,4.350958824157715,4.393980901492655,4.330881976302093,4.38633218774784,59100408
2022-02-15,4.391112327575684,4.393980709073769,4.349046227331591,4.351914608829677,105587500
2022-02-16,4.40927791595459,4.431267172672372,4.3978052999172785,4.406409989884069,80700002
2022-02-17,4.418838024139404,4.443694747916091,4.399717151780568,4.403541052725801,62399844
2022-02-18,4.441783428192139,4.443695378936259,4.394937443817842,4.403541678044005,47271485
2022-02-21,4.425530910491943,4.437003070770465,4.406410035524249,4.436047095403723,69824840
2022-02-22,4.363387107849121,4.402584825560089,4.348090137310857,4.402584825560089,94593314
2022-02-23,4.415013790130615,4.415969765393516,4.365299429439207,4.365299429439207,131748355
2022-02-24,4.329926013946533,4.401629635893468,4.294552646526782,4.393981377198193,106884114
2022-02-25,4.365299224853516,4.412145201683151,4.3471343280770105,4.3471343280770105,74743297
2022-02-28,4.369123935699463,4.373903812177338,4.328013806846641,4.363387628048428,81553092
2022-03-01,4.407365798950195,4.41405808207319,4.374860358655993,4.386332518382844,48290124
2022-03-02,4.3719916343688965,4.3939808885346565,4.3519147865724825,4.3939808885346565,37412380
2022-03-03,4.3461785316467285,4.398760817825566,4.337574298452348,4.3853762524665,38317721
2022-03-04,4.297420024871826,4.336617744582223,4.284035459891571,4.324189154832336,121757343
2022-03-07,4.153057098388672,4.274475064889734,4.138716558804819,4.274475064889734,187064222
2022-03-08,4.064146041870117,4.181739681203362,4.053629400405575,4.153058138971723,186948490
2022-03-09,4.038331985473633,4.106211240457682,3.88727696029556,4.077529704592046,112345874
2022-03-10,4.0918707847595215,4.135848836741116,4.088046427939469,4.090914353646341,94306910
2022-03-11,4.118639945983887,4.1301125606531635,3.9847938385566373,4.044068406511151,61006153
2022-03-14,3.983837604522705,4.0861347104865775,3.983837604522705,4.071793713501731,84080307
2022-03-15,3.8127055168151855,3.9819254428958266,3.8031450806041267,3.957068263159318,203066408
2022-03-16,3.968541145324707,3.98479409312409,3.7677717434189564,3.8585957795774677,231238256
2022-03-17,4.047893047332764,4.104299693515845,4.0239918410746185,4.02494781638453,196946150
2022-03-18,4.076574325561523,4.0890029169413475,4.004871159227405,4.0478932413789215,98280397
2022-03-21,4.060321807861328,4.091871273795301,4.031640267976985,4.0909148425678135,49807266
2022-03-22,4.060321807861328,4.095695175194806,4.039288526653606,4.044068859280598,24305818
2022-03-23,4.085178375244141,4.097606966062964,4.055541317043557,4.070837833800143,99894360
2022-03-24,4.0622334480285645,4.086134653458817,4.027815602798382,4.0746620383820895,59117737
2022-03-25,3.9962658882141113,4.070837425650368,3.988617630602647,4.061277217605425,110070327
2022-03-28,3.9704530239105225,3.9962661801584427,3.9044861703608555,3.9675850980507894,164215157
2022-03-29,3.9484639167785645,3.9924419676747194,3.9408156592047865,3.9771449966496184,61404761
2022-03-30,4.060321807861328,4.067014091188073,3.970453286808792,3.971409262158668,117641681
2022-03-31,4.032596111297607,4.060321674924326,4.0268598035085486,4.049805034664785,104704054
2022-04-01,4.0803985595703125,4.102387359720727,3.9972227797253153,4.01538722269072,96429898
2022-04-06,4.068925857543945,4.082310423591044,4.043112700756314,4.067013906930814,79442673
2022-04-07,4.02112340927124,4.08231038712071,4.018255483377165,4.056497230563687,35387425
2022-04-08,4.043112277984619,4.046936178811031,3.996265845840724,4.021123024722576,72844233
2022-04-11,3.924562931060791,4.017299369944278,3.9092664150631875,4.016343394679124,108978626
2022-04-12,3.9876620769500732,3.9924424094166815,3.8977940147902945,3.958024562710216,257074357
2022-04-13,3.960892677307129,4.003914754848793,3.956112345163041,3.968540935211131,71734102
2022-04-14,4.001046657562256,4.027815790067505,3.9723655744145163,3.9790578575408286,118310900
2022-04-15,4.005826473236084,4.023035394431084,3.9675847300544422,3.9790573441844423,118146316
2022-04-18,3.979058027267456,3.983837904077567,3.9369919201951658,3.9771456206657954,85833499
2022-04-19,3.953244686126709,4.0039150249910795,3.931255430306837,3.9781014120223968,88176359
2022-04-20,3.887277126312256,3.9580243099655457,3.880584843637387,3.9561123594520304,119758179
2022-04-21,3.824178457260132,3.9016179287858392,3.805057583208935,3.8719808703269223,200931162
2022-04-22,3.83565092086792,3.8605081017372,3.7802002515535587,3.7964529710591366,110035352
2022-04-25,3.652090072631836,3.7868923835372983,3.647309968468307,3.7868923835372983,313277186
2022-04-26,3.618628978729248,3.7008487834526207,3.6052441844258984,3.6520903946406205,245036919
2022-04-27,3.7190134525299072,3.7199694278000734,3.6023758078957764,3.613848422892914,291600500
2022-04-28,3.740046262741089,3.762991492653368,3.6721672320873595,3.6721672320873595,217943835
2022-04-29,3.8337392807006836,3.843299490182676,3.7209257544331464,3.7582115287559104,133129243
2022-05-05,3.8270461559295654,3.8538157427134374,3.7974088712920477,3.8318264881278536,113650835
2022-05-06,3.7314419746398926,3.776376002659952,3.7237934888019106,3.776376002659952,131830888
2022-05-09,3.7056283950805664,3.735265905732326,3.6788592659125463,3.7094527517663725,111908281
2022-05-10,3.7429144382476807,3.76203531132659,3.6348814825579647,3.6578264846648985,126971737
2022-05-11,3.7907164096832275,3.8499912040998967,3.7285736896094632,3.7390901008351336,143809709
2022-05-12,3.7821125984191895,3.806969780394987,3.7620355210101533,3.7763762905880363,60986204
2022-05-13,3.8079257011413574,3.824178421137474,3.7782881870847955,3.804101571955,72948054
2022-05-16,3.7830686569213867,3.841387483901941,3.7735082196388636,3.8193982274194527,94035790
2022-05-17,3.828958749771118,3.832782651014881,3.780200361892405,3.78880482350726,62723600
2022-05-18,3.8165299892425537,3.8471234772200438,3.7888046550091277,3.829914554755661,64263459
2022-05-19,3.822266101837158,3.8241782803293276,3.769683814598557,3.7782880479663503,103690044
2022-05-20,3.9006619453430176,3.901617920661947,3.8308707324075875,3.8308707324075875,107153464
2022-05-23,3.870068073272705,3.8997055846184505,3.8480792754776725,3.8997055846184505,91701300
2022-05-24,3.791672945022583,3.877717104559277,3.7878485879338633,3.877717104559277,95516764
2022-05-25,3.8165299892425537,3.818441939779406,3.7773320400328725,3.7926287840216175,92414100
2022-05-26,3.817486047744751,3.849035511678549,3.7601234274903526,3.816530072455482,133725723
2022-05-27,3.828002691268921,3.879629003958498,3.8127057189935316,3.83851887533832,137937600
2022-05-30,3.850947380065918,3.8672003272693543,3.83278248232475,3.843299122037419,100844542
2022-05-31,3.9140465259552,3.9226512156123996,3.8423433621182577,3.8432993374407025,97472009
2022-06-01,3.906398057937622,3.9178706729467025,3.8844092590681947,3.909266439628679,80707924
2022-06-02,3.916914701461792,3.921695033699792,3.883452831673365,3.88727718863928,54469160
2022-06-06,3.9886178970336914,3.989573872314288,3.8863212479686013,3.9159587610549877,175099547
2022-06-07,3.9962658882141113,4.021123067359531,3.971408709068692,3.986705680169168,115602166
2022-06-08,4.037376403808594,4.0450246621591095,3.983837683599801,4.002958557414886,122385533
2022-06-09,4.0067830085754395,4.051717040301693,3.9933984421784787,4.023991932176218,88376104
2022-06-10,4.0622334480285645,4.073706063105292,3.980969623092251,3.985749955353817,125747317
2022-06-13,4.014430522918701,4.038331725287205,3.9876613950871853,4.030683468174988,96071751
2022-06-14,4.048849105834961,4.055541389019438,3.9350798358212526,3.98670615063796,105484110
2022-06-15,4.098563194274902,4.173134279617172,4.051716759257406,4.0555411161959505,225979582
2022-06-16,4.072750568389893,4.127244812617994,4.0641458781282545,4.11290427001877,125950672
2022-06-17,4.133936882019043,4.147321448535135,4.050761101024694,4.0574533842827405,157194182
2022-06-20,4.154013633728027,4.197991689475957,4.120552218227731,4.136805166257929,147511607
2022-06-21,4.149233818054199,4.189387517244039,4.120552278720313,4.150189793385729,133544788
2022-06-22,4.101431369781494,4.1578380167632485,4.0995194191346,4.151145733621521,87540465
2022-06-23,4.176002502441406,4.177914452899166,4.101430964058159,4.101430964058159,77922073
2022-06-24,4.219980716705322,4.234321257446153,4.176002663339548,4.179827020279969,94108948
2022-06-27,4.265870571136475,4.304112315690502,4.235277084317742,4.235277084317742,124891509
2022-06-28,4.312717437744141,4.328969930079495,4.241969792922854,4.262047098326387,97521241
2022-06-29,4.259178638458252,4.329925826106221,4.251530380094773,4.297420386153241,146473030
2022-06-30,4.3174967765808105,4.350002668957658,4.260134161133061,4.260134161133061,144981215
2022-07-01,4.300289154052734,4.330882646130997,4.280212303091959,4.330882646130997,96443433
2022-07-04,4.326101779937744,4.326101779937744,4.258222520495956,4.292639909917416,62350677
2022-07-05,4.3165411949157715,4.367211532641502,4.269695214252914,4.326101859634159,110877116
2022-07-06,4.262046813964844,4.314629100530824,4.237189633578547,4.302200510337675,98344408
2022-07-07,4.2754316329956055,4.2945525070516055,4.232409552400205,4.261090635545408,70263043
2022-07-08,4.271607398986816,4.3203657887925155,4.266827066365597,4.293596655517861,44763500
2022-07-11,4.197991847991943,4.255354927983615,4.1817393552256465,4.255354927983615,110185122
2022-07-12,4.164529800415039,4.218068515005068,4.154013161363282,4.197035236901554,67320008
2022-07-13,4.170266628265381,4.190343477789457,4.142541520238456,4.168354677609069,105304654
2022-07-14,4.173133850097656,4.203727334824468,4.15018907846069,4.162617667384784,68484654
2022-07-15,4.111948013305664,4.212332716387557,4.107167680807098,4.154013662835769,146999281
2022-07-18,4.154013633728027,4.170266581758225,4.088046778044929,4.112903959810177,82627609
2022-07-19,4.1358489990234375,4.152101490421872,4.1014311539251525,4.152101490421872,58345602
2022-07-20,4.144453048706055,4.171222178677895,4.132024458950907,4.158793588922747,81316692
2022-07-21,4.102387428283691,4.153057768474542,4.1014314529408615,4.132024943299459,68259316
2022-07-22,4.108123302459717,4.15114537948781,4.073705914363779,4.105255376734038,71697483
2022-07-25,4.088046550750732,4.1071674236703,4.069881653095507,4.1071674236703,61023429
2022-07-26,4.114815711975098,4.1339365850355225,4.089958531408787,4.089958531408787,79397174
2022-07-27,4.092827320098877,4.1109922196942685,4.084222630045597,4.102387529640988,65227865
2022-07-28,4.093782901763916,4.144453238333679,4.089958544788291,4.110991824337867,114665222
2022-07-29,4.040244102478027,4.118639999824533,4.030683894047028,4.100475102340313,143069500
2022-08-01,4.056497573852539,4.067014214775979,4.001046898976187,4.023036156201993,91477854
2022-08-02,3.990529775619507,4.019211312907981,3.9532444609608457,4.017299362381272,89342818
2022-08-03,3.94272780418396,4.0325958608348955,3.9350795462327763,3.993398139942207,91555800
2022-08-04,3.9742772579193115,3.982881491109766,3.944639745564865,3.9618486678233404,77850158
2022-08-05,4.038331985473633,4.04406829264676,3.976189037662711,3.986705676793035,108244697
2022-08-08,4.024947643280029,4.04024415933592,4.0096506713465665,4.010607102492935,76264081
2022-08-09,4.030683994293213,4.037376277124624,4.009650714642284,4.024947686740921,53107835
2022-08-10,3.9876620769500732,4.036420465178768,3.969497178279038,4.028772206758752,45915859
2022-08-11,4.074662208557129,4.076574159190576,3.9981787126881088,4.005826971099492,105675615
2022-08-12,4.072750568389893,4.0832667535530955,4.056497619133844,4.074662519169087,66880932
2022-08-15,4.065101623535156,4.100475446214776,4.055541414302418,4.057453364973445,73527830
2022-08-16,4.050760746002197,4.089002491518711,4.045980413843242,4.067013692991621,41222775
2022-08-17,4.092827320098877,4.105255911617954,4.03068436250349,4.06032187825151,64217280
2022-08-18,4.0593647956848145,4.095694589046503,4.0517165381027604,4.092826663407313,69485100
2022-08-19,4.028772354125977,4.068926054208028,4.026859947542823,4.058409413572323,84959971
2022-08-22,4.056497573852539,4.067014214775979,4.015387441415332,4.023992131580919,64342301
2022-08-23,4.03928804397583,4.0698815309041345,4.0230355532148145,4.05171663379428,90988610
2022-08-24,3.965672731399536,4.0536288409335395,3.9561125225602325,4.048848964452681,123718707
2022-08-25,3.998178720474243,4.004871003581935,3.9465519503722803,3.969497181528708,101040528
2022-08-26,3.9914863109588623,4.020167393118491,3.9867059786397303,4.006782827326987,51707512
2022-08-29,3.9666287899017334,3.9809693297521638,3.9475079181419797,3.9618484579924096,58158000
2022-08-30,3.95993709564209,3.9761895883187757,3.928387629759429,3.9723656869254897,74543000
2022-08-31,3.9647164344787598,4.004870584803701,3.9369913296285435,3.9513318696629622,128040205
2022-09-01,3.9302992820739746,3.9761892864527817,3.9236069992661817,3.9608927702857044,65822700
2022-09-02,3.9102225303649902,3.943683945231582,3.8901452255674482,3.9331673051831157,78574174
2022-09-05,3.905441999435425,3.9073539499370007,3.8681562293893164,3.9073539499370007,55268300
2022-09-06,3.936035633087158,3.940815965396269,3.8997058369420476,3.9102224768465748,56533642
2022-09-07,3.941772222518921,3.9551567892393606,3.920738941205989,3.9389038405773333,41390811
2022-09-08,3.927431106567383,3.95420069508159,3.924563180589575,3.94942036257431,65350502
2022-09-09,3.9819257259368896,3.9876620336590256,3.9322113629301034,3.934123313544952,77390784
2022-09-13,3.995310068130493,4.013474965586509,3.9847938844604793,3.9886177854759155,60108922
2022-09-14,3.9484639167785645,3.9761890214375892,3.9369913024791248,3.966628813439753,87518259
2022-09-15,3.9140465259552,3.968541222232939,3.8901453193836866,3.9589805572532946,88429933
2022-09-16,3.828002691268921,3.9102224926316946,3.824178334230678,3.9054421603032865,132911964
2022-09-19,3.8193979263305664,3.8432991316221083,3.8041014102354205,3.827046184378139,86685312
2022-09-20,3.821310043334961,3.849991352460117,3.8098374285093852,3.8337388613551897,73451800
2022-09-21,3.791672945022583,3.8174861017080737,3.7735080466369437,3.811749794013788,69202060
2022-09-22,3.7629916667938232,3.7926289528836645,3.749606872745989,3.7763762329028614,53637773
2022-09-23,3.754387140274048,3.782112475262604,3.72379365146331,3.76012344791841,82593540
2022-09-26,3.7304861545562744,3.7849808524549218,3.724749846573385,3.7381346411797294,146815614
2022-09-27,3.784024477005005,3.788804809419526,3.7237937018025686,3.742914575583063,103576653
2022-09-28,3.725705862045288,3.781156304560679,3.721881504956949,3.7649035847210164,121188800
2022-09-29,3.725705862045288,3.7677717385678737,3.7037168345119102,3.7496068401840414,89163557
2022-09-30,3.7008485794067383,3.74673858382328,3.6951122718699736,3.7276177106599233,110582000
2022-10-10,3.6176726818084717,3.7008486876466598,3.610980398799444,3.691288250785364,175320045
2022-10-11,3.62149715423584,3.6358376960150816,3.6052442059091234,3.6195849756271667,111085500
2022-10-12,3.674079418182373,3.6779035474333392,3.5545738405027696,3.621497128119284,123585609
2022-10-13,3.647310256958008,3.6779035186652433,3.638705795256536,3.6511343861790624,78296400
2022-10-14,3.73239803314209,3.752474881529382,3.6740792105894817,3.6807714933852456,121705946
2022-10-17,3.733353853225708,3.7362220068673513,3.700848415872122,3.720925263424847,77252373
2022-10-18,3.7247495651245117,3.7610793609784645,3.7171013070177787,3.7582112072037424,70604500
2022-10-19,3.6683430671691895,3.7333541754258004,3.6664311165356054,3.721881559869105,83012800
2022-10-20,3.6540024280548096,3.704672765512023,3.6253211178680167,3.6473101451384373,113627700
2022-10-21,3.636793375015259,3.6683428378854255,3.61671652698471,3.6645187089184805,82248400
2022-10-24,3.5364089012145996,3.6673870930887693,3.514420101288183,3.6358376282360187,139598591
2022-10-25,3.5258922576904297,3.574650642686567,3.499123127056301,3.5354526940510156,161932217
2022-10-26,3.5507495403289795,3.602375852578886,3.523980408922003,3.523980408922003,168551417
2022-10-27,3.5278046131134033,3.586123209456947,3.5268484098722284,3.5717826681660534,129471500
2022-10-28,3.4436724185943604,3.521112111754602,3.43506795759016,3.5172877549046597,120498216
2022-10-31,3.408299207687378,3.45801357289765,3.3939584377464125,3.430288236304321,144955267
2022-11-01,3.5402331352233887,3.5402331352233887,3.4197713598438013,3.422639513634181,146958792
2022-11-02,3.5736944675445557,3.6023757768514444,3.5192000026553463,3.523980334842553,186959062
2022-11-03,3.5469253063201904,3.5679583574739366,3.529716384120184,3.555529767420193,96547389
2022-11-04,3.666430950164795,3.683639644780165,3.5402330965227886,3.5402330965227886,184201108
2022-11-07,3.667387008666992,3.687464085435811,3.6396616736597225,3.6396616736597225,115412272
2022-11-08,3.648266077041626,3.6759914116074315,3.6243648715341545,3.6654749997123144,110242616
2022-11-09,3.6090683937072754,3.657826552582183,3.6033320860893356,3.6482661158652134,90537162
2022-11-10,3.5842113494873047,3.6004640697327424,3.5641342720580464,3.5851673248138596,125445880
2022-11-11,3.685551881790161,3.81844202033385,3.64539795646496,3.81844202033385,214585618
2022-11-14,3.681727647781372,3.743870370606127,3.6721672113515034,3.720925368762199,125708344
2022-11-15,3.755343198776245,3.7629916851177945,3.668343062766256,3.6788597029935364,117705039
2022-11-16,3.7266619205474854,3.765859644098321,3.7209256127257047,3.7524750778066993,116849200
2022-11-17,3.710408926010132,3.7190133871066187,3.666430873213131,3.7190133871066187,123373600
2022-11-18,3.6989364624023438,3.734310055548691,3.6941563580014387,3.710409077666583,185882600
2022-11-21,3.667387008666992,3.6836397283777935,3.6272330830681465,3.664518854842875,110901537
2022-11-22,3.6635630130767822,3.7046729154691036,3.6415739849162936,3.6587826805494235,97470072
2022-11-23,3.6683430671691895,3.6893761197101984,3.6453980639945964,3.6520903470897363,159973551
2022-11-24,3.652090072631836,3.701804432389706,3.645397790039627,3.68172758461308,95126342
2022-11-25,3.6750354766845703,3.6874640672147323,3.639661655674853,3.654002424724575,82308242
2022-11-28,3.6291451454162598,3.636793403409864,3.566046219183275,3.630101120680764,122394849
2022-11-29,3.7381341457366943,3.7476945817947924,3.64252955721694,3.6473098892153764,136622863
2022-11-30,3.740046262741089,3.758211160442048,3.7257057219847005,3.7381343122075896,91020685
2022-12-01,3.787848472595215,3.8394747843941928,3.7849805467741935,3.8050573951540656,138858865
2022-12-02,3.7629916667938232,3.7926289528836645,3.7601235129220587,3.7859366698291455,148992345
2022-12-05,3.8337392807006836,3.8356512314215587,3.7868928410183114,3.8232226399806377,145521500
2022-12-06,3.8519034385681152,3.877717050773145,3.8155738702395428,3.8184420240469024,231530800
2022-12-07,3.843299150466919,3.893013511836267,3.828958609572707,3.8490354580001185,191248727
2022-12-08,3.8519034385681152,3.858595721472358,3.8308706145658644,3.843299205084827,132647022
2022-12-09,3.884409189224243,3.898749729788956,3.8366067795051126,3.8547716769632796,136844948
2022-12-12,3.8413870334625244,3.876760396527309,3.8413870334625244,3.876760396527309,79493984
2022-12-13,3.8308706283569336,3.8557278094843435,3.8289586777710047,3.844255194213603,157462532
2022-12-14,3.8413870334625244,3.8595519305509516,3.8232221363740972,3.8337387757088592,147301478
2022-12-15,3.8375627994537354,3.852859771328144,3.8174859512537966,3.8385187747188416,103594300
2022-12-16,3.8375627994537354,3.8519033401854674,3.8203541049879,3.8222660555181123,179321058
2022-12-19,3.784980535507202,3.858595646014265,3.7735079205021194,3.84329912992587,151617233
2022-12-20,3.7266619205474854,3.7830685675636633,3.706585071110052,3.7735081305069618,153597841
2022-12-21,3.725705862045288,3.741002606582263,3.6329694195207503,3.7333541203443783,153093357
2022-12-22,3.733353853225708,3.7715955978625804,3.7142329809072723,3.746738418260858,185988300
2022-12-23,3.725705862045288,3.744826735731808,3.7018046559677407,3.7190135790488856,156790800
2022-12-26,3.7352662086486816,3.7515189280956966,3.723793593538417,3.730485876373142,108947470
2022-12-27,3.7821125984191895,3.7868927029859507,3.7505631332866467,3.761079545684561,205053931
2022-12-28,3.7649035453796387,3.781156265049469,3.7524749548193936,3.774463982122997,238422183
2022-12-29,3.7534313201904297,3.762991757346777,3.7314422919369514,3.752475116917634,99490600
2022-12-30,3.780200242996216,3.7821124214967505,3.7649034988083026,3.7668156773088377,204127900
2023-01-03,3.7792444229125977,3.7888048599303006,3.7247497267667726,3.7725521397940853,160658058
2023-01-04,3.7830686569213867,3.7945412728359362,3.7629918070097292,3.7782883243107226,134983498
2023-01-05,3.8566837310791016,3.864331989193911,3.8002770866813202,3.8002770866813202,136567791
2023-01-06,3.871980667114258,3.8882331584721195,3.852859794066579,3.856683695149571,174404905
2023-01-09,3.8958816528320312,3.912134601053337,3.879629160488326,3.886321443667075,102080883
2023-01-10,3.901618003845215,3.9169149769070137,3.888233437339644,3.8920577945744954,106140141
2023-01-11,3.9006619453430176,3.927431077783435,3.8958816128707725,3.898749994705158,122713169
2023-01-12,3.906398057937622,3.919782623489025,3.8939694676573797,3.9006617504330814,182607776
2023-01-13,3.9647164344787598,3.9647164344787598,3.9111781752155697,3.9159585071862257,121754300
2023-01-16,4.023035526275635,4.071793454109743,3.9704527857694605,3.9704527857694605,366551378
2023-01-17,4.024947643280029,4.038332208798327,4.00869469607777,4.024947643280029,155462023
2023-01-18,4.014430522918701,4.038331725287205,4.011562597455689,4.025903136525784,154509936
2023-01-19,4.045980453491211,4.046936428756856,3.9876618593886772,4.003914806537369,131385057
2023-01-20,4.066057205200195,4.076573844627843,4.047892763828891,4.0545850464071505,123669714
2023-01-30,4.084222316741943,4.145409294277183,4.080398415569481,4.139672986640905,227864558
2023-01-31,4.040244102478027,4.09951912708497,4.034507795068402,4.089002487521062,210035699
2023-02-01,4.072750568389893,4.07370654377949,4.017299892894563,4.044069027313816,183345411
2023-02-02,4.063189506530762,4.0861347371541985,4.048848965329906,4.082310380091097,261699476
2023-02-03,4.023991584777832,4.044068432640002,3.9876617900495828,4.044068432640002,268501200
2023-02-06,3.9647164344787598,3.989573613673112,3.945595562473685,3.987661663235869,281719400
2023-02-07,3.979058027267456,3.9857503106792276,3.9570687704304808,3.9733217192177066,348598000
2023-02-08,3.95993709564209,3.9962664382663577,3.9522883811002973,3.9790579702413504,147414638
2023-02-09,4.012518882751465,4.017299214770158,3.9484639836846633,3.9532443157033557,93769171
2023-02-10,3.990529775619507,4.012519030186931,3.9733213091239925,4.012519030186931,113481712
2023-02-13,4.023991584777832,4.027815485773924,3.970452867934481,3.9723652743100897,150625175
2023-02-14,4.030683994293213,4.032595944851451,4.006782788804926,4.026859637299159,97299710
2023-02-15,4.004870891571045,4.041200687926762,3.9981786086505267,4.030684047961269,94803369
2023-02-16,3.980013847351074,4.055541368535551,3.953244714748373,4.004871029304325,194289776
2023-02-17,3.9188265800476074,3.989573763536153,3.9140462478973848,3.975233222963051,168611000
2023-02-20,4.019211292266846,4.023991624436636,3.9178706208306355,3.9207385466059694,168323494
2023-02-21,4.027815818786621,4.0373764838224355,4.002958636746626,4.024947892802437,126827743
2023-02-22,3.9895739555358887,4.022079395142121,3.9809697219534583,4.015387112160767,125089822
2023-02-23,3.990529775619507,4.012519030186931,3.969496952193006,3.9905297756195073,94528079
2023-02-24,3.9484639167785645,3.988617610949058,3.931254995329405,3.988617610949058,105235393
2023-02-27,3.9331672191619873,3.9522880923643653,3.9188266782295984,3.920738628786563,107681100
2023-02-28,3.9628045558929443,3.9647165063648537,3.910222270894982,3.9379473762478954,94036270
2023-03-01,4.0106072425842285,4.023035833267862,3.949420264468249,3.9570685227633495,188455164
2023-03-02,4.004870891571045,4.021123383287624,3.9991345839423746,4.00104653452607,80946518
2023-03-03,4.0106072425842285,4.02494778387224,3.983837654734995,4.014431143792985,121901683
2023-03-06,3.9876620769500732,4.019211541825536,3.969497178279038,4.011563283405519,154755633
2023-03-07,3.9293437004089355,4.00487122528948,3.9293437004089355,3.9886182763409894,130251629
2023-03-08,3.9178707599639893,3.9274309687655102,3.8997058617757583,3.9274309687655102,117225861
2023-03-09,3.9073538780212402,3.9293431318948984,3.8853650800251374,3.9293431318948984,101289506
2023-03-10,3.8557276725769043,3.894925393462133,3.849991365145216,3.8844092097353444,114673732
2023-03-13,3.894925355911255,3.898749712788032,3.8557276354039303,3.8557276354039303,80976447
2023-03-14,3.872936725616455,3.8939695496576356,3.8366069292818477,3.8939695496576356,104166830
2023-03-15,3.871980667114258,3.9063980562490497,3.871024235965937,3.8920575154326844,122361618
2023-03-16,3.82513427734375,3.870068306746603,3.8241783020616267,3.8404312494904613,136088431
2023-03-17,3.847123384475708,3.8958813131330055,3.8289584871808087,3.8566835928070673,190807049
2023-03-20,3.8270461559295654,3.868156283430732,3.820354101141775,3.863375951232444,118311939
2023-03-21,3.866244316101074,3.871024192401021,3.834694853133587,3.843299086351059,109629449
2023-03-22,3.8834526538848877,3.899705600398982,3.870068088933306,3.8719804952674983,111063278
2023-03-23,3.9178707599639893,3.9226510923035414,3.8719807547860063,3.8719807547860063,130062935
2023-03-24,3.9150023460388184,3.9245630106393605,3.905442137315856,3.9216950847857457,86941900
2023-03-27,3.8958816528320312,3.9188268842320864,3.876760778624519,3.9150025270395434,135125800
2023-03-28,3.887277126312256,3.9083099495936215,3.8844092005419832,3.9006616916619947,131772500
2023-03-29,3.891101598739624,3.909266496790014,3.8815409341330698,3.89874985689832,191053713
2023-03-30,3.9293437004089355,3.930299675780443,3.8738930259629116,3.8949258517689396,142724363
2023-03-31,3.9379475116729736,3.9522880524605752,3.9283873031070966,3.9322112041824187,145074539
2023-04-03,3.968541145324707,3.978101354241482,3.9379476562113673,3.9379476562113673,137018991
2023-04-04,3.9867055416107178,3.9876615167942324,3.9608923881456986,3.977144878020509,170348791
2023-04-06,3.975233316421509,3.9800136486841176,3.962804726065271,3.9685410336048865,162524812
2023-04-07,4.005826473236084,4.015386681092726,3.972365061921532,3.975232987515263,112453400
2023-04-10,3.9876620769500732,4.01729959118993,3.9847941509966653,4.014431209358928,152944087
2023-04-11,3.980013847351074,4.0000906968031,3.9656728498473997,3.989574056475925,128914902
2023-04-12,3.976189136505127,3.98670577589688,3.969496853949709,3.98670577589688,151143692
2023-04-13,3.9561123847961426,3.9742772824236057,3.946551720412186,3.9675849997058634,107563578
2023-04-14,3.9714090824127197,3.981925722540598,3.9561125657517975,3.9561125657517975,120170606
2023-04-17,4.03164005279541,4.03164005279541,3.9694970995941103,3.9694970995941103,173239399
2023-04-18,4.040244102478027,4.048848791531249,4.020167254483121,4.030683894047028,153366110
2023-04-19,4.008695125579834,4.042156998838341,4.002002842103656,4.040244592218276,128366507
2023-04-20,3.9914863109588623,4.008694777903607,3.9781012892897767,4.008694777903607,137301853
2023-04-21,3.9216952323913574,3.999134703884598,3.918826850552202,3.9914864454428454,192533984
2023-04-24,3.871980667114258,3.9236069787552323,3.854771744608075,3.9226510034844844,159652139
2023-04-25,3.853815793991089,3.8824968758072997,3.817485998204818,3.881540900530436,179913800
2023-04-26,3.8452110290527344,3.8605080008141646,3.8289585379108257,3.8452110290527344,194160100
2023-04-27,3.876760721206665,3.8911017185580987,3.833739096785147,3.8442552811230852,109295100
2023-04-28,3.9140465259552,3.9178708831225775,3.8853654427714623,3.8853654427714623,109219407
2023-05-04,3.9150023460388184,3.918826703054551,3.8872772392768895,3.8987498544465082,103445901
2023-05-05,3.902573585510254,3.9293431716986036,3.8815407625342844,3.9169145817860853,77453300
2023-05-08,3.9436841011047363,3.9522883350169153,3.9025739704629814,3.907354303026461,115009694
2023-05-09,3.9121344089508057,3.974277361043136,3.9121344089508057,3.9465517984832466,110952399
2023-05-10,3.8815410137176514,3.9102225522478027,3.875804706011621,3.9102225522478027,163346682
2023-05-11,3.8777170181274414,3.899705817234096,3.8719807105610142,3.884409300975343,80843567
2023-05-12,3.828002691268921,3.8872772621574017,3.8270462601011737,3.8767606222104205,111192489
2023-05-15,3.8853650093078613,3.8891889101710344,3.8174857543335228,3.830870319109722,165055824
2023-05-16,3.869112253189087,3.892057483006163,3.855727687754982,3.8872771508146773,80678312
2023-05-17,3.8480796813964844,3.8758047893403886,3.835651090412472,3.854771964551137,99894500
2023-05-18,3.843299150466919,3.871980688132918,3.825134252591382,3.8538157902573813,127173700
2023-05-19,3.8375627994537354,3.860508029326563,3.8165299759886904,3.833738898393311,73117202
2023-05-22,3.858595848083496,3.8767607468132184,3.825134432464322,3.838518998711992,110649625
2023-05-23,3.8002769947052,3.866244302058104,3.8002769947052,3.866244302058104,133232700
2023-05-24,3.752474784851074,3.798365015903871,3.7496066311641005,3.798365015903871,169724704
2023-05-25,3.743870496749878,3.754387136734224,3.7104090820873004,3.743870496749878,104309861
2023-05-26,3.7429144382476807,3.75534302854285,3.710408999601292,3.741002487703062,95696832
2023-05-29,3.733353853225708,3.7649033153450056,3.7151889561415605,3.7505627750755672,111804697
2023-05-30,3.7304861545562744,3.741002795171174,3.686508097272527,3.7276180005648296,123436523
2023-05-31,3.6989364624023438,3.730485926440209,3.6836397180296228,3.7247496188080893,116676800
2023-06-01,3.706584930419922,3.73622221578912,3.6922441614098,3.6960682904995688,125284597
2023-06-02,3.7620351314544678,3.7687274139182327,3.721881208733101,3.721881208733101,122305238
2023-06-05,3.7429144382476807,3.760123360781971,3.731442051163607,3.7591671575708747,71661266
2023-06-06,3.706584930419922,3.770639833474622,3.701804598103618,3.743870473968658,86012661
2023-06-07,3.6989364624023438,3.7247496188080893,3.6826837427372,3.710409077666583,88838200
2023-06-08,3.725705862045288,3.740046403340781,3.681727806978533,3.6989365021208833,95674273
2023-06-09,3.7410025596618652,3.743870485533958,3.7190135324042783,3.7285739691276296,94450400
2023-06-12,3.7457826137542725,3.764903486944212,3.7247495620698237,3.7390903309316723,94503587
2023-06-13,3.769683837890625,3.7735079669598046,3.737178170955625,3.7390903494596097,93750000
2023-06-14,3.770639657974243,3.795496837808977,3.768727479548964,3.776375965311302,91841000
2023-06-15,3.8337392807006836,3.8337392807006836,3.7792445822571943,3.780200557617632,122161867
2023-06-16,3.872936725616455,3.880584983824377,3.8375629045731396,3.8375629045731396,113898283
2023-06-19,3.8413870334625244,3.8738924708237685,3.8366067014124003,3.8681561635391306,102911124
2023-06-20,3.836606979370117,3.852859927167024,3.8308706716698904,3.838518929977663,75309917
2023-06-21,3.7821125984191895,3.833739140960769,3.7821125984191895,3.825134451275239,115351459
2023-06-26,3.7390904426574707,3.770639907157463,3.7276178272251843,3.770639907157463,149870600
2023-06-27,3.7649035453796387,3.7754199574156955,3.7314421307472805,3.7390903889664506,98856700
2023-06-28,3.769683837890625,3.77159578845582,3.734310017169043,3.7649035056000586,158817800
2023-06-29,3.755343198776245,3.771595918836191,3.742914607917675,3.76872776495046,76957500
2023-06-30,3.7754199504852295,3.7945410518756373,3.747694843537539,3.758211255554291,88930457
2023-07-03,3.8193979263305664,3.831826516611962,3.783068358696415,3.7840243339676647,82204048
2023-07-04,3.83565092086792,3.842343203726758,3.812705690564714,3.8174860228574783,183349853
2023-07-05,3.8041014671325684,3.829914623352692,3.7964529810318117,3.829914623352692,69869607
2023-07-06,3.7782881259918213,3.813661947225341,3.769683892446342,3.7983652027884554,76709454
2023-07-07,3.7649035453796387,3.779244314464072,3.7553431086362803,3.7725520315376,84940000
2023-07-10,3.781156301498413,3.8050575075566035,3.7677717355164475,3.784980658583655,87249700
2023-07-11,3.8050572872161865,3.8088814161411895,3.783068260973941,3.7878483651455,85735414
2023-07-12,3.7868924140930176,3.813661772616629,3.7773319777500385,3.8098374157284116,80796900
2023-07-13,3.847123384475708,3.8509472854572273,3.7954968462659298,3.7954968462659298,205935291
2023-07-14,3.847123384475708,3.857639568052447,3.8432990276166277,3.8499913102118475,81775061
2023-07-17,3.822266101837158,3.838518821234841,3.8031452286706147,3.838518821234841,149145984
2023-07-18,3.813661813735962,3.8270461512339056,3.801233223562204,3.8222660469802676,79199025
2023-07-19,3.8117496967315674,3.819397954836222,3.7916728482527566,3.8117496967315674,140003197
2023-07-20,3.7830686569213867,3.835651175944666,3.776376373617501,3.8136621474009824,157565100
2023-07-21,3.7859363555908203,3.810793535123735,3.770639612190659,3.7830682019571165,133469733
2023-07-24,3.7677717208862305,3.790716723614618,3.7601234626230324,3.7715958500178295,88637422
2023-07-25,3.8758044242858887,3.8758044242858887,3.815573653628234,3.815573653628234,195076700
2023-07-26,3.870068073272705,3.874848405272513,3.8547715579263824,3.8605078651506415,118558500
2023-07-27,3.8633761405944824,3.8901452728128643,3.8519035251072924,3.8786731132032664,147033893
2023-07-28,3.9561123847961426,3.9656725933025303,3.8480794301718166,3.850947355960462,313586921
2023-07-31,3.975233316421509,4.02972801010907,3.9666290830508735,3.981925599238131,274973169
2023-08-01,3.9561123847961426,3.9914862047881865,3.946551720412186,3.9752332576864875,283276864
2023-08-02,3.9331672191619873,3.9704529902882606,3.920738628786563,3.954200498798907,251822143
2023-08-03,3.9628045558929443,3.9628045558929443,3.9178705286601767,3.9178705286601767,175396822
2023-08-04,3.983837604522705,4.0220793513937965,3.9723654451634434,4.002002502668111,312440919
2023-08-07,3.953244686126709,3.9675852276489585,3.941772070557871,3.9666292523311544,304136659
2023-08-08,3.9446396827697754,3.9656725057213773,3.92743076078525,3.9475080643726423,207511742
2023-08-09,3.93221116065979,3.9475081324244843,3.927430828490975,3.93221116065979,187268354
2023-08-10,3.9389030933380127,3.9427274499087495,3.905441682884792,3.932210811247369,170557617
2023-08-11,3.8490355014801025,3.9436838930307156,3.8471235509066295,3.942727917743979,340907700
2023-08-14,3.8232221603393555,3.8289584676599504,3.7802000833736726,3.8260900860608733,284027667
2023-08-15,3.813661813735962,3.830870508163358,3.777332018477659,3.8146177889989326,201730210
2023-08-16,3.788804531097412,3.8174858396612508,3.7849804022099893,3.813661710773828,266000200
2023-08-17,3.7983651161193848,3.8050573989192977,3.752474883855826,3.7735079354689725,232304763
2023-08-18,3.750563144683838,3.8088817426205814,3.7496069414165403,3.800277280847704,270763900
2023-08-21,3.699892520904541,3.750563087501971,3.6979805702766964,3.745782755054766,255344728
2023-08-22,3.72188138961792,3.736222158407795,3.6712110531250075,3.7171012853138197,316163175
2023-08-23,3.6635630130767822,3.7180574818436267,3.6597388838181755,3.7113651986563654,339447900
2023-08-24,3.689375877380371,3.7171012111954322,3.6712109799216637,3.6750353368152315,287719465
2023-08-25,3.6807713508605957,3.705628530533092,3.6654748353133164,3.677903197210786,258939178
2023-08-28,3.71805739402771,3.934123313331976,3.706585006522854,3.934123313331976,535003946
2023-08-29,3.759167194366455,3.7830683999184354,3.7075408821358273,3.7075408821358273,359998238
2023-08-30,3.7572550773620605,3.7811560539164724,3.74769464115254,3.759167027840697,270563372
2023-08-31,3.7362220287323,3.7639473621379187,3.7295297461755608,3.7562988764025174,200180290
2023-09-01,3.7629916667938232,3.7763762329028614,3.74769492212401,3.749606872745989,289303427
2023-09-04,3.8165299892425537,3.8251342225359592,3.771595732544745,3.7763760647644466,203979070
2023-09-05,3.792628765106201,3.8098374595459714,3.7811561501871647,3.8079255090186552,159168100
2023-09-06,3.780200242996216,3.789760679621313,3.7629915482465566,3.7849805752781585,212709198
2023-09-07,3.72857403755188,3.7763762220458688,3.722837729824842,3.7763762220458688,272935454
2023-09-08,3.7084968090057373,3.7276176820221965,3.6951122434819728,3.7276176820221965,309841654
2023-09-11,3.733353853225708,3.757255057593142,3.701804391106411,3.7123208024999172,220910873
2023-09-12,3.7314419746398926,3.743870336741397,3.722837513549206,3.7276176177515103,169334949
2023-09-13,3.703716516494751,3.740046082204208,3.6855516196706355,3.7314418493412265,205518132
2023-09-14,3.702760696411133,3.7151892873199,3.684596025646533,3.701804721091627,178318899
2023-09-15,3.685551881790161,3.7171013457016495,3.6721673159946913,3.709453087515321,232672600
2023-09-18,3.6979806423187256,3.709453258064484,3.663563023020251,3.682683897303981,341744501
2023-09-19,3.69320011138916,3.6970244683915126,3.672167287570167,3.6970244683915126,196727847
2023-09-20,3.6769473552703857,3.691288124039314,3.6759913799987194,3.685551816531743,225857434
2023-09-21,3.644441843032837,3.680771409949001,3.641573689336984,3.670254998356729,253920300
2023-09-22,3.7132771015167236,3.714233076775687,3.632013278096473,3.632013278096473,347632000
2023-09-25,3.6874639987945557,3.7123209514548727,3.680771488069669,3.7094530256369334,220625608
2023-09-26,3.667387008666992,3.6951123436742614,3.664518854842875,3.6855519069068023,289344794
2023-09-27,3.677903413772583,3.7037167981408086,3.6645188479112165,3.667387001729908,335298644
2023-09-28,3.659738779067993,3.6893760648974068,3.6549584466774587,3.681727806599105,238402734
2023-10-09,3.6549582481384277,3.667386838152138,3.610980195465113,3.6520900944476655,263036563
2023-10-10,3.6243646144866943,3.6759911508985104,3.623408639274608,3.6673866901734122,207267445
2023-10-11,3.637749671936035,3.6616506495493266,3.627233032082501,3.638705647217706,252889519
2023-10-12,3.6721673011779785,3.6836396884111813,3.650178274057519,3.6616506612907216,261282128
2023-10-13,3.636793375015259,3.6549582725317262,3.6253209881144235,3.6530463220176457,226816704
2023-10-16,3.5956835746765137,3.640617832075316,3.583254984237941,3.6377496782865077,262292461
2023-10-17,3.6061999797821045,3.614804212649598,3.5899472613294483,3.602375623020136,190351492
2023-10-18,3.5803868770599365,3.6042880829648967,3.576562747938005,3.60141992913875,210048392
2023-10-19,3.50772762298584,3.566046448711198,3.499123389173921,3.566046448711198,428272493
2023-10-20,3.48287034034729,3.5048593677822444,3.468529799115985,3.49051882655094,343472320
2023-10-23,3.4398481845855713,3.4780899284063547,3.4169029559420827,3.4780899284063547,293536826
2023-10-24,3.4637491703033447,3.469485477480445,3.4235954759411884,3.4608810167147945,780436200
2023-10-25,3.47904634475708,3.5067716809243032,3.471398086198647,3.489562985198428,672047469
2023-10-26,3.4876506328582764,3.4905187866595173,3.4522770398946934,3.4656616056746237,611750026
2023-10-27,3.538321018218994,3.5517055841808878,3.4704419851702544,3.4790462187521607,355384592
2023-10-30,3.559354066848755,3.5660463498230226,3.523024270201253,3.523024270201253,247110228
2023-10-31,3.545012950897217,3.555529589918462,3.524936103938283,3.555529589918462,196892990
2023-11-01,3.5440571308135986,3.5698702860159965,3.533540719270824,3.567002132333643,210709200
2023-11-02,3.5287604331970215,3.5698703325954426,3.5278044579366905,3.5478813060363437,320809978
2023-11-03,3.555529832839966,3.570826348936375,3.5316286275464495,3.5325846028177783,273967417
2023-11-06,3.603332042694092,3.605243993251185,3.5746507328885944,3.57847486194157,310014677
2023-11-07,3.592815637588501,3.602376074814903,3.5775191203773,3.5937718408683033,216576928
2023-11-08,3.5794308185577393,3.5975957163881493,3.5603099454537666,3.580386793831302,234344449
2023-11-09,3.582298994064331,3.5956835597306083,3.5708263789567853,3.5756067112311922,182861967
2023-11-10,3.555529832839966,3.57273852741782,3.5459693963103165,3.570826348936375,194639202
2023-11-13,3.553617477416992,3.5689142206905338,3.5335406300860304,3.559353784636917,191207080
2023-11-14,3.5545737743377686,3.572738672865237,3.539277029679837,3.5545737743377686,214258423
2023-11-15,3.5775187015533447,3.5937714201416253,3.5660460870492523,3.5813428304084503,232689200
2023-11-16,3.5431013107299805,3.576562725258187,3.541189132211744,3.576562725258187,204326325
2023-11-17,3.538321018218994,3.5421451473597076,3.518244169276154,3.535452864378761,455143282
2023-11-20,3.548837184906006,3.5603097994735027,3.515375772315436,3.542144902387892,214470231
2023-11-21,3.552661657333374,3.5889912247480713,3.544057196127741,3.560309915334747,281884600
2023-11-22,3.5144200325012207,3.548837422631671,3.5144200325012207,3.546925472034864,288368954
2023-11-23,3.5316288471221924,3.5354529763840565,3.499123406488147,3.514420151474404,303131212
2023-11-24,3.5105955600738525,3.527804482512395,3.502947302060357,3.526848279306619,307850022
2023-11-27,3.485738515853882,3.511551900520552,3.462793512977858,3.510595697277405,218552440
2023-11-28,3.4914746284484863,3.4943427821400617,3.4704418052953097,3.4800022416209666,247297363
2023-11-29,3.4627935886383057,3.4933870784339875,3.4513209729802248,3.4914748998447074,214648371
2023-11-30,3.471397876739502,3.47904613483645,3.4532329788357647,3.4618374401489227,220304200
2023-12-01,3.453233003616333,3.4685297478587875,3.4245516936387768,3.467573772574506,632000909
2023-12-04,3.431243896484375,3.4618373842557966,3.431243896484375,3.456101076806307,189639093
2023-12-05,3.3662328720092773,3.4302880028001996,3.3643209214398344,3.4274198490072454,282075353
2023-12-06,3.3700571060180664,3.392046132335585,3.3518922086386422,3.366232749141191,232348656
2023-12-07,3.36145281791687,3.3757933591573117,3.340419765766924,3.368145100887582,241813625
2023-12-08,3.3700571060180664,3.380573517582521,3.357628516015174,3.36049666970344,197757222
2023-12-11,3.39013409614563,3.405430840478633,3.324167014425126,3.355716478381072,290558625
2023-12-12,3.4006505012512207,3.402562679766013,3.380573652570462,3.3815296278584626,188062305
2023-12-13,3.343287944793701,3.39300230773791,3.3413757662424644,3.39300230773791,225441100
2023-12-14,3.3251230716705322,3.3738814596799176,3.323211121043527,3.357628739656388,234655431
2023-12-15,3.3222546577453613,3.3633645562125025,3.312694221542277,3.3356394507807026,251775909
2023-12-18,3.3079140186309814,3.327990865676301,3.28879314679579,3.3079140186309814,309054605
2023-12-19,3.3117382526397705,3.324166842521437,3.289749226536728,3.3040899948381814,406253600
2023-12-20,3.280188798904419,3.3193865191330643,3.277320645236618,3.3155623902222566,317369400
2023-12-21,3.3146066665649414,3.3212989496515086,3.264892303134674,3.271584586221241,530874300
2023-12-22,3.3193867206573486,3.340419772851906,3.291661613416679,3.3146066162133274,638790050
2023-12-25,3.3289475440979004,3.3299035194445126,3.31078264487944,3.317474928183335,362803533
2023-12-26,3.3050460815429688,3.327035108387602,3.2954856449991627,3.327035108387602,365344300
2023-12-27,3.3126943111419678,3.321298772339105,3.2887933339571873,3.3069582316159942,370937851
2023-12-28,3.393958330154419,3.402562791846228,3.3079143970527256,3.310782550949995,789404099
2023-12-29,3.4035186767578125,3.41212313822106,3.384397803243123,3.3882219323583023,678073500
2024-01-02,3.3604965209960938,3.406386522100081,3.3604965209960938,3.406386522100081,351499082
2024-01-03,3.3547604084014893,3.369100949100992,3.3394636645002445,3.3518922546738317,291105138
2024-01-04,3.3251230716705322,3.3518924318977787,3.298353939382083,3.350936456584276,348023757
2024-01-05,3.3079140186309814,3.349023915870521,3.289749122005918,3.3165184793384497,319261867
2024-01-08,3.2677605152130127,3.313650750259434,3.256287899466707,3.30313410984572,613831300
2024-01-09,3.2715845108032227,3.2821011507872204,3.2524636372998716,3.267760381690311,805879585
2024-01-10,3.255331516265869,3.2926172848309383,3.245771080321398,3.2648919522103403,260377800
2024-01-11,3.2754087448120117,3.291661463885437,3.245771232438016,3.2543756935729293,479313400
2024-01-12,3.2601120471954346,3.2887933567794736,3.2581998687143177,3.2677603052423305,211494684
2024-01-15,3.255331516265869,3.2849690272508707,3.23812282274133,3.2486392338986163,234560693
2024-01-16,3.2754087448120117,3.2782766705848663,3.2333426423338465,3.243859053983996,1067212333
2024-01-17,3.210397720336914,3.2668043648358207,3.209441745055546,3.2668043648358207,1249465165
2024-01-18,3.2457714080810547,3.270628589634525,3.149210835734019,3.1979692235316097,1757610800
2024-01-19,3.255331516265869,3.2620237986331215,3.2237820548552367,3.2304743372224896,1153315532
2024-01-22,3.2008373737335205,3.261068148990737,3.162595626137751,3.24577140436467,1969847989
2024-01-23,3.2113537788391113,3.2276064987374924,3.1654637730011874,3.186496597369071,400577249
2024-01-24,3.2601120471954346,3.2601120471954346,3.1645074539765186,3.217089968849983,948542458
2024-01-25,3.316518783569336,3.3232110665316723,3.2457713689383074,3.2515076766028224,384002630
2024-01-26,3.306001901626587,3.330859081061404,3.2887932078310547,3.307914080021102,736515212
2024-01-29,3.2744526863098145,3.325123024223172,3.2744526863098145,3.307914329131697,301342467
2024-01-30,3.225694417953491,3.2763647541549297,3.222826264212015,3.2581998564385084,706280200
2024-01-31,3.2008373737335205,3.231430862985654,3.1759801922085114,3.2190022722231495,1354116760
2024-02-01,3.198925018310547,3.230474481126575,3.1711996844549013,3.17980414556985,966185100
2024-02-02,3.170243740081787,3.2123096149333406,3.079419479709339,3.198925049472226,1111226980
2024-02-05,3.202749252319336,3.2103977384297506,3.0908921659112862,3.1262657588479317,1924341857
2024-02-06,3.2887933254241943,3.2926174544111833,3.160683294819189,3.181716346155804,868474144
2024-02-07,3.324167013168335,3.324167013168335,3.270628521992463,3.280188958704626,2725933843
2024-02-08,3.3518924713134766,3.3538044219629652,3.3155626737076025,3.3270352893597313,1167864532
2024-02-19,3.368144989013672,3.3700571674869875,3.340419654813919,3.3518922697762403,405258919
2024-02-20,3.3748373985290527,3.3834418600739977,3.3518923956813262,3.3652769616809337,379584346
2024-02-21,3.431243896484375,3.4742659744167623,3.3604967124440956,3.365276816692814,369154618
2024-02-22,3.4551451206207275,3.457057071155257,3.4207275036725493,3.4255076079476594,245126100
2024-02-23,3.457057237625122,3.4761781115238732,3.442716696170457,3.455145286998525,328414600
2024-02-26,3.4188153743743896,3.461837453163125,3.4149912453115396,3.4513208133168005,396822142
2024-02-27,3.4637491703033447,3.4647053734587105,3.410210683215029,3.414035039958945,277565479
2024-02-28,3.427419900894165,3.4933869832531905,3.427419900894165,3.4637494695902524,380262408
2024-02-29,3.4838266372680664,3.4857385879162983,3.422639657748661,3.423595861011576,268168623
2024-03-01,3.508683681488037,3.518244118170343,3.4742660638439786,3.4828702973009005,353720500
2024-03-04,3.5067713260650635,3.5182439406805712,3.4914745825573124,3.5067713260650635,404205800
2024-03-05,3.542145252227783,3.545969609420513,3.4876507835275836,3.489562962123949,1012182558
2024-03-06,3.5220682621002197,3.548837393747985,3.5192001082895605,3.533540877342857,296047411
2024-03-07,3.4991233348846436,3.5440573656543504,3.4952989777622374,3.5182442087414887,337548981
2024-03-08,3.5172879695892334,3.5211123266726028,3.4828703514104657,3.501035249770692,444330592
2024-03-11,3.5583977699279785,3.563178102177342,3.508683636579566,3.508683636579566,609626956
2024-03-12,3.5660464763641357,3.5784750674541734,3.5478815773958035,3.5583979898801426,332611411
2024-03-13,3.5431013107299805,3.5670022885445865,3.535452824595825,3.5660463132548634,339044353
2024-03-14,3.530672550201416,3.5660461415445694,3.5134636281822953,3.5383208080285056,413051043
2024-03-15,3.537364959716797,3.5431012672623408,3.501991367104326,3.522068215574942,425513228
2024-03-18,3.5727384090423584,3.5727384090423584,3.5392767683278765,3.5392767683278765,412905052
2024-03-19,3.5469253063201904,3.5794307443351583,3.5450131278739287,3.568914332727676,276127776
2024-03-20,3.5517055988311768,3.559354085082946,3.537365057509651,3.5450133158226254,305324989
2024-03-21,3.548837184906006,3.5717824140409995,3.5440570807954006,3.556485670597263,253055255
2024-03-22,3.516331911087036,3.5459694241185225,3.49051875504843,3.542145067125642,516709352
2024-03-25,3.498167037963867,3.5335408587967394,3.496255087392657,3.5086836778606845,287946103
2024-03-26,3.511551856994629,3.518244139919735,3.4914747802805195,3.501991420253222,292547200
2024-03-27,3.4742660522460938,3.511551823564255,3.4723538737405,3.501991386913864,390214525
2024-03-28,3.490518569946289,3.5230240070904904,3.4589691080302183,3.47044172252289,331568616
2024-03-29,3.504859209060669,3.507727362764801,3.484782361070528,3.484782361070528,170905169
2024-04-01,3.563178062438965,3.5727384988922815,3.513463701706205,3.517287830699775,285784462
2024-04-02,3.5507495403289795,3.5698704136021884,3.5392769251895384,3.5698704136021884,219846381
2024-04-03,3.5364089012145996,3.551705645982418,3.526848464227063,3.5507496706653034,265165072
2024-04-08,3.5067713260650635,3.5354526346650545,3.5029471971728205,3.5325844810111775,286759387
2024-04-09,3.5019912719726562,3.5134636588133086,3.490518657193222,3.507727351423591,228986363
2024-04-10,3.4771342277526855,3.5019914087867132,3.4580133543324783,3.5019914087867132,224137442
2024-04-11,3.471397876739502,3.4914747251980818,3.4532329788357647,3.4532329788357647,245212933
2024-04-12,3.442716598510742,3.48382649902077,3.43698029091608,3.4694857300341138,399837305
2024-04-15,3.5172879695892334,3.5249364558171785,3.4417604502439927,3.4417604502439927,300768454
2024-04-16,3.4838266372680664,3.5134639237648537,3.4713980462993623,3.510595769853707,256010170
2024-04-17,3.5316288471221924,3.534497001053291,3.4704420951159656,3.4828704582323233,271830910
2024-04-18,3.537364959716797,3.571782577051273,3.5201560370801643,3.5230241908529365,345373600
2024-04-19,3.508683681488037,3.5316286839378126,3.4962550910071606,3.5239804257674843,296156000
2024-04-22,3.501035213470459,3.5306727268959115,3.495298905843675,3.5086836996191013,251620793
2024-04-23,3.4771342277526855,3.5067715131723696,3.469485741621328,3.501035205558549,257921300
2024-04-24,3.48956298828125,3.494343092899793,3.465661781372128,3.481914501777258,266670300
2024-04-25,3.5000791549682617,3.5134637204866923,3.471397845455002,3.480002306690616,267934601
2024-04-26,3.5497934818267822,3.558397715040859,3.501035096566022,3.501035096566022,298233000
2024-04-29,3.5947277545928955,3.615760807305979,3.551705673842115,3.5555300310181663,291093509
2024-04-30,3.574650764465332,3.601419896011413,3.5736945612395505,3.594727613124893,205918200
2024-05-06,3.626276969909668,3.6415737137438113,3.6128924045318365,3.62818914836598,471860660
2024-05-07,3.6281890869140625,3.6329691910657043,3.6167164722480747,3.626276908490138,275709465
2024-05-08,3.59663987159729,3.6224530284302516,3.59663987159729,3.6224530284302516,261365100
2024-05-09,3.632969379425049,3.6396616623475913,3.5909035033667283,3.5909035033667283,268591409
2024-05-10,3.6348814964294434,3.646353883557298,3.609068340468286,3.6425297545146798,337795118
2024-05-13,3.632969379425049,3.6434860193937224,3.6014199153966104,3.613848505949558,253170577
2024-05-14,3.626276969909668,3.6482659964327273,3.6167165335056763,3.6320132773398197,236438713
2024-05-15,3.6004638671875,3.628189201547102,3.5947275596732666,3.626277023062762,262769689
2024-05-16,3.6128926277160645,3.629145347812974,3.598551858254793,3.606200344613737,318395700
2024-05-17,3.6568703651428223,3.6568703651428223,3.6004637234034336,3.6119363379737424,219703714
2024-05-20,3.6606945991516113,3.677903293562514,3.648266008989766,3.656870470164609,200834885
2024-05-21,3.6492223739624023,3.6597390147232405,3.637749985776227,3.658782811420286,159253701
2024-05-22,3.662606716156006,3.6702549740016726,3.641573665172251,3.648265947771905,355622012
2024-05-23,3.6205406188964844,3.6568704135575953,3.6100242073603224,3.6568704135575953,232785716
2024-05-24,3.5803868770599365,3.628189288869857,3.5775189511725825,3.6090684153214054,196852700
2024-05-27,3.6090683937072754,3.6119365475162457,3.579430880327516,3.585167187945456,184093705
2024-05-28,3.586122989654541,3.6119363726858125,3.5794307070704714,3.609068219015671,227853600
2024-05-29,3.588991403579712,3.610980431352805,3.5784749913191183,3.586123249701587,196038752
2024-05-30,3.574650764465332,3.603332074524186,3.566046303066039,3.581343047351852,194887455
2024-05-31,3.563178062438965,3.594727525528788,3.5593539334453954,3.577518831088332,211226500
2024-06-03,3.5650904178619385,3.576562805412091,3.544057365445132,3.5612660607397584,249177300
2024-06-04,3.592815637588501,3.601420099473904,3.5574420426446927,3.5631783505682946,201139874
2024-06-05,3.5775187015533447,3.6004637026227537,3.574650547927322,3.591859241744684,185009500
2024-06-06,3.5775187015533447,3.6062000098748,3.561265755026288,3.5832547808666146,209546590
2024-06-07,3.553617477416992,3.5880350927977664,3.5335406300860304,3.577518681520421,217985257
2024-06-11,3.530672550201416,3.546925269038066,3.5134636281822953,3.546925269038066,226974341
2024-06-12,3.5258922576904297,3.534496718796592,3.5153758460754196,3.5258922576904297,183946300
2024-06-13,3.511551856994629,3.5364088101712543,3.5039033708382283,3.5297165272461486,117615300
2024-06-14,3.533540964126587,3.53545291475479,3.4952989883581704,3.5010352961203726,194085858
2024-06-17,3.5220682621002197,3.528760545012161,3.510595646857582,3.5172879297695236,136090515
2024-06-18,3.5316288471221924,3.541189284246253,3.519200256067034,3.522068409998132,120283312
2024-06-19,3.519200086593628,3.538320959920949,3.515375957515922,3.5344968308432425,178300900
2024-06-20,3.4962549209594727,3.527804383270486,3.492430792060303,3.5182439470531723,288670600
2024-06-21,3.501035213470459,3.503903367283851,3.4685297741704066,3.495298905843675,801653040
2024-06-24,3.4742660522460938,3.502947362197266,3.4704419231736954,3.4800023598240863,711303200
2024-06-25,3.453233003616333,3.480958338309607,3.436024308805315,3.474266055442057,495561501
2024-06-26,3.476177930831909,3.482870213554727,3.440804338751821,3.4436724924814266,296372841
2024-06-27,3.4580132961273193,3.473309812254982,3.451320785397983,3.4685297079497843,490924100
2024-06-28,3.4656615257263184,3.487650552402713,3.448452831254646,3.448452831254646,310325875
2024-07-01,3.4771342277526855,3.482870307427715,3.4446285605873004,3.4627934587181346,233221200
2024-07-02,3.47235369682312,3.486694465037435,3.4637492358945314,3.4694855431802574,213708136
2024-07-03,3.4704418182373047,3.4771341008963437,3.455145074471452,3.4733097440007934,455834707
2024-07-04,3.449408769607544,3.4857383366317674,3.449408769607544,3.4704418207934307,424116307
2024-07-05,3.435068130493164,3.4541890039501983,3.403518666495178,3.448452924264121,534552664
2024-07-08,3.409255027770996,3.432200030692761,3.4016067694433394,3.4245517723651044,328052150
2024-07-09,3.445584535598755,3.4570569221277365,3.3939579984326227,3.399694305666501,449474500
2024-07-10,3.4379360675811768,3.456100964601898,3.436024117119276,3.441760196443756,203111685
2024-07-11,3.4847826957702637,3.4943431330560184,3.4541892052803265,3.4627936672191475,324863747
2024-07-12,3.49721097946167,3.501035108451885,3.4809582602991673,3.4866945677538825,238414693
2024-07-15,3.5019912719726562,3.507727351423591,3.48573832505553,3.4924308356360547,343000881
2024-07-16,3.5258922576904297,3.530672589840114,3.4914746412045625,3.496254973354247,687137600
2024-07-17,3.5316288471221924,3.5469255921084493,3.5153761268051698,3.525892539259996,1190781200
2024-07-18,3.5545737743377686,3.5564859528970585,3.5086837683027694,3.5134638727928,567916100
2024-07-19,3.5765626430511475,3.5832549258029673,3.5297164358496245,3.545013179827549,1340263100
2024-07-22,3.5497934818267822,3.5803867415834247,3.5297164058034407,3.573694458888572,365065271
2024-07-23,3.4771342277526855,3.5497935923372315,3.4761780245245215,3.543101309434038,195029911
2024-07-24,3.457057237625122,3.4886067023519414,3.4446286467970544,3.4704420317052853,456178800
2024-07-25,3.4379360675811768,3.4513206325695913,3.4169030169288273,3.441760196443756,589870900
2024-07-26,3.452277183532715,3.4580134913738654,3.4274200015135947,3.4388923892570964,362053779
2024-07-29,3.430288076400757,3.448452974832951,3.430288076400757,3.448452974832951,146146567
2024-07-30,3.4111669063568115,3.4235954960004253,3.393957984724681,3.42072734239507,683747600
2024-07-31,3.4838266372680664,3.4866947911792137,3.4035187836335465,3.4035187836335465,292852900
2024-08-01,3.4580132961273193,3.491474710080065,3.45705709291525,3.483826452016234,231344267
2024-08-02,3.4226396083831787,3.458013430130855,3.4169033006436202,3.4417604822225085,252682000
2024-08-05,3.383441686630249,3.450364741136436,3.383441686630249,3.413078970958497,394599673
2024-08-06,3.383441686630249,3.417859303106902,3.358584506511623,3.4006503808991844,323944311
2024-08-07,3.3777055740356445,3.4025627555878994,3.3700573156836255,3.3777055740356445,120038100
2024-08-08,3.382485866546631,3.405430869270734,3.360496839120551,3.3738814050480452,132852481
2024-08-09,3.3700571060180664,3.4063866728381336,3.3700571060180664,3.3968262365235073,114120453
2024-08-12,3.3671891689300537,3.3786615564823173,3.361452861184524,3.3700573228028188,100506755
2024-08-13,3.3710131645202637,3.373881318279363,3.34998011293313,3.3700571892468263,149579800
2024-08-14,3.3471121788024902,3.371969361053222,3.3471121788024902,3.371969361053222,83045195
2024-08-15,3.386309862136841,3.400650402796832,3.341375605819868,3.344243759539623,554680653
2024-08-16,3.387265682220459,3.399694271790427,3.376749271022322,3.3815293750437396,113162216
2024-08-19,3.394914388656616,3.420727544692595,3.386309927331694,3.3882218778891513,105297107
2024-08-20,3.3767495155334473,3.4035186470447987,3.36240874655323,3.397782339452712,323616900
2024-08-21,3.36527681350708,3.384397686361422,3.351892248096798,3.3681449672291097,403054300
2024-08-22,3.357628583908081,3.371013149431444,3.348068147400138,3.365276841938921,510547923
2024-08-23,3.3700571060180664,3.3824856960209586,3.3518922086386422,3.3538041591382988,171269681
2024-08-26,3.369101047515869,3.382485841282182,3.354760506397464,3.374837355138747,378995600
2024-08-27,3.3557164669036865,3.366232878873436,3.345200054933937,3.3585846207024894,378972800
2024-08-28,3.339463710784912,3.3538042516831736,3.3232109913954484,3.3471119688721465,545191630
2024-08-29,3.3251230716705322,3.338507865753554,3.3174748132849174,3.3299034041156395,227206100
2024-08-30,3.3671891689300537,3.399694608902995,3.3174748057205226,3.3174748057205226,290983200
2024-09-02,3.3079140186309814,3.3652766341365568,3.3079140186309814,3.3652766341365568,203222900
2024-09-03,3.3222546577453613,3.3318150939484457,3.305045963755321,3.307914117410124,534789300
2024-09-04,3.298353910446167,3.319386734791489,3.29644173189714,3.3088703226188283,188078500
2024-09-05,3.302178144454956,3.315562710906742,3.2945298858935934,3.303134119790426,339208900
2024-09-06,3.2744526863098145,3.320342919785071,3.273496711009953,3.3060021505931805,179221700
2024-09-09,3.2371668815612793,3.2715844993344163,3.2256944942627612,3.2677603702349103,277277344
2024-09-10,3.2371668815612793,3.2505516753177375,3.2151778543156304,3.2371668815612793,200262333
2024-09-11,3.2295186519622803,3.2419472425998337,3.217090061324727,3.2285626766636355,150373139
2024-09-12,3.2199583053588867,3.2486396165708036,3.219002330033463,3.2352550502596693,175272600
2024-09-13,3.206573486328125,3.23429859209072,3.2056172831392624,3.2266503342125104,224456500
2024-09-18,3.2136480808258057,3.2281851913684187,3.1923270623831503,3.210740658717283,366210753
2024-09-19,3.2427220344543457,3.263073988985569,3.1942653849554135,3.2214010162510034,238791911
2024-09-20,3.254351854324341,3.2562899817469337,3.2155865331579965,3.2398147433571918,1135585501
2024-09-23,3.2562899589538574,3.2776109778699216,3.239814720679437,3.2465986287301076,198412100
2024-09-24,3.4035983085632324,3.4035983085632324,3.265981103717294,3.2814872774066752,530250275
2024-09-25,3.4491477012634277,3.516987012249054,3.4452712154190137,3.464653875700621,624171879
2024-09-26,3.6109931468963623,3.6109931468963623,3.443332880165409,3.4443019438681572,618464519
2024-09-27,3.8687827587127686,3.963757932166868,3.650727485244536,3.6924002277095735,1107662513
2024-09-30,4.197319030761719,4.218640281002288,3.86490614579061,4.138201984980041,1128994121
2024-10-08,4.410528659820557,4.616954014547812,4.191504090708291,4.616954014547812,1279010823
2024-10-09,4.00833797454834,4.361102563679836,3.9831404708875864,4.361102563679836,982871763
2024-10-10,4.059702396392822,4.165337738470147,3.975387843056082,4.0461345797288955,895312981
2024-10-11,3.943405866622925,4.047103540696531,3.895918509505134,4.047103540696531,624406057
2024-10-14,4.014153003692627,4.032566138337542,3.921115956167043,3.95697408598941,624808803
2024-10-15,3.912393808364868,4.019967270505169,3.9075480278568273,3.9928316390506446,490069263
2024-10-16,3.8823506832122803,3.9346838209151436,3.8590915365731786,3.8619987277259678,445386074
2024-10-17,3.8377702236175537,3.9337144561020403,3.8377702236175537,3.9153008605198805,440058430
2024-10-18,3.98410964012146,4.109127635958019,3.8222642204193145,3.8358320362701614,667076448
2024-10-21,3.989924430847168,4.032566005201042,3.955035365882294,4.003492246516043,555953278
2024-10-22,4.0102763175964355,4.019967416846242,3.9724800600721175,3.97344912378519,386359656
2024-10-23,4.026751518249512,4.070362155140814,3.9957391709061705,4.010276049869939,508927903
2024-10-24,3.98410964012146,4.019967307121822,3.9686032347783002,4.019967307121822,532358450
2024-10-25,4.0160908699035645,4.051948997393775,3.978294615128169,3.9850785227453644,411842813
2024-10-28,4.01802921295166,4.01996734034092,3.9744181118598028,4.008338113886287,409331488
2024-10-29,3.983140707015991,4.0529183780500935,3.9782949263049505,4.02190602846615,357625197
2024-10-30,3.943405866622925,3.985078841420201,3.9201469509836144,3.973449152541004,413121098
2024-10-31,3.949220657348633,3.9812020702719,3.9123939258908393,3.9404986218674067,452323892
2024-11-01,3.9530975818634033,3.9928319686473523,3.9327458565925344,3.9327458565925344,325414456
2024-11-04,4.00833797454834,4.00833797454834,3.9453442153964557,3.955035314124946,190327382
2024-11-05,4.107189178466797,4.1120349586294935,3.9860474471135716,4.00639916925406,643153511
2024-11-06,4.089745044708252,4.153707870292641,4.061640348846868,4.107189577718287,475348989
2024-11-07,4.218640327453613,4.218640327453613,4.051949351274351,4.060671386938479,567184616
2024-11-08,4.174060344696045,4.268066000037574,4.152739093283238,4.254498183021664,515126887
2024-11-11,4.192473888397217,4.196350143426369,4.106220744331153,4.1343254417689135,405265487
2024-11-12,4.142078876495361,4.243837964926801,4.118819497841626,4.191504362955897,452124541
2024-11-13,4.169214248657227,4.179874873557999,4.121726430571125,4.126572211173211,392744128
2024-11-14,4.100405693054199,4.17696727145134,4.091683657558996,4.162430391586311,300693749
2024-11-15,4.028689861297607,4.108158630149038,4.028689861297607,4.089745033486593,308960647
2024-11-18,4.014153003692627,4.0907145818654564,3.987985973045527,4.050010671395917,283564855
2024-11-19,4.035473823547363,4.036442887260661,3.9560045915089486,4.0189983540640695,313685417
2024-11-20,4.04322624206543,4.060670772874771,4.016090613330244,4.02287452051404,272449399
2024-11-21,4.047103404998779,4.057763567681375,4.022874964332669,4.0374118438847075,249893300
2024-11-22,3.9269306659698486,4.0500105326287965,3.9220848854887094,4.0441956884752415,379358323
2024-11-25,3.9027023315429688,3.9482515602154424,3.8658753693374166,3.929837963582898,247995972
2024-11-26,3.8988254070281982,3.9337144710381455,3.8891343084381345,3.890103372085236,182820712
2024-11-27,3.9637579917907715,3.966665182905973,3.8775048523727116,3.898825640241421,259010431
2024-11-28,3.931776523590088,3.965696063385422,3.9249926156310213,3.9598812191177832,235864500
2024-11-29,3.972479820251465,4.021905763586947,3.931776374045217,3.931776374045217,284339508
2024-12-02,4.004461288452148,4.017060040379008,3.9627887779981115,3.9744180041375468,205904926
2024-12-03,4.012214183807373,4.026751524914252,3.980232772762722,4.004461212488469,212040376
2024-12-04,3.987985849380493,4.017060070242876,3.978294750505741,4.003492254546785,218524500
2024-12-05,3.9812021255493164,3.9976775951526973,3.968603372946462,3.9802330618289563,125527584
2024-12-06,4.033535957336426,4.059702527766343,3.9812023543574795,3.9860481353568633,278855576
2024-12-09,4.029658794403076,4.056794425607647,4.003492226867374,4.03547363853535,264678999
2024-12-10,4.057763576507568,4.171152346345872,4.050010604870889,4.152738749884339,374307080
2024-12-11,4.0509796142578125,4.068424146795803,4.0412885153716385,4.057763522113854,276436168
2024-12-12,4.089745044708252,4.094590825341997,4.043226752133899,4.051949249698454,318443857
2024-12-13,3.9928314685821533,4.071331630679946,3.9908933413093086,4.070362104924479,503693264
2024-12-16,3.973449230194092,4.000584863363141,3.9589123498705434,3.9957395446680204,194976052
2024-12-17,3.9812021255493164,4.017060255917159,3.961819464784855,3.961819464784855,316830330
2024-12-18,3.9996156692504883,4.013183485392749,3.9899245700570503,3.9986466055430525,193212022
2024-12-19,4.007369041442871,4.015122013102057,3.9579430961720665,3.9734490394904394,205871200
2024-12-20,3.9938008785247803,4.018029320012389,3.9850788429216384,4.001554312526556,558009032
2024-12-23,3.995739459991455,4.0267518095784895,3.9899246155614434,3.995739459991455,242198368
2024-12-24,4.0461344718933105,4.052918380044472,3.996708525278357,3.9976775889972256,231048051
2024-12-25,4.0461344718933105,4.067455260065664,4.029659002315298,4.050010726768783,189457500
2024-12-26,4.0509796142578125,4.05388726740701,4.029658827012978,4.046134295874257,207877023
2024-12-27,4.049041271209717,4.073269710313086,4.036442519845488,4.0500103348348055,310310362
2024-12-30,4.064547538757324,4.07230097261666,4.044195814644487,4.049041595276804,352473644
2024-12-31,4.000584602355957,4.070362270323269,4.000584602355957,4.064547426149404,236660367
2025-01-02,3.8804123401641846,3.999615488948567,3.8581220274216865,3.9928315811832538,292675743
2025-01-03,3.8406777381896973,3.8988254862086125,3.8309864083432896,3.8813814159684203,350468963
2025-01-06,3.8280789852142334,3.851338130627209,3.8057889034677688,3.840677737116997,306769900
2025-01-07,3.860060453414917,3.86102951709564,3.814511225587465,3.829048105036445,202727200
2025-01-08,3.848430871963501,3.8775048627290167,3.7931903126149757,3.847461808255846,333770800
2025-01-09,3.8455233573913574,3.859091404270254,3.8338939000002754,3.8368013221129296,192664600
2025-01-10,3.7990050315856934,3.854245589110886,3.7990050315856934,3.8455233228512666,199025403
2025-01-13,3.784467935562134,3.802881531827151,3.7699310561336183,3.7786530913669147,205723547
2025-01-14,3.8823506832122803,3.8939803720616015,3.7854371486068645,3.7970668374561862,236365473
2025-01-15,3.8581221103668213,3.8784738341002987,3.8523072661402464,3.875566643046545,110778663
2025-01-16,3.861029624938965,3.887196424585159,3.83680141482743,3.8852578350504996,172984859
2025-01-17,3.876535654067993,3.8968873775249904,3.842615883913467,3.856183930610996,162871731
2025-01-20,3.8910725116729736,3.924992512697824,3.884288603891815,3.8959182921221034,136326410
2025-01-21,3.895918369293213,3.916270093039819,3.880412426091723,3.9123938382989802,127838496
2025-01-22,3.860060453414917,3.8939802238950914,3.8435852155449575,3.8920416344145794,196344531
2025-01-23,3.8678133487701416,3.9356526573342827,3.865875221446883,3.895918274493144,186677880
2025-01-24,3.9027023315429688,3.919177800778111,3.863937010880477,3.8668444330361176,210284858
2025-01-27,3.8823506832122803,3.919177877195437,3.8823506832122803,3.9172392876411615,301618459
2025-02-05,3.8581221103668213,3.9085171189177563,3.8523072661402464,3.903671338375766,230476918
2025-02-06,3.9085171222686768,3.912393839129406,3.858122113674536,3.8600604721049008,176592481
2025-02-07,3.9618194103240967,3.9899245684236266,3.8997951740018797,3.9094862731913502,358318174
2025-02-10,3.9686031341552734,3.9753875040277493,3.949220474557068,3.9618192264018544,276920365
2025-02-11,3.9501900672912598,3.9734489819318957,3.9395294425898864,3.9695727272179884,196312700
2025-02-12,3.9870166778564453,3.9928315218716306,3.935652607488182,3.9501899485856713,152665812
2025-02-13,3.9763565063476562,4.009306980944382,3.9734488532873,3.9879857322319334,211525327
2025-02-14,4.007369041442871,4.015122013102057,3.972479975797925,3.9734490394904394,172614246
2025-02-17,4.014153003692627,4.026751756103828,3.9889554988702236,4.018029258515103,288347674
2025-02-18,3.983140707015991,4.033535717325014,3.971511018157127,4.0122144670440685,207181159
2025-02-19,4.00833797454834,4.015121882294,3.975387499480983,3.9821714072266428,133906336
2025-02-20,3.994770050048828,4.0083378651699135,3.9841094258312424,4.0083378651699135,144133108
2025-02-21,4.049041271209717,4.05291798782911,3.9938004855083187,4.0054301732474595,207195716
2025-02-24,4.034504413604736,4.063578170984949,4.016090818275049,4.050010355924977,228770073
2025-02-25,3.9938008785247803,4.023844164454179,3.982171651760286,4.0122144755706,145490095
2025-02-26,4.025782108306885,4.027720697778465,3.992831632718778,3.999615540571651,274567446
2025-02-27,4.036442756652832,4.041288537181603,4.0015541535076276,4.026751657714357,308426395
2025-02-28,3.95988130569458,4.039350537677071,3.9569741145567345,4.026751785174913,231262696
2025-03-03,3.9569742679595947,4.001554435301728,3.9424369253495457,3.9686034950808953,136057459
2025-03-04,3.95503568649292,3.9608505311251063,3.928869116707631,3.9404988059720036,110386544
2025-03-05,3.9695727825164795,3.9744181009763615,3.9434057522377626,3.9569740302826446,227871500
2025-03-06,4.026751518249512,4.03644261685234,3.986047610184292,3.98701667383267,257673605
2025-03-07,4.012214183807373,4.035473559883139,4.002523085188505,4.014152773226388,267815100
2025-03-10,3.9967081546783447,4.016090813615679,3.9724797154769163,4.012214096980596,367271345
2025-03-11,4.006399631500244,4.011245412222032,3.960850401801241,3.9666652462435694,256044723
2025-03-12,3.9976775646209717,4.024813197060157,3.9879860032532166,4.014153034098523,125664056
2025-03-13,3.9792640209198,4.0083382432927035,3.9647271407928915,3.9976776180694573,141517051
2025-03-14,4.079084873199463,4.0858687812246774,3.980232981804805,3.980232981804805,409106120
2025-03-17,4.065517425537109,4.092653060096803,4.060671644474559,4.088776342822939,274709590
2025-03-18,4.077146053314209,4.08877574130579,4.065516827441677,4.081991833663876,176958398
2025-03-19,4.081992149353027,4.09555996568615,4.057763707849986,4.077146368628602,180821714
2025-03-20,4.047103404998779,4.0810229446598925,4.04128856075415,4.080053880972299,206137121
2025-03-21,3.983140707015991,4.051949314331702,3.9724800818755184,4.039350561754446,236559418
2025-03-24,4.000584602355957,4.005430382854022,3.977325687779562,3.981201942482763,147311897
2025-03-25,4.00349235534668,4.013183454465434,3.992831730408882,4.00349235534668,104660040
2025-03-26,3.98895525932312,4.016090889927196,3.987016669909222,4.0025230746251586,117282946
2025-03-27,3.9996156692504883,4.025782237827574,3.971510973258531,3.988955506349614,113452237
2025-03-28,3.98410964012146,4.004461363897731,3.9744180790171013,3.9996155833455513,114722618
2025-03-31,3.9595837593078613,4.028531904624835,3.9418541557113573,3.9891330986353686,176738675
2025-04-01,3.9585988521575928,3.978298255115246,3.952688984303215,3.962538450946635,64945083
2025-04-02,3.9546587467193604,3.9723883501167103,3.9467790795441413,3.959583714830426,107632509
2025-04-03,3.933974504470825,3.9566290763259895,3.918214935043768,3.927079736878127,194258574
2025-04-07,3.6739423274993896,3.8157782225836514,3.570520340236734,3.770469546922591,1652640182
2025-04-08,3.7074310779571533,3.71432584544512,3.6424230018301498,3.6788668734817174,2997640082
2025-04-09,3.734025239944458,3.753724877511933,3.65325782964421,3.6788668653275787,435287114
2025-04-10,3.793123722076416,3.8207027922514443,3.775394118533549,3.8019882890124426,226533527
2025-04-11,3.8138082027435303,3.8275977384747666,3.7724393607144044,3.7832741972193054,178751000
2025-04-14,3.823657751083374,3.841387354741735,3.8216879516782725,3.826612685026434,150907726
2025-04-15,3.823657751083374,3.833507452615105,3.8039583480199113,3.8216879516782725,381779853
2025-04-16,3.838432550430298,3.8463122179876317,3.791153840580045,3.8167631123945047,1049206803
2025-04-17,3.835477590560913,3.8492671261111027,3.819718020716947,3.823657854469085,139881685
2025-04-18,3.8443422317504883,3.853206798612977,3.823657694455403,3.8295675622539984,588756319
2025-04-21,3.8502519130706787,3.86207164881632,3.832522544287625,3.838432412160446,89083250
2025-04-22,3.854192018508911,3.8689664534972583,3.8502519499989694,3.8532068839637206,87236010
2025-04-23,3.8581318855285645,3.8788161886251853,3.8512371178296907,3.8679815872177286,133701569
2025-04-24,3.8532068729400635,3.8788161440043702,3.8443423059065798,3.8591167408526585,76312022
2025-04-25,3.8551769256591797,3.8738914291935878,3.849267057718271,3.8591167593413154,125003091
2025-04-28,3.8551769256591797,3.8610867936000886,3.8413873903539995,3.8591167593413154,111879613
2025-04-29,3.8433573246002197,3.8581319949707793,3.837447456451996,3.851237227076324,75455400
2025-04-30,3.8413875102996826,3.8620718139033117,3.839417475979396,3.850252077652428,73294870
2025-05-06,3.8788161277770996,3.8807861620181927,3.8532068568199307,3.866996626836766,203599699
2025-05-07,3.899500608444214,3.938899414007509,3.8857108386287367,3.9201849109143225,174600725
2025-05-08,3.9260947704315186,3.941854104755259,3.8906357985322932,3.895560531799611,199398180
2025-05-09,3.9192001819610596,3.9280647492141916,3.9073804458429966,3.924124915453309,142238122
2025-05-12,3.9645087718963623,3.967463471026813,3.9329896328174563,3.934959432237757,147753627
2025-05-13,3.9694337844848633,3.990118087641669,3.9625385470951024,3.988147818528526,131844790
2025-05-14,4.020651817321777,4.041336589941776,3.966478575835243,3.9714035440624245,161002659
2025-05-15,3.986177921295166,4.020651759044111,3.979283153745377,4.020651759044111,94250800
2025-05-16,3.962538480758667,3.9832232532400167,3.949734314927134,3.9832232532400167,174149832
2025-05-19,3.9566290378570557,3.962538436018356,3.9408692337478173,3.960568636631256,141594200
2025-05-20,3.979283332824707,3.991103069062215,3.9556438603496917,3.959583928985806,117168331
2025-05-21,3.9940576553344727,4.006862290951186,3.976328521150425,3.978298320577359,90990707
2025-05-22,3.988147735595703,4.000952371046145,3.9792831686187884,3.9930727037699074,68423918
2025-05-23,3.962538480758667,4.01375702276807,3.961553581053997,4.004892455755218,113062600
2025-05-26,3.9428391456604004,3.9664786176635034,3.930034744772603,3.9595838499410694,120217619
2025-05-27,3.9211699962615967,3.944809468587175,3.9132903287100147,3.939884500240874,99058033
2025-05-28,3.916245222091675,3.9300347575814865,3.912305153521374,3.9231399898365806,161684153
2025-05-29,3.938899517059326,3.952689052400168,3.912305111256459,3.9201850134765195,142560324
2025-05-30,3.927079677581787,3.935944479282293,3.9054102405923516,3.9329895453821244,151865286
2025-06-03,3.9290497303009033,3.9438243998713407,3.9113201268163786,3.9172299946445537,70193409
2025-06-04,3.946779251098633,3.9576140874797723,3.9310196812277693,3.9339746152557695,128306196
2025-06-05,3.957613945007324,3.9674634116321954,3.9398843414775806,3.9507191774686707,126933514
2025-06-06,3.96056866645813,3.9723884022113696,3.9507191997776405,3.9635238352318476,69318863
2025-06-09,3.9714035987854004,3.981253065704661,3.957614063295939,3.965493730765513,147248482
2025-06-10,3.9457943439483643,3.9792832830888445,3.932004808400568,3.9792832830888445,187880699
2025-06-11,3.9782984256744385,3.9989827292161384,3.946779285656729,3.946779285656729,257064925
2025-06-12,3.9802682399749756,3.988147907591036,3.9566292371267933,3.976328641002363,88570601
2025-06-13,3.9546587467193604,3.977313318227776,3.942839011121127,3.974358149492813,210644300
2025-06-16,3.965493679046631,3.969433747565444,3.9487489749302007,3.951704143737016,73627096
2025-06-17,3.9635238647460938,3.9743582312082277,3.950719229196537,3.969433732666721,46626051
2025-06-18,3.9694337844848633,3.975343182811814,3.947764111936074,3.9635239164870866,59855089
2025-06-19,3.9349594116210938,3.96549365082987,3.926094844605367,3.96549365082987,101406733
2025-06-20,3.9398844242095947,3.9517041601442884,3.930034722542487,3.933974556242248,86426700
2025-06-23,3.957613945007324,3.9674634116321954,3.925109671869461,3.931019539712709,94107118
2025-06-24,3.997997760772705,4.014742465068712,3.9595838535678896,3.9615536530130107,332253456
2025-06-25,4.063990592956543,4.067930661376125,4.000952316268085,4.005877284374861,274885407
2025-06-26,4.050200939178467,4.070885241015162,4.049216039520166,4.063005574077963,271575925
2025-06-27,4.02459192276001,4.079750534134671,4.023607023039702,4.050201194171312,264818259
2025-06-30,4.048231601715088,4.050201401256419,4.020652059782214,4.028532197289234,201980063
2025-07-01,4.054141044616699,4.058080643285986,4.033456272919745,4.046260907936526,122358019
2025-07-02,4.055126190185547,4.064975657126832,4.0403517549382055,4.0521710213335815,78272505
2025-07-03,4.084674835205078,4.084674835205078,4.0551259663415005,4.0551259663415005,98974965
2025-07-04,4.096494674682617,4.131953881824648,4.068915604463803,4.076795271716205,167477181
2025-07-07,4.080735206604004,4.096494540592961,4.069900370942346,4.093539841596582,60329600
2025-07-08,4.113239288330078,4.123088754761825,4.076795182289767,4.079750350988854,100392976
2025-07-09,4.113239288330078,4.135893389892657,4.107329420602708,4.113239288330078,125915076
2025-07-10,4.13589334487915,4.156577646864421,4.108314275565456,4.112254343897755,115505824
2025-07-11,4.149682998657227,4.197946841012458,4.131953864829945,4.134908563910888,239670292
2025-07-14,4.146728515625,4.1605180513961395,4.144758716135076,4.147713415369962,104422551
2025-07-15,4.149682998657227,4.170367770907076,4.1201341291645495,4.154607966796277,147808015
2025-07-16,4.13589334487915,4.16051771519672,4.122103810222303,4.145743280874497,98865650
2025-07-17,4.167412757873535,4.167412757873535,4.132938918953669,4.133923818684118,109072418
2025-07-18,4.199916839599609,4.202872008491527,4.1703679687054445,4.1703679687054445,133393133
2025-07-21,4.225525856018066,4.225525856018066,4.199916585633918,4.212721220825992,129476903
2025-07-22,4.260985374450684,4.266894772968072,4.208781460509514,4.2255261653213045,168074815
2025-07-23,4.265909671783447,4.302353778944872,4.256060205048706,4.266894571489839,182523817
2025-07-24,4.294474124908447,4.298413723746204,4.258030017634278,4.2659096849806115,139687727
2025-07-25,4.272804260253906,4.293489031904171,4.261969894267024,4.292503662568274,135607792
2025-07-28,4.284624099731445,4.291518867225538,4.255075230376992,4.2718194644322995,115414827
2025-07-29,4.301368713378906,4.301368713378906,4.260985008949097,4.276744342985335,206836974
2025-07-30,4.300384044647217,4.333872983525725,4.273789873488671,4.299398675255086,200719024
2025-07-31,4.219615936279297,4.28954897913377,4.208781100582311,4.28954897913377,199695123
2025-08-01,4.198931694030762,4.2294659325484805,4.18218699041245,4.20976652988207,103688899
2025-08-04,4.214691162109375,4.215676531494167,4.181202223480305,4.183172492579066,73278428
2025-08-05,4.250150203704834,4.252120003055776,4.217646166060271,4.220600865086684,111444165
2025-08-06,4.260985374450684,4.263940073709378,4.241285970380198,4.250150537827122,82642606
2025-08-07,4.260985374450684,4.276744709838735,4.2393157012035605,4.260985374450684,148213073
2025-08-08,4.250150203704834,4.267879806875724,4.243255436305733,4.256060071428464,98231373
2025-08-11,4.273789882659912,4.286594518406011,4.250150410614554,4.25310510978481,105006645
2025-08-12,4.295459270477295,4.30629410724292,4.2698499978827975,4.273790066616892,85879035
2025-08-13,4.332888126373291,4.340767793891974,4.298413817763955,4.298413817763955,126166490
2025-08-14,4.325993061065674,4.372286632933781,4.3181129244181164,4.332887828379188,148715693
2025-08-15,4.365392208099365,4.372286975953796,4.310233595593085,4.320083532339892,180329339
2025-08-18,4.402820587158203,4.431385026952899,4.356527013334597,4.375241516739173,221525433
2025-08-19,4.38115119934082,4.418580204566933,4.368346564377719,4.402820400943455,173096701
2025-08-20,4.427444934844971,4.432369903013759,4.339782755860445,4.370316525231141,219946057
2025-08-21,4.447144508361816,4.464874112646756,4.4284300043395195,4.432370072959784,222152432
2025-08-22,4.549581527709961,4.549581527709961,4.4471444418240775,4.448129341546699,180712090
2025-08-25,4.641183853149414,4.646108821513831,4.564356037479517,4.564356037479517,237602458
2025-08-26,4.614589691162109,4.647093730961836,4.59883035596805,4.6342890949901,244853384
2025-08-27,4.548596382141113,4.660882928855086,4.544656313792756,4.615574256367581,294191723
2025-08-28,4.63724422454834,4.63724422454834,4.522987401512662,4.542686805173555,266907885
2025-08-29,4.674672603607178,4.687477239034426,4.612619695539539,4.637244066695142,310260948
2025-09-01,4.690432548522949,4.700282015478202,4.6530035408171635,4.675658113254655,171143170
2025-09-02,4.6638383865356445,4.715056929884117,4.61951461097094,4.69141745767072,224231331
2025-09-03,4.621484279632568,4.6805824888226075,4.591935409872957,4.663838254537712,179965511
2025-09-04,4.523972034454346,4.630349183686487,4.491467996847181,4.619514347927164,314404515
2025-09-05,4.625424385070801,4.637244120937412,4.51412273339005,4.526927368967076,134715024
2025-09-08,4.63231897354126,4.648078307639973,4.598830036328392,4.626409105836542,190050977
2025-09-09,4.600800037384033,4.636258775496142,4.575190766097745,4.62936400781682,101848189
2025-09-10,4.609664440155029,4.6342888108479325,4.58011557106019,4.597845174319578,113346475
2025-09-11,4.727861404418945,4.727861404418945,4.589965114106566,4.604740018571273,198462625
2025-09-12,4.697327136993408,4.735741042961357,4.690432369486659,4.7278613757637595,161930162
2025-09-15,4.704222202301025,4.737711142263939,4.693387365674172,4.697327434357803,155813658
2025-09-16,4.693387031555176,4.726875969134036,4.665807961745621,4.704221867410704,111491623
2025-09-17,4.727861404418945,4.734756171967483,4.673687694056649,4.693387097005443,114983110
2025-09-18,4.660882949829102,4.752485194885712,4.624439313543704,4.726875924683149,184801786
2025-09-19,4.675658226013184,4.708162266189798,4.659898420965553,4.660883320717748,159689703
2025-09-22,4.692402362823486,4.697327331152107,4.655958724401689,4.67565812804534,138225130
2025-09-23,4.690432548522949,4.730816255414062,4.631334337778943,4.694372147436719,173014838
2025-09-24,4.737710952758789,4.737710952758789,4.669748175798227,4.678612742893268,213689776
2025-09-25,4.771199703216553,4.793854274423842,4.729831098843421,4.737710765913903,142656997
2025-09-26,4.727861404418945,4.773170078168255,4.726876035051314,4.758395173703549,115264388
2025-09-29,4.80665922164917,4.833253393283129,4.718011669755418,4.728846506225118,259229467
2025-09-30,4.8214335441589355,4.827343412124835,4.796809172579491,4.806659109079598,139352777
2025-10-09,4.90023136138916,4.915005797083304,4.828328512761259,4.830298312274921,147537493
2025-10-10,4.793854236602783,4.88053151303585,4.778094432915353,4.88053151303585,274355611
2025-10-13,4.771199703216553,4.781049639307758,4.681567257403964,4.683537526424687,240514490
2025-10-14,4.718996524810791,4.8174935428318415,4.698312221476995,4.796809239498045,220270430
2025-10-15,4.788929462432861,4.788929462432861,4.7032370821984975,4.722936485352038,196033908
2025-10-16,4.798779487609863,4.825373658875526,4.76135048002455,4.76135048002455,166124105
2025-10-17,4.696342468261719,4.798779555880619,4.686492531527208,4.7948394872526485,256525641
2025-10-20,4.714071273803711,4.752485178978982,4.697327040063189,4.726875908862135,111902972
2025-10-21,4.784989356994629,4.796809092729672,4.72392134859133,4.72392134859133,204094129
2025-10-22,4.771199703216553,4.781049639307758,4.741650834284545,4.762335136471111,154978411
2025-10-23,4.782034873962402,4.794839509975446,4.71604189440928,4.767260438461455,155204408
2025-10-27,4.9022016525268555,4.90515635181058,4.872652311335396,4.879547079334929,162955819
2025-10-28,4.8805317878723145,4.927810262255389,4.868712051858839,4.894321323331093,132230289
2025-10-29,4.937660217285156,4.9396300167378255,4.88250160557298,4.88250160557298,118883900
2025-10-30,4.898261547088623,4.952434790917508,4.89530637815621,4.9366754555141075,144255123
2025-10-31,4.832268238067627,4.906140880959634,4.831283338380786,4.906140880959634,257306354
2025-11-03,4.845073223114014,4.845073223114014,4.782034941897208,4.832268586919064,253539987
2025-11-04,4.807643890380859,4.8490124954524045,4.782034619716337,4.843102627632068,146793537
2025-11-05,4.807643890380859,4.827343293225044,4.744605613411142,4.775139852204413,116929157
2025-11-06,4.881516456604004,4.890381493030034,4.819463549975811,4.820448449651859,116180064
2025-11-07,4.866742134094238,4.888411336478241,4.849012530505064,4.861817165929888,156731000
2025-11-10,4.885456562042236,4.886441461725755,4.839162989221199,4.869696758093513,112806471
2025-11-11,4.841133117675781,4.90121622949199,4.831283650500244,4.890381862565983,190414735
2025-11-12,4.8381781578063965,4.858862460464579,4.803703850371946,4.8391630575038125,176250590
2025-11-13,4.889396667480469,4.893336266244384,4.82832818993168,4.831283358675427,120660093
2025-11-14,4.813553810119629,4.8716671195874,4.8125689104174185,4.868711950809952,120114363
2025-11-17,4.783019542694092,4.813553781636019,4.7623352400576175,4.806659014090527,169596803
2025-11-18,4.759380340576172,4.79286975017284,4.736726237265198,4.772184976695239,150600256
2025-11-19,4.7721848487854,4.79483942116,4.753470814655289,4.75839531328383,116685854
2025-11-20,4.7534708976745605,4.803704072258794,4.7455907603896135,4.794839504901773,122545200
2025-11-21,4.6421685218811035,4.749530572462753,4.638228923122282,4.70816196747027,359071402
2025-11-24,4.639214038848877,4.659898342308336,4.6057250994853485,4.645123906933127,299404489
2025-11-25,4.668762683868408,4.698312022860972,4.650048650455729,4.659898117006044,199119300
2025-11-26,4.7061920166015625,4.718996652775062,4.666793208324771,4.67171817677708,189922118
2025-11-27,4.696342468261719,4.748545911810453,4.690432600155179,4.7061919353253945,84740612
2025-11-28,4.711116790771484,4.718011558452046,4.675658052652997,4.696342355694683,100359960
2025-12-01,4.7603654861450195,4.761350385850812,4.715056811982851,4.718011511100228,102149534
2025-12-02,4.737710952758789,4.761350424573327,4.721951617996313,4.760365524859525,159740547
2025-12-03,4.720966815948486,4.757410454467208,4.707176810657508,4.738695950505343,77105600
2025-12-04,4.729831218719482,4.745590553259861,4.701266779067675,4.724906250549059,66214700
2025-12-05,4.771199703216553,4.78597460735336,4.718011363402296,4.731800898193341,129953708
2025-12-08,4.809000015258789,4.829999923706055,4.784999847412109,4.795000076293945,166712604
2025-12-09,4.7829999923706055,4.815000057220459,4.76800012588501,4.806000232696533,129517078
2025-12-10,4.775000095367432,4.783999919891357,4.73199987411499,4.78000020980835,140979297
2025-12-11,4.739999771118164,4.796000003814697,4.736999988555908,4.7820000648498535,94040094
2025-12-12,4.765999794006348,4.7789998054504395,4.7230000495910645,4.750999927520752,162854853
2025-12-15,4.741000175476074,4.784999847412109,4.739999771118164,4.742000102996826,103630854
2025-12-16,4.690000057220459,4.741000175476074,4.675000190734863,4.736999988555908,209722200
2025-12-17,4.776000022888184,4.789999961853027,4.689000129699707,4.691999912261963,269356052
2025-12-18,4.742000102996826,4.767000198364258,4.736000061035156,4.75,110891512
2025-12-19,4.765999794006348,4.790999889373779,4.739999771118164,4.748000144958496,172138789
2025-12-22,4.806000232696533,4.809999942779541,4.7729997634887695,4.7729997634887695,268670228
2025-12-23,4.811999797821045,4.840000152587891,4.800000190734863,4.807000160217285,239037867
2025-12-24,4.831999778747559,4.840000152587891,4.801000118255615,4.811999797821045,115705780
2025-12-25,4.840000152587891,4.854000091552734,4.820000171661377,4.831999778747559,101759493
2025-12-26,4.860000133514404,4.880000114440918,4.833000183105469,4.841000080108643,168661095
2025-12-29,4.8379998207092285,4.86899995803833,4.824999809265137,4.860000133514404,225791318
2025-12-30,4.855000019073486,4.86899995803833,4.815999984741211,4.827000141143799,252096608
2025-12-31,4.827000141143799,4.868000030517578,4.815999984741211,4.855000019073486,263566404
2026-01-05,4.921000003814697,4.927999973297119,4.8480000495910645,4.8480000495910645,241130705
2026-01-06,4.995999813079834,4.997000217437744,4.921999931335449,4.925000190734863,325637610
2026-01-07,4.9770002365112305,5.004000186920166,4.953999996185303,4.994999885559082,186694402
2026-01-08,4.943999767303467,4.9710001945495605,4.918000221252441,4.965000152587891,169195987
2026-01-09,4.966000080108643,4.98199987411499,4.923999786376953,4.938000202178955,222111759
2026-01-12,4.992000102996826,5.010000228881836,4.941999912261963,4.9710001945495605,357260145
2026-01-13,4.9720001220703125,5.046999931335449,4.953999996185303,4.992000102996826,265790780
2026-01-14,4.945000171661377,5.0289998054504395,4.918000221252441,4.9720001220703125,593085436
2026-01-15,4.947999954223633,4.96999979019165,4.916999816894531,4.929999828338623,1301458902
2026-01-16,4.934999942779541,4.998000144958496,4.914000034332275,4.965000152587891,2035208305
2026-01-19,4.936999797821045,4.9679999351501465,4.914999961853027,4.923999786376953,2080488980
2026-01-20,4.922999858856201,4.951000213623047,4.885000228881836,4.936999797821045,1738951307
2026-01-21,4.923999786376953,4.965000152587891,4.90500020980835,4.914999961853027,3206837350
2026-01-22,4.926000118255615,4.960000038146973,4.89900016784668,4.936999797821045,1568260765
2026-01-23,4.8979997634887695,4.942999839782715,4.88100004196167,4.928999900817871,3171759190
2026-01-26,4.913000106811523,4.958000183105469,4.894000053405762,4.909999847412109,3290004609
2026-01-27,4.909999847412109,4.940999984741211,4.875,4.9079999923706055,1498193787
2026-01-28,4.931000232696533,4.941999912261963,4.8979997634887695,4.916999816894531,3604753058
2026-01-29,4.973999977111816,4.982999801635742,4.90500020980835,4.926000118255615,1735797806
2026-01-30,4.9120001792907715,4.954999923706055,4.839000225067139,4.952000141143799,369983703
2026-02-02,4.803999900817871,4.920000076293945,4.7870001792907715,4.873000144958496,551305175
2026-02-03,4.863999843597412,4.866000175476074,4.78000020980835,4.835999965667725,252433982
2026-02-04,4.901000022888184,4.9079999923706055,4.841000080108643,4.85099983215332,262700309
2026-02-05,4.876999855041504,4.89300012588501,4.839000225067139,4.880000114440918,182199984
2026-02-06,4.849999904632568,4.889999866485596,4.804999828338623,4.840000152587891,226284820
2026-02-09,4.927999973297119,4.929999828338623,4.883999824523926,4.883999824523926,161231638
2026-02-10,4.931000232696533,4.939000129699707,4.920000076293945,4.928999900817871,167892107
2026-02-11,4.920000076293945,4.932000160217285,4.914000034332275,4.923999786376953,96725834
2026-02-12,4.928999900817871,4.935999870300293,4.914999961853027,4.921999931335449,179366426
2026-02-13,4.866000175476074,4.927000045776367,4.861999988555908,4.918000221252441,361041080
2026-02-24,4.916999816894531,4.939000129699707,4.9019999504089355,4.926000118255615,177140786
2026-02-25,4.948999881744385,4.979000091552734,4.918000221252441,4.918000221252441,204481058
2026-02-26,4.934999942779541,4.949999809265137,4.9120001792907715,4.948999881744385,205686633
2026-02-27,4.922999858856201,4.931000232696533,4.895999908447266,4.920000076293945,164535403
2026-03-02,4.934999942779541,4.943999767303467,4.870999813079834,4.888000011444092,309268801
2026-03-03,4.872000217437744,4.951000213623047,4.86299991607666,4.935999870300293,239711278
2026-03-04,4.816999912261963,4.849999904632568,4.7820000648498535,4.849999904632568,151842100
2026-03-05,4.8460001945495605,4.875,4.831999778747559,4.8429999351501465,143066526
2026-03-06,4.864999771118164,4.881999969482422,4.818999767303467,4.828999996185303,76610949
2026-03-09,4.816999912261963,4.834000110626221,4.75,4.830999851226807,199158300
2026-03-10,4.879000186920166,4.888000011444092,4.841000080108643,4.841000080108643,94486043
2026-03-11,4.908999919891357,4.918000221252441,4.879000186920166,4.879000186920166,136076731
2026-03-12,4.892000198364258,4.909999847412109,4.857999801635742,4.9039998054504395,80840499
2026-03-13,4.875999927520752,4.914000034332275,4.861999988555908,4.906000137329102,132918300
2026-03-16,4.879000186920166,4.883999824523926,4.828999996185303,4.876999855041504,93626600
2026-03-17,4.8460001945495605,4.931000232696533,4.8429999351501465,4.889999866485596,155516829
2026-03-18,4.863999843597412,4.866000175476074,4.810999870300293,4.85099983215332,144756594
2026-03-19,4.789999961853027,4.839000225067139,4.770999908447266,4.815000057220459,208837529
2026-03-20,4.7779998779296875,4.835000038146973,4.767000198364258,4.789999961853027,194931000
2026-03-23,4.61899995803833,4.736999988555908,4.593999862670898,4.730000019073486,362542133
2026-03-24,4.669000148773193,4.670000076293945,4.591000080108643,4.6539998054504395,159546253
2026-03-25,4.735000133514404,4.742000102996826,4.690999984741211,4.697999954223633,148163284
2026-03-26,4.677000045776367,4.738999843597412,4.664999961853027,4.729000091552734,110883676
2026-03-27,4.701000213623047,4.7230000495910645,4.630000114440918,4.644999980926514,137091447
2026-03-30,4.691999912261963,4.697000026702881,4.640999794006348,4.6539998054504395,120092756
2026-03-31,4.6570000648498535,4.7220001220703125,4.6519999504089355,4.693999767303467,165535238
2026-04-01,4.7230000495910645,4.73199987411499,4.690999984741211,4.701000213623047,134142225
2026-04-02,4.676000118255615,4.7170000076293945,4.6519999504089355,4.716000080108643,186707597
2026-04-03,4.644000053405762,4.697000026702881,4.632999897003174,4.688000202178955,80884708
2026-04-07,4.632999897003174,4.658999919891357,4.618000030517578,4.64300012588501,102691114
2026-04-08,4.797999858856201,4.797999858856201,4.708000183105469,4.708000183105469,284011126
2026-04-09,4.764999866485596,4.7779998779296875,4.750999927520752,4.760000228881836,186201740
2026-04-10,4.839000225067139,4.860000133514404,4.7820000648498535,4.784999847412109,217384406
2026-04-13,4.8460001945495605,4.855999946594238,4.813000202178955,4.822999954223633,75432688
2026-04-14,4.908999919891357,4.909999847412109,4.857999801635742,4.868000030517578,106453493
2026-04-15,4.894999980926514,4.945000171661377,4.881999969482422,4.942999839782715,107472823
2026-04-16,4.946000099182129,4.947000026702881,4.901000022888184,4.910999774932861,154019295
2026-04-17,4.936999797821045,4.949999809265137,4.921000003814697,4.934999942779541,166390880
2026-04-20,4.965000152587891,4.9770002365112305,4.925000190734863,4.936999797821045,190351304
2026-04-21,4.96999979019165,4.986999988555908,4.927999973297119,4.965000152587891,224384377
2026-04-22,5.014999866485596,5.017000198364258,4.953999996185303,4.953999996185303,247843620
2026-04-23,5.005000114440918,5.039000034332275,4.9730000495910645,5.014999866485596,291281640
2026-04-24,4.985000133514404,5.001999855041504,4.948999881744385,4.988999843597412,261674805
2026-04-27,4.982999801635742,5.01200008392334,4.974999904632568,4.985000133514404,280748188
2026-04-28,4.966000080108643,4.991000175476074,4.954999923706055,4.9730000495910645,360261712
2026-04-29,5.020999908447266,5.0289998054504395,4.952000141143799,4.952000141143799,460508220
2026-04-30,5.0279998779296875,5.045000076293945,5.010000228881836,5.02400016784668,639976968
2026-05-06,5.0960001945495605,5.122000217437744,5.054999828338623,5.059000015258789,760889609
2026-05-07,5.120999813079834,5.120999813079834,5.083000183105469,5.109000205993652,380245436
2026-05-08,5.0879998207092285,5.107999801635742,5.065999984741211,5.1020002365112305,556844502
2026-05-11,5.176000118255615,5.189000129699707,5.10099983215332,5.10099983215332,840459954
2026-05-12,5.169000148773193,5.192999839782715,5.150000095367432,5.177999973297119,450057098
2026-05-13,5.230999946594238,5.232999801635742,5.145999908447266,5.150000095367432,636125442
2026-05-14,5.140999794006348,5.255000114440918,5.138000011444092,5.238999843597412,399895372
2026-05-15,5.086999893188477,5.160999774932861,5.058000087738037,5.142000198364258,265606943
2026-05-18,5.059000015258789,5.090000152587891,5.0229997634887695,5.066999912261963,174682516
2026-05-19,5.077000141143799,5.077000141143799,4.989999771118164,5.047999858856201,438546428
2026-05-20,5.077000141143799,5.086999893188477,5.043000221252441,5.043000221252441,440263128
2026-05-21,5.02400016784668,5.164000034332275,5.004000186920166,5.0960001945495605,578853349
2026-05-22,5.068999767303467,5.072999954223633,5.011000156402588,5.02400016784668,325127249
2026-05-25,5.14300012588501,5.144999980926514,5.077000141143799,5.078000068664551,996689445
2026-05-26,5.177000045776367,5.178999900817871,5.116000175476074,5.122000217437744,275504228
2026-05-27,5.1479997634887695,5.204999923706055,5.120999813079834,5.171000003814697,460846386
2026-05-28,5.14300012588501,5.150000095367432,5.065000057220459,5.125999927520752,231874822
2026-05-29,5.131999969482422,5.184000015258789,5.105999946594238,5.1529998779296875,127121814
2026-06-01,5.080999851226807,5.151000022888184,5.065000057220459,5.125,92740747
2026-06-02,5.14300012588501,5.163000106811523,5.061999797821045,5.074999809265137,157076983
2026-06-03,5.171999931335449,5.2270002365112305,5.133999824523926,5.1529998779296875,211152765
