代码,日期,开盘价,收盘价,最高价,最低价,成交量,成交额,振幅,涨跌幅,涨跌额,换手率
159610,2022-01-10,0.975,0.981,0.982,0.971,3643237.0,,,,,
159610,2022-01-11,0.98,0.976,0.986,0.974,1281488.0,,1.2232415902140683,-0.5096839959225284,-0.0050000000000000044,
159610,2022-01-12,0.976,0.981,0.981,0.972,1111523.0,,0.9221311475409845,0.5122950819672136,0.0050000000000000044,
159610,2022-01-13,0.982,0.969,0.983,0.967,1347534.0,,1.6309887869520912,-1.2232415902140683,-0.01200000000000001,
159610,2022-01-14,0.967,0.966,0.974,0.963,1652809.0,,1.1351909184726532,-0.30959752321981454,-0.0030000000000000027,
159610,2022-01-17,0.966,0.977,0.98,0.966,944299.0,,1.449275362318842,1.1387163561076614,0.01100000000000001,
159610,2022-01-18,0.977,0.98,0.985,0.973,1325489.0,,1.2282497441146378,0.30706243602865946,0.0030000000000000027,
159610,2022-01-19,0.98,0.979,0.988,0.973,1057612.0,,1.5306122448979604,-0.10204081632653071,-0.0010000000000000009,
159610,2022-01-20,0.979,0.973,0.982,0.969,1004325.0,,1.32788559754852,-0.6128702757916247,-0.006000000000000005,
159610,2022-01-21,0.973,0.964,0.973,0.96,1284900.0,,1.3360739979445027,-0.9249743062692711,-0.009000000000000008,
159610,2022-01-24,0.964,0.968,0.971,0.953,1086557.0,,1.86721991701245,0.41493775933609994,0.0040000000000000036,
159610,2022-01-25,0.968,0.947,0.968,0.94,985888.0,,2.8925619834710767,-2.1694214876033078,-0.02100000000000002,
159610,2022-01-26,0.947,0.945,0.947,0.937,920246.0,,1.0559662090812987,-0.2111932418162621,-0.0020000000000000018,
159610,2022-01-27,0.943,0.92,0.944,0.919,903424.0,,2.6455026455026363,-2.6455026455026363,-0.02499999999999991,
159610,2022-01-28,0.922,0.911,0.927,0.904,1041386.0,,2.500000000000002,-0.9782608695652182,-0.009000000000000008,
159610,2022-02-07,0.93,0.924,0.934,0.921,1059803.0,,1.4270032930845238,1.4270032930845238,0.013000000000000012,
159610,2022-02-08,0.924,0.925,0.926,0.907,1234897.0,,2.0562770562770583,0.10822510822510831,0.0010000000000000009,
159610,2022-02-09,0.938,0.935,0.938,0.921,1230350.0,,1.8378378378378275,1.081081081081082,0.010000000000000009,
159610,2022-02-10,0.931,0.931,0.937,0.926,1001792.0,,1.176470588235295,-0.4278074866310164,-0.0040000000000000036,
159610,2022-02-11,0.927,0.921,0.934,0.918,1195869.0,,1.7185821697099906,-1.0741138560687442,-0.010000000000000009,
159610,2022-02-14,0.921,0.912,0.924,0.909,1202830.0,,1.628664495114008,-0.9771986970684047,-0.009000000000000008,
159610,2022-02-15,0.909,0.924,0.926,0.907,1191065.0,,2.083333333333335,1.3157894736842117,0.01200000000000001,
159610,2022-02-16,0.924,0.929,0.932,0.924,1062946.0,,0.8658008658008665,0.5411255411255417,0.0050000000000000044,
159610,2022-02-17,0.929,0.93,0.933,0.922,1062045.0,,1.1840688912809483,0.10764262648008621,0.0010000000000000009,
159610,2022-02-18,0.93,0.938,0.939,0.924,977033.0,,1.612903225806441,0.8602150537634295,0.007999999999999896,
159610,2022-02-21,0.929,0.939,0.939,0.927,921330.0,,1.2793176972281344,0.10660980810234552,0.0010000000000000009,
159610,2022-02-22,0.936,0.927,0.936,0.918,1132212.0,,1.9169329073482444,-1.2779552715654845,-0.0119999999999999,
159610,2022-02-23,0.925,0.936,0.937,0.925,1088400.0,,1.2944983818770237,0.9708737864077678,0.009000000000000008,
159610,2022-02-24,0.932,0.926,0.938,0.915,1143125.0,,2.4572649572649476,-1.0683760683760692,-0.010000000000000009,
159610,2022-02-25,0.926,0.93,0.941,0.926,1198090.0,,1.61987041036716,0.4319654427645792,0.0040000000000000036,
159610,2022-02-28,0.926,0.936,0.936,0.921,1036801.0,,1.6129032258064528,0.6451612903225812,0.006000000000000005,
159610,2022-03-01,0.936,0.94,0.941,0.934,895303.0,,0.7478632478632367,0.42735042735041584,0.0039999999999998925,
159610,2022-03-02,0.937,0.94,0.94,0.933,834089.0,,0.7446808510638188,0.0,0.0,
159610,2022-03-03,0.942,0.937,0.944,0.936,989612.0,,0.851063829787223,-0.31914893617020124,-0.0029999999999998916,
159610,2022-03-04,0.933,0.935,0.943,0.929,1039488.0,,1.4941302027748027,-0.2134471718249735,-0.0020000000000000018,
159610,2022-03-07,0.934,0.924,0.934,0.915,969308.0,,2.032085561497328,-1.176470588235295,-0.01100000000000001,
159610,2022-03-08,0.924,0.888,0.924,0.885,1132336.0,,4.2207792207792245,-3.8961038961038996,-0.03600000000000003,
159610,2022-03-09,0.887,0.871,0.891,0.84,1280961.0,,5.743243243243248,-1.914414414414416,-0.017000000000000015,
159610,2022-03-10,0.883,0.89,0.898,0.877,1025101.0,,2.4110218140068906,2.1814006888633775,0.019000000000000017,
159610,2022-03-11,0.858,0.891,0.895,0.858,948892.0,,4.15730337078652,0.11235955056179785,0.0010000000000000009,
159610,2022-03-14,0.889,0.874,0.898,0.874,1029058.0,,2.693602693602696,-1.907968574635243,-0.017000000000000015,
159610,2022-03-15,0.872,0.817,0.872,0.817,1150835.0,,6.292906178489709,-6.521739130434788,-0.05700000000000005,
159610,2022-03-16,0.827,0.848,0.854,0.802,1070179.0,,6.364749082007336,3.794369645042843,0.031000000000000028,
159610,2022-03-17,0.85,0.864,0.879,0.85,1099244.0,,3.4198113207547203,1.8867924528301903,0.016000000000000014,
159610,2022-03-18,0.86,0.872,0.874,0.859,1051333.0,,1.7361111111111125,0.9259259259259267,0.008000000000000007,
159610,2022-03-21,0.872,0.876,0.878,0.865,1026469.0,,1.4908256880733959,0.4587155963302756,0.0040000000000000036,
159610,2022-03-22,0.873,0.878,0.886,0.867,901125.0,,2.1689497716895,0.22831050228310523,0.0020000000000000018,
159610,2022-03-23,0.878,0.883,0.885,0.875,924473.0,,1.1389521640091125,0.5694760820045562,0.0050000000000000044,
159610,2022-03-24,0.871,0.879,0.884,0.871,869233.0,,1.472253680634203,-0.45300113250283164,-0.0040000000000000036,
159610,2022-03-25,0.879,0.868,0.883,0.867,873859.0,,1.8202502844141086,-1.2514220705346997,-0.01100000000000001,
159610,2022-03-28,0.866,0.87,0.875,0.854,933006.0,,2.4193548387096793,0.23041474654377903,0.0020000000000000018,
159610,2022-03-29,0.87,0.865,0.875,0.862,1054470.0,,1.4942528735632197,-0.5747126436781614,-0.0050000000000000044,
159610,2022-03-30,0.866,0.88,0.88,0.865,939999.0,,1.7341040462427761,1.7341040462427761,0.015000000000000013,
159610,2022-03-31,0.882,0.877,0.882,0.874,853286.0,,0.90909090909091,-0.3409090909090912,-0.0030000000000000027,
159610,2022-04-01,0.872,0.882,0.883,0.871,687961.0,,1.3683010262257709,0.5701254275940713,0.0050000000000000044,
159610,2022-04-06,0.882,0.884,0.885,0.87,892175.0,,1.700680272108845,0.22675736961451265,0.0020000000000000018,
159610,2022-04-07,0.884,0.869,0.884,0.865,927349.0,,2.1493212669683275,-1.6968325791855219,-0.015000000000000013,
159610,2022-04-08,0.868,0.872,0.872,0.854,850928.0,,2.0713463751438455,0.3452243958573076,0.0030000000000000027,
159610,2022-04-11,0.872,0.85,0.872,0.846,987727.0,,2.9816513761467918,-2.522935779816516,-0.02200000000000002,
159610,2022-04-12,0.849,0.86,0.862,0.84,1052260.0,,2.5882352941176494,1.176470588235295,0.010000000000000009,
159610,2022-04-13,0.86,0.85,0.861,0.849,885220.0,,1.3953488372093035,-1.1627906976744196,-0.010000000000000009,
159610,2022-04-14,0.858,0.859,0.865,0.851,1055439.0,,1.6470588235294132,1.0588235294117656,0.009000000000000008,
159610,2022-04-15,0.855,0.855,0.862,0.852,1013282.0,,1.1641443538998848,-0.4656577415599539,-0.0040000000000000036,
159610,2022-04-18,0.855,0.855,0.858,0.84,1166458.0,,2.105263157894739,0.0,0.0,
159610,2022-04-19,0.85,0.857,0.858,0.85,1053879.0,,0.9356725146198839,0.23391812865497097,0.0020000000000000018,
159610,2022-04-20,0.856,0.834,0.86,0.832,1139571.0,,3.2672112018669806,-2.68378063010502,-0.02300000000000002,
159610,2022-04-21,0.829,0.808,0.836,0.807,1064176.0,,3.4772182254196546,-3.1175059952038264,-0.025999999999999912,
159610,2022-04-22,0.805,0.811,0.819,0.797,1031860.0,,2.7227722772277114,0.37128712871287156,0.0030000000000000027,
159610,2022-04-25,0.811,0.764,0.811,0.763,971084.0,,5.918618988902594,-5.79531442663379,-0.04700000000000004,
159610,2022-04-26,0.764,0.743,0.771,0.739,1036343.0,,4.188481675392674,-2.748691099476442,-0.02100000000000002,
159610,2022-04-27,0.742,0.769,0.771,0.735,1148263.0,,4.845222072678335,3.499327052489909,0.026000000000000023,
159610,2022-04-28,0.763,0.771,0.776,0.757,1114338.0,,2.470741222366712,0.26007802340702235,0.0020000000000000018,
159610,2022-04-29,0.778,0.799,0.801,0.773,1277569.0,,3.6316472114137515,3.6316472114137515,0.028000000000000025,
159610,2022-05-05,0.795,0.801,0.807,0.794,1037382.0,,1.6270337922403018,0.2503128911138926,0.0020000000000000018,
159610,2022-05-06,0.79,0.782,0.791,0.779,942727.0,,1.4981273408239713,-2.372034956304621,-0.019000000000000017,
159610,2022-05-09,0.78,0.787,0.791,0.778,965161.0,,1.6624040920716128,0.6393861892583125,0.0050000000000000044,
159610,2022-05-10,0.787,0.797,0.798,0.774,1165072.0,,3.049555273189329,1.2706480304955536,0.010000000000000009,
159610,2022-05-11,0.801,0.798,0.816,0.796,1714742.0,,2.5094102885821714,0.12547051442910925,0.0010000000000000009,
159610,2022-05-12,0.798,0.799,0.804,0.79,1364469.0,,1.7543859649122824,0.12531328320802015,0.0010000000000000009,
159610,2022-05-13,0.802,0.806,0.808,0.798,1400029.0,,1.251564455569463,0.8760951188986239,0.007000000000000006,
159610,2022-05-16,0.809,0.806,0.816,0.802,1290429.0,,1.7369727047146277,0.0,0.0,
159610,2022-05-17,0.806,0.808,0.808,0.799,1340204.0,,1.1166253101736983,0.24813895781637738,0.0020000000000000018,
159610,2022-05-18,0.807,0.805,0.814,0.803,1247612.0,,1.3613861386138488,-0.37128712871287156,-0.0030000000000000027,
159610,2022-05-19,0.801,0.81,0.811,0.795,1086955.0,,1.9875776397515545,0.6211180124223608,0.0050000000000000044,
159610,2022-05-20,0.81,0.823,0.824,0.81,1098200.0,,1.7283950617283828,1.6049382716049259,0.0129999999999999,
159610,2022-05-23,0.822,0.823,0.825,0.816,1030433.0,,1.0935601458080206,0.0,0.0,
159610,2022-05-24,0.823,0.796,0.823,0.795,1548403.0,,3.4021871202916056,-3.280680437424048,-0.026999999999999913,
159610,2022-05-25,0.796,0.808,0.809,0.795,1318989.0,,1.7587939698492476,1.5075376884422125,0.01200000000000001,
159610,2022-05-26,0.806,0.818,0.821,0.797,1228554.0,,2.970297029702959,1.237623762376225,0.009999999999999898,
159610,2022-05-27,0.817,0.816,0.825,0.81,1194088.0,,1.8337408312958319,-0.24449877750611268,-0.0020000000000000018,
159610,2022-05-30,0.816,0.822,0.822,0.812,1187193.0,,1.2254901960784188,0.7352941176470595,0.006000000000000005,
159610,2022-05-31,0.821,0.834,0.836,0.816,1595641.0,,2.4330900243309026,1.4598540145985415,0.01200000000000001,
159610,2022-06-01,0.83,0.833,0.836,0.825,1105828.0,,1.3189448441247014,-0.11990407673860923,-0.0010000000000000009,
159610,2022-06-02,0.828,0.839,0.841,0.827,1439836.0,,1.6806722689075646,0.7202881152460991,0.006000000000000005,
159610,2022-06-06,0.836,0.853,0.857,0.836,1010418.0,,2.502979737783077,1.6686531585220514,0.014000000000000012,
159610,2022-06-07,0.853,0.854,0.856,0.849,1125319.0,,0.8206330597889808,0.11723329425556868,0.0010000000000000009,
159610,2022-06-08,0.854,0.859,0.862,0.846,1096791.0,,1.8735362997658096,0.5854800936768155,0.0050000000000000044,
159610,2022-06-09,0.858,0.85,0.86,0.841,1293607.0,,2.211874272409781,-1.047729918509896,-0.009000000000000008,
159610,2022-06-10,0.846,0.865,0.867,0.842,1216116.0,,2.941176470588238,1.764705882352943,0.015000000000000013,
159610,2022-06-13,0.862,0.859,0.864,0.851,1156617.0,,1.5028901734104059,-0.6936416184971105,-0.006000000000000005,
159610,2022-06-14,0.855,0.865,0.867,0.836,1397683.0,,3.6088474970896423,0.6984866123399307,0.006000000000000005,
159610,2022-06-15,0.861,0.863,0.884,0.861,1263069.0,,2.658959537572257,-0.23121387283237013,-0.0020000000000000018,
159610,2022-06-16,0.863,0.86,0.872,0.858,1245222.0,,1.6222479721900365,-0.34762456546929343,-0.0030000000000000027,
159610,2022-06-17,0.856,0.867,0.871,0.848,1503224.0,,2.6744186046511653,0.8139534883720937,0.007000000000000006,
159610,2022-06-20,0.867,0.865,0.872,0.859,1239077.0,,1.4994232987312586,-0.23068050749711672,-0.0020000000000000018,
159610,2022-06-21,0.865,0.86,0.868,0.852,1185809.0,,1.849710982658961,-0.5780346820809253,-0.0050000000000000044,
159610,2022-06-22,0.86,0.846,0.862,0.844,1291032.0,,2.0930232558139554,-1.6279069767441874,-0.014000000000000012,
159610,2022-06-23,0.846,0.863,0.865,0.844,1399579.0,,2.4822695035461013,2.0094562647754155,0.017000000000000015,
159610,2022-06-24,0.863,0.871,0.874,0.861,1341965.0,,1.5063731170336052,0.9269988412514493,0.008000000000000007,
159610,2022-06-27,0.873,0.877,0.885,0.873,1241472.0,,1.3777267508610804,0.6888633754305402,0.006000000000000005,
159610,2022-06-28,0.877,0.889,0.892,0.876,1043451.0,,1.8244013683010276,1.3683010262257709,0.01200000000000001,
159610,2022-06-29,0.886,0.877,0.892,0.876,1126144.0,,1.7997750281214864,-1.349831271091115,-0.01200000000000001,
159610,2022-06-30,0.877,0.887,0.893,0.877,1110671.0,,1.8244013683010276,1.1402508551881425,0.010000000000000009,
159610,2022-07-01,0.884,0.886,0.892,0.883,1254168.0,,1.0146561443066524,-0.11273957158962807,-0.0010000000000000009,
159610,2022-07-04,0.886,0.897,0.897,0.883,1302779.0,,1.5801354401805883,1.2415349887133194,0.01100000000000001,
159610,2022-07-05,0.896,0.896,0.902,0.886,1379760.0,,1.7837235228539594,-0.11148272017837246,-0.0010000000000000009,
159610,2022-07-06,0.892,0.884,0.893,0.875,1502781.0,,2.0089285714285734,-1.3392857142857155,-0.01200000000000001,
159610,2022-07-07,0.883,0.886,0.891,0.878,1323069.0,,1.470588235294119,0.2262443438914029,0.0020000000000000018,
159610,2022-07-08,0.887,0.881,0.889,0.88,1303743.0,,1.0158013544018067,-0.5643340857787815,-0.0050000000000000044,
159610,2022-07-11,0.881,0.866,0.881,0.859,1597102.0,,2.497162315550513,-1.7026106696935315,-0.015000000000000013,
159610,2022-07-12,0.862,0.854,0.869,0.853,1100784.0,,1.8475750577367223,-1.3856812933025418,-0.01200000000000001,
159610,2022-07-13,0.851,0.857,0.86,0.85,1222516.0,,1.170960187353631,0.35128805620608927,0.0030000000000000027,
159610,2022-07-14,0.854,0.862,0.868,0.854,1210195.0,,1.6336056009334903,0.5834305717619609,0.0050000000000000044,
159610,2022-07-15,0.864,0.848,0.868,0.848,1271548.0,,2.3201856148491897,-1.624129930394433,-0.014000000000000012,
159610,2022-07-18,0.848,0.862,0.865,0.848,1296771.0,,2.0047169811320775,1.6509433962264164,0.014000000000000012,
159610,2022-07-19,0.864,0.865,0.867,0.858,1349890.0,,1.0440835266821356,0.34802784222737854,0.0030000000000000027,
159610,2022-07-20,0.863,0.873,0.876,0.863,1189794.0,,1.5028901734104059,0.9248554913294805,0.008000000000000007,
159610,2022-07-21,0.871,0.861,0.871,0.86,1203098.0,,1.2600229095074467,-1.3745704467353963,-0.01200000000000001,
159610,2022-07-22,0.863,0.857,0.868,0.848,1248899.0,,2.3228803716608617,-0.46457607433217235,-0.0040000000000000036,
159610,2022-07-25,0.853,0.85,0.86,0.847,1317795.0,,1.5169194865810982,-0.8168028004667451,-0.007000000000000006,
159610,2022-07-26,0.848,0.86,0.865,0.848,1069570.0,,2.0000000000000018,1.176470588235295,0.010000000000000009,
159610,2022-07-27,0.859,0.865,0.868,0.858,1017484.0,,1.1627906976744196,0.5813953488372098,0.0050000000000000044,
159610,2022-07-28,0.869,0.865,0.873,0.863,1129996.0,,1.1560693641618507,0.0,0.0,
159610,2022-07-29,0.868,0.861,0.869,0.858,1277870.0,,1.2716763005780358,-0.46242774566474026,-0.0040000000000000036,
159610,2022-08-01,0.859,0.867,0.868,0.855,1093957.0,,1.50987224157956,0.6968641114982584,0.006000000000000005,
159610,2022-08-02,0.863,0.847,0.863,0.836,1461068.0,,3.1141868512110755,-2.3068050749711673,-0.020000000000000018,
159610,2022-08-03,0.846,0.84,0.861,0.836,1290488.0,,2.9515938606847723,-0.8264462809917362,-0.007000000000000006,
159610,2022-08-04,0.841,0.842,0.85,0.832,1463647.0,,2.142857142857145,0.23809523809523833,0.0020000000000000018,
159610,2022-08-05,0.843,0.855,0.857,0.841,1238701.0,,1.9002375296912133,1.5439429928741109,0.013000000000000012,
159610,2022-08-08,0.855,0.862,0.864,0.855,849570.0,,1.0526315789473695,0.8187134502923984,0.007000000000000006,
159610,2022-08-09,0.862,0.866,0.868,0.86,813422.0,,0.928074245939676,0.464037122969838,0.0040000000000000036,
159610,2022-08-10,0.866,0.864,0.871,0.861,1001779.0,,1.1547344110854514,-0.23094688221709028,-0.0020000000000000018,
159610,2022-08-11,0.868,0.879,0.881,0.866,1033693.0,,1.7361111111111125,1.7361111111111125,0.015000000000000013,
159610,2022-08-12,0.88,0.881,0.884,0.877,1140303.0,,0.7963594994311725,0.22753128555176358,0.0020000000000000018,
159610,2022-08-15,0.876,0.881,0.885,0.876,1069339.0,,1.0215664018161188,0.0,0.0,
159610,2022-08-16,0.88,0.882,0.889,0.879,1208962.0,,1.1350737797956878,0.11350737797956878,0.0010000000000000009,
159610,2022-08-17,0.881,0.885,0.888,0.877,1174438.0,,1.2471655328798197,0.340136054421769,0.0030000000000000027,
159610,2022-08-18,0.884,0.88,0.885,0.878,1082459.0,,0.7909604519774018,-0.56497175141243,-0.0050000000000000044,
159610,2022-08-19,0.877,0.871,0.882,0.87,1233640.0,,1.3636363636363649,-1.0227272727272736,-0.009000000000000008,
159610,2022-08-22,0.866,0.881,0.883,0.866,1117307.0,,1.9517795637198638,1.148105625717567,0.010000000000000009,
159610,2022-08-23,0.884,0.88,0.884,0.875,1088896.0,,1.0215664018161188,-0.11350737797956878,-0.0010000000000000009,
159610,2022-08-24,0.882,0.859,0.882,0.856,1217727.0,,2.9545454545454573,-2.3863636363636385,-0.02100000000000002,
159610,2022-08-25,0.86,0.863,0.863,0.85,1264998.0,,1.5133876600698501,0.4656577415599539,0.0040000000000000036,
159610,2022-08-26,0.859,0.861,0.87,0.857,1026323.0,,1.5063731170336052,-0.23174971031286232,-0.0020000000000000018,
159610,2022-08-29,0.851,0.858,0.86,0.847,1042049.0,,1.50987224157956,-0.3484320557491292,-0.0030000000000000027,
159610,2022-08-30,0.858,0.857,0.859,0.85,1082878.0,,1.0489510489510498,-0.11655011655011666,-0.0010000000000000009,
159610,2022-08-31,0.852,0.841,0.856,0.838,1185638.0,,2.100350058343059,-1.8669778296382746,-0.016000000000000014,
159610,2022-09-01,0.837,0.837,0.846,0.834,1177488.0,,1.4268727705112974,-0.4756242568370992,-0.0040000000000000036,
159610,2022-09-02,0.836,0.838,0.841,0.833,1052261.0,,0.9557945041816017,0.11947431302270022,0.0010000000000000009,
159610,2022-09-05,0.837,0.838,0.842,0.833,1067167.0,,1.0739856801909318,0.0,0.0,
159610,2022-09-06,0.83,0.853,0.854,0.83,1096620.0,,2.8639618138424847,1.7899761336515532,0.015000000000000013,
159610,2022-09-07,0.849,0.855,0.857,0.849,1118289.0,,0.9378663540445494,0.23446658851113736,0.0020000000000000018,
159610,2022-09-08,0.854,0.852,0.856,0.851,1133300.0,,0.5847953216374274,-0.35087719298245645,-0.0030000000000000027,
159610,2022-09-09,0.854,0.858,0.859,0.85,967806.0,,1.0563380281690151,0.7042253521126767,0.006000000000000005,
159610,2022-09-13,0.857,0.856,0.86,0.853,853596.0,,0.8158508158508166,-0.2331002331002333,-0.0020000000000000018,
159610,2022-09-14,0.852,0.847,0.852,0.844,1033870.0,,0.9345794392523372,-1.0514018691588796,-0.009000000000000008,
159610,2022-09-15,0.848,0.831,0.852,0.823,1111189.0,,3.423848878394336,-1.8890200708382543,-0.016000000000000014,
159610,2022-09-16,0.831,0.808,0.831,0.808,1075460.0,,2.7677496991576307,-2.7677496991576307,-0.02299999999999991,
159610,2022-09-19,0.812,0.811,0.814,0.803,1190605.0,,1.3613861386138488,0.37128712871287156,0.0030000000000000027,
159610,2022-09-20,0.811,0.813,0.82,0.81,1003551.0,,1.2330456226880269,0.2466091245375944,0.0019999999999998908,
159610,2022-09-21,0.813,0.817,0.821,0.804,940159.0,,2.0910209102090906,0.49200492004920093,0.0040000000000000036,
159610,2022-09-22,0.813,0.815,0.82,0.81,973927.0,,1.223990208078323,-0.24479804161566732,-0.0020000000000000018,
159610,2022-09-23,0.813,0.806,0.818,0.798,900748.0,,2.453987730061338,-1.1042944785275948,-0.008999999999999897,
159610,2022-09-26,0.802,0.795,0.812,0.794,1037703.0,,2.2332506203473965,-1.3647642679900756,-0.01100000000000001,
159610,2022-09-27,0.795,0.81,0.811,0.795,1006718.0,,2.012578616352203,1.8867924528301903,0.015000000000000013,
159610,2022-09-28,0.808,0.793,0.808,0.792,1066370.0,,1.9753086419753103,-2.098765432098767,-0.017000000000000015,
159610,2022-09-29,0.796,0.796,0.806,0.791,1124096.0,,1.8915510718789423,0.37831021437578843,0.0030000000000000027,
159610,2022-09-30,0.794,0.786,0.799,0.785,976495.0,,1.7587939698492476,-1.2562814070351769,-0.010000000000000009,
159610,2022-10-10,0.786,0.778,0.795,0.775,1049419.0,,2.5445292620865163,-1.0178117048346065,-0.008000000000000007,
159610,2022-10-11,0.774,0.784,0.787,0.774,1349800.0,,1.670951156812341,0.7712082262210804,0.006000000000000005,
159610,2022-10-12,0.785,0.797,0.799,0.768,1288466.0,,3.954081632653065,1.658163265306124,0.013000000000000012,
159610,2022-10-13,0.796,0.797,0.802,0.791,1117995.0,,1.3801756587202019,0.0,0.0,
159610,2022-10-14,0.801,0.817,0.821,0.801,1062732.0,,2.5094102885821714,2.5094102885821714,0.019999999999999907,
159610,2022-10-17,0.816,0.819,0.821,0.811,1269018.0,,1.223990208078323,0.24479804161566732,0.0020000000000000018,
159610,2022-10-18,0.822,0.819,0.825,0.815,1057556.0,,1.2210012210012222,0.0,0.0,
159610,2022-10-19,0.818,0.812,0.82,0.809,643935.0,,1.3431013431013308,-0.8547008547008419,-0.006999999999999895,
159610,2022-10-20,0.809,0.804,0.817,0.797,1174964.0,,2.4630541871921063,-0.9852216748768482,-0.008000000000000007,
159610,2022-10-21,0.808,0.807,0.81,0.802,1145670.0,,0.9950248756218913,0.37313432835820926,0.0030000000000000027,
159610,2022-10-24,0.807,0.797,0.818,0.789,1126929.0,,3.59355638166046,-1.2391573729863703,-0.010000000000000009,
159610,2022-10-25,0.792,0.791,0.801,0.779,1054566.0,,2.7603513174404037,-0.7528230865746556,-0.006000000000000005,
159610,2022-10-26,0.792,0.803,0.812,0.791,1108999.0,,2.6548672566371705,1.5170670037926688,0.01200000000000001,
159610,2022-10-27,0.807,0.802,0.809,0.8,1256587.0,,1.120797011207971,-0.12453300124533012,-0.0010000000000000009,
159610,2022-10-28,0.799,0.775,0.806,0.77,1077991.0,,4.488778054862847,-3.366583541147135,-0.027000000000000024,
159610,2022-10-31,0.776,0.774,0.782,0.768,1208453.0,,1.8064516129032273,-0.12903225806451624,-0.0010000000000000009,
159610,2022-11-01,0.777,0.793,0.794,0.77,1151210.0,,3.1007751937984525,2.4547803617571082,0.019000000000000017,
159610,2022-11-02,0.793,0.797,0.803,0.791,1170493.0,,1.5132408575031537,0.504413619167718,0.0040000000000000036,
159610,2022-11-03,0.797,0.8,0.801,0.794,1114050.0,,0.8782936010037647,0.3764115432873278,0.0030000000000000027,
159610,2022-11-04,0.803,0.818,0.823,0.798,967465.0,,3.124999999999989,2.249999999999988,0.017999999999999905,
159610,2022-11-07,0.818,0.819,0.824,0.813,1040625.0,,1.34474327628362,0.12224938875305634,0.0010000000000000009,
159610,2022-11-08,0.823,0.82,0.823,0.814,1007754.0,,1.0989010989011,0.12210012210012221,0.0010000000000000009,
159610,2022-11-09,0.82,0.817,0.826,0.816,928089.0,,1.2195121951219523,-0.36585365853658575,-0.0030000000000000027,
159610,2022-11-10,0.813,0.813,0.816,0.807,981062.0,,1.1015911872704893,-0.48959608323133463,-0.0040000000000000036,
159610,2022-11-11,0.817,0.821,0.834,0.817,917382.0,,2.091020910209104,0.9840098400984019,0.008000000000000007,
159610,2022-11-14,0.824,0.819,0.828,0.816,876099.0,,1.4616321559074312,-0.24360535931790525,-0.0020000000000000018,
159610,2022-11-15,0.82,0.828,0.83,0.815,1004187.0,,1.8315018315018334,1.0989010989011,0.009000000000000008,
159610,2022-11-16,0.832,0.824,0.832,0.822,771390.0,,1.207729468599035,-0.48309178743961395,-0.0040000000000000036,
159610,2022-11-17,0.82,0.828,0.828,0.819,991728.0,,1.092233009708739,0.48543689320388395,0.0040000000000000036,
159610,2022-11-18,0.828,0.823,0.832,0.822,979447.0,,1.207729468599035,-0.6038647342995175,-0.0050000000000000044,
159610,2022-11-21,0.819,0.824,0.825,0.816,998368.0,,1.0935601458080206,0.12150668286755784,0.0010000000000000009,
159610,2022-11-22,0.824,0.815,0.824,0.811,1015710.0,,1.5776699029126091,-1.092233009708739,-0.009000000000000008,
159610,2022-11-23,0.81,0.816,0.819,0.805,964717.0,,1.7177914110429329,0.1226993865030676,0.0010000000000000009,
159610,2022-11-24,0.82,0.817,0.82,0.812,939278.0,,0.9803921568627324,0.12254901960784324,0.0010000000000000009,
159610,2022-11-25,0.816,0.812,0.816,0.807,835691.0,,1.1015911872704893,-0.6119951040391547,-0.004999999999999893,
159610,2022-11-28,0.804,0.807,0.809,0.797,989762.0,,1.477832512315272,-0.61576354679803,-0.0050000000000000044,
159610,2022-11-29,0.81,0.818,0.821,0.809,802583.0,,1.4869888475836306,1.3630731102849936,0.010999999999999899,
159610,2022-11-30,0.819,0.815,0.82,0.814,734686.0,,0.7334963325183381,-0.36674816625916906,-0.0030000000000000027,
159610,2022-12-01,0.819,0.821,0.829,0.819,859648.0,,1.2269938650306762,0.7361963190184057,0.006000000000000005,
159610,2022-12-02,0.822,0.818,0.824,0.817,788198.0,,0.8526187576126683,-0.3654080389768578,-0.0030000000000000027,
159610,2022-12-05,0.823,0.826,0.829,0.821,820629.0,,0.9779951100244507,0.9779951100244507,0.008000000000000007,
159610,2022-12-06,0.827,0.825,0.831,0.821,814662.0,,1.2106537530266355,-0.12106537530266355,-0.0010000000000000009,
159610,2022-12-07,0.833,0.825,0.833,0.822,874250.0,,1.3333333333333346,0.0,0.0,
159610,2022-12-08,0.828,0.822,0.828,0.821,708113.0,,0.8484848484848493,-0.363636363636364,-0.0030000000000000027,
159610,2022-12-09,0.825,0.823,0.827,0.819,757686.0,,0.973236009732361,0.12165450121654513,0.0010000000000000009,
159610,2022-12-12,0.826,0.82,0.826,0.819,815115.0,,0.8505467800729049,-0.3645200486026735,-0.0030000000000000027,
159610,2022-12-13,0.821,0.818,0.821,0.815,822861.0,,0.7317073170731715,-0.24390243902439046,-0.0020000000000000018,
159610,2022-12-14,0.817,0.813,0.819,0.812,810995.0,,0.8557457212713809,-0.6112469437652818,-0.0050000000000000044,
159610,2022-12-15,0.814,0.812,0.815,0.809,811995.0,,0.7380073800737877,-0.12300123001228658,-0.0009999999999998899,
159610,2022-12-16,0.812,0.807,0.812,0.803,959945.0,,1.1083743842364542,-0.61576354679803,-0.0050000000000000044,
159610,2022-12-19,0.807,0.792,0.807,0.785,830443.0,,2.7261462205700147,-1.8587360594795554,-0.015000000000000013,
159610,2022-12-20,0.784,0.783,0.79,0.78,732918.0,,1.2626262626262637,-1.1363636363636374,-0.009000000000000008,
159610,2022-12-21,0.785,0.779,0.786,0.774,735045.0,,1.5325670498084305,-0.5108556832694768,-0.0040000000000000036,
159610,2022-12-22,0.784,0.771,0.784,0.766,874665.0,,2.3106546854942254,-1.0269576379974334,-0.008000000000000007,
159610,2022-12-23,0.763,0.771,0.774,0.763,788989.0,,1.4267185473411166,0.0,0.0,
159610,2022-12-26,0.771,0.775,0.779,0.77,838280.0,,1.1673151750972772,0.5188067444876787,0.0040000000000000036,
159610,2022-12-27,0.781,0.784,0.785,0.777,915135.0,,1.03225806451613,1.1612903225806461,0.009000000000000008,
159610,2022-12-28,0.785,0.783,0.787,0.78,761600.0,,0.8928571428571437,-0.12755102040816335,-0.0010000000000000009,
159610,2022-12-29,0.773,0.781,0.787,0.773,775923.0,,1.787994891443169,-0.2554278416347384,-0.0020000000000000018,
159610,2022-12-30,0.797,0.782,0.797,0.776,697561.0,,2.688860435339311,0.12804097311139576,0.0010000000000000009,
159610,2023-01-03,0.781,0.792,0.797,0.779,733118.0,,2.301790281329925,1.278772378516625,0.010000000000000009,
159610,2023-01-04,0.797,0.793,0.797,0.79,735843.0,,0.8838383838383845,0.12626262626262635,0.0010000000000000009,
159610,2023-01-05,0.797,0.802,0.804,0.794,748800.0,,1.261034047919295,1.1349306431273654,0.009000000000000008,
159610,2023-01-06,0.806,0.805,0.811,0.797,728064.0,,1.7456359102244405,0.3740648379052372,0.0030000000000000027,
159610,2023-01-09,0.812,0.809,0.813,0.806,809625.0,,0.8695652173912913,0.49689440993788864,0.0040000000000000036,
159610,2023-01-10,0.812,0.81,0.812,0.807,684144.0,,0.6180469715698398,0.12360939431396796,0.0010000000000000009,
159610,2023-01-11,0.815,0.808,0.815,0.807,599115.0,,0.9876543209876415,-0.2469135802469138,-0.0020000000000000018,
159610,2023-01-12,0.818,0.807,0.818,0.8,441613.0,,2.227722772277216,-0.12376237623762387,-0.0010000000000000009,
159610,2023-01-13,0.814,0.814,0.815,0.802,609329.0,,1.6109045848822678,0.8674101610904453,0.006999999999999895,
159610,2023-01-16,0.814,0.819,0.827,0.814,420447.0,,1.5970515970515984,0.6142506142506148,0.0050000000000000044,
159610,2023-01-17,0.825,0.82,0.825,0.818,427955.0,,0.8547008547008554,0.12210012210012221,0.0010000000000000009,
159610,2023-01-18,0.825,0.822,0.825,0.82,488490.0,,0.6097560975609762,0.24390243902439046,0.0020000000000000018,
159610,2023-01-19,0.822,0.83,0.83,0.819,572638.0,,1.3381995133819964,0.973236009732361,0.008000000000000007,
159610,2023-01-20,0.832,0.838,0.839,0.829,976079.0,,1.204819277108435,0.963855421686748,0.008000000000000007,
159610,2023-01-30,0.845,0.837,0.851,0.836,546686.0,,1.7899761336515532,-0.11933174224343687,-0.0010000000000000009,
159610,2023-01-31,0.838,0.839,0.842,0.835,349308.0,,0.8363201911589017,0.23894862604540043,0.0020000000000000018,
159610,2023-02-01,0.84,0.845,0.846,0.835,706823.0,,1.3110846245530405,0.7151370679380221,0.006000000000000005,
159610,2023-02-02,0.846,0.846,0.85,0.842,474813.0,,0.9467455621301784,0.1183431952662723,0.0010000000000000009,
159610,2023-02-03,0.837,0.84,0.845,0.831,452414.0,,1.6548463356974008,-0.7092198581560291,-0.006000000000000005,
159610,2023-02-06,0.83,0.836,0.842,0.825,424595.0,,2.0238095238095255,-0.47619047619047666,-0.0040000000000000036,
159610,2023-02-07,0.836,0.838,0.838,0.831,407656.0,,0.8373205741626801,0.23923444976076574,0.0020000000000000018,
159610,2023-02-08,0.841,0.833,0.841,0.83,356073.0,,1.3126491646778056,-0.5966587112171844,-0.0050000000000000044,
159610,2023-02-09,0.841,0.841,0.842,0.83,362842.0,,1.4405762304921983,0.9603841536614656,0.008000000000000007,
159610,2023-02-10,0.851,0.84,0.851,0.832,482031.0,,2.2592152199762205,-0.1189060642092748,-0.0010000000000000009,
159610,2023-02-13,0.831,0.843,0.845,0.831,427485.0,,1.6666666666666683,0.3571428571428575,0.0030000000000000027,
159610,2023-02-14,0.849,0.844,0.849,0.838,415277.0,,1.3048635824436547,0.11862396204033226,0.0010000000000000009,
159610,2023-02-15,0.846,0.846,0.847,0.842,414989.0,,0.592417061611375,0.23696682464455,0.0020000000000000018,
159610,2023-02-16,0.845,0.835,0.851,0.828,462992.0,,2.7186761229314444,-1.3002364066193866,-0.01100000000000001,
159610,2023-02-17,0.84,0.825,0.84,0.825,453042.0,,1.7964071856287442,-1.1976047904191627,-0.010000000000000009,
159610,2023-02-20,0.823,0.84,0.841,0.823,443877.0,,2.181818181818184,1.81818181818182,0.015000000000000013,
159610,2023-02-21,0.848,0.845,0.848,0.835,439236.0,,1.547619047619049,0.5952380952380958,0.0050000000000000044,
159610,2023-02-22,0.842,0.844,0.848,0.841,365162.0,,0.828402366863906,-0.1183431952662723,-0.0010000000000000009,
159610,2023-02-23,0.85,0.845,0.85,0.84,362148.0,,1.18483412322275,0.118483412322275,0.0010000000000000009,
159610,2023-02-24,0.849,0.842,0.849,0.837,291235.0,,1.4201183431952675,-0.3550295857988169,-0.0030000000000000027,
159610,2023-02-27,0.834,0.842,0.85,0.834,307551.0,,1.9002375296912133,0.0,0.0,
159610,2023-02-28,0.842,0.846,0.847,0.837,406933.0,,1.1876484560570084,0.4750593824228033,0.0040000000000000036,
159610,2023-03-01,0.846,0.848,0.851,0.843,372983.0,,0.945626477541372,0.236406619385343,0.0020000000000000018,
159610,2023-03-02,0.85,0.846,0.851,0.845,370801.0,,0.7075471698113214,-0.23584905660377378,-0.0020000000000000018,
159610,2023-03-03,0.846,0.845,0.848,0.84,378211.0,,0.945626477541372,-0.1182033096926715,-0.0010000000000000009,
159610,2023-03-06,0.848,0.847,0.849,0.841,357030.0,,0.9467455621301784,0.2366863905325446,0.0020000000000000018,
159610,2023-03-07,0.849,0.835,0.849,0.834,397638.0,,1.7709563164108635,-1.4167650531286906,-0.01200000000000001,
159610,2023-03-08,0.839,0.835,0.839,0.831,305454.0,,0.9580838323353302,0.0,0.0,
159610,2023-03-09,0.841,0.833,0.841,0.83,273486.0,,1.317365269461079,-0.23952095808383256,-0.0020000000000000018,
159610,2023-03-10,0.825,0.822,0.832,0.821,283193.0,,1.3205282112845151,-1.3205282112845151,-0.01100000000000001,
159610,2023-03-13,0.822,0.826,0.827,0.819,372131.0,,0.973236009732361,0.4866180048661805,0.0040000000000000036,
159610,2023-03-14,0.832,0.819,0.832,0.812,361935.0,,2.4213075060532576,-0.8474576271186449,-0.007000000000000006,
159610,2023-03-15,0.823,0.825,0.828,0.82,279871.0,,0.9768009768009777,0.7326007326007333,0.006000000000000005,
159610,2023-03-16,0.815,0.816,0.824,0.814,302619.0,,1.2121212121212133,-1.090909090909092,-0.009000000000000008,
159610,2023-03-17,0.818,0.821,0.829,0.818,331627.0,,1.3480392156862757,0.6127450980392163,0.0050000000000000044,
159610,2023-03-20,0.821,0.82,0.826,0.818,353031.0,,0.974421437271621,-0.12180267965895263,-0.0010000000000000009,
159610,2023-03-21,0.821,0.826,0.828,0.821,375970.0,,0.8536585365853666,0.7317073170731715,0.006000000000000005,
159610,2023-03-22,0.827,0.833,0.833,0.827,327150.0,,0.7263922518159813,0.8474576271186449,0.007000000000000006,
159610,2023-03-23,0.833,0.834,0.834,0.829,384202.0,,0.6002400960384159,0.1200480192076832,0.0010000000000000009,
159610,2023-03-24,0.834,0.833,0.835,0.831,376152.0,,0.4796163069544369,-0.11990407673860923,-0.0010000000000000009,
159610,2023-03-27,0.836,0.832,0.836,0.827,340439.0,,1.0804321728691486,-0.1200480192076832,-0.0010000000000000009,
159610,2023-03-28,0.835,0.83,0.835,0.828,374928.0,,0.8413461538461546,-0.2403846153846156,-0.0020000000000000018,
159610,2023-03-29,0.836,0.826,0.836,0.826,428834.0,,1.204819277108435,-0.481927710843374,-0.0040000000000000036,
159610,2023-03-30,0.833,0.827,0.833,0.822,639958.0,,1.331719128329299,0.12106537530266355,0.0010000000000000009,
159610,2023-03-31,0.831,0.834,0.836,0.828,481404.0,,0.9673518742442574,0.846432889963725,0.007000000000000006,
159610,2023-04-03,0.835,0.845,0.847,0.835,527034.0,,1.4388489208633106,1.3189448441247014,0.01100000000000001,
159610,2023-04-04,0.849,0.847,0.849,0.84,486501.0,,1.0650887573964507,0.2366863905325446,0.0020000000000000018,
159610,2023-04-06,0.838,0.843,0.846,0.838,386339.0,,0.9445100354191271,-0.4722550177095636,-0.0040000000000000036,
159610,2023-04-07,0.848,0.85,0.851,0.844,431941.0,,0.8303677342823258,0.8303677342823258,0.007000000000000006,
159610,2023-04-10,0.851,0.85,0.854,0.848,356707.0,,0.7058823529411771,0.0,0.0,
159610,2023-04-11,0.842,0.851,0.852,0.842,393097.0,,1.176470588235295,0.11764705882352951,0.0010000000000000009,
159610,2023-04-12,0.851,0.854,0.856,0.85,341005.0,,0.7050528789659231,0.35252643948296153,0.0030000000000000027,
159610,2023-04-13,0.865,0.852,0.865,0.851,312436.0,,1.6393442622950833,-0.2341920374707262,-0.0020000000000000018,
159610,2023-04-14,0.854,0.854,0.857,0.852,270617.0,,0.5868544600938973,0.2347417840375589,0.0020000000000000018,
159610,2023-04-17,0.855,0.86,0.861,0.848,348045.0,,1.5222482435597202,0.7025761124121785,0.006000000000000005,
159610,2023-04-18,0.862,0.862,0.864,0.854,400540.0,,1.1627906976744196,0.23255813953488394,0.0020000000000000018,
159610,2023-04-19,0.863,0.859,0.864,0.859,359822.0,,0.5800464037122974,-0.34802784222737854,-0.0030000000000000027,
159610,2023-04-20,0.855,0.858,0.86,0.855,267407.0,,0.5820721769499424,-0.11641443538998847,-0.0010000000000000009,
159610,2023-04-21,0.86,0.843,0.86,0.842,286624.0,,2.0979020979020997,-1.7482517482517497,-0.015000000000000013,
159610,2023-04-24,0.843,0.839,0.844,0.836,332000.0,,0.9489916963226581,-0.47449584816132906,-0.0040000000000000036,
159610,2023-04-25,0.85,0.824,0.85,0.813,316110.0,,4.410011918951136,-1.7878426698450554,-0.015000000000000013,
159610,2023-04-26,0.825,0.832,0.834,0.822,439895.0,,1.4563106796116518,0.9708737864077679,0.008000000000000007,
159610,2023-04-27,0.833,0.834,0.839,0.829,344961.0,,1.201923076923078,0.2403846153846156,0.0020000000000000018,
159610,2023-04-28,0.838,0.842,0.843,0.835,223728.0,,0.9592326139088738,0.9592326139088738,0.008000000000000007,
159610,2023-05-04,0.833,0.845,0.845,0.833,287737.0,,1.4251781472684097,0.35629453681710244,0.0030000000000000027,
159610,2023-05-05,0.858,0.838,0.858,0.833,240822.0,,2.9585798816568074,-0.828402366863906,-0.007000000000000006,
159610,2023-05-08,0.834,0.843,0.848,0.834,273158.0,,1.670644391408116,0.5966587112171844,0.0050000000000000044,
159610,2023-05-09,0.845,0.837,0.848,0.835,321890.0,,1.5421115065243194,-0.7117437722419936,-0.006000000000000005,
159610,2023-05-10,0.837,0.833,0.837,0.827,285336.0,,1.1947431302270024,-0.47789725209080086,-0.0040000000000000036,
159610,2023-05-11,0.831,0.83,0.834,0.829,242070.0,,0.6002400960384159,-0.3601440576230496,-0.0030000000000000027,
159610,2023-05-12,0.829,0.824,0.834,0.824,312029.0,,1.204819277108435,-0.7228915662650609,-0.006000000000000005,
159610,2023-05-15,0.824,0.825,0.827,0.811,233889.0,,1.9417475728155225,0.12135922330097099,0.0010000000000000009,
159610,2023-05-16,0.827,0.822,0.829,0.82,304207.0,,1.090909090909092,-0.363636363636364,-0.0030000000000000027,
159610,2023-05-17,0.823,0.822,0.824,0.818,219024.0,,0.7299270072992707,0.0,0.0,
159610,2023-05-18,0.831,0.825,0.831,0.822,287864.0,,1.0948905109489062,0.36496350364963537,0.0030000000000000027,
159610,2023-05-19,0.826,0.824,0.827,0.817,217106.0,,1.2121212121212133,-0.12121212121212133,-0.0010000000000000009,
159610,2023-05-22,0.827,0.826,0.83,0.822,301050.0,,0.9708737864077679,0.24271844660194197,0.0020000000000000018,
159610,2023-05-23,0.83,0.816,0.83,0.815,176321.0,,1.8159806295399532,-1.2106537530266355,-0.010000000000000009,
159610,2023-05-24,0.827,0.81,0.827,0.807,265130.0,,2.450980392156852,-0.7352941176470459,-0.005999999999999894,
159610,2023-05-25,0.805,0.807,0.812,0.8,321541.0,,1.4814814814814827,-0.3703703703703707,-0.0030000000000000027,
159610,2023-05-26,0.82,0.816,0.82,0.804,286383.0,,1.9826517967781787,1.1152416356877195,0.008999999999999897,
159610,2023-05-29,0.815,0.816,0.819,0.813,202553.0,,0.7352941176470595,0.0,0.0,
159610,2023-05-30,0.829,0.82,0.829,0.808,176124.0,,2.5735294117646945,0.490196078431373,0.0040000000000000036,
159610,2023-05-31,0.828,0.821,0.828,0.815,214134.0,,1.585365853658538,0.12195121951219523,0.0010000000000000009,
159610,2023-06-01,0.821,0.817,0.824,0.815,231508.0,,1.0962241169305735,-0.4872107186358105,-0.0040000000000000036,
159610,2023-06-02,0.82,0.823,0.825,0.816,142615.0,,1.1015911872705029,0.734394124847002,0.006000000000000005,
159610,2023-06-05,0.832,0.823,0.832,0.819,269425.0,,1.579586877278252,0.0,0.0,
159610,2023-06-06,0.829,0.808,0.829,0.808,214663.0,,2.551640340218701,-1.8226002430133539,-0.014999999999999902,
159610,2023-06-07,0.808,0.812,0.816,0.808,217440.0,,0.9900990099009771,0.4950495049504955,0.0040000000000000036,
159610,2023-06-08,0.825,0.813,0.825,0.806,208765.0,,2.3399014778325005,0.12315270935959234,0.0009999999999998899,
159610,2023-06-09,0.822,0.817,0.822,0.811,190675.0,,1.353013530135289,0.49200492004920093,0.0040000000000000036,
159610,2023-06-12,0.817,0.822,0.824,0.816,285302.0,,0.9791921664626693,0.6119951040391682,0.0050000000000000044,
159610,2023-06-13,0.823,0.822,0.824,0.82,207790.0,,0.4866180048661805,0.0,0.0,
159610,2023-06-14,0.827,0.825,0.828,0.822,265697.0,,0.7299270072992707,0.36496350364963537,0.0030000000000000027,
159610,2023-06-15,0.828,0.83,0.833,0.824,219747.0,,1.090909090909092,0.6060606060606066,0.0050000000000000044,
159610,2023-06-16,0.836,0.836,0.838,0.83,264141.0,,0.963855421686748,0.7228915662650609,0.006000000000000005,
159610,2023-06-19,0.839,0.835,0.839,0.834,154149.0,,0.5980861244019144,-0.11961722488038287,-0.0010000000000000009,
159610,2023-06-20,0.837,0.836,0.837,0.833,231398.0,,0.4790419161676651,0.11976047904191628,0.0010000000000000009,
159610,2023-06-21,0.836,0.822,0.836,0.822,367172.0,,1.6746411483253603,-1.6746411483253603,-0.014000000000000012,
159610,2023-06-26,0.814,0.808,0.822,0.808,388368.0,,1.7031630170316183,-1.7031630170316183,-0.013999999999999901,
159610,2023-06-27,0.813,0.817,0.819,0.809,401774.0,,1.237623762376225,1.113861386138601,0.008999999999999897,
159610,2023-06-28,0.818,0.821,0.821,0.807,266996.0,,1.7135862913096576,0.48959608323133463,0.0040000000000000036,
159610,2023-06-29,0.821,0.822,0.825,0.818,285415.0,,0.8526187576126683,0.12180267965895263,0.0010000000000000009,
159610,2023-06-30,0.826,0.828,0.831,0.821,295826.0,,1.2165450121654513,0.7299270072992707,0.006000000000000005,
159610,2023-07-03,0.833,0.831,0.833,0.824,482887.0,,1.0869565217391315,0.3623188405797105,0.0030000000000000027,
159610,2023-07-04,0.834,0.832,0.834,0.828,205299.0,,0.7220216606498201,0.1203369434416367,0.0010000000000000009,
159610,2023-07-05,0.833,0.827,0.833,0.825,214280.0,,0.9615384615384625,-0.600961538461539,-0.0050000000000000044,
159610,2023-07-06,0.83,0.823,0.831,0.822,245052.0,,1.0882708585247896,-0.4836759371221287,-0.0040000000000000036,
159610,2023-07-07,0.827,0.825,0.828,0.819,187165.0,,1.0935601458080206,0.24301336573511567,0.0020000000000000018,
159610,2023-07-10,0.828,0.824,0.828,0.822,247454.0,,0.727272727272728,-0.12121212121212133,-0.0010000000000000009,
159610,2023-07-11,0.826,0.83,0.832,0.824,237683.0,,0.9708737864077679,0.7281553398058259,0.006000000000000005,
159610,2023-07-12,0.834,0.822,0.834,0.821,278903.0,,1.5662650602409653,-0.963855421686748,-0.008000000000000007,
159610,2023-07-13,0.825,0.834,0.835,0.825,318899.0,,1.2165450121654513,1.4598540145985415,0.01200000000000001,
159610,2023-07-14,0.838,0.831,0.838,0.827,247799.0,,1.3189448441247014,-0.35971223021582766,-0.0030000000000000027,
159610,2023-07-17,0.836,0.831,0.836,0.827,312666.0,,1.0830324909747302,0.0,0.0,
159610,2023-07-18,0.836,0.828,0.836,0.825,248030.0,,1.3237063778580036,-0.36101083032491005,-0.0030000000000000027,
159610,2023-07-19,0.828,0.827,0.83,0.824,194656.0,,0.724637681159421,-0.12077294685990349,-0.0010000000000000009,
159610,2023-07-20,0.828,0.818,0.83,0.817,168233.0,,1.571946795646918,-1.0882708585247896,-0.009000000000000008,
159610,2023-07-21,0.818,0.816,0.822,0.814,297134.0,,0.9779951100244507,-0.24449877750611268,-0.0020000000000000018,
159610,2023-07-24,0.81,0.817,0.821,0.81,173946.0,,1.3480392156862622,0.12254901960784324,0.0010000000000000009,
159610,2023-07-25,0.828,0.829,0.83,0.824,180563.0,,0.734394124847002,1.468788249694004,0.01200000000000001,
159610,2023-07-26,0.831,0.825,0.831,0.824,183954.0,,0.8443908323281071,-0.4825090470446326,-0.0040000000000000036,
159610,2023-07-27,0.83,0.82,0.83,0.82,372658.0,,1.2121212121212133,-0.6060606060606066,-0.0050000000000000044,
159610,2023-07-28,0.82,0.834,0.835,0.818,422749.0,,2.073170731707319,1.7073170731707332,0.014000000000000012,
159610,2023-07-31,0.834,0.838,0.845,0.833,250971.0,,1.4388489208633106,0.4796163069544369,0.0040000000000000036,
159610,2023-08-01,0.838,0.837,0.842,0.837,162324.0,,0.5966587112171844,-0.11933174224343687,-0.0010000000000000009,
159610,2023-08-02,0.837,0.836,0.839,0.832,260987.0,,0.8363201911589017,-0.11947431302270022,-0.0010000000000000009,
159610,2023-08-03,0.836,0.837,0.838,0.831,213379.0,,0.8373205741626801,0.11961722488038287,0.0010000000000000009,
159610,2023-08-04,0.839,0.843,0.849,0.839,190120.0,,1.1947431302270024,0.7168458781362014,0.006000000000000005,
159610,2023-08-07,0.84,0.838,0.842,0.836,271446.0,,0.7117437722419936,-0.5931198102016613,-0.0050000000000000044,
159610,2023-08-08,0.834,0.836,0.838,0.832,194637.0,,0.7159904534606212,-0.23866348448687374,-0.0020000000000000018,
159610,2023-08-09,0.841,0.829,0.841,0.828,407766.0,,1.5550239234449776,-0.8373205741626801,-0.007000000000000006,
159610,2023-08-10,0.833,0.83,0.833,0.826,454494.0,,0.8443908323281071,0.12062726176115815,0.0010000000000000009,
159610,2023-08-11,0.833,0.819,0.833,0.816,325247.0,,2.0481927710843393,-1.3253012048192783,-0.01100000000000001,
159610,2023-08-14,0.811,0.817,0.818,0.805,252479.0,,1.5873015873015754,-0.24420024420024442,-0.0020000000000000018,
159610,2023-08-15,0.818,0.813,0.818,0.807,246505.0,,1.3463892288861568,-0.48959608323133463,-0.0040000000000000036,
159610,2023-08-16,0.808,0.809,0.815,0.808,236116.0,,0.861008610086088,-0.49200492004918733,-0.0039999999999998925,
159610,2023-08-17,0.808,0.814,0.815,0.801,181179.0,,1.7305315203955378,0.6180469715698261,0.004999999999999893,
159610,2023-08-18,0.814,0.806,0.817,0.805,246268.0,,1.474201474201462,-0.9828009828009701,-0.007999999999999896,
159610,2023-08-21,0.813,0.794,0.813,0.794,175912.0,,2.3573200992555714,-1.4888337468982642,-0.01200000000000001,
159610,2023-08-22,0.797,0.799,0.802,0.788,309556.0,,1.763224181360203,0.6297229219143582,0.0050000000000000044,
159610,2023-08-23,0.793,0.787,0.801,0.787,437328.0,,1.7521902377972478,-1.5018773466833553,-0.01200000000000001,
159610,2023-08-24,0.794,0.792,0.799,0.788,238893.0,,1.3977128335451092,0.6353240152477768,0.0050000000000000044,
159610,2023-08-25,0.786,0.789,0.794,0.782,106200.0,,1.5151515151515165,-0.3787878787878791,-0.0030000000000000027,
159610,2023-08-28,0.852,0.796,0.852,0.793,236821.0,,7.477820025348534,0.8871989860583024,0.007000000000000006,
159610,2023-08-29,0.795,0.809,0.815,0.794,266655.0,,2.6381909547738576,1.6331658291457303,0.013000000000000012,
159610,2023-08-30,0.816,0.808,0.816,0.805,217642.0,,1.3597033374536338,-0.12360939431396796,-0.0010000000000000009,
159610,2023-08-31,0.808,0.803,0.81,0.803,193324.0,,0.8663366336633671,-0.6188118811881194,-0.0050000000000000044,
159610,2023-09-01,0.805,0.804,0.809,0.803,174247.0,,0.7471980074719807,0.12453300124533012,0.0010000000000000009,
159610,2023-09-04,0.808,0.816,0.817,0.807,143812.0,,1.2437810945273504,1.4925373134328233,0.0119999999999999,
159610,2023-09-05,0.815,0.809,0.815,0.808,196252.0,,0.8578431372548891,-0.8578431372548891,-0.006999999999999895,
159610,2023-09-06,0.809,0.809,0.812,0.806,83190.0,,0.7416563658838078,0.0,0.0,
159610,2023-09-07,0.811,0.8,0.811,0.8,127735.0,,1.3597033374536476,-1.1124845488257116,-0.009000000000000008,
159610,2023-09-08,0.795,0.8,0.801,0.795,146100.0,,0.7500000000000007,0.0,0.0,
159610,2023-09-11,0.799,0.806,0.81,0.798,168148.0,,1.5000000000000013,0.7500000000000007,0.006000000000000005,
159610,2023-09-12,0.811,0.805,0.811,0.804,144363.0,,0.8684863523573209,-0.12406947890818869,-0.0010000000000000009,
159610,2023-09-13,0.806,0.799,0.809,0.796,212292.0,,1.614906832298138,-0.7453416149068329,-0.006000000000000005,
159610,2023-09-14,0.796,0.799,0.8,0.795,114792.0,,0.6257822277847315,0.0,0.0,
159610,2023-09-15,0.801,0.799,0.804,0.796,176219.0,,1.0012515644555704,0.0,0.0,
159610,2023-09-18,0.8,0.8,0.802,0.794,260134.0,,1.0012515644555704,0.1251564455569463,0.0010000000000000009,
159610,2023-09-19,0.801,0.799,0.801,0.793,203072.0,,1.0000000000000009,-0.1250000000000001,-0.0010000000000000009,
159610,2023-09-20,0.798,0.794,0.798,0.793,207787.0,,0.6257822277847315,-0.6257822277847315,-0.0050000000000000044,
159610,2023-09-21,0.794,0.788,0.795,0.786,219620.0,,1.133501259445845,-0.7556675062972299,-0.006000000000000005,
159610,2023-09-22,0.789,0.797,0.798,0.785,249636.0,,1.6497461928934025,1.1421319796954326,0.009000000000000008,
159610,2023-09-25,0.797,0.795,0.799,0.794,224424.0,,0.6273525721455463,-0.2509410288582185,-0.0020000000000000018,
159610,2023-09-26,0.8,0.793,0.8,0.793,211790.0,,0.8805031446540887,-0.2515723270440254,-0.0020000000000000018,
159610,2023-09-27,0.8,0.797,0.801,0.795,190026.0,,0.7566204287515769,0.504413619167718,0.0040000000000000036,
159610,2023-09-28,0.799,0.798,0.8,0.796,221182.0,,0.501882057716437,0.12547051442910925,0.0010000000000000009,
159610,2023-10-09,0.798,0.793,0.798,0.788,187063.0,,1.2531328320802015,-0.6265664160401008,-0.0050000000000000044,
159610,2023-10-10,0.793,0.788,0.797,0.788,176127.0,,1.1349306431273654,-0.6305170239596475,-0.0050000000000000044,
159610,2023-10-11,0.786,0.785,0.797,0.784,241674.0,,1.6497461928934025,-0.38071065989847747,-0.0030000000000000027,
159610,2023-10-12,0.795,0.79,0.795,0.787,227941.0,,1.019108280254778,0.6369426751592362,0.0050000000000000044,
159610,2023-10-13,0.785,0.787,0.793,0.784,197848.0,,1.1392405063291149,-0.37974683544303833,-0.0030000000000000027,
159610,2023-10-16,0.787,0.781,0.787,0.777,144019.0,,1.2706480304955536,-0.7623888182973323,-0.006000000000000005,
159610,2023-10-17,0.778,0.781,0.781,0.776,110036.0,,0.6402048655569789,0.0,0.0,
159610,2023-10-18,0.779,0.771,0.78,0.771,155053.0,,1.1523687580025617,-1.2804097311139577,-0.010000000000000009,
159610,2023-10-19,0.77,0.764,0.771,0.763,186033.0,,1.0376134889753574,-0.9079118028534379,-0.007000000000000006,
159610,2023-10-20,0.758,0.757,0.765,0.756,222979.0,,1.1780104712041894,-0.9162303664921474,-0.007000000000000006,
159610,2023-10-23,0.757,0.742,0.757,0.738,332657.0,,2.5099075297225912,-1.9815059445178351,-0.015000000000000013,
159610,2023-10-24,0.742,0.748,0.75,0.737,335240.0,,1.7520215633423197,0.8086253369272245,0.006000000000000005,
159610,2023-10-25,0.758,0.753,0.758,0.748,211663.0,,1.3368983957219263,0.6684491978609631,0.0050000000000000044,
159610,2023-10-26,0.753,0.757,0.758,0.748,276027.0,,1.3280212483399747,0.5312084993359899,0.0040000000000000036,
159610,2023-10-27,0.755,0.768,0.771,0.754,168833.0,,2.245706737120213,1.4531043593130792,0.01100000000000001,
159610,2023-10-30,0.768,0.772,0.775,0.765,233618.0,,1.3020833333333344,0.5208333333333338,0.0040000000000000036,
159610,2023-10-31,0.771,0.769,0.774,0.765,145719.0,,1.1658031088082912,-0.3886010362694304,-0.0030000000000000027,
159610,2023-11-01,0.769,0.767,0.77,0.763,127104.0,,0.9102730819245782,-0.26007802340702235,-0.0020000000000000018,
159610,2023-11-02,0.768,0.761,0.77,0.759,163616.0,,1.4341590612777066,-0.7822685788787491,-0.006000000000000005,
159610,2023-11-03,0.761,0.765,0.77,0.761,233087.0,,1.1826544021024978,0.5256241787122212,0.0040000000000000036,
159610,2023-11-06,0.768,0.775,0.776,0.768,189902.0,,1.045751633986929,1.3071895424836613,0.010000000000000009,
159610,2023-11-07,0.777,0.775,0.778,0.771,244177.0,,0.9032258064516137,0.0,0.0,
159610,2023-11-08,0.773,0.774,0.777,0.77,159958.0,,0.9032258064516137,-0.12903225806451624,-0.0010000000000000009,
159610,2023-11-09,0.775,0.772,0.779,0.771,161446.0,,1.0335917312661507,-0.25839793281653767,-0.0020000000000000018,
159610,2023-11-10,0.769,0.769,0.771,0.766,160857.0,,0.6476683937823839,-0.3886010362694304,-0.0030000000000000027,
159610,2023-11-13,0.768,0.773,0.774,0.767,156331.0,,0.9102730819245782,0.5201560468140447,0.0040000000000000036,
159610,2023-11-14,0.77,0.774,0.776,0.77,163699.0,,0.7761966364812425,0.1293661060802071,0.0010000000000000009,
159610,2023-11-15,0.775,0.779,0.782,0.775,204996.0,,0.9043927648578819,0.6459948320413442,0.0050000000000000044,
159610,2023-11-16,0.777,0.772,0.777,0.772,201703.0,,0.641848523748396,-0.8985879332477542,-0.007000000000000006,
159610,2023-11-17,0.772,0.774,0.775,0.768,225587.0,,0.9067357512953376,0.2590673575129536,0.0020000000000000018,
159610,2023-11-20,0.776,0.78,0.783,0.772,267028.0,,1.4211886304909573,0.7751937984496131,0.006000000000000005,
159610,2023-11-21,0.781,0.78,0.785,0.778,238066.0,,0.8974358974358982,0.0,0.0,
159610,2023-11-22,0.777,0.77,0.779,0.77,164820.0,,1.1538461538461549,-1.2820512820512833,-0.010000000000000009,
159610,2023-11-23,0.771,0.779,0.781,0.767,173387.0,,1.81818181818182,1.1688311688311699,0.009000000000000008,
159610,2023-11-24,0.776,0.774,0.776,0.77,265428.0,,0.7702182284980751,-0.641848523748396,-0.0050000000000000044,
159610,2023-11-27,0.771,0.771,0.773,0.766,213538.0,,0.9043927648578819,-0.38759689922480656,-0.0030000000000000027,
159610,2023-11-28,0.772,0.773,0.775,0.765,217712.0,,1.297016861219197,0.25940337224383936,0.0020000000000000018,
159610,2023-11-29,0.77,0.77,0.773,0.768,212694.0,,0.6468305304010354,-0.38809831824062124,-0.0030000000000000027,
159610,2023-11-30,0.767,0.768,0.771,0.764,202385.0,,0.90909090909091,-0.25974025974025994,-0.0020000000000000018,
159610,2023-12-01,0.768,0.77,0.773,0.764,252813.0,,1.171875000000001,0.2604166666666669,0.0020000000000000018,
159610,2023-12-04,0.769,0.772,0.774,0.769,292416.0,,0.6493506493506499,0.25974025974025994,0.0020000000000000018,
159610,2023-12-05,0.77,0.761,0.77,0.758,240309.0,,1.5544041450777215,-1.4248704663212448,-0.01100000000000001,
159610,2023-12-06,0.761,0.759,0.764,0.754,363535.0,,1.314060446780553,-0.2628120893561106,-0.0020000000000000018,
159610,2023-12-07,0.759,0.763,0.765,0.755,409842.0,,1.3175230566534926,0.527009222661397,0.0040000000000000036,
159610,2023-12-08,0.763,0.762,0.767,0.762,250835.0,,0.6553079947575366,-0.13106159895150732,-0.0010000000000000009,
159610,2023-12-11,0.763,0.773,0.775,0.756,390528.0,,2.4934383202099757,1.4435695538057756,0.01100000000000001,
159610,2023-12-12,0.77,0.775,0.775,0.769,288492.0,,0.7761966364812425,0.2587322121604142,0.0020000000000000018,
159610,2023-12-13,0.774,0.769,0.774,0.767,183324.0,,0.9032258064516137,-0.7741935483870974,-0.006000000000000005,
159610,2023-12-14,0.772,0.765,0.775,0.765,273557.0,,1.3003901170351118,-0.5201560468140447,-0.0040000000000000036,
159610,2023-12-15,0.77,0.761,0.77,0.757,242809.0,,1.6993464052287597,-0.5228758169934645,-0.0040000000000000036,
159610,2023-12-18,0.759,0.753,0.76,0.751,283857.0,,1.1826544021024978,-1.0512483574244424,-0.008000000000000007,
159610,2023-12-19,0.753,0.753,0.755,0.748,247326.0,,0.9296148738379824,0.0,0.0,
159610,2023-12-20,0.752,0.744,0.754,0.744,280354.0,,1.3280212483399747,-1.195219123505977,-0.009000000000000008,
159610,2023-12-21,0.745,0.746,0.748,0.736,320376.0,,1.6129032258064528,0.26881720430107553,0.0020000000000000018,
159610,2023-12-22,0.746,0.746,0.752,0.742,314342.0,,1.340482573726543,0.0,0.0,
159610,2023-12-25,0.745,0.745,0.748,0.741,272520.0,,0.9383378016085799,-0.13404825737265427,-0.0010000000000000009,
159610,2023-12-26,0.744,0.741,0.745,0.736,279011.0,,1.2080536912751687,-0.5369127516778528,-0.0040000000000000036,
159610,2023-12-27,0.741,0.744,0.746,0.737,211551.0,,1.2145748987854261,0.4048582995951421,0.0030000000000000027,
159610,2023-12-28,0.738,0.757,0.759,0.738,274375.0,,2.822580645161293,1.7473118279569908,0.013000000000000012,
159610,2023-12-29,0.758,0.762,0.765,0.758,204308.0,,0.9247027741083231,0.6605019815059451,0.0050000000000000044,
159610,2024-01-02,0.762,0.762,0.766,0.761,269204.0,,0.6561679790026252,0.0,0.0,
159610,2024-01-03,0.758,0.761,0.764,0.758,286524.0,,0.7874015748031503,-0.13123359580052504,-0.0010000000000000009,
159610,2024-01-04,0.761,0.757,0.761,0.755,233058.0,,0.7884362680683318,-0.5256241787122212,-0.0040000000000000036,
159610,2024-01-05,0.758,0.75,0.761,0.748,297960.0,,1.7173051519154572,-0.9247027741083231,-0.007000000000000006,
159610,2024-01-08,0.748,0.736,0.749,0.733,306927.0,,2.1333333333333355,-1.8666666666666683,-0.014000000000000012,
159610,2024-01-09,0.738,0.737,0.742,0.733,204220.0,,1.2228260869565228,0.13586956521739144,0.0010000000000000009,
159610,2024-01-10,0.731,0.738,0.742,0.729,301084.0,,1.7639077340569895,0.13568521031207612,0.0010000000000000009,
159610,2024-01-11,0.733,0.739,0.742,0.733,305243.0,,1.2195121951219523,0.13550135501355026,0.0010000000000000009,
159610,2024-01-12,0.738,0.738,0.745,0.736,326494.0,,1.2178619756427618,-0.13531799729364016,-0.0010000000000000009,
159610,2024-01-15,0.736,0.739,0.744,0.734,284921.0,,1.3550135501355027,0.13550135501355026,0.0010000000000000009,
159610,2024-01-16,0.738,0.739,0.741,0.73,187342.0,,1.4884979702300418,0.0,0.0,
159610,2024-01-17,0.739,0.723,0.739,0.722,236835.0,,2.300405953991883,-2.1650879566982426,-0.016000000000000014,
159610,2024-01-18,0.73,0.722,0.73,0.704,267646.0,,3.596127247579533,-0.13831258644536668,-0.0010000000000000009,
159610,2024-01-19,0.721,0.718,0.724,0.716,237863.0,,1.1080332409972309,-0.5540166204986154,-0.0040000000000000036,
159610,2024-01-22,0.716,0.69,0.716,0.682,441197.0,,4.735376044568234,-3.8997214484679703,-0.028000000000000025,
159610,2024-01-23,0.686,0.696,0.697,0.676,503311.0,,3.043478260869552,0.8695652173913052,0.006000000000000005,
159610,2024-01-24,0.696,0.704,0.707,0.681,503389.0,,3.735632183908034,1.1494252873563229,0.008000000000000007,
159610,2024-01-25,0.704,0.726,0.726,0.698,449200.0,,3.9772727272727315,3.1250000000000027,0.02200000000000002,
159610,2024-01-26,0.728,0.721,0.728,0.718,379720.0,,1.3774104683195605,-0.6887052341597802,-0.0050000000000000044,
159610,2024-01-29,0.727,0.71,0.727,0.707,383220.0,,2.773925104022194,-1.5256588072122066,-0.01100000000000001,
159610,2024-01-30,0.708,0.693,0.71,0.691,378775.0,,2.6760563380281717,-2.3943661971831007,-0.017000000000000015,
159610,2024-01-31,0.69,0.678,0.695,0.677,432089.0,,2.597402597402584,-2.1645021645021507,-0.014999999999999902,
159610,2024-02-01,0.676,0.677,0.687,0.666,453330.0,,3.0973451327433654,-0.1474926253687317,-0.0010000000000000009,
159610,2024-02-02,0.678,0.664,0.682,0.646,499808.0,,5.317577548005913,-1.920236336779913,-0.013000000000000012,
159610,2024-02-05,0.661,0.65,0.664,0.623,683645.0,,6.174698795180729,-2.108433734939761,-0.014000000000000012,
159610,2024-02-06,0.654,0.691,0.691,0.638,775428.0,,8.153846153846143,6.307692307692296,0.040999999999999925,
159610,2024-02-07,0.69,0.733,0.735,0.686,768188.0,,7.091172214182335,6.078147612156301,0.04200000000000004,
159610,2024-02-08,0.733,0.735,0.762,0.729,880965.0,,4.502046384720332,0.2728512960436565,0.0020000000000000018,
159610,2024-02-19,0.732,0.73,0.742,0.722,579555.0,,2.721088435374152,-0.680272108843538,-0.0050000000000000044,
159610,2024-02-20,0.726,0.73,0.732,0.722,292170.0,,1.3698630136986314,0.0,0.0,
159610,2024-02-21,0.729,0.731,0.748,0.724,469920.0,,3.2876712328767157,0.13698630136986314,0.0010000000000000009,
159610,2024-02-22,0.727,0.738,0.739,0.71,286447.0,,3.967168262653902,0.9575923392612867,0.007000000000000006,
159610,2024-02-23,0.738,0.738,0.74,0.728,397175.0,,1.6260162601626031,0.0,0.0,
159610,2024-02-26,0.736,0.737,0.747,0.734,438971.0,,1.7615176151761534,-0.13550135501355026,-0.0010000000000000009,
159610,2024-02-27,0.735,0.755,0.755,0.735,490318.0,,2.7137042062415224,2.44233378561737,0.018000000000000016,
159610,2024-02-28,0.755,0.737,0.763,0.736,335690.0,,3.5761589403973537,-2.384105960264903,-0.018000000000000016,
159610,2024-02-29,0.738,0.758,0.758,0.738,291413.0,,2.7137042062415224,2.8493894165535982,0.02100000000000002,
159610,2024-03-01,0.758,0.761,0.764,0.753,1839764.0,,1.4511873350923494,0.39577836411609535,0.0030000000000000027,
159610,2024-03-04,0.761,0.762,0.763,0.753,204933.0,,1.314060446780553,0.1314060446780553,0.0010000000000000009,
159610,2024-03-05,0.763,0.759,0.763,0.755,290693.0,,1.0498687664042003,-0.39370078740157516,-0.0030000000000000027,
159610,2024-03-06,0.757,0.758,0.767,0.753,1721556.0,,1.8445322793148897,-0.13175230566534926,-0.0010000000000000009,
159610,2024-03-07,0.758,0.752,0.764,0.75,349954.0,,1.846965699208445,-0.7915567282321907,-0.006000000000000005,
159610,2024-03-08,0.752,0.758,0.761,0.748,251251.0,,1.7287234042553206,0.7978723404255326,0.006000000000000005,
159610,2024-03-11,0.758,0.768,0.77,0.756,269173.0,,1.846965699208445,1.3192612137203177,0.010000000000000009,
159610,2024-03-12,0.768,0.768,0.772,0.762,268201.0,,1.3020833333333344,0.0,0.0,
159610,2024-03-13,0.765,0.768,0.774,0.765,239120.0,,1.171875000000001,0.0,0.0,
159610,2024-03-14,0.768,0.766,0.774,0.763,307585.0,,1.4322916666666679,-0.2604166666666669,-0.0020000000000000018,
159610,2024-03-15,0.766,0.776,0.776,0.762,308952.0,,1.8276762402088789,1.3054830287206278,0.010000000000000009,
159610,2024-03-18,0.776,0.786,0.786,0.774,251693.0,,1.5463917525773208,1.2886597938144342,0.010000000000000009,
159610,2024-03-19,0.784,0.778,0.785,0.778,164860.0,,0.8905852417302805,-1.0178117048346065,-0.008000000000000007,
159610,2024-03-20,0.779,0.781,0.782,0.777,260338.0,,0.6426735218509003,0.3856041131105402,0.0030000000000000027,
159610,2024-03-21,0.783,0.777,0.784,0.776,169744.0,,1.024327784891166,-0.512163892445583,-0.0040000000000000036,
159610,2024-03-22,0.778,0.767,0.778,0.764,145278.0,,1.8018018018018032,-1.2870012870012881,-0.010000000000000009,
159610,2024-03-25,0.767,0.757,0.77,0.757,343547.0,,1.6949152542372896,-1.303780964797915,-0.010000000000000009,
159610,2024-03-26,0.76,0.758,0.762,0.752,343711.0,,1.3210039630118902,0.13210039630118903,0.0010000000000000009,
159610,2024-03-27,0.756,0.747,0.757,0.746,330082.0,,1.4511873350923494,-1.4511873350923494,-0.01100000000000001,
159610,2024-03-28,0.746,0.751,0.76,0.744,194399.0,,2.141900937081662,0.5354752342704155,0.0040000000000000036,
159610,2024-03-29,0.758,0.763,0.763,0.751,117696.0,,1.59786950732357,1.59786950732357,0.01200000000000001,
159610,2024-04-01,0.764,0.78,0.781,0.764,268560.0,,2.2280471821756245,2.2280471821756245,0.017000000000000015,
159610,2024-04-02,0.779,0.777,0.779,0.774,346049.0,,0.6410256410256416,-0.3846153846153849,-0.0030000000000000027,
159610,2024-04-03,0.777,0.778,0.779,0.772,220149.0,,0.9009009009009016,0.1287001287001288,0.0010000000000000009,
159610,2024-04-08,0.779,0.773,0.781,0.769,192208.0,,1.5424164524421609,-0.6426735218509003,-0.0050000000000000044,
159610,2024-04-09,0.77,0.772,0.772,0.766,186739.0,,0.7761966364812425,-0.1293661060802071,-0.0010000000000000009,
159610,2024-04-10,0.772,0.767,0.772,0.762,216405.0,,1.2953367875647679,-0.6476683937823839,-0.0050000000000000044,
159610,2024-04-11,0.768,0.77,0.779,0.764,228261.0,,1.9556714471968728,0.39113428943937456,0.0030000000000000027,
159610,2024-04-12,0.773,0.771,0.78,0.77,268566.0,,1.2987012987012998,0.12987012987012997,0.0010000000000000009,
159610,2024-04-15,0.771,0.779,0.783,0.762,364048.0,,2.7237354085603136,1.0376134889753574,0.008000000000000007,
159610,2024-04-16,0.782,0.762,0.782,0.76,370721.0,,2.824133504492942,-2.182284980744546,-0.017000000000000015,
159610,2024-04-17,0.762,0.778,0.78,0.762,406061.0,,2.362204724409451,2.0997375328084007,0.016000000000000014,
159610,2024-04-18,0.772,0.781,0.79,0.772,284624.0,,2.313624678663241,0.3856041131105402,0.0030000000000000027,
159610,2024-04-19,0.779,0.778,0.786,0.775,257239.0,,1.4084507042253533,-0.3841229193341873,-0.0030000000000000027,
159610,2024-04-22,0.782,0.775,0.783,0.772,252011.0,,1.4138817480719805,-0.3856041131105402,-0.0030000000000000027,
159610,2024-04-23,0.774,0.763,0.774,0.761,239882.0,,1.677419354838711,-1.5483870967741948,-0.01200000000000001,
159610,2024-04-24,0.763,0.77,0.773,0.76,1785484.0,,1.7038007863695952,0.9174311926605512,0.007000000000000006,
159610,2024-04-25,0.768,0.77,0.775,0.765,333060.0,,1.2987012987012998,0.0,0.0,
159610,2024-04-26,0.772,0.786,0.786,0.77,195885.0,,2.0779220779220795,2.0779220779220795,0.016000000000000014,
159610,2024-04-29,0.78,0.795,0.797,0.78,147607.0,,2.162849872773539,1.1450381679389323,0.009000000000000008,
159610,2024-04-30,0.793,0.791,0.798,0.79,249853.0,,1.0062893081761015,-0.5031446540880508,-0.0040000000000000036,
159610,2024-05-06,0.8,0.805,0.807,0.797,359260.0,,1.2642225031605574,1.7699115044247802,0.014000000000000012,
159610,2024-05-07,0.8,0.807,0.809,0.8,246431.0,,1.1180124223602494,0.24844720496894432,0.0020000000000000018,
159610,2024-05-08,0.807,0.795,0.807,0.795,216291.0,,1.4869888475836444,-1.4869888475836444,-0.01200000000000001,
159610,2024-05-09,0.799,0.807,0.809,0.798,207187.0,,1.3836477987421394,1.5094339622641522,0.01200000000000001,
159610,2024-05-10,0.809,0.807,0.81,0.799,357378.0,,1.3630731102850073,0.0,0.0,
159610,2024-05-13,0.799,0.805,0.807,0.795,225075.0,,1.4869888475836444,-0.24783147459727406,-0.0020000000000000018,
159610,2024-05-14,0.803,0.803,0.809,0.802,189699.0,,0.8695652173913051,-0.24844720496894432,-0.0020000000000000018,
159610,2024-05-15,0.806,0.796,0.806,0.795,332887.0,,1.3698630136986312,-0.8717310087173108,-0.007000000000000006,
159610,2024-05-16,0.796,0.795,0.8,0.789,144337.0,,1.3819095477386947,-0.1256281407035177,-0.0010000000000000009,
159610,2024-05-17,0.79,0.802,0.802,0.79,219685.0,,1.5094339622641522,0.8805031446540887,0.007000000000000006,
159610,2024-05-20,0.802,0.807,0.808,0.801,237623.0,,0.8728179551122203,0.6234413965087288,0.0050000000000000044,
159610,2024-05-21,0.801,0.802,0.805,0.798,105079.0,,0.8674101610904592,-0.6195786864931851,-0.0050000000000000044,
159610,2024-05-22,0.802,0.8,0.803,0.797,99471.0,,0.7481296758104744,-0.24937655860349148,-0.0020000000000000018,
159610,2024-05-23,0.8,0.788,0.8,0.783,177068.0,,2.1250000000000018,-1.5000000000000013,-0.01200000000000001,
159610,2024-05-24,0.785,0.779,0.793,0.779,128742.0,,1.776649746192895,-1.1421319796954326,-0.009000000000000008,
159610,2024-05-27,0.779,0.789,0.789,0.778,213931.0,,1.412066752246471,1.283697047496792,0.010000000000000009,
159610,2024-05-28,0.789,0.783,0.789,0.781,125926.0,,1.0139416983523455,-0.7604562737642592,-0.006000000000000005,
159610,2024-05-29,0.783,0.785,0.789,0.781,127592.0,,1.0217113665389537,0.2554278416347384,0.0020000000000000018,
159610,2024-05-30,0.782,0.781,0.789,0.78,151379.0,,1.146496815286625,-0.509554140127389,-0.0040000000000000036,
159610,2024-05-31,0.783,0.782,0.79,0.781,91577.0,,1.1523687580025617,0.12804097311139576,0.0010000000000000009,
159610,2024-06-03,0.781,0.778,0.784,0.774,194525.0,,1.278772378516625,-0.5115089514066501,-0.0040000000000000036,
159610,2024-06-04,0.778,0.788,0.79,0.775,152091.0,,1.928020565552701,1.2853470437018006,0.010000000000000009,
159610,2024-06-05,0.788,0.78,0.788,0.779,107203.0,,1.1421319796954326,-1.01522842639594,-0.008000000000000007,
159610,2024-06-06,0.783,0.777,0.785,0.774,177311.0,,1.4102564102564115,-0.3846153846153849,-0.0030000000000000027,
159610,2024-06-07,0.78,0.773,0.78,0.768,197301.0,,1.5444015444015458,-0.5148005148005153,-0.0040000000000000036,
159610,2024-06-11,0.77,0.774,0.776,0.766,161105.0,,1.2936610608020709,0.1293661060802071,0.0010000000000000009,
159610,2024-06-12,0.774,0.775,0.776,0.772,127121.0,,0.5167958656330753,0.12919896640826883,0.0010000000000000009,
159610,2024-06-13,0.774,0.769,0.774,0.767,138762.0,,0.9032258064516137,-0.7741935483870974,-0.006000000000000005,
159610,2024-06-14,0.769,0.776,0.777,0.766,210310.0,,1.4304291287386228,0.9102730819245782,0.007000000000000006,
159610,2024-06-17,0.773,0.772,0.775,0.77,114833.0,,0.6443298969072171,-0.5154639175257736,-0.0040000000000000036,
159610,2024-06-18,0.772,0.777,0.779,0.772,176549.0,,0.9067357512953376,0.6476683937823839,0.0050000000000000044,
159610,2024-06-19,0.777,0.771,0.777,0.768,173772.0,,1.1583011583011593,-0.7722007722007729,-0.006000000000000005,
159610,2024-06-20,0.767,0.76,0.772,0.76,230145.0,,1.5564202334630364,-1.4267185473411166,-0.01100000000000001,
159610,2024-06-21,0.766,0.763,0.767,0.759,129962.0,,1.0526315789473693,0.3947368421052635,0.0030000000000000027,
159610,2024-06-24,0.763,0.75,0.763,0.748,136246.0,,1.96592398427261,-1.7038007863695952,-0.013000000000000012,
159610,2024-06-25,0.753,0.747,0.753,0.74,161024.0,,1.733333333333335,-0.40000000000000036,-0.0030000000000000027,
159610,2024-06-26,0.742,0.755,0.755,0.739,210290.0,,2.141900937081662,1.070950468540831,0.008000000000000007,
159610,2024-06-27,0.752,0.745,0.752,0.742,229679.0,,1.3245033112582794,-1.3245033112582794,-0.010000000000000009,
159610,2024-06-28,0.745,0.749,0.754,0.742,261852.0,,1.6107382550335587,0.5369127516778528,0.0040000000000000036,
159610,2024-07-01,0.747,0.756,0.758,0.745,156504.0,,1.7356475300400547,0.9345794392523372,0.007000000000000006,
159610,2024-07-02,0.754,0.75,0.756,0.747,98960.0,,1.1904761904761914,-0.7936507936507943,-0.006000000000000005,
159610,2024-07-03,0.748,0.744,0.75,0.742,187535.0,,1.0666666666666678,-0.8000000000000007,-0.006000000000000005,
159610,2024-07-04,0.744,0.733,0.745,0.731,92322.0,,1.8817204301075288,-1.4784946236559153,-0.01100000000000001,
159610,2024-07-05,0.733,0.738,0.739,0.727,156482.0,,1.6371077762619388,0.6821282401091412,0.0050000000000000044,
159610,2024-07-08,0.734,0.728,0.737,0.724,118170.0,,1.7615176151761534,-1.3550135501355027,-0.010000000000000009,
159610,2024-07-09,0.727,0.743,0.744,0.724,233483.0,,2.7472527472527495,2.0604395604395624,0.015000000000000013,
159610,2024-07-10,0.743,0.738,0.744,0.736,163512.0,,1.0767160161507412,-0.6729475100942133,-0.0050000000000000044,
159610,2024-07-11,0.746,0.75,0.751,0.74,229359.0,,1.490514905149053,1.6260162601626031,0.01200000000000001,
159610,2024-07-12,0.75,0.748,0.751,0.745,224376.0,,0.8000000000000007,-0.26666666666666694,-0.0020000000000000018,
159610,2024-07-15,0.744,0.742,0.746,0.741,185959.0,,0.6684491978609631,-0.8021390374331558,-0.006000000000000005,
159610,2024-07-16,0.745,0.745,0.747,0.739,141968.0,,1.078167115902966,0.40431266846361225,0.0030000000000000027,
159610,2024-07-17,0.746,0.742,0.747,0.74,147134.0,,0.9395973154362424,-0.4026845637583897,-0.0030000000000000027,
159610,2024-07-18,0.739,0.743,0.743,0.73,159803.0,,1.7520215633423197,0.13477088948787075,0.0010000000000000009,
159610,2024-07-19,0.742,0.742,0.745,0.736,211896.0,,1.2113055181695838,-0.13458950201884265,-0.0010000000000000009,
159610,2024-07-22,0.739,0.736,0.74,0.732,154106.0,,1.078167115902966,-0.8086253369272245,-0.006000000000000005,
159610,2024-07-23,0.736,0.716,0.736,0.716,142203.0,,2.7173913043478284,-2.7173913043478284,-0.020000000000000018,
159610,2024-07-24,0.717,0.707,0.718,0.707,164914.0,,1.5363128491620126,-1.2569832402234649,-0.009000000000000008,
159610,2024-07-25,0.709,0.705,0.711,0.703,202092.0,,1.1315417256011326,-0.28288543140028316,-0.0020000000000000018,
159610,2024-07-26,0.705,0.715,0.716,0.705,188253.0,,1.560283687943264,1.4184397163120581,0.010000000000000009,
159610,2024-07-29,0.712,0.711,0.716,0.71,97096.0,,0.83916083916084,-0.5594405594405599,-0.0040000000000000036,
159610,2024-07-30,0.709,0.708,0.709,0.701,142074.0,,1.1251758087201136,-0.4219409282700426,-0.0030000000000000027,
159610,2024-07-31,0.707,0.732,0.734,0.704,221351.0,,4.237288135593224,3.3898305084745797,0.02400000000000002,
159610,2024-08-01,0.734,0.73,0.739,0.726,236345.0,,1.775956284153007,-0.27322404371584724,-0.0020000000000000018,
159610,2024-08-02,0.725,0.719,0.731,0.719,108443.0,,1.6438356164383578,-1.5068493150684945,-0.01100000000000001,
159610,2024-08-05,0.719,0.705,0.725,0.703,290896.0,,3.0598052851182227,-1.9471488178025051,-0.014000000000000012,
159610,2024-08-06,0.712,0.713,0.716,0.706,138526.0,,1.4184397163120581,1.1347517730496466,0.008000000000000007,
159610,2024-08-07,0.71,0.712,0.717,0.708,241842.0,,1.262272089761572,-0.14025245441795245,-0.0010000000000000009,
159610,2024-08-08,0.71,0.713,0.718,0.704,228849.0,,1.9662921348314624,0.1404494382022473,0.0010000000000000009,
159610,2024-08-09,0.713,0.708,0.719,0.707,298731.0,,1.6830294530154295,-0.7012622720897622,-0.0050000000000000044,
159610,2024-08-12,0.707,0.708,0.712,0.705,167597.0,,0.9887005649717524,0.0,0.0,
159610,2024-08-13,0.709,0.711,0.711,0.705,64349.0,,0.8474576271186449,0.42372881355932246,0.0030000000000000027,
159610,2024-08-14,0.708,0.7,0.708,0.7,155003.0,,1.1251758087201136,-1.5471167369901562,-0.01100000000000001,
159610,2024-08-15,0.7,0.706,0.712,0.696,285018.0,,2.285714285714288,0.8571428571428579,0.006000000000000005,
159610,2024-08-16,0.706,0.702,0.707,0.702,195858.0,,0.7082152974504257,-0.5665722379603405,-0.0040000000000000036,
159610,2024-08-19,0.705,0.705,0.712,0.704,183252.0,,1.1396011396011407,0.4273504273504277,0.0030000000000000027,
159610,2024-08-20,0.705,0.694,0.705,0.691,144311.0,,1.9858156028368812,-1.560283687943264,-0.01100000000000001,
159610,2024-08-21,0.693,0.693,0.695,0.69,248094.0,,0.7204610951008652,-0.14409221902017305,-0.0010000000000000009,
159610,2024-08-22,0.69,0.684,0.692,0.683,214391.0,,1.2987012987012838,-1.2987012987012838,-0.008999999999999897,
159610,2024-08-23,0.68,0.685,0.693,0.68,259431.0,,1.9005847953216228,0.14619883040935686,0.0010000000000000009,
159610,2024-08-26,0.685,0.685,0.686,0.682,157882.0,,0.5839416058394166,0.0,0.0,
159610,2024-08-27,0.682,0.678,0.682,0.677,153095.0,,0.7299270072992706,-1.021897810218979,-0.007000000000000006,
159610,2024-08-28,0.675,0.677,0.683,0.675,185730.0,,1.1799410029498536,-0.1474926253687317,-0.0010000000000000009,
159610,2024-08-29,0.678,0.685,0.688,0.675,186392.0,,1.9202363367798965,1.1816838995568695,0.008000000000000007,
159610,2024-08-30,0.683,0.697,0.705,0.682,374753.0,,3.3576642335766285,1.7518248175182334,0.0119999999999999,
159610,2024-09-02,0.696,0.684,0.696,0.68,297243.0,,2.295552367288365,-1.8651362984217938,-0.0129999999999999,
159610,2024-09-03,0.68,0.686,0.689,0.68,320545.0,,1.3157894736841953,0.2923976608187137,0.0020000000000000018,
159610,2024-09-04,0.687,0.684,0.689,0.679,151334.0,,1.457725947521851,-0.2915451895043734,-0.0020000000000000018,
159610,2024-09-05,0.681,0.685,0.69,0.681,213151.0,,1.3157894736841953,0.14619883040935686,0.0010000000000000009,
159610,2024-09-06,0.686,0.677,0.687,0.675,133817.0,,1.7518248175182498,-1.1678832116788331,-0.008000000000000007,
159610,2024-09-09,0.673,0.671,0.675,0.668,207011.0,,1.0339734121122608,-0.8862629246676521,-0.006000000000000005,
159610,2024-09-10,0.67,0.672,0.674,0.66,337050.0,,2.086438152011924,0.14903129657228031,0.0010000000000000009,
159610,2024-09-11,0.668,0.672,0.674,0.667,142428.0,,1.0416666666666674,0.0,0.0,
159610,2024-09-12,0.675,0.67,0.68,0.669,208002.0,,1.6369047619047634,-0.29761904761904784,-0.0020000000000000018,
159610,2024-09-13,0.671,0.665,0.672,0.664,160124.0,,1.1940298507462697,-0.7462686567164185,-0.0050000000000000044,
159610,2024-09-18,0.665,0.666,0.667,0.655,179146.0,,1.8045112781954902,0.1503759398496242,0.0010000000000000009,
159610,2024-09-19,0.667,0.67,0.677,0.66,281185.0,,2.5525525525525548,0.6006006006006012,0.0040000000000000036,
159610,2024-09-20,0.672,0.667,0.672,0.663,184407.0,,1.3432835820895532,-0.4477611940298511,-0.0030000000000000027,
159610,2024-09-23,0.666,0.666,0.675,0.664,155170.0,,1.6491754122938547,-0.1499250374812595,-0.0010000000000000009,
159610,2024-09-24,0.668,0.694,0.694,0.666,438363.0,,4.204204204204191,4.204204204204191,0.027999999999999914,
159610,2024-09-25,0.705,0.701,0.715,0.7,429696.0,,2.161383285302596,1.0086455331412114,0.007000000000000006,
159610,2024-09-26,0.705,0.728,0.729,0.697,340553.0,,4.564907275320975,3.851640513552072,0.027000000000000024,
159610,2024-09-27,0.731,0.772,0.801,0.731,312654.0,,9.615384615384624,6.043956043956049,0.04400000000000004,
159610,2024-09-30,0.82,0.849,0.849,0.789,356579.0,,7.772020725388594,9.9740932642487,0.07699999999999996,
159610,2024-10-08,0.934,0.928,0.934,0.855,535639.0,,9.305064782096592,9.305064782096592,0.07900000000000007,
159610,2024-10-09,0.91,0.845,0.91,0.84,498359.0,,7.543103448275869,-8.943965517241386,-0.08300000000000007,
159610,2024-10-10,0.846,0.84,0.879,0.826,311780.0,,6.272189349112432,-0.5917159763313614,-0.0050000000000000044,
159610,2024-10-11,0.843,0.813,0.849,0.802,322726.0,,5.595238095238087,-3.2142857142857175,-0.027000000000000024,
159610,2024-10-14,0.828,0.829,0.833,0.803,231348.0,,3.6900369003689932,1.9680196801968037,0.016000000000000014,
159610,2024-10-15,0.83,0.813,0.838,0.81,258429.0,,3.377563329312414,-1.9300361881785304,-0.016000000000000014,
159610,2024-10-16,0.811,0.809,0.822,0.801,228940.0,,2.5830258302582916,-0.49200492004918733,-0.0039999999999998925,
159610,2024-10-17,0.811,0.802,0.82,0.801,287941.0,,2.3485784919653776,-0.8652657601977757,-0.007000000000000006,
159610,2024-10-18,0.802,0.828,0.852,0.801,428142.0,,6.359102244389018,3.2418952618453756,0.025999999999999912,
159610,2024-10-21,0.832,0.837,0.851,0.828,357956.0,,2.7777777777777803,1.0869565217391315,0.009000000000000008,
159610,2024-10-22,0.837,0.845,0.848,0.833,424953.0,,1.7921146953405034,0.9557945041816017,0.008000000000000007,
159610,2024-10-23,0.849,0.847,0.857,0.842,350918.0,,1.7751479289940846,0.2366863905325446,0.0020000000000000018,
159610,2024-10-24,0.845,0.843,0.846,0.837,280913.0,,1.062573789846518,-0.4722550177095636,-0.0040000000000000036,
159610,2024-10-25,0.842,0.853,0.856,0.841,358206.0,,1.7793594306049838,1.1862396204033225,0.010000000000000009,
159610,2024-10-28,0.852,0.862,0.862,0.848,261009.0,,1.6412661195779616,1.0550996483001183,0.009000000000000008,
159610,2024-10-29,0.866,0.852,0.866,0.849,315903.0,,1.9721577726218114,-1.1600928074245949,-0.010000000000000009,
159610,2024-10-30,0.852,0.855,0.86,0.845,266693.0,,1.7605633802816916,0.35211267605633834,0.0030000000000000027,
159610,2024-10-31,0.852,0.86,0.866,0.849,379812.0,,1.9883040935672534,0.5847953216374274,0.0050000000000000044,
159610,2024-11-01,0.857,0.854,0.868,0.851,423218.0,,1.9767441860465134,-0.6976744186046517,-0.006000000000000005,
159610,2024-11-04,0.853,0.863,0.863,0.852,262690.0,,1.2880562060889942,1.053864168618268,0.009000000000000008,
159610,2024-11-05,0.862,0.891,0.892,0.861,527044.0,,3.5921205098493663,3.244495944380073,0.028000000000000025,
159610,2024-11-06,0.892,0.892,0.9,0.884,396537.0,,1.795735129068464,0.112233445566779,0.0010000000000000009,
159610,2024-11-07,0.891,0.906,0.906,0.882,1583006.0,,2.690582959641258,1.5695067264574005,0.014000000000000012,
159610,2024-11-08,0.906,0.901,0.917,0.898,1357545.0,,2.097130242825609,-0.5518763796909497,-0.0050000000000000044,
159610,2024-11-11,0.889,0.911,0.914,0.889,738050.0,,2.7746947835738096,1.1098779134295238,0.010000000000000009,
159610,2024-11-12,0.911,0.904,0.925,0.896,3351070.0,,3.1833150384193223,-0.7683863885839742,-0.007000000000000006,
159610,2024-11-13,0.902,0.903,0.906,0.892,1695365.0,,1.5486725663716827,-0.11061946902654876,-0.0010000000000000009,
159610,2024-11-14,0.904,0.884,0.904,0.881,692248.0,,2.5470653377630144,-2.104097452934664,-0.019000000000000017,
159610,2024-11-15,0.875,0.861,0.883,0.859,337910.0,,2.714932126696835,-2.6018099547511335,-0.02300000000000002,
159610,2024-11-18,0.862,0.847,0.866,0.842,301614.0,,2.7874564459930338,-1.6260162601626031,-0.014000000000000012,
159610,2024-11-19,0.848,0.859,0.861,0.841,580341.0,,2.361275088547818,1.4167650531286906,0.01200000000000001,
159610,2024-11-20,0.857,0.868,0.871,0.857,207166.0,,1.6298020954598387,1.047729918509896,0.009000000000000008,
159610,2024-11-21,0.867,0.867,0.869,0.861,238083.0,,0.9216589861751161,-0.11520737327188951,-0.0010000000000000009,
159610,2024-11-22,0.865,0.84,0.868,0.838,267103.0,,3.4602076124567507,-3.1141868512110755,-0.027000000000000024,
159610,2024-11-25,0.841,0.833,0.841,0.825,244637.0,,1.9047619047619067,-0.8333333333333341,-0.007000000000000006,
159610,2024-11-26,0.833,0.83,0.84,0.829,226443.0,,1.3205282112845151,-0.3601440576230496,-0.0030000000000000027,
159610,2024-11-27,0.826,0.845,0.845,0.819,318014.0,,3.1325301204819307,1.8072289156626522,0.015000000000000013,
159610,2024-11-28,0.841,0.838,0.848,0.837,170771.0,,1.3017751479289952,-0.828402366863906,-0.007000000000000006,
159610,2024-11-29,0.839,0.851,0.858,0.837,271659.0,,2.5059665871121743,1.5513126491646794,0.013000000000000012,
159610,2024-12-02,0.851,0.861,0.865,0.851,207860.0,,1.6451233842538204,1.1750881316098718,0.010000000000000009,
159610,2024-12-03,0.86,0.862,0.865,0.855,261912.0,,1.1614401858304308,0.11614401858304309,0.0010000000000000009,
159610,2024-12-04,0.86,0.854,0.86,0.85,377847.0,,1.1600928074245949,-0.928074245939676,-0.008000000000000007,
159610,2024-12-05,0.853,0.856,0.858,0.85,176928.0,,0.9367681498829048,0.2341920374707262,0.0020000000000000018,
159610,2024-12-06,0.856,0.867,0.87,0.851,211016.0,,2.219626168224301,1.2850467289719638,0.01100000000000001,
159610,2024-12-09,0.862,0.865,0.869,0.857,298412.0,,1.3840830449827002,-0.23068050749711672,-0.0020000000000000018,
159610,2024-12-10,0.889,0.871,0.891,0.869,217388.0,,2.5433526011560716,0.6936416184971105,0.006000000000000005,
159610,2024-12-11,0.87,0.876,0.878,0.867,185678.0,,1.2629161882893238,0.5740528128587835,0.0050000000000000044,
159610,2024-12-12,0.876,0.886,0.889,0.872,277554.0,,1.9406392694063943,1.141552511415526,0.010000000000000009,
159610,2024-12-13,0.886,0.873,0.886,0.871,239753.0,,1.6930022573363446,-1.467268623024832,-0.013000000000000012,
159610,2024-12-16,0.872,0.862,0.872,0.859,145103.0,,1.4891179839633462,-1.2600229095074467,-0.01100000000000001,
159610,2024-12-17,0.863,0.855,0.865,0.854,342609.0,,1.2761020881670546,-0.8120649651972165,-0.007000000000000006,
159610,2024-12-18,0.857,0.86,0.864,0.856,165746.0,,0.9356725146198839,0.5847953216374274,0.0050000000000000044,
159610,2024-12-19,0.855,0.859,0.863,0.849,225426.0,,1.6279069767441874,-0.11627906976744197,-0.0010000000000000009,
159610,2024-12-20,0.86,0.862,0.866,0.859,185811.0,,0.8149010477299193,0.34924330616996535,0.0030000000000000027,
159610,2024-12-23,0.861,0.852,0.867,0.852,312321.0,,1.7401392111368925,-1.1600928074245949,-0.010000000000000009,
159610,2024-12-24,0.853,0.861,0.862,0.85,247289.0,,1.4084507042253533,1.0563380281690151,0.009000000000000008,
159610,2024-12-25,0.861,0.858,0.861,0.852,353202.0,,1.0452961672473877,-0.3484320557491292,-0.0030000000000000027,
159610,2024-12-26,0.861,0.863,0.864,0.857,135474.0,,0.8158508158508166,0.5827505827505833,0.0050000000000000044,
159610,2024-12-27,0.863,0.866,0.875,0.863,169753.0,,1.3904982618771737,0.34762456546929343,0.0030000000000000027,
159610,2024-12-30,0.863,0.868,0.87,0.861,216266.0,,1.0392609699769062,0.23094688221709028,0.0020000000000000018,
159610,2024-12-31,0.865,0.845,0.865,0.844,193715.0,,2.4193548387096793,-2.6497695852534586,-0.02300000000000002,
159610,2025-01-02,0.845,0.819,0.845,0.812,235086.0,,3.905325443786973,-3.0769230769230798,-0.026000000000000023,
159610,2025-01-03,0.82,0.805,0.824,0.803,236741.0,,2.5641025641025528,-1.7094017094016973,-0.013999999999999901,
159610,2025-01-06,0.81,0.805,0.811,0.799,242701.0,,1.4906832298136659,0.0,0.0,
159610,2025-01-07,0.805,0.81,0.812,0.801,183181.0,,1.3664596273291938,0.6211180124223608,0.0050000000000000044,
159610,2025-01-08,0.808,0.808,0.815,0.793,164494.0,,2.716049382716038,-0.2469135802469138,-0.0020000000000000018,
159610,2025-01-09,0.806,0.809,0.814,0.806,106182.0,,0.9900990099009771,0.12376237623762387,0.0010000000000000009,
159610,2025-01-10,0.808,0.8,0.815,0.8,112706.0,,1.8541409147095056,-1.1124845488257116,-0.009000000000000008,
159610,2025-01-13,0.794,0.8,0.805,0.793,129671.0,,1.5000000000000013,0.0,0.0,
159610,2025-01-14,0.801,0.826,0.826,0.8,179544.0,,3.249999999999989,3.249999999999989,0.025999999999999912,
159610,2025-01-15,0.824,0.822,0.826,0.818,151210.0,,0.9685230024213084,-0.4842615012106542,-0.0040000000000000036,
159610,2025-01-16,0.826,0.823,0.836,0.818,164147.0,,2.1897810218978124,0.12165450121654513,0.0010000000000000009,
159610,2025-01-17,0.82,0.828,0.835,0.82,1344184.0,,1.8226002430133674,0.6075334143377891,0.0050000000000000044,
159610,2025-01-20,0.828,0.835,0.843,0.828,275818.0,,1.8115942028985526,0.8454106280193244,0.007000000000000006,
159610,2025-01-21,0.837,0.837,0.839,0.831,330639.0,,0.9580838323353302,0.23952095808383256,0.0020000000000000018,
159610,2025-01-22,0.834,0.833,0.836,0.826,222328.0,,1.1947431302270024,-0.47789725209080086,-0.0040000000000000036,
159610,2025-01-23,0.838,0.832,0.85,0.831,214753.0,,2.280912364945981,-0.1200480192076832,-0.0010000000000000009,
159610,2025-01-24,0.832,0.839,0.841,0.832,96631.0,,1.0817307692307703,0.8413461538461546,0.007000000000000006,
159610,2025-01-27,0.841,0.84,0.846,0.838,136711.0,,0.9535160905840294,0.11918951132300368,0.0010000000000000009,
159610,2025-02-05,0.84,0.835,0.843,0.833,435235.0,,1.1904761904761916,-0.5952380952380958,-0.0050000000000000044,
159610,2025-02-06,0.833,0.846,0.846,0.83,556146.0,,1.9161676646706605,1.317365269461079,0.01100000000000001,
159610,2025-02-07,0.845,0.86,0.868,0.841,464407.0,,3.1914893617021307,1.6548463356974008,0.014000000000000012,
159610,2025-02-10,0.86,0.863,0.865,0.858,190211.0,,0.8139534883720937,0.34883720930232587,0.0030000000000000027,
159610,2025-02-11,0.863,0.86,0.863,0.855,371530.0,,0.9269988412514493,-0.34762456546929343,-0.0030000000000000027,
159610,2025-02-12,0.86,0.866,0.867,0.857,481299.0,,1.1627906976744196,0.6976744186046517,0.006000000000000005,
159610,2025-02-13,0.86,0.861,0.867,0.86,397627.0,,0.808314087759816,-0.5773672055427257,-0.0050000000000000044,
159610,2025-02-14,0.859,0.864,0.865,0.857,118729.0,,0.9291521486643447,0.3484320557491292,0.0030000000000000027,
159610,2025-02-17,0.864,0.862,0.865,0.856,140326.0,,1.0416666666666676,-0.23148148148148168,-0.0020000000000000018,
159610,2025-02-18,0.86,0.849,0.864,0.846,243510.0,,2.088167053364271,-1.5081206496519735,-0.013000000000000012,
159610,2025-02-19,0.844,0.86,0.861,0.844,325316.0,,2.002355712603064,1.2956419316843357,0.01100000000000001,
159610,2025-02-20,0.862,0.864,0.867,0.859,169847.0,,0.9302325581395358,0.4651162790697679,0.0040000000000000036,
159610,2025-02-21,0.865,0.877,0.878,0.864,205844.0,,1.6203703703703716,1.5046296296296309,0.013000000000000012,
159610,2025-02-24,0.875,0.878,0.883,0.865,1377754.0,,2.0524515393386564,0.11402508551881423,0.0010000000000000009,
159610,2025-02-25,0.869,0.867,0.874,0.861,302983.0,,1.4806378132118465,-1.252847380410024,-0.01100000000000001,
159610,2025-02-26,0.87,0.874,0.875,0.865,355214.0,,1.1534025374855836,0.8073817762399085,0.007000000000000006,
159610,2025-02-27,0.873,0.872,0.878,0.861,314086.0,,1.9450800915331825,-0.2288329519450803,-0.0020000000000000018,
159610,2025-02-28,0.87,0.853,0.871,0.85,370091.0,,2.4082568807339473,-2.178899082568809,-0.019000000000000017,
159610,2025-03-03,0.853,0.856,0.868,0.852,306822.0,,1.8757327080890989,0.35169988276670605,0.0030000000000000027,
159610,2025-03-04,0.852,0.864,0.864,0.852,124021.0,,1.401869158878506,0.9345794392523372,0.008000000000000007,
159610,2025-03-05,0.862,0.866,0.867,0.856,222441.0,,1.2731481481481493,0.23148148148148168,0.0020000000000000018,
159610,2025-03-06,0.866,0.879,0.882,0.866,134187.0,,1.8475750577367223,1.501154734411087,0.013000000000000012,
159610,2025-03-07,0.878,0.876,0.883,0.875,290197.0,,0.9101251422070543,-0.34129692832764535,-0.0030000000000000027,
159610,2025-03-10,0.877,0.876,0.878,0.869,171386.0,,1.0273972602739736,0.0,0.0,
159610,2025-03-11,0.868,0.878,0.879,0.866,248701.0,,1.4840182648401838,0.22831050228310523,0.0020000000000000018,
159610,2025-03-12,0.879,0.878,0.887,0.876,327792.0,,1.252847380410024,0.0,0.0,
159610,2025-03-13,0.874,0.873,0.88,0.866,312092.0,,1.5945330296127578,-0.5694760820045562,-0.0050000000000000044,
159610,2025-03-14,0.867,0.885,0.886,0.867,180434.0,,2.1764032073310444,1.3745704467353963,0.01200000000000001,
159610,2025-03-17,0.887,0.888,0.891,0.885,292215.0,,0.6779661016949159,0.33898305084745795,0.0030000000000000027,
159610,2025-03-18,0.885,0.89,0.894,0.885,342675.0,,1.0135135135135145,0.22522522522522545,0.0020000000000000018,
159610,2025-03-19,0.888,0.89,0.89,0.883,150503.0,,0.786516853932585,0.0,0.0,
159610,2025-03-20,0.89,0.881,0.89,0.881,83361.0,,1.0112359550561805,-1.0112359550561805,-0.009000000000000008,
159610,2025-03-21,0.884,0.87,0.884,0.867,91358.0,,1.929625425652669,-1.2485811577752566,-0.01100000000000001,
159610,2025-03-24,0.87,0.869,0.872,0.858,305396.0,,1.609195402298852,-0.1149425287356323,-0.0010000000000000009,
159610,2025-03-25,0.869,0.867,0.873,0.865,230160.0,,0.9205983889528202,-0.23014959723820505,-0.0020000000000000018,
159610,2025-03-26,0.869,0.867,0.871,0.865,94327.0,,0.6920415224913501,0.0,0.0,
159610,2025-03-27,0.865,0.867,0.873,0.857,85334.0,,1.8454440599769337,0.0,0.0,
159610,2025-03-28,0.868,0.862,0.868,0.858,269007.0,,1.1534025374855836,-0.5767012687427918,-0.0050000000000000044,
159610,2025-03-31,0.854,0.853,0.861,0.845,74034.0,,1.856148491879352,-1.0440835266821356,-0.009000000000000008,
159610,2025-04-01,0.852,0.859,0.865,0.852,96462.0,,1.524032825322393,0.7033997655334121,0.006000000000000005,
159610,2025-04-02,0.859,0.861,0.866,0.857,89744.0,,1.047729918509896,0.23282887077997694,0.0020000000000000018,
159610,2025-04-03,0.856,0.855,0.861,0.85,233747.0,,1.2775842044134738,-0.6968641114982584,-0.006000000000000005,
159610,2025-04-07,0.812,0.777,0.828,0.77,353793.0,,6.783625730994146,-9.122807017543854,-0.07799999999999996,
159610,2025-04-08,0.768,0.776,0.784,0.763,190611.0,,2.702702702702705,-0.1287001287001288,-0.0010000000000000009,
159610,2025-04-09,0.772,0.79,0.794,0.75,382475.0,,5.67010309278351,1.8041237113402078,0.014000000000000012,
159610,2025-04-10,0.797,0.804,0.813,0.797,284814.0,,2.0253164556961902,1.7721518987341787,0.014000000000000012,
159610,2025-04-11,0.8,0.81,0.815,0.8,103579.0,,1.8656716417910324,0.7462686567164185,0.006000000000000005,
159610,2025-04-14,0.812,0.816,0.82,0.812,65935.0,,0.9876543209876415,0.7407407407407277,0.005999999999999894,
159610,2025-04-15,0.815,0.812,0.816,0.808,97119.0,,0.9803921568627324,-0.4901960784313594,-0.0039999999999998925,
159610,2025-04-16,0.812,0.806,0.812,0.798,47282.0,,1.7241379310344842,-0.738916256157636,-0.006000000000000005,
159610,2025-04-17,0.801,0.809,0.814,0.801,61292.0,,1.612903225806439,0.37220843672456605,0.0030000000000000027,
159610,2025-04-18,0.809,0.807,0.809,0.802,112835.0,,0.8652657601977757,-0.24721878862793592,-0.0020000000000000018,
159610,2025-04-21,0.807,0.819,0.82,0.806,68321.0,,1.7348203221809047,1.4869888475836306,0.0119999999999999,
159610,2025-04-22,0.819,0.818,0.822,0.814,77922.0,,0.9768009768009777,-0.12210012210012221,-0.0010000000000000009,
159610,2025-04-23,0.822,0.822,0.826,0.818,54518.0,,0.9779951100244507,0.48899755501222536,0.0040000000000000036,
159610,2025-04-24,0.818,0.816,0.822,0.813,109115.0,,1.0948905109489062,-0.7299270072992707,-0.006000000000000005,
159610,2025-04-25,0.819,0.819,0.825,0.817,45262.0,,0.980392156862746,0.36764705882352977,0.0030000000000000027,
159610,2025-04-28,0.818,0.815,0.818,0.812,54530.0,,0.7326007326007198,-0.48840048840048883,-0.0040000000000000036,
159610,2025-04-29,0.815,0.814,0.816,0.811,32739.0,,0.6134969325153244,-0.1226993865030676,-0.0010000000000000009,
159610,2025-04-30,0.813,0.816,0.819,0.813,114865.0,,0.7371007371007379,0.24570024570024596,0.0020000000000000018,
159610,2025-05-06,0.82,0.83,0.832,0.82,212138.0,,1.470588235294119,1.7156862745098054,0.014000000000000012,
159610,2025-05-07,0.833,0.832,0.845,0.828,66832.0,,2.0481927710843393,0.240963855421687,0.0020000000000000018,
159610,2025-05-08,0.832,0.838,0.838,0.829,49082.0,,1.0817307692307703,0.7211538461538468,0.006000000000000005,
159610,2025-05-09,0.837,0.832,0.837,0.829,45634.0,,0.954653937947495,-0.7159904534606212,-0.006000000000000005,
159610,2025-05-12,0.836,0.842,0.842,0.832,47335.0,,1.201923076923078,1.201923076923078,0.010000000000000009,
159610,2025-05-13,0.843,0.84,0.846,0.837,62598.0,,1.0688836104513073,-0.23752969121140166,-0.0020000000000000018,
159610,2025-05-14,0.836,0.843,0.848,0.834,67710.0,,1.6666666666666683,0.3571428571428575,0.0030000000000000027,
159610,2025-05-15,0.843,0.832,0.843,0.831,63572.0,,1.4234875444839872,-1.3048635824436547,-0.01100000000000001,
159610,2025-05-16,0.832,0.833,0.847,0.828,31215.0,,2.2836538461538485,0.1201923076923078,0.0010000000000000009,
159610,2025-05-19,0.833,0.835,0.835,0.828,48097.0,,0.8403361344537823,0.2400960384153664,0.0020000000000000018,
159610,2025-05-20,0.832,0.838,0.84,0.832,30711.0,,0.9580838323353302,0.35928143712574884,0.0030000000000000027,
159610,2025-05-21,0.838,0.839,0.84,0.836,44728.0,,0.4773269689737475,0.11933174224343687,0.0010000000000000009,
159610,2025-05-22,0.835,0.829,0.838,0.829,47078.0,,1.0727056019070333,-1.1918951132300368,-0.010000000000000009,
159610,2025-05-23,0.831,0.826,0.836,0.826,34717.0,,1.2062726176115814,-0.3618817852834744,-0.0030000000000000027,
159610,2025-05-26,0.826,0.828,0.831,0.82,25967.0,,1.331719128329299,0.2421307506053271,0.0020000000000000018,
159610,2025-05-27,0.828,0.827,0.828,0.823,38255.0,,0.6038647342995175,-0.12077294685990349,-0.0010000000000000009,
159610,2025-05-28,0.824,0.824,0.834,0.822,35919.0,,1.451027811366386,-0.3627569528415965,-0.0030000000000000027,
159610,2025-05-29,0.822,0.833,0.835,0.822,121106.0,,1.5776699029126227,1.092233009708739,0.009000000000000008,
159610,2025-05-30,0.834,0.831,0.834,0.827,44732.0,,0.8403361344537823,-0.2400960384153664,-0.0020000000000000018,
159610,2025-06-03,0.828,0.834,0.835,0.827,52883.0,,0.9626955475330936,0.36101083032491005,0.0030000000000000027,
159610,2025-06-04,0.837,0.843,0.843,0.836,36614.0,,0.8393285371702647,1.0791366906474829,0.009000000000000008,
159610,2025-06-05,0.843,0.846,0.847,0.841,63009.0,,0.7117437722419936,0.3558718861209968,0.0030000000000000027,
159610,2025-06-06,0.846,0.846,0.848,0.844,42684.0,,0.472813238770686,0.0,0.0,
159610,2025-06-09,0.844,0.85,0.851,0.844,36360.0,,0.8274231678487004,0.472813238770686,0.0040000000000000036,
159610,2025-06-10,0.85,0.845,0.853,0.84,60886.0,,1.5294117647058838,-0.5882352941176475,-0.0050000000000000044,
159610,2025-06-11,0.846,0.85,0.855,0.846,51158.0,,1.0650887573964507,0.5917159763313614,0.0050000000000000044,
159610,2025-06-12,0.85,0.852,0.854,0.849,73296.0,,0.5882352941176475,0.23529411764705901,0.0020000000000000018,
159610,2025-06-13,0.852,0.846,0.853,0.844,52628.0,,1.0563380281690151,-0.7042253521126767,-0.006000000000000005,
159610,2025-06-16,0.845,0.852,0.853,0.845,33449.0,,0.945626477541372,0.7092198581560291,0.006000000000000005,
159610,2025-06-17,0.854,0.847,0.854,0.846,58030.0,,0.9389671361502356,-0.5868544600938973,-0.0050000000000000044,
159610,2025-06-18,0.848,0.847,0.848,0.842,53989.0,,0.7083825265643453,0.0,0.0,
159610,2025-06-19,0.844,0.839,0.848,0.836,50226.0,,1.4167650531286906,-0.9445100354191271,-0.008000000000000007,
159610,2025-06-20,0.839,0.837,0.842,0.831,57108.0,,1.3110846245530405,-0.23837902264600735,-0.0020000000000000018,
159610,2025-06-23,0.832,0.838,0.841,0.832,82915.0,,1.0752688172043021,0.11947431302270022,0.0010000000000000009,
159610,2025-06-24,0.839,0.852,0.852,0.839,90465.0,,1.5513126491646794,1.670644391408116,0.014000000000000012,
159610,2025-06-25,0.852,0.866,0.867,0.852,96357.0,,1.7605633802816916,1.6431924882629123,0.014000000000000012,
159610,2025-06-26,0.866,0.865,0.871,0.865,173305.0,,0.6928406466512709,-0.11547344110854514,-0.0010000000000000009,
159610,2025-06-27,0.865,0.866,0.873,0.857,80393.0,,1.849710982658961,0.11560693641618507,0.0010000000000000009,
159610,2025-06-30,0.864,0.874,0.875,0.86,86693.0,,1.732101616628177,0.9237875288683611,0.008000000000000007,
159610,2025-07-01,0.872,0.883,0.883,0.872,80468.0,,1.2585812356979416,1.0297482837528613,0.009000000000000008,
159610,2025-07-02,0.883,0.878,0.883,0.876,59557.0,,0.7927519818799553,-0.5662514156285395,-0.0050000000000000044,
159610,2025-07-03,0.878,0.881,0.882,0.875,87935.0,,0.7972665148063789,0.3416856492027338,0.0030000000000000027,
159610,2025-07-04,0.873,0.885,0.893,0.873,124039.0,,2.2701475595913756,0.4540295119182751,0.0040000000000000036,
159610,2025-07-07,0.887,0.882,0.887,0.88,51678.0,,0.7909604519774018,-0.33898305084745795,-0.0030000000000000027,
159610,2025-07-08,0.883,0.895,0.896,0.882,69131.0,,1.5873015873015885,1.4739229024943323,0.013000000000000012,
159610,2025-07-09,0.896,0.892,0.898,0.891,94294.0,,0.7821229050279337,-0.3351955307262573,-0.0030000000000000027,
159610,2025-07-10,0.894,0.897,0.899,0.892,53737.0,,0.7847533632287003,0.5605381165919288,0.0050000000000000044,
159610,2025-07-11,0.896,0.902,0.908,0.894,61109.0,,1.5607580824972143,0.5574136008918622,0.0050000000000000044,
159610,2025-07-14,0.899,0.905,0.906,0.899,37938.0,,0.7760532150776059,0.33259423503325974,0.0030000000000000027,
159610,2025-07-15,0.904,0.905,0.908,0.898,55487.0,,1.1049723756906087,0.0,0.0,
159610,2025-07-16,0.905,0.902,0.909,0.9,69813.0,,0.9944751381215478,-0.3314917127071826,-0.0030000000000000027,
159610,2025-07-17,0.903,0.912,0.912,0.903,58033.0,,0.9977827050997791,1.1086474501108656,0.010000000000000009,
159610,2025-07-18,0.911,0.911,0.915,0.909,66208.0,,0.6578947368421059,-0.10964912280701765,-0.0010000000000000009,
159610,2025-07-21,0.91,0.922,0.922,0.91,61603.0,,1.3172338090010989,1.207464324917674,0.01100000000000001,
159610,2025-07-22,0.922,0.93,0.931,0.922,56884.0,,0.9761388286334065,0.8676789587852501,0.008000000000000007,
159610,2025-07-23,0.93,0.929,0.935,0.925,255282.0,,1.0752688172043021,-0.10752688172043019,-0.0010000000000000009,
159610,2025-07-24,0.928,0.94,0.94,0.928,73675.0,,1.2917115177610226,1.1840688912809363,0.010999999999999899,
159610,2025-07-25,0.94,0.941,0.943,0.935,69975.0,,0.851063829787223,0.10638297872340437,0.0010000000000000009,
159610,2025-07-28,0.94,0.948,0.948,0.936,91809.0,,1.2752391073326141,0.7438894792773652,0.007000000000000006,
159610,2025-07-29,0.948,0.952,0.952,0.941,78433.0,,1.1603375527426172,0.4219409282700426,0.0040000000000000036,
159610,2025-07-30,0.952,0.946,0.955,0.94,55024.0,,1.5756302521008416,-0.6302521008403368,-0.006000000000000005,
159610,2025-07-31,0.947,0.933,0.947,0.929,101041.0,,1.9027484143763114,-1.3742071881606661,-0.0129999999999999,
159610,2025-08-01,0.928,0.93,0.937,0.923,62662.0,,1.5005359056806014,-0.32154340836012885,-0.0030000000000000027,
159610,2025-08-04,0.93,0.937,0.937,0.927,91094.0,,1.0752688172043021,0.7526881720430114,0.007000000000000006,
159610,2025-08-05,0.94,0.945,0.945,0.938,41663.0,,0.7470651013874072,0.8537886872998821,0.007999999999999896,
159610,2025-08-06,0.945,0.953,0.953,0.945,60659.0,,0.8465608465608473,0.8465608465608473,0.008000000000000007,
159610,2025-08-07,0.951,0.953,0.956,0.944,69434.0,,1.2591815320041986,0.0,0.0,
159610,2025-08-08,0.949,0.951,0.955,0.947,55341.0,,0.8394543546694656,-0.2098635886673664,-0.0020000000000000018,
159610,2025-08-11,0.949,0.958,0.96,0.949,53034.0,,1.1566771819137762,0.7360672975814939,0.007000000000000006,
159610,2025-08-12,0.953,0.961,0.962,0.953,43201.0,,0.93945720250522,0.31315240083507334,0.0030000000000000027,
159610,2025-08-13,0.962,0.977,0.979,0.962,71792.0,,1.7689906347554647,1.6649323621227903,0.016000000000000014,
159610,2025-08-14,0.977,0.965,0.98,0.965,89331.0,,1.5353121801432972,-1.2282497441146378,-0.01200000000000001,
159610,2025-08-15,0.964,0.986,0.989,0.964,88768.0,,2.5906735751295358,2.1761658031088102,0.02100000000000002,
159610,2025-08-18,0.991,1.003,1.011,0.991,197580.0,,2.0283975659229116,1.724137931034473,0.016999999999999904,
159610,2025-08-19,1.003,1.001,1.011,0.996,129956.0,,1.495513459621127,-0.19940179461615173,-0.0020000000000000018,
159610,2025-08-20,0.998,1.015,1.015,0.993,190813.0,,2.197802197802189,1.3986013986014,0.014000000000000012,
159610,2025-08-21,1.015,1.012,1.02,1.008,170585.0,,1.182266009852218,-0.29556650246304356,-0.0029999999999998916,
159610,2025-08-22,1.006,1.027,1.03,1.006,195663.0,,2.3715415019762864,1.4822134387351682,0.014999999999999902,
159610,2025-08-25,1.031,1.051,1.054,1.031,203340.0,,2.239532619279468,2.33690360272639,0.02400000000000002,
159610,2025-08-26,1.051,1.05,1.057,1.045,111867.0,,1.1417697431018088,-0.09514747859180685,-0.0009999999999998899,
159610,2025-08-27,1.05,1.033,1.065,1.033,401576.0,,3.04761904761905,-1.619047619047631,-0.017000000000000126,
159610,2025-08-28,1.036,1.062,1.063,1.027,250645.0,,3.484995159728948,2.8073572120038857,0.029000000000000137,
159610,2025-08-29,1.066,1.067,1.073,1.046,115928.0,,2.542372881355924,0.4708097928436811,0.004999999999999893,
159610,2025-09-01,1.072,1.076,1.077,1.063,120742.0,,1.3120899718837875,0.8434864104967309,0.009000000000000119,
159610,2025-09-02,1.08,1.054,1.08,1.046,185327.0,,3.159851301115244,-2.044609665427511,-0.02200000000000002,
159610,2025-09-03,1.053,1.037,1.057,1.033,195277.0,,2.2770398481973455,-1.6129032258064633,-0.017000000000000126,
159610,2025-09-04,1.037,1.011,1.042,0.996,169365.0,,4.4358727097396375,-2.5072324011571867,-0.026000000000000023,
159610,2025-09-05,1.011,1.038,1.04,1.007,133819.0,,3.2640949554896284,2.670623145400607,0.027000000000000135,
159610,2025-09-08,1.038,1.05,1.05,1.032,140331.0,,1.7341040462427761,1.1560693641618507,0.01200000000000001,
159610,2025-09-09,1.046,1.038,1.051,1.034,98010.0,,1.61904761904761,-1.142857142857144,-0.01200000000000001,
159610,2025-09-10,1.028,1.043,1.049,1.028,87380.0,,2.023121387283228,0.48169556840076044,0.004999999999999893,
159610,2025-09-11,1.043,1.073,1.076,1.038,152300.0,,3.643336529242573,2.8763183125599263,0.030000000000000027,
159610,2025-09-12,1.075,1.075,1.083,1.064,130053.0,,1.7707362534948656,0.18639328984156586,0.0020000000000000018,
159610,2025-09-15,1.065,1.075,1.08,1.065,81690.0,,1.395348837209314,0.0,0.0,
159610,2025-09-16,1.075,1.075,1.077,1.06,79309.0,,1.5813953488372006,0.0,0.0,
159610,2025-09-17,1.075,1.083,1.085,1.071,102823.0,,1.30232558139535,0.7441860465116286,0.008000000000000007,
159610,2025-09-18,1.083,1.069,1.093,1.06,191260.0,,3.0470914127423745,-1.2927054478301028,-0.014000000000000012,
159610,2025-09-19,1.07,1.079,1.082,1.069,101059.0,,1.2160898035547354,0.9354536950420963,0.010000000000000009,
159610,2025-09-22,1.079,1.075,1.079,1.068,116807.0,,1.0194624652455884,-0.3707136237256723,-0.0040000000000000036,
159610,2025-09-23,1.08,1.072,1.08,1.052,99030.0,,2.6046511627907,-0.2790697674418504,-0.0029999999999998916,
159610,2025-09-24,1.066,1.096,1.097,1.066,148087.0,,2.8917910447761113,2.2388059701492558,0.02400000000000002,
159610,2025-09-25,1.096,1.096,1.106,1.096,81015.0,,0.9124087591240884,0.0,0.0,
159610,2025-09-26,1.09,1.088,1.102,1.087,123908.0,,1.3686131386861426,-0.7299270072992706,-0.008000000000000007,
159610,2025-09-29,1.088,1.107,1.11,1.084,79280.0,,2.389705882352943,1.746323529411756,0.018999999999999906,
159610,2025-09-30,1.107,1.112,1.114,1.105,62656.0,,0.8130081300813117,0.4516711833785109,0.0050000000000001155,
159610,2025-10-09,1.112,1.136,1.136,1.112,88420.0,,2.1582733812949457,2.1582733812949457,0.0239999999999998,
159610,2025-10-10,1.136,1.115,1.136,1.111,73138.0,,2.200704225352105,-1.8485915492957665,-0.020999999999999908,
159610,2025-10-13,1.066,1.115,1.116,1.066,134517.0,,4.48430493273543,0.0,0.0,
159610,2025-10-14,1.113,1.088,1.124,1.082,89878.0,,3.7668161434977616,-2.4215246636771224,-0.026999999999999913,
159610,2025-10-15,1.088,1.105,1.105,1.079,55793.0,,2.389705882352943,1.5624999999999911,0.016999999999999904,
159610,2025-10-16,1.097,1.097,1.107,1.091,80981.0,,1.4479638009049787,-0.7239819004524893,-0.008000000000000007,
159610,2025-10-17,1.091,1.064,1.099,1.064,140407.0,,3.1905195989061004,-3.008204193254323,-0.03299999999999992,
159610,2025-10-20,1.066,1.07,1.078,1.065,69854.0,,1.2218045112782068,0.5639097744360907,0.006000000000000005,
159610,2025-10-21,1.083,1.083,1.088,1.058,851744.0,,2.803738317757012,1.214953271028028,0.0129999999999999,
159610,2025-10-22,1.081,1.076,1.081,1.073,195624.0,,0.7386888273314873,-0.6463527239150412,-0.006999999999999895,
159610,2025-10-23,1.068,1.08,1.081,1.062,103931.0,,1.7657992565055673,0.3717472118959111,0.0040000000000000036,
159610,2025-10-24,1.083,1.099,1.103,1.08,84752.0,,2.1296296296296213,1.7592592592592504,0.018999999999999906,
159610,2025-10-27,1.105,1.124,1.124,1.104,180337.0,,1.819836214740675,2.2747952684258537,0.025000000000000133,
159610,2025-10-28,1.124,1.115,1.127,1.112,85243.0,,1.3345195729537278,-0.8007117437722524,-0.009000000000000119,
159610,2025-10-29,1.117,1.142,1.142,1.096,527275.0,,4.125560538116576,2.4215246636771224,0.026999999999999913,
159610,2025-10-30,1.138,1.127,1.138,1.124,67897.0,,1.2259194395796666,-1.313485113835368,-0.014999999999999902,
159610,2025-10-31,1.13,1.114,1.13,1.108,75796.0,,1.9520851818988285,-1.153504880212946,-0.0129999999999999,
159610,2025-11-03,1.114,1.109,1.12,1.091,63717.0,,2.6032315978456135,-0.4488330341113209,-0.0050000000000001155,
159610,2025-11-04,1.109,1.092,1.115,1.085,97290.0,,2.705139765554556,-1.5329125338142384,-0.016999999999999904,
159610,2025-11-05,1.087,1.096,1.1,1.072,48563.0,,2.564102564102566,0.3663003663003666,0.0040000000000000036,
159610,2025-11-06,1.096,1.114,1.115,1.088,105790.0,,2.463503649635028,1.642335766423359,0.018000000000000016,
159610,2025-11-07,1.103,1.112,1.125,1.103,32483.0,,1.9748653500897682,-0.17953321364452438,-0.0020000000000000018,
159610,2025-11-10,1.119,1.115,1.119,1.105,45407.0,,1.2589928057553967,0.2697841726618607,0.0029999999999998916,
159610,2025-11-11,1.116,1.104,1.116,1.1,85452.0,,1.4349775784753376,-0.9865470852017846,-0.010999999999999899,
159610,2025-11-12,1.104,1.099,1.104,1.087,91817.0,,1.5398550724637794,-0.45289855072464813,-0.0050000000000001155,
159610,2025-11-13,1.099,1.112,1.115,1.096,54275.0,,1.728844404003631,1.1828935395814488,0.013000000000000123,
159610,2025-11-14,1.118,1.1,1.118,1.098,18655.0,,1.798561151079138,-1.0791366906474829,-0.01200000000000001,
159610,2025-11-17,1.098,1.097,1.106,1.093,20912.0,,1.181818181818193,-0.27272727272728303,-0.0030000000000001137,
159610,2025-11-18,1.096,1.08,1.096,1.074,131567.0,,2.0054694621695552,-1.5496809480401008,-0.016999999999999904,
159610,2025-11-19,1.078,1.077,1.089,1.071,61084.0,,1.666666666666668,-0.2777777777777883,-0.0030000000000001137,
159610,2025-11-20,1.081,1.067,1.084,1.066,57021.0,,1.6713091922005585,-0.9285051067780881,-0.010000000000000009,
159610,2025-11-21,1.062,1.028,1.066,1.027,107447.0,,3.6551077788191324,-3.655107778819112,-0.038999999999999924,
159610,2025-11-24,1.03,1.029,1.035,1.021,64824.0,,1.3618677042801568,0.09727626459142898,0.0009999999999998899,
159610,2025-11-25,1.032,1.043,1.051,1.032,48024.0,,1.846452866861021,1.3605442176870761,0.014000000000000012,
159610,2025-11-26,1.043,1.048,1.053,1.043,74667.0,,0.9587727708533087,0.479386385426665,0.0050000000000001155,
159610,2025-11-27,1.048,1.043,1.058,1.042,36270.0,,1.5267175572519098,-0.4770992366412324,-0.0050000000000001155,
159610,2025-11-28,1.043,1.056,1.056,1.043,28557.0,,1.246404602109312,1.246404602109312,0.013000000000000123,
159610,2025-12-01,1.054,1.069,1.069,1.054,27606.0,,1.4204545454545363,1.2310606060605966,0.0129999999999999,
159610,2025-12-02,1.069,1.054,1.069,1.053,39893.0,,1.4967259120673542,-1.403180542563134,-0.014999999999999902,
159610,2025-12-03,1.056,1.055,1.059,1.049,45358.0,,0.9487666034155606,0.09487666034154553,0.0009999999999998899,
159610,2025-12-04,1.055,1.053,1.058,1.046,29892.0,,1.13744075829384,-0.18957345971564,-0.0020000000000000018,
159610,2025-12-05,1.053,1.064,1.066,1.048,51382.0,,1.7094017094017109,1.0446343779677227,0.01100000000000012,
159610,2025-12-08,1.07,1.078,1.08,1.066,60440.0,,1.3157894736842117,1.3157894736842117,0.014000000000000012,
159610,2025-12-09,1.078,1.067,1.078,1.064,48199.0,,1.2987012987012998,-1.0204081632653172,-0.01100000000000012,
159610,2025-12-10,1.067,1.074,1.075,1.061,32862.0,,1.3120899718837875,0.6560449859419042,0.007000000000000117,
159610,2025-12-11,1.074,1.064,1.076,1.062,85702.0,,1.303538175046556,-0.9310986964618257,-0.010000000000000009,
159610,2025-12-12,1.064,1.072,1.073,1.058,60902.0,,1.4097744360902162,0.7518796992481209,0.008000000000000007,
159610,2025-12-15,1.072,1.063,1.073,1.063,53038.0,,0.9328358208955232,-0.8395522388059813,-0.009000000000000119,
159610,2025-12-16,1.063,1.045,1.063,1.043,99260.0,,1.881467544684856,-1.6933207902163703,-0.018000000000000016,
159610,2025-12-17,1.044,1.071,1.073,1.044,85187.0,,2.7751196172248727,2.488038277511964,0.026000000000000023,
159610,2025-12-18,1.066,1.066,1.078,1.066,52184.0,,1.1204481792717098,-0.46685340802986874,-0.004999999999999893,
159610,2025-12-19,1.073,1.074,1.077,1.066,80203.0,,1.0318949343339492,0.7504690431519706,0.008000000000000007,
159610,2025-12-22,1.08,1.082,1.087,1.074,54383.0,,1.2104283054003633,0.7448789571694605,0.008000000000000007,
159610,2025-12-23,1.082,1.087,1.09,1.072,88017.0,,1.6635859519408516,0.46210720887244855,0.004999999999999893,
159610,2025-12-24,1.083,1.103,1.105,1.083,83459.0,,2.0239190432382723,1.471941122355107,0.016000000000000014,
159610,2025-12-25,1.104,1.105,1.109,1.098,84354.0,,0.997280145058921,0.18132366273798747,0.0020000000000000018,
159610,2025-12-26,1.107,1.112,1.12,1.106,106845.0,,1.2669683257918565,0.6334841628959382,0.007000000000000117,
159610,2025-12-29,1.115,1.11,1.118,1.103,96338.0,,1.3489208633093637,-0.1798561151079138,-0.0020000000000000018,
159610,2025-12-30,1.108,1.111,1.118,1.101,93883.0,,1.5315315315315428,0.09009009009008016,0.0009999999999998899,
159610,2025-12-31,1.117,1.11,1.12,1.106,133978.0,,1.2601260126012612,-0.0900090009000801,-0.0009999999999998899,
159610,2026-01-05,1.112,1.138,1.138,1.112,130550.0,,2.342342342342324,2.5225225225225043,0.027999999999999803,
159610,2026-01-06,1.137,1.164,1.165,1.137,138960.0,,2.460456942003517,2.2847100175746946,0.026000000000000023,
159610,2026-01-07,1.164,1.168,1.172,1.159,177138.0,,1.1168384879725002,0.34364261168384913,0.0040000000000000036,
159610,2026-01-08,1.168,1.163,1.169,1.156,75640.0,,1.1130136986301475,-0.4280821917808128,-0.004999999999999893,
159610,2026-01-09,1.162,1.182,1.182,1.159,131030.0,,1.9776440240756583,1.633705932932064,0.018999999999999906,
159610,2026-01-12,1.184,1.2,1.201,1.18,125957.0,,1.7766497461929047,1.52284263959391,0.018000000000000016,
159610,2026-01-13,1.201,1.186,1.201,1.178,132569.0,,1.9166666666666776,-1.1666666666666679,-0.014000000000000012,
159610,2026-01-14,1.185,1.195,1.213,1.179,181067.0,,2.866779089376057,0.7588532883642597,0.009000000000000119,
159610,2026-01-15,1.187,1.195,1.205,1.184,82715.0,,1.7573221757322284,0.0,0.0,
159610,2026-01-16,1.201,1.206,1.211,1.198,76771.0,,1.087866108786621,0.9205020920502007,0.010999999999999899,
159610,2026-01-19,1.207,1.212,1.216,1.196,71328.0,,1.6583747927031525,0.4975124378109457,0.006000000000000005,
159610,2026-01-20,1.212,1.216,1.222,1.199,182920.0,,1.8976897689768901,0.33003300330033036,0.0040000000000000036,
159610,2026-01-21,1.212,1.236,1.236,1.209,74281.0,,2.220394736842098,1.6447368421052648,0.020000000000000018,
159610,2026-01-22,1.236,1.237,1.245,1.229,86996.0,,1.2944983818770237,0.08090614886732297,0.001000000000000112,
159610,2026-01-23,1.237,1.264,1.264,1.225,120937.0,,3.152789005658846,2.1827000808407364,0.026999999999999913,
159610,2026-01-26,1.27,1.255,1.274,1.245,103973.0,,2.2943037974683476,-0.7120253164557057,-0.009000000000000119,
159610,2026-01-27,1.249,1.258,1.261,1.233,98757.0,,2.23107569721114,0.2390438247012043,0.0030000000000001137,
159610,2026-01-28,1.248,1.264,1.273,1.248,88921.0,,1.987281399046098,0.4769475357710656,0.006000000000000005,
159610,2026-01-29,1.268,1.251,1.274,1.244,149065.0,,2.3734177215189898,-1.0284810126582375,-0.013000000000000123,
159610,2026-01-30,1.249,1.218,1.249,1.197,129953.0,,4.156674660271786,-2.6378896882493943,-0.03299999999999992,
159610,2026-02-02,1.206,1.171,1.215,1.171,78896.0,,3.612479474548443,-3.8587848932676465,-0.04699999999999993,
159610,2026-02-03,1.171,1.206,1.21,1.171,104862.0,,3.3304867634500366,2.98889837745516,0.03499999999999992,
159610,2026-02-04,1.208,1.217,1.218,1.195,86304.0,,1.9071310116086162,0.9121061359867431,0.01100000000000012,
159610,2026-02-05,1.207,1.201,1.211,1.189,158022.0,,1.8077239112571912,-1.3147082990961392,-0.016000000000000014,
159610,2026-02-06,1.19,1.199,1.213,1.179,82826.0,,2.830974188176522,-0.16652789342214835,-0.0020000000000000018,
159610,2026-02-09,1.21,1.222,1.222,1.209,80773.0,,1.0842368640533695,1.918265221017507,0.02299999999999991,
159610,2026-02-10,1.222,1.224,1.225,1.216,64866.0,,0.736497545008193,0.16366612111292977,0.0020000000000000018,
159610,2026-02-11,1.224,1.231,1.238,1.224,69344.0,,1.1437908496732037,0.5718954248366109,0.007000000000000117,
159610,2026-02-12,1.22,1.243,1.245,1.219,99013.0,,2.112103980503657,0.9748172217709187,0.01200000000000001,
159610,2026-02-13,1.231,1.223,1.24,1.223,64202.0,,1.3676588897827757,-1.609010458567982,-0.020000000000000018,
159610,2026-02-24,1.228,1.231,1.24,1.228,67152.0,,0.9811937857726908,0.6541291905151273,0.008000000000000007,
159610,2026-02-25,1.235,1.254,1.257,1.234,340521.0,,1.8683996750609186,1.8683996750609186,0.02299999999999991,
159610,2026-02-26,1.255,1.257,1.261,1.246,120054.0,,1.19617224880382,0.23923444976075692,0.0029999999999998916,
159610,2026-02-27,1.256,1.267,1.267,1.24,52466.0,,2.1479713603818547,0.7955449482895791,0.010000000000000009,
159610,2026-03-02,1.258,1.267,1.27,1.249,113350.0,,1.6574585635359047,0.0,0.0,
159610,2026-03-03,1.265,1.218,1.267,1.215,169416.0,,4.104183109707958,-3.867403314917122,-0.04899999999999993,
159610,2026-03-04,1.215,1.206,1.225,1.201,71332.0,,1.9704433497536964,-0.9852216748768482,-0.01200000000000001,
159610,2026-03-05,1.224,1.223,1.229,1.214,52462.0,,1.2437810945273735,1.409618573797689,0.017000000000000126,
159610,2026-03-06,1.215,1.231,1.233,1.209,54934.0,,1.9623875715453816,0.6541291905151273,0.008000000000000007,
159610,2026-03-09,1.224,1.214,1.224,1.18,116752.0,,3.5743298131600354,-1.3809910641754772,-0.017000000000000126,
159610,2026-03-10,1.22,1.238,1.238,1.22,74054.0,,1.482701812191105,1.9769357495881403,0.02400000000000002,
159610,2026-03-11,1.238,1.237,1.241,1.232,42745.0,,0.7269789983845008,-0.08077544426493456,-0.0009999999999998899,
159610,2026-03-12,1.237,1.232,1.243,1.223,34948.0,,1.6168148746968485,-0.4042037186742211,-0.0050000000000001155,
159610,2026-03-13,1.232,1.224,1.238,1.219,148087.0,,1.5422077922077846,-0.6493506493506499,-0.008000000000000007,
159610,2026-03-16,1.222,1.207,1.223,1.193,214489.0,,2.450980392156865,-1.388888888888881,-0.016999999999999904,
159610,2026-03-17,1.213,1.192,1.215,1.19,148445.0,,2.0712510356255285,-1.242750621375321,-0.015000000000000124,
159610,2026-03-18,1.191,1.195,1.197,1.178,170196.0,,1.5939597315436351,0.25167785234900286,0.0030000000000001137,
159610,2026-03-19,1.184,1.171,1.189,1.163,170657.0,,2.175732217573224,-2.0083682008368218,-0.02400000000000002,
159610,2026-03-20,1.171,1.152,1.177,1.149,129921.0,,2.3911187019641353,-1.6225448334756725,-0.019000000000000128,
159610,2026-03-23,1.141,1.106,1.15,1.1,191953.0,,4.340277777777763,-3.99305555555554,-0.04599999999999982,
159610,2026-03-24,1.116,1.127,1.129,1.097,172758.0,,2.8933092224231487,1.8987341772151813,0.020999999999999908,
159610,2026-03-25,1.132,1.148,1.153,1.131,93919.0,,1.9520851818988483,1.8633540372670725,0.020999999999999908,
159610,2026-03-26,1.144,1.133,1.152,1.129,66382.0,,2.0034843205574835,-1.306620209059225,-0.014999999999999902,
159610,2026-03-27,1.133,1.15,1.155,1.116,81638.0,,3.4421888790820763,1.5004413062665405,0.016999999999999904,
159610,2026-03-30,1.141,1.159,1.16,1.133,65959.0,,2.3478260869565144,0.7826086956521844,0.009000000000000119,
159610,2026-03-31,1.157,1.137,1.159,1.136,104745.0,,1.9844693701466896,-1.898188093183781,-0.02200000000000002,
159610,2026-04-01,1.151,1.156,1.16,1.146,95169.0,,1.2313104661389633,1.671064204045726,0.018999999999999906,
159610,2026-04-02,1.154,1.141,1.155,1.134,71124.0,,1.8166089965398036,-1.297577854671272,-0.014999999999999902,
159610,2026-04-03,1.13,1.13,1.142,1.128,67265.0,,1.226993865030676,-0.9640666082383978,-0.01100000000000012,
159610,2026-04-07,1.135,1.134,1.145,1.126,151363.0,,1.6814159292035513,0.3539823008849561,0.0040000000000000036,
159610,2026-04-08,1.145,1.187,1.187,1.141,116202.0,,4.056437389770727,4.673721340388021,0.05300000000000016,
159610,2026-04-09,1.183,1.178,1.184,1.163,59734.0,,1.7691659646166729,-0.7582139848357303,-0.009000000000000119,
159610,2026-04-10,1.18,1.192,1.205,1.178,47131.0,,2.292020373514443,1.1884550084889656,0.014000000000000012,
159610,2026-04-13,1.189,1.197,1.202,1.181,45621.0,,1.7617449664429452,0.41946308724833187,0.0050000000000001155,
159610,2026-04-14,1.208,1.215,1.215,1.2,52674.0,,1.2531328320802109,1.5037593984962419,0.018000000000000016,
159610,2026-04-15,1.218,1.209,1.221,1.205,61002.0,,1.3168724279835402,-0.4938271604938276,-0.006000000000000005,
159610,2026-04-16,1.209,1.23,1.232,1.209,65665.0,,1.9023986765922172,1.7369727047146324,0.020999999999999908,
159610,2026-04-17,1.219,1.237,1.24,1.218,43754.0,,1.7886178861788633,0.5691056910569201,0.007000000000000117,
159610,2026-04-20,1.237,1.243,1.251,1.237,60810.0,,1.1317704122877759,0.4850444624090545,0.006000000000000005,
159610,2026-04-21,1.243,1.245,1.246,1.23,50728.0,,1.2872083668543854,0.16090104585679818,0.0020000000000000018,
159610,2026-04-22,1.241,1.265,1.266,1.241,69979.0,,2.0080321285140488,1.6064257028112285,0.019999999999999796,
159610,2026-04-23,1.265,1.26,1.273,1.238,108085.0,,2.766798418972326,-0.3952569169960391,-0.004999999999999893,
159610,2026-04-24,1.256,1.257,1.264,1.24,111191.0,,1.9047619047619064,-0.23809523809524713,-0.0030000000000001137,
159610,2026-04-27,1.257,1.268,1.274,1.257,38210.0,,1.3524264120922935,0.8750994431185458,0.01100000000000012,
159610,2026-04-28,1.268,1.26,1.268,1.253,72458.0,,1.1829652996845523,-0.6309148264984233,-0.008000000000000007,
159610,2026-04-29,1.259,1.283,1.286,1.255,69108.0,,2.4603174603174716,1.8253968253968182,0.02299999999999991,
159610,2026-04-30,1.279,1.277,1.282,1.272,84563.0,,0.7794232268121598,-0.4676539360872959,-0.006000000000000005,
159610,2026-05-06,1.277,1.309,1.314,1.277,102348.0,,2.897415818324209,2.505873140172281,0.03200000000000003,
159610,2026-05-07,1.321,1.326,1.329,1.305,107703.0,,1.8334606569900707,1.2987012987013082,0.017000000000000126,
159610,2026-05-08,1.323,1.324,1.33,1.311,135568.0,,1.43288084464556,-0.1508295625942686,-0.0020000000000000018,
159610,2026-05-11,1.325,1.345,1.349,1.321,189737.0,,2.1148036253776454,1.5861027190332257,0.020999999999999908,
159610,2026-05-12,1.35,1.345,1.358,1.338,80740.0,,1.4869888475836444,0.0,0.0,
159610,2026-05-13,1.343,1.368,1.368,1.336,66122.0,,2.379182156133831,1.7100371747211993,0.02300000000000013,
159610,2026-05-14,1.369,1.331,1.375,1.331,142695.0,,3.2163742690058506,-2.7046783625731097,-0.037000000000000144,
159610,2026-05-15,1.33,1.316,1.339,1.305,157966.0,,2.5544703230653667,-1.1269722013523593,-0.014999999999999902,
159610,2026-05-18,1.303,1.306,1.318,1.298,142855.0,,1.5197568389057763,-0.7598784194528881,-0.010000000000000009,
159610,2026-05-19,1.306,1.312,1.316,1.289,146005.0,,2.067381316998479,0.45941807044410454,0.006000000000000005,
159610,2026-05-20,1.308,1.323,1.328,1.305,121043.0,,1.7530487804878148,0.8384146341463337,0.010999999999999899,
159610,2026-05-21,1.335,1.297,1.349,1.295,147199.0,,4.081632653061228,-1.96523053665911,-0.026000000000000023,
159610,2026-05-22,1.297,1.313,1.316,1.293,145738.0,,1.773323053199702,1.2336160370084823,0.016000000000000014,
159610,2026-05-25,1.327,1.328,1.328,1.313,102318.0,,1.142421934501152,1.142421934501152,0.015000000000000124,
159610,2026-05-26,1.329,1.332,1.333,1.31,105123.0,,1.7319277108433666,0.3012048192771087,0.0040000000000000036,
159610,2026-05-27,1.334,1.315,1.338,1.309,152100.0,,2.1771771771771875,-1.2762762762762856,-0.017000000000000126,
159610,2026-05-28,1.315,1.322,1.327,1.302,126184.0,,1.9011406844106398,0.5323193916349899,0.007000000000000117,
159610,2026-05-29,1.323,1.301,1.328,1.295,128778.0,,2.496217851739799,-1.5885022692889657,-0.02100000000000013,
159610,2026-06-01,1.301,1.287,1.314,1.286,99280.0,,2.152190622598004,-1.076095311299002,-0.014000000000000012,
159610,2026-06-02,1.287,1.29,1.297,1.266,122272.0,,2.408702408702402,0.23310023310024194,0.0030000000000001137,
159610,2026-06-03,1.29,1.294,1.307,1.286,98163.0,,1.6279069767441787,0.31007751937984523,0.0040000000000000036,
