代码,日期,开盘价,收盘价,最高价,最低价,成交量,成交额,振幅,涨跌幅,涨跌额,换手率
159845,2021-03-31,2.396,2.403,2.411,2.392,1279985,80963777.0,0.79,-0.5,-0.012,7.51
159845,2021-04-01,2.407,2.426,2.43,2.407,879884,56042720.0,0.96,0.96,0.023,5.16
159845,2021-04-02,2.43,2.434,2.445,2.422,629428,40371500.0,0.95,0.33,0.008,3.69
159845,2021-04-06,2.445,2.457,2.464,2.422,635956,41051835.0,1.73,0.94,0.023,3.73
159845,2021-04-07,2.457,2.453,2.457,2.438,402043,25880907.0,0.77,-0.16,-0.004,2.36
159845,2021-04-08,2.457,2.453,2.468,2.441,487412,31490250.0,1.1,0.0,0.0,2.86
159845,2021-04-09,2.457,2.453,2.457,2.441,462566,29827411.0,0.65,0.0,0.0,2.71
159845,2021-04-12,2.464,2.403,2.464,2.396,697597,44483534.0,2.77,-2.04,-0.05,4.09
159845,2021-04-13,2.403,2.384,2.403,2.381,495445,31259474.0,0.92,-0.79,-0.019,2.91
159845,2021-04-14,2.384,2.422,2.422,2.384,670668,42444177.0,1.59,1.59,0.038,3.93
159845,2021-04-15,2.415,2.407,2.415,2.396,567516,35935468.0,0.78,-0.62,-0.015,3.33
159845,2021-04-16,2.407,2.438,2.441,2.407,537989,34442822.0,1.41,1.29,0.031,3.16
159845,2021-04-19,2.434,2.476,2.479,2.434,717947,46681035.0,1.85,1.56,0.038,4.21
159845,2021-04-20,2.472,2.476,2.491,2.445,716010,46800127.0,1.86,0.0,0.0,4.2
159845,2021-04-21,2.472,2.472,2.479,2.449,731939,47593618.0,1.21,-0.16,-0.004,4.29
159845,2021-04-22,2.476,2.476,2.483,2.472,812759,53068654.0,0.44,0.16,0.004,4.77
159845,2021-04-23,2.476,2.476,2.479,2.46,764230,49693615.0,0.77,0.0,0.0,4.48
159845,2021-04-26,2.476,2.468,2.498,2.464,723105,47304503.0,1.37,-0.32,-0.008,4.24
159845,2021-04-27,2.468,2.445,2.468,2.43,782388,50302239.0,1.54,-0.93,-0.023,4.59
159845,2021-04-28,2.445,2.46,2.468,2.441,807076,52285699.0,1.1,0.61,0.015,4.74
159845,2021-04-29,2.457,2.457,2.472,2.453,711249,46124736.0,0.77,-0.12,-0.003,4.17
159845,2021-04-30,2.453,2.449,2.453,2.434,827003,53278452.0,0.77,-0.33,-0.008,4.85
159845,2021-05-06,2.453,2.457,2.46,2.434,780473,50400812.0,1.06,0.33,0.008,4.58
159845,2021-05-07,2.457,2.43,2.46,2.426,703749,45274220.0,1.38,-1.1,-0.027,4.13
159845,2021-05-10,2.43,2.422,2.441,2.419,797727,50978340.0,0.91,-0.33,-0.008,4.68
159845,2021-05-11,2.422,2.438,2.441,2.4,807688,51578122.0,1.69,0.66,0.016,4.74
159845,2021-05-12,2.434,2.468,2.472,2.422,820396,52873015.0,2.05,1.23,0.03,4.81
159845,2021-05-13,2.445,2.453,2.472,2.438,740963,47946344.0,1.38,-0.61,-0.015,4.35
159845,2021-05-14,2.453,2.479,2.487,2.449,857310,55834400.0,1.55,1.06,0.026,5.03
159845,2021-05-17,2.483,2.476,2.495,2.472,899258,58819854.0,0.93,-0.12,-0.003,5.28
159845,2021-05-18,2.479,2.495,2.495,2.472,731086,47883446.0,0.93,0.77,0.019,4.29
159845,2021-05-19,2.495,2.495,2.498,2.476,896855,58910390.0,0.88,0.0,0.0,5.26
159845,2021-05-20,2.498,2.495,2.502,2.479,897323,58858046.0,0.92,0.0,0.0,5.26
159845,2021-05-21,2.498,2.495,2.506,2.491,737925,48526872.0,0.6,0.0,0.0,4.33
159845,2021-05-24,2.487,2.525,2.525,2.487,772735,50980404.0,1.52,1.2,0.03,4.53
159845,2021-05-25,2.525,2.544,2.551,2.521,748996,50063415.0,1.19,0.75,0.019,4.39
159845,2021-05-26,2.548,2.567,2.57,2.544,745427,50350406.0,1.02,0.9,0.023,4.37
159845,2021-05-27,2.567,2.589,2.589,2.559,747748,50875619.0,1.17,0.86,0.022,4.39
159845,2021-05-28,2.593,2.593,2.605,2.578,927347,63300910.0,1.04,0.15,0.004,5.44
159845,2021-05-31,2.593,2.631,2.631,2.593,802192,55265408.0,1.47,1.47,0.038,4.71
159845,2021-06-01,2.631,2.65,2.658,2.616,818111,56786881.0,1.6,0.72,0.019,4.8
159845,2021-06-02,2.65,2.624,2.65,2.616,791870,54861326.0,1.28,-0.98,-0.026,4.65
159845,2021-06-03,2.608,2.624,2.643,2.608,825522,57188974.0,1.33,0.0,0.0,4.84
159845,2021-06-04,2.62,2.635,2.639,2.605,870283,60250426.0,1.3,0.42,0.011,5.11
159845,2021-06-07,2.631,2.665,2.669,2.627,797949,55757024.0,1.59,1.14,0.03,4.68
159845,2021-06-08,2.669,2.646,2.681,2.639,712742,49817980.0,1.58,-0.71,-0.019,4.18
159845,2021-06-09,2.631,2.654,2.654,2.631,744542,51880704.0,0.87,0.3,0.008,4.37
159845,2021-06-10,2.654,2.688,2.688,2.643,750992,52789799.0,1.7,1.28,0.034,4.41
159845,2021-06-11,2.688,2.669,2.692,2.665,708763,49927003.0,1.0,-0.71,-0.019,4.16
159845,2021-06-15,2.669,2.654,2.673,2.643,807924,56500922.0,1.12,-0.56,-0.015,4.74
159845,2021-06-16,2.654,2.601,2.654,2.593,739951,51059394.0,2.3,-2.0,-0.053,4.34
159845,2021-06-17,2.597,2.646,2.65,2.597,808364,55977357.0,2.04,1.73,0.045,4.74
159845,2021-06-18,2.658,2.669,2.673,2.639,768872,53870080.0,1.28,0.87,0.023,4.51
159845,2021-06-21,2.65,2.711,2.715,2.65,674255,47975458.0,2.44,1.57,0.042,3.96
159845,2021-06-22,2.711,2.734,2.81,2.707,715205,51329112.0,3.8,0.85,0.023,4.2
159845,2021-06-23,2.734,2.753,2.757,2.722,660667,47705219.0,1.28,0.69,0.019,3.88
159845,2021-06-24,2.753,2.726,2.757,2.722,739414,53203528.0,1.27,-0.98,-0.027,4.34
159845,2021-06-25,2.726,2.738,2.741,2.711,813770,58483303.0,1.1,0.44,0.012,4.77
159845,2021-06-28,2.749,2.757,2.764,2.734,650318,47160176.0,1.1,0.69,0.019,3.82
159845,2021-06-29,2.753,2.741,2.764,2.734,637695,46121732.0,1.09,-0.58,-0.016,3.74
159845,2021-06-30,2.741,2.768,2.772,2.741,590132,42856212.0,1.13,0.99,0.027,3.46
159845,2021-07-01,2.768,2.726,2.772,2.722,666551,48349921.0,1.81,-1.52,-0.042,3.91
159845,2021-07-02,2.719,2.707,2.722,2.703,556089,39727829.0,0.7,-0.7,-0.019,3.26
159845,2021-07-05,2.703,2.734,2.738,2.703,628388,45082722.0,1.29,1.0,0.027,3.69
159845,2021-07-06,2.734,2.738,2.757,2.7,843769,60710574.0,2.08,0.15,0.004,4.95
159845,2021-07-07,2.726,2.779,2.783,2.715,745577,54002988.0,2.48,1.5,0.041,4.37
159845,2021-07-08,2.791,2.794,2.798,2.783,760299,55881347.0,0.54,0.54,0.015,4.46
159845,2021-07-09,2.794,2.81,2.817,2.753,594534,43504647.0,2.29,0.57,0.016,3.49
159845,2021-07-12,2.798,2.867,2.867,2.798,623728,46795280.0,2.46,2.03,0.057,3.66
159845,2021-07-13,2.859,2.878,2.882,2.851,643681,48594718.0,1.08,0.38,0.011,3.78
159845,2021-07-14,2.878,2.848,2.878,2.844,766541,57720666.0,1.18,-1.04,-0.03,4.5
159845,2021-07-15,2.848,2.836,2.848,2.791,661705,49226334.0,2.0,-0.42,-0.012,3.88
159845,2021-07-16,2.832,2.844,2.87,2.829,751093,56397601.0,1.45,0.28,0.008,4.41
159845,2021-07-19,2.844,2.829,2.851,2.821,659519,49258923.0,1.05,-0.53,-0.015,3.87
159845,2021-07-20,2.825,2.848,2.848,2.81,654484,48849713.0,1.34,0.67,0.019,3.84
159845,2021-07-21,2.848,2.908,2.916,2.848,751849,57353672.0,2.39,2.11,0.06,4.41
159845,2021-07-22,2.897,2.927,2.927,2.889,609732,46729490.0,1.31,0.65,0.019,3.58
159845,2021-07-23,2.924,2.912,2.943,2.893,947811,72867918.0,1.71,-0.51,-0.015,5.56
159845,2021-07-26,2.908,2.882,2.924,2.821,723648,55098762.0,3.54,-1.03,-0.03,4.25
159845,2021-07-27,2.867,2.813,2.905,2.81,775209,58694540.0,3.3,-2.39,-0.069,4.55
159845,2021-07-28,2.76,2.741,2.81,2.669,982490,71060009.0,5.01,-2.56,-0.072,5.76
159845,2021-07-29,2.757,2.836,2.851,2.757,764004,56764154.0,3.43,3.47,0.095,4.48
159845,2021-07-30,2.84,2.867,2.87,2.821,729677,54694059.0,1.73,1.09,0.031,4.28
159845,2021-08-02,2.886,2.927,2.927,2.867,541404,41273818.0,2.09,2.09,0.06,3.18
159845,2021-08-03,2.912,2.889,2.931,2.878,613389,46994094.0,1.81,-1.3,-0.038,3.6
159845,2021-08-04,2.886,2.95,2.95,2.886,653373,50226320.0,2.22,2.11,0.061,3.83
159845,2021-08-05,2.95,2.946,2.958,2.916,592093,45800013.0,1.42,-0.14,-0.004,3.47
159845,2021-08-06,2.946,2.954,2.958,2.927,511668,39654461.0,1.05,0.27,0.008,3.0
159845,2021-08-09,2.946,2.954,2.962,2.916,577068,44681202.0,1.56,0.0,0.0,3.39
159845,2021-08-10,2.946,2.981,2.981,2.946,602049,47068712.0,1.18,0.91,0.027,3.53
159845,2021-08-11,2.984,3.007,3.007,2.962,528425,41560885.0,1.51,0.87,0.026,3.1
159845,2021-08-12,3.007,3.03,3.037,2.996,651953,51868416.0,1.36,0.76,0.023,3.83
159845,2021-08-13,3.03,3.03,3.056,3.007,685100,54713640.0,1.62,0.0,0.0,4.02
159845,2021-08-16,3.03,2.992,3.03,2.981,518153,40947236.0,1.62,-1.25,-0.038,3.04
159845,2021-08-17,2.992,2.924,2.996,2.905,686725,53481174.0,3.04,-2.27,-0.068,4.03
159845,2021-08-18,2.92,2.939,2.954,2.905,729655,56244537.0,1.68,0.51,0.015,4.28
159845,2021-08-19,2.916,2.962,2.977,2.905,657737,50989781.0,2.45,0.78,0.023,3.86
159845,2021-08-20,2.95,2.962,2.973,2.92,630450,48897789.0,1.79,0.0,0.0,3.7
159845,2021-08-23,2.958,3.03,3.037,2.954,469141,37134885.0,2.8,2.3,0.068,2.75
159845,2021-08-24,3.034,3.056,3.064,3.018,656763,52716419.0,1.52,0.86,0.026,3.85
159845,2021-08-25,3.056,3.079,3.079,3.037,507821,40876220.0,1.37,0.75,0.023,2.98
159845,2021-08-26,3.075,3.041,3.079,3.037,629746,50650179.0,1.36,-1.23,-0.038,3.69
159845,2021-08-27,3.022,3.045,3.049,3.003,509968,40714169.0,1.51,0.13,0.004,2.99
159845,2021-08-30,3.053,3.056,3.087,3.045,742230,59907826.0,1.38,0.36,0.011,4.35
159845,2021-08-31,3.053,3.06,3.064,3.03,595512,47821411.0,1.11,0.13,0.004,3.49
159845,2021-09-01,3.06,3.011,3.068,2.969,824074,65538740.0,3.24,-1.6,-0.049,4.83
159845,2021-09-02,3.011,3.049,3.049,2.992,711306,56816258.0,1.89,1.26,0.038,4.17
159845,2021-09-03,3.075,3.015,3.087,2.988,813447,64945379.0,3.25,-1.12,-0.034,4.77
159845,2021-09-06,3.015,3.056,3.056,2.984,718932,57456185.0,2.39,1.36,0.041,4.22
159845,2021-09-07,3.056,3.121,3.125,3.049,576609,47071188.0,2.49,2.13,0.065,3.38
159845,2021-09-08,3.125,3.129,3.136,3.113,563219,46381246.0,0.74,0.26,0.008,3.3
159845,2021-09-09,3.113,3.129,3.14,3.106,474638,38997669.0,1.09,0.0,0.0,2.78
159845,2021-09-10,3.129,3.144,3.148,3.102,528935,43579205.0,1.47,0.48,0.015,3.1
159845,2021-09-13,3.144,3.144,3.155,3.125,525408,43426801.0,0.95,0.0,0.0,3.08
159845,2021-09-14,3.136,3.136,3.189,3.125,856855,71280858.0,2.04,-0.25,-0.008,5.03
159845,2021-09-15,3.132,3.167,3.167,3.117,783048,64972485.0,1.59,0.99,0.031,4.59
159845,2021-09-16,3.167,3.075,3.17,3.068,697059,57159222.0,3.22,-2.9,-0.092,4.09
159845,2021-09-17,3.049,3.068,3.091,3.007,794264,63932451.0,2.73,-0.23,-0.007,4.66
159845,2021-09-22,3.03,3.083,3.087,3.03,1346541,108861161.0,1.86,0.49,0.015,7.9
159845,2021-09-23,3.094,3.102,3.113,3.087,782436,63918430.0,0.84,0.62,0.019,4.59
159845,2021-09-24,3.098,3.053,3.098,3.049,814195,66028920.0,1.58,-1.58,-0.049,4.78
159845,2021-09-27,3.041,2.958,3.064,2.931,1068034,83843630.0,4.36,-3.11,-0.095,6.27
159845,2021-09-28,2.958,2.954,2.973,2.939,812502,63308331.0,1.15,-0.14,-0.004,4.77
159845,2021-09-29,2.935,2.859,2.935,2.851,941712,71687903.0,2.84,-3.22,-0.095,5.53
159845,2021-09-30,2.848,2.935,2.939,2.848,889329,68211331.0,3.18,2.66,0.076,5.22
159845,2021-10-08,2.958,2.943,2.981,2.92,899643,69658923.0,2.08,0.27,0.008,5.28
159845,2021-10-11,2.939,2.924,2.946,2.912,733067,56591831.0,1.16,-0.65,-0.019,4.3
159845,2021-10-12,2.905,2.851,2.92,2.821,936851,70588853.0,3.39,-2.5,-0.073,5.5
159845,2021-10-13,2.848,2.886,2.893,2.832,1412851,106117594.0,2.14,1.23,0.035,8.29
159845,2021-10-14,2.882,2.908,2.916,2.87,589405,44997478.0,1.59,0.76,0.022,3.46
159845,2021-10-15,2.908,2.916,2.924,2.886,623978,47828151.0,1.31,0.28,0.008,3.66
159845,2021-10-18,2.916,2.946,2.946,2.901,566325,43541586.0,1.54,1.03,0.03,3.32
159845,2021-10-19,2.943,2.973,2.977,2.935,568352,44368455.0,1.43,0.92,0.027,3.33
159845,2021-10-20,2.958,2.977,2.996,2.954,543100,42533789.0,1.41,0.13,0.004,3.19
159845,2021-10-21,2.981,2.973,2.992,2.965,472842,37133445.0,0.91,-0.13,-0.004,2.77
159845,2021-10-22,2.973,2.95,2.988,2.946,753949,58867148.0,1.41,-0.77,-0.023,4.42
159845,2021-10-25,2.946,2.988,2.992,2.946,578682,45289276.0,1.56,1.29,0.038,3.4
159845,2021-10-26,2.988,2.981,3.011,2.973,415236,32761094.0,1.27,-0.23,-0.007,2.44
159845,2021-10-27,2.981,2.95,2.981,2.935,631001,48954554.0,1.54,-1.04,-0.031,3.7
159845,2021-10-28,2.946,2.889,2.946,2.874,468006,35812535.0,2.44,-2.07,-0.061,2.75
159845,2021-10-29,2.878,2.927,2.927,2.87,480712,36781285.0,1.97,1.32,0.038,2.82
159845,2021-11-01,2.916,2.954,2.969,2.912,430676,33417879.0,1.95,0.92,0.027,2.53
159845,2021-11-02,2.95,2.924,2.973,2.893,549686,42452415.0,2.71,-1.02,-0.03,3.23
159845,2021-11-03,2.924,2.931,2.935,2.901,426362,32742339.0,1.16,0.24,0.007,2.5
159845,2021-11-04,2.927,2.965,2.965,2.927,298799,23243580.0,1.3,1.16,0.034,1.75
159845,2021-11-05,2.962,2.931,2.969,2.931,574614,44663395.0,1.28,-1.15,-0.034,3.37
159845,2021-11-08,2.931,2.943,2.943,2.912,415246,32020348.0,1.06,0.41,0.012,2.44
159845,2021-11-09,2.943,2.984,2.984,2.943,373895,29175761.0,1.39,1.39,0.041,2.19
159845,2021-11-10,2.984,2.988,2.988,2.943,479846,37475312.0,1.51,0.13,0.004,2.82
159845,2021-11-11,2.984,3.007,3.015,2.981,300155,23715389.0,1.14,0.64,0.019,1.76
159845,2021-11-12,3.007,3.06,3.064,3.007,609381,48841900.0,1.9,1.76,0.053,3.58
159845,2021-11-15,3.075,3.041,3.079,3.041,1079939,86712949.0,1.24,-0.62,-0.019,6.34
159845,2021-11-16,3.049,3.011,3.053,3.007,361486,28881305.0,1.51,-0.99,-0.03,2.12
159845,2021-11-17,3.011,3.075,3.075,3.011,388581,31226049.0,2.13,2.13,0.064,2.28
159845,2021-11-18,3.075,3.068,3.087,3.049,537654,43401220.0,1.24,-0.23,-0.007,3.15
159845,2021-11-19,3.06,3.11,3.11,3.06,729681,59335287.0,1.63,1.37,0.042,4.28
159845,2021-11-22,3.113,3.163,3.163,3.113,805188,66788026.0,1.61,1.7,0.053,4.72
159845,2021-11-23,3.159,3.155,3.167,3.148,458870,38165945.0,0.6,-0.25,-0.008,2.69
159845,2021-11-24,3.151,3.151,3.17,3.144,766979,63694546.0,0.82,-0.13,-0.004,4.5
159845,2021-11-25,3.14,3.144,3.159,3.14,557551,46264717.0,0.6,-0.22,-0.007,3.27
159845,2021-11-26,3.132,3.155,3.159,3.132,625845,51925058.0,0.86,0.35,0.011,3.67
159845,2021-11-29,3.129,3.186,3.186,3.121,699275,58294160.0,2.06,0.98,0.031,4.1
159845,2021-11-30,3.186,3.208,3.216,3.163,696964,58716918.0,1.66,0.69,0.022,4.09
159845,2021-12-01,3.208,3.208,3.212,3.182,614915,51773692.0,0.94,0.0,0.0,3.61
159845,2021-12-02,3.205,3.174,3.205,3.163,644451,53935310.0,1.31,-1.06,-0.034,3.78
159845,2021-12-03,3.174,3.193,3.193,3.163,641356,53725584.0,0.95,0.6,0.019,3.76
159845,2021-12-06,3.189,3.14,3.189,3.136,1033700,86309705.0,1.66,-1.66,-0.053,6.06
159845,2021-12-07,3.163,3.094,3.163,3.072,1062439,86630723.0,2.9,-1.46,-0.046,6.23
159845,2021-12-08,3.106,3.148,3.155,3.102,588782,48623764.0,1.71,1.75,0.054,3.45
159845,2021-12-09,3.144,3.155,3.159,3.14,676408,56119417.0,0.6,0.22,0.007,3.97
159845,2021-12-10,3.151,3.17,3.17,3.14,472716,39339054.0,0.95,0.48,0.015,2.77
159845,2021-12-13,3.17,3.174,3.186,3.155,544552,45433377.0,0.98,0.13,0.004,3.19
159845,2021-12-14,3.17,3.178,3.186,3.163,371144,31016283.0,0.72,0.13,0.004,2.18
159845,2021-12-15,3.174,3.178,3.197,3.163,602906,50565878.0,1.07,0.0,0.0,3.54
159845,2021-12-16,3.178,3.186,3.193,3.17,538616,45162449.0,0.72,0.25,0.008,3.16
159845,2021-12-17,3.178,3.151,3.182,3.151,606527,50513242.0,0.97,-1.1,-0.035,3.56
159845,2021-12-20,3.129,3.102,3.159,3.094,602981,49539556.0,2.06,-1.56,-0.049,3.54
159845,2021-12-21,3.098,3.129,3.132,3.094,651954,53452253.0,1.23,0.87,0.027,3.83
159845,2021-12-22,3.125,3.163,3.17,3.121,909169,75601790.0,1.57,1.09,0.034,5.33
159845,2021-12-23,3.151,3.17,3.174,3.148,835860,69672385.0,0.82,0.22,0.007,4.9
159845,2021-12-24,3.178,3.113,3.178,3.098,1118139,92026500.0,2.52,-1.8,-0.057,6.56
159845,2021-12-27,3.113,3.102,3.125,3.087,416348,34090635.0,1.22,-0.35,-0.011,2.44
159845,2021-12-28,3.102,3.132,3.132,3.102,448653,36801272.0,0.97,0.97,0.03,2.63
159845,2021-12-29,3.136,3.129,3.144,3.125,478598,39501241.0,0.61,-0.1,-0.003,2.81
159845,2021-12-30,3.129,3.159,3.17,3.129,387473,32168118.0,1.31,0.96,0.03,2.27
159845,2021-12-31,3.17,3.193,3.193,3.163,477863,40102022.0,0.95,1.08,0.034,2.8
159845,2022-01-04,3.197,3.186,3.212,3.163,728121,60955480.0,1.53,-0.22,-0.007,4.27
159845,2022-01-05,3.178,3.098,3.178,3.075,1027918,84192565.0,3.23,-2.76,-0.088,6.03
159845,2022-01-06,3.094,3.129,3.132,3.072,1100324,89891825.0,1.94,1.0,0.031,6.46
159845,2022-01-07,3.129,3.064,3.144,3.06,576010,46908873.0,2.68,-2.08,-0.065,3.38
159845,2022-01-10,3.06,3.083,3.094,3.041,560285,45372006.0,1.73,0.62,0.019,3.29
159845,2022-01-11,3.083,3.053,3.098,3.041,544073,43909632.0,1.85,-0.97,-0.03,3.19
159845,2022-01-12,3.045,3.106,3.106,3.045,565592,45939912.0,2.0,1.74,0.053,3.32
159845,2022-01-13,3.106,3.053,3.106,3.045,677698,54821817.0,1.96,-1.71,-0.053,3.98
159845,2022-01-14,3.049,3.049,3.072,3.026,1720313,138693112.0,1.51,-0.13,-0.004,10.09
159845,2022-01-17,3.041,3.11,3.113,3.041,983620,79965795.0,2.36,2.0,0.061,5.77
159845,2022-01-18,3.113,3.091,3.113,3.079,756312,61667090.0,1.09,-0.61,-0.019,4.44
159845,2022-01-19,3.083,3.049,3.083,3.026,846854,68085727.0,1.84,-1.36,-0.042,4.97
159845,2022-01-20,3.037,2.988,3.049,2.981,863417,68519383.0,2.23,-2.0,-0.061,5.07
159845,2022-01-21,2.981,2.943,2.984,2.939,590451,46009159.0,1.51,-1.51,-0.045,3.46
159845,2022-01-24,2.943,2.958,2.973,2.92,460036,35756628.0,1.8,0.51,0.015,2.7
159845,2022-01-25,2.935,2.855,2.962,2.844,629849,48082388.0,3.99,-3.48,-0.103,3.7
159845,2022-01-26,2.848,2.863,2.882,2.821,437088,32871872.0,2.14,0.28,0.008,2.56
159845,2022-01-27,2.859,2.783,2.87,2.779,500770,37238097.0,3.18,-2.79,-0.08,2.94
159845,2022-01-28,2.787,2.791,2.829,2.738,624775,45927505.0,3.27,0.29,0.008,3.67
159845,2022-02-07,2.84,2.821,2.84,2.806,501785,37263104.0,1.22,1.07,0.03,2.94
159845,2022-02-08,2.817,2.832,2.832,2.768,614094,45278059.0,2.27,0.39,0.011,3.6
159845,2022-02-09,2.832,2.874,2.886,2.813,656282,49274624.0,2.58,1.48,0.042,3.85
159845,2022-02-10,2.878,2.867,2.882,2.844,674822,50873493.0,1.32,-0.24,-0.007,3.96
159845,2022-02-11,2.855,2.81,2.855,2.802,588266,43859970.0,1.85,-1.99,-0.057,3.45
159845,2022-02-14,2.783,2.798,2.832,2.779,519952,38479867.0,1.89,-0.43,-0.012,3.05
159845,2022-02-15,2.794,2.84,2.84,2.787,599957,44520522.0,1.89,1.5,0.042,3.52
159845,2022-02-16,2.855,2.863,2.874,2.844,605018,45595184.0,1.06,0.81,0.023,3.55
159845,2022-02-17,2.855,2.878,2.901,2.844,524127,39642874.0,1.99,0.52,0.015,3.08
159845,2022-02-18,2.867,2.893,2.897,2.851,451287,34195909.0,1.6,0.52,0.015,2.65
159845,2022-02-21,2.905,2.931,2.931,2.893,537858,41152255.0,1.31,1.31,0.038,3.16
159845,2022-02-22,2.924,2.908,2.924,2.878,483734,36894696.0,1.57,-0.78,-0.023,2.84
159845,2022-02-23,2.912,2.973,2.973,2.912,393239,30574491.0,2.1,2.24,0.065,2.31
159845,2022-02-24,2.946,2.908,2.984,2.867,598794,46291318.0,3.94,-2.19,-0.065,3.51
159845,2022-02-25,2.935,2.939,2.965,2.931,496403,38562053.0,1.17,1.07,0.031,2.91
159845,2022-02-28,2.935,2.965,2.965,2.908,495737,38295955.0,1.94,0.88,0.026,2.91
159845,2022-03-01,2.981,2.965,2.981,2.943,455848,35494884.0,1.28,0.0,0.0,2.67
159845,2022-03-02,2.939,2.954,2.962,2.927,536064,41603961.0,1.18,-0.37,-0.011,3.15
159845,2022-03-03,2.954,2.931,2.977,2.924,496528,38480290.0,1.79,-0.78,-0.023,2.91
159845,2022-03-04,2.901,2.893,2.935,2.882,540342,41481578.0,1.81,-1.3,-0.038,3.17
159845,2022-03-07,2.878,2.829,2.886,2.813,595494,44773719.0,2.52,-2.21,-0.064,3.49
159845,2022-03-08,2.829,2.749,2.84,2.726,604991,44369659.0,4.03,-2.83,-0.08,3.55
159845,2022-03-09,2.757,2.722,2.764,2.601,627094,44720856.0,5.93,-0.98,-0.027,3.68
159845,2022-03-10,2.791,2.779,2.798,2.745,600429,43879056.0,1.95,2.09,0.057,3.52
159845,2022-03-11,2.73,2.794,2.798,2.707,511091,36977668.0,3.27,0.54,0.015,3.0
159845,2022-03-14,2.768,2.715,2.787,2.711,562005,40788348.0,2.72,-2.83,-0.079,3.3
159845,2022-03-15,2.707,2.589,2.711,2.586,616927,43201581.0,4.6,-4.64,-0.126,3.62
159845,2022-03-16,2.624,2.673,2.677,2.525,591636,40518207.0,5.87,3.24,0.084,3.47
159845,2022-03-17,2.703,2.715,2.764,2.692,878441,63079555.0,2.69,1.57,0.042,5.15
159845,2022-03-18,2.696,2.741,2.745,2.696,512091,36637356.0,1.8,0.96,0.026,3.0
159845,2022-03-21,2.741,2.772,2.779,2.734,703708,51116896.0,1.64,1.13,0.031,4.13
159845,2022-03-22,2.757,2.76,2.783,2.745,578384,42054434.0,1.37,-0.43,-0.012,3.39
159845,2022-03-23,2.772,2.775,2.783,2.749,773050,56435941.0,1.23,0.54,0.015,4.54
159845,2022-03-24,2.764,2.757,2.772,2.73,434937,31496924.0,1.51,-0.65,-0.018,2.55
159845,2022-03-25,2.745,2.722,2.772,2.719,503275,36348074.0,1.92,-1.27,-0.035,2.95
159845,2022-03-28,2.707,2.7,2.726,2.665,439367,31172179.0,2.24,-0.81,-0.022,2.58
159845,2022-03-29,2.703,2.688,2.715,2.673,528285,37470806.0,1.56,-0.44,-0.012,3.1
159845,2022-03-30,2.703,2.734,2.734,2.688,455049,32527449.0,1.71,1.71,0.046,2.67
159845,2022-03-31,2.73,2.7,2.73,2.692,511983,36515061.0,1.39,-1.24,-0.034,3.0
159845,2022-04-01,2.677,2.7,2.707,2.665,453625,32180622.0,1.56,0.0,0.0,2.66
159845,2022-04-06,2.696,2.696,2.7,2.673,424606,30006332.0,1.0,-0.15,-0.004,2.49
159845,2022-04-07,2.692,2.646,2.696,2.643,529805,37190434.0,1.97,-1.85,-0.05,3.11
159845,2022-04-08,2.643,2.631,2.65,2.589,689956,47665206.0,2.31,-0.57,-0.015,4.05
159845,2022-04-11,2.616,2.525,2.616,2.514,455310,30637660.0,3.88,-4.03,-0.106,2.67
159845,2022-04-12,2.525,2.563,2.563,2.498,496125,32997633.0,2.57,1.5,0.038,2.91
159845,2022-04-13,2.563,2.51,2.563,2.506,529520,35258996.0,2.22,-2.07,-0.053,3.11
159845,2022-04-14,2.532,2.529,2.548,2.51,516086,34325572.0,1.51,0.76,0.019,3.03
159845,2022-04-15,2.529,2.502,2.529,2.479,766781,50558694.0,1.98,-1.07,-0.027,4.5
159845,2022-04-18,2.468,2.517,2.525,2.453,735423,48287849.0,2.88,0.6,0.015,4.31
159845,2022-04-19,2.517,2.525,2.54,2.51,606596,40318372.0,1.19,0.32,0.008,3.56
159845,2022-04-20,2.525,2.483,2.529,2.472,614471,40569149.0,2.26,-1.66,-0.042,3.61
159845,2022-04-21,2.479,2.384,2.483,2.373,721458,46314501.0,4.43,-3.99,-0.099,4.23
159845,2022-04-22,2.365,2.354,2.384,2.331,740702,45959143.0,2.22,-1.26,-0.03,4.35
159845,2022-04-25,2.316,2.179,2.316,2.176,923867,54492056.0,5.95,-7.43,-0.175,5.42
159845,2022-04-26,2.16,2.119,2.191,2.103,916646,51838561.0,4.04,-2.75,-0.06,5.38
159845,2022-04-27,2.092,2.214,2.217,2.065,828297,46642888.0,7.17,4.48,0.095,4.86
159845,2022-04-28,2.179,2.187,2.225,2.172,894505,51754690.0,2.39,-1.22,-0.027,5.25
159845,2022-04-29,2.195,2.293,2.297,2.195,854042,50573090.0,4.66,4.85,0.106,5.01
159845,2022-05-05,2.278,2.327,2.35,2.271,589054,36020738.0,3.45,1.48,0.034,3.46
159845,2022-05-06,2.278,2.305,2.32,2.244,770348,46692032.0,3.27,-0.95,-0.022,4.52
159845,2022-05-09,2.312,2.339,2.343,2.301,858209,52593159.0,1.82,1.48,0.034,5.04
159845,2022-05-10,2.32,2.373,2.381,2.293,654299,40411706.0,3.76,1.45,0.034,3.84
159845,2022-05-11,2.369,2.403,2.457,2.365,804269,51435939.0,3.88,1.26,0.03,4.72
159845,2022-05-12,2.392,2.415,2.426,2.377,715398,45348529.0,2.04,0.5,0.012,4.2
159845,2022-05-13,2.453,2.43,2.453,2.396,677309,43062627.0,2.36,0.62,0.015,3.97
159845,2022-05-16,2.43,2.438,2.491,2.419,761063,48727495.0,2.96,0.33,0.008,4.47
159845,2022-05-17,2.438,2.449,2.449,2.403,559145,35806526.0,1.89,0.45,0.011,3.28
159845,2022-05-18,2.449,2.453,2.476,2.43,713315,46112839.0,1.88,0.16,0.004,4.19
159845,2022-05-19,2.43,2.472,2.472,2.403,802202,51500433.0,2.81,0.77,0.019,4.71
159845,2022-05-20,2.472,2.502,2.506,2.464,587544,38475824.0,1.7,1.21,0.03,3.45
159845,2022-05-23,2.514,2.536,2.54,2.502,585506,38855563.0,1.52,1.36,0.034,3.44
159845,2022-05-24,2.536,2.438,2.544,2.434,753989,49460461.0,4.34,-3.86,-0.098,4.42
159845,2022-05-25,2.434,2.476,2.476,2.426,556856,35912955.0,2.05,1.56,0.038,3.27
159845,2022-05-26,2.479,2.487,2.498,2.434,599704,39120199.0,2.58,0.44,0.011,3.52
159845,2022-05-27,2.495,2.483,2.514,2.464,717982,47054204.0,2.01,-0.16,-0.004,4.21
159845,2022-05-30,2.487,2.514,2.514,2.468,648346,42609015.0,1.85,1.25,0.031,3.8
159845,2022-05-31,2.51,2.548,2.551,2.487,745158,49439387.0,2.55,1.35,0.034,4.37
159845,2022-06-01,2.54,2.555,2.567,2.529,1414787,95176116.0,1.49,0.27,0.007,8.3
159845,2022-06-02,2.548,2.582,2.589,2.536,757964,51198943.0,2.07,1.06,0.027,4.45
159845,2022-06-06,2.574,2.643,2.646,2.567,710084,49111273.0,3.06,2.36,0.061,4.17
159845,2022-06-07,2.639,2.639,2.654,2.62,564481,39184005.0,1.29,-0.15,-0.004,3.31
159845,2022-06-08,2.643,2.643,2.669,2.593,708160,49005865.0,2.88,0.15,0.004,4.15
159845,2022-06-09,2.639,2.608,2.639,2.589,718628,49522788.0,1.89,-1.32,-0.035,4.22
159845,2022-06-10,2.612,2.662,2.662,2.582,572037,39709302.0,3.07,2.07,0.054,3.36
159845,2022-06-13,2.639,2.681,2.684,2.639,493889,34712531.0,1.69,0.71,0.019,2.9
159845,2022-06-14,2.639,2.681,2.681,2.593,848016,58786851.0,3.28,0.0,0.0,4.98
159845,2022-06-15,2.681,2.662,2.715,2.662,1018339,72257103.0,1.98,-0.71,-0.019,5.97
159845,2022-06-16,2.662,2.692,2.711,2.662,729800,51744896.0,1.84,1.13,0.03,4.28
159845,2022-06-17,2.684,2.722,2.722,2.658,775660,54989334.0,2.38,1.11,0.03,4.55
159845,2022-06-20,2.734,2.753,2.757,2.719,1086028,78390252.0,1.4,1.14,0.031,6.37
159845,2022-06-21,2.749,2.715,2.753,2.7,1075596,77291233.0,1.93,-1.38,-0.038,6.31
159845,2022-06-22,2.719,2.696,2.738,2.684,765099,54682705.0,1.99,-0.7,-0.019,4.49
159845,2022-06-23,2.696,2.749,2.753,2.673,618355,44327863.0,2.97,1.97,0.053,3.63
159845,2022-06-24,2.749,2.783,2.794,2.749,3633336,266532567.0,1.64,1.24,0.034,21.32
159845,2022-06-27,2.791,2.813,2.821,2.791,1060508,78494025.0,1.08,1.08,0.03,6.22
159845,2022-06-28,2.81,2.848,2.851,2.798,1101982,81845265.0,1.88,1.24,0.035,6.47
159845,2022-06-29,2.848,2.779,2.848,2.775,1507350,111577319.0,2.56,-2.42,-0.069,8.84
159845,2022-06-30,2.783,2.81,2.825,2.783,1438480,106432693.0,1.51,1.12,0.031,8.44
159845,2022-07-01,2.81,2.806,2.832,2.798,1880495,139206428.0,1.21,-0.14,-0.004,11.03
159845,2022-07-04,2.806,2.848,2.848,2.779,1451536,107921716.0,2.46,1.5,0.042,8.52
159845,2022-07-05,2.844,2.829,2.863,2.798,1826373,135838646.0,2.28,-0.67,-0.019,10.72
159845,2022-07-06,2.821,2.794,2.829,2.768,2000683,147615642.0,2.16,-1.24,-0.035,11.74
159845,2022-07-07,2.783,2.825,2.836,2.779,3123216,231021797.0,2.04,1.11,0.031,18.32
159845,2022-07-08,2.821,2.817,2.844,2.81,1892301,140835793.0,1.2,-0.28,-0.008,11.1
159845,2022-07-11,2.817,2.775,2.817,2.749,2210163,160979841.0,2.41,-1.49,-0.042,12.97
159845,2022-07-12,2.772,2.73,2.779,2.722,2625898,189555770.957,2.05,-1.62,-0.045,15.41
159845,2022-07-13,2.715,2.749,2.753,2.707,1843418,132628136.1,1.68,0.7,0.019,10.82
159845,2022-07-14,2.749,2.779,2.794,2.734,1523889,111239488.1,2.18,1.09,0.03,8.94
159845,2022-07-15,2.775,2.76,2.798,2.757,1806221,132229010.99,1.48,-0.68,-0.019,10.6
159845,2022-07-18,2.772,2.794,2.798,2.753,2377830,173754651.0,1.63,1.23,0.034,13.95
159845,2022-07-19,2.81,2.817,2.829,2.783,5086365,376912340.4,1.65,0.82,0.023,29.84
159845,2022-07-20,2.825,2.859,2.859,2.821,6059118,454243200.7,1.35,1.49,0.042,35.55
159845,2022-07-21,2.859,2.84,2.867,2.836,15400308,1158617920.424,1.08,-0.66,-0.019,90.35
159845,2022-07-22,2.844,2.817,2.863,2.791,30052112,2237474830.914,2.54,-0.81,-0.023,176.32
159845,2022-07-25,2.817,2.783,2.84,2.779,20045677,1482473456.226,2.17,-1.21,-0.034,117.61
159845,2022-07-26,2.783,2.821,2.829,2.772,19397664,1430788696.1,2.05,1.37,0.038,113.81
159845,2022-07-27,2.817,2.848,2.855,2.81,16898551,1263307781.3,1.6,0.96,0.027,99.15
159845,2022-07-28,2.863,2.87,2.889,2.851,23404338,1771760416.426,1.33,0.77,0.022,137.32
159845,2022-07-29,2.87,2.859,2.886,2.851,27053316,2042135072.541,1.22,-0.38,-0.011,158.72
159845,2022-08-01,2.851,2.878,2.878,2.825,27924600,2102034766.283,1.85,0.66,0.019,163.84
159845,2022-08-02,2.846,2.807,2.849,2.753,13556790,2834394494.492,3.34,-2.47,-0.071,79.54
159845,2022-08-03,2.802,2.767,2.841,2.765,12469863,2628524899.366,2.71,-1.43,-0.04,73.16
159845,2022-08-04,2.775,2.786,2.797,2.737,14045352,2915292408.767,2.17,0.69,0.019,82.41
159845,2022-08-05,2.778,2.853,2.853,2.778,12489417,2625409746.711,2.69,2.4,0.067,73.28
159845,2022-08-08,2.822,2.873,2.877,2.822,7451562,1593009309.356,1.93,0.7,0.02,43.72
159845,2022-08-09,2.873,2.885,2.888,2.856,5538395,1190001168.836,1.11,0.42,0.012,32.49
159845,2022-08-10,2.877,2.889,2.9,2.874,6296527,1359864343.518,0.9,0.14,0.004,36.94
159845,2022-08-11,2.894,2.928,2.931,2.893,10422236,2271692638.537,1.32,1.35,0.039,61.15
159845,2022-08-12,2.927,2.901,2.935,2.896,9217127,2010818878.605,1.33,-0.92,-0.027,54.08
159845,2022-08-15,2.889,2.917,2.929,2.888,6458424,1408169342.317,1.41,0.55,0.016,37.89
159845,2022-08-16,2.917,2.935,2.955,2.914,8280281,1816984162.539,1.41,0.62,0.018,48.58
159845,2022-08-17,2.94,2.94,2.948,2.917,7505885,1646227857.834,1.06,0.17,0.005,44.04
159845,2022-08-18,2.94,2.949,2.956,2.929,8684133,1909283847.131,0.92,0.31,0.009,50.95
159845,2022-08-19,2.944,2.902,2.96,2.898,7967435,1744816293.831,2.1,-1.59,-0.047,46.75
159845,2022-08-22,2.894,2.92,2.925,2.874,9835547,2137091196.684,1.76,0.62,0.018,57.71
159845,2022-08-23,2.912,2.932,2.932,2.91,10003933,2184326400.687,0.75,0.41,0.012,58.69
159845,2022-08-24,2.932,2.826,2.935,2.817,8862886,1901285184.564,4.02,-3.62,-0.106,52.0
159845,2022-08-25,2.825,2.816,2.832,2.783,7765915,1627639367.617,1.73,-0.35,-0.01,45.56
159845,2022-08-26,2.811,2.805,2.845,2.79,6666653,1407103847.81,1.95,-0.39,-0.011,39.11
159845,2022-08-29,2.763,2.816,2.82,2.755,6855531,1435915777.939,2.32,0.39,0.011,40.22
159845,2022-08-30,2.807,2.802,2.816,2.786,7118734,1491048653.646,1.07,-0.5,-0.014,41.77
159845,2022-08-31,2.79,2.71,2.798,2.699,10176549,2084449089.089,3.53,-3.28,-0.092,59.71
159845,2022-09-01,2.698,2.696,2.734,2.682,8569013,1735908260.963,1.92,-0.52,-0.014,50.28
159845,2022-09-02,2.698,2.714,2.729,2.687,7657683,1550480710.875,1.56,0.67,0.018,44.93
159845,2022-09-05,2.699,2.723,2.743,2.698,8805699,1790869709.639,1.66,0.33,0.009,51.66
159845,2022-09-06,2.723,2.773,2.774,2.715,7361977,1511284948.58,2.17,1.84,0.05,43.19
159845,2022-09-07,2.769,2.789,2.802,2.759,6206277,1292874431.981,1.55,0.58,0.016,36.41
159845,2022-09-08,2.79,2.767,2.798,2.765,6809746,1414371149.265,1.18,-0.79,-0.022,39.95
159845,2022-09-09,2.767,2.774,2.778,2.75,11356994,2349280681.873,1.01,0.25,0.007,66.63
159845,2022-09-13,2.782,2.765,2.791,2.758,6956656,1440714335.949,1.19,-0.32,-0.009,40.82
159845,2022-09-14,2.718,2.735,2.746,2.718,7089192,1448759272.474,1.01,-1.08,-0.03,41.59
159845,2022-09-15,2.739,2.654,2.751,2.62,11939825,2386851710.974,4.79,-2.96,-0.081,70.05
159845,2022-09-16,2.646,2.596,2.656,2.592,8923516,1757274895.916,2.41,-2.19,-0.058,52.35
159845,2022-09-19,2.592,2.567,2.607,2.547,6664277,1283417031.14,2.31,-1.12,-0.029,39.1
159845,2022-09-20,2.575,2.599,2.624,2.573,5209668,1012298253.842,1.99,1.25,0.032,30.57
159845,2022-09-21,2.589,2.597,2.611,2.557,7759147,1500295778.463,2.08,-0.08,-0.002,45.52
159845,2022-09-22,2.589,2.603,2.63,2.577,7555487,1474647969.162,2.04,0.23,0.006,44.33
159845,2022-09-23,2.597,2.548,2.611,2.528,8997091,1724270494.6,3.19,-2.11,-0.055,52.79
159845,2022-09-26,2.529,2.519,2.571,2.515,8991094,1709282910.019,2.2,-1.14,-0.029,52.75
159845,2022-09-27,2.525,2.565,2.569,2.52,9931702,1886516960.151,1.95,1.83,0.046,58.27
159845,2022-09-28,2.557,2.49,2.564,2.49,7694145,1449370261.236,2.88,-2.92,-0.075,45.14
159845,2022-09-29,2.508,2.497,2.529,2.48,10652955,2000336988.871,1.97,0.28,0.007,62.5
159845,2022-09-30,2.497,2.454,2.505,2.452,9287474,1717221309.35,2.12,-1.72,-0.043,54.49
159845,2022-10-10,2.45,2.396,2.465,2.387,7983311,1451670201.393,3.18,-2.36,-0.058,46.84
159845,2022-10-11,2.4,2.408,2.42,2.382,8345040,1498835037.42,1.59,0.5,0.012,48.96
159845,2022-10-12,2.408,2.477,2.48,2.367,10802935,1937945362.739,4.69,2.87,0.069,63.38
159845,2022-10-13,2.462,2.505,2.529,2.462,8797352,1646903934.725,2.7,1.13,0.028,51.61
159845,2022-10-14,2.515,2.573,2.58,2.515,10275480,1962312496.797,2.59,2.71,0.068,60.29
159845,2022-10-17,2.556,2.587,2.597,2.543,7698094,1481520050.123,2.1,0.54,0.014,45.17
159845,2022-10-18,2.592,2.602,2.624,2.577,9279653,1804161371.956,1.82,0.58,0.015,54.44
159845,2022-10-19,2.595,2.589,2.62,2.585,7809373,1519517934.873,1.35,-0.5,-0.013,45.82
159845,2022-10-20,2.588,2.579,2.619,2.535,10487638,2014047854.371,3.24,-0.39,-0.01,61.53
159845,2022-10-21,2.577,2.576,2.596,2.556,8249519,1589164287.178,1.55,-0.12,-0.003,48.4
159845,2022-10-24,2.58,2.561,2.632,2.536,12294974,2382478210.138,3.73,-0.58,-0.015,72.14
159845,2022-10-25,2.549,2.551,2.568,2.501,9440777,1791669755.375,2.62,-0.39,-0.01,55.39
159845,2022-10-26,2.547,2.602,2.63,2.547,12397768,2405400830.001,3.25,2.0,0.051,72.74
159845,2022-10-27,2.608,2.589,2.627,2.584,10693300,2084404221.707,1.65,-0.5,-0.013,62.74
159845,2022-10-28,2.581,2.496,2.587,2.486,11544074,2192756877.381,3.9,-3.59,-0.093,67.73
159845,2022-10-31,2.481,2.519,2.547,2.474,10450368,1967098493.023,2.92,0.92,0.023,61.31
159845,2022-11-01,2.516,2.588,2.588,2.512,11954045,2280292568.252,3.02,2.74,0.069,70.14
159845,2022-11-02,2.587,2.614,2.626,2.577,9395052,1830166074.188,1.89,1.0,0.026,55.12
159845,2022-11-03,2.602,2.63,2.638,2.596,9915686,1943330294.735,1.61,0.61,0.016,58.18
159845,2022-11-04,2.63,2.694,2.698,2.627,11917977,2378328813.843,2.7,2.43,0.064,69.92
159845,2022-11-07,2.692,2.687,2.71,2.666,9606678,1931603271.593,1.63,-0.26,-0.007,56.36
159845,2022-11-08,2.688,2.683,2.688,2.664,8268733,1651703524.636,0.89,-0.15,-0.004,48.51
159845,2022-11-09,2.683,2.675,2.702,2.666,7949390,1592360179.541,1.34,-0.3,-0.008,46.64
159845,2022-11-10,2.667,2.65,2.668,2.639,8643325,1713545100.618,1.08,-0.93,-0.025,50.71
159845,2022-11-11,2.721,2.659,2.729,2.656,13687740,2752432281.726,2.75,0.34,0.009,80.31
159845,2022-11-14,2.67,2.644,2.684,2.63,11345527,2252000209.475,2.03,-0.56,-0.015,66.57
159845,2022-11-15,2.628,2.702,2.702,2.628,8326733,1668962278.107,2.8,2.19,0.058,48.85
159845,2022-11-16,2.703,2.682,2.713,2.679,7996971,1610364600.016,1.26,-0.74,-0.02,46.92
159845,2022-11-17,2.679,2.688,2.691,2.656,7828251,1560266628.381,1.3,0.22,0.006,45.93
159845,2022-11-18,2.688,2.67,2.706,2.662,9442696,1897239594.924,1.64,-0.67,-0.018,55.4
159845,2022-11-21,2.658,2.678,2.682,2.64,8064277,1606772651.31,1.57,0.3,0.008,47.31
159845,2022-11-22,2.671,2.638,2.678,2.623,11635044,2310518272.451,2.05,-1.49,-0.04,68.26
159845,2022-11-23,2.634,2.632,2.643,2.583,7445912,1453792024.947,2.27,-0.23,-0.006,43.69
159845,2022-11-24,2.635,2.639,2.648,2.622,6639086,1307989269.066,0.99,0.27,0.007,38.95
159845,2022-11-25,2.632,2.612,2.636,2.606,6846948,1339913525.926,1.14,-1.02,-0.027,40.17
159845,2022-11-28,2.575,2.602,2.606,2.56,7948900,1540758525.032,1.76,-0.38,-0.01,46.64
159845,2022-11-29,2.611,2.639,2.651,2.604,9365107,1843670739.808,1.81,1.42,0.037,54.95
159845,2022-11-30,2.632,2.635,2.648,2.624,8048773,1587823154.575,0.91,-0.15,-0.004,47.22
159845,2022-12-01,2.666,2.666,2.683,2.655,7875417,1572100760.73,1.06,1.18,0.031,46.21
159845,2022-12-02,2.664,2.671,2.695,2.656,7840280,1569582656.816,1.46,0.19,0.005,46.0
159845,2022-12-05,2.68,2.686,2.692,2.67,8008639,1604910701.147,0.82,0.56,0.015,46.99
159845,2022-12-06,2.682,2.68,2.698,2.664,8486195,1700705952.902,1.27,-0.22,-0.006,49.79
159845,2022-12-07,2.68,2.683,2.696,2.671,7818382,1569055018.4,0.93,0.11,0.003,45.87
159845,2022-12-08,2.674,2.668,2.68,2.659,7468447,1491484735.099,0.78,-0.56,-0.015,43.82
159845,2022-12-09,2.668,2.675,2.683,2.651,6807689,1358454688.962,1.2,0.26,0.007,39.94
159845,2022-12-12,2.668,2.667,2.678,2.65,6019615,1198690137.578,1.05,-0.3,-0.008,35.32
159845,2022-12-13,2.672,2.643,2.672,2.639,5864531,1160952853.348,1.24,-0.9,-0.024,34.41
159845,2022-12-14,2.654,2.63,2.655,2.622,6734649,1328618827.77,1.25,-0.49,-0.013,39.51
159845,2022-12-15,2.619,2.639,2.646,2.619,6072332,1196347672.967,1.03,0.34,0.009,35.63
159845,2022-12-16,2.63,2.615,2.638,2.603,7314220,1429286779.287,1.33,-0.91,-0.024,42.91
159845,2022-12-19,2.608,2.563,2.623,2.551,8205907,1582069637.479,2.75,-1.99,-0.052,48.14
159845,2022-12-20,2.555,2.536,2.561,2.529,9195658,1750590673.586,1.25,-1.05,-0.027,53.95
159845,2022-12-21,2.544,2.523,2.544,2.501,8284754,1561671762.256,1.7,-0.51,-0.013,48.61
159845,2022-12-22,2.528,2.48,2.533,2.469,7098511,1331053577.934,2.54,-1.7,-0.043,41.65
159845,2022-12-23,2.47,2.465,2.485,2.448,8614206,1591312746.31,1.49,-0.6,-0.015,50.54
159845,2022-12-26,2.465,2.511,2.516,2.46,7715001,1442282885.036,2.27,1.87,0.046,45.26
159845,2022-12-27,2.516,2.529,2.531,2.501,5855693,1101693023.224,1.19,0.72,0.018,34.36
159845,2022-12-28,2.516,2.512,2.523,2.503,6071738,1140299807.405,0.79,-0.67,-0.017,35.62
159845,2022-12-29,2.505,2.508,2.529,2.5,6679396,1255600196.579,1.15,-0.16,-0.004,39.19
159845,2022-12-30,2.516,2.513,2.521,2.508,10978658,2065154208.114,0.52,0.2,0.005,64.41
159845,2023-01-03,2.513,2.571,2.575,2.509,9308269,1773492626.412,2.63,2.31,0.058,54.61
159845,2023-01-04,2.569,2.568,2.576,2.552,7164791,1374986205.943,0.93,-0.12,-0.003,42.04
159845,2023-01-05,2.569,2.596,2.596,2.564,6781600,1311117829.231,1.25,1.09,0.028,39.79
159845,2023-01-06,2.596,2.6,2.615,2.591,7017824,1366829394.817,0.92,0.15,0.004,41.17
159845,2023-01-09,2.6,2.611,2.628,2.6,6148827,1202785654.01,1.08,0.42,0.011,36.08
159845,2023-01-10,2.614,2.615,2.619,2.599,5612027,1095901646.553,0.77,0.15,0.004,32.93
159845,2023-01-11,2.608,2.597,2.626,2.592,6148944,1200158832.813,1.3,-0.69,-0.018,36.08
159845,2023-01-12,2.595,2.596,2.616,2.588,6783677,1319408164.714,1.08,-0.04,-0.001,39.8
159845,2023-01-13,2.603,2.614,2.614,2.592,6517338,1266570857.903,0.85,0.69,0.018,38.24
159845,2023-01-16,2.615,2.636,2.655,2.615,8989308,1774829298.114,1.53,0.84,0.022,52.74
159845,2023-01-17,2.635,2.635,2.654,2.634,6552896,1294937236.438,0.76,-0.04,-0.001,38.45
159845,2023-01-18,2.646,2.646,2.659,2.64,6941796,1375354379.709,0.72,0.42,0.011,40.73
159845,2023-01-19,2.646,2.674,2.675,2.634,7734044,1537963895.419,1.55,1.06,0.028,45.38
159845,2023-01-20,2.683,2.698,2.7,2.68,8146764,1639724935.61,0.75,0.9,0.024,47.8
159845,2023-01-30,2.739,2.713,2.751,2.71,9982808,2033669968.593,1.52,0.56,0.015,58.57
159845,2023-01-31,2.713,2.722,2.731,2.703,9680578,1970603795.631,1.03,0.33,0.009,56.8
159845,2023-02-01,2.731,2.765,2.765,2.723,9565446,1961990465.415,1.54,1.58,0.043,56.12
159845,2023-02-02,2.779,2.771,2.791,2.762,12189980,2531145032.491,1.05,0.22,0.006,71.52
159845,2023-02-03,2.766,2.77,2.774,2.73,8093115,1665509797.116,1.59,-0.04,-0.001,47.48
159845,2023-02-06,2.758,2.757,2.77,2.741,8961813,1845929050.871,1.05,-0.47,-0.013,52.58
159845,2023-02-07,2.769,2.769,2.774,2.743,7684717,1583885870.413,1.12,0.44,0.012,45.09
159845,2023-02-08,2.782,2.753,2.782,2.747,5868994,1211484886.675,1.26,-0.58,-0.016,34.43
159845,2023-02-09,2.745,2.802,2.803,2.739,13154147,2738990723.897,2.32,1.78,0.049,77.18
159845,2023-02-10,2.802,2.794,2.807,2.767,10156276,2117233133.973,1.43,-0.29,-0.008,59.59
159845,2023-02-13,2.779,2.825,2.825,2.779,8475893,1780675441.376,1.65,1.11,0.031,49.73
159845,2023-02-14,2.821,2.824,2.828,2.807,6873616,1447547676.894,0.74,-0.04,-0.001,40.33
159845,2023-02-15,2.829,2.825,2.829,2.811,6314280,1331627100.997,0.64,0.04,0.001,37.05
159845,2023-02-16,2.828,2.77,2.841,2.754,9227411,1935630184.317,3.08,-1.95,-0.055,54.14
159845,2023-02-17,2.775,2.746,2.782,2.742,8919271,1840818887.073,1.44,-0.87,-0.024,52.33
159845,2023-02-20,2.745,2.779,2.782,2.726,9638610,1981878662.648,2.04,1.2,0.033,56.55
159845,2023-02-21,2.781,2.791,2.806,2.771,6004998,1252332249.656,1.26,0.43,0.012,35.23
159845,2023-02-22,2.787,2.801,2.806,2.777,4459028,931043396.367,1.04,0.36,0.01,26.16
159845,2023-02-23,2.801,2.786,2.805,2.767,4622133,962991702.256,1.36,-0.54,-0.015,27.12
159845,2023-02-24,2.795,2.777,2.797,2.759,4852093,1007195903.732,1.36,-0.32,-0.009,28.47
159845,2023-02-27,2.769,2.758,2.777,2.746,5902780,1219972085.754,1.12,-0.68,-0.019,34.63
159845,2023-02-28,2.765,2.782,2.785,2.747,5547924,1148677759.745,1.38,0.87,0.024,32.55
159845,2023-03-01,2.782,2.797,2.799,2.769,3675950,1024517542.856,1.08,0.54,0.015,21.57
159845,2023-03-02,2.799,2.79,2.81,2.782,4200805,1172930305.612,1.0,-0.25,-0.007,24.65
159845,2023-03-03,2.799,2.784,2.801,2.765,5103294,1419288762.841,1.29,-0.22,-0.006,29.94
159845,2023-03-06,2.78,2.795,2.804,2.77,3889688,1082921593.925,1.22,0.4,0.011,22.82
159845,2023-03-07,2.797,2.743,2.797,2.743,6185737,1709764525.726,1.93,-1.86,-0.052,36.29
159845,2023-03-08,2.741,2.753,2.76,2.735,4567913,1255662081.691,0.91,0.36,0.01,26.8
159845,2023-03-09,2.752,2.756,2.76,2.738,5484492,1509186112.864,0.8,0.11,0.003,32.18
159845,2023-03-10,2.745,2.722,2.749,2.717,6103948,1667478583.207,1.16,-1.23,-0.034,35.81
159845,2023-03-13,2.715,2.731,2.735,2.699,5285873,1434796317.11,1.32,0.33,0.009,31.01
159845,2023-03-14,2.731,2.705,2.731,2.678,5149093,1392706553.601,1.94,-0.95,-0.026,30.21
159845,2023-03-15,2.718,2.72,2.739,2.713,3893292,1062088542.889,0.96,0.55,0.015,22.84
159845,2023-03-16,2.712,2.679,2.713,2.671,6553619,1766674483.708,1.54,-1.51,-0.041,38.45
159845,2023-03-17,2.701,2.697,2.715,2.683,7151972,1932347051.089,1.19,0.67,0.018,41.96
159845,2023-03-20,2.701,2.69,2.704,2.676,5960409,1604645709.075,1.04,-0.26,-0.007,34.97
159845,2023-03-21,2.697,2.718,2.721,2.692,5533433,1499225023.465,1.08,1.04,0.028,32.47
159845,2023-03-22,2.724,2.733,2.736,2.721,4684829,1278800927.365,0.55,0.55,0.015,27.49
159845,2023-03-23,2.733,2.742,2.743,2.724,4910180,1342273053.736,0.7,0.33,0.009,28.81
159845,2023-03-24,2.743,2.744,2.749,2.733,4606899,1263138875.377,0.58,0.07,0.002,27.03
159845,2023-03-27,2.747,2.751,2.756,2.728,4668055,1281431576.538,1.02,0.26,0.007,27.39
159845,2023-03-28,2.743,2.733,2.748,2.728,6193101,1694607285.976,0.73,-0.65,-0.018,36.34
159845,2023-03-29,2.737,2.725,2.74,2.715,6286441,1712908503.411,0.91,-0.29,-0.008,36.88
159845,2023-03-30,2.723,2.724,2.726,2.702,7131582,1936035944.768,0.88,-0.04,-0.001,41.84
159845,2023-03-31,2.723,2.748,2.749,2.723,5470880,1497844282.828,0.95,0.88,0.024,32.1
159845,2023-04-03,2.755,2.779,2.785,2.753,7135911,1973776475.574,1.16,1.13,0.031,41.87
159845,2023-04-04,2.78,2.78,2.783,2.765,5279464,1465124589.589,0.65,0.04,0.001,30.98
159845,2023-04-06,2.775,2.789,2.792,2.77,4802955,1337110246.177,0.79,0.32,0.009,28.18
159845,2023-04-07,2.794,2.814,2.817,2.79,3703292,1039250750.941,0.97,0.9,0.025,21.73
159845,2023-04-10,2.815,2.789,2.821,2.781,4528316,1266923573.644,1.42,-0.89,-0.025,26.57
159845,2023-04-11,2.78,2.789,2.797,2.778,5796665,1614983281.086,0.68,0.0,0.0,34.01
159845,2023-04-12,2.804,2.805,2.807,2.789,5398598,1511322914.327,0.65,0.57,0.016,31.67
159845,2023-04-13,2.803,2.789,2.806,2.785,4832393,1350961939.618,0.75,-0.57,-0.016,28.35
159845,2023-04-14,2.791,2.803,2.807,2.78,6536440,1827314688.348,0.97,0.5,0.014,38.35
159845,2023-04-17,2.805,2.807,2.809,2.796,4496512,1259922607.557,0.46,0.14,0.004,26.38
159845,2023-04-18,2.805,2.795,2.805,2.784,4371293,1220896315.844,0.75,-0.43,-0.012,25.65
159845,2023-04-19,2.797,2.784,2.802,2.781,3671266,1025587590.745,0.75,-0.39,-0.011,21.54
159845,2023-04-20,2.779,2.785,2.785,2.767,4041144,1121487872.591,0.65,0.04,0.001,23.71
159845,2023-04-21,2.779,2.714,2.782,2.713,6043589,1659445760.073,2.48,-2.55,-0.071,35.46
159845,2023-04-24,2.7,2.692,2.715,2.68,8412611,2267753139.567,1.29,-0.81,-0.022,49.36
159845,2023-04-25,2.692,2.646,2.692,2.609,11546203,3060117099.903,3.08,-1.71,-0.046,67.74
159845,2023-04-26,2.638,2.65,2.664,2.634,9598761,2542763410.167,1.13,0.15,0.004,56.32
159845,2023-04-27,2.643,2.655,2.672,2.64,14627461,3886432676.766,1.21,0.19,0.005,85.82
159845,2023-04-28,2.662,2.694,2.697,2.657,9249412,2477214486.362,1.51,1.47,0.039,54.27
159845,2023-05-04,2.685,2.692,2.697,2.676,5828924,1565623018.072,0.78,-0.07,-0.002,34.2
159845,2023-05-05,2.695,2.662,2.695,2.644,6317573,1678802519.938,1.89,-1.11,-0.03,37.07
159845,2023-05-08,2.668,2.679,2.687,2.663,5949049,1591043632.836,0.9,0.64,0.017,34.9
159845,2023-05-09,2.686,2.647,2.686,2.646,6455947,1721613106.328,1.49,-1.19,-0.032,37.88
159845,2023-05-10,2.638,2.652,2.662,2.634,8123962,2150063994.442,1.06,0.19,0.005,47.66
159845,2023-05-11,2.652,2.647,2.662,2.645,5519413,1463627552.339,0.64,-0.19,-0.005,32.38
159845,2023-05-12,2.649,2.617,2.657,2.613,5943284,1563775554.899,1.66,-1.13,-0.03,34.87
159845,2023-05-15,2.618,2.632,2.636,2.588,5442329,1419521075.811,1.83,0.57,0.015,31.93
159845,2023-05-16,2.64,2.607,2.64,2.599,6164790,1611146988.035,1.56,-0.95,-0.025,36.17
159845,2023-05-17,2.603,2.62,2.626,2.603,5828403,1524327970.898,0.88,0.5,0.013,34.2
159845,2023-05-18,2.618,2.634,2.638,2.618,6056785,1593019728.643,0.76,0.53,0.014,35.54
159845,2023-05-19,2.629,2.647,2.654,2.617,5605759,1478600644.164,1.4,0.49,0.013,32.89
159845,2023-05-22,2.638,2.641,2.65,2.622,4914295,1295755029.144,1.06,-0.23,-0.006,28.83
159845,2023-05-23,2.642,2.62,2.647,2.616,5686573,1496977176.348,1.17,-0.8,-0.021,33.36
159845,2023-05-24,2.608,2.612,2.632,2.597,6491634,1696768675.437,1.34,-0.31,-0.008,38.09
159845,2023-05-25,2.608,2.606,2.625,2.571,6940782,1803926165.454,2.07,-0.23,-0.006,40.72
159845,2023-05-26,2.608,2.626,2.631,2.583,6933296,1806305037.447,1.84,0.77,0.02,40.68
159845,2023-05-29,2.626,2.619,2.64,2.609,6366318,1670930425.158,1.18,-0.27,-0.007,37.35
159845,2023-05-30,2.624,2.633,2.636,2.592,8020507,2096719640.059,1.68,0.53,0.014,47.06
159845,2023-05-31,2.63,2.632,2.64,2.613,6538967,1717391513.033,1.03,-0.04,-0.001,38.36
159845,2023-06-01,2.617,2.639,2.655,2.615,7609876,2010311250.624,1.52,0.27,0.007,44.65
159845,2023-06-02,2.644,2.658,2.665,2.643,5363513,1425289058.117,0.83,0.72,0.019,31.47
159845,2023-06-05,2.665,2.659,2.666,2.651,5115850,1360119380.706,0.56,0.04,0.001,30.02
159845,2023-06-06,2.659,2.603,2.659,2.596,5117703,1347643636.962,2.37,-2.11,-0.056,30.03
159845,2023-06-07,2.605,2.602,2.617,2.597,4314594,1124777925.315,0.77,-0.04,-0.001,25.31
159845,2023-06-08,2.604,2.59,2.605,2.57,5774867,1493508772.966,1.35,-0.46,-0.012,33.88
159845,2023-06-09,2.593,2.61,2.611,2.582,4912139,1274653988.549,1.12,0.77,0.02,28.82
159845,2023-06-12,2.61,2.623,2.631,2.603,6795999,1781024914.722,1.07,0.5,0.013,39.87
159845,2023-06-13,2.623,2.631,2.635,2.617,4422244,1162434540.22,0.69,0.3,0.008,25.95
159845,2023-06-14,2.633,2.64,2.646,2.628,4791798,1263712485.846,0.68,0.34,0.009,28.11
159845,2023-06-15,2.639,2.655,2.663,2.639,5442221,1443114809.878,0.91,0.57,0.015,31.93
159845,2023-06-16,2.661,2.679,2.684,2.655,5309209,1419681508.844,1.09,0.9,0.024,31.15
159845,2023-06-19,2.682,2.688,2.693,2.679,8624389,2317133226.933,0.52,0.34,0.009,50.6
159845,2023-06-20,2.692,2.688,2.699,2.68,6220407,1672919185.612,0.71,0.0,0.0,36.5
159845,2023-06-21,2.679,2.637,2.688,2.637,7656432,2034535053.482,1.9,-1.9,-0.051,44.92
159845,2023-06-26,2.623,2.587,2.631,2.579,11441368,2976323067.183,1.97,-1.9,-0.05,67.13
159845,2023-06-27,2.58,2.616,2.621,2.58,5442238,1419082668.787,1.58,1.12,0.029,31.93
159845,2023-06-28,2.61,2.607,2.613,2.564,9141750,2365778404.368,1.87,-0.34,-0.009,53.64
159845,2023-06-29,2.602,2.623,2.63,2.601,9358471,2448429531.378,1.11,0.61,0.016,54.91
159845,2023-06-30,2.628,2.658,2.665,2.618,6633245,1755835532.105,1.79,1.33,0.035,38.92
159845,2023-07-03,2.66,2.656,2.675,2.645,4524642,1202514362.227,1.13,-0.08,-0.002,26.55
159845,2023-07-04,2.658,2.667,2.67,2.657,4629379,1233431449.605,0.49,0.41,0.011,27.16
159845,2023-07-05,2.667,2.651,2.67,2.645,4385173,1166957735.016,0.94,-0.6,-0.016,25.73
159845,2023-07-06,2.649,2.643,2.667,2.637,5461867,1447604159.455,1.13,-0.3,-0.008,32.05
159845,2023-07-07,2.639,2.627,2.641,2.612,4767081,1250915133.72,1.1,-0.61,-0.016,27.97
159845,2023-07-10,2.632,2.629,2.648,2.618,4890898,1286384601.099,1.14,0.08,0.002,28.7
159845,2023-07-11,2.632,2.65,2.652,2.624,5517360,1456657134.529,1.07,0.8,0.021,32.37
159845,2023-07-12,2.647,2.613,2.65,2.61,6484739,1704435067.804,1.51,-1.4,-0.037,38.05
159845,2023-07-13,2.621,2.636,2.642,2.619,7213338,1897872127.815,0.88,0.88,0.023,42.32
159845,2023-07-14,2.636,2.635,2.646,2.634,4005958,1057645473.279,0.46,-0.04,-0.001,23.5
159845,2023-07-17,2.635,2.626,2.635,2.609,6205670,1624237556.904,0.99,-0.34,-0.009,36.41
159845,2023-07-18,2.629,2.628,2.634,2.613,5185761,1359724915.203,0.8,0.08,0.002,30.43
159845,2023-07-19,2.621,2.617,2.631,2.604,4876545,1275568221.485,1.03,-0.42,-0.011,28.61
159845,2023-07-20,2.62,2.586,2.627,2.581,10935774,2849012404.33,1.76,-1.18,-0.031,64.16
159845,2023-07-21,2.586,2.582,2.6,2.572,9081008,2347749701.809,1.08,-0.15,-0.004,53.28
159845,2023-07-24,2.575,2.576,2.597,2.569,6294360,1626101069.538,1.08,-0.23,-0.006,36.93
159845,2023-07-25,2.593,2.615,2.622,2.593,7987374,2085924767.838,1.13,1.51,0.039,46.86
159845,2023-07-26,2.617,2.603,2.617,2.597,7228941,1883598402.712,0.76,-0.46,-0.012,42.41
159845,2023-07-27,2.607,2.586,2.612,2.58,6947599,1801740836.364,1.23,-0.65,-0.017,40.76
159845,2023-07-28,2.577,2.606,2.611,2.57,7430245,1925811522.198,1.59,0.77,0.02,43.59
159845,2023-07-31,2.609,2.621,2.643,2.609,6623347,1742377826.353,1.3,0.58,0.015,38.86
159845,2023-08-01,2.622,2.62,2.63,2.613,5313295,1393153071.8,0.65,-0.04,-0.001,31.17
159845,2023-08-02,2.62,2.615,2.624,2.606,6262866,1636860858.584,0.69,-0.19,-0.005,36.74
159845,2023-08-03,2.612,2.617,2.617,2.601,6089709,1590163656.925,0.61,0.08,0.002,35.73
159845,2023-08-04,2.626,2.632,2.646,2.619,5434773,1431150821.284,1.03,0.57,0.015,31.89
159845,2023-08-07,2.63,2.622,2.635,2.616,6258867,1641435175.591,0.72,-0.38,-0.01,36.72
159845,2023-08-08,2.62,2.61,2.621,2.598,5276439,1376166826.499,0.88,-0.46,-0.012,30.96
159845,2023-08-09,2.602,2.59,2.607,2.585,7793832,2022209529.079,0.84,-0.77,-0.02,45.73
159845,2023-08-10,2.59,2.587,2.596,2.575,4907256,1269080958.92,0.81,-0.12,-0.003,28.79
159845,2023-08-11,2.588,2.542,2.591,2.54,7162611,1834326410.414,1.97,-1.74,-0.045,42.02
159845,2023-08-14,2.531,2.548,2.549,2.503,5524890,1394336337.416,1.81,0.24,0.006,32.41
159845,2023-08-15,2.541,2.525,2.552,2.5,6988100,1762881099.017,2.04,-0.9,-0.023,41.0
159845,2023-08-16,2.515,2.495,2.522,2.495,7079307,1775319659.63,1.07,-1.19,-0.03,41.53
159845,2023-08-17,2.49,2.516,2.522,2.47,7253776,1814752678.575,2.08,0.84,0.021,42.56
159845,2023-08-18,2.516,2.465,2.525,2.465,7282822,1815214354.725,2.38,-2.03,-0.051,42.73
159845,2023-08-21,2.458,2.441,2.482,2.439,6848999,1686897921.681,1.74,-0.97,-0.024,40.18
159845,2023-08-22,2.451,2.457,2.46,2.41,8813286,2149991436.188,2.05,0.66,0.016,51.71
159845,2023-08-23,2.44,2.409,2.447,2.404,8543266,2073652910.208,1.75,-1.95,-0.048,50.12
159845,2023-08-24,2.409,2.419,2.439,2.397,7112098,1717584853.552,1.74,0.42,0.01,41.73
159845,2023-08-25,2.4,2.374,2.412,2.359,7387609,1764100248.137,2.19,-1.86,-0.045,43.34
159845,2023-08-28,2.5,2.384,2.573,2.378,12558416,3048737828.006,8.21,0.42,0.01,73.68
159845,2023-08-29,2.37,2.458,2.471,2.37,10265907,2500886183.989,4.24,3.1,0.074,60.23
159845,2023-08-30,2.468,2.472,2.496,2.459,7779586,1927307773.818,1.51,0.57,0.014,45.64
159845,2023-08-31,2.464,2.463,2.474,2.453,6091936,1499743323.154,0.85,-0.36,-0.009,35.74
159845,2023-09-01,2.472,2.462,2.479,2.455,6320280,1556735805.3,0.97,-0.04,-0.001,37.08
159845,2023-09-04,2.472,2.498,2.499,2.461,7937476,1970307024.39,1.54,1.46,0.036,46.57
159845,2023-09-05,2.494,2.486,2.504,2.479,6231511,1550719357.04,1.0,-0.48,-0.012,36.56
159845,2023-09-06,2.475,2.495,2.504,2.463,5845559,1452094074.413,1.65,0.36,0.009,34.3
159845,2023-09-07,2.493,2.454,2.493,2.451,5756167,1422193936.697,1.68,-1.64,-0.041,33.77
159845,2023-09-08,2.439,2.46,2.469,2.439,7183644,1765171607.47,1.22,0.24,0.006,42.15
159845,2023-09-11,2.458,2.489,2.501,2.45,5343459,1325264799.34,2.07,1.18,0.029,31.35
159845,2023-09-12,2.494,2.493,2.503,2.486,3736901,931993375.454,0.68,0.16,0.004,21.92
159845,2023-09-13,2.493,2.462,2.494,2.44,6002067,1476127584.64,2.17,-1.24,-0.031,35.21
159845,2023-09-14,2.458,2.449,2.462,2.435,6028979,1475501704.806,1.1,-0.53,-0.013,35.37
159845,2023-09-15,2.448,2.449,2.469,2.437,5297550,1297158953.466,1.31,0.0,0.0,31.08
159845,2023-09-18,2.45,2.455,2.465,2.434,6363937,1561126440.556,1.27,0.24,0.006,37.34
159845,2023-09-19,2.451,2.435,2.452,2.426,5811591,1413651714.605,1.06,-0.81,-0.02,34.1
159845,2023-09-20,2.43,2.414,2.437,2.414,5265536,1277239442.714,0.94,-0.86,-0.021,30.89
159845,2023-09-21,2.411,2.395,2.421,2.391,4159396,999623864.761,1.24,-0.79,-0.019,24.4
159845,2023-09-22,2.393,2.444,2.444,2.389,8543873,2069456772.361,2.3,2.05,0.049,50.13
159845,2023-09-25,2.443,2.431,2.445,2.424,5319180,1292829857.317,0.86,-0.53,-0.013,31.21
159845,2023-09-26,2.43,2.423,2.434,2.42,4348267,1054700522.778,0.58,-0.33,-0.008,25.51
159845,2023-09-27,2.426,2.437,2.448,2.416,6059331,1476900421.27,1.32,0.58,0.014,35.55
159845,2023-09-28,2.44,2.453,2.453,2.436,6292076,1538224775.968,0.7,0.66,0.016,36.92
159845,2023-10-09,2.453,2.443,2.455,2.427,5810245,1417431899.193,1.14,-0.41,-0.01,34.09
159845,2023-10-10,2.451,2.435,2.457,2.432,5597546,1365345725.567,1.02,-0.33,-0.008,32.84
159845,2023-10-11,2.441,2.449,2.464,2.433,8462556,2070881320.559,1.27,0.57,0.014,49.65
159845,2023-10-12,2.454,2.461,2.461,2.442,5829744,1429936533.214,0.78,0.49,0.012,34.2
159845,2023-10-13,2.444,2.453,2.454,2.444,4900875,1200649260.315,0.41,-0.33,-0.008,28.75
159845,2023-10-16,2.456,2.429,2.457,2.419,5758791,1399421766.948,1.55,-0.98,-0.024,33.79
159845,2023-10-17,2.429,2.422,2.429,2.405,5280718,1274937004.491,0.99,-0.29,-0.007,30.98
159845,2023-10-18,2.421,2.38,2.421,2.378,6910214,1650601020.402,1.78,-1.73,-0.042,40.54
159845,2023-10-19,2.371,2.356,2.389,2.352,6919378,1640907712.366,1.55,-1.01,-0.024,40.6
159845,2023-10-20,2.345,2.33,2.362,2.322,6032945,1411438278.983,1.7,-1.1,-0.026,35.4
159845,2023-10-23,2.325,2.268,2.325,2.26,8176682,1870010017.39,2.79,-2.66,-0.062,47.97
159845,2023-10-24,2.276,2.302,2.314,2.265,7547845,1729288253.494,2.16,1.5,0.034,44.28
159845,2023-10-25,2.317,2.324,2.343,2.317,5108326,1190573632.082,1.13,0.96,0.022,29.97
159845,2023-10-26,2.313,2.339,2.348,2.301,4699488,1090544246.072,2.02,0.65,0.015,27.57
159845,2023-10-27,2.335,2.387,2.396,2.324,4007535,947452523.474,3.08,2.05,0.048,23.51
159845,2023-10-30,2.379,2.418,2.426,2.375,4256701,1023565109.654,2.14,1.3,0.031,24.97
159845,2023-10-31,2.417,2.403,2.421,2.393,4063710,977699448.291,1.16,-0.62,-0.015,23.84
159845,2023-11-01,2.411,2.402,2.414,2.392,3195100,766867988.428,0.92,-0.04,-0.001,18.75
159845,2023-11-02,2.401,2.375,2.415,2.374,3993981,954172672.932,1.71,-1.12,-0.027,23.43
159845,2023-11-03,2.375,2.406,2.416,2.375,6376314,1533196255.317,1.73,1.31,0.031,37.41
159845,2023-11-06,2.414,2.457,2.458,2.414,6709235,1639681877.607,1.83,2.12,0.051,39.36
159845,2023-11-07,2.446,2.461,2.473,2.445,5040270,1238030168.627,1.14,0.16,0.004,29.57
159845,2023-11-08,2.46,2.47,2.48,2.455,4702923,1161491823.991,1.02,0.37,0.009,27.59
159845,2023-11-09,2.47,2.455,2.483,2.451,4579996,1127496498.975,1.3,-0.61,-0.015,26.87
159845,2023-11-10,2.451,2.452,2.457,2.438,3767942,922700605.865,0.77,-0.12,-0.003,22.11
159845,2023-11-13,2.46,2.478,2.478,2.454,3251121,801007954.926,0.98,1.06,0.026,19.07
159845,2023-11-14,2.48,2.493,2.495,2.47,3907624,971090228.343,1.01,0.61,0.015,22.93
159845,2023-11-15,2.527,2.505,2.527,2.491,3786181,946733689.597,1.44,0.48,0.012,22.21
159845,2023-11-16,2.503,2.473,2.503,2.473,3886700,965626893.906,1.2,-1.28,-0.032,22.8
159845,2023-11-17,2.471,2.498,2.5,2.468,3309617,821011727.818,1.29,1.01,0.025,19.42
159845,2023-11-20,2.5,2.52,2.522,2.488,3149750,788761012.105,1.36,0.88,0.022,18.48
159845,2023-11-21,2.525,2.502,2.528,2.497,2800541,704200282.542,1.23,-0.71,-0.018,16.43
159845,2023-11-22,2.49,2.472,2.508,2.47,3154895,785355863.979,1.52,-1.2,-0.03,18.51
159845,2023-11-23,2.463,2.498,2.499,2.459,3709730,920889613.255,1.62,1.05,0.026,21.77
159845,2023-11-24,2.496,2.466,2.497,2.456,3922344,969299592.021,1.64,-1.28,-0.032,23.01
159845,2023-11-27,2.466,2.462,2.47,2.447,2902983,713022332.693,0.93,-0.16,-0.004,17.03
159845,2023-11-28,2.457,2.474,2.477,2.44,3065984,755357739.255,1.5,0.49,0.012,17.99
159845,2023-11-29,2.472,2.462,2.478,2.457,2620091,647005157.1,0.85,-0.49,-0.012,15.37
159845,2023-11-30,2.461,2.447,2.463,2.428,3787007,925247690.738,1.42,-0.61,-0.015,22.22
159845,2023-12-01,2.447,2.469,2.476,2.439,2661776,652657703.307,1.51,0.9,0.022,15.62
159845,2023-12-04,2.469,2.461,2.477,2.459,2785904,687369786.57,0.73,-0.32,-0.008,16.35
159845,2023-12-05,2.459,2.417,2.459,2.415,2420249,589576026.396,1.79,-1.79,-0.044,14.2
159845,2023-12-06,2.412,2.426,2.445,2.406,2465276,597727131.296,1.61,0.37,0.009,14.46
159845,2023-12-07,2.423,2.429,2.437,2.407,4060053,983619722.04,1.24,0.12,0.003,23.82
159845,2023-12-08,2.428,2.423,2.442,2.419,3029308,735591168.453,0.95,-0.25,-0.006,17.77
159845,2023-12-11,2.409,2.448,2.455,2.394,3904514,947001601.296,2.52,1.03,0.025,22.91
159845,2023-12-12,2.448,2.451,2.453,2.44,3474622,850111514.344,0.53,0.12,0.003,20.39
159845,2023-12-13,2.452,2.429,2.452,2.425,2852492,696430780.482,1.1,-0.9,-0.022,16.74
159845,2023-12-14,2.437,2.417,2.451,2.414,3981241,969124803.74,1.52,-0.49,-0.012,23.36
159845,2023-12-15,2.427,2.399,2.43,2.391,4219140,1015137369.574,1.61,-0.74,-0.018,24.75
159845,2023-12-18,2.389,2.363,2.397,2.357,2492880,593129103.653,1.67,-1.5,-0.036,14.63
159845,2023-12-19,2.363,2.367,2.375,2.348,3038965,717225503.891,1.14,0.17,0.004,17.83
159845,2023-12-20,2.361,2.327,2.373,2.325,2946236,690230501.313,2.03,-1.69,-0.04,17.29
159845,2023-12-21,2.318,2.336,2.347,2.293,3434801,797114909.583,2.32,0.39,0.009,20.15
159845,2023-12-22,2.331,2.315,2.348,2.304,4089906,950155438.882,1.88,-0.9,-0.021,24.0
159845,2023-12-25,2.314,2.311,2.323,2.297,3044341,702485553.953,1.12,-0.17,-0.004,17.86
159845,2023-12-26,2.312,2.282,2.313,2.273,2777339,634616989.76,1.73,-1.25,-0.029,16.29
159845,2023-12-27,2.283,2.298,2.301,2.27,3365668,768989757.437,1.36,0.7,0.016,19.75
159845,2023-12-28,2.296,2.343,2.349,2.281,5096211,1183615283.694,2.96,1.96,0.045,29.9
159845,2023-12-29,2.348,2.374,2.377,2.34,3689357,872399300.687,1.58,1.32,0.031,21.65
159845,2024-01-02,2.373,2.36,2.379,2.358,4093212,968603431.625,0.88,-0.59,-0.014,24.02
159845,2024-01-03,2.351,2.344,2.362,2.33,4101308,961018699.443,1.36,-0.68,-0.016,24.06
159845,2024-01-04,2.345,2.333,2.345,2.317,3171429,738279509.523,1.19,-0.47,-0.011,18.61
159845,2024-01-05,2.329,2.289,2.335,2.281,3187942,736783686.702,2.31,-1.89,-0.044,18.7
159845,2024-01-08,2.279,2.234,2.282,2.232,3778016,850939461.493,2.18,-2.4,-0.055,22.17
159845,2024-01-09,2.234,2.235,2.258,2.22,2836031,635427182.117,1.7,0.04,0.001,16.64
159845,2024-01-10,2.227,2.218,2.252,2.199,2647395,588900708.601,2.37,-0.76,-0.017,15.53
159845,2024-01-11,2.217,2.26,2.274,2.213,3617697,813406834.36,2.75,1.89,0.042,21.23
159845,2024-01-12,2.258,2.245,2.276,2.245,3714838,839104004.27,1.37,-0.66,-0.015,21.8
159845,2024-01-15,2.234,2.239,2.261,2.223,2730124,611772676.594,1.69,-0.27,-0.006,16.02
159845,2024-01-16,2.234,2.235,2.243,2.2,2767222,614917734.031,1.92,-0.18,-0.004,16.24
159845,2024-01-17,2.223,2.17,2.226,2.17,3094011,682561865.673,2.51,-2.91,-0.065,18.15
159845,2024-01-18,2.165,2.178,2.18,2.1,3712843,792658382.598,3.69,0.37,0.008,21.78
159845,2024-01-19,2.151,2.137,2.174,2.136,2436621,525535314.033,1.74,-1.88,-0.041,14.3
159845,2024-01-22,2.135,2.02,2.137,2.0,2487714,514942624.632,6.41,-5.47,-0.117,14.6
159845,2024-01-23,2.004,2.043,2.057,1.987,3522022,714537458.724,3.47,1.14,0.023,20.66
159845,2024-01-24,2.051,2.075,2.079,1.994,2217599,452326337.329,4.16,1.57,0.032,13.01
159845,2024-01-25,2.065,2.146,2.147,2.058,3528703,745606061.8,4.29,3.42,0.071,20.7
159845,2024-01-26,2.143,2.119,2.155,2.115,2932976,627971402.877,1.86,-1.26,-0.027,17.21
159845,2024-01-29,2.12,2.067,2.137,2.067,2709908,566821650.862,3.3,-2.45,-0.052,15.9
159845,2024-01-30,2.052,2.012,2.075,2.004,2297817,470025404.519,3.43,-2.66,-0.055,13.48
159845,2024-01-31,2.0,1.929,2.011,1.926,1920974,377657507.447,4.22,-4.13,-0.083,11.27
159845,2024-02-01,1.921,1.915,1.96,1.889,2815369,541925829.287,3.68,-0.73,-0.014,16.52
159845,2024-02-02,1.919,1.837,1.935,1.785,2877343,540186487.667,7.83,-4.07,-0.078,16.88
159845,2024-02-05,1.82,1.739,1.823,1.681,5301096,929403249.298,7.73,-5.33,-0.098,31.1
159845,2024-02-06,1.7,1.858,1.877,1.687,24225634,4268183736.288,10.93,6.84,0.119,142.13
159845,2024-02-07,1.854,1.939,1.96,1.854,16737505,3223023628.172,5.71,4.36,0.081,98.2
159845,2024-02-08,1.95,2.019,2.046,1.94,8778682,1766672858.706,5.47,4.13,0.08,51.51
159845,2024-02-19,2.034,2.018,2.047,1.992,13694162,2762247022.268,2.72,-0.05,-0.001,80.34
159845,2024-02-20,2.017,2.025,2.037,1.991,6259379,1259458128.293,2.28,0.35,0.007,36.72
159845,2024-02-21,2.014,2.036,2.1,2.0,5940486,1222502882.307,4.94,0.54,0.011,34.85
159845,2024-02-22,2.036,2.075,2.078,2.02,4037715,830266180.693,2.85,1.92,0.039,23.69
159845,2024-02-23,2.084,2.11,2.11,2.056,3873714,805716702.333,2.6,1.69,0.035,22.73
159845,2024-02-26,2.107,2.112,2.145,2.092,3038612,643257732.549,2.51,0.09,0.002,17.83
159845,2024-02-27,2.105,2.174,2.174,2.098,4186002,896620267.886,3.6,2.94,0.062,24.56
159845,2024-02-28,2.175,2.072,2.206,2.072,7663101,1633141650.565,6.16,-4.69,-0.102,44.96
159845,2024-02-29,2.057,2.154,2.154,2.056,4903568,1040986354.934,4.73,3.96,0.082,28.77
159845,2024-03-01,2.151,2.177,2.181,2.139,4094717,884137486.921,1.95,1.07,0.023,24.02
159845,2024-03-04,2.179,2.179,2.188,2.143,3673423,796427951.103,2.07,0.09,0.002,21.55
159845,2024-03-05,2.17,2.168,2.179,2.148,10718600,2323316166.259,1.42,-0.5,-0.011,62.89
159845,2024-03-06,2.151,2.165,2.187,2.137,2532899,548893076.128,2.31,-0.14,-0.003,14.86
159845,2024-03-07,2.164,2.132,2.189,2.131,2740611,591857084.417,2.68,-1.52,-0.033,16.08
159845,2024-03-08,2.135,2.158,2.17,2.124,2352589,504927416.808,2.16,1.22,0.026,13.8
159845,2024-03-11,2.159,2.203,2.203,2.15,3163052,687345702.795,2.46,2.09,0.045,18.56
159845,2024-03-12,2.202,2.21,2.226,2.189,3053079,673500167.361,1.68,0.32,0.007,17.91
159845,2024-03-13,2.201,2.219,2.241,2.2,2196706,487819732.548,1.86,0.41,0.009,12.89
159845,2024-03-14,2.21,2.208,2.232,2.187,2187622,483730126.009,2.03,-0.5,-0.011,12.83
159845,2024-03-15,2.2,2.242,2.242,2.195,2982735,660495522.258,2.13,1.54,0.034,17.5
159845,2024-03-18,2.247,2.275,2.277,2.235,3232389,730274091.462,1.87,1.47,0.033,18.96
159845,2024-03-19,2.276,2.254,2.278,2.254,2835497,642436863.816,1.05,-0.92,-0.021,16.64
159845,2024-03-20,2.252,2.278,2.282,2.25,3699075,838730046.919,1.42,1.06,0.024,21.7
159845,2024-03-21,2.279,2.277,2.293,2.262,2594458,590763421.448,1.36,-0.04,-0.001,15.22
159845,2024-03-22,2.269,2.252,2.275,2.232,3057038,687921442.14,1.89,-1.1,-0.025,17.94
159845,2024-03-25,2.252,2.197,2.257,2.197,3498422,781476873.897,2.66,-2.44,-0.055,20.53
159845,2024-03-26,2.193,2.191,2.213,2.168,2410513,528131662.595,2.05,-0.27,-0.006,14.14
159845,2024-03-27,2.181,2.117,2.191,2.117,3914860,842421697.426,3.38,-3.38,-0.074,22.97
159845,2024-03-28,2.117,2.166,2.188,2.117,3871148,838575494.473,3.35,2.31,0.049,22.71
159845,2024-03-29,2.166,2.188,2.191,2.149,3741758,811884744.739,1.94,1.02,0.022,21.95
159845,2024-04-01,2.193,2.237,2.24,2.192,4490481,999531626.97,2.19,2.24,0.049,26.35
159845,2024-04-02,2.235,2.223,2.236,2.207,5058268,1123440766.992,1.3,-0.63,-0.014,29.68
159845,2024-04-03,2.22,2.212,2.223,2.194,4072462,899550024.168,1.3,-0.49,-0.011,23.89
159845,2024-04-08,2.208,2.171,2.208,2.171,2623431,575376756.945,1.67,-1.85,-0.041,15.39
159845,2024-04-09,2.17,2.199,2.201,2.166,1826788,398904228.256,1.61,1.29,0.028,10.72
159845,2024-04-10,2.195,2.158,2.195,2.142,1601588,346967195.584,2.41,-1.86,-0.041,9.4
159845,2024-04-11,2.148,2.164,2.191,2.145,2368337,514826524.139,2.13,0.28,0.006,13.9
159845,2024-04-12,2.158,2.145,2.177,2.142,2170542,468812198.165,1.62,-0.88,-0.019,12.73
159845,2024-04-15,2.142,2.128,2.159,2.097,2704771,575648488.679,2.89,-0.79,-0.017,15.87
159845,2024-04-16,2.119,2.039,2.125,2.036,4878866,1010463074.913,4.18,-4.18,-0.089,28.62
159845,2024-04-17,2.057,2.124,2.129,2.05,4475055,941492128.614,3.87,4.17,0.085,26.26
159845,2024-04-18,2.116,2.126,2.153,2.101,4904896,1045399799.189,2.45,0.09,0.002,28.78
159845,2024-04-19,2.119,2.118,2.138,2.099,4152016,878021616.165,1.83,-0.38,-0.008,24.36
159845,2024-04-22,2.097,2.111,2.136,2.084,2222743,470252914.668,2.46,-0.33,-0.007,13.04
159845,2024-04-23,2.108,2.096,2.12,2.088,2844690,597237769.966,1.52,-0.71,-0.015,16.69
159845,2024-04-24,2.099,2.139,2.139,2.093,3627613,768892404.94,2.19,2.05,0.043,21.28
159845,2024-04-25,2.131,2.136,2.158,2.122,3357584,719381385.326,1.68,-0.14,-0.003,19.7
159845,2024-04-26,2.138,2.181,2.184,2.133,5467350,1184270379.016,2.39,2.11,0.045,32.08
159845,2024-04-29,2.183,2.234,2.237,2.183,7943085,1763969030.579,2.48,2.43,0.053,46.6
159845,2024-04-30,2.23,2.209,2.235,2.203,3679941,816147327.596,1.43,-1.12,-0.025,21.59
159845,2024-05-06,2.239,2.252,2.262,2.236,5834480,1313691399.152,1.18,1.95,0.043,34.23
159845,2024-05-07,2.252,2.26,2.265,2.246,4752873,1072385071.587,0.84,0.36,0.008,27.89
159845,2024-05-08,2.258,2.227,2.258,2.223,6605352,1475309627.785,1.55,-1.46,-0.033,38.75
159845,2024-05-09,2.224,2.265,2.271,2.224,3768809,850725633.265,2.11,1.71,0.038,22.11
159845,2024-05-10,2.273,2.245,2.274,2.231,4097015,918921114.69,1.9,-0.88,-0.02,24.04
159845,2024-05-13,2.23,2.221,2.238,2.201,3528639,783228997.644,1.65,-1.07,-0.024,20.7
159845,2024-05-14,2.222,2.232,2.246,2.221,3823562,853882235.956,1.13,0.5,0.011,22.43
159845,2024-05-15,2.232,2.212,2.237,2.208,3125266,694592201.951,1.3,-0.9,-0.02,18.34
159845,2024-05-16,2.213,2.21,2.234,2.202,3525244,783250817.35,1.45,-0.09,-0.002,20.68
159845,2024-05-17,2.207,2.243,2.243,2.204,3908744,869220175.051,1.76,1.49,0.033,22.93
159845,2024-05-20,2.244,2.251,2.262,2.234,3976876,894848233.375,1.25,0.36,0.008,23.33
159845,2024-05-21,2.246,2.229,2.249,2.22,4051040,904169279.032,1.29,-0.98,-0.022,23.77
159845,2024-05-22,2.23,2.229,2.238,2.217,1879261,418558393.936,0.94,0.0,0.0,11.03
159845,2024-05-23,2.22,2.178,2.224,2.174,2943176,645224747.574,2.24,-2.29,-0.051,17.27
159845,2024-05-24,2.174,2.157,2.193,2.155,1305711,283757087.57,1.74,-0.96,-0.021,7.66
159845,2024-05-27,2.16,2.177,2.178,2.133,2034090,437857451.745,2.09,0.93,0.02,11.93
159845,2024-05-28,2.17,2.154,2.182,2.153,1724464,373823640.428,1.33,-1.06,-0.023,10.12
159845,2024-05-29,2.159,2.156,2.174,2.146,2057618,444789387.886,1.3,0.09,0.002,12.07
159845,2024-05-30,2.15,2.153,2.169,2.141,1856823,400344885.918,1.3,-0.14,-0.003,10.89
159845,2024-05-31,2.158,2.16,2.174,2.157,2088882,452294442.103,0.79,0.33,0.007,12.26
159845,2024-06-03,2.161,2.133,2.162,2.115,2758351,589157566.523,2.18,-1.25,-0.027,16.18
159845,2024-06-04,2.131,2.148,2.151,2.114,2039899,434726961.104,1.73,0.7,0.015,11.97
159845,2024-06-05,2.145,2.121,2.154,2.119,1346241,288039022.861,1.63,-1.26,-0.027,7.9
159845,2024-06-06,2.122,2.08,2.134,2.066,2952314,617501639.716,3.21,-1.93,-0.041,17.32
159845,2024-06-07,2.09,2.082,2.102,2.061,2849845,593080565.83,1.97,0.1,0.002,16.72
159845,2024-06-11,2.07,2.103,2.109,2.057,2608531,544495995.399,2.5,1.01,0.021,15.3
159845,2024-06-12,2.095,2.11,2.117,2.095,2272025,479322637.316,1.05,0.33,0.007,13.33
159845,2024-06-13,2.111,2.096,2.113,2.091,1644994,345414978.247,1.04,-0.66,-0.014,9.65
159845,2024-06-14,2.09,2.102,2.107,2.082,2775110,581249725.795,1.19,0.29,0.006,16.28
159845,2024-06-17,2.096,2.1,2.115,2.09,2041010,429977125.099,1.19,-0.1,-0.002,11.97
159845,2024-06-18,2.107,2.123,2.126,2.1,3582291,758765014.376,1.24,1.1,0.023,21.02
159845,2024-06-19,2.121,2.091,2.128,2.091,3185352,668460840.144,1.74,-1.51,-0.032,18.69
159845,2024-06-20,2.09,2.055,2.099,2.05,2728630,564128722.666,2.34,-1.72,-0.036,16.01
159845,2024-06-21,2.044,2.051,2.065,2.038,2053275,421376435.013,1.31,-0.19,-0.004,12.05
159845,2024-06-24,2.043,1.983,2.045,1.98,2069427,415620169.259,3.17,-3.32,-0.068,12.14
159845,2024-06-25,1.985,1.969,1.994,1.955,3003407,592940859.523,1.97,-0.71,-0.014,17.62
159845,2024-06-26,1.964,2.027,2.028,1.955,4671451,931917286.082,3.71,2.95,0.058,27.41
159845,2024-06-27,2.016,1.978,2.017,1.974,4313617,859465936.27,2.12,-2.42,-0.049,25.31
159845,2024-06-28,1.975,1.989,2.021,1.973,4305776,863840246.894,2.43,0.56,0.011,25.26
159845,2024-07-01,1.992,2.004,2.014,1.964,3759194,746241549.852,2.51,0.75,0.015,22.06
159845,2024-07-02,2.0,1.993,2.012,1.983,3027525,603995433.468,1.45,-0.55,-0.011,17.76
159845,2024-07-03,1.989,1.975,1.995,1.974,1677365,333036927.682,1.05,-0.9,-0.018,9.84
159845,2024-07-04,1.978,1.936,1.988,1.927,4944934,961831065.135,3.09,-1.97,-0.039,29.01
159845,2024-07-05,1.936,1.954,1.964,1.917,3265051,631800872.322,2.43,0.93,0.018,19.16
159845,2024-07-08,1.942,1.908,1.951,1.901,2836133,544853987.453,2.56,-2.35,-0.046,16.64
159845,2024-07-09,1.903,1.947,1.958,1.89,5555092,1067288916.224,3.56,2.04,0.039,32.59
159845,2024-07-10,1.939,1.94,1.964,1.939,2817271,549270552.723,1.28,-0.36,-0.007,16.53
159845,2024-07-11,1.966,1.991,1.992,1.96,3109191,615686138.748,1.65,2.63,0.051,18.24
159845,2024-07-12,1.991,1.982,1.993,1.974,2166205,429704356.651,0.95,-0.45,-0.009,12.71
159845,2024-07-15,1.974,1.964,1.978,1.957,6970883,1373046946.168,1.06,-0.91,-0.018,40.9
159845,2024-07-16,1.959,1.965,1.97,1.946,4036182,790288942.785,1.22,0.05,0.001,23.68
159845,2024-07-17,1.961,1.952,1.97,1.946,11333554,2219872658.406,1.22,-0.66,-0.013,66.49
159845,2024-07-18,1.94,1.96,1.963,1.919,9324783,1807998995.665,2.25,0.41,0.008,54.71
159845,2024-07-19,1.946,1.963,1.978,1.944,5163856,1014277328.713,1.73,0.15,0.003,30.3
159845,2024-07-22,1.96,1.962,1.974,1.951,2965103,581945041.24,1.17,-0.05,-0.001,17.4
159845,2024-07-23,1.962,1.909,1.967,1.909,1733874,336287668.837,2.96,-2.7,-0.053,10.17
159845,2024-07-24,1.903,1.881,1.916,1.881,3160556,600234386.13,1.83,-1.47,-0.028,18.54
159845,2024-07-25,1.874,1.883,1.906,1.869,3448301,650845904.831,1.97,0.11,0.002,20.23
159845,2024-07-26,1.882,1.912,1.919,1.882,2063758,394122397.025,1.96,1.54,0.029,12.11
159845,2024-07-29,1.914,1.904,1.917,1.899,1461788,278580645.695,0.94,-0.42,-0.008,8.58
159845,2024-07-30,1.903,1.914,1.922,1.885,1640384,311999867.534,1.94,0.53,0.01,9.62
159845,2024-07-31,1.914,1.993,1.993,1.907,6962734,1370432977.209,4.49,4.13,0.079,40.85
159845,2024-08-01,1.994,1.985,2.011,1.972,2528586,503224961.92,1.96,-0.4,-0.008,14.84
159845,2024-08-02,1.971,1.957,1.996,1.953,2739481,540141459.667,2.17,-1.41,-0.028,16.07
159845,2024-08-05,1.945,1.903,1.978,1.903,5091650,984401573.694,3.83,-2.76,-0.054,29.87
159845,2024-08-06,1.924,1.931,1.942,1.909,2737591,526852288.636,1.73,1.47,0.028,16.06
159845,2024-08-07,1.924,1.927,1.943,1.917,2637687,509216362.278,1.35,-0.21,-0.004,15.48
159845,2024-08-08,1.92,1.929,1.946,1.903,2034077,391790951.155,2.23,0.1,0.002,11.93
159845,2024-08-09,1.939,1.914,1.953,1.913,2763850,532797853.626,2.07,-0.78,-0.015,16.22
159845,2024-08-12,1.909,1.906,1.917,1.895,2006854,382223530.066,1.15,-0.42,-0.008,11.77
159845,2024-08-13,1.905,1.912,1.915,1.89,1889223,359511053.505,1.31,0.31,0.006,11.08
159845,2024-08-14,1.908,1.892,1.912,1.892,1531933,291078363.997,1.05,-1.05,-0.02,8.99
159845,2024-08-15,1.886,1.907,1.934,1.882,5379961,1030118292.613,2.75,0.79,0.015,31.56
159845,2024-08-16,1.908,1.892,1.915,1.892,3494676,664188709.576,1.21,-0.79,-0.015,20.5
159845,2024-08-19,1.891,1.897,1.92,1.889,1702072,324486861.59,1.64,0.26,0.005,9.99
159845,2024-08-20,1.895,1.867,1.904,1.856,6089234,1137733616.983,2.53,-1.58,-0.03,35.73
159845,2024-08-21,1.858,1.853,1.871,1.851,2187508,406576939.254,1.07,-0.75,-0.014,12.83
159845,2024-08-22,1.851,1.832,1.86,1.827,2839084,522035082.674,1.78,-1.13,-0.021,16.66
159845,2024-08-23,1.829,1.832,1.838,1.819,3089154,565303400.796,1.04,0.0,0.0,18.12
159845,2024-08-26,1.831,1.837,1.847,1.825,2624547,482367412.504,1.2,0.27,0.005,15.4
159845,2024-08-27,1.833,1.818,1.835,1.812,5895469,1074033364.524,1.25,-1.03,-0.019,34.59
159845,2024-08-28,1.811,1.822,1.837,1.808,3493841,636809088.538,1.6,0.22,0.004,20.5
159845,2024-08-29,1.816,1.849,1.859,1.813,3823897,704118536.455,2.52,1.48,0.027,22.44
159845,2024-08-30,1.846,1.885,1.915,1.846,6652333,1256702804.082,3.73,1.95,0.036,39.03
159845,2024-09-02,1.881,1.844,1.89,1.844,4527240,843968750.36,2.44,-2.18,-0.041,26.56
159845,2024-09-03,1.844,1.861,1.876,1.839,2785374,517648759.516,2.01,0.92,0.017,16.34
159845,2024-09-04,1.85,1.852,1.873,1.843,2212037,410621790.514,1.61,-0.48,-0.009,12.98
159845,2024-09-05,1.852,1.869,1.881,1.852,2316718,432535145.64,1.57,0.92,0.017,13.59
159845,2024-09-06,1.869,1.836,1.874,1.833,3546653,655582596.04,2.19,-1.77,-0.033,20.81
159845,2024-09-09,1.833,1.821,1.844,1.815,1927971,352044151.071,1.58,-0.82,-0.015,11.31
159845,2024-09-10,1.825,1.829,1.838,1.791,2769695,501521454.229,2.58,0.44,0.008,16.25
159845,2024-09-11,1.816,1.831,1.835,1.814,5673096,1036988342.922,1.15,0.11,0.002,33.28
159845,2024-09-12,1.83,1.82,1.852,1.819,2364950,434223922.268,1.8,-0.6,-0.011,13.88
159845,2024-09-13,1.817,1.801,1.826,1.799,1698175,307537840.804,1.48,-1.04,-0.019,9.96
159845,2024-09-18,1.802,1.792,1.803,1.767,2077013,371051965.056,2.0,-0.5,-0.009,12.19
159845,2024-09-19,1.796,1.829,1.847,1.785,4649990,847000139.69,3.46,2.06,0.037,27.28
159845,2024-09-20,1.824,1.815,1.827,1.802,6515936,1182379625.591,1.37,-0.77,-0.014,38.23
159845,2024-09-23,1.812,1.819,1.841,1.808,2217303,404931675.193,1.82,0.22,0.004,13.01
159845,2024-09-24,1.835,1.896,1.896,1.818,8924065,1663896073.466,4.29,4.23,0.077,52.36
159845,2024-09-25,1.914,1.909,1.956,1.907,5106120,986070817.122,2.58,0.69,0.013,29.96
159845,2024-09-26,1.9,1.992,1.992,1.9,9139293,1786779904.954,4.82,4.35,0.083,53.62
159845,2024-09-27,2.022,2.155,2.18,2.014,27692318,5846749772.902,8.33,8.18,0.163,162.47
159845,2024-09-30,2.22,2.371,2.371,2.169,17658376,4010874744.457,9.37,10.02,0.216,103.6
159845,2024-10-08,2.608,2.543,2.608,2.39,15286557,3840212127.097,9.19,7.25,0.172,89.69
159845,2024-10-09,2.44,2.32,2.49,2.305,14060836,3387654332.767,7.27,-8.77,-0.223,82.5
159845,2024-10-10,2.33,2.3,2.4,2.283,8825109,2063357688.18,5.04,-0.86,-0.02,51.78
159845,2024-10-11,2.288,2.203,2.294,2.175,11572036,2568633349.95,5.17,-4.22,-0.097,67.89
159845,2024-10-14,2.21,2.285,2.293,2.175,11982629,2678727554.197,5.36,3.72,0.082,70.3
159845,2024-10-15,2.269,2.238,2.322,2.238,10523979,2396862552.026,3.68,-2.06,-0.047,61.75
159845,2024-10-16,2.202,2.25,2.284,2.202,5627089,1266550235.544,3.66,0.54,0.012,33.01
159845,2024-10-17,2.262,2.239,2.292,2.238,5257969,1190012052.125,2.4,-0.49,-0.011,30.85
159845,2024-10-18,2.24,2.353,2.414,2.233,12739199,2972876750.025,8.08,5.09,0.114,74.74
159845,2024-10-21,2.345,2.386,2.423,2.34,8285275,1978009792.559,3.53,1.4,0.033,48.61
159845,2024-10-22,2.382,2.397,2.417,2.367,7604576,1816518547.008,2.1,0.46,0.011,44.62
159845,2024-10-23,2.391,2.403,2.445,2.384,3503651,846653363.848,2.54,0.25,0.006,20.56
159845,2024-10-24,2.396,2.388,2.399,2.366,4484982,1068758348.927,1.37,-0.62,-0.015,26.31
159845,2024-10-25,2.391,2.439,2.452,2.391,5036831,1222836859.232,2.55,2.14,0.051,29.55
159845,2024-10-28,2.44,2.477,2.478,2.427,5686657,1397223159.098,2.09,1.56,0.038,33.36
159845,2024-10-29,2.482,2.442,2.491,2.437,9855183,2425739777.768,2.18,-1.41,-0.035,57.82
159845,2024-10-30,2.43,2.453,2.464,2.421,4536680,1107806124.296,1.76,0.45,0.011,26.62
159845,2024-10-31,2.454,2.495,2.52,2.444,5989519,1489750853.322,3.1,1.71,0.042,35.14
159845,2024-11-01,2.485,2.412,2.493,2.411,5867195,1432051244.989,3.29,-3.33,-0.083,34.42
159845,2024-11-04,2.41,2.47,2.47,2.408,2158507,527695145.509,2.57,2.4,0.058,12.66
159845,2024-11-05,2.476,2.555,2.566,2.464,10882045,2756085589.013,4.13,3.44,0.085,63.85
159845,2024-11-06,2.56,2.566,2.596,2.543,7379221,1897159410.281,2.07,0.43,0.011,43.29
159845,2024-11-07,2.54,2.609,2.613,2.535,5084559,1310384311.483,3.04,1.68,0.043,29.83
159845,2024-11-08,2.645,2.617,2.657,2.603,6525119,1713931685.146,2.07,0.31,0.008,38.28
159845,2024-11-11,2.602,2.676,2.679,2.597,5267015,1394582452.904,3.13,2.25,0.059,30.9
159845,2024-11-12,2.676,2.645,2.696,2.62,4196952,1118768192.795,2.84,-1.16,-0.031,24.62
159845,2024-11-13,2.641,2.633,2.651,2.587,2229601,583235141.021,2.42,-0.45,-0.012,13.08
159845,2024-11-14,2.624,2.558,2.633,2.552,3224505,835240051.381,3.08,-2.85,-0.075,18.92
159845,2024-11-15,2.543,2.499,2.58,2.495,5038414,1279169391.822,3.32,-2.31,-0.059,29.56
159845,2024-11-18,2.499,2.432,2.512,2.416,4872753,1195683090.07,3.84,-2.68,-0.067,28.59
159845,2024-11-19,2.43,2.502,2.502,2.422,2923236,718976260.161,3.29,2.88,0.07,17.15
159845,2024-11-20,2.485,2.546,2.549,2.482,3992666,1004072890.411,2.68,1.76,0.044,23.43
159845,2024-11-21,2.54,2.546,2.561,2.524,1386604,353174862.124,1.45,0.0,0.0,8.14
159845,2024-11-22,2.542,2.457,2.556,2.45,1950296,488089966.812,4.16,-3.5,-0.089,11.44
159845,2024-11-25,2.461,2.469,2.47,2.416,1560056,381355339.665,2.2,0.49,0.012,9.15
159845,2024-11-26,2.459,2.436,2.484,2.431,2229650,546782705.718,2.15,-1.34,-0.033,13.08
159845,2024-11-27,2.423,2.497,2.497,2.385,2927872,712082027.787,4.6,2.5,0.061,17.18
159845,2024-11-28,2.49,2.479,2.51,2.474,1984790,495025451.791,1.44,-0.72,-0.018,11.64
159845,2024-11-29,2.473,2.522,2.543,2.457,2984827,751731773.601,3.47,1.73,0.043,17.51
159845,2024-12-02,2.522,2.571,2.582,2.518,1724386,441275039.712,2.54,1.94,0.049,10.12
159845,2024-12-03,2.573,2.563,2.585,2.541,3612126,925862652.919,1.71,-0.31,-0.008,21.19
159845,2024-12-04,2.557,2.528,2.565,2.516,2836047,721714347.882,1.91,-1.37,-0.035,16.64
159845,2024-12-05,2.514,2.559,2.567,2.514,1800332,458703668.479,2.1,1.23,0.031,10.56
159845,2024-12-06,2.557,2.589,2.601,2.533,6127204,1578013062.918,2.66,1.17,0.03,35.95
159845,2024-12-09,2.583,2.564,2.594,2.545,3071799,789357126.788,1.89,-0.97,-0.025,18.02
159845,2024-12-10,2.66,2.593,2.665,2.583,5317405,1394154801.485,3.2,1.13,0.029,31.2
159845,2024-12-11,2.589,2.624,2.627,2.588,3602795,942608290.468,1.5,1.2,0.031,21.14
159845,2024-12-12,2.626,2.644,2.646,2.6,2753866,722225807.204,1.75,0.76,0.02,16.16
159845,2024-12-13,2.621,2.594,2.63,2.588,4784436,1247362124.371,1.59,-1.89,-0.05,28.07
159845,2024-12-16,2.588,2.558,2.596,2.548,850891,218588672.724,1.85,-1.39,-0.036,4.99
159845,2024-12-17,2.552,2.506,2.555,2.499,2999628,754004798.458,2.19,-2.03,-0.052,17.6
159845,2024-12-18,2.509,2.522,2.542,2.493,2216624,558295394.798,1.96,0.64,0.016,13.01
159845,2024-12-19,2.49,2.529,2.537,2.486,1822494,456415033.201,2.02,0.28,0.007,10.69
159845,2024-12-20,2.524,2.556,2.572,2.522,1985109,506780578.217,1.98,1.07,0.027,11.65
159845,2024-12-23,2.543,2.485,2.555,2.482,2043235,513157315.713,2.86,-2.78,-0.071,11.99
159845,2024-12-24,2.486,2.508,2.51,2.474,2001349,499325243.354,1.45,0.93,0.023,11.74
159845,2024-12-25,2.508,2.487,2.508,2.461,3671948,911423517.557,1.87,-0.84,-0.021,21.54
159845,2024-12-26,2.485,2.51,2.518,2.481,2428152,609153958.883,1.49,0.92,0.023,14.25
159845,2024-12-27,2.508,2.513,2.549,2.497,1772817,447762062.323,2.07,0.12,0.003,10.4
159845,2024-12-30,2.509,2.506,2.524,2.486,1913484,479338697.56,1.51,-0.28,-0.007,11.23
159845,2024-12-31,2.506,2.426,2.513,2.423,2586286,634452604.153,3.59,-3.19,-0.08,15.17
159845,2025-01-02,2.427,2.361,2.436,2.338,2601090,621210298.278,4.04,-2.68,-0.065,15.26
159845,2025-01-03,2.362,2.3,2.37,2.286,4290636,997593070.122,3.56,-2.58,-0.061,25.17
159845,2025-01-06,2.293,2.282,2.316,2.267,3943845,902574363.434,2.13,-0.78,-0.018,23.14
159845,2025-01-07,2.28,2.316,2.318,2.271,3876678,891714838.485,2.06,1.49,0.034,22.74
159845,2025-01-08,2.305,2.306,2.325,2.239,3440759,783849486.951,3.71,-0.43,-0.01,20.19
159845,2025-01-09,2.292,2.311,2.327,2.288,2674721,619276199.191,1.69,0.22,0.005,15.69
159845,2025-01-10,2.309,2.26,2.331,2.26,1455156,334033442.487,3.07,-2.21,-0.051,8.54
159845,2025-01-13,2.247,2.264,2.283,2.225,2405251,542478521.451,2.57,0.18,0.004,14.11
159845,2025-01-14,2.266,2.369,2.372,2.265,5296786,1237491479.389,4.73,4.64,0.105,31.08
159845,2025-01-15,2.366,2.351,2.368,2.343,3841600,904235797.479,1.06,-0.76,-0.018,22.54
159845,2025-01-16,2.366,2.361,2.409,2.342,3779017,896993679.173,2.85,0.43,0.01,22.17
159845,2025-01-17,2.351,2.38,2.4,2.345,2142377,508530502.763,2.33,0.8,0.019,12.57
159845,2025-01-20,2.399,2.39,2.416,2.386,2329728,558835055.565,1.26,0.42,0.01,13.67
159845,2025-01-21,2.405,2.405,2.412,2.374,2513010,601457942.563,1.59,0.63,0.015,14.74
159845,2025-01-22,2.392,2.388,2.401,2.373,3522781,840214280.54,1.16,-0.71,-0.017,20.67
159845,2025-01-23,2.403,2.378,2.444,2.376,3272851,788622184.243,2.85,-0.42,-0.01,19.2
159845,2025-01-24,2.372,2.422,2.424,2.371,4622222,1112965745.281,2.23,1.85,0.044,27.12
159845,2025-01-27,2.426,2.382,2.436,2.381,3383144,811794116.599,2.27,-1.65,-0.04,19.85
159845,2025-02-05,2.4,2.395,2.419,2.382,2685232,644411926.288,1.55,0.55,0.013,15.75
159845,2025-02-06,2.387,2.46,2.465,2.383,1675390,408448523.175,3.42,2.71,0.065,9.83
159845,2025-02-07,2.462,2.5,2.532,2.458,5281971,1318215651.747,3.01,1.63,0.04,30.99
159845,2025-02-10,2.5,2.528,2.533,2.495,3898646,982003753.697,1.52,1.12,0.028,22.87
159845,2025-02-11,2.528,2.519,2.535,2.501,2363974,594792309.504,1.34,-0.36,-0.009,13.87
159845,2025-02-12,2.512,2.558,2.56,2.512,1703451,432865744.204,1.91,1.55,0.039,9.99
159845,2025-02-13,2.558,2.531,2.561,2.53,1772163,450923272.2,1.21,-1.06,-0.027,10.4
159845,2025-02-14,2.529,2.544,2.552,2.52,2384942,605203981.341,1.26,0.51,0.013,13.99
159845,2025-02-17,2.557,2.556,2.569,2.535,4693057,1199951416.886,1.34,0.47,0.012,27.53
159845,2025-02-18,2.557,2.504,2.56,2.492,2442158,616457822.866,2.66,-2.03,-0.052,14.33
159845,2025-02-19,2.5,2.562,2.564,2.497,1933245,490400985.049,2.68,2.32,0.058,11.34
159845,2025-02-20,2.563,2.577,2.588,2.553,3362180,863643030.06,1.37,0.59,0.015,19.73
159845,2025-02-21,2.582,2.632,2.635,2.572,1693270,442928314.532,2.44,2.13,0.055,9.93
159845,2025-02-24,2.627,2.629,2.648,2.61,2373351,623605384.612,1.44,-0.11,-0.003,13.92
159845,2025-02-25,2.593,2.617,2.646,2.591,965599,253311326.08,2.09,-0.46,-0.012,5.67
159845,2025-02-26,2.622,2.657,2.662,2.612,948895,250575732.374,1.91,1.53,0.04,5.57
159845,2025-02-27,2.652,2.643,2.667,2.607,1150607,303342183.508,2.26,-0.53,-0.014,6.75
159845,2025-02-28,2.633,2.554,2.636,2.548,2025415,521121475.959,3.33,-3.37,-0.089,11.88
159845,2025-03-03,2.563,2.555,2.599,2.543,1496157,384595503.808,2.19,0.04,0.001,8.78
159845,2025-03-04,2.537,2.587,2.59,2.533,1549207,398702443.402,2.23,1.25,0.032,9.09
159845,2025-03-05,2.587,2.603,2.609,2.571,1184443,306588935.662,1.47,0.62,0.016,6.95
159845,2025-03-06,2.62,2.664,2.674,2.615,1143205,303032790.047,2.27,2.34,0.061,6.71
159845,2025-03-07,2.664,2.653,2.678,2.634,1616766,429786389.069,1.65,-0.41,-0.011,9.49
159845,2025-03-10,2.652,2.655,2.664,2.63,1527879,404491093.355,1.28,0.08,0.002,8.96
159845,2025-03-11,2.628,2.671,2.676,2.623,1056174,279602599.108,2.0,0.6,0.016,6.2
159845,2025-03-12,2.681,2.673,2.706,2.67,971242,260741209.836,1.35,0.07,0.002,5.7
159845,2025-03-13,2.67,2.634,2.676,2.606,1230533,323993227.126,2.62,-1.46,-0.039,7.22
159845,2025-03-14,2.628,2.682,2.682,2.616,2172252,578275696.254,2.51,1.82,0.048,12.74
159845,2025-03-17,2.682,2.682,2.69,2.668,1835324,491678751.576,0.82,0.0,0.0,10.77
159845,2025-03-18,2.687,2.69,2.707,2.679,884867,238148840.19,1.04,0.3,0.008,5.19
159845,2025-03-19,2.69,2.675,2.69,2.661,1573425,420721847.131,1.08,-0.56,-0.015,9.23
159845,2025-03-20,2.671,2.664,2.686,2.655,963294,257306838.231,1.16,-0.41,-0.011,5.65
159845,2025-03-21,2.653,2.61,2.66,2.601,1841866,484293934.463,2.21,-2.03,-0.054,10.81
159845,2025-03-24,2.6,2.584,2.61,2.545,1401350,361136608.644,2.49,-1.0,-0.026,8.22
159845,2025-03-25,2.584,2.572,2.598,2.559,1336063,344376238.274,1.51,-0.46,-0.012,7.84
159845,2025-03-26,2.57,2.578,2.596,2.564,970139,250788535.365,1.24,0.23,0.006,5.69
159845,2025-03-27,2.575,2.58,2.605,2.545,1035327,266497288.222,2.33,0.08,0.002,6.07
159845,2025-03-28,2.58,2.555,2.59,2.549,965318,247719399.862,1.59,-0.97,-0.025,5.66
159845,2025-03-31,2.541,2.537,2.551,2.504,1424654,360015780.112,1.84,-0.7,-0.018,8.36
159845,2025-04-01,2.537,2.547,2.567,2.537,936171,238974654.363,1.18,0.39,0.01,5.49
159845,2025-04-02,2.548,2.556,2.574,2.543,554970,142018666.343,1.22,0.35,0.009,3.26
159845,2025-04-03,2.532,2.527,2.57,2.514,1063906,269849143.727,2.19,-1.13,-0.029,6.24
159845,2025-04-07,2.396,2.274,2.437,2.274,5479224,1271910036.27,6.45,-10.01,-0.253,32.15
159845,2025-04-08,2.231,2.247,2.298,2.211,36415413,8149153179.885,3.83,-1.19,-0.027,213.65
159845,2025-04-09,2.22,2.3,2.316,2.128,3345925,748878679.484,8.37,2.36,0.053,19.63
159845,2025-04-10,2.339,2.353,2.4,2.336,2517643,596816960.426,2.78,2.3,0.053,14.77
159845,2025-04-11,2.34,2.385,2.415,2.334,1490542,355010862.144,3.44,1.36,0.032,8.75
159845,2025-04-14,2.406,2.416,2.434,2.406,1724503,416938914.644,1.17,1.3,0.031,10.12
159845,2025-04-15,2.411,2.407,2.42,2.39,1983384,476589890.505,1.24,-0.37,-0.009,11.64
159845,2025-04-16,2.404,2.376,2.404,2.348,5258306,1247630807.135,2.33,-1.29,-0.031,30.85
159845,2025-04-17,2.36,2.379,2.402,2.36,1646562,393524789.399,1.77,0.13,0.003,9.66
159845,2025-04-18,2.372,2.372,2.386,2.358,2451984,580823086.306,1.18,-0.29,-0.007,14.39
159845,2025-04-21,2.367,2.421,2.424,2.359,1474252,354191948.366,2.74,2.07,0.049,8.65
159845,2025-04-22,2.414,2.421,2.432,2.41,1165639,282029726.763,0.91,0.0,0.0,6.84
159845,2025-04-23,2.427,2.435,2.454,2.424,1401639,342091643.316,1.24,0.58,0.014,8.22
159845,2025-04-24,2.428,2.413,2.436,2.4,907918,219592657.507,1.48,-0.9,-0.022,5.33
159845,2025-04-25,2.416,2.418,2.438,2.402,1853110,449039483.766,1.49,0.21,0.005,10.87
159845,2025-04-28,2.416,2.398,2.42,2.388,1391529,333655770.756,1.32,-0.83,-0.02,8.16
159845,2025-04-29,2.387,2.404,2.414,2.378,828988,199167227.814,1.5,0.25,0.006,4.86
159845,2025-04-30,2.401,2.425,2.432,2.401,1185280,287451682.849,1.29,0.87,0.021,6.95
159845,2025-05-06,2.437,2.485,2.485,2.437,1548895,382191685.162,1.98,2.47,0.06,9.09
159845,2025-05-07,2.527,2.49,2.531,2.471,2058822,514940580.529,2.41,0.2,0.005,12.08
159845,2025-05-08,2.485,2.508,2.515,2.479,1029851,257834170.756,1.45,0.72,0.018,6.04
159845,2025-05-09,2.504,2.481,2.507,2.467,1104401,274189443.0,1.59,-1.08,-0.027,6.48
159845,2025-05-12,2.509,2.514,2.514,2.489,1608256,402287190.22,1.01,1.33,0.033,9.44
159845,2025-05-13,2.533,2.509,2.533,2.502,1907788,479408143.088,1.23,-0.2,-0.005,11.19
159845,2025-05-14,2.502,2.511,2.529,2.489,1856607,465182691.949,1.59,0.08,0.002,10.89
159845,2025-05-15,2.506,2.47,2.506,2.468,1317296,326907355.29,1.51,-1.63,-0.041,7.73
159845,2025-05-16,2.462,2.472,2.488,2.461,1690986,418664704.007,1.09,0.08,0.002,9.92
159845,2025-05-19,2.472,2.484,2.489,2.45,1168917,288607965.397,1.58,0.49,0.012,6.86
159845,2025-05-20,2.489,2.508,2.512,2.476,1021916,254993568.542,1.45,0.97,0.024,6.0
159845,2025-05-21,2.501,2.5,2.504,2.49,541978,135372529.125,0.56,-0.32,-0.008,3.18
159845,2025-05-22,2.496,2.476,2.509,2.473,1181700,293730447.545,1.44,-0.96,-0.024,6.93
159845,2025-05-23,2.472,2.449,2.49,2.443,1376944,339478827.099,1.9,-1.09,-0.027,8.08
159845,2025-05-26,2.446,2.458,2.464,2.439,789331,193609638.454,1.02,0.37,0.009,4.63
159845,2025-05-27,2.449,2.452,2.46,2.436,768531,188012068.609,0.98,-0.24,-0.006,4.51
159845,2025-05-28,2.457,2.445,2.46,2.438,662406,162105005.416,0.9,-0.29,-0.007,3.89
159845,2025-05-29,2.444,2.488,2.489,2.443,1744377,431741201.66,1.88,1.76,0.043,10.23
159845,2025-05-30,2.479,2.464,2.479,2.46,2120185,523081938.858,0.76,-0.96,-0.024,12.44
159845,2025-06-03,2.458,2.477,2.487,2.453,782197,193682845.275,1.38,0.53,0.013,4.59
159845,2025-06-04,2.478,2.501,2.503,2.478,617456,154067649.638,1.01,0.97,0.024,3.62
159845,2025-06-05,2.504,2.52,2.526,2.492,782804,196097715.371,1.36,0.76,0.019,4.59
159845,2025-06-06,2.519,2.517,2.523,2.509,416046,104643458.97,0.56,-0.12,-0.003,2.44
159845,2025-06-09,2.516,2.541,2.548,2.516,1232166,312920603.079,1.27,0.95,0.024,7.23
159845,2025-06-10,2.548,2.52,2.548,2.497,1117956,281618852.396,2.01,-0.83,-0.021,6.56
159845,2025-06-11,2.519,2.529,2.547,2.519,1277614,323876131.254,1.11,0.36,0.009,7.5
159845,2025-06-12,2.525,2.533,2.539,2.515,427538,108201384.615,0.95,0.16,0.004,2.51
159845,2025-06-13,2.525,2.504,2.533,2.498,860060,216196527.206,1.38,-1.14,-0.029,5.05
159845,2025-06-16,2.52,2.517,2.522,2.498,684661,172038118.34,0.96,0.52,0.013,4.02
159845,2025-06-17,2.523,2.516,2.525,2.507,577131,145136014.985,0.72,-0.04,-0.001,3.39
159845,2025-06-18,2.51,2.513,2.519,2.494,630753,158100839.076,0.99,-0.12,-0.003,3.7
159845,2025-06-19,2.507,2.482,2.517,2.471,1297184,322639630.081,1.83,-1.23,-0.031,7.61
159845,2025-06-20,2.479,2.46,2.485,2.459,1222793,301875848.988,1.05,-0.89,-0.022,7.17
159845,2025-06-23,2.457,2.491,2.493,2.451,1581282,391928069.867,1.71,1.26,0.031,9.28
159845,2025-06-24,2.494,2.537,2.54,2.49,891465,225110606.243,2.01,1.85,0.046,5.23
159845,2025-06-25,2.541,2.574,2.58,2.537,1593710,408281761.939,1.69,1.46,0.037,9.35
159845,2025-06-26,2.57,2.563,2.587,2.563,1262141,325104028.825,0.93,-0.43,-0.011,7.41
159845,2025-06-27,2.563,2.575,2.595,2.563,1204540,310697064.791,1.25,0.47,0.012,7.07
159845,2025-06-30,2.577,2.608,2.608,2.577,1432702,372048928.783,1.2,1.28,0.033,8.41
159845,2025-07-01,2.608,2.611,2.615,2.586,590274,153606678.523,1.11,0.12,0.003,3.46
159845,2025-07-02,2.609,2.591,2.609,2.58,995560,258034745.259,1.11,-0.77,-0.02,5.84
159845,2025-07-03,2.587,2.604,2.606,2.583,594503,154406371.619,0.89,0.5,0.013,3.49
159845,2025-07-04,2.601,2.594,2.619,2.582,913221,237374005.401,1.42,-0.38,-0.01,5.36
159845,2025-07-07,2.592,2.595,2.6,2.586,527667,136839281.331,0.54,0.04,0.001,3.1
159845,2025-07-08,2.594,2.631,2.632,2.59,1002313,262690441.363,1.62,1.39,0.036,5.88
159845,2025-07-09,2.634,2.626,2.641,2.619,799810,210417144.593,0.84,-0.19,-0.005,4.69
159845,2025-07-10,2.619,2.63,2.642,2.614,549733,144572915.12,1.07,0.15,0.004,3.23
159845,2025-07-11,2.634,2.66,2.667,2.622,2169094,575195547.32,1.71,1.14,0.03,12.73
159845,2025-07-14,2.66,2.653,2.66,2.645,1055459,280007029.478,0.56,-0.26,-0.007,6.19
159845,2025-07-15,2.648,2.645,2.66,2.62,1293153,341080873.863,1.51,-0.3,-0.008,7.59
159845,2025-07-16,2.64,2.652,2.667,2.639,835886,221883146.73,1.06,0.26,0.007,4.9
159845,2025-07-17,2.654,2.687,2.688,2.648,1299454,346740628.029,1.51,1.32,0.035,7.62
159845,2025-07-18,2.694,2.693,2.701,2.677,985015,264953362.428,0.89,0.22,0.006,5.78
159845,2025-07-21,2.689,2.717,2.718,2.685,1315055,356436142.921,1.23,0.89,0.024,7.72
159845,2025-07-22,2.717,2.727,2.731,2.708,765466,208224697.066,0.85,0.37,0.01,4.49
159845,2025-07-23,2.734,2.719,2.745,2.712,910572,248324522.045,1.21,-0.29,-0.008,5.34
159845,2025-07-24,2.717,2.758,2.759,2.714,1461205,400633005.374,1.66,1.43,0.039,8.57
159845,2025-07-25,2.764,2.754,2.764,2.741,1097493,302040981.106,0.83,-0.15,-0.004,6.44
159845,2025-07-28,2.754,2.765,2.77,2.741,1723146,475505303.533,1.05,0.4,0.011,10.11
159845,2025-07-29,2.762,2.785,2.785,2.744,841508,232463380.165,1.48,0.72,0.02,4.94
159845,2025-07-30,2.785,2.764,2.785,2.742,889013,245909024.213,1.54,-0.75,-0.021,5.22
159845,2025-07-31,2.756,2.735,2.772,2.728,1138582,313724906.712,1.59,-1.05,-0.029,6.68
159845,2025-08-01,2.734,2.74,2.757,2.722,646748,177467394.534,1.28,0.18,0.005,3.79
159845,2025-08-04,2.735,2.772,2.772,2.723,874879,240865651.292,1.79,1.17,0.032,5.13
159845,2025-08-05,2.772,2.79,2.79,2.77,514126,142906350.287,0.72,0.65,0.018,3.02
159845,2025-08-06,2.79,2.822,2.826,2.782,792121,222450567.237,1.58,1.15,0.032,4.65
159845,2025-08-07,2.825,2.82,2.831,2.8,979550,275827336.588,1.1,-0.07,-0.002,5.75
159845,2025-08-08,2.819,2.815,2.821,2.801,966732,271962309.348,0.71,-0.18,-0.005,5.67
159845,2025-08-11,2.817,2.852,2.863,2.817,1527984,434966368.49,1.63,1.31,0.037,8.96
159845,2025-08-12,2.855,2.861,2.863,2.837,1049279,299226307.601,0.91,0.32,0.009,6.16
159845,2025-08-13,2.862,2.905,2.912,2.862,1192031,344234826.841,1.75,1.54,0.044,6.99
159845,2025-08-14,2.905,2.874,2.912,2.863,993078,287132611.869,1.69,-1.07,-0.031,5.83
159845,2025-08-15,2.865,2.929,2.93,2.86,1107429,321751623.953,2.44,1.91,0.055,6.5
159845,2025-08-18,2.949,2.978,2.993,2.934,1926867,572441611.839,2.01,1.67,0.049,11.31
159845,2025-08-19,2.976,2.981,2.997,2.959,1538654,458355855.021,1.28,0.1,0.003,9.03
159845,2025-08-20,2.975,3.008,3.008,2.944,1580751,470087321.649,2.15,0.91,0.027,9.27
159845,2025-08-21,3.025,2.983,3.025,2.969,1806299,540867429.921,1.86,-0.83,-0.025,10.6
159845,2025-08-22,2.981,3.035,3.037,2.981,1463607,440796261.01,1.88,1.74,0.052,8.59
159845,2025-08-25,3.048,3.071,3.092,3.042,1457454,446870143.634,1.65,1.19,0.036,8.55
159845,2025-08-26,3.068,3.073,3.097,3.055,918049,282249076.95,1.37,0.07,0.002,5.39
159845,2025-08-27,3.092,3.016,3.112,3.014,1447755,445274671.557,3.19,-1.85,-0.057,8.49
159845,2025-08-28,3.017,3.063,3.067,2.968,2052394,620076425.126,3.28,1.56,0.047,12.04
159845,2025-08-29,3.059,3.052,3.08,3.031,1198463,365730950.323,1.6,-0.36,-0.011,7.03
159845,2025-09-01,3.058,3.085,3.085,3.05,908738,278945876.727,1.15,1.08,0.033,5.33
159845,2025-09-02,3.072,3.01,3.079,2.985,1204169,363314363.165,3.05,-2.43,-0.075,7.06
159845,2025-09-03,3.009,2.964,3.025,2.95,1152293,344418788.637,2.49,-1.53,-0.046,6.76
159845,2025-09-04,2.964,2.895,2.983,2.857,2081002,607469681.087,4.25,-2.33,-0.069,12.21
159845,2025-09-05,2.895,2.981,2.988,2.89,1631013,478974936.79,3.39,2.97,0.086,9.57
159845,2025-09-08,2.982,3.004,3.015,2.966,1863565,556344453.276,1.64,0.77,0.023,10.93
159845,2025-09-09,2.994,2.97,3.008,2.958,1678306,500996112.6,1.66,-1.13,-0.034,9.85
159845,2025-09-10,2.956,2.973,3.003,2.955,878087,261547246.586,1.62,0.1,0.003,5.15
159845,2025-09-11,2.971,3.055,3.055,2.942,1228304,370302998.262,3.8,2.76,0.082,7.21
159845,2025-09-12,3.05,3.054,3.076,3.04,911286,278708828.093,1.18,-0.03,-0.001,5.35
159845,2025-09-15,3.057,3.047,3.067,3.044,832636,254331091.27,0.75,-0.23,-0.007,4.89
159845,2025-09-16,3.051,3.085,3.086,3.026,768267,234935347.312,1.97,1.25,0.038,4.51
159845,2025-09-17,3.076,3.11,3.117,3.068,984177,305401380.857,1.59,0.81,0.025,5.77
159845,2025-09-18,3.111,3.073,3.154,3.04,1456239,452579133.459,3.67,-1.19,-0.037,8.54
159845,2025-09-19,3.074,3.061,3.094,3.044,1083765,332872004.942,1.63,-0.39,-0.012,6.36
159845,2025-09-22,3.07,3.08,3.084,3.051,1027378,315423367.095,1.08,0.62,0.019,6.03
159845,2025-09-23,3.08,3.048,3.086,2.992,1316154,398819058.73,3.05,-1.04,-0.032,7.72
159845,2025-09-24,3.028,3.102,3.103,3.02,923549,283444592.389,2.72,1.77,0.054,5.42
159845,2025-09-25,3.1,3.086,3.113,3.083,1002717,310480017.602,0.97,-0.52,-0.016,5.88
159845,2025-09-26,3.068,3.051,3.094,3.046,867123,266241995.73,1.56,-1.13,-0.035,5.09
159845,2025-09-29,3.062,3.089,3.1,3.036,1526607,470085153.546,2.1,1.25,0.038,8.96
159845,2025-09-30,3.088,3.12,3.13,3.087,894879,278676904.517,1.39,1.0,0.031,5.25
159845,2025-10-09,3.118,3.139,3.157,3.118,1189427,374014949.818,1.25,0.61,0.019,6.98
159845,2025-10-10,3.13,3.102,3.135,3.092,1242912,386668711.656,1.37,-1.18,-0.037,7.29
159845,2025-10-13,3.0,3.1,3.103,2.986,2168754,662605900.456,3.77,-0.06,-0.002,12.72
159845,2025-10-14,3.107,3.034,3.131,3.02,2398781,738868034.331,3.58,-2.13,-0.066,14.07
159845,2025-10-15,3.038,3.082,3.082,3.012,961827,293127305.171,2.31,1.58,0.048,5.64
159845,2025-10-16,3.064,3.044,3.078,3.035,1191159,364316919.46,1.4,-1.23,-0.038,6.99
159845,2025-10-17,3.044,2.964,3.06,2.958,1621698,486025785.698,3.35,-2.63,-0.08,9.51
159845,2025-10-20,2.995,2.977,3.008,2.964,965756,288466414.759,1.48,0.44,0.013,5.67
159845,2025-10-21,2.987,3.02,3.029,2.977,1688998,508922565.044,1.75,1.44,0.043,9.91
159845,2025-10-22,3.006,3.009,3.025,2.994,1196168,359894720.306,1.03,-0.36,-0.011,7.02
159845,2025-10-23,2.994,3.011,3.017,2.96,1136233,338625840.634,1.89,0.07,0.002,6.67
159845,2025-10-24,3.013,3.059,3.061,3.013,1255652,382068318.606,1.59,1.59,0.048,7.37
159845,2025-10-27,3.078,3.082,3.096,3.059,1250831,385373695.14,1.21,0.75,0.023,7.34
159845,2025-10-28,3.069,3.079,3.107,3.065,981834,302928350.445,1.36,-0.1,-0.003,5.76
159845,2025-10-29,3.074,3.118,3.118,3.073,741912,229683608.534,1.46,1.27,0.039,4.35
159845,2025-10-30,3.11,3.086,3.118,3.08,1123063,347961794.643,1.22,-1.03,-0.032,6.59
159845,2025-10-31,3.086,3.089,3.128,3.082,957202,297317120.532,1.49,0.1,0.003,5.62
159845,2025-11-03,3.088,3.106,3.108,3.052,1068418,328641502.889,1.81,0.55,0.017,6.27
159845,2025-11-04,3.108,3.06,3.108,3.04,875491,268507446.787,2.19,-1.48,-0.046,5.14
159845,2025-11-05,3.012,3.072,3.085,3.012,839416,256738634.973,2.39,0.39,0.012,4.92
159845,2025-11-06,3.074,3.11,3.113,3.072,715482,221481949.177,1.33,1.24,0.038,4.2
159845,2025-11-07,3.1,3.106,3.123,3.083,565947,175764004.775,1.29,-0.13,-0.004,3.32
159845,2025-11-10,3.121,3.113,3.128,3.095,793672,246834090.84,1.06,0.23,0.007,4.66
159845,2025-11-11,3.117,3.105,3.132,3.097,756492,235540517.215,1.12,-0.26,-0.008,4.44
159845,2025-11-12,3.099,3.085,3.106,3.058,575705,177484229.235,1.55,-0.64,-0.02,3.38
159845,2025-11-13,3.077,3.13,3.135,3.077,663926,206709442.774,1.88,1.46,0.045,3.9
159845,2025-11-14,3.12,3.09,3.126,3.09,837956,260872190.057,1.15,-1.28,-0.04,4.92
159845,2025-11-17,3.088,3.093,3.106,3.082,553058,171147327.941,0.78,0.1,0.003,3.24
159845,2025-11-18,3.101,3.073,3.101,3.056,1699366,523035188.588,1.45,-0.65,-0.02,9.97
159845,2025-11-19,3.077,3.046,3.082,3.027,1566437,477440865.402,1.79,-0.88,-0.027,9.19
159845,2025-11-20,3.059,3.028,3.068,3.022,2184318,662942080.136,1.51,-0.59,-0.018,12.82
159845,2025-11-21,2.986,2.917,3.012,2.911,6020493,1780685596.845,3.34,-3.67,-0.111,35.32
159845,2025-11-24,2.921,2.946,2.96,2.909,3771107,1106666926.215,1.75,0.99,0.029,22.13
159845,2025-11-25,2.967,2.98,3.01,2.949,4469896,1337803976.135,2.07,1.15,0.034,26.23
159845,2025-11-26,2.989,2.983,3.009,2.973,2650470,794098498.86,1.21,0.1,0.003,15.55
159845,2025-11-27,2.978,2.985,3.02,2.978,3104750,933351273.8,1.41,0.07,0.002,18.22
159845,2025-11-28,2.98,3.024,3.024,2.98,2128140,639273706.907,1.47,1.31,0.039,12.49
159845,2025-12-01,3.028,3.039,3.046,3.022,2854240,866370815.191,0.79,0.5,0.015,16.75
159845,2025-12-02,3.032,3.015,3.035,3.007,2353121,709095576.884,0.92,-0.79,-0.024,13.81
159845,2025-12-03,3.016,2.987,3.018,2.978,3195348,956356532.041,1.33,-0.93,-0.028,18.75
159845,2025-12-04,2.989,2.989,2.997,2.961,3278452,977644244.537,1.21,0.07,0.002,19.23
159845,2025-12-05,2.988,3.031,3.031,2.964,4558802,1368781712.079,2.24,1.41,0.042,26.75
159845,2025-12-08,3.036,3.057,3.068,3.036,4535946,1385155890.96,1.06,0.86,0.026,26.61
159845,2025-12-09,3.051,3.042,3.066,3.039,2917596,890450420.178,0.88,-0.49,-0.015,17.12
159845,2025-12-10,3.042,3.053,3.059,3.02,3337728,1012910806.168,1.28,0.36,0.011,19.58
159845,2025-12-11,3.063,3.019,3.065,3.018,3745447,1138126291.974,1.54,-1.11,-0.034,21.97
159845,2025-12-12,3.012,3.039,3.05,3.008,5482603,1658122890.452,1.39,0.66,0.02,32.17
159845,2025-12-15,3.021,3.014,3.041,3.011,3378930,1022254746.5,0.99,-0.82,-0.025,19.82
159845,2025-12-16,3.008,2.965,3.009,2.946,4646671,1376655340.935,2.09,-1.63,-0.049,27.26
159845,2025-12-17,2.955,3.004,3.014,2.949,5756857,1709728481.116,2.19,1.32,0.039,33.78
159845,2025-12-18,2.981,2.999,3.028,2.98,5007250,1508117628.526,1.6,-0.17,-0.005,29.38
159845,2025-12-19,3.0,3.022,3.035,2.999,5158919,1558965031.797,1.2,0.77,0.023,30.27
159845,2025-12-22,3.023,3.052,3.065,3.023,4664375,1425035855.327,1.39,0.99,0.03,27.37
159845,2025-12-23,3.05,3.047,3.071,3.039,3465369,1057569330.232,1.05,-0.16,-0.005,20.33
159845,2025-12-24,3.07,3.098,3.101,3.045,4751269,1465359567.028,1.84,1.67,0.051,27.88
159845,2025-12-25,3.099,3.126,3.134,3.088,4978479,1550799858.934,1.48,0.9,0.028,29.21
159845,2025-12-26,3.126,3.137,3.155,3.116,6151679,1931716220.029,1.25,0.35,0.011,36.09
159845,2025-12-29,3.131,3.127,3.149,3.12,4376249,1372987550.36,0.92,-0.32,-0.01,25.68
159845,2025-12-30,3.119,3.135,3.151,3.114,3910070,1226631246.891,1.18,0.26,0.008,22.94
159845,2025-12-31,3.135,3.132,3.142,3.114,4245079,1328491827.686,0.89,-0.1,-0.003,24.91
159845,2026-01-05,3.15,3.199,3.2,3.14,4350258,1383179658.109,1.92,2.14,0.067,25.52
159845,2026-01-06,3.205,3.245,3.246,3.198,5049008,1628062039.824,1.5,1.44,0.046,29.62
159845,2026-01-07,3.25,3.259,3.274,3.243,6148371,2003276743.669,0.96,0.43,0.014,36.07
159845,2026-01-08,3.252,3.286,3.299,3.25,4395503,1442590778.468,1.5,0.83,0.027,25.79
159845,2026-01-09,3.281,3.365,3.365,3.281,7388947,2467227390.303,2.56,2.4,0.079,43.35
159845,2026-01-12,3.37,3.464,3.471,3.37,8902267,3049113198.557,3.0,2.94,0.099,52.23
159845,2026-01-13,3.461,3.396,3.468,3.376,9783907,3335062446.117,2.66,-1.96,-0.068,57.4
159845,2026-01-14,3.39,3.397,3.478,3.36,14477400,4962460451.178,3.47,0.03,0.001,84.94
159845,2026-01-15,3.387,3.401,3.408,3.358,4861234,1646440263.836,1.47,0.12,0.004,28.52
159845,2026-01-16,3.401,3.397,3.431,3.367,19351921,6549131255.227,1.88,-0.12,-0.004,113.54
159845,2026-01-19,3.378,3.404,3.425,3.373,15769538,5368977738.88,1.53,0.21,0.007,92.52
159845,2026-01-20,3.404,3.375,3.42,3.338,13211106,4458106807.503,2.41,-0.85,-0.029,77.51
159845,2026-01-21,3.36,3.392,3.421,3.35,27047101,9184476621.249,2.1,0.5,0.017,158.69
159845,2026-01-22,3.398,3.431,3.431,3.393,19155205,6536585079.517,1.12,1.15,0.039,112.39
159845,2026-01-23,3.43,3.505,3.505,3.43,25619563,8893376067.876,2.19,2.16,0.074,150.31
159845,2026-01-26,3.503,3.446,3.523,3.419,22030275,7627481317.877,2.97,-1.68,-0.059,129.25
159845,2026-01-27,3.416,3.46,3.469,3.373,13336546,4577452610.649,2.79,0.41,0.014,78.25
159845,2026-01-28,3.456,3.461,3.476,3.431,18795720,6490048457.946,1.3,0.03,0.001,110.28
159845,2026-01-29,3.443,3.442,3.494,3.425,14083318,4866815647.455,1.99,-0.55,-0.019,82.63
159845,2026-01-30,3.42,3.406,3.439,3.324,6289885,2128642002.406,3.34,-1.05,-0.036,36.9
159845,2026-02-02,3.351,3.276,3.394,3.267,11226190,3725523670.367,3.73,-3.82,-0.13,65.86
159845,2026-02-03,3.312,3.379,3.387,3.3,6115422,2046943502.883,2.66,3.14,0.103,35.88
159845,2026-02-04,3.367,3.383,3.391,3.336,8701732,2921237674.338,1.63,0.12,0.004,51.05
159845,2026-02-05,3.351,3.331,3.361,3.304,5212269,1734349527.575,1.68,-1.54,-0.052,30.58
159845,2026-02-06,3.294,3.317,3.364,3.271,8525120,2839722266.809,2.79,-0.42,-0.014,50.02
159845,2026-02-09,3.351,3.399,3.399,3.351,5175587,1752765406.676,1.45,2.47,0.082,30.37
159845,2026-02-10,3.396,3.398,3.409,3.378,4235014,1439550260.224,0.91,-0.03,-0.001,24.85
159845,2026-02-11,3.398,3.402,3.426,3.397,5138420,1752096891.116,0.85,0.12,0.004,30.15
159845,2026-02-12,3.398,3.432,3.441,3.387,5860607,2006924260.103,1.59,0.88,0.03,34.38
159845,2026-02-13,3.412,3.385,3.432,3.379,8445140,2875881634.257,1.54,-1.37,-0.047,49.55
159845,2026-02-24,3.419,3.422,3.449,3.396,5331527,1826224285.94,1.57,1.09,0.037,31.28
159845,2026-02-25,3.425,3.478,3.481,3.423,9418863,3263698348.617,1.69,1.64,0.056,55.26
159845,2026-02-26,3.478,3.498,3.5,3.458,8176745,2844913712.841,1.21,0.58,0.02,47.97
159845,2026-02-27,3.469,3.532,3.532,3.467,7287681,2559626665.585,1.86,0.97,0.034,42.76
159845,2026-03-02,3.498,3.49,3.521,3.458,8328144,2907460089.37,1.78,-1.19,-0.042,48.86
159845,2026-03-03,3.49,3.361,3.507,3.351,7631166,2604377415.127,4.47,-3.7,-0.129,44.77
159845,2026-03-04,3.31,3.336,3.396,3.31,7426653,2490651462.284,2.56,-0.74,-0.025,43.57
159845,2026-03-05,3.382,3.367,3.393,3.344,6375042,2150520870.889,1.47,0.93,0.031,37.4
159845,2026-03-06,3.35,3.396,3.411,3.341,5229476,1769281852.104,2.08,0.86,0.029,30.68
159845,2026-03-09,3.345,3.38,3.395,3.289,6151581,2051386836.536,3.12,-0.47,-0.016,36.09
159845,2026-03-10,3.399,3.437,3.443,3.399,5995004,2053339946.763,1.3,1.69,0.057,35.17
159845,2026-03-11,3.435,3.441,3.46,3.434,4290648,1478853131.461,0.76,0.12,0.004,25.17
159845,2026-03-12,3.438,3.434,3.456,3.407,4194760,1439526878.749,1.42,-0.2,-0.007,24.61
159845,2026-03-13,3.421,3.387,3.443,3.379,4900474,1673374611.977,1.86,-1.37,-0.047,28.75
159845,2026-03-16,3.386,3.383,3.393,3.332,4530089,1523223710.353,1.8,-0.12,-0.004,26.58
159845,2026-03-17,3.38,3.31,3.39,3.305,5221825,1745919750.659,2.51,-2.16,-0.073,30.64
159845,2026-03-18,3.317,3.334,3.339,3.284,8134090,2696144711.676,1.66,0.73,0.024,47.72
159845,2026-03-19,3.284,3.264,3.315,3.246,6388031,2092823999.792,2.07,-2.1,-0.07,37.48
159845,2026-03-20,3.276,3.206,3.295,3.205,6834019,2224147057.61,2.76,-1.78,-0.058,40.1
159845,2026-03-23,3.159,3.06,3.182,3.034,7604710,2363008720.802,4.62,-4.55,-0.146,44.62
159845,2026-03-24,3.099,3.129,3.134,3.037,6572079,2025614182.414,3.17,2.25,0.069,38.56
159845,2026-03-25,3.156,3.193,3.209,3.144,6275661,2000924665.729,2.08,2.05,0.064,36.82
159845,2026-03-26,3.187,3.144,3.202,3.136,3460980,1097149939.867,2.07,-1.53,-0.049,20.31
159845,2026-03-27,3.093,3.192,3.209,3.093,4269506,1352690007.9,3.69,1.53,0.048,25.05
159845,2026-03-30,3.156,3.199,3.206,3.137,4905634,1554036183.25,2.16,0.22,0.007,28.78
159845,2026-03-31,3.186,3.146,3.214,3.14,3808925,1209238285.93,2.31,-1.66,-0.053,22.35
159845,2026-04-01,3.197,3.199,3.21,3.17,3568640,1138201216.848,1.27,1.68,0.053,20.94
159845,2026-04-02,3.175,3.145,3.201,3.123,4538399,1435566044.633,2.44,-1.69,-0.054,26.63
159845,2026-04-03,3.153,3.107,3.16,3.099,3880622,1211063329.508,1.94,-1.21,-0.038,22.77
159845,2026-04-07,3.108,3.138,3.151,3.108,3673117,1151368748.034,1.38,1.0,0.031,21.55
159845,2026-04-08,3.201,3.279,3.279,3.192,6576695,2129969716.618,2.77,4.49,0.141,38.59
159845,2026-04-09,3.247,3.265,3.279,3.245,5693982,1859425376.888,1.04,-0.43,-0.014,33.41
159845,2026-04-10,3.281,3.295,3.325,3.281,2808894,928747041.762,1.35,0.92,0.03,16.48
159845,2026-04-13,3.277,3.305,3.312,3.275,4022660,1328402364.599,1.12,0.3,0.01,23.6
159845,2026-04-14,3.327,3.357,3.358,3.321,3515408,1172677226.24,1.12,1.57,0.052,20.63
159845,2026-04-15,3.381,3.341,3.387,3.334,3280631,1101531908.458,1.58,-0.48,-0.016,19.25
159845,2026-04-16,3.345,3.395,3.399,3.344,4632871,1564627430.093,1.65,1.62,0.054,27.18
159845,2026-04-17,3.382,3.434,3.441,3.382,4886904,1667681059.16,1.74,1.15,0.039,28.67
159845,2026-04-20,3.43,3.443,3.458,3.424,5977551,2058685447.759,0.99,0.26,0.009,35.07
159845,2026-04-21,3.434,3.44,3.447,3.408,4864928,1667180880.17,1.13,-0.09,-0.003,28.54
159845,2026-04-22,3.427,3.501,3.501,3.426,5425888,1886526637.581,2.18,1.77,0.061,31.83
159845,2026-04-23,3.495,3.455,3.506,3.427,5732794,1980125647.598,2.26,-1.31,-0.046,33.63
159845,2026-04-24,3.43,3.429,3.454,3.408,5571965,1908902260.784,1.33,-0.75,-0.026,32.69
159845,2026-04-27,3.43,3.438,3.453,3.408,4860819,1670338662.318,1.31,0.26,0.009,28.52
159845,2026-04-28,3.415,3.399,3.434,3.38,4995702,1699934411.552,1.57,-1.13,-0.039,29.31
159845,2026-04-29,3.367,3.445,3.454,3.366,6824936,2336018056.234,2.59,1.35,0.046,40.04
159845,2026-04-30,3.443,3.461,3.467,3.434,5696324,1965110673.728,0.96,0.46,0.016,33.42
159845,2026-05-06,3.485,3.538,3.558,3.485,11545414,4083625617.571,2.11,2.22,0.077,67.74
159845,2026-05-07,3.55,3.598,3.6,3.54,4402992,1571956453.917,1.7,1.7,0.06,25.83
159845,2026-05-08,3.564,3.607,3.617,3.564,5196370,1868908904.824,1.47,0.25,0.009,30.49
159845,2026-05-11,3.623,3.654,3.671,3.615,8290612,3023691727.073,1.55,1.3,0.047,48.64
159845,2026-05-12,3.65,3.639,3.663,3.616,4629049,1683895236.673,1.29,-0.41,-0.015,27.16
159845,2026-05-13,3.615,3.696,3.705,3.613,5108553,1872761032.847,2.53,1.57,0.057,29.97
159845,2026-05-14,3.712,3.633,3.723,3.631,5889868,2160395952.054,2.49,-1.7,-0.063,34.56
159845,2026-05-15,3.641,3.588,3.658,3.561,6714469,2421001203.588,2.67,-1.24,-0.045,39.39
159845,2026-05-18,3.561,3.605,3.625,3.559,6293749,2263865123.137,1.84,0.47,0.017,36.93
159845,2026-05-19,3.597,3.638,3.639,3.552,5033604,1808275456.584,2.41,0.92,0.033,29.53
159845,2026-05-20,3.624,3.642,3.643,3.591,6598923,2385286885.433,1.43,0.11,0.004,38.72
159845,2026-05-21,3.646,3.519,3.682,3.511,7728954,2772341385.618,4.7,-3.38,-0.123,45.35
159845,2026-05-22,3.539,3.592,3.607,3.528,8506522,3039955010.827,2.24,2.07,0.073,49.91
159845,2026-05-25,3.6,3.636,3.637,3.58,5971809,2158237453.042,1.59,1.22,0.044,35.04
159845,2026-05-26,3.617,3.591,3.617,3.54,4377705,1565976385.202,2.12,-1.24,-0.045,25.68
159845,2026-05-27,3.578,3.536,3.614,3.512,5620836,2006041369.156,2.84,-1.53,-0.055,32.98
159845,2026-05-28,3.524,3.572,3.581,3.5,4792493,1692339238.313,2.29,1.02,0.036,28.12
159845,2026-05-29,3.57,3.477,3.588,3.459,5978446,2094466187.95,3.61,-2.66,-0.095,35.08
159845,2026-06-01,3.467,3.456,3.519,3.453,8628753,3002638129.872,1.9,-0.6,-0.021,50.63
159845,2026-06-02,3.453,3.466,3.49,3.403,9284822,3205327876.201,2.52,0.29,0.01,54.47
159845,2026-06-03,3.463,3.482,3.534,3.456,8258680,2892833588.397,2.25,0.46,0.016,48.45
