code,date,open,close,high,low,volume,amount,amplitude,pct_chg,price_change,turnover_rate
159845,2021-03-31,2.396,2.403,2.411,2.392,1279985.0,,,,,
159845,2021-04-01,2.407,2.426,2.43,2.407,879884.0,,0.9571369121930974,0.9571369121930974,0.02300000000000013,
159845,2021-04-02,2.43,2.434,2.445,2.422,629428.0,,0.9480626545754199,0.3297609233305856,0.008000000000000007,
159845,2021-04-06,2.445,2.457,2.464,2.422,635956.0,,1.7255546425636734,0.9449465899753363,0.022999999999999687,
159845,2021-04-07,2.457,2.453,2.457,2.438,402043.0,,0.7733007733007605,-0.16280016280016293,-0.0040000000000000036,
159845,2021-04-08,2.457,2.453,2.468,2.441,487412.0,,1.1006930289441557,0.0,0.0,
159845,2021-04-09,2.457,2.453,2.457,2.441,462566.0,,0.652262535670608,0.0,0.0,
159845,2021-04-12,2.464,2.403,2.464,2.396,697597.0,,2.772115776600084,-2.038320423970641,-0.04999999999999982,
159845,2021-04-13,2.403,2.384,2.403,2.381,495445.0,,0.9155222638368807,-0.7906783187682117,-0.019000000000000128,
159845,2021-04-14,2.384,2.422,2.422,2.384,670668.0,,1.5939597315436351,1.5939597315436351,0.038000000000000256,
159845,2021-04-15,2.415,2.407,2.415,2.396,567516.0,,0.7844756399669747,-0.6193228736581389,-0.015000000000000124,
159845,2021-04-16,2.407,2.438,2.441,2.407,537989.0,,1.4125467386788453,1.2879102617366074,0.03100000000000014,
159845,2021-04-19,2.434,2.476,2.479,2.434,717947.0,,1.8457752255947468,1.55865463494667,0.03799999999999981,
159845,2021-04-20,2.472,2.476,2.491,2.445,716010.0,,1.85783521809371,0.0,0.0,
159845,2021-04-21,2.472,2.472,2.479,2.449,731939.0,,1.211631663974162,-0.16155088852988705,-0.0040000000000000036,
159845,2021-04-22,2.476,2.476,2.483,2.472,812759.0,,0.4449838187702314,0.16181229773462796,0.0040000000000000036,
159845,2021-04-23,2.476,2.476,2.479,2.46,764230.0,,0.767366720516968,0.0,0.0,
159845,2021-04-26,2.476,2.468,2.498,2.464,723105.0,,1.373182552504049,-0.3231017770597741,-0.008000000000000007,
159845,2021-04-27,2.468,2.445,2.468,2.43,782388.0,,1.5397082658022616,-0.9319286871961155,-0.02300000000000013,
159845,2021-04-28,2.445,2.46,2.468,2.441,807076.0,,1.104294478527613,0.6134969325153425,0.015000000000000124,
159845,2021-04-29,2.457,2.457,2.472,2.453,711249.0,,0.772357723577241,-0.12195121951219974,-0.0030000000000001137,
159845,2021-04-30,2.453,2.449,2.453,2.434,827003.0,,0.7733007733007605,-0.32560032560032587,-0.008000000000000007,
159845,2021-05-06,2.453,2.457,2.46,2.434,780473.0,,1.0616578195181625,0.32666394446712976,0.008000000000000007,
159845,2021-05-07,2.457,2.43,2.46,2.426,703749.0,,1.383801383801376,-1.0989010989010863,-0.02699999999999969,
159845,2021-05-10,2.43,2.422,2.441,2.419,797727.0,,0.9053497942386748,-0.32921810699588505,-0.008000000000000007,
159845,2021-05-11,2.422,2.438,2.441,2.4,807688.0,,1.6928158546655625,0.6606110652353433,0.016000000000000014,
159845,2021-05-12,2.434,2.468,2.472,2.422,820396.0,,2.0508613617719367,1.2305168170631584,0.029999999999999805,
159845,2021-05-13,2.445,2.453,2.472,2.438,740963.0,,1.3776337115072856,-0.6077795786061639,-0.015000000000000124,
159845,2021-05-14,2.453,2.479,2.487,2.449,857310.0,,1.549123522217703,1.059926620464747,0.026000000000000245,
159845,2021-05-17,2.483,2.476,2.495,2.472,899258.0,,0.9277934651069032,-0.12101653892699128,-0.0030000000000001137,
159845,2021-05-18,2.479,2.495,2.495,2.472,731086.0,,0.928917609046855,0.767366720516968,0.019000000000000128,
159845,2021-05-19,2.495,2.495,2.498,2.476,896855.0,,0.8817635270541179,0.0,0.0,
159845,2021-05-20,2.498,2.495,2.502,2.479,897323.0,,0.921843687374737,0.0,0.0,
159845,2021-05-21,2.498,2.495,2.506,2.491,737925.0,,0.6012024048096064,0.0,0.0,
159845,2021-05-24,2.487,2.525,2.525,2.487,772735.0,,1.5230460921843612,1.2024048096192306,0.029999999999999805,
159845,2021-05-25,2.525,2.544,2.552,2.521,748996.0,,1.2277227722772333,0.7524752475247576,0.019000000000000128,
159845,2021-05-26,2.548,2.567,2.571,2.544,745427.0,,1.0613207547169865,0.9040880503144706,0.02300000000000013,
159845,2021-05-27,2.567,2.589,2.589,2.559,747748.0,,1.1686793922867085,0.8570315543435838,0.021999999999999797,
159845,2021-05-28,2.593,2.593,2.605,2.578,927347.0,,1.0428736964078846,0.15449980687524156,0.0040000000000000036,
159845,2021-05-31,2.593,2.631,2.631,2.593,802192.0,,1.4654839953721486,1.4654839953721486,0.03799999999999981,
159845,2021-06-01,2.631,2.65,2.658,2.616,818111.0,,1.596351197263391,0.7221588749524945,0.019000000000000128,
159845,2021-06-02,2.65,2.624,2.65,2.616,791870.0,,1.2830188679245211,-0.9811320754716907,-0.0259999999999998,
159845,2021-06-03,2.608,2.624,2.643,2.608,825522.0,,1.3338414634146227,0.0,0.0,
159845,2021-06-04,2.62,2.635,2.639,2.605,870283.0,,1.2957317073170658,0.41920731707315834,0.010999999999999677,
159845,2021-06-07,2.631,2.665,2.669,2.627,797949.0,,1.5939278937381502,1.1385199240986812,0.03000000000000025,
159845,2021-06-08,2.669,2.646,2.681,2.639,712742.0,,1.5759849906191465,-0.7129455909943763,-0.019000000000000128,
159845,2021-06-09,2.631,2.654,2.654,2.631,744542.0,,0.8692365835223028,0.3023431594860169,0.008000000000000007,
159845,2021-06-10,2.654,2.688,2.688,2.643,750992.0,,1.6955538809344528,1.2810851544838076,0.03400000000000025,
159845,2021-06-11,2.688,2.669,2.692,2.665,708763.0,,1.0044642857142907,-0.7068452380952428,-0.019000000000000128,
159845,2021-06-15,2.669,2.654,2.673,2.643,807924.0,,1.1240164855751311,-0.5620082427875656,-0.015000000000000124,
159845,2021-06-16,2.654,2.601,2.654,2.593,739951.0,,2.2984174830444593,-1.9969856819894476,-0.052999999999999936,
159845,2021-06-17,2.597,2.646,2.65,2.597,808364.0,,2.0376778162245266,1.7301038062283711,0.04499999999999993,
159845,2021-06-18,2.658,2.669,2.673,2.639,768872.0,,1.2849584278155803,0.8692365835223028,0.02300000000000013,
159845,2021-06-21,2.65,2.711,2.715,2.65,674255.0,,2.4353690520794284,1.5736230798051636,0.041999999999999815,
159845,2021-06-22,2.711,2.734,2.81,2.707,715205.0,,3.7993360383622354,0.8483954260420559,0.02300000000000013,
159845,2021-06-23,2.734,2.753,2.757,2.722,660667.0,,1.280175566934899,0.6949524506218042,0.019000000000000128,
159845,2021-06-24,2.753,2.726,2.757,2.722,739414.0,,1.2713403559753047,-0.9807482746095217,-0.027000000000000135,
159845,2021-06-25,2.726,2.738,2.741,2.711,813770.0,,1.100513573000743,0.44020542920029393,0.01200000000000001,
159845,2021-06-28,2.749,2.757,2.764,2.734,650318.0,,1.095690284879467,0.6939371804236716,0.019000000000000128,
159845,2021-06-29,2.753,2.741,2.764,2.734,637695.0,,1.0881392818280669,-0.5803409503083067,-0.016000000000000014,
159845,2021-06-30,2.741,2.768,2.772,2.741,590132.0,,1.130974097044863,0.9850419554906855,0.02699999999999969,
159845,2021-07-01,2.768,2.726,2.772,2.722,666551.0,,1.8063583815028836,-1.5173410404624212,-0.041999999999999815,
159845,2021-07-02,2.719,2.707,2.722,2.703,556089.0,,0.6969919295671361,-0.6969919295671361,-0.019000000000000128,
159845,2021-07-05,2.703,2.734,2.738,2.703,628388.0,,1.2929442186922846,0.9974141115626205,0.027000000000000135,
159845,2021-07-06,2.734,2.738,2.757,2.7,843769.0,,2.084857351865397,0.14630577907827372,0.0040000000000000036,
159845,2021-07-07,2.726,2.779,2.783,2.715,745577.0,,2.48356464572681,1.4974433893352785,0.040999999999999925,
159845,2021-07-08,2.791,2.795,2.798,2.783,760299.0,,0.5397625044980253,0.5757466714645562,0.016000000000000014,
159845,2021-07-09,2.795,2.81,2.817,2.753,594534.0,,2.2898032200357803,0.53667262969589,0.015000000000000124,
159845,2021-07-12,2.798,2.867,2.867,2.798,623728.0,,2.4555160142348735,2.028469750889678,0.05699999999999994,
159845,2021-07-13,2.859,2.878,2.882,2.851,643681.0,,1.0812696198116545,0.38367631670736385,0.01100000000000012,
159845,2021-07-14,2.878,2.848,2.878,2.844,766541.0,,1.1813759555246786,-1.0423905489923644,-0.03000000000000025,
159845,2021-07-15,2.848,2.836,2.848,2.791,661705.0,,2.0014044943820206,-0.421348314606742,-0.01200000000000001,
159845,2021-07-16,2.832,2.844,2.87,2.829,751093.0,,1.445698166431591,0.2820874471086039,0.008000000000000007,
159845,2021-07-19,2.844,2.829,2.851,2.821,659519.0,,1.0548523206750986,-0.5274261603375415,-0.01499999999999968,
159845,2021-07-20,2.825,2.848,2.848,2.81,654484.0,,1.3432308236125772,0.6716154118062807,0.018999999999999684,
159845,2021-07-21,2.848,2.908,2.916,2.848,751849.0,,2.3876404494382046,2.10674157303371,0.06000000000000005,
159845,2021-07-22,2.897,2.927,2.927,2.889,609732.0,,1.3067400275103251,0.6533700137551626,0.019000000000000128,
159845,2021-07-23,2.924,2.912,2.943,2.893,947811.0,,1.708233686368304,-0.5124701059104928,-0.015000000000000124,
159845,2021-07-26,2.908,2.882,2.924,2.821,723648.0,,3.5370879120879035,-1.0302197802197737,-0.029999999999999805,
159845,2021-07-27,2.867,2.814,2.905,2.81,775209.0,,3.2963219986120658,-2.3594725884802243,-0.06800000000000006,
159845,2021-07-28,2.76,2.741,2.81,2.669,982490.0,,5.010660980810235,-2.59417199715707,-0.07299999999999995,
159845,2021-07-29,2.757,2.836,2.851,2.757,764004.0,,3.4294053265231614,3.4658883619117016,0.09499999999999975,
159845,2021-07-30,2.84,2.867,2.87,2.821,729677.0,,1.7277856135401952,1.0930888575458442,0.03100000000000014,
159845,2021-08-02,2.886,2.927,2.927,2.867,541404.0,,2.0927799093128723,2.0927799093128723,0.06000000000000005,
159845,2021-08-03,2.912,2.889,2.931,2.878,613389.0,,1.8107277075503907,-1.2982576016399132,-0.038000000000000256,
159845,2021-08-04,2.886,2.95,2.95,2.886,653373.0,,2.215299411561096,2.111457251644181,0.06100000000000039,
159845,2021-08-05,2.95,2.946,2.958,2.916,592093.0,,1.423728813559331,-0.13559322033898316,-0.0040000000000000036,
159845,2021-08-06,2.946,2.954,2.958,2.927,511668.0,,1.052274270196882,0.27155465037338783,0.008000000000000007,
159845,2021-08-09,2.946,2.954,2.962,2.916,577068.0,,1.5572105619499073,0.0,0.0,
159845,2021-08-10,2.946,2.981,2.981,2.946,602049.0,,1.1848341232227384,0.9140148950575386,0.02699999999999969,
159845,2021-08-11,2.984,3.007,3.007,2.962,528425.0,,1.5095605501509537,0.8721905400872273,0.026000000000000245,
159845,2021-08-12,3.007,3.03,3.038,2.996,651953.0,,1.3967409378117663,0.7648819421350078,0.022999999999999687,
159845,2021-08-13,3.03,3.03,3.057,3.007,685100.0,,1.6501650165016444,0.0,0.0,
159845,2021-08-16,3.03,2.992,3.03,2.981,518153.0,,1.617161716171615,-1.254125412541248,-0.03799999999999981,
159845,2021-08-17,2.992,2.924,2.996,2.905,686725.0,,3.041443850267386,-2.2727272727272747,-0.06800000000000006,
159845,2021-08-18,2.92,2.939,2.954,2.905,729655.0,,1.6757865937072631,0.512995896032836,0.015000000000000124,
159845,2021-08-19,2.916,2.962,2.977,2.905,657737.0,,2.4498128615175254,0.7825791085403242,0.02300000000000013,
159845,2021-08-20,2.95,2.962,2.973,2.92,630450.0,,1.789331532748141,0.0,0.0,
159845,2021-08-23,2.958,3.03,3.038,2.954,469141.0,,2.835921674544214,2.2957461174881706,0.06799999999999962,
159845,2021-08-24,3.034,3.057,3.064,3.019,656763.0,,1.485148514851483,0.8910891089108955,0.027000000000000135,
159845,2021-08-25,3.057,3.079,3.079,3.038,507821.0,,1.341184167484474,0.7196597971867924,0.02200000000000024,
159845,2021-08-26,3.075,3.041,3.079,3.038,629746.0,,1.3316011692107947,-1.234166937317319,-0.038000000000000256,
159845,2021-08-27,3.022,3.045,3.049,3.003,509968.0,,1.5126603091088398,0.13153567905294322,0.0040000000000000036,
159845,2021-08-30,3.053,3.057,3.087,3.045,742230.0,,1.3793103448275947,0.3940886699507392,0.01200000000000001,
159845,2021-08-31,3.053,3.06,3.064,3.03,595512.0,,1.1122015047432205,0.09813542688911069,0.0030000000000001137,
159845,2021-09-01,3.06,3.011,3.068,2.969,824074.0,,3.2352941176470655,-1.6013071895424815,-0.04899999999999993,
159845,2021-09-02,3.011,3.049,3.049,2.992,711306.0,,1.8930587844569888,1.2620391896379877,0.03799999999999981,
159845,2021-09-03,3.075,3.015,3.087,2.988,813447.0,,3.24696621843228,-1.1151197113807743,-0.03399999999999981,
159845,2021-09-06,3.015,3.057,3.057,2.984,718932.0,,2.4212271973465986,1.3930348258706406,0.041999999999999815,
159845,2021-09-07,3.057,3.121,3.125,3.049,576609.0,,2.486097481190712,2.0935557736342836,0.06400000000000006,
159845,2021-09-08,3.125,3.129,3.136,3.113,563219.0,,0.7369432874078863,0.2563280999679592,0.008000000000000007,
159845,2021-09-09,3.113,3.129,3.14,3.106,474638.0,,1.0866091403004234,0.0,0.0,
159845,2021-09-10,3.129,3.144,3.148,3.102,528935.0,,1.470118248641747,0.47938638542665785,0.015000000000000124,
159845,2021-09-13,3.144,3.144,3.155,3.125,525408.0,,0.9541984732824366,0.0,0.0,
159845,2021-09-14,3.136,3.136,3.189,3.125,856855.0,,2.035623409669213,-0.2544529262086516,-0.008000000000000007,
159845,2021-09-15,3.132,3.167,3.167,3.117,783048.0,,1.594387755102035,0.9885204081632555,0.030999999999999694,
159845,2021-09-16,3.167,3.075,3.17,3.068,697059.0,,3.2207136090937754,-2.9049573729081035,-0.09199999999999964,
159845,2021-09-17,3.049,3.068,3.091,3.007,794264.0,,2.731707317073173,-0.22764227642276805,-0.007000000000000117,
159845,2021-09-22,3.03,3.083,3.087,3.03,1346541.0,,1.8578878748370398,0.48891786179922175,0.015000000000000124,
159845,2021-09-23,3.094,3.102,3.113,3.087,782436.0,,0.8433344145312941,0.616282841388248,0.018999999999999684,
159845,2021-09-24,3.098,3.053,3.098,3.049,814195.0,,1.579626047711152,-1.579626047711152,-0.04899999999999993,
159845,2021-09-27,3.041,2.958,3.064,2.931,1068034.0,,4.356370782836554,-3.1116934163118164,-0.09499999999999975,
159845,2021-09-28,2.958,2.954,2.973,2.939,812502.0,,1.1494252873563153,-0.1352265043948615,-0.0040000000000000036,
159845,2021-09-29,2.935,2.859,2.935,2.851,941712.0,,2.8436018957345994,-3.215978334461753,-0.0950000000000002,
159845,2021-09-30,2.848,2.935,2.939,2.848,889329.0,,3.1829310947883944,2.6582721231199744,0.07600000000000007,
159845,2021-10-08,2.958,2.943,2.981,2.92,899643.0,,2.0783645655877323,0.2725724020442933,0.008000000000000007,
159845,2021-10-11,2.939,2.924,2.946,2.912,733067.0,,1.155283724091072,-0.6455997281685398,-0.019000000000000128,
159845,2021-10-12,2.905,2.851,2.92,2.821,936851.0,,3.385772913816681,-2.4965800273597796,-0.07299999999999995,
159845,2021-10-13,2.848,2.886,2.893,2.832,1412851.0,,2.1396001403016465,1.2276394247632458,0.03500000000000014,
159845,2021-10-14,2.882,2.908,2.916,2.87,589405.0,,1.5939015939015877,0.7623007623007553,0.021999999999999797,
159845,2021-10-15,2.908,2.916,2.924,2.886,623978.0,,1.30674002751031,0.27510316368638266,0.008000000000000007,
159845,2021-10-18,2.916,2.946,2.946,2.901,566325.0,,1.5432098765432227,1.0288065843621483,0.03000000000000025,
159845,2021-10-19,2.943,2.973,2.977,2.935,568352.0,,1.425661914460279,0.9164969450101726,0.02699999999999969,
159845,2021-10-20,2.958,2.977,2.996,2.954,543100.0,,1.4127144298688132,0.13454423141607816,0.0040000000000000036,
159845,2021-10-21,2.981,2.973,2.992,2.965,472842.0,,0.9069533087000382,-0.13436345314074585,-0.0040000000000000036,
159845,2021-10-22,2.973,2.95,2.988,2.946,753949.0,,1.4127144298688132,-0.7736293306424382,-0.022999999999999687,
159845,2021-10-25,2.946,2.988,2.992,2.946,578682.0,,1.559322033898299,1.2881355932203324,0.03799999999999981,
159845,2021-10-26,2.988,2.981,3.011,2.973,415236.0,,1.271753681392244,-0.23427041499331047,-0.007000000000000117,
159845,2021-10-27,2.981,2.95,2.981,2.935,631001.0,,1.5431063401543046,-1.0399194901039819,-0.030999999999999694,
159845,2021-10-28,2.946,2.889,2.946,2.874,468006.0,,2.440677966101697,-2.0677966101695042,-0.06100000000000039,
159845,2021-10-29,2.878,2.927,2.927,2.87,480712.0,,1.973001038421597,1.3153340256144084,0.038000000000000256,
159845,2021-11-01,2.916,2.954,2.969,2.912,430676.0,,1.9473864024598546,0.922446190638884,0.027000000000000135,
159845,2021-11-02,2.95,2.924,2.973,2.893,549686.0,,2.7081922816519994,-1.0155721056195075,-0.03000000000000025,
159845,2021-11-03,2.924,2.931,2.935,2.901,426362.0,,1.1627906976744273,0.2393980848153255,0.007000000000000117,
159845,2021-11-04,2.927,2.965,2.965,2.927,298799.0,,1.2964858410098878,1.1600136472193725,0.03399999999999981,
159845,2021-11-05,2.962,2.931,2.969,2.931,574614.0,,1.2816188870151708,-1.1467116357504152,-0.03399999999999981,
159845,2021-11-08,2.931,2.943,2.943,2.912,415246.0,,1.0576595018764974,0.4094165813715459,0.01200000000000001,
159845,2021-11-09,2.943,2.984,2.984,2.943,373895.0,,1.393136255521574,1.393136255521574,0.040999999999999925,
159845,2021-11-10,2.984,2.988,2.988,2.943,479846.0,,1.508042895442357,0.13404825737265427,0.0040000000000000036,
159845,2021-11-11,2.984,3.007,3.015,2.981,300155.0,,1.1378848728246402,0.635876840696122,0.019000000000000128,
159845,2021-11-12,3.007,3.06,3.064,3.007,609381.0,,1.8955769870302606,1.7625540405719964,0.052999999999999936,
159845,2021-11-15,3.075,3.041,3.079,3.041,1079939.0,,1.2418300653594854,-0.6209150326797427,-0.019000000000000128,
159845,2021-11-16,3.049,3.011,3.053,3.007,361486.0,,1.5126603091088398,-0.986517592897067,-0.029999999999999805,
159845,2021-11-17,3.011,3.075,3.075,3.011,388581.0,,2.12553968781136,2.12553968781136,0.06400000000000006,
159845,2021-11-18,3.075,3.068,3.087,3.049,537654.0,,1.2357723577235855,-0.22764227642276805,-0.007000000000000117,
159845,2021-11-19,3.06,3.11,3.11,3.06,729681.0,,1.6297262059973865,1.3689700130378035,0.041999999999999815,
159845,2021-11-22,3.113,3.163,3.163,3.113,805188.0,,1.6077170418006375,1.7041800643086797,0.052999999999999936,
159845,2021-11-23,3.159,3.155,3.167,3.148,458870.0,,0.6006955422067558,-0.2529244388239016,-0.008000000000000007,
159845,2021-11-24,3.151,3.151,3.17,3.144,766979.0,,0.8240887480190112,-0.12678288431061818,-0.0040000000000000036,
159845,2021-11-25,3.14,3.144,3.159,3.14,557551.0,,0.6029831799428653,-0.22215169787368053,-0.006999999999999673,
159845,2021-11-26,3.132,3.155,3.159,3.132,625845.0,,0.8587786259541886,0.34987277353688534,0.010999999999999677,
159845,2021-11-29,3.129,3.186,3.186,3.121,699275.0,,2.060221870047542,0.9825673534072944,0.03100000000000014,
159845,2021-11-30,3.186,3.208,3.216,3.163,696964.0,,1.6635279347143872,0.6905210295040879,0.02200000000000024,
159845,2021-12-01,3.208,3.208,3.212,3.182,614915.0,,0.9351620947631,0.0,0.0,
159845,2021-12-02,3.205,3.174,3.205,3.163,644451.0,,1.3092269326683372,-1.0598503740648457,-0.03400000000000025,
159845,2021-12-03,3.174,3.193,3.193,3.163,641356.0,,0.9451795841209908,0.59861373660996,0.019000000000000128,
159845,2021-12-06,3.189,3.14,3.189,3.136,1033700.0,,1.65988098966489,-1.65988098966489,-0.052999999999999936,
159845,2021-12-07,3.163,3.094,3.163,3.072,1062439.0,,2.898089171974514,-1.4649681528662504,-0.04600000000000026,
159845,2021-12-08,3.106,3.148,3.155,3.102,588782.0,,1.7129928894634758,1.745313510019401,0.05400000000000027,
159845,2021-12-09,3.144,3.155,3.159,3.14,676408.0,,0.6035578144853775,0.2223634053367113,0.006999999999999673,
159845,2021-12-10,3.151,3.17,3.17,3.14,472716.0,,0.9508716323296293,0.4754358161648218,0.015000000000000124,
159845,2021-12-13,3.17,3.174,3.186,3.155,544552.0,,0.9779179810725597,0.12618296529968465,0.0040000000000000036,
159845,2021-12-14,3.17,3.178,3.186,3.163,371144.0,,0.7246376811594245,0.1260239445494645,0.0040000000000000036,
159845,2021-12-15,3.174,3.178,3.197,3.163,602906.0,,1.0698552548772893,0.0,0.0,
159845,2021-12-16,3.178,3.186,3.193,3.17,538616.0,,0.7237256135934592,0.2517306482064194,0.008000000000000007,
159845,2021-12-17,3.178,3.151,3.182,3.151,606527.0,,0.9730069052102994,-1.0985561833019506,-0.03500000000000014,
159845,2021-12-20,3.129,3.102,3.159,3.094,602981.0,,2.0628371945414137,-1.5550618851158342,-0.04899999999999993,
159845,2021-12-21,3.098,3.129,3.132,3.094,651954.0,,1.2250161186331483,0.87040618955513,0.027000000000000135,
159845,2021-12-22,3.125,3.163,3.17,3.121,909169.0,,1.5659955257270672,1.0866091403004092,0.03399999999999981,
159845,2021-12-23,3.151,3.17,3.174,3.148,835860.0,,0.8220044261776731,0.22130888397091739,0.007000000000000117,
159845,2021-12-24,3.178,3.113,3.178,3.098,1118139.0,,2.5236593059936934,-1.7981072555205029,-0.05699999999999994,
159845,2021-12-27,3.113,3.102,3.125,3.087,416348.0,,1.2206874397687058,-0.35335689045936786,-0.01100000000000012,
159845,2021-12-28,3.102,3.132,3.132,3.102,448653.0,,0.9671179883945922,0.9671179883945922,0.03000000000000025,
159845,2021-12-29,3.136,3.129,3.144,3.125,478598.0,,0.6066411238825072,-0.09578544061303045,-0.0030000000000001137,
159845,2021-12-30,3.129,3.159,3.17,3.129,387473.0,,1.3103227868328515,0.9587727708533016,0.029999999999999805,
159845,2021-12-31,3.17,3.193,3.193,3.163,477863.0,,0.949667616334291,1.076289965178862,0.03400000000000025,
159845,2023-05-17,2.603,2.62,2.626,2.603,5828403.0,,0.7203257124960754,-17.94550579392421,-0.573,
159845,2023-05-18,2.618,2.634,2.638,2.618,6056785.0,,0.7633587786259549,0.5343511450381598,0.01399999999999979,
159845,2023-05-19,2.629,2.647,2.654,2.617,5605759.0,,1.404707668944568,0.49354593773727795,0.0129999999999999,
159845,2023-05-22,2.638,2.641,2.65,2.622,4914295.0,,1.0578012844729894,-0.2266717038156322,-0.005999999999999783,
159845,2023-05-23,2.642,2.62,2.647,2.616,5686573.0,,1.1737978038621617,-0.7951533510034043,-0.020999999999999908,
159845,2023-05-24,2.608,2.612,2.632,2.597,6491634.0,,1.3358778625954253,-0.3053435114503819,-0.008000000000000007,
159845,2023-05-25,2.608,2.606,2.625,2.571,6940782.0,,2.067381316998462,-0.22970903522206076,-0.006000000000000227,
159845,2023-05-26,2.608,2.626,2.631,2.583,6933296.0,,1.8419033000767309,0.7674597083653115,0.020000000000000018,
159845,2023-05-29,2.626,2.619,2.64,2.609,6366318.0,,1.180502665651186,-0.2665651180502541,-0.006999999999999673,
159845,2023-05-30,2.624,2.633,2.636,2.592,8020507.0,,1.6800305460099287,0.5345551737304234,0.01399999999999979,
159845,2023-05-31,2.63,2.632,2.64,2.613,6538967.0,,1.0254462590201343,-0.037979491074815415,-0.0009999999999998899,
159845,2023-06-01,2.617,2.639,2.655,2.615,7609876.0,,1.5197568389057594,0.26595744680849825,0.006999999999999673,
159845,2023-06-02,2.644,2.658,2.665,2.643,5363513.0,,0.8336491095111876,0.7199696854869317,0.019000000000000128,
159845,2023-06-05,2.665,2.659,2.666,2.651,5115850.0,,0.5643340857787857,0.03762227238524793,0.0009999999999998899,
159845,2023-06-06,2.659,2.603,2.659,2.596,5117703.0,,2.3693117713425997,-2.1060549078600834,-0.055999999999999606,
159845,2023-06-07,2.605,2.602,2.617,2.597,4314594.0,,0.7683442182097586,-0.038417210910500724,-0.001000000000000334,
159845,2023-06-08,2.604,2.59,2.605,2.57,5774867.0,,1.3451191391237565,-0.4611837048424293,-0.01200000000000001,
159845,2023-06-09,2.593,2.61,2.611,2.582,4912139.0,,1.1196911196911337,0.7722007722007729,0.020000000000000018,
159845,2023-06-12,2.61,2.623,2.631,2.603,6795999.0,,1.0727969348658843,0.49808429118775266,0.013000000000000345,
159845,2023-06-13,2.623,2.631,2.635,2.617,4422244.0,,0.6862371330537473,0.30499428135720785,0.007999999999999563,
159845,2023-06-14,2.633,2.64,2.646,2.628,4791798.0,,0.684150513112877,0.3420752565564554,0.009000000000000341,
159845,2023-06-15,2.639,2.655,2.663,2.639,5442221.0,,0.90909090909091,0.568181818181806,0.01499999999999968,
159845,2023-06-16,2.661,2.679,2.684,2.655,5309209.0,,1.092278719397377,0.9039548022598879,0.02400000000000002,
159845,2023-06-19,2.682,2.688,2.693,2.679,8624389.0,,0.5225830533781349,0.33594624860023675,0.009000000000000341,
159845,2023-06-20,2.692,2.688,2.699,2.68,6220407.0,,0.7068452380952263,0.0,0.0,
159845,2023-06-21,2.679,2.637,2.688,2.637,7656432.0,,1.8973214285714344,-1.8973214285714344,-0.051000000000000156,
159845,2023-06-26,2.623,2.587,2.631,2.579,11441368.0,,1.9719378081152674,-1.8960940462646878,-0.04999999999999982,
159845,2023-06-27,2.58,2.616,2.621,2.58,5442238.0,,1.5848473134905265,1.120989563200615,0.028999999999999915,
159845,2023-06-28,2.61,2.607,2.613,2.564,9141750.0,,1.8730886850152877,-0.34403669724770247,-0.008999999999999897,
159845,2023-06-29,2.602,2.623,2.63,2.601,9358471.0,,1.1123897199846533,0.61373225930188,0.016000000000000014,
159845,2023-06-30,2.628,2.658,2.665,2.618,6633245.0,,1.7918414029736998,1.3343499809378458,0.0349999999999997,
159845,2023-07-03,2.66,2.656,2.675,2.645,4524642.0,,1.1286681715575548,-0.07524454477049586,-0.0019999999999997797,
159845,2023-07-04,2.658,2.667,2.67,2.657,4629379.0,,0.4894578313252974,0.4141566265060119,0.010999999999999677,
159845,2023-07-05,2.667,2.651,2.67,2.645,4385173.0,,0.9373828271466035,-0.5999250093738289,-0.016000000000000014,
159845,2023-07-06,2.649,2.643,2.667,2.637,5461867.0,,1.1316484345529916,-0.3017729158808,-0.008000000000000007,
159845,2023-07-07,2.639,2.627,2.641,2.612,4767081.0,,1.0972379871358273,-0.6053726825577002,-0.016000000000000014,
159845,2023-07-10,2.632,2.629,2.648,2.618,4890898.0,,1.1419870574800248,0.0761324704986762,0.002000000000000224,
159845,2023-07-11,2.632,2.65,2.652,2.624,5517360.0,,1.0650437428680115,0.7987828071510045,0.020999999999999908,
159845,2023-07-12,2.647,2.613,2.65,2.61,6484739.0,,1.5094339622641524,-1.3962264150943366,-0.03699999999999992,
159845,2023-07-13,2.621,2.636,2.642,2.619,7213338.0,,0.8802143130501219,0.880214313050139,0.02300000000000013,
159845,2023-07-14,2.636,2.635,2.646,2.634,4005958.0,,0.45523520485584257,-0.037936267071332845,-0.001000000000000334,
159845,2023-07-17,2.635,2.626,2.635,2.609,6205670.0,,0.9867172675521747,-0.34155597722959763,-0.008999999999999897,
159845,2023-07-18,2.629,2.628,2.634,2.613,5185761.0,,0.7996953541507963,0.07616146230008468,0.002000000000000224,
159845,2023-07-19,2.621,2.617,2.631,2.604,4876545.0,,1.0273972602739607,-0.4185692541856971,-0.01100000000000012,
159845,2023-07-20,2.62,2.586,2.627,2.581,10935774.0,,1.7577378677875362,-1.1845624761176974,-0.03100000000000014,
159845,2023-07-21,2.586,2.582,2.6,2.572,9081008.0,,1.0827532869296221,-0.154679040989946,-0.0040000000000000036,
159845,2023-07-24,2.575,2.576,2.597,2.569,6294360.0,,1.0844306738962055,-0.2323780015491783,-0.005999999999999783,
159845,2023-07-25,2.593,2.615,2.622,2.593,7987374.0,,1.1257763975155246,1.5139751552795087,0.039000000000000146,
159845,2023-07-26,2.617,2.603,2.617,2.597,7228941.0,,0.7648183556405359,-0.4588910133843216,-0.01200000000000001,
159845,2023-07-27,2.607,2.586,2.612,2.58,6947599.0,,1.2293507491356137,-0.6530925854783076,-0.017000000000000348,
159845,2023-07-28,2.577,2.606,2.611,2.57,7430245.0,,1.5854601701469593,0.77339520494973,0.020000000000000018,
159845,2023-07-31,2.609,2.621,2.643,2.609,6623347.0,,1.3046815042210211,0.5755947812739879,0.015000000000000124,
159845,2023-08-01,2.622,2.62,2.63,2.613,5313295.0,,0.6486074017550516,-0.03815337657382258,-0.0009999999999998899,
159845,2023-08-02,2.62,2.615,2.624,2.606,6262866.0,,0.6870229007633679,-0.19083969465648445,-0.004999999999999893,
159845,2023-08-03,2.612,2.617,2.617,2.601,6089709.0,,0.6118546845124289,0.07648183556404511,0.0019999999999997797,
159845,2023-08-04,2.626,2.632,2.646,2.619,5434773.0,,1.03171570500572,0.5731753916698558,0.015000000000000124,
159845,2023-08-07,2.63,2.622,2.635,2.616,6258867.0,,0.7218844984802311,-0.37993920972645256,-0.010000000000000231,
159845,2023-08-08,2.62,2.61,2.621,2.598,5276439.0,,0.8771929824561453,-0.4576659038901606,-0.01200000000000001,
159845,2023-08-09,2.602,2.59,2.607,2.585,7793832.0,,0.8429118773946453,-0.7662835249042153,-0.020000000000000018,
159845,2023-08-10,2.59,2.587,2.596,2.575,4907256.0,,0.8108108108108072,-0.11583011583010308,-0.0029999999999996696,
159845,2023-08-11,2.588,2.542,2.591,2.54,7162611.0,,1.9713954387321282,-1.739466563587181,-0.04500000000000037,
159845,2023-08-14,2.531,2.548,2.549,2.503,5524890.0,,1.809598741148695,0.23603461841070922,0.006000000000000227,
159845,2023-08-15,2.541,2.525,2.552,2.5,6988100.0,,2.040816326530614,-0.9026687598116222,-0.02300000000000013,
159845,2023-08-16,2.515,2.495,2.522,2.495,7079307.0,,1.0693069306930572,-1.1881188118811805,-0.029999999999999805,
159845,2023-08-17,2.49,2.516,2.522,2.47,7253776.0,,2.0841683366733306,0.8416833667334632,0.020999999999999908,
159845,2023-08-18,2.516,2.465,2.525,2.465,7282822.0,,2.3847376788553283,-2.0270270270270334,-0.051000000000000156,
159845,2023-08-21,2.458,2.441,2.482,2.439,6848999.0,,1.744421906693718,-0.9736308316430029,-0.02400000000000002,
159845,2023-08-22,2.451,2.457,2.46,2.41,8813286.0,,2.048340843916421,0.6554690700532575,0.016000000000000014,
159845,2023-08-23,2.44,2.409,2.447,2.404,8543266.0,,1.7501017501017562,-1.9536019536019553,-0.04800000000000004,
159845,2023-08-24,2.409,2.419,2.439,2.397,7112098.0,,1.743462017434631,0.4151100041511096,0.010000000000000231,
159845,2023-08-25,2.4,2.374,2.412,2.359,7387609.0,,2.1909880115750284,-1.8602728400165327,-0.04499999999999993,
159845,2023-08-28,2.5,2.384,2.573,2.378,12558416.0,,8.213984835720296,0.4212299915753912,0.009999999999999787,
159845,2023-08-29,2.37,2.458,2.471,2.37,10265907.0,,4.2365771812080535,3.104026845637596,0.07400000000000029,
159845,2023-08-30,2.468,2.472,2.496,2.459,7779586.0,,1.5052888527257902,0.5695687550854267,0.01399999999999979,
159845,2023-08-31,2.464,2.463,2.474,2.453,6091936.0,,0.8495145631068103,-0.36407766990290846,-0.008999999999999897,
159845,2023-09-01,2.472,2.462,2.479,2.455,6320280.0,,0.9744214372716208,-0.04060089321964636,-0.0009999999999998899,
159845,2023-09-04,2.472,2.498,2.499,2.461,7937476.0,,1.543460601137297,1.462225832656378,0.03600000000000003,
159845,2023-09-05,2.494,2.486,2.504,2.479,6231511.0,,1.0008006405124064,-0.48038430744595717,-0.01200000000000001,
159845,2023-09-06,2.475,2.495,2.504,2.463,5845559.0,,1.6492357200321772,0.3620273531777915,0.008999999999999897,
159845,2023-09-07,2.493,2.454,2.493,2.451,5756167.0,,1.6833667334669264,-1.6432865731462896,-0.040999999999999925,
159845,2023-09-08,2.439,2.46,2.469,2.439,7183644.0,,1.2224938875305542,0.24449877750610363,0.005999999999999783,
159845,2023-09-11,2.458,2.489,2.501,2.45,5343459.0,,2.0731707317073056,1.1788617886178827,0.028999999999999915,
159845,2023-09-12,2.494,2.493,2.503,2.486,3736901.0,,0.6830052229811131,0.16070711128967471,0.0040000000000000036,
159845,2023-09-13,2.493,2.462,2.494,2.44,6002067.0,,2.1660649819494693,-1.2434817488968992,-0.030999999999999694,
159845,2023-09-14,2.458,2.449,2.462,2.435,6028979.0,,1.0966693744922882,-0.5280259951259278,-0.013000000000000345,
159845,2023-09-15,2.448,2.449,2.469,2.437,5297550.0,,1.306655777868519,0.0,0.0,
159845,2023-09-18,2.45,2.455,2.465,2.434,6363937.0,,1.2658227848101142,0.24499795835035637,0.006000000000000227,
159845,2023-09-19,2.451,2.435,2.452,2.426,5811591.0,,1.0590631364562038,-0.8146639511201635,-0.020000000000000018,
159845,2023-09-20,2.43,2.414,2.437,2.414,5265536.0,,0.9445585215605621,-0.8624229979466081,-0.020999999999999908,
159845,2023-09-21,2.411,2.395,2.421,2.391,4159396.0,,1.2427506213753026,-0.787075393537702,-0.019000000000000128,
159845,2023-09-22,2.393,2.444,2.444,2.389,8543873.0,,2.296450939457209,2.045929018789141,0.04899999999999993,
159845,2023-09-25,2.443,2.431,2.445,2.424,5319180.0,,0.8592471358428768,-0.5319148936170172,-0.0129999999999999,
159845,2023-09-26,2.43,2.423,2.434,2.42,4348267.0,,0.575894693541762,-0.32908268202385876,-0.008000000000000007,
159845,2023-09-27,2.426,2.437,2.448,2.416,6059331.0,,1.320676846884029,0.5777961205117537,0.01399999999999979,
159845,2023-09-28,2.44,2.453,2.453,2.436,6292076.0,,0.6975789905621627,0.6565449322938044,0.016000000000000014,
159845,2023-10-09,2.453,2.443,2.455,2.427,5810245.0,,1.141459437423564,-0.407664084794121,-0.009999999999999787,
159845,2023-10-10,2.451,2.435,2.457,2.432,5597546.0,,1.0233319688907045,-0.3274662300450269,-0.008000000000000007,
159845,2023-10-11,2.441,2.449,2.464,2.433,8462556.0,,1.2731006160164327,0.5749486652977327,0.01399999999999979,
159845,2023-10-12,2.454,2.461,2.461,2.442,5829744.0,,0.7758268681094196,0.48999591670069464,0.01200000000000001,
159845,2023-10-13,2.444,2.453,2.454,2.444,4900875.0,,0.40633888663146,-0.3250711093051608,-0.008000000000000007,
159845,2023-10-16,2.456,2.429,2.457,2.419,5758791.0,,1.5491235222176851,-0.9783938035059121,-0.02400000000000002,
159845,2023-10-17,2.429,2.422,2.429,2.405,5280718.0,,0.9880609304240437,-0.2881844380403324,-0.006999999999999673,
159845,2023-10-18,2.421,2.38,2.421,2.378,6910214.0,,1.7753922378199714,-1.7341040462427852,-0.04200000000000026,
159845,2023-10-19,2.371,2.356,2.389,2.352,6919378.0,,1.5546218487394925,-1.0084033613445387,-0.02400000000000002,
159845,2023-10-20,2.345,2.33,2.362,2.322,6032945.0,,1.6977928692699504,-1.1035653650254587,-0.0259999999999998,
159845,2023-10-23,2.325,2.268,2.325,2.26,8176682.0,,2.7896995708154675,-2.6609442060085953,-0.06200000000000028,
159845,2023-10-24,2.276,2.302,2.314,2.265,7547845.0,,2.160493827160491,1.4991181657848436,0.03400000000000025,
159845,2023-10-25,2.317,2.324,2.343,2.317,5108326.0,,1.12945264986967,0.9556907037358731,0.021999999999999797,
159845,2023-10-26,2.313,2.339,2.348,2.301,4699488.0,,2.0223752151462873,0.645438898450952,0.015000000000000124,
159845,2023-10-27,2.335,2.387,2.396,2.324,4007535.0,,3.0782385634886733,2.052159042325782,0.04800000000000004,
159845,2023-10-30,2.379,2.418,2.426,2.375,4256701.0,,2.1365731043150467,1.2987012987013045,0.03100000000000014,
159845,2023-10-31,2.417,2.403,2.421,2.393,4063710.0,,1.1579818031430944,-0.620347394540948,-0.015000000000000124,
159845,2023-11-01,2.411,2.402,2.414,2.392,3195100.0,,0.9155222638368807,-0.0416146483562168,-0.0009999999999998899,
159845,2023-11-02,2.401,2.375,2.415,2.374,3993981.0,,1.706910907577016,-1.1240632805995059,-0.027000000000000135,
159845,2023-11-03,2.375,2.406,2.416,2.375,6376314.0,,1.726315789473681,1.3052631578947427,0.03100000000000014,
159845,2023-11-06,2.414,2.457,2.458,2.414,6709235.0,,1.8287614297589374,2.119700748129664,0.05099999999999971,
159845,2023-11-07,2.446,2.461,2.473,2.445,5040270.0,,1.1396011396011407,0.16280016280016293,0.0040000000000000036,
159845,2023-11-08,2.46,2.47,2.48,2.455,4702923.0,,1.015847216578623,0.3657049979683194,0.009000000000000341,
159845,2023-11-09,2.47,2.455,2.483,2.451,4579996.0,,1.2955465587044543,-0.6072874493927175,-0.015000000000000124,
159845,2023-11-10,2.451,2.452,2.457,2.438,3767942.0,,0.7739307535641419,-0.12219959266802907,-0.0030000000000001137,
159845,2023-11-13,2.46,2.478,2.478,2.454,3251121.0,,0.9787928221859716,1.0603588907014783,0.026000000000000245,
159845,2023-11-14,2.48,2.493,2.495,2.47,3907624.0,,1.0088781275221916,0.6053268765133043,0.01499999999999968,
159845,2023-11-15,2.527,2.505,2.527,2.491,3786181.0,,1.4440433212996402,0.4813477737665468,0.01200000000000001,
159845,2023-11-16,2.503,2.473,2.503,2.473,3886700.0,,1.1976047904191716,-1.2774451097804402,-0.03200000000000003,
159845,2023-11-17,2.471,2.498,2.5,2.468,3309617.0,,1.2939749292357472,1.0109179134654411,0.025000000000000355,
159845,2023-11-20,2.5,2.52,2.522,2.488,3149750.0,,1.3610888710968696,0.8807045636509127,0.021999999999999797,
159845,2023-11-21,2.525,2.502,2.528,2.497,2800541.0,,1.2301587301587358,-0.7142857142857237,-0.018000000000000238,
159845,2023-11-22,2.49,2.472,2.508,2.47,3154895.0,,1.5187849720223747,-1.1990407673860835,-0.029999999999999805,
159845,2023-11-23,2.463,2.498,2.499,2.459,3709730.0,,1.61812297734628,1.0517799352750907,0.026000000000000245,
159845,2023-11-24,2.496,2.466,2.497,2.456,3922344.0,,1.6413130504403493,-1.2810248198558856,-0.03200000000000003,
159845,2023-11-27,2.466,2.462,2.47,2.447,2902983.0,,0.9326845093268504,-0.16220600162206014,-0.0040000000000000036,
159845,2023-11-28,2.457,2.474,2.477,2.44,3065984.0,,1.5028432168968284,0.48740861088545934,0.01200000000000001,
159845,2023-11-29,2.472,2.462,2.478,2.457,2620091.0,,0.848827809215859,-0.4850444624090545,-0.01200000000000001,
159845,2023-11-30,2.461,2.447,2.463,2.428,3787007.0,,1.4216084484159277,-0.6092607636068287,-0.015000000000000124,
159845,2023-12-01,2.447,2.469,2.476,2.439,2661776.0,,1.5120555782590896,0.8990600735594523,0.021999999999999797,
159845,2023-12-04,2.469,2.461,2.477,2.459,2785904.0,,0.7290400972053379,-0.32401782098015425,-0.008000000000000007,
159845,2023-12-05,2.459,2.417,2.459,2.415,2420249.0,,1.7878911011783845,-1.7878911011783845,-0.04400000000000004,
159845,2023-12-06,2.412,2.426,2.445,2.406,2465276.0,,1.6135705419941957,0.3723624327679082,0.009000000000000341,
159845,2023-12-07,2.423,2.429,2.437,2.407,4060053.0,,1.2366034624896869,0.12366034624895587,0.0029999999999996696,
159845,2023-12-08,2.428,2.423,2.442,2.419,3029308.0,,0.9468917249897131,-0.2470152326060018,-0.005999999999999783,
159845,2023-12-11,2.409,2.448,2.455,2.394,3904514.0,,2.5175402393726762,1.0317787866281432,0.02499999999999991,
159845,2023-12-12,2.448,2.451,2.453,2.44,3474622.0,,0.5310457516339828,0.12254901960784778,0.0030000000000001137,
159845,2023-12-13,2.452,2.429,2.452,2.425,2852492.0,,1.1015911872705073,-0.8975928192574558,-0.02200000000000024,
159845,2023-12-14,2.437,2.417,2.451,2.414,3981241.0,,1.5232606010703964,-0.4940304652120219,-0.01200000000000001,
159845,2023-12-15,2.427,2.399,2.43,2.391,4219140.0,,1.6135705419942137,-0.7447248655357797,-0.017999999999999794,
159845,2023-12-18,2.389,2.363,2.397,2.357,2492880.0,,1.6673614005835595,-1.5006252605252202,-0.03600000000000003,
159845,2023-12-19,2.363,2.367,2.375,2.348,3038965.0,,1.1426153195091044,0.16927634363097774,0.0040000000000000036,
159845,2023-12-20,2.361,2.327,2.373,2.325,2946236.0,,2.0278833967046914,-1.6899028305872428,-0.040000000000000036,
159845,2023-12-21,2.318,2.336,2.347,2.293,3434801.0,,2.320584443489464,0.38676407391490747,0.008999999999999897,
159845,2023-12-22,2.331,2.315,2.348,2.304,4089906.0,,1.883561643835618,-0.8989726027397221,-0.020999999999999908,
159845,2023-12-25,2.314,2.311,2.323,2.297,3044341.0,,1.1231101511878965,-0.1727861771058317,-0.0040000000000000036,
159845,2023-12-26,2.312,2.282,2.313,2.273,2777339.0,,1.7308524448290799,-1.254868022501078,-0.028999999999999915,
159845,2023-12-27,2.283,2.298,2.301,2.27,3365668.0,,1.3584574934268245,0.7011393514461005,0.016000000000000014,
159845,2023-12-28,2.296,2.343,2.349,2.281,5096211.0,,2.9590948651000892,1.9582245430809369,0.04499999999999993,
159845,2023-12-29,2.348,2.374,2.377,2.34,3689357.0,,1.5791720017072095,1.3230900554844276,0.03100000000000014,
159845,2024-01-02,2.373,2.36,2.379,2.358,4093212.0,,0.8845829823083364,-0.5897219882055701,-0.014000000000000234,
159845,2024-01-03,2.351,2.344,2.362,2.33,4101308.0,,1.3559322033898318,-0.6779661016949159,-0.016000000000000014,
159845,2024-01-04,2.345,2.333,2.345,2.317,3171429.0,,1.1945392491467588,-0.4692832764504982,-0.010999999999999677,
159845,2024-01-05,2.329,2.289,2.335,2.281,3187942.0,,2.3146163737676733,-1.8859837119588527,-0.04400000000000004,
159845,2024-01-08,2.279,2.234,2.282,2.232,3778016.0,,2.184359982525112,-2.402795980777639,-0.05500000000000016,
159845,2024-01-09,2.234,2.235,2.258,2.22,2836031.0,,1.7009847806624803,0.04476275738585004,0.0009999999999998899,
159845,2024-01-10,2.227,2.218,2.252,2.199,2647395.0,,2.371364653243845,-0.7606263982102865,-0.016999999999999904,
159845,2024-01-11,2.217,2.26,2.274,2.213,3617697.0,,2.7502254283137937,1.893597835888179,0.041999999999999815,
159845,2024-01-12,2.258,2.245,2.276,2.245,3714838.0,,1.3716814159291901,-0.663716814159278,-0.01499999999999968,
159845,2024-01-15,2.234,2.239,2.261,2.223,2730124.0,,1.6926503340757353,-0.2672605790645981,-0.006000000000000227,
159845,2024-01-16,2.234,2.235,2.243,2.2,2767222.0,,1.9205002233139663,-0.17865118356409126,-0.0040000000000000036,
159845,2024-01-17,2.223,2.17,2.226,2.17,3094011.0,,2.5055928411633133,-2.908277404921698,-0.06499999999999995,
159845,2024-01-18,2.165,2.178,2.18,2.1,3712843.0,,3.6866359447004644,0.36866359447004643,0.008000000000000007,
159845,2024-01-19,2.151,2.137,2.174,2.136,2436621.0,,1.7447199265381,-1.882460973370061,-0.040999999999999925,
159845,2024-01-22,2.135,2.02,2.137,2.0,2487714.0,,6.410856340664484,-5.474964904071127,-0.11699999999999999,
159845,2024-01-23,2.004,2.043,2.057,1.987,3522022.0,,3.4653465346534573,1.1386138613861452,0.02300000000000013,
159845,2024-01-24,2.051,2.075,2.079,1.994,2217599.0,,4.1605482134116585,1.5663240332843869,0.03200000000000003,
159845,2024-01-25,2.065,2.146,2.147,2.058,3528703.0,,4.289156626506022,3.4216867469879384,0.07099999999999973,
159845,2024-01-26,2.143,2.119,2.155,2.115,2932976.0,,1.8639328984156383,-1.2581547064305543,-0.02699999999999969,
159845,2024-01-29,2.12,2.067,2.137,2.067,2709908.0,,3.3034450212364246,-2.4539877300613515,-0.052000000000000046,
159845,2024-01-30,2.052,2.012,2.075,2.004,2297817.0,,3.434929850024198,-2.6608611514271967,-0.05500000000000016,
159845,2024-01-31,2.0,1.929,2.011,1.926,1920974.0,,4.2246520874751585,-4.12524850894632,-0.08299999999999996,
159845,2024-02-01,1.921,1.915,1.96,1.889,2815369.0,,3.6806635562467576,-0.7257646448937279,-0.014000000000000012,
159845,2024-02-02,1.919,1.837,1.935,1.785,2877343.0,,7.832898172323767,-4.073107049608359,-0.07800000000000007,
159845,2024-02-05,1.82,1.739,1.823,1.681,5301096.0,,7.7299945563418575,-5.33478497550353,-0.09799999999999986,
159845,2024-02-06,1.7,1.858,1.877,1.687,24225634.0,,10.925819436457731,6.84301322599195,0.119,
159845,2024-02-07,1.854,1.939,1.96,1.854,16737505.0,,5.705059203444557,4.359526372443486,0.08099999999999996,
159845,2024-02-08,1.95,2.019,2.046,1.94,8778682.0,,5.466735430634341,4.125838060856115,0.08000000000000007,
159845,2024-02-19,2.034,2.018,2.047,1.992,13694162.0,,2.7241208519068922,-0.04952947003468717,-0.001000000000000334,
159845,2024-02-20,2.017,2.025,2.037,1.991,6259379.0,,2.27948463825569,0.34687809712587303,0.007000000000000117,
159845,2024-02-21,2.014,2.036,2.1,2.0,5940486.0,,4.938271604938276,0.5432098765432158,0.01100000000000012,
159845,2024-02-22,2.036,2.075,2.078,2.02,4037715.0,,2.8487229862475356,1.9155206286837005,0.039000000000000146,
159845,2024-02-23,2.084,2.11,2.11,2.056,3873714.0,,2.602409638554208,1.6867469879517927,0.0349999999999997,
159845,2024-02-26,2.107,2.112,2.145,2.092,3038612.0,,2.511848341232225,0.09478672985783053,0.002000000000000224,
159845,2024-02-27,2.105,2.174,2.174,2.098,4186002.0,,3.5984848484848517,2.9356060606060526,0.06199999999999983,
159845,2024-02-28,2.175,2.072,2.206,2.072,7663101.0,,6.163753449862001,-4.691812327506894,-0.10199999999999987,
159845,2024-02-29,2.057,2.154,2.154,2.056,4903568.0,,4.729729729729723,3.9575289575289503,0.08199999999999985,
159845,2024-03-01,2.151,2.177,2.181,2.139,4094717.0,,1.9498607242339956,1.0677808727948066,0.02300000000000013,
159845,2024-03-04,2.179,2.179,2.188,2.143,3673423.0,,2.0670647680294154,0.09186954524574092,0.0019999999999997797,
159845,2024-03-05,2.17,2.168,2.179,2.148,10718600.0,,1.4226709499770398,-0.5048187241853913,-0.010999999999999677,
159845,2024-03-06,2.151,2.165,2.187,2.137,2532899.0,,2.306273062730619,-0.13837638376384287,-0.0030000000000001137,
159845,2024-03-07,2.164,2.132,2.189,2.131,2740611.0,,2.678983833718257,-1.5242494226327907,-0.03299999999999992,
159845,2024-03-08,2.135,2.158,2.17,2.124,2352589.0,,2.1575984990619053,1.2195121951219419,0.0259999999999998,
159845,2024-03-11,2.159,2.203,2.203,2.15,3163052.0,,2.455977757182574,2.085264133456901,0.04499999999999993,
159845,2024-03-12,2.202,2.21,2.226,2.189,3053079.0,,1.6795279164775274,0.3177485247389976,0.007000000000000117,
159845,2024-03-13,2.201,2.219,2.241,2.2,2196706.0,,1.8552036199094988,0.4072398190045202,0.008999999999999897,
159845,2024-03-14,2.21,2.208,2.232,2.187,2187622.0,,2.027940513744947,-0.49571879224874615,-0.010999999999999677,
159845,2024-03-15,2.2,2.242,2.242,2.195,2982735.0,,2.128623188405804,1.5398550724637594,0.03399999999999981,
159845,2024-03-18,2.247,2.275,2.277,2.235,3232389.0,,1.8733273862622775,1.4719000892060625,0.03299999999999992,
159845,2024-03-19,2.276,2.254,2.278,2.254,2835497.0,,1.054945054945056,-0.923076923076919,-0.020999999999999908,
159845,2024-03-20,2.252,2.278,2.282,2.25,3699075.0,,1.4196983141082533,1.06477373558119,0.02400000000000002,
159845,2024-03-21,2.279,2.277,2.293,2.262,2594458.0,,1.360842844600533,-0.04389815627743151,-0.0009999999999998899,
159845,2024-03-22,2.269,2.252,2.275,2.232,3057038.0,,1.8884497145366579,-1.0979358805445918,-0.025000000000000355,
159845,2024-03-25,2.252,2.197,2.257,2.197,3498422.0,,2.664298401420962,-2.442273534635867,-0.054999999999999716,
159845,2024-03-26,2.193,2.191,2.213,2.168,2410513.0,,2.0482476103777847,-0.2730996813837154,-0.006000000000000227,
159845,2024-03-27,2.181,2.117,2.191,2.117,3914860.0,,3.377453217708802,-3.377453217708802,-0.07399999999999984,
159845,2024-03-28,2.117,2.166,2.188,2.117,3871148.0,,3.353802550779413,2.314596126594234,0.04899999999999993,
159845,2024-03-29,2.166,2.188,2.191,2.149,3741758.0,,1.9390581717451438,1.0156971375808053,0.02200000000000024,
159845,2024-04-01,2.193,2.237,2.24,2.192,4490481.0,,2.1937842778793435,2.239488117001825,0.04899999999999993,
159845,2024-04-02,2.235,2.223,2.236,2.207,5058268.0,,1.2963790791238425,-0.6258381761287543,-0.014000000000000234,
159845,2024-04-03,2.22,2.212,2.223,2.194,4072462.0,,1.3045434098065638,-0.4948268106162698,-0.010999999999999677,
159845,2024-04-08,2.208,2.171,2.208,2.171,2623431.0,,1.672694394213398,-1.8535262206148448,-0.04100000000000037,
159845,2024-04-09,2.17,2.199,2.201,2.166,1826788.0,,1.6121602947950322,1.2897282358360216,0.028000000000000025,
159845,2024-04-10,2.195,2.158,2.195,2.142,1601588.0,,2.4101864483856272,-1.8644838562983144,-0.040999999999999925,
159845,2024-04-11,2.148,2.164,2.191,2.145,2368337.0,,2.1316033364226055,0.2780352177942645,0.006000000000000227,
159845,2024-04-12,2.158,2.145,2.177,2.142,2170542.0,,1.617375231053611,-0.8780036968576769,-0.019000000000000128,
159845,2024-04-15,2.142,2.128,2.159,2.097,2704771.0,,2.8904428904428827,-0.7925407925407881,-0.016999999999999904,
159845,2024-04-16,2.119,2.039,2.125,2.036,4878866.0,,4.182330827067667,-4.182330827067667,-0.08899999999999997,
159845,2024-04-17,2.057,2.124,2.129,2.05,4475055.0,,3.8744482589504745,4.168710152035309,0.08499999999999996,
159845,2024-04-18,2.116,2.126,2.153,2.101,4904896.0,,2.448210922787196,0.09416195856872785,0.0019999999999997797,
159845,2024-04-19,2.119,2.118,2.138,2.099,4152016.0,,1.834430856067719,-0.3762935089369712,-0.008000000000000007,
159845,2024-04-22,2.097,2.111,2.136,2.084,2222743.0,,2.4551463644948086,-0.33050047214351624,-0.006999999999999673,
159845,2024-04-23,2.108,2.096,2.12,2.088,2844690.0,,1.5158692562766474,-0.7105637138796836,-0.015000000000000124,
159845,2024-04-24,2.099,2.139,2.139,2.093,3627613.0,,2.1946564885496094,2.0515267175572376,0.042999999999999705,
159845,2024-04-25,2.131,2.136,2.158,2.122,3357584.0,,1.6830294530154295,-0.14025245441793688,-0.0029999999999996696,
159845,2024-04-26,2.138,2.181,2.184,2.133,5467350.0,,2.3876404494382095,2.1067415730337045,0.04499999999999993,
159845,2024-04-29,2.183,2.234,2.237,2.183,7943085.0,,2.475928473177454,2.430077945896375,0.052999999999999936,
159845,2024-04-30,2.23,2.209,2.235,2.203,3679941.0,,1.4324082363473603,-1.1190689346463703,-0.02499999999999991,
159845,2024-05-06,2.239,2.252,2.262,2.236,5834480.0,,1.1770031688546763,1.9465821638750431,0.042999999999999705,
159845,2024-05-07,2.252,2.26,2.265,2.246,4752873.0,,0.8436944937833094,0.3552397868561282,0.008000000000000007,
159845,2024-05-08,2.258,2.227,2.258,2.223,6605352.0,,1.5486725663716878,-1.460176991150439,-0.03299999999999992,
159845,2024-05-09,2.224,2.265,2.271,2.224,3768809.0,,2.110462505612919,1.7063313875168504,0.038000000000000256,
159845,2024-05-10,2.273,2.245,2.274,2.231,4097015.0,,1.898454746136872,-0.8830022075055195,-0.020000000000000018,
159845,2024-05-13,2.23,2.221,2.238,2.201,3528639.0,,1.6481069042316225,-1.0690423162583527,-0.02400000000000002,
159845,2024-05-14,2.222,2.232,2.246,2.221,3823562.0,,1.1256190904997707,0.49527239981990634,0.01100000000000012,
159845,2024-05-15,2.232,2.212,2.237,2.208,3125266.0,,1.29928315412186,-0.8960573476702516,-0.020000000000000018,
159845,2024-05-16,2.213,2.21,2.234,2.202,3525244.0,,1.4466546112115743,-0.09041591320073344,-0.002000000000000224,
159845,2024-05-17,2.207,2.243,2.243,2.204,3908744.0,,1.7647058823529276,1.4932126696832542,0.03299999999999992,
159845,2024-05-20,2.244,2.251,2.262,2.234,3976876.0,,1.248328131966118,0.356665180561748,0.008000000000000007,
159845,2024-05-21,2.246,2.229,2.249,2.22,4051040.0,,1.2883163038649452,-0.9773434029320213,-0.021999999999999797,
159845,2024-05-22,2.23,2.229,2.238,2.217,1879261.0,,0.9421265141318935,0.0,0.0,
159845,2024-05-23,2.22,2.178,2.224,2.174,2943176.0,,2.2431583669807207,-2.28802153432033,-0.051000000000000156,
159845,2024-05-24,2.174,2.157,2.193,2.155,1305711.0,,1.7447199265381204,-0.9641873278236873,-0.020999999999999908,
159845,2024-05-27,2.16,2.177,2.178,2.133,2034090.0,,2.086230876216965,0.9272137227630977,0.020000000000000018,
159845,2024-05-28,2.17,2.154,2.182,2.153,1724464.0,,1.332108406063386,-1.056499770326143,-0.02300000000000013,
159845,2024-05-29,2.159,2.156,2.174,2.146,2057618.0,,1.2999071494893233,0.09285051067781913,0.002000000000000224,
159845,2024-05-30,2.15,2.153,2.169,2.141,1856823.0,,1.2987012987012998,-0.13914656771800155,-0.0030000000000001137,
159845,2024-05-31,2.158,2.16,2.174,2.157,2088882.0,,0.789595912679977,0.32512772875058604,0.007000000000000117,
159845,2024-06-03,2.161,2.133,2.162,2.115,2758351.0,,2.1759259259259123,-1.2500000000000062,-0.027000000000000135,
159845,2024-06-04,2.131,2.148,2.151,2.114,2039899.0,,1.734646038443503,0.7032348804500762,0.015000000000000124,
159845,2024-06-05,2.145,2.121,2.154,2.119,1346241.0,,1.6294227188081796,-1.2569832402234697,-0.027000000000000135,
159845,2024-06-06,2.122,2.08,2.134,2.066,2952314.0,,3.206034889203209,-1.9330504479019295,-0.040999999999999925,
159845,2024-06-07,2.09,2.082,2.102,2.061,2849845.0,,1.9711538461538427,0.09615384615383556,0.0019999999999997797,
159845,2024-06-11,2.07,2.103,2.109,2.057,2608531.0,,2.497598463016333,1.0086455331412274,0.02100000000000035,
159845,2024-06-12,2.095,2.11,2.117,2.095,2272025.0,,1.0461245839277127,0.33285782215880516,0.006999999999999673,
159845,2024-06-13,2.111,2.096,2.113,2.091,1644994.0,,1.0426540284360095,-0.6635071090047294,-0.01399999999999979,
159845,2024-06-14,2.09,2.102,2.107,2.082,2775110.0,,1.1927480916030704,0.2862595419847225,0.005999999999999783,
159845,2024-06-17,2.096,2.1,2.115,2.09,2041010.0,,1.1893434823977334,-0.09514747859180685,-0.0019999999999997797,
159845,2024-06-18,2.107,2.123,2.126,2.1,3582291.0,,1.2380952380952286,1.0952380952381013,0.02300000000000013,
159845,2024-06-19,2.121,2.091,2.128,2.091,3185352.0,,1.7428167687235006,-1.5073009891662752,-0.03200000000000003,
159845,2024-06-20,2.09,2.055,2.099,2.05,2728630.0,,2.3433763749402376,-1.7216642754662854,-0.03600000000000003,
159845,2024-06-21,2.044,2.051,2.065,2.038,2053275.0,,1.3138686131386925,-0.19464720194647217,-0.0040000000000000036,
159845,2024-06-24,2.043,1.983,2.045,1.98,2069427.0,,3.1691857630424156,-3.3154558751828405,-0.06800000000000006,
159845,2024-06-25,1.985,1.969,1.994,1.955,3003407.0,,1.966717095310132,-0.70600100857287,-0.014000000000000012,
159845,2024-06-26,1.964,2.027,2.028,1.955,4671451.0,,3.7074657186389004,2.945657694261049,0.05800000000000005,
159845,2024-06-27,2.016,1.978,2.017,1.974,4313617.0,,2.1213616181549053,-2.417365564874206,-0.049000000000000155,
159845,2024-06-28,1.975,1.989,2.021,1.973,4305776.0,,2.4266936299292126,0.5561172901921194,0.01100000000000012,
159845,2024-07-01,1.992,2.004,2.014,1.964,3759194.0,,2.513826043237799,0.7541478129713375,0.014999999999999902,
159845,2024-07-02,2.0,1.993,2.012,1.983,3027525.0,,1.4471057884231495,-0.5489021956087774,-0.010999999999999899,
159845,2024-07-03,1.989,1.975,1.995,1.974,1677365.0,,1.0536879076768755,-0.9031610637230314,-0.018000000000000016,
159845,2024-07-04,1.978,1.936,1.988,1.927,4944934.0,,3.088607594936706,-1.9746835443038049,-0.039000000000000146,
159845,2024-07-05,1.936,1.954,1.964,1.917,3265051.0,,2.4276859504132196,0.9297520661157034,0.018000000000000016,
159845,2024-07-08,1.942,1.908,1.951,1.901,2836133.0,,2.558853633572162,-2.354145342886389,-0.04600000000000004,
159845,2024-07-09,1.903,1.947,1.958,1.89,5555092.0,,3.5639412997903595,2.044025157232712,0.039000000000000146,
159845,2024-07-10,1.939,1.94,1.964,1.939,2817271.0,,1.2840267077555167,-0.359527478171552,-0.007000000000000117,
159845,2024-07-11,1.966,1.991,1.992,1.96,3109191.0,,1.6494845360824757,2.6288659793814513,0.051000000000000156,
159845,2024-07-12,1.991,1.982,1.993,1.974,2166205.0,,0.9542943244600767,-0.45203415369161826,-0.009000000000000119,
159845,2024-07-15,1.974,1.964,1.978,1.957,6970883.0,,1.0595358224016098,-0.9081735620585276,-0.018000000000000016,
159845,2024-07-16,1.959,1.965,1.97,1.946,4036182.0,,1.2219959266802456,0.050916496945015884,0.001000000000000112,
159845,2024-07-17,1.961,1.952,1.97,1.946,11333554.0,,1.2213740458015276,-0.6615776081424998,-0.013000000000000123,
159845,2024-07-18,1.94,1.96,1.963,1.919,9324783.0,,2.25409836065574,0.40983606557377084,0.008000000000000007,
159845,2024-07-19,1.946,1.963,1.978,1.944,5163856.0,,1.7346938775510221,0.15306122448980172,0.0030000000000001137,
159845,2024-07-22,1.96,1.962,1.974,1.951,2965103.0,,1.1716760061130875,-0.050942435048401014,-0.001000000000000112,
159845,2024-07-23,1.962,1.909,1.967,1.909,1733874.0,,2.956167176350665,-2.7013251783893955,-0.052999999999999936,
159845,2024-07-24,1.903,1.881,1.916,1.881,3160556.0,,1.8334206390780472,-1.4667365112624424,-0.028000000000000025,
159845,2024-07-25,1.874,1.883,1.906,1.869,3448301.0,,1.9670388091440683,0.1063264221158959,0.0020000000000000018,
159845,2024-07-26,1.882,1.912,1.919,1.882,2063758.0,,1.9649495485926787,1.5400955921401973,0.028999999999999915,
159845,2024-07-29,1.914,1.904,1.917,1.899,1461788.0,,0.9414225941422603,-0.4184100418410046,-0.008000000000000007,
159845,2024-07-30,1.903,1.914,1.922,1.885,1640384.0,,1.9432773109243655,0.5252100840336139,0.010000000000000009,
159845,2024-07-31,1.914,1.993,1.993,1.907,6962734.0,,4.493207941483808,4.127481713688621,0.07900000000000018,
159845,2024-08-01,1.994,1.985,2.011,1.972,2528586.0,,1.9568489713999069,-0.40140491721023613,-0.008000000000000007,
159845,2024-08-02,1.971,1.957,1.996,1.953,2739481.0,,2.1662468513853868,-1.4105793450881623,-0.028000000000000025,
159845,2024-08-05,1.945,1.903,1.978,1.903,5091650.0,,3.8323965252938144,-2.7593254982115507,-0.05400000000000005,
159845,2024-08-06,1.924,1.931,1.942,1.909,2737591.0,,1.7341040462427701,1.4713610089332645,0.028000000000000025,
159845,2024-08-07,1.924,1.927,1.943,1.917,2637687.0,,1.3464526152252732,-0.20714655618850356,-0.0040000000000000036,
159845,2024-08-08,1.92,1.929,1.946,1.903,2034077.0,,2.231447846393354,0.10378827192527253,0.0020000000000000018,
159845,2024-08-09,1.939,1.914,1.953,1.913,2763850.0,,2.073613271124937,-0.7776049766718571,-0.015000000000000124,
159845,2024-08-12,1.909,1.906,1.917,1.895,2006854.0,,1.1494252873563229,-0.4179728317659356,-0.008000000000000007,
159845,2024-08-13,1.905,1.912,1.915,1.89,1889223.0,,1.3116474291710458,0.31479538300104964,0.006000000000000005,
159845,2024-08-14,1.908,1.892,1.912,1.892,1531933.0,,1.0460251046025115,-1.0460251046025115,-0.020000000000000018,
159845,2024-08-15,1.886,1.907,1.934,1.882,5379961.0,,2.7484143763213558,0.7928118393234738,0.015000000000000124,
159845,2024-08-16,1.908,1.892,1.915,1.892,3494676.0,,1.2060828526481453,-0.7865757734661838,-0.015000000000000124,
159845,2024-08-19,1.891,1.897,1.92,1.889,1702072.0,,1.6384778012684946,0.2642706131078285,0.0050000000000001155,
159845,2024-08-20,1.895,1.867,1.904,1.856,6089234.0,,2.5303110173958787,-1.5814443858724314,-0.030000000000000027,
159845,2024-08-21,1.858,1.853,1.871,1.851,2187508.0,,1.0712372790573121,-0.7498660953401185,-0.014000000000000012,
159845,2024-08-22,1.851,1.832,1.86,1.827,2839084.0,,1.7808958445763703,-1.1332973556394985,-0.020999999999999908,
159845,2024-08-23,1.829,1.832,1.838,1.819,3089154.0,,1.037117903930138,0.0,0.0,
159845,2024-08-26,1.831,1.837,1.847,1.825,2624547.0,,1.200873362445416,0.27292576419213394,0.004999999999999893,
159845,2024-08-27,1.833,1.818,1.835,1.812,5895469.0,,1.252041371801846,-1.0342950462710891,-0.018999999999999906,
159845,2024-08-28,1.811,1.822,1.837,1.808,3493841.0,,1.5951595159515903,0.22002200220022022,0.0040000000000000036,
159845,2024-08-29,1.816,1.849,1.859,1.813,3823897.0,,2.524698133918773,1.48188803512623,0.026999999999999913,
159845,2024-08-30,1.846,1.885,1.915,1.846,6652333.0,,3.731746890210922,1.946998377501354,0.03600000000000003,
159845,2024-09-02,1.881,1.844,1.89,1.844,4527240.0,,2.4403183023872583,-2.1750663129973433,-0.040999999999999925,
159845,2024-09-03,1.844,1.861,1.876,1.839,2785374.0,,2.006507592190885,0.9219088937093223,0.016999999999999904,
159845,2024-09-04,1.85,1.852,1.873,1.843,2212037.0,,1.6120365394948968,-0.4836109618484631,-0.008999999999999897,
159845,2024-09-05,1.852,1.869,1.881,1.852,2316718.0,,1.5658747300215936,0.9179265658747249,0.016999999999999904,
159845,2024-09-06,1.869,1.836,1.874,1.833,3546653.0,,2.193686463349392,-1.7656500802568174,-0.03299999999999992,
159845,2024-09-09,1.833,1.821,1.844,1.815,1927971.0,,1.5795206971677633,-0.8169934640522944,-0.015000000000000124,
159845,2024-09-10,1.825,1.829,1.838,1.791,2769695.0,,2.580999450851189,0.4393190554640312,0.008000000000000007,
159845,2024-09-11,1.816,1.831,1.835,1.814,5673096.0,,1.1481683980317063,0.10934937124111546,0.0020000000000000018,
159845,2024-09-12,1.83,1.82,1.852,1.819,2364950.0,,1.8022938285090193,-0.6007646095029984,-0.010999999999999899,
159845,2024-09-13,1.817,1.801,1.826,1.799,1698175.0,,1.483516483516491,-1.043956043956051,-0.019000000000000128,
159845,2024-09-18,1.802,1.792,1.803,1.767,2077013.0,,1.9988895058300962,-0.4997223764575179,-0.008999999999999897,
159845,2024-09-19,1.796,1.829,1.847,1.785,4649990.0,,3.4598214285714315,2.0647321428571384,0.03699999999999992,
159845,2024-09-20,1.824,1.815,1.827,1.802,6515936.0,,1.3668671405139372,-0.7654455986878083,-0.014000000000000012,
159845,2024-09-23,1.812,1.819,1.841,1.808,2217303.0,,1.8181818181818137,0.22038567493112968,0.0040000000000000036,
159845,2024-09-24,1.835,1.896,1.896,1.818,8924065.0,,4.288070368334241,4.233095107201757,0.07699999999999996,
159845,2024-09-25,1.914,1.909,1.956,1.907,5106120.0,,2.584388185654005,0.6856540084388251,0.013000000000000123,
159845,2024-09-26,1.9,1.992,1.992,1.9,9139293.0,,4.81927710843374,4.34782608695652,0.08299999999999996,
159845,2024-09-27,2.022,2.155,2.18,2.014,27692318.0,,8.333333333333352,8.18273092369477,0.1629999999999998,
159845,2024-09-30,2.22,2.371,2.371,2.169,17658376.0,,9.37354988399072,10.023201856148502,0.2160000000000002,
159845,2024-10-08,2.608,2.543,2.608,2.39,15286557.0,,9.19443272880641,7.254323070434422,0.17200000000000015,
159845,2024-10-09,2.44,2.32,2.49,2.305,14060836.0,,7.274872198191115,-8.769170271333081,-0.2230000000000003,
159845,2024-10-10,2.33,2.3,2.4,2.283,8825109.0,,5.043103448275862,-0.8620689655172422,-0.020000000000000018,
159845,2024-10-11,2.288,2.203,2.294,2.175,11572036.0,,5.1739130434782705,-4.217391304347825,-0.09699999999999998,
159845,2024-10-14,2.21,2.285,2.293,2.175,11982629.0,,5.356332274171599,3.7221970040853516,0.0820000000000003,
159845,2024-10-15,2.269,2.238,2.322,2.238,10523979.0,,3.676148796498909,-2.056892778993442,-0.04700000000000015,
159845,2024-10-16,2.202,2.25,2.284,2.202,5627089.0,,3.6639857015192066,0.5361930294906171,0.01200000000000001,
159845,2024-10-17,2.262,2.239,2.292,2.238,5257969.0,,2.3999999999999924,-0.48888888888889426,-0.01100000000000012,
159845,2024-10-18,2.24,2.353,2.414,2.233,12739199.0,,8.083966056275125,5.091558731576611,0.11400000000000032,
159845,2024-10-21,2.345,2.386,2.423,2.34,8285275.0,,3.5274118147046396,1.402464938376537,0.03299999999999992,
159845,2024-10-22,2.382,2.397,2.417,2.367,7604576.0,,2.0955574182732533,0.4610226320201038,0.010999999999999677,
159845,2024-10-23,2.391,2.403,2.445,2.384,3503651.0,,2.5448477263245706,0.25031289111390187,0.006000000000000227,
159845,2024-10-24,2.396,2.388,2.399,2.366,4484982.0,,1.3732833957553026,-0.624219725343326,-0.015000000000000124,
159845,2024-10-25,2.391,2.439,2.452,2.391,5036831.0,,2.554438860971522,2.1356783919598055,0.051000000000000156,
159845,2024-10-28,2.44,2.477,2.478,2.427,5686657.0,,2.0910209102091084,1.5580155801557938,0.03799999999999981,
159845,2024-10-29,2.482,2.442,2.491,2.437,9855183.0,,2.1800565199838626,-1.4129995962858175,-0.0349999999999997,
159845,2024-10-30,2.43,2.453,2.464,2.421,4536680.0,,1.7608517608517666,0.4504504504504372,0.010999999999999677,
159845,2024-10-31,2.454,2.495,2.52,2.444,5989519.0,,3.098247044435388,1.712189156135355,0.04200000000000026,
159845,2024-11-01,2.485,2.412,2.493,2.411,5867195.0,,3.286573146292579,-3.3266533066132338,-0.08300000000000018,
159845,2024-11-04,2.41,2.47,2.47,2.408,2158507.0,,2.5704809286898955,2.40464344941958,0.058000000000000274,
159845,2024-11-05,2.476,2.555,2.566,2.464,10882045.0,,4.1295546558704395,3.441295546558703,0.08499999999999996,
159845,2024-11-06,2.56,2.566,2.596,2.543,7379221.0,,2.074363992172209,0.43052837573384245,0.010999999999999677,
159845,2024-11-07,2.54,2.609,2.613,2.535,5084559.0,,3.039750584567414,1.6757599376461478,0.04300000000000015,
159845,2024-11-08,2.645,2.617,2.657,2.603,6525119.0,,2.0697585281717066,0.3066308930624763,0.008000000000000007,
159845,2024-11-11,2.602,2.676,2.679,2.597,5267015.0,,3.1333588077951795,2.25448987390142,0.05900000000000016,
159845,2024-11-12,2.676,2.645,2.696,2.62,4196952.0,,2.8400597907324387,-1.158445440956657,-0.03100000000000014,
159845,2024-11-13,2.641,2.633,2.651,2.587,2229601.0,,2.419659735349702,-0.4536862003780722,-0.01200000000000001,
159845,2024-11-14,2.624,2.558,2.633,2.552,3224505.0,,3.0763387770603856,-2.8484618306114764,-0.07500000000000018,
159845,2024-11-15,2.543,2.499,2.58,2.495,5038414.0,,3.3229085222830324,-2.306489444878801,-0.05899999999999972,
159845,2024-11-18,2.499,2.432,2.512,2.416,4872753.0,,3.8415366146458614,-2.6810724289715955,-0.06700000000000017,
159845,2024-11-19,2.43,2.502,2.502,2.422,2923236.0,,3.289473684210511,2.878289473684204,0.06999999999999984,
159845,2024-11-20,2.485,2.546,2.549,2.482,3992666.0,,2.677857713828926,1.758593125499602,0.04400000000000004,
159845,2024-11-21,2.54,2.546,2.561,2.524,1386604.0,,1.4532600157109161,0.0,0.0,
159845,2024-11-22,2.542,2.457,2.556,2.45,1950296.0,,4.163393558523168,-3.4956794972505882,-0.08899999999999997,
159845,2024-11-25,2.461,2.469,2.47,2.416,1560056.0,,2.197802197802209,0.48840048840048883,0.01200000000000001,
159845,2024-11-26,2.459,2.436,2.484,2.431,2229650.0,,2.1466180639935173,-1.3365735115431316,-0.03299999999999992,
159845,2024-11-27,2.423,2.497,2.497,2.385,2927872.0,,4.5977011494252915,2.5041050903119846,0.06099999999999994,
159845,2024-11-28,2.49,2.479,2.51,2.474,1984790.0,,1.441730076091293,-0.7208650380456465,-0.017999999999999794,
159845,2024-11-29,2.473,2.522,2.543,2.457,2984827.0,,3.4691407825736307,1.7345703912867974,0.042999999999999705,
159845,2024-12-02,2.522,2.571,2.582,2.518,1724386.0,,2.537668517049963,1.9429024583663907,0.04900000000000038,
159845,2024-12-03,2.573,2.563,2.585,2.541,3612126.0,,1.7113963438350852,-0.3111629716063791,-0.008000000000000007,
159845,2024-12-04,2.557,2.528,2.565,2.516,2836047.0,,1.9118220834959005,-1.3655872024970792,-0.03500000000000014,
159845,2024-12-05,2.514,2.559,2.567,2.514,1800332.0,,2.096518987341787,1.2262658227848156,0.03100000000000014,
159845,2024-12-06,2.557,2.589,2.601,2.533,6127204.0,,2.657288003126223,1.172332942555678,0.029999999999999805,
159845,2024-12-09,2.583,2.564,2.594,2.545,3071799.0,,1.8926226342217047,-0.9656237929702555,-0.02499999999999991,
159845,2024-12-10,2.66,2.593,2.665,2.583,5317405.0,,3.198127925116999,1.131045241809669,0.028999999999999915,
159845,2024-12-11,2.589,2.624,2.627,2.588,3602795.0,,1.5040493636714116,1.1955264172772904,0.03100000000000014,
159845,2024-12-12,2.626,2.644,2.646,2.6,2753866.0,,1.7530487804877977,0.7621951219512202,0.020000000000000018,
159845,2024-12-13,2.621,2.594,2.63,2.588,4784436.0,,1.588502269288949,-1.8910741301059102,-0.050000000000000266,
159845,2024-12-16,2.588,2.558,2.596,2.548,850891.0,,1.8504240555127234,-1.3878180416345425,-0.03600000000000003,
159845,2024-12-17,2.552,2.506,2.555,2.499,2999628.0,,2.189210320562942,-2.032838154808446,-0.052000000000000046,
159845,2024-12-18,2.509,2.522,2.542,2.493,2216624.0,,1.95530726256983,0.6384676775738235,0.016000000000000014,
159845,2024-12-19,2.49,2.529,2.537,2.486,1822494.0,,2.022204599524176,0.2775574940523441,0.007000000000000117,
159845,2024-12-20,2.524,2.556,2.572,2.522,1985109.0,,1.9770660340055466,1.0676156583629948,0.027000000000000135,
159845,2024-12-23,2.543,2.485,2.555,2.482,2043235.0,,2.856025039123629,-2.777777777777785,-0.07100000000000017,
159845,2024-12-24,2.486,2.508,2.51,2.474,2001349.0,,1.4486921529174885,0.9255533199195224,0.02300000000000013,
159845,2024-12-25,2.508,2.487,2.508,2.461,3671948.0,,1.8740031897926697,-0.8373205741626758,-0.020999999999999908,
159845,2024-12-26,2.485,2.51,2.518,2.481,2428152.0,,1.4877362283876123,0.9248090068355321,0.022999999999999687,
159845,2024-12-27,2.508,2.513,2.549,2.497,1772817.0,,2.0717131474103607,0.11952191235060215,0.0030000000000001137,
159845,2024-12-30,2.509,2.506,2.524,2.486,1913484.0,,1.512136888181449,-0.27855153203343086,-0.007000000000000117,
159845,2024-12-31,2.506,2.426,2.513,2.423,2586286.0,,3.591380686352748,-3.1923383878690994,-0.07999999999999963,
159845,2025-01-02,2.427,2.361,2.436,2.338,2601090.0,,4.039571310799665,-2.6793075020610035,-0.06499999999999995,
159845,2025-01-03,2.362,2.3,2.37,2.286,4290636.0,,3.55781448538755,-2.583650995340973,-0.06100000000000039,
159845,2025-01-06,2.293,2.282,2.316,2.267,3943845.0,,2.130434782608693,-0.782608695652165,-0.017999999999999794,
159845,2025-01-07,2.28,2.316,2.318,2.271,3876678.0,,2.059596844872925,1.489921121822954,0.03399999999999981,
159845,2025-01-08,2.305,2.306,2.325,2.239,3440759.0,,3.7132987910190116,-0.4317789291882464,-0.009999999999999787,
159845,2025-01-09,2.292,2.311,2.327,2.288,2674721.0,,1.691240242844759,0.2168256721595791,0.004999999999999893,
159845,2025-01-10,2.309,2.26,2.331,2.26,1455156.0,,3.0722630895716216,-2.2068368671570817,-0.051000000000000156,
159845,2025-01-13,2.247,2.264,2.283,2.225,2405251.0,,2.566371681415922,0.17699115044247804,0.0040000000000000036,
159845,2025-01-14,2.266,2.369,2.372,2.265,5296786.0,,4.726148409893983,4.637809187279171,0.10500000000000043,
159845,2025-01-15,2.366,2.351,2.368,2.343,3841600.0,,1.055297593921482,-0.7598142676234798,-0.018000000000000238,
159845,2025-01-16,2.366,2.361,2.409,2.342,3779017.0,,2.849851127179912,0.425350914504476,0.010000000000000231,
159845,2025-01-17,2.351,2.38,2.4,2.345,2142377.0,,2.329521389241834,0.8047437526471699,0.018999999999999684,
159845,2025-01-20,2.399,2.39,2.416,2.386,2329728.0,,1.2605042016806642,0.4201680672269005,0.010000000000000231,
159845,2025-01-21,2.405,2.405,2.412,2.374,2513010.0,,1.5899581589958078,0.6276150627614929,0.01499999999999968,
159845,2025-01-22,2.392,2.388,2.401,2.373,3522781.0,,1.164241164241147,-0.7068607068607029,-0.016999999999999904,
159845,2025-01-23,2.403,2.378,2.444,2.376,3272851.0,,2.847571189279735,-0.41876046901171643,-0.009999999999999787,
159845,2025-01-24,2.372,2.422,2.424,2.371,4622222.0,,2.2287636669470112,1.8502943650126173,0.04400000000000004,
159845,2025-01-27,2.426,2.382,2.436,2.381,3383144.0,,2.270850536746497,-1.651527663088358,-0.040000000000000036,
159845,2025-02-05,2.4,2.395,2.419,2.382,2685232.0,,1.553316540722079,0.5457598656591057,0.0129999999999999,
159845,2025-02-06,2.387,2.46,2.465,2.383,1675390.0,,3.423799582463459,2.7139874739039644,0.06499999999999995,
159845,2025-02-07,2.462,2.5,2.532,2.458,5281971.0,,3.0081300813008065,1.6260162601626031,0.040000000000000036,
159845,2025-02-10,2.5,2.528,2.533,2.495,3898646.0,,1.5199999999999925,1.120000000000001,0.028000000000000025,
159845,2025-02-11,2.528,2.519,2.535,2.501,2363974.0,,1.3449367088607693,-0.356012658227844,-0.008999999999999897,
159845,2025-02-12,2.512,2.558,2.56,2.512,1703451.0,,1.9055180627233044,1.5482334259626716,0.0389999999999997,
159845,2025-02-13,2.558,2.531,2.561,2.53,1772163.0,,1.2118842845973472,-1.055512118842834,-0.02699999999999969,
159845,2025-02-14,2.529,2.544,2.552,2.52,2384942.0,,1.2643224022125652,0.5136309758988502,0.0129999999999999,
159845,2025-02-17,2.557,2.556,2.569,2.535,4693057.0,,1.3364779874213761,0.47169811320754756,0.01200000000000001,
159845,2025-02-18,2.557,2.504,2.56,2.492,2442158.0,,2.660406885759001,-2.034428794992177,-0.052000000000000046,
159845,2025-02-19,2.5,2.562,2.564,2.497,1933245.0,,2.6757188498402624,2.316293929712453,0.05799999999999983,
159845,2025-02-20,2.563,2.577,2.588,2.553,3362180.0,,1.3661202185792407,0.5854800936768199,0.015000000000000124,
159845,2025-02-21,2.582,2.632,2.635,2.572,1693270.0,,2.444703143189745,2.1342646488164596,0.05500000000000016,
159845,2025-02-24,2.627,2.629,2.648,2.61,2373351.0,,1.4437689969604959,-0.11398176291793743,-0.0030000000000001137,
159845,2025-02-25,2.593,2.617,2.646,2.591,965599.0,,2.09205020920501,-0.456447318372005,-0.01200000000000001,
159845,2025-02-26,2.622,2.657,2.662,2.612,948895.0,,1.9105846388994965,1.5284677111196041,0.040000000000000036,
159845,2025-02-27,2.652,2.643,2.667,2.607,1150607.0,,2.2581859239743927,-0.5269100489273706,-0.014000000000000234,
159845,2025-02-28,2.633,2.554,2.636,2.548,2025415.0,,3.3295497540673504,-3.3673855467272027,-0.08899999999999997,
159845,2025-03-03,2.563,2.555,2.599,2.543,1496157.0,,2.192638997650746,0.03915426781520494,0.001000000000000334,
159845,2025-03-04,2.537,2.587,2.59,2.533,1549207.0,,2.230919765166338,1.2524461839530343,0.03200000000000003,
159845,2025-03-05,2.587,2.603,2.609,2.571,1184443.0,,1.4688828759180443,0.6184770003865486,0.016000000000000014,
159845,2025-03-06,2.62,2.664,2.674,2.615,1143205.0,,2.2666154437187753,2.3434498655397595,0.06099999999999994,
159845,2025-03-07,2.664,2.653,2.678,2.634,1616766.0,,1.6516516516516528,-0.4129129129129174,-0.01100000000000012,
159845,2025-03-10,2.652,2.655,2.664,2.63,1527879.0,,1.28156803618546,0.07538635506972408,0.0019999999999997797,
159845,2025-03-11,2.628,2.671,2.676,2.623,1056174.0,,1.9962335216572484,0.6026365348399253,0.016000000000000014,
159845,2025-03-12,2.681,2.673,2.706,2.67,971242.0,,1.3478098090602784,0.07487832272557933,0.002000000000000224,
159845,2025-03-13,2.67,2.634,2.676,2.606,1230533.0,,2.618780396558185,-1.4590347923681313,-0.039000000000000146,
159845,2025-03-14,2.628,2.682,2.682,2.616,2172252.0,,2.5056947608200395,1.8223234624145803,0.04800000000000004,
159845,2025-03-17,2.682,2.682,2.69,2.668,1835324.0,,0.8202833706189336,0.0,0.0,
159845,2025-03-18,2.687,2.69,2.707,2.679,884867.0,,1.0439970171513804,0.2982848620432516,0.008000000000000007,
159845,2025-03-19,2.69,2.675,2.69,2.661,1573425.0,,1.078066914498138,-0.5576208178438709,-0.015000000000000124,
159845,2025-03-20,2.671,2.664,2.686,2.655,963294.0,,1.1588785046729024,-0.411214953271016,-0.010999999999999677,
159845,2025-03-21,2.653,2.61,2.66,2.601,1841866.0,,2.2147147147147206,-2.0270270270270374,-0.05400000000000027,
159845,2025-03-24,2.6,2.584,2.61,2.545,1401350.0,,2.4904214559386952,-0.9961685823754713,-0.0259999999999998,
159845,2025-03-25,2.584,2.572,2.598,2.559,1336063.0,,1.509287925696583,-0.4643962848297218,-0.01200000000000001,
159845,2025-03-26,2.57,2.578,2.596,2.564,970139.0,,1.2441679626749622,0.23328149300154677,0.005999999999999783,
159845,2025-03-27,2.575,2.58,2.605,2.545,1035327.0,,2.327385570209467,0.07757951900699084,0.002000000000000224,
159845,2025-03-28,2.58,2.555,2.59,2.549,965318.0,,1.5891472868217027,-0.968992248062012,-0.02499999999999991,
159845,2025-03-31,2.541,2.537,2.551,2.504,1424654.0,,1.8395303326810233,-0.7045009784735905,-0.018000000000000238,
159845,2025-04-01,2.537,2.547,2.567,2.537,936171.0,,1.1824990145841643,0.3941663381947273,0.010000000000000231,
159845,2025-04-02,2.548,2.556,2.574,2.543,554970.0,,1.2171181782489082,0.35335689045935986,0.008999999999999897,
159845,2025-04-03,2.532,2.527,2.57,2.514,1063906.0,,2.190923317683883,-1.1345852895148636,-0.028999999999999915,
159845,2025-04-07,2.396,2.274,2.437,2.274,5479224.0,,6.4503363672338665,-10.011871784724974,-0.2530000000000001,
159845,2025-04-08,2.231,2.247,2.298,2.211,36415413.0,,3.825857519788926,-1.187335092348291,-0.027000000000000135,
159845,2025-04-09,2.22,2.3,2.316,2.128,3345925.0,,8.366711170449475,2.3587004895416084,0.052999999999999936,
159845,2025-04-10,2.339,2.353,2.4,2.336,2517643.0,,2.7826086956521765,2.304347826086973,0.05300000000000038,
159845,2025-04-11,2.34,2.385,2.415,2.334,1490542.0,,3.442413939651507,1.359966000849961,0.031999999999999584,
159845,2025-04-14,2.406,2.416,2.434,2.406,1724503.0,,1.1740041928721185,1.299790356394136,0.03100000000000014,
159845,2025-04-15,2.411,2.407,2.42,2.39,1983384.0,,1.2417218543046278,-0.37251655629138647,-0.008999999999999897,
159845,2025-04-16,2.404,2.376,2.404,2.348,5258306.0,,2.3265475695887017,-1.2879102617366074,-0.03100000000000014,
159845,2025-04-17,2.36,2.379,2.402,2.36,1646562.0,,1.7676767676767786,0.12626262626263104,0.0030000000000001137,
159845,2025-04-18,2.372,2.372,2.386,2.358,2451984.0,,1.176965111391342,-0.29424127784784015,-0.007000000000000117,
159845,2025-04-21,2.367,2.421,2.424,2.359,1474252.0,,2.7403035413153436,2.0657672849915656,0.04899999999999993,
159845,2025-04-22,2.414,2.421,2.432,2.41,1165639.0,,0.9087154068566625,0.0,0.0,
159845,2025-04-23,2.427,2.435,2.454,2.424,1401639.0,,1.2391573729863796,0.5782734407269821,0.014000000000000234,
159845,2025-04-24,2.428,2.413,2.436,2.4,907918.0,,1.478439425051336,-0.9034907597536033,-0.02200000000000024,
159845,2025-04-25,2.416,2.418,2.438,2.402,1853110.0,,1.4919187733112322,0.20721094073768495,0.0050000000000003375,
159845,2025-04-28,2.416,2.398,2.42,2.388,1391529.0,,1.3234077750206792,-0.8271298593879246,-0.020000000000000018,
159845,2025-04-29,2.387,2.404,2.414,2.378,828988.0,,1.5012510425354475,0.250208507089232,0.005999999999999783,
159845,2025-04-30,2.401,2.425,2.432,2.401,1185280.0,,1.2895174708818693,0.8735440931780328,0.020999999999999908,
159845,2025-05-06,2.437,2.485,2.485,2.437,1548895.0,,1.979381443298971,2.4742268041237137,0.06000000000000005,
159845,2025-05-07,2.527,2.49,2.531,2.471,2058822.0,,2.4144869215291775,0.20120724346077817,0.0050000000000003375,
159845,2025-05-08,2.485,2.508,2.515,2.479,1029851.0,,1.4457831325301216,0.7228915662650519,0.017999999999999794,
159845,2025-05-09,2.504,2.481,2.507,2.467,1104401.0,,1.5948963317384384,-1.0765550239234505,-0.027000000000000135,
159845,2025-05-12,2.509,2.514,2.514,2.489,1608256.0,,1.0076582023377636,1.3301088270858492,0.03299999999999992,
159845,2025-05-13,2.533,2.509,2.533,2.502,1907788.0,,1.233094669848852,-0.19888623707239034,-0.004999999999999893,
159845,2025-05-14,2.502,2.511,2.529,2.489,1856607.0,,1.594260661618176,0.07971303308091765,0.002000000000000224,
159845,2025-05-15,2.506,2.47,2.506,2.468,1317296.0,,1.5133412982875274,-1.632815611310232,-0.040999999999999925,
159845,2025-05-16,2.462,2.472,2.488,2.461,1690986.0,,1.0931174089068878,0.08097165991901942,0.0019999999999997797,
159845,2025-05-19,2.472,2.484,2.489,2.45,1168917.0,,1.5776699029126091,0.48543689320388395,0.01200000000000001,
159845,2025-05-20,2.489,2.508,2.512,2.476,1021916.0,,1.449275362318842,0.9661835748792279,0.02400000000000002,
159845,2025-05-21,2.501,2.5,2.504,2.49,541978.0,,0.5582137161084446,-0.31897926634768764,-0.008000000000000007,
159845,2025-05-22,2.496,2.476,2.509,2.473,1181700.0,,1.4400000000000013,-0.9600000000000007,-0.02400000000000002,
159845,2025-05-23,2.472,2.449,2.49,2.443,1376944.0,,1.8982229402261777,-1.090468497576742,-0.027000000000000135,
159845,2025-05-26,2.446,2.458,2.464,2.439,789331.0,,1.020824826459776,0.3674969375255346,0.009000000000000341,
159845,2025-05-27,2.449,2.452,2.46,2.436,768531.0,,0.9764035801464612,-0.24410089503662438,-0.006000000000000227,
159845,2025-05-28,2.457,2.445,2.46,2.438,662406.0,,0.8972267536704649,-0.2854812398042462,-0.007000000000000117,
159845,2025-05-29,2.444,2.488,2.489,2.443,1744377.0,,1.8813905930470276,1.7586912065439737,0.04300000000000015,
159845,2025-05-30,2.479,2.464,2.479,2.46,2120185.0,,0.7636655948553106,-0.9646302250803868,-0.02400000000000002,
159845,2025-06-03,2.458,2.477,2.487,2.453,782197.0,,1.3798701298701401,0.5275974025973986,0.0129999999999999,
159845,2025-06-04,2.478,2.501,2.503,2.478,617456.0,,1.0092854259184463,0.9689140088817126,0.02400000000000002,
159845,2025-06-05,2.504,2.52,2.526,2.492,782804.0,,1.3594562175129872,0.7596961215513846,0.019000000000000128,
159845,2025-06-06,2.519,2.517,2.523,2.509,416046.0,,0.5555555555555649,-0.11904761904762357,-0.0030000000000001137,
159845,2025-06-09,2.516,2.541,2.548,2.516,1232166.0,,1.2713547874453728,0.9535160905840294,0.02400000000000002,
159845,2025-06-10,2.548,2.52,2.548,2.497,1117956.0,,2.0070838252656498,-0.8264462809917319,-0.020999999999999908,
159845,2025-06-11,2.519,2.529,2.547,2.519,1277614.0,,1.111111111111112,0.35714285714285304,0.008999999999999897,
159845,2025-06-12,2.525,2.533,2.539,2.515,427538.0,,0.9489916963226581,0.15816528272044303,0.0040000000000000036,
159845,2025-06-13,2.525,2.504,2.533,2.498,860060.0,,1.381760757994461,-1.1448874851954172,-0.028999999999999915,
159845,2025-06-16,2.52,2.517,2.522,2.498,684661.0,,0.9584664536741045,0.5191693290734785,0.0129999999999999,
159845,2025-06-17,2.523,2.516,2.525,2.507,577131.0,,0.7151370679380132,-0.039729837107663486,-0.0009999999999998899,
159845,2025-06-18,2.51,2.513,2.519,2.494,630753.0,,0.993640699523049,-0.11923688394277082,-0.0030000000000001137,
159845,2025-06-19,2.507,2.482,2.517,2.471,1297184.0,,1.8304814962196505,-1.2335853561480181,-0.030999999999999694,
159845,2025-06-20,2.479,2.46,2.485,2.459,1222793.0,,1.047542304593062,-0.8863819500402997,-0.02200000000000024,
159845,2025-06-23,2.457,2.491,2.493,2.451,1581282.0,,1.7073170731707241,1.260162601626022,0.03100000000000014,
159845,2025-06-24,2.494,2.537,2.54,2.49,891465.0,,2.0072260136491296,1.8466479325571987,0.04599999999999982,
159845,2025-06-25,2.541,2.574,2.58,2.537,1593710.0,,1.694915254237294,1.4584154513204541,0.03699999999999992,
159845,2025-06-26,2.57,2.563,2.587,2.563,1262141.0,,0.9324009324009332,-0.42735042735041484,-0.010999999999999677,
159845,2025-06-27,2.563,2.575,2.595,2.563,1204540.0,,1.2485368708544684,0.4682013265704257,0.01200000000000001,
159845,2025-06-30,2.577,2.608,2.608,2.577,1432702.0,,1.2038834951456363,1.2815533980582492,0.03299999999999992,
159845,2025-07-01,2.608,2.611,2.615,2.586,590274.0,,1.1119631901840628,0.11503067484663011,0.0030000000000001137,
159845,2025-07-02,2.609,2.591,2.609,2.58,995560.0,,1.1106855610877024,-0.765990042129453,-0.020000000000000018,
159845,2025-07-03,2.587,2.604,2.606,2.583,594503.0,,0.8876881512929249,0.5017367811655692,0.0129999999999999,
159845,2025-07-04,2.601,2.594,2.619,2.582,913221.0,,1.4208909370199834,-0.38402457757297354,-0.010000000000000231,
159845,2025-07-07,2.592,2.595,2.6,2.586,527667.0,,0.5397070161912196,0.03855050115652792,0.001000000000000334,
159845,2025-07-08,2.594,2.631,2.632,2.59,1002313.0,,1.6184971098265994,1.3872832369942036,0.03599999999999959,
159845,2025-07-09,2.634,2.626,2.641,2.619,799810.0,,0.8361839604712962,-0.19004180919801952,-0.004999999999999893,
159845,2025-07-10,2.619,2.63,2.642,2.614,549733.0,,1.0662604722010673,0.15232292460015245,0.0040000000000000036,
159845,2025-07-11,2.634,2.66,2.667,2.622,2169094.0,,1.711026615969579,1.1406844106463974,0.03000000000000025,
159845,2025-07-14,2.66,2.653,2.66,2.645,1055459.0,,0.5639097744360949,-0.2631578947368465,-0.007000000000000117,
159845,2025-07-15,2.648,2.645,2.66,2.62,1293153.0,,1.507727101394649,-0.3015454202789298,-0.008000000000000007,
159845,2025-07-16,2.64,2.652,2.667,2.639,835886.0,,1.058601134215502,0.2646502835538797,0.007000000000000117,
159845,2025-07-17,2.654,2.687,2.688,2.648,1299454.0,,1.508295625942686,1.3197586726998378,0.0349999999999997,
159845,2025-07-18,2.694,2.693,2.701,2.677,985015.0,,0.8931894305917388,0.22329735764794298,0.006000000000000227,
159845,2025-07-21,2.689,2.717,2.718,2.685,1315055.0,,1.2253991830672082,0.8911994058670636,0.02400000000000002,
159845,2025-07-22,2.717,2.727,2.731,2.708,765466.0,,0.8465218991534665,0.3680529996319391,0.009999999999999787,
159845,2025-07-23,2.734,2.719,2.745,2.712,910572.0,,1.2101210121012071,-0.2933626696002936,-0.008000000000000007,
159845,2025-07-24,2.717,2.758,2.759,2.714,1461205.0,,1.6550202280250066,1.4343508642883467,0.039000000000000146,
159845,2025-07-25,2.764,2.754,2.764,2.741,1097493.0,,0.8339376359680816,-0.14503263234227715,-0.0040000000000000036,
159845,2025-07-28,2.754,2.765,2.77,2.741,1723146.0,,1.0530137981118344,0.3994190268700117,0.01100000000000012,
159845,2025-07-29,2.762,2.785,2.785,2.744,841508.0,,1.4828209764918598,0.7233273056057872,0.020000000000000018,
159845,2025-07-30,2.785,2.764,2.785,2.742,889013.0,,1.5439856373429137,-0.7540394973070144,-0.02100000000000035,
159845,2025-07-31,2.756,2.735,2.772,2.728,1138582.0,,1.5918958031837773,-1.049204052098405,-0.028999999999999915,
159845,2025-08-01,2.734,2.74,2.757,2.722,646748.0,,1.2797074954296213,0.1828153564899575,0.0050000000000003375,
159845,2025-08-04,2.735,2.772,2.772,2.723,874879.0,,1.7883211678832092,1.1678832116788167,0.031999999999999584,
159845,2025-08-05,2.772,2.79,2.79,2.77,514126.0,,0.7215007215007222,0.649350649350658,0.018000000000000238,
159845,2025-08-06,2.79,2.822,2.826,2.782,792121.0,,1.5770609318996427,1.1469534050179222,0.03200000000000003,
159845,2025-08-07,2.825,2.82,2.831,2.8,979550.0,,1.098511693834165,-0.07087172218285698,-0.002000000000000224,
159845,2025-08-08,2.819,2.815,2.821,2.801,966732.0,,0.7092198581560291,-0.17730496453900332,-0.004999999999999893,
159845,2025-08-11,2.817,2.852,2.863,2.817,1527984.0,,1.6341030195381818,1.3143872113676704,0.03699999999999992,
159845,2025-08-12,2.855,2.861,2.863,2.837,1049279.0,,0.9116409537166831,0.31556802244040466,0.009000000000000341,
159845,2025-08-13,2.862,2.905,2.912,2.862,1192031.0,,1.747640685075142,1.5379238028661166,0.043999999999999595,
159845,2025-08-14,2.905,2.874,2.912,2.863,993078.0,,1.686746987951805,-1.067125645438888,-0.030999999999999694,
159845,2025-08-15,2.865,2.929,2.93,2.86,1107429.0,,2.4356297842728005,1.9137091162143256,0.054999999999999716,
159845,2025-08-18,2.949,2.978,2.993,2.934,1926867.0,,2.0143393649709704,1.6729259132809962,0.04900000000000038,
159845,2025-08-19,2.976,2.981,2.997,2.959,1538654.0,,1.276024177300195,0.10073875083947847,0.0029999999999996696,
159845,2025-08-20,2.975,3.008,3.008,2.944,1580751.0,,2.1469305602146953,0.9057363300905782,0.027000000000000135,
159845,2025-08-21,3.025,2.983,3.025,2.969,1806299.0,,1.8617021276595762,-0.8311170212765928,-0.02499999999999991,
159845,2025-08-22,2.981,3.035,3.037,2.981,1463607.0,,1.8773047267851173,1.7432115320147519,0.052000000000000046,
159845,2025-08-25,3.048,3.071,3.092,3.042,1457454.0,,1.647446457990124,1.186161449752884,0.03600000000000003,
159845,2025-08-26,3.068,3.073,3.097,3.055,918049.0,,1.3676326929338918,0.06512536633017843,0.0019999999999997797,
159845,2025-08-27,3.092,3.016,3.112,3.014,1447755.0,,3.1890660592255227,-1.8548649528148369,-0.05699999999999994,
159845,2025-08-28,3.017,3.063,3.067,2.968,2052394.0,,3.2824933687002718,1.5583554376657875,0.04700000000000015,
159845,2025-08-29,3.059,3.052,3.08,3.031,1198463.0,,1.5997388181521361,-0.3591250408096677,-0.01100000000000012,
159845,2025-09-01,3.058,3.085,3.085,3.05,908738.0,,1.1467889908256927,1.0812581913499317,0.03299999999999992,
159845,2025-09-02,3.072,3.01,3.079,2.985,1204169.0,,3.0470016207455526,-2.431118314424641,-0.07500000000000018,
159845,2025-09-03,3.009,2.964,3.025,2.95,1152293.0,,2.4916943521594597,-1.5282392026578016,-0.04599999999999982,
159845,2025-09-04,2.964,2.895,2.983,2.857,2081002.0,,4.251012145748985,-2.327935222672063,-0.06899999999999995,
159845,2025-09-05,2.895,2.981,2.988,2.89,1631013.0,,3.3851468048359195,2.9706390328151935,0.08599999999999985,
159845,2025-09-08,2.982,3.004,3.015,2.966,1863565.0,,1.643743710164372,0.7715531700771597,0.02300000000000013,
159845,2025-09-09,2.994,2.97,3.008,2.958,1678306.0,,1.664447403462045,-1.131824234354188,-0.03399999999999981,
159845,2025-09-10,2.956,2.973,3.003,2.955,878087.0,,1.6161616161616175,0.10101010101008989,0.0029999999999996696,
159845,2025-09-11,2.971,3.055,3.055,2.942,1228304.0,,3.800874537504204,2.75815674402961,0.0820000000000003,
159845,2025-09-12,3.05,3.054,3.076,3.04,911286.0,,1.1783960720130942,-0.032733224222596856,-0.001000000000000334,
159845,2025-09-15,3.057,3.047,3.067,3.044,832636.0,,0.7531106745252172,-0.2292075965946193,-0.006999999999999673,
159845,2025-09-16,3.051,3.085,3.086,3.026,768267.0,,1.9691499835904185,1.2471283229405912,0.03799999999999981,
159845,2025-09-17,3.076,3.11,3.117,3.068,984177.0,,1.5883306320907595,0.8103727714748756,0.02499999999999991,
159845,2025-09-18,3.111,3.073,3.154,3.04,1456239.0,,3.6655948553054625,-1.1897106109324733,-0.03699999999999992,
159845,2025-09-19,3.074,3.061,3.094,3.044,1083765.0,,1.627074520013011,-0.3904978848031243,-0.01200000000000001,
159845,2025-09-22,3.07,3.08,3.084,3.051,1027378.0,,1.0780790591310003,0.6207121855602786,0.019000000000000128,
159845,2025-09-23,3.08,3.048,3.086,2.992,1316154.0,,3.0519480519480475,-1.0389610389610398,-0.03200000000000003,
159845,2025-09-24,3.028,3.102,3.103,3.02,923549.0,,2.7230971128608985,1.771653543307081,0.053999999999999826,
159845,2025-09-25,3.1,3.086,3.113,3.083,1002717.0,,0.967117988394578,-0.515796260477112,-0.016000000000000014,
159845,2025-09-26,3.068,3.051,3.094,3.046,867123.0,,1.5554115359688931,-1.1341542449773072,-0.0349999999999997,
159845,2025-09-29,3.062,3.089,3.1,3.036,1526607.0,,2.0976728941330727,1.245493280891505,0.03799999999999981,
159845,2025-09-30,3.088,3.12,3.13,3.087,894879.0,,1.3920362576885628,1.0035610229847893,0.03100000000000014,
159845,2025-10-09,3.118,3.139,3.157,3.118,1189427.0,,1.2500000000000047,0.6089743589743488,0.018999999999999684,
159845,2025-10-10,3.13,3.102,3.135,3.092,1242912.0,,1.369863013698621,-1.1787193373685863,-0.03699999999999992,
159845,2025-10-13,3.0,3.1,3.103,2.986,2168754.0,,3.771760154738878,-0.06447453255963184,-0.0019999999999997797,
159845,2025-10-14,3.107,3.034,3.131,3.02,2398781.0,,3.580645161290315,-2.129032258064525,-0.06600000000000028,
159845,2025-10-15,3.038,3.082,3.082,3.012,961827.0,,2.307185234014497,1.582069874752803,0.04800000000000004,
159845,2025-10-16,3.064,3.044,3.078,3.035,1191159.0,,1.395197923426337,-1.2329656067488584,-0.03799999999999981,
159845,2025-10-17,3.044,2.964,3.06,2.958,1621698.0,,3.350854139290403,-2.628120893561106,-0.08000000000000007,
159845,2025-10-20,2.995,2.977,3.008,2.964,965756.0,,1.4844804318488543,0.4385964912280669,0.0129999999999999,
159845,2025-10-21,2.987,3.02,3.029,2.977,1688998.0,,1.746724890829696,1.4444071212630214,0.04300000000000015,
159845,2025-10-22,3.006,3.009,3.025,2.994,1196168.0,,1.0264900662251555,-0.3642384105960305,-0.01100000000000012,
159845,2025-10-23,2.994,3.011,3.017,2.96,1136233.0,,1.8943170488534378,0.06646726487205795,0.002000000000000224,
159845,2025-10-24,3.013,3.059,3.061,3.013,1255652.0,,1.59415476585852,1.59415476585852,0.04800000000000004,
159845,2025-10-27,3.078,3.082,3.096,3.059,1250831.0,,1.2095456031382779,0.75187969924811,0.022999999999999687,
159845,2025-10-28,3.069,3.079,3.107,3.065,981834.0,,1.3627514600908586,-0.09733939000647858,-0.0029999999999996696,
159845,2025-10-29,3.074,3.118,3.118,3.073,741912.0,,1.4615134784020762,1.266645014615125,0.0389999999999997,
159845,2025-10-30,3.11,3.086,3.118,3.08,1123063.0,,1.2187299550994168,-1.0262989095574095,-0.03200000000000003,
159845,2025-10-31,3.086,3.089,3.128,3.082,957202.0,,1.4906027219701965,0.09721322099805943,0.0030000000000001137,
159845,2025-11-03,3.088,3.106,3.108,3.052,1068418.0,,1.812884428617677,0.5503399158303627,0.016999999999999904,
159845,2025-11-04,3.108,3.06,3.108,3.04,875491.0,,2.1893110109465574,-1.4810045074050169,-0.04599999999999982,
159845,2025-11-05,3.012,3.072,3.085,3.012,839416.0,,2.3856209150326784,0.39215686274509837,0.01200000000000001,
159845,2025-11-06,3.074,3.11,3.113,3.072,715482.0,,1.334635416666664,1.2369791666666605,0.03799999999999981,
159845,2025-11-07,3.1,3.106,3.123,3.083,565947.0,,1.2861736334405156,-0.12861736334405155,-0.0040000000000000036,
159845,2025-11-10,3.121,3.113,3.128,3.095,793672.0,,1.062459755312296,0.22537025112685502,0.007000000000000117,
159845,2025-11-11,3.117,3.105,3.132,3.097,756492.0,,1.1243173787343443,-0.2569868294249922,-0.008000000000000007,
159845,2025-11-12,3.099,3.085,3.106,3.058,575705.0,,1.5458937198067646,-0.6441223832528187,-0.020000000000000018,
159845,2025-11-13,3.077,3.13,3.135,3.077,663926.0,,1.8800648298217124,1.458670988654779,0.04499999999999993,
159845,2025-11-14,3.12,3.09,3.126,3.09,837956.0,,1.1501597444089466,-1.2779552715654963,-0.040000000000000036,
159845,2025-11-17,3.088,3.093,3.106,3.082,553058.0,,0.7766990291262144,0.09708737864078038,0.0030000000000001137,
159845,2025-11-18,3.101,3.073,3.101,3.056,1699366.0,,1.4548981571289987,-0.6466214031684454,-0.020000000000000018,
159845,2025-11-19,3.077,3.046,3.082,3.027,1566437.0,,1.7897819720143089,-0.8786202408070334,-0.027000000000000135,
159845,2025-11-20,3.059,3.028,3.068,3.022,2184318.0,,1.5101772816809018,-0.5909389363099079,-0.017999999999999794,
159845,2025-11-21,2.986,2.917,3.012,2.911,6020493.0,,3.3355350066050193,-3.665785997357999,-0.11100000000000021,
159845,2025-11-24,2.921,2.946,2.96,2.909,3771107.0,,1.7483716146726143,0.9941720946177703,0.02900000000000036,
159845,2025-11-25,2.967,2.98,3.01,2.949,4469896.0,,2.0706042090970787,1.154107264086891,0.03399999999999981,
159845,2025-11-26,2.989,2.983,3.009,2.973,2650470.0,,1.2080536912751687,0.10067114093960113,0.0030000000000001137,
159845,2025-11-27,2.978,2.985,3.02,2.978,3104750.0,,1.4079785450888305,0.06704659738517531,0.0019999999999997797,
159845,2025-11-28,2.98,3.024,3.024,2.98,2128140.0,,1.4740368509212742,1.3065326633165877,0.039000000000000146,
159845,2025-12-01,3.028,3.039,3.046,3.022,2854240.0,,0.7936507936507943,0.49603174603175015,0.015000000000000124,
159845,2025-12-02,3.032,3.015,3.035,3.007,2353121.0,,0.9213557091148412,-0.7897334649555782,-0.02400000000000002,
159845,2025-12-03,3.016,2.987,3.018,2.978,3195348.0,,1.3266998341625071,-0.9286898839137654,-0.028000000000000025,
159845,2025-12-04,2.989,2.989,2.997,2.961,3278452.0,,1.2052226314027463,0.0669568128557007,0.0019999999999997797,
159845,2025-12-05,2.988,3.031,3.031,2.964,4558802.0,,2.2415523586483834,1.4051522248243646,0.04200000000000026,
159845,2025-12-08,3.036,3.057,3.068,3.036,4535946.0,,1.0557571758495554,0.8578027053777566,0.0259999999999998,
159845,2025-12-09,3.051,3.042,3.066,3.039,2917596.0,,0.8832188420019526,-0.49067713444553895,-0.015000000000000124,
159845,2025-12-10,3.042,3.053,3.059,3.02,3337728.0,,1.2820512820512868,0.3616042077580579,0.01100000000000012,
159845,2025-12-11,3.063,3.019,3.065,3.018,3745447.0,,1.539469374385855,-1.1136586963642257,-0.03399999999999981,
159845,2025-12-12,3.012,3.039,3.05,3.008,5482603.0,,1.3911891354753168,0.6624710168930115,0.020000000000000018,
159845,2025-12-15,3.021,3.014,3.041,3.011,3378930.0,,0.9871668311944655,-0.8226390259954048,-0.025000000000000355,
159845,2025-12-16,3.008,2.965,3.009,2.946,4646671.0,,2.090245520902446,-1.625746516257463,-0.04899999999999993,
159845,2025-12-17,2.955,3.004,3.014,2.949,5756857.0,,2.192242833052275,1.3153456998313708,0.039000000000000146,
159845,2025-12-18,2.981,2.999,3.028,2.98,5007250.0,,1.59786950732357,-0.16644474034620152,-0.004999999999999893,
159845,2025-12-19,3.0,3.022,3.035,2.999,5158919.0,,1.2004001333777936,0.7669223074358015,0.022999999999999687,
159845,2025-12-22,3.023,3.052,3.065,3.023,4664375.0,,1.3898080741230912,0.9927200529450777,0.03000000000000025,
159845,2025-12-23,3.05,3.047,3.071,3.039,3465369.0,,1.0484927916120586,-0.1638269986893805,-0.004999999999999893,
159845,2025-12-24,3.07,3.098,3.101,3.045,4751269.0,,1.8378733180177238,1.6737774860518448,0.05099999999999971,
159845,2025-12-25,3.099,3.126,3.134,3.088,4978479.0,,1.4848289218850814,0.903808908973532,0.028000000000000025,
159845,2025-12-26,3.126,3.137,3.155,3.116,6151679.0,,1.2476007677543093,0.35188739603327324,0.01100000000000012,
159845,2025-12-29,3.131,3.127,3.149,3.12,4376249.0,,0.9244501115715625,-0.3187759005419264,-0.010000000000000231,
159845,2025-12-30,3.119,3.135,3.151,3.114,3910070.0,,1.1832427246562176,0.2558362647905343,0.008000000000000007,
159845,2025-12-31,3.135,3.132,3.142,3.114,4245079.0,,0.8931419457735256,-0.09569377990429569,-0.0029999999999996696,
159845,2026-01-05,3.15,3.199,3.2,3.14,4350258.0,,1.915708812260538,2.1392081736909234,0.06699999999999973,
159845,2026-01-06,3.205,3.245,3.246,3.198,5049008.0,,1.5004688965301671,1.4379493591747503,0.04600000000000026,
159845,2026-01-07,3.25,3.259,3.274,3.243,6148371.0,,0.9553158705701121,0.4314329738058487,0.01399999999999979,
159845,2026-01-08,3.252,3.286,3.299,3.25,4395503.0,,1.5035286897821398,0.8284749923289394,0.027000000000000135,
159845,2026-01-09,3.281,3.365,3.365,3.281,7388947.0,,2.5562994522215483,2.4041387705416977,0.07900000000000018,
159845,2026-01-12,3.37,3.464,3.471,3.37,8902267.0,,3.0014858841010392,2.942050520059428,0.09899999999999975,
159845,2026-01-13,3.461,3.396,3.468,3.376,9783907.0,,2.655889145496538,-1.9630484988452674,-0.06800000000000006,
159845,2026-01-14,3.39,3.397,3.478,3.36,14477400.0,,3.4746760895170885,0.029446407538277087,0.0009999999999998899,
159845,2026-01-15,3.387,3.401,3.408,3.358,4861234.0,,1.4718869590815375,0.11775095672652353,0.0040000000000000036,
159845,2026-01-16,3.401,3.397,3.431,3.367,19351921.0,,1.8817994707439007,-0.1176124669214938,-0.0040000000000000036,
159845,2026-01-19,3.378,3.404,3.425,3.373,15769538.0,,1.5307624374447926,0.20606417427141943,0.007000000000000117,
159845,2026-01-20,3.404,3.375,3.42,3.338,13211106.0,,2.4089306698002306,-0.8519388954171538,-0.028999999999999915,
159845,2026-01-21,3.36,3.392,3.421,3.35,27047101.0,,2.1037037037036956,0.5037037037037009,0.016999999999999904,
159845,2026-01-22,3.398,3.431,3.431,3.393,19155205.0,,1.120283018867932,1.1497641509434005,0.039000000000000146,
159845,2026-01-23,3.43,3.505,3.505,3.43,25619563.0,,2.1859516176041893,2.1568055960361368,0.07399999999999984,
159845,2026-01-26,3.503,3.446,3.523,3.419,22030275.0,,2.9671897289586333,-1.6833095577745996,-0.05899999999999972,
159845,2026-01-27,3.416,3.46,3.469,3.373,13336546.0,,2.785838653511307,0.4062681369703944,0.01399999999999979,
159845,2026-01-28,3.456,3.461,3.476,3.431,18795720.0,,1.3005780346820788,0.028901734104043064,0.0009999999999998899,
159845,2026-01-29,3.443,3.442,3.494,3.425,14083318.0,,1.993643455648668,-0.5489742848887513,-0.018999999999999684,
159845,2026-01-30,3.42,3.406,3.439,3.324,6289885.0,,3.3410807669959386,-1.0459035444509015,-0.03600000000000003,
159845,2026-02-02,3.351,3.276,3.394,3.267,11226190.0,,3.7287140340575524,-3.816793893129781,-0.13000000000000034,
159845,2026-02-03,3.312,3.379,3.387,3.3,6115422.0,,2.6556776556776613,3.1440781440781502,0.1030000000000002,
159845,2026-02-04,3.367,3.383,3.391,3.336,8701732.0,,1.6277005031074332,0.11837821840781307,0.0040000000000000036,
159845,2026-02-05,3.351,3.331,3.361,3.304,5212269.0,,1.6848950635530706,-1.537097250960687,-0.052000000000000046,
159845,2026-02-06,3.294,3.317,3.364,3.271,8525120.0,,2.7919543680576395,-0.4202942059441547,-0.01399999999999979,
159845,2026-02-09,3.351,3.399,3.399,3.351,5175587.0,,1.4470907446487802,2.4721133554416594,0.08199999999999985,
159845,2026-02-10,3.396,3.398,3.409,3.378,4235014.0,,0.9120329508678934,-0.029420417769929093,-0.0009999999999998899,
159845,2026-02-11,3.398,3.402,3.426,3.397,5138420.0,,0.8534432018834713,0.11771630370806367,0.0040000000000000036,
159845,2026-02-12,3.398,3.432,3.441,3.387,5860607.0,,1.587301587301582,0.8818342151675427,0.029999999999999805,
159845,2026-02-13,3.412,3.385,3.432,3.379,8445140.0,,1.5442890442890425,-1.3694638694638739,-0.04700000000000015,
159845,2026-02-24,3.419,3.422,3.449,3.396,5331527.0,,1.5657311669128489,1.0930576070901143,0.037000000000000366,
159845,2026-02-25,3.425,3.478,3.481,3.423,9418863.0,,1.694915254237283,1.6364699006429002,0.05600000000000005,
159845,2026-02-26,3.478,3.498,3.5,3.458,8176745.0,,1.2075905692926916,0.575043128234618,0.020000000000000018,
159845,2026-02-27,3.469,3.532,3.532,3.467,7287681.0,,1.858204688393366,0.9719839908519098,0.03399999999999981,
159845,2026-03-02,3.498,3.49,3.521,3.458,8328144.0,,1.78369195922989,-1.1891279728199267,-0.041999999999999815,
159845,2026-03-03,3.49,3.361,3.507,3.351,7631166.0,,4.469914040114617,-3.696275071633238,-0.129,
159845,2026-03-04,3.31,3.336,3.396,3.31,7426653.0,,2.5587622731329915,-0.743826242189835,-0.025000000000000355,
159845,2026-03-05,3.382,3.367,3.393,3.344,6375042.0,,1.4688249400479596,0.9292565947242247,0.03100000000000014,
159845,2026-03-06,3.35,3.396,3.411,3.341,5229476.0,,2.0790020790020742,0.8613008613008588,0.028999999999999915,
159845,2026-03-09,3.345,3.38,3.395,3.289,6151581.0,,3.121319199057711,-0.4711425206124857,-0.016000000000000014,
159845,2026-03-10,3.399,3.437,3.443,3.399,5995004.0,,1.3017751479289952,1.686390532544377,0.05699999999999994,
159845,2026-03-11,3.435,3.441,3.46,3.434,4290648.0,,0.7564736688972884,0.11638056444573767,0.0040000000000000036,
159845,2026-03-12,3.438,3.434,3.456,3.407,4194760.0,,1.4240046498110996,-0.2034292356872907,-0.006999999999999673,
159845,2026-03-13,3.421,3.387,3.443,3.379,4900474.0,,1.8637157833430416,-1.3686662783925494,-0.04700000000000015,
159845,2026-03-16,3.386,3.383,3.393,3.332,4530089.0,,1.8010038382048996,-0.1180986123413051,-0.0040000000000000036,
159845,2026-03-17,3.38,3.31,3.39,3.305,5221825.0,,2.5125628140703506,-2.1578480638486535,-0.07299999999999995,
159845,2026-03-18,3.317,3.334,3.339,3.284,8134090.0,,1.6616314199395819,0.725075528700907,0.02400000000000002,
159845,2026-03-19,3.284,3.264,3.315,3.246,6388031.0,,2.069586082783442,-2.099580083983212,-0.07000000000000028,
159845,2026-03-20,3.276,3.206,3.295,3.205,6834019.0,,2.7573529411764666,-1.7769607843137203,-0.05799999999999983,
159845,2026-03-23,3.159,3.06,3.182,3.034,7604710.0,,4.616344354335625,-4.553961322520272,-0.1459999999999999,
159845,2026-03-24,3.099,3.129,3.134,3.037,6572079.0,,3.1699346405228748,2.254901960784312,0.06899999999999995,
159845,2026-03-25,3.156,3.193,3.209,3.144,6275661.0,,2.0773410035154987,2.045381911153725,0.06400000000000006,
159845,2026-03-26,3.187,3.144,3.202,3.136,3460980.0,,2.06702160977137,-1.534606952709049,-0.04899999999999993,
159845,2026-03-27,3.093,3.192,3.209,3.093,4269506.0,,3.6895674300254484,1.5267175572519098,0.04800000000000004,
159845,2026-03-30,3.156,3.199,3.206,3.137,4905634.0,,2.1616541353383445,0.21929824561402483,0.006999999999999673,
159845,2026-03-31,3.186,3.146,3.214,3.14,3808925.0,,2.3132228821506673,-1.6567677399187228,-0.052999999999999936,
159845,2026-04-01,3.197,3.199,3.21,3.17,3568640.0,,1.2714558169103634,1.6846789574062282,0.052999999999999936,
159845,2026-04-02,3.175,3.145,3.201,3.123,4538399.0,,2.4382619568615147,-1.688027508596431,-0.053999999999999826,
159845,2026-04-03,3.153,3.107,3.16,3.099,3880622.0,,1.9395866454689967,-1.2082670906200257,-0.03799999999999981,
159845,2026-04-07,3.108,3.138,3.151,3.108,3673117.0,,1.3839716768586965,0.9977470228516154,0.030999999999999694,
159845,2026-04-08,3.201,3.279,3.279,3.192,6576695.0,,2.772466539196933,4.493307839388145,0.14100000000000001,
159845,2026-04-09,3.247,3.265,3.279,3.245,5693982.0,,1.0369014943580301,-0.42695943885330256,-0.01399999999999979,
159845,2026-04-10,3.281,3.295,3.325,3.281,2808894.0,,1.3476263399693733,0.9188361408882023,0.029999999999999805,
159845,2026-04-13,3.277,3.305,3.312,3.275,4022660.0,,1.122913505311075,0.3034901365705685,0.010000000000000231,
159845,2026-04-14,3.327,3.357,3.358,3.321,3515408.0,,1.1195158850226905,1.5733736762481105,0.052000000000000046,
159845,2026-04-15,3.381,3.341,3.387,3.334,3280631.0,,1.5787905868334802,-0.4766160262138819,-0.016000000000000014,
159845,2026-04-16,3.345,3.395,3.399,3.344,4632871.0,,1.6462137084705224,1.616282550134685,0.053999999999999826,
159845,2026-04-17,3.382,3.434,3.441,3.382,4886904.0,,1.7378497790868843,1.1487481590574418,0.039000000000000146,
159845,2026-04-20,3.43,3.443,3.458,3.424,5977551.0,,0.9900990099009974,0.262085032032612,0.008999999999999897,
159845,2026-04-21,3.434,3.44,3.447,3.408,4864928.0,,1.1327330816148748,-0.08713331397037798,-0.0030000000000001137,
159845,2026-04-22,3.427,3.501,3.501,3.426,5425888.0,,2.180232558139527,1.7732558139534869,0.06099999999999994,
159845,2026-04-23,3.495,3.455,3.506,3.427,5732794.0,,2.256498143387596,-1.3139103113396122,-0.04599999999999982,
159845,2026-04-24,3.43,3.429,3.454,3.408,5571965.0,,1.331403762662815,-0.7525325615050722,-0.026000000000000245,
159845,2026-04-27,3.43,3.438,3.453,3.408,4860819.0,,1.3123359580052474,0.26246719160105986,0.009000000000000341,
159845,2026-04-28,3.415,3.399,3.434,3.38,4995702.0,,1.5706806282722592,-1.1343804537521858,-0.039000000000000146,
159845,2026-04-29,3.367,3.445,3.454,3.366,6824936.0,,2.5889967637540474,1.353339217416882,0.04599999999999982,
159845,2026-04-30,3.443,3.461,3.467,3.434,5696324.0,,0.9579100145137859,0.4644412191582007,0.016000000000000014,
159845,2026-05-06,3.485,3.538,3.558,3.485,11545414.0,,2.109216989309447,2.2247905229702387,0.07699999999999996,
159845,2026-05-07,3.55,3.598,3.6,3.54,4402992.0,,1.6958733747880175,1.6958733747880175,0.06000000000000005,
159845,2026-05-08,3.564,3.607,3.617,3.564,5196370.0,,1.4730405780989422,0.250138966092283,0.009000000000000341,
159845,2026-05-11,3.623,3.654,3.671,3.615,8290612.0,,1.5525367341280734,1.3030219018574911,0.04699999999999971,
159845,2026-05-12,3.65,3.639,3.663,3.616,4629049.0,,1.2862616310892094,-0.41050903119868976,-0.015000000000000124,
159845,2026-05-13,3.615,3.696,3.705,3.613,5108553.0,,2.528167078867823,1.566364385820291,0.057000000000000384,
159845,2026-05-14,3.712,3.633,3.723,3.631,5889868.0,,2.489177489177491,-1.704545454545459,-0.06300000000000017,
159845,2026-05-15,3.641,3.588,3.658,3.561,6714469.0,,2.669969721992843,-1.2386457473162658,-0.04499999999999993,
159845,2026-05-18,3.561,3.605,3.625,3.559,6293749.0,,1.839464882943139,0.47380156075807983,0.016999999999999904,
159845,2026-05-19,3.597,3.638,3.639,3.552,5033604.0,,2.4133148404992992,0.915395284327321,0.03299999999999992,
159845,2026-05-20,3.624,3.642,3.643,3.591,6598923.0,,1.429356789444739,0.10995052226498085,0.0040000000000000036,
159845,2026-05-21,3.646,3.519,3.682,3.511,7728954.0,,4.695222405271824,-3.37726523887973,-0.12299999999999978,
159845,2026-05-22,3.539,3.592,3.607,3.528,8506522.0,,2.244955953395856,2.074452969593633,0.07299999999999995,
159845,2026-05-25,3.6,3.636,3.637,3.58,5971809.0,,1.5868596881959893,1.224944320712696,0.04400000000000004,
159845,2026-05-26,3.617,3.591,3.617,3.54,4377705.0,,2.1177117711771167,-1.2376237623762356,-0.04499999999999993,
159845,2026-05-27,3.578,3.536,3.614,3.512,5620836.0,,2.8404344193817836,-1.5316067947646939,-0.05500000000000016,
159845,2026-05-28,3.524,3.572,3.581,3.5,4792493.0,,2.2907239819004515,1.018099547511313,0.03600000000000003,
159845,2026-05-29,3.57,3.477,3.588,3.459,5978446.0,,3.6114221724524076,-2.659574468085112,-0.0950000000000002,
159845,2026-06-01,3.467,3.456,3.519,3.453,8628753.0,,1.8981880931837873,-0.6039689387402908,-0.020999999999999908,
159845,2026-06-02,3.453,3.466,3.49,3.403,9284822.0,,2.517361111111117,0.2893518518518586,0.010000000000000231,
159845,2026-06-03,3.463,3.482,3.534,3.456,8258680.0,,2.250432775533752,0.4616272360069248,0.016000000000000014,
159845,2026-06-04,3.441,3.486,3.497,3.441,5898215.0,,1.6082711085583012,0.11487650775416436,0.0040000000000000036,
159845,2026-06-05,3.451,3.453,3.518,3.436,5601351.0,,2.3522662076878897,-0.9466437177280654,-0.03300000000000036,
