code,date,open,close,high,low,volume,amount,amplitude,pct_chg,price_change,turnover_rate
159923,2018-03-05,1.673,1.677,1.69,1.67,2243.0,,,,,
159923,2018-03-06,1.671,1.691,1.691,1.666,14872.0,,1.4907573047108011,0.8348240906380447,0.014000000000000012,
159923,2018-03-07,1.69,1.683,1.712,1.683,6709.0,,1.7149615612063815,-0.47309284447072775,-0.008000000000000007,
159923,2018-03-08,1.708,1.7,1.708,1.676,3152.0,,1.9013666072489617,1.0101010101010044,0.016999999999999904,
159923,2018-03-09,1.7,1.708,1.709,1.692,8545.0,,1.0000000000000075,0.47058823529411803,0.008000000000000007,
159923,2018-03-12,1.713,1.705,1.719,1.705,7472.0,,0.8196721311475417,-0.17564402810303817,-0.0029999999999998916,
159923,2018-03-13,1.706,1.695,1.716,1.695,8228.0,,1.2316715542521939,-0.5865102639296192,-0.010000000000000009,
159923,2018-03-14,1.688,1.685,1.688,1.678,6761.0,,0.5899705014749268,-0.5899705014749268,-0.010000000000000009,
159923,2018-03-15,1.686,1.698,1.698,1.681,5086.0,,1.0089020771513297,0.7715133531157211,0.0129999999999999,
159923,2018-03-16,1.697,1.689,1.707,1.689,3770.0,,1.0600706713780927,-0.5300353356890399,-0.008999999999999897,
159923,2018-03-19,1.704,1.688,1.704,1.68,3125.0,,1.420959147424513,-0.0592066311426946,-0.001000000000000112,
159923,2018-03-20,1.678,1.689,1.691,1.673,7072.0,,1.0663507109004748,0.05924170616114407,0.001000000000000112,
159923,2018-03-21,1.703,1.692,1.71,1.687,5299.0,,1.361752516281818,0.17761989342805753,0.0029999999999998916,
159923,2018-03-22,1.69,1.677,1.69,1.67,20350.0,,1.182033096926715,-0.8865248226950296,-0.014999999999999902,
159923,2018-03-23,1.651,1.622,1.651,1.601,9204.0,,2.9815146094215885,-3.2796660703637412,-0.05499999999999994,
159923,2018-03-26,1.598,1.604,1.622,1.598,10669.0,,1.4796547472256485,-1.1097410604192364,-0.018000000000000016,
159923,2018-03-27,1.625,1.618,1.629,1.606,15399.0,,1.433915211970069,0.8728179551122203,0.014000000000000012,
159923,2018-03-28,1.615,1.597,1.615,1.575,3556.0,,2.472187886279359,-1.2978986402966706,-0.02100000000000013,
159923,2018-03-29,1.596,1.614,1.618,1.566,6637.0,,3.256105197244837,1.0644959298685115,0.017000000000000126,
159923,2018-03-30,1.649,1.607,1.649,1.602,12470.0,,2.9120198265179633,-0.4337050805452365,-0.007000000000000117,
159923,2018-04-02,1.612,1.595,1.622,1.594,4498.0,,1.7423771001866848,-0.7467330429371507,-0.01200000000000001,
159923,2018-04-03,1.57,1.587,1.598,1.57,4066.0,,1.7554858934169293,-0.5015673981191228,-0.008000000000000007,
159923,2018-04-04,1.587,1.588,1.608,1.587,4242.0,,1.3232514177693844,0.06301197227473924,0.001000000000000112,
159923,2018-04-09,1.585,1.586,1.597,1.58,1513.0,,1.070528967254402,-0.12594458438287165,-0.0020000000000000018,
159923,2018-04-10,1.588,1.614,1.615,1.588,2907.0,,1.7023959646910412,1.765447667087013,0.028000000000000025,
159923,2018-04-11,1.615,1.628,1.635,1.615,2783.0,,1.2391573729863703,0.8674101610904453,0.01399999999999979,
159923,2018-04-12,1.617,1.616,1.625,1.616,1281.0,,0.5528255528255466,-0.7371007371007242,-0.011999999999999789,
159923,2018-04-13,1.617,1.612,1.625,1.604,693.0,,1.2995049504950438,-0.24752475247524774,-0.0040000000000000036,
159923,2018-04-16,1.595,1.58,1.6,1.575,2520.0,,1.5508684863523656,-1.985111662531019,-0.03200000000000003,
159923,2018-04-17,1.59,1.564,1.596,1.564,2276.0,,2.0253164556962044,-1.0126582278481022,-0.016000000000000014,
159923,2018-04-18,1.567,1.55,1.599,1.541,6552.0,,3.7084398976982134,-0.8951406649616377,-0.014000000000000012,
159923,2018-04-19,1.547,1.57,1.577,1.546,11750.0,,1.9999999999999944,1.2903225806451624,0.020000000000000018,
159923,2018-04-20,1.544,1.564,1.578,1.543,2815.0,,2.2292993630573337,-0.3821656050955417,-0.006000000000000005,
159923,2018-04-23,1.565,1.558,1.57,1.546,2747.0,,1.5345268542199502,-0.38363171355498754,-0.006000000000000005,
159923,2018-04-24,1.564,1.593,1.593,1.564,3673.0,,1.8613607188703412,2.2464698331193786,0.03499999999999992,
159923,2018-04-25,1.594,1.579,1.594,1.579,1062.0,,0.94161958568739,-0.8788449466415577,-0.014000000000000012,
159923,2018-04-26,1.565,1.553,1.575,1.553,1421.0,,1.3932868904369866,-1.646611779607348,-0.026000000000000023,
159923,2018-04-27,1.553,1.544,1.553,1.518,1886.0,,2.2537025112685076,-0.5795235028976109,-0.008999999999999897,
159923,2018-05-02,1.548,1.546,1.566,1.542,682.0,,1.5544041450777215,0.1295336787564768,0.0020000000000000018,
159923,2018-05-03,1.519,1.549,1.551,1.519,1034.0,,2.0698576972833136,0.19404915912030346,0.0029999999999998916,
159923,2018-05-04,1.554,1.549,1.556,1.542,228.0,,0.903808908973532,0.0,0.0,
159923,2018-05-07,1.555,1.565,1.565,1.545,3977.0,,1.291155584247903,1.0329244673983224,0.016000000000000014,
159923,2018-05-08,1.571,1.587,1.596,1.553,2316.0,,2.747603833865824,1.4057507987220461,0.02200000000000002,
159923,2018-05-09,1.587,1.585,1.596,1.582,4985.0,,0.8821676118462516,-0.1260239445494645,-0.0020000000000000018,
159923,2018-05-10,1.595,1.595,1.6,1.587,1395.0,,0.8201892744479572,0.6309148264984233,0.010000000000000009,
159923,2018-05-11,1.586,1.593,1.598,1.585,2182.0,,0.8150470219435814,-0.1253918495297807,-0.0020000000000000018,
159923,2018-05-14,1.606,1.605,1.608,1.605,1798.0,,0.18832391713748362,0.7532956685499065,0.01200000000000001,
159923,2018-05-15,1.607,1.607,1.608,1.595,1385.0,,0.8099688473520326,0.12461059190031164,0.0020000000000000018,
159923,2018-05-16,1.595,1.592,1.606,1.592,547.0,,0.8711885500933424,-0.9334163036714314,-0.014999999999999902,
159923,2018-05-17,1.596,1.583,1.596,1.583,228.0,,0.816582914572872,-0.5653266331658366,-0.009000000000000119,
159923,2018-05-18,1.589,1.606,1.606,1.58,775.0,,1.6424510423247014,1.452937460518012,0.02300000000000013,
159923,2018-05-21,1.601,1.609,1.614,1.598,2232.0,,0.996264009962641,0.18679950186798827,0.0029999999999998916,
159923,2018-05-22,1.61,1.595,1.61,1.591,1746.0,,1.1808576755748992,-0.8701056556867627,-0.014000000000000012,
159923,2018-05-23,1.596,1.581,1.596,1.581,1835.0,,0.9404388714733621,-0.8777429467084646,-0.014000000000000012,
159923,2018-05-24,1.594,1.575,1.594,1.575,633.0,,1.2017710309930505,-0.37950664136622425,-0.006000000000000005,
159923,2018-05-25,1.576,1.553,1.584,1.553,1152.0,,1.968253968253977,-1.396825396825398,-0.02200000000000002,
159923,2018-05-28,1.559,1.57,1.576,1.559,487.0,,1.0946555054732858,1.0946555054732858,0.017000000000000126,
159923,2018-05-29,1.559,1.57,1.575,1.559,519.0,,1.019108280254778,0.0,0.0,
159923,2018-05-30,1.56,1.541,1.56,1.539,1413.0,,1.337579617834403,-1.8471337579617921,-0.029000000000000137,
159923,2018-05-31,1.542,1.561,1.561,1.542,2903.0,,1.2329656067488584,1.2978585334198585,0.020000000000000018,
159923,2018-06-01,1.561,1.551,1.565,1.549,3189.0,,1.024983984625241,-0.6406149903907757,-0.010000000000000009,
159923,2018-06-04,1.565,1.58,1.582,1.561,1681.0,,1.3539651837524262,1.8697614442295383,0.029000000000000137,
159923,2018-06-05,1.587,1.595,1.596,1.572,1249.0,,1.5189873417721533,0.9493670886075887,0.014999999999999902,
159923,2018-06-06,1.603,1.59,1.603,1.581,2957.0,,1.3793103448275874,-0.3134796238244447,-0.004999999999999893,
159923,2018-06-07,1.598,1.591,1.598,1.58,1684.0,,1.132075471698114,0.06289308176099936,0.0009999999999998899,
159923,2018-06-08,1.582,1.571,1.582,1.558,692.0,,1.5084852294154634,-1.257071024512886,-0.020000000000000018,
159923,2018-06-11,1.575,1.57,1.575,1.562,915.0,,0.8274984086569002,-0.06365372374283194,-0.0009999999999998899,
159923,2018-06-12,1.583,1.588,1.589,1.569,5764.0,,1.2738853503184724,1.146496815286625,0.018000000000000016,
159923,2018-06-13,1.588,1.57,1.588,1.55,11902.0,,2.3929471032745613,-1.133501259445845,-0.018000000000000016,
159923,2018-06-14,1.566,1.568,1.584,1.561,1121.0,,1.4649681528662504,-0.12738853503184724,-0.0020000000000000018,
159923,2018-06-15,1.558,1.565,1.576,1.556,1126.0,,1.2755102040816337,-0.19132653061225213,-0.0030000000000001137,
159923,2018-06-19,1.559,1.524,1.559,1.524,5128.0,,2.2364217252396115,-2.6198083067092606,-0.040999999999999925,
159923,2018-06-20,1.514,1.543,1.547,1.514,1025.0,,2.1653543307086562,1.2467191601049805,0.018999999999999906,
159923,2018-06-21,1.541,1.533,1.555,1.526,4128.0,,1.8794556059624057,-0.6480881399870388,-0.010000000000000009,
159923,2018-06-22,1.521,1.535,1.553,1.508,1190.0,,2.9354207436399173,0.13046314416177443,0.0020000000000000018,
159923,2018-06-25,1.535,1.5,1.56,1.493,3883.0,,4.364820846905534,-2.280130293159604,-0.03499999999999992,
159923,2018-06-26,1.48,1.486,1.493,1.457,6455.0,,2.400000000000002,-0.9333333333333341,-0.014000000000000012,
159923,2018-06-27,1.478,1.45,1.481,1.439,2126.0,,2.8263795423956957,-2.4226110363391675,-0.03600000000000003,
159923,2018-06-28,1.466,1.444,1.466,1.421,1293.0,,3.103448275862064,-0.41379310344827624,-0.006000000000000005,
159923,2018-06-29,1.443,1.466,1.468,1.435,2604.0,,2.285318559556781,1.5235457063711926,0.02200000000000002,
159923,2018-07-02,1.467,1.42,1.515,1.417,7462.0,,6.6848567530695675,-3.1377899045020494,-0.04600000000000004,
159923,2018-07-03,1.492,1.439,1.492,1.39,3177.0,,7.183098591549303,1.3380281690140936,0.019000000000000128,
159923,2018-07-04,1.415,1.411,1.432,1.401,3175.0,,2.154273801250863,-1.9457956914523993,-0.028000000000000025,
159923,2018-07-05,1.409,1.402,1.419,1.398,1437.0,,1.488306165839839,-0.6378454996456498,-0.009000000000000119,
159923,2018-07-06,1.418,1.418,1.42,1.387,13490.0,,2.3537803138373694,1.1412268188302437,0.016000000000000014,
159923,2018-07-09,1.425,1.448,1.448,1.425,7055.0,,1.6220028208744648,2.1156558533145295,0.030000000000000027,
159923,2018-07-10,1.448,1.448,1.454,1.443,21130.0,,0.7596685082872858,0.0,0.0,
159923,2018-07-11,1.44,1.432,1.44,1.422,830.0,,1.2430939226519349,-1.1049723756906087,-0.016000000000000014,
159923,2018-07-12,1.439,1.458,1.465,1.438,3895.0,,1.885474860335205,1.8156424581005601,0.026000000000000023,
159923,2018-07-13,1.467,1.468,1.47,1.447,2800.0,,1.5775034293552752,0.6858710562414273,0.010000000000000009,
159923,2018-07-16,1.47,1.459,1.47,1.452,452.0,,1.22615803814714,-0.6130790190735624,-0.008999999999999897,
159923,2018-07-17,1.45,1.457,1.457,1.426,1879.0,,2.124742974640174,-0.1370801919122688,-0.0020000000000000018,
159923,2018-07-18,1.442,1.444,1.46,1.441,946.0,,1.304049416609465,-0.8922443376801731,-0.013000000000000123,
159923,2018-07-19,1.453,1.44,1.453,1.44,368.0,,0.9002770083102579,-0.2770083102493077,-0.0040000000000000036,
159923,2018-07-20,1.439,1.465,1.47,1.436,1761.0,,2.361111111111113,1.7361111111111205,0.025000000000000133,
159923,2018-07-23,1.465,1.478,1.479,1.444,1070.0,,2.3890784982935247,0.8873720136518702,0.0129999999999999,
159923,2018-07-24,1.485,1.515,1.52,1.479,3394.0,,2.774018944519616,2.5033829499323357,0.03699999999999992,
159923,2018-07-25,1.51,1.501,1.52,1.5,1498.0,,1.3201320132013215,-0.924092409240925,-0.014000000000000012,
159923,2018-07-26,1.502,1.481,1.502,1.48,1751.0,,1.4656895403064636,-1.332445036642225,-0.019999999999999796,
159923,2018-07-27,1.487,1.476,1.487,1.476,277.0,,0.7427413909520676,-0.33760972316003474,-0.0050000000000001155,
159923,2018-07-30,1.476,1.479,1.491,1.466,793.0,,1.6937669376693858,0.20325203252033291,0.0030000000000001137,
159923,2018-07-31,1.477,1.484,1.484,1.47,251.0,,0.9465855307640306,0.33806626098714626,0.004999999999999893,
159923,2018-08-01,1.486,1.465,1.486,1.464,1117.0,,1.4824797843665782,-1.2803234501347647,-0.018999999999999906,
159923,2018-08-02,1.453,1.448,1.47,1.425,5162.0,,3.0716723549488005,-1.1604095563140018,-0.017000000000000126,
159923,2018-08-03,1.466,1.432,1.466,1.432,2683.0,,2.3480662983425438,-1.1049723756906087,-0.016000000000000014,
159923,2018-08-06,1.439,1.403,1.439,1.396,1250.0,,3.002793296089396,-2.0251396648044633,-0.028999999999999915,
159923,2018-08-07,1.41,1.435,1.435,1.403,2122.0,,2.2808267997148985,2.2808267997148985,0.03200000000000003,
159923,2018-08-08,1.43,1.433,1.438,1.412,310.0,,1.811846689895472,-0.13937282229965167,-0.0020000000000000018,
159923,2018-08-09,1.417,1.448,1.45,1.416,4488.0,,2.3726448011165404,1.0467550593161132,0.014999999999999902,
159923,2018-08-10,1.456,1.447,1.456,1.438,1611.0,,1.2430939226519349,-0.06906077348065538,-0.0009999999999998899,
159923,2018-08-13,1.444,1.439,1.444,1.425,1072.0,,1.3130615065653009,-0.5528680027643406,-0.008000000000000007,
159923,2018-08-14,1.439,1.431,1.439,1.427,3169.0,,0.8339124391938852,-0.5559416261292569,-0.008000000000000007,
159923,2018-08-15,1.43,1.43,1.435,1.409,5164.0,,1.8169112508735166,-0.06988120195668147,-0.001000000000000112,
159923,2018-08-16,1.398,1.422,1.44,1.398,641.0,,2.9370629370629397,-0.5594405594405599,-0.008000000000000007,
159923,2018-08-17,1.405,1.4,1.435,1.4,1959.0,,2.461322081575256,-1.5471167369901562,-0.02200000000000002,
159923,2018-08-20,1.398,1.408,1.408,1.388,2299.0,,1.42857142857143,0.571428571428572,0.008000000000000007,
159923,2018-08-21,1.451,1.43,1.451,1.399,671.0,,3.693181818181822,1.5625000000000013,0.02200000000000002,
159923,2018-08-22,1.421,1.42,1.428,1.42,259.0,,0.5594405594405599,-0.6993006993007,-0.010000000000000009,
159923,2018-08-23,1.429,1.421,1.43,1.416,1911.0,,0.9859154929577474,0.07042253521127549,0.001000000000000112,
159923,2018-08-24,1.407,1.427,1.432,1.407,5602.0,,1.7593244194229352,0.42223786066150637,0.006000000000000005,
159923,2018-08-27,1.427,1.452,1.454,1.421,6897.0,,2.3125437981779897,1.7519271198318087,0.02499999999999991,
159923,2018-08-28,1.445,1.455,1.458,1.443,7063.0,,1.0330578512396627,0.20661157024794174,0.0030000000000001137,
159923,2018-08-29,1.445,1.445,1.456,1.443,896.0,,0.893470790378,-0.6872852233676982,-0.010000000000000009,
159923,2018-08-30,1.445,1.44,1.453,1.439,1573.0,,0.96885813148789,-0.3460207612456827,-0.0050000000000001155,
159923,2018-08-31,1.433,1.437,1.443,1.405,3251.0,,2.6388888888888915,-0.20833333333332582,-0.0029999999999998916,
159923,2018-09-03,1.419,1.429,1.429,1.415,307.0,,0.974251913709117,-0.5567153792623526,-0.008000000000000007,
159923,2018-09-04,1.43,1.45,1.452,1.424,3266.0,,1.9594121763470977,1.4695591322603154,0.020999999999999908,
159923,2018-09-05,1.435,1.426,1.439,1.423,699.0,,1.1034482758620698,-1.655172413793105,-0.02400000000000002,
159923,2018-09-06,1.435,1.411,1.435,1.411,1973.0,,1.6830294530154295,-1.0518934081346356,-0.014999999999999902,
159923,2018-09-07,1.426,1.412,1.43,1.411,492.0,,1.3465627214741251,0.07087172218284124,0.0009999999999998899,
159923,2018-09-10,1.411,1.418,1.437,1.401,553.0,,2.549575070821532,0.42492917847025535,0.006000000000000005,
159923,2018-09-11,1.449,1.401,1.449,1.391,2516.0,,4.0902679830747575,-1.1988716502115588,-0.016999999999999904,
159923,2018-09-12,1.42,1.391,1.42,1.386,1273.0,,2.426837972876519,-0.7137758743754467,-0.010000000000000009,
159923,2018-09-13,1.4,1.4,1.41,1.389,210.0,,1.5097052480229984,0.6470165348669947,0.008999999999999897,
159923,2018-09-14,1.389,1.405,1.405,1.387,496.0,,1.285714285714287,0.3571428571428654,0.0050000000000001155,
159923,2018-09-17,1.403,1.4,1.404,1.388,163.0,,1.1387900355871896,-0.3558718861210047,-0.0050000000000001155,
159923,2018-09-18,1.4,1.411,1.418,1.386,1489.0,,2.285714285714288,0.7857142857142945,0.01100000000000012,
159923,2018-09-19,1.411,1.441,1.524,1.404,5419.0,,8.504606661941892,2.126151665485473,0.030000000000000027,
159923,2018-09-20,1.444,1.435,1.444,1.43,2209.0,,0.9715475364330335,-0.41637751561415715,-0.006000000000000005,
159923,2018-09-21,1.432,1.483,1.484,1.432,4677.0,,3.623693379790944,3.3449477351916403,0.04800000000000004,
159923,2018-09-25,1.515,1.479,1.521,1.453,1064.0,,4.585300067430873,-0.26972353337828747,-0.0040000000000000036,
159923,2018-09-26,1.479,1.496,1.498,1.464,2457.0,,2.2988505747126458,1.1494252873563153,0.016999999999999904,
159923,2018-09-27,1.453,1.486,1.514,1.453,1284.0,,4.077540106951868,-0.6684491978609631,-0.010000000000000009,
159923,2018-09-28,1.495,1.509,1.513,1.495,1795.0,,1.2113055181695689,1.5477792732166828,0.02299999999999991,
159923,2018-10-08,1.498,1.457,1.498,1.449,3666.0,,3.2471835652750123,-3.445990722332659,-0.051999999999999824,
159923,2018-10-09,1.456,1.446,1.456,1.441,746.0,,1.0295126973232602,-0.7549759780370707,-0.01100000000000012,
159923,2018-10-10,1.45,1.45,1.475,1.4,2551.0,,5.1867219917012575,0.27662517289073335,0.0040000000000000036,
159923,2018-10-11,1.42,1.4,1.439,1.39,4557.0,,3.379310344827597,-3.448275862068969,-0.050000000000000044,
159923,2018-10-12,1.374,1.405,1.422,1.369,1585.0,,3.785714285714281,0.3571428571428654,0.0050000000000001155,
159923,2018-10-15,1.406,1.397,1.415,1.394,756.0,,1.4946619217081942,-0.5693950177935948,-0.008000000000000007,
159923,2018-10-16,1.391,1.399,1.41,1.385,1552.0,,1.7895490336435154,0.14316392269148187,0.0020000000000000018,
159923,2018-10-17,1.415,1.41,1.415,1.384,1276.0,,2.215868477483927,0.7862759113652535,0.010999999999999899,
159923,2018-10-18,1.398,1.393,1.413,1.385,812.0,,1.9858156028368812,-1.2056737588652415,-0.016999999999999904,
159923,2018-10-19,1.382,1.413,1.413,1.381,2647.0,,2.297200287150038,1.4357501794687737,0.020000000000000018,
159923,2018-10-22,1.43,1.463,1.467,1.43,2742.0,,2.6185421089879792,3.538570417551312,0.050000000000000044,
159923,2018-10-23,1.441,1.427,1.46,1.422,1487.0,,2.5974025974025996,-2.460697197539305,-0.03600000000000003,
159923,2018-10-24,1.444,1.447,1.447,1.41,772.0,,2.592852137351096,1.4015416958654532,0.020000000000000018,
159923,2018-10-25,1.446,1.442,1.446,1.42,1504.0,,1.7968210089841068,-0.34554250172772044,-0.0050000000000001155,
159923,2018-10-26,1.445,1.445,1.448,1.44,582.0,,0.5547850208044388,0.20804438280167226,0.0030000000000001137,
159923,2018-10-29,1.45,1.42,1.45,1.419,1162.0,,2.145328719723177,-1.730103806228383,-0.025000000000000133,
159923,2018-10-30,1.419,1.42,1.443,1.415,490.0,,1.9718309859154948,0.0,0.0,
159923,2018-10-31,1.42,1.427,1.442,1.42,991.0,,1.5492957746478888,0.4929577464788815,0.007000000000000117,
159923,2018-11-01,1.423,1.43,1.435,1.423,467.0,,0.840925017519272,0.2102312543798102,0.0029999999999998916,
159923,2018-11-02,1.44,1.444,1.458,1.415,2742.0,,3.006993006993002,0.97902097902098,0.014000000000000012,
159923,2018-11-05,1.45,1.43,1.464,1.42,2300.0,,3.047091412742385,-0.9695290858725771,-0.014000000000000012,
159923,2018-11-06,1.43,1.42,1.43,1.413,635.0,,1.188811188811182,-0.6993006993007,-0.010000000000000009,
159923,2018-11-07,1.41,1.41,1.423,1.41,1664.0,,0.9154929577464875,-0.7042253521126767,-0.010000000000000009,
159923,2018-11-08,1.413,1.427,1.427,1.413,690.0,,0.9929078014184406,1.2056737588652573,0.017000000000000126,
159923,2018-11-09,1.402,1.402,1.42,1.393,2176.0,,1.8920812894183543,-1.7519271198318243,-0.025000000000000133,
159923,2018-11-12,1.402,1.412,1.42,1.393,841.0,,1.925820256776028,0.7132667617689022,0.010000000000000009,
159923,2018-11-13,1.4,1.419,1.419,1.391,2440.0,,1.9830028328611915,0.49575070821530576,0.007000000000000117,
159923,2018-11-14,1.384,1.399,1.433,1.384,1091.0,,3.453136011275557,-1.4094432699083874,-0.020000000000000018,
159923,2018-11-15,1.395,1.42,1.429,1.39,1585.0,,2.7877055039313903,1.5010721944245824,0.020999999999999908,
159923,2018-11-16,1.417,1.41,1.429,1.392,1658.0,,2.6056338028169117,-0.7042253521126767,-0.010000000000000009,
159923,2018-11-19,1.426,1.42,1.426,1.405,1083.0,,1.489361702127653,0.7092198581560291,0.010000000000000009,
159923,2018-11-20,1.42,1.393,1.42,1.392,1277.0,,1.9718309859154948,-1.9014084507042193,-0.026999999999999913,
159923,2018-11-21,1.39,1.4,1.401,1.39,1245.0,,0.7896625987078335,0.5025125628140628,0.006999999999999895,
159923,2018-11-22,1.399,1.394,1.41,1.393,1418.0,,1.2142857142857075,-0.42857142857142894,-0.006000000000000005,
159923,2018-11-23,1.399,1.386,1.399,1.38,1552.0,,1.362984218077484,-0.5738880918220952,-0.008000000000000007,
159923,2018-11-26,1.38,1.375,1.4,1.368,1404.0,,2.308802308802295,-0.7936507936507863,-0.010999999999999899,
159923,2018-11-27,1.387,1.37,1.387,1.369,1344.0,,1.3090909090909102,-0.3636363636363559,-0.004999999999999893,
159923,2018-11-28,1.378,1.38,1.383,1.368,232.0,,1.0948905109488978,0.7299270072992544,0.009999999999999787,
159923,2018-11-29,1.385,1.372,1.385,1.372,521.0,,0.9420289855072393,-0.5797101449275207,-0.007999999999999785,
159923,2018-11-30,1.372,1.375,1.376,1.367,900.0,,0.6559766763848321,0.21865889212827194,0.0029999999999998916,
159923,2018-12-03,1.403,1.41,1.414,1.379,2471.0,,2.5454545454545396,2.5454545454545396,0.03499999999999992,
159923,2018-12-04,1.392,1.403,1.41,1.392,541.0,,1.2765957446808522,-0.4964539007092124,-0.006999999999999895,
159923,2018-12-05,1.402,1.398,1.402,1.384,2238.0,,1.2829650748396304,-0.3563791874554608,-0.0050000000000001155,
159923,2018-12-06,1.393,1.385,1.395,1.379,810.0,,1.1444921316165961,-0.9298998569384764,-0.0129999999999999,
159923,2018-12-07,1.382,1.377,1.387,1.377,172.0,,0.7220216606498201,-0.577617328519856,-0.008000000000000007,
159923,2018-12-10,1.375,1.367,1.379,1.36,1898.0,,1.3798111837327456,-0.726216412490923,-0.010000000000000009,
159923,2018-12-11,1.376,1.368,1.376,1.363,565.0,,0.9509875640087712,0.07315288953914499,0.001000000000000112,
159923,2018-12-12,1.377,1.363,1.377,1.36,945.0,,1.242690058479525,-0.3654970760234002,-0.0050000000000001155,
159923,2018-12-13,1.379,1.39,1.39,1.366,790.0,,1.7608217168011593,1.9809244314013141,0.026999999999999913,
159923,2018-12-14,1.373,1.373,1.38,1.372,420.0,,0.5755395683453083,-1.2230215827338062,-0.016999999999999904,
159923,2018-12-17,1.361,1.364,1.371,1.36,276.0,,0.8011653313911069,-0.6554989075018133,-0.008999999999999897,
159923,2018-12-18,1.367,1.359,1.367,1.358,2220.0,,0.6598240469208135,-0.3665689149560202,-0.0050000000000001155,
159923,2018-12-19,1.359,1.368,1.369,1.354,1345.0,,1.1037527593818912,0.6622516556291478,0.009000000000000119,
159923,2018-12-20,1.366,1.335,1.366,1.332,1311.0,,2.485380116959066,-2.412280701754396,-0.03300000000000014,
159923,2018-12-21,1.333,1.335,1.344,1.315,997.0,,2.172284644194767,0.0,0.0,
159923,2018-12-24,1.334,1.329,1.335,1.306,139.0,,2.1722846441947503,-0.4494382022471914,-0.006000000000000005,
159923,2018-12-25,1.308,1.322,1.325,1.3,908.0,,1.881113619262597,-0.5267118133935211,-0.006999999999999895,
159923,2018-12-26,1.378,1.34,1.378,1.303,329.0,,5.673222390317697,1.3615733736762492,0.018000000000000016,
159923,2018-12-27,1.339,1.309,1.339,1.309,265.0,,2.2388059701492558,-2.313432835820906,-0.03100000000000014,
159923,2018-12-28,1.299,1.316,1.33,1.268,134.0,,4.736440030557683,0.5347593582887791,0.007000000000000117,
159923,2019-01-02,1.302,1.31,1.312,1.302,167.0,,0.7598784194528881,-0.4559270516717329,-0.006000000000000005,
159923,2019-01-03,1.3,1.301,1.328,1.3,269.0,,2.1374045801526735,-0.6870229007633679,-0.009000000000000119,
159923,2019-01-04,1.31,1.324,1.326,1.309,961.0,,1.306687163720225,1.7678708685626543,0.02300000000000013,
159923,2019-01-07,1.324,1.319,1.324,1.303,1320.0,,1.5861027190332424,-0.37764350453173073,-0.0050000000000001155,
159923,2019-01-08,1.318,1.31,1.319,1.31,213.0,,0.6823351023502576,-0.6823351023502576,-0.008999999999999897,
159923,2019-01-09,1.312,1.333,1.334,1.312,1864.0,,1.6793893129771007,1.7557251908396878,0.02299999999999991,
159923,2019-01-10,1.313,1.324,1.333,1.313,636.0,,1.5003750937734448,-0.6751687921980418,-0.008999999999999897,
159923,2019-01-11,1.338,1.335,1.338,1.335,343.0,,0.2265861027190418,0.8308157099697809,0.010999999999999899,
159923,2019-01-14,1.352,1.328,1.352,1.315,284.0,,2.7715355805243553,-0.5243445692883817,-0.006999999999999895,
159923,2019-01-15,1.326,1.348,1.349,1.31,1319.0,,2.9367469879518016,1.5060240963855434,0.020000000000000018,
159923,2019-01-16,1.346,1.35,1.35,1.345,802.0,,0.3709198813056465,0.14836795252225532,0.0020000000000000018,
159923,2019-01-17,1.354,1.348,1.354,1.346,385.0,,0.5925925925925931,-0.14814814814814828,-0.0020000000000000018,
159923,2019-01-18,1.36,1.366,1.368,1.35,1058.0,,1.335311572700298,1.335311572700298,0.018000000000000016,
159923,2019-01-21,1.389,1.375,1.389,1.372,699.0,,1.2445095168374747,0.6588579795021886,0.008999999999999897,
159923,2019-01-22,1.375,1.364,1.376,1.352,1073.0,,1.745454545454531,-0.7999999999999926,-0.010999999999999899,
159923,2019-01-23,1.325,1.375,1.378,1.325,457.0,,3.8856304985337196,0.8064516129032183,0.010999999999999899,
159923,2019-01-24,1.365,1.366,1.385,1.358,539.0,,1.9636363636363574,-0.6545454545454471,-0.008999999999999897,
159923,2019-01-25,1.378,1.383,1.383,1.37,1377.0,,0.9516837481698315,1.2445095168374747,0.016999999999999904,
159923,2019-01-28,1.4,1.39,1.415,1.388,1207.0,,1.952277657266821,0.506146059291388,0.006999999999999895,
159923,2019-01-29,1.39,1.395,1.398,1.377,1597.0,,1.5107913669064683,0.3597122302158357,0.0050000000000001155,
159923,2019-01-30,1.395,1.384,1.395,1.379,1381.0,,1.1469534050179222,-0.7885304659498293,-0.01100000000000012,
159923,2019-01-31,1.391,1.397,1.397,1.387,1322.0,,0.7225433526011568,0.9393063583815118,0.013000000000000123,
159923,2019-02-01,1.398,1.413,1.424,1.398,3036.0,,1.8611309949892643,1.145311381531855,0.016000000000000014,
159923,2019-02-11,1.368,1.442,1.443,1.368,2611.0,,5.307855626326961,2.0523708421797533,0.028999999999999915,
159923,2019-02-12,1.442,1.443,1.45,1.411,2557.0,,2.7045769764216314,0.06934812760056255,0.001000000000000112,
159923,2019-02-13,1.452,1.475,1.475,1.439,4620.0,,2.494802494802497,2.217602217602219,0.03200000000000003,
159923,2019-02-14,1.475,1.474,1.481,1.467,1002.0,,0.9491525423728822,-0.0677966101694991,-0.001000000000000112,
159923,2019-02-15,1.451,1.456,1.475,1.45,1683.0,,1.6960651289009587,-1.221166892808685,-0.018000000000000016,
159923,2019-02-18,1.477,1.487,1.487,1.47,5189.0,,1.1675824175824263,2.1291208791208884,0.03100000000000014,
159923,2019-02-19,1.489,1.488,1.495,1.473,3699.0,,1.4794889038332224,0.06724949562877537,0.0009999999999998899,
159923,2019-02-20,1.488,1.492,1.492,1.48,1153.0,,0.8064516129032264,0.26881720430107553,0.0040000000000000036,
159923,2019-02-21,1.472,1.487,1.5,1.472,2607.0,,1.8766756032171599,-0.33512064343162823,-0.004999999999999893,
159923,2019-02-22,1.485,1.513,1.514,1.474,2556.0,,2.6899798251513136,1.748486886348339,0.0259999999999998,
159923,2019-02-25,1.514,1.611,1.62,1.513,10314.0,,7.072042300066108,6.477197620621289,0.09800000000000009,
159923,2019-02-26,1.619,1.595,1.619,1.577,8353.0,,2.6070763500931124,-0.9931719428926141,-0.016000000000000014,
159923,2019-02-27,1.555,1.57,1.604,1.555,3253.0,,3.072100313479633,-1.5673981191222515,-0.02499999999999991,
159923,2019-02-28,1.585,1.574,1.586,1.561,2145.0,,1.5923566878980975,0.2547770700636945,0.0040000000000000036,
159923,2019-03-01,1.591,1.648,1.678,1.559,11138.0,,7.560355781448538,4.7013977128335345,0.07399999999999984,
159923,2019-03-04,1.661,1.648,1.693,1.644,31873.0,,2.9733009708737956,0.0,0.0,
159923,2019-03-05,1.648,1.645,1.655,1.627,10035.0,,1.699029126213594,-0.18203883495144974,-0.0029999999999998916,
159923,2019-03-06,1.64,1.651,1.651,1.625,6401.0,,1.5805471124620076,0.36474164133738635,0.006000000000000005,
159923,2019-03-07,1.65,1.63,1.667,1.63,3875.0,,2.241066020593588,-1.2719563900666342,-0.02100000000000013,
159923,2019-03-08,1.624,1.568,1.624,1.566,7373.0,,3.55828220858896,-3.803680981595082,-0.06199999999999983,
159923,2019-03-11,1.565,1.587,1.591,1.565,3807.0,,1.658163265306124,1.2117346938775448,0.018999999999999906,
159923,2019-03-12,1.587,1.586,1.629,1.577,10235.0,,3.2766225582860775,-0.06301197227472526,-0.0009999999999998899,
159923,2019-03-13,1.586,1.578,1.599,1.567,6589.0,,2.017654476670872,-0.504413619167718,-0.008000000000000007,
159923,2019-03-14,1.561,1.563,1.582,1.56,4120.0,,1.3941698352344751,-0.950570342205331,-0.015000000000000124,
159923,2019-03-15,1.55,1.578,1.59,1.55,6484.0,,2.559181062060143,0.9596928982725609,0.015000000000000124,
159923,2019-03-18,1.578,1.614,1.614,1.566,5656.0,,3.0418250950570367,2.2813688212927774,0.03600000000000003,
159923,2019-03-19,1.614,1.618,1.628,1.614,8471.0,,0.8674101610904453,0.24783147459727406,0.0040000000000000036,
159923,2019-03-20,1.62,1.617,1.62,1.601,3532.0,,1.1742892459827026,-0.06180469715699084,-0.001000000000000112,
159923,2019-03-21,1.615,1.615,1.621,1.608,1973.0,,0.8039579468150836,-0.12368583797155237,-0.0020000000000000018,
159923,2019-03-22,1.615,1.616,1.621,1.6,6277.0,,1.3003095975232142,0.06191950464396978,0.001000000000000112,
159923,2019-03-25,1.597,1.591,1.604,1.587,3155.0,,1.0519801980198096,-1.547029702970305,-0.025000000000000133,
159923,2019-03-26,1.579,1.567,1.595,1.557,2400.0,,2.388434946574484,-1.5084852294154634,-0.02400000000000002,
159923,2019-03-27,1.57,1.583,1.588,1.568,1551.0,,1.2763241863433326,1.021059349074666,0.016000000000000014,
159923,2019-03-28,1.57,1.58,1.582,1.569,1951.0,,0.8212255211623578,-0.1895135818066893,-0.0029999999999998916,
159923,2019-03-29,1.587,1.638,1.658,1.587,7448.0,,4.493670886075947,3.670886075949356,0.05799999999999983,
159923,2019-04-01,1.64,1.674,1.689,1.64,10802.0,,2.991452991453001,2.1978021978022,0.03600000000000003,
159923,2019-04-02,1.679,1.664,1.679,1.65,10125.0,,1.73237753882916,-0.5973715651135012,-0.010000000000000009,
159923,2019-04-03,1.661,1.685,1.688,1.64,14908.0,,2.8846153846153872,1.2620192307692386,0.02100000000000013,
159923,2019-04-04,1.685,1.698,1.698,1.685,6065.0,,0.7715133531157211,0.7715133531157211,0.0129999999999999,
159923,2019-04-08,1.7,1.728,1.738,1.698,18027.0,,2.3557126030624285,1.7667844522968212,0.030000000000000027,
159923,2019-04-09,1.71,1.73,1.731,1.71,8000.0,,1.2152777777777852,0.11574074074074084,0.0020000000000000018,
159923,2019-04-10,1.702,1.73,1.732,1.702,6029.0,,1.7341040462427761,0.0,0.0,
159923,2019-04-11,1.733,1.713,1.738,1.687,4843.0,,2.947976878612713,-0.9826589595375668,-0.016999999999999904,
159923,2019-04-12,1.703,1.716,1.716,1.69,2757.0,,1.517805020431992,0.1751313485113772,0.0029999999999998916,
159923,2019-04-15,1.722,1.714,1.74,1.714,4316.0,,1.5151515151515165,-0.11655011655011666,-0.0020000000000000018,
159923,2019-04-16,1.718,1.749,1.75,1.68,8726.0,,4.084014002333726,2.0420070011668696,0.03500000000000014,
159923,2019-04-17,1.747,1.748,1.761,1.737,9601.0,,1.3722126929673983,-0.057175528873648476,-0.001000000000000112,
159923,2019-04-18,1.748,1.74,1.749,1.722,8687.0,,1.5446224256292984,-0.4576659038901606,-0.008000000000000007,
159923,2019-04-19,1.723,1.75,1.751,1.7,4010.0,,2.931034482758617,0.5747126436781614,0.010000000000000009,
159923,2019-04-22,1.76,1.73,1.766,1.73,3623.0,,2.057142857142859,-1.142857142857144,-0.020000000000000018,
159923,2019-04-23,1.719,1.746,1.748,1.717,2335.0,,1.7919075144508623,0.9248554913294805,0.016000000000000014,
159923,2019-04-24,1.727,1.739,1.744,1.709,5435.0,,2.004581901489113,-0.40091638029781757,-0.006999999999999895,
159923,2019-04-25,1.717,1.7,1.733,1.7,2863.0,,1.897642323174246,-2.242668200115017,-0.039000000000000146,
159923,2019-04-26,1.67,1.687,1.7,1.67,1797.0,,1.764705882352943,-0.7647058823529354,-0.0129999999999999,
159923,2019-04-29,1.68,1.69,1.714,1.679,3545.0,,2.0746887966804928,0.1778304682868934,0.0029999999999998916,
159923,2019-04-30,1.69,1.694,1.695,1.683,1206.0,,0.7100591715976338,0.2366863905325446,0.0040000000000000036,
159923,2019-05-06,1.607,1.635,1.699,1.607,11445.0,,5.430932703659981,-3.482880755608025,-0.05899999999999994,
159923,2019-05-07,1.622,1.622,1.647,1.611,2681.0,,2.201834862385323,-0.7951070336391376,-0.0129999999999999,
159923,2019-05-08,1.61,1.622,1.637,1.608,2465.0,,1.787916152897652,0.0,0.0,
159923,2019-05-09,1.582,1.585,1.616,1.582,2163.0,,2.0961775585696687,-2.281134401972882,-0.037000000000000144,
159923,2019-05-10,1.611,1.619,1.626,1.595,3213.0,,1.9558359621451051,2.1451104100946394,0.03400000000000003,
159923,2019-05-13,1.618,1.605,1.618,1.594,829.0,,1.4823965410747388,-0.8647313156269311,-0.014000000000000012,
159923,2019-05-14,1.55,1.6,1.635,1.55,1707.0,,5.295950155763237,-0.3115264797507722,-0.004999999999999893,
159923,2019-05-15,1.616,1.622,1.63,1.593,3510.0,,2.312499999999995,1.3750000000000013,0.02200000000000002,
159923,2019-05-16,1.626,1.624,1.626,1.611,276.0,,0.9247842170160235,0.12330456226880405,0.0020000000000000018,
159923,2019-05-17,1.621,1.608,1.622,1.598,882.0,,1.477832512315272,-0.9852216748768482,-0.016000000000000014,
159923,2019-05-20,1.618,1.582,1.618,1.563,893.0,,3.420398009950258,-1.6169154228855736,-0.026000000000000023,
159923,2019-05-21,1.57,1.601,1.619,1.57,1268.0,,3.0973451327433583,1.2010113780025224,0.018999999999999906,
159923,2019-05-22,1.601,1.605,1.606,1.59,1135.0,,0.9993753903810129,0.24984384759525322,0.0040000000000000036,
159923,2019-05-23,1.579,1.574,1.587,1.572,2091.0,,0.9345794392523303,-1.9314641744548235,-0.030999999999999917,
159923,2019-05-24,1.574,1.577,1.577,1.569,893.0,,0.5082592121982216,0.19059720457432602,0.0029999999999998916,
159923,2019-05-27,1.577,1.587,1.594,1.56,1334.0,,2.155992390615094,0.6341154090044394,0.010000000000000009,
159923,2019-05-28,1.597,1.599,1.611,1.585,1344.0,,1.6383112791430388,0.7561436672967871,0.01200000000000001,
159923,2019-05-29,1.59,1.61,1.612,1.59,1716.0,,1.3758599124452795,0.6879299562226467,0.01100000000000012,
159923,2019-05-30,1.597,1.603,1.61,1.575,503.0,,2.1739130434782696,-0.4347826086956595,-0.007000000000000117,
159923,2019-05-31,1.577,1.593,1.606,1.577,676.0,,1.809107922645049,-0.6238303181534628,-0.010000000000000009,
159923,2019-06-03,1.615,1.595,1.615,1.579,982.0,,2.25988700564972,0.1255492780916511,0.0020000000000000018,
159923,2019-06-04,1.581,1.581,1.595,1.58,649.0,,0.940438871473348,-0.8777429467084646,-0.014000000000000012,
159923,2019-06-05,1.6,1.586,1.6,1.583,610.0,,1.0752688172043092,0.31625553447186056,0.0050000000000001155,
159923,2019-06-06,1.582,1.578,1.587,1.577,478.0,,0.6305170239596475,-0.504413619167718,-0.008000000000000007,
159923,2019-06-10,1.613,1.605,1.614,1.571,1464.0,,2.7249683143219356,1.7110266159695762,0.026999999999999913,
159923,2019-06-11,1.591,1.64,1.64,1.591,4896.0,,3.0529595015576283,2.1806853582554466,0.03499999999999992,
159923,2019-06-12,1.644,1.628,1.644,1.621,1034.0,,1.4024390243902385,-0.7317073170731715,-0.01200000000000001,
159923,2019-06-13,1.619,1.627,1.627,1.61,1251.0,,1.0442260442260385,-0.06142506142505467,-0.0009999999999998899,
159923,2019-06-14,1.627,1.618,1.635,1.613,697.0,,1.352181929932392,-0.5531653349723353,-0.008999999999999897,
159923,2019-06-17,1.614,1.619,1.626,1.614,473.0,,0.7416563658837941,0.06180469715697712,0.0009999999999998899,
159923,2019-06-18,1.617,1.622,1.622,1.614,678.0,,0.4941321803582463,0.1852995676343492,0.0030000000000001137,
159923,2019-06-19,1.67,1.649,1.67,1.62,2763.0,,3.0826140567200877,1.664611590628848,0.026999999999999913,
159923,2019-06-20,1.644,1.693,1.699,1.632,5634.0,,4.0630685263796344,2.668283808368711,0.04400000000000004,
159923,2019-06-21,1.699,1.699,1.703,1.682,4986.0,,1.2404016538688794,0.3544004725339637,0.006000000000000005,
159923,2019-06-24,1.699,1.698,1.703,1.686,1870.0,,1.0005885815185478,-0.05885815185403837,-0.001000000000000112,
159923,2019-06-25,1.691,1.684,1.696,1.671,1969.0,,1.4723203769140114,-0.8244994110718501,-0.014000000000000012,
159923,2019-06-26,1.684,1.678,1.684,1.675,1432.0,,0.5344418052256471,-0.35629453681710244,-0.006000000000000005,
159923,2019-06-27,1.685,1.691,1.697,1.685,3420.0,,0.7151370679380221,0.7747318235995305,0.013000000000000123,
159923,2019-06-28,1.689,1.688,1.691,1.678,3271.0,,0.7687758722649392,-0.1774098166765295,-0.0030000000000001137,
159923,2019-07-01,1.71,1.75,1.753,1.71,14654.0,,2.547393364928906,3.6729857819905245,0.062000000000000055,
159923,2019-07-02,1.737,1.747,1.747,1.733,3911.0,,0.8000000000000007,-0.17142857142856524,-0.0029999999999998916,
159923,2019-07-03,1.73,1.726,1.739,1.723,2329.0,,0.9158557527189476,-1.202060675443625,-0.02100000000000013,
159923,2019-07-04,1.732,1.724,1.732,1.716,973.0,,0.9269988412514493,-0.11587485515643116,-0.0020000000000000018,
159923,2019-07-05,1.721,1.733,1.735,1.715,1423.0,,1.1600928074245949,0.5220417633410742,0.009000000000000119,
159923,2019-07-08,1.711,1.708,1.719,1.687,2474.0,,1.8465089440276992,-1.4425851125216465,-0.025000000000000133,
159923,2019-07-09,1.698,1.699,1.708,1.688,1240.0,,1.170960187353631,-0.5269320843091275,-0.008999999999999897,
159923,2019-07-10,1.708,1.699,1.708,1.699,208.0,,0.52972336668628,0.0,0.0,
159923,2019-07-11,1.699,1.694,1.712,1.694,831.0,,1.059446733372573,-0.29429075927016574,-0.0050000000000001155,
159923,2019-07-12,1.702,1.711,1.72,1.701,1678.0,,1.121605667060207,1.003541912632829,0.017000000000000126,
159923,2019-07-15,1.715,1.713,1.72,1.687,2123.0,,1.9286966686148401,0.11689070718877859,0.0020000000000000018,
159923,2019-07-16,1.714,1.708,1.715,1.702,662.0,,0.7589025102160024,-0.29188558085231264,-0.0050000000000001155,
159923,2019-07-17,1.71,1.701,1.71,1.7,75.0,,0.5854800936768155,-0.40983606557376434,-0.006999999999999895,
159923,2019-07-18,1.707,1.699,1.707,1.687,1651.0,,1.1757789535567322,-0.11757789535567324,-0.0020000000000000018,
159923,2019-07-19,1.706,1.711,1.715,1.706,578.0,,0.529723366686293,0.706297822248382,0.01200000000000001,
159923,2019-07-22,1.709,1.71,1.718,1.688,1922.0,,1.7533606078316788,-0.05844535359439578,-0.001000000000000112,
159923,2019-07-23,1.71,1.706,1.71,1.702,1194.0,,0.46783625730994194,-0.23391812865497097,-0.0040000000000000036,
159923,2019-07-24,1.721,1.718,1.729,1.716,2041.0,,0.7620164126612029,0.7033997655334121,0.01200000000000001,
159923,2019-07-25,1.717,1.728,1.737,1.716,341.0,,1.2223515715948854,0.5820721769499424,0.010000000000000009,
159923,2019-07-26,1.725,1.739,1.739,1.725,943.0,,0.8101851851851858,0.6365740740740811,0.01100000000000012,
159923,2019-07-29,1.747,1.732,1.747,1.724,540.0,,1.322599194939628,-0.40253018976423904,-0.007000000000000117,
159923,2019-07-30,1.749,1.745,1.753,1.737,2281.0,,0.9237875288683483,0.7505773672055498,0.013000000000000123,
159923,2019-07-31,1.745,1.733,1.745,1.729,7631.0,,0.9169054441260753,-0.6876790830945565,-0.01200000000000001,
159923,2019-08-01,1.72,1.722,1.742,1.72,1143.0,,1.2694748990190432,-0.634737449509528,-0.01100000000000012,
159923,2019-08-02,1.713,1.701,1.72,1.612,1254.0,,6.271777003484313,-1.2195121951219459,-0.020999999999999908,
159923,2019-08-05,1.69,1.671,1.699,1.67,3446.0,,1.7048794826572684,-1.7636684303350987,-0.030000000000000027,
159923,2019-08-06,1.664,1.663,1.664,1.63,2026.0,,2.034709754637943,-0.4787552363853984,-0.008000000000000007,
159923,2019-08-07,1.639,1.66,1.739,1.639,474.0,,6.013229104028869,-0.18039687312087274,-0.0030000000000001137,
159923,2019-08-08,1.67,1.689,1.691,1.66,1396.0,,1.8674698795180806,1.7469879518072373,0.029000000000000137,
159923,2019-08-09,1.69,1.678,1.69,1.647,522.0,,2.545885139135579,-0.6512729425695749,-0.01100000000000012,
159923,2019-08-12,1.688,1.687,1.727,1.686,755.0,,2.4433849821215823,0.5363528009535232,0.009000000000000119,
159923,2019-08-13,1.685,1.673,1.685,1.671,775.0,,0.8298755186721999,-0.8298755186721999,-0.014000000000000012,
159923,2019-08-14,1.721,1.7,1.721,1.675,866.0,,2.7495517035266013,1.613867304243868,0.026999999999999913,
159923,2019-08-15,1.648,1.7,1.715,1.648,1006.0,,3.9411764705882453,0.0,0.0,
159923,2019-08-16,1.698,1.71,1.718,1.698,888.0,,1.176470588235295,0.5882352941176475,0.010000000000000009,
159923,2019-08-19,1.71,1.726,1.734,1.701,2488.0,,1.9298245614035041,0.9356725146198839,0.016000000000000014,
159923,2019-08-20,1.701,1.722,1.729,1.701,623.0,,1.6222479721900365,-0.23174971031286232,-0.0040000000000000036,
159923,2019-08-21,1.728,1.72,1.728,1.707,370.0,,1.2195121951219459,-0.11614401858304309,-0.0020000000000000018,
159923,2019-08-22,1.709,1.713,1.718,1.701,1626.0,,0.9883720930232502,-0.40697674418604046,-0.006999999999999895,
159923,2019-08-23,1.715,1.722,1.725,1.711,1916.0,,0.8172796263864572,0.5253940455341446,0.008999999999999897,
159923,2019-08-26,1.654,1.705,1.713,1.654,694.0,,3.426248548199777,-0.9872241579558597,-0.016999999999999904,
159923,2019-08-27,1.73,1.719,1.73,1.699,1738.0,,1.8181818181818132,0.821114369501467,0.014000000000000012,
159923,2019-08-28,1.721,1.716,1.721,1.706,707.0,,0.8726003490401467,-0.17452006980803453,-0.0030000000000001137,
159923,2019-08-29,1.715,1.714,1.716,1.695,1019.0,,1.2237762237762184,-0.11655011655011666,-0.0020000000000000018,
159923,2019-08-30,1.718,1.713,1.718,1.701,997.0,,0.9918319719953269,-0.05834305717618961,-0.0009999999999998899,
159923,2019-09-02,1.713,1.722,1.727,1.713,2789.0,,0.8172796263864572,0.5253940455341446,0.008999999999999897,
159923,2019-09-03,1.728,1.721,1.728,1.67,5308.0,,3.368176538908249,-0.05807200929151509,-0.0009999999999998899,
159923,2019-09-04,1.719,1.731,1.734,1.71,6094.0,,1.3945380592678687,0.5810575246949453,0.010000000000000009,
159923,2019-09-05,1.739,1.757,1.764,1.739,14302.0,,1.4442518775274356,1.5020219526285268,0.0259999999999998,
159923,2019-09-06,1.757,1.764,1.766,1.75,3045.0,,0.9106431417188399,0.39840637450199873,0.007000000000000117,
159923,2019-09-09,1.764,1.767,1.783,1.764,3300.0,,1.077097505668929,0.17006802721087821,0.0029999999999998916,
159923,2019-09-10,1.762,1.766,1.767,1.756,1014.0,,0.6225240520656423,-0.056593095642325404,-0.0009999999999998899,
159923,2019-09-11,1.798,1.76,1.798,1.75,2796.0,,2.71800679501699,-0.33975084937712374,-0.006000000000000005,
159923,2019-09-12,1.76,1.776,1.795,1.76,4124.0,,1.988636363636359,0.90909090909091,0.016000000000000014,
159923,2019-09-16,1.784,1.768,1.784,1.768,682.0,,0.9009009009009018,-0.4504504504504509,-0.008000000000000007,
159923,2019-09-17,1.768,1.758,1.768,1.75,753.0,,1.018099547511313,-0.5656108597285073,-0.010000000000000009,
159923,2019-09-18,1.766,1.779,1.799,1.75,1579.0,,2.7872582480090973,1.1945392491467524,0.020999999999999908,
159923,2019-09-19,1.754,1.756,1.775,1.754,614.0,,1.1804384485666053,-1.2928611579539018,-0.02299999999999991,
159923,2019-09-20,1.756,1.768,1.77,1.756,787.0,,0.7972665148063789,0.6833712984054676,0.01200000000000001,
159923,2019-09-23,1.768,1.768,1.778,1.744,1369.0,,1.923076923076925,0.0,0.0,
159923,2019-09-24,1.765,1.757,1.767,1.75,289.0,,0.961538461538456,-0.6221719457013642,-0.01100000000000012,
159923,2019-09-25,1.752,1.755,1.761,1.745,713.0,,0.9106431417188272,-0.11383039271485498,-0.0020000000000000018,
159923,2019-09-26,1.762,1.749,1.762,1.726,1696.0,,2.0512820512820533,-0.34188034188032956,-0.005999999999999783,
159923,2019-09-27,1.739,1.75,1.754,1.7,5328.0,,3.0874785591766747,0.05717552887363578,0.0009999999999998899,
159923,2019-09-30,1.746,1.745,1.748,1.73,4927.0,,1.0285714285714296,-0.28571428571427965,-0.004999999999999893,
159923,2019-10-08,1.712,1.744,1.744,1.712,477.0,,1.8338108882521507,-0.05730659025788607,-0.001000000000000112,
159923,2019-10-09,1.722,1.739,1.74,1.722,245.0,,1.0321100917431203,-0.2866972477064159,-0.004999999999999893,
159923,2019-10-10,1.731,1.742,1.743,1.731,514.0,,0.6900517538815417,0.17251293847037905,0.0029999999999998916,
159923,2019-10-11,1.742,1.763,1.766,1.74,5066.0,,1.4925373134328372,1.2055109070034389,0.020999999999999908,
159923,2019-10-14,1.783,1.775,1.783,1.763,5372.0,,1.1344299489506533,0.680657969370392,0.01200000000000001,
159923,2019-10-15,1.766,1.771,1.771,1.762,644.0,,0.507042253521121,-0.22535211267605657,-0.0040000000000000036,
159923,2019-10-16,1.77,1.766,1.785,1.761,2619.0,,1.355166572557878,-0.282326369282885,-0.004999999999999893,
159923,2019-10-17,1.77,1.768,1.77,1.758,2984.0,,0.6795016987542475,0.11325028312570791,0.0020000000000000018,
159923,2019-10-18,1.768,1.749,1.769,1.745,1077.0,,1.3574660633484048,-1.0746606334841575,-0.018999999999999906,
159923,2019-10-21,1.74,1.764,1.764,1.732,1895.0,,1.8296169239565478,0.8576329331046255,0.014999999999999902,
159923,2019-10-22,1.764,1.756,1.764,1.742,914.0,,1.2471655328798197,-0.4535147392290253,-0.008000000000000007,
159923,2019-10-23,1.741,1.745,1.75,1.741,338.0,,0.5125284738040944,-0.6264236902050057,-0.010999999999999899,
159923,2019-10-24,1.736,1.746,1.749,1.736,484.0,,0.7449856733524425,0.057306590257873345,0.0009999999999998899,
159923,2019-10-25,1.746,1.748,1.748,1.725,774.0,,1.3172966781214153,0.11454753722794969,0.0020000000000000018,
159923,2019-10-28,1.748,1.752,1.757,1.748,1656.0,,0.5148741418764243,0.2288329519450803,0.0040000000000000036,
159923,2019-10-29,1.745,1.751,1.76,1.745,1099.0,,0.8561643835616383,-0.057077625570782636,-0.001000000000000112,
159923,2019-10-30,1.745,1.75,1.75,1.736,1498.0,,0.7995431182181618,-0.05711022272986236,-0.0009999999999998899,
159923,2019-10-31,1.745,1.75,1.75,1.739,261.0,,0.6285714285714228,0.0,0.0,
159923,2019-11-01,1.734,1.775,1.778,1.734,4632.0,,2.5142857142857165,1.4285714285714235,0.02499999999999991,
159923,2019-11-04,1.779,1.784,1.79,1.777,736.0,,0.73239436619719,0.5070422535211335,0.009000000000000119,
159923,2019-11-05,1.787,1.797,1.811,1.727,5948.0,,4.708520179372188,0.7286995515695011,0.0129999999999999,
159923,2019-11-06,1.793,1.784,1.793,1.781,2071.0,,0.6677796327212027,-0.7234279354479634,-0.0129999999999999,
159923,2019-11-07,1.782,1.796,1.796,1.782,1812.0,,0.7847533632287003,0.6726457399103145,0.01200000000000001,
159923,2019-11-08,1.815,1.789,1.815,1.789,842.0,,1.447661469933186,-0.38975501113586397,-0.007000000000000117,
159923,2019-11-11,1.777,1.759,1.783,1.755,3448.0,,1.5651201788708788,-1.6769144773616562,-0.030000000000000027,
159923,2019-11-12,1.75,1.766,1.77,1.75,1475.0,,1.13700966458215,0.39795338260375884,0.007000000000000117,
159923,2019-11-13,1.768,1.758,1.77,1.75,932.0,,1.132502831257079,-0.45300113250283164,-0.008000000000000007,
159923,2019-11-14,1.758,1.761,1.765,1.753,975.0,,0.6825938566552907,0.17064846416381638,0.0029999999999998916,
159923,2019-11-15,1.749,1.75,1.761,1.748,2135.0,,0.738216922203288,-0.6246450880181659,-0.010999999999999899,
159923,2019-11-18,1.745,1.757,1.758,1.745,495.0,,0.7428571428571372,0.399999999999994,0.006999999999999895,
159923,2019-11-19,1.753,1.778,1.78,1.753,1653.0,,1.5367103016505483,1.1952191235059835,0.02100000000000013,
159923,2019-11-20,1.778,1.758,1.778,1.758,1091.0,,1.124859392575929,-1.124859392575929,-0.020000000000000018,
159923,2019-11-21,1.751,1.759,1.769,1.73,1266.0,,2.2184300341296885,0.05688282138793457,0.0009999999999998899,
159923,2019-11-22,1.741,1.75,1.759,1.721,731.0,,2.1603183627060725,-0.5116543490619612,-0.008999999999999897,
159923,2019-11-25,1.748,1.743,1.759,1.733,4237.0,,1.4857142857142744,-0.399999999999994,-0.006999999999999895,
159923,2019-11-26,1.755,1.757,1.759,1.744,164.0,,0.8605851979345899,0.8032128514056105,0.01399999999999979,
159923,2019-11-27,1.741,1.758,1.759,1.739,166.0,,1.1383039271485371,0.05691519635743381,0.001000000000000112,
159923,2019-11-28,1.745,1.754,1.758,1.74,1260.0,,1.023890784982936,-0.22753128555176358,-0.0040000000000000036,
159923,2019-11-29,1.745,1.739,1.746,1.719,1513.0,,1.539338654503986,-0.8551881413911006,-0.014999999999999902,
159923,2019-12-02,1.734,1.738,1.743,1.721,919.0,,1.2650948821161598,-0.05750431282346819,-0.001000000000000112,
159923,2019-12-03,1.728,1.736,1.738,1.72,425.0,,1.0356731875719227,-0.11507479861910253,-0.0020000000000000018,
159923,2019-12-04,1.738,1.735,1.738,1.723,534.0,,0.8640552995391648,-0.05760368663593836,-0.0009999999999998899,
159923,2019-12-05,1.74,1.742,1.748,1.732,505.0,,0.9221902017291074,0.403458213256478,0.006999999999999895,
159923,2019-12-06,1.729,1.745,1.745,1.729,407.0,,0.9184845005740537,0.1722158438576414,0.0030000000000001137,
159923,2019-12-09,1.745,1.747,1.749,1.737,353.0,,0.6876790830945565,0.11461318051575942,0.0020000000000000018,
159923,2019-12-10,1.748,1.747,1.748,1.747,1079.0,,0.05724098454492787,0.0,0.0,
159923,2019-12-11,1.747,1.746,1.747,1.729,1491.0,,1.0303377218088159,-0.057240984544940574,-0.001000000000000112,
159923,2019-12-12,1.749,1.743,1.749,1.739,169.0,,0.5727376861397485,-0.17182130584191818,-0.0029999999999998916,
159923,2019-12-13,1.75,1.77,1.77,1.738,1315.0,,1.8359150889271387,1.5490533562822668,0.026999999999999913,
159923,2019-12-16,1.761,1.771,1.776,1.761,796.0,,0.847457627118651,0.05649717514123671,0.0009999999999998899,
159923,2019-12-17,1.771,1.795,1.8,1.763,3049.0,,2.089215132693402,1.355166572557878,0.02400000000000002,
159923,2019-12-18,1.795,1.797,1.801,1.795,4053.0,,0.3342618384401117,0.11142061281337058,0.0020000000000000018,
159923,2019-12-19,1.797,1.789,1.797,1.788,564.0,,0.5008347245408957,-0.4451864218141351,-0.008000000000000007,
159923,2019-12-20,1.794,1.791,1.794,1.785,1819.0,,0.5030743432085031,0.11179429849077709,0.0020000000000000018,
159923,2019-12-23,1.785,1.77,1.79,1.77,714.0,,1.1166945840312685,-1.1725293132328258,-0.020999999999999908,
159923,2019-12-24,1.779,1.779,1.79,1.768,1471.0,,1.2429378531073458,0.5084745762711806,0.008999999999999897,
159923,2019-12-25,1.767,1.773,1.777,1.767,1586.0,,0.5621135469364817,-0.337268128161889,-0.006000000000000005,
159923,2019-12-26,1.773,1.781,1.781,1.772,1681.0,,0.5076142131979637,0.4512126339537511,0.008000000000000007,
159923,2019-12-27,1.782,1.785,1.798,1.777,1535.0,,1.179112857944982,0.22459292532285252,0.0040000000000000036,
159923,2019-12-30,1.784,1.8,1.812,1.782,3908.0,,1.6806722689075646,0.8403361344537886,0.015000000000000124,
159923,2019-12-31,1.812,1.81,1.82,1.799,2800.0,,1.1666666666666738,0.555555555555556,0.010000000000000009,
159923,2020-01-02,1.82,1.829,1.834,1.816,7703.0,,0.9944751381215478,1.0497237569060722,0.018999999999999906,
159923,2020-01-03,1.829,1.829,1.838,1.821,2013.0,,0.9294696555494876,0.0,0.0,
159923,2020-01-06,1.827,1.813,1.829,1.808,4924.0,,1.1481683980317063,-0.8747949699289237,-0.016000000000000014,
159923,2020-01-07,1.813,1.82,1.825,1.813,1528.0,,0.661886376172091,0.38610038610039255,0.007000000000000117,
159923,2020-01-08,1.809,1.808,1.818,1.791,2117.0,,1.483516483516491,-0.6593406593406599,-0.01200000000000001,
159923,2020-01-09,1.82,1.826,1.826,1.811,12884.0,,0.8296460176991218,0.9955752212389389,0.018000000000000016,
159923,2020-01-10,1.826,1.824,1.827,1.819,480.0,,0.4381161007667035,-0.10952902519167587,-0.0020000000000000018,
159923,2020-01-13,1.824,1.837,1.837,1.818,1536.0,,1.0416666666666614,0.7127192982456085,0.0129999999999999,
159923,2020-01-14,1.837,1.835,1.848,1.835,1738.0,,0.7076755579749658,-0.10887316276537844,-0.0020000000000000018,
159923,2020-01-15,1.826,1.823,1.826,1.815,1209.0,,0.5994550408719412,-0.6539509536784748,-0.01200000000000001,
159923,2020-01-16,1.814,1.816,1.823,1.812,563.0,,0.6034009873834284,-0.3839824465167249,-0.006999999999999895,
159923,2020-01-17,1.821,1.812,1.825,1.811,1162.0,,0.7709251101321593,-0.22026431718061693,-0.0040000000000000036,
159923,2020-01-20,1.815,1.821,1.825,1.815,2054.0,,0.5518763796909497,0.4966887417218486,0.008999999999999897,
159923,2020-01-21,1.822,1.793,1.822,1.788,2927.0,,1.8671059857221326,-1.537616694124109,-0.028000000000000025,
159923,2020-01-22,1.793,1.798,1.799,1.768,3026.0,,1.7289459007250374,0.27886224205243254,0.0050000000000001155,
159923,2020-01-23,1.767,1.75,1.784,1.728,8331.0,,3.1145717463848746,-2.6696329254727496,-0.04800000000000004,
159923,2020-02-03,1.575,1.607,1.655,1.575,11602.0,,4.571428571428576,-8.171428571428573,-0.14300000000000002,
159923,2020-02-04,1.56,1.639,1.652,1.56,4402.0,,5.724953329184808,1.9912881144990684,0.03200000000000003,
159923,2020-02-05,1.659,1.659,1.673,1.651,4841.0,,1.342281879194632,1.220256253813302,0.020000000000000018,
159923,2020-02-06,1.67,1.674,1.7,1.65,4523.0,,3.0138637733574467,0.9041591320072274,0.014999999999999902,
159923,2020-02-07,1.694,1.678,1.694,1.664,1246.0,,1.7921146953405034,0.23894862604540043,0.0040000000000000036,
159923,2020-02-10,1.669,1.681,1.686,1.655,1902.0,,1.8474374255065504,0.17878426698451214,0.0030000000000001137,
159923,2020-02-11,1.697,1.71,1.719,1.68,4252.0,,2.320047590719818,1.7251635930993405,0.028999999999999915,
159923,2020-02-12,1.715,1.707,1.715,1.702,1553.0,,0.7602339181286621,-0.17543859649122173,-0.0029999999999998916,
159923,2020-02-13,1.703,1.697,1.719,1.69,1744.0,,1.698886936145292,-0.5858230814294088,-0.010000000000000009,
159923,2020-02-14,1.706,1.71,1.713,1.699,1712.0,,0.8249852681202128,0.7660577489687626,0.0129999999999999,
159923,2020-02-17,1.71,1.735,1.735,1.71,4071.0,,1.461988304093575,1.461988304093575,0.025000000000000133,
159923,2020-02-18,1.725,1.729,1.746,1.725,1886.0,,1.210374639769447,-0.3458213256484153,-0.006000000000000005,
159923,2020-02-19,1.721,1.737,1.746,1.721,3165.0,,1.4459224985540724,0.4626951995373052,0.008000000000000007,
159923,2020-02-20,1.716,1.762,1.771,1.716,13467.0,,3.1663788140472042,1.4392630972941802,0.02499999999999991,
159923,2020-02-21,1.76,1.76,1.778,1.753,1952.0,,1.418842224744616,-0.11350737797956878,-0.0020000000000000018,
159923,2020-02-24,1.76,1.744,1.76,1.737,4630.0,,1.3068181818181768,-0.90909090909091,-0.016000000000000014,
159923,2020-02-25,1.711,1.742,1.742,1.71,5244.0,,1.8348623853211024,-0.1146788990825689,-0.0020000000000000018,
159923,2020-02-26,1.711,1.724,1.744,1.711,1878.0,,1.8943742824339793,-1.0332950631458104,-0.018000000000000016,
159923,2020-02-27,1.741,1.74,1.744,1.731,1974.0,,0.7540603248259803,0.928074245939676,0.016000000000000014,
159923,2020-02-28,1.73,1.686,1.73,1.68,3993.0,,2.8735632183908075,-3.1034482758620716,-0.05400000000000005,
159923,2020-03-02,1.686,1.741,1.741,1.686,2741.0,,3.2621589561091437,3.2621589561091437,0.05500000000000016,
159923,2020-03-03,1.742,1.743,1.771,1.742,12045.0,,1.6657093624353771,0.11487650775416436,0.0020000000000000018,
159923,2020-03-04,1.741,1.752,1.752,1.738,5746.0,,0.8032128514056232,0.5163511187607513,0.008999999999999897,
159923,2020-03-05,1.76,1.803,1.803,1.757,4332.0,,2.62557077625571,2.9109589041095854,0.050999999999999934,
159923,2020-03-06,1.799,1.775,1.799,1.767,1078.0,,1.7748197448696632,-1.5529672767609553,-0.028000000000000025,
159923,2020-03-09,1.767,1.747,1.767,1.704,3106.0,,3.5492957746478844,-1.5774647887323832,-0.027999999999999803,
159923,2020-03-10,1.709,1.76,1.768,1.709,1824.0,,3.3772180881511127,0.7441327990841384,0.0129999999999999,
159923,2020-03-11,1.744,1.728,1.78,1.728,825.0,,2.9545454545454573,-1.81818181818182,-0.03200000000000003,
159923,2020-03-12,1.718,1.71,1.718,1.69,957.0,,1.6203703703703716,-1.0416666666666676,-0.018000000000000016,
159923,2020-03-13,1.65,1.68,1.707,1.618,2477.0,,5.204678362573097,-1.7543859649122824,-0.030000000000000027,
159923,2020-03-16,1.68,1.636,1.698,1.609,1740.0,,5.297619047619047,-2.6190476190476217,-0.04400000000000004,
159923,2020-03-17,1.591,1.593,1.659,1.56,2819.0,,6.051344743276283,-2.6283618581907047,-0.04299999999999993,
159923,2020-03-18,1.639,1.595,1.639,1.595,1341.0,,2.762084118016324,0.1255492780916511,0.0020000000000000018,
159923,2020-03-19,1.588,1.569,1.608,1.518,4917.0,,5.642633228840131,-1.6300940438871487,-0.026000000000000023,
159923,2020-03-20,1.54,1.587,1.596,1.54,1496.0,,3.5691523263225013,1.1472275334608042,0.018000000000000016,
159923,2020-03-23,1.578,1.524,1.578,1.519,1311.0,,3.7177063642092096,-3.9697542533081247,-0.06299999999999994,
159923,2020-03-24,1.566,1.59,1.6,1.531,2118.0,,4.527559055118122,4.330708661417327,0.06600000000000006,
159923,2020-03-25,1.63,1.629,1.631,1.618,2251.0,,0.8176100628930755,2.4528301886792403,0.038999999999999924,
159923,2020-03-26,1.59,1.62,1.67,1.59,1078.0,,4.910988336402692,-0.5524861878452975,-0.008999999999999897,
159923,2020-03-27,1.621,1.633,1.633,1.621,1355.0,,0.7407407407407414,0.8024691358024629,0.0129999999999999,
159923,2020-03-30,1.622,1.624,1.63,1.584,1042.0,,2.8169014084506934,-0.551132884262088,-0.008999999999999897,
159923,2020-03-31,1.589,1.61,1.632,1.589,1161.0,,2.6477832512315223,-0.8620689655172421,-0.014000000000000012,
159923,2020-04-01,1.597,1.623,1.63,1.597,453.0,,2.0496894409937836,0.8074534161490621,0.0129999999999999,
159923,2020-04-02,1.584,1.625,1.625,1.584,711.0,,2.5261860751694347,0.12322858903265568,0.0020000000000000018,
159923,2020-04-03,1.603,1.628,1.633,1.603,85.0,,1.8461538461538478,0.18461538461537796,0.0029999999999998916,
159923,2020-04-07,1.63,1.646,1.649,1.63,985.0,,1.167076167076175,1.1056511056511067,0.018000000000000016,
159923,2020-04-08,1.646,1.635,1.656,1.624,576.0,,1.9441069258809118,-0.6682867557715614,-0.010999999999999899,
159923,2020-04-09,1.635,1.65,1.716,1.635,537.0,,4.95412844036697,0.9174311926605444,0.014999999999999902,
159923,2020-04-10,1.65,1.639,1.65,1.631,869.0,,1.1515151515151458,-0.6666666666666605,-0.010999999999999899,
159923,2020-04-13,1.639,1.647,1.659,1.639,168.0,,1.220256253813302,0.48810250152532075,0.008000000000000007,
159923,2020-04-14,1.625,1.66,1.67,1.625,1109.0,,2.732240437158466,0.7893139040679963,0.0129999999999999,
159923,2020-04-15,1.661,1.654,1.661,1.64,350.0,,1.2650602409638632,-0.36144578313253045,-0.006000000000000005,
159923,2020-04-16,1.653,1.659,1.66,1.639,470.0,,1.2696493349455809,0.30229746070133706,0.0050000000000001155,
159923,2020-04-17,1.67,1.664,1.67,1.645,1937.0,,1.506931886678717,0.301386377335738,0.004999999999999893,
159923,2020-04-20,1.66,1.656,1.668,1.642,997.0,,1.5625000000000013,-0.4807692307692312,-0.008000000000000007,
159923,2020-04-21,1.642,1.641,1.65,1.619,886.0,,1.8719806763284976,-0.9057971014492695,-0.014999999999999902,
159923,2020-04-22,1.641,1.649,1.649,1.632,1955.0,,1.0359536867763637,0.48750761730652087,0.008000000000000007,
159923,2020-04-23,1.656,1.648,1.656,1.643,721.0,,0.788356579745294,-0.06064281382656834,-0.001000000000000112,
159923,2020-04-24,1.647,1.635,1.647,1.635,166.0,,0.7281553398058259,-0.7888349514563046,-0.0129999999999999,
159923,2020-04-27,1.636,1.657,1.66,1.636,555.0,,1.467889908256882,1.3455657492354751,0.02200000000000002,
159923,2020-04-28,1.65,1.662,1.664,1.647,1258.0,,1.0259505129752506,0.301750150875069,0.004999999999999893,
159923,2020-04-29,1.662,1.667,1.671,1.652,2156.0,,1.1432009626955553,0.3008423586040984,0.0050000000000001155,
159923,2020-04-30,1.68,1.68,1.692,1.677,1750.0,,0.8998200359927955,0.7798440311937552,0.0129999999999999,
159923,2020-05-06,1.679,1.69,1.69,1.662,977.0,,1.6666666666666683,0.5952380952380958,0.010000000000000009,
159923,2020-05-07,1.677,1.686,1.689,1.677,540.0,,0.7100591715976338,-0.2366863905325446,-0.0040000000000000036,
159923,2020-05-08,1.686,1.7,1.703,1.686,1205.0,,1.0083036773428307,0.8303677342823258,0.014000000000000012,
159923,2020-05-11,1.707,1.705,1.723,1.7,361.0,,1.352941176470596,0.2941176470588303,0.0050000000000001155,
159923,2020-05-12,1.704,1.703,1.705,1.698,175.0,,0.41055718475074,-0.11730205278592386,-0.0020000000000000018,
159923,2020-05-13,1.7,1.699,1.7,1.682,595.0,,1.0569583088667067,-0.2348796241926015,-0.0040000000000000036,
159923,2020-05-14,1.688,1.686,1.698,1.68,574.0,,1.059446733372573,-0.7651559741024203,-0.013000000000000123,
159923,2020-05-15,1.686,1.688,1.688,1.678,343.0,,0.5931198102016613,0.11862396204033226,0.0020000000000000018,
159923,2020-05-18,1.68,1.687,1.688,1.679,180.0,,0.5331753554502309,-0.05924170616113092,-0.0009999999999998899,
159923,2020-05-19,1.696,1.694,1.699,1.687,652.0,,0.7113218731475999,0.41493775933609334,0.006999999999999895,
159923,2020-05-20,1.69,1.685,1.693,1.685,12.0,,0.4722550177095636,-0.5312868949232525,-0.008999999999999897,
159923,2020-05-21,1.684,1.687,1.7,1.68,974.0,,1.1869436201780426,0.11869436201780426,0.0020000000000000018,
159923,2020-05-22,1.675,1.652,1.675,1.651,775.0,,1.4226437462951997,-2.074688796680506,-0.03500000000000014,
159923,2020-05-25,1.642,1.65,1.65,1.63,395.0,,1.2106537530266355,-0.12106537530266355,-0.0020000000000000018,
159923,2020-05-26,1.657,1.657,1.663,1.657,30.0,,0.363636363636364,0.4242424242424314,0.007000000000000117,
159923,2020-05-27,1.658,1.66,1.66,1.653,171.0,,0.4224502112250993,0.18105009052503873,0.0029999999999998916,
159923,2020-05-28,1.664,1.657,1.674,1.65,585.0,,1.4457831325301218,-0.18072289156625854,-0.0029999999999998916,
159923,2020-05-29,1.652,1.66,1.665,1.652,378.0,,0.7845503922752035,0.18105009052503873,0.0029999999999998916,
159923,2020-06-01,1.692,1.7,1.707,1.69,1648.0,,1.0240963855421763,2.40963855421687,0.040000000000000036,
159923,2020-06-02,1.706,1.717,1.717,1.698,1193.0,,1.117647058823537,1.0000000000000075,0.017000000000000126,
159923,2020-06-03,1.717,1.717,1.728,1.716,1218.0,,0.6988934187536406,0.0,0.0,
159923,2020-06-04,1.722,1.72,1.722,1.71,10519.0,,0.6988934187536406,0.1747233546884037,0.0029999999999998916,
159923,2020-06-05,1.712,1.723,1.723,1.712,1029.0,,0.6395348837209373,0.1744186046511694,0.0030000000000001137,
159923,2020-06-08,1.738,1.732,1.746,1.73,632.0,,0.9286128845037732,0.522344747533366,0.008999999999999897,
159923,2020-06-09,1.733,1.748,1.75,1.733,460.0,,0.9815242494226273,0.9237875288683611,0.016000000000000014,
159923,2020-06-10,1.748,1.747,1.748,1.741,499.0,,0.4004576659038842,-0.057208237986263726,-0.0009999999999998899,
159923,2020-06-11,1.73,1.726,1.749,1.719,658.0,,1.7172295363480268,-1.202060675443625,-0.02100000000000013,
159923,2020-06-12,1.71,1.728,1.728,1.707,912.0,,1.2166859791425206,0.11587485515643116,0.0020000000000000018,
159923,2020-06-15,1.713,1.707,1.729,1.706,797.0,,1.3310185185185262,-1.2152777777777724,-0.020999999999999908,
159923,2020-06-16,1.707,1.725,1.728,1.707,297.0,,1.2302284710017521,1.0544815465729358,0.018000000000000016,
159923,2020-06-17,1.714,1.721,1.728,1.714,390.0,,0.8115942028985514,-0.2318840579710147,-0.0040000000000000036,
159923,2020-06-18,1.726,1.747,1.747,1.725,949.0,,1.2783265543288795,1.5107495642068578,0.026000000000000023,
159923,2020-06-19,1.749,1.754,1.76,1.747,1990.0,,0.7441327990841384,0.40068689181453315,0.006999999999999895,
159923,2020-06-22,1.753,1.769,1.77,1.753,1493.0,,0.9692132269099273,0.8551881413911006,0.014999999999999902,
159923,2020-06-23,1.75,1.768,1.769,1.748,1036.0,,1.1871113623516059,-0.056529112492927636,-0.0009999999999998899,
159923,2020-06-24,1.779,1.776,1.779,1.765,1471.0,,0.7918552036199101,0.4524886877828058,0.008000000000000007,
159923,2020-06-29,1.776,1.757,1.776,1.753,495.0,,1.2950450450450524,-1.069819819819827,-0.019000000000000128,
159923,2020-06-30,1.777,1.774,1.786,1.768,1683.0,,1.0244735344336948,0.9675583380762736,0.017000000000000126,
159923,2020-07-01,1.763,1.822,1.825,1.763,13845.0,,3.4949267192784697,2.7057497181510732,0.04800000000000004,
159923,2020-07-02,1.818,1.86,1.87,1.818,6196.0,,2.8540065861690476,2.085620197585073,0.038000000000000034,
159923,2020-07-03,1.884,1.9,1.909,1.88,5081.0,,1.5591397849462438,2.150537634408592,0.039999999999999813,
159923,2020-07-06,1.915,2.09,2.09,1.915,12576.0,,9.210526315789465,9.999999999999998,0.18999999999999995,
159923,2020-07-07,2.125,2.19,2.229,2.125,10778.0,,4.976076555023928,4.7846889952153155,0.10000000000000009,
159923,2020-07-08,2.201,2.182,2.201,2.003,8433.0,,9.041095890410956,-0.36529680365296835,-0.008000000000000007,
159923,2020-07-09,2.088,2.152,2.182,2.088,15712.0,,4.3079743354720375,-1.3748854262144732,-0.029999999999999805,
159923,2020-07-10,2.145,2.068,2.145,2.036,9938.0,,5.0650557620817835,-3.9033457249070667,-0.08400000000000007,
159923,2020-07-13,2.068,2.087,2.091,2.02,10829.0,,3.4332688588007825,0.918762088974861,0.019000000000000128,
159923,2020-07-14,2.088,2.055,2.088,2.03,7187.0,,2.779108768567334,-1.5333013895543857,-0.03200000000000003,
159923,2020-07-15,2.045,2.034,2.065,2.031,6178.0,,1.6545012165450026,-1.021897810218995,-0.02100000000000035,
159923,2020-07-16,2.034,1.976,2.039,1.937,6299.0,,5.014749262536878,-2.8515240904621355,-0.05799999999999983,
159923,2020-07-17,1.951,1.954,2.025,1.943,4287.0,,4.149797570850195,-1.1133603238866407,-0.02200000000000002,
159923,2020-07-20,1.992,2.03,2.03,1.956,6107.0,,3.787103377686788,3.889457523029675,0.07599999999999985,
159923,2020-07-21,2.02,2.018,2.033,2.011,1595.0,,1.083743842364522,-0.591133004926109,-0.01200000000000001,
159923,2020-07-22,2.0,2.021,2.055,2.0,2565.0,,2.725470763131822,0.1486620416253773,0.0030000000000001137,
159923,2020-07-23,1.996,2.016,2.037,1.981,1850.0,,2.770905492330521,-0.24740227610093485,-0.004999999999999893,
159923,2020-07-24,2.016,1.953,2.016,1.929,1909.0,,4.315476190476189,-3.1249999999999973,-0.06299999999999994,
159923,2020-07-27,1.957,1.94,1.964,1.93,1962.0,,1.7409114183307748,-0.6656426011264783,-0.013000000000000123,
159923,2020-07-28,1.96,1.964,1.97,1.954,827.0,,0.8247422680412378,1.2371134020618568,0.02400000000000002,
159923,2020-07-29,1.953,1.998,2.002,1.866,1781.0,,6.924643584521369,1.7311608961303477,0.03400000000000003,
159923,2020-07-30,2.03,1.992,2.03,1.992,624.0,,1.9019019019018923,-0.3003003003003006,-0.006000000000000005,
159923,2020-07-31,1.992,1.991,2.013,1.982,1944.0,,1.5562248995983894,-0.05020080321284587,-0.0009999999999998899,
159923,2020-08-03,1.999,2.008,2.01,1.991,4032.0,,0.9542943244600545,0.8538422903063738,0.016999999999999904,
159923,2020-08-04,2.007,2.018,2.03,2.006,2716.0,,1.195219123505977,0.49800796812747944,0.009999999999999787,
159923,2020-08-05,2.018,2.009,2.018,1.972,1402.0,,2.27948463825569,-0.44598612487610995,-0.008999999999999897,
159923,2020-08-06,2.027,2.0,2.027,1.984,1099.0,,2.140368342458942,-0.4479840716774463,-0.008999999999999897,
159923,2020-08-07,2.0,2.001,2.011,1.97,1727.0,,2.0500000000000074,0.04999999999999449,0.0009999999999998899,
159923,2020-08-10,1.992,2.004,2.007,1.978,940.0,,1.4492753623188475,0.14992503748126507,0.0030000000000001137,
159923,2020-08-11,2.016,1.998,2.035,1.994,5421.0,,2.0459081836327417,-0.29940119760479067,-0.006000000000000005,
159923,2020-08-12,1.982,1.988,1.988,1.97,1279.0,,0.9009009009009018,-0.5005005005005009,-0.010000000000000009,
159923,2020-08-13,1.991,1.985,1.996,1.971,1989.0,,1.2575452716297741,-0.150905432595568,-0.0029999999999998916,
159923,2020-08-14,1.987,2.017,2.017,1.982,1404.0,,1.7632241813601974,1.612090680100746,0.031999999999999806,
159923,2020-08-17,2.019,2.07,2.082,2.019,5201.0,,3.123450669310844,2.6276648487853214,0.052999999999999936,
159923,2020-08-18,2.07,2.057,2.07,2.054,1730.0,,0.7729468599033824,-0.6280193236714928,-0.0129999999999999,
159923,2020-08-19,2.059,2.048,2.064,2.037,2950.0,,1.3125911521633513,-0.4375303840544432,-0.008999999999999897,
159923,2020-08-20,2.03,2.017,2.03,2.013,389.0,,0.8300781249999953,-1.5136718750000067,-0.03100000000000014,
159923,2020-08-21,2.025,2.034,2.036,2.021,634.0,,0.7436787307883057,0.8428358948934014,0.016999999999999904,
159923,2020-08-24,2.054,2.049,2.054,2.041,1319.0,,0.6391347099311653,0.737463126843664,0.015000000000000124,
159923,2020-08-25,2.055,2.057,2.06,2.043,726.0,,0.8296730112249832,0.390434358223524,0.008000000000000007,
159923,2020-08-26,2.063,2.04,2.065,2.035,683.0,,1.4584346135148178,-0.8264462809917309,-0.016999999999999904,
159923,2020-08-27,2.033,2.041,2.048,2.023,635.0,,1.225490196078427,0.049019607843131856,0.0009999999999998899,
159923,2020-08-28,2.033,2.089,2.09,2.033,3471.0,,2.7927486526212615,2.3517883390494876,0.04800000000000004,
159923,2020-08-31,2.097,2.087,2.119,2.087,2873.0,,1.531833413116325,-0.09573958831975969,-0.0019999999999997797,
159923,2020-09-01,2.087,2.083,2.087,2.079,570.0,,0.3833253473885964,-0.1916626736942982,-0.0040000000000000036,
159923,2020-09-02,2.081,2.089,2.097,2.08,353.0,,0.8161305808929382,0.2880460873739694,0.005999999999999783,
159923,2020-09-03,2.099,2.077,2.106,2.074,658.0,,1.531833413116325,-0.5744375299186218,-0.01200000000000001,
159923,2020-09-04,2.059,2.057,2.059,2.048,324.0,,0.5296100144439153,-0.9629272989889273,-0.020000000000000018,
159923,2020-09-07,2.047,2.036,2.07,2.028,1075.0,,2.0418084589207495,-1.0209042294603747,-0.020999999999999908,
159923,2020-09-08,2.036,2.036,2.036,2.025,237.0,,0.5402750491159194,0.0,0.0,
159923,2020-09-09,2.028,2.01,2.03,1.968,1270.0,,3.0451866404715044,-1.2770137524558076,-0.026000000000000245,
159923,2020-09-10,2.015,2.015,2.037,2.014,288.0,,1.144278606965181,0.24875621890548946,0.0050000000000003375,
159923,2020-09-11,2.015,2.01,2.025,2.0,76.0,,1.2406947890818814,-0.24813895781639392,-0.0050000000000003375,
159923,2020-09-14,2.032,2.029,2.032,2.02,699.0,,0.5970149253731349,0.9452736318408026,0.019000000000000128,
159923,2020-09-15,2.026,2.039,2.049,2.026,165.0,,1.1335633316904945,0.4928536224741366,0.010000000000000231,
159923,2020-09-16,2.044,2.026,2.044,2.026,102.0,,0.8827856792545481,-0.6375674350171822,-0.013000000000000345,
159923,2020-09-17,2.019,2.02,2.02,2.016,57.0,,0.19743336623889457,-0.2961500493583309,-0.005999999999999783,
159923,2020-09-18,2.04,2.067,2.067,2.04,356.0,,1.3366336633663434,2.326732673267334,0.04700000000000015,
159923,2020-09-21,2.05,2.048,2.06,2.048,329.0,,0.5805515239477508,-0.9192065795839442,-0.019000000000000128,
159923,2020-09-22,2.039,2.025,2.048,2.025,473.0,,1.1230468750000064,-1.1230468750000064,-0.02300000000000013,
159923,2020-09-23,2.019,2.026,2.026,2.016,466.0,,0.49382716049381664,0.04938271604937727,0.0009999999999998899,
159923,2020-09-24,1.996,1.987,2.01,1.987,615.0,,1.1352418558736275,-1.9249753208292055,-0.0389999999999997,
159923,2020-09-25,2.0,1.991,2.003,1.991,800.0,,0.6039255158530453,0.20130850528434843,0.0040000000000000036,
159923,2020-09-28,2.005,1.996,2.011,1.996,402.0,,0.7533902561526933,0.25113008538422366,0.004999999999999893,
159923,2020-09-30,2.008,2.011,2.022,2.007,826.0,,0.751503006012008,0.7515030060120302,0.015000000000000124,
159923,2020-10-09,2.021,2.041,2.043,2.02,289.0,,1.1437095972153222,1.491795126802576,0.029999999999999805,
159923,2020-10-12,2.064,2.09,2.091,2.046,1587.0,,2.204801567858911,2.4007839294463467,0.04899999999999993,
159923,2020-10-13,2.077,2.1,2.103,2.077,780.0,,1.2440191387559927,0.4784688995215422,0.010000000000000231,
159923,2020-10-14,2.088,2.093,2.102,2.085,1226.0,,0.809523809523805,-0.3333333333333389,-0.007000000000000117,
159923,2020-10-15,2.1,2.094,2.107,2.091,961.0,,0.7644529383659825,0.047778308647868604,0.0009999999999998899,
159923,2020-10-16,2.099,2.091,2.099,2.084,433.0,,0.7163323782235017,-0.14326647564468337,-0.0029999999999996696,
159923,2020-10-19,2.105,2.082,2.134,2.082,467.0,,2.486848397895746,-0.4304160688665873,-0.009000000000000341,
159923,2020-10-20,2.085,2.104,2.104,2.085,152.0,,0.9125840537944346,1.056676272814613,0.02200000000000024,
159923,2020-10-21,2.092,2.103,2.106,2.084,576.0,,1.045627376425846,-0.047528517110260925,-0.0009999999999998899,
159923,2020-10-22,2.085,2.1,2.109,2.085,418.0,,1.1412268188302435,-0.1426533523537857,-0.0030000000000001137,
159923,2020-10-23,2.102,2.094,2.113,2.083,465.0,,1.428571428571419,-0.2857142857142965,-0.006000000000000227,
159923,2020-10-26,2.094,2.064,2.124,2.059,235.0,,3.104106972301812,-1.432664756446982,-0.029999999999999805,
159923,2020-10-27,2.063,2.07,2.07,2.063,174.0,,0.3391472868216896,0.2906976744185942,0.005999999999999783,
159923,2020-10-28,2.072,2.084,2.084,2.07,385.0,,0.6763285024154704,0.6763285024154704,0.014000000000000234,
159923,2020-10-29,2.08,2.1,2.1,2.061,1186.0,,1.8714011516314848,0.7677543186180429,0.016000000000000014,
159923,2020-10-30,2.099,2.067,2.099,2.054,257.0,,2.1428571428571606,-1.5714285714285674,-0.03299999999999992,
159923,2020-11-02,2.077,2.08,2.081,2.068,145.0,,0.6289308176100581,0.6289308176100581,0.0129999999999999,
159923,2020-11-03,2.085,2.1,2.101,2.085,388.0,,0.7692307692307698,0.9615384615384623,0.020000000000000018,
159923,2020-11-04,2.102,2.11,2.12,2.1,968.0,,0.9523809523809532,0.476190476190466,0.009999999999999787,
159923,2020-11-05,2.13,2.139,2.15,2.121,728.0,,1.3744075829383846,1.3744075829383846,0.028999999999999915,
159923,2020-11-06,2.165,2.14,2.165,2.132,292.0,,1.5427769985974717,0.04675081813933305,0.001000000000000334,
159923,2020-11-09,2.17,2.187,2.19,2.162,2752.0,,1.308411214953272,2.1962616822429766,0.04699999999999971,
159923,2020-11-10,2.188,2.178,2.202,2.134,1082.0,,3.1092821216278037,-0.4115226337448513,-0.008999999999999897,
159923,2020-11-11,2.185,2.153,2.186,2.153,899.0,,1.5151515151515114,-1.147842056932962,-0.02499999999999991,
159923,2020-11-12,2.14,2.171,2.181,2.138,852.0,,1.9972131908964303,0.8360427310729119,0.017999999999999794,
159923,2020-11-13,2.133,2.142,2.146,2.121,553.0,,1.1515430677107283,-1.3357899585444457,-0.028999999999999915,
159923,2020-11-16,2.154,2.157,2.157,2.145,462.0,,0.5602240896358549,0.7002801120448238,0.015000000000000124,
159923,2020-11-17,2.157,2.155,2.17,2.149,1200.0,,0.9735744089012474,-0.09272137227632006,-0.002000000000000224,
159923,2020-11-18,2.166,2.17,2.175,2.151,1013.0,,1.1136890951276113,0.6960556844547623,0.015000000000000124,
159923,2020-11-19,2.153,2.184,2.186,2.14,1321.0,,2.1198156682027567,0.6451612903225915,0.014000000000000234,
159923,2020-11-20,2.192,2.186,2.192,2.173,168.0,,0.8699633699633758,0.09157509157508148,0.0019999999999997797,
159923,2020-11-23,2.2,2.2,2.221,2.188,2403.0,,1.5096065873741957,0.6404391582799741,0.014000000000000234,
159923,2020-11-24,2.205,2.198,2.213,2.169,903.0,,2.0000000000000018,-0.09090909090910108,-0.002000000000000224,
159923,2020-11-25,2.216,2.175,2.219,2.175,442.0,,2.0018198362147426,-1.046405823475893,-0.02300000000000013,
159923,2020-11-26,2.188,2.186,2.188,2.17,388.0,,0.8275862068965627,0.5057471264367872,0.01100000000000012,
159923,2020-11-27,2.204,2.203,2.204,2.191,514.0,,0.5946935041171246,0.7776761207685225,0.016999999999999904,
159923,2020-11-30,2.236,2.21,2.254,2.21,2522.0,,1.9972764412165247,0.3177485247389976,0.007000000000000117,
159923,2020-12-01,2.194,2.241,2.248,2.194,2313.0,,2.4434389140271615,1.4027149321267032,0.03100000000000014,
159923,2020-12-02,2.241,2.248,2.254,2.234,1071.0,,0.8924587237840257,0.312360553324414,0.007000000000000117,
159923,2020-12-03,2.238,2.238,2.253,2.227,551.0,,1.1565836298932493,-0.4448398576512557,-0.010000000000000231,
159923,2020-12-04,2.237,2.248,2.248,2.223,725.0,,1.1170688114388005,0.44682752457552416,0.010000000000000231,
159923,2020-12-07,2.249,2.222,2.249,2.221,768.0,,1.2455516014234886,-1.1565836298932493,-0.026000000000000245,
159923,2020-12-08,2.222,2.225,2.234,2.208,614.0,,1.1701170117011612,0.13501350135014012,0.0030000000000001137,
159923,2020-12-09,2.225,2.232,2.235,2.189,844.0,,2.0674157303370704,0.314606741573039,0.007000000000000117,
159923,2020-12-10,2.188,2.218,2.231,2.181,599.0,,2.240143369175619,-0.6272401433691861,-0.014000000000000234,
159923,2020-12-11,2.192,2.218,2.227,2.15,748.0,,3.4715960324616755,0.0,0.0,
159923,2020-12-14,2.209,2.184,2.209,2.167,666.0,,1.8935978358881993,-1.5329125338142384,-0.03399999999999981,
159923,2020-12-15,2.183,2.199,2.223,2.164,746.0,,2.7014652014651883,0.6868131868131722,0.01499999999999968,
159923,2020-12-16,2.219,2.201,2.224,2.2,2837.0,,1.091405184174626,0.09095043201456225,0.002000000000000224,
159923,2020-12-17,2.22,2.242,2.25,2.201,392.0,,2.226260790549747,1.8627896410722364,0.040999999999999925,
159923,2020-12-18,2.242,2.225,2.28,2.22,413.0,,2.6761819803746483,-0.7582515611061509,-0.016999999999999904,
159923,2020-12-21,2.23,2.258,2.26,2.23,489.0,,1.3483146067415641,1.4831460674157266,0.03299999999999992,
159923,2020-12-22,2.23,2.2,2.25,2.2,1752.0,,2.2143489813994606,-2.568644818423376,-0.05799999999999983,
159923,2020-12-23,2.216,2.212,2.226,2.202,626.0,,1.090909090909092,0.545454545454546,0.01200000000000001,
159923,2020-12-24,2.212,2.221,2.227,2.203,336.0,,1.0849909584086808,0.4068716094032503,0.008999999999999897,
159923,2020-12-25,2.203,2.232,2.234,2.203,617.0,,1.395767672219727,0.49527239981990634,0.01100000000000012,
159923,2020-12-28,2.235,2.241,2.255,2.235,2370.0,,0.8960573476702516,0.4032258064516082,0.008999999999999897,
159923,2020-12-29,2.23,2.231,2.25,2.23,207.0,,0.8924587237840257,-0.4462293618920228,-0.010000000000000231,
159923,2020-12-30,2.242,2.254,2.26,2.242,1153.0,,0.806813088301201,1.0309278350515523,0.02300000000000013,
159923,2020-12-31,2.252,2.297,2.304,2.252,2643.0,,2.3070097604259114,1.9077196095829703,0.04300000000000015,
159923,2021-01-04,2.297,2.319,2.327,2.297,1647.0,,1.3060513713539315,0.9577710056595471,0.021999999999999797,
159923,2021-01-05,2.301,2.359,2.359,2.301,1885.0,,2.5010780508839945,1.7248814144027613,0.040000000000000036,
159923,2021-01-06,2.362,2.392,2.398,2.362,2846.0,,1.5260703688003405,1.398897838066974,0.03299999999999992,
159923,2021-01-07,2.394,2.446,2.446,2.394,3441.0,,2.173913043478263,2.2575250836120513,0.05400000000000027,
159923,2021-01-08,2.446,2.691,2.691,2.446,14732.0,,10.016353229762863,10.016353229762863,0.24499999999999966,
159923,2021-01-11,2.703,2.829,2.88,2.7,14560.0,,6.688963210702331,5.128205128205141,0.13800000000000034,
159923,2021-01-12,2.546,2.546,2.546,2.546,6168.0,,0.0,-10.003534817956886,-0.28300000000000036,
159923,2021-01-13,2.46,2.493,2.52,2.46,29258.0,,2.3566378633150062,-2.081696779261584,-0.052999999999999936,
159923,2021-01-14,2.484,2.434,2.484,2.432,8221.0,,2.0858403529883693,-2.366626554352175,-0.05899999999999972,
159923,2021-01-15,2.433,2.455,2.459,2.41,4010.0,,2.0131470829909586,0.8627773212818367,0.020999999999999908,
159923,2021-01-18,2.43,2.457,2.465,2.421,4842.0,,1.7922606924643598,0.08146639511200732,0.0019999999999997797,
159923,2021-01-19,2.457,2.426,2.464,2.415,3917.0,,1.994301994301992,-1.2617012617012493,-0.030999999999999694,
159923,2021-01-20,2.426,2.43,2.439,2.413,2430.0,,1.0717230008244123,0.1648804616652928,0.0040000000000000036,
159923,2021-01-21,2.435,2.461,2.468,2.435,4640.0,,1.3580246913580212,1.2757201646090408,0.030999999999999694,
159923,2021-01-22,2.467,2.454,2.467,2.442,1885.0,,1.015847216578623,-0.28443722064200216,-0.006999999999999673,
159923,2021-01-25,2.454,2.505,2.539,2.45,7958.0,,3.626731866340667,2.078239608801944,0.05099999999999971,
159923,2021-01-26,2.538,2.458,2.538,2.449,3465.0,,3.552894211576845,-1.8762475049900085,-0.04699999999999971,
159923,2021-01-27,2.442,2.456,2.456,2.411,8635.0,,1.8307567127746105,-0.08136696501221415,-0.002000000000000224,
159923,2021-01-28,2.428,2.389,2.428,2.388,2680.0,,1.628664495114008,-2.728013029315968,-0.06700000000000017,
159923,2021-01-29,2.389,2.391,2.41,2.367,2561.0,,1.7999162829635893,0.08371703641692022,0.002000000000000224,
159923,2021-02-01,2.378,2.42,2.421,2.378,1684.0,,1.798410706817219,1.2128816394813848,0.028999999999999915,
159923,2021-02-02,2.411,2.437,2.439,2.407,2113.0,,1.322314049586778,0.7024793388429712,0.016999999999999904,
159923,2021-02-03,2.438,2.437,2.452,2.432,2268.0,,0.8206811653672557,0.0,0.0,
159923,2021-02-04,2.437,2.443,2.456,2.422,1684.0,,1.3951579811243253,0.2462043496101858,0.006000000000000227,
159923,2021-02-05,2.452,2.472,2.49,2.448,2515.0,,1.7191977077364,1.187065083913218,0.028999999999999915,
159923,2021-02-08,2.472,2.499,2.502,2.469,2891.0,,1.3349514563106761,1.0922330097087434,0.027000000000000135,
159923,2021-02-09,2.5,2.545,2.546,2.484,2524.0,,2.480992396958777,1.8407362945177999,0.04599999999999982,
159923,2021-02-10,2.545,2.592,2.619,2.545,4556.0,,2.9076620825147463,1.8467583497053106,0.04700000000000015,
159923,2021-02-18,2.6,2.602,2.656,2.579,3270.0,,2.9706790123456774,0.38580246913579425,0.009999999999999787,
159923,2021-02-19,2.597,2.593,2.597,2.5,2612.0,,3.7279016141429664,-0.34588777863181774,-0.008999999999999897,
159923,2021-02-22,2.59,2.499,2.59,2.499,3833.0,,3.5094485152333106,-3.625144620131117,-0.09399999999999986,
159923,2021-02-23,2.495,2.509,2.517,2.486,2544.0,,1.2404961984793794,0.40016006402560167,0.009999999999999787,
159923,2021-02-24,2.509,2.502,2.538,2.501,1485.0,,1.4746911119968085,-0.2789956157831852,-0.007000000000000117,
159923,2021-02-25,2.443,2.488,2.499,2.442,873.0,,2.278177458033571,-0.5595523581135009,-0.01399999999999979,
159923,2021-02-26,2.443,2.408,2.456,2.402,1169.0,,2.170418006430861,-3.2154340836012887,-0.08000000000000007,
159923,2021-03-01,2.412,2.429,2.429,2.412,617.0,,0.7059800664451787,0.8720930232558102,0.020999999999999908,
159923,2021-03-02,2.445,2.398,2.445,2.37,804.0,,3.0876904075751233,-1.2762453684643762,-0.030999999999999694,
159923,2021-03-03,2.372,2.444,2.444,2.372,1446.0,,3.002502085070895,1.918265221017507,0.04599999999999982,
159923,2021-03-04,2.437,2.37,2.437,2.358,1213.0,,3.232405891980349,-3.0278232405891914,-0.07399999999999984,
159923,2021-03-05,2.368,2.381,2.382,2.312,801.0,,2.9535864978903072,0.4641350210970328,0.010999999999999677,
159923,2021-03-08,2.38,2.33,2.39,2.28,2481.0,,4.619907601847977,-2.1419571608567707,-0.05099999999999971,
159923,2021-03-09,2.292,2.261,2.292,2.224,2231.0,,2.918454935622301,-2.961373390557938,-0.06899999999999995,
159923,2021-03-10,2.264,2.252,2.271,2.247,2221.0,,1.0614772224679354,-0.39805395842549046,-0.009000000000000341,
159923,2021-03-11,2.252,2.297,2.309,2.252,2775.0,,2.5310834813499286,1.998223801065736,0.04500000000000037,
159923,2021-03-12,2.301,2.311,2.312,2.286,1007.0,,1.1319111885067392,0.6094906399651628,0.01399999999999979,
159923,2021-03-15,2.263,2.264,2.294,2.245,702.0,,2.120294244915618,-2.0337516226741736,-0.04700000000000015,
159923,2021-03-16,2.287,2.281,2.288,2.264,562.0,,1.060070671378093,0.7508833922261638,0.017000000000000348,
159923,2021-03-17,2.281,2.293,2.295,2.274,521.0,,0.9206488382288429,0.5260850504164845,0.01200000000000001,
159923,2021-03-18,2.295,2.307,2.312,2.295,480.0,,0.741386829481025,0.6105538595726031,0.01399999999999979,
159923,2021-03-19,2.262,2.246,2.284,2.234,935.0,,2.1673168617251766,-2.6441265713047226,-0.06099999999999994,
159923,2021-03-22,2.26,2.261,2.269,2.245,357.0,,1.0685663401602858,0.6678539626001836,0.015000000000000124,
159923,2021-03-23,2.25,2.239,2.25,2.228,901.0,,0.9730207872622644,-0.973020787262284,-0.02200000000000024,
159923,2021-03-24,2.237,2.217,2.242,2.207,391.0,,1.5631978561858038,-0.982581509602492,-0.021999999999999797,
159923,2021-03-25,2.204,2.216,2.223,2.202,401.0,,0.9472259810554763,-0.04510599909787505,-0.0009999999999998899,
159923,2021-03-26,2.218,2.258,2.259,2.218,817.0,,1.850180505415159,1.8953068592057678,0.041999999999999815,
159923,2021-03-29,2.224,2.26,2.278,2.224,312.0,,2.3914968999114183,0.08857395925596899,0.0019999999999997797,
159923,2021-03-30,2.27,2.266,2.287,2.265,153.0,,0.9734513274336195,0.26548672566372694,0.006000000000000227,
159923,2021-03-31,2.242,2.26,2.261,2.241,208.0,,0.8826125330979708,-0.26478375992940106,-0.006000000000000227,
159923,2021-04-01,2.279,2.29,2.29,2.265,970.0,,1.106194690265483,1.3274336283185952,0.03000000000000025,
159923,2021-04-02,2.29,2.294,2.305,2.271,860.0,,1.4847161572052512,0.1746724890829696,0.0040000000000000036,
159923,2021-04-06,2.299,2.292,2.301,2.286,391.0,,0.653879686137756,-0.08718395815170983,-0.002000000000000224,
159923,2021-04-07,2.259,2.268,2.268,2.257,139.0,,0.47993019197206277,-1.0471204188481684,-0.02400000000000002,
159923,2021-04-08,2.275,2.275,2.279,2.263,94.0,,0.7054673721340394,0.3086419753086472,0.007000000000000117,
159923,2021-04-09,2.245,2.234,2.256,2.23,577.0,,1.1428571428571341,-1.802197802197799,-0.040999999999999925,
159923,2021-04-12,2.246,2.208,2.251,2.202,327.0,,2.1933751119068905,-1.1638316920322203,-0.0259999999999998,
159923,2021-04-13,2.207,2.204,2.23,2.203,290.0,,1.2228260869565277,-0.18115942028985524,-0.0040000000000000036,
159923,2021-04-14,2.209,2.215,2.224,2.208,501.0,,0.7259528130671512,0.49909255898365135,0.010999999999999677,
159923,2021-04-15,2.215,2.198,2.215,2.185,425.0,,1.354401805869066,-0.7674943566591379,-0.016999999999999904,
159923,2021-04-16,2.21,2.207,2.218,2.195,311.0,,1.046405823475893,0.4094631483166468,0.008999999999999897,
159923,2021-04-19,2.225,2.247,2.254,2.223,707.0,,1.4046216583597706,1.812415043044859,0.040000000000000036,
159923,2021-04-20,2.253,2.255,2.269,2.252,231.0,,0.7565643079661927,0.35603026257231896,0.008000000000000007,
159923,2021-04-21,2.255,2.26,2.26,2.24,420.0,,0.8869179600886729,0.2217294900221682,0.004999999999999893,
159923,2021-04-22,2.252,2.255,2.256,2.25,169.0,,0.2654867256637073,-0.22123893805309267,-0.004999999999999893,
159923,2021-04-23,2.254,2.267,2.284,2.254,738.0,,1.330376940133029,0.5321507760532156,0.01200000000000001,
159923,2021-04-26,2.278,2.247,2.297,2.247,536.0,,2.205558006175574,-0.8822232024702259,-0.020000000000000018,
159923,2021-04-27,2.252,2.252,2.252,2.232,887.0,,0.8900756564307777,0.22251891410769442,0.004999999999999893,
159923,2021-04-28,2.25,2.259,2.26,2.246,461.0,,0.6216696269982146,0.3108348134991171,0.007000000000000117,
159923,2021-04-29,2.254,2.29,2.291,2.254,1183.0,,1.6378928729526305,1.3722886232846454,0.03100000000000014,
159923,2021-04-30,2.275,2.273,2.28,2.258,489.0,,0.9606986899563231,-0.7423580786026159,-0.016999999999999904,
159923,2021-05-06,2.285,2.247,2.286,2.23,516.0,,2.463704355477345,-1.1438627364716343,-0.026000000000000245,
159923,2021-05-07,2.245,2.234,2.251,2.225,843.0,,1.1570983533600268,-0.5785491766800134,-0.0129999999999999,
159923,2021-05-10,2.217,2.258,2.264,2.204,625.0,,2.6857654431512805,1.0743061772605202,0.02400000000000002,
159923,2021-05-11,2.201,2.233,2.233,2.187,363.0,,2.0372010628875223,-1.1071744906997303,-0.02499999999999991,
159923,2021-05-12,2.209,2.245,2.245,2.209,143.0,,1.6121809225257515,0.5373936408419172,0.01200000000000001,
159923,2021-05-13,2.22,2.215,2.226,2.203,126.0,,1.0244988864142597,-1.3363028953229508,-0.03000000000000025,
159923,2021-05-14,2.215,2.261,2.261,2.215,561.0,,2.0767494356659264,2.0767494356659264,0.04600000000000026,
159923,2021-05-17,2.265,2.293,2.295,2.265,711.0,,1.3268465280849093,1.4153029632905805,0.03200000000000003,
159923,2021-05-18,2.29,2.289,2.293,2.281,157.0,,0.5233318796336681,-0.17444395987788935,-0.0040000000000000036,
159923,2021-05-19,2.27,2.278,2.288,2.267,334.0,,0.9174311926605463,-0.48055919615553166,-0.01100000000000012,
159923,2021-05-20,2.254,2.294,2.295,2.254,233.0,,1.7998244073748868,0.7023705004389822,0.016000000000000014,
159923,2021-05-21,2.298,2.272,2.298,2.256,522.0,,1.8308631211857131,-0.9590235396687115,-0.02200000000000024,
159923,2021-05-24,2.289,2.26,2.289,2.251,502.0,,1.6725352112676168,-0.5281690140845076,-0.01200000000000001,
159923,2021-05-25,2.289,2.373,2.375,2.288,2570.0,,3.8495575221239022,5.0000000000000195,0.11300000000000043,
159923,2021-05-26,2.377,2.371,2.399,2.37,2430.0,,1.2220817530552006,-0.08428150021071318,-0.002000000000000224,
159923,2021-05-27,2.376,2.368,2.388,2.325,1750.0,,2.657106706031199,-0.12652889076339577,-0.0030000000000001137,
159923,2021-05-28,2.36,2.352,2.365,2.337,1233.0,,1.1824324324324336,-0.6756756756756763,-0.016000000000000014,
159923,2021-05-31,2.352,2.341,2.382,2.301,981.0,,3.4438775510204063,-0.4676870748299183,-0.010999999999999677,
159923,2021-06-01,2.379,2.35,2.379,2.322,1098.0,,2.4348568987612103,0.38445108927808186,0.008999999999999897,
159923,2021-06-02,2.35,2.326,2.355,2.301,1186.0,,2.297872340425524,-1.0212765957446817,-0.02400000000000002,
159923,2021-06-03,2.327,2.341,2.369,2.325,367.0,,1.8916595012897695,0.6448839208942444,0.015000000000000124,
159923,2021-06-04,2.344,2.342,2.377,2.313,2261.0,,2.7338744126441528,0.04271678769756043,0.0009999999999998899,
159923,2021-06-07,2.354,2.335,2.354,2.321,522.0,,1.4090520922288607,-0.2988898377455217,-0.007000000000000117,
159923,2021-06-08,2.335,2.313,2.35,2.305,532.0,,1.9271948608137013,-0.9421841541755802,-0.021999999999999797,
159923,2021-06-09,2.313,2.312,2.33,2.308,562.0,,0.9511456982274206,-0.04323389537398763,-0.001000000000000334,
159923,2021-06-10,2.304,2.331,2.345,2.302,161.0,,1.8598615916955084,0.8217993079584831,0.019000000000000128,
159923,2021-06-11,2.314,2.317,2.319,2.302,581.0,,0.7293007293007252,-0.6006006006005916,-0.01399999999999979,
159923,2021-06-15,2.302,2.282,2.302,2.252,1605.0,,2.157962883038423,-1.5105740181268943,-0.03500000000000014,
159923,2021-06-16,2.271,2.241,2.28,2.241,692.0,,1.7090271691498553,-1.7966695880806276,-0.040999999999999925,
159923,2021-06-17,2.245,2.249,2.26,2.244,835.0,,0.7139669790272007,0.3569834895136103,0.008000000000000007,
159923,2021-06-18,2.24,2.242,2.283,2.225,514.0,,2.5789239662071957,-0.3112494441974263,-0.007000000000000117,
159923,2021-06-21,2.24,2.264,2.265,2.221,1083.0,,1.9625334522747566,0.9812667261373684,0.021999999999999797,
159923,2021-06-22,2.264,2.271,2.274,2.231,121.0,,1.899293286219088,0.30918727915194866,0.007000000000000117,
159923,2021-06-23,2.266,2.25,2.267,2.234,312.0,,1.4531043593130744,-0.9247027741083182,-0.020999999999999908,
159923,2021-06-24,2.26,2.26,2.267,2.231,503.0,,1.6000000000000014,0.444444444444435,0.009999999999999787,
159923,2021-06-25,2.247,2.291,2.299,2.247,894.0,,2.3008849557522146,1.3716814159292097,0.03100000000000014,
159923,2021-06-28,2.297,2.3,2.307,2.271,678.0,,1.5713662156263655,0.3928415539065865,0.008999999999999897,
159923,2021-06-29,2.3,2.268,2.317,2.267,334.0,,2.1739130434782727,-1.3913043478260883,-0.03200000000000003,
159923,2021-06-30,2.317,2.304,2.32,2.261,1087.0,,2.6014109347442558,1.587301587301589,0.03600000000000003,
159923,2021-07-01,2.301,2.288,2.302,2.273,1175.0,,1.258680555555552,-0.6944444444444451,-0.016000000000000014,
159923,2021-07-02,2.27,2.227,2.27,2.223,593.0,,2.054195804195811,-2.666083916083914,-0.06099999999999994,
159923,2021-07-05,2.223,2.219,2.231,2.21,786.0,,0.9429726088908805,-0.3592276605298611,-0.008000000000000007,
159923,2021-07-06,2.219,2.207,2.237,2.201,680.0,,1.6223524109959457,-0.5407841369986486,-0.01200000000000001,
159923,2021-07-07,2.21,2.232,2.239,2.21,328.0,,1.3140009062075177,1.132759401903052,0.025000000000000355,
159923,2021-07-08,2.234,2.221,2.235,2.219,254.0,,0.7168458781362014,-0.49283154121864337,-0.01100000000000012,
159923,2021-07-09,2.215,2.213,2.225,2.191,313.0,,1.5308419630797052,-0.36019810895992826,-0.008000000000000007,
159923,2021-07-12,2.22,2.217,2.23,2.215,359.0,,0.6778129236330829,0.18075011296882076,0.0040000000000000036,
159923,2021-07-13,2.2,2.218,2.229,2.2,727.0,,1.3080739738385168,0.04510599909787505,0.0009999999999998899,
159923,2021-07-14,2.21,2.214,2.218,2.208,289.0,,0.45085662759241596,-0.18034265103697042,-0.0040000000000000036,
159923,2021-07-15,2.227,2.236,2.237,2.194,900.0,,1.9421860885275588,0.9936766034327119,0.02200000000000024,
159923,2021-07-16,2.238,2.207,2.257,2.207,1006.0,,2.2361359570662014,-1.296958855098406,-0.02900000000000036,
159923,2021-07-19,2.195,2.234,2.236,2.189,1397.0,,2.1295876755777146,1.2233801540552849,0.027000000000000135,
159923,2021-07-20,2.216,2.216,2.217,2.205,475.0,,0.5371530886302601,-0.8057296329453802,-0.017999999999999794,
159923,2021-07-21,2.237,2.212,2.237,2.2,2682.0,,1.669675090252704,-0.180505415162455,-0.0040000000000000036,
159923,2021-07-22,2.219,2.21,2.221,2.205,323.0,,0.7233273056057872,-0.09041591320073344,-0.002000000000000224,
159923,2021-07-23,2.2,2.198,2.22,2.185,719.0,,1.5837104072398256,-0.542986425339367,-0.01200000000000001,
159923,2021-07-26,2.18,2.166,2.23,2.145,4052.0,,3.867151956323929,-1.45586897179254,-0.03200000000000003,
159923,2021-07-27,2.15,2.102,2.15,2.101,1499.0,,2.2622345337026744,-2.9547553093259493,-0.06400000000000006,
159923,2021-07-28,2.102,2.136,2.165,2.011,1368.0,,7.32635585156993,1.6175071360609066,0.03400000000000025,
159923,2021-07-29,2.132,2.13,2.136,2.061,2000.0,,3.5112359550561876,-0.280898876404505,-0.006000000000000227,
159923,2021-07-30,2.065,2.063,2.089,2.032,1997.0,,2.6760563380281663,-3.1455399061032736,-0.06699999999999973,
159923,2021-08-02,2.063,2.096,2.097,2.009,1193.0,,4.265632573921477,1.5996122152205485,0.03299999999999992,
159923,2021-08-03,2.06,2.094,2.097,2.06,788.0,,1.7652671755725153,-0.09541984732825495,-0.002000000000000224,
159923,2021-08-04,2.094,2.097,2.106,2.018,1145.0,,4.202483285577845,0.14326647564470457,0.0030000000000001137,
159923,2021-08-05,2.097,2.091,2.116,2.079,903.0,,1.7644253695755805,-0.2861230329041385,-0.005999999999999783,
159923,2021-08-06,2.073,2.071,2.077,2.068,219.0,,0.430416068866566,-0.9564801530368252,-0.020000000000000018,
159923,2021-08-09,2.07,2.1,2.116,2.05,550.0,,3.186866248189294,1.4002897151134674,0.028999999999999915,
159923,2021-08-10,2.101,2.146,2.146,2.083,1285.0,,2.9999999999999867,2.190476190476182,0.04599999999999982,
159923,2021-08-11,2.154,2.124,2.154,2.124,357.0,,1.3979496738117336,-1.0251630941286018,-0.021999999999999797,
159923,2021-08-12,2.123,2.107,2.132,2.107,612.0,,1.1770244821092237,-0.8003766478342704,-0.016999999999999904,
159923,2021-08-13,2.1,2.098,2.11,2.083,287.0,,1.2814428096819974,-0.4271476032273536,-0.009000000000000341,
159923,2021-08-16,2.099,2.113,2.114,2.094,493.0,,0.9532888465204966,0.7149666348903777,0.015000000000000124,
159923,2021-08-17,2.111,2.063,2.12,2.06,488.0,,2.839564600094655,-2.3663038334122017,-0.04999999999999982,
159923,2021-08-18,2.063,2.081,2.115,2.013,782.0,,4.944255937954449,0.8725157537566549,0.017999999999999794,
159923,2021-08-19,2.083,2.081,2.089,2.055,456.0,,1.6338298894762042,0.0,0.0,
159923,2021-08-20,2.04,2.055,2.077,2.011,1277.0,,3.1715521383949943,-1.2493993272465067,-0.0259999999999998,
159923,2021-08-23,2.057,2.065,2.07,2.024,464.0,,2.2384428223844193,0.48661800486616963,0.009999999999999787,
159923,2021-08-24,2.062,2.065,2.079,2.043,529.0,,1.743341404358355,0.0,0.0,
159923,2021-08-25,2.061,2.061,2.066,2.048,469.0,,0.8716707021791668,-0.19370460048426166,-0.0040000000000000036,
159923,2021-08-26,2.066,2.055,2.066,2.029,625.0,,1.7952450266860709,-0.29112081513827187,-0.005999999999999783,
159923,2021-08-27,2.023,2.06,2.062,2.023,2782.0,,1.8978102189780874,0.24330900243308481,0.004999999999999893,
159923,2021-08-30,2.023,2.025,2.055,2.018,832.0,,1.7961165048543868,-1.699029126213599,-0.03500000000000014,
159923,2021-08-31,2.025,2.011,2.025,2.005,476.0,,0.9876543209876552,-0.6913580246913478,-0.01399999999999979,
159923,2021-09-01,2.036,2.068,2.068,2.003,1835.0,,3.232222774738933,2.8344107409249095,0.05699999999999994,
159923,2021-09-02,2.068,2.052,2.108,2.028,1820.0,,3.8684719535783394,-0.773694390715668,-0.016000000000000014,
159923,2021-09-03,2.053,2.059,2.072,2.03,936.0,,2.046783625731007,0.3411306042885047,0.007000000000000117,
159923,2021-09-06,2.047,2.088,2.092,2.047,1747.0,,2.185526954832439,1.4084507042253478,0.028999999999999915,
159923,2021-09-07,2.083,2.106,2.106,2.069,1783.0,,1.7720306513409925,0.8620689655172314,0.017999999999999794,
159923,2021-09-08,2.108,2.095,2.11,2.087,701.0,,1.0921177587844106,-0.5223171889838403,-0.010999999999999677,
159923,2021-09-09,2.076,2.087,2.097,2.05,186.0,,2.243436754176618,-0.38186157517899794,-0.008000000000000007,
159923,2021-09-10,2.079,2.135,2.136,2.079,2123.0,,2.7311931001437437,2.299952084331557,0.0479999999999996,
159923,2021-09-13,2.137,2.12,2.145,2.109,1289.0,,1.6861826697892288,-0.7025761124121631,-0.01499999999999968,
159923,2021-09-14,2.14,2.083,2.14,2.083,885.0,,2.6886792452830157,-1.7452830188679207,-0.03699999999999992,
159923,2021-09-15,2.043,2.051,2.081,2.043,364.0,,1.8242918867018632,-1.5362457993278937,-0.03200000000000003,
159923,2021-09-16,2.043,2.075,2.075,2.039,942.0,,1.755241345685033,1.1701608971233555,0.02400000000000002,
159923,2021-09-17,2.046,2.054,2.069,2.046,600.0,,1.1084337349397653,-1.0120481927711014,-0.02100000000000035,
159923,2021-09-22,2.031,2.036,2.066,2.03,829.0,,1.7526777020447926,-0.8763388510223853,-0.017999999999999794,
159923,2021-09-23,2.053,2.037,2.053,2.032,462.0,,1.0314341846758304,0.049115913555986726,0.0009999999999998899,
159923,2021-09-24,2.033,2.051,2.063,2.033,347.0,,1.47275405007365,0.6872852233677091,0.014000000000000234,
159923,2021-09-27,2.041,2.083,2.096,2.041,1190.0,,2.6816187225743615,1.5602145294978074,0.03200000000000003,
159923,2021-09-28,2.066,2.094,2.094,2.066,1235.0,,1.344215074411907,0.5280844935189475,0.010999999999999677,
159923,2021-09-29,2.061,2.074,2.108,2.061,1485.0,,2.2445081184336275,-0.9551098376313285,-0.020000000000000018,
159923,2021-09-30,2.096,2.102,2.103,2.084,1521.0,,0.9161041465766696,1.3500482160077159,0.028000000000000025,
159923,2021-10-08,2.117,2.133,2.144,2.117,860.0,,1.2844909609895403,1.474785918173175,0.03100000000000014,
159923,2021-10-11,2.144,2.134,2.22,2.134,2513.0,,4.031879981247084,0.04688232536333286,0.0009999999999998899,
159923,2021-10-12,2.134,2.137,2.142,2.119,1253.0,,1.0777881911902385,0.1405810684161253,0.0030000000000001137,
159923,2021-10-13,2.137,2.16,2.16,2.119,1452.0,,1.9185774450163746,1.0762751520823646,0.02300000000000013,
159923,2021-10-14,2.137,2.135,2.156,2.135,699.0,,0.9722222222222384,-1.1574074074074239,-0.025000000000000355,
159923,2021-10-15,2.116,2.15,2.168,2.116,904.0,,2.4355971896955526,0.7025761124121839,0.015000000000000124,
159923,2021-10-18,2.15,2.152,2.185,2.099,747.0,,3.9999999999999933,0.0930232558139639,0.002000000000000224,
159923,2021-10-19,2.095,2.13,2.166,2.095,697.0,,3.2992565055761953,-1.0223048327137658,-0.02200000000000024,
159923,2021-10-20,2.131,2.125,2.131,2.112,816.0,,0.8920187793427082,-0.2347417840375537,-0.004999999999999893,
159923,2021-10-21,2.125,2.126,2.131,2.117,732.0,,0.6588235294117548,0.04705882352940658,0.0009999999999998899,
159923,2021-10-22,2.123,2.146,2.158,2.123,1336.0,,1.646284101599233,0.940733772342428,0.020000000000000018,
159923,2021-10-25,2.156,2.143,2.156,2.113,325.0,,2.0037278657968383,-0.13979496738117958,-0.0030000000000001137,
159923,2021-10-26,2.155,2.139,2.155,2.126,677.0,,1.353243117125521,-0.1866542230517967,-0.0040000000000000036,
159923,2021-10-27,2.131,2.105,2.131,2.103,691.0,,1.3090229079008688,-1.5895278167367841,-0.03399999999999981,
159923,2021-10-28,2.108,2.135,2.137,2.098,1592.0,,1.852731591448938,1.4251781472683993,0.029999999999999805,
159923,2021-10-29,2.13,2.145,2.16,2.102,1023.0,,2.7166276346604343,0.46838407494146284,0.010000000000000231,
159923,2021-11-01,2.138,2.115,2.138,2.103,1227.0,,1.6317016317016177,-1.3986013986013894,-0.029999999999999805,
159923,2021-11-02,2.115,2.104,2.115,2.057,1257.0,,2.742316784869989,-0.5200945626477599,-0.01100000000000012,
159923,2021-11-03,2.091,2.081,2.095,2.071,696.0,,1.1406844106463887,-1.0931558935361279,-0.02300000000000013,
159923,2021-11-04,2.081,2.095,2.099,2.08,1004.0,,0.9130225852955371,0.6727534839019815,0.014000000000000234,
159923,2021-11-05,2.088,2.085,2.097,2.082,521.0,,0.7159904534606264,-0.477326968973758,-0.010000000000000231,
159923,2021-11-08,2.074,2.081,2.086,2.074,146.0,,0.5755395683453243,-0.19184652278177475,-0.0040000000000000036,
159923,2021-11-09,2.046,2.077,2.092,2.046,22.0,,2.2104757328207723,-0.1922152811148488,-0.0040000000000000036,
159923,2021-11-10,2.058,2.063,2.07,2.04,838.0,,1.4443909484833801,-0.6740491092922384,-0.01399999999999979,
159923,2021-11-11,2.07,2.089,2.093,2.07,816.0,,1.1148812409113005,1.260300533204062,0.0259999999999998,
159923,2021-11-12,2.066,2.093,2.099,2.066,459.0,,1.579703207276226,0.19147917663954062,0.0040000000000000036,
159923,2021-11-15,2.09,2.09,2.098,2.08,349.0,,0.8600095556617197,-0.143334925943627,-0.0030000000000001137,
159923,2021-11-16,2.099,2.092,2.108,2.031,1555.0,,3.6842105263157876,0.09569377990431693,0.002000000000000224,
159923,2021-11-17,2.088,2.1,2.1,2.088,1032.0,,0.573613766730402,0.382409177820268,0.008000000000000007,
159923,2021-11-18,2.105,2.097,2.105,2.081,766.0,,1.142857142857144,-0.14285714285714826,-0.0030000000000001137,
159923,2021-11-19,2.072,2.1,2.1,2.072,126.0,,1.3352408202193622,0.14306151645207982,0.0030000000000001137,
159923,2021-11-22,2.1,2.099,2.1,2.088,927.0,,0.571428571428572,-0.04761904761904237,-0.0009999999999998899,
159923,2021-11-23,2.093,2.088,2.095,2.088,865.0,,0.33349213911386927,-0.524059075750363,-0.01100000000000012,
159923,2021-11-24,2.087,2.096,2.112,2.085,521.0,,1.2931034482758685,0.3831417624521076,0.008000000000000007,
159923,2021-11-25,2.097,2.095,2.097,2.082,976.0,,0.7156488549618379,-0.04770992366411688,-0.0009999999999998899,
159923,2021-11-26,2.083,2.074,2.083,2.074,367.0,,0.42959427207638856,-1.0023866348448853,-0.02100000000000035,
159923,2021-11-29,2.051,2.084,2.104,2.03,768.0,,3.5679845708775457,0.48216007714562353,0.010000000000000231,
159923,2021-11-30,2.079,2.065,2.086,2.056,448.0,,1.4395393474088196,-0.9117082533589312,-0.019000000000000128,
159923,2021-12-01,2.053,2.088,2.096,2.053,249.0,,2.0823244552058187,1.1138014527845101,0.02300000000000013,
159923,2021-12-02,2.064,2.076,2.092,2.064,250.0,,1.3409961685823766,-0.5747126436781614,-0.01200000000000001,
159923,2021-12-03,2.076,2.08,2.084,2.076,141.0,,0.3853564547206169,0.19267822736030846,0.0040000000000000036,
159923,2021-12-06,2.08,2.094,2.106,2.08,718.0,,1.2499999999999905,0.6730769230769129,0.01399999999999979,
159923,2021-12-07,2.106,2.094,2.106,2.093,1051.0,,0.6208213944603582,0.0,0.0,
159923,2021-12-08,2.108,2.128,2.145,2.107,1170.0,,1.8147086914995134,1.623686723973269,0.03400000000000025,
159923,2021-12-09,2.13,2.177,2.186,2.13,1638.0,,2.6315789473684235,2.302631578947365,0.04899999999999993,
159923,2021-12-10,2.16,2.161,2.166,2.148,353.0,,0.8268259072117498,-0.7349563619660089,-0.016000000000000014,
159923,2021-12-13,2.192,2.168,2.204,2.162,1031.0,,1.94354465525221,0.3239241092087051,0.007000000000000117,
159923,2021-12-14,2.15,2.165,2.171,2.15,492.0,,0.9686346863468592,-0.13837638376384287,-0.0030000000000001137,
159923,2021-12-15,2.14,2.141,2.161,2.14,540.0,,0.9699769053117739,-1.1085450346420334,-0.02400000000000002,
159923,2021-12-16,2.149,2.148,2.15,2.14,367.0,,0.4670714619336659,0.32695002335357853,0.007000000000000117,
159923,2021-12-17,2.148,2.139,2.148,2.128,843.0,,0.9310986964618257,-0.4189944134078371,-0.009000000000000341,
159923,2021-12-20,2.138,2.137,2.139,2.112,289.0,,1.2622720897615565,-0.0935016362786246,-0.0019999999999997797,
159923,2021-12-21,2.134,2.13,2.134,2.111,676.0,,1.0762751520823437,-0.3275620028076798,-0.007000000000000117,
159923,2021-12-22,2.169,2.124,2.169,2.119,211.0,,2.3474178403755785,-0.2816901408450602,-0.005999999999999783,
159923,2021-12-23,2.133,2.128,2.144,2.118,206.0,,1.2241054613936087,0.18832391713747662,0.0040000000000000036,
159923,2021-12-24,2.124,2.134,2.134,2.119,349.0,,0.7048872180450977,0.2819548872180349,0.005999999999999783,
159923,2021-12-27,2.112,2.122,2.158,2.112,240.0,,2.155576382380498,-0.5623242736644803,-0.01200000000000001,
159923,2021-12-28,2.123,2.135,2.135,2.122,99.0,,0.6126295947219558,0.6126295947219558,0.0129999999999999,
159923,2021-12-29,2.06,2.111,2.153,2.06,530.0,,4.355971896955502,-1.1241217798594652,-0.023999999999999577,
159923,2021-12-30,2.111,2.112,2.119,2.109,137.0,,0.4737091425864628,0.04737091425863997,0.0009999999999998899,
159923,2021-12-31,2.125,2.125,2.135,2.116,10126.0,,0.8996212121211971,0.6155303030302983,0.0129999999999999,
159923,2022-01-04,2.125,2.115,2.125,2.102,502.0,,1.0823529411764767,-0.47058823529410765,-0.009999999999999787,
159923,2022-01-05,2.107,2.103,2.12,2.103,208.0,,0.8037825059101609,-0.5673758865248232,-0.01200000000000001,
159923,2022-01-06,2.102,2.124,2.132,2.063,1453.0,,3.2810271041369443,0.9985734664764576,0.020999999999999908,
159923,2022-01-07,2.1,2.127,2.129,2.1,142.0,,1.3653483992467002,0.14124293785309178,0.0029999999999996696,
159923,2022-01-10,2.102,2.129,2.14,2.102,156.0,,1.7865538316878353,0.09402914903621176,0.002000000000000224,
159923,2022-01-11,2.088,2.13,2.148,2.083,359.0,,3.0530765617660847,0.04697040864255002,0.0009999999999998899,
159923,2022-01-12,2.076,2.125,2.126,2.076,292.0,,2.3474178403755785,-0.2347417840375537,-0.004999999999999893,
159923,2022-01-13,2.086,2.112,2.112,2.086,212.0,,1.2235294117647173,-0.6117647058823483,-0.0129999999999999,
159923,2022-01-14,2.082,2.101,2.117,2.082,170.0,,1.6571969696969762,-0.520833333333339,-0.01100000000000012,
159923,2022-01-17,2.048,2.116,2.12,2.048,147.0,,3.4269395525940056,0.7139457401237564,0.015000000000000124,
159923,2022-01-18,2.073,2.109,2.109,2.073,624.0,,1.7013232514177707,-0.3308128544423496,-0.007000000000000117,
159923,2022-01-19,2.095,2.079,2.096,2.076,365.0,,0.9483167377904228,-1.4224751066856238,-0.029999999999999805,
159923,2022-01-20,2.085,2.088,2.114,2.085,977.0,,1.3949013949013906,0.43290043290042785,0.008999999999999897,
159923,2022-01-21,2.077,2.084,2.092,2.076,480.0,,0.7662835249042153,-0.1915708812260538,-0.0040000000000000036,
159923,2022-01-24,2.061,2.076,2.077,2.061,613.0,,0.7677543186180429,-0.38387715930902144,-0.008000000000000007,
159923,2022-01-25,2.062,2.038,2.07,2.035,379.0,,1.685934489402683,-1.830443159922941,-0.038000000000000256,
159923,2022-01-26,2.049,2.057,2.074,2.041,243.0,,1.619234543670261,0.9322865554465225,0.019000000000000128,
159923,2022-01-27,2.042,2.029,2.057,2.028,206.0,,1.4098201263976624,-1.361205639280507,-0.028000000000000025,
159923,2022-01-28,2.02,2.023,2.095,2.02,947.0,,3.696402168555948,-0.29571217348446444,-0.005999999999999783,
159923,2022-02-07,2.023,2.054,2.084,2.023,440.0,,3.0153237765694483,1.5323776569451157,0.030999999999999694,
159923,2022-02-08,2.03,2.023,2.047,2.011,368.0,,1.7526777020447926,-1.5092502434274437,-0.030999999999999694,
159923,2022-02-09,2.068,2.055,2.068,2.021,97.0,,2.3232822540781095,1.581809194265943,0.03200000000000003,
159923,2022-02-10,2.07,2.058,2.07,2.024,158.0,,2.2384428223844193,0.1459854014598379,0.0029999999999996696,
159923,2022-02-11,2.065,2.032,2.065,2.032,110.0,,1.6034985422740486,-1.2633624878522742,-0.0259999999999998,
159923,2022-02-14,2.06,2.051,2.06,2.005,534.0,,2.7066929133858344,0.9350393700787465,0.019000000000000128,
159923,2022-02-15,2.051,2.06,2.06,2.051,573.0,,0.4388103364212529,0.4388103364212529,0.008999999999999897,
159923,2022-02-16,2.08,2.069,2.108,2.027,240.0,,3.932038834951454,0.4368932038834901,0.008999999999999897,
159923,2022-02-17,2.043,2.063,2.064,2.041,258.0,,1.1116481391976862,-0.28999516674721043,-0.005999999999999783,
159923,2022-02-18,2.028,2.06,2.06,2.028,272.0,,1.551139117789628,-0.145419292292783,-0.0030000000000001137,
159923,2022-02-21,2.06,2.04,2.06,2.036,151.0,,1.1650485436893214,-0.9708737864077678,-0.020000000000000018,
159923,2022-02-22,2.085,2.065,2.085,2.03,284.0,,2.6960784313725568,1.225490196078427,0.02499999999999991,
159923,2022-02-23,2.08,2.04,2.08,2.032,221.0,,2.32445520581114,-1.2106537530266301,-0.02499999999999991,
159923,2022-02-24,2.04,2.02,2.073,2.011,342.0,,3.0392156862745012,-0.980392156862746,-0.020000000000000018,
159923,2022-02-25,2.039,2.037,2.039,2.015,259.0,,1.1881188118811892,0.8415841584158368,0.016999999999999904,
159923,2022-02-28,2.037,2.039,2.039,2.02,226.0,,0.9327442317133103,0.0981836033382535,0.002000000000000224,
159923,2022-03-01,2.005,2.026,2.028,2.002,11295.0,,1.2751348700343426,-0.6375674350171822,-0.013000000000000345,
159923,2022-03-02,2.0,2.008,2.008,1.981,720.0,,1.3326752221125329,-0.8884501480750145,-0.017999999999999794,
159923,2022-03-03,2.0,2.005,2.006,1.974,482.0,,1.5936254980079583,-0.14940239043825268,-0.0030000000000001137,
159923,2022-03-04,1.996,1.985,1.996,1.951,558.0,,2.244389027431418,-0.997506234413955,-0.019999999999999796,
159923,2022-03-07,1.947,1.975,1.985,1.874,2948.0,,5.591939546599495,-0.5037783375314866,-0.010000000000000009,
159923,2022-03-08,1.966,1.899,1.966,1.87,1840.0,,4.860759493670879,-3.8481012658227884,-0.07600000000000007,
159923,2022-03-09,1.94,1.883,1.94,1.78,1289.0,,8.425487098472876,-0.8425487098472888,-0.016000000000000014,
159923,2022-03-10,1.895,1.878,1.895,1.826,411.0,,3.6643653744025464,-0.2655337227827995,-0.0050000000000001155,
159923,2022-03-11,1.83,1.875,1.876,1.82,1138.0,,2.981895633652813,-0.15974440894568115,-0.0029999999999998916,
159923,2022-03-14,1.818,1.853,1.856,1.816,1698.0,,2.1333333333333355,-1.1733333333333344,-0.02200000000000002,
159923,2022-03-15,1.76,1.757,1.844,1.73,5197.0,,6.152185644900167,-5.180787911494878,-0.09600000000000009,
159923,2022-03-16,1.757,1.804,1.804,1.707,2134.0,,5.52077404667046,2.6750142287990983,0.04700000000000015,
159923,2022-03-17,1.81,1.803,1.848,1.8,1853.0,,2.660753880266078,-0.055432372505549436,-0.001000000000000112,
159923,2022-03-18,1.823,1.842,1.842,1.792,689.0,,2.773155851358849,2.1630615640599085,0.039000000000000146,
159923,2022-03-21,1.83,1.843,1.853,1.828,2303.0,,1.3572204125950005,0.05428881650379423,0.0009999999999998899,
159923,2022-03-22,1.843,1.838,1.854,1.836,1743.0,,0.9766684753119922,-0.27129679869776957,-0.004999999999999893,
159923,2022-03-23,1.847,1.856,1.858,1.84,1346.0,,0.9793253536452674,0.9793253536452674,0.018000000000000016,
159923,2022-03-24,1.842,1.835,1.852,1.831,127.0,,1.1314655172413863,-1.1314655172413863,-0.02100000000000013,
159923,2022-03-25,1.84,1.81,1.858,1.808,197.0,,2.724795640326978,-1.362397820163483,-0.02499999999999991,
159923,2022-03-28,1.808,1.796,1.808,1.775,1289.0,,1.8232044198895105,-0.7734806629834261,-0.014000000000000012,
159923,2022-03-29,1.802,1.788,1.807,1.788,911.0,,1.0579064587973221,-0.44543429844098037,-0.008000000000000007,
159923,2022-03-30,1.808,1.846,1.848,1.808,652.0,,2.2371364653243866,3.2438478747203603,0.05800000000000005,
159923,2022-03-31,1.83,1.837,1.86,1.83,1158.0,,1.6251354279523307,-0.4875406283857052,-0.009000000000000119,
159923,2022-04-01,1.83,1.863,1.867,1.83,1706.0,,2.014153511159495,1.4153511159499195,0.026000000000000023,
159923,2022-04-06,1.898,1.855,1.898,1.847,937.0,,2.7375201288244733,-0.4294149221685457,-0.008000000000000007,
159923,2022-04-07,1.854,1.838,1.854,1.833,664.0,,1.1320754716981203,-0.9164420485175151,-0.016999999999999904,
159923,2022-04-08,1.834,1.847,1.85,1.834,55.0,,0.87051142546246,0.4896626768226277,0.008999999999999897,
159923,2022-04-11,1.81,1.79,1.814,1.79,924.0,,1.2994044396318365,-3.086085544125606,-0.05699999999999994,
159923,2022-04-12,1.799,1.82,1.828,1.799,496.0,,1.6201117318435831,1.6759776536312863,0.030000000000000027,
159923,2022-04-13,1.82,1.826,1.838,1.82,171.0,,0.9890109890109898,0.32967032967032994,0.006000000000000005,
159923,2022-04-14,1.838,1.848,1.855,1.832,1049.0,,1.2595837897042665,1.204819277108435,0.02200000000000002,
159923,2022-04-15,1.829,1.845,1.851,1.829,340.0,,1.1904761904761914,-0.1623376623376685,-0.0030000000000001137,
159923,2022-04-18,1.848,1.83,1.848,1.811,1495.0,,2.00542005420055,-0.8130081300812955,-0.014999999999999902,
159923,2022-04-19,1.815,1.806,1.815,1.802,344.0,,0.7103825136611968,-1.3114754098360666,-0.02400000000000002,
159923,2022-04-20,1.802,1.785,1.802,1.78,400.0,,1.2181616832779634,-1.1627906976744258,-0.02100000000000013,
159923,2022-04-21,1.789,1.751,1.789,1.751,934.0,,2.1288515406162487,-1.9047619047619067,-0.03400000000000003,
159923,2022-04-22,1.798,1.773,1.798,1.746,511.0,,2.9697315819531727,1.2564249000571115,0.02200000000000002,
159923,2022-04-25,1.788,1.701,1.788,1.698,753.0,,5.0761421319797,-4.060913705583748,-0.07199999999999984,
159923,2022-04-26,1.701,1.688,1.72,1.688,940.0,,1.8812463256907719,-0.7642563198118826,-0.013000000000000123,
159923,2022-04-27,1.7,1.732,1.766,1.691,626.0,,4.443127962085305,2.6066350710900497,0.04400000000000004,
159923,2022-04-28,1.766,1.742,1.766,1.7,1402.0,,3.8106235565819895,0.5773672055427257,0.010000000000000009,
159923,2022-04-29,1.739,1.782,1.786,1.736,985.0,,2.8702640642939174,2.296211251435134,0.040000000000000036,
159923,2022-05-05,1.782,1.772,1.783,1.766,445.0,,0.9539842873176153,-0.5611672278338949,-0.010000000000000009,
159923,2022-05-06,1.741,1.73,1.741,1.728,268.0,,0.7336343115124222,-2.3702031602708824,-0.04200000000000004,
159923,2022-05-09,1.724,1.703,1.724,1.699,1694.0,,1.445086705202307,-1.5606936416184922,-0.026999999999999913,
159923,2022-05-10,1.682,1.722,1.728,1.682,458.0,,2.701115678214917,1.1156782149148505,0.018999999999999906,
159923,2022-05-11,1.688,1.751,1.772,1.688,718.0,,4.878048780487809,1.6840882694541184,0.028999999999999915,
159923,2022-05-12,1.738,1.739,1.749,1.738,622.0,,0.6282124500285621,-0.6853226727584117,-0.011999999999999789,
159923,2022-05-13,1.746,1.751,1.751,1.738,710.0,,0.7475560667049971,0.690051753881529,0.011999999999999789,
159923,2022-05-16,1.752,1.739,1.759,1.733,828.0,,1.4848657909765737,-0.6853226727584117,-0.011999999999999789,
159923,2022-05-17,1.729,1.76,1.761,1.705,308.0,,3.2202415181138484,1.2075905692926916,0.020999999999999908,
159923,2022-05-18,1.75,1.76,1.76,1.744,78.0,,0.90909090909091,0.0,0.0,
159923,2022-05-19,1.732,1.743,1.746,1.732,351.0,,0.7954545454545462,-0.9659090909090855,-0.016999999999999904,
159923,2022-05-20,1.77,1.789,1.791,1.769,885.0,,1.2621916236374078,2.639127940332749,0.04599999999999982,
159923,2022-05-23,1.78,1.769,1.78,1.763,475.0,,0.9502515371716114,-1.1179429849077707,-0.020000000000000018,
159923,2022-05-24,1.755,1.73,1.755,1.73,253.0,,1.4132278123233417,-2.204635387224416,-0.038999999999999924,
159923,2022-05-25,1.737,1.735,1.739,1.73,167.0,,0.5202312138728392,0.2890173410404691,0.0050000000000001155,
159923,2022-05-26,1.738,1.744,1.75,1.724,442.0,,1.4985590778097997,0.5187319884726165,0.008999999999999897,
159923,2022-05-27,1.761,1.753,1.773,1.752,1477.0,,1.2041284403669672,0.5160550458715538,0.008999999999999897,
159923,2022-05-30,1.764,1.764,1.787,1.739,1263.0,,2.7381631488876113,0.6274957216200868,0.01100000000000012,
159923,2022-05-31,1.764,1.795,1.797,1.764,2393.0,,1.8707482993197233,1.7573696145124669,0.030999999999999917,
159923,2022-06-01,1.79,1.791,1.793,1.783,1505.0,,0.5571030640668528,-0.22284122562674116,-0.0040000000000000036,
159923,2022-06-02,1.784,1.783,1.785,1.766,1111.0,,1.0608598548296988,-0.4466778336125074,-0.008000000000000007,
159923,2022-06-06,1.76,1.819,1.819,1.76,1726.0,,3.309029725182274,2.0190689848569843,0.03600000000000003,
159923,2022-06-07,1.82,1.828,1.866,1.82,987.0,,2.5288620120945597,0.49477735019242003,0.009000000000000119,
159923,2022-06-08,1.828,1.844,1.847,1.821,1460.0,,1.4223194748358874,0.8752735229759306,0.016000000000000014,
159923,2022-06-09,1.821,1.824,1.849,1.821,963.0,,1.5184381778741878,-1.0845986984815628,-0.020000000000000018,
159923,2022-06-10,1.818,1.834,1.865,1.818,1259.0,,2.5767543859649087,0.5482456140350882,0.010000000000000009,
159923,2022-06-13,1.834,1.819,1.837,1.819,849.0,,0.9814612868047992,-0.817884405670672,-0.015000000000000124,
159923,2022-06-14,1.819,1.813,1.819,1.789,1086.0,,1.649257833974713,-0.3298515667949426,-0.006000000000000005,
159923,2022-06-15,1.864,1.858,1.883,1.836,3743.0,,2.592388306674017,2.4820739106453478,0.04500000000000015,
159923,2022-06-16,1.858,1.849,1.866,1.843,1073.0,,1.2378902045209974,-0.4843918191603939,-0.009000000000000119,
159923,2022-06-17,1.83,1.879,1.88,1.83,670.0,,2.7041644131963127,1.6224986479177947,0.030000000000000027,
159923,2022-06-20,1.883,1.888,1.898,1.873,585.0,,1.3304949441192075,0.47897817988291097,0.008999999999999897,
159923,2022-06-21,1.877,1.887,1.936,1.876,778.0,,3.1779661016949188,-0.05296610169490942,-0.0009999999999998899,
159923,2022-06-22,1.882,1.859,1.882,1.858,353.0,,1.2718600953894965,-1.4838367779544264,-0.028000000000000025,
159923,2022-06-23,1.87,1.892,1.892,1.858,1714.0,,1.8289402904787417,1.7751479289940784,0.03299999999999992,
159923,2022-06-24,1.892,1.916,1.92,1.892,2027.0,,1.4799154334038067,1.2684989429175488,0.02400000000000002,
159923,2022-06-27,1.936,1.935,1.955,1.93,667.0,,1.304801670146145,0.9916492693110713,0.019000000000000128,
159923,2022-06-28,1.926,1.956,1.96,1.917,1546.0,,2.2222222222222183,1.0852713178294524,0.020999999999999908,
159923,2022-06-29,1.956,1.924,1.958,1.924,904.0,,1.7382413087934576,-1.6359918200409014,-0.03200000000000003,
159923,2022-06-30,1.923,1.958,1.971,1.923,1052.0,,2.494802494802497,1.7671517671517687,0.03400000000000003,
159923,2022-07-01,1.911,1.949,1.958,1.911,571.0,,2.4004085801838575,-0.4596527068437128,-0.008999999999999897,
159923,2022-07-04,1.932,1.959,1.959,1.932,507.0,,1.3853258081067283,0.5130836326321194,0.010000000000000009,
159923,2022-07-05,1.977,1.958,1.977,1.941,237.0,,1.8376722817764182,-0.05104645227157284,-0.001000000000000112,
159923,2022-07-06,1.958,1.93,1.959,1.916,213.0,,2.1961184882533273,-1.4300306435137908,-0.028000000000000025,
159923,2022-07-07,1.934,1.944,1.947,1.934,810.0,,0.6735751295336851,0.7253886010362701,0.014000000000000012,
159923,2022-07-08,1.951,1.937,1.951,1.934,1528.0,,0.8744855967078253,-0.3600823045267436,-0.006999999999999895,
159923,2022-07-11,1.916,1.901,1.916,1.89,851.0,,1.342281879194632,-1.8585441404233367,-0.03600000000000003,
159923,2022-07-12,1.9,1.887,1.9,1.883,598.0,,0.8942661756969965,-0.7364544976328256,-0.014000000000000012,
159923,2022-07-13,1.884,1.891,1.897,1.882,339.0,,0.7949125596184485,0.21197668256491806,0.0040000000000000036,
159923,2022-07-14,1.893,1.895,1.908,1.893,472.0,,0.7932310946589055,0.21152829190904301,0.0040000000000000036,
159923,2022-07-15,1.891,1.867,1.906,1.867,250.0,,2.0580474934036896,-1.477572559366756,-0.028000000000000025,
159923,2022-07-18,1.863,1.884,1.888,1.85,300.0,,2.035350830208881,0.9105516871987095,0.016999999999999904,
159923,2022-07-19,1.877,1.927,1.927,1.86,532.0,,3.556263269639063,2.2823779193206026,0.04300000000000015,
159923,2022-07-20,1.918,1.881,1.918,1.874,2988.0,,2.283341982355984,-2.3871302542812685,-0.04600000000000004,
159923,2022-07-21,1.847,1.861,1.883,1.847,1115.0,,1.913875598086126,-1.063264221158959,-0.020000000000000018,
159923,2022-07-22,1.854,1.86,1.876,1.847,551.0,,1.5583019881783942,-0.05373455131649059,-0.0009999999999998899,
159923,2022-07-25,1.852,1.852,1.863,1.845,440.0,,0.9677419354838717,-0.43010752688172077,-0.008000000000000007,
159923,2022-07-26,1.855,1.86,1.865,1.855,229.0,,0.539956803455724,0.4319654427645792,0.008000000000000007,
159923,2022-07-27,1.854,1.847,1.854,1.846,467.0,,0.43010752688172077,-0.6989247311828022,-0.013000000000000123,
159923,2022-07-28,1.854,1.854,1.872,1.85,745.0,,1.1911207363291836,0.3789929615592917,0.007000000000000117,
159923,2022-07-29,1.851,1.823,1.859,1.78,387.0,,4.26105717367853,-1.672060409924495,-0.03100000000000014,
159923,2022-08-01,1.825,1.834,1.838,1.818,408.0,,1.0970927043335172,0.6034009873834406,0.01100000000000012,
159923,2022-08-02,1.803,1.804,1.811,1.787,1062.0,,1.3086150490730655,-1.635768811341332,-0.030000000000000027,
159923,2022-08-03,1.804,1.777,1.804,1.777,1121.0,,1.4966740576496749,-1.4966740576496749,-0.027000000000000135,
159923,2022-08-04,1.792,1.796,1.798,1.792,153.0,,0.33764772087788436,1.0692177827799736,0.019000000000000128,
159923,2022-08-05,1.806,1.826,1.826,1.804,586.0,,1.224944320712696,1.6703786191536765,0.030000000000000027,
159923,2022-08-08,1.81,1.818,1.818,1.81,4.0,,0.4381161007667035,-0.4381161007667035,-0.008000000000000007,
159923,2022-08-09,1.816,1.825,1.826,1.816,45.0,,0.5500550055005505,0.38503850385037924,0.006999999999999895,
159923,2022-08-10,1.807,1.805,1.809,1.8,440.0,,0.4931506849315012,-1.0958904109589052,-0.020000000000000018,
159923,2022-08-11,1.812,1.841,1.841,1.81,597.0,,1.717451523545702,1.994459833795016,0.03600000000000003,
159923,2022-08-12,1.834,1.84,1.841,1.834,268.0,,0.3802281368821236,-0.05431830526886963,-0.0009999999999998899,
159923,2022-08-15,1.849,1.842,1.858,1.842,364.0,,0.8695652173913051,0.10869565217391314,0.0020000000000000018,
159923,2022-08-16,1.857,1.84,1.857,1.84,1193.0,,0.9229098805645983,-0.10857763300760052,-0.0020000000000000018,
159923,2022-08-17,1.839,1.857,1.857,1.829,1724.0,,1.5217391304347838,0.9239130434782555,0.016999999999999904,
159923,2022-08-18,1.841,1.84,1.841,1.838,224.0,,0.1615508885298811,-0.9154550350026873,-0.016999999999999904,
159923,2022-08-19,1.834,1.827,1.834,1.827,525.0,,0.380434782608702,-0.7065217391304414,-0.013000000000000123,
159923,2022-08-22,1.842,1.898,1.898,1.841,6.0,,3.1198686371100135,3.8861521620142288,0.07099999999999995,
159923,2022-08-23,1.898,1.837,1.898,1.829,3540.0,,3.635405690200208,-3.2139093782929367,-0.06099999999999994,
159923,2022-08-24,1.842,1.801,1.842,1.8,2106.0,,2.286336418072947,-1.9597169297768118,-0.03600000000000003,
159923,2022-08-25,1.855,1.811,1.855,1.786,1243.0,,3.831204886174345,0.5552470849528045,0.010000000000000009,
159923,2022-08-26,1.818,1.807,1.818,1.807,392.0,,0.6073992269464451,-0.22087244616234145,-0.0040000000000000036,
159923,2022-08-29,1.794,1.798,1.798,1.789,120.0,,0.4980630879911522,-0.49806308799113985,-0.008999999999999897,
159923,2022-08-30,1.796,1.812,1.812,1.784,860.0,,1.5572858731924373,0.7786429365962186,0.014000000000000012,
159923,2022-08-31,1.788,1.787,1.809,1.779,349.0,,1.6556291390728493,-1.3796909492273806,-0.025000000000000133,
159923,2022-09-01,1.79,1.808,1.808,1.784,266.0,,1.3430330162283168,1.1751538891997835,0.02100000000000013,
159923,2022-09-02,1.808,1.802,1.808,1.765,2604.0,,2.3783185840708048,-0.3318584070796463,-0.006000000000000005,
159923,2022-09-05,1.765,1.77,1.77,1.754,1135.0,,0.8879023307436189,-1.7758046614872378,-0.03200000000000003,
159923,2022-09-06,1.765,1.78,1.78,1.765,407.0,,0.847457627118651,0.56497175141243,0.010000000000000009,
159923,2022-09-07,1.772,1.781,1.788,1.772,631.0,,0.8988764044943828,0.05617977528089269,0.0009999999999998899,
159923,2022-09-08,1.781,1.773,1.785,1.773,179.0,,0.6737787759685576,-0.44918585064570504,-0.008000000000000007,
159923,2022-09-09,1.784,1.798,1.8,1.784,2254.0,,0.9024252679075022,1.4100394811054784,0.025000000000000133,
159923,2022-09-13,1.806,1.805,1.807,1.802,1372.0,,0.2780867630700719,0.3893214682981032,0.006999999999999895,
159923,2022-09-14,1.785,1.784,1.79,1.778,1052.0,,0.6648199445983385,-1.1634349030470865,-0.020999999999999908,
159923,2022-09-15,1.787,1.761,1.787,1.755,1332.0,,1.793721973094172,-1.2892376681614424,-0.02300000000000013,
159923,2022-09-16,1.745,1.73,1.746,1.729,1384.0,,0.9653605905735324,-1.7603634298693878,-0.030999999999999917,
159923,2022-09-19,1.731,1.726,1.737,1.721,2091.0,,0.9248554913294805,-0.23121387283237013,-0.0040000000000000036,
159923,2022-09-20,1.735,1.729,1.735,1.729,479.0,,0.34762456546929343,0.17381228273465318,0.0030000000000001137,
159923,2022-09-21,1.712,1.71,1.784,1.705,379.0,,4.569115095430883,-1.0989010989011063,-0.019000000000000128,
159923,2022-09-22,1.707,1.698,1.707,1.688,737.0,,1.1111111111111187,-0.7017543859649129,-0.01200000000000001,
159923,2022-09-23,1.699,1.689,1.702,1.681,483.0,,1.2367491166077684,-0.5300353356890399,-0.008999999999999897,
159923,2022-09-26,1.689,1.683,1.705,1.683,445.0,,1.3025458851391367,-0.3552397868561282,-0.006000000000000005,
159923,2022-09-27,1.684,1.707,1.707,1.683,43.0,,1.4260249554367215,1.4260249554367215,0.02400000000000002,
159923,2022-09-28,1.707,1.675,1.707,1.673,676.0,,1.99179847685999,-1.8746338605741084,-0.03200000000000003,
159923,2022-09-29,1.691,1.68,1.692,1.68,290.0,,0.7164179104477618,0.2985074626865608,0.004999999999999893,
159923,2022-09-30,1.683,1.669,1.683,1.669,388.0,,0.8333333333333341,-0.6547619047618988,-0.010999999999999899,
159923,2022-10-10,1.661,1.629,1.661,1.626,730.0,,2.0970641102456646,-2.396644697423609,-0.040000000000000036,
159923,2022-10-11,1.637,1.636,1.642,1.63,369.0,,0.7366482504604058,0.42971147943522986,0.006999999999999895,
159923,2022-10-12,1.63,1.662,1.662,1.611,1308.0,,3.11735941320293,1.5892420537897325,0.026000000000000023,
159923,2022-10-13,1.652,1.647,1.67,1.646,1725.0,,1.4440433212996402,-0.9025270758122684,-0.014999999999999902,
159923,2022-10-14,1.661,1.693,1.7,1.661,3605.0,,2.3679417122040025,2.7929568913175498,0.04600000000000004,
159923,2022-10-17,1.7,1.69,1.7,1.677,2055.0,,1.3585351447135208,-0.1772002362669884,-0.0030000000000001137,
159923,2022-10-18,1.693,1.684,1.697,1.684,563.0,,0.7692307692307765,-0.3550295857988169,-0.006000000000000005,
159923,2022-10-19,1.68,1.66,1.68,1.66,847.0,,1.1876484560570084,-1.4251781472684097,-0.02400000000000002,
159923,2022-10-20,1.64,1.65,1.666,1.638,2244.0,,1.6867469879518087,-0.6024096385542175,-0.010000000000000009,
159923,2022-10-21,1.611,1.64,1.65,1.61,2066.0,,2.424242424242413,-0.6060606060606066,-0.010000000000000009,
159923,2022-10-24,1.636,1.59,1.636,1.582,1988.0,,3.292682926829258,-3.0487804878048674,-0.04999999999999982,
159923,2022-10-25,1.576,1.593,1.64,1.575,701.0,,4.088050314465405,0.18867924528301203,0.0029999999999998916,
159923,2022-10-26,1.594,1.597,1.62,1.592,1071.0,,1.7576898932831153,0.2510985561833022,0.0040000000000000036,
159923,2022-10-27,1.601,1.592,1.609,1.592,432.0,,1.0644959298684975,-0.313087038196612,-0.004999999999999893,
159923,2022-10-28,1.582,1.546,1.582,1.545,4010.0,,2.3241206030150843,-2.889447236180907,-0.04600000000000004,
159923,2022-10-31,1.637,1.635,1.64,1.533,4412.0,,6.921086675291073,5.7567917205692085,0.08899999999999997,
159923,2022-11-01,1.555,1.623,1.623,1.555,2250.0,,4.159021406727832,-0.733944954128441,-0.01200000000000001,
159923,2022-11-02,1.618,1.608,1.622,1.586,14481.0,,2.2181146025878022,-0.9242144177449109,-0.014999999999999902,
159923,2022-11-03,1.608,1.588,1.608,1.586,1004.0,,1.3681592039801005,-1.2437810945273642,-0.020000000000000018,
159923,2022-11-04,1.59,1.646,1.652,1.59,4323.0,,3.9042821158690066,3.6523929471032632,0.05799999999999983,
159923,2022-11-07,1.644,1.65,1.656,1.597,289.0,,3.584447144592949,0.24301336573511567,0.0040000000000000036,
159923,2022-11-08,1.64,1.63,1.64,1.628,479.0,,0.727272727272728,-1.2121212121212133,-0.020000000000000018,
159923,2022-11-09,1.63,1.622,1.638,1.622,538.0,,0.9815950920245273,-0.4907975460122568,-0.007999999999999785,
159923,2022-11-10,1.603,1.606,1.608,1.596,903.0,,0.7398273736128242,-0.9864364981504324,-0.016000000000000014,
159923,2022-11-11,1.653,1.652,1.669,1.602,1371.0,,4.171855541718552,2.8642590286425786,0.04599999999999982,
159923,2022-11-14,1.666,1.656,1.678,1.656,1501.0,,1.331719128329299,0.2421307506053271,0.0040000000000000036,
159923,2022-11-15,1.65,1.688,1.692,1.65,212.0,,2.5362318840579734,1.9323671497584558,0.03200000000000003,
159923,2022-11-16,1.688,1.678,1.692,1.678,1908.0,,0.829383886255925,-0.592417061611375,-0.010000000000000009,
159923,2022-11-17,1.664,1.659,1.668,1.65,1180.0,,1.0727056019070333,-1.1323003575685284,-0.018999999999999906,
159923,2022-11-18,1.664,1.666,1.678,1.664,1140.0,,0.8438818565400852,0.4219409282700358,0.006999999999999895,
159923,2022-11-21,1.666,1.648,1.666,1.632,127.0,,2.040816326530614,-1.0804321728691486,-0.018000000000000016,
159923,2022-11-22,1.642,1.64,1.66,1.64,395.0,,1.21359223300971,-0.48543689320388395,-0.008000000000000007,
159923,2022-11-23,1.646,1.64,1.646,1.64,77.0,,0.36585365853658575,0.0,0.0,
159923,2022-11-24,1.66,1.64,1.66,1.64,330.0,,1.2195121951219523,0.0,0.0,
159923,2022-11-25,1.64,1.65,1.65,1.635,306.0,,0.9146341463414575,0.6097560975609762,0.010000000000000009,
159923,2022-11-28,1.6,1.628,1.628,1.6,697.0,,1.696969696969685,-1.3333333333333346,-0.02200000000000002,
159923,2022-11-29,1.65,1.674,1.684,1.64,1803.0,,2.7027027027027053,2.825552825552828,0.04600000000000004,
159923,2022-11-30,1.673,1.674,1.683,1.67,600.0,,0.7765830346475582,0.0,0.0,
159923,2022-12-01,1.71,1.698,1.716,1.698,2727.0,,1.0752688172043021,1.4336917562724028,0.02400000000000002,
159923,2022-12-02,1.698,1.692,1.698,1.684,424.0,,0.8244994110718501,-0.3533568904593643,-0.006000000000000005,
159923,2022-12-05,1.74,1.716,1.74,1.702,4748.0,,2.2458628841607586,1.4184397163120581,0.02400000000000002,
159923,2022-12-06,1.716,1.728,1.759,1.678,1036.0,,4.720279720279718,0.6993006993006999,0.01200000000000001,
159923,2022-12-07,1.725,1.718,1.732,1.718,1202.0,,0.8101851851851858,-0.5787037037037042,-0.010000000000000009,
159923,2022-12-08,1.718,1.716,1.726,1.716,595.0,,0.5820721769499424,-0.11641443538998847,-0.0020000000000000018,
159923,2022-12-09,1.716,1.734,1.765,1.705,443.0,,3.496503496503487,1.0489510489510498,0.018000000000000016,
159923,2022-12-12,1.732,1.726,1.738,1.712,1463.0,,1.4994232987312586,-0.46136101499423343,-0.008000000000000007,
159923,2022-12-13,1.726,1.716,1.726,1.714,1062.0,,0.6952491309385869,-0.5793742757821558,-0.010000000000000009,
159923,2022-12-14,1.72,1.728,1.728,1.706,630.0,,1.2820512820512833,0.6993006993006999,0.01200000000000001,
159923,2022-12-15,1.73,1.72,1.73,1.706,184.0,,1.3888888888888902,-0.46296296296296335,-0.008000000000000007,
159923,2022-12-16,1.71,1.718,1.749,1.71,414.0,,2.2674418604651247,-0.11627906976744197,-0.0020000000000000018,
159923,2022-12-19,1.722,1.694,1.724,1.692,775.0,,1.8626309662398155,-1.3969732246798614,-0.02400000000000002,
159923,2022-12-20,1.69,1.672,1.783,1.666,707.0,,6.90672963400236,-1.2987012987012998,-0.02200000000000002,
159923,2022-12-21,1.672,1.668,1.682,1.668,1396.0,,0.8373205741626801,-0.23923444976076574,-0.0040000000000000036,
159923,2022-12-22,1.694,1.674,1.694,1.674,622.0,,1.199040767386092,0.35971223021582766,0.006000000000000005,
159923,2022-12-23,1.664,1.664,1.682,1.627,338.0,,3.2855436081242493,-0.5973715651135012,-0.010000000000000009,
159923,2022-12-26,1.664,1.682,1.684,1.627,272.0,,3.425480769230766,1.0817307692307703,0.018000000000000016,
159923,2022-12-27,1.688,1.694,1.698,1.627,1022.0,,4.221165279429248,0.7134363852556487,0.01200000000000001,
159923,2022-12-28,1.69,1.69,1.69,1.69,18.0,,0.0,-0.2361275088547818,-0.0040000000000000036,
159923,2022-12-29,1.729,1.682,1.729,1.68,125.0,,2.899408284023678,-0.4733727810650892,-0.008000000000000007,
159923,2022-12-30,1.68,1.687,1.69,1.68,121.0,,0.5945303210463739,0.2972651605231936,0.0050000000000001155,
159923,2023-01-03,1.689,1.696,1.696,1.68,298.0,,0.9484291641967999,0.5334914048606934,0.008999999999999897,
159923,2023-01-04,1.696,1.688,1.698,1.631,235.0,,3.9504716981132044,-0.47169811320754756,-0.008000000000000007,
159923,2023-01-05,1.7,1.738,1.738,1.7,2740.0,,2.251184834123225,2.9620853080568748,0.050000000000000044,
159923,2023-01-06,1.736,1.738,1.76,1.736,1099.0,,1.3808975834292303,0.0,0.0,
159923,2023-01-09,1.752,1.758,1.758,1.75,1011.0,,0.4602991944764101,1.1507479861910253,0.020000000000000018,
159923,2023-01-10,1.751,1.76,1.775,1.751,1588.0,,1.3651877133105814,0.11376564277588179,0.0020000000000000018,
159923,2023-01-11,1.758,1.759,1.772,1.758,994.0,,0.7954545454545462,-0.05681818181818818,-0.001000000000000112,
159923,2023-01-12,1.764,1.757,1.765,1.756,825.0,,0.5116543490619612,-0.113700966458215,-0.0020000000000000018,
159923,2023-01-13,1.762,1.78,1.784,1.762,694.0,,1.2521343198634047,1.3090495162208384,0.02300000000000013,
159923,2023-01-16,1.784,1.808,1.85,1.784,1365.0,,3.7078651685393287,1.57303370786517,0.028000000000000025,
159923,2023-01-17,1.816,1.8,1.816,1.8,1487.0,,0.8849557522123901,-0.44247787610619504,-0.008000000000000007,
159923,2023-01-18,1.806,1.81,1.816,1.802,145.0,,0.7777777777777785,0.555555555555556,0.010000000000000009,
159923,2023-01-19,1.81,1.816,1.82,1.797,923.0,,1.270718232044206,0.3314917127071826,0.006000000000000005,
159923,2023-01-20,1.822,1.832,1.836,1.822,1778.0,,0.7709251101321593,0.8810572687224677,0.016000000000000014,
159923,2023-01-30,1.868,1.84,1.874,1.837,3389.0,,2.019650655021842,0.436681222707424,0.008000000000000007,
159923,2023-01-31,1.84,1.822,1.842,1.818,1181.0,,1.3043478260869577,-0.9782608695652182,-0.018000000000000016,
159923,2023-02-01,1.825,1.84,1.84,1.82,1059.0,,1.097694840834249,0.9879253567508242,0.018000000000000016,
159923,2023-02-02,1.835,1.838,1.85,1.832,666.0,,0.9782608695652182,-0.10869565217391314,-0.0020000000000000018,
159923,2023-02-03,1.842,1.812,1.842,1.799,1839.0,,2.3394994559303672,-1.4145810663764973,-0.026000000000000023,
159923,2023-02-06,1.784,1.784,1.8,1.778,1095.0,,1.2141280353200894,-1.545253863134659,-0.028000000000000025,
159923,2023-02-07,1.804,1.789,1.804,1.789,776.0,,0.8408071748878994,0.2802690582959581,0.004999999999999893,
159923,2023-02-08,1.78,1.789,1.798,1.78,374.0,,1.0061486864169937,0.0,0.0,
159923,2023-02-09,1.78,1.808,1.808,1.78,1219.0,,1.5651201788708788,1.0620458356623885,0.019000000000000128,
159923,2023-02-10,1.797,1.796,1.802,1.788,78.0,,0.7743362831858414,-0.6637168141592926,-0.01200000000000001,
159923,2023-02-13,1.802,1.812,1.812,1.802,231.0,,0.5567928730512255,0.8908685968819607,0.016000000000000014,
159923,2023-02-14,1.808,1.8,1.808,1.796,219.0,,0.6622516556291397,-0.6622516556291397,-0.01200000000000001,
159923,2023-02-15,1.802,1.794,1.802,1.794,219.0,,0.4444444444444448,-0.3333333333333336,-0.006000000000000005,
159923,2023-02-16,1.808,1.792,1.822,1.774,976.0,,2.6755852842809387,-0.11148272017837246,-0.0020000000000000018,
159923,2023-02-17,1.792,1.762,1.792,1.761,872.0,,1.729910714285722,-1.6741071428571441,-0.030000000000000027,
159923,2023-02-20,1.764,1.806,1.807,1.762,1596.0,,2.5539160045402913,2.497162315550513,0.04400000000000004,
159923,2023-02-21,1.806,1.808,1.814,1.8,545.0,,0.7751937984496131,0.11074197120708759,0.0020000000000000018,
159923,2023-02-22,1.798,1.792,1.802,1.79,965.0,,0.6637168141592926,-0.8849557522123901,-0.016000000000000014,
159923,2023-02-23,1.802,1.786,1.802,1.784,315.0,,1.0044642857142867,-0.3348214285714289,-0.006000000000000005,
159923,2023-02-24,1.787,1.772,1.787,1.768,393.0,,1.0638297872340374,-0.78387458006719,-0.014000000000000012,
159923,2023-02-27,1.766,1.762,1.769,1.758,1202.0,,0.6207674943566535,-0.5643340857787815,-0.010000000000000009,
159923,2023-02-28,1.772,1.77,1.772,1.756,61.0,,0.9080590238365502,0.4540295119182751,0.008000000000000007,
159923,2023-03-01,1.786,1.8,1.804,1.782,1208.0,,1.2429378531073458,1.6949152542372896,0.030000000000000027,
159923,2023-03-02,1.798,1.79,1.802,1.79,1618.0,,0.6666666666666672,-0.555555555555556,-0.010000000000000009,
159923,2023-03-03,1.8,1.802,1.802,1.79,428.0,,0.6703910614525146,0.6703910614525146,0.01200000000000001,
159923,2023-03-06,1.802,1.786,1.802,1.778,697.0,,1.3318534961154285,-0.8879023307436189,-0.016000000000000014,
159923,2023-03-07,1.786,1.758,1.79,1.743,1509.0,,2.6315789473684172,-1.56774916013438,-0.028000000000000025,
159923,2023-03-08,1.756,1.756,1.758,1.748,1396.0,,0.568828213879409,-0.11376564277588179,-0.0020000000000000018,
159923,2023-03-09,1.752,1.756,1.762,1.752,440.0,,0.5694760820045562,0.0,0.0,
159923,2023-03-10,1.74,1.73,1.742,1.73,2155.0,,0.6833712984054676,-1.4806378132118465,-0.026000000000000023,
159923,2023-03-13,1.74,1.752,1.752,1.738,1019.0,,0.8092485549132956,1.2716763005780358,0.02200000000000002,
159923,2023-03-14,1.729,1.78,1.789,1.715,806.0,,4.223744292237433,1.5981735159817365,0.028000000000000025,
159923,2023-03-15,1.76,1.744,1.76,1.741,1941.0,,1.0674157303370733,-2.022471910112361,-0.03600000000000003,
159923,2023-03-16,1.741,1.718,1.741,1.718,856.0,,1.3188073394495488,-1.4908256880733959,-0.026000000000000023,
159923,2023-03-17,1.718,1.726,1.748,1.718,2280.0,,1.746216530849827,0.4656577415599539,0.008000000000000007,
159923,2023-03-20,1.728,1.716,1.732,1.716,622.0,,0.9269988412514493,-0.5793742757821558,-0.010000000000000009,
159923,2023-03-21,1.73,1.738,1.738,1.722,648.0,,0.9324009324009332,1.2820512820512833,0.02200000000000002,
159923,2023-03-22,1.752,1.748,1.752,1.74,166.0,,0.6904487917146152,0.5753739930955126,0.010000000000000009,
159923,2023-03-23,1.752,1.755,1.756,1.727,1250.0,,1.6590389016018257,0.4004576659038842,0.006999999999999895,
159923,2023-03-24,1.752,1.752,1.752,1.746,971.0,,0.34188034188034216,-0.17094017094016478,-0.0029999999999998916,
159923,2023-03-27,1.74,1.748,1.748,1.738,132.0,,0.570776255707763,-0.22831050228310523,-0.0040000000000000036,
159923,2023-03-28,1.74,1.736,1.742,1.736,190.0,,0.3432494279176205,-0.686498855835241,-0.01200000000000001,
159923,2023-03-29,1.742,1.74,1.746,1.739,843.0,,0.4032258064516069,0.23041474654377903,0.0040000000000000036,
159923,2023-03-30,1.735,1.752,1.752,1.735,44.0,,0.977011494252868,0.6896551724137937,0.01200000000000001,
159923,2023-03-31,1.76,1.76,1.762,1.758,649.0,,0.22831050228310523,0.45662100456621046,0.008000000000000007,
159923,2023-04-03,1.764,1.774,1.776,1.76,1527.0,,0.90909090909091,0.7954545454545462,0.014000000000000012,
159923,2023-04-04,1.771,1.772,1.772,1.765,425.0,,0.3945885005637044,-0.11273957158962807,-0.0020000000000000018,
159923,2023-04-06,1.828,1.77,1.828,1.762,687.0,,3.7246049661399585,-0.1128668171557563,-0.0020000000000000018,
159923,2023-04-07,1.782,1.788,1.792,1.76,1099.0,,1.8079096045197756,1.016949152542374,0.018000000000000016,
159923,2023-04-10,1.79,1.786,1.792,1.786,158.0,,0.335570469798658,-0.11185682326621935,-0.0020000000000000018,
159923,2023-04-11,1.786,1.778,1.786,1.776,150.0,,0.5599104143337071,-0.44792833146696565,-0.008000000000000007,
159923,2023-04-12,1.78,1.784,1.786,1.78,384.0,,0.3374578177727787,0.3374578177727787,0.006000000000000005,
159923,2023-04-13,1.77,1.767,1.778,1.767,151.0,,0.6165919282511279,-0.9529147982062851,-0.017000000000000126,
159923,2023-04-14,1.776,1.784,1.786,1.776,155.0,,0.5659309564233169,0.962082625919645,0.017000000000000126,
159923,2023-04-17,1.786,1.802,1.802,1.786,140.0,,0.896860986547086,1.0089686098654718,0.018000000000000016,
159923,2023-04-18,1.806,1.806,1.811,1.8,1110.0,,0.6104328523862319,0.22197558268590473,0.0040000000000000036,
159923,2023-04-19,1.796,1.79,1.802,1.79,24.0,,0.6644518272425255,-0.8859357696567007,-0.016000000000000014,
159923,2023-04-20,1.812,1.78,1.812,1.778,575.0,,1.8994413407821247,-0.5586592178770954,-0.010000000000000009,
159923,2023-04-21,1.78,1.748,1.78,1.748,2544.0,,1.7977528089887655,-1.7977528089887655,-0.03200000000000003,
159923,2023-04-24,1.744,1.722,1.744,1.722,2173.0,,1.2585812356979416,-1.4874141876430218,-0.026000000000000023,
159923,2023-04-25,1.723,1.714,1.723,1.705,338.0,,1.0452961672473877,-0.46457607433217235,-0.008000000000000007,
159923,2023-04-26,1.714,1.724,1.726,1.712,437.0,,0.8168028004667451,0.5834305717619609,0.010000000000000009,
159923,2023-04-27,1.718,1.732,1.738,1.718,655.0,,1.1600928074245949,0.464037122969838,0.008000000000000007,
159923,2023-04-28,1.746,1.75,1.75,1.742,809.0,,0.46189376443418056,1.0392609699769062,0.018000000000000016,
159923,2023-05-04,1.75,1.74,1.75,1.734,45.0,,0.914285714285715,-0.571428571428572,-0.010000000000000009,
159923,2023-05-05,1.736,1.73,1.736,1.722,1164.0,,0.804597701149426,-0.5747126436781614,-0.010000000000000009,
159923,2023-05-08,1.738,1.743,1.746,1.738,1227.0,,0.46242774566474026,0.7514450867052094,0.013000000000000123,
159923,2023-05-09,1.747,1.73,1.75,1.73,354.0,,1.1474469305794617,-0.7458405048766564,-0.013000000000000123,
159923,2023-05-10,1.73,1.722,1.73,1.72,383.0,,0.5780346820809253,-0.46242774566474026,-0.008000000000000007,
159923,2023-05-11,1.728,1.724,1.728,1.724,136.0,,0.23228803716608618,0.11614401858304309,0.0020000000000000018,
159923,2023-05-12,1.715,1.702,1.715,1.701,685.0,,0.8120649651972165,-1.2761020881670546,-0.02200000000000002,
159923,2023-05-15,1.702,1.726,1.726,1.702,346.0,,1.4101057579318461,1.4101057579318461,0.02400000000000002,
159923,2023-05-16,1.721,1.717,1.724,1.717,216.0,,0.40556199304750257,-0.5214368482039338,-0.008999999999999897,
159923,2023-05-17,1.717,1.706,1.717,1.706,182.0,,0.6406523005241771,-0.6406523005241771,-0.01100000000000012,
159923,2023-05-18,1.714,1.708,1.714,1.708,20.0,,0.35169988276670605,0.11723329425556868,0.0020000000000000018,
159923,2023-05-19,1.7,1.704,1.712,1.7,112.0,,0.7025761124121785,-0.2341920374707262,-0.0040000000000000036,
159923,2023-05-22,1.704,1.716,1.718,1.704,163.0,,0.8215962441314562,0.7042253521126767,0.01200000000000001,
159923,2023-05-23,1.71,1.69,1.712,1.69,142.0,,1.2820512820512833,-1.5151515151515165,-0.026000000000000023,
159923,2023-05-24,1.69,1.672,1.69,1.672,172.0,,1.0650887573964507,-1.0650887573964507,-0.018000000000000016,
159923,2023-05-25,1.667,1.664,1.667,1.653,510.0,,0.8373205741626801,-0.4784688995215315,-0.008000000000000007,
159923,2023-05-26,1.65,1.66,1.66,1.646,123.0,,0.8413461538461546,-0.2403846153846156,-0.0040000000000000036,
159923,2023-05-29,1.658,1.644,1.658,1.644,157.0,,0.8433734939759043,-0.963855421686748,-0.016000000000000014,
159923,2023-05-30,1.652,1.647,1.652,1.63,1050.0,,1.3381995133819964,0.18248175182482446,0.0030000000000001137,
159923,2023-05-31,1.645,1.634,1.645,1.629,177.0,,0.9714632665452347,-0.7893139040680098,-0.013000000000000123,
159923,2023-06-01,1.648,1.648,1.656,1.646,918.0,,0.6119951040391682,0.8567931456548356,0.014000000000000012,
159923,2023-06-02,1.654,1.674,1.674,1.654,334.0,,1.21359223300971,1.5776699029126227,0.026000000000000023,
159923,2023-06-05,1.674,1.656,1.674,1.656,2151.0,,1.0752688172043021,-1.0752688172043021,-0.018000000000000016,
159923,2023-06-06,1.66,1.648,1.66,1.648,88.0,,0.724637681159421,-0.48309178743961395,-0.008000000000000007,
159923,2023-06-07,1.648,1.638,1.648,1.638,1046.0,,0.606796116504855,-0.606796116504855,-0.010000000000000009,
159923,2023-06-08,1.642,1.654,1.654,1.642,4205.0,,0.7326007326007333,0.9768009768009777,0.016000000000000014,
159923,2023-06-09,1.654,1.658,1.66,1.652,899.0,,0.4836759371221287,0.24183796856106435,0.0040000000000000036,
159923,2023-06-12,1.654,1.67,1.671,1.654,479.0,,1.0253317249698508,0.7237635705669488,0.01200000000000001,
159923,2023-06-13,1.666,1.676,1.676,1.663,192.0,,0.7784431137724492,0.35928143712574884,0.006000000000000005,
159923,2023-06-14,1.71,1.678,1.71,1.674,2120.0,,2.1479713603818635,0.11933174224343687,0.0020000000000000018,
159923,2023-06-15,1.682,1.702,1.704,1.682,1009.0,,1.3110846245530405,1.4302741358760442,0.02400000000000002,
159923,2023-06-16,1.716,1.732,1.732,1.714,1488.0,,1.0575793184488846,1.7626321974148078,0.030000000000000027,
159923,2023-06-19,1.732,1.71,1.732,1.708,859.0,,1.3856812933025418,-1.2702078521939966,-0.02200000000000002,
159923,2023-06-20,1.714,1.712,1.716,1.706,7472.0,,0.5847953216374274,0.11695906432748548,0.0020000000000000018,
159923,2023-06-21,1.706,1.678,1.706,1.678,1387.0,,1.6355140186915904,-1.985981308411217,-0.03400000000000003,
159923,2023-06-26,1.664,1.66,1.666,1.658,148.0,,0.4767580452920147,-1.0727056019070333,-0.018000000000000016,
159923,2023-06-27,1.662,1.711,1.711,1.662,640.0,,2.9518072289156723,3.0722891566265154,0.051000000000000156,
159923,2023-06-28,1.673,1.674,1.676,1.662,1064.0,,0.8182349503214501,-2.1624780829924104,-0.037000000000000144,
159923,2023-06-29,1.674,1.672,1.674,1.666,328.0,,0.47789725209080086,-0.11947431302270022,-0.0020000000000000018,
159923,2023-06-30,1.668,1.682,1.682,1.668,471.0,,0.8373205741626801,0.5980861244019144,0.010000000000000009,
159923,2023-07-03,1.682,1.691,1.692,1.682,857.0,,0.5945303210463739,0.5350772889417431,0.009000000000000119,
159923,2023-07-04,1.694,1.696,1.698,1.69,3530.0,,0.47309284447072775,0.2956830277941983,0.004999999999999893,
159923,2023-07-05,1.696,1.688,1.696,1.682,1499.0,,0.8254716981132082,-0.47169811320754756,-0.008000000000000007,
159923,2023-07-06,1.684,1.672,1.688,1.672,227.0,,0.9478672985782,-0.9478672985782,-0.016000000000000014,
159923,2023-07-07,1.666,1.666,1.67,1.662,1488.0,,0.4784688995215315,-0.3588516746411487,-0.006000000000000005,
159923,2023-07-10,1.672,1.678,1.686,1.672,611.0,,0.8403361344537823,0.7202881152460991,0.01200000000000001,
159923,2023-07-11,1.678,1.684,1.688,1.678,298.0,,0.5959475566150184,0.35756853396901106,0.006000000000000005,
159923,2023-07-12,1.686,1.684,1.688,1.682,321.0,,0.35629453681710244,0.0,0.0,
159923,2023-07-13,1.694,1.701,1.704,1.694,1914.0,,0.5938242280285042,1.0095011876484636,0.017000000000000126,
159923,2023-07-14,1.704,1.704,1.708,1.704,881.0,,0.23515579071134649,0.1763668430335033,0.0029999999999998916,
159923,2023-07-17,1.694,1.688,1.694,1.686,120.0,,0.4694835680751178,-0.9389671361502356,-0.016000000000000014,
159923,2023-07-18,1.682,1.685,1.692,1.681,204.0,,0.6516587677725059,-0.17772511848340591,-0.0029999999999998916,
159923,2023-07-19,1.69,1.686,1.69,1.68,156.0,,0.5934718100890213,0.059347181008895536,0.0009999999999998899,
159923,2023-07-20,1.69,1.674,1.698,1.672,1111.0,,1.5421115065243194,-0.7117437722419936,-0.01200000000000001,
159923,2023-07-21,1.671,1.678,1.686,1.668,639.0,,1.0752688172043021,0.23894862604540043,0.0040000000000000036,
159923,2023-07-24,1.67,1.662,1.67,1.66,166.0,,0.5959475566150184,-0.9535160905840294,-0.016000000000000014,
159923,2023-07-25,1.659,1.718,1.718,1.659,1405.0,,3.5499398315282757,3.3694344163658276,0.05600000000000005,
159923,2023-07-26,1.71,1.708,1.71,1.705,519.0,,0.2910360884749647,-0.5820721769499424,-0.010000000000000009,
159923,2023-07-27,1.714,1.712,1.72,1.71,659.0,,0.5854800936768155,0.2341920374707262,0.0040000000000000036,
159923,2023-07-28,1.71,1.748,1.748,1.71,798.0,,2.219626168224301,2.102803738317759,0.03600000000000003,
159923,2023-07-31,1.759,1.75,1.776,1.748,542.0,,1.6018306636155621,0.11441647597254015,0.0020000000000000018,
159923,2023-08-01,1.752,1.742,1.756,1.742,229.0,,0.8000000000000007,-0.4571428571428575,-0.008000000000000007,
159923,2023-08-02,1.743,1.74,1.743,1.74,15.0,,0.1722158438576414,-0.11481056257175672,-0.0020000000000000018,
159923,2023-08-03,1.736,1.752,1.752,1.732,183.0,,1.1494252873563229,0.6896551724137937,0.01200000000000001,
159923,2023-08-04,1.752,1.754,1.772,1.752,911.0,,1.141552511415526,0.11415525114155262,0.0020000000000000018,
159923,2023-08-07,1.746,1.742,1.746,1.74,136.0,,0.3420752565564427,-0.6841505131128854,-0.01200000000000001,
159923,2023-08-08,1.736,1.736,1.736,1.736,2.0,,0.0,-0.3444316877152701,-0.006000000000000005,
159923,2023-08-09,1.736,1.73,1.738,1.73,156.0,,0.46082949308755805,-0.34562211981566854,-0.006000000000000005,
159923,2023-08-10,1.73,1.736,1.736,1.728,126.0,,0.46242774566474026,0.34682080924855524,0.006000000000000005,
159923,2023-08-11,1.729,1.7,1.729,1.7,369.0,,1.6705069124424043,-2.073732718894011,-0.03600000000000003,
159923,2023-08-14,1.696,1.688,1.696,1.67,738.0,,1.5294117647058838,-0.7058823529411771,-0.01200000000000001,
159923,2023-08-15,1.681,1.68,1.685,1.668,2059.0,,1.0071090047393438,-0.4739336492891,-0.008000000000000007,
159923,2023-08-16,1.674,1.663,1.677,1.663,1442.0,,0.8333333333333341,-1.0119047619047563,-0.016999999999999904,
159923,2023-08-17,1.66,1.675,1.675,1.657,625.0,,1.0823812387251963,0.7215874924834642,0.01200000000000001,
159923,2023-08-18,1.671,1.65,1.671,1.65,518.0,,1.25373134328359,-1.4925373134328437,-0.025000000000000133,
159923,2023-08-21,1.65,1.635,1.653,1.635,2006.0,,1.090909090909092,-0.9090909090909032,-0.014999999999999902,
159923,2023-08-22,1.646,1.646,1.65,1.62,2334.0,,1.8348623853210888,0.6727828746177308,0.010999999999999899,
159923,2023-08-23,1.638,1.614,1.638,1.614,698.0,,1.4580801944106805,-1.9441069258809118,-0.031999999999999806,
159923,2023-08-24,1.623,1.633,1.641,1.622,1907.0,,1.177199504337045,1.177199504337045,0.018999999999999906,
159923,2023-08-25,1.621,1.623,1.625,1.616,863.0,,0.551132884262088,-0.6123698714023276,-0.010000000000000009,
159923,2023-08-28,1.677,1.653,1.73,1.648,4536.0,,5.052372150338883,1.8484288354898353,0.030000000000000027,
159923,2023-08-29,1.654,1.671,1.69,1.654,661.0,,2.177858439201454,1.088929219600727,0.018000000000000016,
159923,2023-08-30,1.671,1.673,1.683,1.667,4075.0,,0.9575104727707968,0.1196888090963496,0.0020000000000000018,
159923,2023-08-31,1.669,1.663,1.676,1.661,541.0,,0.896592946802146,-0.5977286312014352,-0.010000000000000009,
159923,2023-09-01,1.663,1.672,1.68,1.663,160.0,,1.022248947684901,0.5411906193625915,0.008999999999999897,
159923,2023-09-04,1.726,1.698,1.726,1.681,666.0,,2.6913875598086086,1.5550239234449776,0.026000000000000023,
159923,2023-09-05,1.697,1.682,1.697,1.682,302.0,,0.8833922261484172,-0.9422850412249714,-0.016000000000000014,
159923,2023-09-06,1.682,1.68,1.682,1.674,165.0,,0.4756242568370992,-0.1189060642092748,-0.0020000000000000018,
159923,2023-09-07,1.663,1.655,1.663,1.654,83.0,,0.5357142857142928,-1.4880952380952328,-0.02499999999999991,
159923,2023-09-08,1.673,1.643,1.673,1.64,152.0,,1.993957703927501,-0.725075528700907,-0.01200000000000001,
159923,2023-09-11,1.644,1.665,1.73,1.644,173.0,,5.23432744978698,1.3390139987827157,0.02200000000000002,
159923,2023-09-12,1.64,1.653,1.742,1.64,137.0,,6.126126126126132,-0.7207207207207214,-0.01200000000000001,
159923,2023-09-13,1.638,1.639,1.642,1.634,148.0,,0.48396854204476747,-0.8469449485783431,-0.014000000000000012,
159923,2023-09-14,1.648,1.638,1.648,1.636,663.0,,0.7321537522879811,-0.061012812690671867,-0.001000000000000112,
159923,2023-09-15,1.637,1.624,1.637,1.624,945.0,,0.7936507936507877,-0.8547008547008419,-0.01399999999999979,
159923,2023-09-18,1.646,1.64,1.646,1.637,374.0,,0.5541871921182202,0.9852216748768344,0.015999999999999792,
159923,2023-09-19,1.63,1.632,1.638,1.63,132.0,,0.4878048780487809,-0.4878048780487809,-0.008000000000000007,
159923,2023-09-20,1.632,1.629,1.632,1.628,429.0,,0.2450980392156865,-0.18382352941175806,-0.0029999999999998916,
159923,2023-09-21,1.618,1.614,1.62,1.613,1762.0,,0.42971147943524357,-0.9208103130755004,-0.014999999999999902,
159923,2023-09-22,1.614,1.653,1.655,1.614,633.0,,2.5402726146220522,2.416356877323415,0.038999999999999924,
159923,2023-09-25,1.639,1.63,1.639,1.63,45.0,,0.5444646098003701,-1.3914095583787134,-0.02300000000000013,
159923,2023-09-26,1.644,1.628,1.644,1.628,88.0,,0.9815950920245408,-0.1226993865030676,-0.0020000000000000018,
159923,2023-09-27,1.626,1.63,1.63,1.625,912.0,,0.3071253071253006,0.12285012285012298,0.0020000000000000018,
159923,2023-09-28,1.62,1.618,1.622,1.618,354.0,,0.2453987730061352,-0.736196319018392,-0.011999999999999789,
159923,2023-10-09,1.605,1.618,1.618,1.598,802.0,,1.2360939431396796,0.0,0.0,
159923,2023-10-10,1.617,1.609,1.618,1.609,208.0,,0.5562422744128627,-0.5562422744128627,-0.009000000000000119,
159923,2023-10-11,1.619,1.612,1.619,1.612,58.0,,0.4350528278433745,0.18645121193288464,0.0030000000000001137,
159923,2023-10-12,1.622,1.627,1.629,1.622,323.0,,0.4342431761786535,0.9305210918114083,0.014999999999999902,
159923,2023-10-13,1.621,1.607,1.621,1.603,406.0,,1.1063306699446844,-1.2292562999385384,-0.020000000000000018,
159923,2023-10-16,1.606,1.59,1.606,1.589,616.0,,1.057871810827637,-1.057871810827623,-0.016999999999999904,
159923,2023-10-17,1.593,1.591,1.597,1.591,127.0,,0.37735849056603804,0.06289308176099936,0.0009999999999998899,
159923,2023-10-18,1.58,1.582,1.588,1.578,2492.0,,0.628535512256443,-0.5656819610307917,-0.008999999999999897,
159923,2023-10-19,1.566,1.55,1.569,1.532,793.0,,2.338811630847024,-2.0227560050568916,-0.03200000000000003,
159923,2023-10-20,1.548,1.536,1.548,1.533,885.0,,0.967741935483879,-0.9032258064516137,-0.014000000000000012,
159923,2023-10-23,1.529,1.513,1.535,1.513,445.0,,1.4322916666666679,-1.497395833333342,-0.02300000000000013,
159923,2023-10-24,1.521,1.522,1.53,1.518,379.0,,0.7931262392597496,0.5948446794448196,0.009000000000000119,
159923,2023-10-25,1.529,1.538,1.551,1.529,1114.0,,1.4454664914586084,1.0512483574244424,0.016000000000000014,
159923,2023-10-26,1.524,1.536,1.536,1.52,495.0,,1.0403120936280894,-0.13003901170351118,-0.0020000000000000018,
159923,2023-10-27,1.532,1.562,1.567,1.532,944.0,,2.278645833333328,1.692708333333335,0.026000000000000023,
159923,2023-10-30,1.55,1.576,1.577,1.55,1540.0,,1.7285531370038358,0.8962868117797703,0.014000000000000012,
159923,2023-10-31,1.563,1.566,1.568,1.557,876.0,,0.6979695431472157,-0.6345177664974624,-0.010000000000000009,
159923,2023-11-01,1.566,1.566,1.57,1.565,598.0,,0.31928480204343007,0.0,0.0,
159923,2023-11-02,1.577,1.559,1.58,1.559,744.0,,1.3409961685823837,-0.4469987228607993,-0.007000000000000117,
159923,2023-11-03,1.559,1.577,1.577,1.559,654.0,,1.1545862732520857,1.1545862732520857,0.018000000000000016,
159923,2023-11-06,1.578,1.6,1.601,1.578,2333.0,,1.4584654407102036,1.4584654407102176,0.02300000000000013,
159923,2023-11-07,1.59,1.59,1.593,1.545,1939.0,,3.0000000000000027,-0.6250000000000006,-0.010000000000000009,
159923,2023-11-08,1.595,1.587,1.595,1.58,399.0,,0.9433962264150882,-0.18867924528302601,-0.0030000000000001137,
159923,2023-11-09,1.588,1.582,1.588,1.581,34.0,,0.44108380592313273,-0.3150598613736543,-0.004999999999999893,
159923,2023-11-10,1.568,1.574,1.598,1.568,1148.0,,1.8963337547408359,-0.5056890012642229,-0.008000000000000007,
159923,2023-11-13,1.568,1.568,1.603,1.563,577.0,,2.5412960609911073,-0.38119440914866615,-0.006000000000000005,
159923,2023-11-14,1.577,1.564,1.577,1.561,1530.0,,1.0204081632653068,-0.2551020408163267,-0.0040000000000000036,
159923,2023-11-15,1.582,1.575,1.6,1.575,2411.0,,1.5984654731457886,0.7033248081841368,0.010999999999999899,
159923,2023-11-16,1.565,1.562,1.565,1.525,882.0,,2.539682539682542,-0.825396825396819,-0.0129999999999999,
159923,2023-11-17,1.534,1.557,1.599,1.534,1540.0,,4.161331626120355,-0.3201024327784965,-0.0050000000000001155,
159923,2023-11-20,1.554,1.582,1.582,1.547,2251.0,,2.247912652536939,1.6056518946692442,0.025000000000000133,
159923,2023-11-21,1.629,1.574,1.629,1.56,1658.0,,4.361567635903916,-0.5056890012642229,-0.008000000000000007,
159923,2023-11-22,1.564,1.546,1.564,1.546,1673.0,,1.1435832274459985,-1.778907242693775,-0.028000000000000025,
159923,2023-11-23,1.532,1.554,1.564,1.532,1607.0,,2.0698576972833136,0.5174644243208284,0.008000000000000007,
159923,2023-11-24,1.547,1.541,1.551,1.539,1242.0,,0.7722007722007729,-0.8365508365508444,-0.013000000000000123,
159923,2023-11-27,1.541,1.529,1.541,1.521,2030.0,,1.2978585334198585,-0.7787151200519151,-0.01200000000000001,
159923,2023-11-28,1.544,1.53,1.56,1.529,1351.0,,2.0274689339437635,0.0654022236756123,0.001000000000000112,
159923,2023-11-29,1.524,1.52,1.525,1.519,244.0,,0.39215686274509837,-0.6535947712418306,-0.010000000000000009,
159923,2023-11-30,1.528,1.525,1.53,1.525,148.0,,0.3289473684210602,0.3289473684210456,0.004999999999999893,
159923,2023-12-01,1.52,1.545,1.545,1.509,1301.0,,2.36065573770492,1.3114754098360668,0.020000000000000018,
159923,2023-12-04,1.545,1.56,1.574,1.515,982.0,,3.818770226537228,0.9708737864077751,0.015000000000000124,
159923,2023-12-05,1.56,1.548,1.56,1.51,553.0,,3.2051282051282075,-0.7692307692307698,-0.01200000000000001,
159923,2023-12-06,1.548,1.523,1.549,1.495,982.0,,3.4883720930232447,-1.6149870801033677,-0.025000000000000133,
159923,2023-12-07,1.535,1.534,1.548,1.534,802.0,,0.9192383453709793,0.7222586999343481,0.01100000000000012,
159923,2023-12-08,1.501,1.51,1.532,1.487,19457.0,,2.9335071707953015,-1.5645371577574982,-0.02400000000000002,
159923,2023-12-11,1.505,1.493,1.505,1.459,8223.0,,3.0463576158940278,-1.1258278145695302,-0.016999999999999904,
159923,2023-12-12,1.503,1.49,1.503,1.46,2526.0,,2.8801071667782936,-0.20093770931012148,-0.0030000000000001137,
159923,2023-12-13,1.486,1.466,1.486,1.466,513.0,,1.342281879194632,-1.6107382550335587,-0.02400000000000002,
159923,2023-12-14,1.46,1.478,1.481,1.46,1600.0,,1.4324693042292038,0.8185538881309694,0.01200000000000001,
159923,2023-12-15,1.48,1.459,1.48,1.456,1030.0,,1.623815967523682,-1.2855209742895741,-0.018999999999999906,
159923,2023-12-18,1.46,1.45,1.465,1.448,376.0,,1.1651816312542922,-0.6168608636052172,-0.009000000000000119,
159923,2023-12-19,1.45,1.448,1.474,1.448,362.0,,1.7931034482758637,-0.13793103448275873,-0.0020000000000000018,
159923,2023-12-20,1.452,1.443,1.452,1.443,1432.0,,0.6215469613259597,-0.3453038674033076,-0.004999999999999893,
159923,2023-12-21,1.44,1.463,1.465,1.44,1886.0,,1.7325017325017418,1.3860013860013871,0.020000000000000018,
159923,2023-12-22,1.461,1.472,1.475,1.455,1583.0,,1.3670539986329473,0.6151742993848186,0.008999999999999897,
159923,2023-12-25,1.471,1.468,1.471,1.46,1534.0,,0.7472826086956603,-0.27173913043478287,-0.0040000000000000036,
159923,2023-12-26,1.461,1.452,1.461,1.452,149.0,,0.6130790190735775,-1.0899182561307912,-0.016000000000000014,
159923,2023-12-27,1.458,1.465,1.468,1.457,955.0,,0.7575757575757507,0.895316804407722,0.013000000000000123,
159923,2023-12-28,1.47,1.503,1.508,1.47,3258.0,,2.5938566552901046,2.5938566552900895,0.03799999999999981,
159923,2023-12-29,1.533,1.507,1.533,1.497,1162.0,,2.395209580838311,0.2661343978709251,0.0040000000000000036,
159923,2024-01-02,1.499,1.479,1.499,1.479,724.0,,1.3271400132714015,-1.8579960185799473,-0.027999999999999803,
159923,2024-01-03,1.473,1.472,1.473,1.464,1026.0,,0.6085192697768842,-0.47329276538202275,-0.007000000000000117,
159923,2024-01-04,1.47,1.462,1.499,1.454,382.0,,3.057065217391315,-0.6793478260869571,-0.010000000000000009,
159923,2024-01-05,1.465,1.454,1.472,1.451,1162.0,,1.4363885088919226,-0.5471956224350211,-0.008000000000000007,
159923,2024-01-08,1.44,1.436,1.444,1.435,1002.0,,0.6189821182943533,-1.237964236588722,-0.018000000000000016,
159923,2024-01-09,1.441,1.443,1.446,1.438,3154.0,,0.5571030640668528,0.487465181058504,0.007000000000000117,
159923,2024-01-10,1.437,1.436,1.451,1.422,461.0,,2.009702009702019,-0.4851004851004932,-0.007000000000000117,
159923,2024-01-11,1.437,1.446,1.453,1.431,772.0,,1.5320334261838455,0.6963788300835662,0.010000000000000009,
159923,2024-01-12,1.446,1.441,1.45,1.441,115.0,,0.6224066390041423,-0.345781466113409,-0.004999999999999893,
159923,2024-01-15,1.44,1.434,1.446,1.431,597.0,,1.0409437890353852,-0.48577376821652446,-0.007000000000000117,
159923,2024-01-16,1.441,1.449,1.449,1.436,768.0,,0.9065550906555176,1.0460251046025193,0.015000000000000124,
159923,2024-01-17,1.441,1.415,1.441,1.415,1674.0,,1.794340924775709,-2.346445824706696,-0.03400000000000003,
159923,2024-01-18,1.406,1.441,1.441,1.393,4791.0,,3.3922261484098972,1.8374558303886943,0.026000000000000023,
159923,2024-01-19,1.441,1.436,1.441,1.401,2959.0,,2.7758501040943813,-0.3469812630118054,-0.0050000000000001155,
159923,2024-01-22,1.431,1.42,1.442,1.404,923.0,,2.646239554317551,-1.1142061281337057,-0.016000000000000014,
159923,2024-01-23,1.413,1.424,1.43,1.395,1193.0,,2.4647887323943607,0.2816901408450707,0.0040000000000000036,
159923,2024-01-24,1.424,1.442,1.442,1.408,2111.0,,2.3876404494382046,1.264044943820226,0.018000000000000016,
159923,2024-01-25,1.437,1.466,1.468,1.437,4272.0,,2.1497919556171925,1.6643550624133165,0.02400000000000002,
159923,2024-01-26,1.457,1.459,1.462,1.453,767.0,,0.6139154160982194,-0.47748976807639126,-0.006999999999999895,
159923,2024-01-29,1.46,1.442,1.46,1.414,2643.0,,3.1528444139821823,-1.1651816312542922,-0.017000000000000126,
159923,2024-01-30,1.434,1.412,1.434,1.412,1011.0,,1.5256588072122066,-2.0804438280166453,-0.030000000000000027,
159923,2024-01-31,1.417,1.406,1.417,1.398,1926.0,,1.3456090651558166,-0.42492917847025535,-0.006000000000000005,
159923,2024-02-01,1.405,1.413,1.423,1.398,1751.0,,1.7780938833570508,0.49786628733997995,0.007000000000000117,
159923,2024-02-02,1.399,1.396,1.417,1.363,3431.0,,3.821656050955417,-1.203113941967454,-0.017000000000000126,
159923,2024-02-05,1.399,1.407,1.42,1.365,3126.0,,3.939828080229222,0.7879656160458539,0.01100000000000012,
159923,2024-02-06,1.428,1.463,1.5,1.408,9097.0,,6.538734896943859,3.9800995024875654,0.05600000000000005,
159923,2024-02-07,1.465,1.471,1.471,1.448,2385.0,,1.572112098427897,0.5468215994531789,0.008000000000000007,
159923,2024-02-08,1.498,1.48,1.498,1.465,9355.0,,2.2433718558803477,0.6118286879673621,0.008999999999999897,
159923,2024-02-19,1.493,1.493,1.493,1.48,4066.0,,0.8783783783783867,0.8783783783783867,0.013000000000000123,
159923,2024-02-20,1.485,1.488,1.488,1.48,3394.0,,0.5358338914936374,-0.33489618218353084,-0.0050000000000001155,
159923,2024-02-21,1.462,1.508,1.527,1.462,5956.0,,4.3682795698924695,1.3440860215053776,0.020000000000000018,
159923,2024-02-22,1.48,1.517,1.517,1.48,862.0,,2.4535809018567587,0.5968169761273141,0.008999999999999897,
159923,2024-02-23,1.517,1.511,1.518,1.507,3504.0,,0.7251153592617087,-0.39551746868820076,-0.006000000000000005,
159923,2024-02-26,1.505,1.496,1.514,1.496,1821.0,,1.1912640635340845,-0.9927200529450632,-0.014999999999999902,
159923,2024-02-27,1.488,1.517,1.517,1.488,3544.0,,1.9385026737967856,1.4037433155080152,0.020999999999999908,
159923,2024-02-28,1.514,1.498,1.53,1.498,5834.0,,2.109426499670404,-1.252471984179295,-0.018999999999999906,
159923,2024-02-29,1.5,1.528,1.528,1.5,3515.0,,1.8691588785046744,2.002670226969294,0.030000000000000027,
159923,2024-03-01,1.522,1.535,1.535,1.522,4221.0,,0.8507853403141296,0.4581151832460664,0.006999999999999895,
159923,2024-03-04,1.53,1.538,1.539,1.53,3604.0,,0.5863192182410356,0.1954397394136882,0.0030000000000001137,
159923,2024-03-05,1.538,1.548,1.548,1.538,2706.0,,0.6501950585175559,0.6501950585175559,0.010000000000000009,
159923,2024-03-06,1.54,1.536,1.54,1.533,3838.0,,0.45219638242894816,-0.7751937984496131,-0.01200000000000001,
159923,2024-03-07,1.547,1.529,1.547,1.529,1337.0,,1.171875000000001,-0.45572916666667435,-0.007000000000000117,
159923,2024-03-08,1.524,1.539,1.539,1.524,3222.0,,0.9810333551340682,0.6540222367560503,0.010000000000000009,
159923,2024-03-11,1.535,1.555,1.555,1.535,3756.0,,1.299545159194283,1.0396361273554267,0.016000000000000014,
159923,2024-03-12,1.559,1.566,1.566,1.557,3150.0,,0.5787781350482392,0.7073954983922908,0.01100000000000012,
159923,2024-03-13,1.555,1.552,1.562,1.548,254.0,,0.8939974457215845,-0.8939974457215845,-0.014000000000000012,
159923,2024-03-14,1.56,1.539,1.56,1.539,1220.0,,1.353092783505163,-0.8376288659793893,-0.013000000000000123,
159923,2024-03-15,1.541,1.551,1.551,1.532,552.0,,1.2345679012345618,0.7797270955165699,0.01200000000000001,
159923,2024-03-18,1.547,1.558,1.558,1.547,1500.0,,0.7092198581560362,0.4513217279174802,0.007000000000000117,
159923,2024-03-19,1.549,1.55,1.566,1.549,597.0,,1.0911424903722802,-0.5134788189987167,-0.008000000000000007,
159923,2024-03-20,1.545,1.559,1.559,1.545,619.0,,0.9032258064516137,0.580645161290316,0.008999999999999897,
159923,2024-03-21,1.553,1.555,1.566,1.549,1483.0,,1.0904425914047549,-0.2565747273893524,-0.0040000000000000036,
159923,2024-03-22,1.545,1.537,1.545,1.528,955.0,,1.0932475884244313,-1.1575562700964641,-0.018000000000000016,
159923,2024-03-25,1.534,1.534,1.545,1.534,74.0,,0.7156798959010996,-0.19518542615484005,-0.0029999999999998916,
159923,2024-03-26,1.542,1.54,1.542,1.533,775.0,,0.5867014341590691,0.39113428943937456,0.006000000000000005,
159923,2024-03-27,1.532,1.524,1.533,1.524,2115.0,,0.5844155844155776,-1.0389610389610398,-0.016000000000000014,
159923,2024-03-28,1.534,1.535,1.542,1.534,224.0,,0.5249343832021002,0.7217847769028805,0.010999999999999899,
159923,2024-03-29,1.535,1.54,1.54,1.533,440.0,,0.4560260586319295,0.3257328990228089,0.0050000000000001155,
159923,2024-04-01,1.56,1.571,1.572,1.56,905.0,,0.7792207792207799,2.0129870129870073,0.030999999999999917,
159923,2024-04-02,1.571,1.56,1.571,1.555,1232.0,,1.0184595798854243,-0.700190961171222,-0.010999999999999899,
159923,2024-04-03,1.56,1.559,1.564,1.557,1820.0,,0.4487179487179562,-0.06410256410257127,-0.001000000000000112,
159923,2024-04-08,1.548,1.554,1.56,1.548,2328.0,,0.7697241821680572,-0.3207184092366833,-0.004999999999999893,
159923,2024-04-09,1.544,1.541,1.544,1.541,1753.0,,0.19305019305020035,-0.8365508365508444,-0.013000000000000123,
159923,2024-04-10,1.535,1.53,1.54,1.53,3200.0,,0.6489292667099292,-0.7138221933809149,-0.010999999999999899,
159923,2024-04-11,1.53,1.532,1.536,1.53,703.0,,0.39215686274509837,0.13071895424836613,0.0020000000000000018,
159923,2024-04-12,1.536,1.52,1.536,1.52,1812.0,,1.044386422976502,-0.7832898172323766,-0.01200000000000001,
159923,2024-04-15,1.531,1.549,1.557,1.528,1480.0,,1.9078947368420998,1.9078947368420998,0.028999999999999915,
159923,2024-04-16,1.546,1.537,1.553,1.533,3818.0,,1.291155584247903,-0.7746933505487419,-0.01200000000000001,
159923,2024-04-17,1.547,1.56,1.56,1.544,533.0,,1.040988939492519,1.496421600520503,0.02300000000000013,
159923,2024-04-18,1.555,1.561,1.572,1.553,188.0,,1.217948717948726,0.06410256410255705,0.0009999999999998899,
159923,2024-04-19,1.55,1.547,1.55,1.54,4069.0,,0.6406149903907757,-0.896860986547086,-0.014000000000000012,
159923,2024-04-22,1.557,1.547,1.557,1.544,255.0,,0.8403361344537751,0.0,0.0,
159923,2024-04-23,1.535,1.534,1.535,1.532,2640.0,,0.19392372333548105,-0.8403361344537751,-0.0129999999999999,
159923,2024-04-24,1.534,1.534,1.534,1.534,114.0,,0.0,0.0,0.0,
159923,2024-04-25,1.543,1.54,1.543,1.54,266.0,,0.19556714471968004,0.39113428943937456,0.006000000000000005,
159923,2024-04-26,1.55,1.566,1.57,1.55,764.0,,1.2987012987012998,1.68831168831169,0.026000000000000023,
159923,2024-04-29,1.566,1.583,1.594,1.565,920.0,,1.8518518518518605,1.085568326947631,0.016999999999999904,
159923,2024-04-30,1.579,1.575,1.585,1.575,905.0,,0.6317119393556544,-0.5053695514845236,-0.008000000000000007,
159923,2024-05-06,1.596,1.605,1.607,1.596,1789.0,,0.698412698412692,1.9047619047619067,0.030000000000000027,
159923,2024-05-07,1.605,1.598,1.605,1.596,1468.0,,0.5607476635513955,-0.43613707165108384,-0.006999999999999895,
159923,2024-05-08,1.593,1.589,1.593,1.589,180.0,,0.2503128911138926,-0.5632040050062652,-0.009000000000000119,
159923,2024-05-09,1.592,1.598,1.603,1.592,1730.0,,0.6922592825676464,0.5663939584644505,0.009000000000000119,
159923,2024-05-10,1.596,1.601,1.601,1.593,814.0,,0.5006257822277852,0.18773466833541247,0.0029999999999998916,
159923,2024-05-13,1.59,1.598,1.604,1.59,358.0,,0.8744534665833862,-0.18738288569643297,-0.0029999999999998916,
159923,2024-05-14,1.602,1.594,1.602,1.589,739.0,,0.8135168961201579,-0.2503128911138926,-0.0040000000000000036,
159923,2024-05-15,1.591,1.587,1.605,1.587,591.0,,1.1292346298619833,-0.4391468005018894,-0.007000000000000117,
159923,2024-05-16,1.59,1.591,1.591,1.584,655.0,,0.4410838059231188,0.252047889098929,0.0040000000000000036,
159923,2024-05-17,1.586,1.601,1.603,1.584,770.0,,1.1942174732872348,0.628535512256443,0.010000000000000009,
159923,2024-05-20,1.609,1.607,1.612,1.607,289.0,,0.3123048094940734,0.37476577139287975,0.006000000000000005,
159923,2024-05-21,1.6,1.595,1.6,1.595,334.0,,0.31113876789048633,-0.7467330429371507,-0.01200000000000001,
159923,2024-05-22,1.603,1.601,1.604,1.6,633.0,,0.2507836990595614,0.37617554858934205,0.006000000000000005,
159923,2024-05-23,1.594,1.586,1.594,1.581,1952.0,,0.8119925046845798,-0.9369144284821926,-0.014999999999999902,
159923,2024-05-24,1.577,1.57,1.577,1.57,249.0,,0.4413619167717462,-1.008827238335436,-0.016000000000000014,
159923,2024-05-27,1.585,1.578,1.587,1.574,3068.0,,0.828025477707,0.509554140127389,0.008000000000000007,
159923,2024-05-28,1.58,1.575,1.58,1.575,173.0,,0.31685678073511503,-0.19011406844107184,-0.0030000000000001137,
159923,2024-05-29,1.576,1.577,1.586,1.576,36.0,,0.6349206349206356,0.1269841269841271,0.0020000000000000018,
159923,2024-05-30,1.576,1.576,1.576,1.576,1002.0,,0.0,-0.0634115409004369,-0.0009999999999998899,
159923,2024-05-31,1.576,1.567,1.576,1.55,1816.0,,1.6497461928934025,-0.5710659898477233,-0.009000000000000119,
159923,2024-06-03,1.566,1.562,1.569,1.562,258.0,,0.44671346522015926,-0.319081046585826,-0.004999999999999893,
159923,2024-06-04,1.562,1.592,1.592,1.562,2235.0,,1.9206145966709363,1.9206145966709363,0.030000000000000027,
159923,2024-06-05,1.578,1.566,1.591,1.566,1903.0,,1.5703517587939642,-1.6331658291457303,-0.026000000000000023,
159923,2024-06-06,1.578,1.606,1.625,1.575,3692.0,,3.19284802043423,2.554278416347384,0.040000000000000036,
159923,2024-06-07,1.627,1.601,1.627,1.566,3113.0,,3.798256537982562,-0.3113325031133322,-0.0050000000000001155,
159923,2024-06-11,1.565,1.576,1.6,1.543,2001.0,,3.5602748282323646,-1.5615240474703256,-0.02499999999999991,
159923,2024-06-12,1.549,1.566,1.572,1.54,2345.0,,2.03045685279188,-0.6345177664974624,-0.010000000000000009,
159923,2024-06-13,1.557,1.555,1.559,1.55,1724.0,,0.5747126436781543,-0.7024265644955378,-0.01100000000000012,
159923,2024-06-14,1.545,1.545,1.563,1.545,16.0,,1.1575562700964641,-0.6430868167202578,-0.010000000000000009,
159923,2024-06-17,1.55,1.566,1.574,1.54,1113.0,,2.2006472491909403,1.3592233009708823,0.02100000000000013,
159923,2024-06-18,1.558,1.574,1.591,1.548,1204.0,,2.7458492975734305,0.5108556832694768,0.008000000000000007,
159923,2024-06-19,1.553,1.568,1.569,1.547,1856.0,,1.3977128335451092,-0.38119440914866615,-0.006000000000000005,
159923,2024-06-20,1.565,1.547,1.565,1.531,2082.0,,2.168367346938777,-1.3392857142857226,-0.02100000000000013,
159923,2024-06-21,1.525,1.539,1.54,1.525,2819.0,,0.9696186166774482,-0.5171299288946353,-0.008000000000000007,
159923,2024-06-24,1.541,1.53,1.541,1.528,214.0,,0.8447043534762768,-0.5847953216374203,-0.008999999999999897,
159923,2024-06-25,1.538,1.52,1.538,1.515,305.0,,1.5032679738562176,-0.6535947712418306,-0.010000000000000009,
159923,2024-06-26,1.515,1.538,1.538,1.515,367.0,,1.5131578947368507,1.1842105263157905,0.018000000000000016,
159923,2024-06-27,1.528,1.518,1.528,1.518,105.0,,0.6501950585175559,-1.3003901170351118,-0.020000000000000018,
159923,2024-06-28,1.532,1.522,1.535,1.522,220.0,,0.8563899868247629,0.2635046113306985,0.0040000000000000036,
159923,2024-07-01,1.517,1.534,1.534,1.516,432.0,,1.1826544021024978,0.7884362680683318,0.01200000000000001,
159923,2024-07-02,1.533,1.497,1.533,1.492,128.0,,2.672750977835719,-2.4119947848761356,-0.03699999999999992,
159923,2024-07-03,1.54,1.525,1.54,1.517,2409.0,,1.536406145624591,1.8704074816299134,0.027999999999999803,
159923,2024-07-04,1.531,1.522,1.531,1.522,242.0,,0.5901639344262228,-0.19672131147540273,-0.0029999999999998916,
159923,2024-07-05,1.512,1.513,1.521,1.503,677.0,,1.1826544021024978,-0.5913272010512562,-0.009000000000000119,
159923,2024-07-08,1.508,1.502,1.513,1.502,215.0,,0.7270323859880965,-0.7270323859880965,-0.010999999999999899,
159923,2024-07-09,1.501,1.515,1.526,1.501,525.0,,1.6644474034620593,0.8655126498002597,0.0129999999999999,
159923,2024-07-10,1.515,1.522,1.529,1.515,856.0,,0.924092409240925,0.46204620462046975,0.007000000000000117,
159923,2024-07-11,1.522,1.541,1.542,1.522,3883.0,,1.314060446780553,1.248357424441518,0.018999999999999906,
159923,2024-07-12,1.542,1.54,1.543,1.532,3252.0,,0.7138221933809149,-0.06489292667098571,-0.0009999999999998899,
159923,2024-07-15,1.533,1.536,1.543,1.533,143.0,,0.6493506493506499,-0.25974025974025994,-0.0040000000000000036,
159923,2024-07-16,1.537,1.562,1.562,1.537,657.0,,1.6276041666666754,1.692708333333335,0.026000000000000023,
159923,2024-07-17,1.544,1.557,1.557,1.544,183.0,,0.8322663252240653,-0.3201024327784965,-0.0050000000000001155,
159923,2024-07-18,1.538,1.564,1.57,1.538,192.0,,2.0552344251766237,0.4495825305073935,0.007000000000000117,
159923,2024-07-19,1.535,1.569,1.57,1.535,123.0,,2.237851662404101,0.3196930946291492,0.004999999999999893,
159923,2024-07-22,1.569,1.567,1.57,1.549,1543.0,,1.3384321223709452,-0.12746972594008935,-0.0020000000000000018,
159923,2024-07-23,1.549,1.532,1.549,1.525,1428.0,,1.531589023611999,-2.233567326100825,-0.03499999999999992,
159923,2024-07-24,1.526,1.513,1.526,1.508,581.0,,1.174934725848565,-1.2402088772846036,-0.019000000000000128,
159923,2024-07-25,1.506,1.513,1.517,1.5,2648.0,,1.1235955056179712,0.0,0.0,
159923,2024-07-26,1.518,1.518,1.518,1.508,398.0,,0.660938532716458,0.3304692663582363,0.0050000000000001155,
159923,2024-07-29,1.515,1.508,1.517,1.508,84.0,,0.5928853754940644,-0.6587615283267463,-0.010000000000000009,
159923,2024-07-30,1.506,1.498,1.506,1.495,1215.0,,0.7294429708222744,-0.6631299734748016,-0.010000000000000009,
159923,2024-07-31,1.501,1.53,1.536,1.501,1384.0,,2.336448598130851,2.136181575433914,0.03200000000000003,
159923,2024-08-01,1.529,1.52,1.529,1.51,99.0,,1.241830065359471,-0.6535947712418306,-0.010000000000000009,
159923,2024-08-02,1.511,1.505,1.513,1.502,1051.0,,0.7236842105263092,-0.986842105263166,-0.015000000000000124,
159923,2024-08-05,1.5,1.499,1.514,1.49,725.0,,1.5946843853820614,-0.3986710963455006,-0.005999999999999783,
159923,2024-08-06,1.49,1.489,1.491,1.484,601.0,,0.4669779853235568,-0.6671114076050706,-0.010000000000000009,
159923,2024-08-07,1.489,1.488,1.489,1.487,248.0,,0.1343183344526529,-0.06715916722633392,-0.001000000000000112,
159923,2024-08-08,1.487,1.485,1.501,1.485,168.0,,1.075268817204287,-0.20161290322579917,-0.0029999999999998916,
159923,2024-08-09,1.486,1.483,1.486,1.483,31.0,,0.2020202020201947,-0.1346801346801348,-0.0020000000000000018,
159923,2024-08-12,1.484,1.475,1.484,1.475,27.0,,0.6068779501011393,-0.5394470667565749,-0.008000000000000007,
159923,2024-08-13,1.48,1.495,1.495,1.475,412.0,,1.3559322033898318,1.3559322033898318,0.020000000000000018,
159923,2024-08-14,1.452,1.47,1.493,1.452,226.0,,2.7424749163879696,-1.6722408026755942,-0.025000000000000133,
159923,2024-08-15,1.522,1.495,1.522,1.477,384.0,,3.0612244897959133,1.7006802721088528,0.025000000000000133,
159923,2024-08-16,1.511,1.479,1.511,1.479,64.0,,2.140468227424736,-1.0702341137123754,-0.016000000000000014,
159923,2024-08-19,1.486,1.491,1.512,1.486,315.0,,1.7579445571331995,0.811359026369169,0.01200000000000001,
159923,2024-08-20,1.49,1.488,1.49,1.478,895.0,,0.804828973843059,-0.2012072434607722,-0.0030000000000001137,
159923,2024-08-21,1.488,1.489,1.49,1.488,51.0,,0.13440860215053776,0.06720430107527633,0.001000000000000112,
159923,2024-08-22,1.489,1.488,1.489,1.474,1011.0,,1.0073875083949042,-0.06715916722633392,-0.001000000000000112,
159923,2024-08-23,1.475,1.481,1.481,1.475,17.0,,0.4032258064516132,-0.4704301075268747,-0.006999999999999895,
159923,2024-08-26,1.48,1.488,1.488,1.48,8.0,,0.5401755570560437,0.4726536124240307,0.006999999999999895,
159923,2024-08-27,1.473,1.486,1.498,1.473,126.0,,1.6801075268817145,-0.13440860215053776,-0.0020000000000000018,
159923,2024-08-28,1.47,1.476,1.476,1.47,531.0,,0.4037685060565279,-0.6729475100942133,-0.010000000000000009,
159923,2024-08-29,1.474,1.461,1.475,1.452,1118.0,,1.5582655826558356,-1.0162601626016194,-0.014999999999999902,
159923,2024-08-30,1.47,1.499,1.502,1.47,597.0,,2.1902806297056827,2.6009582477754987,0.038000000000000034,
159923,2024-09-02,1.481,1.462,1.481,1.462,459.0,,1.2675116744496415,-2.4683122081387685,-0.037000000000000144,
159923,2024-09-03,1.458,1.477,1.481,1.458,252.0,,1.573187414500693,1.025991792065672,0.015000000000000124,
159923,2024-09-04,1.462,1.463,1.478,1.462,161.0,,1.0832769126607997,-0.9478672985781998,-0.014000000000000012,
159923,2024-09-05,1.468,1.468,1.468,1.468,83.0,,0.0,0.3417634996582292,0.004999999999999893,
159923,2024-09-06,1.473,1.448,1.475,1.448,1047.0,,1.8392370572207175,-1.362397820163489,-0.020000000000000018,
159923,2024-09-09,1.441,1.44,1.442,1.438,348.0,,0.27624309392265217,-0.5524861878453043,-0.008000000000000007,
159923,2024-09-10,1.46,1.439,1.482,1.427,1062.0,,3.8194444444444406,-0.0694444444444368,-0.0009999999999998899,
159923,2024-09-11,1.438,1.442,1.444,1.423,586.0,,1.4593467685892916,0.20847810979846365,0.0029999999999998916,
159923,2024-09-12,1.44,1.443,1.444,1.425,1232.0,,1.3176144244105343,0.06934812760056255,0.001000000000000112,
159923,2024-09-13,1.438,1.426,1.438,1.426,16.0,,0.8316008316008323,-1.1781011781011868,-0.017000000000000126,
159923,2024-09-18,1.471,1.429,1.471,1.429,391.0,,2.9453015427770013,0.21037868162693646,0.0030000000000001137,
159923,2024-09-19,1.447,1.45,1.45,1.427,382.0,,1.6095171448565366,1.4695591322603154,0.020999999999999908,
159923,2024-09-20,1.459,1.44,1.459,1.428,1127.0,,2.1379310344827682,-0.6896551724137937,-0.010000000000000009,
159923,2024-09-23,1.446,1.453,1.455,1.44,544.0,,1.0416666666666752,0.9027777777777863,0.013000000000000123,
159923,2024-09-24,1.458,1.501,1.502,1.448,3265.0,,3.7164487267721986,3.3035099793530502,0.04799999999999982,
159923,2024-09-25,1.502,1.537,1.567,1.502,6470.0,,4.330446369087272,2.3984010659560315,0.03600000000000003,
159923,2024-09-26,1.537,1.58,1.589,1.52,3832.0,,4.48926480156148,2.7976577748861517,0.04300000000000015,
159923,2024-09-27,1.586,1.655,1.655,1.586,6160.0,,4.367088607594933,4.746835443037972,0.07499999999999996,
159923,2024-09-30,1.812,1.819,1.82,1.615,16042.0,,12.386706948640487,9.909365558912382,0.16399999999999992,
159923,2024-10-08,2.0,1.95,2.001,1.873,13947.0,,7.036833424958763,7.20175920835624,0.131,
159923,2024-10-09,1.915,1.777,1.915,1.757,6224.0,,8.10256410256411,-8.871794871794874,-0.17300000000000004,
159923,2024-10-10,1.777,1.955,1.955,1.69,19955.0,,14.912774338773222,10.016882386043903,0.17800000000000016,
159923,2024-10-11,2.144,2.151,2.151,2.0,23260.0,,7.723785166240399,10.025575447570318,0.19599999999999973,
159923,2024-10-14,2.151,2.366,2.366,1.936,39404.0,,19.99070199907021,9.995350999535114,0.2150000000000003,
159923,2024-10-15,2.129,2.29,2.367,2.129,94030.0,,10.059171597633135,-3.2121724429416765,-0.07600000000000007,
159923,2024-10-16,2.061,2.061,2.061,2.061,50183.0,,0.0,-10.000000000000004,-0.2290000000000001,
159923,2024-10-17,1.855,1.855,1.855,1.855,21735.0,,0.0,-9.99514798641436,-0.20599999999999996,
159923,2024-10-18,1.69,1.799,2.0,1.69,469927.0,,16.71159029649596,-3.0188679245283048,-0.05600000000000005,
159923,2024-10-21,1.77,1.76,1.788,1.719,221581.0,,3.835464146748191,-2.167871039466366,-0.038999999999999924,
159923,2024-10-22,1.75,1.774,1.777,1.746,139930.0,,1.7613636363636318,0.7954545454545462,0.014000000000000012,
159923,2024-10-23,1.779,1.785,1.801,1.766,174218.0,,1.9729425028184848,0.620067643742948,0.010999999999999899,
159923,2024-10-24,1.775,1.763,1.782,1.755,59494.0,,1.5126050420168144,-1.2324929971988807,-0.02200000000000002,
159923,2024-10-25,1.763,1.782,1.795,1.757,117361.0,,2.155416903006241,1.077708451503127,0.019000000000000128,
159923,2024-10-28,1.779,1.779,1.78,1.759,67173.0,,1.1784511784511857,-0.16835016835017472,-0.0030000000000001137,
159923,2024-10-29,1.774,1.759,1.79,1.756,61548.0,,1.9111860595840378,-1.1242270938729635,-0.020000000000000018,
159923,2024-10-30,1.75,1.745,1.76,1.731,28375.0,,1.6486640136441113,-0.7959067652074924,-0.01399999999999979,
159923,2024-10-31,1.745,1.741,1.755,1.725,77362.0,,1.7191977077363783,-0.22922636103151883,-0.0040000000000000036,
159923,2024-11-01,1.728,1.741,1.761,1.728,39605.0,,1.8954623779437056,0.0,0.0,
159923,2024-11-04,1.74,1.765,1.768,1.74,41599.0,,1.6082711085583012,1.3785180930499596,0.0239999999999998,
159923,2024-11-05,1.765,1.815,1.815,1.755,66607.0,,3.399433427762043,2.8328611898017027,0.050000000000000044,
159923,2024-11-06,1.815,1.795,1.825,1.784,27859.0,,2.2589531680440733,-1.1019283746556485,-0.020000000000000018,
159923,2024-11-07,1.792,1.847,1.847,1.783,46786.0,,3.5654596100278586,2.896935933147635,0.052000000000000046,
159923,2024-11-08,1.858,1.825,1.882,1.82,39520.0,,3.3567948023822325,-1.1911207363291836,-0.02200000000000002,
159923,2024-11-11,1.823,1.841,1.841,1.803,29239.0,,2.08219178082192,0.8767123287671241,0.016000000000000014,
159923,2024-11-12,1.831,1.815,1.86,1.804,59311.0,,3.041825095057037,-1.4122759369907671,-0.026000000000000023,
159923,2024-11-13,1.815,1.832,1.835,1.807,16700.0,,1.5426997245179077,0.9366391184573072,0.017000000000000126,
159923,2024-11-14,1.832,1.797,1.832,1.794,48496.0,,2.074235807860264,-1.9104803493449858,-0.03500000000000014,
159923,2024-11-15,1.797,1.767,1.8,1.766,20601.0,,1.8920422927100742,-1.6694490818030068,-0.030000000000000027,
159923,2024-11-18,1.767,1.755,1.791,1.74,16568.0,,2.8862478777589096,-0.6791171477079803,-0.01200000000000001,
159923,2024-11-19,1.755,1.768,1.77,1.732,7503.0,,2.165242165242167,0.7407407407407478,0.013000000000000123,
159923,2024-11-20,1.761,1.771,1.777,1.757,5118.0,,1.1312217194570147,0.1696832579185459,0.0029999999999998916,
159923,2024-11-21,1.763,1.767,1.775,1.758,6737.0,,0.9599096555618241,-0.22586109542631302,-0.0040000000000000036,
159923,2024-11-22,1.771,1.712,1.771,1.712,9300.0,,3.3389926428975634,-3.112620260328237,-0.05499999999999994,
159923,2024-11-25,1.712,1.703,1.728,1.69,8002.0,,2.219626168224301,-0.5257009345794332,-0.008999999999999897,
159923,2024-11-26,1.703,1.7,1.712,1.699,4704.0,,0.7633587786259484,-0.17615971814445763,-0.0030000000000001137,
159923,2024-11-27,1.71,1.729,1.729,1.687,10533.0,,2.47058823529412,1.7058823529411844,0.029000000000000137,
159923,2024-11-28,1.729,1.72,1.729,1.708,4925.0,,1.2145748987854326,-0.5205320994794748,-0.009000000000000119,
159923,2024-11-29,1.719,1.738,1.75,1.711,9986.0,,2.267441860465112,1.0465116279069777,0.018000000000000016,
159923,2024-12-02,1.721,1.743,1.746,1.721,9082.0,,1.4384349827387752,0.2876869965477627,0.0050000000000001155,
159923,2024-12-03,1.743,1.741,1.743,1.726,9083.0,,0.9753298909925487,-0.11474469305794617,-0.0020000000000000018,
159923,2024-12-04,1.745,1.729,1.75,1.727,5462.0,,1.3210798391728837,-0.6892590465249862,-0.01200000000000001,
159923,2024-12-05,1.732,1.729,1.736,1.725,3388.0,,0.6362058993637882,0.0,0.0,
159923,2024-12-06,1.736,1.755,1.762,1.731,7602.0,,1.7929438982070511,1.503759398496229,0.0259999999999998,
159923,2024-12-09,1.755,1.753,1.762,1.745,8136.0,,0.9686609686609633,-0.11396011396011406,-0.0020000000000000018,
159923,2024-12-10,1.915,1.767,1.915,1.765,15896.0,,8.556759840273823,0.798630918425557,0.014000000000000012,
159923,2024-12-11,1.78,1.76,1.78,1.757,9416.0,,1.301641199773635,-0.3961516694963156,-0.006999999999999895,
159923,2024-12-12,1.767,1.778,1.778,1.757,52797.0,,1.1931818181818254,1.0227272727272736,0.018000000000000016,
159923,2024-12-13,1.772,1.729,1.772,1.725,17226.0,,2.643419572553427,-2.7559055118110196,-0.04899999999999993,
159923,2024-12-16,1.729,1.719,1.736,1.718,10683.0,,1.0410641989589366,-0.5783689994216314,-0.010000000000000009,
159923,2024-12-17,1.719,1.732,1.747,1.719,19647.0,,1.6288539848749288,0.7562536358347818,0.0129999999999999,
159923,2024-12-18,1.732,1.746,1.751,1.732,8072.0,,1.0969976905311725,0.808314087759816,0.014000000000000012,
159923,2024-12-19,1.74,1.749,1.752,1.721,8015.0,,1.7754868270332138,0.1718213058419309,0.0030000000000001137,
159923,2024-12-20,1.747,1.744,1.753,1.74,6888.0,,0.7432818753573414,-0.285877644368217,-0.0050000000000001155,
159923,2024-12-23,1.744,1.747,1.76,1.744,4715.0,,0.9174311926605512,0.17201834862385973,0.0030000000000001137,
159923,2024-12-24,1.746,1.769,1.772,1.746,17148.0,,1.4882655981682897,1.2593016599885403,0.021999999999999797,
159923,2024-12-25,1.772,1.771,1.78,1.766,5385.0,,0.7914075749010749,0.11305822498586782,0.0020000000000000018,
159923,2024-12-26,1.765,1.772,1.772,1.765,4763.0,,0.3952569169960541,0.05646527385658452,0.001000000000000112,
159923,2024-12-27,1.771,1.77,1.778,1.763,6041.0,,0.8465011286681786,-0.1128668171557563,-0.0020000000000000018,
159923,2024-12-30,1.77,1.776,1.78,1.77,4986.0,,0.56497175141243,0.33898305084745795,0.006000000000000005,
159923,2024-12-31,1.773,1.752,1.775,1.751,4454.0,,1.3513513513513524,-1.3513513513513524,-0.02400000000000002,
159923,2025-01-02,1.744,1.701,1.744,1.694,4895.0,,2.8538812785388155,-2.9109589041095854,-0.050999999999999934,
159923,2025-01-03,1.707,1.685,1.72,1.682,7596.0,,2.233980011757791,-0.9406231628453859,-0.016000000000000014,
159923,2025-01-06,1.682,1.681,1.719,1.672,6413.0,,2.7893175074184064,-0.2373887240356085,-0.0040000000000000036,
159923,2025-01-07,1.681,1.695,1.695,1.677,4769.0,,1.0707911957168361,0.8328375966686504,0.014000000000000012,
159923,2025-01-08,1.687,1.69,1.7,1.67,3351.0,,1.7699115044247802,-0.29498525073746995,-0.0050000000000001155,
159923,2025-01-09,1.69,1.694,1.695,1.686,7829.0,,0.5325443786982319,0.2366863905325446,0.0040000000000000036,
159923,2025-01-10,1.686,1.673,1.689,1.673,847.0,,0.9445100354191271,-1.239669421487598,-0.020999999999999908,
159923,2025-01-13,1.654,1.667,1.7,1.654,3090.0,,2.7495517035266013,-0.35863717872086104,-0.006000000000000005,
159923,2025-01-14,1.67,1.704,1.709,1.668,5427.0,,2.459508098380333,2.2195560887822388,0.03699999999999992,
159923,2025-01-15,1.705,1.693,1.705,1.693,2553.0,,0.7042253521126767,-0.6455399061032805,-0.010999999999999899,
159923,2025-01-16,1.7,1.694,1.719,1.687,2323.0,,1.890135853514473,0.059066745422320724,0.0009999999999998899,
159923,2025-01-17,1.686,1.699,1.705,1.683,2440.0,,1.2987012987012998,0.2951593860684838,0.0050000000000001155,
159923,2025-01-20,1.705,1.709,1.72,1.705,3001.0,,0.882872277810471,0.5885815185403184,0.010000000000000009,
159923,2025-01-21,1.713,1.711,1.715,1.706,1844.0,,0.5266237565828039,0.11702750146284385,0.0020000000000000018,
159923,2025-01-22,1.705,1.691,1.706,1.687,1846.0,,1.11046171829339,-1.1689070718877859,-0.020000000000000018,
159923,2025-01-23,1.692,1.695,1.725,1.692,2502.0,,1.9515079834417588,0.23654642223536387,0.0040000000000000036,
159923,2025-01-24,1.695,1.707,1.713,1.695,2161.0,,1.061946902654868,0.707964601769912,0.01200000000000001,
159923,2025-01-27,1.724,1.703,1.725,1.7,1089.0,,1.4645577035735287,-0.23432923257176355,-0.0040000000000000036,
159923,2025-02-05,1.702,1.696,1.702,1.692,1162.0,,0.5871990604815037,-0.41103934233705913,-0.007000000000000117,
159923,2025-02-06,1.697,1.715,1.716,1.693,3963.0,,1.3561320754716928,1.120283018867932,0.019000000000000128,
159923,2025-02-07,1.717,1.736,1.749,1.716,6983.0,,1.9241982507288713,1.2244897959183618,0.020999999999999908,
159923,2025-02-10,1.735,1.744,1.746,1.735,2922.0,,0.6336405529953858,0.46082949308755805,0.008000000000000007,
159923,2025-02-11,1.745,1.733,1.746,1.732,4785.0,,0.8027522935779824,-0.6307339449541227,-0.010999999999999899,
159923,2025-02-12,1.732,1.755,1.756,1.732,3076.0,,1.3848817080207745,1.2694748990190303,0.021999999999999797,
159923,2025-02-13,1.755,1.75,1.763,1.75,4539.0,,0.7407407407407351,-0.28490028490027886,-0.004999999999999893,
159923,2025-02-14,1.755,1.768,1.769,1.751,4895.0,,1.0285714285714296,1.0285714285714296,0.018000000000000016,
159923,2025-02-17,1.768,1.766,1.774,1.76,3402.0,,0.7918552036199101,-0.11312217194570146,-0.0020000000000000018,
159923,2025-02-18,1.764,1.753,1.778,1.751,3883.0,,1.528878822197063,-0.7361268403171077,-0.013000000000000123,
159923,2025-02-19,1.759,1.766,1.77,1.758,2160.0,,0.6845407872219059,0.7415858528237378,0.013000000000000123,
159923,2025-02-20,1.761,1.763,1.766,1.756,2857.0,,0.5662514156285395,-0.16987542468856817,-0.0030000000000001137,
159923,2025-02-21,1.77,1.788,1.789,1.766,3395.0,,1.304594441293245,1.418037436188323,0.025000000000000133,
159923,2025-02-24,1.786,1.783,1.8,1.778,3845.0,,1.2304250559284127,-0.27964205816555454,-0.0050000000000001155,
159923,2025-02-25,1.773,1.764,1.782,1.764,1688.0,,1.0095344924284921,-1.0656197420078468,-0.018999999999999906,
159923,2025-02-26,1.76,1.781,1.783,1.76,2348.0,,1.3038548752834416,0.9637188208616726,0.016999999999999904,
159923,2025-02-27,1.762,1.786,1.8,1.75,1519.0,,2.8074115665356567,0.2807411566535719,0.0050000000000001155,
159923,2025-02-28,1.788,1.755,1.788,1.751,1999.0,,2.0716685330347224,-1.7357222844344982,-0.03100000000000014,
159923,2025-03-03,1.755,1.752,1.771,1.747,1437.0,,1.3675213675213562,-0.17094017094016478,-0.0029999999999998916,
159923,2025-03-04,1.737,1.748,1.75,1.736,1228.0,,0.7990867579908683,-0.22831050228310523,-0.0040000000000000036,
159923,2025-03-05,1.752,1.752,1.755,1.748,1001.0,,0.4004576659038842,0.2288329519450803,0.0040000000000000036,
159923,2025-03-06,1.766,1.78,1.783,1.765,3326.0,,1.0273972602739736,1.5981735159817365,0.028000000000000025,
159923,2025-03-07,1.77,1.775,1.786,1.77,1969.0,,0.8988764044943828,-0.2808988764045009,-0.0050000000000001155,
159923,2025-03-10,1.779,1.769,1.779,1.763,933.0,,0.9014084507042263,-0.33802816901408483,-0.006000000000000005,
159923,2025-03-11,1.76,1.77,1.77,1.758,3515.0,,0.6783493499152069,0.05652911249294019,0.001000000000000112,
159923,2025-03-12,1.775,1.767,1.777,1.765,8416.0,,0.6779661016949159,-0.16949152542373522,-0.0030000000000001137,
159923,2025-03-13,1.77,1.759,1.772,1.754,2376.0,,1.0186757215619704,-0.4527447651386535,-0.008000000000000007,
159923,2025-03-14,1.765,1.802,1.805,1.763,27045.0,,2.387720295622515,2.4445707788516287,0.04300000000000015,
159923,2025-03-17,1.801,1.798,1.81,1.796,5077.0,,0.7769145394006666,-0.22197558268590473,-0.0040000000000000036,
159923,2025-03-18,1.803,1.807,1.81,1.801,1557.0,,0.5005561735261468,0.5005561735261345,0.008999999999999897,
159923,2025-03-19,1.808,1.812,1.817,1.801,2912.0,,0.8854454897620373,0.2767017155506428,0.0050000000000001155,
159923,2025-03-20,1.805,1.794,1.806,1.792,4506.0,,0.7726269315673295,-0.9933774834437095,-0.018000000000000016,
159923,2025-03-21,1.795,1.763,1.795,1.76,3952.0,,1.9509476031215116,-1.7279821627647791,-0.03100000000000014,
159923,2025-03-24,1.762,1.774,1.775,1.762,1588.0,,0.7373794668179184,0.6239364719228656,0.01100000000000012,
159923,2025-03-25,1.769,1.771,1.778,1.769,671.0,,0.5073280721533325,-0.16910935738444835,-0.0030000000000001137,
159923,2025-03-26,1.771,1.764,1.772,1.762,331.0,,0.5646527385657826,-0.3952569169960415,-0.006999999999999895,
159923,2025-03-27,1.762,1.772,1.78,1.76,699.0,,1.1337868480725635,0.4535147392290253,0.008000000000000007,
159923,2025-03-28,1.767,1.765,1.767,1.76,368.0,,0.39503386004514085,-0.39503386004515334,-0.007000000000000117,
159923,2025-03-31,1.76,1.75,1.77,1.747,672.0,,1.303116147308777,-0.8498583569405045,-0.014999999999999902,
159923,2025-04-01,1.751,1.751,1.755,1.748,797.0,,0.399999999999994,0.05714285714285085,0.0009999999999998899,
159923,2025-04-02,1.717,1.746,1.785,1.717,744.0,,3.883495145631059,-0.28555111364933716,-0.004999999999999893,
159923,2025-04-03,1.732,1.734,1.742,1.728,789.0,,0.801832760595648,-0.6872852233676982,-0.01200000000000001,
159923,2025-04-07,1.7,1.61,1.702,1.607,24662.0,,5.4786620530565155,-7.151095732410605,-0.12399999999999989,
159923,2025-04-08,1.61,1.646,1.734,1.61,6253.0,,7.701863354037259,2.2360248447204847,0.03599999999999981,
159923,2025-04-09,1.62,1.653,1.659,1.619,13409.0,,2.4301336573511563,0.4252733900364592,0.007000000000000117,
159923,2025-04-10,1.66,1.68,1.689,1.66,6592.0,,1.7543859649122888,1.6333938294010837,0.026999999999999913,
159923,2025-04-11,1.67,1.693,1.695,1.67,898.0,,1.4880952380952461,0.7738095238095312,0.013000000000000123,
159923,2025-04-14,1.69,1.69,1.7,1.69,1231.0,,0.5906674542232728,-0.1772002362669884,-0.0030000000000001137,
159923,2025-04-15,1.685,1.685,1.689,1.683,294.0,,0.3550295857988169,-0.29585798816567416,-0.004999999999999893,
159923,2025-04-16,1.684,1.695,1.695,1.674,5404.0,,1.2462908011869511,0.5934718100890213,0.010000000000000009,
159923,2025-04-17,1.693,1.692,1.697,1.692,5849.0,,0.29498525073746995,-0.17699115044248456,-0.0030000000000001137,
159923,2025-04-18,1.692,1.7,1.7,1.686,1525.0,,0.8274231678487004,0.472813238770686,0.008000000000000007,
159923,2025-04-21,1.697,1.702,1.702,1.678,2997.0,,1.4117647058823541,0.11764705882352951,0.0020000000000000018,
159923,2025-04-22,1.703,1.704,1.708,1.702,1478.0,,0.35252643948296153,0.11750881316098719,0.0020000000000000018,
159923,2025-04-23,1.708,1.704,1.712,1.702,2318.0,,0.5868544600938973,0.0,0.0,
159923,2025-04-24,1.707,1.705,1.714,1.7,2645.0,,0.8215962441314562,0.05868544600939624,0.001000000000000112,
159923,2025-04-25,1.71,1.707,1.712,1.704,1164.0,,0.46920821114369543,0.11730205278592386,0.0020000000000000018,
159923,2025-04-28,1.7,1.7,1.707,1.7,460.0,,0.4100761570005927,-0.4100761570005927,-0.007000000000000117,
159923,2025-04-29,1.701,1.704,1.704,1.699,277.0,,0.29411764705881727,0.23529411764705901,0.0040000000000000036,
159923,2025-04-30,1.7,1.7,1.705,1.7,404.0,,0.29342723004695515,-0.2347417840375589,-0.0040000000000000036,
159923,2025-05-06,1.708,1.717,1.717,1.708,336.0,,0.5294117647058894,1.0000000000000075,0.017000000000000126,
159923,2025-05-07,1.719,1.725,1.735,1.719,885.0,,0.9318578916715208,0.4659289458357604,0.008000000000000007,
159923,2025-05-08,1.723,1.738,1.745,1.723,875.0,,1.2753623188405807,0.7536231884057912,0.0129999999999999,
159923,2025-05-09,1.735,1.741,1.741,1.734,392.0,,0.40276179516686517,0.17261219792866017,0.0030000000000001137,
159923,2025-05-12,1.745,1.756,1.756,1.743,694.0,,0.746697300402062,0.8615738081562263,0.014999999999999902,
159923,2025-05-13,1.76,1.76,1.76,1.753,1486.0,,0.3986332574031958,0.22779043280182254,0.0040000000000000036,
159923,2025-05-14,1.759,1.774,1.782,1.756,1370.0,,1.4772727272727286,0.7954545454545462,0.014000000000000012,
159923,2025-05-15,1.77,1.764,1.77,1.763,750.0,,0.3945885005637044,-0.5636978579481403,-0.010000000000000009,
159923,2025-05-16,1.76,1.756,1.76,1.75,336.0,,0.5668934240362817,-0.4535147392290253,-0.008000000000000007,
159923,2025-05-19,1.75,1.755,1.755,1.747,204.0,,0.4555808656036324,-0.056947608200461956,-0.001000000000000112,
159923,2025-05-20,1.76,1.764,1.765,1.76,1093.0,,0.28490028490027886,0.5128205128205197,0.009000000000000119,
159923,2025-05-21,1.771,1.771,1.777,1.768,2142.0,,0.5102040816326472,0.3968253968253909,0.006999999999999895,
159923,2025-05-22,1.766,1.768,1.772,1.766,256.0,,0.3387916431394695,-0.16939582156972852,-0.0029999999999998916,
159923,2025-05-23,1.77,1.758,1.776,1.758,529.0,,1.018099547511313,-0.5656108597285073,-0.010000000000000009,
159923,2025-05-26,1.75,1.742,1.75,1.739,485.0,,0.6257110352673435,-0.9101251422070543,-0.016000000000000014,
159923,2025-05-27,1.743,1.733,1.743,1.73,253.0,,0.746268656716425,-0.5166475315728989,-0.008999999999999897,
159923,2025-05-28,1.735,1.731,1.735,1.728,1588.0,,0.4039238315060656,-0.1154068090017312,-0.0020000000000000018,
159923,2025-05-29,1.733,1.738,1.745,1.733,2023.0,,0.6932409012131722,0.40439052570767736,0.006999999999999895,
159923,2025-05-30,1.736,1.734,1.736,1.723,4674.0,,0.74798619102416,-0.23014959723820505,-0.0040000000000000036,
159923,2025-06-03,1.735,1.731,1.736,1.73,192.0,,0.34602076124567505,-0.17301038062283114,-0.0029999999999998916,
159923,2025-06-04,1.738,1.735,1.74,1.735,406.0,,0.288850375505482,0.23108030040439073,0.0040000000000000036,
159923,2025-06-05,1.734,1.74,1.74,1.734,3429.0,,0.3458213256484153,0.28818443804033966,0.004999999999999893,
159923,2025-06-06,1.746,1.742,1.746,1.741,2626.0,,0.28735632183907434,0.1149425287356323,0.0020000000000000018,
159923,2025-06-09,1.743,1.742,1.747,1.739,917.0,,0.45924225028702687,0.0,0.0,
159923,2025-06-10,1.743,1.729,1.744,1.729,505.0,,0.8610792192881689,-0.7462686567164122,-0.0129999999999999,
159923,2025-06-11,1.745,1.747,1.751,1.745,1353.0,,0.3470213996529661,1.0410641989589366,0.018000000000000016,
159923,2025-06-12,1.74,1.745,1.747,1.74,1017.0,,0.4006868918145459,-0.11448196908986845,-0.0020000000000000018,
159923,2025-06-13,1.744,1.736,1.746,1.73,566.0,,0.9169054441260753,-0.5157593123209238,-0.009000000000000119,
159923,2025-06-16,1.708,1.737,1.739,1.7,396.0,,2.2465437788018514,0.057603686635951154,0.001000000000000112,
159923,2025-06-17,1.73,1.737,1.74,1.73,130.0,,0.5757052389176746,0.0,0.0,
159923,2025-06-18,1.74,1.738,1.74,1.73,174.0,,0.5757052389176746,0.057570523891761066,0.0009999999999998899,
159923,2025-06-19,1.73,1.722,1.734,1.722,210.0,,0.6904487917146152,-0.9205983889528202,-0.016000000000000014,
159923,2025-06-20,1.73,1.728,1.731,1.726,427.0,,0.29036004645761415,0.3484320557491292,0.006000000000000005,
159923,2025-06-23,1.725,1.735,1.738,1.723,3546.0,,0.8680555555555499,0.40509259259259944,0.007000000000000117,
159923,2025-06-24,1.73,1.749,1.755,1.73,14339.0,,1.4409221902017237,0.8069164265129689,0.014000000000000012,
159923,2025-06-25,1.743,1.769,1.771,1.743,5428.0,,1.6009148084619669,1.1435105774728298,0.019999999999999796,
159923,2025-06-26,1.769,1.768,1.774,1.767,1305.0,,0.3957037874505437,-0.056529112492927636,-0.0009999999999998899,
159923,2025-06-27,1.733,1.756,1.773,1.733,3066.0,,2.262443438914017,-0.6787330316742087,-0.01200000000000001,
159923,2025-06-30,1.745,1.768,1.768,1.745,1438.0,,1.3097949886104732,0.6833712984054676,0.01200000000000001,
159923,2025-07-01,1.766,1.77,1.771,1.764,1664.0,,0.39592760180994885,0.11312217194570146,0.0020000000000000018,
159923,2025-07-02,1.765,1.771,1.775,1.765,662.0,,0.56497175141243,0.05649717514123671,0.0009999999999998899,
159923,2025-07-03,1.776,1.78,1.783,1.771,882.0,,0.677583286278939,0.5081874647092106,0.009000000000000119,
159923,2025-07-04,1.78,1.787,1.8,1.779,14012.0,,1.1797752808988835,0.39325842696628627,0.006999999999999895,
159923,2025-07-07,1.786,1.777,1.786,1.774,1360.0,,0.6715165081141584,-0.559597090095132,-0.010000000000000009,
159923,2025-07-08,1.779,1.79,1.792,1.779,2023.0,,0.7315700619020891,0.7315700619020891,0.013000000000000123,
159923,2025-07-09,1.79,1.788,1.8,1.788,1320.0,,0.6703910614525146,-0.1117318435754191,-0.0020000000000000018,
159923,2025-07-10,1.793,1.799,1.807,1.792,3288.0,,0.8389261744966388,0.6152125279642001,0.010999999999999899,
159923,2025-07-11,1.805,1.804,1.824,1.804,4478.0,,1.1117287381878833,0.277932184546977,0.0050000000000001155,
159923,2025-07-14,1.77,1.809,1.814,1.77,2750.0,,2.4390243902439046,0.27716186252771025,0.004999999999999893,
159923,2025-07-15,1.805,1.805,1.812,1.796,1044.0,,0.884466556108348,-0.221116639027087,-0.0040000000000000036,
159923,2025-07-16,1.808,1.799,1.808,1.796,511.0,,0.6648199445983385,-0.33240997229916924,-0.006000000000000005,
159923,2025-07-17,1.804,1.813,1.813,1.804,380.0,,0.5002779321845413,0.7782101167315182,0.014000000000000012,
159923,2025-07-18,1.801,1.83,1.831,1.801,513.0,,1.6547159404302278,0.9376723662438018,0.017000000000000126,
159923,2025-07-21,1.821,1.845,1.845,1.821,2184.0,,1.3114754098360666,0.8196721311475357,0.014999999999999902,
159923,2025-07-22,1.85,1.861,1.868,1.834,2947.0,,1.8428184281842834,0.8672086720867217,0.016000000000000014,
159923,2025-07-23,1.861,1.859,1.878,1.852,14744.0,,1.3970983342288985,-0.10746910263299311,-0.0020000000000000018,
159923,2025-07-24,1.862,1.876,1.88,1.862,6545.0,,0.968262506724034,0.9144701452393709,0.016999999999999904,
159923,2025-07-25,1.876,1.868,1.876,1.863,4368.0,,0.6929637526652399,-0.4264392324093702,-0.007999999999999785,
159923,2025-07-28,1.864,1.872,1.877,1.864,2433.0,,0.6959314775160547,0.214132762312634,0.0040000000000000036,
159923,2025-07-29,1.872,1.883,1.883,1.872,667.0,,0.5876068376068322,0.5876068376068322,0.010999999999999899,
159923,2025-07-30,1.882,1.883,1.9,1.872,769.0,,1.4869888475836326,0.0,0.0,
159923,2025-07-31,1.86,1.843,1.871,1.837,3166.0,,1.805629314922997,-2.124269782262349,-0.040000000000000036,
159923,2025-08-01,1.832,1.835,1.847,1.828,1407.0,,1.0309278350515414,-0.43407487791644095,-0.008000000000000007,
159923,2025-08-04,1.832,1.839,1.84,1.83,440.0,,0.5449591280653956,0.21798365122615823,0.0040000000000000036,
159923,2025-08-05,1.84,1.85,1.852,1.84,490.0,,0.652528548123981,0.5981511691136553,0.01100000000000012,
159923,2025-08-06,1.85,1.855,1.855,1.848,507.0,,0.3783783783783727,0.2702702702702645,0.004999999999999893,
159923,2025-08-07,1.856,1.856,1.859,1.845,521.0,,0.7547169811320762,0.05390835579515428,0.001000000000000112,
159923,2025-08-08,1.853,1.855,1.861,1.852,1263.0,,0.48491379310344274,-0.05387931034483361,-0.001000000000000112,
159923,2025-08-11,1.821,1.86,1.869,1.82,3409.0,,2.6415094339622605,0.26954177897574744,0.0050000000000001155,
159923,2025-08-12,1.857,1.866,1.87,1.857,5519.0,,0.6989247311828022,0.3225806451612906,0.006000000000000005,
159923,2025-08-13,1.86,1.88,1.886,1.86,750.0,,1.3933547695605466,0.7502679528402888,0.01399999999999979,
159923,2025-08-14,1.89,1.887,1.905,1.882,7598.0,,1.223404255319156,0.37234042553192115,0.007000000000000117,
159923,2025-08-15,1.887,1.896,1.902,1.886,11838.0,,0.8479067302596722,0.4769475357710597,0.008999999999999897,
159923,2025-08-18,1.899,1.911,1.92,1.899,3592.0,,1.107594936708856,0.7911392405063358,0.015000000000000124,
159923,2025-08-19,1.92,1.893,1.92,1.893,7979.0,,1.4128728414442655,-0.9419152276295142,-0.018000000000000016,
159923,2025-08-20,1.883,1.914,1.914,1.883,4485.0,,1.6376122556788122,1.1093502377179032,0.020999999999999908,
159923,2025-08-21,1.915,1.925,1.935,1.915,13177.0,,1.044932079414839,0.5747126436781672,0.01100000000000012,
159923,2025-08-22,1.942,1.966,1.971,1.939,9293.0,,1.6623376623376638,2.1298701298701257,0.040999999999999925,
159923,2025-08-25,1.988,2.018,2.024,1.966,10840.0,,2.9501525940996975,2.6449643947100623,0.051999999999999824,
159923,2025-08-26,2.018,2.014,2.024,2.005,5500.0,,0.9415262636273602,-0.19821605550049576,-0.0040000000000000036,
159923,2025-08-27,2.005,1.991,2.033,1.991,17705.0,,2.085402184707042,-1.1420059582919408,-0.022999999999999687,
159923,2025-08-28,1.988,2.016,2.018,1.978,13464.0,,2.0090406830738226,1.2556504269211406,0.02499999999999991,
159923,2025-08-29,2.016,2.043,2.047,2.015,19586.0,,1.5873015873015885,1.339285714285721,0.027000000000000135,
159923,2025-09-01,2.046,2.054,2.055,2.036,8614.0,,0.9300048947626103,0.5384238864414918,0.010999999999999677,
159923,2025-09-02,2.059,2.031,2.064,2.031,7688.0,,1.6066212268743874,-1.1197663096397124,-0.022999999999999687,
159923,2025-09-03,2.022,2.026,2.053,2.018,9909.0,,1.723289020187107,-0.24618414574103087,-0.0050000000000003375,
159923,2025-09-04,2.0,1.983,2.036,1.975,5236.0,,3.0108588351431367,-2.1224086870681003,-0.042999999999999705,
159923,2025-09-05,1.97,2.032,2.033,1.946,3093.0,,4.387291981845686,2.4710035300050395,0.04899999999999993,
159923,2025-09-08,2.032,2.044,2.056,2.032,3487.0,,1.1811023622047254,0.5905511811023627,0.01200000000000001,
159923,2025-09-09,2.037,2.022,2.046,2.014,991.0,,1.5655577299412928,-1.0763209393346498,-0.02200000000000024,
159923,2025-09-10,2.021,2.025,2.035,2.014,5442.0,,1.0385756676558038,0.14836795252226084,0.0030000000000001137,
159923,2025-09-11,2.017,2.067,2.067,2.017,2298.0,,2.469135802469149,2.074074074074087,0.04200000000000026,
159923,2025-09-12,2.07,2.069,2.086,2.064,5221.0,,1.0643444605708656,0.0967585873246144,0.0019999999999997797,
159923,2025-09-15,2.079,2.08,2.098,2.079,1701.0,,0.9183180280328508,0.5316578057032441,0.01100000000000012,
159923,2025-09-16,2.084,2.07,2.084,2.062,470.0,,1.0576923076923193,-0.4807692307692419,-0.010000000000000231,
159923,2025-09-17,2.07,2.085,2.087,2.065,2865.0,,1.0628019323671614,0.7246376811594264,0.015000000000000124,
159923,2025-09-18,2.089,2.066,2.098,2.046,3142.0,,2.494004796163072,-0.9112709832134355,-0.019000000000000128,
159923,2025-09-19,2.071,2.076,2.08,2.067,4479.0,,0.629235237173277,0.4840271055179203,0.010000000000000231,
159923,2025-09-22,2.07,2.077,2.08,2.064,2249.0,,0.7707129094412338,0.048169556840071764,0.0009999999999998899,
159923,2025-09-23,2.085,2.071,2.096,2.055,3620.0,,1.9740009629272957,-0.28887818969666745,-0.005999999999999783,
159923,2025-09-24,2.076,2.109,2.109,2.074,2837.0,,1.6900048285852312,1.8348623853210917,0.03799999999999981,
159923,2025-09-25,2.11,2.123,2.134,2.109,1777.0,,1.1853959222380233,0.6638217164533066,0.014000000000000234,
159923,2025-09-26,2.121,2.104,2.124,2.103,741.0,,0.9891662741403631,-0.8949599623174813,-0.019000000000000128,
159923,2025-09-29,2.1,2.13,2.143,2.1,3543.0,,2.0437262357414308,1.2357414448669106,0.0259999999999998,
159923,2025-09-30,2.13,2.149,2.15,2.13,2024.0,,0.9389671361502356,0.892018779342729,0.019000000000000128,
159923,2025-10-09,2.161,2.193,2.199,2.159,1860.0,,1.861330851558866,2.047463936714753,0.04400000000000004,
159923,2025-10-10,2.167,2.134,2.17,2.13,1372.0,,1.8239854081167368,-2.6903784769721915,-0.05900000000000016,
159923,2025-10-13,2.101,2.125,2.125,2.09,1657.0,,1.6401124648547396,-0.42174320524835507,-0.008999999999999897,
159923,2025-10-14,2.128,2.092,2.149,2.084,4799.0,,3.0588235294117623,-1.5529411764705843,-0.03299999999999992,
159923,2025-10-15,2.091,2.123,2.123,2.088,3004.0,,1.6730401529636778,1.4818355640535439,0.03100000000000014,
159923,2025-10-16,2.12,2.13,2.142,2.119,1293.0,,1.0833725859632448,0.32972209138010705,0.006999999999999673,
159923,2025-10-17,2.125,2.071,2.125,2.07,1860.0,,2.5821596244131535,-2.769953051643179,-0.05899999999999972,
159923,2025-10-20,2.1,2.086,2.1,2.08,12905.0,,0.9657170449058434,0.7242877836793665,0.01499999999999968,
159923,2025-10-21,2.11,2.123,2.13,2.11,1404.0,,0.9587727708533087,1.773729626078637,0.037000000000000366,
159923,2025-10-22,2.123,2.114,2.123,2.101,1278.0,,1.0362694300518247,-0.42392840320303066,-0.009000000000000341,
159923,2025-10-23,2.106,2.125,2.125,2.093,190.0,,1.5137180700094621,0.5203405865657579,0.01100000000000012,
159923,2025-10-24,2.141,2.154,2.156,2.138,15773.0,,0.847058823529423,1.3647058823529372,0.028999999999999915,
159923,2025-10-27,2.178,2.178,2.184,2.171,969.0,,0.6035283194057727,1.1142061281337057,0.02400000000000002,
159923,2025-10-28,2.178,2.163,2.183,2.161,1193.0,,1.0101010101010008,-0.6887052341597854,-0.015000000000000124,
159923,2025-10-29,2.172,2.189,2.189,2.17,1875.0,,0.8784096162737,1.2020342117429612,0.026000000000000245,
159923,2025-10-30,2.19,2.176,2.195,2.176,808.0,,0.8679762448606526,-0.593878483325715,-0.0129999999999999,
159923,2025-10-31,2.179,2.149,2.179,2.149,1324.0,,1.3786764705882262,-1.240808823529418,-0.027000000000000135,
159923,2025-11-03,2.145,2.147,2.147,2.126,1176.0,,0.9771986970683997,-0.09306654257795365,-0.002000000000000224,
159923,2025-11-04,2.146,2.131,2.152,2.12,1394.0,,1.4904517931998151,-0.7452258965999076,-0.016000000000000014,
159923,2025-11-05,2.138,2.142,2.142,2.11,3541.0,,1.501642421398406,0.5161895823557073,0.01100000000000012,
159923,2025-11-06,2.164,2.167,2.172,2.164,567.0,,0.37348272642390323,1.1671335200746924,0.02499999999999991,
159923,2025-11-07,2.163,2.166,2.176,2.163,899.0,,0.5999077065067072,-0.04614674665435579,-0.0009999999999998899,
159923,2025-11-10,2.175,2.17,2.176,2.16,721.0,,0.7386888273314873,0.18467220683287183,0.0040000000000000036,
159923,2025-11-11,2.155,2.155,2.155,2.155,55.0,,0.0,-0.6912442396313422,-0.015000000000000124,
159923,2025-11-12,2.145,2.157,2.159,2.14,666.0,,0.8816705336426768,0.09280742459397792,0.002000000000000224,
159923,2025-11-13,2.153,2.187,2.187,2.153,1329.0,,1.5762633286972558,1.3908205841446362,0.029999999999999805,
159923,2025-11-14,2.167,2.152,2.172,2.152,257.0,,0.9144947416552365,-1.6003657978966486,-0.0349999999999997,
159923,2025-11-17,2.136,2.139,2.142,2.129,162.0,,0.6040892193308504,-0.604089219330871,-0.013000000000000345,
159923,2025-11-18,2.13,2.12,2.136,2.115,802.0,,0.9817671809256621,-0.8882655446470166,-0.018999999999999684,
159923,2025-11-19,2.13,2.14,2.142,2.127,270.0,,0.7075471698113266,0.9433962264150951,0.020000000000000018,
159923,2025-11-20,2.141,2.12,2.145,2.12,795.0,,1.1682242990654164,-0.9345794392523372,-0.020000000000000018,
159923,2025-11-21,2.105,2.07,2.105,2.07,918.0,,1.6509433962264217,-2.358490566037748,-0.050000000000000266,
159923,2025-11-24,2.062,2.076,2.076,2.06,711.0,,0.7729468599033824,0.2898550724637791,0.006000000000000227,
159923,2025-11-25,2.1,2.09,2.1,2.081,824.0,,0.9152215799614705,0.6743737957610689,0.01399999999999979,
159923,2025-11-26,2.096,2.105,2.112,2.096,362.0,,0.7655502392344504,0.7177033492823026,0.015000000000000124,
159923,2025-11-27,2.105,2.098,2.123,2.097,974.0,,1.235154394299299,-0.3325415676959676,-0.007000000000000117,
159923,2025-11-28,2.096,2.106,2.106,2.09,89.0,,0.7626310772163973,0.38131553860819867,0.008000000000000007,
159923,2025-12-01,2.115,2.126,2.126,2.112,315.0,,0.6647673314339883,0.9496676163342839,0.020000000000000018,
159923,2025-12-02,2.124,2.117,2.126,2.111,2179.0,,0.7055503292568054,-0.4233301975540874,-0.008999999999999897,
159923,2025-12-03,2.122,2.105,2.122,2.105,874.0,,0.8030231459612615,-0.5668398677373646,-0.01200000000000001,
159923,2025-12-04,2.109,2.115,2.115,2.108,221.0,,0.3325415676959676,0.4750593824228138,0.010000000000000231,
159923,2025-12-05,2.118,2.14,2.141,2.118,2271.0,,1.0874704491725828,1.1820330969267097,0.02499999999999991,
159923,2025-12-08,2.144,2.15,2.158,2.139,4008.0,,0.8878504672897256,0.46728971962615823,0.009999999999999787,
159923,2025-12-09,2.146,2.137,2.149,2.13,186.0,,0.883720930232564,-0.6046511627906931,-0.0129999999999999,
159923,2025-12-10,2.125,2.136,2.138,2.116,638.0,,1.0294805802526812,-0.0467945718296626,-0.0009999999999998899,
159923,2025-12-11,2.14,2.12,2.15,2.12,1389.0,,1.4044943820224627,-0.7490636704119856,-0.016000000000000014,
159923,2025-12-12,2.125,2.136,2.136,2.114,802.0,,1.037735849056615,0.7547169811320761,0.016000000000000014,
159923,2025-12-15,2.133,2.125,2.136,2.121,186.0,,0.7022471910112418,-0.5149812734082453,-0.01100000000000012,
159923,2025-12-16,2.12,2.09,2.12,2.083,620.0,,1.7411764705882318,-1.6470588235294186,-0.03500000000000014,
159923,2025-12-17,2.094,2.126,2.131,2.094,312.0,,1.7703349282296614,1.7224880382775136,0.03600000000000003,
159923,2025-12-18,2.109,2.111,2.118,2.106,917.0,,0.5644402634054568,-0.7055503292568054,-0.01499999999999968,
159923,2025-12-19,2.128,2.118,2.13,2.118,4103.0,,0.5684509711037428,0.3315963998105008,0.006999999999999673,
159923,2025-12-22,2.118,2.141,2.144,2.118,4620.0,,1.227573182247415,1.0859301227573246,0.02300000000000013,
159923,2025-12-23,2.144,2.147,2.158,2.144,991.0,,0.6539000467071364,0.28024287716019536,0.005999999999999783,
159923,2025-12-24,2.145,2.153,2.158,2.14,3053.0,,0.8383791336748856,0.2794597112249757,0.006000000000000227,
159923,2025-12-25,2.136,2.156,2.16,2.136,389.0,,1.114723641430563,0.13934045517882554,0.0030000000000001137,
159923,2025-12-26,2.162,2.167,2.173,2.156,587.0,,0.7884972170686412,0.510204081632638,0.010999999999999677,
159923,2025-12-29,2.178,2.15,2.178,2.15,1367.0,,1.2921089063221056,-0.7844946931241303,-0.016999999999999904,
159923,2025-12-30,2.15,2.161,2.161,2.15,1125.0,,0.5116279069767498,0.5116279069767498,0.01100000000000012,
159923,2025-12-31,2.165,2.144,2.165,2.144,3770.0,,0.9717723276260948,-0.7866728366496947,-0.016999999999999904,
159923,2026-01-05,2.165,2.194,2.198,2.165,3550.0,,1.539179104477608,2.3320895522387977,0.04999999999999982,
159923,2026-01-06,2.212,2.23,2.23,2.21,1640.0,,0.9115770282588886,1.6408386508659996,0.03600000000000003,
159923,2026-01-07,2.231,2.228,2.238,2.215,2820.0,,1.0313901345291538,-0.08968609865469865,-0.0019999999999997797,
159923,2026-01-08,2.216,2.209,2.228,2.205,3513.0,,1.03231597845602,-0.8527827648114957,-0.019000000000000128,
159923,2026-01-09,2.212,2.223,2.231,2.212,1157.0,,0.8601177003168712,0.6337709370755903,0.01399999999999979,
159923,2026-01-12,2.235,2.227,2.235,2.211,1728.0,,1.0796221322537123,0.17993702204228537,0.0040000000000000036,
159923,2026-01-13,2.397,2.226,2.398,2.215,26562.0,,8.217332734620578,-0.044903457566227656,-0.0009999999999998899,
159923,2026-01-14,2.21,2.214,2.25,2.204,12473.0,,2.0664869721473416,-0.539083557951483,-0.01200000000000001,
159923,2026-01-15,2.204,2.225,2.229,2.204,3997.0,,1.1291779584462471,0.49683830171635596,0.01100000000000012,
159923,2026-01-16,2.23,2.216,2.247,2.216,1390.0,,1.3932584269662782,-0.40449438202246724,-0.008999999999999897,
159923,2026-01-19,2.222,2.22,2.234,2.216,2901.0,,0.8122743682310375,0.180505415162455,0.0040000000000000036,
159923,2026-01-20,2.223,2.213,2.234,2.197,6452.0,,1.6666666666666627,-0.31531531531532053,-0.007000000000000117,
159923,2026-01-21,2.219,2.217,2.235,2.217,3498.0,,0.8133755083596834,0.18075011296882076,0.0040000000000000036,
159923,2026-01-22,2.23,2.21,2.235,2.204,3827.0,,1.3982859720342669,-0.31574199368516537,-0.007000000000000117,
159923,2026-01-23,2.218,2.2,2.218,2.195,5230.0,,1.0407239819004586,-0.4524886877827958,-0.009999999999999787,
159923,2026-01-26,2.211,2.223,2.232,2.203,7497.0,,1.3181818181818343,1.0454545454545312,0.022999999999999687,
159923,2026-01-27,2.201,2.215,2.224,2.193,15652.0,,1.3945119208277168,-0.35987404408457074,-0.008000000000000007,
159923,2026-01-28,2.195,2.218,2.223,2.195,15181.0,,1.2641083521444707,0.1354401805869126,0.0030000000000001137,
159923,2026-01-29,2.215,2.23,2.44,2.21,22697.0,,10.369702434625788,0.5410279531109112,0.01200000000000001,
159923,2026-01-30,2.221,2.221,2.223,2.185,1396.0,,1.7040358744394535,-0.4035874439461838,-0.008999999999999897,
159923,2026-02-02,2.199,2.148,2.199,2.148,3916.0,,2.2962629446195275,-3.28680774425934,-0.07299999999999995,
159923,2026-02-03,2.172,2.18,2.18,2.144,5472.0,,1.6759776536312863,1.489757914338921,0.03200000000000003,
159923,2026-02-04,2.169,2.2,2.201,2.169,866.0,,1.467889908256882,0.9174311926605512,0.020000000000000018,
159923,2026-02-05,2.191,2.179,2.191,2.169,3377.0,,0.9999999999999907,-0.9545454545454704,-0.02100000000000035,
159923,2026-02-06,2.171,2.177,2.187,2.155,294.0,,1.4685635612666375,-0.09178522257915465,-0.0019999999999997797,
159923,2026-02-09,2.185,2.208,2.208,2.185,1159.0,,1.056499770326143,1.4239779513091473,0.03100000000000014,
159923,2026-02-10,2.205,2.21,2.21,2.205,109.0,,0.226449275362314,0.09057971014491756,0.0019999999999997797,
159923,2026-02-11,2.211,2.205,2.212,2.204,161.0,,0.36199095022624467,-0.2262443438913979,-0.004999999999999893,
159923,2026-02-12,2.209,2.21,2.214,2.207,2288.0,,0.31746031746032277,0.22675736961450763,0.004999999999999893,
159923,2026-02-13,2.206,2.181,2.209,2.179,2038.0,,1.3574660633484277,-1.312217194570132,-0.028999999999999915,
159923,2026-02-24,2.199,2.208,2.214,2.199,882.0,,0.6877579092159617,1.237964236588727,0.027000000000000135,
159923,2026-02-25,2.198,2.221,2.234,2.198,966.0,,1.630434782608697,0.5887681159420244,0.0129999999999999,
159923,2026-02-26,2.224,2.211,2.224,2.205,980.0,,0.8554705087798345,-0.4502476361999203,-0.010000000000000231,
159923,2026-02-27,2.201,2.202,2.204,2.192,230.0,,0.5427408412483045,-0.4070556309362233,-0.008999999999999897,
159923,2026-03-02,2.202,2.217,2.22,2.182,3270.0,,1.7257039055404295,0.6811989100817495,0.015000000000000124,
159923,2026-03-03,2.217,2.171,2.217,2.171,4864.0,,2.0748759585024925,-2.0748759585024925,-0.04600000000000026,
159923,2026-03-04,2.162,2.145,2.162,2.139,4529.0,,1.0594196222938799,-1.1976047904191525,-0.0259999999999998,
159923,2026-03-05,2.145,2.169,2.179,2.145,10387.0,,1.5850815850815763,1.1188811188811199,0.02400000000000002,
159923,2026-03-06,2.158,2.174,2.18,2.153,2431.0,,1.244813278008305,0.2305209774089393,0.004999999999999893,
159923,2026-03-09,2.158,2.154,2.161,2.123,4123.0,,1.7479300827966795,-0.9199632014719419,-0.020000000000000018,
159923,2026-03-10,2.16,2.187,2.188,2.16,3837.0,,1.2999071494893233,1.5320334261838404,0.03299999999999992,
159923,2026-03-11,2.19,2.202,2.203,2.187,3084.0,,0.731595793324189,0.6858710562414323,0.015000000000000124,
159923,2026-03-12,2.193,2.186,2.197,2.176,4402.0,,0.9536784741144373,-0.7266121707538608,-0.016000000000000014,
159923,2026-03-13,2.23,2.181,2.23,2.175,1899.0,,2.5160109789570066,-0.22872827081426775,-0.004999999999999893,
159923,2026-03-16,2.165,2.187,2.187,2.159,1389.0,,1.2838147638697857,0.27510316368637244,0.005999999999999783,
159923,2026-03-17,2.358,2.173,2.358,2.154,3941.0,,9.32784636488341,-0.6401463191586553,-0.01399999999999979,
159923,2026-03-18,2.17,2.181,2.182,2.154,2178.0,,1.2885411872986665,0.36815462494247614,0.008000000000000007,
159923,2026-03-19,2.156,2.136,2.166,2.134,2004.0,,1.4672168729940407,-2.0632737276478648,-0.04499999999999993,
159923,2026-03-20,2.151,2.13,2.16,2.13,8831.0,,1.4044943820224836,-0.280898876404505,-0.006000000000000227,
159923,2026-03-23,2.096,2.059,2.105,2.055,14890.0,,2.3474178403755785,-3.3333333333333206,-0.07099999999999973,
159923,2026-03-24,2.079,2.085,2.085,2.048,10309.0,,1.7969888295288936,1.2627489072365128,0.0259999999999998,
159923,2026-03-25,2.09,2.118,2.119,2.09,2098.0,,1.390887290167883,1.5827338129496364,0.03299999999999992,
159923,2026-03-26,2.118,2.085,2.118,2.085,3914.0,,1.558073654390931,-1.558073654390931,-0.03299999999999992,
159923,2026-03-27,2.081,2.108,2.113,2.081,1664.0,,1.534772182254198,1.10311750599521,0.02300000000000013,
159923,2026-03-30,2.089,2.097,2.098,2.076,605.0,,1.043643263757106,-0.5218216318785636,-0.01100000000000012,
159923,2026-03-31,2.1,2.078,2.107,2.077,2045.0,,1.4306151645207557,-0.9060562708631439,-0.019000000000000128,
159923,2026-04-01,2.1,2.111,2.111,2.097,2885.0,,0.6737247353224367,1.5880654475457345,0.03300000000000036,
159923,2026-04-02,2.099,2.084,2.103,2.079,1513.0,,1.1369019422074855,-1.2790146849834265,-0.027000000000000135,
159923,2026-04-03,2.075,2.065,2.079,2.064,1100.0,,0.7197696737044205,-0.9117082533589312,-0.019000000000000128,
159923,2026-04-07,2.069,2.064,2.069,2.058,1663.0,,0.532687651331725,-0.04842615012106004,-0.0009999999999998899,
159923,2026-04-08,2.115,2.143,2.145,2.113,3894.0,,1.5503875968992262,3.8275193798449485,0.07899999999999974,
159923,2026-04-09,2.125,2.13,2.135,2.122,1962.0,,0.6066262249183342,-0.6066262249183342,-0.0129999999999999,
159923,2026-04-10,2.14,2.169,2.178,2.14,3249.0,,1.7840375586854373,1.8309859154929646,0.039000000000000146,
159923,2026-04-13,2.195,2.176,2.195,2.166,221.0,,1.3370216689718726,0.3227293683725273,0.007000000000000117,
159923,2026-04-14,2.184,2.202,2.203,2.184,1090.0,,0.8731617647058678,1.1948529411764612,0.0259999999999998,
159923,2026-04-15,2.221,2.195,2.221,2.195,341.0,,1.180744777475034,-0.31789282470481917,-0.007000000000000117,
159923,2026-04-16,2.204,2.224,2.224,2.204,1736.0,,0.9111617312072902,1.321184510250586,0.02900000000000036,
159923,2026-04-17,2.217,2.219,2.219,2.206,2604.0,,0.5845323741007149,-0.22482014388490726,-0.0050000000000003375,
159923,2026-04-20,2.392,2.224,2.392,2.208,23161.0,,8.292023433979258,0.2253267237494519,0.0050000000000003375,
159923,2026-04-21,2.22,2.233,2.233,2.204,1726.0,,1.3039568345323702,0.4046762589928011,0.008999999999999897,
159923,2026-04-22,2.233,2.242,2.242,2.227,9766.0,,0.6717420510524015,0.40304523063143294,0.008999999999999897,
159923,2026-04-23,2.253,2.235,2.254,2.224,5071.0,,1.3380909901873241,-0.31222123104371624,-0.007000000000000117,
159923,2026-04-24,2.238,2.243,2.25,2.224,5524.0,,1.1633109619686712,0.3579418344519019,0.008000000000000007,
159923,2026-04-27,2.244,2.24,2.25,2.237,712.0,,0.5795809184128355,-0.13374944271064065,-0.0029999999999996696,
159923,2026-04-28,2.23,2.229,2.241,2.226,2571.0,,0.6696428571428626,-0.49107142857143393,-0.01100000000000012,
159923,2026-04-29,2.221,2.263,2.264,2.221,2750.0,,1.9291161956033962,1.5253476895468734,0.03399999999999981,
159923,2026-04-30,2.265,2.264,2.273,2.26,5944.0,,0.5744586831639569,0.044189129474144495,0.0009999999999998899,
159923,2026-05-06,2.282,2.317,2.32,2.282,3374.0,,1.6784452296819705,2.3409893992933033,0.05300000000000038,
159923,2026-05-07,2.315,2.316,2.317,2.301,1968.0,,0.6905481225722923,-0.04315925766078264,-0.001000000000000334,
159923,2026-05-08,2.307,2.297,2.307,2.29,2547.0,,0.7340241796200304,-0.820379965457672,-0.018999999999999684,
159923,2026-05-11,2.315,2.35,2.352,2.315,2849.0,,1.6107966913365226,2.307357422725291,0.052999999999999936,
159923,2026-05-12,2.366,2.338,2.366,2.326,2737.0,,1.7021276595744694,-0.5106382978723408,-0.01200000000000001,
159923,2026-05-13,2.33,2.361,2.361,2.326,3316.0,,1.4970059880239581,0.9837467921300312,0.02300000000000013,
159923,2026-05-14,2.373,2.326,2.373,2.321,3482.0,,2.202456586192293,-1.4824227022448173,-0.03500000000000014,
159923,2026-05-15,2.32,2.295,2.327,2.28,10041.0,,2.020636285468622,-1.3327601031814331,-0.03100000000000014,
159923,2026-05-18,2.291,2.28,2.304,2.267,3389.0,,1.6122004357298443,-0.6535947712418355,-0.015000000000000124,
159923,2026-05-19,2.27,2.283,2.283,2.25,6213.0,,1.447368421052628,0.13157894736842607,0.0030000000000001137,
159923,2026-05-20,2.274,2.296,2.299,2.274,1659.0,,1.0950503723171228,0.5694261936049015,0.0129999999999999,
159923,2026-05-21,2.312,2.268,2.343,2.268,4196.0,,3.2665505226480915,-1.2195121951219525,-0.028000000000000025,
159923,2026-05-22,2.283,2.293,2.295,2.268,4562.0,,1.1904761904761965,1.1022927689594513,0.025000000000000355,
159923,2026-05-25,2.294,2.323,2.325,2.294,2969.0,,1.3519406890536474,1.3083296990841606,0.029999999999999805,
159923,2026-05-26,2.33,2.339,2.34,2.307,4974.0,,1.4205768402927215,0.6887645286267763,0.016000000000000014,
159923,2026-05-27,2.345,2.324,2.358,2.316,14319.0,,1.795639162035069,-0.6412997007268116,-0.015000000000000124,
159923,2026-05-28,2.324,2.321,2.39,2.285,5333.0,,4.518072289156626,-0.12908777969017513,-0.0029999999999996696,
159923,2026-05-29,2.337,2.31,2.337,2.301,5332.0,,1.5510555794915997,-0.4739336492891047,-0.01100000000000012,
159923,2026-06-01,2.312,2.278,2.321,2.276,5127.0,,1.9480519480519642,-1.3852813852813866,-0.03200000000000003,
159923,2026-06-02,2.275,2.312,2.32,2.271,10956.0,,2.1510096575943782,1.4925373134328275,0.03399999999999981,
159923,2026-06-03,2.303,2.316,2.349,2.303,3032.0,,1.9896193771626411,0.17301038062283752,0.0040000000000000036,
