code,date,open,close,high,low,volume,amount,amplitude,pct_chg,price_change,turnover_rate
510310,2019-05-21,2.884,2.916,2.944,2.876,546879.0,,,,,
510310,2019-05-22,2.916,2.914,2.93,2.892,299142.0,,1.3031550068587194,-0.06858710562413511,-0.0019999999999997797,
510310,2019-05-23,2.904,2.86,2.908,2.854,523759.0,,1.8531228551818744,-1.8531228551818897,-0.05400000000000027,
510310,2019-05-24,2.866,2.864,2.89,2.852,440083.0,,1.3286713286713376,0.13986013986013998,0.0040000000000000036,
510310,2019-05-27,2.862,2.902,2.916,2.83,488259.0,,3.0027932960893806,1.3268156424581097,0.038000000000000256,
510310,2019-05-28,2.902,2.914,2.942,2.892,504669.0,,1.722949689869065,0.41350792556857374,0.01200000000000001,
510310,2019-05-29,2.91,2.922,2.952,2.896,503847.0,,1.9217570350034334,0.27453671928620477,0.008000000000000007,
510310,2019-05-30,2.922,2.914,2.922,2.88,563618.0,,1.437371663244362,-0.27378507871321034,-0.008000000000000007,
510310,2019-05-31,2.898,2.902,2.94,2.896,552454.0,,1.5099519560741261,-0.4118050789293072,-0.01200000000000001,
510310,2019-06-03,2.904,2.908,2.946,2.888,678060.0,,1.998621640248114,0.20675396278427924,0.005999999999999783,
510310,2019-06-04,2.916,2.88,2.916,2.866,552984.0,,1.719394773039884,-0.9628610729023392,-0.028000000000000025,
510310,2019-06-05,2.904,2.872,2.912,2.87,528295.0,,1.458333333333327,-0.27777777777777807,-0.008000000000000007,
510310,2019-06-06,2.874,2.846,2.88,2.842,664125.0,,1.323119777158768,-0.9052924791086282,-0.0259999999999998,
510310,2019-06-10,2.856,2.888,2.902,2.852,622357.0,,1.7568517217146966,1.4757554462403308,0.041999999999999815,
510310,2019-06-11,2.898,2.98,2.99,2.894,910214.0,,3.3240997229916927,3.185595567867039,0.09200000000000008,
510310,2019-06-12,2.986,2.96,2.986,2.954,372078.0,,1.0738255033557056,-0.671140939597316,-0.020000000000000018,
510310,2019-06-13,2.96,2.956,2.97,2.926,506682.0,,1.4864864864864877,-0.13513513513513525,-0.0040000000000000036,
510310,2019-06-14,2.952,2.936,2.974,2.928,518468.0,,1.5561569688768695,-0.6765899864682009,-0.020000000000000018,
510310,2019-06-17,2.936,2.936,2.962,2.926,480820.0,,1.22615803814714,0.0,0.0,
510310,2019-06-18,2.936,2.942,2.95,2.914,540962.0,,1.22615803814714,0.2043596730245309,0.006000000000000227,
510310,2019-06-19,3.006,2.996,3.06,2.99,735695.0,,2.3793337865397635,1.8354860639021013,0.053999999999999826,
510310,2019-06-20,2.996,3.086,3.116,2.992,984591.0,,4.138851802403208,3.004005340453934,0.08999999999999986,
510310,2019-06-21,3.086,3.094,3.122,3.078,731202.0,,1.4257939079714854,0.25923525599481556,0.008000000000000007,
510310,2019-06-24,3.094,3.098,3.108,3.078,421117.0,,0.9696186166774482,0.12928248222365882,0.0040000000000000036,
510310,2019-06-25,3.098,3.064,3.098,3.022,687049.0,,2.453195610071016,-1.0974822466107104,-0.03399999999999981,
510310,2019-06-26,3.044,3.06,3.076,3.04,431560.0,,1.174934725848565,-0.13054830287206276,-0.0040000000000000036,
510310,2019-06-27,3.072,3.1,3.116,3.068,731877.0,,1.5686274509803935,1.3071895424836613,0.040000000000000036,
510310,2019-06-28,3.102,3.1,3.102,3.074,575300.0,,0.9032258064516137,0.0,0.0,
510310,2019-07-01,3.184,3.186,3.192,3.144,835663.0,,1.5483870967741948,2.774193548387092,0.08599999999999985,
510310,2019-07-02,3.186,3.184,3.192,3.172,402966.0,,0.6277463904582554,-0.06277463904581858,-0.0019999999999997797,
510310,2019-07-03,3.182,3.156,3.182,3.142,582473.0,,1.2562814070351769,-0.8793969849246238,-0.028000000000000025,
510310,2019-07-04,3.154,3.134,3.168,3.118,556700.0,,1.5842839036755472,-0.6970849176172447,-0.02200000000000024,
510310,2019-07-05,3.132,3.152,3.16,3.126,630489.0,,1.0848755583918397,0.5743458838545067,0.018000000000000238,
510310,2019-07-08,3.138,3.076,3.138,3.048,689128.0,,2.855329949238574,-2.4111675126903576,-0.07600000000000007,
510310,2019-07-09,3.076,3.07,3.09,3.056,468508.0,,1.1053315994798376,-0.19505851755527395,-0.006000000000000227,
510310,2019-07-10,3.072,3.068,3.088,3.058,461966.0,,0.977198697068412,-0.06514657980455309,-0.0019999999999997797,
510310,2019-07-11,3.08,3.068,3.11,3.056,558101.0,,1.7601043024771783,0.0,0.0,
510310,2019-07-12,3.072,3.092,3.104,3.062,525622.0,,1.3689700130378182,0.7822685788787491,0.02400000000000002,
510310,2019-07-15,3.08,3.108,3.132,3.042,674630.0,,2.9107373868046666,0.5174644243208284,0.016000000000000014,
510310,2019-07-16,3.106,3.094,3.114,3.086,366666.0,,0.9009009009009016,-0.450450450450458,-0.014000000000000234,
510310,2019-07-17,3.092,3.09,3.104,3.074,337776.0,,0.9696186166774482,-0.12928248222365882,-0.0040000000000000036,
510310,2019-07-18,3.064,3.066,3.084,3.064,398678.0,,0.647249190938512,-0.7766990291262144,-0.02400000000000002,
510310,2019-07-19,3.06,3.098,3.122,3.06,485996.0,,2.0221787345074964,1.0437051532941954,0.03200000000000003,
510310,2019-07-22,3.102,3.076,3.108,3.058,557291.0,,1.6139444803098861,-0.7101355713363395,-0.021999999999999797,
510310,2019-07-23,3.076,3.084,3.086,3.07,384078.0,,0.5201560468140447,0.26007802340702235,0.008000000000000007,
510310,2019-07-24,3.09,3.11,3.132,3.09,484078.0,,1.361867704280164,0.8430609597924709,0.0259999999999998,
510310,2019-07-25,3.11,3.138,3.138,3.106,445025.0,,1.0289389067524124,0.9003215434083609,0.028000000000000025,
510310,2019-07-26,3.13,3.148,3.154,3.104,575399.0,,1.5933715742511099,0.31867431485023046,0.010000000000000231,
510310,2019-07-29,3.148,3.142,3.148,3.128,463668.0,,0.6353240152477768,-0.19059720457434012,-0.006000000000000227,
510310,2019-07-30,3.138,3.156,3.178,3.138,557593.0,,1.2730744748567804,0.44557606619988016,0.014000000000000234,
510310,2019-07-31,3.154,3.128,3.154,3.122,926946.0,,1.0139416983523455,-0.8871989860583024,-0.028000000000000025,
510310,2019-08-01,3.12,3.102,3.122,3.09,690449.0,,1.0230179028133002,-0.8312020460358135,-0.026000000000000245,
510310,2019-08-02,3.06,3.05,3.06,3.026,837065.0,,1.0960670535138701,-1.676337846550614,-0.052000000000000046,
510310,2019-08-05,3.034,2.992,3.042,2.988,1215242.0,,1.770491803278683,-1.9016393442622896,-0.05799999999999983,
510310,2019-08-06,2.96,2.95,2.968,2.902,1328427.0,,2.205882352941171,-1.4037433155080152,-0.041999999999999815,
510310,2019-08-07,2.962,2.938,2.968,2.936,608389.0,,1.0847457627118653,-0.4067796610169495,-0.01200000000000001,
510310,2019-08-08,2.944,2.98,2.99,2.944,485489.0,,1.5656909462219284,1.4295439074200074,0.041999999999999815,
510310,2019-08-09,2.994,2.956,2.998,2.948,574781.0,,1.6778523489932977,-0.8053691275167794,-0.02400000000000002,
510310,2019-08-12,2.968,3.006,3.008,2.96,594697.0,,1.623815967523682,1.6914749661704946,0.04999999999999982,
510310,2019-08-13,2.976,2.984,2.994,2.972,586296.0,,0.7318695941450513,-0.7318695941450366,-0.021999999999999797,
510310,2019-08-14,3.018,3.0,3.026,2.996,674352.0,,1.0053619302948995,0.5361930294906171,0.016000000000000014,
510310,2019-08-15,2.964,3.01,3.012,2.942,808363.0,,2.3333333333333277,0.33333333333332626,0.009999999999999787,
510310,2019-08-16,3.0,3.022,3.044,2.996,796236.0,,1.5946843853820614,0.39867109634551534,0.01200000000000001,
510310,2019-08-19,3.04,3.098,3.1,3.03,709182.0,,2.3163467902051718,2.5148908007941784,0.07600000000000007,
510310,2019-08-20,3.098,3.084,3.106,3.08,613420.0,,0.8392511297611298,-0.4519044544867589,-0.01399999999999979,
510310,2019-08-21,3.086,3.086,3.092,3.072,487994.0,,0.6485084306095985,0.06485084306095265,0.0019999999999997797,
510310,2019-08-22,3.088,3.09,3.096,3.074,534176.0,,0.7128969539857499,0.12961762799740778,0.0040000000000000036,
510310,2019-08-23,3.09,3.116,3.126,3.086,815310.0,,1.294498381877024,0.8414239482200727,0.026000000000000245,
510310,2019-08-26,3.062,3.074,3.084,3.06,806984.0,,0.7702182284980751,-1.3478818998716386,-0.04200000000000026,
510310,2019-08-27,3.082,3.116,3.146,3.082,746303.0,,2.081977878985038,1.3662979830839381,0.04200000000000026,
510310,2019-08-28,3.116,3.102,3.122,3.092,501942.0,,0.9627727856225867,-0.4492939666238842,-0.014000000000000234,
510310,2019-08-29,3.106,3.096,3.106,3.074,783659.0,,1.031592520954224,-0.19342359767890985,-0.005999999999999783,
510310,2019-08-30,3.108,3.104,3.132,3.084,585315.0,,1.5503875968992262,0.25839793281653767,0.008000000000000007,
510310,2019-09-02,3.1,3.14,3.154,3.1,625293.0,,1.739690721649479,1.1597938144329907,0.03600000000000003,
510310,2019-09-03,3.134,3.144,3.148,3.13,599628.0,,0.5732484076433197,0.12738853503184724,0.0040000000000000036,
510310,2019-09-04,3.14,3.182,3.182,3.14,982990.0,,1.335877862595414,1.2086513994910881,0.03799999999999981,
510310,2019-09-05,3.206,3.214,3.26,3.194,646010.0,,2.074167190446255,1.0056568196103088,0.03200000000000003,
510310,2019-09-06,3.226,3.234,3.24,3.212,712490.0,,0.8711885500933424,0.6222775357809589,0.020000000000000018,
510310,2019-09-09,3.26,3.254,3.266,3.24,730184.0,,0.8039579468150836,0.6184291898577619,0.020000000000000018,
510310,2019-09-10,3.242,3.242,3.258,3.224,414863.0,,1.0448678549477506,-0.3687768899815615,-0.01200000000000001,
510310,2019-09-11,3.262,3.218,3.262,3.214,462820.0,,1.4805675508945109,-0.7402837754472554,-0.02400000000000002,
510310,2019-09-12,3.224,3.25,3.256,3.222,475052.0,,1.0565568676196335,0.9944064636420147,0.03200000000000003,
510310,2019-09-16,3.256,3.246,3.262,3.228,550344.0,,1.0461538461538402,-0.1230769230769232,-0.0040000000000000036,
510310,2019-09-17,3.23,3.184,3.234,3.17,543422.0,,1.971657424522491,-1.9100431300061564,-0.06199999999999983,
510310,2019-09-18,3.186,3.194,3.208,3.186,484518.0,,0.6909547738693543,0.3140703517587873,0.009999999999999787,
510310,2019-09-19,3.204,3.212,3.212,3.188,456073.0,,0.7514088916718855,0.5635566687539211,0.018000000000000238,
510310,2019-09-20,3.212,3.214,3.228,3.21,439703.0,,0.5603985056039924,0.06226650062265814,0.0019999999999997797,
510310,2019-09-23,3.206,3.186,3.21,3.166,607230.0,,1.3690105787181095,-0.8711885500933424,-0.028000000000000025,
510310,2019-09-24,3.186,3.188,3.218,3.18,491552.0,,1.1927181418706783,0.06277463904583251,0.002000000000000224,
510310,2019-09-25,3.188,3.162,3.188,3.162,500735.0,,0.8155583437892171,-0.8155583437892171,-0.026000000000000245,
510310,2019-09-26,3.184,3.142,3.184,3.136,480693.0,,1.518026565464897,-0.6325110689437071,-0.020000000000000018,
510310,2019-09-27,3.142,3.15,3.156,3.136,391741.0,,0.6365372374283902,0.2546148949713561,0.008000000000000007,
510310,2019-09-30,3.146,3.106,3.152,3.104,461285.0,,1.5238095238095253,-1.396825396825398,-0.04400000000000004,
510310,2019-10-08,3.11,3.132,3.154,3.11,421806.0,,1.4166130070830663,0.8370895041854555,0.026000000000000245,
510310,2019-10-09,3.132,3.142,3.142,3.108,345835.0,,1.085568326947631,0.3192848020434159,0.009999999999999787,
510310,2019-10-10,3.14,3.17,3.176,3.128,459777.0,,1.5276893698281362,0.8911521323997461,0.028000000000000025,
510310,2019-10-11,3.18,3.206,3.218,3.164,499445.0,,1.7034700315457358,1.135646687697162,0.03600000000000003,
510310,2019-10-14,3.23,3.234,3.264,3.222,610848.0,,1.310043668122265,0.873362445414848,0.028000000000000025,
510310,2019-10-15,3.234,3.224,3.234,3.218,369126.0,,0.4947433518862095,-0.30921459492887404,-0.009999999999999787,
510310,2019-10-16,3.224,3.212,3.25,3.21,404529.0,,1.240694789081887,-0.37220843672456605,-0.01200000000000001,
510310,2019-10-17,3.212,3.212,3.226,3.204,358832.0,,0.6849315068493087,0.0,0.0,
510310,2019-10-18,3.212,3.164,3.23,3.154,643382.0,,2.366127023661272,-1.4943960149439615,-0.04800000000000004,
510310,2019-10-21,3.168,3.17,3.176,3.15,426579.0,,0.8217446270543693,0.18963337547407658,0.005999999999999783,
510310,2019-10-22,3.176,3.19,3.192,3.164,545530.0,,0.8832807570977926,0.6309148264984233,0.020000000000000018,
510310,2019-10-23,3.188,3.168,3.192,3.158,397971.0,,1.0658307210031426,-0.6896551724137867,-0.021999999999999797,
510310,2019-10-24,3.166,3.166,3.184,3.146,520893.0,,1.1994949494949576,-0.0631313131313202,-0.002000000000000224,
510310,2019-10-25,3.166,3.188,3.188,3.142,824756.0,,1.452937460518012,0.6948831332912269,0.02200000000000024,
510310,2019-10-28,3.204,3.21,3.216,3.188,644676.0,,0.8782936010037647,0.6900878293600939,0.021999999999999797,
510310,2019-10-29,3.208,3.198,3.214,3.198,339457.0,,0.49844236760124655,-0.3738317757009349,-0.01200000000000001,
510310,2019-10-30,3.198,3.182,3.2,3.172,412081.0,,0.8755472170106325,-0.5003126954346471,-0.016000000000000014,
510310,2019-10-31,3.186,3.18,3.196,3.174,331455.0,,0.6913890634820943,-0.06285355122563734,-0.0019999999999997797,
510310,2019-11-01,3.18,3.242,3.244,3.172,583849.0,,2.264150943396228,1.9496855345911897,0.06199999999999983,
510310,2019-11-04,3.24,3.258,3.268,3.24,452166.0,,0.863664404688451,0.49352251696483695,0.016000000000000014,
510310,2019-11-05,3.258,3.28,3.314,3.254,467608.0,,1.8416206261510144,0.6752608962553651,0.021999999999999797,
510310,2019-11-06,3.278,3.268,3.286,3.256,393532.0,,0.914634146341471,-0.36585365853658575,-0.01200000000000001,
510310,2019-11-07,3.268,3.27,3.288,3.256,439163.0,,0.9791921664626693,0.06119951040392363,0.002000000000000224,
510310,2019-11-08,3.306,3.26,3.316,3.256,453723.0,,1.8348623853211024,-0.3058103975535239,-0.010000000000000231,
510310,2019-11-11,3.258,3.198,3.258,3.192,585629.0,,2.024539877300609,-1.901840490797541,-0.06199999999999983,
510310,2019-11-12,3.2,3.194,3.21,3.176,451969.0,,1.0631644777986182,-0.12507817385866177,-0.0040000000000000036,
510310,2019-11-13,3.194,3.192,3.2,3.176,625139.0,,0.7514088916718855,-0.06261740763931684,-0.0019999999999997797,
510310,2019-11-14,3.192,3.196,3.208,3.182,660262.0,,0.8145363408521379,0.12531328320802015,0.0040000000000000036,
510310,2019-11-15,3.198,3.176,3.208,3.174,450022.0,,1.0638297872340503,-0.6257822277847315,-0.020000000000000018,
510310,2019-11-18,3.178,3.198,3.208,3.168,673762.0,,1.2594458438287164,0.692695214105787,0.021999999999999797,
510310,2019-11-19,3.198,3.234,3.236,3.192,529665.0,,1.3758599124452795,1.125703564727956,0.03600000000000003,
510310,2019-11-20,3.234,3.198,3.234,3.192,360843.0,,1.2987012987012931,-1.1131725417439713,-0.03600000000000003,
510310,2019-11-21,3.182,3.182,3.196,3.168,553132.0,,0.8755472170106325,-0.5003126954346471,-0.016000000000000014,
510310,2019-11-22,3.184,3.148,3.212,3.138,598025.0,,2.3255813953488462,-1.0685103708359462,-0.03399999999999981,
510310,2019-11-25,3.14,3.168,3.17,3.14,519594.0,,0.9529860228716583,0.6353240152477768,0.020000000000000018,
510310,2019-11-26,3.174,3.178,3.19,3.162,509496.0,,0.8838383838383845,0.3156565656565589,0.009999999999999787,
510310,2019-11-27,3.178,3.174,3.19,3.16,388025.0,,0.9439899307740656,-0.1258653241032097,-0.0040000000000000036,
510310,2019-11-28,3.17,3.166,3.186,3.154,321490.0,,1.008191556395716,-0.252047889098929,-0.008000000000000007,
510310,2019-11-29,3.162,3.124,3.164,3.114,635394.0,,1.579279848389143,-1.3265950726468672,-0.041999999999999815,
510310,2019-12-02,3.13,3.136,3.15,3.128,426476.0,,0.7042253521126696,0.3841229193341873,0.01200000000000001,
510310,2019-12-03,3.134,3.15,3.15,3.116,355449.0,,1.0841836734693817,0.44642857142856474,0.01399999999999979,
510310,2019-12-04,3.142,3.152,3.152,3.126,459249.0,,0.8253968253968331,0.06349206349207061,0.002000000000000224,
510310,2019-12-05,3.16,3.176,3.184,3.16,780551.0,,0.7614213197969549,0.7614213197969549,0.02400000000000002,
510310,2019-12-06,3.18,3.196,3.2,3.178,557970.0,,0.692695214105801,0.6297229219143582,0.020000000000000018,
510310,2019-12-09,3.198,3.19,3.206,3.18,388538.0,,0.813516896120144,-0.18773466833542637,-0.006000000000000227,
510310,2019-12-10,3.19,3.196,3.198,3.18,572979.0,,0.564263322884006,0.188087774294678,0.006000000000000227,
510310,2019-12-11,3.2,3.198,3.204,3.186,438757.0,,0.5632040050062652,0.0625782227784662,0.0019999999999997797,
510310,2019-12-12,3.198,3.19,3.204,3.186,494515.0,,0.5628517823639849,-0.25015634771732354,-0.008000000000000007,
510310,2019-12-13,3.21,3.262,3.266,3.21,772233.0,,1.7554858934169293,2.257053291536052,0.07200000000000006,
510310,2019-12-16,3.266,3.266,3.272,3.242,563208.0,,0.9196811771919009,0.12262415695892101,0.0040000000000000036,
510310,2019-12-17,3.264,3.324,3.344,3.264,706095.0,,2.4494794856093103,1.775872627066743,0.05799999999999983,
510310,2019-12-18,3.33,3.306,3.334,3.302,464728.0,,0.9626955475330936,-0.5415162454873584,-0.017999999999999794,
510310,2019-12-19,3.312,3.306,3.316,3.296,716247.0,,0.6049606775559594,0.0,0.0,
510310,2019-12-20,3.306,3.3,3.326,3.3,489119.0,,0.786448880822754,-0.18148820326679452,-0.006000000000000227,
510310,2019-12-23,3.3,3.252,3.308,3.25,611374.0,,1.7575757575757527,-1.454545454545456,-0.04800000000000004,
510310,2019-12-24,3.252,3.276,3.282,3.25,574072.0,,0.9840098400984019,0.7380073800738014,0.02400000000000002,
510310,2019-12-25,3.276,3.28,3.29,3.266,556133.0,,0.7326007326007333,0.12210012210012221,0.0040000000000000036,
510310,2019-12-26,3.28,3.3,3.306,3.272,551027.0,,1.0365853658536661,0.6097560975609762,0.020000000000000018,
510310,2019-12-27,3.302,3.302,3.344,3.3,682386.0,,1.3333333333333346,0.060606060606067394,0.002000000000000224,
510310,2019-12-30,3.3,3.36,3.364,3.284,661260.0,,2.4227740763173857,1.756511205330098,0.05799999999999983,
510310,2019-12-31,3.36,3.368,3.374,3.346,475432.0,,0.8333333333333341,0.23809523809523833,0.008000000000000007,
510310,2020-01-02,3.394,3.412,3.436,3.39,711037.0,,1.3657957244655528,1.306413301662709,0.04400000000000004,
510310,2020-01-03,3.418,3.408,3.428,3.4,510689.0,,0.8206330597889808,-0.11723329425556868,-0.0040000000000000036,
510310,2020-01-06,3.406,3.392,3.432,3.366,682111.0,,1.9366197183098546,-0.4694835680751178,-0.016000000000000014,
510310,2020-01-07,3.396,3.416,3.422,3.396,661551.0,,0.7665094339622714,0.7075471698113214,0.02400000000000002,
510310,2020-01-08,3.414,3.386,3.414,3.372,899086.0,,1.229508196721319,-0.8782201405152169,-0.029999999999999805,
510310,2020-01-09,3.41,3.422,3.43,3.408,698143.0,,0.6497341996456066,1.063201417601891,0.03600000000000003,
510310,2020-01-10,3.432,3.426,3.44,3.412,621986.0,,0.8182349503214501,0.11689070718877859,0.0040000000000000036,
510310,2020-01-13,3.426,3.464,3.466,3.41,541117.0,,1.6345592527729145,1.1091652072387568,0.03799999999999981,
510310,2020-01-14,3.476,3.45,3.48,3.446,797582.0,,0.9815242494226273,-0.4041570438799016,-0.01399999999999979,
510310,2020-01-15,3.448,3.422,3.454,3.414,526872.0,,1.1594202898550736,-0.8115942028985514,-0.028000000000000025,
510310,2020-01-16,3.426,3.416,3.432,3.404,771203.0,,0.8182349503214501,-0.17533606078317437,-0.006000000000000227,
510310,2020-01-17,3.418,3.418,3.442,3.408,461526.0,,0.9953161592505928,0.058548009367688045,0.002000000000000224,
510310,2020-01-20,3.42,3.446,3.45,3.414,957226.0,,1.0532475131655947,0.8191925102399071,0.028000000000000025,
510310,2020-01-21,3.44,3.384,3.44,3.378,691539.0,,1.799187463726054,-1.7991874637260672,-0.06200000000000028,
510310,2020-01-22,3.372,3.396,3.41,3.32,662684.0,,2.659574468085115,0.35460992907801453,0.01200000000000001,
510310,2020-01-23,3.374,3.298,3.376,3.258,789090.0,,3.474676089517076,-2.8857479387514684,-0.09799999999999986,
510310,2020-02-03,3.0,2.95,3.1,2.944,1326193.0,,4.730139478471805,-10.551849605821706,-0.34799999999999986,
510310,2020-02-04,2.94,3.086,3.092,2.94,865621.0,,5.15254237288136,4.610169491525413,0.13599999999999968,
510310,2020-02-05,3.084,3.124,3.16,3.084,695254.0,,2.4627349319507474,1.231367465975381,0.038000000000000256,
510310,2020-02-06,3.128,3.194,3.214,3.108,636605.0,,3.3930857874519806,2.2407170294494185,0.06999999999999984,
510310,2020-02-07,3.184,3.196,3.196,3.15,531681.0,,1.4402003757044541,0.06261740763933074,0.002000000000000224,
510310,2020-02-10,3.18,3.2,3.21,3.16,521014.0,,1.5644555694618218,0.1251564455569463,0.0040000000000000036,
510310,2020-02-11,3.2,3.24,3.256,3.2,513639.0,,1.7499999999999876,1.250000000000001,0.040000000000000036,
510310,2020-02-12,3.226,3.268,3.272,3.226,431559.0,,1.4197530864197474,0.8641975308641846,0.02799999999999958,
510310,2020-02-13,3.262,3.254,3.28,3.24,521087.0,,1.223990208078323,-0.428396572827411,-0.01399999999999979,
510310,2020-02-14,3.232,3.268,3.288,3.232,488549.0,,1.72095881991394,0.4302397049784816,0.01399999999999979,
510310,2020-02-17,3.27,3.346,3.352,3.27,565985.0,,2.509179926560583,2.386780905752763,0.07800000000000029,
510310,2020-02-18,3.342,3.33,3.346,3.304,558077.0,,1.2552301255230203,-0.478182904961148,-0.016000000000000014,
510310,2020-02-19,3.326,3.326,3.354,3.318,579187.0,,1.081081081081082,-0.12012012012012022,-0.0040000000000000036,
510310,2020-02-20,3.332,3.41,3.42,3.33,855694.0,,2.7059530968129843,2.5255562236921247,0.08400000000000007,
510310,2020-02-21,3.41,3.422,3.45,3.398,740567.0,,1.52492668621701,0.35190615835777156,0.01200000000000001,
510310,2020-02-24,3.41,3.388,3.42,3.364,987717.0,,1.6364699006429002,-0.9935710111046245,-0.03400000000000025,
510310,2020-02-25,3.34,3.386,3.394,3.304,861566.0,,2.6564344746163018,-0.059031877213688896,-0.0019999999999997797,
510310,2020-02-26,3.336,3.352,3.398,3.332,1152856.0,,1.949202598936807,-1.0041346721795703,-0.03400000000000025,
510310,2020-02-27,3.352,3.354,3.38,3.346,776569.0,,1.0143198090692067,0.059665871121725056,0.002000000000000224,
510310,2020-02-28,3.3,3.248,3.322,3.226,991652.0,,2.862254025044725,-3.1604054859868773,-0.10599999999999987,
510310,2020-03-02,3.254,3.356,3.374,3.254,620693.0,,3.6945812807881806,3.3251231527093488,0.10799999999999965,
510310,2020-03-03,3.39,3.36,3.418,3.344,756681.0,,2.205005959475575,0.11918951132300368,0.0040000000000000036,
510310,2020-03-04,3.36,3.38,3.382,3.334,622787.0,,1.42857142857143,0.5952380952380958,0.020000000000000018,
510310,2020-03-05,3.414,3.462,3.474,3.394,825184.0,,2.3668639053254457,2.4260355029585887,0.0820000000000003,
510310,2020-03-06,3.454,3.408,3.454,3.404,548222.0,,1.4442518775274482,-1.5597920277296438,-0.05400000000000027,
510310,2020-03-09,3.37,3.292,3.37,3.282,800423.0,,2.5821596244131477,-3.403755868544604,-0.1160000000000001,
510310,2020-03-10,3.282,3.362,3.366,3.25,1053616.0,,3.523693803159177,2.126366950182269,0.07000000000000028,
510310,2020-03-11,3.362,3.31,3.364,3.308,840565.0,,1.6656751933373009,-1.5466983938132077,-0.052000000000000046,
510310,2020-03-12,3.264,3.252,3.28,3.226,801772.0,,1.6314199395770341,-1.7522658610271986,-0.058000000000000274,
510310,2020-03-13,3.144,3.21,3.238,3.074,1135374.0,,5.04305043050431,-1.2915129151291458,-0.041999999999999815,
510310,2020-03-16,3.22,3.046,3.23,3.044,1080306.0,,5.794392523364484,-5.109034267912778,-0.16400000000000015,
510310,2020-03-17,3.06,3.026,3.14,2.956,1185747.0,,6.040709126723578,-0.6565988181221281,-0.020000000000000018,
510310,2020-03-18,3.048,2.966,3.088,2.962,1251612.0,,4.163912756113678,-1.9828155981493594,-0.05999999999999961,
510310,2020-03-19,2.984,2.932,2.984,2.846,1208431.0,,4.652730950775451,-1.1463250168577293,-0.03400000000000025,
510310,2020-03-20,2.954,2.992,2.992,2.922,805792.0,,2.3874488403819867,2.0463847203274232,0.06000000000000005,
510310,2020-03-23,2.94,2.878,2.942,2.868,965831.0,,2.473262032085571,-3.8101604278074825,-0.11399999999999988,
510310,2020-03-24,2.93,2.946,2.958,2.884,1054617.0,,2.5712300208478207,2.362751911049342,0.06800000000000006,
510310,2020-03-25,3.022,3.036,3.048,3.004,981637.0,,1.4935505770536333,3.054989816700606,0.08999999999999986,
510310,2020-03-26,3.02,3.016,3.052,2.996,732626.0,,1.8445322793148897,-0.6587615283267463,-0.020000000000000018,
510310,2020-03-27,3.052,3.032,3.078,3.03,703741.0,,1.591511936339524,0.5305039787798413,0.016000000000000014,
510310,2020-03-30,2.994,3.0,3.016,2.966,702545.0,,1.6490765171503898,-1.0554089709762544,-0.03200000000000003,
510310,2020-03-31,3.028,3.002,3.038,2.996,783659.0,,1.3999999999999937,0.06666666666665932,0.0019999999999997797,
510310,2020-04-01,2.998,2.998,3.048,2.992,724538.0,,1.8654230512991359,-0.1332445036642092,-0.0039999999999995595,
510310,2020-04-02,2.99,3.056,3.058,2.98,733628.0,,2.601734489659768,1.9346230820546972,0.05799999999999983,
510310,2020-04-03,3.05,3.032,3.052,3.02,889946.0,,1.0471204188481684,-0.7853403141361263,-0.02400000000000002,
510310,2020-04-07,3.08,3.1,3.112,3.076,1012907.0,,1.1873350923482862,2.2427440633245403,0.06800000000000006,
510310,2020-04-08,3.096,3.09,3.102,3.078,678714.0,,0.7741935483870974,-0.3225806451612978,-0.010000000000000231,
510310,2020-04-09,3.1,3.1,3.11,3.094,893339.0,,0.5177993527508095,0.32362459546926314,0.010000000000000231,
510310,2020-04-10,3.104,3.086,3.128,3.07,887892.0,,1.8709677419354926,-0.45161290322581404,-0.014000000000000234,
510310,2020-04-13,3.08,3.066,3.082,3.058,620505.0,,0.7777057679844466,-0.6480881399870388,-0.020000000000000018,
510310,2020-04-14,3.08,3.128,3.128,3.078,981224.0,,1.6307893020221877,2.022178734507511,0.06200000000000028,
510310,2020-04-15,3.13,3.11,3.132,3.106,716031.0,,0.8312020460358135,-0.5754475703324884,-0.018000000000000238,
510310,2020-04-16,3.1,3.11,3.118,3.09,883789.0,,0.9003215434083609,0.0,0.0,
510310,2020-04-17,3.12,3.146,3.162,3.12,1271093.0,,1.3504823151125342,1.1575562700964641,0.03600000000000003,
510310,2020-04-20,3.146,3.152,3.154,3.116,877270.0,,1.2078830260648383,0.1907183725365616,0.006000000000000227,
510310,2020-04-21,3.132,3.116,3.146,3.09,923545.0,,1.776649746192895,-1.1421319796954326,-0.03600000000000003,
510310,2020-04-22,3.102,3.148,3.148,3.092,998532.0,,1.7971758664955084,1.0269576379974334,0.03200000000000003,
510310,2020-04-23,3.152,3.14,3.158,3.13,943145.0,,0.8894536213468875,-0.2541296060991108,-0.008000000000000007,
510310,2020-04-24,3.138,3.108,3.138,3.1,1006305.0,,1.2101910828025417,-1.019108280254778,-0.03200000000000003,
510310,2020-04-27,3.11,3.132,3.15,3.108,1452649.0,,1.3513513513513453,0.7722007722007729,0.02400000000000002,
510310,2020-04-28,3.126,3.152,3.162,3.082,1543009.0,,2.554278416347384,0.638569604086846,0.020000000000000018,
510310,2020-04-29,3.128,3.166,3.18,3.128,1346140.0,,1.6497461928934025,0.4441624365482167,0.01399999999999979,
510310,2020-04-30,3.176,3.218,3.222,3.174,1486875.0,,1.5161086544535705,1.6424510423247014,0.052000000000000046,
510310,2020-05-06,3.178,3.23,3.238,3.16,2019198.0,,2.423865755127404,0.37290242386575545,0.01200000000000001,
510310,2020-05-07,3.228,3.222,3.234,3.214,1579034.0,,0.6191950464396291,-0.24767801857585162,-0.008000000000000007,
510310,2020-05-08,3.232,3.258,3.274,3.232,1459090.0,,1.3035381750465491,1.117318435754191,0.03600000000000003,
510310,2020-05-11,3.26,3.252,3.29,3.242,912283.0,,1.4732965009208117,-0.18416206261510829,-0.006000000000000227,
510310,2020-05-12,3.252,3.252,3.266,3.23,1409479.0,,1.1070110701107023,0.0,0.0,
510310,2020-05-13,3.238,3.262,3.266,3.232,1953412.0,,1.0455104551045453,0.3075030750307574,0.010000000000000231,
510310,2020-05-14,3.248,3.232,3.25,3.226,1570776.0,,0.7357449417535261,-0.9196811771919009,-0.029999999999999805,
510310,2020-05-15,3.24,3.21,3.246,3.208,1331853.0,,1.17574257425742,-0.6806930693069382,-0.02200000000000024,
510310,2020-05-18,3.21,3.222,3.244,3.202,1103467.0,,1.3084112149532792,0.3738317757009349,0.01200000000000001,
510310,2020-05-19,3.254,3.252,3.266,3.24,946616.0,,0.8069522036002421,0.931098696461819,0.029999999999999805,
510310,2020-05-20,3.252,3.232,3.252,3.228,1093665.0,,0.7380073800737877,-0.6150061500614875,-0.019999999999999574,
510310,2020-05-21,3.24,3.212,3.246,3.21,1117083.0,,1.1138613861386149,-0.6188118811881194,-0.020000000000000018,
510310,2020-05-22,3.212,3.14,3.22,3.136,1159892.0,,2.6151930261519323,-2.241594022415942,-0.07200000000000006,
510310,2020-05-25,3.144,3.138,3.146,3.122,1078499.0,,0.7643312101910834,-0.0636942675159307,-0.002000000000000224,
510310,2020-05-26,3.15,3.184,3.184,3.144,1414370.0,,1.2746972594008934,1.4659018483110346,0.04600000000000026,
510310,2020-05-27,3.18,3.168,3.18,3.154,996341.0,,0.816582914572872,-0.5025125628140708,-0.016000000000000014,
510310,2020-05-28,3.164,3.17,3.2,3.136,1027787.0,,2.0202020202020217,0.06313131313130618,0.0019999999999997797,
510310,2020-05-29,3.152,3.176,3.184,3.144,995916.0,,1.2618296529968467,0.189274447949534,0.006000000000000227,
510310,2020-06-01,3.194,3.27,3.278,3.194,1307094.0,,2.6448362720403047,2.9596977329974767,0.09399999999999986,
510310,2020-06-02,3.272,3.284,3.292,3.262,1076013.0,,0.9174311926605444,0.4281345565749171,0.01399999999999979,
510310,2020-06-03,3.3,3.284,3.32,3.282,944395.0,,1.157125456760043,0.0,0.0,
510310,2020-06-04,3.284,3.284,3.3,3.272,947234.0,,0.8526187576126683,0.0,0.0,
510310,2020-06-05,3.292,3.308,3.31,3.274,904829.0,,1.0962241169305735,0.7308160779537156,0.02400000000000002,
510310,2020-06-08,3.314,3.322,3.346,3.314,866394.0,,0.9673518742442574,0.4232164449818693,0.014000000000000234,
510310,2020-06-09,3.322,3.338,3.348,3.316,1120150.0,,0.9632751354605668,0.4816375677302834,0.016000000000000014,
510310,2020-06-10,3.34,3.342,3.344,3.326,933618.0,,0.5392450569203053,0.11983223487118046,0.0040000000000000036,
510310,2020-06-11,3.342,3.304,3.35,3.29,1289463.0,,1.795332136445244,-1.1370436864153277,-0.038000000000000256,
510310,2020-06-12,3.274,3.312,3.326,3.252,1356566.0,,2.2397094430992825,0.2421307506053271,0.008000000000000007,
510310,2020-06-15,3.298,3.27,3.31,3.266,1103341.0,,1.3285024154589384,-1.26811594202898,-0.041999999999999815,
510310,2020-06-16,3.284,3.318,3.32,3.284,1232574.0,,1.1009174311926615,1.467889908256882,0.04800000000000004,
510310,2020-06-17,3.318,3.322,3.324,3.3,938507.0,,0.7233273056057873,0.12055455093429787,0.0040000000000000036,
510310,2020-06-18,3.32,3.354,3.356,3.308,909402.0,,1.4449127031908502,0.9632751354605668,0.03200000000000003,
510310,2020-06-19,3.356,3.39,3.412,3.35,1185646.0,,1.8485390578413783,1.073345259391772,0.03600000000000003,
510310,2020-06-22,3.42,3.398,3.426,3.39,1255645.0,,1.061946902654868,0.23598820058997072,0.008000000000000007,
510310,2020-06-23,3.398,3.424,3.424,3.382,1265991.0,,1.236021188934662,0.7651559741024073,0.0259999999999998,
510310,2020-06-24,3.424,3.448,3.45,3.424,1006930.0,,0.7593457943925306,0.700934579439253,0.02400000000000002,
510310,2020-06-29,3.442,3.42,3.446,3.4,1087075.0,,1.3341067285382906,-0.8120649651972165,-0.028000000000000025,
510310,2020-06-30,3.434,3.468,3.48,3.434,1364633.0,,1.3450292397660766,1.4035087719298258,0.04800000000000004,
510310,2020-07-01,3.48,3.544,3.55,3.466,1573711.0,,2.4221453287197123,2.1914648212226084,0.07600000000000007,
510310,2020-07-02,3.552,3.626,3.636,3.54,1711856.0,,2.7088036117381513,2.313769751692998,0.08199999999999985,
510310,2020-07-03,3.636,3.706,3.712,3.634,1657705.0,,2.151130722559302,2.206287920573637,0.08000000000000007,
510310,2020-07-06,3.74,4.003,4.021,3.74,2055804.0,,7.582298974635718,8.014031300593636,0.29700000000000015,
510310,2020-07-07,4.063,3.965,4.101,3.951,2178929.0,,3.747189607794152,-0.9492880339745255,-0.038000000000000256,
510310,2020-07-08,3.965,4.011,4.049,3.937,1663615.0,,2.824716267339232,1.1601513240857568,0.04600000000000026,
510310,2020-07-09,4.013,4.089,4.099,3.997,1720850.0,,2.543006731488415,1.9446522064323184,0.07800000000000029,
510310,2020-07-10,4.075,4.009,4.075,3.985,1438852.0,,2.2010271460014748,-1.9564685742235282,-0.08000000000000007,
510310,2020-07-13,4.003,4.095,4.131,4.001,1614912.0,,3.2427039161885727,2.14517335994012,0.08599999999999941,
510310,2020-07-14,4.093,4.059,4.109,4.001,1848015.0,,2.637362637362629,-0.8791208791208691,-0.03599999999999959,
510310,2020-07-15,4.077,4.013,4.101,3.993,1413511.0,,2.660753880266078,-1.133284060113335,-0.04600000000000026,
510310,2020-07-16,4.009,3.82,4.043,3.806,1849980.0,,5.905806130077251,-4.809369548965862,-0.19300000000000006,
510310,2020-07-17,3.812,3.832,3.885,3.786,1621044.0,,2.5916230366492083,0.31413612565445054,0.01200000000000001,
510310,2020-07-20,3.848,3.959,3.961,3.834,1305121.0,,3.3141962421711844,3.314196242171196,0.12700000000000022,
510310,2020-07-21,3.987,3.975,3.989,3.945,1393111.0,,1.111391765597374,0.40414246021722694,0.016000000000000014,
510310,2020-07-22,3.963,3.995,4.069,3.961,1412012.0,,2.716981132075474,0.5031446540880508,0.020000000000000018,
510310,2020-07-23,3.975,3.991,4.015,3.903,1366760.0,,2.803504380475586,-0.10012515644555703,-0.0040000000000000036,
510310,2020-07-24,3.977,3.824,3.977,3.79,1504211.0,,4.685542470558753,-4.184414933600608,-0.16700000000000026,
510310,2020-07-27,3.824,3.832,3.86,3.788,1011338.0,,1.8828451882845205,0.2092050209205023,0.008000000000000007,
510310,2020-07-28,3.858,3.862,3.881,3.834,1132512.0,,1.226513569937362,0.7828810020876893,0.03000000000000025,
510310,2020-07-29,3.846,3.977,3.979,3.846,1713677.0,,3.443811496633869,2.97773174520973,0.11499999999999977,
510310,2020-07-30,3.975,3.947,3.989,3.941,948618.0,,1.206939904450592,-0.7543374402816144,-0.029999999999999805,
510310,2020-07-31,3.945,3.977,4.031,3.911,1710140.0,,3.0402837598175743,0.7600709399543908,0.029999999999999805,
510310,2020-08-03,3.997,4.053,4.053,3.997,1730101.0,,1.4080965551923574,1.9109881820467707,0.07600000000000007,
510310,2020-08-04,4.061,4.049,4.081,4.031,1361172.0,,1.2336540833950336,-0.09869232667159042,-0.0039999999999995595,
510310,2020-08-05,4.039,4.051,4.067,3.993,1183326.0,,1.8276117559891403,0.04939491232402518,0.0019999999999997797,
510310,2020-08-06,4.049,4.043,4.071,3.973,1647259.0,,2.419155764008883,-0.19748210318439907,-0.008000000000000007,
510310,2020-08-07,4.021,4.003,4.033,3.931,1620193.0,,2.5228790502102476,-0.9893643334157811,-0.040000000000000036,
510310,2020-08-10,3.985,4.017,4.043,3.935,1121050.0,,2.6979765176117936,0.34973769672746025,0.014000000000000234,
510310,2020-08-11,4.019,3.971,4.073,3.963,1259380.0,,2.73836196166294,-1.1451331839681418,-0.04600000000000026,
510310,2020-08-12,3.965,3.939,3.977,3.871,1197752.0,,2.6693528078569595,-0.8058423570888951,-0.03200000000000003,
510310,2020-08-13,3.939,3.927,3.961,3.921,982318.0,,1.0154861640010164,-0.3046458492003049,-0.01200000000000001,
510310,2020-08-14,3.923,4.007,4.009,3.915,1323855.0,,2.393684746625931,2.0371785077667335,0.07999999999999963,
510310,2020-08-17,4.013,4.099,4.121,4.013,1378134.0,,2.69528325430498,2.295982031444985,0.09200000000000053,
510310,2020-08-18,4.109,4.093,4.109,4.069,1057577.0,,0.9758477677482322,-0.14637716516224022,-0.006000000000000227,
510310,2020-08-19,4.097,4.029,4.097,4.027,1179932.0,,1.7102369899829046,-1.563645247984365,-0.06400000000000006,
510310,2020-08-20,4.015,3.977,4.017,3.961,1021540.0,,1.3899230578307396,-1.2906428394142477,-0.052000000000000046,
510310,2020-08-21,3.991,4.017,4.037,3.979,1277046.0,,1.458385717877793,1.0057832537088378,0.04000000000000048,
510310,2020-08-24,4.031,4.041,4.057,4.009,1140216.0,,1.1949215832710989,0.5974607916355494,0.02400000000000002,
510310,2020-08-25,4.059,4.053,4.095,4.033,891628.0,,1.5342736946300268,0.2969561989606425,0.011999999999999567,
510310,2020-08-26,4.043,4.001,4.075,3.985,1165794.0,,2.220577350111036,-1.2830002467308068,-0.0519999999999996,
510310,2020-08-27,4.001,4.029,4.031,3.979,839408.0,,1.2996750812296824,0.6998250437390546,0.02799999999999958,
510310,2020-08-28,4.015,4.135,4.143,4.015,1810803.0,,3.1769669893273798,2.6309257880367305,0.10599999999999987,
510310,2020-08-31,4.149,4.109,4.183,4.097,1422248.0,,2.079806529625137,-0.6287787182587619,-0.0259999999999998,
510310,2020-09-01,4.113,4.127,4.127,4.081,913757.0,,1.119493794110474,0.43806278899975165,0.017999999999999794,
510310,2020-09-02,4.125,4.121,4.143,4.083,1312350.0,,1.4538405621516748,-0.1453840562151524,-0.005999999999999339,
510310,2020-09-03,4.113,4.107,4.157,4.089,1039371.0,,1.6500849308420191,-0.33972336811454096,-0.014000000000000234,
510310,2020-09-04,4.071,4.069,4.077,4.023,1244606.0,,1.3148283418553754,-0.9252495738982288,-0.038000000000000256,
510310,2020-09-07,4.057,3.981,4.081,3.957,978647.0,,3.0474318014254256,-2.162693536495455,-0.08800000000000008,
510310,2020-09-08,4.001,3.993,4.007,3.947,1192516.0,,1.5071590052750468,0.30143180105501155,0.01200000000000001,
510310,2020-09-09,3.951,3.901,3.955,3.869,1275171.0,,2.153769095917853,-2.304032056098174,-0.09200000000000008,
510310,2020-09-10,3.923,3.895,3.949,3.883,975553.0,,1.69187387849269,-0.15380671622660302,-0.005999999999999783,
510310,2020-09-11,3.895,3.935,3.939,3.879,1028459.0,,1.5404364569961502,1.0269576379974337,0.040000000000000036,
510310,2020-09-14,3.937,3.953,3.965,3.929,832507.0,,0.9148665819567988,0.4574332909783938,0.017999999999999794,
510310,2020-09-15,3.951,3.985,3.991,3.941,796016.0,,1.2648621300278338,0.80951176321781,0.03200000000000003,
510310,2020-09-16,3.993,3.965,3.993,3.945,735875.0,,1.204516938519449,-0.5018820577164371,-0.020000000000000018,
510310,2020-09-17,3.953,3.941,3.971,3.915,829251.0,,1.4123581336696105,-0.6052963430012616,-0.02400000000000002,
510310,2020-09-18,3.941,4.043,4.043,3.941,1042391.0,,2.588175589951797,2.588175589951797,0.10200000000000031,
510310,2020-09-21,4.045,3.995,4.057,3.991,883683.0,,1.6324511501360446,-1.1872372000989375,-0.04800000000000004,
510310,2020-09-22,3.969,3.945,4.009,3.925,1174357.0,,2.102628285356709,-1.2515644555694685,-0.050000000000000266,
510310,2020-09-23,3.947,3.957,3.971,3.931,930114.0,,1.0139416983523457,0.3041825095057037,0.01200000000000001,
510310,2020-09-24,3.929,3.885,3.939,3.879,945543.0,,1.5163002274450355,-1.8195602729340425,-0.07200000000000006,
510310,2020-09-25,3.889,3.893,3.917,3.875,764718.0,,1.0810810810810765,0.20592020592020613,0.008000000000000007,
510310,2020-09-28,3.891,3.901,3.929,3.885,610041.0,,1.1302337528898032,0.20549704597996427,0.008000000000000007,
510310,2020-09-29,3.911,3.909,3.937,3.903,817747.0,,0.871571391950777,0.20507562163547827,0.008000000000000007,
510310,2020-09-30,3.919,3.895,3.943,3.875,995807.0,,1.7395753389613726,-0.3581478639038064,-0.01399999999999979,
510310,2020-10-09,3.927,3.985,4.005,3.927,730362.0,,2.0025673940949895,2.3106546854942196,0.08999999999999986,
510310,2020-10-12,3.997,4.115,4.117,3.987,780458.0,,3.262233375156835,3.262233375156847,0.13000000000000034,
510310,2020-10-13,4.125,4.131,4.139,4.089,1024142.0,,1.2150668286755728,0.38882138517618503,0.016000000000000014,
510310,2020-10-14,4.121,4.105,4.121,4.093,688653.0,,0.6778019849915388,-0.6293875574921278,-0.0259999999999998,
510310,2020-10-15,4.101,4.099,4.129,4.089,714226.0,,0.9744214372715991,-0.14616321559074852,-0.006000000000000227,
510310,2020-10-16,4.095,4.093,4.121,4.059,716866.0,,1.5125640400097653,-0.14637716516224022,-0.006000000000000227,
510310,2020-10-19,4.107,4.057,4.149,4.047,965559.0,,2.492059613975087,-0.8795504519911944,-0.03599999999999959,
510310,2020-10-20,4.047,4.087,4.091,4.043,810600.0,,1.1831402514173044,0.7394626571357988,0.02999999999999936,
510310,2020-10-21,4.089,4.095,4.099,4.057,918908.0,,1.0276486420357187,0.19574259848299502,0.008000000000000007,
510310,2020-10-22,4.081,4.079,4.093,4.029,804857.0,,1.5628815628815642,-0.39072039072039105,-0.016000000000000014,
510310,2020-10-23,4.075,4.035,4.101,4.025,1049585.0,,1.863201765138505,-1.078695758764393,-0.043999999999999595,
510310,2020-10-26,4.021,3.993,4.021,3.953,978193.0,,1.6852540272614636,-1.0408921933085564,-0.04200000000000026,
510310,2020-10-27,3.977,4.013,4.017,3.977,910471.0,,1.0017530678687823,0.5008765339343856,0.020000000000000018,
510310,2020-10-28,4.013,4.043,4.055,3.995,679981.0,,1.4951407924246103,0.7475703962123161,0.03000000000000025,
510310,2020-10-29,4.009,4.085,4.099,3.997,832266.0,,2.5228790502102476,1.0388325500865647,0.041999999999999815,
510310,2020-10-30,4.079,4.005,4.083,3.997,1072211.0,,2.1052631578947443,-1.9583843329253385,-0.08000000000000007,
510310,2020-11-02,4.005,4.027,4.047,4.005,892639.0,,1.0486891385767745,0.5493133583021284,0.02200000000000024,
510310,2020-11-03,4.041,4.079,4.095,4.041,1026827.0,,1.340948596970434,1.2912838341196822,0.0519999999999996,
510310,2020-11-04,4.079,4.107,4.127,4.071,984117.0,,1.372885511154696,0.686442755577359,0.02800000000000047,
510310,2020-11-05,4.133,4.177,4.181,4.131,978910.0,,1.2174336498660778,1.7044071098125007,0.0699999999999994,
510310,2020-11-06,4.185,4.179,4.191,4.141,1038252.0,,1.1970313622216862,0.047881254488883605,0.002000000000000668,
510310,2020-11-09,4.195,4.263,4.289,4.195,1014468.0,,2.249341947834396,2.0100502512562723,0.08399999999999963,
510310,2020-11-10,4.297,4.239,4.299,4.215,1199922.0,,1.9704433497537068,-0.5629838142153418,-0.02400000000000002,
510310,2020-11-11,4.227,4.195,4.243,4.191,1181130.0,,1.2267044114177987,-1.037980655815041,-0.043999999999999595,
510310,2020-11-12,4.197,4.197,4.217,4.179,1616027.0,,0.905840286054812,0.047675804529196175,0.0019999999999997797,
510310,2020-11-13,4.183,4.153,4.183,4.121,1231134.0,,1.4772456516559302,-1.0483678818203592,-0.04400000000000048,
510310,2020-11-16,4.195,4.199,4.201,4.143,904120.0,,1.396580784974713,1.1076330363592648,0.04600000000000026,
510310,2020-11-17,4.205,4.187,4.205,4.163,1035861.0,,1.000238151940934,-0.28578232912597207,-0.011999999999999567,
510310,2020-11-18,4.185,4.181,4.207,4.163,933593.0,,1.0508717458800954,-0.14330069262001977,-0.006000000000000227,
510310,2020-11-19,4.179,4.219,4.231,4.165,932437.0,,1.5785697201626365,0.9088734752451628,0.038000000000000256,
510310,2020-11-20,4.221,4.233,4.239,4.209,727800.0,,0.7110689736904539,0.33183218772219353,0.013999999999999346,
510310,2020-11-23,4.239,4.283,4.311,4.225,1283530.0,,2.0316560359083464,1.1811953697141675,0.05000000000000071,
510310,2020-11-24,4.279,4.259,4.289,4.251,742698.0,,0.8872285780994481,-0.5603548914312403,-0.02400000000000002,
510310,2020-11-25,4.277,4.209,4.289,4.207,913473.0,,1.9253345855834665,-1.1739845034045717,-0.05000000000000071,
510310,2020-11-26,4.211,4.207,4.219,4.167,912088.0,,1.2354478498455808,-0.04751722499405511,-0.0019999999999997797,
510310,2020-11-27,4.211,4.275,4.279,4.205,917349.0,,1.7589731400047504,1.6163536962205967,0.0680000000000005,
510310,2020-11-30,4.283,4.253,4.337,4.251,991229.0,,2.0116959064327347,-0.5146198830409412,-0.02200000000000024,
510310,2020-12-01,4.261,4.351,4.355,4.255,1165924.0,,2.3512814483893845,2.3042558194215816,0.09799999999999986,
510310,2020-12-02,4.355,4.347,4.371,4.321,1130677.0,,1.1491611123879732,-0.09193288899102642,-0.0039999999999995595,
510310,2020-12-03,4.349,4.341,4.355,4.319,670658.0,,0.8281573498964911,-0.13802622498275194,-0.006000000000000227,
510310,2020-12-04,4.343,4.351,4.355,4.297,666233.0,,1.3360976733471717,0.23036166781847006,0.009999999999999787,
510310,2020-12-07,4.351,4.309,4.353,4.295,696043.0,,1.333026890370026,-0.9652953344058794,-0.041999999999999815,
510310,2020-12-08,4.309,4.297,4.329,4.289,696395.0,,0.9282896263634263,-0.27848688790903814,-0.012000000000000455,
510310,2020-12-09,4.299,4.243,4.317,4.235,786175.0,,1.90830812194554,-1.256690714451929,-0.05399999999999938,
510310,2020-12-10,4.239,4.235,4.253,4.219,795810.0,,0.8013198208814472,-0.1885458402074006,-0.008000000000000007,
510310,2020-12-11,4.241,4.183,4.251,4.153,959578.0,,2.314049586776877,-1.2278630460448758,-0.05200000000000049,
510310,2020-12-14,4.185,4.219,4.223,4.177,783602.0,,1.0996892182644098,0.860626344728675,0.036000000000000476,
510310,2020-12-15,4.219,4.231,4.239,4.195,679598.0,,1.0429011614126473,0.2844275894761689,0.011999999999999567,
510310,2020-12-16,4.233,4.239,4.251,4.225,598887.0,,0.6145119357126138,0.18908059560387633,0.008000000000000007,
510310,2020-12-17,4.237,4.307,4.307,4.233,824260.0,,1.74569473932533,1.604151922623272,0.0680000000000005,
510310,2020-12-18,4.309,4.287,4.311,4.259,684747.0,,1.2073368934292918,-0.464360343626665,-0.020000000000000462,
510310,2020-12-21,4.281,4.319,4.331,4.255,680400.0,,1.7728014928854796,0.7464427338465134,0.03200000000000003,
510310,2020-12-22,4.317,4.249,4.327,4.247,920744.0,,1.8522806205140094,-1.6207455429497635,-0.07000000000000028,
510310,2020-12-23,4.249,4.287,4.309,4.249,753928.0,,1.4120969639915393,0.89432807719464,0.038000000000000256,
510310,2020-12-24,4.287,4.287,4.309,4.271,725005.0,,0.8864007464427398,0.0,0.0,
510310,2020-12-25,4.285,4.325,4.327,4.263,709792.0,,1.4928854676930268,0.8864007464427398,0.038000000000000256,
510310,2020-12-28,4.325,4.343,4.367,4.315,793588.0,,1.2023121387283144,0.4161849710982611,0.017999999999999794,
510310,2020-12-29,4.343,4.327,4.365,4.321,824115.0,,1.0131245682707917,-0.3684089339166478,-0.016000000000000014,
510310,2020-12-30,4.317,4.383,4.383,4.315,831692.0,,1.571527617286795,1.2941992142361924,0.05600000000000005,
510310,2020-12-31,4.393,4.477,4.481,4.393,703268.0,,2.007757243896876,2.1446497832534863,0.0940000000000003,
510310,2021-01-04,4.487,4.525,4.543,4.453,1349399.0,,2.010274737547461,1.072146526691982,0.04800000000000004,
510310,2021-01-05,4.519,4.609,4.619,4.489,1364021.0,,2.872928176795577,1.8563535911602127,0.08399999999999963,
510310,2021-01-06,4.621,4.657,4.681,4.601,1125798.0,,1.7357344326318087,1.0414406595790853,0.04800000000000004,
510310,2021-01-07,4.665,4.757,4.761,4.649,955362.0,,2.4049817479063798,2.147305132059258,0.09999999999999964,
510310,2021-01-08,4.761,4.739,4.787,4.689,1083076.0,,2.060121925583348,-0.3783897414336724,-0.017999999999999794,
510310,2021-01-11,4.739,4.681,4.781,4.657,966930.0,,2.616585777590202,-1.2238868959696103,-0.05799999999999983,
510310,2021-01-12,4.667,4.827,4.831,4.667,1202946.0,,3.5035248878444905,3.118991668446911,0.1459999999999999,
510310,2021-01-13,4.857,4.805,4.861,4.775,931067.0,,1.7816449140252624,-0.4557696291692613,-0.02200000000000024,
510310,2021-01-14,4.805,4.713,4.805,4.707,927106.0,,2.0395421436004137,-1.9146722164411996,-0.09199999999999964,
510310,2021-01-15,4.713,4.701,4.739,4.639,1056850.0,,2.1217907914279577,-0.25461489497136547,-0.012000000000000455,
510310,2021-01-18,4.685,4.751,4.775,4.657,935991.0,,2.5101042331418917,1.0636034886194579,0.05000000000000071,
510310,2021-01-19,4.755,4.681,4.763,4.667,813193.0,,2.0206272363712916,-1.4733740265207385,-0.07000000000000028,
510310,2021-01-20,4.681,4.709,4.729,4.673,690091.0,,1.196325571459091,0.5981627857295361,0.02799999999999958,
510310,2021-01-21,4.733,4.795,4.817,4.725,793181.0,,1.9537056699936404,1.826290082820138,0.0860000000000003,
510310,2021-01-22,4.797,4.793,4.807,4.743,752128.0,,1.334723670490095,-0.04171011470281084,-0.0019999999999997797,
510310,2021-01-25,4.791,4.847,4.871,4.765,647607.0,,2.2115585228458325,1.1266430210724028,0.05400000000000027,
510310,2021-01-26,4.841,4.755,4.841,4.743,606675.0,,2.0218691974417133,-1.8980812873942752,-0.09200000000000053,
510310,2021-01-27,4.753,4.761,4.779,4.699,896822.0,,1.682439537329129,0.1261829652996893,0.006000000000000227,
510310,2021-01-28,4.695,4.629,4.707,4.619,1072563.0,,1.8483511867254794,-2.7725267800882287,-0.13200000000000056,
510310,2021-01-29,4.643,4.609,4.671,4.557,1227206.0,,2.462734931950743,-0.43205875999134963,-0.019999999999999574,
510310,2021-02-01,4.615,4.657,4.661,4.599,1058825.0,,1.3451941852896374,1.0414406595790853,0.04800000000000004,
510310,2021-02-02,4.675,4.731,4.731,4.659,734823.0,,1.5460596950826726,1.5890057977238532,0.07399999999999984,
510310,2021-02-03,4.733,4.727,4.761,4.713,890034.0,,1.0145846544071029,-0.08454872120058253,-0.0039999999999995595,
510310,2021-02-04,4.711,4.717,4.743,4.665,983108.0,,1.6500951977998792,-0.2115506663846134,-0.010000000000000675,
510310,2021-02-05,4.717,4.725,4.781,4.717,702572.0,,1.3567945728217101,0.16959932160271377,0.008000000000000007,
510310,2021-02-08,4.731,4.783,4.805,4.717,937499.0,,1.8624338624338643,1.2275132275132428,0.05800000000000072,
510310,2021-02-09,4.791,4.907,4.913,4.787,711419.0,,2.6343299184612237,2.5925151578507144,0.12399999999999967,
510310,2021-02-10,4.919,5.019,5.043,4.915,833200.0,,2.608518443040557,2.2824536376604874,0.1120000000000001,
510310,2021-02-18,5.121,4.987,5.131,4.961,1174698.0,,3.387128910141461,-0.6375772066148641,-0.03200000000000003,
510310,2021-02-19,4.947,4.979,4.997,4.895,1308397.0,,2.0453178263485126,-0.16041708441949082,-0.008000000000000007,
510310,2021-02-22,4.983,4.825,4.985,4.823,1085483.0,,3.25366539465756,-3.092990560353483,-0.15399999999999991,
510310,2021-02-23,4.811,4.811,4.865,4.783,718542.0,,1.699481865284971,-0.29015544041451263,-0.014000000000000234,
510310,2021-02-24,4.839,4.673,4.839,4.627,1180456.0,,4.406568281022669,-2.8684265225524817,-0.1379999999999999,
510310,2021-02-25,4.713,4.719,4.759,4.687,1145861.0,,1.540766103145732,0.9843783436764447,0.04600000000000026,
510310,2021-02-26,4.641,4.591,4.667,4.577,1207564.0,,1.9071837253655404,-2.7124390760754418,-0.1280000000000001,
510310,2021-03-01,4.617,4.661,4.665,4.605,788199.0,,1.3069048137660555,1.5247222827270615,0.0699999999999994,
510310,2021-03-02,4.681,4.605,4.693,4.569,604050.0,,2.660373310448395,-1.2014589143960344,-0.05599999999999916,
510310,2021-03-03,4.597,4.695,4.697,4.579,616114.0,,2.562432138979377,1.9543973941368045,0.08999999999999986,
510310,2021-03-04,4.653,4.555,4.653,4.523,752152.0,,2.768903088391904,-2.981895633652834,-0.14000000000000057,
510310,2021-03-05,4.511,4.527,4.569,4.451,945564.0,,2.590559824368833,-0.6147091108671698,-0.02799999999999958,
510310,2021-03-08,4.553,4.359,4.585,4.353,971913.0,,5.1248067152639765,-3.711066931742879,-0.16800000000000015,
510310,2021-03-09,4.359,4.263,4.375,4.217,1333223.0,,3.624684560679063,-2.202339986235377,-0.09600000000000009,
510310,2021-03-10,4.341,4.281,4.341,4.267,1339986.0,,1.7358667604972986,0.42223786066150115,0.017999999999999794,
510310,2021-03-11,4.295,4.399,4.407,4.295,1001845.0,,2.6162111656155127,2.7563653352020636,0.11800000000000033,
510310,2021-03-12,4.405,4.411,4.417,4.359,713133.0,,1.3184814730620558,0.27278927028869215,0.011999999999999567,
510310,2021-03-15,4.399,4.323,4.405,4.283,546743.0,,2.7658127408750826,-1.995012468827912,-0.08799999999999919,
510310,2021-03-16,4.323,4.349,4.365,4.295,533529.0,,1.619245894055061,0.6014341892204441,0.0259999999999998,
510310,2021-03-17,4.329,4.369,4.397,4.297,605106.0,,2.2993791676247533,0.45987583352493844,0.019999999999999574,
510310,2021-03-18,4.375,4.409,4.429,4.375,612423.0,,1.2359807736324164,0.9155413138017863,0.040000000000000036,
510310,2021-03-19,4.361,4.291,4.361,4.261,619564.0,,2.2680880018144625,-2.6763438421410624,-0.11799999999999944,
510310,2021-03-22,4.293,4.329,4.349,4.275,430373.0,,1.7245397343276587,0.8855744581682444,0.03799999999999937,
510310,2021-03-23,4.343,4.293,4.347,4.255,630992.0,,2.1252021252021374,-0.8316008316008221,-0.03599999999999959,
510310,2021-03-24,4.279,4.229,4.315,4.213,926504.0,,2.3759608665269116,-1.4907989750757058,-0.06400000000000006,
510310,2021-03-25,4.211,4.225,4.245,4.187,520913.0,,1.3714826200047252,-0.09458500827619881,-0.004000000000000448,
510310,2021-03-26,4.241,4.315,4.337,4.239,688896.0,,2.3195266272189317,2.130177514792917,0.09000000000000075,
510310,2021-03-29,4.313,4.321,4.361,4.287,773162.0,,1.7149478563151757,0.13904982618770195,0.005999999999999339,
510310,2021-03-30,4.317,4.363,4.377,4.313,505339.0,,1.4811386253182148,0.9719972228650939,0.0420000000000007,
510310,2021-03-31,4.375,4.329,4.375,4.297,627947.0,,1.7877607151042925,-0.7792803117121405,-0.034000000000000696,
510310,2021-04-01,4.333,4.391,4.399,4.333,379925.0,,1.524601524601521,1.4322014322014387,0.06200000000000028,
510310,2021-04-02,4.401,4.431,4.437,4.389,420417.0,,1.0931450694602605,0.9109542245502172,0.040000000000000036,
510310,2021-04-06,4.441,4.403,4.453,4.395,370919.0,,1.3089596027984816,-0.6319115323854766,-0.02800000000000047,
510310,2021-04-07,4.417,4.379,4.417,4.351,383434.0,,1.4989779695662013,-0.5450828980240751,-0.02400000000000002,
510310,2021-04-08,4.371,4.389,4.405,4.339,370365.0,,1.507193423155968,0.22836263987213237,0.010000000000000675,
510310,2021-04-09,4.385,4.325,4.385,4.313,497616.0,,1.6404647983595366,-1.4581909318751436,-0.06400000000000006,
510310,2021-04-12,4.315,4.245,4.333,4.231,804017.0,,2.3583815028901807,-1.849710982658961,-0.08000000000000007,
510310,2021-04-13,4.235,4.239,4.281,4.225,831972.0,,1.31919905771496,-0.14134275618375094,-0.006000000000000227,
510310,2021-04-14,4.247,4.265,4.275,4.237,802914.0,,0.8964378391130043,0.6133522057088889,0.0259999999999998,
510310,2021-04-15,4.259,4.243,4.259,4.191,664663.0,,1.5943728018757448,-0.5158264947244866,-0.021999999999999353,
510310,2021-04-16,4.259,4.261,4.269,4.213,961137.0,,1.3198208814518042,0.42422814046664603,0.017999999999999794,
510310,2021-04-19,4.261,4.373,4.377,4.229,907752.0,,3.473363060314473,2.6284909645623116,0.1120000000000001,
510310,2021-04-20,4.355,4.365,4.395,4.343,910502.0,,1.1891150240109674,-0.18294077292476577,-0.008000000000000007,
510310,2021-04-21,4.347,4.369,4.385,4.329,650821.0,,1.2829324169530365,0.09163802978234958,0.0039999999999995595,
510310,2021-04-22,4.379,4.367,4.397,4.349,674176.0,,1.0986495765621433,-0.045777065690084225,-0.0019999999999997797,
510310,2021-04-23,4.367,4.417,4.427,4.361,508310.0,,1.5113350125944547,1.14495076711701,0.04999999999999982,
510310,2021-04-26,4.415,4.353,4.465,4.351,787142.0,,2.580937287751865,-1.4489472492642077,-0.06400000000000006,
510310,2021-04-27,4.351,4.373,4.377,4.339,560197.0,,0.8729611762003072,0.45945325063175885,0.020000000000000462,
510310,2021-04-28,4.347,4.405,4.409,4.337,530338.0,,1.646466956322892,0.7317630916990631,0.03200000000000003,
510310,2021-04-29,4.407,4.443,4.461,4.399,1321068.0,,1.4074914869466577,0.8626560726447075,0.03799999999999937,
510310,2021-04-30,4.441,4.413,4.445,4.379,829354.0,,1.4854827819041354,-0.6752194463200397,-0.02999999999999936,
510310,2021-05-06,4.405,4.347,4.419,4.327,573809.0,,2.08474960344436,-1.4955812372535653,-0.06599999999999984,
510310,2021-05-07,4.353,4.295,4.381,4.291,1272358.0,,2.0703933747411973,-1.196227283183816,-0.05200000000000049,
510310,2021-05-10,4.295,4.291,4.313,4.249,685321.0,,1.4901047729918524,-0.09313154831198044,-0.0039999999999995595,
510310,2021-05-11,4.271,4.315,4.331,4.229,804705.0,,2.37706828245165,0.5593101841062694,0.02400000000000002,
510310,2021-05-12,4.305,4.341,4.347,4.287,547076.0,,1.3904982618771842,0.6025492468134368,0.0259999999999998,
510310,2021-05-13,4.307,4.291,4.315,4.269,592725.0,,1.059663671964991,-1.1518083390923708,-0.04999999999999982,
510310,2021-05-14,4.309,4.405,4.407,4.285,901887.0,,2.843160102540198,2.6567233745047747,0.11399999999999988,
510310,2021-05-17,4.401,4.461,4.487,4.401,787431.0,,1.952326901248588,1.2712826333711702,0.05600000000000005,
510310,2021-05-18,4.463,4.461,4.485,4.441,643936.0,,0.986325935888825,0.0,0.0,
510310,2021-05-19,4.465,4.451,4.471,4.431,704640.0,,0.8966599417171045,-0.22416498542929109,-0.010000000000000675,
510310,2021-05-20,4.437,4.467,4.479,4.429,733316.0,,1.1233430689732604,0.359469782071445,0.016000000000000014,
510310,2021-05-21,4.469,4.419,4.501,4.401,995067.0,,2.2386389075442255,-1.0745466756212234,-0.04800000000000004,
510310,2021-05-24,4.421,4.437,4.441,4.379,550377.0,,1.4030323602625092,0.4073319755600969,0.018000000000000682,
510310,2021-05-25,4.437,4.589,4.601,4.437,1415905.0,,3.6961911201262043,3.425738111336491,0.15200000000000014,
510310,2021-05-26,4.601,4.589,4.613,4.579,686872.0,,0.7409021573327673,0.0,0.0,
510310,2021-05-27,4.587,4.605,4.649,4.557,778444.0,,2.004794072782733,0.34865983874482487,0.016000000000000014,
510310,2021-05-28,4.597,4.593,4.629,4.561,739062.0,,1.4766558089033575,-0.2605863192182509,-0.012000000000000455,
510310,2021-05-31,4.589,4.599,4.601,4.555,570808.0,,1.0015240583496683,0.1306335728282218,0.006000000000000227,
510310,2021-06-01,4.585,4.607,4.611,4.539,821454.0,,1.5655577299412928,0.17395085888236586,0.008000000000000007,
510310,2021-06-02,4.607,4.571,4.617,4.545,764891.0,,1.5628391578033438,-0.7814195789016817,-0.036000000000000476,
510310,2021-06-03,4.567,4.531,4.587,4.529,559972.0,,1.268868956464665,-0.8750820389411517,-0.040000000000000036,
510310,2021-06-04,4.515,4.561,4.617,4.507,680716.0,,2.4277201500772527,0.662105495475618,0.03000000000000025,
510310,2021-06-07,4.563,4.557,4.571,4.523,858078.0,,1.0524007893005929,-0.08770006577503968,-0.0039999999999995595,
510310,2021-06-08,4.557,4.523,4.605,4.493,854305.0,,2.457757296466976,-0.7461048935703466,-0.034000000000000696,
510310,2021-06-09,4.523,4.525,4.537,4.505,559434.0,,0.7074950254256032,0.04421843908911492,0.002000000000000668,
510310,2021-06-10,4.525,4.557,4.583,4.519,796664.0,,1.4143646408839792,0.7071823204419896,0.03200000000000003,
510310,2021-06-11,4.557,4.511,4.573,4.509,651946.0,,1.404432740838272,-1.009436032477513,-0.04600000000000026,
510310,2021-06-15,4.515,4.459,4.519,4.435,737353.0,,1.8621148304145536,-1.1527377521613942,-0.05200000000000049,
510310,2021-06-16,4.459,4.397,4.461,4.381,939503.0,,1.7941242431038367,-1.3904462884054585,-0.06199999999999939,
510310,2021-06-17,4.397,4.405,4.425,4.387,557914.0,,0.8642256083693486,0.18194223334091442,0.008000000000000007,
510310,2021-06-18,4.405,4.409,4.437,4.375,525094.0,,1.4074914869466577,0.09080590238364493,0.0039999999999995595,
510310,2021-06-21,4.401,4.403,4.437,4.371,742451.0,,1.4969380811975468,-0.13608528010887339,-0.006000000000000227,
510310,2021-06-22,4.415,4.431,4.435,4.393,847147.0,,0.9538950715421263,0.6359300476947642,0.02800000000000047,
510310,2021-06-23,4.435,4.457,4.481,4.421,540226.0,,1.35409614082599,0.5867749943579282,0.0259999999999998,
510310,2021-06-24,4.457,4.469,4.471,4.437,459206.0,,0.7628449629795784,0.26923939869868646,0.012000000000000455,
510310,2021-06-25,4.469,4.545,4.559,4.469,773549.0,,2.0138733497426684,1.7006041620049144,0.07599999999999962,
510310,2021-06-28,4.545,4.547,4.565,4.529,575386.0,,0.7920792079208026,0.04400440044003916,0.0019999999999997797,
510310,2021-06-29,4.557,4.503,4.557,4.497,523517.0,,1.3195513525401472,-0.9676709918627578,-0.043999999999999595,
510310,2021-06-30,4.497,4.533,4.541,4.495,581678.0,,1.0215411947590554,0.6662225183211248,0.03000000000000025,
510310,2021-07-01,4.551,4.517,4.555,4.497,782588.0,,1.2795058460180857,-0.35296712993602497,-0.016000000000000014,
510310,2021-07-02,4.509,4.405,4.509,4.401,568914.0,,2.390967456276301,-2.4795218065087465,-0.1120000000000001,
510310,2021-07-05,4.407,4.413,4.421,4.381,437828.0,,0.90805902383655,0.18161180476731004,0.008000000000000007,
510310,2021-07-06,4.413,4.413,4.421,4.363,591518.0,,1.3142986630410112,0.0,0.0,
510310,2021-07-07,4.397,4.461,4.479,4.387,591048.0,,2.0847496034443807,1.0876954452753238,0.04800000000000004,
510310,2021-07-08,4.481,4.421,4.485,4.409,654508.0,,1.7036538892625086,-0.8966599417171045,-0.040000000000000036,
510310,2021-07-09,4.417,4.401,4.419,4.351,799059.0,,1.5381135489708124,-0.45238633793260485,-0.020000000000000462,
510310,2021-07-12,4.421,4.461,4.487,4.409,636782.0,,1.7723244717109816,1.363326516700761,0.0600000000000005,
510310,2021-07-13,4.459,4.475,4.493,4.451,537315.0,,0.9414929388029746,0.31383097960097167,0.013999999999999346,
510310,2021-07-14,4.463,4.423,4.463,4.415,796817.0,,1.0726256983240234,-1.1620111731843488,-0.0519999999999996,
510310,2021-07-15,4.413,4.485,4.493,4.411,716879.0,,1.8539452860049908,1.4017635089305964,0.06200000000000028,
510310,2021-07-16,4.481,4.449,4.485,4.439,675729.0,,1.0256410256410313,-0.8026755852842914,-0.036000000000000476,
510310,2021-07-19,4.441,4.461,4.473,4.395,574863.0,,1.7532029669588736,0.26972353337829746,0.012000000000000455,
510310,2021-07-20,4.437,4.447,4.461,4.413,924574.0,,1.0759919300605254,-0.31383097960099154,-0.014000000000000234,
510310,2021-07-21,4.453,4.483,4.503,4.453,1243457.0,,1.124353496739371,0.8095345176523405,0.03599999999999959,
510310,2021-07-22,4.487,4.489,4.509,4.481,714823.0,,0.6245817532902179,0.13383894713362096,0.006000000000000227,
510310,2021-07-23,4.485,4.443,4.487,4.433,582040.0,,1.202940521274232,-1.0247271107150873,-0.04600000000000026,
510310,2021-07-26,4.427,4.293,4.427,4.231,1158997.0,,4.41143371595768,-3.3760972316002587,-0.14999999999999947,
510310,2021-07-27,4.289,4.135,4.299,4.129,1031891.0,,3.9599347775448592,-3.6804099697181543,-0.15800000000000036,
510310,2021-07-28,4.129,4.137,4.161,4.061,924117.0,,2.4183796856106325,0.04836759371220749,0.0019999999999997797,
510310,2021-07-29,4.189,4.211,4.227,4.173,1059391.0,,1.3052936910804998,1.7887357988881012,0.07400000000000073,
510310,2021-07-30,4.201,4.181,4.201,4.137,472617.0,,1.5198290192353372,-0.7124198527665696,-0.03000000000000025,
510310,2021-08-02,4.141,4.287,4.297,4.141,787864.0,,3.731164793111688,2.5352786414733286,0.10599999999999987,
510310,2021-08-03,4.277,4.295,4.315,4.255,630173.0,,1.3995801259622231,0.18661068346162835,0.008000000000000007,
510310,2021-08-04,4.293,4.327,4.341,4.283,572304.0,,1.350407450523861,0.7450523864959262,0.03200000000000003,
510310,2021-08-05,4.313,4.303,4.355,4.281,516320.0,,1.710191818812127,-0.5546568061012254,-0.02400000000000002,
510310,2021-08-06,4.305,4.291,4.321,4.269,301944.0,,1.2084592145015014,-0.2788752033464924,-0.011999999999999567,
510310,2021-08-09,4.277,4.341,4.365,4.259,577877.0,,2.470286646469351,1.1652295502213894,0.04999999999999982,
510310,2021-08-10,4.341,4.399,4.401,4.307,804914.0,,2.1653996774936517,1.336097673347151,0.05799999999999983,
510310,2021-08-11,4.399,4.375,4.417,4.369,620300.0,,1.0911570811548088,-0.5455785405774044,-0.02400000000000002,
510310,2021-08-12,4.375,4.341,4.381,4.335,528728.0,,1.0514285714285774,-0.7771428571428527,-0.03399999999999981,
510310,2021-08-13,4.335,4.321,4.365,4.291,555006.0,,1.7046763418567115,-0.4607233356369606,-0.020000000000000462,
510310,2021-08-16,4.329,4.317,4.345,4.305,630940.0,,0.9257116408238844,-0.09257116408237814,-0.0039999999999995595,
510310,2021-08-17,4.317,4.215,4.343,4.205,779132.0,,3.196664350243222,-2.362751911049347,-0.10200000000000031,
510310,2021-08-18,4.215,4.263,4.289,4.205,685482.0,,1.9928825622775714,1.1387900355871898,0.04800000000000004,
510310,2021-08-19,4.259,4.233,4.263,4.213,819248.0,,1.1728829462819568,-0.7037297677691825,-0.03000000000000025,
510310,2021-08-20,4.231,4.155,4.231,4.113,866844.0,,2.7876210725253827,-1.8426647767540612,-0.0779999999999994,
510310,2021-08-23,4.157,4.211,4.227,4.155,667830.0,,1.732851985559568,1.3477737665463307,0.05600000000000005,
510310,2021-08-24,4.231,4.267,4.283,4.221,694427.0,,1.4723343623842382,1.3298503918309201,0.05600000000000005,
510310,2021-08-25,4.273,4.273,4.281,4.249,661442.0,,0.7499414108272797,0.14061401453009933,0.005999999999999339,
510310,2021-08-26,4.273,4.203,4.273,4.193,531298.0,,1.8722209220688057,-1.6381933068101897,-0.0699999999999994,
510310,2021-08-27,4.199,4.217,4.253,4.197,745190.0,,1.3323816321675004,0.3330954080418593,0.013999999999999346,
510310,2021-08-30,4.217,4.197,4.231,4.175,709089.0,,1.3279582641688417,-0.47427080863171867,-0.019999999999999574,
510310,2021-08-31,4.191,4.195,4.213,4.131,502988.0,,1.9537765070288267,-0.04765308553728329,-0.0019999999999997797,
510310,2021-09-01,4.203,4.261,4.293,4.159,992369.0,,3.1942789034565036,1.5733015494636433,0.06599999999999984,
510310,2021-09-02,4.263,4.253,4.275,4.231,615786.0,,1.0326214503637756,-0.18774935461159367,-0.008000000000000007,
510310,2021-09-03,4.259,4.233,4.279,4.221,665755.0,,1.3637432400658318,-0.4702562896778853,-0.020000000000000462,
510310,2021-09-06,4.225,4.309,4.321,4.225,1049069.0,,2.2678951098511715,1.7954169619655216,0.07600000000000051,
510310,2021-09-07,4.319,4.365,4.387,4.293,921583.0,,2.181480621954036,1.2996054769087966,0.05600000000000005,
510310,2021-09-08,4.365,4.345,4.391,4.331,770398.0,,1.374570446735386,-0.4581901489118089,-0.020000000000000462,
510310,2021-09-09,4.341,4.341,4.345,4.309,512507.0,,0.828538550057528,-0.0920598388952718,-0.0039999999999995595,
510310,2021-09-10,4.341,4.389,4.423,4.337,658180.0,,1.981110343238892,1.1057360055286811,0.04800000000000004,
510310,2021-09-13,4.387,4.367,4.409,4.341,787100.0,,1.5493278651173301,-0.5012531328320856,-0.02200000000000024,
510310,2021-09-14,4.363,4.303,4.381,4.283,465692.0,,2.2441035035493444,-1.465536981909779,-0.06400000000000006,
510310,2021-09-15,4.303,4.255,4.303,4.231,430632.0,,1.673251220079016,-1.1155008133860107,-0.04800000000000004,
510310,2021-09-16,4.257,4.205,4.269,4.197,748111.0,,1.6921269095182152,-1.1750881316098667,-0.04999999999999982,
510310,2021-09-17,4.207,4.241,4.247,4.185,725757.0,,1.4744351961950124,0.8561236623067678,0.03599999999999959,
510310,2021-09-22,4.201,4.211,4.227,4.175,837913.0,,1.226125913699611,-0.7073803348266768,-0.02999999999999936,
510310,2021-09-23,4.217,4.237,4.269,4.217,618668.0,,1.234861078128722,0.6174305390643505,0.0259999999999998,
510310,2021-09-24,4.239,4.245,4.285,4.233,703752.0,,1.22728345527497,0.18881283927307074,0.008000000000000007,
510310,2021-09-27,4.247,4.275,4.309,4.237,771524.0,,1.6961130742049486,0.7067137809187337,0.03000000000000025,
510310,2021-09-28,4.279,4.269,4.293,4.241,545445.0,,1.2163742690058594,-0.14035087719298775,-0.006000000000000227,
510310,2021-09-29,4.255,4.233,4.261,4.197,1112720.0,,1.499180135863201,-0.8432888264230611,-0.036000000000000476,
510310,2021-09-30,4.235,4.249,4.265,4.235,1021834.0,,0.7087172218284754,0.3779825183085286,0.016000000000000014,
510310,2021-10-08,4.281,4.311,4.323,4.281,593713.0,,0.9884678747940858,1.4591668627912515,0.06200000000000028,
510310,2021-10-11,4.313,4.317,4.365,4.311,491573.0,,1.2526096033402985,0.1391788448155933,0.006000000000000227,
510310,2021-10-12,4.299,4.263,4.311,4.231,579715.0,,1.8531387537641897,-1.250868658790833,-0.05400000000000027,
510310,2021-10-13,4.265,4.317,4.333,4.259,526411.0,,1.7358667604972986,1.2667135819845243,0.05400000000000027,
510310,2021-10-14,4.305,4.297,4.339,4.287,398211.0,,1.2045401899467336,-0.46328468844105775,-0.020000000000000462,
510310,2021-10-15,4.297,4.319,4.327,4.275,522844.0,,1.2101466139166768,0.5119851058878344,0.02200000000000024,
510310,2021-10-18,4.325,4.261,4.325,4.233,657087.0,,2.1301227135911214,-1.3429034498726518,-0.05799999999999983,
510310,2021-10-19,4.263,4.305,4.313,4.259,412202.0,,1.2673081436282418,1.032621450363755,0.043999999999999595,
510310,2021-10-20,4.311,4.295,4.333,4.283,357611.0,,1.1614401858304257,-0.232288037166081,-0.009999999999999787,
510310,2021-10-21,4.297,4.315,4.337,4.277,468195.0,,1.3969732246798512,0.4656577415599642,0.020000000000000462,
510310,2021-10-22,4.319,4.341,4.377,4.319,580491.0,,1.3441483198145963,0.6025492468134368,0.0259999999999998,
510310,2021-10-25,4.323,4.361,4.367,4.323,470932.0,,1.0135913384012807,0.4607233356369401,0.019999999999999574,
510310,2021-10-26,4.371,4.347,4.393,4.335,650034.0,,1.3299701903233163,-0.32102728731940716,-0.013999999999999346,
510310,2021-10-27,4.345,4.289,4.345,4.273,461597.0,,1.6563146997929619,-1.334253508166568,-0.05800000000000072,
510310,2021-10-28,4.285,4.265,4.291,4.245,760850.0,,1.0725110748426268,-0.5595709955700635,-0.02400000000000002,
510310,2021-10-29,4.279,4.295,4.297,4.253,518268.0,,1.031652989448994,0.7033997655334173,0.03000000000000025,
510310,2021-11-01,4.277,4.281,4.303,4.257,375058.0,,1.071012805587899,-0.3259604190919729,-0.014000000000000234,
510310,2021-11-02,4.281,4.233,4.307,4.201,720924.0,,2.476056996028983,-1.1212333566923627,-0.04800000000000004,
510310,2021-11-03,4.233,4.217,4.255,4.205,367238.0,,1.1811953697141466,-0.3779825183085286,-0.016000000000000014,
510310,2021-11-04,4.229,4.259,4.267,4.229,494041.0,,0.9011145364002907,0.9959686981266471,0.0420000000000007,
510310,2021-11-05,4.257,4.245,4.283,4.243,480254.0,,0.9391876027236448,-0.3287156609532809,-0.014000000000000234,
510310,2021-11-08,4.245,4.243,4.265,4.225,518666.0,,0.9422850412249714,-0.04711425206124334,-0.0019999999999997797,
510310,2021-11-09,4.253,4.245,4.271,4.217,857614.0,,1.272684421399959,0.04713646005184491,0.0019999999999997797,
510310,2021-11-10,4.243,4.217,4.243,4.155,1188217.0,,2.073027090694937,-0.6595995288574904,-0.02800000000000047,
510310,2021-11-11,4.205,4.285,4.291,4.201,433386.0,,2.134218638842797,1.6125207493478895,0.0680000000000005,
510310,2021-11-12,4.287,4.285,4.303,4.271,626563.0,,0.7467911318553099,0.0,0.0,
510310,2021-11-15,4.287,4.277,4.305,4.257,647523.0,,1.1201866977829649,-0.18669778296382747,-0.008000000000000007,
510310,2021-11-16,4.283,4.277,4.309,4.269,777651.0,,0.9352349777881701,0.0,0.0,
510310,2021-11-17,4.273,4.273,4.287,4.259,450572.0,,0.6546644844517087,-0.09352349777882739,-0.004000000000000448,
510310,2021-11-18,4.271,4.239,4.271,4.225,729623.0,,1.0765270301895686,-0.7956938918792374,-0.03399999999999981,
510310,2021-11-19,4.233,4.281,4.289,4.223,626126.0,,1.5569709837225723,0.9907997169143623,0.041999999999999815,
510310,2021-11-22,4.287,4.301,4.307,4.279,509140.0,,0.6540527914038886,0.46718056528849483,0.020000000000000462,
510310,2021-11-23,4.297,4.297,4.315,4.287,296409.0,,0.6510113926993831,-0.09300162752849216,-0.004000000000000448,
510310,2021-11-24,4.297,4.307,4.329,4.291,245719.0,,0.8843379101698714,0.2327205026763015,0.010000000000000675,
510310,2021-11-25,4.313,4.293,4.313,4.287,483322.0,,0.6036684467146459,-0.3250522405386634,-0.014000000000000234,
510310,2021-11-26,4.281,4.261,4.283,4.251,660273.0,,0.7453994875378529,-0.7453994875378529,-0.03200000000000003,
510310,2021-11-29,4.255,4.249,4.257,4.227,382975.0,,0.7040600797934606,-0.28162403191740093,-0.012000000000000455,
510310,2021-11-30,4.253,4.237,4.269,4.213,375316.0,,1.3179571663920935,-0.2824193927982953,-0.011999999999999567,
510310,2021-12-01,4.229,4.245,4.251,4.229,257858.0,,0.5192353080009497,0.18881283927307074,0.008000000000000007,
510310,2021-12-02,4.243,4.255,4.265,4.225,263195.0,,0.9422850412249714,0.2355712603062376,0.009999999999999787,
510310,2021-12-03,4.249,4.295,4.295,4.247,401377.0,,1.128084606345477,0.9400705052878975,0.040000000000000036,
510310,2021-12-06,4.295,4.291,4.331,4.287,803538.0,,1.0244470314319087,-0.09313154831198044,-0.0039999999999995595,
510310,2021-12-07,4.305,4.315,4.321,4.293,584672.0,,0.6525285481239705,0.5593101841062694,0.02400000000000002,
510310,2021-12-08,4.317,4.383,4.389,4.307,642803.0,,1.9003476245654658,1.5758980301274532,0.06799999999999962,
510310,2021-12-09,4.389,4.461,4.507,4.385,783373.0,,2.7834816335843007,1.7796030116358725,0.07800000000000029,
510310,2021-12-10,4.457,4.447,4.457,4.433,604453.0,,0.5379959650302627,-0.31383097960099154,-0.014000000000000234,
510310,2021-12-13,4.455,4.463,4.527,4.455,692482.0,,1.6190690353047013,0.35979311895660027,0.016000000000000014,
510310,2021-12-14,4.447,4.437,4.465,4.427,703472.0,,0.8514452162222778,-0.5825677795204974,-0.0259999999999998,
510310,2021-12-15,4.439,4.393,4.445,4.389,474933.0,,1.2621140410187073,-0.9916610322289944,-0.04400000000000048,
510310,2021-12-16,4.409,4.417,4.419,4.379,474643.0,,0.9105394946505814,0.5463236967903488,0.02400000000000002,
510310,2021-12-17,4.415,4.351,4.415,4.347,660359.0,,1.539506452343211,-1.4942268508037093,-0.06599999999999984,
510310,2021-12-20,4.351,4.283,4.369,4.275,927160.0,,2.1604228912893455,-1.5628591128476124,-0.06799999999999962,
510310,2021-12-21,4.279,4.301,4.311,4.273,520673.0,,0.887228578099469,0.42026616857342497,0.017999999999999794,
510310,2021-12-22,4.311,4.303,4.325,4.293,534864.0,,0.7440130202278546,0.04650081376423575,0.0019999999999997797,
510310,2021-12-23,4.309,4.337,4.345,4.295,957045.0,,1.161980013943756,0.7901464094817524,0.03399999999999981,
510310,2021-12-24,4.341,4.327,4.351,4.301,776291.0,,1.1528706479133,-0.2305741295826559,-0.009999999999999787,
510310,2021-12-27,4.315,4.321,4.337,4.295,1213230.0,,0.9706494106771393,-0.13866420152531148,-0.006000000000000227,
510310,2021-12-28,4.321,4.345,4.357,4.313,2176442.0,,1.018282804906283,0.5554269844943305,0.02400000000000002,
510310,2021-12-29,4.345,4.281,4.349,4.277,568993.0,,1.6570771001150766,-1.4729574223245123,-0.06400000000000006,
510310,2021-12-30,4.279,4.315,4.329,4.277,767888.0,,1.2146694697500493,0.7942069609904391,0.034000000000000696,
510310,2021-12-31,4.321,4.325,4.341,4.311,513606.0,,0.6952491309385921,0.23174971031285715,0.009999999999999787,
510310,2023-05-17,3.526,3.512,3.536,3.5,863122.0,,0.8323699421965324,-18.79768786127168,-0.8130000000000002,
510310,2023-05-18,3.516,3.51,3.536,3.494,824955.0,,1.1958997722095621,-0.056947608200461956,-0.002000000000000224,
510310,2023-05-19,3.506,3.504,3.52,3.484,955936.0,,1.0256410256410267,-0.17094017094016478,-0.005999999999999783,
510310,2023-05-22,3.506,3.524,3.542,3.488,1150062.0,,1.541095890410954,0.570776255707763,0.020000000000000018,
510310,2023-05-23,3.524,3.47,3.528,3.466,1424923.0,,1.7593643586833094,-1.532349602724172,-0.053999999999999826,
510310,2023-05-24,3.466,3.42,3.468,3.418,1285024.0,,1.4409221902017237,-1.4409221902017366,-0.050000000000000266,
510310,2023-05-25,3.416,3.408,3.422,3.378,1113591.0,,1.2865497076023402,-0.35087719298245645,-0.01200000000000001,
510310,2023-05-26,3.408,3.414,3.422,3.378,1159884.0,,1.2910798122065739,0.1760563380281757,0.006000000000000227,
510310,2023-05-29,3.43,3.396,3.432,3.38,1470171.0,,1.5231400117164628,-0.5272407732864745,-0.018000000000000238,
510310,2023-05-30,3.394,3.4,3.406,3.354,1471617.0,,1.5312131919905785,0.11778563015312142,0.0040000000000000036,
510310,2023-05-31,3.396,3.368,3.396,3.348,1317299.0,,1.4117647058823541,-0.9411764705882361,-0.03200000000000003,
510310,2023-06-01,3.368,3.372,3.402,3.356,1346886.0,,1.365795724465566,0.11876484560570083,0.0040000000000000036,
510310,2023-06-02,3.39,3.424,3.432,3.386,1683809.0,,1.3641755634638144,1.5421115065243194,0.052000000000000046,
510310,2023-06-05,3.426,3.408,3.426,3.396,636658.0,,0.8761682242990726,-0.4672897196261686,-0.016000000000000014,
510310,2023-06-06,3.412,3.376,3.434,3.372,998574.0,,1.819248826291088,-0.9389671361502356,-0.03200000000000003,
510310,2023-06-07,3.384,3.362,3.392,3.35,2410210.0,,1.244075829383881,-0.4146919431279559,-0.01399999999999979,
510310,2023-06-08,3.362,3.388,3.406,3.35,1710951.0,,1.6656751933373009,0.7733491969065973,0.0259999999999998,
510310,2023-06-09,3.392,3.404,3.408,3.384,2147085.0,,0.7083825265643453,0.4722550177095636,0.016000000000000014,
510310,2023-06-12,3.404,3.412,3.43,3.39,1193269.0,,1.1750881316098718,0.23501762632197437,0.008000000000000007,
510310,2023-06-13,3.406,3.436,3.442,3.404,881253.0,,1.113716295427909,0.7033997655334121,0.02400000000000002,
510310,2023-06-14,3.432,3.442,3.466,3.432,1057725.0,,0.9895227008149083,0.17462165308498914,0.006000000000000227,
510310,2023-06-15,3.452,3.5,3.502,3.448,1113267.0,,1.5688553166763457,1.6850668216153348,0.05799999999999983,
510310,2023-06-16,3.512,3.536,3.544,3.498,1376309.0,,1.3142857142857092,1.0285714285714296,0.03600000000000003,
510310,2023-06-19,3.54,3.508,3.54,3.5,833458.0,,1.1312217194570147,-0.7918552036199101,-0.028000000000000025,
510310,2023-06-20,3.506,3.5,3.518,3.496,891960.0,,0.627137970353472,-0.22805017103762845,-0.008000000000000007,
510310,2023-06-21,3.494,3.452,3.5,3.45,1201597.0,,1.4285714285714235,-1.3714285714285726,-0.04800000000000004,
510310,2023-06-26,3.44,3.406,3.44,3.394,2530706.0,,1.332560834298952,-1.332560834298952,-0.04599999999999982,
510310,2023-06-27,3.406,3.434,3.44,3.4,938246.0,,1.1743981209630074,0.8220786846741053,0.028000000000000025,
510310,2023-06-28,3.434,3.44,3.442,3.402,1041049.0,,1.1648223645894011,0.1747233546884037,0.005999999999999783,
510310,2023-06-29,3.434,3.422,3.438,3.41,642059.0,,0.8139534883720937,-0.5232558139534824,-0.017999999999999794,
510310,2023-06-30,3.418,3.446,3.458,3.416,845352.0,,1.2273524254821817,0.7013442431326715,0.02400000000000002,
510310,2023-07-03,3.454,3.486,3.496,3.454,1008377.0,,1.218804410911196,1.1607661056297167,0.040000000000000036,
510310,2023-07-04,3.476,3.492,3.498,3.476,357123.0,,0.6310958118187102,0.17211703958691288,0.005999999999999783,
510310,2023-07-05,3.492,3.472,3.496,3.466,2273969.0,,0.8591065292096164,-0.5727376861397485,-0.020000000000000018,
510310,2023-07-06,3.46,3.442,3.482,3.436,839238.0,,1.3248847926267358,-0.8640552995391648,-0.029999999999999805,
510310,2023-07-07,3.434,3.432,3.45,3.422,1410797.0,,0.8134805345729234,-0.2905287623474791,-0.010000000000000231,
510310,2023-07-10,3.446,3.446,3.47,3.434,1140692.0,,1.0489510489510498,0.40792540792541476,0.014000000000000234,
510310,2023-07-11,3.45,3.47,3.476,3.45,1126262.0,,0.7544979686593093,0.6964596633778299,0.02400000000000002,
510310,2023-07-12,3.476,3.454,3.482,3.444,632625.0,,1.0951008645533213,-0.4610951008645537,-0.016000000000000014,
510310,2023-07-13,3.468,3.512,3.516,3.468,2593874.0,,1.3896931094383336,1.6792125072379798,0.05799999999999983,
510310,2023-07-14,3.52,3.512,3.526,3.508,1611366.0,,0.5125284738040944,0.0,0.0,
510310,2023-07-17,3.504,3.486,3.504,3.472,2274426.0,,0.9111617312072902,-0.7403189066059168,-0.0259999999999998,
510310,2023-07-18,3.486,3.482,3.492,3.468,742590.0,,0.6884681583476769,-0.11474469305794617,-0.0040000000000000036,
510310,2023-07-19,3.48,3.478,3.486,3.458,2579611.0,,0.8041355542791506,-0.11487650775416436,-0.0040000000000000036,
510310,2023-07-20,3.48,3.45,3.5,3.444,1526584.0,,1.6101207590569304,-0.8050603795284652,-0.028000000000000025,
510310,2023-07-21,3.45,3.45,3.478,3.438,1750487.0,,1.1594202898550736,0.0,0.0,
510310,2023-07-24,3.448,3.434,3.46,3.428,1164610.0,,0.9275362318840588,-0.4637681159420294,-0.016000000000000014,
510310,2023-07-25,3.48,3.542,3.542,3.48,2474899.0,,1.8054746651135651,3.14502038439137,0.10799999999999965,
510310,2023-07-26,3.538,3.538,3.54,3.52,2333037.0,,0.5646527385657826,-0.11293054771315651,-0.0040000000000000036,
510310,2023-07-27,3.54,3.532,3.558,3.52,2251489.0,,1.074053137365738,-0.16958733747879545,-0.005999999999999783,
510310,2023-07-28,3.516,3.622,3.628,3.512,3298657.0,,3.28425821064553,2.548131370328422,0.08999999999999986,
510310,2023-07-31,3.644,3.638,3.692,3.628,4458921.0,,1.7669795692987316,0.4417448923246829,0.016000000000000014,
510310,2023-08-01,3.63,3.622,3.658,3.61,3901322.0,,1.3194062671797704,-0.4398020890599234,-0.016000000000000014,
510310,2023-08-02,3.616,3.594,3.636,3.584,3484360.0,,1.4356709000552195,-0.773053561568195,-0.028000000000000025,
510310,2023-08-03,3.588,3.628,3.628,3.588,1413019.0,,1.1129660545353377,0.9460211463550432,0.03400000000000025,
510310,2023-08-04,3.654,3.646,3.684,3.634,2944750.0,,1.378169790518199,0.49614112458654336,0.017999999999999794,
510310,2023-08-07,3.632,3.614,3.632,3.604,1891204.0,,0.767964893033462,-0.8776741634668137,-0.03200000000000003,
510310,2023-08-08,3.6,3.602,3.63,3.59,3311488.0,,1.1068068622025466,-0.33204205866076403,-0.01200000000000001,
510310,2023-08-09,3.598,3.594,3.61,3.59,1319758.0,,0.5552470849528045,-0.2220988339811218,-0.008000000000000007,
510310,2023-08-10,3.596,3.6,3.606,3.57,2290906.0,,1.0016694490818039,0.16694490818030683,0.006000000000000227,
510310,2023-08-11,3.608,3.508,3.608,3.508,5411046.0,,2.77777777777778,-2.5555555555555576,-0.09200000000000008,
510310,2023-08-14,3.47,3.484,3.494,3.446,4937904.0,,1.3683010262257709,-0.6841505131128854,-0.02400000000000002,
510310,2023-08-15,3.486,3.482,3.498,3.446,2372209.0,,1.4925373134328372,-0.05740528128587198,-0.0019999999999997797,
510310,2023-08-16,3.474,3.454,3.484,3.452,2928786.0,,0.9190120620333149,-0.8041355542791506,-0.028000000000000025,
510310,2023-08-17,3.44,3.466,3.472,3.42,2960878.0,,1.5055008685581948,0.3474232773595834,0.01200000000000001,
510310,2023-08-18,3.462,3.416,3.476,3.414,1868151.0,,1.7888055395268272,-1.4425851125216465,-0.050000000000000266,
510310,2023-08-21,3.41,3.364,3.418,3.364,2001627.0,,1.5807962529274084,-1.5222482435597202,-0.052000000000000046,
510310,2023-08-22,3.376,3.39,3.404,3.342,3043383.0,,1.8430439952437525,0.7728894173602927,0.026000000000000245,
510310,2023-08-23,3.38,3.346,3.388,3.334,3136495.0,,1.5929203539822956,-1.2979351032448387,-0.04400000000000004,
510310,2023-08-24,3.352,3.36,3.386,3.34,2727898.0,,1.3747758517633073,0.4184100418409979,0.01399999999999979,
510310,2023-08-25,3.346,3.352,3.374,3.336,2778863.0,,1.1309523809523885,-0.23809523809523833,-0.008000000000000007,
510310,2023-08-28,3.596,3.4,3.6,3.38,7143794.0,,6.563245823389027,1.4319809069212424,0.04800000000000004,
510310,2023-08-29,3.392,3.424,3.452,3.382,4839350.0,,2.05882352941176,0.7058823529411771,0.02400000000000002,
510310,2023-08-30,3.434,3.426,3.45,3.418,2848968.0,,0.9345794392523372,0.058411214953277564,0.002000000000000224,
510310,2023-08-31,3.426,3.406,3.432,3.398,2831428.0,,0.9924109748978344,-0.5837711617046123,-0.020000000000000018,
510310,2023-09-01,3.42,3.428,3.448,3.418,3309082.0,,0.8807985907222491,0.6459189665296475,0.021999999999999797,
510310,2023-09-04,3.45,3.482,3.49,3.438,2430496.0,,1.5169194865810982,1.575262543757301,0.05400000000000027,
510310,2023-09-05,3.478,3.456,3.478,3.448,1843520.0,,0.8615738081562392,-0.7466973004020748,-0.026000000000000245,
510310,2023-09-06,3.446,3.448,3.456,3.43,1378240.0,,0.752314814814809,-0.23148148148148168,-0.008000000000000007,
510310,2023-09-07,3.442,3.396,3.442,3.392,2423856.0,,1.4501160092807501,-1.5081206496519735,-0.052000000000000046,
510310,2023-09-08,3.386,3.378,3.392,3.362,4026862.0,,0.8833922261484042,-0.5300353356890399,-0.017999999999999794,
510310,2023-09-11,3.376,3.402,3.426,3.372,2917444.0,,1.5985790408525835,0.7104795737122565,0.02400000000000002,
510310,2023-09-12,3.4,3.4,3.414,3.39,1344341.0,,0.7054673721340393,-0.05878894767784315,-0.002000000000000224,
510310,2023-09-13,3.4,3.374,3.408,3.356,1909392.0,,1.5294117647058838,-0.7647058823529354,-0.0259999999999998,
510310,2023-09-14,3.374,3.374,3.386,3.356,1613864.0,,0.8891523414345065,0.0,0.0,
510310,2023-09-15,3.384,3.356,3.388,3.342,2443053.0,,1.3633669235328933,-0.5334914048607065,-0.018000000000000238,
510310,2023-09-18,3.354,3.37,3.38,3.332,2667567.0,,1.4302741358760442,0.41716328963051946,0.014000000000000234,
510310,2023-09-19,3.368,3.362,3.368,3.342,2055396.0,,0.7715133531157211,-0.2373887240356085,-0.008000000000000007,
510310,2023-09-20,3.356,3.348,3.362,3.348,1612159.0,,0.4164187983343318,-0.4164187983343318,-0.014000000000000234,
510310,2023-09-21,3.342,3.314,3.352,3.312,2212801.0,,1.1947431302270024,-1.0155316606929454,-0.03399999999999981,
510310,2023-09-22,3.3,3.384,3.386,3.3,3046541.0,,2.595051297525658,2.112251056125523,0.06999999999999984,
510310,2023-09-25,3.376,3.356,3.378,3.352,1419207.0,,0.7683215130023713,-0.8274231678487004,-0.028000000000000025,
510310,2023-09-26,3.354,3.338,3.364,3.334,1715422.0,,0.8939213349225211,-0.5363528009535099,-0.017999999999999794,
510310,2023-09-27,3.336,3.348,3.372,3.334,1803387.0,,1.1384062312762078,0.2995805871779445,0.009999999999999787,
510310,2023-09-28,3.354,3.334,3.362,3.326,2885054.0,,1.0752688172043021,-0.41816009557944417,-0.01399999999999979,
510310,2023-10-09,3.328,3.324,3.336,3.284,1768419.0,,1.5596880623875238,-0.2999400119976074,-0.010000000000000231,
510310,2023-10-10,3.332,3.3,3.346,3.296,1572032.0,,1.5042117930204653,-0.7220216606498201,-0.02400000000000002,
510310,2023-10-11,3.316,3.308,3.332,3.3,1541732.0,,0.9696969696969706,0.24242424242424265,0.008000000000000007,
510310,2023-10-12,3.34,3.344,3.354,3.324,1930013.0,,0.9068923821039978,1.0882708585247896,0.03600000000000003,
510310,2023-10-13,3.32,3.306,3.324,3.298,1771652.0,,0.7775119617224822,-1.136363636363631,-0.03799999999999981,
510310,2023-10-16,3.306,3.268,3.31,3.26,1967158.0,,1.5124016938899052,-1.1494252873563295,-0.038000000000000256,
510310,2023-10-17,3.274,3.28,3.286,3.262,1573341.0,,0.734394124847002,0.367197062423501,0.01200000000000001,
510310,2023-10-18,3.278,3.248,3.278,3.248,2194273.0,,0.9146341463414575,-0.9756097560975483,-0.031999999999999584,
510310,2023-10-19,3.238,3.186,3.242,3.18,3217657.0,,1.9088669950738866,-1.9088669950739001,-0.06200000000000028,
510310,2023-10-20,3.18,3.162,3.182,3.15,3154211.0,,1.0043942247332087,-0.7532956685499065,-0.02400000000000002,
510310,2023-10-23,3.156,3.162,3.176,3.096,6753001.0,,2.5300442757748285,0.0,0.0,
510310,2023-10-24,3.15,3.134,3.15,3.102,14140976.0,,1.518026565464897,-0.8855154965211899,-0.028000000000000025,
510310,2023-10-25,3.172,3.154,3.184,3.15,11446442.0,,1.0848755583918397,0.6381620931716663,0.020000000000000018,
510310,2023-10-26,3.132,3.166,3.166,3.13,10164247.0,,1.1414077362079909,0.38046924540266364,0.01200000000000001,
510310,2023-10-27,3.152,3.214,3.226,3.146,7160678.0,,2.5268477574226176,1.5161086544535705,0.04800000000000004,
510310,2023-10-30,3.198,3.232,3.244,3.198,9353570.0,,1.4312383322962123,0.5600497822028699,0.018000000000000238,
510310,2023-10-31,3.23,3.226,3.232,3.202,4418823.0,,0.9282178217821858,-0.18564356435644266,-0.006000000000000227,
510310,2023-11-01,3.244,3.22,3.252,3.21,3082918.0,,1.3019218846869132,-0.1859888406695531,-0.005999999999999783,
510310,2023-11-02,3.226,3.206,3.246,3.204,5419352.0,,1.3043478260869508,-0.4347826086956595,-0.014000000000000234,
510310,2023-11-03,3.208,3.232,3.244,3.208,4292514.0,,1.1228945726762332,0.8109794135995086,0.026000000000000245,
510310,2023-11-06,3.252,3.276,3.282,3.248,5962468.0,,1.051980198019796,1.3613861386138488,0.043999999999999595,
510310,2023-11-07,3.272,3.266,3.278,3.252,2529433.0,,0.7936507936508013,-0.3052503052502987,-0.009999999999999787,
510310,2023-11-08,3.262,3.256,3.272,3.234,3270900.0,,1.1635027556644155,-0.30618493570117056,-0.010000000000000231,
510310,2023-11-09,3.25,3.262,3.27,3.244,2748307.0,,0.7985257985257924,0.18427518427519127,0.006000000000000227,
510310,2023-11-10,3.248,3.232,3.248,3.22,2883578.0,,0.858369098712447,-0.9196811771919009,-0.029999999999999805,
510310,2023-11-13,3.234,3.228,3.244,3.21,2536664.0,,1.0519801980198096,-0.12376237623762387,-0.0040000000000000036,
510310,2023-11-14,3.23,3.23,3.248,3.214,2251840.0,,1.0532837670384216,0.06195786864931163,0.0019999999999997797,
510310,2023-11-15,3.26,3.258,3.268,3.242,3086290.0,,0.8049535603715109,0.8668730650154807,0.028000000000000025,
510310,2023-11-16,3.254,3.22,3.254,3.218,3245826.0,,1.1049723756906087,-1.1663597298956359,-0.03799999999999981,
510310,2023-11-17,3.214,3.214,3.218,3.196,6855111.0,,0.6832298136645899,-0.18633540372671512,-0.006000000000000227,
510310,2023-11-20,3.214,3.226,3.236,3.19,2719354.0,,1.4312383322962123,0.37336652146857535,0.01200000000000001,
510310,2023-11-21,3.236,3.23,3.264,3.22,3824545.0,,1.3639181649100929,0.12399256044637331,0.0040000000000000036,
510310,2023-11-22,3.222,3.194,3.224,3.192,3670272.0,,0.9907120743034065,-1.1145510835913321,-0.03600000000000003,
510310,2023-11-23,3.19,3.21,3.212,3.176,3842639.0,,1.1271133375078282,0.5009392611145903,0.016000000000000014,
510310,2023-11-24,3.204,3.188,3.204,3.18,3418154.0,,0.7476635514018698,-0.685358255451707,-0.021999999999999797,
510310,2023-11-27,3.18,3.166,3.184,3.14,3707319.0,,1.3801756587202019,-0.6900878293601079,-0.02200000000000024,
510310,2023-11-28,3.162,3.168,3.172,3.15,3539587.0,,0.6948831332912269,0.06317119393557245,0.002000000000000224,
510310,2023-11-29,3.17,3.144,3.172,3.13,4310181.0,,1.325757575757584,-0.7575757575757582,-0.02400000000000002,
510310,2023-11-30,3.142,3.146,3.158,3.132,3801071.0,,0.8269720101781107,0.06361323155215584,0.0019999999999997797,
510310,2023-12-01,3.148,3.134,3.148,3.104,13840300.0,,1.3986013986013999,-0.38143674507310904,-0.01200000000000001,
510310,2023-12-04,3.134,3.108,3.14,3.106,3671114.0,,1.0848755583918397,-0.829610721123159,-0.0259999999999998,
510310,2023-12-05,3.104,3.048,3.104,3.044,5801547.0,,1.9305019305019322,-1.9305019305019322,-0.06000000000000005,
510310,2023-12-06,3.042,3.052,3.07,3.034,6551013.0,,1.1811023622047254,0.13123359580052504,0.0040000000000000036,
510310,2023-12-07,3.048,3.046,3.058,3.022,4132686.0,,1.179554390563566,-0.19659239842726825,-0.006000000000000227,
510310,2023-12-08,3.046,3.052,3.064,3.038,2802415.0,,0.8535784635587736,0.1969796454366457,0.006000000000000227,
510310,2023-12-11,3.04,3.074,3.084,3.006,4851527.0,,2.5557011795544,0.720838794233283,0.021999999999999797,
510310,2023-12-12,3.062,3.082,3.084,3.062,2783537.0,,0.7156798959011139,0.26024723487312973,0.008000000000000007,
510310,2023-12-13,3.078,3.026,3.078,3.022,3247473.0,,1.8170019467878016,-1.8170019467878016,-0.05600000000000005,
510310,2023-12-14,3.042,3.008,3.056,3.002,4210130.0,,1.7845340383344441,-0.5948446794448049,-0.017999999999999794,
510310,2023-12-15,3.018,3.002,3.044,2.992,4071236.0,,1.7287234042553206,-0.19946808510639055,-0.006000000000000227,
510310,2023-12-18,2.994,2.99,3.01,2.97,3541472.0,,1.332445036642225,-0.39973351099265714,-0.011999999999999567,
510310,2023-12-19,2.99,2.992,3.004,2.97,7791172.0,,1.1371237458193915,0.06688963210701604,0.0019999999999997797,
510310,2023-12-20,2.994,2.96,3.0,2.958,5290600.0,,1.4037433155080152,-1.069518716577541,-0.03200000000000003,
510310,2023-12-21,2.95,2.99,3.002,2.946,5147615.0,,1.8918918918918786,1.0135135135135218,0.03000000000000025,
510310,2023-12-22,2.988,2.998,3.02,2.972,14600067.0,,1.605351170568563,0.26755852842809386,0.008000000000000007,
510310,2023-12-25,2.998,3.006,3.012,2.992,6971384.0,,0.6671114076050706,0.2668445630420134,0.007999999999999563,
510310,2023-12-26,3.008,2.986,3.008,2.976,11876632.0,,1.0645375914837003,-0.6653359946772979,-0.019999999999999574,
510310,2023-12-27,2.988,2.996,3.002,2.972,4938689.0,,1.0046885465505628,0.33489618218351597,0.009999999999999787,
510310,2023-12-28,2.994,3.076,3.084,2.99,7945063.0,,3.1375166889185535,2.6702269692923926,0.08000000000000007,
510310,2023-12-29,3.076,3.086,3.092,3.07,13716263.0,,0.7152145643693186,0.32509752925877067,0.009999999999999787,
510310,2024-01-02,3.09,3.04,3.09,3.04,5082316.0,,1.62022034996759,-1.490602721970182,-0.04599999999999982,
510310,2024-01-03,3.038,3.034,3.05,3.02,6642590.0,,0.9868421052631514,-0.19736842105263905,-0.006000000000000227,
510310,2024-01-04,3.032,3.006,3.034,2.98,14979796.0,,1.7798286090968962,-0.9228740936058019,-0.028000000000000025,
510310,2024-01-05,2.998,2.988,3.03,2.97,4606813.0,,1.9960079840319234,-0.598802395209574,-0.017999999999999794,
510310,2024-01-08,2.982,2.944,2.994,2.94,9282225.0,,1.8072289156626595,-1.4725568942436424,-0.04400000000000004,
510310,2024-01-09,2.946,2.956,2.966,2.934,13918658.0,,1.0869565217391315,0.4076086956521742,0.01200000000000001,
510310,2024-01-10,2.946,2.936,2.974,2.93,3255508.0,,1.4884979702300418,-0.6765899864682009,-0.020000000000000018,
510310,2024-01-11,2.936,2.954,2.974,2.928,3027023.0,,1.5667574931880197,0.6130790190735775,0.018000000000000238,
510310,2024-01-12,2.946,2.942,2.972,2.94,3168582.0,,1.0832769126607997,-0.4062288422477999,-0.01200000000000001,
510310,2024-01-15,2.93,2.94,2.97,2.922,3535960.0,,1.631543167912986,-0.06798096532971529,-0.002000000000000224,
510310,2024-01-16,2.938,2.96,2.962,2.92,29422248.0,,1.4285714285714373,0.680272108843538,0.020000000000000018,
510310,2024-01-17,2.952,2.882,2.954,2.88,28741959.0,,2.5000000000000098,-2.63513513513513,-0.07799999999999985,
510310,2024-01-18,2.878,2.936,2.944,2.832,35951847.0,,3.886190145732134,1.8736988202636997,0.053999999999999826,
510310,2024-01-19,2.918,2.934,2.95,2.91,35967052.0,,1.362397820163489,-0.06811989100816689,-0.0019999999999997797,
510310,2024-01-22,2.93,2.872,2.944,2.858,57983486.0,,2.931152010906607,-2.113156100886172,-0.06200000000000028,
510310,2024-01-23,2.866,2.892,2.91,2.85,6166777.0,,2.0891364902506986,0.6963788300835662,0.020000000000000018,
510310,2024-01-24,2.908,2.948,2.95,2.85,26060741.0,,3.457814661134166,1.9363762102351332,0.05600000000000005,
510310,2024-01-25,2.936,3.0,3.004,2.93,10270141.0,,2.5101763907734007,1.7639077340569895,0.052000000000000046,
510310,2024-01-26,2.992,2.992,3.01,2.976,28038430.0,,1.133333333333327,-0.26666666666666694,-0.008000000000000007,
510310,2024-01-29,2.996,2.962,3.01,2.96,6072924.0,,1.6711229946524007,-1.0026737967914372,-0.029999999999999805,
510310,2024-01-30,2.946,2.904,2.962,2.902,20117660.0,,2.025658338960164,-1.9581363943281658,-0.058000000000000274,
510310,2024-01-31,2.894,2.886,2.914,2.86,26448111.0,,1.8595041322314143,-0.6198347107437946,-0.017999999999999794,
510310,2024-02-01,2.866,2.88,2.914,2.854,7403871.0,,2.079002079002081,-0.20790020790021577,-0.006000000000000227,
510310,2024-02-02,2.884,2.852,2.898,2.768,25015764.0,,4.513888888888901,-0.9722222222222231,-0.028000000000000025,
510310,2024-02-05,2.82,2.86,2.908,2.778,37633763.0,,4.558204768583447,0.2805049088359049,0.008000000000000007,
510310,2024-02-06,2.84,2.968,2.978,2.84,13812205.0,,4.825174825174837,3.77622377622378,0.1080000000000001,
510310,2024-02-07,2.97,3.0,3.006,2.952,54305550.0,,1.8194070080862477,1.078167115902966,0.03200000000000003,
510310,2024-02-08,3.016,3.022,3.03,2.998,19884503.0,,1.0666666666666527,0.7333333333333265,0.021999999999999797,
510310,2024-02-19,3.038,3.05,3.058,3.018,18462827.0,,1.3236267372600938,0.9265387160820657,0.028000000000000025,
510310,2024-02-20,3.046,3.062,3.072,3.036,10516620.0,,1.18032786885246,0.39344262295082,0.01200000000000001,
510310,2024-02-21,3.048,3.106,3.156,3.042,9186824.0,,3.723056825604191,1.4369693011103868,0.04400000000000004,
510310,2024-02-22,3.104,3.136,3.138,3.102,5219468.0,,1.159047005795236,0.9658725048293706,0.03000000000000025,
510310,2024-02-23,3.136,3.138,3.158,3.124,3974898.0,,1.0841836734693817,0.0637755102040746,0.0019999999999997797,
510310,2024-02-26,3.138,3.104,3.142,3.096,8353704.0,,1.4659018483110204,-1.0834926704907524,-0.03399999999999981,
510310,2024-02-27,3.09,3.144,3.146,3.09,5931837.0,,1.8041237113402078,1.2886597938144342,0.040000000000000036,
510310,2024-02-28,3.146,3.104,3.174,3.104,20091854.0,,2.2264631043256946,-1.2722646310432582,-0.040000000000000036,
510310,2024-02-29,3.1,3.162,3.168,3.096,13398690.0,,2.3195876288659814,1.8685567010309223,0.05799999999999983,
510310,2024-03-01,3.164,3.19,3.2,3.154,10370862.0,,1.4547754585705333,0.8855154965211899,0.028000000000000025,
510310,2024-03-04,3.184,3.192,3.196,3.168,5486507.0,,0.8777429467084646,0.0626959247648973,0.002000000000000224,
510310,2024-03-05,3.174,3.214,3.226,3.17,53847559.0,,1.7543859649122824,0.6892230576441039,0.021999999999999797,
510310,2024-03-06,3.208,3.202,3.23,3.198,16202295.0,,0.9956440572495342,-0.37336652146857535,-0.01200000000000001,
510310,2024-03-07,3.202,3.186,3.22,3.174,9660078.0,,1.4366021236727127,-0.49968769519050643,-0.016000000000000014,
510310,2024-03-08,3.184,3.194,3.2,3.162,7710941.0,,1.1927181418706922,0.2510985561833022,0.008000000000000007,
510310,2024-03-11,3.192,3.24,3.242,3.19,12398904.0,,1.6280525986224186,1.4402003757044541,0.04600000000000026,
510310,2024-03-12,3.238,3.248,3.256,3.226,8856450.0,,0.9259259259259198,0.2469135802469138,0.008000000000000007,
510310,2024-03-13,3.246,3.224,3.246,3.214,4667440.0,,0.9852216748768482,-0.738916256157636,-0.02400000000000002,
510310,2024-03-14,3.22,3.214,3.246,3.196,8633659.0,,1.5508684863523516,-0.3101736972704786,-0.010000000000000231,
510310,2024-03-15,3.204,3.22,3.226,3.182,7060033.0,,1.3690105787181095,0.18668326073429456,0.006000000000000227,
510310,2024-03-18,3.224,3.254,3.256,3.22,10683599.0,,1.1180124223602355,1.0559006211180064,0.03399999999999981,
510310,2024-03-19,3.25,3.23,3.26,3.228,5019648.0,,0.983405039950817,-0.737553779963123,-0.02400000000000002,
510310,2024-03-20,3.224,3.23,3.242,3.22,5825358.0,,0.681114551083585,0.0,0.0,
510310,2024-03-21,3.24,3.23,3.252,3.224,3227193.0,,0.8668730650154669,0.0,0.0,
510310,2024-03-22,3.228,3.196,3.228,3.172,16912064.0,,1.7337461300309613,-1.0526315789473626,-0.03399999999999981,
510310,2024-03-25,3.186,3.186,3.216,3.178,6988200.0,,1.1889862327909968,-0.3128911138923727,-0.010000000000000231,
510310,2024-03-26,3.184,3.192,3.202,3.172,9228476.0,,0.9416195856873761,0.18832391713748362,0.006000000000000227,
510310,2024-03-27,3.188,3.156,3.196,3.154,8921190.0,,1.3157894736842186,-1.1278195488721814,-0.03600000000000003,
510310,2024-03-28,3.154,3.172,3.204,3.144,5498852.0,,1.901140684410648,0.5069708491761727,0.016000000000000014,
510310,2024-03-29,3.17,3.186,3.192,3.166,5842060.0,,0.8196721311475487,0.4413619167717462,0.01399999999999979,
510310,2024-04-01,3.198,3.244,3.254,3.198,5303088.0,,1.7576898932831153,1.8204645323289477,0.058000000000000274,
510310,2024-04-02,3.242,3.232,3.246,3.22,3985039.0,,0.8014796547472195,-0.3699136868064121,-0.01200000000000001,
510310,2024-04-03,3.23,3.218,3.232,3.208,3210202.0,,0.7425742574257431,-0.4331683168316904,-0.014000000000000234,
510310,2024-04-08,3.21,3.188,3.216,3.184,3260666.0,,0.9944064636420147,-0.9322560596643819,-0.029999999999999805,
510310,2024-04-09,3.188,3.184,3.196,3.172,2351110.0,,0.7528230865746556,-0.12547051442910925,-0.0040000000000000036,
510310,2024-04-10,3.184,3.16,3.184,3.142,3308848.0,,1.3190954773869428,-0.7537688442211062,-0.02400000000000002,
510310,2024-04-11,3.144,3.156,3.174,3.138,2695388.0,,1.1392405063291149,-0.12658227848101278,-0.0040000000000000036,
510310,2024-04-12,3.152,3.126,3.166,3.12,3595210.0,,1.4575411913814897,-0.950570342205331,-0.03000000000000025,
510310,2024-04-15,3.122,3.202,3.206,3.122,3964056.0,,2.6871401151631504,2.431222008957136,0.07600000000000007,
510310,2024-04-16,3.19,3.166,3.196,3.154,3410687.0,,1.3116801998750862,-1.1242973141786394,-0.03600000000000003,
510310,2024-04-17,3.164,3.214,3.218,3.152,3159232.0,,2.0846493998736526,1.5161086544535705,0.04800000000000004,
510310,2024-04-18,3.206,3.216,3.254,3.202,3249332.0,,1.617921593030493,0.06222775357810279,0.002000000000000224,
510310,2024-04-19,3.208,3.194,3.214,3.18,5912945.0,,1.0572139303482526,-0.6840796019900572,-0.02200000000000024,
510310,2024-04-22,3.196,3.186,3.214,3.178,2762627.0,,1.1271133375078282,-0.25046963055729515,-0.008000000000000007,
510310,2024-04-23,3.19,3.16,3.19,3.156,6071497.0,,1.0671688637790273,-0.8160703075957251,-0.0259999999999998,
510310,2024-04-24,3.164,3.174,3.18,3.15,2861217.0,,0.9493670886076028,0.44303797468353767,0.01399999999999979,
510310,2024-04-25,3.166,3.182,3.198,3.156,3108844.0,,1.3232514177693704,0.252047889098929,0.008000000000000007,
510310,2024-04-26,3.184,3.232,3.244,3.184,4569160.0,,1.885606536769329,1.5713387806411145,0.050000000000000266,
510310,2024-04-29,3.244,3.276,3.298,3.232,5879514.0,,2.042079207920787,1.3613861386138488,0.043999999999999595,
510310,2024-04-30,3.276,3.26,3.282,3.258,2854552.0,,0.7326007326007333,-0.48840048840048883,-0.016000000000000014,
510310,2024-05-06,3.302,3.308,3.324,3.296,3797455.0,,0.8588957055214732,1.4723926380368113,0.04800000000000004,
510310,2024-05-07,3.304,3.31,3.316,3.298,1990593.0,,0.544135429262388,0.0604594921402728,0.002000000000000224,
510310,2024-05-08,3.304,3.282,3.304,3.278,2423383.0,,0.7854984894259759,-0.8459214501510581,-0.028000000000000025,
510310,2024-05-09,3.28,3.314,3.32,3.28,2873034.0,,1.218769043266302,0.9750152346130417,0.03200000000000003,
510310,2024-05-10,3.32,3.318,3.328,3.29,4312295.0,,1.146650573325281,0.12070006035003028,0.0040000000000000036,
510310,2024-05-13,3.296,3.314,3.324,3.28,4211546.0,,1.3261000602772766,-0.12055455093429787,-0.0040000000000000036,
510310,2024-05-14,3.314,3.306,3.328,3.298,3698622.0,,0.9052504526252204,-0.24140012070006056,-0.008000000000000007,
510310,2024-05-15,3.308,3.284,3.31,3.278,2898685.0,,0.9679370840895349,-0.6654567453115621,-0.02200000000000024,
510310,2024-05-16,3.288,3.296,3.312,3.28,2493358.0,,0.974421437271621,0.3654080389768578,0.01200000000000001,
510310,2024-05-17,3.29,3.336,3.34,3.282,2999946.0,,1.7597087378640728,1.21359223300971,0.040000000000000036,
510310,2024-05-20,3.334,3.344,3.358,3.33,2993526.0,,0.8393285371702647,0.23980815347721846,0.008000000000000007,
510310,2024-05-21,3.336,3.33,3.342,3.318,3624264.0,,0.7177033492822974,-0.41866028708133346,-0.01399999999999979,
510310,2024-05-22,3.33,3.34,3.348,3.322,2560880.0,,0.7807807807807747,0.30030030030029387,0.009999999999999787,
510310,2024-05-23,3.334,3.302,3.334,3.292,2808626.0,,1.2574850299401277,-1.137724550898198,-0.03799999999999981,
510310,2024-05-24,3.294,3.262,3.31,3.258,4147491.0,,1.5748031496063006,-1.2113870381586929,-0.040000000000000036,
510310,2024-05-27,3.264,3.292,3.294,3.262,3847587.0,,0.9809932556713681,0.9196811771919009,0.029999999999999805,
510310,2024-05-28,3.292,3.27,3.294,3.262,3226961.0,,0.9720534629404627,-0.6682867557715614,-0.021999999999999797,
510310,2024-05-29,3.27,3.27,3.294,3.262,2981116.0,,0.9785932721712546,0.0,0.0,
510310,2024-05-30,3.264,3.258,3.286,3.248,3522806.0,,1.1620795107033581,-0.3669724770642205,-0.01200000000000001,
510310,2024-05-31,3.262,3.244,3.276,3.242,5036658.0,,1.043585021485568,-0.42971147943522986,-0.01399999999999979,
510310,2024-06-03,3.24,3.248,3.26,3.226,3984093.0,,1.0480887792848277,0.12330456226880405,0.0040000000000000036,
510310,2024-06-04,3.246,3.274,3.284,3.24,3331417.0,,1.3546798029556524,0.8004926108374323,0.0259999999999998,
510310,2024-06-05,3.27,3.258,3.284,3.258,3062743.0,,0.7941356139279109,-0.48869883934025704,-0.016000000000000014,
510310,2024-06-06,3.26,3.26,3.29,3.244,3060766.0,,1.411909146715771,0.061387354205027,0.0019999999999997797,
510310,2024-06-07,3.26,3.24,3.272,3.218,2722538.0,,1.6564417177914057,-0.6134969325153244,-0.019999999999999574,
510310,2024-06-11,3.232,3.212,3.232,3.196,3601368.0,,1.111111111111112,-0.8641975308641983,-0.028000000000000025,
510310,2024-06-12,3.206,3.21,3.218,3.198,2332962.0,,0.6226650062266506,-0.062266500622671965,-0.002000000000000224,
510310,2024-06-13,3.214,3.198,3.22,3.19,1541194.0,,0.9345794392523442,-0.3738317757009349,-0.01200000000000001,
510310,2024-06-14,3.194,3.214,3.224,3.18,3403281.0,,1.3758599124452795,0.5003126954346471,0.016000000000000014,
510310,2024-06-17,3.202,3.206,3.214,3.198,1453346.0,,0.4978220286247671,-0.24891101431238355,-0.008000000000000007,
510310,2024-06-18,3.21,3.214,3.226,3.204,2030443.0,,0.6862133499688022,0.24953212726138513,0.008000000000000007,
510310,2024-06-19,3.216,3.206,3.224,3.202,2384959.0,,0.6845052893590616,-0.24891101431238355,-0.008000000000000007,
510310,2024-06-20,3.204,3.184,3.214,3.18,1787759.0,,1.0605115408608798,-0.6862133499688022,-0.021999999999999797,
510310,2024-06-21,3.186,3.18,3.188,3.156,15180379.0,,1.0050251256281415,-0.1256281407035177,-0.0040000000000000036,
510310,2024-06-24,3.162,3.16,3.188,3.156,13180650.0,,1.0062893081761015,-0.6289308176100634,-0.020000000000000018,
510310,2024-06-25,3.16,3.14,3.168,3.122,10464333.0,,1.4556962025316538,-0.6329113924050638,-0.020000000000000018,
510310,2024-06-26,3.13,3.162,3.17,3.128,3544796.0,,1.3375796178343888,0.7006369426751528,0.021999999999999797,
510310,2024-06-27,3.156,3.142,3.16,3.136,10056280.0,,0.7590132827324485,-0.6325110689437071,-0.020000000000000018,
510310,2024-06-28,3.132,3.15,3.176,3.132,6874609.0,,1.4003819223424583,0.2546148949713561,0.008000000000000007,
510310,2024-07-01,3.148,3.162,3.17,3.132,3151885.0,,1.2063492063492003,0.3809523809523813,0.01200000000000001,
510310,2024-07-02,3.158,3.16,3.174,3.152,3571735.0,,0.6957621758380708,-0.0632511068943637,-0.0019999999999997797,
510310,2024-07-03,3.158,3.154,3.164,3.144,6501208.0,,0.6329113924050638,-0.1898734177215262,-0.006000000000000227,
510310,2024-07-04,3.156,3.138,3.172,3.136,13492698.0,,1.1414077362079909,-0.5072923272035514,-0.016000000000000014,
510310,2024-07-05,3.136,3.124,3.142,3.092,14613370.0,,1.5933715742511099,-0.4461440407903057,-0.01399999999999979,
510310,2024-07-08,3.114,3.1,3.122,3.09,8530814.0,,1.024327784891166,-0.7682458386683746,-0.02400000000000002,
510310,2024-07-09,3.096,3.134,3.146,3.082,4710642.0,,2.06451612903226,1.0967741935483808,0.03399999999999981,
510310,2024-07-10,3.128,3.126,3.144,3.124,3912817.0,,0.6381620931716663,-0.2552648372686665,-0.008000000000000007,
510310,2024-07-11,3.154,3.172,3.182,3.142,5199168.0,,1.2795905310300715,1.4715291106845894,0.04600000000000026,
510310,2024-07-12,3.172,3.182,3.19,3.168,4279557.0,,0.6935687263556052,0.31525851197981675,0.009999999999999787,
510310,2024-07-15,3.176,3.186,3.194,3.174,8728471.0,,0.628535512256443,0.1257071024512886,0.0040000000000000036,
510310,2024-07-16,3.18,3.212,3.218,3.178,20319689.0,,1.2554927809165108,0.816070307595739,0.026000000000000245,
510310,2024-07-17,3.21,3.22,3.232,3.2,34320055.0,,0.996264009962641,0.24906600249066024,0.008000000000000007,
510310,2024-07-18,3.21,3.24,3.242,3.196,22839718.0,,1.4285714285714228,0.6211180124223608,0.020000000000000018,
510310,2024-07-19,3.228,3.256,3.268,3.216,42952417.0,,1.6049382716049259,0.49382716049381387,0.01599999999999957,
510310,2024-07-22,3.256,3.232,3.26,3.214,9520450.0,,1.4127764127764073,-0.7371007371007242,-0.023999999999999577,
510310,2024-07-23,3.228,3.164,3.232,3.162,5038483.0,,2.165841584158424,-2.103960396039606,-0.06800000000000006,
510310,2024-07-24,3.158,3.144,3.174,3.128,11942191.0,,1.4538558786346338,-0.6321112515802787,-0.020000000000000018,
510310,2024-07-25,3.128,3.12,3.14,3.106,13153752.0,,1.0814249363867763,-0.7633587786259549,-0.02400000000000002,
510310,2024-07-26,3.124,3.14,3.148,3.118,12570506.0,,0.9615384615384694,0.6410256410256416,0.020000000000000018,
510310,2024-07-29,3.136,3.118,3.138,3.116,3543076.0,,0.7006369426751528,-0.7006369426751669,-0.02200000000000024,
510310,2024-07-30,3.11,3.098,3.112,3.082,14687554.0,,0.9621552277100786,-0.641436818473381,-0.020000000000000018,
510310,2024-07-31,3.094,3.172,3.176,3.092,8455141.0,,2.7114267269205965,2.388637830858628,0.07400000000000029,
510310,2024-08-01,3.172,3.148,3.18,3.144,3115466.0,,1.1349306431273654,-0.7566204287515769,-0.02400000000000002,
510310,2024-08-02,3.128,3.112,3.148,3.106,8023401.0,,1.3341804320203385,-1.1435832274459985,-0.03600000000000003,
510310,2024-08-05,3.096,3.074,3.14,3.072,16667758.0,,2.185089974293061,-1.2210796915167177,-0.038000000000000256,
510310,2024-08-06,3.092,3.072,3.108,3.048,11086135.0,,1.9518542615484729,-0.0650618087182752,-0.0019999999999997797,
510310,2024-08-07,3.066,3.07,3.092,3.058,3355906.0,,1.1067708333333415,-0.06510416666667394,-0.002000000000000224,
510310,2024-08-08,3.064,3.072,3.096,3.05,2768846.0,,1.4983713355048947,0.06514657980456755,0.002000000000000224,
510310,2024-08-09,3.082,3.06,3.096,3.06,3033135.0,,1.171875000000001,-0.39062500000000033,-0.01200000000000001,
510310,2024-08-12,3.058,3.058,3.07,3.05,2488970.0,,0.6535947712418306,-0.06535947712419032,-0.002000000000000224,
510310,2024-08-13,3.058,3.062,3.064,3.04,5267483.0,,0.7848266841072603,0.13080444735121005,0.0040000000000000036,
510310,2024-08-14,3.06,3.038,3.062,3.036,2816817.0,,0.849118223383403,-0.7838014369693018,-0.02400000000000002,
510310,2024-08-15,3.036,3.074,3.088,3.032,18789294.0,,1.8433179723502322,1.184990125082292,0.03600000000000003,
510310,2024-08-16,3.07,3.078,3.09,3.066,23203835.0,,0.7807417046193891,0.13012361743656486,0.0040000000000000036,
510310,2024-08-19,3.076,3.086,3.11,3.074,3397753.0,,1.1695906432748548,0.25990903183885666,0.008000000000000007,
510310,2024-08-20,3.09,3.068,3.094,3.054,17125266.0,,1.2961762799740777,-0.5832793259883278,-0.017999999999999794,
510310,2024-08-21,3.06,3.054,3.072,3.042,12825056.0,,0.9778357235984435,-0.45632333767927746,-0.014000000000000234,
510310,2024-08-22,3.054,3.046,3.064,3.038,19191544.0,,0.8513425016372052,-0.26195153896529166,-0.008000000000000007,
510310,2024-08-23,3.044,3.06,3.072,3.042,3540578.0,,0.9848982271831994,0.4596191726854969,0.014000000000000234,
510310,2024-08-26,3.062,3.06,3.072,3.046,20222207.0,,0.849673202614387,0.0,0.0,
510310,2024-08-27,3.056,3.046,3.056,3.036,11334793.0,,0.6535947712418306,-0.4575163398692887,-0.014000000000000234,
510310,2024-08-28,3.038,3.024,3.044,3.012,20899457.0,,1.0505581089954048,-0.7222586999343336,-0.021999999999999797,
510310,2024-08-29,3.016,3.014,3.03,3.008,12434076.0,,0.7275132275132208,-0.3306878306878383,-0.010000000000000231,
510310,2024-08-30,3.012,3.062,3.092,3.012,12494883.0,,2.654280026542803,1.5925680159256816,0.04800000000000004,
510310,2024-09-02,3.054,3.002,3.054,3.0,5892844.0,,1.7635532331809218,-1.9595035924232544,-0.06000000000000005,
510310,2024-09-03,3.0,3.008,3.02,2.998,14326083.0,,0.7328447701532245,0.19986675549634336,0.006000000000000227,
510310,2024-09-04,2.994,2.99,3.012,2.988,4701952.0,,0.7978723404255326,-0.5984042553191421,-0.017999999999999794,
510310,2024-09-05,2.994,2.994,3.006,2.986,26031128.0,,0.6688963210702198,0.13377926421404693,0.0040000000000000036,
510310,2024-09-06,3.0,2.97,3.012,2.966,6759205.0,,1.5364061456245763,-0.8016032064128262,-0.02400000000000002,
510310,2024-09-09,2.958,2.93,2.962,2.916,9173706.0,,1.5488215488215575,-1.346801346801348,-0.040000000000000036,
510310,2024-09-10,2.93,2.932,2.944,2.906,7775679.0,,1.2969283276450447,0.06825938566552149,0.0019999999999997797,
510310,2024-09-11,2.922,2.924,2.936,2.91,4464715.0,,0.886766712141876,-0.2728512960436565,-0.008000000000000007,
510310,2024-09-12,2.926,2.914,2.942,2.91,3444024.0,,1.0943912448700421,-0.3419972640218805,-0.009999999999999787,
510310,2024-09-13,2.914,2.898,2.928,2.896,3693805.0,,1.098146877144819,-0.5490734385724095,-0.016000000000000014,
510310,2024-09-18,2.898,2.908,2.92,2.884,13948017.0,,1.2422360248447217,0.34506556245685943,0.009999999999999787,
510310,2024-09-19,2.912,2.934,2.956,2.888,8396508.0,,2.3383768913342524,0.8940852819807512,0.026000000000000245,
510310,2024-09-20,2.932,2.938,2.95,2.91,36240262.0,,1.363326516700751,0.1363326516700751,0.0040000000000000036,
510310,2024-09-23,2.938,2.952,2.971,2.933,2706707.0,,1.293396868618116,0.47651463580666403,0.01399999999999979,
510310,2024-09-24,2.988,3.093,3.095,2.962,10274018.0,,4.505420054200542,4.776422764227642,0.14100000000000001,
510310,2024-09-25,3.149,3.141,3.206,3.134,10690922.0,,2.3278370514064037,1.5518913676042692,0.04800000000000004,
510310,2024-09-26,3.131,3.303,3.307,3.131,11492600.0,,5.603311047437127,5.157593123209167,0.16199999999999992,
510310,2024-09-27,3.361,3.447,3.544,3.339,4199349.0,,6.206478958522558,4.359673024523165,0.14400000000000013,
510310,2024-09-30,3.639,3.818,3.818,3.539,16696898.0,,8.093994778067882,10.762982303452278,0.371,
510310,2024-10-08,4.226,4.022,4.226,3.854,16473009.0,,9.74332111052907,5.343111576741754,0.20400000000000018,
510310,2024-10-09,3.929,3.673,3.936,3.658,12769149.0,,6.911984087518648,-8.677274987568378,-0.3490000000000002,
510310,2024-10-10,3.704,3.743,3.848,3.656,8399437.0,,5.227334603866042,1.9057990743261595,0.06999999999999984,
510310,2024-10-11,3.732,3.636,3.732,3.585,8080324.0,,3.927331017900087,-2.8586695164306644,-0.10699999999999976,
510310,2024-10-14,3.643,3.7,3.719,3.604,8207113.0,,3.1628162816281566,1.7601760176017618,0.06400000000000006,
510310,2024-10-15,3.675,3.594,3.705,3.592,6971851.0,,3.054054054054054,-2.8648648648648734,-0.10600000000000032,
510310,2024-10-16,3.567,3.567,3.621,3.545,5278890.0,,2.1146355036171416,-0.7512520868113437,-0.02699999999999969,
510310,2024-10-17,3.584,3.525,3.622,3.524,7451730.0,,2.747406784412668,-1.1774600504625807,-0.04200000000000026,
510310,2024-10-18,3.522,3.675,3.787,3.509,8924927.0,,7.886524822695036,4.255319148936168,0.1499999999999999,
510310,2024-10-21,3.709,3.678,3.716,3.639,5315130.0,,2.0952380952381064,0.08163265306122758,0.0030000000000001137,
510310,2024-10-22,3.664,3.697,3.703,3.659,3710896.0,,1.1963023382272986,0.5165851005981547,0.019000000000000128,
510310,2024-10-23,3.694,3.712,3.752,3.679,5044069.0,,1.9745739789018109,0.4057343792264031,0.015000000000000124,
510310,2024-10-24,3.698,3.668,3.698,3.652,6258658.0,,1.2392241379310296,-1.185344827586208,-0.04400000000000004,
510310,2024-10-25,3.668,3.697,3.731,3.663,5688016.0,,1.853871319520176,0.7906215921483073,0.028999999999999915,
510310,2024-10-28,3.699,3.702,3.703,3.658,3533103.0,,1.2172031376791974,0.13524479307546372,0.004999999999999893,
510310,2024-10-29,3.711,3.671,3.736,3.661,5053891.0,,2.025931928687201,-0.8373851971907116,-0.03100000000000014,
510310,2024-10-30,3.656,3.633,3.67,3.606,5725115.0,,1.743394170525744,-1.0351402887496544,-0.03799999999999981,
510310,2024-10-31,3.624,3.631,3.664,3.598,14208561.0,,1.8166804293972,-0.055050922102951386,-0.002000000000000224,
510310,2024-11-01,3.63,3.639,3.675,3.621,8406182.0,,1.4871936105755943,0.22032497934453338,0.008000000000000007,
510310,2024-11-04,3.639,3.689,3.692,3.631,5181853.0,,1.6762846935971527,1.3740038472107796,0.050000000000000266,
510310,2024-11-05,3.679,3.79,3.792,3.669,6922998.0,,3.334236920574676,2.7378693412849002,0.10099999999999998,
510310,2024-11-06,3.792,3.766,3.834,3.742,6517685.0,,2.427440633245385,-0.6332453825857526,-0.02400000000000002,
510310,2024-11-07,3.744,3.897,3.898,3.732,8278086.0,,4.4078597981943695,3.4784917684545875,0.13099999999999978,
510310,2024-11-08,3.916,3.843,3.935,3.832,7932289.0,,2.6430587631511475,-1.385681293302536,-0.053999999999999826,
510310,2024-11-11,3.811,3.866,3.872,3.786,4732416.0,,2.237835024720267,0.5984907624251921,0.02300000000000013,
510310,2024-11-12,3.865,3.823,3.92,3.799,7525216.0,,3.129849974133471,-1.1122607346094193,-0.04300000000000015,
510310,2024-11-13,3.801,3.848,3.858,3.799,3759971.0,,1.5432906094690078,0.6539366989275415,0.02499999999999991,
510310,2024-11-14,3.844,3.778,3.855,3.774,3754971.0,,2.104989604989604,-1.819126819126815,-0.06999999999999984,
510310,2024-11-15,3.77,3.715,3.789,3.712,3988522.0,,2.0381154049761765,-1.6675489677077864,-0.06300000000000017,
510310,2024-11-18,3.729,3.696,3.773,3.674,4300682.0,,2.6648721399730877,-0.5114401076715932,-0.018999999999999684,
510310,2024-11-19,3.7,3.716,3.718,3.639,4994941.0,,2.137445887445892,0.5411255411255417,0.020000000000000018,
510310,2024-11-20,3.704,3.725,3.742,3.696,2715654.0,,1.2378902045209854,0.242195909580191,0.008999999999999897,
510310,2024-11-21,3.717,3.731,3.74,3.708,2931983.0,,0.8590604026845645,0.1610738255033499,0.005999999999999783,
510310,2024-11-22,3.725,3.616,3.732,3.609,2986049.0,,3.296703296703303,-3.082283570088442,-0.11499999999999977,
510310,2024-11-25,3.616,3.594,3.632,3.557,3753652.0,,2.0741150442477925,-0.6084070796460244,-0.02200000000000024,
510310,2024-11-26,3.581,3.584,3.62,3.576,2650487.0,,1.2242626599888715,-0.27824151363382826,-0.009999999999999787,
510310,2024-11-27,3.581,3.648,3.652,3.563,2950100.0,,2.483258928571428,1.7857142857142874,0.06400000000000006,
510310,2024-11-28,3.644,3.619,3.65,3.609,2976392.0,,1.1239035087719278,-0.7949561403508748,-0.028999999999999915,
510310,2024-11-29,3.617,3.659,3.704,3.615,3340966.0,,2.4592428847747985,1.1052777010223704,0.03999999999999959,
510310,2024-12-02,3.659,3.689,3.701,3.649,2147106.0,,1.4211533205793947,0.8198961464881184,0.03000000000000025,
510310,2024-12-03,3.689,3.692,3.709,3.664,3580943.0,,1.2198427758200034,0.08132285172133678,0.0030000000000001137,
510310,2024-12-04,3.688,3.675,3.7,3.664,2618052.0,,0.9750812567713985,-0.4604550379198361,-0.017000000000000348,
510310,2024-12-05,3.668,3.666,3.68,3.653,3359061.0,,0.7346938775510241,-0.2448979591836707,-0.008999999999999897,
510310,2024-12-06,3.665,3.714,3.741,3.665,6889931.0,,2.073104200763777,1.3093289689034382,0.04800000000000004,
510310,2024-12-09,3.709,3.712,3.739,3.689,4678914.0,,1.3462574044157194,-0.05385029617662304,-0.0019999999999997797,
510310,2024-12-10,3.869,3.741,3.869,3.731,6643558.0,,3.7176724137931125,0.7812499999999977,0.028999999999999915,
510310,2024-12-11,3.737,3.732,3.751,3.72,3871068.0,,0.8286554397219913,-0.240577385725739,-0.008999999999999897,
510310,2024-12-12,3.736,3.77,3.778,3.724,3134407.0,,1.446945337620574,1.0182207931404021,0.03799999999999981,
510310,2024-12-13,3.748,3.68,3.748,3.673,6485894.0,,1.9893899204244079,-2.3872679045092804,-0.08999999999999986,
510310,2024-12-16,3.678,3.657,3.681,3.646,2118907.0,,0.951086956521743,-0.6250000000000036,-0.02300000000000013,
510310,2024-12-17,3.647,3.666,3.702,3.647,3663066.0,,1.5039649986327635,0.2461033634126305,0.008999999999999897,
510310,2024-12-18,3.682,3.684,3.7,3.677,2364695.0,,0.6273867975995672,0.4909983633387954,0.018000000000000238,
510310,2024-12-19,3.661,3.691,3.699,3.642,2544892.0,,1.5472312703583044,0.19001085776329188,0.006999999999999673,
510310,2024-12-20,3.689,3.678,3.704,3.672,4008499.0,,0.8669737198591175,-0.3522080736927635,-0.0129999999999999,
510310,2024-12-23,3.677,3.684,3.715,3.675,4287125.0,,1.087547580206635,0.1631321370310013,0.006000000000000227,
510310,2024-12-24,3.682,3.728,3.735,3.682,4668209.0,,1.438653637350704,1.1943539630836058,0.04400000000000004,
510310,2024-12-25,3.73,3.729,3.751,3.713,3683827.0,,1.019313304721025,0.026824034334760993,0.0009999999999998899,
510310,2024-12-26,3.728,3.732,3.736,3.714,5694002.0,,0.5899705014749328,0.08045052292840207,0.0030000000000001137,
510310,2024-12-27,3.732,3.726,3.754,3.718,4903735.0,,0.9646302250803866,-0.1607717041800704,-0.006000000000000227,
510310,2024-12-30,3.725,3.743,3.751,3.725,5688341.0,,0.6977992485238809,0.45625335480407686,0.016999999999999904,
510310,2024-12-31,3.746,3.682,3.752,3.678,6333588.0,,1.9770237777184034,-1.6297087897408482,-0.06099999999999994,
510310,2025-01-02,3.681,3.572,3.685,3.549,5904672.0,,3.693644758283545,-2.987506789788155,-0.10999999999999988,
510310,2025-01-03,3.571,3.536,3.587,3.521,4671549.0,,1.8477043673012399,-1.0078387458006728,-0.03600000000000003,
510310,2025-01-06,3.529,3.519,3.541,3.493,3677486.0,,1.3574660633484175,-0.480769230769228,-0.016999999999999904,
510310,2025-01-07,3.518,3.545,3.547,3.507,2064402.0,,1.1366865586814445,0.7388462631429327,0.0259999999999998,
510310,2025-01-08,3.537,3.539,3.565,3.484,4185535.0,,2.284908321579689,-0.16925246826515608,-0.005999999999999783,
510310,2025-01-09,3.534,3.532,3.546,3.523,2353447.0,,0.6499011020062075,-0.19779598756711264,-0.007000000000000117,
510310,2025-01-10,3.531,3.493,3.541,3.491,2472788.0,,1.4156285390713426,-1.1041902604756553,-0.039000000000000146,
510310,2025-01-13,3.479,3.478,3.494,3.462,2145600.0,,0.9161179501860872,-0.4294302891497189,-0.01499999999999968,
510310,2025-01-14,3.479,3.572,3.582,3.477,5273890.0,,3.0189764232317415,2.7027027027026986,0.09399999999999986,
510310,2025-01-15,3.57,3.549,3.57,3.542,1491643.0,,0.78387458006719,-0.6438969764837663,-0.02300000000000013,
510310,2025-01-16,3.566,3.551,3.597,3.527,3383430.0,,1.9723865877711986,0.05635390250775497,0.002000000000000224,
510310,2025-01-17,3.545,3.563,3.587,3.534,2008126.0,,1.4925373134328463,0.33793297662630273,0.01200000000000001,
510310,2025-01-20,3.585,3.582,3.613,3.574,2347129.0,,1.0945832163906861,0.5332584900364772,0.018999999999999684,
510310,2025-01-21,3.601,3.585,3.607,3.568,2183025.0,,1.0887772194304899,0.08375209380234824,0.0030000000000001137,
510310,2025-01-22,3.579,3.553,3.581,3.534,2756542.0,,1.3110181311018174,-0.8926080892608098,-0.03200000000000003,
510310,2025-01-23,3.58,3.562,3.622,3.554,2984095.0,,1.913875598086126,0.2533070644525724,0.008999999999999897,
510310,2025-01-24,3.555,3.591,3.607,3.554,3711662.0,,1.4879281302639074,0.8141493542953497,0.02900000000000036,
510310,2025-01-27,3.6,3.575,3.607,3.574,4292317.0,,0.9189640768588238,-0.4455583402951828,-0.016000000000000014,
510310,2025-02-05,3.594,3.551,3.601,3.54,2675900.0,,1.7062937062937045,-0.6713286713286718,-0.02400000000000002,
510310,2025-02-06,3.548,3.596,3.603,3.546,2544859.0,,1.6051816389749471,1.267248662348632,0.04499999999999993,
510310,2025-02-07,3.596,3.65,3.675,3.589,5474239.0,,2.3915461624026655,1.5016685205784155,0.053999999999999826,
510310,2025-02-10,3.649,3.654,3.662,3.636,4279807.0,,0.7123287671232823,0.10958904109589052,0.0040000000000000036,
510310,2025-02-11,3.658,3.638,3.66,3.626,3677966.0,,0.930487137383696,-0.43787629994526583,-0.016000000000000014,
510310,2025-02-12,3.637,3.674,3.68,3.622,2841055.0,,1.5942825728422285,0.9895547003848277,0.03600000000000003,
510310,2025-02-13,3.671,3.666,3.694,3.66,4126834.0,,0.9254218835057106,-0.21774632553075687,-0.008000000000000007,
510310,2025-02-14,3.659,3.696,3.701,3.659,3506846.0,,1.1456628477905144,0.818330605564655,0.03000000000000025,
510310,2025-02-17,3.709,3.705,3.711,3.674,5059699.0,,1.001082251082249,0.24350649350649073,0.008999999999999897,
510310,2025-02-18,3.7,3.673,3.718,3.657,2808010.0,,1.6464237516869082,-0.8636977058029698,-0.03200000000000003,
510310,2025-02-19,3.673,3.694,3.701,3.662,2579075.0,,1.0618023414102953,0.5717397222978466,0.020999999999999908,
510310,2025-02-20,3.692,3.682,3.693,3.669,2900428.0,,0.6497022198159182,-0.3248511099079591,-0.01200000000000001,
510310,2025-02-21,3.691,3.733,3.739,3.68,3692716.0,,1.6023900054318228,1.3851167843563323,0.051000000000000156,
510310,2025-02-24,3.728,3.721,3.746,3.701,4600848.0,,1.2054647736405018,-0.32145727297080123,-0.01200000000000001,
510310,2025-02-25,3.696,3.682,3.71,3.668,4343291.0,,1.1287288363343138,-1.0481053480247284,-0.039000000000000146,
510310,2025-02-26,3.687,3.712,3.714,3.679,4080040.0,,0.950570342205327,0.8147745790331409,0.03000000000000025,
510310,2025-02-27,3.712,3.726,3.727,3.686,5664868.0,,1.1045258620689633,0.37715517241378743,0.01399999999999979,
510310,2025-02-28,3.711,3.655,3.724,3.643,5206869.0,,2.173913043478272,-1.9055287171229247,-0.07100000000000017,
510310,2025-03-03,3.656,3.644,3.688,3.626,4652186.0,,1.6963064295485712,-0.30095759233925246,-0.010999999999999677,
510310,2025-03-04,3.623,3.638,3.646,3.614,2547403.0,,0.8781558726673991,-0.16465422612514347,-0.006000000000000227,
510310,2025-03-05,3.64,3.657,3.66,3.63,5726947.0,,0.8246289169873626,0.5222649807586621,0.019000000000000128,
510310,2025-03-06,3.672,3.709,3.721,3.672,3678325.0,,1.3398960896910017,1.4219305441618826,0.052000000000000046,
510310,2025-03-07,3.7,3.698,3.721,3.69,4119183.0,,0.8358047991372375,-0.29657589646805393,-0.01100000000000012,
510310,2025-03-10,3.697,3.683,3.702,3.659,5590915.0,,1.1627906976744227,-0.40562466197945174,-0.015000000000000124,
510310,2025-03-11,3.658,3.693,3.695,3.649,7173570.0,,1.2489818083084394,0.27151778441488544,0.010000000000000231,
510310,2025-03-12,3.693,3.684,3.709,3.674,2284338.0,,0.9477389656106184,-0.24370430544272667,-0.008999999999999897,
510310,2025-03-13,3.681,3.666,3.693,3.651,2228350.0,,1.1400651465798115,-0.4885993485342084,-0.018000000000000238,
510310,2025-03-14,3.668,3.762,3.77,3.668,4916116.0,,2.7823240589198,2.6186579378068764,0.09600000000000009,
510310,2025-03-17,3.782,3.75,3.782,3.744,4181266.0,,1.010101010101005,-0.31897926634768764,-0.01200000000000001,
510310,2025-03-18,3.762,3.76,3.772,3.749,4282384.0,,0.6133333333333251,0.266666666666661,0.009999999999999787,
510310,2025-03-19,3.758,3.768,3.779,3.742,3028202.0,,0.9840425531914874,0.21276595744680873,0.008000000000000007,
510310,2025-03-20,3.763,3.733,3.765,3.725,2626079.0,,1.0615711252653937,-0.9288747346072107,-0.0349999999999997,
510310,2025-03-21,3.727,3.668,3.737,3.66,3446127.0,,2.0626841682293047,-1.7412268952585037,-0.06499999999999995,
510310,2025-03-24,3.671,3.69,3.693,3.661,2432881.0,,0.872410032715377,0.5997818974918157,0.021999999999999797,
510310,2025-03-25,3.689,3.69,3.698,3.677,2107754.0,,0.5691056910569081,0.0,0.0,
510310,2025-03-26,3.689,3.674,3.7,3.672,1517804.0,,0.7588075880758814,-0.43360433604336085,-0.016000000000000014,
510310,2025-03-27,3.671,3.688,3.711,3.658,2771168.0,,1.4425694066412613,0.38105606967883054,0.014000000000000234,
510310,2025-03-28,3.685,3.67,3.69,3.661,2385052.0,,0.78633405639913,-0.48806941431670925,-0.018000000000000238,
510310,2025-03-31,3.667,3.646,3.684,3.629,2285704.0,,1.4986376021798409,-0.6539509536784748,-0.02400000000000002,
510310,2025-04-01,3.649,3.643,3.663,3.638,1915736.0,,0.6856829402084452,-0.08228195282501684,-0.0030000000000001137,
510310,2025-04-02,3.643,3.64,3.658,3.634,1267482.0,,0.6587976942080709,-0.08234971177599971,-0.0029999999999996696,
510310,2025-04-03,3.606,3.62,3.642,3.599,4036599.0,,1.1813186813186731,-0.5494505494505499,-0.020000000000000018,
510310,2025-04-07,3.429,3.322,3.514,3.275,30298823.0,,6.602209944751378,-8.232044198895029,-0.29800000000000004,
510310,2025-04-08,3.343,3.401,3.411,3.337,40373493.0,,2.227573750752554,2.3780854906682642,0.07899999999999974,
510310,2025-04-09,3.372,3.44,3.448,3.35,6663176.0,,2.8815054395765913,1.1467215524845678,0.039000000000000146,
510310,2025-04-10,3.488,3.495,3.515,3.469,3680696.0,,1.337209302325589,1.5988372093023302,0.05500000000000016,
510310,2025-04-11,3.474,3.509,3.518,3.465,3843886.0,,1.5164520743919867,0.4005722460658023,0.01399999999999979,
510310,2025-04-14,3.52,3.517,3.532,3.51,4056757.0,,0.6269592476489098,0.2279851809632376,0.008000000000000007,
510310,2025-04-15,3.513,3.516,3.525,3.494,5668528.0,,0.8814330395223116,-0.028433323855555585,-0.0009999999999998899,
510310,2025-04-16,3.507,3.527,3.536,3.481,14079683.0,,1.5642775881683775,0.3128555176336781,0.01100000000000012,
510310,2025-04-17,3.508,3.531,3.538,3.508,5339117.0,,0.850581230507508,0.11341083073433522,0.0040000000000000036,
510310,2025-04-18,3.521,3.535,3.544,3.514,6302775.0,,0.8496176720475855,0.11328235627301059,0.0040000000000000036,
510310,2025-04-21,3.529,3.541,3.549,3.525,3329957.0,,0.6789250353606795,0.1697312588401636,0.005999999999999783,
510310,2025-04-22,3.538,3.544,3.559,3.538,1895088.0,,0.5930528099407046,0.08472182999153104,0.0030000000000001137,
510310,2025-04-23,3.557,3.55,3.568,3.541,1415169.0,,0.7618510158013582,0.16930022573362818,0.005999999999999783,
510310,2025-04-24,3.549,3.549,3.569,3.536,1404648.0,,0.92957746478873,-0.028169014084503945,-0.0009999999999998899,
510310,2025-04-25,3.55,3.548,3.564,3.54,2099878.0,,0.6762468300929846,-0.02817695125387123,-0.0009999999999998899,
510310,2025-04-28,3.546,3.543,3.552,3.532,1941298.0,,0.5636978579481403,-0.14092446448703194,-0.004999999999999893,
510310,2025-04-29,3.539,3.534,3.547,3.528,1700962.0,,0.5362686988427923,-0.2540220152413305,-0.009000000000000341,
510310,2025-04-30,3.536,3.531,3.552,3.529,1454962.0,,0.6508205998868175,-0.08488964346348811,-0.0029999999999996696,
510310,2025-05-06,3.553,3.569,3.572,3.544,2342846.0,,0.7929764939110739,1.076182384593594,0.03799999999999981,
510310,2025-05-07,3.613,3.592,3.631,3.575,2687931.0,,1.5690669655365537,0.6444382179882356,0.02300000000000013,
510310,2025-05-08,3.588,3.613,3.629,3.584,2069412.0,,1.252783964365254,0.5846325167037836,0.020999999999999908,
510310,2025-05-09,3.613,3.609,3.613,3.596,2197892.0,,0.4705231109880959,-0.11071132023249387,-0.0040000000000000036,
510310,2025-05-12,3.626,3.651,3.654,3.621,1864661.0,,0.9143807148794657,1.1637572734829542,0.041999999999999815,
510310,2025-05-13,3.674,3.657,3.676,3.649,2373469.0,,0.7395234182415814,0.1643385373870235,0.006000000000000227,
510310,2025-05-14,3.656,3.703,3.723,3.653,3546397.0,,1.9141372709871436,1.2578616352201208,0.04599999999999982,
510310,2025-05-15,3.695,3.671,3.699,3.665,2190205.0,,0.9181744531460926,-0.8641641911963281,-0.03200000000000003,
510310,2025-05-16,3.665,3.651,3.669,3.638,2173144.0,,0.8444565513484101,-0.544810678289295,-0.020000000000000018,
510310,2025-05-19,3.649,3.645,3.649,3.628,1337635.0,,0.5751848808545579,-0.16433853738701132,-0.005999999999999783,
510310,2025-05-20,3.643,3.664,3.677,3.642,1604147.0,,0.9602194787380012,0.5212620027434878,0.019000000000000128,
510310,2025-05-21,3.664,3.682,3.693,3.663,1655404.0,,0.818777292576426,0.4912663755458459,0.017999999999999794,
510310,2025-05-22,3.676,3.678,3.687,3.664,1725346.0,,0.6246605105920611,-0.10863661053775132,-0.0040000000000000036,
510310,2025-05-23,3.676,3.65,3.698,3.647,2441391.0,,1.3866231647634626,-0.7612833061446446,-0.028000000000000025,
510310,2025-05-26,3.648,3.631,3.654,3.618,1244337.0,,0.9863013698630145,-0.520547945205483,-0.019000000000000128,
510310,2025-05-27,3.631,3.609,3.633,3.602,933798.0,,0.8537592949600701,-0.6058936931974607,-0.021999999999999797,
510310,2025-05-28,3.616,3.606,3.619,3.602,1001811.0,,0.4710446106954932,-0.08312551953450023,-0.0030000000000001137,
510310,2025-05-29,3.612,3.627,3.642,3.603,2512086.0,,1.0815307820299418,0.5823627287853552,0.020999999999999908,
510310,2025-05-30,3.623,3.621,3.626,3.596,2033902.0,,0.8271298593879185,-0.16542597187757882,-0.005999999999999783,
510310,2025-06-03,3.61,3.62,3.635,3.603,1314456.0,,0.8837337752002095,-0.027616680475003864,-0.0009999999999998899,
510310,2025-06-04,3.626,3.636,3.648,3.623,1851611.0,,0.6906077348066274,0.44198895027624346,0.016000000000000014,
510310,2025-06-05,3.641,3.646,3.656,3.629,1951641.0,,0.7425742574257462,0.27502750275026916,0.009999999999999787,
510310,2025-06-06,3.649,3.648,3.661,3.64,1489409.0,,0.5759736697750935,0.05485463521668195,0.002000000000000224,
510310,2025-06-09,3.648,3.656,3.671,3.647,1851106.0,,0.6578947368421059,0.2192982456140353,0.008000000000000007,
510310,2025-06-10,3.656,3.635,3.666,3.622,2600416.0,,1.2035010940919049,-0.5743982494529637,-0.02100000000000035,
510310,2025-06-11,3.636,3.664,3.685,3.636,2499004.0,,1.348005502063272,0.7977991746905189,0.02900000000000036,
510310,2025-06-12,3.664,3.667,3.674,3.643,2620225.0,,0.8460698689956369,0.0818777292576329,0.0029999999999996696,
510310,2025-06-13,3.658,3.644,3.663,3.629,2693320.0,,0.9271884374147752,-0.6272157076629312,-0.022999999999999687,
510310,2025-06-16,3.639,3.652,3.656,3.633,1310689.0,,0.6311745334796962,0.21953896816684978,0.008000000000000007,
510310,2025-06-17,3.653,3.65,3.658,3.636,1465131.0,,0.6024096385542113,-0.05476451259584402,-0.002000000000000224,
510310,2025-06-18,3.647,3.654,3.659,3.632,1590511.0,,0.7397260273972518,0.10958904109589052,0.0040000000000000036,
510310,2025-06-19,3.648,3.624,3.649,3.614,2197212.0,,0.9578544061302721,-0.8210180623973674,-0.029999999999999805,
510310,2025-06-20,3.618,3.628,3.638,3.618,1177295.0,,0.5518763796909497,0.11037527593818994,0.0040000000000000036,
510310,2025-06-23,3.619,3.643,3.652,3.613,1870906.0,,1.0749724366041937,0.41345093715544873,0.01499999999999968,
510310,2025-06-24,3.647,3.685,3.7,3.647,3091271.0,,1.4548449080428323,1.1528959648641302,0.04200000000000026,
510310,2025-06-25,3.691,3.748,3.752,3.685,3479519.0,,1.8181818181818108,1.7096336499321618,0.06300000000000017,
510310,2025-06-26,3.747,3.735,3.752,3.734,4134117.0,,0.48025613660618444,-0.34685165421559083,-0.013000000000000345,
510310,2025-06-27,3.736,3.711,3.761,3.707,4004740.0,,1.4457831325301278,-0.6425702811244987,-0.02400000000000002,
510310,2025-06-30,3.711,3.732,3.734,3.705,4219207.0,,0.7814605227701406,0.565885206143906,0.02100000000000035,
510310,2025-07-01,3.731,3.737,3.742,3.719,977131.0,,0.61629153269025,0.13397642015005073,0.004999999999999893,
510310,2025-07-02,3.733,3.743,3.747,3.725,1673232.0,,0.5887075194005833,0.16055659620015478,0.005999999999999783,
510310,2025-07-03,3.74,3.764,3.768,3.739,1127749.0,,0.7747795885653197,0.5610472882714376,0.020999999999999908,
510310,2025-07-04,3.754,3.78,3.812,3.753,2508567.0,,1.5674814027630106,0.4250797024442087,0.016000000000000014,
510310,2025-07-07,3.777,3.762,3.778,3.753,2220320.0,,0.6613756613756591,-0.4761904761904708,-0.017999999999999794,
510310,2025-07-08,3.758,3.795,3.803,3.755,1966268.0,,1.2759170653907506,0.8771929824561382,0.03299999999999992,
510310,2025-07-09,3.794,3.793,3.817,3.788,2336383.0,,0.7641633728590346,-0.052700922266133855,-0.0019999999999997797,
510310,2025-07-10,3.793,3.811,3.836,3.792,2670015.0,,1.1600316372264707,0.4745583970471867,0.017999999999999794,
510310,2025-07-11,3.812,3.827,3.876,3.812,3144251.0,,1.6793492521647877,0.4198373130411969,0.016000000000000014,
510310,2025-07-14,3.825,3.824,3.84,3.819,2325160.0,,0.5487326887901727,-0.07839038411288513,-0.0030000000000001137,
510310,2025-07-15,3.828,3.825,3.85,3.801,2306304.0,,1.2813807531380736,0.026150627615071496,0.001000000000000334,
510310,2025-07-16,3.825,3.815,3.839,3.802,1207505.0,,0.9673202614379064,-0.26143790849673804,-0.010000000000000231,
510310,2025-07-17,3.816,3.847,3.848,3.815,1911331.0,,0.8650065530799455,0.838794233289647,0.03200000000000003,
510310,2025-07-18,3.853,3.877,3.882,3.852,2483386.0,,0.7798284377437028,0.7798284377436914,0.029999999999999805,
510310,2025-07-21,3.88,3.904,3.908,3.88,2704614.0,,0.7222078927005424,0.6964147536755259,0.027000000000000135,
510310,2025-07-22,3.904,3.945,3.946,3.888,2343923.0,,1.485655737704925,1.0502049180327848,0.040999999999999925,
510310,2025-07-23,3.95,3.942,3.978,3.933,2352822.0,,1.1406844106463974,-0.07604562737641749,-0.0029999999999996696,
510310,2025-07-24,3.937,3.967,3.972,3.934,1935043.0,,0.9639776763064387,0.6341958396752895,0.02499999999999991,
510310,2025-07-25,3.966,3.947,3.967,3.935,2530072.0,,0.8066549029493327,-0.5041593143433329,-0.020000000000000018,
510310,2025-07-28,3.946,3.958,3.966,3.93,2683703.0,,0.9120851279452757,0.2786926779832815,0.01100000000000012,
510310,2025-07-29,3.948,3.978,3.978,3.937,2485224.0,,1.0358767054067803,0.505305709954523,0.020000000000000018,
510310,2025-07-30,3.975,3.974,4.008,3.949,2257860.0,,1.4831573655103107,-0.10055304172951239,-0.0040000000000000036,
510310,2025-07-31,3.96,3.901,3.965,3.885,2884641.0,,2.0130850528434845,-1.8369401107196877,-0.0730000000000004,
510310,2025-08-01,3.894,3.884,3.909,3.863,1339631.0,,1.1791848244039944,-0.4357856959753885,-0.016999999999999904,
510310,2025-08-04,3.875,3.896,3.899,3.863,768580.0,,0.9268795056642645,0.3089598352214215,0.01200000000000001,
510310,2025-08-05,3.902,3.928,3.929,3.897,1349172.0,,0.8213552361396311,0.8213552361396311,0.03200000000000003,
510310,2025-08-06,3.928,3.937,3.942,3.92,1689041.0,,0.5600814663951181,0.22912423625254322,0.008999999999999897,
510310,2025-08-07,3.938,3.937,3.952,3.915,1656066.0,,0.9398018796037572,0.0,0.0,
510310,2025-08-08,3.93,3.927,3.944,3.919,1414491.0,,0.6350012700025377,-0.2540005080010106,-0.009999999999999787,
510310,2025-08-11,3.929,3.956,3.961,3.927,1832367.0,,0.8658008658008609,0.7384772090654422,0.028999999999999915,
510310,2025-08-12,3.949,3.972,3.981,3.943,1676016.0,,0.9605662285136454,0.4044489383215373,0.016000000000000014,
510310,2025-08-13,3.975,4.005,4.014,3.971,2473590.0,,1.0825780463242736,0.8308157099697865,0.03299999999999992,
510310,2025-08-14,4.005,4.002,4.045,3.99,1967157.0,,1.3732833957552988,-0.07490636704120135,-0.0030000000000001137,
510310,2025-08-15,3.99,4.034,4.044,3.983,2026345.0,,1.524237881059458,0.7996001999000506,0.03200000000000003,
510310,2025-08-18,4.036,4.065,4.098,4.025,2358889.0,,1.8096182449181832,0.7684680218145906,0.031000000000000583,
510310,2025-08-19,4.069,4.044,4.085,4.036,2060193.0,,1.2054120541205504,-0.51660516605168,-0.021000000000000796,
510310,2025-08-20,4.033,4.101,4.102,4.012,2677782.0,,2.2255192878338463,1.409495548961434,0.057000000000000384,
510310,2025-08-21,4.104,4.114,4.131,4.097,2571885.0,,0.8290660814435457,0.31699585466959035,0.0129999999999999,
510310,2025-08-22,4.114,4.213,4.215,4.112,2316659.0,,2.5036460865337813,2.40641711229947,0.0990000000000002,
510310,2025-08-25,4.236,4.296,4.302,4.232,3630673.0,,1.6615238547353286,1.9700925706147683,0.08300000000000018,
510310,2025-08-26,4.288,4.274,4.303,4.258,2585167.0,,1.0474860335195513,-0.5121042830540093,-0.02200000000000024,
510310,2025-08-27,4.274,4.211,4.317,4.207,2613903.0,,2.573701450631734,-1.474029012634528,-0.06299999999999972,
510310,2025-08-28,4.202,4.287,4.289,4.185,4364540.0,,2.4697221562574234,1.8047969603419522,0.07599999999999962,
510310,2025-08-29,4.285,4.331,4.343,4.272,2794462.0,,1.6561698157219438,1.0263587590389662,0.04400000000000048,
510310,2025-09-01,4.331,4.348,4.352,4.309,2153101.0,,0.9928422996998417,0.3925190487185283,0.01699999999999946,
510310,2025-09-02,4.348,4.317,4.369,4.282,1839037.0,,2.0009199632014663,-0.7129714811407474,-0.030999999999999694,
510310,2025-09-03,4.318,4.277,4.333,4.255,1884846.0,,1.80681028492009,-0.9265693768820948,-0.040000000000000036,
510310,2025-09-04,4.279,4.189,4.286,4.147,2789723.0,,3.2499415478138727,-2.0575169511339744,-0.08800000000000008,
510310,2025-09-05,4.184,4.287,4.296,4.175,2023538.0,,2.888517545953699,2.339460491764141,0.09799999999999986,
510310,2025-09-08,4.287,4.289,4.304,4.257,1724607.0,,1.0963377653370794,0.04665267086540191,0.0019999999999997797,
510310,2025-09-09,4.281,4.261,4.294,4.236,2287982.0,,1.3522965726276484,-0.6528328281650637,-0.02799999999999958,
510310,2025-09-10,4.254,4.27,4.294,4.241,1360540.0,,1.2438394743018055,0.21121802393802985,0.008999999999999453,
510310,2025-09-11,4.256,4.387,4.391,4.249,2105015.0,,3.3255269320843177,2.740046838407494,0.11699999999999999,
510310,2025-09-12,4.391,4.348,4.391,4.343,1593541.0,,1.0941417825393218,-0.8889901983131913,-0.0389999999999997,
510310,2025-09-15,4.348,4.356,4.389,4.345,2125705.0,,1.0119595216191464,0.1839926402943884,0.008000000000000007,
510310,2025-09-16,4.357,4.349,4.38,4.32,1320820.0,,1.3774104683195503,-0.16069788797060774,-0.006999999999999673,
510310,2025-09-17,4.348,4.379,4.386,4.328,1504631.0,,1.333639917222346,0.6898137502874077,0.02999999999999936,
510310,2025-09-18,4.378,4.331,4.403,4.282,2535544.0,,2.7631879424526047,-1.096140671386142,-0.047999999999999154,
510310,2025-09-19,4.324,4.336,4.36,4.316,1683513.0,,1.0159316555068223,0.11544677903486246,0.004999999999999893,
510310,2025-09-22,4.326,4.349,4.35,4.313,2635226.0,,0.8533210332103303,0.2998154981549792,0.0129999999999999,
510310,2025-09-23,4.366,4.349,4.384,4.29,2081925.0,,2.161416417567264,0.0,0.0,
510310,2025-09-24,4.329,4.388,4.391,4.327,1970636.0,,1.4716026672798357,0.8967578753736423,0.0389999999999997,
510310,2025-09-25,4.388,4.418,4.442,4.383,1978626.0,,1.3445761166818635,0.6836827711941715,0.03000000000000025,
510310,2025-09-26,4.401,4.377,4.424,4.376,1262811.0,,1.0864644635581722,-0.9280217292892795,-0.04100000000000037,
510310,2025-09-29,4.373,4.452,4.478,4.368,2940103.0,,2.513136851724913,1.7135023989033624,0.07500000000000018,
510310,2025-09-30,4.454,4.466,4.474,4.444,1528481.0,,0.6738544474393587,0.3144654088050367,0.014000000000000234,
510310,2025-10-09,4.473,4.535,4.556,4.473,1687346.0,,1.8584863412449661,1.5450067174205093,0.06899999999999995,
510310,2025-10-10,4.526,4.446,4.526,4.431,2154632.0,,2.094818081587646,-1.9625137816979141,-0.08900000000000041,
510310,2025-10-13,4.29,4.419,4.433,4.29,4395613.0,,3.2163742690058434,-0.6072874493927156,-0.027000000000000135,
510310,2025-10-14,4.446,4.373,4.468,4.351,2185894.0,,2.6476578411405294,-1.040959493097972,-0.045999999999999375,
510310,2025-10-15,4.37,4.434,4.442,4.359,1673160.0,,1.8980105190944472,1.3949233935513363,0.06099999999999994,
510310,2025-10-16,4.416,4.447,4.473,4.416,1781987.0,,1.285520974289569,0.29318899413621785,0.0129999999999999,
510310,2025-10-17,4.444,4.36,4.45,4.342,1977904.0,,2.4286035529570618,-1.9563750843265064,-0.08699999999999974,
510310,2025-10-20,4.383,4.367,4.405,4.351,1365283.0,,1.2385321100917492,0.16055045871558882,0.006999999999999673,
510310,2025-10-21,4.381,4.439,4.447,4.38,2392701.0,,1.5342340279368027,1.6487291046485015,0.07200000000000006,
510310,2025-10-22,4.422,4.42,4.433,4.395,1545730.0,,0.8560486596080256,-0.4280243298040128,-0.019000000000000128,
510310,2025-10-23,4.403,4.438,4.444,4.371,1699702.0,,1.6515837104072288,0.4072398190045202,0.017999999999999794,
510310,2025-10-24,4.452,4.493,4.494,4.448,1618759.0,,1.0365029292473948,1.2392969806219154,0.055000000000000604,
510310,2025-10-27,4.525,4.547,4.551,4.513,1540223.0,,0.8457600712219064,1.201869574894266,0.05399999999999938,
510310,2025-10-28,4.535,4.524,4.57,4.515,1117993.0,,1.2095887398284717,-0.5058280184737121,-0.022999999999999687,
510310,2025-10-29,4.53,4.584,4.584,4.53,1669423.0,,1.1936339522546282,1.3262599469495935,0.05999999999999961,
510310,2025-10-30,4.584,4.545,4.594,4.54,1437288.0,,1.1780104712041943,-0.8507853403141298,-0.0389999999999997,
510310,2025-10-31,4.544,4.482,4.551,4.481,2113007.0,,1.5401540154015463,-1.38613861386138,-0.06299999999999972,
510310,2025-11-03,4.471,4.488,4.491,4.432,1659746.0,,1.3163766175814207,0.13386880856760883,0.006000000000000227,
510310,2025-11-04,4.486,4.455,4.498,4.433,3189250.0,,1.4483065953654275,-0.7352941176470668,-0.03300000000000036,
510310,2025-11-05,4.41,4.462,4.477,4.398,2039442.0,,1.7732884399551205,0.1571268237934831,0.006999999999999673,
510310,2025-11-06,4.468,4.528,4.537,4.466,1470074.0,,1.591214701927381,1.4791573285522153,0.06599999999999984,
510310,2025-11-07,4.507,4.518,4.535,4.498,1213800.0,,0.8171378091872775,-0.2208480565370978,-0.009999999999999787,
510310,2025-11-10,4.519,4.53,4.536,4.489,1012632.0,,1.0402833111996395,0.2656042496680048,0.012000000000000455,
510310,2025-11-11,4.535,4.487,4.546,4.482,1524167.0,,1.4128035320088312,-0.949227373068436,-0.04300000000000015,
510310,2025-11-12,4.486,4.49,4.507,4.454,1578519.0,,1.1811901047470457,0.06685981724983538,0.0030000000000001137,
510310,2025-11-13,4.483,4.536,4.538,4.478,2190955.0,,1.3363028953229508,1.02449888641424,0.045999999999999375,
510310,2025-11-14,4.512,4.464,4.519,4.462,1928020.0,,1.2566137566137652,-1.5873015873015692,-0.07199999999999918,
510310,2025-11-17,4.456,4.437,4.462,4.417,1888038.0,,1.0080645161290305,-0.6048387096774223,-0.027000000000000135,
510310,2025-11-18,4.426,4.41,4.445,4.394,1644122.0,,1.1494252873563253,-0.6085192697768793,-0.027000000000000135,
510310,2025-11-19,4.41,4.429,4.445,4.408,1397883.0,,0.8390022675736944,0.43083900226757654,0.019000000000000128,
510310,2025-11-20,4.447,4.405,4.455,4.401,1605063.0,,1.2192368480469693,-0.5418830435764286,-0.02400000000000002,
510310,2025-11-21,4.374,4.299,4.382,4.295,3345242.0,,1.9750283768444887,-2.406356413166853,-0.10599999999999987,
510310,2025-11-24,4.304,4.294,4.317,4.266,4327603.0,,1.1863224005582729,-0.11630611770180929,-0.005000000000000782,
510310,2025-11-25,4.31,4.329,4.355,4.309,2018099.0,,1.0712622263623723,0.8150908244061514,0.03500000000000014,
510310,2025-11-26,4.332,4.36,4.376,4.325,1965103.0,,1.1781011781011819,0.7161007161007296,0.031000000000000583,
510310,2025-11-27,4.361,4.351,4.403,4.348,1427169.0,,1.26146788990825,-0.20642201834863166,-0.009000000000000341,
510310,2025-11-28,4.352,4.366,4.372,4.333,809361.0,,0.8963456676625995,0.3447483337163797,0.01499999999999968,
510310,2025-12-01,4.372,4.415,4.416,4.369,962827.0,,1.0765002290426156,1.1223087494274022,0.04900000000000038,
510310,2025-12-02,4.412,4.395,4.414,4.379,988298.0,,0.792751981879958,-0.4530011325028417,-0.020000000000000462,
510310,2025-12-03,4.395,4.375,4.413,4.361,1057726.0,,1.1831626848691807,-0.4550625711035171,-0.019999999999999574,
510310,2025-12-04,4.374,4.387,4.4,4.358,1394404.0,,0.9600000000000161,0.2742857142857044,0.011999999999999567,
510310,2025-12-05,4.387,4.424,4.437,4.375,1738123.0,,1.4132664691132957,0.8434009573740784,0.03700000000000081,
510310,2025-12-08,4.439,4.459,4.481,4.437,2538185.0,,0.9945750452079474,0.7911392405063121,0.034999999999999254,
510310,2025-12-09,4.457,4.435,4.467,4.421,1860583.0,,1.0316214397846912,-0.5382372729311511,-0.02400000000000002,
510310,2025-12-10,4.431,4.428,4.439,4.387,1356993.0,,1.172491544532142,-0.15783540022547177,-0.006999999999999673,
510310,2025-12-11,4.435,4.398,4.449,4.391,989558.0,,1.3098464317976475,-0.6775067750677563,-0.03000000000000025,
510310,2025-12-12,4.4,4.421,4.429,4.378,1498869.0,,1.1596180081855425,0.5229649840836875,0.023000000000000576,
510310,2025-12-15,4.4,4.395,4.44,4.394,1864114.0,,1.040488577244973,-0.5881022393123883,-0.02600000000000069,
510310,2025-12-16,4.39,4.349,4.395,4.331,2627357.0,,1.4562002275312669,-1.0466439135380974,-0.045999999999999375,
510310,2025-12-17,4.353,4.424,4.44,4.344,2603143.0,,2.2074040009197535,1.7245343757185598,0.07500000000000018,
510310,2025-12-18,4.412,4.395,4.419,4.389,1609865.0,,0.6781193490054105,-0.6555153707052622,-0.029000000000000803,
510310,2025-12-19,4.401,4.416,4.44,4.393,1981862.0,,1.0693970420933014,0.4778156996587212,0.021000000000000796,
510310,2025-12-22,4.427,4.458,4.46,4.427,2738531.0,,0.7472826086956603,0.9510869565217348,0.041999999999999815,
510310,2025-12-23,4.458,4.464,4.489,4.452,2654526.0,,0.8299685957828604,0.13458950201884762,0.006000000000000227,
510310,2025-12-24,4.461,4.484,4.489,4.45,1841638.0,,0.8736559139784877,0.4480286738351159,0.019999999999999574,
510310,2025-12-25,4.476,4.488,4.5,4.468,2187747.0,,0.7136485280999114,0.08920606601249882,0.004000000000000448,
510310,2025-12-26,4.489,4.507,4.525,4.48,2466691.0,,1.002673796791442,0.4233511586452593,0.01899999999999924,
510310,2025-12-29,4.507,4.485,4.515,4.475,3637477.0,,0.8875083203905044,-0.4881295762147627,-0.021999999999999353,
510310,2025-12-30,4.469,4.496,4.515,4.465,2438952.0,,1.1148272017837195,0.24526198439242183,0.01100000000000012,
510310,2025-12-31,4.496,4.479,4.513,4.466,2581857.0,,1.0453736654804204,-0.3781138790035664,-0.017000000000000348,
510310,2026-01-05,4.509,4.565,4.57,4.504,2470868.0,,1.4735432016075178,1.9200714445188722,0.0860000000000003,
510310,2026-01-06,4.569,4.639,4.64,4.565,2526101.0,,1.6429353778751214,1.6210295728367983,0.07399999999999984,
510310,2026-01-07,4.642,4.62,4.645,4.595,1938798.0,,1.0778184953653764,-0.40957102823884733,-0.019000000000000128,
510310,2026-01-08,4.609,4.582,4.612,4.562,2285403.0,,1.0822510822510785,-0.8225108225108281,-0.038000000000000256,
510310,2026-01-09,4.579,4.605,4.621,4.566,1974315.0,,1.2003491924923746,0.5019642077695455,0.023000000000000576,
510310,2026-01-12,4.609,4.633,4.645,4.58,2786395.0,,1.4115092290987947,0.6080347448425533,0.02799999999999958,
510310,2026-01-13,4.64,4.61,4.683,4.596,2019464.0,,1.877832937621406,-0.4964385927045044,-0.022999999999999687,
510310,2026-01-14,4.609,4.586,4.665,4.559,4463632.0,,2.2993492407809084,-0.5206073752711501,-0.02400000000000002,
510310,2026-01-15,4.569,4.596,4.613,4.563,15841256.0,,1.090274749236823,0.21805494984735688,0.009999999999999787,
510310,2026-01-16,4.619,4.586,4.638,4.56,18733379.0,,1.697127937336821,-0.21758050478676647,-0.009999999999999787,
510310,2026-01-19,4.578,4.581,4.613,4.562,14194485.0,,1.1120802442215472,-0.10902747492367844,-0.004999999999999893,
510310,2026-01-20,4.586,4.569,4.594,4.534,15937235.0,,1.3097576948264678,-0.2619515389653013,-0.012000000000000455,
510310,2026-01-21,4.548,4.572,4.607,4.548,32559376.0,,1.2913110089735207,0.06565988181221523,0.0030000000000001137,
510310,2026-01-22,4.58,4.569,4.604,4.547,35732039.0,,1.2467191601049952,-0.06561679790026495,-0.0030000000000001137,
510310,2026-01-23,4.57,4.548,4.586,4.494,69584879.0,,2.013569708907869,-0.4596191726854872,-0.020999999999999908,
510310,2026-01-26,4.551,4.558,4.604,4.539,49739651.0,,1.4291996481970182,0.2198768689533814,0.009999999999999787,
510310,2026-01-27,4.554,4.554,4.585,4.524,29734109.0,,1.3383062746818768,-0.08775778850372004,-0.0039999999999995595,
510310,2026-01-28,4.567,4.567,4.587,4.549,70023825.0,,0.8344312692138639,0.2854633289415876,0.0129999999999999,
510310,2026-01-29,4.569,4.611,4.622,4.548,23716302.0,,1.6203196846945445,0.9634333260345872,0.043999999999999595,
510310,2026-01-30,4.574,4.554,4.601,4.488,4691328.0,,2.4506614617219595,-1.2361743656473543,-0.056999999999999496,
510310,2026-02-02,4.516,4.455,4.564,4.439,7072412.0,,2.7448397013614403,-2.173913043478265,-0.0990000000000002,
510310,2026-02-03,4.479,4.512,4.515,4.43,2633049.0,,1.9079685746352406,1.279461279461268,0.056999999999999496,
510310,2026-02-04,4.5,4.553,4.556,4.491,1965016.0,,1.4406028368794415,0.9086879432624196,0.04100000000000037,
510310,2026-02-05,4.526,4.523,4.541,4.491,1933978.0,,1.0981770261366288,-0.6589062156819734,-0.03000000000000025,
510310,2026-02-06,4.485,4.496,4.536,4.458,3014531.0,,1.724519124474893,-0.5969489277028355,-0.026999999999999247,
510310,2026-02-09,4.533,4.571,4.575,4.533,1159291.0,,0.9341637010676115,1.6681494661921548,0.07499999999999929,
510310,2026-02-10,4.573,4.579,4.583,4.566,1379716.0,,0.3719098665499967,0.1750164077882303,0.008000000000000007,
510310,2026-02-11,4.569,4.569,4.578,4.559,843787.0,,0.4149377593361024,-0.2183882943874162,-0.009999999999999787,
510310,2026-02-12,4.573,4.572,4.581,4.561,1155049.0,,0.4377325454147617,0.06565988181221523,0.0030000000000001137,
510310,2026-02-13,4.554,4.522,4.558,4.515,2567411.0,,0.9405074365704319,-1.0936132983377038,-0.04999999999999982,
510310,2026-02-24,4.57,4.562,4.578,4.552,1108320.0,,0.574966828836813,0.8845643520566129,0.040000000000000036,
510310,2026-02-25,4.563,4.589,4.622,4.563,1925093.0,,1.2932924156071934,0.5918456817185475,0.027000000000000135,
510310,2026-02-26,4.598,4.581,4.598,4.559,2350743.0,,0.8498583569405034,-0.17432991937241243,-0.008000000000000007,
510310,2026-02-27,4.557,4.571,4.58,4.545,2088708.0,,0.764025321982103,-0.21829294913775754,-0.010000000000000675,
510310,2026-03-02,4.542,4.584,4.589,4.523,2300529.0,,1.4438853642529146,0.2844016626558718,0.0129999999999999,
510310,2026-03-03,4.584,4.527,4.597,4.512,2575926.0,,1.8542757417103155,-1.243455497382188,-0.056999999999999496,
510310,2026-03-04,4.491,4.46,4.497,4.438,1440630.0,,1.3032913629335137,-1.4800088358736507,-0.06700000000000017,
510310,2026-03-05,4.5,4.503,4.527,4.486,1288274.0,,0.9192825112107706,0.9641255605381199,0.04300000000000015,
510310,2026-03-06,4.484,4.518,4.529,4.474,874154.0,,1.221407950255379,0.3331112591605525,0.01499999999999968,
510310,2026-03-09,4.467,4.475,4.487,4.412,1379816.0,,1.6600265604249709,-0.9517485613103177,-0.04300000000000015,
510310,2026-03-10,4.494,4.53,4.538,4.494,1491966.0,,0.9832402234636981,1.2290502793296225,0.055000000000000604,
510310,2026-03-11,4.531,4.558,4.566,4.529,1062076.0,,0.8167770419426031,0.6181015452538539,0.02799999999999958,
510310,2026-03-12,4.549,4.543,4.557,4.51,883339.0,,1.0311540149188372,-0.3290917068889794,-0.01499999999999968,
510310,2026-03-13,4.519,4.53,4.564,4.516,462811.0,,1.0565705480959726,-0.28615452344265685,-0.0129999999999999,
510310,2026-03-16,4.528,4.526,4.534,4.484,847893.0,,1.1037527593818945,-0.08830022075056175,-0.004000000000000448,
510310,2026-03-17,4.526,4.499,4.578,4.491,1799822.0,,1.922227132125511,-0.5965532479010194,-0.027000000000000135,
510310,2026-03-18,4.501,4.512,4.518,4.465,1672288.0,,1.1780395643476316,0.28895310068903984,0.0129999999999999,
510310,2026-03-19,4.469,4.448,4.492,4.43,2146921.0,,1.3741134751773112,-1.4184397163120386,-0.06399999999999917,
510310,2026-03-20,4.45,4.432,4.485,4.425,1050897.0,,1.3489208633093637,-0.3597122302158276,-0.016000000000000014,
510310,2026-03-23,4.395,4.288,4.395,4.266,3218576.0,,2.9106498194945747,-3.2490974729241904,-0.14400000000000013,
510310,2026-03-24,4.342,4.332,4.342,4.262,1645173.0,,1.8656716417910464,1.026119402985065,0.043999999999999595,
510310,2026-03-25,4.36,4.395,4.404,4.358,1536090.0,,1.061865189289018,1.454293628808858,0.06299999999999972,
510310,2026-03-26,4.39,4.343,4.4,4.332,1273537.0,,1.5472127417520025,-1.1831626848691605,-0.0519999999999996,
510310,2026-03-27,4.31,4.363,4.383,4.3,1585297.0,,1.911121344692613,0.46051116739582004,0.020000000000000462,
510310,2026-03-30,4.316,4.357,4.359,4.31,1073881.0,,1.1230804492321882,-0.1375200550080272,-0.006000000000000227,
510310,2026-03-31,4.353,4.318,4.382,4.316,1617819.0,,1.5148037640578342,-0.8951113151250997,-0.03900000000000059,
510310,2026-04-01,4.37,4.386,4.394,4.355,1333527.0,,0.9031959240389001,1.574803149606311,0.0680000000000005,
510310,2026-04-02,4.379,4.342,4.379,4.325,1106768.0,,1.231190150478782,-1.0031919744642153,-0.04400000000000048,
510310,2026-04-03,4.343,4.309,4.357,4.3,676793.0,,1.3127590971902439,-0.7600184246890713,-0.032999999999999474,
510310,2026-04-07,4.31,4.303,4.325,4.285,1092884.0,,0.9282896263634263,-0.13924344395451907,-0.006000000000000227,
510310,2026-04-08,4.365,4.455,4.457,4.365,3084470.0,,2.1380432256565105,3.532419242389034,0.15200000000000014,
510310,2026-04-09,4.426,4.423,4.436,4.41,1282458.0,,0.5836139169472458,-0.7182940516273856,-0.03200000000000003,
510310,2026-04-10,4.44,4.49,4.514,4.44,2669113.0,,1.673072575175217,1.5148089531991897,0.06700000000000017,
510310,2026-04-13,4.473,4.505,4.51,4.47,1041286.0,,0.8908685968819607,0.3340757238307278,0.01499999999999968,
510310,2026-04-14,4.525,4.56,4.561,4.515,1354887.0,,1.021087680355167,1.220865704772469,0.054999999999999716,
510310,2026-04-15,4.579,4.541,4.59,4.534,1332797.0,,1.2280701754385976,-0.41666666666665003,-0.01899999999999924,
510310,2026-04-16,4.546,4.591,4.593,4.546,1743001.0,,1.0350143140277406,1.1010790574763227,0.04999999999999982,
510310,2026-04-17,4.586,4.586,4.596,4.57,1500313.0,,0.5663254192986235,-0.108908734480503,-0.004999999999999893,
510310,2026-04-20,4.583,4.612,4.622,4.572,1376906.0,,1.0902747492368037,0.5669428696031357,0.0259999999999998,
510310,2026-04-21,4.606,4.622,4.631,4.577,1852583.0,,1.1708586296617578,0.2168256721595791,0.009999999999999787,
510310,2026-04-22,4.61,4.658,4.665,4.604,1935007.0,,1.319774989182171,0.7788836001730957,0.036000000000000476,
510310,2026-04-23,4.66,4.647,4.678,4.616,3118040.0,,1.331043366251616,-0.23615285530270758,-0.01100000000000012,
510310,2026-04-24,4.629,4.627,4.644,4.596,1429489.0,,1.0329244673983222,-0.4303851947493106,-0.020000000000000462,
510310,2026-04-27,4.628,4.625,4.653,4.619,2968781.0,,0.7348173762697171,-0.04322455154527296,-0.0019999999999997797,
510310,2026-04-28,4.61,4.616,4.636,4.602,2803130.0,,0.735135135135131,-0.194594594594602,-0.009000000000000341,
510310,2026-04-29,4.607,4.665,4.671,4.603,4348931.0,,1.4731369150780005,1.0615251299826771,0.04900000000000038,
510310,2026-04-30,4.667,4.67,4.685,4.652,5504528.0,,0.7073954983922717,0.1071811361200406,0.004999999999999893,
510310,2026-05-06,4.7,4.731,4.753,4.696,7866968.0,,1.220556745182021,1.3062098501070651,0.06099999999999994,
510310,2026-05-07,4.745,4.755,4.757,4.721,5636196.0,,0.760938490805318,0.5072923272035514,0.02400000000000002,
510310,2026-05-08,4.739,4.729,4.744,4.705,6137492.0,,0.8201892744479433,-0.5467928496319622,-0.0259999999999998,
510310,2026-05-11,4.744,4.809,4.82,4.741,10220831.0,,1.6705434552759701,1.6916895749629957,0.08000000000000007,
510310,2026-05-12,4.815,4.804,4.824,4.783,7933421.0,,0.8525681014763876,-0.10397171969224149,-0.004999999999999893,
510310,2026-05-13,4.785,4.857,4.86,4.778,7581801.0,,1.7069109075770343,1.1032472939217304,0.052999999999999936,
510310,2026-05-14,4.88,4.782,4.88,4.774,5550889.0,,2.1824171299155832,-1.5441630636195218,-0.07500000000000018,
510310,2026-05-15,4.778,4.722,4.793,4.698,2533110.0,,1.9866164784608897,-1.2547051442910835,-0.05999999999999961,
510310,2026-05-18,4.712,4.697,4.728,4.666,2744177.0,,1.3130029648453914,-0.5294366793731545,-0.025000000000000355,
510310,2026-05-19,4.696,4.717,4.718,4.636,4844389.0,,1.745795188418136,0.42580370449222,0.019999999999999574,
510310,2026-05-20,4.698,4.713,4.727,4.685,3346154.0,,0.8903964384142614,-0.08479966080134746,-0.0039999999999995595,
510310,2026-05-21,4.743,4.654,4.796,4.644,6618139.0,,3.22512200297051,-1.251856566942503,-0.05900000000000016,
510310,2026-05-22,4.682,4.71,4.712,4.654,6162236.0,,1.2462397937258236,1.2032660077352826,0.05600000000000005,
510310,2026-05-25,4.725,4.784,4.787,4.717,11450963.0,,1.486199575371556,1.5711252653927779,0.07399999999999984,
510310,2026-05-26,4.758,4.814,4.815,4.754,7878508.0,,1.2750836120401512,0.6270903010033497,0.03000000000000025,
510310,2026-05-27,4.8,4.768,4.831,4.755,3838069.0,,1.5787287079351997,-0.9555463232239356,-0.04600000000000026,
510310,2026-05-28,4.759,4.776,4.788,4.706,1122936.0,,1.7197986577181177,0.167785234899329,0.008000000000000007,
510310,2026-05-29,4.785,4.777,4.817,4.747,3947227.0,,1.4656616415410444,0.020938023450593257,0.001000000000000334,
510310,2026-06-01,4.771,4.713,4.783,4.703,1242467.0,,1.6746912288046905,-1.3397529830437525,-0.06400000000000006,
510310,2026-06-02,4.713,4.776,4.798,4.7,1656548.0,,2.079354975599403,1.3367281985996122,0.06299999999999972,
510310,2026-06-03,4.785,4.807,4.855,4.769,2057722.0,,1.800670016750425,0.6490787269681864,0.031000000000000583,
510310,2026-06-04,4.765,4.774,4.802,4.752,2861024.0,,1.040149781568542,-0.6864988558352478,-0.03300000000000036,
510310,2026-06-05,4.754,4.687,4.795,4.67,2456383.0,,2.618349392542941,-1.8223711772098816,-0.08699999999999974,
