code,date,open,close,high,low,volume,amount,amplitude,pct_chg,price_change,turnover_rate
510300,2018-01-02,3.428,3.478,3.48,3.426,1688766,695160736.0,1.58,1.76,0.06,0.6
510300,2018-01-03,3.478,3.5,3.528,3.474,1267933,527466336.0,1.55,0.63,0.022,0.45
510300,2018-01-04,3.5,3.513,3.522,3.492,922207,384082448.0,0.86,0.37,0.013,0.33
510300,2018-01-05,3.521,3.529,3.539,3.507,1271317,531271776.0,0.91,0.46,0.016,0.45
510300,2018-01-08,3.528,3.546,3.556,3.515,1056967,443371344.0,1.16,0.48,0.017,0.38
510300,2018-01-09,3.546,3.58,3.583,3.539,1079461,455234080.0,1.24,0.96,0.034,0.38
510300,2018-01-10,3.576,3.598,3.602,3.563,1449657,614504160.0,1.09,0.5,0.018,0.52
510300,2018-01-11,3.591,3.592,3.598,3.574,984751,417892592.0,0.67,-0.17,-0.006,0.35
510300,2018-01-12,3.592,3.615,3.619,3.587,1035749,441244224.0,0.89,0.64,0.023,0.37
510300,2018-01-15,3.615,3.607,3.652,3.603,1573647,674167936.0,1.36,-0.22,-0.008,0.56
510300,2018-01-16,3.607,3.65,3.653,3.602,1231840,528244304.0,1.41,1.19,0.043,0.44
510300,2018-01-17,3.651,3.637,3.669,3.623,1589397,684342128.0,1.26,-0.36,-0.013,0.57
510300,2018-01-18,3.643,3.665,3.678,3.64,1250863,540068096.0,1.04,0.77,0.028,0.45
510300,2018-01-19,3.667,3.677,3.707,3.664,2185065,948695888.0,1.17,0.33,0.012,0.78
510300,2018-01-22,3.664,3.732,3.735,3.664,1398734,609570928.0,1.93,1.5,0.055,0.5
510300,2018-01-23,3.741,3.776,3.777,3.738,1584663,692085168.0,1.05,1.18,0.044,0.56
510300,2018-01-24,3.776,3.779,3.788,3.744,1613457,707011904.0,1.17,0.08,0.003,0.58
510300,2018-01-25,3.776,3.751,3.778,3.729,1548720,675877088.0,1.3,-0.74,-0.028,0.55
510300,2018-01-26,3.738,3.773,3.802,3.733,984132,431465312.0,1.84,0.59,0.022,0.35
510300,2018-01-29,3.783,3.69,3.788,3.679,2140532,928592912.0,2.89,-2.2,-0.083,0.76
510300,2018-01-30,3.68,3.646,3.698,3.643,1616871,692033504.0,1.49,-1.19,-0.044,0.58
510300,2018-01-31,3.634,3.659,3.674,3.628,1667369,710282992.0,1.26,0.36,0.013,0.59
510300,2018-02-01,3.658,3.629,3.676,3.604,4390736,1861964688.0,1.97,-0.82,-0.03,1.57
510300,2018-02-02,3.598,3.655,3.661,3.576,2127961,900347632.0,2.34,0.72,0.026,0.76
510300,2018-02-05,3.617,3.651,3.656,3.598,2308395,979154064.0,1.59,-0.11,-0.004,0.82
510300,2018-02-06,3.588,3.531,3.601,3.524,3131731,1306561664.0,2.11,-3.29,-0.12,1.12
510300,2018-02-07,3.588,3.433,3.597,3.427,3395178,1400842656.0,4.81,-2.78,-0.098,1.21
510300,2018-02-08,3.428,3.4,3.46,3.369,3123486,1257459008.0,2.65,-0.96,-0.033,1.11
510300,2018-02-09,3.293,3.215,3.309,3.152,4168372,1597192112.0,4.62,-5.44,-0.185,1.49
510300,2018-02-12,3.224,3.27,3.293,3.212,1935589,749100608.0,2.52,1.71,0.055,0.69
510300,2018-02-13,3.305,3.317,3.369,3.305,1624625,641207456.0,1.96,1.44,0.047,0.58
510300,2018-02-14,3.329,3.352,3.359,3.315,930356,367327728.0,1.33,1.06,0.035,0.33
510300,2018-02-22,3.404,3.434,3.441,3.39,1890641,762189664.0,1.52,2.45,0.082,0.67
510300,2018-02-23,3.442,3.456,3.466,3.421,1576572,639724880.0,1.31,0.64,0.022,0.56
510300,2018-02-26,3.486,3.508,3.521,3.438,2027723,830732992.0,2.4,1.5,0.052,0.72
510300,2018-02-27,3.516,3.449,3.517,3.443,2118233,865489040.0,2.11,-1.68,-0.059,0.76
510300,2018-02-28,3.416,3.408,3.443,3.383,2392246,962934464.0,1.74,-1.19,-0.041,0.85
510300,2018-03-01,3.388,3.437,3.455,3.381,1186369,479103440.0,2.17,0.85,0.029,0.42
510300,2018-03-02,3.408,3.41,3.431,3.396,906147,364642464.0,1.02,-0.79,-0.027,0.32
510300,2018-03-05,3.413,3.401,3.437,3.378,960125,385767888.0,1.73,-0.26,-0.009,0.34
510300,2018-03-06,3.43,3.461,3.462,3.385,1335938,539875120.0,2.26,1.76,0.06,0.48
510300,2018-03-07,3.458,3.428,3.481,3.419,1397285,568031952.0,1.79,-0.95,-0.033,0.5
510300,2018-03-08,3.43,3.469,3.471,3.419,932075,378638992.0,1.52,1.2,0.041,0.33
510300,2018-03-09,3.476,3.499,3.505,3.462,1116871,457659728.0,1.24,0.86,0.03,0.4
510300,2018-03-12,3.519,3.511,3.536,3.505,2949892,1217400448.0,0.89,0.34,0.012,1.05
510300,2018-03-13,3.508,3.467,3.515,3.465,1435128,588518512.0,1.42,-1.25,-0.044,0.51
510300,2018-03-14,3.458,3.453,3.473,3.449,1209034,492145664.0,0.69,-0.4,-0.014,0.43
510300,2018-03-15,3.448,3.483,3.486,3.44,1000794,408458352.0,1.33,0.87,0.03,0.36
510300,2018-03-16,3.478,3.438,3.493,3.437,883233,360428560.0,1.61,-1.29,-0.045,0.31
510300,2018-03-19,3.437,3.46,3.463,3.417,809020,328421744.0,1.34,0.64,0.022,0.29
510300,2018-03-20,3.447,3.458,3.47,3.422,754936,306450960.0,1.39,-0.06,-0.002,0.27
510300,2018-03-21,3.474,3.437,3.502,3.428,1291003,527036032.0,2.14,-0.61,-0.021,0.46
510300,2018-03-22,3.444,3.401,3.457,3.391,984440,396821616.0,1.92,-1.05,-0.036,0.35
510300,2018-03-23,3.288,3.282,3.311,3.213,2789761,1086361136.0,2.88,-3.5,-0.119,0.99
510300,2018-03-26,3.251,3.264,3.274,3.215,2339576,902528336.0,1.8,-0.55,-0.018,0.83
510300,2018-03-27,3.309,3.299,3.318,3.273,1437934,562269232.0,1.38,1.07,0.035,0.51
510300,2018-03-28,3.262,3.22,3.292,3.217,1350991,521665680.0,2.27,-2.39,-0.079,0.48
510300,2018-03-29,3.235,3.29,3.307,3.181,1934540,746819664.0,3.91,2.17,0.07,0.69
510300,2018-03-30,3.291,3.284,3.303,3.266,923031,359636704.0,1.12,-0.18,-0.006,0.33
510300,2018-04-02,3.285,3.271,3.324,3.268,1775060,693287264.0,1.71,-0.4,-0.013,0.63
510300,2018-04-03,3.247,3.246,3.266,3.225,1409853,543351696.0,1.25,-0.76,-0.025,0.5
510300,2018-04-04,3.255,3.236,3.284,3.231,1028784,398759728.0,1.63,-0.31,-0.01,0.37
510300,2018-04-09,3.24,3.241,3.263,3.216,1191991,459331568.0,1.45,0.15,0.005,0.42
510300,2018-04-10,3.245,3.316,3.317,3.241,1590734,618424480.0,2.34,2.31,0.075,0.57
510300,2018-04-11,3.326,3.321,3.345,3.314,1364955,537937552.0,0.93,0.15,0.005,0.49
510300,2018-04-12,3.32,3.28,3.326,3.279,967303,378606240.0,1.42,-1.23,-0.041,0.34
510300,2018-04-13,3.303,3.253,3.315,3.246,1212468,470493232.0,2.1,-0.82,-0.027,0.43
510300,2018-04-16,3.246,3.192,3.258,3.179,1141596,436296432.0,2.43,-1.88,-0.061,0.41
510300,2018-04-17,3.203,3.136,3.208,3.133,1382998,523630368.0,2.35,-1.75,-0.056,0.49
510300,2018-04-18,3.169,3.144,3.183,3.098,2125677,796578448.0,2.71,0.26,0.008,0.76
510300,2018-04-19,3.153,3.197,3.207,3.152,1714952,651728800.0,1.75,1.69,0.053,0.61
510300,2018-04-20,3.185,3.138,3.198,3.131,1631786,615887360.0,2.1,-1.85,-0.059,0.58
510300,2018-04-23,3.131,3.154,3.177,3.119,1064100,399919040.0,1.85,0.51,0.016,0.38
510300,2018-04-24,3.162,3.233,3.243,3.162,1794867,687344864.0,2.57,2.5,0.079,0.64
510300,2018-04-25,3.217,3.21,3.225,3.201,1072139,410074480.0,0.74,-0.71,-0.023,0.38
510300,2018-04-26,3.215,3.134,3.222,3.128,1279569,482929632.0,2.93,-2.37,-0.076,0.46
510300,2018-04-27,3.154,3.142,3.157,3.1,1178762,441623024.0,1.82,0.26,0.008,0.42
510300,2018-05-02,3.158,3.154,3.177,3.129,1130980,425241648.0,1.53,0.38,0.012,0.4
510300,2018-05-03,3.144,3.176,3.19,3.119,1500874,565842656.0,2.25,0.7,0.022,0.54
510300,2018-05-04,3.174,3.158,3.187,3.152,1112294,420677776.0,1.1,-0.57,-0.018,0.4
510300,2018-05-07,3.164,3.219,3.223,3.158,1519753,579308592.0,2.06,1.93,0.061,0.54
510300,2018-05-08,3.223,3.269,3.279,3.218,1882644,728175008.0,1.89,1.55,0.05,0.67
510300,2018-05-09,3.268,3.258,3.269,3.241,872673,337422352.0,0.86,-0.34,-0.011,0.31
510300,2018-05-10,3.269,3.284,3.286,3.25,994891,386259696.0,1.1,0.8,0.026,0.35
510300,2018-05-11,3.291,3.261,3.298,3.257,850968,330549504.0,1.25,-0.7,-0.023,0.3
510300,2018-05-14,3.269,3.295,3.304,3.269,1809287,706411152.0,1.07,1.04,0.034,0.65
510300,2018-05-15,3.303,3.31,3.31,3.272,1444888,563948816.0,1.15,0.46,0.015,0.52
510300,2018-05-16,3.296,3.278,3.305,3.27,878035,342418768.0,1.06,-0.97,-0.032,0.31
510300,2018-05-17,3.28,3.245,3.285,3.244,835910,323714464.0,1.25,-1.01,-0.033,0.3
510300,2018-05-18,3.25,3.287,3.292,3.232,1916792,742237808.0,1.85,1.29,0.042,0.68
510300,2018-05-21,3.313,3.306,3.33,3.294,1582574,620802688.0,1.1,0.58,0.019,0.56
510300,2018-05-22,3.306,3.29,3.306,3.266,846888,330057424.0,1.21,-0.48,-0.016,0.3
510300,2018-05-23,3.28,3.239,3.281,3.238,1100045,425876944.0,1.31,-1.55,-0.051,0.39
510300,2018-05-24,3.238,3.208,3.248,3.204,1216400,466989760.0,1.36,-0.96,-0.031,0.43
510300,2018-05-25,3.207,3.199,3.227,3.189,1031684,394358880.0,1.18,-0.28,-0.009,0.37
510300,2018-05-28,3.207,3.223,3.238,3.189,916134,350526736.0,1.53,0.75,0.024,0.33
510300,2018-05-29,3.218,3.187,3.228,3.185,1263856,482554992.0,1.33,-1.12,-0.036,0.45
510300,2018-05-30,3.15,3.115,3.155,3.114,1440323,539595344.0,1.29,-2.26,-0.072,0.51
510300,2018-05-31,3.136,3.191,3.194,3.13,1701936,641624944.0,2.05,2.44,0.076,0.61
510300,2018-06-01,3.174,3.165,3.187,3.148,1210255,457363168.0,1.22,-0.81,-0.026,0.43
510300,2018-06-04,3.185,3.202,3.206,3.172,1260797,479680896.0,1.07,1.17,0.037,0.45
510300,2018-06-05,3.198,3.234,3.238,3.191,1048860,401237872.0,1.47,1.0,0.032,0.37
510300,2018-06-06,3.229,3.227,3.237,3.219,835028,320637984.0,0.56,-0.22,-0.007,0.3
510300,2018-06-07,3.241,3.226,3.257,3.219,1098143,422900704.0,1.18,-0.03,-0.001,0.39
510300,2018-06-08,3.218,3.175,3.218,3.156,1353333,513530048.0,1.92,-1.58,-0.051,0.48
510300,2018-06-11,3.159,3.185,3.193,3.158,768349,291013488.0,1.1,0.31,0.01,0.27
510300,2018-06-12,3.186,3.223,3.236,3.167,1221684,467011536.0,2.17,1.19,0.038,0.44
510300,2018-06-13,3.21,3.184,3.215,3.178,1148817,437627120.0,1.15,-1.21,-0.039,0.41
510300,2018-06-14,3.173,3.174,3.209,3.164,1372526,520482496.0,1.41,-0.31,-0.01,0.49
510300,2018-06-15,3.168,3.168,3.19,3.148,1303403,492809280.0,1.32,-0.19,-0.006,0.46
510300,2018-06-19,3.143,3.038,3.143,2.999,3515761,1292738880.0,4.55,-4.1,-0.13,1.25
510300,2018-06-20,3.025,3.038,3.055,2.993,2490303,904915504.0,2.04,0.0,0.0,0.89
510300,2018-06-21,3.04,3.008,3.084,3.002,3337200,1221213664.0,2.7,-0.99,-0.03,1.19
510300,2018-06-22,2.998,3.024,3.025,2.96,1542610,556599136.0,2.16,0.53,0.016,0.55
510300,2018-06-25,3.036,2.973,3.042,2.972,1154245,417813392.0,2.31,-1.69,-0.051,0.41
510300,2018-06-26,2.939,2.938,2.959,2.895,2023402,716286624.0,2.15,-1.18,-0.035,0.72
510300,2018-06-27,2.941,2.854,2.948,2.845,2008945,702852608.0,3.51,-2.86,-0.084,0.72
510300,2018-06-28,2.838,2.834,2.887,2.828,1625310,564116640.0,2.07,-0.7,-0.02,0.58
510300,2018-06-29,2.837,2.925,2.931,2.837,1706050,597021728.0,3.32,3.21,0.091,0.61
510300,2018-07-02,2.919,2.831,2.923,2.793,2121981,735873216.0,4.44,-3.21,-0.094,0.76
510300,2018-07-03,2.83,2.818,2.841,2.737,3615524,1233354160.0,3.67,-0.46,-0.013,1.29
510300,2018-07-04,2.811,2.782,2.828,2.777,1268909,433275632.0,1.81,-1.28,-0.036,0.45
510300,2018-07-05,2.783,2.754,2.815,2.748,1726212,584959040.0,2.41,-1.01,-0.028,0.62
510300,2018-07-06,2.76,2.783,2.819,2.718,2354378,795708992.0,3.67,1.05,0.029,0.84
510300,2018-07-09,2.798,2.882,2.885,2.798,2299572,795175056.0,3.13,3.56,0.099,0.82
510300,2018-07-10,2.888,2.891,2.895,2.857,1457345,508628688.0,1.32,0.31,0.009,0.52
510300,2018-07-11,2.828,2.833,2.848,2.787,1954318,670565344.0,2.11,-2.01,-0.058,0.7
510300,2018-07-12,2.831,2.916,2.934,2.829,2089340,731987744.0,3.71,2.93,0.083,0.74
510300,2018-07-13,2.917,2.922,2.931,2.905,1327476,468721616.0,0.89,0.21,0.006,0.47
510300,2018-07-16,2.919,2.907,2.947,2.894,1265179,445644464.0,1.81,-0.51,-0.015,0.45
510300,2018-07-17,2.903,2.885,2.907,2.858,1215374,424438864.0,1.69,-0.76,-0.022,0.43
510300,2018-07-18,2.89,2.869,2.923,2.868,1276137,447725440.0,1.91,-0.55,-0.016,0.45
510300,2018-07-19,2.887,2.871,2.91,2.856,1419531,496040528.0,1.88,0.07,0.002,0.51
510300,2018-07-20,2.869,2.938,2.953,2.842,1934022,678380240.0,3.87,2.33,0.067,0.69
510300,2018-07-23,2.918,2.961,2.97,2.908,1737761,617794896.0,2.11,0.78,0.023,0.62
510300,2018-07-24,2.969,3.027,3.045,2.969,2602805,946219424.0,2.57,2.23,0.066,0.93
510300,2018-07-25,3.028,3.026,3.033,3.009,2022573,734740080.0,0.79,-0.03,-0.001,0.72
510300,2018-07-26,3.023,2.979,3.037,2.97,1554862,560786016.0,2.21,-1.55,-0.047,0.55
510300,2018-07-27,2.974,2.97,2.992,2.958,876625,314271008.0,1.14,-0.3,-0.009,0.31
510300,2018-07-30,2.969,2.95,2.995,2.932,1599820,571061216.0,2.12,-0.67,-0.02,0.57
510300,2018-07-31,2.945,2.963,2.982,2.941,1057737,377612128.0,1.39,0.44,0.013,0.38
510300,2018-08-01,2.983,2.883,2.997,2.882,2696108,955861968.0,3.88,-2.7,-0.08,0.96
510300,2018-08-02,2.872,2.805,2.875,2.766,2706062,928219552.0,3.78,-2.71,-0.078,0.96
510300,2018-08-03,2.804,2.757,2.818,2.756,1675736,570042880.0,2.21,-1.71,-0.048,0.6
510300,2018-08-06,2.757,2.722,2.788,2.701,2222050,745138912.0,3.16,-1.27,-0.035,0.79
510300,2018-08-07,2.728,2.815,2.817,2.711,2250981,760035072.0,3.89,3.42,0.093,0.8
510300,2018-08-08,2.809,2.765,2.81,2.751,1975637,671015984.0,2.1,-1.78,-0.05,0.7
510300,2018-08-09,2.763,2.846,2.857,2.751,2292220,786909760.0,3.83,2.93,0.081,0.82
510300,2018-08-10,2.841,2.852,2.87,2.824,1376744,476328432.0,1.62,0.21,0.006,0.49
510300,2018-08-13,2.818,2.837,2.846,2.78,1707540,585048480.0,2.31,-0.53,-0.015,0.61
510300,2018-08-14,2.834,2.822,2.839,2.8,971811,333235952.0,1.37,-0.53,-0.015,0.35
510300,2018-08-15,2.82,2.74,2.822,2.733,1514897,511733360.0,3.15,-2.91,-0.082,0.54
510300,2018-08-16,2.718,2.726,2.765,2.68,2077490,693606304.0,3.1,-0.51,-0.014,0.74
510300,2018-08-17,2.75,2.675,2.754,2.666,1801104,599148752.0,3.23,-1.87,-0.051,0.64
510300,2018-08-20,2.683,2.71,2.713,2.658,2046795,675291680.0,2.06,1.31,0.035,0.73
510300,2018-08-21,2.709,2.767,2.784,2.709,2322492,782217696.0,2.77,2.1,0.057,0.83
510300,2018-08-22,2.773,2.761,2.773,2.744,1165533,392672640.0,1.05,-0.22,-0.006,0.42
510300,2018-08-23,2.763,2.771,2.791,2.733,2450655,828514160.0,2.1,0.36,0.01,0.87
510300,2018-08-24,2.765,2.776,2.804,2.737,2031331,686112192.0,2.42,0.18,0.005,0.72
510300,2018-08-27,2.783,2.861,2.862,2.783,2241291,771738592.0,2.85,3.06,0.085,0.8
510300,2018-08-28,2.862,2.851,2.872,2.841,1432063,496834080.0,1.08,-0.35,-0.01,0.51
510300,2018-08-29,2.847,2.838,2.851,2.829,1323573,456314432.0,0.77,-0.46,-0.013,0.47
510300,2018-08-30,2.838,2.804,2.856,2.798,1629237,559016736.0,2.04,-1.2,-0.034,0.58
510300,2018-08-31,2.79,2.778,2.812,2.76,1491241,506223120.0,1.85,-0.93,-0.026,0.53
510300,2018-09-03,2.774,2.771,2.783,2.739,1405628,474050720.0,1.58,-0.25,-0.007,0.5
510300,2018-09-04,2.77,2.811,2.826,2.758,1749978,596721024.0,2.45,1.44,0.04,0.62
510300,2018-09-05,2.798,2.741,2.804,2.74,1952640,661947232.0,2.28,-2.49,-0.07,0.7
510300,2018-09-06,2.739,2.712,2.766,2.702,2133340,713999168.0,2.33,-1.06,-0.029,0.76
510300,2018-09-07,2.722,2.734,2.772,2.701,1850578,620163728.0,2.62,0.81,0.022,0.66
510300,2018-09-10,2.721,2.686,2.731,2.682,1603306,530067968.0,1.79,-1.76,-0.048,0.57
510300,2018-09-11,2.687,2.674,2.702,2.662,2253782,741946464.0,1.49,-0.45,-0.012,0.8
510300,2018-09-12,2.673,2.651,2.679,2.647,2061822,675164144.0,1.2,-0.86,-0.023,0.74
510300,2018-09-13,2.684,2.686,2.703,2.645,2597714,853411392.0,2.19,1.32,0.035,0.93
510300,2018-09-14,2.69,2.691,2.703,2.676,1756240,579892800.0,1.01,0.19,0.005,0.63
510300,2018-09-17,2.673,2.66,2.679,2.652,1156508,378852960.0,1.0,-1.15,-0.031,0.41
510300,2018-09-18,2.649,2.723,2.727,2.648,2367468,781592576.0,2.97,2.37,0.063,0.84
510300,2018-09-19,2.718,2.768,2.795,2.711,4463292,1506129696.0,3.08,1.65,0.045,1.59
510300,2018-09-20,2.768,2.766,2.801,2.759,2440904,825539584.0,1.52,-0.07,-0.002,0.87
510300,2018-09-21,2.776,2.872,2.874,2.765,4773660,1638859072.0,3.94,3.83,0.106,1.7
510300,2018-09-25,2.835,2.837,2.846,2.818,2089806,720037968.0,0.97,-1.22,-0.035,0.75
510300,2018-09-26,2.838,2.875,2.904,2.836,3015784,1051659664.0,2.4,1.34,0.038,1.08
510300,2018-09-27,2.863,2.86,2.875,2.848,2312029,802583648.0,0.94,-0.52,-0.015,0.82
510300,2018-09-28,2.865,2.896,2.9,2.861,3022668,1056783600.0,1.36,1.26,0.036,1.08
510300,2018-10-08,2.819,2.729,2.822,2.728,4299048,1455777088.0,3.25,-5.77,-0.167,1.53
510300,2018-10-09,2.736,2.736,2.759,2.724,1965700,659150608.0,1.28,0.26,0.007,0.7
510300,2018-10-10,2.739,2.734,2.766,2.702,2636641,882335120.0,2.34,-0.07,-0.002,0.94
510300,2018-10-11,2.638,2.562,2.66,2.538,6675568,2150656832.0,4.46,-6.29,-0.172,2.38
510300,2018-10-12,2.566,2.621,2.637,2.549,5007325,1602829888.0,3.43,2.3,0.059,1.79
510300,2018-10-15,2.627,2.574,2.63,2.571,2926292,939523904.0,2.25,-1.79,-0.047,1.04
510300,2018-10-16,2.578,2.553,2.616,2.541,4938840,1573220160.0,2.91,-0.82,-0.021,1.76
510300,2018-10-17,2.593,2.564,2.603,2.513,6437365,2044127840.0,3.53,0.43,0.011,2.3
510300,2018-10-18,2.543,2.494,2.553,2.493,5932914,1856470336.0,2.34,-2.73,-0.07,2.12
510300,2018-10-19,2.478,2.573,2.588,2.461,6731053,2107742160.0,5.09,3.17,0.079,2.4
510300,2018-10-22,2.638,2.741,2.758,2.588,9341864,3089534704.0,6.61,6.53,0.168,3.33
510300,2018-10-23,2.738,2.628,2.74,2.61,8599760,2826511888.0,4.74,-4.12,-0.113,3.07
510300,2018-10-24,2.624,2.633,2.697,2.617,5306690,1729656784.0,3.04,0.19,0.005,1.89
510300,2018-10-25,2.558,2.649,2.654,2.549,5283846,1694329472.0,3.99,0.61,0.016,1.88
510300,2018-10-26,2.656,2.616,2.673,2.591,4499658,1458792288.0,3.1,-1.25,-0.033,1.6
510300,2018-10-29,2.607,2.519,2.614,2.498,4083249,1289984528.0,4.43,-3.71,-0.097,1.46
510300,2018-10-30,2.509,2.556,2.59,2.496,5465880,1725356928.0,3.73,1.47,0.037,1.95
510300,2018-10-31,2.563,2.593,2.621,2.552,3798124,1215577184.0,2.7,1.45,0.037,1.35
510300,2018-11-01,2.629,2.616,2.668,2.61,5178410,1684628656.0,2.24,0.89,0.023,1.85
510300,2018-11-02,2.738,2.751,2.766,2.671,8571833,2850227376.0,3.63,5.16,0.135,3.06
510300,2018-11-05,2.728,2.708,2.732,2.674,4511809,1498256832.0,2.11,-1.56,-0.043,1.61
510300,2018-11-06,2.696,2.687,2.703,2.655,3370718,1109603472.0,1.77,-0.78,-0.021,1.2
510300,2018-11-07,2.69,2.66,2.724,2.657,3920487,1293442432.0,2.49,-1.0,-0.027,1.4
510300,2018-11-08,2.692,2.657,2.7,2.653,3121866,1026631712.0,1.77,-0.11,-0.003,1.11
510300,2018-11-09,2.639,2.616,2.641,2.614,3006413,974269056.0,1.02,-1.54,-0.041,1.07
510300,2018-11-12,2.608,2.652,2.657,2.603,3474719,1126558736.0,2.06,1.38,0.036,1.24
510300,2018-11-13,2.616,2.686,2.705,2.611,4499382,1469919904.0,3.54,1.28,0.034,1.6
510300,2018-11-14,2.676,2.646,2.685,2.638,3412692,1117143888.0,1.75,-1.49,-0.04,1.22
510300,2018-11-15,2.646,2.689,2.69,2.643,3344246,1098160736.0,1.78,1.63,0.043,1.19
510300,2018-11-16,2.694,2.699,2.732,2.666,4153067,1376601904.0,2.45,0.37,0.01,1.48
510300,2018-11-19,2.698,2.736,2.737,2.691,3650423,1215420368.0,1.7,1.37,0.037,1.3
510300,2018-11-20,2.714,2.663,2.722,2.652,3825191,1261365696.0,2.56,-2.67,-0.073,1.36
510300,2018-11-21,2.633,2.666,2.674,2.631,2891170,945423664.0,1.61,0.11,0.003,1.03
510300,2018-11-22,2.673,2.657,2.675,2.634,3222327,1052449856.0,1.54,-0.34,-0.009,1.15
510300,2018-11-23,2.651,2.572,2.654,2.568,3672487,1182063376.0,3.24,-3.2,-0.085,1.31
510300,2018-11-26,2.581,2.577,2.608,2.562,4260561,1361422640.0,1.79,0.19,0.005,1.52
510300,2018-11-27,2.589,2.574,2.601,2.564,2798289,894557360.0,1.44,-0.12,-0.003,1.0
510300,2018-11-28,2.575,2.622,2.626,2.568,2517277,809476320.0,2.25,1.86,0.048,0.9
510300,2018-11-29,2.639,2.59,2.648,2.588,2037880,659013728.0,2.29,-1.22,-0.032,0.73
510300,2018-11-30,2.588,2.623,2.624,2.579,2691271,865231840.0,1.74,1.27,0.033,0.96
510300,2018-12-03,2.715,2.707,2.727,2.68,5925490,1967884144.0,1.79,3.2,0.084,2.11
510300,2018-12-04,2.702,2.712,2.717,2.69,2204018,730675744.0,1.0,0.18,0.005,0.79
510300,2018-12-05,2.676,2.697,2.716,2.672,2694283,890764784.0,1.62,-0.55,-0.015,0.96
510300,2018-12-06,2.669,2.63,2.669,2.625,4354710,1417004896.0,1.63,-2.48,-0.067,1.55
510300,2018-12-07,2.632,2.623,2.639,2.622,1924266,624489232.0,0.65,-0.27,-0.007,0.69
510300,2018-12-10,2.601,2.593,2.618,2.58,2601286,835086528.0,1.45,-1.14,-0.03,0.93
510300,2018-12-11,2.601,2.606,2.609,2.588,1518319,487594880.0,0.81,0.5,0.013,0.54
510300,2018-12-12,2.623,2.617,2.634,2.605,2090476,675103344.0,1.11,0.42,0.011,0.75
510300,2018-12-13,2.623,2.672,2.687,2.618,4177232,1369000784.0,2.64,2.1,0.055,1.49
510300,2018-12-14,2.661,2.615,2.662,2.612,3001484,974869584.0,1.87,-2.13,-0.057,1.07
510300,2018-12-17,2.609,2.611,2.621,2.585,3507315,1128489168.0,1.38,-0.15,-0.004,1.25
510300,2018-12-18,2.595,2.571,2.618,2.558,3278632,1047493728.0,2.3,-1.53,-0.04,1.17
510300,2018-12-19,2.574,2.538,2.581,2.531,2910278,922374192.0,1.94,-1.28,-0.033,1.04
510300,2018-12-20,2.531,2.515,2.544,2.491,3465181,1083554512.0,2.09,-0.91,-0.023,1.24
510300,2018-12-21,2.507,2.476,2.509,2.456,3864981,1192539200.0,2.11,-1.55,-0.039,1.38
510300,2018-12-24,2.465,2.483,2.486,2.454,2414407,745420768.0,1.29,0.28,0.007,0.86
510300,2018-12-25,2.455,2.464,2.478,2.414,4031316,1230561360.0,2.58,-0.77,-0.019,1.44
510300,2018-12-26,2.455,2.447,2.473,2.439,2164598,663819232.0,1.38,-0.69,-0.017,0.77
510300,2018-12-27,2.485,2.44,2.49,2.434,2353476,724428288.0,2.29,-0.29,-0.007,0.84
510300,2018-12-28,2.446,2.447,2.475,2.434,3892667,1192574432.0,1.68,0.29,0.007,1.39
510300,2019-01-02,2.458,2.405,2.458,2.397,3509349,1062967152.0,2.49,-1.72,-0.042,1.25
510300,2019-01-03,2.404,2.405,2.449,2.398,2681762,811656816.0,2.12,0.0,0.0,0.96
510300,2019-01-04,2.389,2.482,2.484,2.385,4798477,1465170848.0,4.12,3.2,0.077,1.71
510300,2019-01-07,2.497,2.495,2.506,2.479,4168316,1293817440.0,1.09,0.52,0.013,1.49
510300,2019-01-08,2.495,2.495,2.498,2.482,1970848,611718752.0,0.64,0.0,0.0,0.7
510300,2019-01-09,2.507,2.518,2.567,2.506,4396882,1385615360.0,2.44,0.92,0.023,1.57
510300,2019-01-10,2.517,2.521,2.542,2.502,2476923,776376032.0,1.59,0.12,0.003,0.88
510300,2019-01-11,2.519,2.544,2.553,2.517,2513682,791053152.0,1.43,0.91,0.023,0.9
510300,2019-01-14,2.543,2.517,2.543,2.51,2039121,638696704.0,1.3,-1.06,-0.027,0.73
510300,2019-01-15,2.521,2.576,2.578,2.514,3518301,1112566272.0,2.54,2.34,0.059,1.25
510300,2019-01-16,2.578,2.576,2.579,2.561,1877281,586525232.0,0.7,0.0,0.0,0.67
510300,2019-01-17,2.576,2.559,2.592,2.557,2381767,744200064.0,1.36,-0.66,-0.017,0.85
510300,2019-01-18,2.568,2.613,2.622,2.568,3889859,1226138128.0,2.11,2.11,0.054,1.39
510300,2019-01-21,2.613,2.63,2.647,2.61,2851849,908445488.0,1.42,0.65,0.017,1.02
510300,2019-01-22,2.624,2.59,2.624,2.582,2543107,801998528.0,1.6,-1.52,-0.04,0.91
510300,2019-01-23,2.582,2.582,2.609,2.574,2255126,708959824.0,1.35,-0.31,-0.008,0.8
510300,2019-01-24,2.586,2.606,2.614,2.565,2543770,800011760.0,1.9,0.93,0.024,0.91
510300,2019-01-25,2.609,2.63,2.65,2.609,2722859,867447680.0,1.57,0.92,0.024,0.97
510300,2019-01-28,2.644,2.626,2.676,2.618,2966955,950568912.0,2.21,-0.15,-0.004,1.06
510300,2019-01-29,2.619,2.64,2.65,2.597,3587900,1139850224.0,2.02,0.53,0.014,1.28
510300,2019-01-30,2.625,2.619,2.65,2.616,2129268,677812064.0,1.29,-0.8,-0.021,0.76
510300,2019-01-31,2.631,2.649,2.663,2.625,3342948,1068335728.0,1.45,1.15,0.03,1.19
510300,2019-02-01,2.666,2.702,2.704,2.649,3512649,1134007536.0,2.08,2.0,0.053,1.25
510300,2019-02-11,2.692,2.747,2.752,2.679,3872537,1267715664.0,2.7,1.67,0.045,1.38
510300,2019-02-12,2.746,2.771,2.778,2.741,3728810,1235580864.0,1.35,0.87,0.024,1.33
510300,2019-02-13,2.776,2.84,2.857,2.77,4278016,1439016768.0,3.14,2.49,0.069,1.53
510300,2019-02-14,2.836,2.844,2.861,2.827,3797561,1288823472.0,1.2,0.14,0.004,1.35
510300,2019-02-15,2.828,2.788,2.842,2.783,4479468,1507132016.0,2.07,-1.97,-0.056,1.6
510300,2019-02-18,2.81,2.885,2.887,2.81,4711064,1605204752.0,2.76,3.48,0.097,1.68
510300,2019-02-19,2.892,2.876,2.918,2.858,6782305,2336311872.0,2.08,-0.31,-0.009,2.42
510300,2019-02-20,2.884,2.885,2.9,2.862,6116145,2102498560.0,1.32,0.31,0.009,2.18
510300,2019-02-21,2.886,2.881,2.935,2.865,6352929,2191410160.0,2.43,-0.14,-0.004,2.27
510300,2019-02-22,2.876,2.973,2.975,2.857,5921217,2046074096.0,4.1,3.19,0.092,2.11
510300,2019-02-25,3.027,3.222,3.227,3.007,11513198,4191233264.0,7.4,8.38,0.249,4.1
510300,2019-02-26,3.191,3.137,3.205,3.12,7820036,2911479200.0,2.64,-2.64,-0.085,2.79
510300,2019-02-27,3.136,3.117,3.17,3.077,5994359,2212624240.0,2.96,-0.64,-0.02,2.14
510300,2019-02-28,3.116,3.11,3.134,3.09,4628979,1697133456.0,1.41,-0.22,-0.007,1.65
510300,2019-03-01,3.137,3.185,3.196,3.104,6527375,2409031104.0,2.96,2.41,0.075,2.33
510300,2019-03-04,3.217,3.224,3.325,3.197,6603305,2509089920.0,4.02,1.22,0.039,2.35
510300,2019-03-05,3.221,3.256,3.261,3.208,4431035,1677260192.0,1.64,0.99,0.032,1.58
510300,2019-03-06,3.256,3.282,3.297,3.221,5804959,2208529312.0,2.33,0.8,0.026,2.07
510300,2019-03-07,3.277,3.24,3.282,3.21,6184210,2349302240.0,2.19,-1.28,-0.042,2.2
510300,2019-03-08,3.161,3.108,3.207,3.098,5360776,1984438720.0,3.36,-4.07,-0.132,1.91
510300,2019-03-11,3.108,3.157,3.169,3.094,4523060,1666485424.0,2.41,1.58,0.049,1.61
510300,2019-03-12,3.185,3.182,3.24,3.155,5307450,1992691904.0,2.69,0.79,0.025,1.89
510300,2019-03-13,3.185,3.16,3.195,3.14,4832336,1796583888.0,1.73,-0.69,-0.022,1.72
510300,2019-03-14,3.152,3.133,3.178,3.115,3621079,1340665792.0,1.99,-0.85,-0.027,1.29
510300,2019-03-15,3.143,3.182,3.226,3.143,3870056,1445462176.0,2.65,1.56,0.049,1.38
510300,2019-03-18,3.183,3.297,3.299,3.172,5714156,2172220320.0,3.99,3.61,0.115,2.04
510300,2019-03-19,3.299,3.269,3.309,3.252,3970865,1523709152.0,1.73,-0.85,-0.028,1.42
510300,2019-03-20,3.265,3.269,3.293,3.227,3278933,1250007728.0,2.02,0.0,0.0,1.17
510300,2019-03-21,3.273,3.271,3.301,3.257,3800127,1456872032.0,1.35,0.06,0.002,1.35
510300,2019-03-22,3.27,3.276,3.284,3.219,3023844,1152049536.0,1.99,0.15,0.005,1.08
510300,2019-03-25,3.215,3.181,3.243,3.174,4359509,1639701920.0,2.11,-2.9,-0.095,1.55
510300,2019-03-26,3.195,3.142,3.205,3.125,3201400,1190190240.0,2.51,-1.23,-0.039,1.14
510300,2019-03-27,3.156,3.174,3.185,3.148,3507393,1304048304.0,1.18,1.02,0.032,1.25
510300,2019-03-28,3.161,3.164,3.191,3.145,2568844,955866288.0,1.45,-0.32,-0.01,0.92
510300,2019-03-29,3.172,3.316,3.325,3.172,6344016,2426004336.0,4.84,4.8,0.152,2.26
510300,2019-04-01,3.341,3.416,3.42,3.341,6910357,2731589888.0,2.38,3.02,0.1,2.46
510300,2019-04-02,3.418,3.409,3.435,3.393,3839400,1522890288.0,1.23,-0.2,-0.007,1.37
510300,2019-04-03,3.387,3.462,3.476,3.382,5420180,2161151184.0,2.76,1.55,0.053,1.93
510300,2019-04-04,3.474,3.509,3.519,3.454,5213701,2110326816.0,1.88,1.36,0.047,1.86
510300,2019-04-08,3.545,3.483,3.575,3.448,7639483,3102817040.0,3.62,-0.74,-0.026,2.72
510300,2019-04-09,3.489,3.507,3.523,3.468,3712238,1502839360.0,1.58,0.69,0.024,1.32
510300,2019-04-10,3.489,3.513,3.553,3.463,3859946,1562381808.0,2.57,0.17,0.006,1.38
510300,2019-04-11,3.513,3.443,3.531,3.42,5021041,2018585328.0,3.16,-1.99,-0.07,1.79
510300,2019-04-12,3.43,3.429,3.445,3.4,2823989,1122866512.0,1.31,-0.41,-0.014,1.01
510300,2019-04-15,3.491,3.404,3.521,3.403,7225803,2903101552.0,3.44,-0.73,-0.025,2.58
510300,2019-04-16,3.385,3.524,3.526,3.381,6690852,2686061424.0,4.26,3.53,0.12,2.39
510300,2019-04-17,3.523,3.514,3.544,3.489,4181515,1701577296.0,1.56,-0.28,-0.01,1.49
510300,2019-04-18,3.514,3.507,3.528,3.493,3569518,1451119728.0,1.0,-0.2,-0.007,1.27
510300,2019-04-19,3.51,3.567,3.567,3.476,4578386,1866441120.0,2.59,1.71,0.06,1.63
510300,2019-04-22,3.567,3.464,3.567,3.447,5775087,2339510352.0,3.36,-2.89,-0.103,2.06
510300,2019-04-23,3.452,3.457,3.498,3.441,3532001,1418835088.0,1.65,-0.2,-0.007,1.26
510300,2019-04-24,3.466,3.463,3.479,3.4,4631227,1854784688.0,2.29,0.17,0.006,1.65
510300,2019-04-25,3.447,3.38,3.457,3.378,3785556,1504043072.0,2.28,-2.4,-0.083,1.35
510300,2019-04-26,3.366,3.326,3.385,3.318,6288098,2457759248.0,1.98,-1.6,-0.054,2.24
510300,2019-04-29,3.335,3.341,3.392,3.318,5593756,2184244016.0,2.22,0.45,0.015,1.99
510300,2019-04-30,3.335,3.343,3.358,3.325,3992608,1554463808.0,0.99,0.06,0.002,1.42
510300,2019-05-06,3.225,3.12,3.237,3.087,12145228,4499823872.0,4.49,-6.67,-0.223,4.33
510300,2019-05-07,3.135,3.154,3.178,3.114,4835997,1790820384.0,2.05,1.09,0.034,1.72
510300,2019-05-08,3.104,3.106,3.164,3.09,4753728,1745381568.0,2.35,-1.52,-0.048,1.69
510300,2019-05-09,3.082,3.054,3.099,3.016,5540530,2001315072.0,2.67,-1.67,-0.052,1.98
510300,2019-05-10,3.082,3.167,3.175,3.02,6719965,2468212416.0,5.08,3.7,0.113,2.4
510300,2019-05-13,3.132,3.099,3.135,3.089,4257770,1560795952.0,1.45,-2.15,-0.068,1.52
510300,2019-05-14,3.077,3.081,3.124,3.07,2900686,1060006496.0,1.74,-0.58,-0.018,1.03
510300,2019-05-15,3.109,3.159,3.187,3.109,3575138,1320562720.0,2.53,2.53,0.078,1.27
510300,2019-05-16,3.154,3.177,3.182,3.138,2474374,919412288.0,1.39,0.57,0.018,0.88
510300,2019-05-17,3.177,3.093,3.181,3.077,3153908,1158993568.0,3.27,-2.64,-0.084,1.12
510300,2019-05-20,3.081,3.053,3.091,3.023,3882248,1400010000.0,2.2,-1.29,-0.04,1.38
510300,2019-05-21,3.052,3.098,3.132,3.051,3503829,1278867488.0,2.65,1.47,0.045,1.25
510300,2019-05-22,3.101,3.089,3.11,3.067,2835080,1032358160.0,1.39,-0.29,-0.009,1.01
510300,2019-05-23,3.072,3.031,3.079,3.025,3106083,1116377296.0,1.75,-1.88,-0.058,1.11
510300,2019-05-24,3.033,3.037,3.07,3.02,2994092,1076879360.0,1.65,0.2,0.006,1.07
510300,2019-05-27,3.038,3.08,3.096,3.001,4351011,1566298432.0,3.13,1.42,0.043,1.55
510300,2019-05-28,3.075,3.097,3.125,3.072,3850673,1405784016.0,1.72,0.55,0.017,1.37
510300,2019-05-29,3.087,3.099,3.137,3.079,2928526,1070983408.0,1.87,0.06,0.002,1.04
510300,2019-05-30,3.093,3.097,3.101,3.054,3054264,1107801232.0,1.52,-0.06,-0.002,1.09
510300,2019-05-31,3.089,3.079,3.122,3.076,2760301,1007992256.0,1.49,-0.58,-0.018,0.98
510300,2019-06-03,3.092,3.087,3.129,3.06,3308131,1205594368.0,2.24,0.26,0.008,1.18
510300,2019-06-04,3.084,3.054,3.092,3.039,3263229,1177428528.0,1.72,-1.07,-0.033,1.16
510300,2019-06-05,3.079,3.046,3.087,3.043,3285644,1189233600.0,1.44,-0.26,-0.008,1.17
510300,2019-06-06,3.046,3.015,3.055,3.014,3660674,1312429008.0,1.35,-1.02,-0.031,1.31
510300,2019-06-10,3.027,3.061,3.082,3.024,3354976,1210624400.0,1.92,1.53,0.046,1.2
510300,2019-06-11,3.067,3.174,3.183,3.067,4667963,1721944272.0,3.79,3.69,0.113,1.66
510300,2019-06-12,3.169,3.146,3.169,3.138,2597249,961944224.0,0.98,-0.88,-0.028,0.93
510300,2019-06-13,3.142,3.139,3.158,3.107,3012292,1109255184.0,1.62,-0.22,-0.007,1.07
510300,2019-06-14,3.141,3.117,3.164,3.105,3445140,1270771664.0,1.88,-0.7,-0.022,1.23
510300,2019-06-17,3.111,3.12,3.146,3.107,2352061,865085584.0,1.25,0.1,0.003,0.84
510300,2019-06-18,3.125,3.128,3.139,3.094,2653706,975436688.0,1.44,0.26,0.008,0.95
510300,2019-06-19,3.219,3.182,3.254,3.179,6289015,2366152480.0,2.4,1.73,0.054,2.24
510300,2019-06-20,3.181,3.29,3.322,3.179,6609284,2522649392.0,4.49,3.39,0.108,2.36
510300,2019-06-21,3.302,3.297,3.327,3.28,4219552,1626602096.0,1.43,0.21,0.007,1.5
510300,2019-06-24,3.302,3.303,3.316,3.279,3074540,1184601120.0,1.12,0.18,0.006,1.1
510300,2019-06-25,3.302,3.264,3.302,3.217,5057034,1926078224.0,2.57,-1.18,-0.039,1.8
510300,2019-06-26,3.242,3.265,3.277,3.237,2402084,915875696.0,1.23,0.03,0.001,0.86
510300,2019-06-27,3.267,3.307,3.327,3.267,4730768,1825070976.0,1.84,1.29,0.042,1.69
510300,2019-06-28,3.307,3.306,3.307,3.276,3862690,1485096144.0,0.94,-0.03,-0.001,1.38
510300,2019-07-01,3.369,3.401,3.412,3.357,5102660,2012117168.0,1.66,2.87,0.095,1.82
510300,2019-07-02,3.401,3.407,3.413,3.384,3338436,1319955760.0,0.85,0.18,0.006,1.19
510300,2019-07-03,3.398,3.374,3.398,3.359,2518385,989488528.0,1.14,-0.97,-0.033,0.9
510300,2019-07-04,3.367,3.348,3.386,3.324,3860217,1509568960.0,1.84,-0.77,-0.026,1.38
510300,2019-07-05,3.347,3.368,3.376,3.335,2362039,924064384.0,1.22,0.6,0.02,0.84
510300,2019-07-08,3.35,3.278,3.35,3.247,4225313,1625813680.0,3.06,-2.67,-0.09,1.51
510300,2019-07-09,3.283,3.269,3.291,3.253,2183461,835183232.0,1.16,-0.27,-0.009,0.78
510300,2019-07-10,3.282,3.27,3.295,3.257,1744793,667520304.0,1.16,0.03,0.001,0.62
510300,2019-07-11,3.285,3.271,3.319,3.257,2345244,900919952.0,1.9,0.03,0.001,0.84
510300,2019-07-12,3.268,3.302,3.317,3.266,2460108,947469648.0,1.56,0.95,0.031,0.88
510300,2019-07-15,3.288,3.316,3.348,3.237,4484611,1725285120.0,3.36,0.42,0.014,1.6
510300,2019-07-16,3.31,3.3,3.323,3.292,1828874,705319200.0,0.93,-0.48,-0.016,0.65
510300,2019-07-17,3.289,3.294,3.313,3.275,2199668,847318544.0,1.15,-0.18,-0.006,0.78
510300,2019-07-18,3.281,3.269,3.286,3.267,2305494,882753328.0,0.58,-0.76,-0.025,0.82
510300,2019-07-19,3.279,3.309,3.33,3.279,3199381,1235677328.0,1.56,1.22,0.04,1.14
510300,2019-07-22,3.309,3.279,3.319,3.257,3088632,1186817424.0,1.87,-0.91,-0.03,1.1
510300,2019-07-23,3.283,3.288,3.292,3.269,1670290,640637072.0,0.7,0.27,0.009,0.6
510300,2019-07-24,3.301,3.319,3.347,3.299,2974454,1154191776.0,1.46,0.94,0.031,1.06
510300,2019-07-25,3.318,3.354,3.355,3.313,2336296,908142112.0,1.27,1.05,0.035,0.83
510300,2019-07-26,3.337,3.359,3.368,3.334,2857909,1115742688.0,1.01,0.15,0.005,1.02
510300,2019-07-29,3.357,3.353,3.361,3.339,2471022,964260320.0,0.65,-0.18,-0.006,0.88
510300,2019-07-30,3.357,3.371,3.396,3.356,2396549,941746112.0,1.19,0.54,0.018,0.85
510300,2019-07-31,3.358,3.343,3.361,3.334,2164229,843556608.0,0.8,-0.83,-0.028,0.77
510300,2019-08-01,3.326,3.307,3.335,3.292,3124657,1206953808.0,1.29,-1.08,-0.036,1.11
510300,2019-08-02,3.237,3.248,3.257,3.22,4906139,1859709600.0,1.12,-1.78,-0.059,1.75
510300,2019-08-05,3.232,3.182,3.238,3.177,3542147,1331928160.0,1.88,-2.03,-0.066,1.26
510300,2019-08-06,3.123,3.143,3.151,3.084,5837027,2140168128.0,2.11,-1.23,-0.039,2.08
510300,2019-08-07,3.152,3.119,3.158,3.115,2785812,1029304080.0,1.37,-0.76,-0.024,0.99
510300,2019-08-08,3.143,3.173,3.177,3.143,2809849,1042883472.0,1.09,1.73,0.054,1.0
510300,2019-08-09,3.186,3.144,3.192,3.136,2109639,783418416.0,1.76,-0.91,-0.029,0.75
510300,2019-08-12,3.155,3.203,3.205,3.148,1801156,670864656.0,1.81,1.88,0.059,0.64
510300,2019-08-13,3.174,3.171,3.187,3.159,1553490,578461088.0,0.87,-1.0,-0.032,0.55
510300,2019-08-14,3.216,3.185,3.221,3.184,1937006,727773776.0,1.17,0.44,0.014,0.69
510300,2019-08-15,3.127,3.2,3.206,3.123,2443062,907979344.0,2.61,0.47,0.015,0.87
510300,2019-08-16,3.198,3.216,3.242,3.188,2574125,971656240.0,1.69,0.5,0.016,0.92
510300,2019-08-19,3.245,3.306,3.307,3.227,3279432,1254127712.0,2.49,2.8,0.09,1.17
510300,2019-08-20,3.298,3.29,3.312,3.288,2069121,796970864.0,0.73,-0.48,-0.016,0.74
510300,2019-08-21,3.288,3.289,3.299,3.283,2422452,931096032.0,0.49,-0.03,-0.001,0.86
510300,2019-08-22,3.299,3.297,3.302,3.277,2647785,1017422992.0,0.76,0.24,0.008,0.94
510300,2019-08-23,3.3,3.324,3.339,3.29,2856821,1106705440.0,1.49,0.82,0.027,1.02
510300,2019-08-26,3.27,3.281,3.293,3.263,2674902,1024561344.0,0.9,-1.29,-0.043,0.95
510300,2019-08-27,3.296,3.321,3.361,3.294,3661760,1423007680.0,2.04,1.22,0.04,1.31
510300,2019-08-28,3.32,3.309,3.33,3.3,1739580,672483872.0,0.9,-0.36,-0.012,0.62
510300,2019-08-29,3.314,3.298,3.316,3.275,2339283,899467504.0,1.24,-0.33,-0.011,0.83
510300,2019-08-30,3.323,3.308,3.344,3.283,2762818,1068497904.0,1.85,0.3,0.01,0.99
510300,2019-09-02,3.306,3.351,3.37,3.305,3019442,1177245792.0,1.96,1.3,0.043,1.08
510300,2019-09-03,3.357,3.355,3.361,3.34,2313453,903328000.0,0.63,0.12,0.004,0.82
510300,2019-09-04,3.356,3.404,3.406,3.355,2937605,1154462912.0,1.52,1.46,0.049,1.05
510300,2019-09-05,3.418,3.441,3.495,3.418,5274017,2116380672.0,2.26,1.09,0.037,1.88
510300,2019-09-06,3.454,3.468,3.47,3.439,2640294,1057696400.0,0.9,0.78,0.027,0.94
510300,2019-09-09,3.495,3.484,3.504,3.464,2828454,1140490064.0,1.15,0.46,0.016,1.01
510300,2019-09-10,3.481,3.473,3.487,3.452,1686929,678146848.0,1.0,-0.32,-0.011,0.6
510300,2019-09-11,3.485,3.444,3.487,3.441,3041955,1218851136.0,1.32,-0.84,-0.029,1.08
510300,2019-09-12,3.457,3.485,3.495,3.451,2172055,873683984.0,1.28,1.19,0.041,0.77
510300,2019-09-16,3.493,3.471,3.494,3.451,1818498,731512752.0,1.23,-0.4,-0.014,0.65
510300,2019-09-17,3.465,3.398,3.466,3.386,3810790,1515230656.0,2.3,-2.1,-0.073,1.36
510300,2019-09-18,3.413,3.415,3.432,3.406,2010311,798496640.0,0.77,0.5,0.017,0.72
510300,2019-09-19,3.431,3.434,3.435,3.403,2421778,962786624.0,0.94,0.56,0.019,0.86
510300,2019-09-20,3.441,3.44,3.451,3.432,2325043,928123392.0,0.55,0.17,0.006,0.83
510300,2019-09-23,3.429,3.405,3.43,3.383,2898921,1144938512.0,1.37,-1.02,-0.035,1.03
510300,2019-09-24,3.407,3.408,3.444,3.401,2114820,840079472.0,1.26,0.09,0.003,0.75
510300,2019-09-25,3.401,3.381,3.405,3.379,2349764,927174176.0,0.76,-0.79,-0.027,0.84
510300,2019-09-26,3.396,3.354,3.405,3.351,3170949,1245839968.0,1.6,-0.8,-0.027,1.13
510300,2019-09-27,3.36,3.363,3.37,3.347,2677341,1047443008.0,0.69,0.27,0.009,0.95
510300,2019-09-30,3.357,3.316,3.366,3.311,2632884,1025545904.0,1.64,-1.4,-0.047,0.94
510300,2019-10-08,3.321,3.341,3.368,3.321,3234239,1261877856.0,1.42,0.75,0.025,1.15
510300,2019-10-09,3.332,3.352,3.354,3.31,2507897,975532608.0,1.32,0.33,0.011,0.89
510300,2019-10-10,3.35,3.38,3.387,3.336,2363352,925785536.0,1.52,0.84,0.028,0.84
510300,2019-10-11,3.388,3.428,3.44,3.374,3060201,1211436368.0,1.95,1.42,0.048,1.09
510300,2019-10-14,3.449,3.457,3.497,3.445,3956546,1591550464.0,1.52,0.85,0.029,1.41
510300,2019-10-15,3.456,3.444,3.461,3.442,2950005,1180542816.0,0.55,-0.38,-0.013,1.05
510300,2019-10-16,3.449,3.43,3.478,3.427,3143663,1257411216.0,1.48,-0.41,-0.014,1.12
510300,2019-10-17,3.434,3.436,3.449,3.424,1936428,772383216.0,0.73,0.17,0.006,0.69
510300,2019-10-18,3.438,3.378,3.453,3.368,3081431,1219432832.0,2.47,-1.69,-0.058,1.1
510300,2019-10-21,3.369,3.387,3.39,3.364,1849393,727143488.0,0.77,0.27,0.009,0.66
510300,2019-10-22,3.395,3.402,3.411,3.377,1641342,647323696.0,1.0,0.44,0.015,0.59
510300,2019-10-23,3.403,3.381,3.408,3.369,1478262,582892944.0,1.15,-0.62,-0.021,0.53
510300,2019-10-24,3.382,3.386,3.401,3.36,2021671,795479680.0,1.21,0.15,0.005,0.72
510300,2019-10-25,3.38,3.41,3.415,3.356,2502908,985865184.0,1.74,0.71,0.024,0.89
510300,2019-10-28,3.417,3.433,3.439,3.409,2674343,1063994688.0,0.88,0.67,0.023,0.95
510300,2019-10-29,3.436,3.42,3.436,3.416,2095536,833722144.0,0.58,-0.38,-0.013,0.75
510300,2019-10-30,3.413,3.394,3.417,3.386,2628461,1038323008.0,0.91,-0.76,-0.026,0.94
510300,2019-10-31,3.403,3.392,3.412,3.383,1927828,762011568.0,0.85,-0.06,-0.002,0.69
510300,2019-11-01,3.387,3.473,3.474,3.381,3206514,1281238320.0,2.74,2.39,0.081,1.14
510300,2019-11-04,3.472,3.486,3.494,3.47,2359683,952642400.0,0.69,0.37,0.013,0.84
510300,2019-11-05,3.486,3.509,3.548,3.479,3529357,1435062384.0,1.98,0.66,0.023,1.26
510300,2019-11-06,3.507,3.492,3.513,3.48,2059389,835011376.0,0.94,-0.48,-0.017,0.73
510300,2019-11-07,3.492,3.497,3.521,3.48,2377225,963751232.0,1.17,0.14,0.005,0.85
510300,2019-11-08,3.527,3.481,3.531,3.477,2972163,1205845632.0,1.54,-0.46,-0.016,1.06
510300,2019-11-11,3.46,3.414,3.46,3.407,3470689,1383687072.0,1.52,-1.92,-0.067,1.24
510300,2019-11-12,3.409,3.409,3.426,3.385,3300547,1306746064.0,1.2,-0.15,-0.005,1.18
510300,2019-11-13,3.404,3.406,3.412,3.389,2020165,798607024.0,0.67,-0.09,-0.003,0.72
510300,2019-11-14,3.406,3.409,3.423,3.399,2385877,945812672.0,0.7,0.09,0.003,0.85
510300,2019-11-15,3.41,3.39,3.426,3.387,1877915,742722416.0,1.14,-0.56,-0.019,0.67
510300,2019-11-18,3.388,3.418,3.425,3.379,2408753,953614224.0,1.36,0.83,0.028,0.86
510300,2019-11-19,3.416,3.458,3.46,3.41,2378890,950390304.0,1.46,1.17,0.04,0.85
510300,2019-11-20,3.457,3.417,3.457,3.406,2166103,863321152.0,1.47,-1.19,-0.041,0.77
510300,2019-11-21,3.407,3.397,3.414,3.384,2448407,967498736.0,0.88,-0.59,-0.02,0.87
510300,2019-11-22,3.406,3.355,3.433,3.341,3547072,1395855008.0,2.71,-1.24,-0.042,1.26
510300,2019-11-25,3.362,3.383,3.384,3.35,2524576,990424080.0,1.01,0.83,0.028,0.9
510300,2019-11-26,3.394,3.389,3.403,3.371,2858215,1126251536.0,0.95,0.18,0.006,1.02
510300,2019-11-27,3.387,3.383,3.401,3.368,2112392,831877056.0,0.97,-0.18,-0.006,0.75
510300,2019-11-28,3.383,3.377,3.399,3.364,1694810,666322576.0,1.03,-0.18,-0.006,0.6
510300,2019-11-29,3.369,3.334,3.375,3.315,3029171,1180162224.0,1.78,-1.27,-0.043,1.08
510300,2019-12-02,3.338,3.342,3.358,3.334,1743557,680076864.0,0.72,0.24,0.008,0.62
510300,2019-12-03,3.333,3.358,3.36,3.317,1985519,772475072.0,1.29,0.48,0.016,0.71
510300,2019-12-04,3.347,3.36,3.361,3.335,1589396,620313856.0,0.77,0.06,0.002,0.57
510300,2019-12-05,3.368,3.389,3.396,3.367,2192064,862802160.0,0.86,0.86,0.029,0.78
510300,2019-12-06,3.391,3.413,3.414,3.386,2130770,841690000.0,0.83,0.71,0.024,0.76
510300,2019-12-09,3.413,3.4,3.422,3.389,2322208,918540384.0,0.97,-0.38,-0.013,0.83
510300,2019-12-10,3.393,3.403,3.408,3.388,1869955,738991632.0,0.59,0.09,0.003,0.67
510300,2019-12-11,3.411,3.409,3.413,3.392,1704989,663923744.0,0.62,0.18,0.006,0.61
510300,2019-12-12,3.41,3.398,3.413,3.394,1371519,533964096.0,0.56,-0.32,-0.011,0.49
510300,2019-12-13,3.433,3.477,3.484,3.432,4360829,1721558480.0,1.53,2.32,0.079,1.55
510300,2019-12-16,3.476,3.489,3.497,3.46,3028483,1201480496.0,1.06,0.35,0.012,1.08
510300,2019-12-17,3.487,3.551,3.577,3.483,5256305,2117785568.0,2.69,1.78,0.062,1.87
510300,2019-12-18,3.552,3.536,3.566,3.531,3631177,1467298736.0,0.99,-0.42,-0.015,1.29
510300,2019-12-19,3.539,3.529,3.542,3.521,2641920,1062562560.0,0.59,-0.2,-0.007,0.94
510300,2019-12-20,3.528,3.525,3.555,3.523,3287798,1323871264.0,0.91,-0.11,-0.004,1.17
510300,2019-12-23,3.524,3.473,3.541,3.471,4471448,1788105552.0,1.99,-1.48,-0.052,1.59
510300,2019-12-24,3.474,3.494,3.502,3.473,3127921,1244533040.0,0.84,0.6,0.021,1.12
510300,2019-12-25,3.494,3.501,3.506,3.482,3105784,1237399744.0,0.69,0.2,0.007,1.11
510300,2019-12-26,3.498,3.53,3.535,3.496,3322559,1331523232.0,1.11,0.83,0.029,1.18
510300,2019-12-27,3.534,3.526,3.577,3.525,4368130,1766178608.0,1.47,-0.11,-0.004,1.56
510300,2019-12-30,3.515,3.584,3.597,3.509,5423815,2198624416.0,2.5,1.64,0.058,1.93
510300,2019-12-31,3.578,3.605,3.608,3.571,3521859,1437559664.0,1.03,0.59,0.021,1.26
510300,2020-01-02,3.629,3.658,3.683,3.627,6276236,2603983232.0,1.55,1.47,0.053,2.24
510300,2020-01-03,3.665,3.648,3.671,3.642,4696738,1948030080.0,0.79,-0.27,-0.01,1.67
510300,2020-01-06,3.635,3.632,3.68,3.603,6665048,2760524448.0,2.11,-0.44,-0.016,2.38
510300,2020-01-07,3.643,3.664,3.669,3.637,4649595,1927362288.0,0.88,0.88,0.032,1.66
510300,2020-01-08,3.644,3.623,3.658,3.606,5628521,2321782208.0,1.42,-1.12,-0.041,2.01
510300,2020-01-09,3.647,3.667,3.674,3.643,3944317,1636905840.0,0.86,1.21,0.044,1.41
510300,2020-01-10,3.674,3.666,3.685,3.653,3795550,1576677936.0,0.87,-0.03,-0.001,1.35
510300,2020-01-13,3.665,3.711,3.714,3.65,3736392,1558366384.0,1.75,1.23,0.045,1.33
510300,2020-01-14,3.711,3.693,3.731,3.689,4099628,1723090048.0,1.13,-0.49,-0.018,1.46
510300,2020-01-15,3.693,3.661,3.699,3.654,3196074,1330016016.0,1.22,-0.87,-0.032,1.14
510300,2020-01-16,3.668,3.655,3.672,3.644,4162978,1726422320.0,0.76,-0.16,-0.006,1.48
510300,2020-01-17,3.661,3.66,3.684,3.646,3216274,1335598768.0,1.04,0.14,0.005,1.15
510300,2020-01-20,3.665,3.69,3.692,3.651,3534883,1472153088.0,1.12,0.82,0.03,1.26
510300,2020-01-21,3.672,3.614,3.672,3.609,6182946,2548564528.0,1.71,-2.06,-0.076,2.2
510300,2020-01-22,3.598,3.628,3.642,3.543,9073933,3709564736.0,2.74,0.39,0.014,3.24
510300,2020-01-23,3.59,3.505,3.599,3.465,7535834,3042046032.0,3.69,-3.39,-0.123,2.69
510300,2020-02-03,3.239,3.168,3.245,3.145,14710758,5431562752.0,2.85,-9.61,-0.337,5.25
510300,2020-02-04,3.159,3.279,3.285,3.158,7358437,2749866016.0,4.01,3.5,0.111,2.62
510300,2020-02-05,3.293,3.316,3.364,3.277,5532875,2109910832.0,2.65,1.13,0.037,1.97
510300,2020-02-06,3.332,3.406,3.422,3.306,5279652,2038967056.0,3.5,2.71,0.09,1.88
510300,2020-02-07,3.379,3.397,3.401,3.353,3469891,1340754096.0,1.41,-0.26,-0.009,1.24
510300,2020-02-10,3.377,3.41,3.419,3.36,3985192,1549146624.0,1.74,0.38,0.013,1.42
510300,2020-02-11,3.418,3.452,3.469,3.416,4222588,1663318176.0,1.55,1.23,0.042,1.51
510300,2020-02-12,3.448,3.48,3.486,3.439,2907835,1150842640.0,1.36,0.81,0.028,1.04
510300,2020-02-13,3.479,3.459,3.494,3.447,3259610,1290560944.0,1.35,-0.6,-0.021,1.16
510300,2020-02-14,3.454,3.486,3.504,3.452,3139793,1247221632.0,1.5,0.78,0.027,1.12
510300,2020-02-17,3.495,3.573,3.579,3.495,5811401,2345003456.0,2.41,2.5,0.087,2.07
510300,2020-02-18,3.566,3.548,3.571,3.521,7099510,2867046800.0,1.4,-0.7,-0.025,2.53
510300,2020-02-19,3.545,3.549,3.578,3.538,4403772,1783390976.0,1.13,0.03,0.001,1.57
510300,2020-02-20,3.564,3.64,3.653,3.548,6052411,2472181760.0,2.96,2.56,0.091,2.16
510300,2020-02-21,3.632,3.654,3.687,3.626,4444702,1839049776.0,1.68,0.38,0.014,1.58
510300,2020-02-24,3.632,3.621,3.645,3.591,3727273,1532512768.0,1.48,-0.9,-0.033,1.33
510300,2020-02-25,3.56,3.613,3.625,3.521,6038308,2459159328.0,2.87,-0.22,-0.008,2.15
510300,2020-02-26,3.573,3.579,3.627,3.557,6417934,2617010928.0,1.94,-0.94,-0.034,2.29
510300,2020-02-27,3.592,3.58,3.606,3.57,4753305,1938047424.0,1.01,0.03,0.001,1.69
510300,2020-02-28,3.519,3.442,3.528,3.433,5600710,2224760720.0,2.65,-3.85,-0.138,2.0
510300,2020-03-02,3.457,3.585,3.599,3.457,4266837,1721101328.0,4.13,4.15,0.143,1.52
510300,2020-03-03,3.626,3.582,3.648,3.564,4087761,1677225024.0,2.34,-0.08,-0.003,1.46
510300,2020-03-04,3.574,3.611,3.613,3.557,2954533,1204615728.0,1.56,0.81,0.029,1.05
510300,2020-03-05,3.66,3.709,3.717,3.62,5478313,2282136992.0,2.69,2.71,0.098,1.95
510300,2020-03-06,3.676,3.63,3.678,3.626,2499877,1035853456.0,1.4,-2.13,-0.079,0.89
510300,2020-03-09,3.577,3.499,3.577,3.49,4236424,1701717888.0,2.4,-3.61,-0.131,1.51
510300,2020-03-10,3.501,3.587,3.597,3.452,8596482,3457073168.0,4.14,2.52,0.088,3.07
510300,2020-03-11,3.587,3.52,3.587,3.518,7032694,2845979728.0,1.92,-1.87,-0.067,2.51
510300,2020-03-12,3.482,3.457,3.484,3.428,3881192,1531041360.0,1.59,-1.79,-0.063,1.38
510300,2020-03-13,3.342,3.398,3.439,3.259,7178929,2753021872.0,5.21,-1.71,-0.059,2.56
510300,2020-03-16,3.394,3.235,3.394,3.225,5710801,2168080976.0,4.97,-4.8,-0.163,2.04
510300,2020-03-17,3.268,3.202,3.297,3.124,9852559,3645999360.0,5.35,-1.02,-0.033,3.51
510300,2020-03-18,3.215,3.14,3.272,3.135,7833048,2903199184.0,4.28,-1.94,-0.062,2.79
510300,2020-03-19,3.143,3.105,3.156,3.001,12481638,4456146432.0,4.94,-1.11,-0.035,4.45
510300,2020-03-20,3.121,3.153,3.166,3.091,6786895,2456318768.0,2.42,1.55,0.048,2.42
510300,2020-03-23,3.049,3.035,3.091,3.022,8072781,2858519648.0,2.19,-3.74,-0.118,2.88
510300,2020-03-24,3.098,3.12,3.132,3.045,8328985,2993488752.0,2.87,2.8,0.085,2.97
510300,2020-03-25,3.202,3.215,3.23,3.179,10100836,3732548144.0,1.63,3.04,0.095,3.6
510300,2020-03-26,3.192,3.192,3.231,3.179,3556542,1314493552.0,1.62,-0.72,-0.023,1.27
510300,2020-03-27,3.238,3.209,3.263,3.207,4915443,1829774384.0,1.75,0.53,0.017,1.75
510300,2020-03-30,3.168,3.175,3.194,3.139,4971344,1817215408.0,1.71,-1.06,-0.034,1.77
510300,2020-03-31,3.212,3.178,3.215,3.169,3740030,1377646912.0,1.45,0.09,0.003,1.33
510300,2020-04-01,3.173,3.182,3.232,3.163,3554389,1309936608.0,2.17,0.13,0.004,1.27
510300,2020-04-02,3.167,3.232,3.237,3.15,4630489,1702317216.0,2.73,1.57,0.05,1.65
510300,2020-04-03,3.219,3.206,3.233,3.192,3247170,1202415072.0,1.27,-0.8,-0.026,1.16
510300,2020-04-07,3.269,3.289,3.302,3.267,5467405,2064202704.0,1.09,2.59,0.083,1.95
510300,2020-04-08,3.275,3.274,3.288,3.261,2219175,835369072.0,0.82,-0.46,-0.015,0.79
510300,2020-04-09,3.29,3.285,3.297,3.279,3285436,1241868016.0,0.55,0.34,0.011,1.17
510300,2020-04-10,3.285,3.273,3.321,3.255,4642472,1752635040.0,2.01,-0.37,-0.012,1.66
510300,2020-04-13,3.259,3.252,3.267,3.241,2466969,923357824.0,0.79,-0.64,-0.021,0.88
510300,2020-04-14,3.269,3.314,3.317,3.264,3761248,1423412720.0,1.63,1.91,0.062,1.34
510300,2020-04-15,3.314,3.292,3.323,3.29,2392008,907994640.0,1.0,-0.66,-0.022,0.85
510300,2020-04-16,3.279,3.294,3.306,3.275,2273172,859202032.0,0.94,0.06,0.002,0.81
510300,2020-04-17,3.323,3.328,3.354,3.319,5704809,2183824464.0,1.06,1.03,0.034,2.03
510300,2020-04-20,3.335,3.344,3.345,3.322,3822960,1463235136.0,0.69,0.48,0.016,1.36
510300,2020-04-21,3.329,3.304,3.334,3.279,2927572,1110170608.0,1.64,-1.2,-0.04,1.04
510300,2020-04-22,3.288,3.338,3.339,3.281,3456710,1313936912.0,1.76,1.03,0.034,1.23
510300,2020-04-23,3.341,3.331,3.351,3.321,2015207,771450448.0,0.9,-0.21,-0.007,0.72
510300,2020-04-24,3.316,3.299,3.321,3.287,3058295,1159836784.0,1.02,-0.96,-0.032,1.09
510300,2020-04-27,3.301,3.316,3.342,3.296,3094609,1180911440.0,1.39,0.52,0.017,1.1
510300,2020-04-28,3.329,3.34,3.353,3.265,4228656,1614577808.0,2.65,0.72,0.024,1.51
510300,2020-04-29,3.335,3.36,3.374,3.332,2778349,1069637520.0,1.26,0.6,0.02,0.99
510300,2020-04-30,3.374,3.417,3.425,3.372,5279980,2059990944.0,1.58,1.7,0.057,1.88
510300,2020-05-06,3.374,3.427,3.435,3.369,3834535,1490004480.0,1.93,0.29,0.01,1.37
510300,2020-05-07,3.427,3.42,3.434,3.408,2746388,1073971200.0,0.76,-0.2,-0.007,0.98
510300,2020-05-08,3.438,3.462,3.481,3.436,3706743,1464209056.0,1.32,1.23,0.042,1.32
510300,2020-05-11,3.468,3.455,3.501,3.444,4123096,1634097104.0,1.65,-0.2,-0.007,1.47
510300,2020-05-12,3.456,3.454,3.469,3.426,5866052,2310845680.0,1.24,-0.03,-0.001,2.09
510300,2020-05-13,3.442,3.463,3.469,3.429,2783969,1096626960.0,1.16,0.26,0.009,0.99
510300,2020-05-14,3.449,3.43,3.449,3.426,3001796,1178568304.0,0.66,-0.95,-0.033,1.07
510300,2020-05-15,3.437,3.411,3.449,3.41,5435704,2129155232.0,1.14,-0.55,-0.019,1.94
510300,2020-05-18,3.41,3.423,3.447,3.401,3020530,1184460544.0,1.35,0.35,0.012,1.08
510300,2020-05-19,3.459,3.452,3.466,3.441,2781211,1096942160.0,0.73,0.85,0.029,0.99
510300,2020-05-20,3.449,3.436,3.453,3.429,1975618,777073056.0,0.7,-0.46,-0.016,0.7
510300,2020-05-21,3.442,3.41,3.449,3.408,2365234,926829392.0,1.19,-0.76,-0.026,0.84
510300,2020-05-22,3.407,3.324,3.407,3.322,5328616,2048425728.0,2.49,-2.52,-0.086,1.9
510300,2020-05-25,3.321,3.326,3.338,3.306,2505597,955690448.0,0.96,0.06,0.002,0.89
510300,2020-05-26,3.343,3.372,3.375,3.343,4751108,1829472416.0,0.96,1.38,0.046,1.69
510300,2020-05-27,3.372,3.354,3.373,3.342,2311996,889357456.0,0.92,-0.53,-0.018,0.82
510300,2020-05-28,3.356,3.359,3.393,3.324,2840731,1093611520.0,2.06,0.15,0.005,1.01
510300,2020-05-29,3.339,3.375,3.378,3.332,2509198,966708848.0,1.37,0.48,0.016,0.89
510300,2020-06-01,3.407,3.477,3.485,3.404,3509289,1385589760.0,2.4,3.02,0.102,1.25
510300,2020-06-02,3.477,3.488,3.498,3.469,1628382,647069168.0,0.83,0.32,0.011,0.58
510300,2020-06-03,3.507,3.487,3.529,3.485,3657525,1461404416.0,1.26,-0.03,-0.001,1.3
510300,2020-06-04,3.5,3.489,3.504,3.474,2813844,1119665728.0,0.86,0.06,0.002,1.0
510300,2020-06-05,3.488,3.512,3.513,3.474,2013596,801832960.0,1.12,0.66,0.023,0.72
510300,2020-06-08,3.529,3.531,3.556,3.521,2856037,1149881968.0,1.0,0.54,0.019,1.02
510300,2020-06-09,3.533,3.558,3.559,3.522,2944925,1189397520.0,1.05,0.76,0.027,1.05
510300,2020-06-10,3.554,3.549,3.555,3.536,3183572,1285096272.0,0.53,-0.25,-0.009,1.14
510300,2020-06-11,3.542,3.512,3.559,3.493,3051933,1226496432.0,1.86,-1.04,-0.037,1.09
510300,2020-06-12,3.471,3.522,3.532,3.451,3090733,1230613936.0,2.31,0.28,0.01,1.1
510300,2020-06-15,3.491,3.465,3.518,3.464,2805261,1117257840.0,1.53,-1.62,-0.057,1.0
510300,2020-06-16,3.504,3.527,3.528,3.5,2476953,992947040.0,0.81,1.79,0.062,0.88
510300,2020-06-17,3.529,3.531,3.532,3.505,2790256,1118948768.0,0.77,0.11,0.004,0.99
510300,2020-06-18,3.522,3.562,3.564,3.514,3430027,1385004400.0,1.42,0.88,0.031,1.22
510300,2020-06-19,3.559,3.614,3.634,3.559,3695636,1514130384.0,2.11,1.46,0.052,1.32
510300,2020-06-22,3.614,3.618,3.649,3.606,5212442,2146227184.0,1.19,0.11,0.004,1.86
510300,2020-06-23,3.609,3.637,3.642,3.595,3981678,1638145520.0,1.3,0.53,0.019,1.42
510300,2020-06-24,3.647,3.673,3.676,3.645,4579422,1899221456.0,0.85,0.99,0.036,1.63
510300,2020-06-29,3.659,3.637,3.669,3.615,2126550,876863744.0,1.47,-0.98,-0.036,0.76
510300,2020-06-30,3.657,3.687,3.701,3.655,5424685,2264019136.0,1.26,1.37,0.05,1.93
510300,2020-07-01,3.696,3.781,3.785,3.692,5740641,2425293920.0,2.52,2.55,0.094,2.05
510300,2020-07-02,3.779,3.879,3.884,3.772,5504378,2380221136.0,2.96,2.59,0.098,1.96
510300,2020-07-03,3.895,3.966,3.973,3.878,5867687,2583513168.0,2.45,2.24,0.087,2.09
510300,2020-07-06,4.036,4.293,4.308,4.017,9293175,4319345408.0,7.34,8.25,0.327,3.31
510300,2020-07-07,4.33,4.245,4.359,4.233,10745019,5140703744.0,2.94,-1.12,-0.048,3.83
510300,2020-07-08,4.243,4.307,4.347,4.217,9034869,4300342528.0,3.06,1.46,0.062,3.22
510300,2020-07-09,4.305,4.381,4.393,4.269,6424342,3104867392.0,2.88,1.72,0.074,2.29
510300,2020-07-10,4.347,4.294,4.366,4.272,5644168,2719824192.0,2.15,-1.99,-0.087,2.01
510300,2020-07-13,4.291,4.394,4.436,4.286,8243783,4008141936.0,3.49,2.33,0.1,2.94
510300,2020-07-14,4.386,4.351,4.408,4.274,7376414,3569719104.0,3.05,-0.98,-0.043,2.63
510300,2020-07-15,4.369,4.293,4.404,4.274,6624029,3200591200.0,2.99,-1.33,-0.058,2.36
510300,2020-07-16,4.299,4.065,4.337,4.059,12899181,6024139008.0,6.48,-5.31,-0.228,4.6
510300,2020-07-17,4.079,4.114,4.163,4.05,9042924,4154619232.0,2.78,1.21,0.049,3.22
510300,2020-07-20,4.156,4.236,4.249,4.094,7249762,3384863200.0,3.77,2.97,0.122,2.58
510300,2020-07-21,4.258,4.248,4.273,4.22,4653507,2204859168.0,1.25,0.28,0.012,1.66
510300,2020-07-22,4.241,4.301,4.365,4.237,7054372,3385495856.0,3.01,1.25,0.053,2.52
510300,2020-07-23,4.251,4.275,4.298,4.171,4305771,2037385936.0,2.95,-0.6,-0.026,1.54
510300,2020-07-24,4.235,4.063,4.251,4.036,6482820,3002698176.0,5.03,-4.96,-0.212,2.31
510300,2020-07-27,4.092,4.091,4.125,4.046,3111014,1424772720.0,1.94,0.69,0.028,1.11
510300,2020-07-28,4.124,4.126,4.15,4.096,3742573,1726997392.0,1.32,0.86,0.035,1.33
510300,2020-07-29,4.114,4.258,4.262,4.108,4883854,2295204608.0,3.73,3.2,0.132,1.74
510300,2020-07-30,4.259,4.223,4.266,4.218,2974744,1407409984.0,1.13,-0.82,-0.035,1.06
510300,2020-07-31,4.219,4.259,4.318,4.181,5185247,2461206608.0,3.24,0.85,0.036,1.85
510300,2020-08-03,4.299,4.334,4.338,4.281,4343933,2085189584.0,1.34,1.76,0.075,1.55
510300,2020-08-04,4.358,4.338,4.372,4.313,3114025,1504562144.0,1.36,0.09,0.004,1.11
510300,2020-08-05,4.331,4.34,4.354,4.27,3006974,1444229408.0,1.94,0.05,0.002,1.07
510300,2020-08-06,4.34,4.322,4.361,4.256,2246670,1078135872.0,2.42,-0.41,-0.018,0.8
510300,2020-08-07,4.312,4.274,4.314,4.209,3430551,1633338704.0,2.43,-1.11,-0.048,1.22
510300,2020-08-10,4.242,4.29,4.327,4.204,2404258,1145210288.0,2.88,0.37,0.016,0.86
510300,2020-08-11,4.294,4.243,4.36,4.235,2480529,1192172416.0,2.91,-1.1,-0.047,0.88
510300,2020-08-12,4.234,4.211,4.249,4.131,4240605,1982239072.0,2.78,-0.75,-0.032,1.51
510300,2020-08-13,4.224,4.196,4.233,4.187,1978058,929510048.0,1.09,-0.36,-0.015,0.71
510300,2020-08-14,4.197,4.287,4.289,4.179,4221856,2003224528.0,2.62,2.17,0.091,1.51
510300,2020-08-17,4.307,4.386,4.419,4.292,5634750,2736783504.0,2.96,2.31,0.099,2.01
510300,2020-08-18,4.391,4.379,4.401,4.353,3493118,1701347312.0,1.09,-0.16,-0.007,1.25
510300,2020-08-19,4.376,4.303,4.38,4.3,4058191,1960455856.0,1.83,-1.74,-0.076,1.45
510300,2020-08-20,4.279,4.252,4.29,4.232,3442808,1635643696.0,1.35,-1.19,-0.051,1.23
510300,2020-08-21,4.277,4.293,4.317,4.254,2893291,1383398800.0,1.48,0.96,0.041,1.03
510300,2020-08-24,4.315,4.323,4.341,4.288,4159345,2001903984.0,1.23,0.7,0.03,1.48
510300,2020-08-25,4.336,4.332,4.38,4.313,2161333,1045169792.0,1.55,0.21,0.009,0.77
510300,2020-08-26,4.329,4.273,4.359,4.257,3349817,1602850784.0,2.35,-1.36,-0.059,1.19
510300,2020-08-27,4.279,4.309,4.311,4.25,2074315,990307792.0,1.43,0.84,0.036,0.74
510300,2020-08-28,4.302,4.426,4.434,4.287,5549965,2700358160.0,3.41,2.72,0.117,1.98
510300,2020-08-31,4.454,4.383,4.477,4.379,4886972,2411052928.0,2.21,-0.97,-0.043,1.74
510300,2020-09-01,4.375,4.417,4.419,4.369,2405330,1174549248.0,1.14,0.78,0.034,0.86
510300,2020-09-02,4.428,4.413,4.434,4.363,3859047,1888805904.0,1.61,-0.09,-0.004,1.38
510300,2020-09-03,4.407,4.393,4.449,4.37,2298303,1126381248.0,1.79,-0.45,-0.02,0.82
510300,2020-09-04,4.319,4.338,4.356,4.3,3751025,1805338848.0,1.27,-1.25,-0.055,1.34
510300,2020-09-07,4.329,4.241,4.364,4.219,4457466,2132974128.0,3.34,-2.24,-0.097,1.59
510300,2020-09-08,4.249,4.265,4.279,4.213,4858203,2301096976.0,1.56,0.57,0.024,1.73
510300,2020-09-09,4.209,4.154,4.219,4.124,5154947,2407141152.0,2.23,-2.6,-0.111,1.84
510300,2020-09-10,4.193,4.158,4.215,4.143,4235369,1982854304.0,1.73,0.1,0.004,1.51
510300,2020-09-11,4.139,4.194,4.202,4.136,2799463,1305435216.0,1.59,0.87,0.036,1.0
510300,2020-09-14,4.216,4.221,4.233,4.194,2635947,1240126304.0,0.93,0.64,0.027,0.94
510300,2020-09-15,4.214,4.256,4.264,4.203,2928606,1384217312.0,1.45,0.83,0.035,1.04
510300,2020-09-16,4.254,4.228,4.258,4.211,1889127,893325904.0,1.1,-0.66,-0.028,0.67
510300,2020-09-17,4.212,4.199,4.244,4.176,4081454,1916736896.0,1.61,-0.69,-0.029,1.46
510300,2020-09-18,4.204,4.32,4.322,4.202,8735178,4159028080.0,2.86,2.88,0.121,3.11
510300,2020-09-21,4.324,4.265,4.359,4.259,3816204,1825584800.0,2.31,-1.27,-0.055,1.36
510300,2020-09-22,4.234,4.208,4.285,4.188,5785134,2730884256.0,2.27,-1.34,-0.057,2.06
510300,2020-09-23,4.212,4.222,4.238,4.193,4660062,2194437872.0,1.07,0.33,0.014,1.66
510300,2020-09-24,4.194,4.145,4.205,4.134,3445023,1602695296.0,1.68,-1.82,-0.077,1.23
510300,2020-09-25,4.152,4.148,4.175,4.13,3253692,1509949952.0,1.09,0.07,0.003,1.16
510300,2020-09-28,4.151,4.158,4.19,4.144,3046796,1418157840.0,1.11,0.24,0.01,1.09
510300,2020-09-29,4.179,4.169,4.196,4.161,3158810,1474785392.0,0.84,0.26,0.011,1.13
510300,2020-09-30,4.182,4.155,4.204,4.129,4549102,2117459408.0,1.8,-0.34,-0.014,1.62
510300,2020-10-09,4.23,4.248,4.274,4.229,3596667,1703741728.0,1.08,2.24,0.093,1.28
510300,2020-10-12,4.274,4.396,4.402,4.272,3609528,1747762576.0,3.06,3.48,0.148,1.29
510300,2020-10-13,4.397,4.412,4.423,4.369,3200439,1562011920.0,1.23,0.36,0.016,1.14
510300,2020-10-14,4.399,4.388,4.406,4.372,2789483,1360025600.0,0.77,-0.54,-0.024,0.99
510300,2020-10-15,4.383,4.376,4.41,4.367,3305283,1611849488.0,0.98,-0.27,-0.012,1.18
510300,2020-10-16,4.373,4.362,4.401,4.333,2835707,1379059696.0,1.55,-0.32,-0.014,1.01
510300,2020-10-19,4.389,4.331,4.429,4.313,6019252,2924978832.0,2.66,-0.71,-0.031,2.15
510300,2020-10-20,4.32,4.361,4.363,4.316,2739130,1322702080.0,1.09,0.69,0.03,0.98
510300,2020-10-21,4.364,4.367,4.373,4.327,3488947,1690610416.0,1.05,0.14,0.006,1.24
510300,2020-10-22,4.353,4.351,4.368,4.301,2571483,1239996912.0,1.53,-0.37,-0.016,0.92
510300,2020-10-23,4.341,4.295,4.376,4.29,7768057,3742156544.0,1.98,-1.29,-0.056,2.77
510300,2020-10-26,4.266,4.259,4.285,4.215,5071474,2405937648.0,1.63,-0.84,-0.036,1.81
510300,2020-10-27,4.246,4.273,4.279,4.242,2993488,1423170544.0,0.87,0.33,0.014,1.07
510300,2020-10-28,4.271,4.313,4.327,4.256,4828291,2308480720.0,1.66,0.94,0.04,1.72
510300,2020-10-29,4.268,4.357,4.38,4.261,3710248,1788027264.0,2.76,1.02,0.044,1.32
510300,2020-10-30,4.347,4.266,4.356,4.257,3845878,1841396288.0,2.27,-2.09,-0.091,1.37
510300,2020-11-02,4.268,4.294,4.313,4.268,2001660,957490288.0,1.05,0.66,0.028,0.71
510300,2020-11-03,4.309,4.345,4.372,4.309,3561129,1720609440.0,1.47,1.19,0.051,1.27
510300,2020-11-04,4.354,4.382,4.404,4.339,3447388,1675789712.0,1.5,0.85,0.037,1.23
510300,2020-11-05,4.429,4.458,4.462,4.409,3758944,1854962368.0,1.21,1.73,0.076,1.34
510300,2020-11-06,4.467,4.46,4.471,4.417,3541237,1747900640.0,1.21,0.04,0.002,1.26
510300,2020-11-09,4.489,4.557,4.583,4.489,5979880,3010717312.0,2.11,2.17,0.097,2.13
510300,2020-11-10,4.569,4.53,4.572,4.501,3847847,1934778672.0,1.56,-0.59,-0.027,1.37
510300,2020-11-11,4.517,4.483,4.537,4.478,3940726,1969353184.0,1.3,-1.04,-0.047,1.41
510300,2020-11-12,4.489,4.48,4.503,4.465,2580329,1283521968.0,0.85,-0.07,-0.003,0.92
510300,2020-11-13,4.46,4.429,4.462,4.396,4329279,2124647712.0,1.47,-1.14,-0.051,1.54
510300,2020-11-16,4.454,4.482,4.484,4.42,2851087,1409715392.0,1.45,1.2,0.053,1.02
510300,2020-11-17,4.476,4.473,4.479,4.443,2987696,1479905280.0,0.8,-0.2,-0.009,1.07
510300,2020-11-18,4.469,4.466,4.491,4.443,3606987,1790609648.0,1.07,-0.16,-0.007,1.29
510300,2020-11-19,4.455,4.508,4.521,4.447,2700795,1345193264.0,1.66,0.94,0.042,0.96
510300,2020-11-20,4.509,4.523,4.529,4.495,2845033,1423546304.0,0.75,0.33,0.015,1.01
510300,2020-11-23,4.539,4.581,4.614,4.518,5211471,2636959456.0,2.12,1.28,0.058,1.86
510300,2020-11-24,4.578,4.549,4.584,4.54,3461421,1747429488.0,0.96,-0.7,-0.032,1.23
510300,2020-11-25,4.564,4.487,4.586,4.485,4251960,2134951328.0,2.22,-1.36,-0.062,1.52
510300,2020-11-26,4.485,4.494,4.499,4.446,3958386,1966293312.0,1.18,0.16,0.007,1.41
510300,2020-11-27,4.494,4.565,4.569,4.486,3787808,1897536960.0,1.85,1.58,0.071,1.35
510300,2020-11-30,4.578,4.54,4.639,4.537,5351157,2720233200.0,2.23,-0.55,-0.025,1.91
510300,2020-12-01,4.536,4.651,4.659,4.535,4752836,2427406336.0,2.73,2.44,0.111,1.69
510300,2020-12-02,4.654,4.64,4.674,4.617,2929469,1504583760.0,1.23,-0.24,-0.011,1.04
510300,2020-12-03,4.635,4.638,4.656,4.612,2489868,1276108544.0,0.95,-0.04,-0.002,0.89
510300,2020-12-04,4.629,4.649,4.656,4.589,3301548,1690672160.0,1.44,0.24,0.011,1.18
510300,2020-12-07,4.649,4.605,4.651,4.586,3593753,1833454992.0,1.4,-0.95,-0.044,1.28
510300,2020-12-08,4.605,4.589,4.629,4.581,3612519,1839851216.0,1.04,-0.35,-0.016,1.29
510300,2020-12-09,4.604,4.529,4.616,4.52,5685506,2876485552.0,2.09,-1.31,-0.06,2.03
510300,2020-12-10,4.519,4.519,4.541,4.501,3189474,1598596512.0,0.88,-0.22,-0.01,1.14
510300,2020-12-11,4.529,4.463,4.544,4.427,4030120,2000650448.0,2.59,-1.24,-0.056,1.44
510300,2020-12-14,4.468,4.507,4.511,4.457,2518877,1254112960.0,1.21,0.99,0.044,0.9
510300,2020-12-15,4.507,4.522,4.529,4.475,2844127,1419141952.0,1.2,0.33,0.015,1.01
510300,2020-12-16,4.529,4.532,4.539,4.513,2840815,1425691984.0,0.57,0.22,0.01,1.01
510300,2020-12-17,4.531,4.603,4.607,4.523,4662309,2356909280.0,1.85,1.57,0.071,1.66
510300,2020-12-18,4.599,4.574,4.604,4.552,4607113,2334924960.0,1.13,-0.63,-0.029,1.64
510300,2020-12-21,4.571,4.619,4.63,4.544,4458961,2272522624.0,1.88,0.98,0.045,1.59
510300,2020-12-22,4.608,4.542,4.626,4.535,5153970,2620513200.0,1.97,-1.67,-0.077,1.84
510300,2020-12-23,4.549,4.583,4.607,4.546,3386872,1715172080.0,1.34,0.9,0.041,1.21
510300,2020-12-24,4.583,4.583,4.606,4.559,3833768,1946157072.0,1.03,0.0,0.0,1.37
510300,2020-12-25,4.563,4.625,4.628,4.552,4033561,2053182592.0,1.66,0.92,0.042,1.44
510300,2020-12-28,4.621,4.639,4.669,4.612,4471300,2291869856.0,1.23,0.3,0.014,1.59
510300,2020-12-29,4.647,4.623,4.661,4.615,3427179,1756155520.0,0.99,-0.34,-0.016,1.22
510300,2020-12-30,4.619,4.687,4.689,4.616,3406715,1756760320.0,1.58,1.38,0.064,1.21
510300,2020-12-31,4.697,4.796,4.802,4.695,8617992,4531294976.0,2.28,2.33,0.109,3.07
510300,2021-01-04,4.789,4.843,4.875,4.769,5067056,2697192784.0,2.21,0.98,0.047,1.81
510300,2021-01-05,4.83,4.942,4.954,4.814,6228308,3349890560.0,2.89,2.04,0.099,2.22
510300,2021-01-06,4.956,4.991,5.023,4.926,3749451,2048972320.0,1.96,0.99,0.049,1.34
510300,2021-01-07,4.999,5.108,5.109,4.992,4706592,2604546544.0,2.34,2.34,0.117,1.68
510300,2021-01-08,5.117,5.08,5.14,5.028,6975648,3884322784.0,2.19,-0.55,-0.028,2.49
510300,2021-01-11,5.081,5.017,5.129,4.986,6359652,3536919280.0,2.81,-1.24,-0.063,2.27
510300,2021-01-12,5.005,5.177,5.181,5.001,5962808,3327362000.0,3.59,3.19,0.16,2.13
510300,2021-01-13,5.193,5.155,5.224,5.119,5524344,3129878576.0,2.03,-0.42,-0.022,1.97
510300,2021-01-14,5.155,5.052,5.155,5.047,6960480,3885747952.0,2.1,-2.0,-0.103,2.48
510300,2021-01-15,5.052,5.035,5.085,4.969,7090492,3916989376.0,2.3,-0.34,-0.017,2.53
510300,2021-01-18,5.032,5.094,5.128,4.996,3967686,2176480896.0,2.62,1.17,0.059,1.41
510300,2021-01-19,5.099,5.019,5.111,4.997,4170097,2282323328.0,2.24,-1.47,-0.075,1.49
510300,2021-01-20,5.017,5.049,5.076,5.011,4223857,2307751584.0,1.3,0.6,0.03,1.51
510300,2021-01-21,5.064,5.143,5.169,5.064,5116203,2833318064.0,2.08,1.86,0.094,1.82
510300,2021-01-22,5.138,5.146,5.151,5.087,5543093,3074483616.0,1.24,0.06,0.003,1.98
510300,2021-01-25,5.145,5.212,5.23,5.112,4501772,2518875360.0,2.29,1.28,0.066,1.61
510300,2021-01-26,5.188,5.092,5.191,5.084,3927450,2175771664.0,2.05,-2.3,-0.12,1.4
510300,2021-01-27,5.086,5.102,5.113,5.031,5915416,3252544448.0,1.61,0.2,0.01,2.11
510300,2021-01-28,5.041,4.966,5.041,4.945,4699518,2541914768.0,1.88,-2.67,-0.136,1.68
510300,2021-01-29,4.988,4.929,5.004,4.863,6221139,3343269152.0,2.84,-0.75,-0.037,2.22
510300,2021-02-01,4.929,4.992,4.995,4.927,4362881,2352426032.0,1.38,1.28,0.063,1.56
510300,2021-02-02,5.001,5.072,5.075,4.992,5731569,3133181952.0,1.66,1.6,0.08,2.04
510300,2021-02-03,5.072,5.066,5.106,5.045,2819695,1549207312.0,1.2,-0.12,-0.006,1.01
510300,2021-02-04,5.041,5.055,5.091,4.997,3000841,1639395456.0,1.86,-0.22,-0.011,1.07
510300,2021-02-05,5.067,5.063,5.128,5.057,5600005,3085296672.0,1.4,0.16,0.008,2.0
510300,2021-02-08,5.101,5.135,5.154,5.063,4750134,2628084272.0,1.8,1.42,0.072,1.69
510300,2021-02-09,5.156,5.273,5.275,5.131,4182998,2349537936.0,2.8,2.69,0.138,1.49
510300,2021-02-10,5.287,5.388,5.414,5.278,3419099,1973984352.0,2.58,2.18,0.115,1.22
510300,2021-02-18,5.504,5.345,5.514,5.329,4707657,2747359952.0,3.43,-0.8,-0.043,1.68
510300,2021-02-19,5.323,5.377,5.382,5.252,7090647,4060011760.0,2.43,0.6,0.032,2.53
510300,2021-02-22,5.366,5.17,5.367,5.165,7760760,4399449088.0,3.76,-3.85,-0.207,2.77
510300,2021-02-23,5.131,5.155,5.218,5.128,5912504,3308715200.0,1.74,-0.29,-0.015,2.11
510300,2021-02-24,5.169,5.008,5.181,4.952,10112690,5539235584.0,4.44,-2.85,-0.147,3.61
510300,2021-02-25,5.062,5.059,5.104,5.023,6693054,3670095568.0,1.62,1.02,0.051,2.39
510300,2021-02-26,4.97,4.91,5.001,4.902,8370703,4486159616.0,1.96,-2.95,-0.149,2.98
510300,2021-03-01,4.962,4.999,5.001,4.929,5582085,3007992816.0,1.47,1.81,0.089,1.99
510300,2021-03-02,5.027,4.93,5.032,4.888,4338598,2338148832.0,2.88,-1.38,-0.069,1.55
510300,2021-03-03,4.914,5.035,5.039,4.897,3611546,1950248208.0,2.88,2.13,0.105,1.29
510300,2021-03-04,4.981,4.868,4.981,4.839,6449816,3428246544.0,2.82,-3.32,-0.167,2.3
510300,2021-03-05,4.783,4.847,4.892,4.76,5936328,3111411984.0,2.71,-0.43,-0.021,2.12
510300,2021-03-08,4.881,4.661,4.906,4.651,5637220,2929014224.0,5.26,-3.84,-0.186,2.01
510300,2021-03-09,4.658,4.56,4.676,4.507,9317191,4677125888.0,3.63,-2.17,-0.101,3.32
510300,2021-03-10,4.618,4.581,4.642,4.564,6365358,3197285824.0,1.71,0.46,0.021,2.27
510300,2021-03-11,4.605,4.71,4.713,4.596,6206769,3161968864.0,2.55,2.82,0.129,2.21
510300,2021-03-12,4.726,4.723,4.733,4.661,4482015,2295113616.0,1.53,0.28,0.013,1.6
510300,2021-03-15,4.699,4.621,4.7,4.574,3865724,1952657088.0,2.67,-2.16,-0.102,1.38
510300,2021-03-16,4.623,4.654,4.667,4.593,3232361,1635219632.0,1.6,0.71,0.033,1.15
510300,2021-03-17,4.64,4.677,4.702,4.594,3062946,1554332784.0,2.32,0.49,0.023,1.09
510300,2021-03-18,4.689,4.717,4.74,4.687,3196101,1639545024.0,1.13,0.86,0.04,1.14
510300,2021-03-19,4.653,4.578,4.669,4.564,4921956,2478004768.0,2.23,-2.95,-0.139,1.75
510300,2021-03-22,4.576,4.635,4.653,4.571,4234868,2132916080.0,1.79,1.25,0.057,1.51
510300,2021-03-23,4.63,4.59,4.639,4.548,4916388,2459560320.0,1.96,-0.97,-0.045,1.75
510300,2021-03-24,4.569,4.514,4.611,4.493,7550529,3741109712.0,2.57,-1.66,-0.076,2.69
510300,2021-03-25,4.487,4.51,4.532,4.469,2849087,1402397536.0,1.4,-0.09,-0.004,1.02
510300,2021-03-26,4.531,4.614,4.637,4.527,5565349,2790146480.0,2.44,2.31,0.104,1.98
510300,2021-03-29,4.626,4.624,4.661,4.586,6392568,3229920080.0,1.63,0.22,0.01,2.28
510300,2021-03-30,4.621,4.668,4.685,4.611,2682839,1361536032.0,1.6,0.95,0.044,0.96
510300,2021-03-31,4.664,4.631,4.665,4.594,2308127,1163103568.0,1.52,-0.79,-0.037,0.82
510300,2021-04-01,4.637,4.693,4.701,4.633,3229964,1641836112.0,1.47,1.34,0.062,1.15
510300,2021-04-02,4.711,4.742,4.747,4.69,2803346,1440678160.0,1.21,1.04,0.049,1.0
510300,2021-04-06,4.754,4.714,4.758,4.701,2346355,1206265184.0,1.2,-0.59,-0.028,0.84
510300,2021-04-07,4.719,4.679,4.721,4.648,1752173,891976448.0,1.55,-0.74,-0.035,0.62
510300,2021-04-08,4.662,4.69,4.711,4.638,1407559,718026032.0,1.56,0.24,0.011,0.5
510300,2021-04-09,4.676,4.619,4.676,4.606,2223298,1122455296.0,1.49,-1.51,-0.071,0.79
510300,2021-04-12,4.607,4.535,4.63,4.518,6639382,3300299232.0,2.42,-1.82,-0.084,2.37
510300,2021-04-13,4.527,4.528,4.575,4.51,4535452,2247446208.0,1.43,-0.15,-0.007,1.62
510300,2021-04-14,4.533,4.556,4.57,4.524,5271842,2620909280.0,1.02,0.62,0.028,1.88
510300,2021-04-15,4.541,4.528,4.546,4.475,4935407,2431754048.0,1.56,-0.61,-0.028,1.76
510300,2021-04-16,4.54,4.544,4.556,4.499,4998940,2476638368.0,1.26,0.35,0.016,1.78
510300,2021-04-19,4.54,4.67,4.678,4.517,5673692,2864077168.0,3.54,2.77,0.126,2.02
510300,2021-04-20,4.652,4.662,4.697,4.643,3698516,1882537200.0,1.16,-0.17,-0.008,1.32
510300,2021-04-21,4.63,4.674,4.689,4.628,4143214,2104768800.0,1.31,0.26,0.012,1.48
510300,2021-04-22,4.682,4.67,4.699,4.646,4483992,2279984128.0,1.13,-0.09,-0.004,1.6
510300,2021-04-23,4.662,4.721,4.731,4.662,3229926,1656258288.0,1.48,1.09,0.051,1.15
510300,2021-04-26,4.732,4.657,4.772,4.652,5380616,2762169536.0,2.54,-1.36,-0.064,1.92
510300,2021-04-27,4.661,4.67,4.679,4.634,3177926,1612968576.0,0.97,0.28,0.013,1.13
510300,2021-04-28,4.652,4.708,4.711,4.637,3012460,1535175280.0,1.58,0.81,0.038,1.07
510300,2021-04-29,4.709,4.754,4.761,4.701,3809845,1964024096.0,1.27,0.98,0.046,1.36
510300,2021-04-30,4.742,4.709,4.753,4.675,4042413,2075946592.0,1.64,-0.95,-0.045,1.44
510300,2021-05-06,4.69,4.642,4.723,4.616,4075746,2073197360.0,2.27,-1.42,-0.067,1.45
510300,2021-05-07,4.654,4.581,4.678,4.577,3382892,1705351376.0,2.18,-1.31,-0.061,1.21
510300,2021-05-10,4.585,4.58,4.606,4.536,3691992,1843018240.0,1.53,-0.02,-0.001,1.32
510300,2021-05-11,4.548,4.606,4.625,4.513,3979265,1985720800.0,2.45,0.57,0.026,1.42
510300,2021-05-12,4.595,4.637,4.644,4.577,2539712,1277881520.0,1.45,0.67,0.031,0.91
510300,2021-05-13,4.597,4.582,4.608,4.557,4725439,2363024816.0,1.1,-1.19,-0.055,1.68
510300,2021-05-14,4.601,4.708,4.71,4.573,8489630,4316323584.0,2.99,2.75,0.126,3.03
510300,2021-05-17,4.704,4.769,4.796,4.698,6672555,3464215776.0,2.08,1.3,0.061,2.38
510300,2021-05-18,4.78,4.771,4.793,4.748,2834588,1469848176.0,0.94,0.04,0.002,1.01
510300,2021-05-19,4.761,4.757,4.777,4.734,3933595,2034732848.0,0.9,-0.29,-0.014,1.4
510300,2021-05-20,4.753,4.771,4.787,4.733,2701391,1400149088.0,1.14,0.29,0.014,0.96
510300,2021-05-21,4.778,4.716,4.808,4.704,5410635,2791300048.0,2.18,-1.15,-0.055,1.93
510300,2021-05-24,4.716,4.744,4.745,4.677,3496128,1796637072.0,1.44,0.59,0.028,1.25
510300,2021-05-25,4.744,4.908,4.919,4.744,15361601,8133780736.0,3.69,3.46,0.164,5.48
510300,2021-05-26,4.912,4.909,4.934,4.897,4868611,2596720928.0,0.75,0.02,0.001,1.74
510300,2021-05-27,4.901,4.928,4.975,4.877,5307535,2835202992.0,2.0,0.39,0.019,1.89
510300,2021-05-28,4.927,4.913,4.954,4.881,3456219,1843452032.0,1.48,-0.3,-0.015,1.23
510300,2021-05-31,4.91,4.919,4.92,4.871,3286030,1745986736.0,1.0,0.12,0.006,1.17
510300,2021-06-01,4.914,4.927,4.931,4.852,4544228,2415673328.0,1.61,0.16,0.008,1.62
510300,2021-06-02,4.932,4.884,4.938,4.857,5776071,3069526944.0,1.64,-0.87,-0.043,2.06
510300,2021-06-03,4.881,4.843,4.904,4.841,4432764,2344157008.0,1.29,-0.84,-0.041,1.58
510300,2021-06-04,4.831,4.876,4.933,4.814,5581178,2951205184.0,2.46,0.68,0.033,1.99
510300,2021-06-07,4.876,4.87,4.879,4.832,2652774,1399803056.0,0.96,-0.12,-0.006,0.95
510300,2021-06-08,4.87,4.828,4.921,4.794,4542037,2392039776.0,2.61,-0.86,-0.042,1.62
510300,2021-06-09,4.814,4.836,4.847,4.812,2595132,1362104032.0,0.72,0.17,0.008,0.93
510300,2021-06-10,4.83,4.87,4.905,4.829,4041126,2139819984.0,1.57,0.7,0.034,1.44
510300,2021-06-11,4.874,4.821,4.888,4.817,3375558,1774141744.0,1.46,-1.01,-0.049,1.2
510300,2021-06-15,4.821,4.762,4.831,4.735,4312366,2237735904.0,1.99,-1.22,-0.059,1.54
510300,2021-06-16,4.756,4.691,4.764,4.675,5573017,2861614496.0,1.87,-1.49,-0.071,1.99
510300,2021-06-17,4.681,4.702,4.725,4.678,3422104,1752532816.0,1.0,0.23,0.011,1.22
510300,2021-06-18,4.701,4.707,4.736,4.67,5237657,2681620832.0,1.4,0.11,0.005,1.87
510300,2021-06-21,4.689,4.7,4.736,4.668,4492631,2297972208.0,1.44,-0.15,-0.007,1.6
510300,2021-06-22,4.721,4.726,4.732,4.692,6783142,3481237664.0,0.85,0.55,0.026,2.42
510300,2021-06-23,4.733,4.757,4.784,4.717,5864652,3034353440.0,1.42,0.66,0.031,2.09
510300,2021-06-24,4.761,4.77,4.771,4.736,2175097,1125515424.0,0.74,0.27,0.013,0.78
510300,2021-06-25,4.774,4.851,4.87,4.772,6192587,3253306016.0,2.05,1.7,0.081,2.21
510300,2021-06-28,4.859,4.86,4.871,4.838,4454965,2349760656.0,0.68,0.19,0.009,1.59
510300,2021-06-29,4.86,4.806,4.86,4.796,2901856,1520211072.0,1.32,-1.11,-0.054,1.03
510300,2021-06-30,4.807,4.837,4.848,4.806,3711710,1948238480.0,0.87,0.65,0.031,1.32
510300,2021-07-01,4.854,4.835,4.865,4.803,5643739,2964560976.0,1.28,-0.04,-0.002,2.01
510300,2021-07-02,4.801,4.694,4.803,4.692,4422360,2278045472.0,2.3,-2.92,-0.141,1.58
510300,2021-07-05,4.694,4.701,4.713,4.671,2575703,1316062240.0,0.89,0.15,0.007,0.92
510300,2021-07-06,4.701,4.708,4.711,4.652,3816887,1946038944.0,1.26,0.15,0.007,1.36
510300,2021-07-07,4.686,4.761,4.783,4.678,3494651,1802156512.0,2.23,1.13,0.053,1.25
510300,2021-07-08,4.77,4.717,4.777,4.702,3280350,1689688928.0,1.58,-0.92,-0.044,1.17
510300,2021-07-09,4.701,4.693,4.709,4.637,4262319,2174685024.0,1.53,-0.51,-0.024,1.52
510300,2021-07-12,4.731,4.761,4.79,4.703,5966929,3088418560.0,1.85,1.45,0.068,2.13
510300,2021-07-13,4.76,4.777,4.795,4.749,3464404,1798359504.0,0.97,0.34,0.016,1.24
510300,2021-07-14,4.772,4.72,4.772,4.709,3824693,1970051840.0,1.32,-1.19,-0.057,1.36
510300,2021-07-15,4.712,4.788,4.795,4.705,3552867,1839020768.0,1.91,1.44,0.068,1.27
510300,2021-07-16,4.781,4.737,4.786,4.733,3702352,1916254592.0,1.11,-1.07,-0.051,1.32
510300,2021-07-19,4.728,4.759,4.769,4.687,3320462,1709347744.0,1.73,0.46,0.022,1.18
510300,2021-07-20,4.721,4.746,4.76,4.712,3066793,1581145200.0,1.01,-0.27,-0.013,1.09
510300,2021-07-21,4.761,4.785,4.806,4.753,5784303,3011038368.0,1.12,0.82,0.039,2.06
510300,2021-07-22,4.786,4.79,4.814,4.779,2696841,1405906240.0,0.73,0.1,0.005,0.96
510300,2021-07-23,4.791,4.738,4.792,4.726,2681441,1384583056.0,1.38,-1.09,-0.052,0.96
510300,2021-07-26,4.718,4.563,4.719,4.504,9152734,4590557952.0,4.54,-3.69,-0.175,3.26
510300,2021-07-27,4.56,4.39,4.581,4.384,8072052,3972490928.0,4.32,-3.79,-0.173,2.88
510300,2021-07-28,4.384,4.4,4.424,4.316,9133473,4378815488.0,2.46,0.23,0.01,3.26
510300,2021-07-29,4.48,4.487,4.498,4.439,6402064,3130337232.0,1.34,1.98,0.087,2.28
510300,2021-07-30,4.464,4.453,4.465,4.402,2258702,1097220224.0,1.4,-0.76,-0.034,0.81
510300,2021-08-02,4.437,4.574,4.585,4.405,3752039,1853444880.0,4.04,2.72,0.121,1.34
510300,2021-08-03,4.552,4.576,4.6,4.536,2330098,1161609440.0,1.4,0.04,0.002,0.83
510300,2021-08-04,4.565,4.62,4.621,4.563,2486453,1248682992.0,1.27,0.96,0.044,0.89
510300,2021-08-05,4.585,4.59,4.639,4.562,2098716,1053873952.0,1.67,-0.65,-0.03,0.75
510300,2021-08-06,4.581,4.574,4.586,4.543,1126992,561475936.0,0.94,-0.35,-0.016,0.4
510300,2021-08-09,4.551,4.629,4.648,4.533,2290906,1151898656.0,2.51,1.2,0.055,0.82
510300,2021-08-10,4.617,4.686,4.689,4.583,3241224,1635519296.0,2.29,1.23,0.057,1.16
510300,2021-08-11,4.679,4.659,4.705,4.656,2391296,1219614192.0,1.05,-0.58,-0.027,0.85
510300,2021-08-12,4.641,4.627,4.662,4.617,1339717,677135200.0,0.97,-0.69,-0.032,0.48
510300,2021-08-13,4.614,4.6,4.647,4.571,2025664,1017354160.0,1.64,-0.58,-0.027,0.72
510300,2021-08-16,4.594,4.597,4.625,4.582,1862036,934436576.0,0.93,-0.07,-0.003,0.66
510300,2021-08-17,4.591,4.485,4.623,4.476,3523009,1751144112.0,3.2,-2.44,-0.112,1.26
510300,2021-08-18,4.485,4.538,4.567,4.473,3847710,1901295856.0,2.1,1.18,0.053,1.37
510300,2021-08-19,4.521,4.504,4.538,4.482,2403110,1185219024.0,1.23,-0.75,-0.034,0.86
510300,2021-08-20,4.493,4.414,4.494,4.369,4184413,2023086384.0,2.78,-2.0,-0.09,1.49
510300,2021-08-23,4.424,4.486,4.492,4.421,3529613,1724629440.0,1.61,1.63,0.072,1.26
510300,2021-08-24,4.491,4.538,4.559,4.491,3177054,1571638432.0,1.52,1.16,0.052,1.13
510300,2021-08-25,4.546,4.552,4.554,4.519,2076564,1029752688.0,0.77,0.31,0.014,0.74
510300,2021-08-26,4.549,4.467,4.55,4.451,1948403,956302464.0,2.17,-1.87,-0.085,0.69
510300,2021-08-27,4.46,4.48,4.525,4.457,2322364,1140911552.0,1.52,0.29,0.013,0.83
510300,2021-08-30,4.492,4.462,4.503,4.44,2155322,1052155088.0,1.41,-0.4,-0.018,0.77
510300,2021-08-31,4.463,4.46,4.478,4.391,2450326,1190430816.0,1.95,-0.04,-0.002,0.87
510300,2021-09-01,4.461,4.53,4.569,4.421,3865183,1903964592.0,3.32,1.57,0.07,1.38
510300,2021-09-02,4.541,4.526,4.549,4.501,2240048,1107121904.0,1.06,-0.09,-0.004,0.8
510300,2021-09-03,4.526,4.499,4.55,4.49,3483673,1718509776.0,1.33,-0.6,-0.027,1.24
510300,2021-09-06,4.499,4.583,4.597,4.495,4945359,2468976368.0,2.27,1.87,0.084,1.76
510300,2021-09-07,4.581,4.646,4.67,4.567,4574956,2304933616.0,2.25,1.37,0.063,1.63
510300,2021-09-08,4.65,4.625,4.674,4.609,2369431,1198609520.0,1.4,-0.45,-0.021,0.84
510300,2021-09-09,4.612,4.623,4.624,4.583,1825452,917262208.0,0.89,-0.04,-0.002,0.65
510300,2021-09-10,4.618,4.672,4.708,4.615,3893350,1982110592.0,2.01,1.06,0.049,1.39
510300,2021-09-13,4.666,4.645,4.69,4.616,3200157,1620670960.0,1.58,-0.58,-0.027,1.14
510300,2021-09-14,4.646,4.579,4.663,4.558,3277120,1645687920.0,2.26,-1.42,-0.066,1.17
510300,2021-09-15,4.571,4.526,4.572,4.498,2707359,1340902832.0,1.62,-1.16,-0.053,0.97
510300,2021-09-16,4.526,4.47,4.536,4.462,4293484,2106848912.0,1.63,-1.24,-0.056,1.53
510300,2021-09-17,4.469,4.509,4.515,4.449,5139927,2520613344.0,1.48,0.87,0.039,1.83
510300,2021-09-22,4.441,4.476,4.493,4.433,4916296,2399574656.0,1.33,-0.73,-0.033,1.75
510300,2021-09-23,4.498,4.505,4.536,4.487,2869732,1413518496.0,1.09,0.65,0.029,1.02
510300,2021-09-24,4.509,4.512,4.556,4.499,4647712,2299464432.0,1.27,0.16,0.007,1.66
510300,2021-09-27,4.526,4.544,4.579,4.502,3598936,1786172112.0,1.71,0.71,0.032,1.28
510300,2021-09-28,4.536,4.535,4.561,4.507,2636353,1306079040.0,1.19,-0.2,-0.009,0.94
510300,2021-09-29,4.503,4.502,4.53,4.459,5922611,2909490208.0,1.57,-0.73,-0.033,2.11
510300,2021-09-30,4.504,4.516,4.534,4.502,3129597,1544835056.0,0.71,0.31,0.014,1.12
510300,2021-10-08,4.559,4.587,4.596,4.552,2446241,1222701424.0,0.97,1.57,0.071,0.87
510300,2021-10-11,4.595,4.586,4.641,4.582,2603224,1309512480.0,1.29,-0.02,-0.001,0.93
510300,2021-10-12,4.568,4.534,4.579,4.494,3306068,1639579408.0,1.85,-1.13,-0.052,1.18
510300,2021-10-13,4.526,4.59,4.606,4.524,2535737,1264333984.0,1.81,1.24,0.056,0.9
510300,2021-10-14,4.584,4.563,4.609,4.552,1998087,998317200.0,1.24,-0.59,-0.027,0.71
510300,2021-10-15,4.56,4.587,4.598,4.541,2179701,1089703600.0,1.25,0.53,0.024,0.78
510300,2021-10-18,4.584,4.529,4.585,4.497,2512605,1241208464.0,1.92,-1.26,-0.058,0.9
510300,2021-10-19,4.521,4.576,4.581,4.518,2884698,1436191680.0,1.39,1.04,0.047,1.03
510300,2021-10-20,4.581,4.562,4.603,4.552,1566963,782001184.0,1.11,-0.31,-0.014,0.56
510300,2021-10-21,4.561,4.584,4.608,4.543,2240855,1119219632.0,1.42,0.48,0.022,0.8
510300,2021-10-22,4.591,4.617,4.653,4.591,3345973,1686635696.0,1.35,0.72,0.033,1.19
510300,2021-10-25,4.603,4.634,4.642,4.592,2653745,1336929136.0,1.08,0.37,0.017,0.95
510300,2021-10-26,4.636,4.617,4.669,4.604,2479095,1251852288.0,1.4,-0.37,-0.017,0.88
510300,2021-10-27,4.605,4.551,4.605,4.539,2781043,1385676608.0,1.43,-1.43,-0.066,0.99
510300,2021-10-28,4.541,4.53,4.558,4.507,4413412,2185194496.0,1.12,-0.46,-0.021,1.57
510300,2021-10-29,4.527,4.562,4.563,4.515,4264847,2114092672.0,1.06,0.71,0.032,1.52
510300,2021-11-01,4.538,4.546,4.569,4.52,1950023,967955360.0,1.07,-0.35,-0.016,0.7
510300,2021-11-02,4.543,4.494,4.576,4.455,4294135,2119278880.0,2.66,-1.14,-0.052,1.53
510300,2021-11-03,4.491,4.474,4.517,4.46,3406351,1671068448.0,1.27,-0.45,-0.02,1.21
510300,2021-11-04,4.494,4.521,4.532,4.493,2844233,1403738128.0,0.87,1.05,0.047,1.01
510300,2021-11-05,4.511,4.504,4.548,4.503,2656008,1312374544.0,1.0,-0.38,-0.017,0.95
510300,2021-11-08,4.501,4.5,4.529,4.483,3124852,1539084832.0,1.02,-0.09,-0.004,1.11
510300,2021-11-09,4.516,4.498,4.533,4.473,2628400,1292760720.0,1.33,-0.04,-0.002,0.94
510300,2021-11-10,4.494,4.473,4.494,4.407,4894264,2379856064.0,1.93,-0.56,-0.025,1.75
510300,2021-11-11,4.463,4.553,4.556,4.461,3523650,1740182224.0,2.12,1.79,0.08,1.26
510300,2021-11-12,4.557,4.551,4.572,4.535,2729067,1355972400.0,0.81,-0.04,-0.002,0.97
510300,2021-11-15,4.555,4.545,4.572,4.524,3359154,1667408832.0,1.05,-0.13,-0.006,1.2
510300,2021-11-16,4.547,4.541,4.577,4.531,3518703,1750476656.0,1.01,-0.09,-0.004,1.25
510300,2021-11-17,4.534,4.54,4.555,4.522,2269818,1125215664.0,0.73,-0.02,-0.001,0.81
510300,2021-11-18,4.528,4.496,4.533,4.483,3606012,1774308240.0,1.1,-0.97,-0.044,1.29
510300,2021-11-19,4.491,4.551,4.557,4.486,2759206,1365616720.0,1.58,1.22,0.055,0.98
510300,2021-11-22,4.555,4.564,4.576,4.548,3536475,1761554912.0,0.62,0.29,0.013,1.26
510300,2021-11-23,4.557,4.567,4.581,4.547,3172672,1582334512.0,0.74,0.07,0.003,1.13
510300,2021-11-24,4.567,4.578,4.597,4.555,1785947,891904464.0,0.92,0.24,0.011,0.64
510300,2021-11-25,4.579,4.559,4.58,4.551,1372600,683495472.0,0.63,-0.42,-0.019,0.49
510300,2021-11-26,4.546,4.517,4.547,4.508,2046378,1011650368.0,0.86,-0.92,-0.042,0.73
510300,2021-11-29,4.481,4.51,4.519,4.481,2338560,1151391536.0,0.84,-0.15,-0.007,0.83
510300,2021-11-30,4.513,4.492,4.53,4.469,1836800,903625440.0,1.35,-0.4,-0.018,0.65
510300,2021-12-01,4.492,4.505,4.51,4.488,2116262,1040600304.0,0.49,0.29,0.013,0.75
510300,2021-12-02,4.501,4.515,4.526,4.484,1610351,794007120.0,0.93,0.22,0.01,0.57
510300,2021-12-03,4.515,4.56,4.561,4.507,2196321,1087954880.0,1.2,1.0,0.045,0.78
510300,2021-12-06,4.563,4.555,4.597,4.55,3328991,1663482016.0,1.03,-0.11,-0.005,1.19
510300,2021-12-07,4.576,4.583,4.59,4.559,2124268,1060624160.0,0.68,0.61,0.028,0.76
510300,2021-12-08,4.588,4.655,4.66,4.57,3411917,1721655424.0,1.96,1.57,0.072,1.22
510300,2021-12-09,4.659,4.739,4.785,4.657,6332212,3267970656.0,2.75,1.8,0.084,2.26
510300,2021-12-10,4.724,4.724,4.731,4.704,3961260,2035800624.0,0.57,-0.32,-0.015,1.41
510300,2021-12-13,4.748,4.737,4.808,4.73,4290338,2227870768.0,1.65,0.28,0.013,1.53
510300,2021-12-14,4.718,4.706,4.736,4.696,3626878,1860581408.0,0.84,-0.65,-0.031,1.29
510300,2021-12-15,4.701,4.66,4.717,4.656,2035832,1038757248.0,1.3,-0.98,-0.046,0.73
510300,2021-12-16,4.663,4.687,4.688,4.646,3773043,1919332416.0,0.9,0.58,0.027,1.35
510300,2021-12-17,4.679,4.614,4.682,4.612,6226189,3145885072.0,1.49,-1.56,-0.073,2.22
510300,2021-12-20,4.6,4.539,4.631,4.528,8518253,4250322976.0,2.23,-1.63,-0.075,3.04
510300,2021-12-21,4.534,4.56,4.573,4.53,5171335,2572582592.0,0.95,0.46,0.021,1.84
510300,2021-12-22,4.573,4.563,4.585,4.551,6660462,3320651904.0,0.75,0.07,0.003,2.37
510300,2021-12-23,4.574,4.601,4.607,4.559,3023053,1512949488.0,1.05,0.83,0.038,1.08
510300,2021-12-24,4.607,4.578,4.613,4.559,2603961,1301806384.0,1.17,-0.5,-0.023,0.93
510300,2021-12-27,4.578,4.582,4.599,4.551,5044913,2520394800.0,1.05,0.09,0.004,1.8
510300,2021-12-28,4.582,4.608,4.618,4.573,6399142,3209575440.0,0.98,0.57,0.026,2.28
510300,2021-12-29,4.606,4.541,4.612,4.54,4038656,2011288448.0,1.56,-1.45,-0.067,1.44
510300,2021-12-30,4.541,4.577,4.598,4.536,4744980,2369943648.0,1.37,0.79,0.036,1.69
510300,2021-12-31,4.591,4.589,4.61,4.575,3514166,1760912800.0,0.76,0.26,0.012,1.25
510300,2022-01-04,4.606,4.571,4.608,4.523,4863553,2417587488.0,1.85,-0.39,-0.018,1.73
510300,2022-01-05,4.56,4.524,4.573,4.506,4640731,2300116656.0,1.47,-1.03,-0.047,1.65
510300,2022-01-06,4.504,4.468,4.514,4.438,5172728,2530768432.0,1.68,-1.24,-0.056,1.84
510300,2022-01-07,4.481,4.48,4.511,4.474,4785197,2349400432.0,0.83,0.27,0.012,1.71
510300,2022-01-10,4.469,4.493,4.504,4.44,4911223,2406258640.0,1.43,0.29,0.013,1.75
510300,2022-01-11,4.493,4.448,4.505,4.445,4122189,2014962368.0,1.34,-1.0,-0.045,1.47
510300,2022-01-12,4.465,4.5,4.514,4.465,5113326,2511098384.0,1.1,1.17,0.052,1.82
510300,2022-01-13,4.511,4.419,4.513,4.417,4882723,2379000208.0,2.13,-1.8,-0.081,1.74
510300,2022-01-14,4.406,4.375,4.421,4.372,4100290,1972987312.0,1.11,-1.0,-0.044,1.46
510300,2022-01-17,4.379,4.416,4.432,4.378,4983491,2407274464.0,1.23,0.94,0.041,1.78
510300,2022-01-18,4.413,4.462,4.478,4.396,6241671,3038466592.0,1.86,1.04,0.046,2.23
510300,2022-01-19,4.471,4.436,4.495,4.412,5224393,2501399280.0,1.86,-0.58,-0.026,1.86
510300,2022-01-20,4.431,4.474,4.503,4.43,5412785,2608626688.0,1.65,0.86,0.038,1.93
510300,2022-01-21,4.466,4.44,4.471,4.42,7814370,3739337872.0,1.14,-0.76,-0.034,2.79
510300,2022-01-24,4.416,4.442,4.455,4.404,4605740,2197609280.0,1.15,0.05,0.002,1.64
510300,2022-01-25,4.418,4.336,4.433,4.332,5952709,2814468224.0,2.27,-2.39,-0.106,2.12
510300,2022-01-26,4.351,4.362,4.367,4.306,5218421,2449571760.0,1.41,0.6,0.026,1.86
510300,2022-01-27,4.349,4.281,4.355,4.272,6076217,2827030192.0,1.9,-1.86,-0.081,2.17
510300,2022-01-28,4.293,4.21,4.315,4.206,8583917,3950302960.0,2.55,-1.66,-0.071,3.06
510300,2022-02-07,4.281,4.282,4.319,4.262,4845868,2243165824.0,1.35,1.71,0.072,1.73
510300,2022-02-08,4.282,4.26,4.282,4.171,4481413,2050015392.0,2.59,-0.51,-0.022,1.6
510300,2022-02-09,4.262,4.299,4.309,4.246,4589381,2124086976.0,1.48,0.92,0.039,1.64
510300,2022-02-10,4.306,4.288,4.309,4.262,4953831,2291737792.0,1.09,-0.26,-0.011,1.77
510300,2022-02-11,4.27,4.252,4.314,4.249,4617436,2134586496.0,1.52,-0.84,-0.036,1.65
510300,2022-02-14,4.236,4.203,4.25,4.182,3299679,1503834192.0,1.6,-1.15,-0.049,1.18
510300,2022-02-15,4.204,4.245,4.249,4.202,6043144,2765515056.0,1.12,1.0,0.042,2.15
510300,2022-02-16,4.266,4.266,4.29,4.254,4498005,2076275360.0,0.85,0.49,0.021,1.6
510300,2022-02-17,4.261,4.276,4.3,4.255,6290407,2909007328.0,1.05,0.23,0.01,2.24
510300,2022-02-18,4.256,4.3,4.301,4.251,3041052,1405440368.0,1.17,0.56,0.024,1.08
510300,2022-02-21,4.292,4.283,4.293,4.261,3241951,1497429120.0,0.74,-0.4,-0.017,1.16
510300,2022-02-22,4.246,4.223,4.253,4.205,3153168,1438664976.0,1.12,-1.4,-0.06,1.12
510300,2022-02-23,4.236,4.271,4.274,4.227,4469039,2054646288.0,1.11,1.14,0.048,1.59
510300,2022-02-24,4.246,4.186,4.258,4.145,5912365,2683234000.0,2.65,-1.99,-0.085,2.11
510300,2022-02-25,4.209,4.221,4.267,4.209,3844661,1760979840.0,1.39,0.84,0.035,1.37
510300,2022-02-28,4.218,4.227,4.229,4.178,2693171,1225032608.0,1.21,0.14,0.006,0.96
510300,2022-03-01,4.244,4.265,4.273,4.229,3261629,1499507424.0,1.04,0.9,0.038,1.16
510300,2022-03-02,4.245,4.23,4.246,4.208,1946013,889476592.0,0.89,-0.82,-0.035,0.69
510300,2022-03-03,4.246,4.201,4.256,4.191,2006899,914647552.0,1.54,-0.69,-0.029,0.72
510300,2022-03-04,4.161,4.15,4.19,4.136,4053766,1823719312.0,1.29,-1.21,-0.051,1.45
510300,2022-03-07,4.115,4.002,4.115,3.984,5831130,2553534384.0,3.16,-3.57,-0.148,2.08
510300,2022-03-08,4.003,3.92,4.027,3.904,6917081,2976687584.0,3.07,-2.05,-0.082,2.47
510300,2022-03-09,3.928,3.88,3.95,3.726,7867488,3301655744.0,5.71,-1.02,-0.04,2.81
510300,2022-03-10,3.956,3.94,3.982,3.938,5528465,2377355392.0,1.13,1.55,0.06,1.97
510300,2022-03-11,3.884,3.968,3.974,3.831,3973422,1687296400.0,3.63,0.71,0.028,1.42
510300,2022-03-14,3.906,3.828,3.93,3.827,4331004,1828943104.0,2.6,-3.53,-0.14,1.54
510300,2022-03-15,3.791,3.629,3.82,3.624,10444778,4244938240.0,5.12,-5.2,-0.199,3.72
510300,2022-03-16,3.691,3.802,3.826,3.598,13251385,5383854336.0,6.28,4.77,0.173,4.72
510300,2022-03-17,3.879,3.886,3.95,3.861,11475616,4866876928.0,2.34,2.21,0.084,4.09
510300,2022-03-18,3.866,3.914,3.932,3.845,4030217,1703858640.0,2.24,0.72,0.028,1.44
510300,2022-03-21,3.919,3.908,3.936,3.868,3720164,1581985312.0,1.74,-0.15,-0.006,1.33
510300,2022-03-22,3.888,3.904,3.938,3.887,2504225,1064168272.0,1.31,-0.1,-0.004,0.89
510300,2022-03-23,3.914,3.929,3.942,3.896,3082447,1314097168.0,1.18,0.64,0.025,1.1
510300,2022-03-24,3.906,3.902,3.926,3.869,2206418,935511952.0,1.45,-0.69,-0.027,0.79
510300,2022-03-25,3.901,3.825,3.91,3.823,3568083,1499894624.0,2.23,-1.97,-0.077,1.27
510300,2022-03-28,3.79,3.8,3.83,3.739,4155938,1715993648.0,2.38,-0.65,-0.025,1.48
510300,2022-03-29,3.811,3.782,3.829,3.775,2310331,957679744.0,1.42,-0.47,-0.018,0.82
510300,2022-03-30,3.81,3.905,3.908,3.81,5002575,2107747776.0,2.59,3.25,0.123,1.78
510300,2022-03-31,3.895,3.874,3.9,3.866,4242790,1791950304.0,0.87,-0.79,-0.031,1.51
510300,2022-04-01,3.843,3.925,3.945,3.841,3752472,1594296080.0,2.68,1.32,0.051,1.34
510300,2022-04-06,3.899,3.913,3.925,3.884,3398938,1443714224.0,1.04,-0.31,-0.012,1.21
510300,2022-04-07,3.893,3.861,3.924,3.858,2783984,1177384176.0,1.69,-1.33,-0.052,0.99
510300,2022-04-08,3.864,3.889,3.892,3.831,3202713,1349449552.0,1.58,0.73,0.028,1.14
510300,2022-04-11,3.861,3.757,3.862,3.744,5800585,2391596000.0,3.03,-3.39,-0.132,2.07
510300,2022-04-12,3.759,3.827,3.832,3.732,8064759,3334403952.0,2.66,1.86,0.07,2.88
510300,2022-04-13,3.807,3.795,3.843,3.791,3872602,1609161760.0,1.36,-0.84,-0.032,1.38
510300,2022-04-14,3.832,3.839,3.868,3.809,5736892,2400662560.0,1.55,1.16,0.044,2.05
510300,2022-04-15,3.816,3.837,3.862,3.806,5322380,2224422368.0,1.46,-0.05,-0.002,1.9
510300,2022-04-18,3.801,3.817,3.82,3.773,2797093,1159501392.0,1.22,-0.52,-0.02,1.0
510300,2022-04-19,3.816,3.79,3.842,3.766,3139962,1301465632.0,1.99,-0.71,-0.027,1.12
510300,2022-04-20,3.788,3.72,3.794,3.714,3903434,1596762864.0,2.11,-1.85,-0.07,1.39
510300,2022-04-21,3.708,3.652,3.737,3.631,7925085,3193817664.0,2.85,-1.83,-0.068,2.83
510300,2022-04-22,3.621,3.662,3.693,3.608,6173784,2469379280.0,2.33,0.27,0.01,2.2
510300,2022-04-25,3.601,3.469,3.615,3.463,16542844,6447291648.0,4.15,-5.27,-0.193,5.9
510300,2022-04-26,3.472,3.439,3.529,3.43,15437597,5888627456.0,2.85,-0.86,-0.03,5.5
510300,2022-04-27,3.427,3.545,3.547,3.416,13725839,5260465152.0,3.81,3.08,0.106,4.89
510300,2022-04-28,3.528,3.571,3.591,3.525,10729261,4183266928.0,1.86,0.73,0.026,3.83
510300,2022-04-29,3.585,3.671,3.675,3.549,7631212,3024738240.0,3.53,2.8,0.1,2.72
510300,2022-05-05,3.636,3.656,3.687,3.626,7360954,2950065280.0,1.66,-0.41,-0.015,2.62
510300,2022-05-06,3.581,3.559,3.599,3.556,5206697,2042557056.0,1.18,-2.65,-0.097,1.86
510300,2022-05-09,3.534,3.527,3.562,3.506,3187006,1234844480.0,1.57,-0.9,-0.032,1.14
510300,2022-05-10,3.489,3.572,3.589,3.464,5474672,2129935216.0,3.54,1.28,0.045,1.95
510300,2022-05-11,3.565,3.627,3.682,3.565,6290116,2502148832.0,3.28,1.54,0.055,2.24
510300,2022-05-12,3.611,3.607,3.635,3.589,3071058,1215316560.0,1.27,-0.55,-0.02,1.09
510300,2022-05-13,3.644,3.638,3.655,3.608,2799732,1113468048.0,1.3,0.86,0.031,1.0
510300,2022-05-16,3.656,3.607,3.67,3.596,4425843,1755248944.0,2.03,-0.85,-0.031,1.58
510300,2022-05-17,3.616,3.656,3.657,3.605,3008496,1197703808.0,1.44,1.36,0.049,1.07
510300,2022-05-18,3.663,3.642,3.673,3.616,2640173,1052734336.0,1.56,-0.38,-0.014,0.94
510300,2022-05-19,3.603,3.651,3.653,3.592,3249620,1289180784.0,1.67,0.25,0.009,1.16
510300,2022-05-20,3.676,3.735,3.736,3.666,6004614,2434115744.0,1.92,2.3,0.084,2.14
510300,2022-05-23,3.735,3.703,3.735,3.677,5120913,2070370272.0,1.55,-0.86,-0.032,1.83
510300,2022-05-24,3.702,3.621,3.705,3.616,4156645,1664349504.0,2.4,-2.21,-0.082,1.48
510300,2022-05-25,3.616,3.638,3.64,3.604,4576841,1814584624.0,0.99,0.47,0.017,1.63
510300,2022-05-26,3.639,3.648,3.676,3.588,4816141,1914318704.0,2.42,0.27,0.01,1.72
510300,2022-05-27,3.678,3.658,3.713,3.641,5532972,2228537584.0,1.97,0.27,0.01,1.97
510300,2022-05-30,3.676,3.681,3.699,3.663,4505319,1813277776.0,0.98,0.63,0.023,1.61
510300,2022-05-31,3.681,3.745,3.759,3.672,4522581,1836840912.0,2.36,1.74,0.064,1.61
510300,2022-06-01,3.745,3.739,3.752,3.716,3774345,1540652768.0,0.96,-0.16,-0.006,1.35
510300,2022-06-02,3.722,3.75,3.754,3.714,2901326,1183803264.0,1.07,0.29,0.011,1.03
510300,2022-06-06,3.748,3.832,3.833,3.721,4238359,1751273376.0,2.99,2.19,0.082,1.51
510300,2022-06-07,3.817,3.838,3.858,3.811,3808642,1592929728.0,1.23,0.16,0.006,1.36
510300,2022-06-08,3.841,3.88,3.886,3.821,4272911,1796493328.0,1.69,1.09,0.042,1.52
510300,2022-06-09,3.871,3.846,3.89,3.829,2916148,1226358656.0,1.57,-0.88,-0.034,1.04
510300,2022-06-10,3.815,3.904,3.916,3.814,6480691,2738650048.0,2.65,1.51,0.058,2.31
510300,2022-06-13,3.866,3.852,3.879,3.826,5799003,2431783712.0,1.36,-1.33,-0.052,2.07
510300,2022-06-14,3.821,3.892,3.896,3.771,6249025,2613833376.0,3.25,1.04,0.04,2.23
510300,2022-06-15,3.889,3.941,4.02,3.889,11218852,4834544896.0,3.37,1.26,0.049,4.0
510300,2022-06-16,3.954,3.914,3.973,3.905,5075120,2175195328.0,1.73,-0.69,-0.027,1.81
510300,2022-06-17,3.897,3.977,3.993,3.891,7156474,3070562896.0,2.61,1.61,0.063,2.55
510300,2022-06-20,3.987,3.998,4.044,3.964,7324345,3177526640.0,2.01,0.53,0.021,2.61
510300,2022-06-21,3.998,3.996,4.034,3.961,4224016,1833860944.0,1.83,-0.05,-0.002,1.51
510300,2022-06-22,3.996,3.946,4.003,3.938,3619643,1560986304.0,1.63,-1.25,-0.05,1.29
510300,2022-06-23,3.947,4.021,4.023,3.94,4056939,1755177552.0,2.1,1.9,0.075,1.45
510300,2022-06-24,4.031,4.069,4.082,4.019,4148339,1823076992.0,1.57,1.19,0.048,1.48
510300,2022-06-27,4.085,4.117,4.155,4.085,4559811,2036731648.0,1.72,1.18,0.048,1.63
510300,2022-06-28,4.116,4.169,4.182,4.089,3748824,1678987264.0,2.26,1.26,0.052,1.34
510300,2022-06-29,4.154,4.114,4.183,4.099,5448356,2437464368.0,2.01,-1.32,-0.055,1.94
510300,2022-06-30,4.11,4.164,4.201,4.109,5680516,2558737776.0,2.24,1.22,0.05,2.03
510300,2022-07-01,4.176,4.149,4.181,4.13,4455712,2004084496.0,1.22,-0.36,-0.015,1.59
510300,2022-07-04,4.134,4.177,4.179,4.105,3874217,1742756112.0,1.78,0.67,0.028,1.38
510300,2022-07-05,4.182,4.167,4.221,4.118,3921158,1764375392.0,2.47,-0.24,-0.01,1.4
510300,2022-07-06,4.156,4.108,4.166,4.079,3189627,1422718112.0,2.09,-1.42,-0.059,1.14
510300,2022-07-07,4.101,4.124,4.144,4.078,4030460,1799540016.0,1.61,0.39,0.016,1.44
510300,2022-07-08,4.147,4.12,4.169,4.113,2082490,933514544.0,1.36,-0.1,-0.004,0.74
510300,2022-07-11,4.102,4.044,4.102,4.026,4522075,1985923664.0,1.84,-1.84,-0.076,1.61
510300,2022-07-12,4.038,4.008,4.063,3.994,3435392,1500811278.0,1.71,-0.89,-0.036,1.22
510300,2022-07-13,4.011,4.015,4.035,3.984,2956003,1286893961.0,1.27,0.17,0.007,1.05
510300,2022-07-14,4.011,4.016,4.045,3.992,3264143,1423957223.0,1.32,0.02,0.001,1.16
510300,2022-07-15,4.006,3.951,4.056,3.949,7373071,3198511731.0,2.66,-1.62,-0.065,2.63
510300,2022-07-18,3.968,3.997,4.015,3.93,3891151,1680718462.0,2.15,1.16,0.046,1.39
510300,2022-07-19,3.993,3.975,3.993,3.941,3535270,1526690226.0,1.3,-0.55,-0.022,1.26
510300,2022-07-20,3.996,3.987,4.016,3.974,2998384,1301780820.0,1.06,0.3,0.012,1.07
510300,2022-07-21,3.971,3.942,3.994,3.941,3104926,1336941254.0,1.33,-1.13,-0.045,1.11
510300,2022-07-22,3.957,3.945,3.991,3.915,3147688,1353688808.0,1.93,0.08,0.003,1.12
510300,2022-07-25,3.941,3.927,3.944,3.909,2516761,1074518097.0,0.89,-0.46,-0.018,0.9
510300,2022-07-26,3.933,3.956,3.976,3.93,3762545,1616765933.0,1.17,0.74,0.029,1.34
510300,2022-07-27,3.946,3.932,3.953,3.924,2571786,1100930340.0,0.73,-0.61,-0.024,0.92
510300,2022-07-28,3.948,3.935,3.986,3.931,3695810,1591342846.0,1.4,0.08,0.003,1.32
510300,2022-07-29,3.939,3.876,3.961,3.867,4712654,2000643545.0,2.39,-1.5,-0.059,1.68
510300,2022-08-01,3.862,3.894,3.904,3.837,2983915,1259938955.0,1.73,0.46,0.018,1.06
510300,2022-08-02,3.866,3.823,3.866,3.788,5439733,2264729834.0,2.0,-1.82,-0.071,1.94
510300,2022-08-03,3.836,3.778,3.865,3.767,3766628,1569163066.0,2.56,-1.18,-0.045,1.34
510300,2022-08-04,3.795,3.809,3.818,3.778,2617509,1084601677.0,1.06,0.82,0.031,0.93
510300,2022-08-05,3.812,3.874,3.88,3.809,3933852,1643679832.0,1.86,1.71,0.065,1.4
510300,2022-08-08,3.857,3.86,3.875,3.849,1572824,661606877.0,0.67,-0.36,-0.014,0.56
510300,2022-08-09,3.858,3.867,3.875,3.846,2418244,1017515521.0,0.75,0.18,0.007,0.86
510300,2022-08-10,3.858,3.822,3.872,3.804,2037632,851095724.0,1.76,-1.16,-0.045,0.73
510300,2022-08-11,3.839,3.91,3.916,3.832,3480503,1469915003.0,2.2,2.3,0.088,1.24
510300,2022-08-12,3.908,3.911,3.922,3.894,2055898,874286490.0,0.72,0.03,0.001,0.73
510300,2022-08-15,3.898,3.901,3.942,3.894,2328228,991661294.0,1.23,-0.26,-0.01,0.83
510300,2022-08-16,3.906,3.891,3.928,3.883,1684834,715599992.0,1.15,-0.26,-0.01,0.6
510300,2022-08-17,3.892,3.932,3.943,3.867,2810228,1196207108.0,1.95,1.05,0.041,1.0
510300,2022-08-18,3.926,3.895,3.93,3.89,1999681,849821038.0,1.02,-0.94,-0.037,0.71
510300,2022-08-19,3.891,3.865,3.907,3.863,2894411,1223343184.0,1.13,-0.77,-0.03,1.03
510300,2022-08-22,3.856,3.892,3.904,3.852,3109324,1316161171.0,1.35,0.7,0.027,1.11
510300,2022-08-23,3.889,3.878,3.906,3.859,2758776,1164226234.0,1.21,-0.36,-0.014,0.98
510300,2022-08-24,3.89,3.801,3.894,3.792,4031611,1683776031.0,2.63,-1.99,-0.077,1.44
510300,2022-08-25,3.809,3.837,3.842,3.78,3325107,1381245566.0,1.63,0.95,0.036,1.19
510300,2022-08-26,3.835,3.831,3.857,3.824,2268554,949304012.0,0.86,-0.16,-0.006,0.81
510300,2022-08-29,3.797,3.806,3.817,3.781,2345945,972243824.0,0.94,-0.65,-0.025,0.84
510300,2022-08-30,3.81,3.797,3.812,3.762,2320948,958534782.0,1.31,-0.24,-0.009,0.83
510300,2022-08-31,3.78,3.797,3.838,3.769,5552796,2299526279.0,1.82,0.0,0.0,1.98
510300,2022-09-01,3.786,3.763,3.809,3.754,3202516,1320917293.0,1.45,-0.9,-0.034,1.14
510300,2022-09-02,3.766,3.74,3.775,3.72,2637374,1078568286.0,1.46,-0.61,-0.023,0.94
510300,2022-09-05,3.731,3.738,3.739,3.696,2158650,876596965.0,1.15,-0.05,-0.002,0.77
510300,2022-09-06,3.751,3.767,3.772,3.73,2641015,1081646065.0,1.12,0.78,0.029,0.94
510300,2022-09-07,3.753,3.775,3.787,3.75,1835728,755009708.0,0.98,0.21,0.008,0.65
510300,2022-09-08,3.779,3.757,3.787,3.756,1716322,705978922.0,0.82,-0.48,-0.018,0.61
510300,2022-09-09,3.763,3.815,3.823,3.762,3929759,1630730745.0,1.62,1.54,0.058,1.4
510300,2022-09-13,3.822,3.829,3.851,3.818,3274312,1368323051.0,0.87,0.37,0.014,1.17
510300,2022-09-14,3.79,3.783,3.811,3.77,4299139,1777685334.0,1.07,-1.2,-0.046,1.53
510300,2022-09-15,3.79,3.746,3.803,3.721,5888444,2414072683.0,2.17,-0.98,-0.037,2.1
510300,2022-09-16,3.733,3.656,3.743,3.652,7257809,2929005272.0,2.43,-2.4,-0.09,2.59
510300,2022-09-19,3.65,3.645,3.671,3.631,3977904,1588020723.0,1.09,-0.3,-0.011,1.42
510300,2022-09-20,3.662,3.647,3.679,3.636,3015150,1206397489.0,1.18,0.05,0.002,1.08
510300,2022-09-21,3.636,3.617,3.646,3.599,3634886,1441702412.0,1.29,-0.82,-0.03,1.3
510300,2022-09-22,3.601,3.588,3.62,3.576,2798468,1101764633.0,1.22,-0.8,-0.029,1.0
510300,2022-09-23,3.588,3.58,3.607,3.548,5202490,2042024441.0,1.64,-0.22,-0.008,1.85
510300,2022-09-26,3.556,3.555,3.614,3.55,7560336,2966154628.0,1.79,-0.7,-0.025,2.7
510300,2022-09-27,3.566,3.605,3.613,3.548,5191603,2035835677.0,1.83,1.41,0.05,1.85
510300,2022-09-28,3.591,3.549,3.594,3.546,5300816,2073607923.0,1.33,-1.55,-0.056,1.89
510300,2022-09-29,3.572,3.55,3.593,3.529,5060836,1977736758.0,1.8,0.03,0.001,1.8
510300,2022-09-30,3.551,3.524,3.571,3.521,6383788,2480624616.0,1.41,-0.73,-0.026,2.28
510300,2022-10-10,3.523,3.445,3.526,3.433,6841092,2614912261.0,2.64,-2.24,-0.079,2.44
510300,2022-10-11,3.447,3.442,3.46,3.426,4913807,1861116628.0,0.99,-0.09,-0.003,1.75
510300,2022-10-12,3.443,3.504,3.507,3.375,7315130,2765038458.0,3.83,1.8,0.062,2.61
510300,2022-10-13,3.472,3.471,3.503,3.462,3451403,1318777601.0,1.17,-0.94,-0.033,1.23
510300,2022-10-14,3.508,3.559,3.579,3.499,7496291,2913802969.0,2.3,2.54,0.088,2.67
510300,2022-10-17,3.551,3.558,3.562,3.525,3887601,1512958472.0,1.04,-0.03,-0.001,1.39
510300,2022-10-18,3.58,3.551,3.586,3.543,4311344,1683477555.0,1.21,-0.2,-0.007,1.54
510300,2022-10-19,3.546,3.492,3.558,3.49,2881623,1112398864.0,1.91,-1.66,-0.059,1.03
510300,2022-10-20,3.476,3.48,3.532,3.447,3723050,1422560648.0,2.43,-0.34,-0.012,1.33
510300,2022-10-21,3.493,3.458,3.495,3.44,3275721,1248398834.0,1.58,-0.63,-0.022,1.17
510300,2022-10-24,3.455,3.36,3.489,3.342,6297940,2356237577.0,4.25,-2.83,-0.098,2.25
510300,2022-10-25,3.348,3.344,3.395,3.317,8235170,3041126027.0,2.32,-0.48,-0.016,2.94
510300,2022-10-26,3.346,3.372,3.424,3.345,6862870,2555494776.0,2.36,0.84,0.028,2.45
510300,2022-10-27,3.395,3.346,3.406,3.345,5123971,1906381171.0,1.81,-0.77,-0.026,1.83
510300,2022-10-28,3.333,3.26,3.339,3.251,7381372,2686507817.0,2.63,-2.57,-0.086,2.63
510300,2022-10-31,3.236,3.221,3.272,3.208,5976564,2139122276.0,1.96,-1.2,-0.039,2.13
510300,2022-11-01,3.241,3.359,3.361,3.236,10691572,3904744293.0,3.88,4.28,0.138,3.81
510300,2022-11-02,3.341,3.393,3.423,3.334,7516463,2800488062.0,2.65,1.01,0.034,2.68
510300,2022-11-03,3.373,3.363,3.388,3.345,4881107,1811025929.0,1.27,-0.88,-0.03,1.74
510300,2022-11-04,3.361,3.49,3.507,3.36,11292457,4301093449.0,4.37,3.78,0.127,4.03
510300,2022-11-07,3.466,3.49,3.511,3.465,5340734,2046292254.0,1.32,0.0,0.0,1.9
510300,2022-11-08,3.49,3.467,3.499,3.443,8012579,3048899191.0,1.6,-0.66,-0.023,2.86
510300,2022-11-09,3.467,3.427,3.48,3.423,5209240,1973017696.0,1.64,-1.15,-0.04,1.86
510300,2022-11-10,3.406,3.406,3.422,3.383,5064964,1895277956.0,1.14,-0.61,-0.021,1.81
510300,2022-11-11,3.498,3.504,3.554,3.466,13767023,5298752150.0,2.58,2.88,0.098,4.91
510300,2022-11-14,3.554,3.506,3.575,3.496,8509669,3301268208.0,2.25,0.06,0.002,3.03
510300,2022-11-15,3.498,3.581,3.59,3.491,7671835,2991368782.0,2.82,2.14,0.075,2.74
510300,2022-11-16,3.574,3.552,3.594,3.547,5377972,2102969877.0,1.31,-0.81,-0.029,1.92
510300,2022-11-17,3.542,3.535,3.542,3.491,7916228,3054875919.0,1.44,-0.48,-0.017,2.82
510300,2022-11-18,3.538,3.522,3.558,3.515,6491949,2516386318.0,1.22,-0.37,-0.013,2.31
510300,2022-11-21,3.493,3.489,3.493,3.446,5182489,1975747610.0,1.33,-0.94,-0.033,1.85
510300,2022-11-22,3.483,3.487,3.527,3.461,6490256,2485266857.0,1.89,-0.06,-0.002,2.31
510300,2022-11-23,3.476,3.49,3.512,3.47,5487916,2103792365.0,1.2,0.09,0.003,1.96
510300,2022-11-24,3.506,3.472,3.524,3.466,4821489,1848016848.0,1.66,-0.52,-0.018,1.72
510300,2022-11-25,3.475,3.493,3.51,3.461,5492158,2105975532.0,1.41,0.6,0.021,1.96
510300,2022-11-28,3.428,3.448,3.455,3.386,6260914,2355441434.0,1.98,-1.29,-0.045,2.23
510300,2022-11-29,3.47,3.564,3.573,3.47,7207068,2792262749.0,2.99,3.36,0.116,2.57
510300,2022-11-30,3.554,3.567,3.583,3.551,4594858,1796654800.0,0.9,0.08,0.003,1.64
510300,2022-12-01,3.636,3.612,3.666,3.611,6354126,2528610659.0,1.54,1.26,0.045,2.27
510300,2022-12-02,3.611,3.589,3.62,3.587,10304210,4066062110.0,0.91,-0.64,-0.023,3.67
510300,2022-12-05,3.63,3.66,3.663,3.613,8761771,3492977853.0,1.39,1.98,0.071,3.12
510300,2022-12-06,3.648,3.683,3.706,3.644,7658073,3081714196.0,1.69,0.63,0.023,2.73
510300,2022-12-07,3.676,3.671,3.722,3.656,6820751,2745026152.0,1.79,-0.33,-0.012,2.43
510300,2022-12-08,3.671,3.68,3.689,3.659,5094095,2047176131.0,0.82,0.25,0.009,1.82
510300,2022-12-09,3.679,3.714,3.725,3.664,6474552,2613255569.0,1.66,0.92,0.034,2.31
510300,2022-12-12,3.701,3.672,3.701,3.668,4668575,1880206885.0,0.89,-1.13,-0.042,1.66
510300,2022-12-13,3.674,3.661,3.684,3.656,3636743,1459236500.0,0.76,-0.3,-0.011,1.3
510300,2022-12-14,3.666,3.671,3.689,3.651,6219074,2495651006.0,1.04,0.27,0.01,2.22
510300,2022-12-15,3.672,3.669,3.681,3.644,5307513,2126027806.0,1.01,-0.05,-0.002,1.89
510300,2022-12-16,3.667,3.673,3.682,3.648,9083687,3639862008.0,0.93,0.11,0.004,3.24
510300,2022-12-19,3.678,3.615,3.689,3.598,7451965,2965759177.0,2.48,-1.58,-0.058,2.66
510300,2022-12-20,3.601,3.552,3.604,3.529,8155655,3188456650.0,2.07,-1.74,-0.063,2.91
510300,2022-12-21,3.557,3.549,3.567,3.538,5230558,2038360701.0,0.82,-0.08,-0.003,1.86
510300,2022-12-22,3.572,3.557,3.6,3.537,6878210,2690306339.0,1.78,0.23,0.008,2.45
510300,2022-12-23,3.54,3.547,3.568,3.528,10847910,4222061974.0,1.12,-0.28,-0.01,3.87
510300,2022-12-26,3.546,3.556,3.576,3.544,6511937,2542745278.0,0.9,0.25,0.009,2.32
510300,2022-12-27,3.596,3.603,3.609,3.575,5820488,2292894562.0,0.96,1.32,0.047,2.08
510300,2022-12-28,3.595,3.59,3.601,3.573,6492690,2553573421.0,0.78,-0.36,-0.013,2.31
510300,2022-12-29,3.575,3.578,3.589,3.552,7212710,2825957366.0,1.03,-0.33,-0.012,2.57
510300,2022-12-30,3.593,3.594,3.607,3.59,6302286,2485143924.0,0.48,0.45,0.016,2.25
510300,2023-01-03,3.593,3.605,3.617,3.546,6563108,2576087718.0,1.98,0.31,0.011,2.34
510300,2023-01-04,3.604,3.61,3.621,3.587,9807997,3874438389.0,0.94,0.14,0.005,3.5
510300,2023-01-05,3.631,3.685,3.691,3.628,7745023,3108571448.0,1.75,2.08,0.075,2.76
510300,2023-01-06,3.686,3.701,3.718,3.682,5410808,2187353311.0,0.98,0.43,0.016,1.93
510300,2023-01-09,3.721,3.726,3.742,3.708,7809599,3178181433.0,0.92,0.68,0.025,2.78
510300,2023-01-10,3.724,3.732,3.748,3.718,7442622,3033001135.0,0.81,0.16,0.006,2.65
510300,2023-01-11,3.733,3.732,3.761,3.725,5715114,2334923330.0,0.96,0.0,0.0,2.04
510300,2023-01-12,3.739,3.738,3.751,3.724,3255872,1328948654.0,0.72,0.16,0.006,1.16
510300,2023-01-13,3.745,3.8,3.804,3.745,6559090,2702284069.0,1.58,1.66,0.062,2.34
510300,2023-01-16,3.805,3.863,3.904,3.803,17163759,7109168359.0,2.66,1.66,0.063,6.12
510300,2023-01-17,3.863,3.859,3.872,3.842,6015131,2488168863.0,0.78,-0.1,-0.004,2.14
510300,2023-01-18,3.866,3.85,3.872,3.846,4456901,1843406132.0,0.67,-0.23,-0.009,1.59
510300,2023-01-19,3.841,3.878,3.88,3.823,6074324,2513066753.0,1.48,0.73,0.028,2.17
510300,2023-01-20,3.893,3.901,3.914,3.885,5700822,2382114372.0,0.75,0.59,0.023,2.03
510300,2023-01-30,3.98,3.925,3.987,3.918,8013471,3386449597.0,1.77,0.62,0.024,2.86
510300,2023-01-31,3.928,3.879,3.937,3.872,11392222,4761842944.0,1.66,-1.17,-0.046,4.06
510300,2023-02-01,3.884,3.91,3.912,3.853,7156520,2981748341.0,1.52,0.8,0.031,2.55
510300,2023-02-02,3.922,3.9,3.925,3.883,10018528,4188623374.0,1.07,-0.26,-0.01,3.57
510300,2023-02-03,3.874,3.857,3.877,3.821,9600521,3961301299.0,1.44,-1.1,-0.043,3.42
510300,2023-02-06,3.823,3.8,3.824,3.778,7314597,2982940562.0,1.19,-1.48,-0.057,2.61
510300,2023-02-07,3.806,3.81,3.821,3.79,5539881,2263547380.0,0.82,0.26,0.01,1.98
510300,2023-02-08,3.812,3.793,3.829,3.785,4628713,1889787994.0,1.15,-0.45,-0.017,1.65
510300,2023-02-09,3.787,3.847,3.851,3.783,5958886,2450554135.0,1.79,1.42,0.054,2.12
510300,2023-02-10,3.848,3.823,3.848,3.806,5205224,2135893097.0,1.09,-0.62,-0.024,1.86
510300,2023-02-13,3.81,3.855,3.861,3.803,8280101,3415190764.0,1.52,0.84,0.032,2.95
510300,2023-02-14,3.861,3.864,3.867,3.839,3326324,1374345788.0,0.73,0.23,0.009,1.19
510300,2023-02-15,3.861,3.836,3.874,3.828,6455068,2658512888.0,1.19,-0.72,-0.028,2.3
510300,2023-02-16,3.84,3.807,3.888,3.782,7925101,3275079466.0,2.76,-0.76,-0.029,2.83
510300,2023-02-17,3.805,3.749,3.821,3.745,7433949,3025278809.0,2.0,-1.52,-0.058,2.65
510300,2023-02-20,3.754,3.854,3.857,3.748,10495255,4282521265.0,2.91,2.8,0.105,3.74
510300,2023-02-21,3.854,3.859,3.87,3.834,5609025,2318009475.0,0.93,0.13,0.005,2.0
510300,2023-02-22,3.843,3.819,3.854,3.812,4529454,1861371777.0,1.09,-1.04,-0.04,1.61
510300,2023-02-23,3.823,3.819,3.845,3.801,4655595,1908740957.0,1.15,0.0,0.0,1.66
510300,2023-02-24,3.818,3.78,3.818,3.76,8087762,3282777177.0,1.52,-1.02,-0.039,2.88
510300,2023-02-27,3.76,3.765,3.783,3.748,4569575,1848791379.0,0.93,-0.4,-0.015,1.63
510300,2023-02-28,3.777,3.791,3.796,3.74,4845454,1963458643.0,1.49,0.69,0.026,1.73
510300,2023-03-01,3.787,3.84,3.856,3.78,11804810,4856375177.0,2.0,1.29,0.049,4.21
510300,2023-03-02,3.83,3.835,3.854,3.827,4391329,1808866225.0,0.7,-0.13,-0.005,1.57
510300,2023-03-03,3.846,3.844,3.856,3.814,4201757,1730990673.0,1.1,0.23,0.009,1.5
510300,2023-03-06,3.845,3.819,3.847,3.8,9293025,3808515076.0,1.22,-0.65,-0.025,3.31
510300,2023-03-07,3.815,3.762,3.838,3.759,6746494,2756431261.0,2.07,-1.49,-0.057,2.41
510300,2023-03-08,3.75,3.746,3.755,3.73,4313154,1735039806.0,0.66,-0.43,-0.016,1.54
510300,2023-03-09,3.752,3.736,3.756,3.712,4079365,1639051249.0,1.17,-0.27,-0.01,1.45
510300,2023-03-10,3.71,3.681,3.724,3.679,4981129,1982846713.0,1.2,-1.47,-0.055,1.78
510300,2023-03-13,3.681,3.725,3.728,3.681,4674529,1865984620.0,1.28,1.2,0.044,1.67
510300,2023-03-14,3.72,3.7,3.72,3.665,4635416,1842611053.0,1.48,-0.67,-0.025,1.65
510300,2023-03-15,3.726,3.699,3.736,3.698,3933011,1571377024.0,1.03,-0.03,-0.001,1.4
510300,2023-03-16,3.68,3.653,3.699,3.65,4331438,1713141943.0,1.32,-1.24,-0.046,1.54
510300,2023-03-17,3.68,3.674,3.724,3.655,11235012,4453754362.0,1.89,0.57,0.021,4.01
510300,2023-03-20,3.674,3.652,3.696,3.646,5709548,2258210593.0,1.36,-0.6,-0.022,2.04
510300,2023-03-21,3.663,3.695,3.699,3.661,5567437,2206195773.0,1.04,1.18,0.043,1.99
510300,2023-03-22,3.705,3.713,3.729,3.699,5817562,2323803781.0,0.81,0.49,0.018,2.07
510300,2023-03-23,3.7,3.751,3.752,3.698,5344729,2143951550.0,1.45,1.02,0.038,1.91
510300,2023-03-24,3.743,3.746,3.754,3.734,2548953,1025007603.0,0.53,-0.13,-0.005,0.91
510300,2023-03-27,3.745,3.725,3.745,3.704,4912547,1966086521.0,1.09,-0.56,-0.021,1.75
510300,2023-03-28,3.726,3.717,3.738,3.71,5072061,2029086627.0,0.75,-0.21,-0.008,1.81
510300,2023-03-29,3.738,3.717,3.739,3.711,6163363,2467227537.0,0.75,0.0,0.0,2.2
510300,2023-03-30,3.718,3.76,3.761,3.701,5572070,2238129589.0,1.61,1.16,0.043,1.99
510300,2023-03-31,3.765,3.77,3.783,3.759,6711625,2718176592.0,0.64,0.27,0.01,2.39
510300,2023-04-03,3.77,3.8,3.811,3.765,5513397,2243377317.0,1.22,0.8,0.03,1.97
510300,2023-04-04,3.8,3.82,3.822,3.792,4803087,1960368642.0,0.79,0.53,0.02,1.71
510300,2023-04-06,3.805,3.808,3.813,3.793,3782868,1544679079.0,0.52,-0.31,-0.012,1.35
510300,2023-04-07,3.808,3.837,3.849,3.806,3295857,1355999026.0,1.13,0.76,0.029,1.18
510300,2023-04-10,3.848,3.822,3.849,3.818,4743616,1948356331.0,0.81,-0.39,-0.015,1.69
510300,2023-04-11,3.825,3.812,3.832,3.798,5359550,2195224021.0,0.89,-0.26,-0.01,1.91
510300,2023-04-12,3.813,3.808,3.818,3.8,3358337,1373120380.0,0.47,-0.1,-0.004,1.2
510300,2023-04-13,3.799,3.783,3.805,3.777,4021907,1635782613.0,0.74,-0.66,-0.025,1.43
510300,2023-04-14,3.795,3.804,3.814,3.791,4560326,1860596353.0,0.61,0.56,0.021,1.63
510300,2023-04-17,3.801,3.865,3.867,3.8,6325480,2605868198.0,1.76,1.6,0.061,2.26
510300,2023-04-18,3.864,3.872,3.883,3.856,4160543,1726660643.0,0.7,0.18,0.007,1.48
510300,2023-04-19,3.874,3.839,3.874,3.835,4085730,1688498846.0,1.01,-0.85,-0.033,1.46
510300,2023-04-20,3.838,3.823,3.842,3.81,6073086,2491260807.0,0.83,-0.42,-0.016,2.17
510300,2023-04-21,3.823,3.75,3.826,3.744,6836486,2776624903.0,2.14,-1.91,-0.073,2.44
510300,2023-04-24,3.749,3.699,3.752,3.683,5940937,2372492823.0,1.84,-1.36,-0.051,2.12
510300,2023-04-25,3.7,3.68,3.708,3.644,9664268,3820424644.0,1.73,-0.51,-0.019,3.45
510300,2023-04-26,3.678,3.671,3.69,3.654,9034653,3570141037.0,0.98,-0.24,-0.009,3.22
510300,2023-04-27,3.668,3.706,3.72,3.66,4677697,1857891159.0,1.63,0.95,0.035,1.67
510300,2023-04-28,3.717,3.745,3.75,3.711,4518062,1813115078.0,1.05,1.05,0.039,1.61
510300,2023-05-04,3.733,3.745,3.747,3.716,3378611,1356998397.0,0.83,0.0,0.0,1.2
510300,2023-05-05,3.746,3.729,3.758,3.709,3379499,1355979468.0,1.31,-0.43,-0.016,1.2
510300,2023-05-08,3.736,3.774,3.784,3.731,6848152,2769137971.0,1.42,1.21,0.045,2.44
510300,2023-05-09,3.779,3.739,3.805,3.739,5668907,2299963548.0,1.75,-0.93,-0.035,2.02
510300,2023-05-10,3.737,3.708,3.739,3.7,9165933,3663507046.0,1.04,-0.83,-0.031,3.27
510300,2023-05-11,3.718,3.703,3.728,3.7,3216150,1284651681.0,0.76,-0.13,-0.005,1.15
510300,2023-05-12,3.702,3.652,3.716,3.65,5187745,2053102560.0,1.78,-1.38,-0.051,1.85
510300,2023-05-15,3.654,3.715,3.716,3.643,8107574,3203031252.0,2.0,1.73,0.063,2.89
510300,2023-05-16,3.714,3.698,3.72,3.682,4068203,1620578488.0,1.02,-0.46,-0.017,1.45
510300,2023-05-17,3.691,3.671,3.702,3.661,6405805,2535368771.0,1.11,-0.73,-0.027,2.28
510300,2023-05-18,3.678,3.67,3.698,3.651,7006002,2770097587.0,1.28,-0.03,-0.001,2.5
510300,2023-05-19,3.66,3.664,3.686,3.642,3417126,1347166083.0,1.2,-0.16,-0.006,1.22
510300,2023-05-22,3.663,3.684,3.705,3.65,5003757,1981482735.0,1.5,0.55,0.02,1.78
510300,2023-05-23,3.687,3.627,3.691,3.626,6117573,2405349012.0,1.76,-1.55,-0.057,2.18
510300,2023-05-24,3.622,3.574,3.623,3.572,7672776,2973586313.0,1.41,-1.46,-0.053,2.74
510300,2023-05-25,3.568,3.565,3.578,3.532,4918567,1888723116.0,1.29,-0.25,-0.009,1.75
510300,2023-05-26,3.563,3.57,3.581,3.533,4462037,1713952910.0,1.35,0.14,0.005,1.59
510300,2023-05-29,3.578,3.554,3.59,3.539,4030135,1546653526.0,1.43,-0.45,-0.016,1.44
510300,2023-05-30,3.546,3.558,3.567,3.51,5720979,2186287405.0,1.6,0.11,0.004,2.04
510300,2023-05-31,3.548,3.522,3.548,3.505,7338757,2792006056.0,1.21,-1.01,-0.036,2.62
510300,2023-06-01,3.519,3.53,3.56,3.514,6749757,2579669883.0,1.31,0.23,0.008,2.41
510300,2023-06-02,3.55,3.583,3.593,3.55,6929781,2672332967.0,1.22,1.5,0.053,2.47
510300,2023-06-05,3.577,3.565,3.581,3.555,3611549,1389909743.0,0.73,-0.5,-0.018,1.29
510300,2023-06-06,3.566,3.528,3.594,3.524,4115697,1579493947.0,1.96,-1.04,-0.037,1.47
510300,2023-06-07,3.54,3.516,3.547,3.503,3721767,1416641429.0,1.25,-0.34,-0.012,1.33
510300,2023-06-08,3.516,3.548,3.563,3.503,3834889,1462204388.0,1.71,0.91,0.032,1.37
510300,2023-06-09,3.549,3.564,3.567,3.542,5270689,2021624139.0,0.7,0.45,0.016,1.88
510300,2023-06-12,3.56,3.568,3.59,3.545,4596593,1768357700.0,1.26,0.11,0.004,1.64
510300,2023-06-13,3.56,3.597,3.6,3.557,3503880,1353181342.0,1.21,0.81,0.029,1.25
510300,2023-06-14,3.599,3.597,3.624,3.595,4441136,1727523754.0,0.81,0.0,0.0,1.58
510300,2023-06-15,3.606,3.662,3.663,3.6,5084305,1990297387.0,1.75,1.81,0.065,1.81
510300,2023-06-16,3.669,3.699,3.708,3.669,6021488,2389873017.0,1.06,1.01,0.037,2.15
510300,2023-06-19,3.699,3.669,3.699,3.664,4003074,1583693179.0,0.95,-0.81,-0.03,1.43
510300,2023-06-20,3.661,3.662,3.679,3.656,3538923,1396571289.0,0.63,-0.19,-0.007,1.26
510300,2023-06-21,3.655,3.607,3.659,3.605,4893537,1915610962.0,1.47,-1.5,-0.055,1.74
510300,2023-06-26,3.586,3.563,3.59,3.551,6404956,2462685974.0,1.08,-1.22,-0.044,2.28
510300,2023-06-27,3.562,3.589,3.599,3.555,3971021,1532293882.0,1.23,0.73,0.026,1.42
510300,2023-06-28,3.583,3.597,3.598,3.557,4627456,1786039957.0,1.14,0.22,0.008,1.65
510300,2023-06-29,3.597,3.579,3.599,3.567,3002626,1159259690.0,0.89,-0.5,-0.018,1.07
510300,2023-06-30,3.578,3.602,3.62,3.573,5299183,2058017000.0,1.31,0.64,0.023,1.89
510300,2023-07-03,3.61,3.647,3.659,3.608,4739097,1857984547.0,1.42,1.25,0.045,1.69
510300,2023-07-04,3.645,3.654,3.656,3.639,2521213,990312869.0,0.47,0.19,0.007,0.9
510300,2023-07-05,3.648,3.627,3.654,3.621,2712152,1061461518.0,0.9,-0.74,-0.027,0.97
510300,2023-07-06,3.62,3.599,3.64,3.594,3467439,1349288878.0,1.27,-0.77,-0.028,1.24
510300,2023-07-07,3.595,3.588,3.604,3.579,3022777,1170006594.0,0.69,-0.31,-0.011,1.08
510300,2023-07-10,3.606,3.604,3.63,3.592,4284868,1668025659.0,1.06,0.45,0.016,1.53
510300,2023-07-11,3.617,3.63,3.635,3.607,5874389,2292218456.0,0.78,0.72,0.026,2.09
510300,2023-07-12,3.634,3.611,3.64,3.601,3894108,1520311053.0,1.07,-0.52,-0.019,1.39
510300,2023-07-13,3.63,3.674,3.677,3.63,5722866,2254997240.0,1.3,1.74,0.063,2.04
510300,2023-07-14,3.68,3.672,3.684,3.67,3632621,1437431006.0,0.38,-0.05,-0.002,1.3
510300,2023-07-17,3.666,3.644,3.666,3.628,4486126,1757874089.0,1.03,-0.76,-0.028,1.6
510300,2023-07-18,3.645,3.638,3.652,3.625,2666707,1044528809.0,0.74,-0.16,-0.006,0.95
510300,2023-07-19,3.63,3.636,3.644,3.615,5012407,1958620837.0,0.8,-0.05,-0.002,1.79
510300,2023-07-20,3.643,3.608,3.662,3.601,8715071,3409059171.0,1.68,-0.77,-0.028,3.11
510300,2023-07-21,3.608,3.61,3.637,3.595,7272501,2831069309.0,1.16,0.06,0.002,2.59
510300,2023-07-24,3.59,3.593,3.617,3.584,4549820,1762582929.0,0.91,-0.47,-0.017,1.62
510300,2023-07-25,3.64,3.705,3.706,3.64,11409824,4516702930.0,1.84,3.12,0.112,4.07
510300,2023-07-26,3.7,3.696,3.702,3.681,5880386,2336248742.0,0.57,-0.24,-0.009,2.1
510300,2023-07-27,3.705,3.692,3.718,3.68,6024658,2399970524.0,1.03,-0.11,-0.004,2.15
510300,2023-07-28,3.673,3.788,3.795,3.673,14964884,6045486970.0,3.3,2.6,0.096,5.34
510300,2023-07-31,3.82,3.804,3.861,3.794,17906350,7347223022.0,1.77,0.42,0.016,6.38
510300,2023-08-01,3.8,3.786,3.825,3.775,11359816,4628166309.0,1.31,-0.47,-0.018,4.05
510300,2023-08-02,3.779,3.757,3.8,3.746,7894398,3195405068.0,1.43,-0.77,-0.029,2.81
510300,2023-08-03,3.751,3.793,3.795,3.751,7379311,2990984772.0,1.17,0.96,0.036,2.63
510300,2023-08-04,3.835,3.814,3.852,3.8,14223575,5844695555.0,1.37,0.55,0.021,5.07
510300,2023-08-07,3.796,3.783,3.796,3.769,12814224,5203107906.0,0.71,-0.81,-0.031,4.57
510300,2023-08-08,3.768,3.768,3.795,3.755,11165791,4524172048.0,1.06,-0.4,-0.015,3.98
510300,2023-08-09,3.758,3.76,3.775,3.754,13325079,5388159549.0,0.56,-0.21,-0.008,4.75
510300,2023-08-10,3.758,3.765,3.77,3.734,9382509,3788454446.0,0.96,0.13,0.005,3.35
510300,2023-08-11,3.765,3.67,3.768,3.668,12885598,5137860063.0,2.66,-2.52,-0.095,4.59
510300,2023-08-14,3.639,3.643,3.652,3.604,10386003,4062406138.0,1.31,-0.74,-0.027,3.7
510300,2023-08-15,3.647,3.639,3.655,3.601,8165194,3193418408.0,1.48,-0.11,-0.004,2.91
510300,2023-08-16,3.622,3.609,3.642,3.607,8558495,3338499228.0,0.96,-0.82,-0.03,3.05
510300,2023-08-17,3.591,3.622,3.629,3.575,11561183,4488757418.0,1.5,0.36,0.013,4.12
510300,2023-08-18,3.624,3.572,3.634,3.571,12755465,4949895035.0,1.74,-1.38,-0.05,4.55
510300,2023-08-21,3.563,3.52,3.574,3.517,11009244,4211773045.0,1.6,-1.46,-0.052,3.93
510300,2023-08-22,3.538,3.543,3.561,3.492,13315289,5068251898.0,1.96,0.65,0.023,4.75
510300,2023-08-23,3.53,3.488,3.541,3.479,10824197,4103294099.0,1.75,-1.55,-0.055,3.86
510300,2023-08-24,3.495,3.511,3.54,3.492,9526548,3613485225.0,1.38,0.66,0.023,3.4
510300,2023-08-25,3.496,3.504,3.529,3.488,11745355,4441349667.0,1.17,-0.2,-0.007,4.19
510300,2023-08-28,3.731,3.557,3.731,3.53,28220118,10967426433.0,5.74,1.51,0.053,10.06
510300,2023-08-29,3.54,3.579,3.608,3.538,21940525,8447914072.0,1.97,0.62,0.022,7.82
510300,2023-08-30,3.584,3.578,3.604,3.57,10361323,4005949852.0,0.95,-0.03,-0.001,3.69
510300,2023-08-31,3.578,3.559,3.585,3.55,8384688,3223625329.0,0.98,-0.53,-0.019,2.99
510300,2023-09-01,3.577,3.582,3.6,3.57,7926925,3061777815.0,0.84,0.65,0.023,2.83
510300,2023-09-04,3.61,3.64,3.65,3.594,11855233,4631839161.0,1.56,1.62,0.058,4.23
510300,2023-09-05,3.63,3.613,3.632,3.605,6297701,2454185740.0,0.74,-0.74,-0.027,2.25
510300,2023-09-06,3.6,3.603,3.613,3.586,7151761,2772119111.0,0.75,-0.28,-0.01,2.55
510300,2023-09-07,3.595,3.55,3.596,3.546,9410350,3620025670.0,1.39,-1.47,-0.053,3.36
510300,2023-09-08,3.535,3.529,3.548,3.516,8186358,3117927088.0,0.9,-0.59,-0.021,2.92
510300,2023-09-11,3.53,3.557,3.581,3.523,8166508,3130054721.0,1.64,0.79,0.028,2.91
510300,2023-09-12,3.554,3.552,3.566,3.545,5949369,2280742953.0,0.59,-0.14,-0.005,2.12
510300,2023-09-13,3.551,3.527,3.562,3.507,10321331,3927790358.0,1.55,-0.7,-0.025,3.68
510300,2023-09-14,3.526,3.524,3.538,3.505,9282830,3527433204.0,0.94,-0.09,-0.003,3.31
510300,2023-09-15,3.531,3.507,3.538,3.489,11906221,4515384978.0,1.39,-0.48,-0.017,4.25
510300,2023-09-18,3.498,3.52,3.531,3.484,9859264,3740921119.0,1.34,0.37,0.013,3.52
510300,2023-09-19,3.516,3.515,3.518,3.492,7270063,2752539515.0,0.74,-0.14,-0.005,2.59
510300,2023-09-20,3.505,3.497,3.513,3.497,6341355,2399486875.0,0.46,-0.51,-0.018,2.26
510300,2023-09-21,3.489,3.462,3.503,3.461,8991970,3378417954.0,1.2,-1.0,-0.035,3.21
510300,2023-09-22,3.456,3.537,3.538,3.455,12471166,4719058010.0,2.4,2.17,0.075,4.45
510300,2023-09-25,3.526,3.509,3.529,3.502,7009057,2656946227.0,0.76,-0.79,-0.028,2.5
510300,2023-09-26,3.506,3.488,3.517,3.486,8629085,3257834057.0,0.88,-0.6,-0.021,3.08
510300,2023-09-27,3.487,3.498,3.525,3.486,10780540,4074752971.0,1.12,0.29,0.01,3.84
510300,2023-09-28,3.505,3.484,3.511,3.476,11206124,4221645459.0,1.0,-0.4,-0.014,4.0
510300,2023-10-09,3.477,3.474,3.488,3.433,8752131,3273783140.0,1.58,-0.29,-0.01,3.12
510300,2023-10-10,3.486,3.447,3.498,3.444,9279324,3475885457.0,1.55,-0.78,-0.027,3.31
510300,2023-10-11,3.465,3.455,3.482,3.447,8934987,3346389864.0,1.02,0.23,0.008,3.19
510300,2023-10-12,3.49,3.491,3.505,3.472,9335216,3516113484.0,0.96,1.04,0.036,3.33
510300,2023-10-13,3.47,3.456,3.471,3.444,11350953,4239502340.0,0.77,-1.0,-0.035,4.05
510300,2023-10-16,3.456,3.413,3.458,3.402,11389806,4217878506.0,1.62,-1.24,-0.043,4.06
510300,2023-10-17,3.42,3.425,3.433,3.407,8880603,3286594496.0,0.76,0.35,0.012,3.17
510300,2023-10-18,3.419,3.397,3.423,3.395,8102706,2986654336.0,0.82,-0.82,-0.028,2.89
510300,2023-10-19,3.38,3.32,3.38,3.315,16903688,6128588638.0,1.91,-2.27,-0.077,6.03
510300,2023-10-20,3.303,3.302,3.32,3.285,17404462,6233727376.0,1.05,-0.54,-0.018,6.21
510300,2023-10-23,3.288,3.264,3.29,3.232,27102417,9591980200.0,1.76,-1.15,-0.038,9.66
510300,2023-10-24,3.273,3.269,3.283,3.24,15350130,5440874384.0,1.32,0.15,0.005,5.47
510300,2023-10-25,3.308,3.289,3.323,3.287,13833516,4957392955.0,1.1,0.61,0.02,4.93
510300,2023-10-26,3.275,3.302,3.306,3.268,11436095,4074940755.0,1.16,0.4,0.013,4.08
510300,2023-10-27,3.294,3.356,3.369,3.285,16476624,5952697550.0,2.54,1.64,0.054,5.87
510300,2023-10-30,3.342,3.372,3.383,3.34,9614014,3503763582.0,1.28,0.48,0.016,3.43
510300,2023-10-31,3.365,3.364,3.37,3.342,8396600,3053046237.0,0.83,-0.24,-0.008,2.99
510300,2023-11-01,3.4,3.362,3.4,3.352,8119834,2960433483.0,1.43,-0.06,-0.002,2.9
510300,2023-11-02,3.368,3.345,3.389,3.344,10753816,3915900772.0,1.34,-0.51,-0.017,3.83
510300,2023-11-03,3.351,3.373,3.388,3.35,10578227,3863396873.0,1.14,0.84,0.028,3.77
510300,2023-11-06,3.395,3.421,3.425,3.394,11766496,4344615629.0,0.92,1.42,0.048,4.2
510300,2023-11-07,3.412,3.41,3.421,3.396,6575291,2424393951.0,0.73,-0.32,-0.011,2.34
510300,2023-11-08,3.403,3.399,3.416,3.378,11353212,4175672872.0,1.11,-0.32,-0.011,4.05
510300,2023-11-09,3.391,3.402,3.415,3.389,8185694,3012831353.0,0.76,0.09,0.003,2.92
510300,2023-11-10,3.388,3.375,3.388,3.363,7841768,2864208754.0,0.73,-0.79,-0.027,2.8
510300,2023-11-13,3.379,3.37,3.386,3.35,6744633,2456900620.0,1.07,-0.15,-0.005,2.4
510300,2023-11-14,3.374,3.37,3.39,3.355,7533172,2750944509.0,1.04,0.0,0.0,2.69
510300,2023-11-15,3.4,3.395,3.411,3.383,9940631,3654308894.0,0.83,0.74,0.025,3.54
510300,2023-11-16,3.39,3.359,3.393,3.357,8815567,3216526669.0,1.06,-1.06,-0.036,3.14
510300,2023-11-17,3.35,3.354,3.358,3.332,11984509,4344183851.0,0.77,-0.15,-0.005,4.27
510300,2023-11-20,3.357,3.365,3.377,3.33,8584304,3119864711.0,1.4,0.33,0.011,3.06
510300,2023-11-21,3.375,3.37,3.406,3.36,9316055,3414862520.0,1.37,0.15,0.005,3.32
510300,2023-11-22,3.361,3.331,3.366,3.33,7622027,2765607794.0,1.07,-1.16,-0.039,2.72
510300,2023-11-23,3.329,3.35,3.352,3.315,7749718,2800813039.0,1.11,0.57,0.019,2.76
510300,2023-11-24,3.346,3.325,3.347,3.318,7434533,2684275512.0,0.87,-0.75,-0.025,2.65
510300,2023-11-27,3.324,3.301,3.324,3.277,7762956,2773819650.0,1.41,-0.72,-0.024,2.77
510300,2023-11-28,3.295,3.305,3.31,3.286,7274837,2603222024.0,0.73,0.12,0.004,2.59
510300,2023-11-29,3.306,3.278,3.309,3.265,7590570,2702123586.0,1.33,-0.82,-0.027,2.71
510300,2023-11-30,3.274,3.282,3.292,3.267,6678101,2377329010.0,0.76,0.12,0.004,2.38
510300,2023-12-01,3.281,3.268,3.287,3.239,8604681,3046328676.0,1.46,-0.43,-0.014,3.07
510300,2023-12-04,3.271,3.244,3.274,3.243,6925230,2448340185.0,0.95,-0.73,-0.024,2.47
510300,2023-12-05,3.239,3.178,3.239,3.177,10087896,3519764103.0,1.91,-2.03,-0.066,3.6
510300,2023-12-06,3.174,3.183,3.203,3.164,10019449,3471511576.0,1.23,0.16,0.005,3.57
510300,2023-12-07,3.181,3.174,3.188,3.151,9345058,3222732043.0,1.16,-0.28,-0.009,3.33
510300,2023-12-08,3.175,3.181,3.193,3.17,7091986,2456531937.0,0.72,0.22,0.007,2.53
510300,2023-12-11,3.16,3.205,3.217,3.135,9982478,3440612626.0,2.58,0.75,0.024,3.56
510300,2023-12-12,3.196,3.213,3.215,3.193,6407242,2232549949.0,0.69,0.25,0.008,2.28
510300,2023-12-13,3.202,3.155,3.206,3.152,7088152,2449237490.0,1.68,-1.81,-0.058,2.53
510300,2023-12-14,3.171,3.139,3.185,3.134,7415331,2548257393.0,1.62,-0.51,-0.016,2.64
510300,2023-12-15,3.15,3.132,3.174,3.125,8999768,3083345817.0,1.56,-0.22,-0.007,3.21
510300,2023-12-18,3.118,3.118,3.139,3.1,8473038,2880805451.0,1.25,-0.45,-0.014,3.02
510300,2023-12-19,3.117,3.12,3.134,3.1,10985366,3728059629.0,1.09,0.06,0.002,3.92
510300,2023-12-20,3.124,3.089,3.129,3.085,10347176,3505163478.0,1.41,-0.99,-0.031,3.69
510300,2023-12-21,3.075,3.12,3.131,3.072,15924481,5392955427.0,1.91,1.0,0.031,5.68
510300,2023-12-22,3.117,3.126,3.15,3.102,20765265,7076759645.0,1.54,0.19,0.006,7.4
510300,2023-12-25,3.125,3.135,3.14,3.121,10041465,3425066434.0,0.61,0.29,0.009,3.58
510300,2023-12-26,3.133,3.115,3.133,3.105,7771693,2637394901.0,0.89,-0.64,-0.02,2.77
510300,2023-12-27,3.116,3.125,3.131,3.098,8361725,2840693989.0,1.06,0.32,0.01,2.98
510300,2023-12-28,3.121,3.209,3.218,3.12,23832992,8259924175.0,3.14,2.69,0.084,8.5
510300,2023-12-29,3.208,3.219,3.225,3.202,25188735,8806298908.0,0.72,0.31,0.01,8.98
510300,2024-01-02,3.222,3.173,3.222,3.171,9429306,3269676679.0,1.58,-1.43,-0.046,3.36
510300,2024-01-03,3.166,3.163,3.18,3.148,10617503,3654757871.0,1.01,-0.32,-0.01,3.79
510300,2024-01-04,3.162,3.133,3.162,3.107,16661525,5674869534.0,1.74,-0.95,-0.03,5.94
510300,2024-01-05,3.124,3.116,3.159,3.097,16996697,5796964474.0,1.98,-0.54,-0.017,6.06
510300,2024-01-08,3.109,3.069,3.123,3.066,17304244,5816612453.0,1.83,-1.51,-0.047,6.17
510300,2024-01-09,3.071,3.077,3.091,3.059,11312178,3794394933.0,1.04,0.26,0.008,4.03
510300,2024-01-10,3.07,3.061,3.101,3.052,9582541,3211385597.0,1.59,-0.52,-0.016,3.42
510300,2024-01-11,3.061,3.08,3.1,3.054,12662372,4254642486.0,1.5,0.62,0.019,4.51
510300,2024-01-12,3.071,3.069,3.097,3.066,8413273,2826380699.0,1.01,-0.36,-0.011,3.0
510300,2024-01-15,3.05,3.065,3.095,3.044,9055706,3030920178.0,1.66,-0.13,-0.004,3.23
510300,2024-01-16,3.06,3.087,3.088,3.046,17689524,5925099758.0,1.37,0.72,0.022,6.31
510300,2024-01-17,3.077,3.012,3.077,3.01,12862152,4278633103.0,2.17,-2.43,-0.075,4.59
510300,2024-01-18,3.007,3.057,3.064,2.955,47543511,15257021704.0,3.62,1.49,0.045,16.95
510300,2024-01-19,3.038,3.064,3.074,3.031,36944521,12079016731.0,1.41,0.23,0.007,13.17
510300,2024-01-22,3.054,2.995,3.064,2.982,46470565,15113081733.0,2.68,-2.25,-0.069,16.57
510300,2024-01-23,2.988,3.017,3.036,2.975,13924804,4481443569.0,2.04,0.73,0.022,4.96
510300,2024-01-24,3.028,3.068,3.069,2.977,22789369,7373901841.0,3.05,1.69,0.051,8.13
510300,2024-01-25,3.059,3.124,3.129,3.05,16487014,5449682868.0,2.57,1.83,0.056,5.88
510300,2024-01-26,3.117,3.118,3.139,3.101,21833051,7273329362.0,1.22,-0.19,-0.006,7.78
510300,2024-01-29,3.12,3.088,3.134,3.087,10113930,3358335864.0,1.51,-0.96,-0.03,3.61
510300,2024-01-30,3.07,3.032,3.087,3.03,18892623,6186331951.0,1.85,-1.81,-0.056,6.74
510300,2024-01-31,3.022,3.011,3.038,2.986,19090997,6157214385.0,1.72,-0.69,-0.021,6.81
510300,2024-02-01,2.989,3.007,3.037,2.979,18909976,6091552415.0,1.93,-0.13,-0.004,6.74
510300,2024-02-02,3.007,2.977,3.021,2.891,25386942,8074716502.0,4.32,-1.0,-0.03,9.05
510300,2024-02-05,2.947,2.997,3.023,2.9,26601787,8439536816.0,4.13,0.67,0.02,9.48
510300,2024-02-06,2.974,3.1,3.103,2.971,20089182,6562526022.0,4.4,3.44,0.103,7.16
510300,2024-02-07,3.099,3.129,3.131,3.076,34658147,11514587248.0,1.77,0.94,0.029,12.36
510300,2024-02-08,3.141,3.151,3.155,3.122,23942620,8019665628.0,1.05,0.7,0.022,8.54
510300,2024-02-19,3.163,3.178,3.181,3.144,14861876,5016056179.0,1.17,0.86,0.027,5.3
510300,2024-02-20,3.172,3.19,3.194,3.161,9801668,3322077448.0,1.04,0.38,0.012,3.49
510300,2024-02-21,3.177,3.238,3.285,3.171,16009581,5528334980.0,3.57,1.5,0.048,5.71
510300,2024-02-22,3.236,3.264,3.266,3.23,9446351,3270537309.0,1.11,0.8,0.026,3.37
510300,2024-02-23,3.264,3.267,3.286,3.253,10908774,3794512188.0,1.01,0.09,0.003,3.89
510300,2024-02-26,3.265,3.232,3.271,3.226,11172368,3865703825.0,1.38,-1.07,-0.035,3.98
510300,2024-02-27,3.224,3.273,3.275,3.222,10468849,3620336718.0,1.64,1.27,0.041,3.73
510300,2024-02-28,3.276,3.237,3.303,3.235,28549979,9926190298.0,2.08,-1.1,-0.036,10.18
510300,2024-02-29,3.229,3.292,3.296,3.226,14835850,5163736038.0,2.16,1.7,0.055,5.29
510300,2024-03-01,3.29,3.319,3.329,3.284,12256393,4311480716.0,1.37,0.82,0.027,4.37
510300,2024-03-04,3.315,3.316,3.326,3.297,10146550,3576642516.0,0.87,-0.09,-0.003,3.62
510300,2024-03-05,3.304,3.345,3.355,3.297,27991019,9924986737.0,1.75,0.87,0.029,9.98
510300,2024-03-06,3.34,3.331,3.361,3.327,12995274,4612496593.0,1.02,-0.42,-0.014,4.63
510300,2024-03-07,3.33,3.312,3.349,3.304,10589480,3740550493.0,1.35,-0.57,-0.019,3.78
510300,2024-03-08,3.314,3.322,3.329,3.293,8621877,3038389403.0,1.09,0.3,0.01,3.07
510300,2024-03-11,3.32,3.37,3.373,3.319,11207615,3980306236.0,1.63,1.44,0.048,4.0
510300,2024-03-12,3.372,3.375,3.388,3.357,11058396,3962320648.0,0.92,0.15,0.005,3.94
510300,2024-03-13,3.374,3.354,3.374,3.344,6858706,2448621615.0,0.89,-0.62,-0.021,2.45
510300,2024-03-14,3.349,3.341,3.376,3.324,7018811,2499760281.0,1.55,-0.39,-0.013,2.5
510300,2024-03-15,3.331,3.35,3.355,3.311,8490238,3005272035.0,1.32,0.27,0.009,3.03
510300,2024-03-18,3.35,3.381,3.382,3.35,7873329,2817049387.0,0.96,0.93,0.031,2.81
510300,2024-03-19,3.375,3.358,3.389,3.354,6548752,2344663833.0,1.04,-0.68,-0.023,2.33
510300,2024-03-20,3.35,3.361,3.371,3.347,5379620,1920793104.0,0.71,0.09,0.003,1.92
510300,2024-03-21,3.369,3.359,3.383,3.354,6197332,2218906080.0,0.86,-0.06,-0.002,2.21
510300,2024-03-22,3.356,3.328,3.357,3.301,14506378,5127448694.0,1.67,-0.92,-0.031,5.17
510300,2024-03-25,3.319,3.309,3.344,3.306,6305427,2227919111.0,1.14,-0.57,-0.019,2.25
510300,2024-03-26,3.309,3.32,3.327,3.301,8791033,3098650769.0,0.79,0.33,0.011,3.13
510300,2024-03-27,3.315,3.282,3.321,3.281,8746475,3074186800.0,1.2,-1.14,-0.038,3.12
510300,2024-03-28,3.28,3.299,3.333,3.27,10319251,3626832966.0,1.92,0.52,0.017,3.68
510300,2024-03-29,3.296,3.315,3.319,3.294,6511959,2290152714.0,0.76,0.48,0.016,2.32
510300,2024-04-01,3.329,3.373,3.383,3.328,10932625,3911633845.0,1.66,1.75,0.058,3.9
510300,2024-04-02,3.372,3.361,3.376,3.35,5831914,2083908476.0,0.77,-0.36,-0.012,2.08
510300,2024-04-03,3.359,3.347,3.361,3.337,5983464,2129802753.0,0.71,-0.42,-0.014,2.13
510300,2024-04-08,3.339,3.318,3.345,3.313,7099487,2511699150.0,0.96,-0.87,-0.029,2.53
510300,2024-04-09,3.316,3.312,3.323,3.301,5345371,1882130476.0,0.66,-0.18,-0.006,1.91
510300,2024-04-10,3.313,3.286,3.313,3.269,6816711,2385834189.0,1.33,-0.79,-0.026,2.43
510300,2024-04-11,3.27,3.283,3.302,3.264,5391159,1884073688.0,1.16,-0.09,-0.003,1.92
510300,2024-04-12,3.283,3.255,3.294,3.246,7405129,2575786145.0,1.46,-0.85,-0.028,2.64
510300,2024-04-15,3.255,3.328,3.334,3.253,10999537,3869936517.0,2.49,2.24,0.073,3.92
510300,2024-04-16,3.313,3.296,3.324,3.28,9132298,3210005558.0,1.32,-0.96,-0.032,3.26
510300,2024-04-17,3.296,3.342,3.346,3.28,9964664,3514407052.0,2.0,1.4,0.046,3.55
510300,2024-04-18,3.333,3.348,3.383,3.33,9302193,3319194193.0,1.59,0.18,0.006,3.32
510300,2024-04-19,3.334,3.32,3.343,3.307,6442757,2277856492.0,1.08,-0.84,-0.028,2.3
510300,2024-04-22,3.319,3.313,3.341,3.307,7251824,2562064527.0,1.02,-0.21,-0.007,2.59
510300,2024-04-23,3.313,3.288,3.319,3.282,9428474,3302843911.0,1.12,-0.75,-0.025,3.36
510300,2024-04-24,3.294,3.302,3.306,3.278,5942319,2081789894.0,0.85,0.43,0.014,2.12
510300,2024-04-25,3.292,3.312,3.326,3.284,6647552,2337486533.0,1.27,0.3,0.01,2.37
510300,2024-04-26,3.313,3.362,3.37,3.313,13743140,4889467155.0,1.72,1.51,0.05,4.9
510300,2024-04-29,3.366,3.405,3.427,3.361,15303224,5523568416.0,1.96,1.28,0.043,5.46
510300,2024-04-30,3.404,3.387,3.413,3.385,8231090,2971763282.0,0.82,-0.53,-0.018,2.93
510300,2024-05-06,3.429,3.437,3.453,3.424,13090611,4778963455.0,0.86,1.48,0.05,4.67
510300,2024-05-07,3.434,3.439,3.445,3.426,6860184,2503006857.0,0.55,0.06,0.002,2.45
510300,2024-05-08,3.432,3.41,3.433,3.407,6387759,2318202807.0,0.76,-0.84,-0.029,2.28
510300,2024-05-09,3.409,3.445,3.451,3.408,6502023,2372500248.0,1.26,1.03,0.035,2.32
510300,2024-05-10,3.452,3.447,3.459,3.42,8650954,3157134930.0,1.13,0.06,0.002,3.08
510300,2024-05-13,3.426,3.444,3.455,3.408,7411594,2701728525.0,1.36,-0.09,-0.003,2.64
510300,2024-05-14,3.444,3.438,3.459,3.427,5876668,2144402883.0,0.93,-0.17,-0.006,2.1
510300,2024-05-15,3.436,3.412,3.44,3.406,8559463,3109209781.0,0.99,-0.76,-0.026,3.05
510300,2024-05-16,3.419,3.424,3.44,3.41,10511975,3822598483.0,0.88,0.35,0.012,3.75
510300,2024-05-17,3.424,3.465,3.468,3.412,9320469,3401620100.0,1.64,1.2,0.041,3.32
510300,2024-05-20,3.471,3.473,3.489,3.459,9365359,3450627455.0,0.87,0.23,0.008,3.34
510300,2024-05-21,3.468,3.461,3.472,3.449,4969839,1824951018.0,0.66,-0.35,-0.012,1.77
510300,2024-05-22,3.459,3.469,3.478,3.452,6766846,2488949571.0,0.75,0.23,0.008,2.41
510300,2024-05-23,3.46,3.432,3.463,3.42,6988061,2548466424.0,1.24,-1.07,-0.037,2.49
510300,2024-05-24,3.421,3.391,3.439,3.387,8412742,3048259226.0,1.52,-1.19,-0.041,3.0
510300,2024-05-27,3.394,3.421,3.423,3.39,6696225,2421614804.0,0.97,0.88,0.03,2.39
510300,2024-05-28,3.42,3.398,3.422,3.391,5317532,1923959394.0,0.91,-0.67,-0.023,1.9
510300,2024-05-29,3.397,3.399,3.422,3.39,6152451,2225724205.0,0.94,0.03,0.001,2.19
510300,2024-05-30,3.392,3.385,3.414,3.377,7779253,2801007806.0,1.09,-0.41,-0.014,2.77
510300,2024-05-31,3.391,3.371,3.405,3.369,7232183,2602439724.0,1.06,-0.41,-0.014,2.58
510300,2024-06-03,3.369,3.376,3.388,3.354,7075116,2533469501.0,1.01,0.15,0.005,2.52
510300,2024-06-04,3.374,3.401,3.413,3.368,6817379,2455442420.0,1.33,0.74,0.025,2.43
510300,2024-06-05,3.402,3.388,3.411,3.386,5839394,2108415409.0,0.74,-0.38,-0.013,2.08
510300,2024-06-06,3.395,3.388,3.419,3.374,10266993,3703349866.0,1.33,0.0,0.0,3.66
510300,2024-06-07,3.391,3.365,3.399,3.344,10281271,3679748332.0,1.62,-0.68,-0.023,3.67
510300,2024-06-11,3.356,3.34,3.358,3.322,8799170,3120655858.0,1.07,-0.74,-0.025,3.14
510300,2024-06-12,3.333,3.336,3.345,3.325,5698353,2021361645.0,0.6,-0.12,-0.004,2.03
510300,2024-06-13,3.344,3.323,3.347,3.314,5488037,1942881857.0,0.99,-0.39,-0.013,1.96
510300,2024-06-14,3.316,3.343,3.347,3.306,6741040,2384388229.0,1.23,0.6,0.02,2.4
510300,2024-06-17,3.326,3.333,3.342,3.321,3930172,1393127820.0,0.63,-0.3,-0.01,1.4
510300,2024-06-18,3.338,3.344,3.354,3.332,5490352,1951607303.0,0.66,0.33,0.011,1.96
510300,2024-06-19,3.346,3.334,3.35,3.329,5308595,1883345443.0,0.63,-0.3,-0.01,1.89
510300,2024-06-20,3.332,3.311,3.34,3.305,5546558,1957492953.0,1.05,-0.69,-0.023,1.98
510300,2024-06-21,3.306,3.305,3.314,3.282,19658677,6909858710.0,0.97,-0.18,-0.006,7.01
510300,2024-06-24,3.291,3.288,3.315,3.282,20875455,7315197212.0,1.0,-0.51,-0.017,7.44
510300,2024-06-25,3.284,3.267,3.293,3.248,17384585,6057065481.0,1.37,-0.64,-0.021,6.2
510300,2024-06-26,3.259,3.288,3.296,3.253,10454895,3639499501.0,1.32,0.64,0.021,3.73
510300,2024-06-27,3.279,3.269,3.285,3.263,14337049,4995169625.0,0.67,-0.58,-0.019,5.11
510300,2024-06-28,3.263,3.276,3.3,3.262,12755434,4457663634.0,1.16,0.21,0.007,4.55
510300,2024-07-01,3.276,3.29,3.296,3.256,8536040,2977313191.0,1.22,0.43,0.014,3.04
510300,2024-07-02,3.283,3.285,3.3,3.278,5992049,2097312039.0,0.67,-0.15,-0.005,2.14
510300,2024-07-03,3.283,3.279,3.292,3.269,7914240,2761083445.0,0.7,-0.18,-0.006,2.82
510300,2024-07-04,3.282,3.264,3.298,3.262,15599237,5436186195.0,1.1,-0.46,-0.015,5.56
510300,2024-07-05,3.259,3.247,3.267,3.217,16363845,5643439643.0,1.53,-0.52,-0.017,5.83
510300,2024-07-08,3.24,3.223,3.247,3.215,9426255,3240708452.0,0.99,-0.74,-0.024,3.36
510300,2024-07-09,3.218,3.26,3.273,3.207,10688956,3689270214.0,2.05,1.15,0.037,3.81
510300,2024-07-10,3.253,3.252,3.271,3.249,5792821,2010659819.0,0.67,-0.25,-0.008,2.07
510300,2024-07-11,3.279,3.298,3.308,3.266,10524378,3685787239.0,1.29,1.41,0.046,3.75
510300,2024-07-12,3.3,3.308,3.313,3.294,8723694,3066853429.0,0.58,0.3,0.01,3.11
510300,2024-07-15,3.3,3.315,3.32,3.297,12550082,4423002980.0,0.7,0.21,0.007,4.47
510300,2024-07-16,3.309,3.34,3.344,3.306,16125087,5710212236.0,1.15,0.75,0.025,5.75
510300,2024-07-17,3.338,3.345,3.359,3.329,22565644,8028962162.0,0.9,0.15,0.005,8.05
510300,2024-07-18,3.33,3.366,3.368,3.321,19611815,6976289739.0,1.41,0.63,0.021,6.99
510300,2024-07-19,3.354,3.389,3.395,3.341,31696626,11368072270.0,1.6,0.68,0.023,11.3
510300,2024-07-22,3.384,3.36,3.387,3.34,17163073,6131911990.0,1.39,-0.86,-0.029,6.12
510300,2024-07-23,3.355,3.29,3.36,3.287,9195337,3244779189.0,2.17,-2.08,-0.07,3.28
510300,2024-07-24,3.284,3.268,3.298,3.255,14910835,5196094516.0,1.31,-0.67,-0.022,5.32
510300,2024-07-25,3.253,3.248,3.265,3.23,20455525,7073298526.0,1.07,-0.61,-0.02,7.29
510300,2024-07-26,3.249,3.263,3.272,3.241,13579703,4708501591.0,0.95,0.46,0.015,4.84
510300,2024-07-29,3.259,3.243,3.261,3.242,5949376,2058113230.0,0.58,-0.61,-0.02,2.12
510300,2024-07-30,3.235,3.22,3.235,3.206,15250861,5228653801.0,0.89,-0.71,-0.023,5.44
510300,2024-07-31,3.22,3.297,3.299,3.216,15389083,5353003146.0,2.58,2.39,0.077,5.49
510300,2024-08-01,3.291,3.272,3.304,3.27,7965404,2783731528.0,1.03,-0.76,-0.025,2.84
510300,2024-08-02,3.249,3.236,3.272,3.23,12997733,4492045041.0,1.28,-1.1,-0.036,4.63
510300,2024-08-05,3.22,3.197,3.263,3.196,20183109,6920794410.0,2.07,-1.21,-0.039,7.2
510300,2024-08-06,3.217,3.197,3.227,3.17,12936275,4403870273.0,1.78,0.0,0.0,4.61
510300,2024-08-07,3.19,3.19,3.214,3.18,6125438,2088374404.0,1.06,-0.22,-0.007,2.18
510300,2024-08-08,3.185,3.194,3.218,3.172,8541072,2910131505.0,1.44,0.13,0.004,3.05
510300,2024-08-09,3.205,3.182,3.219,3.181,6040536,2060032809.0,1.19,-0.38,-0.012,2.15
510300,2024-08-12,3.18,3.178,3.191,3.172,5102200,1730501718.0,0.6,-0.13,-0.004,1.82
510300,2024-08-13,3.18,3.183,3.187,3.161,6958063,2355493509.0,0.82,0.16,0.005,2.48
510300,2024-08-14,3.184,3.159,3.184,3.158,5610998,1895836817.0,0.82,-0.75,-0.024,2.0
510300,2024-08-15,3.154,3.197,3.212,3.15,19046381,6477429750.0,1.96,1.2,0.038,6.79
510300,2024-08-16,3.193,3.199,3.211,3.187,16407617,5598868064.0,0.75,0.06,0.002,5.85
510300,2024-08-19,3.198,3.208,3.233,3.196,7478253,2564014063.0,1.16,0.28,0.009,2.67
510300,2024-08-20,3.213,3.192,3.215,3.177,15944748,5419638977.0,1.18,-0.5,-0.016,5.68
510300,2024-08-21,3.18,3.177,3.195,3.163,10553698,3580301585.0,1.0,-0.47,-0.015,3.76
510300,2024-08-22,3.179,3.168,3.184,3.16,12504794,4229630780.0,0.76,-0.28,-0.009,4.46
510300,2024-08-23,3.16,3.182,3.194,3.16,8203428,2781431192.0,1.07,0.44,0.014,2.92
510300,2024-08-26,3.184,3.183,3.196,3.167,14006799,4747763549.0,0.91,0.03,0.001,4.99
510300,2024-08-27,3.176,3.166,3.179,3.156,12142201,4098131754.0,0.72,-0.53,-0.017,4.33
510300,2024-08-28,3.159,3.146,3.166,3.134,19955803,6698906857.0,1.01,-0.63,-0.02,7.12
510300,2024-08-29,3.138,3.136,3.151,3.129,15082477,5052924865.0,0.7,-0.32,-0.01,5.38
510300,2024-08-30,3.131,3.181,3.212,3.131,17858998,6055678708.0,2.58,1.43,0.045,6.37
510300,2024-09-02,3.17,3.121,3.172,3.119,11333065,3798026307.0,1.67,-1.89,-0.06,4.04
510300,2024-09-03,3.119,3.133,3.141,3.117,12935523,4323110376.0,0.77,0.38,0.012,4.61
510300,2024-09-04,3.12,3.112,3.132,3.11,6803058,2264442533.0,0.7,-0.67,-0.021,2.43
510300,2024-09-05,3.115,3.119,3.129,3.109,16005558,5326213535.0,0.64,0.22,0.007,5.71
510300,2024-09-06,3.124,3.091,3.134,3.089,7933157,2635539673.0,1.44,-0.9,-0.028,2.83
510300,2024-09-09,3.081,3.05,3.085,3.039,10188971,3333497562.0,1.49,-1.33,-0.041,3.63
510300,2024-09-10,3.052,3.05,3.064,3.028,8666554,2821540043.0,1.18,0.0,0.0,3.09
510300,2024-09-11,3.042,3.043,3.056,3.03,7808902,2540394225.0,0.85,-0.23,-0.007,2.78
510300,2024-09-12,3.048,3.032,3.061,3.03,6423793,2090444738.0,1.02,-0.36,-0.011,2.29
510300,2024-09-13,3.034,3.017,3.046,3.016,8504681,2758508174.0,0.99,-0.49,-0.015,3.03
510300,2024-09-18,3.016,3.027,3.04,3.004,12254391,3961249915.0,1.19,0.33,0.01,4.37
510300,2024-09-19,3.032,3.054,3.075,3.005,16348870,5332278336.0,2.31,0.89,0.027,5.83
510300,2024-09-20,3.047,3.063,3.068,3.028,23065620,7514201387.0,1.31,0.29,0.009,8.22
510300,2024-09-23,3.058,3.072,3.089,3.052,8973165,2948484470.0,1.21,0.29,0.009,3.2
510300,2024-09-24,3.103,3.216,3.218,3.082,39185162,13212614699.0,4.43,4.69,0.144,13.97
510300,2024-09-25,3.278,3.263,3.333,3.256,32373469,11342949010.0,2.39,1.46,0.047,11.54
510300,2024-09-26,3.257,3.429,3.432,3.256,44429621,15792061339.0,5.39,5.09,0.166,15.84
510300,2024-09-27,3.489,3.658,3.722,3.459,25594612,9610052344.0,7.67,6.68,0.229,9.13
510300,2024-09-30,3.796,4.022,4.029,3.665,63702341,25799279642.0,9.95,9.95,0.364,22.71
510300,2024-10-08,4.445,4.201,4.445,3.997,86298224,38303717305.0,11.14,4.45,0.179,30.77
510300,2024-10-09,4.074,3.811,4.074,3.794,54091966,22450547643.0,6.67,-9.28,-0.39,19.29
510300,2024-10-10,3.859,3.875,3.974,3.788,37790001,15473060494.0,4.88,1.68,0.064,13.47
510300,2024-10-11,3.846,3.766,3.849,3.712,40900777,16347430929.0,3.54,-2.81,-0.109,14.58
510300,2024-10-14,3.776,3.829,3.849,3.735,31049317,12444027076.0,3.03,1.67,0.063,11.07
510300,2024-10-15,3.803,3.72,3.835,3.716,26138707,10426846503.0,3.11,-2.85,-0.109,9.32
510300,2024-10-16,3.68,3.695,3.749,3.671,21611196,8450464021.0,2.1,-0.67,-0.025,7.71
510300,2024-10-17,3.719,3.652,3.749,3.651,29354356,11450617810.0,2.65,-1.16,-0.043,10.47
510300,2024-10-18,3.647,3.805,3.907,3.635,36209179,14349439594.0,7.45,4.19,0.153,12.91
510300,2024-10-21,3.806,3.805,3.849,3.769,25293364,10167737315.0,2.1,0.0,0.0,9.02
510300,2024-10-22,3.791,3.829,3.835,3.79,16669245,6711416525.0,1.18,0.63,0.024,5.94
510300,2024-10-23,3.829,3.844,3.886,3.81,22666292,9196021921.0,1.98,0.39,0.015,8.08
510300,2024-10-24,3.827,3.8,3.831,3.782,15982487,6418011399.0,1.27,-1.14,-0.044,5.7
510300,2024-10-25,3.801,3.829,3.867,3.792,16852658,6801807389.0,1.97,0.76,0.029,6.01
510300,2024-10-28,3.824,3.835,3.836,3.789,13963081,5622580497.0,1.23,0.16,0.006,4.98
510300,2024-10-29,3.839,3.802,3.868,3.792,17946282,7237339621.0,1.98,-0.86,-0.033,6.4
510300,2024-10-30,3.79,3.76,3.8,3.734,18128591,7210707530.0,1.74,-1.1,-0.042,6.46
510300,2024-10-31,3.758,3.76,3.796,3.727,17636493,7004839523.0,1.84,0.0,0.0,6.29
510300,2024-11-01,3.753,3.768,3.807,3.75,18177560,7259471612.0,1.52,0.21,0.008,6.48
510300,2024-11-04,3.771,3.821,3.823,3.76,12493144,4997179234.0,1.67,1.41,0.053,4.45
510300,2024-11-05,3.813,3.926,3.928,3.799,27630144,11308231751.0,3.38,2.75,0.105,9.85
510300,2024-11-06,3.926,3.9,3.969,3.874,21734248,8976072158.0,2.42,-0.66,-0.026,7.75
510300,2024-11-07,3.869,4.037,4.039,3.865,27887189,11598082835.0,4.46,3.51,0.137,9.94
510300,2024-11-08,4.071,3.983,4.079,3.967,28080232,11867165449.0,2.77,-1.34,-0.054,10.01
510300,2024-11-11,3.941,4.004,4.008,3.919,23043651,9617369865.0,2.23,0.53,0.021,8.22
510300,2024-11-12,3.999,3.958,4.057,3.934,23041668,9698713979.0,3.07,-1.15,-0.046,8.22
510300,2024-11-13,3.939,3.984,3.995,3.935,15727943,6569000903.0,1.52,0.66,0.026,5.61
510300,2024-11-14,3.977,3.913,3.992,3.906,14438853,6015521584.0,2.16,-1.78,-0.071,5.15
510300,2024-11-15,3.903,3.844,3.923,3.839,16769935,6875318302.0,2.15,-1.76,-0.069,5.98
510300,2024-11-18,3.86,3.827,3.907,3.802,16100926,6552723785.0,2.73,-0.44,-0.017,5.74
510300,2024-11-19,3.829,3.847,3.85,3.77,16705449,6731130787.0,2.09,0.52,0.02,5.96
510300,2024-11-20,3.835,3.857,3.874,3.827,15485304,6285302021.0,1.22,0.26,0.01,5.52
510300,2024-11-21,3.849,3.862,3.871,3.837,10454707,4249179703.0,0.88,0.13,0.005,3.73
510300,2024-11-22,3.86,3.742,3.863,3.735,17571913,7058103342.0,3.31,-3.11,-0.12,6.27
510300,2024-11-25,3.744,3.72,3.761,3.683,13590858,5349569691.0,2.08,-0.59,-0.022,4.85
510300,2024-11-26,3.703,3.712,3.745,3.702,7847079,3086739740.0,1.16,-0.22,-0.008,2.8
510300,2024-11-27,3.705,3.776,3.781,3.69,14519874,5739351636.0,2.45,1.72,0.064,5.18
510300,2024-11-28,3.773,3.747,3.778,3.737,10724073,4256335685.0,1.09,-0.77,-0.029,3.82
510300,2024-11-29,3.749,3.79,3.836,3.746,15297716,6126864756.0,2.4,1.15,0.043,5.45
510300,2024-12-02,3.786,3.82,3.832,3.776,9816348,3948066718.0,1.48,0.79,0.03,3.5
510300,2024-12-03,3.819,3.824,3.841,3.794,15244237,6140454912.0,1.23,0.1,0.004,5.44
510300,2024-12-04,3.819,3.803,3.83,3.792,10069479,4047901833.0,0.99,-0.55,-0.021,3.59
510300,2024-12-05,3.795,3.796,3.811,3.783,7595229,3042872203.0,0.74,-0.18,-0.007,2.71
510300,2024-12-06,3.796,3.846,3.874,3.795,17762294,7198784380.0,2.08,1.32,0.05,6.33
510300,2024-12-09,3.843,3.843,3.869,3.819,12464187,5050072365.0,1.3,-0.08,-0.003,4.44
510300,2024-12-10,3.968,3.874,3.987,3.862,24827953,10257484391.0,3.25,0.81,0.031,8.85
510300,2024-12-11,3.867,3.864,3.883,3.854,12587160,5136178221.0,0.75,-0.26,-0.01,4.49
510300,2024-12-12,3.866,3.906,3.911,3.855,13601804,5577925837.0,1.45,1.09,0.042,4.85
510300,2024-12-13,3.881,3.809,3.881,3.801,23465697,9490500688.0,2.05,-2.48,-0.097,8.37
510300,2024-12-16,3.807,3.785,3.81,3.775,9893231,3956401792.0,0.92,-0.63,-0.024,3.53
510300,2024-12-17,3.782,3.796,3.832,3.78,13646692,5482919074.0,1.37,0.29,0.011,4.87
510300,2024-12-18,3.809,3.813,3.828,3.804,10236096,4121893615.0,0.63,0.45,0.017,3.65
510300,2024-12-19,3.789,3.819,3.827,3.77,9903622,3977931242.0,1.49,0.16,0.006,3.53
510300,2024-12-20,3.813,3.807,3.834,3.801,12230620,4921231692.0,0.86,-0.31,-0.012,4.36
510300,2024-12-23,3.806,3.811,3.842,3.804,14247022,5749434770.0,1.0,0.11,0.004,5.08
510300,2024-12-24,3.813,3.858,3.865,3.811,14563434,5907574012.0,1.42,1.23,0.047,5.19
510300,2024-12-25,3.861,3.861,3.883,3.843,14181375,5775975676.0,1.04,0.08,0.003,5.06
510300,2024-12-26,3.861,3.862,3.868,3.845,9470234,3855435790.0,0.6,0.03,0.001,3.38
510300,2024-12-27,3.865,3.856,3.888,3.85,10869639,4428609591.0,0.98,-0.16,-0.006,3.88
510300,2024-12-30,3.855,3.875,3.882,3.854,13119335,5359063002.0,0.73,0.49,0.019,4.68
510300,2024-12-31,3.876,3.811,3.883,3.809,18436188,7479851076.0,1.91,-1.65,-0.064,6.57
510300,2025-01-02,3.809,3.698,3.81,3.67,21729803,8582891966.0,3.67,-2.97,-0.113,7.75
510300,2025-01-03,3.698,3.658,3.71,3.642,15930226,6191152281.0,1.84,-1.08,-0.04,5.68
510300,2025-01-06,3.654,3.642,3.662,3.617,12986739,5000830631.0,1.23,-0.44,-0.016,4.63
510300,2025-01-07,3.634,3.669,3.671,3.625,9689740,3741067135.0,1.26,0.74,0.027,3.45
510300,2025-01-08,3.659,3.663,3.688,3.604,14097968,5440502616.0,2.29,-0.16,-0.006,5.03
510300,2025-01-09,3.652,3.655,3.669,3.646,8060658,3119907404.0,0.63,-0.22,-0.008,2.87
510300,2025-01-10,3.654,3.612,3.664,3.611,8265725,3179602825.0,1.45,-1.18,-0.043,2.95
510300,2025-01-13,3.59,3.597,3.615,3.582,9493947,3613570705.0,0.91,-0.42,-0.015,3.38
510300,2025-01-14,3.604,3.695,3.707,3.598,16445462,6369926277.0,3.03,2.72,0.098,5.86
510300,2025-01-15,3.685,3.672,3.693,3.666,7420496,2886729493.0,0.73,-0.62,-0.023,2.65
510300,2025-01-16,3.685,3.674,3.722,3.65,11090052,4322396833.0,1.96,0.05,0.002,3.95
510300,2025-01-17,3.664,3.687,3.711,3.657,8476993,3304922190.0,1.47,0.35,0.013,3.02
510300,2025-01-20,3.71,3.706,3.738,3.697,9202943,3619235609.0,1.11,0.52,0.019,3.28
510300,2025-01-21,3.726,3.711,3.73,3.694,7439264,2916284005.0,0.97,0.13,0.005,2.65
510300,2025-01-22,3.705,3.675,3.705,3.657,10996807,4270106497.0,1.29,-0.97,-0.036,3.92
510300,2025-01-23,3.704,3.686,3.747,3.683,10385928,4075002566.0,1.74,0.3,0.011,3.7
510300,2025-01-24,3.678,3.718,3.732,3.672,11436475,4485387449.0,1.63,0.87,0.032,4.08
510300,2025-01-27,3.725,3.696,3.734,3.693,13053850,5123431141.0,1.1,-0.59,-0.022,4.65
510300,2025-02-05,3.719,3.676,3.723,3.668,7515497,2927530877.0,1.49,-0.54,-0.02,2.68
510300,2025-02-06,3.673,3.721,3.726,3.67,13886365,5435915349.0,1.52,1.22,0.045,4.95
510300,2025-02-07,3.722,3.777,3.803,3.715,19306314,7669642167.0,2.36,1.5,0.056,6.88
510300,2025-02-10,3.778,3.781,3.789,3.763,12672646,5055466090.0,0.69,0.11,0.004,4.52
510300,2025-02-11,3.786,3.765,3.787,3.752,9990359,3973032663.0,0.93,-0.42,-0.016,3.56
510300,2025-02-12,3.763,3.803,3.808,3.749,9789537,3903102518.0,1.57,1.01,0.038,3.49
510300,2025-02-13,3.798,3.793,3.823,3.787,11758227,4719508133.0,0.95,-0.26,-0.01,4.19
510300,2025-02-14,3.789,3.823,3.829,3.786,12924287,5196144834.0,1.13,0.79,0.03,4.61
510300,2025-02-17,3.833,3.83,3.842,3.801,13341020,5380966546.0,1.07,0.18,0.007,4.76
510300,2025-02-18,3.824,3.801,3.847,3.785,12465911,5027787885.0,1.62,-0.76,-0.029,4.44
510300,2025-02-19,3.794,3.822,3.83,3.789,10190769,4102654822.0,1.08,0.55,0.021,3.63
510300,2025-02-20,3.818,3.81,3.822,3.797,10186035,4094980472.0,0.65,-0.31,-0.012,3.63
510300,2025-02-21,3.821,3.864,3.869,3.809,14372665,5834090272.0,1.57,1.42,0.054,5.12
510300,2025-02-24,3.859,3.851,3.878,3.83,15385782,6256202737.0,1.24,-0.34,-0.013,5.49
510300,2025-02-25,3.824,3.81,3.84,3.797,8924900,3596194905.0,1.12,-1.06,-0.041,3.18
510300,2025-02-26,3.817,3.843,3.844,3.808,13456581,5430499637.0,0.94,0.87,0.033,4.8
510300,2025-02-27,3.845,3.856,3.858,3.817,11285856,4570197712.0,1.07,0.34,0.013,4.02
510300,2025-02-28,3.838,3.783,3.854,3.771,13293340,5343803359.0,2.15,-1.89,-0.073,4.74
510300,2025-03-03,3.784,3.77,3.816,3.755,11457686,4581300848.0,1.61,-0.34,-0.013,4.09
510300,2025-03-04,3.749,3.766,3.773,3.741,10121848,4019370464.0,0.85,-0.11,-0.004,3.61
510300,2025-03-05,3.769,3.783,3.788,3.757,11919016,4748819507.0,0.82,0.45,0.017,4.25
510300,2025-03-06,3.804,3.838,3.851,3.8,13710079,5540793752.0,1.35,1.45,0.055,4.89
510300,2025-03-07,3.829,3.828,3.85,3.819,11559971,4671741021.0,0.81,-0.26,-0.01,4.12
510300,2025-03-10,3.826,3.812,3.831,3.788,14427837,5792520821.0,1.12,-0.42,-0.016,5.14
510300,2025-03-11,3.783,3.824,3.825,3.779,10029170,4027510341.0,1.21,0.31,0.012,3.58
510300,2025-03-12,3.827,3.814,3.839,3.807,6092317,2456951615.0,0.84,-0.26,-0.01,2.17
510300,2025-03-13,3.813,3.794,3.822,3.782,6410438,2572874364.0,1.05,-0.52,-0.02,2.29
510300,2025-03-14,3.801,3.895,3.902,3.799,19037183,7767222868.0,2.71,2.66,0.101,6.79
510300,2025-03-17,3.907,3.883,3.912,3.877,11330420,4647468370.0,0.9,-0.31,-0.012,4.04
510300,2025-03-18,3.897,3.892,3.904,3.88,8114043,3329371908.0,0.62,0.23,0.009,2.89
510300,2025-03-19,3.887,3.898,3.91,3.873,8798313,3609853058.0,0.95,0.15,0.006,3.14
510300,2025-03-20,3.898,3.865,3.898,3.857,8751426,3573521339.0,1.05,-0.85,-0.033,3.12
510300,2025-03-21,3.852,3.799,3.868,3.789,10149157,4092584085.0,2.04,-1.71,-0.066,3.62
510300,2025-03-24,3.798,3.816,3.82,3.793,7912221,3179823658.0,0.71,0.45,0.017,2.82
510300,2025-03-25,3.817,3.818,3.828,3.806,6115316,2463223975.0,0.58,0.05,0.002,2.18
510300,2025-03-26,3.814,3.802,3.829,3.799,7742554,3114333330.0,0.79,-0.42,-0.016,2.76
510300,2025-03-27,3.8,3.816,3.839,3.784,8015252,3224972886.0,1.45,0.37,0.014,2.86
510300,2025-03-28,3.816,3.797,3.818,3.789,7043048,2826192921.0,0.76,-0.5,-0.019,2.51
510300,2025-03-31,3.793,3.773,3.813,3.758,9021729,3600807135.0,1.45,-0.63,-0.024,3.22
510300,2025-04-01,3.777,3.771,3.792,3.768,6150155,2452333015.0,0.64,-0.05,-0.002,2.19
510300,2025-04-02,3.772,3.768,3.785,3.76,6291176,2505793835.0,0.66,-0.08,-0.003,2.24
510300,2025-04-03,3.737,3.748,3.769,3.732,11143308,4411676416.0,0.98,-0.53,-0.02,3.97
510300,2025-04-07,3.589,3.484,3.629,3.393,65609880,24314516116.0,6.3,-7.04,-0.264,23.39
510300,2025-04-08,3.487,3.519,3.528,3.46,58535333,21668647143.0,1.95,1.0,0.035,20.87
510300,2025-04-09,3.484,3.555,3.563,3.467,16982014,6334479041.0,2.73,1.02,0.036,6.05
510300,2025-04-10,3.606,3.618,3.636,3.587,14296317,5465041115.0,1.38,1.77,0.063,5.1
510300,2025-04-11,3.599,3.629,3.64,3.589,8619842,3298517131.0,1.41,0.3,0.011,3.07
510300,2025-04-14,3.648,3.637,3.654,3.631,9415710,3627429751.0,0.63,0.22,0.008,3.36
510300,2025-04-15,3.633,3.64,3.646,3.614,9817935,3773853446.0,0.88,0.08,0.003,3.5
510300,2025-04-16,3.63,3.649,3.658,3.6,21771337,8373466072.0,1.59,0.25,0.009,7.76
510300,2025-04-17,3.631,3.652,3.66,3.63,13873406,5357723628.0,0.82,0.08,0.003,4.95
510300,2025-04-18,3.646,3.662,3.668,3.636,13780507,5327127532.0,0.88,0.27,0.01,4.91
510300,2025-04-21,3.654,3.664,3.675,3.646,7126315,2762708291.0,0.79,0.05,0.002,2.54
510300,2025-04-22,3.664,3.667,3.682,3.662,7520436,2919236921.0,0.55,0.08,0.003,2.68
510300,2025-04-23,3.681,3.671,3.696,3.662,6155041,2391310228.0,0.93,0.11,0.004,2.19
510300,2025-04-24,3.671,3.671,3.692,3.66,4873615,1894334207.0,0.87,0.0,0.0,1.74
510300,2025-04-25,3.676,3.671,3.688,3.664,5771935,2243036186.0,0.65,0.0,0.0,2.06
510300,2025-04-28,3.672,3.665,3.675,3.653,6247090,2421364302.0,0.6,-0.16,-0.006,2.23
510300,2025-04-29,3.663,3.658,3.669,3.651,4947350,1914265261.0,0.49,-0.19,-0.007,1.76
510300,2025-04-30,3.659,3.655,3.675,3.653,5004537,1937487287.0,0.6,-0.08,-0.003,1.78
510300,2025-05-06,3.675,3.692,3.695,3.669,7178253,2795762534.0,0.71,1.01,0.037,2.56
510300,2025-05-07,3.739,3.716,3.751,3.699,10470812,4110994908.0,1.41,0.65,0.024,3.73
510300,2025-05-08,3.707,3.739,3.755,3.707,7820057,3087094214.0,1.29,0.62,0.023,2.79
510300,2025-05-09,3.735,3.734,3.739,3.721,6933748,2734071470.0,0.48,-0.13,-0.005,2.47
510300,2025-05-12,3.752,3.779,3.781,3.746,8365002,3327197559.0,0.94,1.21,0.045,2.98
510300,2025-05-13,3.8,3.783,3.801,3.777,7934009,3170416334.0,0.64,0.11,0.004,2.83
510300,2025-05-14,3.784,3.834,3.855,3.781,12147902,4893477242.0,1.96,1.35,0.051,4.33
510300,2025-05-15,3.827,3.8,3.83,3.793,8177224,3287897242.0,0.97,-0.89,-0.034,2.92
510300,2025-05-16,3.791,3.778,3.798,3.766,7302837,2913902471.0,0.84,-0.58,-0.022,2.6
510300,2025-05-19,3.773,3.772,3.777,3.754,5562981,2212057936.0,0.61,-0.16,-0.006,1.98
510300,2025-05-20,3.773,3.792,3.805,3.769,5499875,2198868086.0,0.95,0.53,0.02,1.96
510300,2025-05-21,3.793,3.808,3.82,3.792,5606031,2253851046.0,0.74,0.42,0.016,2.0
510300,2025-05-22,3.807,3.806,3.816,3.792,4919320,1975447858.0,0.63,-0.05,-0.002,1.75
510300,2025-05-23,3.801,3.777,3.828,3.776,8450891,3391996057.0,1.37,-0.76,-0.029,3.01
510300,2025-05-26,3.771,3.756,3.782,3.745,7404857,2939168237.0,0.98,-0.56,-0.021,2.64
510300,2025-05-27,3.754,3.735,3.758,3.728,5782884,2285272068.0,0.8,-0.56,-0.021,2.06
510300,2025-05-28,3.736,3.731,3.745,3.727,5399202,2130111536.0,0.48,-0.11,-0.004,1.93
510300,2025-05-29,3.734,3.755,3.768,3.728,8910394,3531865335.0,1.07,0.64,0.024,3.18
510300,2025-05-30,3.748,3.748,3.753,3.721,7370307,2910576351.0,0.85,-0.19,-0.007,2.63
510300,2025-06-03,3.735,3.746,3.761,3.731,5967868,2361902723.0,0.8,-0.05,-0.002,2.13
510300,2025-06-04,3.748,3.763,3.774,3.747,4645434,1846404388.0,0.72,0.45,0.017,1.66
510300,2025-06-05,3.767,3.773,3.783,3.756,5319657,2116243913.0,0.72,0.27,0.01,1.9
510300,2025-06-06,3.776,3.775,3.788,3.767,4888808,1948178948.0,0.56,0.05,0.002,1.74
510300,2025-06-09,3.778,3.784,3.799,3.773,5810982,2322756628.0,0.69,0.24,0.009,2.07
510300,2025-06-10,3.786,3.761,3.794,3.747,7710518,3069054930.0,1.24,-0.61,-0.023,2.75
510300,2025-06-11,3.763,3.793,3.813,3.763,11035095,4422015632.0,1.33,0.85,0.032,3.93
510300,2025-06-12,3.787,3.795,3.802,3.769,6900872,2758909222.0,0.87,0.05,0.002,2.46
510300,2025-06-13,3.787,3.769,3.791,3.756,6980168,2779843230.0,0.92,-0.69,-0.026,2.49
510300,2025-06-16,3.763,3.779,3.783,3.76,6493267,2586770171.0,0.61,0.27,0.01,2.32
510300,2025-06-17,3.78,3.778,3.786,3.763,4828913,1925078391.0,0.61,-0.03,-0.001,1.72
510300,2025-06-18,3.78,3.781,3.787,3.759,4808034,1874167101.0,0.74,0.08,0.003,1.71
510300,2025-06-19,3.775,3.75,3.776,3.74,6007886,2331339243.0,0.95,-0.82,-0.031,2.14
510300,2025-06-20,3.749,3.755,3.765,3.748,4230441,1641824026.0,0.45,0.13,0.005,1.51
510300,2025-06-23,3.746,3.768,3.779,3.739,7492447,2908735828.0,1.07,0.35,0.013,2.67
510300,2025-06-24,3.773,3.813,3.827,3.773,12245549,4815432117.0,1.43,1.19,0.045,4.37
510300,2025-06-25,3.816,3.878,3.88,3.812,17241161,6841352725.0,1.78,1.7,0.065,6.15
510300,2025-06-26,3.872,3.863,3.881,3.862,9379679,3745893284.0,0.49,-0.39,-0.015,3.34
510300,2025-06-27,3.867,3.84,3.89,3.835,10696914,4258505726.0,1.42,-0.6,-0.023,3.81
510300,2025-06-30,3.838,3.859,3.862,3.833,10819590,4300171928.0,0.76,0.49,0.019,3.86
510300,2025-07-01,3.857,3.865,3.869,3.846,6406861,2551468709.0,0.6,0.16,0.006,2.28
510300,2025-07-02,3.862,3.869,3.876,3.852,5188835,2069608324.0,0.62,0.1,0.004,1.85
510300,2025-07-03,3.871,3.892,3.897,3.868,6863819,2748927253.0,0.75,0.59,0.023,2.45
510300,2025-07-04,3.888,3.909,3.942,3.881,10525621,4241383565.0,1.57,0.44,0.017,3.75
510300,2025-07-07,3.903,3.891,3.909,3.882,4022514,1614976763.0,0.69,-0.46,-0.018,1.43
510300,2025-07-08,3.893,3.925,3.933,3.89,6122487,2473798113.0,1.11,0.87,0.034,2.18
510300,2025-07-09,3.925,3.922,3.946,3.917,6476608,2626402688.0,0.74,-0.08,-0.003,2.31
510300,2025-07-10,3.922,3.942,3.967,3.921,6323877,2569715942.0,1.17,0.51,0.02,2.25
510300,2025-07-11,3.943,3.956,4.007,3.942,12648551,5184103110.0,1.65,0.36,0.014,4.51
510300,2025-07-14,3.955,3.955,3.971,3.953,8205479,3351107668.0,0.46,-0.03,-0.001,2.93
510300,2025-07-15,3.959,3.955,3.981,3.93,8074813,3292797650.0,1.29,0.0,0.0,2.88
510300,2025-07-16,3.956,3.946,3.97,3.933,4791819,1951853024.0,0.94,-0.23,-0.009,1.71
510300,2025-07-17,3.946,3.979,3.98,3.945,5978225,2443096232.0,0.89,0.84,0.033,2.13
510300,2025-07-18,3.985,4.009,4.013,3.982,7131296,2940955208.0,0.78,0.75,0.03,2.54
510300,2025-07-21,4.014,4.034,4.037,4.011,7674613,3184284274.0,0.65,0.62,0.025,2.74
510300,2025-07-22,4.036,4.078,4.08,4.019,10821091,4516788944.0,1.51,1.09,0.044,3.86
510300,2025-07-23,4.081,4.076,4.111,4.065,9947315,4188253000.0,1.13,-0.05,-0.002,3.55
510300,2025-07-24,4.072,4.102,4.105,4.067,8852360,3729028292.0,0.93,0.64,0.026,3.16
510300,2025-07-25,4.102,4.08,4.102,4.07,8200860,3452281674.0,0.78,-0.54,-0.022,2.92
510300,2025-07-28,4.08,4.091,4.1,4.063,6027713,2535151857.0,0.91,0.27,0.011,2.15
510300,2025-07-29,4.085,4.112,4.113,4.069,8059786,3395606595.0,1.08,0.51,0.021,2.87
510300,2025-07-30,4.104,4.109,4.142,4.084,9502522,4023783503.0,1.41,-0.07,-0.003,3.39
510300,2025-07-31,4.098,4.032,4.098,4.019,11229126,4687659264.0,1.92,-1.87,-0.077,4.0
510300,2025-08-01,4.025,4.01,4.039,3.995,6115671,2531113831.0,1.09,-0.55,-0.022,2.18
510300,2025-08-04,3.999,4.029,4.031,3.994,4355672,1801388564.0,0.92,0.47,0.019,1.55
510300,2025-08-05,4.031,4.06,4.062,4.028,5480681,2282989180.0,0.84,0.77,0.031,1.95
510300,2025-08-06,4.058,4.071,4.076,4.053,4089449,1713095761.0,0.57,0.27,0.011,1.46
510300,2025-08-07,4.073,4.07,4.087,4.048,5339656,2236786690.0,0.96,-0.02,-0.001,1.9
510300,2025-08-08,4.065,4.06,4.078,4.052,4230624,1771777749.0,0.64,-0.25,-0.01,1.51
510300,2025-08-11,4.06,4.079,4.095,4.06,6881519,2891923703.0,0.86,0.47,0.019,2.45
510300,2025-08-12,4.077,4.105,4.114,4.077,4824872,2036818306.0,0.91,0.64,0.026,1.72
510300,2025-08-13,4.111,4.14,4.149,4.106,7588408,3227703467.0,1.05,0.85,0.035,2.71
510300,2025-08-14,4.142,4.133,4.18,4.125,8879344,3797429985.0,1.33,-0.17,-0.007,3.17
510300,2025-08-15,4.119,4.172,4.179,4.117,10718339,4584387161.0,1.5,0.94,0.039,3.82
510300,2025-08-18,4.175,4.204,4.237,4.162,10092475,4362087157.0,1.8,0.77,0.032,3.6
510300,2025-08-19,4.203,4.182,4.224,4.174,7743324,3347920291.0,1.19,-0.52,-0.022,2.76
510300,2025-08-20,4.172,4.241,4.242,4.144,13784166,5938089045.0,2.34,1.41,0.059,4.91
510300,2025-08-21,4.245,4.255,4.271,4.235,9130025,3997377735.0,0.85,0.33,0.014,3.26
510300,2025-08-22,4.252,4.356,4.361,4.251,13602634,6031204221.0,2.59,2.37,0.101,4.85
510300,2025-08-25,4.378,4.442,4.449,4.374,14560918,6599627199.0,1.72,1.97,0.086,5.19
510300,2025-08-26,4.431,4.418,4.449,4.404,11142941,5068845227.0,1.01,-0.54,-0.024,3.97
510300,2025-08-27,4.418,4.352,4.462,4.35,14126904,6408311259.0,2.54,-1.49,-0.066,5.04
510300,2025-08-28,4.346,4.436,4.438,4.329,12764157,5746035433.0,2.5,1.93,0.084,4.55
510300,2025-08-29,4.427,4.478,4.49,4.417,13550574,6208498370.0,1.65,0.95,0.042,4.83
510300,2025-09-01,4.484,4.493,4.501,4.457,11939867,5495420182.0,0.98,0.33,0.015,4.26
510300,2025-09-02,4.49,4.467,4.52,4.427,10344122,4755250317.0,2.07,-0.58,-0.026,3.69
510300,2025-09-03,4.469,4.426,4.486,4.397,9188625,4187703184.0,1.99,-0.92,-0.041,3.28
510300,2025-09-04,4.423,4.333,4.432,4.293,14208228,6352441030.0,3.14,-2.1,-0.093,5.07
510300,2025-09-05,4.327,4.431,4.44,4.319,10603325,4780253830.0,2.79,2.26,0.098,3.78
510300,2025-09-08,4.431,4.432,4.45,4.401,10340220,4701185135.0,1.11,0.02,0.001,3.69
510300,2025-09-09,4.422,4.405,4.441,4.379,6803545,3084847254.0,1.4,-0.61,-0.027,2.43
510300,2025-09-10,4.403,4.415,4.439,4.384,6086583,2761984289.0,1.25,0.23,0.01,2.17
510300,2025-09-11,4.404,4.537,4.539,4.394,9783418,4504295390.0,3.28,2.76,0.122,3.49
510300,2025-09-12,4.539,4.498,4.541,4.492,9158580,4251540392.0,1.08,-0.86,-0.039,3.27
510300,2025-09-15,4.499,4.506,4.539,4.491,7211915,3346337207.0,1.07,0.18,0.008,2.57
510300,2025-09-16,4.509,4.497,4.529,4.468,7889034,3642646550.0,1.35,-0.2,-0.009,2.81
510300,2025-09-17,4.492,4.53,4.536,4.476,7154079,3315621289.0,1.33,0.73,0.033,2.55
510300,2025-09-18,4.532,4.471,4.553,4.431,11873727,5488692045.0,2.69,-1.3,-0.059,4.23
510300,2025-09-19,4.467,4.481,4.51,4.464,7316138,3369611818.0,1.03,0.22,0.01,2.61
510300,2025-09-22,4.481,4.496,4.498,4.459,6292766,2896946428.0,0.87,0.33,0.015,2.24
510300,2025-09-23,4.504,4.499,4.533,4.435,10550001,4859849641.0,2.18,0.07,0.003,3.76
510300,2025-09-24,4.474,4.54,4.541,4.473,10044859,4656117026.0,1.51,0.91,0.041,3.58
510300,2025-09-25,4.54,4.572,4.595,4.534,7713362,3614405601.0,1.34,0.7,0.032,2.75
510300,2025-09-26,4.554,4.528,4.576,4.527,7153059,3344592886.0,1.07,-0.96,-0.044,2.55
510300,2025-09-29,4.525,4.605,4.632,4.517,11954365,5620190347.0,2.54,1.7,0.077,4.26
510300,2025-09-30,4.611,4.618,4.627,4.597,7403809,3508639995.0,0.65,0.28,0.013,2.64
510300,2025-10-09,4.631,4.693,4.713,4.627,8970906,4308933449.0,1.86,1.62,0.075,3.2
510300,2025-10-10,4.664,4.596,4.671,4.581,11746426,5581932563.0,1.92,-2.07,-0.097,4.19
510300,2025-10-13,4.475,4.569,4.581,4.473,9658362,4499844601.0,2.35,-0.59,-0.027,3.44
510300,2025-10-14,4.602,4.522,4.617,4.497,11619095,5445976980.0,2.63,-1.03,-0.047,4.14
510300,2025-10-15,4.525,4.583,4.592,4.504,9974013,4649845988.0,1.95,1.35,0.061,3.56
510300,2025-10-16,4.566,4.598,4.624,4.566,8124633,3835512324.0,1.27,0.33,0.015,2.9
510300,2025-10-17,4.592,4.501,4.601,4.489,8400582,3909864092.0,2.44,-2.11,-0.097,3.0
510300,2025-10-20,4.528,4.517,4.555,4.501,7644178,3554256321.0,1.2,0.36,0.016,2.73
510300,2025-10-21,4.533,4.587,4.6,4.529,9598685,4511371971.0,1.57,1.55,0.07,3.42
510300,2025-10-22,4.567,4.572,4.585,4.545,5544842,2601506365.0,0.87,-0.33,-0.015,1.98
510300,2025-10-23,4.564,4.59,4.596,4.519,6993428,3267824361.0,1.68,0.39,0.018,2.49
510300,2025-10-24,4.605,4.647,4.649,4.604,8653036,4110591097.0,0.98,1.24,0.057,3.09
510300,2025-10-27,4.685,4.703,4.708,4.673,7585249,3652922851.0,0.75,1.21,0.056,2.7
510300,2025-10-28,4.692,4.679,4.727,4.669,7259491,3497088820.0,1.23,-0.51,-0.024,2.59
510300,2025-10-29,4.687,4.739,4.741,4.687,6792784,3284668925.0,1.15,1.28,0.06,2.42
510300,2025-10-30,4.735,4.7,4.751,4.693,8164619,3955485339.0,1.22,-0.82,-0.039,2.91
510300,2025-10-31,4.696,4.633,4.703,4.632,14325686,6851751220.0,1.51,-1.43,-0.067,5.11
510300,2025-11-03,4.629,4.64,4.644,4.582,7759881,3674194550.0,1.34,0.15,0.007,2.77
510300,2025-11-04,4.637,4.606,4.65,4.583,12015243,5708778783.0,1.44,-0.73,-0.034,4.28
510300,2025-11-05,4.569,4.612,4.628,4.545,7633533,3599158874.0,1.8,0.13,0.006,2.72
510300,2025-11-06,4.619,4.682,4.69,4.619,7326649,3506780405.0,1.54,1.52,0.07,2.61
510300,2025-11-07,4.667,4.672,4.689,4.651,5392556,2584816479.0,0.81,-0.21,-0.01,1.92
510300,2025-11-10,4.674,4.684,4.688,4.64,4483488,2146884969.0,1.03,0.26,0.012,1.6
510300,2025-11-11,4.691,4.64,4.701,4.634,5651936,2702663134.0,1.43,-0.94,-0.044,2.02
510300,2025-11-12,4.631,4.642,4.66,4.608,5236907,2491775456.0,1.12,0.04,0.002,1.87
510300,2025-11-13,4.634,4.689,4.692,4.629,6459561,3096198221.0,1.36,1.01,0.047,2.3
510300,2025-11-14,4.662,4.618,4.673,4.616,5936317,2832605947.0,1.22,-1.51,-0.071,2.12
510300,2025-11-17,4.607,4.587,4.617,4.568,7524669,3545084093.0,1.06,-0.67,-0.031,2.68
510300,2025-11-18,4.577,4.56,4.594,4.541,8568239,4018390178.0,1.16,-0.59,-0.027,3.05
510300,2025-11-19,4.555,4.574,4.594,4.555,8569615,4026545623.0,0.86,0.31,0.014,3.06
510300,2025-11-20,4.601,4.553,4.606,4.55,5619395,2644705315.0,1.22,-0.46,-0.021,2.0
510300,2025-11-21,4.522,4.441,4.531,4.439,14964004,6884359920.0,2.02,-2.46,-0.112,5.34
510300,2025-11-24,4.456,4.434,4.462,4.41,11557477,5269730484.0,1.17,-0.16,-0.007,4.12
510300,2025-11-25,4.457,4.474,4.5,4.456,8959406,4120829562.0,0.99,0.9,0.04,3.19
510300,2025-11-26,4.477,4.503,4.523,4.471,9140793,4228349386.0,1.16,0.65,0.029,3.26
510300,2025-11-27,4.506,4.499,4.551,4.495,4793694,2226374836.0,1.24,-0.09,-0.004,1.71
510300,2025-11-28,4.498,4.512,4.519,4.48,5192341,2403092677.0,0.87,0.29,0.013,1.85
510300,2025-12-01,4.523,4.564,4.565,4.516,5783014,2698559001.0,1.09,1.15,0.052,2.06
510300,2025-12-02,4.563,4.543,4.563,4.528,3834449,1790231961.0,0.77,-0.46,-0.021,1.37
510300,2025-12-03,4.542,4.522,4.561,4.512,3950348,1840202209.0,1.08,-0.46,-0.021,1.41
510300,2025-12-04,4.525,4.534,4.548,4.505,4026188,1871831892.0,0.95,0.27,0.012,1.44
510300,2025-12-05,4.533,4.575,4.587,4.52,6872031,3217071412.0,1.48,0.9,0.041,2.45
510300,2025-12-08,4.588,4.609,4.631,4.586,8263438,3908784386.0,0.98,0.74,0.034,2.95
510300,2025-12-09,4.604,4.585,4.616,4.571,7001055,3302885875.0,0.98,-0.52,-0.024,2.5
510300,2025-12-10,4.577,4.579,4.586,4.535,6207764,2903153594.0,1.11,-0.13,-0.006,2.21
510300,2025-12-11,4.585,4.545,4.599,4.539,6199443,2910601742.0,1.31,-0.74,-0.034,2.21
510300,2025-12-12,4.555,4.571,4.579,4.525,8671539,4057237306.0,1.19,0.57,0.026,3.09
510300,2025-12-15,4.551,4.544,4.589,4.427,6917855,3241015143.0,3.54,-0.59,-0.027,2.47
510300,2025-12-16,4.537,4.497,4.544,4.478,7693550,3559031617.0,1.45,-1.03,-0.047,2.74
510300,2025-12-17,4.496,4.576,4.592,4.493,10856133,5079203142.0,2.2,1.76,0.079,3.87
510300,2025-12-18,4.56,4.545,4.569,4.538,6780189,3169750209.0,0.68,-0.68,-0.031,2.42
510300,2025-12-19,4.557,4.565,4.591,4.543,8317889,3901916782.0,1.06,0.44,0.02,2.97
510300,2025-12-22,4.579,4.607,4.612,4.579,8371220,3956863485.0,0.72,0.92,0.042,2.98
510300,2025-12-23,4.612,4.617,4.64,4.603,8083405,3833240598.0,0.8,0.22,0.01,2.88
510300,2025-12-24,4.617,4.634,4.642,4.603,5334294,2531260594.0,0.84,0.37,0.017,1.9
510300,2025-12-25,4.627,4.643,4.654,4.621,4272443,2033628744.0,0.71,0.19,0.009,1.52
510300,2025-12-26,4.643,4.661,4.678,4.632,8160801,3902900785.0,0.99,0.39,0.018,2.91
510300,2025-12-29,4.657,4.64,4.671,4.626,8529050,4069832489.0,0.97,-0.45,-0.021,3.04
510300,2025-12-30,4.623,4.65,4.667,4.619,4772242,2275508778.0,1.03,0.22,0.01,1.7
510300,2025-12-31,4.654,4.63,4.666,4.619,6668292,3175879377.0,1.01,-0.43,-0.02,2.38
510300,2026-01-05,4.66,4.721,4.725,4.657,10171325,4902061805.0,1.47,1.97,0.091,3.63
510300,2026-01-06,4.727,4.796,4.797,4.725,10523015,5141603633.0,1.53,1.59,0.075,3.75
510300,2026-01-07,4.797,4.778,4.804,4.753,9334026,4578481053.0,1.06,-0.38,-0.018,3.33
510300,2026-01-08,4.765,4.74,4.771,4.72,6827198,3324674355.0,1.07,-0.8,-0.038,2.43
510300,2026-01-09,4.734,4.762,4.78,4.721,11348553,5535581862.0,1.24,0.46,0.022,4.05
510300,2026-01-12,4.77,4.79,4.806,4.738,13330753,6529675045.0,1.43,0.59,0.028,4.75
510300,2026-01-13,4.799,4.773,4.842,4.753,12717832,6249488306.0,1.86,-0.35,-0.017,4.53
510300,2026-01-14,4.773,4.743,4.826,4.718,21367223,10465332592.0,2.26,-0.63,-0.03,7.62
510300,2026-01-15,4.726,4.752,4.771,4.72,52171489,25390672681.0,1.08,0.19,0.009,18.6
510300,2026-01-16,4.782,4.736,4.796,4.715,53201665,25922582412.0,1.7,-0.34,-0.016,18.97
510300,2026-01-19,4.737,4.738,4.769,4.718,29134399,13792576409.0,1.08,0.04,0.002,10.39
510300,2026-01-20,4.735,4.724,4.751,4.688,28867656,13613769428.0,1.33,-0.3,-0.014,10.29
510300,2026-01-21,4.709,4.73,4.764,4.709,49039740,23207895509.0,1.16,0.13,0.006,17.48
510300,2026-01-22,4.741,4.727,4.76,4.703,43163442,20376067887.0,1.21,-0.06,-0.003,15.39
510300,2026-01-23,4.732,4.704,4.742,4.687,67693781,31834663643.0,1.16,-0.49,-0.023,24.14
510300,2026-01-26,4.712,4.712,4.76,4.694,59398529,28002364939.0,1.4,0.17,0.008,21.18
510300,2026-01-27,4.712,4.71,4.742,4.679,43391350,20450057577.0,1.34,-0.04,-0.002,15.47
510300,2026-01-28,4.725,4.725,4.743,4.704,84977823,40100175381.0,0.83,0.32,0.015,30.3
510300,2026-01-29,4.724,4.768,4.779,4.704,35456647,16773879626.0,1.59,0.91,0.043,12.64
510300,2026-01-30,4.736,4.711,4.758,4.642,16702748,7860479504.0,2.43,-1.2,-0.057,5.96
510300,2026-02-02,4.68,4.6,4.719,4.591,26511344,12299263716.0,2.72,-2.36,-0.111,9.45
510300,2026-02-03,4.64,4.664,4.668,4.585,10529446,4881749326.0,1.8,1.39,0.064,3.75
510300,2026-02-04,4.652,4.707,4.709,4.643,10525059,4914865553.0,1.42,0.92,0.043,3.75
510300,2026-02-05,4.68,4.679,4.695,4.645,9339829,4364498239.0,1.06,-0.59,-0.028,3.33
510300,2026-02-06,4.643,4.649,4.691,4.61,8816737,4106577054.0,1.73,-0.64,-0.03,3.14
510300,2026-02-09,4.695,4.727,4.73,4.686,7011195,3304026961.0,0.95,1.68,0.078,2.5
510300,2026-02-10,4.733,4.733,4.739,4.72,6804617,3219183511.0,0.4,0.13,0.006,2.43
510300,2026-02-11,4.727,4.723,4.732,4.714,3720787,1757895647.0,0.38,-0.21,-0.01,1.33
510300,2026-02-12,4.729,4.727,4.735,4.716,3980124,1881073591.0,0.4,0.08,0.004,1.42
510300,2026-02-13,4.714,4.671,4.714,4.667,13673572,6405790170.0,0.99,-1.18,-0.056,4.88
510300,2026-02-24,4.725,4.716,4.736,4.705,6242456,2946760847.0,0.66,0.96,0.045,2.23
510300,2026-02-25,4.717,4.75,4.778,4.716,8734031,4148107679.0,1.31,0.72,0.034,3.11
510300,2026-02-26,4.751,4.735,4.754,4.712,7663721,3624553287.0,0.88,-0.32,-0.015,2.73
510300,2026-02-27,4.72,4.725,4.732,4.7,6062453,2859792911.0,0.68,-0.21,-0.01,2.16
510300,2026-03-02,4.694,4.739,4.743,4.674,12423675,5860854055.0,1.46,0.3,0.014,4.43
510300,2026-03-03,4.741,4.678,4.751,4.665,9665579,4550837091.0,1.81,-1.29,-0.061,3.45
510300,2026-03-04,4.64,4.61,4.65,4.587,8292240,3830984400.0,1.35,-1.45,-0.068,2.96
510300,2026-03-05,4.647,4.654,4.678,4.639,5684210,2646464156.0,0.85,0.95,0.044,2.03
510300,2026-03-06,4.64,4.667,4.682,4.624,5043759,2349185776.0,1.25,0.28,0.013,1.8
510300,2026-03-09,4.623,4.629,4.638,4.56,8380983,3854535508.0,1.67,-0.81,-0.038,2.99
510300,2026-03-10,4.642,4.683,4.689,4.641,5460125,2550822882.0,1.04,1.17,0.054,1.95
510300,2026-03-11,4.686,4.711,4.719,4.682,5937122,2792866730.0,0.79,0.6,0.028,2.12
510300,2026-03-12,4.711,4.694,4.711,4.665,3433836,1610201018.0,0.98,-0.36,-0.017,1.22
510300,2026-03-13,4.672,4.677,4.716,4.67,3251129,1526480622.0,0.98,-0.36,-0.017,1.16
510300,2026-03-16,4.675,4.68,4.686,4.632,4038627,1881524447.0,1.15,0.06,0.003,1.44
510300,2026-03-17,4.686,4.646,4.731,4.645,7233377,3388771831.0,1.84,-0.73,-0.034,2.58
510300,2026-03-18,4.652,4.662,4.67,4.616,7702627,3575798297.0,1.16,0.34,0.016,2.75
510300,2026-03-19,4.621,4.599,4.641,4.581,7722418,3558170504.0,1.29,-1.35,-0.063,2.75
510300,2026-03-20,4.598,4.576,4.635,4.573,7612736,3509938019.0,1.35,-0.5,-0.023,2.71
510300,2026-03-23,4.528,4.43,4.537,4.406,15234981,6799292790.0,2.86,-3.19,-0.146,5.43
510300,2026-03-24,4.463,4.479,4.48,4.405,8504351,3784113263.0,1.69,1.11,0.049,3.03
510300,2026-03-25,4.51,4.544,4.549,4.504,8677126,3932266869.0,1.0,1.45,0.065,3.09
510300,2026-03-26,4.536,4.488,4.547,4.477,4742424,2139118213.0,1.54,-1.23,-0.056,1.69
510300,2026-03-27,4.45,4.508,4.53,4.445,5626908,2529639239.0,1.89,0.45,0.02,2.01
510300,2026-03-30,4.462,4.5,4.505,4.453,5439943,2434696108.0,1.15,-0.18,-0.008,1.94
510300,2026-03-31,4.501,4.463,4.529,4.462,5305656,2385310576.0,1.49,-0.82,-0.037,1.89
510300,2026-04-01,4.52,4.534,4.542,4.501,5012281,2267466693.0,0.92,1.59,0.071,1.79
510300,2026-04-02,4.521,4.489,4.526,4.47,4663511,2098973595.0,1.24,-0.99,-0.045,1.66
510300,2026-04-03,4.495,4.454,4.506,4.446,4261096,1903072420.0,1.34,-0.78,-0.035,1.52
510300,2026-04-07,4.455,4.446,4.47,4.431,4285686,1908516206.0,0.88,-0.18,-0.008,1.53
510300,2026-04-08,4.519,4.602,4.604,4.517,9968846,4550818244.0,1.96,3.51,0.156,3.55
510300,2026-04-09,4.573,4.572,4.586,4.56,7049553,3223934997.0,0.56,-0.65,-0.03,2.51
510300,2026-04-10,4.588,4.642,4.664,4.588,9063873,4203124967.0,1.66,1.53,0.07,3.23
510300,2026-04-13,4.629,4.652,4.66,4.623,3928926,1825187755.0,0.8,0.22,0.01,1.4
510300,2026-04-14,4.679,4.712,4.712,4.663,4276571,2005429241.0,1.05,1.29,0.06,1.52
510300,2026-04-15,4.732,4.694,4.746,4.684,6759806,3185349113.0,1.32,-0.38,-0.018,2.41
510300,2026-04-16,4.704,4.746,4.747,4.7,8532344,4036951794.0,1.0,1.11,0.052,3.04
510300,2026-04-17,4.737,4.739,4.75,4.722,7361501,3485941360.0,0.59,-0.15,-0.007,2.62
510300,2026-04-20,4.735,4.765,4.777,4.728,7624578,3627929894.0,1.03,0.55,0.026,2.72
510300,2026-04-21,4.764,4.776,4.786,4.73,6361081,3026895923.0,1.18,0.23,0.011,2.27
510300,2026-04-22,4.76,4.811,4.813,4.756,10125926,4851593064.0,1.19,0.73,0.035,3.61
510300,2026-04-23,4.82,4.801,4.834,4.772,10085181,4848688474.0,1.29,-0.21,-0.01,3.6
510300,2026-04-24,4.785,4.782,4.798,4.75,7193226,3432906825.0,1.0,-0.4,-0.019,2.56
510300,2026-04-27,4.786,4.782,4.81,4.773,9280360,4443760487.0,0.77,0.0,0.0,3.31
510300,2026-04-28,4.766,4.77,4.79,4.757,8644202,4125806962.0,0.69,-0.25,-0.012,3.08
510300,2026-04-29,4.755,4.821,4.828,4.755,12796798,6139314265.0,1.53,1.07,0.051,4.56
510300,2026-04-30,4.83,4.824,4.841,4.808,16517864,7965711080.0,0.68,0.06,0.003,5.89
510300,2026-05-06,4.866,4.888,4.914,4.852,18677828,9131466569.0,1.29,1.33,0.064,6.66
510300,2026-05-07,4.905,4.912,4.914,4.879,20946226,10262731527.0,0.72,0.49,0.024,7.47
510300,2026-05-08,4.89,4.886,4.902,4.862,12535649,6121164078.0,0.81,-0.53,-0.026,4.47
510300,2026-05-11,4.911,4.966,4.98,4.9,21165218,10456512044.0,1.64,1.64,0.08,7.55
510300,2026-05-12,4.975,4.963,4.987,4.944,10021705,4976355850.0,0.87,-0.06,-0.003,3.57
510300,2026-05-13,4.94,5.017,5.023,4.939,12726150,6331249194.0,1.69,1.09,0.054,4.54
510300,2026-05-14,5.037,4.941,5.041,4.931,10281646,5118663487.0,2.19,-1.51,-0.076,3.67
510300,2026-05-15,4.935,4.878,4.954,4.852,10479024,5135152285.0,2.06,-1.28,-0.063,3.74
510300,2026-05-18,4.855,4.852,4.885,4.819,5835764,2832450612.0,1.35,-0.53,-0.026,2.08
510300,2026-05-19,4.843,4.869,4.874,4.789,9674999,4670192858.0,1.75,0.35,0.017,3.45
510300,2026-05-20,4.845,4.871,4.882,4.84,9597201,4664422387.0,0.86,0.04,0.002,3.42
510300,2026-05-21,4.897,4.808,4.954,4.801,12055773,5913215496.0,3.14,-1.29,-0.063,4.3
510300,2026-05-22,4.828,4.862,4.868,4.807,13250518,6421618436.0,1.27,1.12,0.054,4.72
510300,2026-05-25,4.88,4.937,4.938,4.872,16250559,7970991059.0,1.36,1.54,0.075,5.79
510300,2026-05-26,4.912,4.972,4.975,4.91,9686752,4786813577.0,1.32,0.71,0.035,3.45
510300,2026-05-27,4.963,4.932,4.993,4.913,6405215,3174582673.0,1.61,-0.8,-0.04,2.28
510300,2026-05-28,4.917,4.932,4.948,4.866,4396498,2155076599.0,1.66,0.0,0.0,1.57
510300,2026-05-29,4.946,4.923,4.978,4.9,6566854,3243446893.0,1.58,-0.18,-0.009,2.34
510300,2026-06-01,4.923,4.868,4.94,4.861,4990927,2443095510.0,1.6,-1.12,-0.055,1.78
510300,2026-06-02,4.867,4.936,4.956,4.856,6809437,3345673270.0,2.05,1.4,0.068,2.43
510300,2026-06-03,4.938,4.965,5.016,4.928,7604619,3784497955.0,1.78,0.59,0.029,2.71
510300,2026-06-04,4.919,4.926,4.961,4.91,6097283,3006706301.0,1.03,-0.79,-0.039,2.17
