code,date,open,close,high,low,volume,amount,amplitude,pct_chg,price_change,turnover_rate
510300,2012-05-28,1.671,1.724,1.727,1.664,12775187.0,,,,,
510300,2012-05-29,1.722,1.764,1.781,1.722,7149490.0,,3.422273781902549,2.3201856148491897,0.040000000000000036,
510300,2012-05-30,1.762,1.756,1.767,1.753,2658871.0,,0.7936507936507943,-0.4535147392290253,-0.008000000000000007,
510300,2012-05-31,1.741,1.75,1.765,1.733,1781559.0,,1.8223234624145674,-0.3416856492027338,-0.006000000000000005,
510300,2012-06-01,1.749,1.75,1.78,1.74,1793500.0,,2.285714285714288,0.0,0.0,
510300,2012-06-04,1.721,1.678,1.724,1.675,5460742.0,,2.7999999999999963,-4.114285714285718,-0.07200000000000006,
510300,2012-06-05,1.682,1.681,1.692,1.676,1271674.0,,0.9535160905840294,0.17878426698451214,0.0030000000000001137,
510300,2012-06-06,1.683,1.679,1.694,1.668,1369227.0,,1.5466983938132077,-0.11897679952409289,-0.0020000000000000018,
510300,2012-06-07,1.698,1.663,1.703,1.656,3364240.0,,2.799285288862427,-0.9529481834425261,-0.016000000000000014,
510300,2012-06-08,1.678,1.654,1.68,1.65,2101822.0,,1.8039687312086605,-0.5411906193626048,-0.009000000000000119,
510300,2012-06-11,1.663,1.684,1.697,1.656,2254555.0,,2.4788391777509156,1.8137847642079823,0.030000000000000027,
510300,2012-06-12,1.67,1.668,1.682,1.658,1577237.0,,1.4251781472684097,-0.9501187648456066,-0.016000000000000014,
510300,2012-06-13,1.68,1.705,1.708,1.67,1881335.0,,2.2781774580335754,2.2182254196642774,0.037000000000000144,
510300,2012-06-14,1.7,1.694,1.718,1.691,1525546.0,,1.5835777126099653,-0.6451612903225876,-0.01100000000000012,
510300,2012-06-15,1.702,1.704,1.714,1.677,1598352.0,,2.1841794569067248,0.5903187721369545,0.010000000000000009,
510300,2012-06-18,1.709,1.712,1.728,1.708,1321265.0,,1.1737089201877946,0.4694835680751178,0.008000000000000007,
510300,2012-06-19,1.71,1.693,1.71,1.692,1050116.0,,1.0514018691588796,-1.109813084112144,-0.018999999999999906,
510300,2012-06-20,1.7,1.69,1.707,1.69,1192773.0,,1.0041346721795703,-0.1772002362669884,-0.0030000000000001137,
510300,2012-06-21,1.683,1.65,1.684,1.637,1792241.0,,2.7810650887573924,-2.3668639053254457,-0.040000000000000036,
510300,2012-06-25,1.647,1.6,1.647,1.596,2314811.0,,3.0909090909090873,-3.0303030303030196,-0.04999999999999982,
510300,2012-06-26,1.592,1.6,1.605,1.582,1852289.0,,1.4374999999999942,0.0,0.0,
510300,2012-06-27,1.598,1.591,1.613,1.59,1513657.0,,1.4374999999999942,-0.5625000000000074,-0.009000000000000119,
510300,2012-06-28,1.6,1.577,1.606,1.575,1695739.0,,1.9484600879949805,-0.8799497171590202,-0.014000000000000012,
510300,2012-06-29,1.571,1.605,1.608,1.568,1972042.0,,2.5364616360177576,1.7755231452124303,0.028000000000000025,
510300,2012-07-02,1.615,1.605,1.615,1.596,1862222.0,,1.1838006230529536,0.0,0.0,
510300,2012-07-03,1.608,1.609,1.636,1.602,1469031.0,,2.118380062305284,0.24922118380062327,0.0040000000000000036,
510300,2012-07-04,1.614,1.609,1.624,1.604,1103364.0,,1.2430080795525182,0.0,0.0,
510300,2012-07-05,1.599,1.581,1.599,1.572,2087739.0,,1.6780609073958928,-1.7402113113735254,-0.028000000000000025,
510300,2012-07-06,1.586,1.621,1.632,1.572,1757978.0,,3.7950664136622283,2.5300442757748285,0.040000000000000036,
510300,2012-07-09,1.609,1.571,1.619,1.568,1648643.0,,3.146206045650829,-3.084515731030231,-0.050000000000000044,
510300,2012-07-10,1.569,1.561,1.573,1.558,2041959.0,,0.9548058561425781,-0.6365372374283902,-0.010000000000000009,
510300,2012-07-11,1.558,1.572,1.578,1.555,1692976.0,,1.4734144778987914,0.7046764894298605,0.01100000000000012,
510300,2012-07-12,1.566,1.594,1.607,1.557,2660444.0,,3.180661577608145,1.399491094147584,0.02200000000000002,
510300,2012-07-13,1.593,1.598,1.616,1.591,1778904.0,,1.5683814303638726,0.2509410288582185,0.0040000000000000036,
510300,2012-07-16,1.601,1.558,1.602,1.557,2273611.0,,2.8160200250312983,-2.503128911138926,-0.040000000000000036,
510300,2012-07-17,1.557,1.563,1.569,1.551,2585328.0,,1.1553273427471127,0.3209242618741909,0.004999999999999893,
510300,2012-07-18,1.561,1.563,1.571,1.526,3152959.0,,2.879078694817654,0.0,0.0,
510300,2012-07-19,1.561,1.571,1.593,1.557,3380439.0,,2.303262955854129,0.5118362124120287,0.008000000000000007,
510300,2012-07-20,1.565,1.553,1.571,1.547,2702978.0,,1.5276893698281362,-1.1457670273711023,-0.018000000000000016,
510300,2012-07-23,1.531,1.523,1.531,1.512,1856885.0,,1.2234385061171864,-1.931745009658727,-0.030000000000000027,
510300,2012-07-24,1.517,1.528,1.543,1.515,2304236.0,,1.8384766907419585,0.3282994090610713,0.0050000000000001155,
510300,2012-07-25,1.52,1.513,1.534,1.51,1389067.0,,1.5706806282722525,-0.9816753926701652,-0.015000000000000124,
510300,2012-07-26,1.515,1.502,1.527,1.5,2548959.0,,1.7845340383344293,-0.7270323859880965,-0.010999999999999899,
510300,2012-07-27,1.509,1.505,1.516,1.497,3724685.0,,1.2649800266311522,0.19973368841543887,0.0029999999999998916,
510300,2012-07-30,1.509,1.497,1.519,1.492,2303206.0,,1.7940199335548117,-0.5315614617940057,-0.007999999999999785,
510300,2012-07-31,1.498,1.491,1.505,1.486,4214983.0,,1.269205076820301,-0.4008016032064131,-0.006000000000000005,
510300,2012-08-01,1.492,1.509,1.521,1.492,2615555.0,,1.9450033534540518,1.2072434607645737,0.017999999999999794,
510300,2012-08-02,1.506,1.491,1.509,1.479,2087258.0,,1.988071570576528,-1.1928429423459108,-0.017999999999999794,
510300,2012-08-03,1.495,1.505,1.506,1.488,1737366.0,,1.2072434607645885,0.9389671361502205,0.01399999999999979,
510300,2012-08-06,1.503,1.536,1.54,1.502,3144257.0,,2.5249169435215975,2.0598006644518363,0.03100000000000014,
510300,2012-08-07,1.535,1.539,1.541,1.532,2584403.0,,0.5859374999999933,0.19531249999999292,0.0029999999999998916,
510300,2012-08-08,1.543,1.541,1.556,1.536,2329502.0,,1.299545159194283,0.12995451591942833,0.0020000000000000018,
510300,2012-08-09,1.542,1.565,1.568,1.532,2010003.0,,2.336145360155745,1.5574302401038302,0.02400000000000002,
510300,2012-08-10,1.567,1.558,1.567,1.553,1118701.0,,0.8945686900958474,-0.4472843450479167,-0.006999999999999895,
510300,2012-08-13,1.551,1.512,1.551,1.509,2959366.0,,2.695763799743263,-2.952503209242621,-0.04600000000000004,
510300,2012-08-14,1.513,1.508,1.516,1.48,3226022.0,,2.3809523809523827,-0.2645502645502648,-0.0040000000000000036,
510300,2012-08-15,1.503,1.486,1.503,1.484,1910109.0,,1.2599469496021158,-1.4588859416445636,-0.02200000000000002,
510300,2012-08-16,1.487,1.479,1.49,1.477,1228662.0,,0.8748317631224698,-0.4710632570659418,-0.006999999999999895,
510300,2012-08-17,1.479,1.469,1.48,1.455,1757265.0,,1.6903313049357611,-0.6761325219743075,-0.010000000000000009,
510300,2012-08-20,1.453,1.456,1.463,1.362,1705061.0,,6.875425459496254,-0.8849557522123976,-0.013000000000000123,
510300,2012-08-21,1.456,1.465,1.487,1.453,2348894.0,,2.335164835164837,0.6181318681318764,0.009000000000000119,
510300,2012-08-22,1.467,1.448,1.469,1.443,1298019.0,,1.7747440273037558,-1.1604095563140018,-0.017000000000000126,
510300,2012-08-23,1.453,1.459,1.468,1.442,1670546.0,,1.7955801104972393,0.7596685082873011,0.01100000000000012,
510300,2012-08-24,1.45,1.436,1.452,1.433,1584418.0,,1.302261823166546,-1.576422206991099,-0.02300000000000013,
510300,2012-08-27,1.425,1.388,1.425,1.387,3143233.0,,2.646239554317551,-3.342618384401117,-0.04800000000000004,
510300,2012-08-28,1.385,1.388,1.404,1.38,2176241.0,,1.7291066282420764,0.0,0.0,
510300,2012-08-29,1.382,1.373,1.394,1.37,2133281.0,,1.7291066282420604,-1.08069164265129,-0.014999999999999902,
510300,2012-08-30,1.366,1.363,1.375,1.346,2326744.0,,2.11216314639475,-0.7283321194464683,-0.010000000000000009,
510300,2012-08-31,1.36,1.363,1.371,1.358,2031862.0,,0.953778429933962,0.0,0.0,
510300,2012-09-03,1.358,1.377,1.39,1.353,2388425.0,,2.7146001467351373,1.0271460014673524,0.014000000000000012,
510300,2012-09-04,1.381,1.353,1.387,1.352,2247647.0,,2.541757443718222,-1.7429193899782152,-0.02400000000000002,
510300,2012-09-05,1.353,1.352,1.361,1.343,2181559.0,,1.330376940133039,-0.07390983000738284,-0.0009999999999998899,
510300,2012-09-06,1.355,1.374,1.374,1.352,1696507.0,,1.627218934911244,1.627218934911244,0.02200000000000002,
510300,2012-09-07,1.387,1.477,1.505,1.387,5589337.0,,8.588064046579321,7.49636098981077,0.10299999999999998,
510300,2012-09-10,1.48,1.485,1.49,1.473,2390915.0,,1.1509817197020922,0.5416384563303999,0.008000000000000007,
510300,2012-09-11,1.469,1.467,1.47,1.451,2863742.0,,1.279461279461273,-1.2121212121212133,-0.018000000000000016,
510300,2012-09-12,1.485,1.479,1.498,1.454,2773826.0,,2.999318336741652,0.8179959100204505,0.01200000000000001,
510300,2012-09-13,1.472,1.456,1.483,1.455,2056526.0,,1.8931710615280612,-1.555104800540915,-0.02300000000000013,
510300,2012-09-14,1.474,1.472,1.49,1.455,3237676.0,,2.4038461538461484,1.0989010989010999,0.016000000000000014,
510300,2012-09-17,1.466,1.417,1.468,1.415,2706171.0,,3.6005434782608656,-3.7364130434782568,-0.05499999999999994,
510300,2012-09-18,1.402,1.389,1.407,1.382,2229305.0,,1.7642907551164526,-1.9760056457304183,-0.028000000000000025,
510300,2012-09-19,1.389,1.398,1.404,1.382,2784850.0,,1.5838732901367905,0.6479481641468607,0.008999999999999897,
510300,2012-09-20,1.393,1.349,1.393,1.346,4082695.0,,3.3619456366237435,-3.5050071530758182,-0.04899999999999993,
510300,2012-09-21,1.341,1.348,1.37,1.339,2770521.0,,2.2979985174203215,-0.0741289844329051,-0.0009999999999998899,
510300,2012-09-24,1.334,1.368,1.383,1.324,3142901.0,,4.376854599406524,1.4836795252225532,0.020000000000000018,
510300,2012-09-25,1.361,1.365,1.377,1.355,1721810.0,,1.6081871345029253,-0.2192982456140434,-0.0030000000000001137,
510300,2012-09-26,1.363,1.341,1.372,1.338,1629607.0,,2.490842490842493,-1.75824175824176,-0.02400000000000002,
510300,2012-09-27,1.345,1.405,1.456,1.344,4791727.0,,8.351976137211027,4.772557792692026,0.06400000000000006,
510300,2012-09-28,1.391,1.458,1.459,1.385,5021109.0,,5.266903914590752,3.7722419928825577,0.052999999999999936,
510300,2012-10-08,1.455,1.423,1.459,1.41,1904078.0,,3.360768175583001,-2.400548696844988,-0.03499999999999992,
510300,2012-10-09,1.435,1.476,1.488,1.435,3686399.0,,3.7245256500351327,3.7245256500351327,0.052999999999999936,
510300,2012-10-10,1.467,1.476,1.48,1.459,1927380.0,,1.42276422764227,0.0,0.0,
510300,2012-10-11,1.468,1.46,1.476,1.455,2362345.0,,1.42276422764227,-1.084010840108402,-0.016000000000000014,
510300,2012-10-12,1.468,1.458,1.488,1.441,2837152.0,,3.219178082191776,-0.13698630136986314,-0.0020000000000000018,
510300,2012-10-15,1.464,1.45,1.464,1.435,1733319.0,,1.9890260631001313,-0.5486968449931418,-0.008000000000000007,
510300,2012-10-16,1.449,1.451,1.472,1.441,3033133.0,,2.137931034482753,0.06896551724138704,0.001000000000000112,
510300,2012-10-17,1.463,1.46,1.468,1.437,2331499.0,,2.1364576154376236,0.620261888352853,0.008999999999999897,
510300,2012-10-18,1.465,1.489,1.496,1.464,2827927.0,,2.1917808219178103,1.9863013698630232,0.029000000000000137,
510300,2012-10-19,1.486,1.489,1.495,1.483,1633135.0,,0.8059100067159174,0.0,0.0,
510300,2012-10-22,1.479,1.498,1.504,1.472,2331994.0,,2.1490933512424464,0.6044325050369306,0.008999999999999897,
510300,2012-10-23,1.497,1.471,1.499,1.469,2618563.0,,2.002670226969294,-1.8024032042723575,-0.026999999999999913,
510300,2012-10-24,1.465,1.467,1.479,1.462,2154703.0,,1.1556764106050392,-0.27192386131883095,-0.0040000000000000036,
510300,2012-10-25,1.467,1.448,1.477,1.447,2435806.0,,2.0449897750511266,-1.295160190865721,-0.019000000000000128,
510300,2012-10-26,1.449,1.396,1.452,1.388,3059710.0,,4.419889502762435,-3.5911602209944786,-0.052000000000000046,
510300,2012-10-29,1.392,1.385,1.399,1.378,2383104.0,,1.5042979942693502,-0.7879656160458381,-0.010999999999999899,
510300,2012-10-30,1.388,1.39,1.409,1.383,3304971.0,,1.8772563176895325,0.36101083032490205,0.004999999999999893,
510300,2012-10-31,1.392,1.406,1.408,1.385,2433534.0,,1.6546762589927995,1.1510791366906485,0.016000000000000014,
510300,2012-11-01,1.411,1.454,1.464,1.407,3381281.0,,4.05405405405405,3.4139402560455223,0.04800000000000004,
510300,2012-11-02,1.454,1.459,1.463,1.438,2662089.0,,1.7193947730398993,0.34387895460798595,0.0050000000000001155,
510300,2012-11-05,1.457,1.453,1.477,1.443,2417404.0,,2.3303632625085697,-0.4112405757368064,-0.006000000000000005,
510300,2012-11-06,1.458,1.444,1.46,1.411,3118478.0,,3.3723331039229136,-0.6194081211287075,-0.009000000000000119,
510300,2012-11-07,1.44,1.442,1.458,1.429,3100630.0,,2.008310249307473,-0.13850415512465386,-0.0020000000000000018,
510300,2012-11-08,1.427,1.4,1.43,1.399,3506991.0,,2.1497919556171925,-2.9126213592233037,-0.04200000000000004,
510300,2012-11-09,1.396,1.394,1.405,1.389,3025110.0,,1.142857142857144,-0.42857142857142894,-0.006000000000000005,
510300,2012-11-12,1.396,1.402,1.409,1.384,3249623.0,,1.7934002869440555,0.5738880918220952,0.008000000000000007,
510300,2012-11-13,1.402,1.367,1.402,1.362,3892473.0,,2.853067047075593,-2.49643366619115,-0.03499999999999992,
510300,2012-11-14,1.37,1.373,1.376,1.363,3216383.0,,0.9509875640087712,0.4389173372348212,0.006000000000000005,
510300,2012-11-15,1.364,1.346,1.375,1.344,4147741.0,,2.257829570284043,-1.966496722505456,-0.026999999999999913,
510300,2012-11-16,1.343,1.325,1.344,1.316,4158326.0,,2.080237741456168,-1.5601783060921344,-0.02100000000000013,
510300,2012-11-19,1.324,1.325,1.327,1.303,3386253.0,,1.811320754716983,0.0,0.0,
510300,2012-11-20,1.331,1.319,1.335,1.315,3023697.0,,1.5094339622641524,-0.45283018867924574,-0.006000000000000005,
510300,2012-11-21,1.32,1.346,1.349,1.306,4892438.0,,3.260045489006818,2.0470053070508065,0.027000000000000135,
510300,2012-11-22,1.332,1.333,1.337,1.32,2998818.0,,1.2630014858840939,-0.9658246656760863,-0.013000000000000123,
510300,2012-11-23,1.337,1.345,1.355,1.334,4164643.0,,1.5753938484621084,0.9002250562640668,0.01200000000000001,
510300,2012-11-26,1.341,1.331,1.342,1.323,3380703.0,,1.4126394052044706,-1.040892193308551,-0.014000000000000012,
510300,2012-11-27,1.322,1.307,1.326,1.306,3698311.0,,1.5026296018031569,-1.8031555221637883,-0.02400000000000002,
510300,2012-11-28,1.302,1.283,1.302,1.28,3551281.0,,1.6832440703902083,-1.8362662586075,-0.02400000000000002,
510300,2012-11-29,1.288,1.275,1.293,1.274,3790226.0,,1.4809041309430948,-0.6235385814497278,-0.008000000000000007,
510300,2012-11-30,1.27,1.285,1.292,1.267,4168374.0,,1.960784313725501,0.7843137254901967,0.010000000000000009,
510300,2012-12-03,1.288,1.265,1.3,1.263,3061587.0,,2.879377431906626,-1.5564202334630364,-0.020000000000000018,
510300,2012-12-04,1.26,1.282,1.286,1.258,3993001.0,,2.213438735177868,1.3438735177865713,0.017000000000000126,
510300,2012-12-05,1.281,1.358,1.372,1.278,6195195.0,,7.332293291731676,5.9282371294851846,0.07600000000000007,
510300,2012-12-06,1.359,1.355,1.366,1.346,4236821.0,,1.472754050073639,-0.22091310751105403,-0.0030000000000001137,
510300,2012-12-07,1.355,1.4,1.407,1.353,5774855.0,,3.9852398523985277,3.321033210332098,0.04499999999999993,
510300,2012-12-10,1.413,1.421,1.427,1.405,4975709.0,,1.571428571428573,1.5000000000000093,0.02100000000000013,
510300,2012-12-11,1.412,1.414,1.426,1.408,3256954.0,,1.266713581984519,-0.49261083743843187,-0.007000000000000117,
510300,2012-12-12,1.416,1.419,1.426,1.406,4694800.0,,1.4144271570014157,0.35360678925036176,0.0050000000000001155,
510300,2012-12-13,1.41,1.401,1.417,1.399,3332026.0,,1.2684989429175486,-1.2684989429175486,-0.018000000000000016,
510300,2012-12-14,1.399,1.516,1.52,1.399,5740475.0,,8.636688079942898,8.208422555317629,0.11499999999999999,
510300,2012-12-17,1.518,1.523,1.528,1.512,4750981.0,,1.0554089709762544,0.4617414248021039,0.006999999999999895,
510300,2012-12-18,1.523,1.519,1.56,1.503,4463113.0,,3.7426132632961373,-0.2626395272488512,-0.0040000000000000036,
510300,2012-12-19,1.518,1.525,1.54,1.513,3245530.0,,1.7774851876234454,0.39499670836076406,0.006000000000000005,
510300,2012-12-20,1.517,1.541,1.551,1.505,4912790.0,,3.0163934426229537,1.0491803278688534,0.016000000000000014,
510300,2012-12-21,1.549,1.531,1.566,1.519,4193594.0,,3.0499675535366744,-0.6489292667099292,-0.010000000000000009,
510300,2012-12-24,1.53,1.533,1.551,1.525,5083167.0,,1.6982364467668205,0.13063357282821697,0.0020000000000000018,
510300,2012-12-25,1.525,1.599,1.612,1.521,4771781.0,,5.936073059360743,4.305283757338556,0.06600000000000006,
510300,2012-12-26,1.595,1.606,1.608,1.594,3720029.0,,0.8755472170106325,0.4377736085053232,0.007000000000000117,
510300,2012-12-27,1.618,1.601,1.634,1.6,4017302.0,,2.1170610211705982,-0.3113325031133322,-0.0050000000000001155,
510300,2012-12-28,1.608,1.637,1.639,1.601,5157085.0,,2.3735165521549053,2.248594628357279,0.03600000000000003,
510300,2012-12-31,1.645,1.677,1.682,1.645,7702944.0,,2.2602321319486816,2.443494196701285,0.040000000000000036,
510300,2014-05-23,1.328,1.348,1.35,1.326,3598523.0,,1.4311270125223625,-19.618366129994033,-0.32899999999999996,
510300,2014-05-26,1.36,1.355,1.371,1.343,4659010.0,,2.0771513353115743,0.5192878338278853,0.006999999999999895,
510300,2014-05-27,1.353,1.348,1.361,1.345,3877246.0,,1.1808118081180823,-0.5166051660516529,-0.006999999999999895,
510300,2014-05-28,1.349,1.37,1.371,1.338,4454642.0,,2.4480712166172043,1.6320474777448084,0.02200000000000002,
510300,2014-05-29,1.373,1.357,1.378,1.357,3954068.0,,1.5328467153284602,-0.9489051094890599,-0.013000000000000123,
510300,2014-05-30,1.357,1.355,1.368,1.347,4536523.0,,1.5475313190862292,-0.14738393515106868,-0.0020000000000000018,
510300,2014-06-03,1.358,1.348,1.367,1.348,3880030.0,,1.4022140221402146,-0.5166051660516529,-0.006999999999999895,
510300,2014-06-04,1.348,1.329,1.348,1.319,4080484.0,,2.1513353115727103,-1.4094955489614338,-0.019000000000000128,
510300,2014-06-05,1.329,1.354,1.355,1.327,4302066.0,,2.106847253574118,1.8811136192626137,0.025000000000000133,
510300,2014-06-06,1.352,1.336,1.353,1.322,4490880.0,,2.2895125553914264,-1.3293943870014782,-0.018000000000000016,
510300,2014-06-09,1.33,1.334,1.358,1.326,4674114.0,,2.3952095808383254,-0.14970059880239533,-0.0020000000000000018,
510300,2014-06-10,1.343,1.363,1.364,1.335,6639836.0,,2.173913043478271,2.173913043478254,0.028999999999999915,
510300,2014-06-11,1.359,1.359,1.363,1.351,3218439.0,,0.8804108584005879,-0.29347028613352927,-0.0040000000000000036,
510300,2014-06-12,1.354,1.357,1.364,1.352,2515414.0,,0.8830022075055196,-0.14716703458425326,-0.0020000000000000018,
510300,2014-06-13,1.356,1.381,1.389,1.354,6213266.0,,2.5792188651436936,1.768607221812824,0.02400000000000002,
510300,2014-06-16,1.382,1.395,1.404,1.381,6881177.0,,1.6654598117306234,1.0137581462708192,0.014000000000000012,
510300,2014-06-17,1.39,1.377,1.39,1.377,6756314.0,,0.9318996415770537,-1.2903225806451626,-0.018000000000000016,
510300,2014-06-18,1.377,1.367,1.382,1.366,7097536.0,,1.1619462599854606,-0.726216412490923,-0.010000000000000009,
510300,2014-06-19,1.368,1.336,1.373,1.328,6884162.0,,3.2918800292611508,-2.2677395757132346,-0.030999999999999917,
510300,2014-06-20,1.337,1.344,1.348,1.333,6533089.0,,1.1227544910179732,0.5988023952095813,0.008000000000000007,
510300,2014-06-23,1.346,1.341,1.358,1.34,5523417.0,,1.3392857142857155,-0.22321428571429416,-0.0030000000000001137,
510300,2014-06-24,1.341,1.359,1.36,1.341,4436853.0,,1.4168530947054532,1.342281879194632,0.018000000000000016,
510300,2014-06-25,1.357,1.352,1.357,1.341,3202631.0,,1.177336276674026,-0.5150846210448782,-0.006999999999999895,
510300,2014-06-26,1.353,1.362,1.368,1.353,4077076.0,,1.1094674556213109,0.7396449704142017,0.010000000000000009,
510300,2014-06-27,1.358,1.366,1.38,1.354,4702265.0,,1.9089574155653304,0.29368575624082255,0.0040000000000000036,
510300,2014-06-30,1.372,1.38,1.388,1.372,5286535.0,,1.1713030746705557,1.0248901903367342,0.01399999999999979,
510300,2014-07-01,1.389,1.381,1.391,1.373,2669586.0,,1.3043478260869579,0.07246376811595014,0.001000000000000112,
510300,2014-07-02,1.382,1.391,1.391,1.373,3432223.0,,1.3034033309196245,0.7241129616220137,0.010000000000000009,
510300,2014-07-03,1.391,1.399,1.407,1.386,3632747.0,,1.5097052480230144,0.5751258087706691,0.008000000000000007,
510300,2014-07-04,1.399,1.399,1.403,1.392,3259942.0,,0.7862759113652695,0.0,0.0,
510300,2014-07-07,1.397,1.397,1.406,1.391,3058048.0,,1.0721944245889852,-0.14295925661186576,-0.0020000000000000018,
510300,2014-07-08,1.392,1.4,1.4,1.385,3291169.0,,1.073729420186106,0.21474588403721487,0.0029999999999998916,
510300,2014-07-09,1.399,1.372,1.401,1.37,3637034.0,,2.2142857142857086,-1.9999999999999862,-0.027999999999999803,
510300,2014-07-10,1.373,1.37,1.376,1.365,3337756.0,,0.8017492711370188,-0.1457725947521867,-0.0020000000000000018,
510300,2014-07-11,1.37,1.376,1.386,1.368,3890224.0,,1.313868613138671,0.4379562043795462,0.005999999999999783,
510300,2014-07-14,1.381,1.406,1.407,1.376,5707724.0,,2.2529069767441965,2.180232558139537,0.030000000000000027,
510300,2014-07-15,1.402,1.403,1.406,1.397,3536152.0,,0.6401137980085275,-0.21337126600283726,-0.0029999999999998916,
510300,2014-07-16,1.404,1.402,1.414,1.401,4748280.0,,0.9265858873841697,-0.07127583749109849,-0.001000000000000112,
510300,2014-07-17,1.402,1.393,1.403,1.384,3624173.0,,1.3552068473609222,-0.6419400855920041,-0.008999999999999897,
510300,2014-07-18,1.39,1.404,1.414,1.388,3685581.0,,1.866475233309406,0.7896625987078175,0.010999999999999899,
510300,2014-07-21,1.404,1.403,1.408,1.396,3228193.0,,0.8547008547008554,-0.07122507122506339,-0.0009999999999998899,
510300,2014-07-22,1.401,1.429,1.439,1.397,6256008.0,,2.9935851746258044,1.853171774768355,0.026000000000000023,
510300,2014-07-23,1.43,1.433,1.449,1.427,5186599.0,,1.539538138558434,0.2799160251924425,0.0040000000000000036,
510300,2014-07-24,1.438,1.481,1.482,1.438,5738975.0,,3.070481507327288,3.349616189811587,0.04800000000000004,
510300,2014-07-25,1.486,1.507,1.509,1.481,4877040.0,,1.890614449696138,1.7555705604321268,0.0259999999999998,
510300,2014-07-28,1.511,1.569,1.582,1.511,8375148.0,,4.711347047113482,4.1141340411413445,0.062000000000000055,
510300,2014-07-29,1.57,1.575,1.589,1.56,4265830.0,,1.8483110261312885,0.382409177820268,0.006000000000000005,
510300,2014-07-30,1.565,1.567,1.585,1.564,6079403.0,,1.3333333333333275,-0.5079365079365084,-0.008000000000000007,
510300,2014-07-31,1.567,1.599,1.6,1.562,4861899.0,,2.4250159540523315,2.042118698149332,0.03200000000000003,
510300,2014-08-01,1.593,1.57,1.621,1.569,7790077.0,,3.2520325203252063,-1.8136335209505887,-0.028999999999999915,
510300,2014-08-04,1.581,1.621,1.623,1.579,6360271.0,,2.8025477707006394,3.2484076433120976,0.050999999999999934,
510300,2014-08-05,1.622,1.614,1.624,1.598,6128304.0,,1.60394818013572,-0.4318322023442255,-0.006999999999999895,
510300,2014-08-06,1.597,1.599,1.612,1.576,6313654.0,,2.2304832713754665,-0.9293680297397846,-0.015000000000000124,
510300,2014-08-07,1.606,1.573,1.609,1.57,5575378.0,,2.4390243902438975,-1.6260162601626031,-0.026000000000000023,
510300,2014-08-08,1.574,1.574,1.586,1.566,4976759.0,,1.2714558169103634,0.06357279084552524,0.001000000000000112,
510300,2014-08-11,1.585,1.607,1.613,1.579,4944974.0,,2.1601016518424414,2.096569250317657,0.03299999999999992,
510300,2014-08-12,1.601,1.597,1.601,1.586,5253015.0,,0.9334163036714314,-0.6222775357809589,-0.010000000000000009,
510300,2014-08-13,1.603,1.604,1.613,1.579,5660159.0,,2.1289918597370088,0.43832185347527347,0.007000000000000117,
510300,2014-08-14,1.602,1.575,1.607,1.575,5364936.0,,1.9950124688279318,-1.8079800498753202,-0.029000000000000137,
510300,2014-08-15,1.579,1.605,1.616,1.577,5759061.0,,2.4761904761904856,1.9047619047619067,0.030000000000000027,
510300,2014-08-18,1.607,1.613,1.623,1.602,6385631.0,,1.3084112149532652,0.49844236760124655,0.008000000000000007,
510300,2014-08-19,1.617,1.615,1.619,1.598,4951745.0,,1.3019218846869132,0.12399256044637331,0.0020000000000000018,
510300,2014-08-20,1.614,1.606,1.618,1.603,5345229.0,,0.9287925696594505,-0.5572755417956593,-0.008999999999999897,
510300,2014-08-21,1.606,1.597,1.609,1.582,5065403.0,,1.6811955168119497,-0.5603985056039924,-0.009000000000000119,
510300,2014-08-22,1.596,1.609,1.613,1.594,4913119.0,,1.189730745147145,0.7514088916718855,0.01200000000000001,
510300,2014-08-25,1.612,1.588,1.613,1.583,4375767.0,,1.8645121193287773,-1.3051584835301373,-0.020999999999999908,
510300,2014-08-26,1.581,1.573,1.594,1.563,4553470.0,,1.9521410579345175,-0.9445843828715442,-0.015000000000000124,
510300,2014-08-27,1.571,1.572,1.58,1.569,4512459.0,,0.699300699300707,-0.06357279084551111,-0.0009999999999998899,
510300,2014-08-28,1.573,1.561,1.577,1.558,5478509.0,,1.2086513994910881,-0.699745547073799,-0.01100000000000012,
510300,2014-08-29,1.561,1.584,1.586,1.561,4426938.0,,1.6015374759769465,1.4734144778987914,0.02300000000000013,
510300,2014-09-01,1.584,1.595,1.597,1.581,5255470.0,,1.0101010101010108,0.694444444444438,0.010999999999999899,
510300,2014-09-02,1.597,1.631,1.637,1.591,7328855.0,,2.8840125391849556,2.257053291536052,0.03600000000000003,
510300,2014-09-03,1.638,1.654,1.662,1.637,5170650.0,,1.5328019619865059,1.4101778050275848,0.02299999999999991,
510300,2014-09-04,1.657,1.677,1.678,1.651,4312598.0,,1.6324062877871777,1.3905683192261264,0.02300000000000013,
510300,2014-09-05,1.685,1.701,1.705,1.678,6407412.0,,1.6100178890876646,1.4311270125223625,0.02400000000000002,
510300,2014-09-09,1.702,1.695,1.703,1.686,3962325.0,,0.999412110523229,-0.35273368606701966,-0.006000000000000005,
510300,2014-09-10,1.678,1.679,1.682,1.667,5310511.0,,0.8849557522123837,-0.9439528023598829,-0.016000000000000014,
510300,2014-09-11,1.679,1.665,1.715,1.658,7222657.0,,3.3948779035140064,-0.8338296605122104,-0.014000000000000012,
510300,2014-09-12,1.665,1.685,1.685,1.656,5116385.0,,1.74174174174175,1.2012012012012023,0.020000000000000018,
510300,2014-09-15,1.671,1.678,1.683,1.662,6564734.0,,1.2462908011869511,-0.41543026706232145,-0.007000000000000117,
510300,2014-09-16,1.687,1.635,1.691,1.632,6259853.0,,3.5160905840286154,-2.562574493444573,-0.04299999999999993,
510300,2014-09-17,1.646,1.643,1.65,1.629,5165643.0,,1.284403669724765,0.4892966360856273,0.008000000000000007,
510300,2014-09-18,1.641,1.653,1.658,1.633,8462794.0,,1.521606816798534,0.6086427267194163,0.010000000000000009,
510300,2014-09-19,1.653,1.673,1.681,1.65,7218656.0,,1.8753781004234809,1.2099213551119188,0.020000000000000018,
510300,2014-09-22,1.665,1.621,1.665,1.617,6310351.0,,2.8690974297668883,-3.1081888822474624,-0.052000000000000046,
510300,2014-09-23,1.624,1.646,1.65,1.624,6642956.0,,1.6039481801357065,1.5422578655151087,0.02499999999999991,
510300,2014-09-24,1.636,1.693,1.698,1.629,10530459.0,,4.191980558930738,2.8554070473876156,0.04700000000000015,
510300,2014-09-25,1.701,1.68,1.715,1.673,11766577.0,,2.480803307737746,-0.7678676904902612,-0.013000000000000123,
510300,2014-09-26,1.68,1.681,1.687,1.663,7014042.0,,1.42857142857143,0.05952380952381619,0.001000000000000112,
510300,2014-09-29,1.68,1.692,1.694,1.676,7302410.0,,1.0707911957168361,0.6543723973825044,0.010999999999999899,
510300,2014-09-30,1.691,1.692,1.7,1.683,5853168.0,,1.004728132387701,0.0,0.0,
510300,2014-10-08,1.699,1.719,1.721,1.685,8155297.0,,2.1276595744680873,1.5957446808510718,0.027000000000000135,
510300,2014-10-09,1.723,1.72,1.73,1.706,6124161.0,,1.3961605584642247,0.05817335660266956,0.0009999999999998899,
510300,2014-10-10,1.707,1.708,1.722,1.698,6974427.0,,1.3953488372093035,-0.6976744186046517,-0.01200000000000001,
510300,2014-10-13,1.697,1.694,1.7,1.668,6893526.0,,1.8735362997658096,-0.8196721311475417,-0.014000000000000012,
510300,2014-10-14,1.692,1.685,1.706,1.679,7137540.0,,1.5938606847697705,-0.5312868949232525,-0.008999999999999897,
510300,2014-10-15,1.684,1.701,1.706,1.672,5035690.0,,2.0178041543026723,0.949554896142434,0.016000000000000014,
510300,2014-10-16,1.69,1.692,1.72,1.682,5907807.0,,2.233980011757791,-0.5291005291005361,-0.009000000000000119,
510300,2014-10-17,1.692,1.681,1.698,1.657,7260138.0,,2.423167848699759,-0.6501182033096866,-0.010999999999999899,
510300,2014-10-20,1.686,1.692,1.693,1.68,5267683.0,,0.7733491969066104,0.6543723973825044,0.010999999999999899,
510300,2014-10-21,1.692,1.676,1.699,1.674,5479022.0,,1.4775413711584002,-0.945626477541372,-0.016000000000000014,
510300,2014-10-22,1.676,1.662,1.687,1.661,6098876.0,,1.5513126491646794,-0.835322195704058,-0.014000000000000012,
510300,2014-10-23,1.661,1.636,1.666,1.635,7750311.0,,1.8652226233453622,-1.564380264741277,-0.026000000000000023,
510300,2014-10-24,1.637,1.634,1.645,1.631,5816379.0,,0.8557457212713945,-0.12224938875305634,-0.0020000000000000018,
510300,2014-10-27,1.624,1.611,1.624,1.601,6444636.0,,1.4075887392900939,-1.4075887392900803,-0.02299999999999991,
510300,2014-10-28,1.616,1.659,1.66,1.614,7081639.0,,2.8553693358162517,2.9795158286778425,0.04800000000000004,
510300,2014-10-29,1.664,1.69,1.705,1.656,9098717.0,,2.9535864978903046,1.8685955394816105,0.030999999999999917,
510300,2014-10-30,1.69,1.705,1.711,1.685,8426431.0,,1.5384615384615399,0.8875739644970487,0.015000000000000124,
510300,2014-10-31,1.712,1.755,1.758,1.71,7323906.0,,2.8152492668621725,2.9325513196480832,0.04999999999999982,
510300,2014-11-03,1.756,1.75,1.762,1.743,6135850.0,,1.0826210826210774,-0.28490028490027886,-0.004999999999999893,
510300,2014-11-04,1.744,1.748,1.753,1.739,5776701.0,,0.799999999999988,-0.11428571428571438,-0.0020000000000000018,
510300,2014-11-05,1.755,1.745,1.761,1.738,5502652.0,,1.3157894736842055,-0.17162471395880388,-0.0029999999999998916,
510300,2014-11-06,1.748,1.746,1.753,1.722,7252257.0,,1.7765042979942647,0.057306590257873345,0.0009999999999998899,
510300,2014-11-07,1.747,1.741,1.783,1.728,8261054.0,,3.1500572737686103,-0.28636884306986793,-0.004999999999999893,
510300,2014-11-10,1.752,1.812,1.813,1.751,6772235.0,,3.5611717403790952,4.078116025272829,0.07099999999999995,
510300,2014-11-11,1.816,1.795,1.839,1.775,8693650.0,,3.532008830022078,-0.9381898454746206,-0.017000000000000126,
510300,2014-11-12,1.792,1.833,1.834,1.784,5575938.0,,2.7855153203342646,2.1169916434540412,0.038000000000000034,
510300,2014-11-13,1.832,1.818,1.841,1.809,11701384.0,,1.7457719585379177,-0.8183306055646428,-0.014999999999999902,
510300,2014-11-14,1.811,1.821,1.821,1.798,5247875.0,,1.26512651265126,0.16501650165015905,0.0029999999999998916,
510300,2014-11-17,1.851,1.81,1.858,1.81,6877927.0,,2.635914332784187,-0.6040637012630367,-0.010999999999999899,
510300,2014-11-18,1.809,1.782,1.809,1.776,5918560.0,,1.8232044198894983,-1.5469613259668522,-0.028000000000000025,
510300,2014-11-19,1.781,1.774,1.787,1.768,6915317.0,,1.0662177328843943,-0.448933782267116,-0.008000000000000007,
510300,2014-11-20,1.767,1.778,1.783,1.756,5993677.0,,1.5219842164599726,0.22547914317925613,0.0040000000000000036,
510300,2014-11-21,1.778,1.827,1.83,1.769,10309707.0,,3.43082114735659,2.7559055118110196,0.04899999999999993,
510300,2014-11-24,1.851,1.902,1.921,1.847,13277666.0,,4.05035577449371,4.105090311986862,0.07499999999999996,
510300,2014-11-25,1.898,1.93,1.935,1.893,12741722.0,,2.2082018927444818,1.4721345951629878,0.028000000000000025,
510300,2014-11-26,1.934,1.96,1.961,1.934,11842240.0,,1.3989637305699552,1.5544041450777215,0.030000000000000027,
510300,2014-11-27,1.968,1.985,1.987,1.957,14180399.0,,1.5306122448979604,1.2755102040816395,0.025000000000000133,
510300,2014-11-28,1.976,2.051,2.071,1.974,13651346.0,,4.886649874055425,3.324937027707811,0.06600000000000006,
510300,2014-12-01,2.06,2.054,2.08,2.046,8192861.0,,1.6577279375914311,0.1462701121404032,0.0029999999999996696,
510300,2014-12-02,2.051,2.167,2.201,2.039,14079458.0,,7.887049659201555,5.501460564751704,0.11299999999999999,
510300,2014-12-03,2.175,2.199,2.267,2.152,18562139.0,,5.30687586525149,1.476695892939549,0.03200000000000003,
510300,2014-12-04,2.23,2.381,2.384,2.209,17863904.0,,7.958162801273298,8.276489313324237,0.18199999999999994,
510300,2014-12-05,2.391,2.362,2.441,2.26,19759233.0,,7.601847963040742,-0.7979840403191805,-0.018999999999999684,
510300,2014-12-08,2.336,2.514,2.524,2.31,16625137.0,,9.06011854360711,6.43522438611345,0.1519999999999997,
510300,2014-12-09,2.462,2.331,2.636,2.201,16196280.0,,17.303102625298333,-7.279236276849637,-0.18299999999999983,
510300,2014-12-10,2.397,2.444,2.475,2.294,23570021.0,,7.764907764907767,4.847704847704847,0.11299999999999999,
510300,2014-12-11,2.401,2.409,2.478,2.376,19211225.0,,4.173486088379718,-1.43207855973814,-0.03500000000000014,
510300,2014-12-12,2.426,2.419,2.478,2.396,13442354.0,,3.403902034039033,0.4151100041511096,0.010000000000000231,
510300,2014-12-15,2.419,2.456,2.469,2.378,11291791.0,,3.761885076477873,1.5295576684580374,0.03699999999999992,
510300,2014-12-16,2.454,2.532,2.539,2.441,16418864.0,,3.990228013029329,3.094462540716615,0.07600000000000007,
510300,2014-12-17,2.545,2.589,2.596,2.51,20043030.0,,3.396524486571892,2.25118483412322,0.05699999999999994,
510300,2014-12-18,2.591,2.585,2.635,2.565,22410690.0,,2.703746620316718,-0.15449980687524156,-0.0040000000000000036,
510300,2014-12-19,2.588,2.635,2.644,2.512,21429541.0,,5.106382978723409,1.9342359767891615,0.04999999999999982,
510300,2014-12-22,2.635,2.611,2.683,2.6,18691135.0,,3.149905123339649,-0.9108159392789213,-0.023999999999999577,
510300,2014-12-23,2.586,2.542,2.655,2.532,19073574.0,,4.710838759096123,-2.6426656453466255,-0.0690000000000004,
510300,2014-12-24,2.542,2.449,2.569,2.403,20900443.0,,6.530291109362704,-3.658536585365853,-0.09299999999999997,
510300,2014-12-25,2.469,2.567,2.571,2.464,17610132.0,,4.369130257247865,4.818293180890173,0.11800000000000033,
510300,2014-12-26,2.569,2.698,2.706,2.561,17964517.0,,5.648617062719128,5.1032333463186506,0.13099999999999978,
510300,2014-12-29,2.771,2.681,2.796,2.628,24745093.0,,6.2268346923647035,-0.6300963676797593,-0.016999999999999904,
510300,2014-12-30,2.684,2.681,2.728,2.651,13477504.0,,2.872062663185394,0.0,0.0,
510300,2014-12-31,2.689,2.775,2.786,2.685,14748614.0,,3.7672510257366647,3.5061544199925345,0.09399999999999986,
510300,2015-01-05,2.805,2.889,2.936,2.79,30758984.0,,5.261261261261258,4.1081081081081035,0.11399999999999988,
510300,2015-01-06,2.866,2.864,2.909,2.813,16023424.0,,3.322949117341629,-0.8653513326410492,-0.02499999999999991,
510300,2015-01-07,2.846,2.863,2.891,2.826,17043221.0,,2.2695530726256967,-0.034916201117314596,-0.0009999999999998899,
510300,2015-01-08,2.873,2.783,2.883,2.771,12361365.0,,3.911980440097803,-2.7942717429270023,-0.08000000000000007,
510300,2015-01-09,2.773,2.757,2.926,2.743,20780562.0,,6.575637800934253,-0.9342436219906504,-0.0259999999999998,
510300,2015-01-12,2.758,2.746,2.781,2.688,13826504.0,,3.3732317736670283,-0.39898440333696483,-0.01100000000000012,
510300,2015-01-13,2.743,2.739,2.777,2.713,9697400.0,,2.3306627822286985,-0.25491624180626793,-0.007000000000000117,
510300,2015-01-14,2.746,2.731,2.774,2.691,9631631.0,,3.0303030303030374,-0.29207740051113573,-0.008000000000000007,
510300,2015-01-15,2.731,2.831,2.837,2.705,13119280.0,,4.833394361039916,3.6616623947272093,0.10000000000000009,
510300,2015-01-16,2.844,2.863,2.886,2.834,13133958.0,,1.8368067820558123,1.130342635111269,0.03200000000000003,
510300,2015-01-19,2.67,2.497,2.7,2.497,12765272.0,,7.090464547677272,-12.783793223891028,-0.3660000000000001,
510300,2015-01-20,2.546,2.618,2.65,2.538,17005137.0,,4.485382458950745,4.845814977973569,0.121,
510300,2015-01-21,2.63,2.773,2.792,2.627,13881855.0,,6.302521008403363,5.920550038197106,0.15500000000000025,
510300,2015-01-22,2.779,2.779,2.804,2.737,9941913.0,,2.416155787955273,0.21637216011539065,0.005999999999999783,
510300,2015-01-23,2.804,2.796,2.849,2.766,9745623.0,,2.986685858222389,0.6117308384310869,0.016999999999999904,
510300,2015-01-26,2.816,2.83,2.836,2.778,8802064.0,,2.074391988555073,1.2160228898426413,0.03400000000000025,
510300,2015-01-27,2.838,2.794,2.843,2.722,12312449.0,,4.275618374558303,-1.2720848056537113,-0.03600000000000003,
510300,2015-01-28,2.767,2.737,2.806,2.725,9584008.0,,2.899069434502504,-2.0400858983536128,-0.05699999999999994,
510300,2015-01-29,2.691,2.7,2.724,2.668,9530566.0,,2.0460358056266004,-1.3518450858604283,-0.03699999999999992,
510300,2015-01-30,2.72,2.657,2.739,2.642,11179817.0,,3.5925925925925917,-1.5925925925925979,-0.04300000000000015,
510300,2015-02-02,2.596,2.58,2.635,2.569,8583404.0,,2.484004516371842,-2.8980052691004876,-0.07699999999999996,
510300,2015-02-03,2.619,2.659,2.671,2.589,8725036.0,,3.1782945736434054,3.062015503875959,0.07899999999999974,
510300,2015-02-04,2.675,2.62,2.706,2.616,10930569.0,,3.3847311019180095,-1.4667168108311284,-0.0389999999999997,
510300,2015-02-05,2.711,2.58,2.716,2.576,14647722.0,,5.343511450381684,-1.5267175572519098,-0.040000000000000036,
510300,2015-02-06,2.58,2.53,2.597,2.505,13323765.0,,3.56589147286822,-1.9379844961240413,-0.050000000000000266,
510300,2015-02-09,2.53,2.568,2.606,2.526,12518566.0,,3.1620553359683825,1.5019762845849904,0.038000000000000256,
510300,2015-02-10,2.572,2.635,2.637,2.569,13935345.0,,2.6479750778816222,2.6090342679127616,0.06699999999999973,
510300,2015-02-11,2.639,2.657,2.671,2.638,11911260.0,,1.2523719165085359,0.8349146110057019,0.02200000000000024,
510300,2015-02-12,2.657,2.671,2.682,2.629,7785122.0,,1.994730899510724,0.5269100489273538,0.01399999999999979,
510300,2015-02-13,2.679,2.693,2.739,2.679,10813775.0,,2.2463496817671307,0.8236615499812895,0.02200000000000024,
510300,2015-02-16,2.692,2.722,2.731,2.687,8421547.0,,1.6338655774229498,1.076865948756031,0.028999999999999915,
510300,2015-02-17,2.737,2.753,2.765,2.736,8973060.0,,1.0653930933137368,1.1388684790595203,0.03100000000000014,
510300,2015-02-25,2.75,2.699,2.75,2.68,13779805.0,,2.5426807119505934,-1.9614965492190435,-0.05400000000000027,
510300,2015-02-26,2.696,2.802,2.805,2.681,12517040.0,,4.594294183030756,3.8162282326787778,0.1030000000000002,
510300,2015-02-27,2.8,2.795,2.821,2.778,10331788.0,,1.5346181299072144,-0.24982155603141032,-0.007000000000000117,
510300,2015-03-02,2.819,2.823,2.834,2.787,11512422.0,,1.68157423971378,1.001788908765654,0.028000000000000025,
510300,2015-03-03,2.799,2.725,2.799,2.721,11965033.0,,2.763018065887348,-3.4714842366276963,-0.09799999999999986,
510300,2015-03-04,2.737,2.754,2.768,2.714,8696866.0,,1.9816513761467824,1.0642201834862353,0.028999999999999915,
510300,2015-03-05,2.733,2.724,2.742,2.687,10619007.0,,1.997095134350042,-1.0893246187363763,-0.029999999999999805,
510300,2015-03-06,2.721,2.702,2.737,2.693,9184233.0,,1.6152716593245242,-0.8076358296622702,-0.02200000000000024,
510300,2015-03-09,2.668,2.77,2.78,2.637,14989497.0,,5.292376017764611,2.516654330125835,0.06800000000000006,
510300,2015-03-10,2.757,2.745,2.773,2.732,10614478.0,,1.4801444043321272,-0.9025270758122712,-0.02499999999999991,
510300,2015-03-11,2.746,2.75,2.801,2.731,14136149.0,,2.550091074681249,0.18214936247722746,0.004999999999999893,
510300,2015-03-12,2.774,2.814,2.833,2.762,14385133.0,,2.5818181818181882,2.3272727272727294,0.06400000000000006,
510300,2015-03-13,2.822,2.834,2.861,2.809,9200028.0,,1.8479033404406555,0.7107320540156367,0.020000000000000018,
510300,2015-03-16,2.856,2.923,2.93,2.837,12419541.0,,3.281580804516583,3.1404375441072676,0.08899999999999997,
510300,2015-03-17,2.951,2.97,2.978,2.937,13772577.0,,1.4026684912760987,1.6079370509750306,0.04700000000000015,
510300,2015-03-18,2.978,3.069,3.075,2.978,13322043.0,,3.265993265993265,3.333333333333325,0.09899999999999975,
510300,2015-03-19,3.052,3.049,3.068,3.029,13747984.0,,1.2707722385141789,-0.6516780710329103,-0.020000000000000018,
510300,2015-03-20,3.06,3.103,3.132,3.046,12711220.0,,2.8205969170219842,1.7710724827812485,0.05400000000000027,
510300,2015-03-23,3.143,3.181,3.216,3.138,9506119.0,,2.513696422816638,2.513696422816624,0.07799999999999985,
510300,2015-03-24,3.187,3.177,3.198,3.104,16266947.0,,2.9550455831499485,-0.12574662055957256,-0.0040000000000000036,
510300,2015-03-25,3.162,3.153,3.187,3.117,12189714.0,,2.2033364809568723,-0.7554296506137872,-0.02400000000000002,
510300,2015-03-26,3.136,3.156,3.202,3.096,12752408.0,,3.3618775769108744,0.09514747859182092,0.0030000000000001137,
510300,2015-03-27,3.163,3.186,3.208,3.146,8845228.19,,1.9645120405576766,0.9505703422053169,0.029999999999999805,
510300,2015-03-30,3.219,3.312,3.326,3.211,12802761.0,,3.609541745134972,3.9548022598870025,0.1259999999999999,
510300,2015-03-31,3.37,3.267,3.386,3.211,27410138.0,,5.283816425120781,-1.3586956521739109,-0.04499999999999993,
510300,2015-04-01,3.271,3.333,3.361,3.264,14824100.0,,2.9690847872666186,2.0202020202020288,0.06600000000000028,
510300,2015-04-02,3.363,3.327,3.375,3.271,20198227.0,,3.120312031203123,-0.18001800180018682,-0.006000000000000227,
510300,2015-04-03,3.319,3.393,3.398,3.309,10549230.0,,2.675082657048391,1.9837691614066677,0.06599999999999984,
510300,2015-04-07,3.419,3.466,3.466,3.392,12398463.0,,2.1809608016504654,2.1514883583849223,0.0730000000000004,
510300,2015-04-08,3.476,3.5,3.513,3.421,9368158.0,,2.6543566070398175,0.9809578765147088,0.03399999999999981,
510300,2015-04-09,3.518,3.469,3.534,3.429,11668331.0,,2.9999999999999996,-0.8857142857142897,-0.03100000000000014,
510300,2015-04-10,3.469,3.568,3.575,3.449,10284434.0,,3.6321706543672625,2.8538483712885614,0.0990000000000002,
510300,2015-04-13,3.593,3.64,3.659,3.577,8257742.0,,2.298206278026902,2.0179372197309435,0.07200000000000006,
510300,2015-04-14,3.631,3.642,3.694,3.606,9848463.0,,2.4175824175824197,0.05494505494504889,0.0019999999999997797,
510300,2015-04-15,3.642,3.605,3.686,3.6,11917793.0,,2.3613399231191616,-1.015925315760569,-0.03699999999999992,
510300,2015-04-16,3.605,3.748,3.753,3.559,10711659.0,,5.38141470180305,3.9667128987517404,0.14300000000000024,
510300,2015-04-17,3.766,3.826,3.867,3.765,12126834.0,,2.7214514407684063,2.0811099252934855,0.07799999999999985,
510300,2015-04-20,3.826,3.726,3.885,3.706,12638763.0,,4.678515420805014,-2.6136957658128614,-0.10000000000000009,
510300,2015-04-21,3.729,3.821,3.824,3.722,13299154.0,,2.7375201288244733,2.5496511003757436,0.0950000000000002,
510300,2015-04-22,3.836,3.946,3.953,3.836,12169515.0,,3.0620256477361942,3.27139492279508,0.125,
510300,2015-04-23,3.973,3.941,3.985,3.902,9725637.0,,2.103395843892543,-0.1267105930055838,-0.0050000000000003375,
510300,2015-04-24,3.906,3.924,3.936,3.828,8708712.0,,2.740421212890132,-0.4313625983252957,-0.016999999999999904,
510300,2015-04-27,3.973,4.021,4.031,3.938,11266967.0,,2.3700305810397433,2.4719673802242603,0.09699999999999998,
510300,2015-04-28,4.005,3.959,4.04,3.915,12519068.0,,3.108679432976871,-1.541904998756524,-0.06199999999999983,
510300,2015-04-29,3.959,3.985,4.011,3.917,8027906.0,,2.3743369537762136,0.6567314978529881,0.0259999999999998,
510300,2015-04-30,3.996,3.975,4.033,3.973,7658200.0,,1.5056461731493225,-0.25094102885821296,-0.009999999999999787,
510300,2015-05-04,3.975,4.001,4.006,3.924,7988415.0,,2.062893081761014,0.6540880503144716,0.026000000000000245,
510300,2015-05-05,3.996,3.82,3.996,3.789,9813952.0,,5.1737065733566565,-4.5238690327418265,-0.1810000000000005,
510300,2015-05-06,3.826,3.772,3.914,3.733,18782493.0,,4.738219895287959,-1.2565445026178022,-0.04800000000000004,
510300,2015-05-07,3.747,3.693,3.764,3.678,25005675.0,,2.2799575821845135,-2.0943796394485616,-0.07899999999999974,
510300,2015-05-08,3.726,3.762,3.766,3.656,13094727.0,,2.978608177633357,1.8683996750609246,0.06899999999999995,
510300,2015-05-11,3.786,3.911,3.916,3.744,27020156.0,,4.572036150983512,3.960659223817119,0.14900000000000002,
510300,2015-05-12,3.91,3.965,3.967,3.878,7819125.0,,2.2756328304781377,1.3807210432114505,0.053999999999999826,
510300,2015-05-13,3.971,3.921,3.971,3.892,6823684.0,,1.992433795712489,-1.1097099621689797,-0.04400000000000004,
510300,2015-05-14,3.922,3.91,3.943,3.889,6155977.0,,1.3771996939556306,-0.28054067839835956,-0.010999999999999677,
510300,2015-05-15,3.904,3.824,3.906,3.803,8241200.0,,2.6342710997442507,-2.199488491048601,-0.0860000000000003,
510300,2015-05-18,3.809,3.79,3.833,3.769,7372686.0,,1.6736401673640184,-0.889121338912129,-0.03399999999999981,
510300,2015-05-19,3.79,3.947,3.963,3.783,15114416.0,,4.749340369393145,4.142480211081795,0.15700000000000003,
510300,2015-05-20,3.973,3.969,4.069,3.933,20741770.0,,3.4456549277932638,0.5573853559665517,0.021999999999999797,
510300,2015-05-21,3.981,4.066,4.069,3.968,11635718.0,,2.5447215923406397,2.443940539178634,0.09699999999999998,
510300,2015-05-22,4.101,4.17,4.174,4.085,12159245.0,,2.1888834235120616,2.5577963600590286,0.10400000000000009,
510300,2015-05-25,4.164,4.326,4.328,4.158,11365784.0,,4.0767386091127085,3.741007194244597,0.1559999999999997,
510300,2015-05-26,4.336,4.401,4.416,4.275,11309206.0,,3.2593619972260757,1.7337031900138737,0.07500000000000018,
510300,2015-05-27,4.421,4.401,4.446,4.333,15048546.0,,2.567598273119735,0.0,0.0,
510300,2015-05-28,4.395,4.051,4.416,3.991,15097912.0,,9.656896159963651,-7.9527380140877,-0.34999999999999964,
510300,2015-05-29,4.066,4.054,4.132,3.876,20550189.0,,6.31942730190076,0.0740557886941524,0.0030000000000001137,
510300,2015-06-01,4.054,4.306,4.316,4.037,17542104.0,,6.88209176122348,6.216082881105075,0.2519999999999998,
510300,2015-06-02,4.306,4.392,4.398,4.238,15123215.0,,3.7157454714351896,1.9972131908964303,0.0860000000000003,
510300,2015-06-03,4.392,4.349,4.402,4.261,14301795.0,,3.210382513661202,-0.9790528233151217,-0.04300000000000015,
510300,2015-06-04,4.351,4.407,4.416,3.945,21827335.0,,10.830075879512544,1.333639917222346,0.05799999999999983,
510300,2015-06-05,4.436,4.415,4.486,4.287,14405085.0,,4.515543453596547,0.18152938506920824,0.008000000000000007,
510300,2015-06-08,4.431,4.542,4.586,4.368,25233080.0,,4.93771234428086,2.8765571913929735,0.12699999999999978,
510300,2015-06-09,4.551,4.499,4.559,4.432,17623198.0,,2.796125055041827,-0.9467195068251906,-0.04300000000000015,
510300,2015-06-10,4.47,4.494,4.583,4.432,7031789.0,,3.3563014003111764,-0.1111358079573215,-0.004999999999999893,
510300,2015-06-11,4.494,4.495,4.536,4.442,7340937.0,,2.091677792612359,0.022251891410777346,0.001000000000000334,
510300,2015-06-12,4.517,4.534,4.564,4.471,8205332.0,,2.0689655172413786,0.8676307007786364,0.0389999999999997,
510300,2015-06-15,4.549,4.407,4.567,4.394,8778392.0,,3.8156153506837245,-2.8010586678429594,-0.12699999999999978,
510300,2015-06-16,4.385,4.271,4.402,4.216,9127585.0,,4.2205582028590864,-3.08599954617654,-0.13600000000000012,
510300,2015-06-17,4.273,4.346,4.374,4.171,10940242.0,,4.752985249356109,1.75602903301335,0.07500000000000018,
510300,2015-06-18,4.315,4.145,4.326,4.13,8722978.0,,4.5098941555453225,-4.624942475839864,-0.2010000000000005,
510300,2015-06-19,4.08,3.839,4.125,3.827,10840079.0,,7.189384800965019,-7.382388419782862,-0.3059999999999996,
510300,2015-06-23,3.852,4.002,4.02,3.682,17606865.0,,8.804376139619684,4.245897369106533,0.1629999999999998,
510300,2015-06-24,4.026,4.107,4.113,3.916,13416412.0,,4.922538730634695,2.6236881559220495,0.10500000000000043,
510300,2015-06-25,4.128,3.932,4.151,3.898,6760862.0,,6.160214268322368,-4.261017774531294,-0.17500000000000027,
510300,2015-06-26,3.826,3.582,3.894,3.465,9893036.0,,10.91047812817905,-8.901322482197358,-0.3500000000000001,
510300,2015-06-29,3.679,3.418,3.681,3.196,17347939.0,,13.539921831379115,-4.578447794528189,-0.1639999999999997,
510300,2015-06-30,3.426,3.72,3.721,3.232,27653175.0,,14.306612053832646,8.835576360444705,0.30200000000000005,
510300,2015-07-01,3.65,3.433,3.768,3.407,13863663.0,,9.70430107526881,-7.71505376344087,-0.28700000000000037,
510300,2015-07-02,3.516,3.344,3.558,3.196,22616373.0,,10.544713078939694,-2.5924847072531305,-0.08899999999999997,
510300,2015-07-03,3.344,3.155,3.421,3.021,35819537.0,,11.961722488038275,-5.651913875598088,-0.18900000000000006,
510300,2015-07-06,3.544,3.261,3.544,3.066,49183037.0,,15.150554675118865,3.3597464342313894,0.10600000000000032,
510300,2015-07-07,3.156,3.084,3.218,3.005,33833890.0,,6.531738730450784,-5.427782888684454,-0.17700000000000005,
510300,2015-07-08,2.786,2.699,2.936,2.699,16586074.0,,7.684824902723738,-12.483787289234767,-0.38500000000000023,
510300,2015-07-09,2.656,3.045,3.045,2.646,13925565.0,,14.783253056687665,12.819562801037426,0.3460000000000001,
510300,2015-07-10,3.166,3.425,3.426,3.098,12497600.0,,10.77175697865354,12.479474548440063,0.3799999999999999,
510300,2015-07-13,3.386,3.47,3.552,3.336,10322504.0,,6.306569343065699,1.3138686131386972,0.04500000000000037,
510300,2015-07-14,3.401,3.39,3.533,3.328,9097319.0,,5.907780979827091,-2.3054755043227684,-0.08000000000000007,
510300,2015-07-15,3.328,3.181,3.375,3.136,6006835.0,,7.050147492625365,-6.165191740412982,-0.20900000000000007,
510300,2015-07-16,3.166,3.272,3.339,3.126,6337549.0,,6.6960075447972365,2.8607356177302656,0.09099999999999975,
510300,2015-07-17,3.306,3.436,3.466,3.259,7336477.0,,6.326405867970669,5.012224938875311,0.16400000000000015,
510300,2015-07-20,3.419,3.424,3.49,3.37,6895961.0,,3.492433061699654,-0.34924330616996535,-0.01200000000000001,
510300,2015-07-21,3.37,3.45,3.48,3.341,4712593.0,,4.05957943925233,0.7593457943925306,0.026000000000000245,
510300,2015-07-22,3.436,3.43,3.461,3.372,3665737.0,,2.5797101449275353,-0.5797101449275368,-0.020000000000000018,
510300,2015-07-23,3.435,3.544,3.556,3.417,5204889.0,,4.052478134110793,3.3236151603498505,0.11399999999999988,
510300,2015-07-24,3.538,3.454,3.572,3.428,4200409.0,,4.063205417607227,-2.5395033860045104,-0.08999999999999986,
510300,2015-07-27,3.372,3.039,3.432,3.032,5086913.0,,11.5807759119861,-12.015055008685582,-0.41500000000000004,
510300,2015-07-28,2.958,3.083,3.156,2.902,7616118.0,,8.358012504113194,1.4478446857518934,0.04400000000000004,
510300,2015-07-29,3.117,3.224,3.232,3.046,5245456.0,,6.033084657800856,4.573467401881285,0.14100000000000001,
510300,2015-07-30,3.186,3.087,3.247,3.075,3901715.0,,5.3349875930521,-4.249379652605459,-0.137,
510300,2015-07-31,3.077,3.087,3.146,3.041,3505091.0,,3.401360544217686,0.0,0.0,
510300,2015-08-03,3.03,3.088,3.096,3.001,2193440.0,,3.07742144476839,0.03239390994492679,0.0009999999999998899,
510300,2015-08-04,3.097,3.241,3.247,3.075,2827401.0,,5.569948186528488,4.954663212435234,0.15300000000000002,
510300,2015-08-05,3.223,3.152,3.231,3.113,3735916.0,,3.640851589015732,-2.746066029003393,-0.08899999999999997,
510300,2015-08-06,3.092,3.109,3.166,3.074,2958714.0,,2.9187817258883273,-1.3642131979695478,-0.04300000000000015,
510300,2015-08-07,3.137,3.189,3.216,3.136,6858932.0,,2.5731746542296583,2.5731746542296583,0.08000000000000007,
510300,2015-08-10,3.216,3.384,3.4,3.197,3991595.0,,6.365631859517085,6.114769520225771,0.19499999999999984,
510300,2015-08-11,3.371,3.335,3.384,3.317,3004252.0,,1.979905437352238,-1.4479905437352227,-0.04899999999999993,
510300,2015-08-12,3.294,3.293,3.364,3.284,3885215.0,,2.398800599700152,-1.2593703148425732,-0.041999999999999815,
510300,2015-08-13,3.294,3.348,3.353,3.237,4652587.0,,3.522623747342851,1.6702095353780662,0.054999999999999716,
510300,2015-08-14,3.363,3.338,3.381,3.327,5458428.0,,1.6129032258064464,-0.29868578255674394,-0.009999999999999787,
510300,2015-08-17,3.316,3.345,3.352,3.281,3455986.0,,2.127022168963443,0.2097064110245691,0.007000000000000117,
510300,2015-08-18,3.346,3.063,3.371,3.056,4606012.0,,9.417040358744392,-8.4304932735426,-0.28200000000000003,
510300,2015-08-19,3.031,3.151,3.171,2.936,5919634.0,,7.67221678093372,2.873000326477298,0.08799999999999963,
510300,2015-08-20,3.11,3.051,3.149,3.037,2333264.0,,3.554427165979058,-3.1735956839098587,-0.09999999999999964,
510300,2015-08-21,3.036,2.861,3.049,2.852,6931379.0,,6.456899377253361,-6.227466404457553,-0.18999999999999995,
510300,2015-08-24,2.746,2.499,2.75,2.499,5422396.0,,8.773156239077242,-12.652918559944078,-0.3620000000000001,
510300,2015-08-25,2.341,2.219,2.466,2.21,7105358.0,,10.244097639055632,-11.204481792717095,-0.28000000000000025,
510300,2015-08-26,2.306,2.303,2.457,2.222,7356206.0,,10.590356016223518,3.78548895899054,0.08400000000000007,
510300,2015-08-27,2.359,2.493,2.506,2.302,7086962.0,,8.85801128962222,8.250108554059919,0.18999999999999995,
510300,2015-08-28,2.513,2.638,2.656,2.472,5682560.0,,7.380665864420384,5.8162855996791025,0.14500000000000002,
510300,2015-08-31,2.556,2.631,2.638,2.481,3136290.0,,5.951478392721761,-0.2653525398028854,-0.007000000000000117,
510300,2015-09-01,2.537,2.618,2.634,2.454,2274113.0,,6.841505131128837,-0.4941087039148575,-0.0129999999999999,
510300,2015-09-02,2.515,2.608,2.656,2.467,2444088.0,,7.219251336898398,-0.3819709702062562,-0.009999999999999787,
510300,2015-09-07,2.606,2.525,2.708,2.513,1785874.0,,7.4769938650306855,-3.1825153374233204,-0.08300000000000018,
510300,2015-09-08,2.486,2.614,2.63,2.426,2032500.0,,8.07920792079207,3.524752475247524,0.08899999999999997,
510300,2015-09-09,2.634,2.678,2.704,2.609,1883864.0,,3.634276970160681,2.4483550114766666,0.06400000000000006,
510300,2015-09-10,2.633,2.617,2.684,2.612,1016279.0,,2.6885735623599727,-2.277819268110528,-0.06099999999999994,
510300,2015-09-11,2.625,2.624,2.678,2.595,2550799.0,,3.1715705005731656,0.2674818494459349,0.007000000000000117,
510300,2015-09-14,2.634,2.505,2.643,2.436,1980071.0,,7.888719512195117,-4.535060975609764,-0.11900000000000022,
510300,2015-09-15,2.474,2.409,2.513,2.398,2166237.0,,4.590818363273444,-3.832335329341321,-0.09600000000000009,
510300,2015-09-16,2.419,2.581,2.631,2.396,5723573.0,,9.755085097550847,7.139892071398927,0.17200000000000015,
510300,2015-09-17,2.539,2.516,2.617,2.51,4197731.0,,4.14567996900427,-2.5184037194885684,-0.06499999999999995,
510300,2015-09-18,2.536,2.515,2.549,2.496,2581483.0,,2.1065182829888687,-0.03974562798091772,-0.0009999999999998899,
510300,2015-09-21,2.487,2.575,2.596,2.467,2525744.0,,5.129224652087475,2.385685884691851,0.06000000000000005,
510300,2015-09-22,2.574,2.601,2.649,2.565,2116112.0,,3.2621359223300996,1.00970873786407,0.0259999999999998,
510300,2015-09-23,2.536,2.523,2.586,2.516,873019.0,,2.691272587466353,-2.9988465974625083,-0.07799999999999985,
510300,2015-09-24,2.556,2.551,2.569,2.516,772058.0,,2.1006738010305166,1.109789932619898,0.028000000000000025,
510300,2015-09-25,2.539,2.479,2.55,2.459,1123987.0,,3.567228537828292,-2.8224225793806372,-0.07200000000000006,
510300,2015-09-28,2.485,2.498,2.51,2.461,1018359.0,,1.9766034691407797,0.7664380798709208,0.019000000000000128,
510300,2015-09-29,2.46,2.435,2.469,2.416,732166.0,,2.121697357886306,-2.5220176140912796,-0.06300000000000017,
510300,2015-09-30,2.448,2.457,2.486,2.446,502082.0,,1.6427104722792623,0.9034907597535851,0.021999999999999797,
510300,2015-10-08,2.591,2.573,2.598,2.572,1102589.0,,1.0582010582010501,4.7212047212047255,0.1160000000000001,
510300,2015-10-09,2.566,2.615,2.635,2.566,972618.0,,2.681694520015544,1.6323357947920816,0.04200000000000026,
510300,2015-10-12,2.616,2.756,2.781,2.616,1969043.0,,6.309751434034418,5.391969407265758,0.14099999999999957,
510300,2015-10-13,2.719,2.731,2.741,2.699,1443107.0,,1.5239477503628542,-0.9071117561683568,-0.02499999999999991,
510300,2015-10-14,2.714,2.693,2.744,2.691,1138425.0,,1.9406810692054335,-1.3914317099963314,-0.03799999999999981,
510300,2015-10-15,2.684,2.782,2.784,2.676,1263222.0,,4.010397326401769,3.30486446342369,0.08899999999999997,
510300,2015-10-16,2.796,2.831,2.834,2.781,2075699.0,,1.9051042415528372,1.7613227893601702,0.04899999999999993,
510300,2015-10-19,2.833,2.825,2.86,2.799,1203407.0,,2.154715648180853,-0.2119392440833551,-0.005999999999999783,
510300,2015-10-20,2.823,2.872,2.876,2.8,795328.0,,2.690265486725666,1.6637168141592815,0.04699999999999971,
510300,2015-10-21,2.876,2.763,2.883,2.708,1658596.0,,6.0933147632311915,-3.7952646239554313,-0.10899999999999999,
510300,2015-10-22,2.736,2.808,2.815,2.734,973251.0,,2.9315960912052104,1.6286644951140041,0.04499999999999993,
510300,2015-10-23,2.809,2.871,2.877,2.804,1197798.0,,2.599715099715098,2.24358974358975,0.06300000000000017,
510300,2015-10-26,2.902,2.877,2.908,2.855,1803183.0,,1.8460466736328784,0.20898641588296005,0.005999999999999783,
510300,2015-10-27,2.869,2.879,2.895,2.774,1322360.0,,4.205769899200557,0.0695168578380335,0.002000000000000224,
510300,2015-10-28,2.859,2.815,2.882,2.804,1744483.0,,2.7092740534908057,-2.2229940951719365,-0.06400000000000006,
510300,2015-10-29,2.818,2.82,2.856,2.794,1213244.0,,2.202486678507987,0.17761989342806014,0.004999999999999893,
510300,2015-10-30,2.813,2.821,2.862,2.781,995648.0,,2.872340425531914,0.03546099290781326,0.001000000000000334,
510300,2015-11-02,2.79,2.761,2.83,2.75,2680803.0,,2.8358738036157414,-2.1269053527118063,-0.06000000000000005,
510300,2015-11-03,2.767,2.734,2.776,2.716,2212780.0,,2.1731256791017604,-0.9779065555958035,-0.027000000000000135,
510300,2015-11-04,2.743,2.944,2.951,2.743,2712068.0,,7.607900512070234,7.681053401609363,0.20999999999999996,
510300,2015-11-05,2.932,3.003,3.091,2.907,2727443.0,,6.250000000000005,2.0040760869565273,0.05900000000000016,
510300,2015-11-06,3.002,3.093,3.103,2.991,2646076.0,,3.729603729603733,2.9970029970029923,0.08999999999999986,
510300,2015-11-09,3.086,3.133,3.176,3.086,2517805.0,,2.9097963142580117,1.2932428063368908,0.040000000000000036,
510300,2015-11-10,3.096,3.122,3.159,3.095,1401064.0,,2.0427705075007854,-0.3511011809767035,-0.01100000000000012,
510300,2015-11-11,3.121,3.117,3.131,3.066,1765150.0,,2.0819987187700177,-0.16015374759769038,-0.004999999999999893,
510300,2015-11-12,3.121,3.077,3.126,3.049,1444702.0,,2.4703240295155586,-1.2832852101379542,-0.040000000000000036,
510300,2015-11-13,3.052,3.04,3.077,3.018,1474506.0,,1.917452063698413,-1.2024699382515411,-0.03699999999999992,
510300,2015-11-16,2.994,3.062,3.066,2.976,1374760.0,,2.960526315789469,0.7236842105263092,0.021999999999999797,
510300,2015-11-17,3.079,3.048,3.154,3.036,1486758.0,,3.853690398432393,-0.4572175048987522,-0.01399999999999979,
510300,2015-11-18,3.05,3.015,3.064,2.935,1370454.0,,4.23228346456693,-1.0826771653543281,-0.03299999999999992,
510300,2015-11-19,3.017,3.072,3.074,3.002,1001048.0,,2.3880597014925393,1.8905472636815899,0.05699999999999994,
510300,2015-11-20,3.071,3.061,3.085,3.047,1190018.0,,1.2369791666666605,-0.3580729166666706,-0.01100000000000012,
510300,2015-11-23,3.056,3.042,3.098,3.036,877202.0,,2.0254818686703637,-0.6207121855602786,-0.019000000000000128,
510300,2015-11-24,3.03,3.045,3.046,2.986,1253068.0,,1.9723865877711904,0.0986193293885639,0.0030000000000001137,
510300,2015-11-25,3.038,3.068,3.072,3.023,1485888.0,,1.6091954022988484,0.7553366174055873,0.02300000000000013,
510300,2015-11-26,3.092,3.05,3.093,3.038,1267994.0,,1.7926988265971369,-0.5867014341590691,-0.018000000000000238,
510300,2015-11-27,3.036,2.844,3.036,2.822,1851805.0,,7.016393442622951,-6.754098360655737,-0.20599999999999996,
510300,2015-11-30,2.851,2.845,2.874,2.746,2035672.0,,4.500703234880454,0.03516174402251526,0.001000000000000334,
510300,2015-12-01,2.84,2.873,2.899,2.816,2790143.0,,2.9173989455184595,0.9841827768014069,0.028000000000000025,
510300,2015-12-02,2.87,3.029,3.036,2.854,1869803.0,,6.334841628959273,5.429864253393654,0.1559999999999997,
510300,2015-12-03,3.019,3.037,3.052,2.985,1456643.0,,2.2119511389897712,0.26411356883459913,0.008000000000000007,
510300,2015-12-04,3.019,2.965,3.019,2.95,1394298.0,,2.2719789265722734,-2.3707606190319415,-0.07200000000000006,
510300,2015-12-07,2.968,2.971,2.996,2.943,785126.0,,1.787521079258008,0.2023608768971409,0.006000000000000227,
510300,2015-12-08,2.947,2.917,2.953,2.899,949081.0,,1.8175698418041004,-1.8175698418041155,-0.05400000000000027,
510300,2015-12-09,2.915,2.922,2.944,2.896,942590.0,,1.6455262255742218,0.1714089818306595,0.0050000000000003375,
510300,2015-12-10,2.932,2.915,2.97,2.892,2103556.0,,2.6694045174538084,-0.23956194387406288,-0.007000000000000117,
510300,2015-12-11,2.896,2.897,2.924,2.871,1507339.0,,1.8181818181818161,-0.6174957118353426,-0.018000000000000238,
510300,2015-12-14,2.875,3.009,3.011,2.865,1989950.0,,5.039696237487052,3.866068346565416,0.1120000000000001,
510300,2015-12-15,3.006,2.973,3.008,2.962,1409126.0,,1.528747092057156,-1.1964107676969105,-0.03600000000000003,
510300,2015-12-16,2.987,2.974,3.004,2.967,971984.0,,1.2445341405987191,0.03363605785403074,0.001000000000000334,
510300,2015-12-17,2.995,3.044,3.055,2.995,1571513.0,,2.017484868863485,2.353732347007392,0.06999999999999984,
510300,2015-12-18,3.044,3.058,3.092,3.033,1489845.0,,1.9382391590013193,0.4599211563731863,0.01399999999999979,
510300,2015-12-21,3.046,3.158,3.185,3.036,1594825.0,,4.872465663832571,3.2701111837802515,0.10000000000000009,
510300,2015-12-22,3.164,3.163,3.169,3.119,1541484.0,,1.5832805573147506,0.15832805573147224,0.004999999999999893,
510300,2015-12-23,3.164,3.158,3.216,3.148,2892636.0,,2.1498577300031636,-0.15807777426493497,-0.004999999999999893,
510300,2015-12-24,3.152,3.111,3.158,3.079,1982188.0,,2.5015832805573064,-1.4882837238758617,-0.04699999999999971,
510300,2015-12-25,3.121,3.131,3.135,3.097,1475444.0,,1.2214721954355452,0.6428801028608027,0.019999999999999574,
510300,2015-12-28,3.12,3.014,3.135,3.01,1661648.0,,3.992334717342702,-3.736825295432769,-0.11699999999999999,
510300,2015-12-29,3.007,3.049,3.05,3.002,1529129.0,,1.5925680159256816,1.1612475116124799,0.03500000000000014,
510300,2015-12-30,3.049,3.048,3.054,3.017,1391575.0,,1.213512627090847,-0.03279763857001935,-0.0009999999999998899,
510300,2015-12-31,3.037,3.014,3.065,3.012,1270700.0,,1.738845144356953,-1.1154855643044703,-0.03400000000000025,
510300,2016-01-04,3.012,2.766,3.012,2.764,3108539.0,,8.228268082282689,-8.228268082282673,-0.24799999999999978,
510300,2016-01-05,2.703,2.763,2.814,2.665,4268877.0,,5.3868402024584245,-0.10845986984816028,-0.0030000000000001137,
510300,2016-01-06,2.761,2.818,2.828,2.756,1752465.0,,2.605863192182413,1.9905899384726804,0.05500000000000016,
510300,2016-01-07,2.775,2.72,2.775,2.639,750405.0,,4.826117814052524,-3.4776437189496052,-0.09799999999999986,
510300,2016-01-08,2.721,2.644,2.721,2.526,4083360.0,,7.169117647058834,-2.7941176470588256,-0.07600000000000007,
510300,2016-01-11,2.581,2.469,2.623,2.466,4612187.0,,5.937972768532528,-6.618759455370659,-0.17500000000000027,
510300,2016-01-12,2.496,2.492,2.531,2.457,2766902.0,,2.9971648440664356,0.9315512353179478,0.02300000000000013,
510300,2016-01-13,2.519,2.447,2.537,2.426,2500409.0,,4.454253611556973,-1.805778491171747,-0.04499999999999993,
510300,2016-01-14,2.371,2.501,2.508,2.364,3469088.0,,5.884756845116474,2.206783816918669,0.053999999999999826,
510300,2016-01-15,2.481,2.405,2.495,2.382,3014651.0,,4.518192722910835,-3.8384646141543417,-0.09600000000000009,
510300,2016-01-18,2.365,2.407,2.443,2.356,3142912.0,,3.6174636174636254,0.08316008316009248,0.002000000000000224,
510300,2016-01-19,2.406,2.498,2.511,2.394,2523184.0,,4.860822600747818,3.780639800581645,0.09100000000000019,
510300,2016-01-20,2.487,2.456,2.503,2.432,2565343.0,,2.8422738190552512,-1.681345076060859,-0.04200000000000026,
510300,2016-01-21,2.425,2.365,2.486,2.358,2733316.0,,5.211726384364825,-3.7052117263843547,-0.09099999999999975,
510300,2016-01-22,2.399,2.395,2.417,2.337,2439672.0,,3.382663847780111,1.2684989429175393,0.029999999999999805,
510300,2016-01-25,2.423,2.407,2.433,2.379,1795483.0,,2.2546972860125187,0.5010438413361173,0.01200000000000001,
510300,2016-01-26,2.362,2.231,2.39,2.217,2987120.0,,7.18737017033652,-7.312006647278777,-0.17600000000000016,
510300,2016-01-27,2.237,2.199,2.267,2.125,5350877.0,,6.364858807709544,-1.4343343792021528,-0.03200000000000003,
510300,2016-01-28,2.186,2.136,2.22,2.122,2435148.0,,4.456571168713066,-2.8649386084583774,-0.06299999999999972,
510300,2016-01-29,2.137,2.217,2.248,2.133,3053497.0,,5.383895131086152,3.792134831460672,0.08099999999999996,
510300,2016-02-01,2.215,2.185,2.225,2.147,1669836.0,,3.5182679296346544,-1.4433919711321619,-0.03200000000000003,
510300,2016-02-02,2.179,2.247,2.253,2.179,2210159.0,,3.3867276887871984,2.8375286041189853,0.06199999999999983,
510300,2016-02-03,2.217,2.233,2.239,2.189,2278307.0,,2.2251891410769837,-0.6230529595015484,-0.01399999999999979,
510300,2016-02-04,2.242,2.272,2.281,2.239,4273606.0,,1.88087774294672,1.7465293327362157,0.0389999999999997,
510300,2016-02-05,2.27,2.237,2.27,2.235,4766111.0,,1.5404929577464854,-1.5404929577464657,-0.0349999999999997,
510300,2016-02-15,2.186,2.226,2.241,2.172,2216572.0,,3.0844881537773783,-0.49172999552973273,-0.01100000000000012,
510300,2016-02-16,2.238,2.309,2.319,2.237,2719884.0,,3.6837376460017905,3.728661275831095,0.08300000000000018,
510300,2016-02-17,2.31,2.34,2.345,2.302,2351820.0,,1.8622780424426222,1.3425725422260586,0.030999999999999694,
510300,2016-02-18,2.362,2.336,2.377,2.329,2211639.0,,2.0512820512820342,-0.17094017094017108,-0.0040000000000000036,
510300,2016-02-19,2.334,2.328,2.353,2.312,2113775.0,,1.755136986301386,-0.34246575342465785,-0.008000000000000007,
510300,2016-02-22,2.375,2.391,2.403,2.349,7328682.0,,2.319587628865972,2.7061855670103165,0.06300000000000017,
510300,2016-02-23,2.389,2.367,2.393,2.339,2300797.0,,2.2584692597239577,-1.0037641154328742,-0.02400000000000002,
510300,2016-02-24,2.359,2.39,2.394,2.33,2805922.0,,2.7038445289395883,0.9716941275876693,0.02300000000000013,
510300,2016-02-25,2.385,2.192,2.385,2.172,3757682.0,,8.912133891213374,-8.284518828451882,-0.19799999999999995,
510300,2016-02-26,2.213,2.22,2.242,2.186,4618957.0,,2.5547445255474472,1.2773722627737236,0.028000000000000025,
510300,2016-02-29,2.208,2.151,2.216,2.098,3940303.0,,5.315315315315329,-3.1081081081081257,-0.0690000000000004,
510300,2016-03-01,2.158,2.205,2.227,2.097,2345625.0,,6.043700604370056,2.510460251046038,0.05400000000000027,
510300,2016-03-02,2.208,2.336,2.343,2.208,4514134.0,,6.122448979591827,5.941043083900217,0.13099999999999978,
510300,2016-03-03,2.335,2.329,2.373,2.32,2388758.0,,2.2688356164383725,-0.2996575342465614,-0.006999999999999673,
510300,2016-03-04,2.327,2.366,2.382,2.308,4606083.0,,3.1773293258909527,1.5886646629454666,0.03699999999999992,
510300,2016-03-07,2.379,2.39,2.465,2.357,3423065.0,,4.564666103127626,1.0143702451394767,0.02400000000000002,
510300,2016-03-08,2.373,2.379,2.383,2.286,2890422.0,,4.058577405857739,-0.46025104602510963,-0.01100000000000012,
510300,2016-03-09,2.33,2.333,2.34,2.293,2647694.0,,1.9756200084068813,-1.9335855401429098,-0.04599999999999982,
510300,2016-03-10,2.329,2.292,2.357,2.288,1373433.0,,2.9575653664809427,-1.7573939134162182,-0.04100000000000037,
510300,2016-03-11,2.267,2.286,2.305,2.246,1589932.0,,2.574171029668419,-0.26178010471203245,-0.005999999999999783,
510300,2016-03-14,2.314,2.351,2.392,2.314,5780534.0,,3.412073490813641,2.843394575678038,0.06499999999999995,
510300,2016-03-15,2.345,2.341,2.352,2.305,2931010.0,,1.9991492981709786,-0.4253509145044571,-0.009999999999999787,
510300,2016-03-16,2.328,2.361,2.386,2.328,2877220.0,,2.47757368645879,0.8543357539513037,0.020000000000000018,
510300,2016-03-17,2.365,2.411,2.437,2.35,4099649.0,,3.6848792884370916,2.1177467174925804,0.04999999999999982,
510300,2016-03-18,2.412,2.455,2.485,2.411,9687665.0,,3.0692658647863893,1.8249688925756964,0.04400000000000004,
510300,2016-03-21,2.478,2.525,2.549,2.478,3885501.0,,2.8920570264765675,2.851323828920564,0.06999999999999984,
510300,2016-03-22,2.505,2.503,2.527,2.498,1688627.0,,1.148514851485145,-0.8712871287128632,-0.021999999999999797,
510300,2016-03-23,2.5,2.509,2.525,2.477,2526467.0,,1.9176987614862182,0.23971234518576837,0.005999999999999783,
510300,2016-03-24,2.488,2.459,2.499,2.457,3537115.0,,1.673973694699094,-1.9928258270227113,-0.04999999999999982,
510300,2016-03-25,2.461,2.472,2.487,2.452,2554327.0,,1.4233428222854876,0.5286701911346035,0.0129999999999999,
510300,2016-03-28,2.484,2.442,2.514,2.437,2537084.0,,3.114886731391584,-1.2135922330097009,-0.029999999999999805,
510300,2016-03-29,2.445,2.416,2.455,2.398,5106344.0,,2.3341523341523316,-1.0647010647010746,-0.026000000000000245,
510300,2016-03-30,2.436,2.502,2.505,2.436,3213459.0,,2.85596026490066,3.5596026490066164,0.08599999999999985,
510300,2016-03-31,2.512,2.496,2.519,2.481,2677769.0,,1.5187849720223923,-0.23980815347720957,-0.005999999999999783,
510300,2016-04-01,2.487,2.506,2.507,2.44,2554756.0,,2.6842948717948785,0.4006410256410171,0.009999999999999787,
510300,2016-04-05,2.491,2.537,2.556,2.483,3410879.0,,2.913008778930565,1.2370311252992874,0.03100000000000014,
510300,2016-04-06,2.524,2.531,2.543,2.519,2822235.0,,0.9459992116673245,-0.23649980291682235,-0.005999999999999783,
510300,2016-04-07,2.54,2.491,2.551,2.483,2359795.0,,2.6866851047017013,-1.5804030027657063,-0.040000000000000036,
510300,2016-04-08,2.467,2.464,2.491,2.437,2876953.0,,2.1678040947410784,-1.0839020473705392,-0.027000000000000135,
510300,2016-04-11,2.49,2.499,2.535,2.49,2939344.0,,1.8262987012986984,1.4204545454545514,0.03500000000000014,
510300,2016-04-12,2.5,2.495,2.506,2.475,4237926.0,,1.2404961984793794,-0.16006402561024424,-0.0040000000000000036,
510300,2016-04-13,2.513,2.536,2.577,2.513,6647237.0,,2.565130260521044,1.6432865731462896,0.040999999999999925,
510300,2016-04-14,2.549,2.548,2.562,2.528,1963763.0,,1.3406940063091406,0.4731861198738175,0.01200000000000001,
510300,2016-04-15,2.555,2.551,2.561,2.537,1908464.0,,0.9419152276295142,0.11773940345369363,0.0030000000000001137,
510300,2016-04-18,2.529,2.505,2.529,2.497,2255223.0,,1.2544100352802834,-1.803214425715416,-0.04600000000000026,
510300,2016-04-19,2.516,2.509,2.532,2.496,2768542.0,,1.4371257485029953,0.15968063872255503,0.0040000000000000036,
510300,2016-04-20,2.522,2.453,2.525,2.377,4679624.0,,5.898764447987252,-2.2319649262654466,-0.05600000000000005,
510300,2016-04-21,2.434,2.438,2.482,2.423,2547429.0,,2.4052181002853716,-0.6114961271911814,-0.01499999999999968,
510300,2016-04-22,2.428,2.452,2.456,2.417,1534014.0,,1.5996718621821222,0.5742411812961358,0.01399999999999979,
510300,2016-04-25,2.45,2.442,2.45,2.398,1560969.0,,2.1207177814029383,-0.4078303425774791,-0.009999999999999787,
510300,2016-04-26,2.44,2.46,2.465,2.425,1301659.0,,1.6380016380016393,0.7371007371007287,0.017999999999999794,
510300,2016-04-27,2.46,2.445,2.466,2.437,1447533.0,,1.178861788617901,-0.6097560975609807,-0.015000000000000124,
510300,2016-04-28,2.446,2.443,2.453,2.415,1445679.0,,1.5541922290388472,-0.08179959100203599,-0.0019999999999997797,
510300,2016-04-29,2.435,2.439,2.453,2.429,1135890.0,,0.9823986901350806,-0.16373311502251345,-0.0040000000000000036,
510300,2016-05-03,2.444,2.5,2.505,2.425,2341180.0,,3.280032800328006,2.5010250102501,0.06099999999999994,
510300,2016-05-04,2.485,2.488,2.505,2.473,1844622.0,,1.2800000000000011,-0.48000000000000037,-0.01200000000000001,
510300,2016-05-05,2.484,2.488,2.496,2.474,1320283.0,,0.8842443729903455,0.0,0.0,
510300,2016-05-06,2.49,2.415,2.494,2.413,2155428.0,,3.2556270096463185,-2.9340836012861717,-0.07299999999999995,
510300,2016-05-09,2.407,2.351,2.407,2.341,3272033.0,,2.7329192546583783,-2.6501035196687397,-0.06400000000000006,
510300,2016-05-10,2.347,2.348,2.363,2.34,1135479.0,,0.9783071033602777,-0.1276052743513447,-0.0030000000000001137,
510300,2016-05-11,2.357,2.36,2.382,2.346,994515.0,,1.5332197614991496,0.5110732538330499,0.01200000000000001,
510300,2016-05-12,2.347,2.371,2.376,2.32,1195078.0,,2.3728813559322055,0.4661016949152594,0.01100000000000012,
510300,2016-05-13,2.36,2.36,2.388,2.346,908964.0,,1.7714044706874659,-0.4639392661324387,-0.01100000000000012,
510300,2016-05-16,2.354,2.372,2.375,2.328,1102906.0,,1.99152542372882,0.508474576271187,0.01200000000000001,
510300,2016-05-17,2.375,2.367,2.385,2.349,961064.0,,1.5177065767284819,-0.21079258010117596,-0.004999999999999893,
510300,2016-05-18,2.359,2.347,2.36,2.317,1192441.0,,1.816645542881272,-0.8449514152936214,-0.020000000000000018,
510300,2016-05-19,2.345,2.341,2.372,2.337,1112604.0,,1.4912654452492415,-0.25564550489986293,-0.005999999999999783,
510300,2016-05-20,2.335,2.361,2.363,2.325,1390692.0,,1.6232379325074673,0.8543357539513037,0.020000000000000018,
510300,2016-05-23,2.365,2.366,2.387,2.355,1078091.0,,1.3553578991952575,0.21177467174925427,0.004999999999999893,
510300,2016-05-24,2.366,2.347,2.366,2.335,967809.0,,1.3102282333051622,-0.8030431107354238,-0.019000000000000128,
510300,2016-05-25,2.353,2.345,2.373,2.34,837863.0,,1.4060502769493124,-0.085215168299948,-0.0019999999999997797,
510300,2016-05-26,2.345,2.345,2.359,2.313,1424764.0,,1.9616204690831478,0.0,0.0,
510300,2016-05-27,2.343,2.347,2.355,2.333,856851.0,,0.9381663113006309,0.08528784648186694,0.0019999999999997797,
510300,2016-05-30,2.343,2.349,2.359,2.314,792382.0,,1.9173412867490383,0.08521516829996693,0.002000000000000224,
510300,2016-05-31,2.35,2.456,2.459,2.349,4945933.0,,4.682843763303528,4.555129842486154,0.10699999999999976,
510300,2016-06-01,2.457,2.443,2.462,2.439,1713478.0,,0.9364820846905592,-0.5293159609120481,-0.0129999999999999,
510300,2016-06-02,2.445,2.446,2.448,2.431,923857.0,,0.6958657388456776,0.12279983626688963,0.0030000000000001137,
510300,2016-06-03,2.449,2.483,2.493,2.444,1777932.0,,2.003270645952573,1.5126737530662273,0.03699999999999992,
510300,2016-06-06,2.478,2.464,2.491,2.459,816479.0,,1.288763592428515,-0.7652033830044352,-0.019000000000000128,
510300,2016-06-07,2.468,2.464,2.472,2.458,576210.0,,0.5681818181818097,0.0,0.0,
510300,2016-06-08,2.461,2.46,2.469,2.439,726250.0,,1.2175324675324597,-0.16233766233766247,-0.0040000000000000036,
510300,2016-06-13,2.437,2.356,2.437,2.353,3299624.0,,3.4146341463414482,-4.227642276422769,-0.10400000000000009,
510300,2016-06-14,2.352,2.369,2.37,2.349,1750902.0,,0.8913412563667193,0.5517826825127481,0.013000000000000345,
510300,2016-06-15,2.346,2.41,2.439,2.337,1945951.0,,4.305614183199656,1.7306880540312337,0.040999999999999925,
510300,2016-06-16,2.409,2.391,2.409,2.382,877244.0,,1.120331950207456,-0.7883817427385944,-0.019000000000000128,
510300,2016-06-17,2.393,2.404,2.427,2.392,2013080.0,,1.463822668339613,0.5437055625261356,0.0129999999999999,
510300,2016-06-20,2.407,2.405,2.417,2.384,821084.0,,1.3727121464226257,0.041597337770378114,0.0009999999999998899,
510300,2016-06-21,2.417,2.398,2.455,2.387,1445445.0,,2.82744282744283,-0.2910602910602775,-0.006999999999999673,
510300,2016-06-22,2.396,2.417,2.421,2.384,1172913.0,,1.5429524603836497,0.7923269391159168,0.018999999999999684,
510300,2016-06-23,2.417,2.407,2.419,2.388,993872.0,,1.2825817128671966,-0.41373603640876244,-0.009999999999999787,
510300,2016-06-24,2.407,2.374,2.424,2.327,1543955.0,,4.02991275446614,-1.371001246364766,-0.03299999999999992,
510300,2016-06-27,2.367,2.413,2.415,2.364,1355577.0,,2.1482729570345476,1.642796967144048,0.0389999999999997,
510300,2016-06-28,2.403,2.429,2.432,2.388,1814889.0,,1.8234562784915063,0.6630750103605477,0.016000000000000014,
510300,2016-06-29,2.432,2.443,2.453,2.431,1195419.0,,0.9057225195553643,0.5763688760807013,0.014000000000000234,
510300,2016-06-30,2.444,2.448,2.456,2.439,928512.0,,0.6958657388456776,0.20466639377813728,0.004999999999999893,
510300,2016-07-01,2.448,2.445,2.464,2.442,937666.0,,0.8986928104575082,-0.12254901960784778,-0.0030000000000001137,
510300,2016-07-04,2.44,2.498,2.512,2.43,1378107.0,,3.3537832310838387,2.167689161554208,0.05300000000000038,
510300,2016-07-05,2.498,2.506,2.517,2.494,1607143.0,,0.9207365892714046,0.32025620496395363,0.007999999999999563,
510300,2016-07-06,2.503,2.522,2.525,2.493,2780687.0,,1.276935355147647,0.6384676775738235,0.016000000000000014,
510300,2016-07-07,2.518,2.526,2.537,2.504,1856771.0,,1.3084853291038827,0.15860428231562268,0.0040000000000000036,
510300,2016-07-08,2.521,2.514,2.523,2.509,1680194.0,,0.554235946159946,-0.4750593824228033,-0.01200000000000001,
510300,2016-07-11,2.519,2.522,2.562,2.518,1079600.0,,1.750198886237074,0.3182179793158317,0.008000000000000007,
510300,2016-07-12,2.52,2.604,2.606,2.52,1723628.0,,3.409992069785879,3.2513877874702737,0.0820000000000003,
510300,2016-07-13,2.607,2.611,2.636,2.602,2498416.0,,1.3056835637480895,0.26881720430107975,0.007000000000000117,
510300,2016-07-14,2.611,2.606,2.612,2.593,1304280.0,,0.7276905400229845,-0.191497510532376,-0.0050000000000003375,
510300,2016-07-15,2.613,2.61,2.617,2.6,916969.0,,0.6523407521105106,0.15349194167306232,0.0040000000000000036,
510300,2016-07-18,2.605,2.598,2.612,2.586,1384781.0,,0.9961685823754883,-0.4597701149425292,-0.01200000000000001,
510300,2016-07-19,2.596,2.581,2.6,2.564,1169010.0,,1.3856812933025418,-0.6543494996150849,-0.016999999999999904,
510300,2016-07-20,2.577,2.574,2.59,2.57,648020.0,,0.77489345215033,-0.2712127082526198,-0.007000000000000117,
510300,2016-07-21,2.574,2.592,2.611,2.574,1073903.0,,1.4374514374514518,0.6993006993007086,0.018000000000000238,
510300,2016-07-22,2.585,2.563,2.591,2.56,1152247.0,,1.195987654320993,-1.1188271604938238,-0.028999999999999915,
510300,2016-07-25,2.56,2.562,2.583,2.557,950112.0,,1.0144362075692643,-0.039016777214215134,-0.001000000000000334,
510300,2016-07-26,2.562,2.604,2.605,2.562,1080209.0,,1.678376268540209,1.6393442622950922,0.04200000000000026,
510300,2016-07-27,2.605,2.543,2.61,2.493,2287308.0,,4.493087557603686,-2.342549923195082,-0.06099999999999994,
510300,2016-07-28,2.532,2.552,2.571,2.531,2122106.0,,1.572945340149431,0.35391270153361765,0.008999999999999897,
510300,2016-07-29,2.552,2.541,2.561,2.53,1267244.0,,1.2147335423197547,-0.43103448275862544,-0.01100000000000012,
510300,2016-08-01,2.532,2.514,2.539,2.498,1333762.0,,1.613537977174338,-1.0625737898465224,-0.027000000000000135,
510300,2016-08-02,2.513,2.522,2.535,2.505,1164915.0,,1.1933174224343777,0.3182179793158317,0.008000000000000007,
510300,2016-08-03,2.517,2.526,2.533,2.512,2018836.0,,0.8326724821570146,0.15860428231562268,0.0040000000000000036,
510300,2016-08-04,2.525,2.536,2.537,2.507,930974.0,,1.1876484560569995,0.3958828186856782,0.010000000000000231,
510300,2016-08-05,2.537,2.549,2.564,2.53,1014150.0,,1.3406940063091581,0.5126182965299645,0.0129999999999999,
510300,2016-08-08,2.549,2.576,2.577,2.527,849697.0,,1.9615535504119195,1.0592389172224455,0.027000000000000135,
510300,2016-08-09,2.57,2.591,2.597,2.567,2312882.0,,1.1645962732919177,0.5822981366459675,0.015000000000000124,
510300,2016-08-10,2.591,2.581,2.599,2.578,1765682.0,,0.8104978772674779,-0.38595137012737285,-0.010000000000000231,
510300,2016-08-11,2.579,2.577,2.615,2.573,1265069.0,,1.6272762495157016,-0.154978690430066,-0.0040000000000000036,
510300,2016-08-12,2.569,2.635,2.64,2.568,2173901.0,,2.793946449359723,2.250679084206435,0.05799999999999983,
510300,2016-08-15,2.642,2.734,2.771,2.64,3925780.0,,4.971537001897525,3.7571157495256244,0.0990000000000002,
510300,2016-08-16,2.744,2.724,2.763,2.719,2741304.0,,1.609363569861011,-0.3657644476956762,-0.009999999999999787,
510300,2016-08-17,2.718,2.716,2.736,2.703,1188311.0,,1.2114537444934053,-0.29368575624082255,-0.008000000000000007,
510300,2016-08-18,2.722,2.711,2.735,2.694,953905.0,,1.5095729013254757,-0.18409425625921713,-0.0050000000000003375,
510300,2016-08-19,2.709,2.707,2.714,2.68,1322039.0,,1.2541497602360683,-0.147547030616009,-0.0040000000000000036,
510300,2016-08-22,2.707,2.683,2.719,2.68,1053783.0,,1.4407092722571002,-0.8865903213889923,-0.02400000000000002,
510300,2016-08-23,2.683,2.685,2.703,2.665,2416251.0,,1.4163250093179207,0.07454342154305717,0.002000000000000224,
510300,2016-08-24,2.685,2.671,2.689,2.665,1542670.0,,0.8938547486033528,-0.5214152700186307,-0.014000000000000234,
510300,2016-08-25,2.654,2.653,2.662,2.622,1262291.0,,1.4975664545114205,-0.6739049045301309,-0.017999999999999794,
510300,2016-08-26,2.655,2.649,2.68,2.645,791422.0,,1.3192612137203221,-0.1507727101394649,-0.0040000000000000036,
510300,2016-08-29,2.644,2.648,2.657,2.638,778727.0,,0.7172517931294876,-0.03775009437523178,-0.0009999999999998899,
510300,2016-08-30,2.65,2.662,2.673,2.645,1034445.0,,1.0574018126888227,0.5287009063444029,0.01399999999999979,
510300,2016-08-31,2.659,2.676,2.683,2.646,1120571.0,,1.3899323816679159,0.5259203606311132,0.014000000000000234,
510300,2016-09-01,2.675,2.64,2.676,2.637,923902.0,,1.4573991031390188,-1.345291479820629,-0.03600000000000003,
510300,2016-09-02,2.637,2.655,2.664,2.637,988755.0,,1.0227272727272778,0.568181818181806,0.01499999999999968,
510300,2016-09-05,2.662,2.662,2.689,2.657,1592257.0,,1.2052730696798506,0.26365348399247146,0.007000000000000117,
510300,2016-09-06,2.664,2.691,2.698,2.639,1428755.0,,2.2163786626596607,1.0894064613072847,0.028999999999999915,
510300,2016-09-07,2.694,2.693,2.71,2.688,1969668.0,,0.8175399479747232,0.07432181345225655,0.002000000000000224,
510300,2016-09-08,2.69,2.688,2.693,2.68,748924.0,,0.482733011511322,-0.18566654288896745,-0.004999999999999893,
510300,2016-09-09,2.688,2.671,2.694,2.669,1204615.0,,0.9300595238095205,-0.6324404761904892,-0.017000000000000348,
510300,2016-09-12,2.627,2.604,2.63,2.585,2064725.0,,1.6847622613253437,-2.5084238113066166,-0.06699999999999973,
510300,2016-09-13,2.606,2.604,2.614,2.597,954381.0,,0.6528417818740363,0.0,0.0,
510300,2016-09-14,2.595,2.584,2.601,2.58,719668.0,,0.8064516129032223,-0.7680491551459301,-0.020000000000000018,
510300,2016-09-19,2.585,2.605,2.608,2.583,1007976.0,,0.9674922600619161,0.8126934984520088,0.020999999999999908,
510300,2016-09-20,2.607,2.601,2.611,2.596,706943.0,,0.5758157389635364,-0.15355086372360857,-0.0040000000000000036,
510300,2016-09-21,2.601,2.614,2.619,2.598,680127.0,,0.8073817762399212,0.4998077662437486,0.0129999999999999,
510300,2016-09-22,2.628,2.636,2.652,2.622,989000.0,,1.147666411629696,0.8416220351951127,0.02200000000000024,
510300,2016-09-23,2.637,2.628,2.642,2.625,673587.0,,0.6449165402124394,-0.30349013657056173,-0.008000000000000007,
510300,2016-09-26,2.624,2.572,2.624,2.57,1633492.0,,2.0547945205479556,-2.1308980213089823,-0.05600000000000005,
510300,2016-09-27,2.572,2.589,2.591,2.567,1068961.0,,0.9331259720062216,0.6609642301710693,0.016999999999999904,
510300,2016-09-28,2.589,2.584,2.592,2.579,471316.0,,0.5021243723445307,-0.19312475859404762,-0.004999999999999893,
510300,2016-09-29,2.588,2.599,2.607,2.588,1111320.0,,0.7352941176470638,0.5804953560371565,0.015000000000000124,
510300,2016-09-30,2.592,2.609,2.614,2.592,1096255.0,,0.846479415159669,0.38476337052711757,0.009999999999999787,
510300,2016-10-10,2.617,2.647,2.653,2.607,1563660.0,,1.7631276351092302,1.456496742046754,0.03799999999999981,
510300,2016-10-11,2.649,2.655,2.658,2.641,1019210.0,,0.6422364941443107,0.3022289384208541,0.008000000000000007,
510300,2016-10-12,2.646,2.647,2.651,2.638,689821.0,,0.4896421845574351,-0.30131826741996265,-0.008000000000000007,
510300,2016-10-13,2.652,2.647,2.657,2.64,950245.0,,0.6422364941443107,0.0,0.0,
510300,2016-10-14,2.646,2.657,2.659,2.63,1169801.0,,1.0955799017755918,0.377786173026076,0.010000000000000231,
510300,2016-10-17,2.657,2.626,2.66,2.597,1169468.0,,2.371095220173134,-1.1667293940534489,-0.03100000000000014,
510300,2016-10-18,2.626,2.668,2.669,2.622,1854193.0,,1.7897943640517957,1.5993907083016092,0.04200000000000026,
510300,2016-10-19,2.669,2.666,2.682,2.659,1334998.0,,0.8620689655172462,-0.07496251874063807,-0.002000000000000224,
510300,2016-10-20,2.664,2.661,2.67,2.658,1087664.0,,0.4501125281320334,-0.18754688672167644,-0.004999999999999893,
510300,2016-10-21,2.663,2.678,2.685,2.654,1529253.0,,1.1649755730928275,0.6388575723412215,0.016999999999999904,
510300,2016-10-24,2.678,2.719,2.736,2.675,2065991.0,,2.277819268110545,1.5309932785660914,0.040999999999999925,
510300,2016-10-25,2.719,2.71,2.72,2.702,1881782.0,,0.6620080912100125,-0.3310040456049981,-0.008999999999999897,
510300,2016-10-26,2.709,2.7,2.712,2.695,1426709.0,,0.6273062730627434,-0.3690036900368925,-0.009999999999999787,
510300,2016-10-27,2.697,2.695,2.7,2.682,892224.0,,0.6666666666666755,-0.1851851851851977,-0.0050000000000003375,
510300,2016-10-28,2.693,2.69,2.723,2.689,1492268.0,,1.261595547309826,-0.18552875695732443,-0.004999999999999893,
510300,2016-10-31,2.689,2.683,2.689,2.66,891945.0,,1.078066914498138,-0.2602230483271419,-0.007000000000000117,
510300,2016-11-01,2.681,2.704,2.709,2.679,866924.0,,1.1181513231457418,0.7827059262020258,0.02100000000000035,
510300,2016-11-02,2.699,2.681,2.699,2.677,852540.0,,0.8136094674556138,-0.8505917159763362,-0.02300000000000013,
510300,2016-11-03,2.669,2.707,2.724,2.669,2258266.0,,2.0514733308467052,0.9697873927638866,0.0259999999999998,
510300,2016-11-04,2.705,2.696,2.721,2.691,1114074.0,,1.1082379017362487,-0.40635389730327587,-0.010999999999999677,
510300,2016-11-07,2.696,2.699,2.707,2.689,1008059.0,,0.6676557863501407,0.11127596439167912,0.0029999999999996696,
510300,2016-11-08,2.706,2.717,2.733,2.704,1422438.0,,1.0744720266765437,0.6669136717302794,0.018000000000000238,
510300,2016-11-09,2.717,2.704,2.717,2.661,1960762.0,,2.061096797938905,-0.47846889952152744,-0.0129999999999999,
510300,2016-11-10,2.714,2.739,2.748,2.714,1448274.0,,1.2573964497041512,1.2943786982248409,0.0349999999999997,
510300,2016-11-11,2.736,2.769,2.773,2.726,1734271.0,,1.7159547280029264,1.095290251916767,0.03000000000000025,
510300,2016-11-14,2.763,2.774,2.797,2.755,2619852.0,,1.51679306608885,0.18057060310581052,0.004999999999999893,
510300,2016-11-15,2.773,2.77,2.778,2.758,1363919.0,,0.7209805335255954,-0.1441961067051191,-0.0040000000000000036,
510300,2016-11-16,2.772,2.771,2.78,2.762,1439264.0,,0.6498194945848301,0.036101083032487,0.0009999999999998899,
510300,2016-11-17,2.766,2.779,2.78,2.755,1314599.0,,0.9022013713460811,0.2887044388307473,0.008000000000000007,
510300,2016-11-18,2.78,2.767,2.786,2.762,1097434.0,,0.8636200071968341,-0.43181000359841704,-0.01200000000000001,
510300,2016-11-21,2.762,2.783,2.812,2.76,1362852.0,,1.8792916516082416,0.5782435851102282,0.016000000000000014,
510300,2016-11-22,2.786,2.818,2.82,2.786,1721437.0,,1.221703197987776,1.2576356449874289,0.03500000000000014,
510300,2016-11-23,2.823,2.824,2.84,2.815,911253.0,,0.8871540099361218,0.2129169623846623,0.005999999999999783,
510300,2016-11-24,2.822,2.834,2.855,2.817,1755186.0,,1.3456090651558008,0.35410764872522066,0.010000000000000231,
510300,2016-11-25,2.834,2.873,2.875,2.808,1347871.0,,2.36414961185604,1.3761467889908308,0.039000000000000146,
510300,2016-11-28,2.881,2.889,2.907,2.88,1483483.0,,0.9397841977027545,0.5569091541942071,0.01599999999999957,
510300,2016-11-29,2.879,2.917,2.935,2.867,1591360.0,,2.3537556247836644,0.9691934925579795,0.028000000000000025,
510300,2016-11-30,2.908,2.884,2.919,2.878,1660676.0,,1.4055536510113105,-1.1312992800822737,-0.03299999999999992,
510300,2016-12-01,2.886,2.918,2.93,2.886,1128864.0,,1.5256588072122066,1.1789181692094401,0.03400000000000025,
510300,2016-12-02,2.915,2.878,2.915,2.869,938826.0,,1.5764222069910836,-1.370801919122688,-0.040000000000000036,
510300,2016-12-05,2.831,2.806,2.846,2.801,2228656.0,,1.5635858234885311,-2.501737317581656,-0.07200000000000006,
510300,2016-12-06,2.809,2.8,2.822,2.799,1268854.0,,0.8196721311475457,-0.2138275124732797,-0.006000000000000227,
510300,2016-12-07,2.802,2.816,2.82,2.788,1113534.0,,1.142857142857144,0.571428571428572,0.016000000000000014,
510300,2016-12-08,2.826,2.824,2.837,2.816,2079600.0,,0.7457386363636489,0.28409090909090934,0.008000000000000007,
510300,2016-12-09,2.816,2.844,2.855,2.812,1113083.0,,1.5226628895184189,0.7082152974504257,0.020000000000000018,
510300,2016-12-12,2.842,2.75,2.842,2.747,1479028.0,,3.3403656821378416,-3.305203938115326,-0.09399999999999986,
510300,2016-12-13,2.739,2.745,2.761,2.717,1611875.0,,1.6000000000000014,-0.18181818181817794,-0.004999999999999893,
510300,2016-12-14,2.737,2.721,2.753,2.72,1013558.0,,1.2021857923497237,-0.8743169398907111,-0.02400000000000002,
510300,2016-12-15,2.703,2.682,2.72,2.668,2297927.0,,1.9110621095185611,-1.4332965821389247,-0.039000000000000146,
510300,2016-12-16,2.678,2.682,2.7,2.674,1422497.0,,0.9694258016405759,0.0,0.0,
510300,2016-12-19,2.682,2.672,2.685,2.664,870418.0,,0.7829977628635312,-0.3728560775540562,-0.009999999999999787,
510300,2016-12-20,2.667,2.647,2.671,2.628,1674659.0,,1.6092814371257373,-0.9356287425149833,-0.025000000000000355,
510300,2016-12-21,2.652,2.684,2.685,2.652,1291631.0,,1.246694370986019,1.3978088401964628,0.037000000000000366,
510300,2016-12-22,2.68,2.678,2.682,2.663,1035923.0,,0.7078986587183356,-0.22354694485842871,-0.006000000000000227,
510300,2016-12-23,2.67,2.651,2.675,2.642,802605.0,,1.2322628827483166,-1.0082150858849939,-0.027000000000000135,
510300,2016-12-26,2.641,2.663,2.666,2.612,1452620.0,,2.036967182195392,0.4526593738212,0.01200000000000001,
510300,2016-12-27,2.657,2.658,2.671,2.652,1132960.0,,0.7134810364250727,-0.1877581674802814,-0.004999999999999893,
510300,2016-12-28,2.655,2.64,2.661,2.629,1049116.0,,1.2039127163280674,-0.6772009029345295,-0.017999999999999794,
510300,2016-12-29,2.636,2.642,2.655,2.626,848783.0,,1.098484848484845,0.0757575757575674,0.0019999999999997797,
510300,2016-12-30,2.641,2.645,2.655,2.637,960788.0,,0.6813020439061239,0.11355034065102627,0.0030000000000001137,
510300,2018-05-21,3.313,3.306,3.33,3.294,1582573.0,,1.3610586011342167,24.99054820415879,0.661,
510300,2018-05-22,3.306,3.29,3.306,3.266,846887.0,,1.2099213551119188,-0.48396854204476747,-0.016000000000000014,
510300,2018-05-23,3.28,3.239,3.281,3.238,1100044.0,,1.3069908814589712,-1.5501519756838953,-0.051000000000000156,
510300,2018-05-24,3.238,3.208,3.248,3.204,1216399.0,,1.3584439641864785,-0.9570855202222814,-0.030999999999999694,
510300,2018-05-25,3.207,3.199,3.227,3.189,1031684.0,,1.1845386533665776,-0.2805486284289383,-0.009000000000000341,
510300,2018-05-28,3.207,3.223,3.238,3.189,916134.0,,1.5317286652078754,0.7502344482650836,0.02400000000000002,
510300,2018-05-29,3.218,3.187,3.228,3.185,1263855.0,,1.3341607198262535,-1.1169717654359304,-0.03600000000000003,
510300,2018-05-30,3.15,3.115,3.155,3.114,1440322.0,,1.286476310009411,-2.2591779102604215,-0.07199999999999962,
510300,2018-05-31,3.136,3.191,3.194,3.13,1701936.0,,2.0545746388443034,2.439807383627596,0.07599999999999962,
510300,2018-06-01,3.174,3.165,3.187,3.148,1210254.0,,1.222187402068308,-0.8147916013788719,-0.0259999999999998,
510300,2018-06-04,3.185,3.202,3.206,3.172,1260796.0,,1.074249605055286,1.1690363349131097,0.03699999999999992,
510300,2018-06-05,3.198,3.234,3.238,3.191,1048859.0,,1.467832604622116,0.9993753903810129,0.03200000000000003,
510300,2018-06-06,3.229,3.227,3.237,3.219,835028.0,,0.5565862708719925,-0.21645021645022008,-0.007000000000000117,
510300,2018-06-07,3.241,3.226,3.257,3.219,1098143.0,,1.1775643012085608,-0.030988534242326924,-0.0009999999999998899,
510300,2018-06-08,3.218,3.175,3.218,3.156,1353332.0,,1.9218846869187796,-1.5809051456912633,-0.051000000000000156,
510300,2018-06-11,3.159,3.185,3.193,3.158,768349.0,,1.102362204724414,0.3149606299212671,0.010000000000000231,
510300,2018-06-12,3.186,3.223,3.236,3.167,1221683.0,,2.1664050235478927,1.1930926216640443,0.03799999999999981,
510300,2018-06-13,3.21,3.184,3.215,3.178,1148816.0,,1.1479987589202583,-1.210052745888914,-0.0389999999999997,
510300,2018-06-14,3.173,3.174,3.209,3.164,1372525.0,,1.4133165829145704,-0.3140703517588012,-0.010000000000000231,
510300,2018-06-15,3.168,3.168,3.19,3.148,1303403.0,,1.3232514177693704,-0.18903591682418977,-0.005999999999999783,
510300,2018-06-19,3.143,3.038,3.143,2.999,3515761.0,,4.545454545454535,-4.103535353535364,-0.13000000000000034,
510300,2018-06-20,3.025,3.038,3.055,2.993,2490302.0,,2.0408163265306216,0.0,0.0,
510300,2018-06-21,3.04,3.008,3.084,3.002,3337199.0,,2.6991441737985613,-0.9874917709019028,-0.029999999999999805,
510300,2018-06-22,2.998,3.024,3.025,2.96,1542609.0,,2.160904255319147,0.5319148936170218,0.016000000000000014,
510300,2018-06-25,3.036,2.973,3.042,2.972,1154244.0,,2.3148148148148096,-1.6865079365079416,-0.051000000000000156,
510300,2018-06-26,2.939,2.938,2.959,2.895,2023401.0,,2.1527077026572505,-1.1772620248906729,-0.0349999999999997,
510300,2018-06-27,2.941,2.854,2.948,2.845,2008945.0,,3.5057862491490726,-2.8590878148400294,-0.08400000000000007,
510300,2018-06-28,2.838,2.834,2.887,2.828,1625310.0,,2.0672740014015476,-0.7007708479327266,-0.020000000000000018,
510300,2018-06-29,2.837,2.925,2.931,2.837,1706049.0,,3.3168666196189087,3.2110091743119176,0.09099999999999975,
510300,2018-07-02,2.919,2.831,2.923,2.793,2121981.0,,4.444444444444441,-3.2136752136752094,-0.09399999999999986,
510300,2018-07-03,2.83,2.818,2.841,2.737,3615524.0,,3.6736135641116245,-0.4592016955139492,-0.0129999999999999,
510300,2018-07-04,2.811,2.782,2.828,2.777,1268908.0,,1.8097941802696846,-1.277501774308021,-0.03600000000000003,
510300,2018-07-05,2.783,2.754,2.815,2.748,1726212.0,,2.408339324227165,-1.006470165348671,-0.028000000000000025,
510300,2018-07-06,2.76,2.783,2.819,2.718,2354378.0,,3.667392883079157,1.0530137981118344,0.028999999999999915,
510300,2018-07-09,2.798,2.882,2.885,2.798,2299572.0,,3.12612288896873,3.557312252964434,0.0990000000000002,
510300,2018-07-10,2.888,2.891,2.895,2.857,1457344.0,,1.3185287994448234,0.3122831367106141,0.008999999999999897,
510300,2018-07-11,2.828,2.833,2.848,2.787,1954317.0,,2.109996540989275,-2.006226219301274,-0.05799999999999983,
510300,2018-07-12,2.831,2.916,2.934,2.829,2089339.0,,3.7063183903988697,2.929756441934336,0.08299999999999974,
510300,2018-07-13,2.917,2.922,2.931,2.905,1327475.0,,0.8916323731138631,0.20576131687243582,0.006000000000000227,
510300,2018-07-16,2.919,2.907,2.947,2.894,1265179.0,,1.8138261464750147,-0.5133470225872733,-0.015000000000000124,
510300,2018-07-17,2.903,2.885,2.907,2.858,1215373.0,,1.6855865153078753,-0.7567939456484432,-0.02200000000000024,
510300,2018-07-18,2.89,2.869,2.923,2.868,1276136.0,,1.9064124783362275,-0.5545927209705224,-0.01599999999999957,
510300,2018-07-19,2.887,2.871,2.91,2.856,1419531.0,,1.8821889159986152,0.06971070059253327,0.0019999999999997797,
510300,2018-07-20,2.869,2.938,2.953,2.842,1934021.0,,3.8662486938348923,2.3336816440264774,0.06700000000000017,
510300,2018-07-23,2.918,2.961,2.97,2.908,1737761.0,,2.1102791014295534,0.7828454731109491,0.022999999999999687,
510300,2018-07-24,2.969,3.027,3.045,2.969,2602805.0,,2.566700439040867,2.228976697061813,0.06600000000000028,
510300,2018-07-25,3.028,3.026,3.033,3.009,2022573.0,,0.7928642220019828,-0.03303600925009362,-0.001000000000000334,
510300,2018-07-26,3.023,2.979,3.037,2.97,1554862.0,,2.2141440846001235,-1.5532055518836654,-0.04699999999999971,
510300,2018-07-27,2.974,2.97,2.992,2.958,876624.0,,1.1413225914736425,-0.3021148036253742,-0.008999999999999897,
510300,2018-07-30,2.969,2.95,2.995,2.932,1599820.0,,2.1212121212121264,-0.673400673400674,-0.020000000000000018,
510300,2018-07-31,2.945,2.963,2.982,2.941,1057737.0,,1.3898305084745888,0.4406779661016915,0.0129999999999999,
510300,2018-08-01,2.983,2.883,2.997,2.882,2696107.0,,3.88120148498143,-2.699966250421872,-0.08000000000000007,
510300,2018-08-02,2.872,2.805,2.875,2.766,2706062.0,,3.7807839056538324,-2.7055150884495265,-0.07799999999999985,
510300,2018-08-03,2.804,2.757,2.818,2.756,1675735.0,,2.2103386809269256,-1.7112299465240657,-0.04800000000000004,
510300,2018-08-06,2.757,2.722,2.788,2.701,2222049.0,,3.1556039173014048,-1.2694958287994247,-0.03500000000000014,
510300,2018-08-07,2.728,2.815,2.817,2.711,2250980.0,,3.8941954445260953,3.4166054371785446,0.09299999999999997,
510300,2018-08-08,2.809,2.765,2.81,2.751,1975636.0,,2.0959147424511606,-1.776198934280633,-0.04999999999999982,
510300,2018-08-09,2.763,2.846,2.857,2.751,2292219.0,,3.8336347197106804,2.9294755877034344,0.08099999999999996,
510300,2018-08-10,2.841,2.852,2.87,2.824,1376743.0,,1.6163035839775213,0.21082220660575487,0.005999999999999783,
510300,2018-08-13,2.818,2.837,2.846,2.78,1707540.0,,2.3141654978962234,-0.5259467040673099,-0.01499999999999968,
510300,2018-08-14,2.834,2.822,2.839,2.8,971810.0,,1.3746915756080418,-0.5287275290800184,-0.015000000000000124,
510300,2018-08-15,2.82,2.74,2.822,2.733,1514897.0,,3.153791637136781,-2.9057406094968057,-0.08199999999999985,
510300,2018-08-16,2.718,2.726,2.765,2.68,2077489.0,,3.102189781021896,-0.5109489051094975,-0.014000000000000234,
510300,2018-08-17,2.75,2.675,2.754,2.666,1801104.0,,3.228173147468821,-1.870873074101253,-0.051000000000000156,
510300,2018-08-20,2.683,2.71,2.713,2.658,2046795.0,,2.0560747663551466,1.3084112149532765,0.03500000000000014,
510300,2018-08-21,2.709,2.767,2.784,2.709,2322492.0,,2.7675276752767433,2.10332103321033,0.05699999999999994,
510300,2018-08-22,2.773,2.761,2.773,2.744,1165533.0,,1.0480664980122847,-0.21684134441632757,-0.005999999999999783,
510300,2018-08-23,2.763,2.771,2.791,2.733,2450655.0,,2.1006881564650426,0.36218761318362136,0.009999999999999787,
510300,2018-08-24,2.765,2.776,2.804,2.737,2031330.0,,2.4178996752074964,0.18044027426921305,0.004999999999999893,
510300,2018-08-27,2.783,2.861,2.862,2.783,2241291.0,,2.845821325648422,3.0619596541786893,0.08500000000000041,
510300,2018-08-28,2.862,2.851,2.872,2.841,1432062.0,,1.0835372247465813,-0.34952813701503777,-0.010000000000000231,
510300,2018-08-29,2.847,2.838,2.851,2.829,1323573.0,,0.7716590669940301,-0.4559803577692003,-0.0129999999999999,
510300,2018-08-30,2.838,2.804,2.856,2.798,1629236.0,,2.043692741367154,-1.198026779422137,-0.03400000000000025,
510300,2018-08-31,2.79,2.778,2.812,2.76,1491240.0,,1.854493580599146,-0.927246790299565,-0.0259999999999998,
510300,2018-09-03,2.774,2.771,2.783,2.739,1405627.0,,1.5838732901367905,-0.2519798416126752,-0.007000000000000117,
510300,2018-09-04,2.77,2.811,2.826,2.758,1749978.0,,2.453987730061352,1.4435221941537366,0.040000000000000036,
510300,2018-09-05,2.798,2.741,2.804,2.74,1952639.0,,2.276769832799702,-2.490217004624683,-0.06999999999999984,
510300,2018-09-06,2.739,2.712,2.766,2.702,2133340.0,,2.334914264866839,-1.0580080262677822,-0.028999999999999915,
510300,2018-09-07,2.722,2.734,2.772,2.701,1850577.0,,2.617994100294975,0.8112094395280162,0.021999999999999797,
510300,2018-09-10,2.721,2.686,2.731,2.682,1603305.0,,1.792245793708849,-1.7556693489392847,-0.04800000000000004,
510300,2018-09-11,2.687,2.674,2.702,2.662,2253782.0,,1.489203276247209,-0.4467609828741627,-0.01200000000000001,
510300,2018-09-12,2.673,2.651,2.679,2.647,2061822.0,,1.1967090501121924,-0.8601346297681426,-0.02300000000000013,
510300,2018-09-13,2.684,2.686,2.703,2.645,2597714.0,,2.1878536401357915,1.3202565069785042,0.03500000000000014,
510300,2018-09-14,2.69,2.691,2.703,2.676,1756240.0,,1.0052122114668538,0.186150409530897,0.004999999999999893,
510300,2018-09-17,2.673,2.66,2.679,2.652,1156508.0,,1.0033444816053398,-1.1519881085098362,-0.030999999999999694,
510300,2018-09-18,2.649,2.723,2.727,2.648,2367468.0,,2.969924812030065,2.368421052631568,0.06299999999999972,
510300,2018-09-19,2.718,2.768,2.795,2.711,4463292.0,,3.0848329048843217,1.6525890561880257,0.04499999999999993,
510300,2018-09-20,2.768,2.766,2.801,2.759,2440904.0,,1.5173410404624372,-0.07225433526010766,-0.0019999999999997797,
510300,2018-09-21,2.776,2.872,2.874,2.765,4773660.0,,3.940708604483007,3.8322487346348475,0.10599999999999987,
510300,2018-09-25,2.835,2.837,2.846,2.818,2089806.0,,0.9749303621169926,-1.2186629526462291,-0.0349999999999997,
510300,2018-09-26,2.838,2.875,2.904,2.836,3015784.0,,2.396898131829399,1.3394430736693623,0.03799999999999981,
510300,2018-09-27,2.863,2.86,2.875,2.848,2312028.0,,0.9391304347826134,-0.5217391304347869,-0.015000000000000124,
510300,2018-09-28,2.865,2.896,2.9,2.861,3022668.0,,1.3636363636363533,1.2587412587412599,0.03600000000000003,
510300,2018-10-08,2.819,2.729,2.822,2.728,4299047.0,,3.2458563535911553,-5.766574585635353,-0.16699999999999982,
510300,2018-10-09,2.736,2.736,2.759,2.724,1965700.0,,1.282521069988996,0.2565042139978057,0.007000000000000117,
510300,2018-10-10,2.739,2.734,2.766,2.702,2636640.0,,2.3391812865497097,-0.07309941520468653,-0.002000000000000224,
510300,2018-10-11,2.638,2.562,2.66,2.538,6675568.0,,4.462326261887357,-6.29114850036577,-0.17200000000000015,
510300,2018-10-12,2.566,2.621,2.637,2.549,5007325.0,,3.434816549570651,2.3028883684621455,0.05900000000000016,
510300,2018-10-15,2.627,2.574,2.63,2.571,2926292.0,,2.2510492178557695,-1.7932086989698646,-0.04700000000000015,
510300,2018-10-16,2.578,2.553,2.616,2.541,4938840.0,,2.913752913752921,-0.8158508158508123,-0.020999999999999908,
510300,2018-10-17,2.593,2.564,2.603,2.513,6437365.0,,3.525264394829624,0.4308656482569574,0.01100000000000012,
510300,2018-10-18,2.543,2.494,2.553,2.493,5932914.0,,2.340093603744152,-2.7301092043681687,-0.06999999999999984,
510300,2018-10-19,2.478,2.573,2.588,2.461,6731053.0,,5.092221331194876,3.167602245388922,0.07899999999999974,
510300,2018-10-22,2.638,2.741,2.758,2.588,9341863.0,,6.607073455110762,6.5293431791682925,0.16800000000000015,
510300,2018-10-23,2.738,2.628,2.74,2.61,8599759.0,,4.742794600510774,-4.122582998905509,-0.11299999999999999,
510300,2018-10-24,2.624,2.633,2.697,2.617,5306689.0,,3.044140030441403,0.19025875190258346,0.004999999999999893,
510300,2018-10-25,2.558,2.649,2.654,2.549,5283845.0,,3.9878465628560575,0.607671857197114,0.016000000000000014,
510300,2018-10-26,2.656,2.616,2.673,2.591,4499657.0,,3.0955077387693413,-1.245753114382783,-0.03299999999999992,
510300,2018-10-29,2.607,2.519,2.614,2.498,4083248.0,,4.434250764525981,-3.7079510703363905,-0.09699999999999998,
510300,2018-10-30,2.509,2.556,2.59,2.496,5465880.0,,3.731639539499796,1.468836840015876,0.03699999999999992,
510300,2018-10-31,2.563,2.593,2.621,2.552,3798124.0,,2.6995305164319228,1.4475743348982755,0.03699999999999992,
510300,2018-11-01,2.629,2.616,2.668,2.61,5178410.0,,2.236791361357511,0.887003470883152,0.02300000000000013,
510300,2018-11-02,2.738,2.751,2.766,2.671,8571833.0,,3.63149847094802,5.160550458715588,0.1349999999999998,
510300,2018-11-05,2.728,2.708,2.732,2.674,4511809.0,,2.108324245728836,-1.563067975281705,-0.042999999999999705,
510300,2018-11-06,2.696,2.687,2.703,2.655,3370718.0,,1.7725258493353042,-0.7754800590842079,-0.02100000000000035,
510300,2018-11-07,2.69,2.66,2.724,2.657,3920487.0,,2.493487160401942,-1.0048381094156937,-0.02699999999999969,
510300,2018-11-08,2.692,2.657,2.7,2.653,3121866.0,,1.7669172932330883,-0.11278195488722233,-0.0030000000000001137,
510300,2018-11-09,2.639,2.616,2.641,2.614,3006413.0,,1.0161836657884882,-1.5430937147158421,-0.040999999999999925,
510300,2018-11-12,2.608,2.652,2.657,2.603,3474718.0,,2.0642201834862317,1.3761467889908268,0.03600000000000003,
510300,2018-11-13,2.616,2.686,2.705,2.611,4499381.0,,3.5444947209653037,1.2820512820512748,0.03399999999999981,
510300,2018-11-14,2.676,2.646,2.685,2.638,3412692.0,,1.7498138495904747,-1.489203276247209,-0.040000000000000036,
510300,2018-11-15,2.646,2.689,2.69,2.643,3344245.0,,1.7762660619803534,1.625094482237345,0.04300000000000015,
510300,2018-11-16,2.694,2.699,2.732,2.666,4153067.0,,2.454444031238389,0.3718854592785343,0.009999999999999787,
510300,2018-11-19,2.698,2.736,2.737,2.691,3650422.0,,1.7043349388662568,1.3708781030011252,0.037000000000000366,
510300,2018-11-20,2.714,2.663,2.722,2.652,3825191.0,,2.558479532163737,-2.668128654970775,-0.0730000000000004,
510300,2018-11-21,2.633,2.666,2.674,2.631,2891170.0,,1.6147202403304601,0.1126549004881755,0.0030000000000001137,
510300,2018-11-22,2.673,2.657,2.675,2.634,3222327.0,,1.5378844711177766,-0.3375843960990209,-0.008999999999999897,
510300,2018-11-23,2.651,2.572,2.654,2.568,3672487.0,,3.2367331576966447,-3.199096725630409,-0.08499999999999996,
510300,2018-11-26,2.581,2.577,2.608,2.562,4260560.0,,1.7884914463452666,0.1944012441679585,0.004999999999999893,
510300,2018-11-27,2.589,2.574,2.601,2.564,2798289.0,,1.43577803647652,-0.11641443538999278,-0.0030000000000001137,
510300,2018-11-28,2.575,2.622,2.626,2.568,2517277.0,,2.253302253302247,1.8648018648018665,0.04800000000000004,
510300,2018-11-29,2.639,2.59,2.648,2.588,2037879.0,,2.288329519450803,-1.2204424103737617,-0.03200000000000003,
510300,2018-11-30,2.588,2.623,2.624,2.579,2691270.0,,1.7374517374517346,1.2741312741312882,0.03300000000000036,
510300,2018-12-03,2.715,2.707,2.727,2.68,5925490.0,,1.7918414029736829,3.2024399542508437,0.08399999999999963,
510300,2018-12-04,2.702,2.712,2.717,2.69,2204018.0,,0.9974141115626205,0.18470631695605239,0.0050000000000003375,
510300,2018-12-05,2.676,2.697,2.716,2.672,2694282.0,,1.6224188790560485,-0.553097345132748,-0.015000000000000124,
510300,2018-12-06,2.669,2.63,2.669,2.625,4354709.0,,1.6314423433444585,-2.4842417500927017,-0.06700000000000017,
510300,2018-12-07,2.632,2.623,2.639,2.622,1924266.0,,0.6463878326996161,-0.26615969581747806,-0.006999999999999673,
510300,2018-12-10,2.601,2.593,2.618,2.58,2601286.0,,1.4487228364468092,-1.1437285550896015,-0.03000000000000025,
510300,2018-12-11,2.601,2.606,2.609,2.588,1518318.0,,0.8098727342846088,0.5013497878904706,0.0129999999999999,
510300,2018-12-12,2.623,2.617,2.634,2.605,2090476.0,,1.1128165771296974,0.4221028396009256,0.01100000000000012,
510300,2018-12-13,2.623,2.672,2.687,2.618,4177232.0,,2.636606801681313,2.1016431027894598,0.05500000000000016,
510300,2018-12-14,2.661,2.615,2.662,2.612,3001484.0,,1.8712574850299333,-2.1332335329341294,-0.05699999999999994,
510300,2018-12-17,2.609,2.611,2.621,2.585,3507314.0,,1.3766730401529648,-0.15296367112810721,-0.0040000000000000036,
510300,2018-12-18,2.595,2.571,2.618,2.558,3278632.0,,2.2979701263883587,-1.531980084258906,-0.040000000000000036,
510300,2018-12-19,2.574,2.538,2.581,2.531,2910277.0,,1.944768572539861,-1.2835472578763267,-0.03300000000000036,
510300,2018-12-20,2.531,2.515,2.544,2.491,3465180.0,,2.088258471237192,-0.9062253743104685,-0.022999999999999687,
510300,2018-12-21,2.507,2.476,2.509,2.456,3864981.0,,2.107355864811131,-1.5506958250497076,-0.039000000000000146,
510300,2018-12-24,2.465,2.483,2.486,2.454,2414407.0,,1.2924071082390964,0.28271405492730683,0.007000000000000117,
510300,2018-12-25,2.455,2.464,2.478,2.414,4031315.0,,2.57752718485703,-0.7652033830044352,-0.019000000000000128,
510300,2018-12-26,2.455,2.447,2.473,2.439,2164598.0,,1.3798701298701221,-0.6899350649350611,-0.016999999999999904,
510300,2018-12-27,2.485,2.44,2.49,2.434,2353475.0,,2.288516550878629,-0.2860645688598331,-0.007000000000000117,
510300,2018-12-28,2.446,2.447,2.475,2.434,3892666.0,,1.680327868852456,0.28688524590164416,0.007000000000000117,
510300,2019-01-02,2.458,2.405,2.458,2.397,3509348.0,,2.49284838577852,-1.7163874131589807,-0.04200000000000026,
510300,2019-01-03,2.404,2.405,2.449,2.398,2681762.0,,2.120582120582109,0.0,0.0,
510300,2019-01-04,2.389,2.482,2.484,2.385,4798477.0,,4.116424116424125,3.2016632016632185,0.0770000000000004,
510300,2019-01-07,2.497,2.495,2.506,2.479,4168316.0,,1.0878323932312526,0.523771152296531,0.0129999999999999,
510300,2019-01-08,2.495,2.495,2.498,2.482,1970848.0,,0.641282565130261,0.0,0.0,
510300,2019-01-09,2.507,2.518,2.567,2.506,4396881.0,,2.4448897795591336,0.921843687374737,0.022999999999999687,
510300,2019-01-10,2.517,2.521,2.542,2.502,2476923.0,,1.5885623510722813,0.1191421763304255,0.0030000000000001137,
510300,2019-01-11,2.519,2.544,2.553,2.517,2513682.0,,1.428004760015868,0.9123363744545868,0.02300000000000013,
510300,2019-01-14,2.543,2.517,2.543,2.51,2039120.0,,1.297169811320769,-1.0613207547169865,-0.027000000000000135,
510300,2019-01-15,2.521,2.576,2.578,2.514,3518301.0,,2.5427095748907456,2.34406038935241,0.05900000000000016,
510300,2019-01-16,2.578,2.576,2.579,2.561,1877281.0,,0.6987577639751645,0.0,0.0,
510300,2019-01-17,2.576,2.559,2.592,2.557,2381766.0,,1.3586956521739186,-0.6599378881987541,-0.016999999999999904,
510300,2019-01-18,2.568,2.613,2.622,2.568,3889859.0,,2.1101992966002276,2.1101992966002276,0.053999999999999826,
510300,2019-01-21,2.613,2.63,2.647,2.61,2851848.0,,1.415996938384995,0.6505931879066171,0.016999999999999904,
510300,2019-01-22,2.624,2.59,2.624,2.582,2543107.0,,1.5969581749049526,-1.5209125475285186,-0.040000000000000036,
510300,2019-01-23,2.582,2.582,2.609,2.574,2255126.0,,1.351351351351357,-0.3088803088803092,-0.008000000000000007,
510300,2019-01-24,2.586,2.606,2.614,2.565,2543769.0,,1.8977536793183554,0.9295120061967475,0.02400000000000002,
510300,2019-01-25,2.609,2.63,2.65,2.609,2722859.0,,1.5732924021488843,0.9209516500383739,0.02400000000000002,
510300,2019-01-28,2.644,2.626,2.676,2.618,2966955.0,,2.2053231939163602,-0.15209125475285185,-0.0040000000000000036,
510300,2019-01-29,2.619,2.64,2.65,2.597,3587900.0,,2.018278750952016,0.533130236100542,0.014000000000000234,
510300,2019-01-30,2.625,2.619,2.65,2.616,2129268.0,,1.2878787878787805,-0.7954545454545419,-0.020999999999999908,
510300,2019-01-31,2.631,2.649,2.663,2.625,3342948.0,,1.4509354715540208,1.1454753722794884,0.029999999999999805,
510300,2019-02-01,2.666,2.702,2.704,2.649,3512648.0,,2.0762551906379825,2.000755001887502,0.052999999999999936,
510300,2019-02-11,2.692,2.747,2.752,2.679,3872537.0,,2.7017024426350833,1.665433012583269,0.04499999999999993,
510300,2019-02-12,2.746,2.771,2.778,2.741,3728810.0,,1.3469239170003613,0.8736803785948315,0.02400000000000002,
510300,2019-02-13,2.776,2.84,2.857,2.77,4278016.0,,3.1396607722843806,2.4900757849151915,0.06899999999999995,
510300,2019-02-14,2.836,2.844,2.861,2.827,3797560.0,,1.1971830985915584,0.14084507042253536,0.0040000000000000036,
510300,2019-02-15,2.828,2.788,2.842,2.783,4479468.0,,2.074542897327713,-1.9690576652601988,-0.05600000000000005,
510300,2019-02-18,2.81,2.885,2.887,2.81,4711063.0,,2.7618364418938293,3.479196556671448,0.09699999999999998,
510300,2019-02-19,2.892,2.876,2.918,2.858,6782305.0,,2.0797227036395167,-0.31195840554592363,-0.008999999999999897,
510300,2019-02-20,2.884,2.885,2.9,2.862,6116144.0,,1.3212795549374066,0.31293463143254163,0.008999999999999897,
510300,2019-02-21,2.886,2.881,2.935,2.865,6352929.0,,2.426343154246095,-0.13864818024263445,-0.0040000000000000036,
510300,2019-02-22,2.876,2.973,2.975,2.857,5921217.0,,4.095800069420337,3.193335647344675,0.09200000000000008,
510300,2019-02-25,3.027,3.222,3.227,3.007,11513198.0,,7.399932727884284,8.375378405650862,0.2490000000000001,
510300,2019-02-26,3.191,3.137,3.205,3.12,7820035.0,,2.638112973308503,-2.638112973308503,-0.08499999999999996,
510300,2019-02-27,3.136,3.117,3.17,3.077,5994358.0,,2.964615875039846,-0.6375518010838386,-0.020000000000000018,
510300,2019-02-28,3.116,3.11,3.134,3.09,4628979.0,,1.4116137311517496,-0.22457491177414554,-0.007000000000000117,
510300,2019-03-01,3.137,3.185,3.196,3.104,6527375.0,,2.958199356913186,2.4115755627009703,0.07500000000000018,
510300,2019-03-04,3.217,3.224,3.325,3.197,6603305.0,,4.0188383045525935,1.224489795918372,0.039000000000000146,
510300,2019-03-05,3.221,3.256,3.261,3.208,4431034.0,,1.6439205955334966,0.9925558312654956,0.031999999999999584,
510300,2019-03-06,3.256,3.282,3.297,3.221,5804959.0,,2.3341523341523365,0.7985257985258062,0.026000000000000245,
510300,2019-03-07,3.277,3.24,3.282,3.21,6184209.0,,2.193784277879344,-1.2797074954296104,-0.041999999999999815,
510300,2019-03-08,3.161,3.108,3.207,3.098,5360776.0,,3.364197530864197,-4.074074074074077,-0.13200000000000012,
510300,2019-03-11,3.108,3.157,3.169,3.094,4523059.0,,2.4131274131274187,1.5765765765765742,0.04899999999999993,
510300,2019-03-12,3.185,3.182,3.24,3.155,5307450.0,,2.6924295216978273,0.791891035793472,0.02499999999999991,
510300,2019-03-13,3.185,3.16,3.195,3.14,4832336.0,,1.7284726587052082,-0.6913890634820804,-0.021999999999999797,
510300,2019-03-14,3.152,3.133,3.178,3.115,3621079.0,,1.9936708860759405,-0.8544303797468397,-0.027000000000000135,
510300,2019-03-15,3.143,3.182,3.226,3.143,3870055.0,,2.649218001915103,1.5639961698052964,0.04899999999999993,
510300,2019-03-18,3.183,3.297,3.299,3.172,5714156.0,,3.991200502828403,3.614079195474551,0.11500000000000021,
510300,2019-03-19,3.299,3.269,3.309,3.252,3970864.0,,1.7288444040036512,-0.8492569002123149,-0.028000000000000025,
510300,2019-03-20,3.265,3.269,3.293,3.227,3278933.0,,2.0189660446619846,0.0,0.0,
510300,2019-03-21,3.273,3.271,3.301,3.257,3800127.0,,1.3459773631079852,0.061180789232174355,0.0019999999999997797,
510300,2019-03-22,3.27,3.276,3.284,3.219,3023844.0,,1.9871598899419123,0.15285845307245166,0.004999999999999893,
510300,2019-03-25,3.215,3.181,3.243,3.174,4359508.0,,2.106227106227105,-2.8998778998778922,-0.09499999999999975,
510300,2019-03-26,3.195,3.142,3.205,3.125,3201400.0,,2.5149324111914515,-1.226029550455836,-0.039000000000000146,
510300,2019-03-27,3.156,3.174,3.185,3.148,3507393.0,,1.1775938892425182,1.0184595798854243,0.03200000000000003,
510300,2019-03-28,3.161,3.164,3.191,3.145,2568844.0,,1.4492753623188348,-0.3150598613736543,-0.009999999999999787,
510300,2019-03-29,3.172,3.316,3.325,3.172,6344016.0,,4.835651074589128,4.804045512010104,0.1519999999999997,
510300,2019-04-01,3.341,3.416,3.42,3.341,6910356.0,,2.3823884197828633,3.0156815440289533,0.10000000000000009,
510300,2019-04-02,3.418,3.409,3.435,3.393,3839400.0,,1.229508196721319,-0.2049180327868887,-0.007000000000000117,
510300,2019-04-03,3.387,3.462,3.476,3.382,5420179.0,,2.7574068641830407,1.554708125550026,0.05300000000000038,
510300,2019-04-04,3.474,3.509,3.519,3.454,5213701.0,,1.8775274407856715,1.3575967648757858,0.04699999999999971,
510300,2019-04-08,3.545,3.483,3.575,3.448,7639483.0,,3.6192647477914,-0.7409518381305159,-0.0259999999999998,
510300,2019-04-09,3.489,3.507,3.523,3.468,3712237.0,,1.5790984783232889,0.6890611541774339,0.02400000000000002,
510300,2019-04-10,3.489,3.513,3.553,3.463,3859946.0,,2.566295979469628,0.17108639863130262,0.005999999999999783,
510300,2019-04-11,3.513,3.443,3.531,3.42,5021041.0,,3.159692570452611,-1.9925989183034398,-0.06999999999999984,
510300,2019-04-12,3.43,3.429,3.445,3.4,2823988.0,,1.306999709555618,-0.4066221318617553,-0.014000000000000234,
510300,2019-04-15,3.491,3.404,3.521,3.403,7225803.0,,3.441236512102651,-0.729075532225136,-0.02499999999999991,
510300,2019-04-16,3.385,3.524,3.526,3.381,6690852.0,,4.259694477085782,3.5252643948296156,0.1200000000000001,
510300,2019-04-17,3.523,3.514,3.544,3.489,4181515.0,,1.5607264472190736,-0.2837684449489282,-0.010000000000000231,
510300,2019-04-18,3.514,3.507,3.528,3.493,3569518.0,,0.9960159362549842,-0.19920318725098674,-0.006999999999999673,
510300,2019-04-19,3.51,3.567,3.567,3.476,4578385.0,,2.5948103792415225,1.7108639863130894,0.06000000000000005,
510300,2019-04-22,3.567,3.464,3.567,3.447,5775086.0,,3.3641715727502133,-2.8875805999439357,-0.1030000000000002,
510300,2019-04-23,3.452,3.457,3.498,3.441,3532000.0,,1.645496535796778,-0.2020785219399572,-0.007000000000000117,
510300,2019-04-24,3.466,3.463,3.479,3.4,4631226.0,,2.2852183974544458,0.17356089094591343,0.006000000000000227,
510300,2019-04-25,3.447,3.38,3.457,3.378,3785555.0,,2.2812590239676505,-2.3967658099913423,-0.08300000000000018,
510300,2019-04-26,3.366,3.326,3.385,3.318,6288098.0,,1.982248520710051,-1.5976331360946696,-0.053999999999999826,
510300,2019-04-29,3.335,3.341,3.392,3.318,5593755.0,,2.2248947684906746,0.4509921828021685,0.015000000000000124,
510300,2019-04-30,3.335,3.343,3.358,3.325,3992608.0,,0.9877282250823082,0.0598623166716486,0.0019999999999997797,
510300,2019-05-06,3.225,3.12,3.237,3.087,12145227.0,,4.486987735566853,-6.670655100209388,-0.22299999999999986,
510300,2019-05-07,3.135,3.154,3.178,3.114,4835996.0,,2.051282051282053,1.0897435897435837,0.03399999999999981,
510300,2019-05-08,3.104,3.106,3.164,3.09,4753727.0,,2.3462270133164327,-1.5218769816106545,-0.04800000000000004,
510300,2019-05-09,3.082,3.054,3.099,3.016,5540530.0,,2.672247263361242,-1.6741790083708967,-0.052000000000000046,
510300,2019-05-10,3.082,3.167,3.175,3.02,6719964.0,,5.075311067452516,3.7000654878847414,0.11299999999999999,
510300,2019-05-13,3.132,3.099,3.135,3.089,4257770.0,,1.4524786864540518,-2.1471424060625077,-0.06799999999999962,
510300,2019-05-14,3.077,3.081,3.124,3.07,2900685.0,,1.7424975798644808,-0.5808325266214984,-0.018000000000000238,
510300,2019-05-15,3.109,3.159,3.187,3.109,3575137.0,,2.5316455696202484,2.5316455696202484,0.07799999999999985,
510300,2019-05-16,3.154,3.177,3.182,3.138,2474374.0,,1.3928458372902832,0.5698005698005774,0.018000000000000238,
510300,2019-05-17,3.177,3.093,3.181,3.077,3153907.0,,3.2735284859930784,-2.6440037771482556,-0.08400000000000007,
510300,2019-05-20,3.081,3.053,3.091,3.023,3882247.0,,2.1985127707727146,-1.2932428063368908,-0.040000000000000036,
510300,2019-05-21,3.052,3.098,3.132,3.051,3503829.0,,2.6531280707500806,1.4739600393055987,0.04499999999999993,
510300,2019-05-22,3.101,3.089,3.11,3.067,2835080.0,,1.387992253066485,-0.2905100064557746,-0.008999999999999897,
510300,2019-05-23,3.072,3.031,3.079,3.025,3106083.0,,1.7481385561670533,-1.8776303010683015,-0.05799999999999983,
510300,2019-05-24,3.033,3.037,3.07,3.02,2994092.0,,1.649620587264923,0.19795447047178433,0.005999999999999783,
510300,2019-05-27,3.038,3.08,3.096,3.001,4351010.0,,3.128086927889371,1.415870925255191,0.04300000000000015,
510300,2019-05-28,3.075,3.097,3.125,3.072,3850672.0,,1.7207792207792185,0.5519480519480489,0.016999999999999904,
510300,2019-05-29,3.087,3.099,3.137,3.079,2928526.0,,1.872780109783656,0.0645786244753059,0.002000000000000224,
510300,2019-05-30,3.093,3.097,3.101,3.054,3054263.0,,1.5166182639561199,-0.06453694740239509,-0.002000000000000224,
510300,2019-05-31,3.089,3.079,3.122,3.076,2760300.0,,1.4853083629318637,-0.5812076202776815,-0.017999999999999794,
510300,2019-06-03,3.092,3.087,3.129,3.06,3308130.0,,2.2409873335498522,0.25982461838259197,0.008000000000000007,
510300,2019-06-04,3.084,3.054,3.092,3.039,3263229.0,,1.7168772270813064,-1.0689990281827133,-0.03300000000000036,
510300,2019-06-05,3.079,3.046,3.087,3.043,3285644.0,,1.440733464309104,-0.26195153896529166,-0.008000000000000007,
510300,2019-06-06,3.046,3.015,3.055,3.014,3660674.0,,1.3460275771503734,-1.0177281680892876,-0.030999999999999694,
510300,2019-06-10,3.027,3.061,3.082,3.024,3354975.0,,1.9237147595356492,1.5257048092868928,0.04599999999999982,
510300,2019-06-11,3.067,3.174,3.183,3.067,4667963.0,,3.789611238157454,3.691604050963737,0.11299999999999999,
510300,2019-06-12,3.169,3.146,3.169,3.138,2597249.0,,0.9766855702583535,-0.8821676118462516,-0.028000000000000025,
510300,2019-06-13,3.142,3.139,3.158,3.107,3012291.0,,1.621106166560703,-0.22250476795931717,-0.007000000000000117,
510300,2019-06-14,3.141,3.117,3.164,3.105,3445139.0,,1.8795794839120792,-0.7008601465434787,-0.021999999999999797,
510300,2019-06-17,3.111,3.12,3.146,3.107,2352061.0,,1.2512030798844946,0.09624639076035013,0.0030000000000001137,
510300,2019-06-18,3.125,3.128,3.139,3.094,2653705.0,,1.4423076923076898,0.2564102564102566,0.008000000000000007,
510300,2019-06-19,3.219,3.182,3.254,3.179,6289014.0,,2.3976982097186754,1.7263427109974367,0.053999999999999826,
510300,2019-06-20,3.181,3.29,3.322,3.179,6609284.0,,4.4940289126335715,3.3940917661847925,0.1080000000000001,
510300,2019-06-21,3.302,3.297,3.327,3.28,4219551.0,,1.4285714285714333,0.21276595744681207,0.007000000000000117,
510300,2019-06-24,3.302,3.303,3.316,3.279,3074540.0,,1.122232332423413,0.18198362147406075,0.005999999999999783,
510300,2019-06-25,3.302,3.264,3.302,3.217,5057034.0,,2.5734181047532534,-1.180744777475027,-0.039000000000000146,
510300,2019-06-26,3.242,3.265,3.277,3.237,2402084.0,,1.2254901960784326,0.030637254901971018,0.001000000000000334,
510300,2019-06-27,3.267,3.307,3.327,3.267,4730768.0,,1.8376722817764182,1.2863705972434858,0.041999999999999815,
510300,2019-06-28,3.307,3.306,3.307,3.276,3862690.0,,0.9374055034774762,-0.030238887208947383,-0.0009999999999998899,
510300,2019-07-01,3.369,3.401,3.412,3.357,5102660.0,,1.6636418632788783,2.873563218390797,0.09499999999999975,
510300,2019-07-02,3.401,3.407,3.413,3.384,3338435.0,,0.8526903851808267,0.1764187003822472,0.006000000000000227,
510300,2019-07-03,3.398,3.374,3.398,3.359,2518385.0,,1.1447020839448236,-0.9685940710302295,-0.03299999999999992,
510300,2019-07-04,3.367,3.348,3.386,3.324,3860217.0,,1.8375815056313063,-0.7705986959099065,-0.026000000000000245,
510300,2019-07-05,3.347,3.368,3.376,3.335,2362039.0,,1.224611708482674,0.5973715651135012,0.020000000000000018,
510300,2019-07-08,3.35,3.278,3.35,3.247,4225313.0,,3.0581947743467994,-2.672209026128262,-0.08999999999999986,
510300,2019-07-09,3.283,3.269,3.291,3.253,2183460.0,,1.15924344112263,-0.2745576571079895,-0.008999999999999897,
510300,2019-07-10,3.282,3.27,3.295,3.257,1744793.0,,1.162434995411435,0.030590394616087178,0.0009999999999998899,
510300,2019-07-11,3.285,3.271,3.319,3.257,2345244.0,,1.896024464831799,0.030581039755348313,0.0009999999999998899,
510300,2019-07-12,3.268,3.302,3.317,3.266,2460107.0,,1.5591562213390449,0.9477224090492247,0.03100000000000014,
510300,2019-07-15,3.288,3.316,3.348,3.237,4484611.0,,3.3615990308903623,0.4239854633555358,0.01399999999999979,
510300,2019-07-16,3.31,3.3,3.323,3.292,1828874.0,,0.9348612786489789,-0.4825090470446326,-0.016000000000000014,
510300,2019-07-17,3.289,3.294,3.313,3.275,2199668.0,,1.1515151515151594,-0.18181818181817527,-0.005999999999999783,
510300,2019-07-18,3.281,3.269,3.286,3.267,2305494.0,,0.5768063145112364,-0.7589556769884611,-0.02499999999999991,
510300,2019-07-19,3.279,3.309,3.33,3.279,3199381.0,,1.5601101254206227,1.2236157846436229,0.040000000000000036,
510300,2019-07-22,3.309,3.279,3.319,3.257,3088632.0,,1.8736778482925303,-0.9066183136899439,-0.03000000000000025,
510300,2019-07-23,3.283,3.288,3.292,3.269,1670290.0,,0.7014333638304265,0.27447392497712403,0.008999999999999897,
510300,2019-07-24,3.301,3.319,3.347,3.299,2974453.0,,1.4598540145985415,0.9428223844282281,0.03100000000000014,
510300,2019-07-25,3.318,3.354,3.355,3.313,2336295.0,,1.2654413980114438,1.0545344983428786,0.03500000000000014,
510300,2019-07-26,3.337,3.359,3.368,3.334,2857908.0,,1.0137149672033334,0.14907573047107614,0.004999999999999893,
510300,2019-07-29,3.357,3.353,3.361,3.339,2471021.0,,0.6549568323905997,-0.1786245906519733,-0.005999999999999783,
510300,2019-07-30,3.357,3.371,3.396,3.356,2396548.0,,1.1929615269907556,0.5368326871458334,0.017999999999999794,
510300,2019-07-31,3.358,3.343,3.361,3.334,2164228.0,,0.8009492732127005,-0.8306140611094639,-0.028000000000000025,
510300,2019-08-01,3.326,3.307,3.335,3.292,3124656.0,,1.2862698175291698,-1.0768770565360464,-0.03600000000000003,
510300,2019-08-02,3.237,3.248,3.257,3.22,4906139.0,,1.118838826731174,-1.7840943453280835,-0.05899999999999972,
510300,2019-08-05,3.232,3.182,3.238,3.177,3542146.0,,1.8780788177339882,-2.032019704433506,-0.06600000000000028,
510300,2019-08-06,3.123,3.143,3.151,3.084,5837026.0,,2.105593966059074,-1.2256442489000674,-0.039000000000000146,
510300,2019-08-07,3.152,3.119,3.158,3.115,2785811.0,,1.3681196309258576,-0.763601654470238,-0.023999999999999577,
510300,2019-08-08,3.143,3.173,3.177,3.143,2809849.0,,1.090092978518764,1.7313241423533126,0.053999999999999826,
510300,2019-08-09,3.186,3.144,3.192,3.136,2109639.0,,1.7648912700913975,-0.9139615505830417,-0.028999999999999915,
510300,2019-08-12,3.155,3.203,3.205,3.148,1801155.0,,1.8129770992366394,1.8765903307887952,0.05899999999999972,
510300,2019-08-13,3.174,3.171,3.187,3.159,1553489.0,,0.874180455822667,-0.999063378083048,-0.03200000000000003,
510300,2019-08-14,3.216,3.185,3.221,3.184,1937005.0,,1.1668243456322902,0.44150110375276685,0.014000000000000234,
510300,2019-08-15,3.127,3.2,3.206,3.123,2443061.0,,2.605965463108312,0.47095761381476053,0.015000000000000124,
510300,2019-08-16,3.198,3.216,3.242,3.188,2574125.0,,1.6874999999999947,0.5000000000000004,0.016000000000000014,
510300,2019-08-19,3.245,3.306,3.307,3.227,3279432.0,,2.4875621890547284,2.7985074626865623,0.08999999999999986,
510300,2019-08-20,3.298,3.29,3.312,3.288,2069120.0,,0.7259528130671513,-0.48396854204476747,-0.016000000000000014,
510300,2019-08-21,3.288,3.289,3.299,3.283,2422452.0,,0.4863221884498485,-0.030395136778112154,-0.0009999999999998899,
510300,2019-08-22,3.299,3.297,3.302,3.277,2647785.0,,0.7601094557616269,0.24323502584372172,0.008000000000000007,
510300,2019-08-23,3.3,3.324,3.339,3.29,2856820.0,,1.4861995753715478,0.8189262966332936,0.02699999999999969,
510300,2019-08-26,3.27,3.281,3.293,3.263,2674902.0,,0.9025270758122819,-1.2936221419975846,-0.042999999999999705,
510300,2019-08-27,3.296,3.321,3.361,3.294,3661760.0,,2.042060347455049,1.219140505943311,0.040000000000000036,
510300,2019-08-28,3.32,3.309,3.33,3.3,1739579.0,,0.9033423667570083,-0.36133694670280064,-0.01200000000000001,
510300,2019-08-29,3.314,3.298,3.316,3.275,2339282.0,,1.2390450287095778,-0.33242671501964705,-0.01100000000000012,
510300,2019-08-30,3.323,3.308,3.344,3.283,2762817.0,,1.8496058217101257,0.3032140691328013,0.009999999999999787,
510300,2019-09-02,3.306,3.351,3.37,3.305,3019441.0,,1.9649334945586443,1.2998790810157241,0.04300000000000015,
510300,2019-09-03,3.357,3.355,3.361,3.34,2313452.0,,0.6266786034019801,0.1193673530289467,0.0040000000000000036,
510300,2019-09-04,3.356,3.404,3.406,3.355,2937605.0,,1.5201192250372624,1.4605067064083437,0.04899999999999993,
510300,2019-09-05,3.418,3.441,3.495,3.418,5274016.0,,2.262044653349,1.0869565217391282,0.03699999999999992,
510300,2019-09-06,3.454,3.468,3.47,3.439,2640293.0,,0.900900900900905,0.7846556233653048,0.027000000000000135,
510300,2019-09-09,3.495,3.484,3.504,3.464,2828454.0,,1.1534025374855836,0.46136101499423343,0.016000000000000014,
510300,2019-09-10,3.481,3.473,3.487,3.452,1686928.0,,1.0045924225028744,-0.3157290470723341,-0.01100000000000012,
510300,2019-09-11,3.485,3.444,3.487,3.441,3041955.0,,1.3245033112582858,-0.8350129570976077,-0.028999999999999915,
510300,2019-09-12,3.457,3.485,3.495,3.451,2172055.0,,1.2775842044134738,1.1904761904761882,0.040999999999999925,
510300,2019-09-16,3.493,3.471,3.494,3.451,1818498.0,,1.2338593974175078,-0.40172166427546024,-0.01399999999999979,
510300,2019-09-17,3.465,3.398,3.466,3.386,3810790.0,,2.3048112935753404,-2.103140305387495,-0.07299999999999995,
510300,2019-09-18,3.413,3.415,3.432,3.406,2010310.0,,0.7651559741024073,0.5002942907592673,0.016999999999999904,
510300,2019-09-19,3.431,3.434,3.435,3.403,2421778.0,,0.9370424597364577,0.556368960468525,0.019000000000000128,
510300,2019-09-20,3.441,3.44,3.451,3.432,2325043.0,,0.5532906231799688,0.1747233546884037,0.005999999999999783,
510300,2019-09-23,3.429,3.405,3.43,3.383,2898921.0,,1.3662790697674463,-1.0174418604651203,-0.03500000000000014,
510300,2019-09-24,3.407,3.408,3.444,3.401,2114820.0,,1.2628487518355405,0.08810572687225005,0.0030000000000001137,
510300,2019-09-25,3.401,3.381,3.405,3.379,2349764.0,,0.7629107981220599,-0.7922535211267645,-0.027000000000000135,
510300,2019-09-26,3.396,3.354,3.405,3.351,3170949.0,,1.5971606033717785,-0.7985803016858827,-0.02699999999999969,
510300,2019-09-27,3.36,3.363,3.37,3.347,2677340.0,,0.6857483601669687,0.2683363148479396,0.008999999999999897,
510300,2019-09-30,3.357,3.316,3.366,3.311,2632883.0,,1.6354445435623002,-1.39756170086233,-0.04700000000000015,
510300,2019-10-08,3.321,3.341,3.368,3.321,3234238.0,,1.417370325693598,0.7539203860072484,0.025000000000000355,
510300,2019-10-09,3.332,3.352,3.354,3.31,2507896.0,,1.3169709667764153,0.32924274169409384,0.010999999999999677,
510300,2019-10-10,3.35,3.38,3.387,3.336,2363352.0,,1.5214797136038234,0.835322195704058,0.028000000000000025,
510300,2019-10-11,3.388,3.428,3.44,3.374,3060200.0,,1.9526627218934864,1.4201183431952675,0.04800000000000004,
510300,2019-10-14,3.449,3.457,3.497,3.445,3956546.0,,1.5169194865810982,0.84597432905484,0.028999999999999915,
510300,2019-10-15,3.456,3.444,3.461,3.442,2950005.0,,0.5496094879953626,-0.37604859704946203,-0.0129999999999999,
510300,2019-10-16,3.449,3.43,3.478,3.427,3143663.0,,1.4808362369338024,-0.4065040650406443,-0.01399999999999979,
510300,2019-10-17,3.434,3.436,3.449,3.424,1936427.0,,0.7288629737609303,0.17492711370261757,0.005999999999999783,
510300,2019-10-18,3.438,3.378,3.453,3.368,3081430.0,,2.4738067520372513,-1.6880093131548264,-0.05799999999999983,
510300,2019-10-21,3.369,3.387,3.39,3.364,1849392.0,,0.769686204854951,0.26642984014209287,0.008999999999999897,
510300,2019-10-22,3.395,3.402,3.411,3.377,1641342.0,,1.0038382049010999,0.44286979627989737,0.015000000000000124,
510300,2019-10-23,3.403,3.381,3.408,3.369,1478262.0,,1.1463844797178042,-0.6172839506172942,-0.02100000000000035,
510300,2019-10-24,3.382,3.386,3.401,3.36,2021671.0,,1.2126589766341298,0.14788524105295292,0.0050000000000003375,
510300,2019-10-25,3.38,3.41,3.415,3.356,2502907.0,,1.7424689899586578,0.7088009450679273,0.02400000000000002,
510300,2019-10-28,3.417,3.433,3.439,3.409,2674342.0,,0.8797653958944354,0.6744868035190523,0.022999999999999687,
510300,2019-10-29,3.436,3.42,3.436,3.416,2095535.0,,0.5825808330905919,-0.3786775415088815,-0.0129999999999999,
510300,2019-10-30,3.413,3.394,3.417,3.386,2628461.0,,0.9064327485380028,-0.7602339181286492,-0.0259999999999998,
510300,2019-10-31,3.403,3.392,3.412,3.383,1927827.0,,0.8544490276959315,-0.058927519151450315,-0.002000000000000224,
510300,2019-11-01,3.387,3.473,3.474,3.381,3206513.0,,2.74174528301888,2.387971698113206,0.08099999999999996,
510300,2019-11-04,3.472,3.486,3.494,3.47,2359682.0,,0.6910452058738848,0.37431615318169725,0.013000000000000345,
510300,2019-11-05,3.486,3.509,3.548,3.479,3529356.0,,1.979345955249568,0.6597819850831809,0.022999999999999687,
510300,2019-11-06,3.507,3.492,3.513,3.48,2059389.0,,0.9404388714733518,-0.4844685095468767,-0.016999999999999904,
510300,2019-11-07,3.492,3.497,3.521,3.48,2377225.0,,1.1741122565864812,0.14318442153493396,0.004999999999999893,
510300,2019-11-08,3.527,3.481,3.531,3.477,2972162.0,,1.5441807263368679,-0.45753503002573676,-0.016000000000000014,
510300,2019-11-11,3.46,3.414,3.46,3.407,3470689.0,,1.5225509910945112,-1.9247342717609806,-0.06699999999999973,
510300,2019-11-12,3.409,3.409,3.426,3.385,3300546.0,,1.2009373169302977,-0.14645577035736196,-0.0050000000000003375,
510300,2019-11-13,3.404,3.406,3.412,3.389,2020165.0,,0.6746846582575574,-0.08800234672923643,-0.0029999999999996696,
510300,2019-11-14,3.406,3.409,3.423,3.399,2385877.0,,0.7046388725778046,0.08807985907221579,0.0029999999999996696,
510300,2019-11-15,3.41,3.39,3.426,3.387,1877914.0,,1.1440305074802037,-0.5573481959518828,-0.018999999999999684,
510300,2019-11-18,3.388,3.418,3.425,3.379,2408752.0,,1.356932153392325,0.8259587020648974,0.028000000000000025,
510300,2019-11-19,3.416,3.458,3.46,3.41,2378889.0,,1.462843768285542,1.1702750146284386,0.040000000000000036,
510300,2019-11-20,3.457,3.417,3.457,3.406,2166102.0,,1.4748409485251506,-1.1856564488143542,-0.04100000000000037,
510300,2019-11-21,3.407,3.397,3.414,3.384,2448406.0,,0.8779631255487342,-0.5853087503658185,-0.020000000000000018,
510300,2019-11-22,3.406,3.355,3.433,3.341,3547071.0,,2.7082720047100275,-1.2363850456284904,-0.041999999999999815,
510300,2019-11-25,3.362,3.383,3.384,3.35,2524576.0,,1.0134128166914995,0.8345752608047697,0.028000000000000025,
510300,2019-11-26,3.394,3.389,3.403,3.371,2858215.0,,0.945906000591192,0.17735737511084196,0.005999999999999783,
510300,2019-11-27,3.387,3.383,3.401,3.368,2112391.0,,0.973738565948655,-0.17704337562702224,-0.005999999999999783,
510300,2019-11-28,3.383,3.377,3.399,3.364,1694809.0,,1.0345846881466196,-0.1773573751108551,-0.006000000000000227,
510300,2019-11-29,3.369,3.334,3.375,3.315,3029171.0,,1.776724903760736,-1.273319514361851,-0.042999999999999705,
510300,2019-12-02,3.338,3.342,3.358,3.334,1743557.0,,0.7198560287942418,0.23995200959808058,0.008000000000000007,
510300,2019-12-03,3.333,3.358,3.36,3.317,1985519.0,,1.2866546977857483,0.4787552363853984,0.016000000000000014,
510300,2019-12-04,3.347,3.36,3.361,3.335,1589396.0,,0.7742703990470591,0.05955926146515127,0.0019999999999997797,
510300,2019-12-05,3.368,3.389,3.396,3.367,2192064.0,,0.8630952380952356,0.8630952380952356,0.028999999999999915,
510300,2019-12-06,3.391,3.413,3.414,3.386,2130769.0,,0.8262024195928009,0.7081735025081152,0.02400000000000002,
510300,2019-12-09,3.413,3.4,3.422,3.389,2322208.0,,0.966891297978329,-0.38089657193084975,-0.0129999999999999,
510300,2019-12-10,3.393,3.403,3.408,3.388,1869954.0,,0.5882352941176475,0.0882352941176504,0.0030000000000001137,
510300,2019-12-11,3.411,3.409,3.413,3.392,1704989.0,,0.6171025565677317,0.17631501616220346,0.005999999999999783,
510300,2019-12-12,3.41,3.398,3.413,3.394,1371519.0,,0.5573481959518828,-0.3226752713405596,-0.010999999999999677,
510300,2019-12-13,3.433,3.477,3.484,3.432,4360829.0,,1.5303119482048277,2.3248969982342476,0.07899999999999974,
510300,2019-12-16,3.476,3.489,3.497,3.46,3028483.0,,1.0641357492090862,0.3451251078515965,0.01200000000000001,
510300,2019-12-17,3.487,3.551,3.577,3.483,5256304.0,,2.6941817139581503,1.7770134709085779,0.06200000000000028,
510300,2019-12-18,3.552,3.536,3.566,3.531,3631176.0,,0.9856378484933737,-0.4224162207828816,-0.015000000000000124,
510300,2019-12-19,3.539,3.529,3.542,3.521,2641920.0,,0.5938914027149295,-0.1979638009049807,-0.007000000000000117,
510300,2019-12-20,3.528,3.525,3.555,3.523,3287798.0,,0.906772456786626,-0.11334655709832825,-0.0040000000000000036,
510300,2019-12-23,3.524,3.473,3.541,3.471,4471447.0,,1.985815602836875,-1.4751773049645402,-0.052000000000000046,
510300,2019-12-24,3.474,3.494,3.502,3.473,3127921.0,,0.8350129570976077,0.6046645551396589,0.02100000000000035,
510300,2019-12-25,3.494,3.501,3.506,3.482,3105784.0,,0.686891814539198,0.20034344590726025,0.006999999999999673,
510300,2019-12-26,3.498,3.53,3.535,3.496,3322559.0,,1.113967437874897,0.8283347614967127,0.028999999999999915,
510300,2019-12-27,3.534,3.526,3.577,3.525,4368130.0,,1.4730878186968852,-0.11331444759206809,-0.0040000000000000036,
510300,2019-12-30,3.515,3.584,3.597,3.509,5423814.0,,2.495745887691437,1.6449234259784538,0.058000000000000274,
510300,2019-12-31,3.578,3.605,3.608,3.571,3521859.0,,1.0323660714285692,0.5859374999999974,0.020999999999999908,
510300,2020-01-02,3.629,3.658,3.683,3.627,6276236.0,,1.5533980582524285,1.4701803051317597,0.052999999999999936,
510300,2020-01-03,3.665,3.648,3.671,3.642,4696737.0,,0.792782941498084,-0.2733734281027826,-0.009999999999999787,
510300,2020-01-06,3.635,3.632,3.68,3.603,6665047.0,,2.1107456140350864,-0.4385964912280706,-0.016000000000000014,
510300,2020-01-07,3.643,3.664,3.669,3.637,4649595.0,,0.8810572687224677,0.8810572687224677,0.03200000000000003,
510300,2020-01-08,3.644,3.623,3.658,3.606,5628520.0,,1.4192139737991278,-1.1189956331877708,-0.040999999999999925,
510300,2020-01-09,3.647,3.667,3.674,3.643,3944317.0,,0.8556444935136664,1.214463152083897,0.043999999999999595,
510300,2020-01-10,3.674,3.666,3.685,3.653,3795550.0,,0.8726479410962649,-0.027270248159255245,-0.0009999999999998899,
510300,2020-01-13,3.665,3.711,3.714,3.65,3736391.0,,1.7457719585379177,1.22749590834697,0.04499999999999993,
510300,2020-01-14,3.711,3.693,3.731,3.689,4099628.0,,1.131770412287788,-0.48504446240904864,-0.017999999999999794,
510300,2020-01-15,3.693,3.661,3.699,3.654,3196074.0,,1.2185215272136456,-0.8665041971297057,-0.03200000000000003,
510300,2020-01-16,3.668,3.655,3.672,3.644,4162978.0,,0.764818355640536,-0.1638896476372638,-0.006000000000000227,
510300,2020-01-17,3.661,3.66,3.684,3.646,3216273.0,,1.0396716826265462,0.13679890560876437,0.0050000000000003375,
510300,2020-01-20,3.665,3.69,3.692,3.651,3534882.0,,1.1202185792349828,0.8196721311475357,0.029999999999999805,
510300,2020-01-21,3.672,3.614,3.672,3.609,6182946.0,,1.7073170731707363,-2.059620596205964,-0.07600000000000007,
510300,2020-01-22,3.598,3.628,3.642,3.543,9073932.0,,2.739346983951294,0.3873824017708975,0.014000000000000234,
510300,2020-01-23,3.59,3.505,3.599,3.465,7535834.0,,3.6934950385887637,-3.3902976846747577,-0.12300000000000022,
510300,2020-02-03,3.239,3.168,3.245,3.145,14710757.0,,2.853067047075609,-9.614835948644785,-0.33699999999999974,
510300,2020-02-04,3.159,3.279,3.285,3.158,7358437.0,,4.008838383838391,3.5037878787878713,0.11099999999999977,
510300,2020-02-05,3.293,3.316,3.364,3.277,5532874.0,,2.653247941445555,1.1283928026837426,0.03699999999999992,
510300,2020-02-06,3.332,3.406,3.422,3.306,5279652.0,,3.498190591073586,2.7141133896260645,0.0900000000000003,
510300,2020-02-07,3.379,3.397,3.401,3.353,3469890.0,,1.4092777451555958,-0.26423957721668645,-0.009000000000000341,
510300,2020-02-10,3.377,3.41,3.419,3.36,3985191.0,,1.7368266117162252,0.3826906093612112,0.013000000000000345,
510300,2020-02-11,3.418,3.452,3.469,3.416,4222588.0,,1.554252199413488,1.2316715542521939,0.041999999999999815,
510300,2020-02-12,3.448,3.48,3.486,3.439,2907834.0,,1.3615295480880694,0.8111239860950182,0.028000000000000025,
510300,2020-02-13,3.479,3.459,3.494,3.447,3259610.0,,1.3505747126436825,-0.6034482758620664,-0.020999999999999908,
510300,2020-02-14,3.454,3.486,3.504,3.452,3139793.0,,1.5033246603064483,0.7805724197745052,0.027000000000000135,
510300,2020-02-17,3.495,3.573,3.579,3.495,5811400.0,,2.4096385542168695,2.4956970740103195,0.08699999999999974,
510300,2020-02-18,3.566,3.548,3.571,3.521,7099509.0,,1.3993842709208024,-0.6996921354603949,-0.02499999999999991,
510300,2020-02-19,3.545,3.549,3.578,3.538,4403772.0,,1.1273957158962806,0.028184892897403887,0.0009999999999998899,
510300,2020-02-20,3.564,3.64,3.653,3.548,6052410.0,,2.9585798816568043,2.5641025641025696,0.09100000000000019,
510300,2020-02-21,3.632,3.654,3.687,3.626,4444701.0,,1.675824175824174,0.3846153846153788,0.01399999999999979,
510300,2020-02-24,3.632,3.621,3.645,3.591,3727272.0,,1.4778325123152662,-0.9031198686371079,-0.03299999999999992,
510300,2020-02-25,3.56,3.613,3.625,3.521,6038307.0,,2.872134769400721,-0.22093344380005542,-0.008000000000000007,
510300,2020-02-26,3.573,3.579,3.627,3.557,6417933.0,,1.9374481040686367,-0.9410462219761918,-0.03399999999999981,
510300,2020-02-27,3.592,3.58,3.606,3.57,4753305.0,,1.005867560771166,0.027940765576973732,0.0009999999999998899,
510300,2020-02-28,3.519,3.442,3.528,3.433,5600710.0,,2.6536312849162065,-3.8547486033519527,-0.1379999999999999,
510300,2020-03-02,3.457,3.585,3.599,3.457,4266837.0,,4.125508425334118,4.154561301568849,0.1429999999999998,
510300,2020-03-03,3.626,3.582,3.648,3.564,4087760.0,,2.3430962343096255,-0.08368200836820401,-0.0030000000000001137,
510300,2020-03-04,3.574,3.611,3.613,3.557,2954532.0,,1.5633724176437758,0.809603573422679,0.02900000000000036,
510300,2020-03-05,3.66,3.709,3.717,3.62,5478312.0,,2.6862364995846018,2.7139296593741307,0.09799999999999986,
510300,2020-03-06,3.676,3.63,3.678,3.626,2499877.0,,1.4019951469398773,-2.129954165543278,-0.07900000000000018,
510300,2020-03-09,3.577,3.499,3.577,3.49,4236423.0,,2.3966942148760264,-3.6088154269972397,-0.13099999999999978,
510300,2020-03-10,3.501,3.587,3.597,3.452,8596481.0,,4.144041154615604,2.5150042869391274,0.08800000000000008,
510300,2020-03-11,3.587,3.52,3.587,3.518,7032694.0,,1.9236130471145914,-1.8678561471982202,-0.06700000000000017,
510300,2020-03-12,3.482,3.457,3.484,3.428,3881192.0,,1.5909090909090924,-1.789772727272732,-0.06300000000000017,
510300,2020-03-13,3.342,3.398,3.439,3.259,7178929.0,,5.2068267283772105,-1.7066820943014094,-0.05899999999999972,
510300,2020-03-16,3.394,3.235,3.394,3.225,5710801.0,,4.973513831665686,-4.796939376103597,-0.16300000000000026,
510300,2020-03-17,3.268,3.202,3.297,3.124,9852558.0,,5.347758887171563,-1.0200927357032434,-0.03299999999999992,
510300,2020-03-18,3.215,3.14,3.272,3.135,7833048.0,,4.278575890068708,-1.9362898188632054,-0.06199999999999983,
510300,2020-03-19,3.143,3.105,3.156,3.001,12481638.0,,4.936305732484084,-1.1146496815286668,-0.03500000000000014,
510300,2020-03-20,3.121,3.153,3.166,3.091,6786895.0,,2.415458937198059,1.5458937198067646,0.04800000000000004,
510300,2020-03-23,3.049,3.035,3.091,3.022,8072781.0,,2.188392007611811,-3.742467491278144,-0.11799999999999988,
510300,2020-03-24,3.098,3.12,3.132,3.045,8328985.0,,2.8665568369028067,2.800658978583195,0.08499999999999996,
510300,2020-03-25,3.202,3.215,3.23,3.179,10100836.0,,1.6346153846153895,3.0448717948717867,0.09499999999999975,
510300,2020-03-26,3.192,3.192,3.231,3.179,3556542.0,,1.617418351477451,-0.7153965785380929,-0.022999999999999687,
510300,2020-03-27,3.238,3.209,3.263,3.207,4915443.0,,1.7543859649122824,0.5325814536340822,0.016999999999999904,
510300,2020-03-30,3.168,3.175,3.194,3.139,4971344.0,,1.7139295730757294,-1.0595200997195466,-0.03400000000000025,
510300,2020-03-31,3.212,3.178,3.215,3.169,3740030.0,,1.4488188976377896,0.09448818897638155,0.0030000000000001137,
510300,2020-04-01,3.173,3.182,3.232,3.163,3554389.0,,2.1711768407803778,0.1258653241032097,0.0040000000000000036,
510300,2020-04-02,3.167,3.232,3.237,3.15,4630489.0,,2.7341294783155305,1.5713387806411145,0.050000000000000266,
510300,2020-04-03,3.219,3.206,3.233,3.192,3247170.0,,1.2685643564356412,-0.8044554455445619,-0.026000000000000245,
510300,2020-04-07,3.269,3.289,3.302,3.267,5467405.0,,1.0917030567685635,2.5888958203368744,0.08300000000000018,
510300,2020-04-08,3.275,3.274,3.288,3.261,2219175.0,,0.8209182122225507,-0.4560656734569815,-0.015000000000000124,
510300,2020-04-09,3.29,3.285,3.297,3.279,3285436.0,,0.5497861942577958,0.33598045204643007,0.01100000000000012,
510300,2020-04-10,3.285,3.273,3.321,3.255,4642472.0,,2.0091324200913325,-0.36529680365296835,-0.01200000000000001,
510300,2020-04-13,3.259,3.252,3.267,3.241,2466969.0,,0.7943782462572503,-0.6416131989001024,-0.02100000000000035,
510300,2020-04-14,3.269,3.314,3.317,3.264,3761248.0,,1.6297662976629885,1.9065190651906605,0.06200000000000028,
510300,2020-04-15,3.314,3.292,3.323,3.29,2392008.0,,0.9957754978877464,-0.6638503319251732,-0.02200000000000024,
510300,2020-04-16,3.279,3.294,3.306,3.275,2273172.0,,0.9416767922235767,0.06075334143378566,0.002000000000000224,
510300,2020-04-17,3.323,3.328,3.354,3.319,5704809.0,,1.0625379477838537,1.032179720704305,0.03399999999999981,
510300,2020-04-20,3.335,3.344,3.345,3.322,3822960.0,,0.6911057692307732,0.4807692307692312,0.016000000000000014,
510300,2020-04-21,3.329,3.304,3.334,3.279,2927572.0,,1.644736842105268,-1.1961722488038289,-0.040000000000000036,
510300,2020-04-22,3.288,3.338,3.339,3.281,3456710.0,,1.7554479418886149,1.0290556900726469,0.03400000000000025,
510300,2020-04-23,3.341,3.331,3.351,3.321,2015207.0,,0.8987417615338467,-0.2097064110245691,-0.007000000000000117,
510300,2020-04-24,3.316,3.299,3.321,3.287,3058295.0,,1.0207145001501126,-0.9606724707295116,-0.03200000000000003,
510300,2020-04-27,3.301,3.316,3.342,3.296,3094609.0,,1.3943619278569344,0.5153076689906003,0.016999999999999904,
510300,2020-04-28,3.329,3.34,3.353,3.265,4228655.0,,2.653799758745479,0.7237635705669488,0.02400000000000002,
510300,2020-04-29,3.335,3.36,3.374,3.332,2778349.0,,1.2574850299401277,0.5988023952095813,0.020000000000000018,
510300,2020-04-30,3.374,3.417,3.425,3.372,5279981.0,,1.5773809523809506,1.6964285714285696,0.05699999999999994,
510300,2020-05-06,3.374,3.427,3.435,3.369,3834535.0,,1.9315188762071949,0.29265437518291576,0.010000000000000231,
510300,2020-05-07,3.427,3.42,3.434,3.408,2746388.0,,0.7586810621534942,-0.20426028596440376,-0.007000000000000117,
510300,2020-05-08,3.438,3.462,3.481,3.436,3706743.0,,1.3157894736842086,1.228070175438604,0.04200000000000026,
510300,2020-05-11,3.468,3.455,3.501,3.444,4123096.0,,1.6464471403812808,-0.2021952628538451,-0.007000000000000117,
510300,2020-05-12,3.456,3.454,3.469,3.426,5866052.0,,1.2445730824891377,-0.02894356005788393,-0.0009999999999998899,
510300,2020-05-13,3.442,3.463,3.469,3.429,2783969.0,,1.1580775911986114,0.26056745801968434,0.008999999999999897,
510300,2020-05-14,3.449,3.43,3.449,3.426,3001796.0,,0.6641640196361446,-0.9529309846953484,-0.03299999999999992,
510300,2020-05-15,3.437,3.411,3.449,3.41,5435703.0,,1.1370262390670467,-0.5539358600583127,-0.019000000000000128,
510300,2020-05-18,3.41,3.423,3.447,3.401,3020530.0,,1.3485781295807757,0.35180299032541806,0.01200000000000001,
510300,2020-05-19,3.459,3.452,3.466,3.441,2781211.0,,0.7303534910896978,0.8472100496640348,0.028999999999999915,
510300,2020-05-20,3.449,3.436,3.453,3.429,1975618.0,,0.6952491309385869,-0.46349942062572463,-0.016000000000000014,
510300,2020-05-21,3.442,3.41,3.449,3.408,2365234.0,,1.1932479627473787,-0.7566938300349185,-0.0259999999999998,
510300,2020-05-22,3.407,3.324,3.407,3.322,5328616.0,,2.4926686217008784,-2.521994134897369,-0.0860000000000003,
510300,2020-05-25,3.321,3.326,3.338,3.306,2505597.0,,0.9626955475330936,0.060168471720825026,0.002000000000000224,
510300,2020-05-26,3.343,3.372,3.375,3.343,4751108.0,,0.9621166566446191,1.3830426939266331,0.04599999999999982,
510300,2020-05-27,3.372,3.354,3.373,3.342,2311996.0,,0.9193357058125783,-0.5338078291814886,-0.017999999999999794,
510300,2020-05-28,3.356,3.359,3.393,3.324,2840731.0,,2.057245080500893,0.14907573047107614,0.004999999999999893,
510300,2020-05-29,3.339,3.375,3.378,3.332,2509198.0,,1.3694551949985192,0.4763322417386131,0.016000000000000014,
510300,2020-06-01,3.407,3.477,3.485,3.404,3509289.0,,2.399999999999999,3.022222222222218,0.10199999999999987,
510300,2020-06-02,3.477,3.488,3.498,3.469,1628382.0,,0.8340523439747012,0.3163646821973,0.01100000000000012,
510300,2020-06-03,3.507,3.487,3.529,3.485,3657525.0,,1.261467889908258,-0.028669724770639043,-0.0009999999999998899,
510300,2020-06-04,3.5,3.489,3.504,3.474,2813844.0,,0.8603383997705707,0.057355893318032106,0.0019999999999997797,
510300,2020-06-05,3.488,3.512,3.513,3.474,2013596.0,,1.1177987962166724,0.6592146746918927,0.02300000000000013,
510300,2020-06-08,3.529,3.531,3.556,3.521,2856037.0,,0.9965831435079767,0.5410022779043316,0.019000000000000128,
510300,2020-06-09,3.533,3.558,3.559,3.522,2944925.0,,1.0478617955253573,0.764655904842812,0.02699999999999969,
510300,2020-06-10,3.554,3.549,3.555,3.536,3183572.0,,0.5340078695896607,-0.25295109612141364,-0.008999999999999897,
510300,2020-06-11,3.542,3.512,3.559,3.493,3051933.0,,1.8596787827557137,-1.0425471963933481,-0.03699999999999992,
510300,2020-06-12,3.471,3.522,3.532,3.451,3090733.0,,2.3063781321184496,0.28473804100227185,0.009999999999999787,
510300,2020-06-15,3.491,3.465,3.518,3.464,2805261.0,,1.5332197614991434,-1.6183986371379881,-0.05699999999999994,
510300,2020-06-16,3.504,3.527,3.528,3.5,2476953.0,,0.8080808080808087,1.7893217893217974,0.06200000000000028,
510300,2020-06-17,3.529,3.531,3.532,3.505,2790256.0,,0.765523107456766,0.11341083073433522,0.0040000000000000036,
510300,2020-06-18,3.522,3.562,3.564,3.514,3430027.0,,1.4160294534126383,0.8779382611158225,0.030999999999999694,
510300,2020-06-19,3.559,3.614,3.634,3.559,3695636.0,,2.105558674901733,1.4598540145985415,0.052000000000000046,
510300,2020-06-22,3.614,3.618,3.649,3.606,5212442.0,,1.1898173768677407,0.11068068622025466,0.0040000000000000036,
510300,2020-06-23,3.609,3.637,3.642,3.595,3981678.0,,1.299060254284127,0.5251520176893347,0.019000000000000128,
510300,2020-06-24,3.647,3.673,3.676,3.645,4579422.0,,0.8523508386032483,0.9898267803134461,0.03600000000000003,
510300,2020-06-29,3.659,3.637,3.669,3.615,2126550.0,,1.4701878573373217,-0.9801252382248852,-0.03600000000000003,
510300,2020-06-30,3.657,3.687,3.701,3.655,5424685.0,,1.2647786637338538,1.3747594171020023,0.04999999999999982,
510300,2020-07-01,3.696,3.781,3.785,3.692,5740641.0,,2.5223759153783556,2.5494982370490997,0.0940000000000003,
510300,2020-07-02,3.779,3.879,3.884,3.772,5504378.0,,2.962179317640838,2.591906902935728,0.09799999999999986,
510300,2020-07-03,3.895,3.966,3.973,3.878,5867687.0,,2.4490848156741367,2.24284609435422,0.08700000000000019,
510300,2020-07-06,4.036,4.293,4.308,4.017,9293175.0,,7.33736762481088,8.245083207261724,0.32699999999999996,
510300,2020-07-07,4.33,4.245,4.359,4.233,10745019.0,,2.935010482180301,-1.1180992313067795,-0.04800000000000004,
510300,2020-07-08,4.243,4.307,4.347,4.217,9034869.0,,3.0624263839811725,1.4605418138987107,0.06200000000000028,
510300,2020-07-09,4.305,4.381,4.393,4.269,6424342.0,,2.8790341304852483,1.7181332714186168,0.07399999999999984,
510300,2020-07-10,4.347,4.294,4.366,4.272,5644168.0,,2.1456288518602924,-1.9858479799132762,-0.08700000000000063,
510300,2020-07-13,4.291,4.394,4.436,4.286,8243783.0,,3.493246390312072,2.3288309268747214,0.10000000000000053,
510300,2020-07-14,4.386,4.351,4.408,4.274,7376414.0,,3.049613108784714,-0.9786071916249466,-0.04300000000000015,
510300,2020-07-15,4.369,4.293,4.404,4.274,6624029.0,,2.987818892208685,-1.333026890370026,-0.05799999999999983,
510300,2020-07-16,4.299,4.065,4.337,4.059,12899181.0,,6.475658047985082,-5.310971348707192,-0.22799999999999976,
510300,2020-07-17,4.079,4.114,4.163,4.05,9042923.0,,2.779827798277993,1.2054120541205284,0.04899999999999949,
510300,2020-07-20,4.156,4.236,4.249,4.094,7249762.0,,3.7676227515799554,2.965483714146813,0.12199999999999989,
510300,2020-07-21,4.258,4.248,4.273,4.22,4653507.0,,1.2511803588290826,0.28328611898018075,0.012000000000000455,
510300,2020-07-22,4.241,4.301,4.365,4.237,7054372.0,,3.013182674199626,1.24764595103578,0.052999999999999936,
510300,2020-07-23,4.251,4.275,4.298,4.171,4305771.0,,2.9528016740292906,-0.6045105789351267,-0.0259999999999998,
510300,2020-07-24,4.235,4.063,4.251,4.036,6482820.0,,5.029239766081888,-4.959064327485394,-0.21200000000000063,
510300,2020-07-27,4.092,4.091,4.125,4.046,3111014.0,,1.9443760767905425,0.689145951267548,0.02800000000000047,
510300,2020-07-28,4.124,4.126,4.15,4.096,3742573.0,,1.3199706673185105,0.8555365436323672,0.03500000000000014,
510300,2020-07-29,4.114,4.258,4.262,4.108,4883854.0,,3.732428502181287,3.199224430441097,0.13199999999999967,
510300,2020-07-30,4.259,4.223,4.266,4.218,2974744.0,,1.1272898074213256,-0.8219821512447191,-0.03500000000000014,
510300,2020-07-31,4.219,4.259,4.318,4.181,5185247.0,,3.2441392375088696,0.8524745441629287,0.036000000000000476,
510300,2020-08-03,4.299,4.334,4.338,4.281,4343933.0,,1.3383423338812017,1.7609767551068158,0.07499999999999929,
510300,2020-08-04,4.358,4.338,4.372,4.313,3114025.0,,1.3613290263036495,0.09229349330873207,0.004000000000000448,
510300,2020-08-05,4.331,4.34,4.354,4.27,3006974.0,,1.9363762102351432,0.04610419548178376,0.0019999999999997797,
510300,2020-08-06,4.34,4.322,4.361,4.256,2246670.0,,2.419354838709667,-0.4147465437787971,-0.017999999999999794,
510300,2020-08-07,4.312,4.274,4.314,4.209,3430551.0,,2.4294308190652574,-1.1105969458584,-0.04800000000000004,
510300,2020-08-10,4.242,4.29,4.327,4.204,2404258.0,,2.8778661675245725,0.3743565746373424,0.016000000000000014,
510300,2020-08-11,4.294,4.243,4.36,4.235,2480529.0,,2.9137529137529135,-1.0955710955710887,-0.04699999999999971,
510300,2020-08-12,4.234,4.211,4.249,4.131,4240605.0,,2.7810511430591425,-0.7541833608296024,-0.03200000000000003,
510300,2020-08-13,4.224,4.196,4.233,4.187,1978058.0,,1.092377107575383,-0.35620992638329535,-0.015000000000000568,
510300,2020-08-14,4.197,4.287,4.289,4.179,4221856.0,,2.6215443279313497,2.1687321258341323,0.09100000000000019,
510300,2020-08-17,4.307,4.386,4.419,4.292,5634750.0,,2.962444599953342,2.3093072078376533,0.0990000000000002,
510300,2020-08-18,4.391,4.379,4.401,4.353,3493118.0,,1.0943912448700421,-0.1595987232102271,-0.007000000000000561,
510300,2020-08-19,4.376,4.303,4.38,4.3,4058191.0,,1.8269011189769373,-1.7355560630280802,-0.07599999999999962,
510300,2020-08-20,4.279,4.252,4.29,4.232,3442808.0,,1.3478968161747578,-1.185219614222639,-0.051000000000000156,
510300,2020-08-21,4.276,4.292,4.316,4.253,2893291.0,,1.4816556914393162,0.940733772342428,0.040000000000000036,
510300,2020-08-24,4.314,4.322,4.34,4.287,4159345.0,,1.2348555452003713,0.6989748369058771,0.03000000000000025,
510300,2020-08-25,4.335,4.331,4.379,4.312,2161333.0,,1.5502082369273318,0.20823692734845767,0.009000000000000341,
510300,2020-08-26,4.328,4.272,4.358,4.256,3349817.0,,2.355114292311231,-1.3622719926114097,-0.05900000000000016,
510300,2020-08-27,4.278,4.308,4.31,4.249,2074315.0,,1.427902621722845,0.8426966292134734,0.03599999999999959,
510300,2020-08-28,4.302,4.426,4.434,4.287,5549965.0,,3.412256267409477,2.739090064995365,0.11800000000000033,
510300,2020-08-31,4.454,4.383,4.477,4.379,4886972.0,,2.2141888838680694,-0.9715318572074141,-0.04300000000000015,
510300,2020-09-01,4.375,4.417,4.419,4.369,2405330.0,,1.1407711613050382,0.7757243896874243,0.03399999999999981,
510300,2020-09-02,4.428,4.413,4.434,4.363,3859047.0,,1.607425854652473,-0.09055920307900293,-0.0039999999999995595,
510300,2020-09-03,4.407,4.393,4.449,4.37,2298303.0,,1.7901654203489628,-0.453206435531395,-0.020000000000000462,
510300,2020-09-04,4.319,4.338,4.356,4.3,3751025.0,,1.2747552925108139,-1.2519918051445418,-0.054999999999999716,
510300,2020-09-07,4.329,4.241,4.364,4.219,4457466.0,,3.3425541724296814,-2.2360534808667687,-0.09700000000000042,
510300,2020-09-08,4.249,4.265,4.279,4.213,4858203.0,,1.5562367366187184,0.565904267861354,0.02400000000000002,
510300,2020-09-09,4.209,4.154,4.219,4.124,5154947.0,,2.227432590855818,-2.602579132473617,-0.11099999999999977,
510300,2020-09-10,4.193,4.158,4.215,4.143,4235369.0,,1.733269138180069,0.0962927298989034,0.004000000000000448,
510300,2020-09-11,4.139,4.194,4.202,4.136,2799463.0,,1.5873015873015834,0.8658008658008557,0.03599999999999959,
510300,2020-09-14,4.216,4.221,4.233,4.194,2635947.0,,0.9298998569384764,0.643776824034338,0.027000000000000135,
510300,2020-09-15,4.214,4.256,4.264,4.203,2928606.0,,1.4451551764984587,0.8291873963515788,0.03500000000000014,
510300,2020-09-16,4.254,4.228,4.258,4.211,1889127.0,,1.1043233082706698,-0.6578947368421162,-0.02800000000000047,
510300,2020-09-17,4.212,4.199,4.244,4.176,4081454.0,,1.6083254493850432,-0.6859035004730349,-0.028999999999999915,
510300,2020-09-18,4.204,4.32,4.322,4.202,8735178.0,,2.8578232912598263,2.8816384853536663,0.12100000000000044,
510300,2020-09-21,4.324,4.265,4.359,4.259,3816204.0,,2.3148148148148064,-1.2731481481481621,-0.055000000000000604,
510300,2020-09-22,4.234,4.208,4.285,4.188,5785134.0,,2.2743259085580405,-1.33645955451347,-0.056999999999999496,
510300,2020-09-23,4.212,4.222,4.238,4.193,4660062.0,,1.069391634981008,0.3326996197718687,0.014000000000000234,
510300,2020-09-24,4.194,4.145,4.205,4.134,3445023.0,,1.6816674561818976,-1.8237801989578597,-0.07700000000000085,
510300,2020-09-25,4.152,4.148,4.175,4.13,3253692.0,,1.0856453558504207,0.07237635705669757,0.0030000000000001137,
510300,2020-09-28,4.151,4.158,4.19,4.144,3046796.0,,1.1089681774349147,0.24108003857282248,0.010000000000000675,
510300,2020-09-29,4.179,4.169,4.196,4.161,3158810.0,,0.841750841750845,0.26455026455024605,0.010999999999999233,
510300,2020-09-30,4.182,4.155,4.204,4.129,4549102.0,,1.7989925641640727,-0.33581194531061037,-0.013999999999999346,
510300,2020-10-09,4.23,4.248,4.274,4.229,3596667.0,,1.0830324909747275,2.23826714801444,0.09299999999999997,
510300,2020-10-12,4.274,4.396,4.402,4.272,3609528.0,,3.0602636534839895,3.4839924670433073,0.1479999999999997,
510300,2020-10-13,4.397,4.412,4.423,4.369,3200439.0,,1.2283894449499606,0.363967242948135,0.016000000000000014,
510300,2020-10-14,4.399,4.388,4.406,4.372,2789483.0,,0.7706255666364417,-0.5439709882139624,-0.02400000000000002,
510300,2020-10-15,4.383,4.376,4.41,4.367,3305283.0,,0.9799453053783078,-0.2734731084776565,-0.011999999999999567,
510300,2020-10-16,4.373,4.362,4.401,4.333,2835707.0,,1.5539305301645248,-0.31992687385740937,-0.014000000000000234,
510300,2020-10-19,4.389,4.331,4.429,4.313,6019252.0,,2.659330582301709,-0.7106831728564809,-0.030999999999999694,
510300,2020-10-20,4.32,4.361,4.363,4.316,2739130.0,,1.085199722927744,0.6926806742091747,0.02999999999999936,
510300,2020-10-21,4.364,4.367,4.373,4.327,3488947.0,,1.054803944049536,0.13758312313690044,0.006000000000000227,
510300,2020-10-22,4.353,4.351,4.368,4.301,2571483.0,,1.5342340279368027,-0.36638424547744475,-0.016000000000000014,
510300,2020-10-23,4.341,4.295,4.376,4.29,7768057.0,,1.9765571133072928,-1.2870604458745127,-0.05600000000000005,
510300,2020-10-26,4.266,4.259,4.285,4.215,5071474.0,,1.6298020954598438,-0.8381839348079065,-0.03599999999999959,
510300,2020-10-27,4.246,4.273,4.279,4.242,2993488.0,,0.8687485325193688,0.32871566095326005,0.013999999999999346,
510300,2020-10-28,4.271,4.313,4.327,4.256,4828291.0,,1.6615960683360576,0.9361104610344029,0.040000000000000036,
510300,2020-10-29,4.268,4.357,4.38,4.261,3710248.0,,2.759100394157194,1.0201715743102362,0.04400000000000048,
510300,2020-10-30,4.347,4.266,4.356,4.257,3845878.0,,2.2722056460867615,-2.0885930686252054,-0.09100000000000019,
510300,2020-11-02,4.268,4.294,4.313,4.268,2001660.0,,1.054852320675104,0.6563525550867225,0.02799999999999958,
510300,2020-11-03,4.309,4.345,4.372,4.309,3561129.0,,1.4671634839310603,1.1877037727061053,0.051000000000000156,
510300,2020-11-04,4.354,4.382,4.404,4.339,3447388.0,,1.49597238204832,0.851553509781356,0.03699999999999992,
510300,2020-11-05,4.429,4.458,4.462,4.409,3758944.0,,1.2094933820173424,1.7343678685531838,0.07600000000000051,
510300,2020-11-06,4.467,4.46,4.471,4.417,3541237.0,,1.2113055181695889,0.04486316733960923,0.0019999999999997797,
510300,2020-11-09,4.489,4.557,4.583,4.489,5979880.0,,2.107623318385657,2.174887892376691,0.09700000000000042,
510300,2020-11-10,4.569,4.53,4.572,4.501,3847847.0,,1.5580425718674507,-0.5924950625411484,-0.027000000000000135,
510300,2020-11-11,4.517,4.483,4.537,4.478,3940726.0,,1.3024282560706437,-1.0375275938189976,-0.0470000000000006,
510300,2020-11-12,4.489,4.48,4.503,4.465,2580329.0,,0.8476466651795731,-0.06691947356679068,-0.0029999999999992255,
510300,2020-11-13,4.46,4.429,4.462,4.396,4329279.0,,1.4732142857142818,-1.1383928571428605,-0.051000000000000156,
510300,2020-11-16,4.454,4.482,4.484,4.42,2851087.0,,1.4450214495371427,1.196658387897944,0.052999999999999936,
510300,2020-11-17,4.476,4.473,4.479,4.443,2987696.0,,0.803212851405633,-0.20080321285141323,-0.009000000000000341,
510300,2020-11-18,4.469,4.466,4.491,4.443,3606987.0,,1.073105298457412,-0.15649452269169847,-0.006999999999999673,
510300,2020-11-19,4.455,4.508,4.521,4.447,2700795.0,,1.6569637259292396,0.9404388714733501,0.041999999999999815,
510300,2020-11-20,4.509,4.523,4.529,4.495,2845033.0,,0.7542147293700046,0.3327417923691145,0.01499999999999968,
510300,2020-11-23,4.539,4.581,4.614,4.518,5211471.0,,2.1224850762768095,1.2823347335839204,0.05800000000000072,
510300,2020-11-24,4.578,4.549,4.584,4.54,3461421.0,,0.9604889762060596,-0.6985374372407777,-0.03200000000000003,
510300,2020-11-25,4.564,4.487,4.586,4.485,4251960.0,,2.2202681908111668,-1.3629369092108217,-0.06200000000000028,
510300,2020-11-26,4.485,4.494,4.499,4.446,3958386.0,,1.1811901047470457,0.1560062402496027,0.006999999999999673,
510300,2020-11-27,4.494,4.565,4.569,4.486,3787808.0,,1.8469069870939072,1.579884290164678,0.07100000000000062,
510300,2020-11-30,4.578,4.54,4.639,4.537,5351157.0,,2.2343921139101925,-0.5476451259583867,-0.025000000000000355,
510300,2020-12-01,4.536,4.651,4.659,4.535,4752837.0,,2.7312775330396404,2.4449339207048406,0.11099999999999977,
510300,2020-12-02,4.654,4.64,4.674,4.617,2929469.0,,1.2255428940012982,-0.23650827778972525,-0.01100000000000012,
510300,2020-12-03,4.635,4.638,4.656,4.612,2489868.0,,0.9482758620689569,-0.043103448275857326,-0.0019999999999997797,
510300,2020-12-04,4.629,4.649,4.656,4.589,3301548.0,,1.4445881845622959,0.2371711944803821,0.01100000000000012,
510300,2020-12-07,4.649,4.605,4.651,4.586,3593753.0,,1.3981501398150031,-0.9464400946440008,-0.043999999999999595,
510300,2020-12-08,4.605,4.589,4.629,4.581,3612519.0,,1.0423452768729458,-0.34744842562432166,-0.016000000000000014,
510300,2020-12-09,4.604,4.529,4.616,4.52,5685506.0,,2.0919590324689494,-1.307474395293103,-0.0600000000000005,
510300,2020-12-10,4.519,4.519,4.541,4.501,3189474.0,,0.8831971737690448,-0.2207992934422563,-0.009999999999999787,
510300,2020-12-11,4.529,4.463,4.544,4.427,4030120.0,,2.5890683779597254,-1.2392122150918357,-0.05600000000000005,
510300,2020-12-14,4.468,4.507,4.511,4.457,2518877.0,,1.2099484651579715,0.9858839345731479,0.043999999999999595,
510300,2020-12-15,4.507,4.522,4.529,4.475,2844127.0,,1.198136232527186,0.33281562014645155,0.015000000000000568,
510300,2020-12-16,4.529,4.532,4.539,4.513,2840815.0,,0.5749668288367935,0.2211410880141483,0.009999999999999787,
510300,2020-12-17,4.531,4.603,4.607,4.523,4662309.0,,1.8534863195057483,1.5666372462488907,0.07099999999999973,
510300,2020-12-18,4.599,4.574,4.604,4.552,4607113.0,,1.1296980230284703,-0.6300238974581776,-0.028999999999999915,
510300,2020-12-21,4.571,4.619,4.63,4.544,4458961.0,,1.8801923917796306,0.9838216003498016,0.04499999999999993,
510300,2020-12-22,4.608,4.542,4.626,4.535,5153970.0,,1.970123403334059,-1.6670274951288149,-0.07699999999999996,
510300,2020-12-23,4.549,4.583,4.607,4.546,3386872.0,,1.3430206957287527,0.9026860413914657,0.04100000000000037,
510300,2020-12-24,4.583,4.583,4.606,4.559,3833767.0,,1.025529129391222,0.0,0.0,
510300,2020-12-25,4.563,4.625,4.628,4.552,4033561.0,,1.658302421994338,0.916430285838966,0.041999999999999815,
510300,2020-12-28,4.621,4.639,4.669,4.612,4471300.0,,1.2324324324324214,0.30270270270270777,0.014000000000000234,
510300,2020-12-29,4.647,4.623,4.661,4.615,3427179.0,,0.9915930157361366,-0.34490191851692203,-0.016000000000000014,
510300,2020-12-30,4.619,4.687,4.689,4.616,3406715.0,,1.5790612156608348,1.384382435647849,0.06400000000000006,
510300,2020-12-31,4.697,4.796,4.802,4.695,8617992.0,,2.282910177085541,2.325581395348837,0.10899999999999999,
510300,2022-05-18,3.663,3.642,3.673,3.616,2640173.0,,1.1884904086738934,-24.06171809841535,-1.1540000000000004,
510300,2022-05-19,3.603,3.651,3.653,3.592,3249620.0,,1.6749038989566158,0.24711696869851446,0.008999999999999897,
510300,2022-05-20,3.676,3.735,3.736,3.666,6004614.0,,1.9172829361818757,2.300739523418244,0.08400000000000007,
510300,2022-05-23,3.735,3.703,3.735,3.677,5120913.0,,1.5528781793841988,-0.8567603748326648,-0.03200000000000003,
510300,2022-05-24,3.702,3.621,3.705,3.616,4156645.0,,2.4034566567647846,-2.214420739940585,-0.08199999999999985,
510300,2022-05-25,3.616,3.638,3.64,3.604,4576841.0,,0.9942004971002495,0.4694835680751147,0.016999999999999904,
510300,2022-05-26,3.639,3.648,3.676,3.588,4816141.0,,2.418911489829579,0.27487630566245824,0.010000000000000231,
510300,2022-05-27,3.678,3.658,3.713,3.641,5532972.0,,1.9736842105263175,0.274122807017538,0.009999999999999787,
510300,2022-05-30,3.676,3.681,3.699,3.663,4505319.0,,0.9841443411700391,0.6287588846364169,0.02300000000000013,
510300,2022-05-31,3.681,3.745,3.759,3.672,4522581.0,,2.36348818255908,1.7386579733768015,0.06400000000000006,
510300,2022-06-01,3.745,3.739,3.752,3.716,3774345.0,,0.9612817089452493,-0.16021361815754945,-0.006000000000000227,
510300,2022-06-02,3.722,3.75,3.754,3.714,2901326.0,,1.0698047606311858,0.29419630917357903,0.01100000000000012,
510300,2022-06-06,3.748,3.832,3.833,3.721,4238359.0,,2.9866666666666695,2.186666666666663,0.08199999999999985,
510300,2022-06-07,3.817,3.838,3.858,3.811,3808642.0,,1.2265135699373735,0.15657620041754247,0.006000000000000227,
510300,2022-06-08,3.841,3.88,3.886,3.821,4272911.0,,1.693590411672745,1.0943199583116159,0.041999999999999815,
510300,2022-06-09,3.871,3.846,3.89,3.829,2916148.0,,1.5721649484536069,-0.8762886597938095,-0.03399999999999981,
510300,2022-06-10,3.815,3.904,3.916,3.814,6480691.0,,2.6521060842433664,1.508060322412892,0.05799999999999983,
510300,2022-06-13,3.866,3.852,3.879,3.826,5799002.0,,1.357581967213113,-1.3319672131147553,-0.052000000000000046,
510300,2022-06-14,3.821,3.892,3.896,3.771,6249026.0,,3.2450674974039457,1.0384215991692636,0.040000000000000036,
510300,2022-06-15,3.889,3.941,4.02,3.889,11218852.0,,3.3658787255909504,1.2589928057553939,0.04899999999999993,
510300,2022-06-16,3.954,3.914,3.973,3.905,5075120.0,,1.7254503933011942,-0.6851053032225245,-0.02699999999999969,
510300,2022-06-17,3.897,3.977,3.993,3.891,7156474.0,,2.6060296371997924,1.609606540623396,0.06299999999999972,
510300,2022-06-20,3.987,3.998,4.044,3.964,7324345.0,,2.0115665074176423,0.5280362081971424,0.02100000000000035,
510300,2022-06-21,3.998,3.996,4.034,3.961,4224015.0,,1.825912956478238,-0.050025012506258716,-0.002000000000000224,
510300,2022-06-22,3.996,3.946,4.003,3.938,3619643.0,,1.6266266266266254,-1.2512512512512468,-0.04999999999999982,
510300,2022-06-23,3.947,4.021,4.023,3.94,4056939.0,,2.103395843892543,1.900658895083622,0.07499999999999973,
510300,2022-06-24,4.031,4.069,4.082,4.019,4148338.0,,1.5667744342203365,1.1937329022631198,0.04800000000000004,
510300,2022-06-27,4.085,4.117,4.155,4.085,4559811.0,,1.7203244040304815,1.1796510199066121,0.04800000000000004,
510300,2022-06-28,4.116,4.169,4.182,4.089,3748824.0,,2.258926402720427,1.263055623026466,0.0519999999999996,
510300,2022-06-29,4.154,4.114,4.183,4.099,5448356.0,,2.0148716718637476,-1.31926121372031,-0.054999999999999716,
510300,2022-06-30,4.11,4.164,4.201,4.109,5680516.0,,2.2362664073893934,1.2153621779290187,0.04999999999999982,
510300,2022-07-01,4.176,4.149,4.181,4.13,4455712.0,,1.2247838616714735,-0.3602305475504246,-0.01499999999999968,
510300,2022-07-04,4.134,4.177,4.179,4.105,3874217.0,,1.7835623041696755,0.6748614123885172,0.02799999999999958,
510300,2022-07-05,4.182,4.167,4.221,4.118,3921158.0,,2.4658846061766764,-0.23940627244433296,-0.009999999999999787,
510300,2022-07-06,4.156,4.108,4.166,4.079,3189627.0,,2.087832973362146,-1.415886729061679,-0.05900000000000016,
510300,2022-07-07,4.101,4.124,4.144,4.078,4030459.0,,1.6066212268743874,0.3894839337877316,0.016000000000000014,
510300,2022-07-08,4.147,4.12,4.169,4.113,2082490.0,,1.357904946653714,-0.09699321047525605,-0.0039999999999995595,
510300,2022-07-11,4.102,4.044,4.102,4.026,4522075.0,,1.8446601941747698,-1.8446601941747698,-0.07600000000000051,
510300,2022-07-12,4.038,4.008,4.063,3.994,3435392.0,,1.7062314540059225,-0.8902077151335211,-0.03599999999999959,
510300,2022-07-13,4.011,4.015,4.035,3.984,2956003.0,,1.2724550898203633,0.17465069860278626,0.006999999999999673,
510300,2022-07-14,4.011,4.016,4.045,3.992,3264143.0,,1.3200498132004965,0.02490660024907432,0.001000000000000334,
510300,2022-07-15,4.006,3.951,4.056,3.949,7373071.0,,2.664342629482077,-1.6185258964143412,-0.06499999999999995,
510300,2022-07-18,3.968,3.997,4.015,3.93,3891151.0,,2.1513540875727544,1.1642622120981982,0.04599999999999982,
510300,2022-07-19,3.993,3.975,3.993,3.941,3535270.0,,1.3009757317988504,-0.5504128096072003,-0.021999999999999797,
510300,2022-07-20,3.996,3.987,4.016,3.974,2998384.0,,1.056603773584901,0.30188679245283045,0.01200000000000001,
510300,2022-07-21,3.971,3.942,3.994,3.941,3104926.0,,1.3293202909455826,-1.1286681715575602,-0.04499999999999993,
510300,2022-07-22,3.957,3.945,3.991,3.915,3147688.0,,1.9279553526128885,0.07610350076102662,0.0029999999999996696,
510300,2022-07-25,3.941,3.927,3.944,3.909,2516761.0,,0.8871989860583053,-0.45627376425854993,-0.017999999999999794,
510300,2022-07-26,3.933,3.956,3.976,3.93,3762545.0,,1.1713776419658726,0.7384772090654422,0.028999999999999915,
510300,2022-07-27,3.946,3.932,3.953,3.924,2571786.0,,0.7330637007077835,-0.6066734074823059,-0.02400000000000002,
510300,2022-07-28,3.948,3.935,3.986,3.931,3695810.0,,1.3987792472024456,0.07629704984740879,0.0030000000000001137,
510300,2022-07-29,3.939,3.876,3.961,3.867,4712654.0,,2.3888182973316354,-1.4993646759847563,-0.05900000000000016,
510300,2022-08-01,3.862,3.894,3.904,3.837,2983915.0,,1.7285861713106225,0.4643962848297275,0.018000000000000238,
510300,2022-08-02,3.866,3.823,3.866,3.788,5439733.0,,2.0030816640986204,-1.8233179250128448,-0.07100000000000017,
510300,2022-08-03,3.836,3.778,3.865,3.767,3766628.0,,2.5634318597959798,-1.177086058069577,-0.04499999999999993,
510300,2022-08-04,3.795,3.809,3.818,3.778,2617509.0,,1.0587612493382752,0.8205399682371661,0.03100000000000014,
510300,2022-08-05,3.812,3.874,3.88,3.809,3933852.0,,1.864006300866362,1.706484641638224,0.06499999999999995,
510300,2022-08-08,3.857,3.86,3.875,3.849,1572824.0,,0.6711409395973102,-0.361383582860099,-0.014000000000000234,
510300,2022-08-09,3.858,3.867,3.875,3.846,2418244.0,,0.7512953367875626,0.1813471502590704,0.007000000000000117,
510300,2022-08-10,3.858,3.822,3.872,3.804,2037632.0,,1.758469097491597,-1.1636927851047305,-0.04499999999999993,
510300,2022-08-11,3.839,3.91,3.916,3.832,3480503.0,,2.1978021978021998,2.3024594453165905,0.08800000000000008,
510300,2022-08-12,3.908,3.911,3.922,3.894,2055898.0,,0.7161125319693101,0.025575447570329667,0.0009999999999998899,
510300,2022-08-15,3.898,3.901,3.942,3.894,2328228.0,,1.2273075939657387,-0.2556890820762013,-0.010000000000000231,
510300,2022-08-16,3.906,3.891,3.928,3.883,1684834.0,,1.1535503716995625,-0.2563445270443422,-0.009999999999999787,
510300,2022-08-17,3.892,3.932,3.943,3.867,2810228.0,,1.9532253919300968,1.0537136982780757,0.040999999999999925,
510300,2022-08-18,3.926,3.895,3.93,3.89,1999681.0,,1.017293997965413,-0.940996948118004,-0.03699999999999992,
510300,2022-08-19,3.891,3.865,3.907,3.863,2894411.0,,1.1296534017971769,-0.7702182284980694,-0.029999999999999805,
510300,2022-08-22,3.856,3.892,3.904,3.852,3109324.0,,1.345407503234154,0.6985769728331097,0.02699999999999969,
510300,2022-08-23,3.889,3.878,3.906,3.859,2758776.0,,1.2076053442959958,-0.359712230215822,-0.01399999999999979,
510300,2022-08-24,3.89,3.801,3.894,3.792,4031611.0,,2.630221763795779,-1.9855595667870023,-0.07699999999999996,
510300,2022-08-25,3.809,3.837,3.842,3.78,3325107.0,,1.6311496974480473,0.9471191791633788,0.03600000000000003,
510300,2022-08-26,3.835,3.831,3.857,3.824,2268554.0,,0.8600469116497358,-0.1563721657545016,-0.006000000000000227,
510300,2022-08-29,3.797,3.806,3.817,3.781,2345945.0,,0.9397024275646053,-0.6525711302531952,-0.02499999999999991,
510300,2022-08-30,3.81,3.797,3.812,3.762,2320948.0,,1.3137151865475518,-0.23646873357855747,-0.008999999999999897,
510300,2022-08-31,3.78,3.797,3.838,3.769,5552796.0,,1.8172241243086633,0.0,0.0,
510300,2022-09-01,3.786,3.763,3.809,3.754,3202516.0,,1.448511983144592,-0.8954437713984791,-0.03400000000000025,
510300,2022-09-02,3.766,3.74,3.775,3.72,2637374.0,,1.4615997874036597,-0.6112144565506161,-0.022999999999999687,
510300,2022-09-05,3.731,3.738,3.739,3.696,2158650.0,,1.1497326203208476,-0.05347593582888299,-0.002000000000000224,
510300,2022-09-06,3.751,3.767,3.772,3.73,2641015.0,,1.1235955056179727,0.7758159443552679,0.028999999999999915,
510300,2022-09-07,3.753,3.775,3.787,3.75,1835728.0,,0.9822139633660718,0.21237058667374586,0.008000000000000007,
510300,2022-09-08,3.779,3.757,3.787,3.756,1716322.0,,0.8211920529801362,-0.4768211920529747,-0.017999999999999794,
510300,2022-09-09,3.763,3.815,3.823,3.762,3929759.0,,1.6236358796912413,1.5437849347883903,0.05799999999999983,
510300,2022-09-13,3.822,3.829,3.851,3.818,3274312.0,,0.8650065530799455,0.3669724770642263,0.014000000000000234,
510300,2022-09-14,3.79,3.783,3.811,3.77,4299139.0,,1.0707756594411053,-1.2013580569339322,-0.04600000000000026,
510300,2022-09-15,3.79,3.746,3.803,3.721,5888444.0,,2.167591858313504,-0.9780597409463367,-0.03699999999999992,
510300,2022-09-16,3.733,3.656,3.743,3.652,7257809.0,,2.4292578750667313,-2.402562733582484,-0.08999999999999986,
510300,2022-09-19,3.65,3.645,3.671,3.631,3977904.0,,1.0940919037199135,-0.3008752735229792,-0.01100000000000012,
510300,2022-09-20,3.662,3.647,3.679,3.636,3015150.0,,1.1796982167352457,0.05486968449930808,0.0019999999999997797,
510300,2022-09-21,3.636,3.617,3.646,3.599,3634886.0,,1.2887304633945629,-0.82259391280504,-0.029999999999999805,
510300,2022-09-22,3.601,3.588,3.62,3.576,2798468.0,,1.2164777439867305,-0.8017694221730691,-0.028999999999999915,
510300,2022-09-23,3.588,3.58,3.607,3.548,5202490.0,,1.6443701226309968,-0.22296544035674493,-0.008000000000000007,
510300,2022-09-26,3.556,3.555,3.614,3.55,7560336.0,,1.7877094972067056,-0.6983240223463663,-0.02499999999999991,
510300,2022-09-27,3.566,3.605,3.613,3.548,5191603.0,,1.828410689170181,1.4064697609001355,0.04999999999999982,
510300,2022-09-28,3.591,3.549,3.594,3.546,5300816.0,,1.331484049930653,-1.5533980582524285,-0.05600000000000005,
510300,2022-09-29,3.572,3.55,3.593,3.529,5060836.0,,1.803324880247959,0.02817695125387123,0.0009999999999998899,
510300,2022-09-30,3.551,3.524,3.571,3.521,6383788.0,,1.4084507042253596,-0.7323943661971776,-0.0259999999999998,
510300,2022-10-10,3.523,3.445,3.526,3.433,6841092.0,,2.639046538024971,-2.2417707150964863,-0.07900000000000018,
510300,2022-10-11,3.447,3.442,3.46,3.426,4913807.0,,0.9869375907111702,-0.08708272859215296,-0.0029999999999996696,
510300,2022-10-12,3.443,3.504,3.507,3.375,7315130.0,,3.8349796629866386,1.8012783265543237,0.06199999999999983,
510300,2022-10-13,3.472,3.471,3.503,3.462,3451403.0,,1.170091324200911,-0.9417808219178059,-0.03299999999999992,
510300,2022-10-14,3.508,3.559,3.579,3.499,7496291.0,,2.3048112935753404,2.5352924229328746,0.08800000000000008,
510300,2022-10-17,3.551,3.558,3.562,3.525,3887601.0,,1.0396178701882528,-0.028097780275367627,-0.001000000000000334,
510300,2022-10-18,3.58,3.551,3.586,3.543,4311344.0,,1.2085441259134264,-0.19673974142775924,-0.006999999999999673,
510300,2022-10-19,3.546,3.492,3.558,3.49,2881623.0,,1.9149535342157031,-1.6615038017459913,-0.05900000000000016,
510300,2022-10-20,3.476,3.48,3.532,3.447,3723050.0,,2.434135166093928,-0.3436426116838491,-0.01200000000000001,
510300,2022-10-21,3.493,3.458,3.495,3.44,3275721.0,,1.5804597701149472,-0.6321839080459712,-0.021999999999999797,
510300,2022-10-24,3.455,3.36,3.489,3.342,6297940.0,,4.251012145748981,-2.8340080971660004,-0.09800000000000031,
510300,2022-10-25,3.348,3.344,3.395,3.317,8235170.0,,2.321428571428567,-0.47619047619047666,-0.016000000000000014,
510300,2022-10-26,3.346,3.372,3.424,3.345,6862870.0,,2.362440191387552,0.8373205741626801,0.028000000000000025,
510300,2022-10-27,3.395,3.346,3.406,3.345,5123971.0,,1.8090154211150635,-0.7710557532621531,-0.0259999999999998,
510300,2022-10-28,3.333,3.26,3.339,3.251,7381372.0,,2.6300059772863142,-2.5702331141661774,-0.0860000000000003,
510300,2022-10-31,3.236,3.221,3.272,3.208,5976564.0,,1.963190184049068,-1.1963190184048988,-0.0389999999999997,
510300,2022-11-01,3.241,3.359,3.361,3.236,10691572.0,,3.8807823657249303,4.28438373176032,0.1379999999999999,
510300,2022-11-02,3.341,3.393,3.423,3.334,7516463.0,,2.649598094671032,1.0122060136945463,0.03399999999999981,
510300,2022-11-03,3.373,3.363,3.388,3.345,4881107.0,,1.2673150604185,-0.8841732979663958,-0.029999999999999805,
510300,2022-11-04,3.361,3.49,3.507,3.36,11292457.0,,4.371097234611961,3.7763901278620344,0.12700000000000022,
510300,2022-11-07,3.466,3.49,3.511,3.465,5340734.0,,1.3180515759312397,0.0,0.0,
510300,2022-11-08,3.49,3.467,3.499,3.443,8012579.0,,1.6045845272206316,-0.6590257879656198,-0.02300000000000013,
510300,2022-11-09,3.467,3.427,3.48,3.423,5209240.0,,1.6440726853187178,-1.1537352177675233,-0.040000000000000036,
510300,2022-11-10,3.406,3.406,3.422,3.383,5064964.0,,1.1380215932302347,-0.6127808578931984,-0.020999999999999908,
510300,2022-11-11,3.498,3.504,3.554,3.466,13767023.0,,2.5836758661186034,2.877275396359362,0.09799999999999986,
510300,2022-11-14,3.554,3.506,3.575,3.496,8509669.0,,2.254566210045667,0.057077625570769966,0.0019999999999997797,
510300,2022-11-15,3.498,3.581,3.59,3.491,7671835.0,,2.8237307472903526,2.139189960068459,0.07500000000000018,
510300,2022-11-16,3.574,3.552,3.594,3.547,5377972.0,,1.312482546774636,-0.8098296565205226,-0.028999999999999915,
510300,2022-11-17,3.542,3.535,3.542,3.491,7916228.0,,1.4358108108108028,-0.4786036036036009,-0.016999999999999904,
510300,2022-11-18,3.538,3.522,3.558,3.515,6491949.0,,1.216407355021208,-0.3677510608203775,-0.013000000000000345,
510300,2022-11-21,3.493,3.489,3.493,3.446,5182489.0,,1.3344690516751765,-0.936967632027255,-0.03299999999999992,
510300,2022-11-22,3.483,3.487,3.527,3.461,6490256.0,,1.8916595012897761,-0.05732301519059271,-0.0019999999999997797,
510300,2022-11-23,3.476,3.49,3.512,3.47,5487916.0,,1.2044737596788015,0.08603383997706089,0.0030000000000001137,
510300,2022-11-24,3.506,3.472,3.524,3.466,4821489.0,,1.6618911174785052,-0.5157593123209238,-0.018000000000000238,
510300,2022-11-25,3.475,3.493,3.51,3.461,5492158.0,,1.4112903225806432,0.6048387096774167,0.020999999999999908,
510300,2022-11-28,3.428,3.448,3.455,3.386,6260914.0,,1.9753793300887477,-1.288290867449182,-0.04499999999999993,
510300,2022-11-29,3.47,3.564,3.573,3.47,7207068.0,,2.9872389791183225,3.364269141531326,0.1160000000000001,
510300,2022-11-30,3.554,3.567,3.583,3.551,4594858.0,,0.897867564534232,0.08417508417508736,0.0030000000000001137,
510300,2022-12-01,3.636,3.612,3.666,3.611,6354126.0,,1.5419119708438382,1.2615643397813268,0.04499999999999993,
510300,2022-12-02,3.611,3.589,3.62,3.587,10304210.0,,0.9136212624584694,-0.6367663344407567,-0.02300000000000013,
510300,2022-12-05,3.63,3.66,3.663,3.613,8761771.0,,1.3931457230426254,1.97826692672054,0.07100000000000017,
510300,2022-12-06,3.648,3.683,3.706,3.644,7658073.0,,1.6939890710382468,0.6284153005464396,0.022999999999999687,
510300,2022-12-07,3.676,3.671,3.722,3.656,6820751.0,,1.7920173771381984,-0.3258213412978553,-0.01200000000000001,
510300,2022-12-08,3.671,3.68,3.689,3.659,5094095.0,,0.8172160174339484,0.24516480523019182,0.009000000000000341,
510300,2022-12-09,3.679,3.714,3.725,3.664,6474552.0,,1.6576086956521723,0.9239130434782555,0.03399999999999981,
510300,2022-12-12,3.701,3.672,3.701,3.668,4668575.0,,0.8885298869143758,-1.1308562197092036,-0.041999999999999815,
510300,2022-12-13,3.674,3.661,3.684,3.656,3636743.0,,0.762527233115469,-0.29956427015250875,-0.01100000000000012,
510300,2022-12-14,3.666,3.671,3.689,3.651,6219074.0,,1.0379677683693052,0.2731494127287568,0.009999999999999787,
510300,2022-12-15,3.672,3.669,3.681,3.644,5307513.0,,1.0078997548351927,-0.05448106782892345,-0.0019999999999997797,
510300,2022-12-16,3.667,3.673,3.682,3.648,9083687.0,,0.9266830198964243,0.10902153175252122,0.0040000000000000036,
510300,2022-12-19,3.678,3.615,3.689,3.598,7451965.0,,2.4775387966240183,-1.5790906615845313,-0.05799999999999983,
510300,2022-12-20,3.601,3.552,3.604,3.529,8155655.0,,2.0746887966805025,-1.7427385892116227,-0.06300000000000017,
510300,2022-12-21,3.557,3.549,3.567,3.538,5230558.0,,0.8164414414414515,-0.08445945945946266,-0.0030000000000001137,
510300,2022-12-22,3.572,3.557,3.6,3.537,6878210.0,,1.7751479289940877,0.22541561003099486,0.008000000000000007,
510300,2022-12-23,3.54,3.547,3.568,3.528,10847910.0,,1.124543154343549,-0.281135788585881,-0.009999999999999787,
510300,2022-12-26,3.546,3.556,3.576,3.544,6511937.0,,0.9021708486044552,0.2537355511699999,0.008999999999999897,
510300,2022-12-27,3.596,3.603,3.609,3.575,5820488.0,,0.9561304836895334,1.3217097862767198,0.04700000000000015,
510300,2022-12-28,3.595,3.59,3.601,3.573,6492690.0,,0.7771301693033589,-0.3608104357479973,-0.013000000000000345,
510300,2022-12-29,3.575,3.578,3.589,3.552,7212710.0,,1.0306406685236749,-0.3342618384401117,-0.01200000000000001,
510300,2022-12-30,3.593,3.594,3.607,3.59,6302286.0,,0.47512576858581185,0.44717719396310834,0.016000000000000014,
510300,2023-01-03,3.593,3.605,3.617,3.546,6563108.0,,1.9755147468002277,0.30606566499722093,0.01100000000000012,
510300,2023-01-04,3.604,3.61,3.621,3.587,9807997.0,,0.9431345353675397,0.13869625520110662,0.004999999999999893,
510300,2023-01-05,3.631,3.685,3.691,3.628,7745023.0,,1.7451523545706296,2.077562326869811,0.07500000000000018,
510300,2023-01-06,3.686,3.701,3.718,3.682,5410808.0,,0.976933514246948,0.4341926729986435,0.016000000000000014,
510300,2023-01-09,3.721,3.726,3.742,3.708,7809599.0,,0.9186706295595733,0.6754931099702759,0.02499999999999991,
510300,2023-01-10,3.724,3.732,3.748,3.718,7442622.0,,0.8051529790660292,0.1610305958132106,0.006000000000000227,
510300,2023-01-11,3.733,3.732,3.761,3.725,5715114.0,,0.9646302250803866,0.0,0.0,
510300,2023-01-12,3.739,3.738,3.751,3.724,3255872.0,,0.723472668810281,0.16077170418005848,0.005999999999999783,
510300,2023-01-13,3.745,3.8,3.804,3.745,6559090.0,,1.5783841626538182,1.6586409844836767,0.06199999999999983,
510300,2023-01-16,3.805,3.863,3.904,3.803,17163759.0,,2.657894736842105,1.6578947368421095,0.06300000000000017,
510300,2023-01-17,3.863,3.859,3.872,3.842,6015131.0,,0.7765984985762311,-0.10354646647683158,-0.0040000000000000036,
510300,2023-01-18,3.866,3.85,3.872,3.846,4456901.0,,0.6737496760818813,-0.23322104172065036,-0.008999999999999897,
510300,2023-01-19,3.841,3.878,3.88,3.823,6074324.0,,1.480519480519479,0.7272727272727278,0.028000000000000025,
510300,2023-01-20,3.893,3.901,3.914,3.885,5700822.0,,0.7478081485301794,0.593089221248058,0.022999999999999687,
510300,2023-01-30,3.98,3.925,3.987,3.918,8013471.0,,1.768777236605997,0.6152268649064349,0.02400000000000002,
510300,2023-01-31,3.928,3.879,3.937,3.872,11392222.0,,1.6560509554140113,-1.171974522292989,-0.04599999999999982,
510300,2023-02-01,3.884,3.91,3.912,3.853,7156520.0,,1.5210105697344605,0.7991750451147238,0.03100000000000014,
510300,2023-02-02,3.922,3.9,3.925,3.883,10018528.0,,1.0741687979539596,-0.2557544757033307,-0.010000000000000231,
510300,2023-02-03,3.874,3.857,3.877,3.821,9600521.0,,1.435897435897426,-1.102564102564095,-0.042999999999999705,
510300,2023-02-06,3.823,3.8,3.824,3.778,7314597.0,,1.1926367643245999,-1.4778325123152807,-0.057000000000000384,
510300,2023-02-07,3.806,3.81,3.821,3.79,5539881.0,,0.8157894736842142,0.2631578947368482,0.010000000000000231,
510300,2023-02-08,3.812,3.793,3.829,3.785,4628713.0,,1.1548556430446204,-0.44619422572178224,-0.016999999999999904,
510300,2023-02-09,3.787,3.847,3.851,3.783,5958886.0,,1.7927761666227275,1.423675191141572,0.053999999999999826,
510300,2023-02-10,3.848,3.823,3.848,3.806,5205224.0,,1.0917598128411703,-0.6238627501949576,-0.02400000000000002,
510300,2023-02-13,3.81,3.855,3.861,3.803,8280101.0,,1.5171331415119087,0.8370389746272568,0.03200000000000003,
510300,2023-02-14,3.861,3.864,3.867,3.839,3326324.0,,0.7263294422827503,0.2334630350194526,0.008999999999999897,
510300,2023-02-15,3.861,3.836,3.874,3.828,6455068.0,,1.1904761904761973,-0.724637681159421,-0.028000000000000025,
510300,2023-02-16,3.84,3.807,3.888,3.782,7925101.0,,2.7632950990615193,-0.7559958289885275,-0.028999999999999915,
510300,2023-02-17,3.805,3.749,3.821,3.745,7433949.0,,1.996322563698452,-1.5235093249277603,-0.05799999999999983,
510300,2023-02-20,3.754,3.854,3.857,3.748,10495255.0,,2.9074419845292074,2.8007468658308876,0.10499999999999998,
510300,2023-02-21,3.854,3.859,3.87,3.834,5609025.0,,0.9340944473274527,0.12973533990658778,0.004999999999999893,
510300,2023-02-22,3.843,3.819,3.854,3.812,4529454.0,,1.088364861363054,-1.0365379632029033,-0.040000000000000036,
510300,2023-02-23,3.823,3.819,3.845,3.801,4655595.0,,1.1521340665095585,0.0,0.0,
510300,2023-02-24,3.818,3.78,3.818,3.76,8087762.0,,1.5187221785807874,-1.0212097407698388,-0.039000000000000146,
510300,2023-02-27,3.76,3.765,3.783,3.748,4569575.0,,0.925925925925918,-0.39682539682538837,-0.01499999999999968,
510300,2023-02-28,3.777,3.791,3.796,3.74,4845454.0,,1.4873837981407596,0.6905710491367809,0.0259999999999998,
510300,2023-03-01,3.787,3.84,3.856,3.78,11804810.0,,2.004748087575839,1.2925349512002093,0.04899999999999993,
510300,2023-03-02,3.83,3.835,3.854,3.827,4391329.0,,0.7031250000000036,-0.13020833333333057,-0.004999999999999893,
510300,2023-03-03,3.846,3.844,3.856,3.814,4201757.0,,1.0951760104302428,0.23468057366362183,0.008999999999999897,
510300,2023-03-06,3.845,3.819,3.847,3.8,9293025.0,,1.222684703433927,-0.6503642039542121,-0.02499999999999991,
510300,2023-03-07,3.815,3.762,3.838,3.759,6746494.0,,2.068604346687619,-1.4925373134328341,-0.05699999999999994,
510300,2023-03-08,3.75,3.746,3.755,3.73,4313154.0,,0.6645401382243464,-0.4253056884635836,-0.016000000000000014,
510300,2023-03-09,3.752,3.736,3.756,3.712,4079365.0,,1.1745862253069834,-0.26695141484249296,-0.009999999999999787,
510300,2023-03-10,3.71,3.681,3.724,3.679,4981129.0,,1.2044967880085753,-1.4721627408993618,-0.05500000000000016,
510300,2023-03-13,3.681,3.725,3.728,3.681,4674529.0,,1.2768269491985915,1.195327356696551,0.04400000000000004,
510300,2023-03-14,3.72,3.7,3.72,3.665,4635416.0,,1.4765100671140983,-0.671140939597313,-0.02499999999999991,
510300,2023-03-15,3.726,3.699,3.736,3.698,3933011.0,,1.0270270270270339,-0.027027027027036053,-0.001000000000000334,
510300,2023-03-16,3.68,3.653,3.699,3.65,4331438.0,,1.324682346580155,-1.2435793457691218,-0.04599999999999982,
510300,2023-03-17,3.68,3.674,3.724,3.655,11235012.0,,1.8888584724883763,0.574869969887761,0.020999999999999908,
510300,2023-03-20,3.674,3.652,3.696,3.646,5709548.0,,1.3609145345672364,-0.5988023952095753,-0.021999999999999797,
510300,2023-03-21,3.663,3.695,3.699,3.661,5567437.0,,1.0405257393209149,1.1774370208105067,0.042999999999999705,
510300,2023-03-22,3.705,3.713,3.729,3.699,5817562.0,,0.811907983761847,0.48714479025711066,0.018000000000000238,
510300,2023-03-23,3.7,3.751,3.752,3.698,5344729.0,,1.4543495825478003,1.0234311877188207,0.03799999999999981,
510300,2023-03-24,3.743,3.746,3.754,3.734,2548953.0,,0.5331911490269267,-0.1332977872567287,-0.004999999999999893,
510300,2023-03-27,3.745,3.725,3.745,3.704,4912547.0,,1.0945008008542425,-0.5605979711692448,-0.020999999999999908,
510300,2023-03-28,3.726,3.717,3.738,3.71,5072061.0,,0.751677852348994,-0.21476510067114113,-0.008000000000000007,
510300,2023-03-29,3.738,3.717,3.739,3.711,6163363.0,,0.7532956685499065,0.0,0.0,
510300,2023-03-30,3.718,3.76,3.761,3.701,5572070.0,,1.6142050040355138,1.156846919558776,0.042999999999999705,
510300,2023-03-31,3.765,3.77,3.783,3.759,6711625.0,,0.6382978723404261,0.2659574468085168,0.010000000000000231,
510300,2023-04-03,3.77,3.8,3.811,3.765,5513397.0,,1.2201591511936292,0.795755968169756,0.029999999999999805,
510300,2023-04-04,3.8,3.82,3.822,3.792,4803087.0,,0.789473684210533,0.5263157894736847,0.020000000000000018,
510300,2023-04-06,3.805,3.808,3.813,3.793,3782868.0,,0.5235602094240842,-0.31413612565445054,-0.01200000000000001,
510300,2023-04-07,3.808,3.837,3.849,3.806,3295857.0,,1.129201680672273,0.7615546218487489,0.02900000000000036,
510300,2023-04-10,3.848,3.822,3.849,3.818,4743616.0,,0.8079228563982312,-0.39093041438624243,-0.015000000000000124,
510300,2023-04-11,3.825,3.812,3.832,3.798,5359550.0,,0.8895866038723131,-0.26164311878598195,-0.010000000000000231,
510300,2023-04-12,3.813,3.808,3.818,3.8,3358337.0,,0.47219307450158027,-0.1049317943336832,-0.0040000000000000036,
510300,2023-04-13,3.799,3.783,3.805,3.777,4021907.0,,0.7352941176470595,-0.6565126050420145,-0.02499999999999991,
510300,2023-04-14,3.795,3.804,3.814,3.791,4560326.0,,0.6079830822098898,0.5551149881046764,0.020999999999999908,
510300,2023-04-17,3.801,3.865,3.867,3.8,6325480.0,,1.7613038906414347,1.6035751840168346,0.06100000000000039,
510300,2023-04-18,3.864,3.872,3.883,3.856,4160543.0,,0.6985769728331211,0.1811125485122813,0.006999999999999673,
510300,2023-04-19,3.874,3.839,3.874,3.835,4085730.0,,1.0072314049586815,-0.8522727272727251,-0.03299999999999992,
510300,2023-04-20,3.838,3.823,3.842,3.81,6073086.0,,0.8335504037509776,-0.4167752018754888,-0.016000000000000014,
510300,2023-04-21,3.823,3.75,3.826,3.744,6836486.0,,2.14491237248234,-1.9094951608684267,-0.07299999999999995,
510300,2023-04-24,3.749,3.699,3.752,3.683,5940937.0,,1.8399999999999985,-1.360000000000004,-0.051000000000000156,
510300,2023-04-25,3.7,3.68,3.708,3.644,9664268.0,,1.7301973506353086,-0.5136523384698481,-0.018999999999999684,
510300,2023-04-26,3.678,3.671,3.69,3.654,9034653.0,,0.9782608695652182,-0.2445652173913136,-0.009000000000000341,
510300,2023-04-27,3.668,3.706,3.72,3.66,4677697.0,,1.634432034867885,0.9534186870062692,0.03500000000000014,
510300,2023-04-28,3.717,3.745,3.75,3.711,4518062.0,,1.0523475445224002,1.0523475445224002,0.039000000000000146,
510300,2023-05-04,3.733,3.745,3.747,3.716,3378611.0,,0.8277703604806328,0.0,0.0,
510300,2023-05-05,3.746,3.729,3.758,3.709,3379499.0,,1.3084112149532692,-0.4272363150867827,-0.016000000000000014,
510300,2023-05-08,3.736,3.774,3.784,3.731,6848152.0,,1.421292571735048,1.2067578439259836,0.04499999999999993,
510300,2023-05-09,3.779,3.739,3.805,3.739,5668907.0,,1.7488076311605798,-0.9273979862215194,-0.03500000000000014,
510300,2023-05-10,3.737,3.708,3.739,3.7,9165933.0,,1.0430596416153972,-0.82909868948916,-0.030999999999999694,
510300,2023-05-11,3.718,3.703,3.728,3.7,3216150.0,,0.7551240560949305,-0.1348435814455323,-0.0050000000000003375,
510300,2023-05-12,3.702,3.652,3.716,3.65,5187745.0,,1.782338644342433,-1.3772616797191388,-0.05099999999999971,
510300,2023-05-15,3.654,3.715,3.716,3.643,8107574.0,,1.9989047097480939,1.725082146768886,0.06299999999999972,
510300,2023-05-16,3.714,3.698,3.72,3.682,4068203.0,,1.0228802153432102,-0.457604306864062,-0.016999999999999904,
510300,2023-05-17,3.691,3.671,3.702,3.661,6405805.0,,1.10870740941049,-0.7301243915630107,-0.027000000000000135,
510300,2023-05-18,3.678,3.67,3.698,3.651,7006002.0,,1.2803050939798464,-0.027240533914461726,-0.0009999999999998899,
510300,2023-05-19,3.66,3.664,3.686,3.642,3417126.0,,1.1989100817438703,-0.16348773841961262,-0.005999999999999783,
510300,2023-05-22,3.663,3.684,3.705,3.65,5003757.0,,1.501091703056773,0.54585152838428,0.020000000000000018,
510300,2023-05-23,3.687,3.627,3.691,3.626,6117573.0,,1.7643865363735054,-1.5472312703583166,-0.057000000000000384,
510300,2023-05-24,3.622,3.574,3.623,3.572,7672776.0,,1.406120760959475,-1.4612627515853305,-0.052999999999999936,
510300,2023-05-25,3.568,3.565,3.578,3.532,4918567.0,,1.2870733072187974,-0.2518186905428063,-0.008999999999999897,
510300,2023-05-26,3.563,3.57,3.581,3.533,4462037.0,,1.3464235624123435,0.1402524544179493,0.004999999999999893,
510300,2023-05-29,3.578,3.554,3.59,3.539,4030135.0,,1.4285714285714206,-0.4481792717086839,-0.016000000000000014,
510300,2023-05-30,3.546,3.558,3.567,3.51,5720979.0,,1.6038266741699603,0.11254924029262814,0.0040000000000000036,
510300,2023-05-31,3.548,3.522,3.548,3.505,7338757.0,,1.2085441259134388,-1.011804384485667,-0.03600000000000003,
510300,2023-06-01,3.519,3.53,3.56,3.514,6749757.0,,1.3060760931289117,0.2271436683702444,0.008000000000000007,
510300,2023-06-02,3.55,3.583,3.593,3.55,6929781.0,,1.218130311614735,1.5014164305949116,0.05300000000000038,
510300,2023-06-05,3.577,3.565,3.581,3.555,3611549.0,,0.7256488975718616,-0.502372313703607,-0.018000000000000238,
510300,2023-06-06,3.566,3.528,3.594,3.524,4115697.0,,1.963534361851328,-1.037868162692845,-0.03699999999999992,
510300,2023-06-07,3.54,3.516,3.547,3.503,3721767.0,,1.2471655328798197,-0.340136054421769,-0.01200000000000001,
510300,2023-06-08,3.516,3.548,3.563,3.503,3834889.0,,1.7064846416382267,0.9101251422070543,0.03200000000000003,
510300,2023-06-09,3.549,3.564,3.567,3.542,5270689.0,,0.7046223224351847,0.45095828635851226,0.016000000000000014,
510300,2023-06-12,3.56,3.568,3.59,3.545,4596593.0,,1.2626262626262608,0.112233445566779,0.0040000000000000036,
510300,2023-06-13,3.56,3.597,3.6,3.557,3503880.0,,1.2051569506726498,0.8127802690582936,0.028999999999999915,
510300,2023-06-14,3.599,3.597,3.624,3.595,4441136.0,,0.8062274117319965,0.0,0.0,
510300,2023-06-15,3.606,3.662,3.663,3.6,5084305.0,,1.7514595496246794,1.8070614400889615,0.06499999999999995,
510300,2023-06-16,3.669,3.699,3.708,3.669,6021488.0,,1.0649918077553289,1.0103768432550497,0.03699999999999992,
510300,2023-06-19,3.699,3.669,3.699,3.664,4003074.0,,0.9462016761286752,-0.8110300081102948,-0.029999999999999805,
510300,2023-06-20,3.661,3.662,3.679,3.656,3538923.0,,0.626873807576988,-0.19078768056691517,-0.007000000000000117,
510300,2023-06-21,3.655,3.607,3.659,3.605,4893537.0,,1.4746040415073682,-1.5019115237575018,-0.054999999999999716,
510300,2023-06-26,3.586,3.563,3.59,3.551,6404956.0,,1.081230939839193,-1.2198502911006386,-0.04400000000000004,
510300,2023-06-27,3.562,3.589,3.599,3.555,3971021.0,,1.234914397979232,0.7297221442604491,0.0259999999999998,
510300,2023-06-28,3.583,3.597,3.598,3.557,4627456.0,,1.1423794928949547,0.22290331568682104,0.008000000000000007,
510300,2023-06-29,3.597,3.579,3.599,3.567,3002626.0,,0.8896302474284132,-0.5004170141784763,-0.017999999999999794,
510300,2023-06-30,3.578,3.602,3.62,3.573,5299183.0,,1.3132159821179143,0.6426376082704579,0.022999999999999687,
510300,2023-07-03,3.61,3.647,3.659,3.608,4739097.0,,1.4158800666296423,1.249305941143807,0.04499999999999993,
510300,2023-07-04,3.645,3.654,3.656,3.639,2521213.0,,0.46613655058953524,0.19193857965451377,0.007000000000000117,
510300,2023-07-05,3.648,3.627,3.654,3.621,2712152.0,,0.9031198686371079,-0.7389162561576391,-0.027000000000000135,
510300,2023-07-06,3.62,3.599,3.64,3.594,3467439.0,,1.268265784394824,-0.7719878687620507,-0.02799999999999958,
510300,2023-07-07,3.595,3.588,3.604,3.579,3022777.0,,0.6946373992775746,-0.30564045568213727,-0.01100000000000012,
510300,2023-07-10,3.606,3.604,3.63,3.592,4284868.0,,1.059085841694532,0.44593088071348985,0.016000000000000014,
510300,2023-07-11,3.617,3.63,3.635,3.607,5874389.0,,0.7769145394006542,0.7214206437291842,0.0259999999999998,
510300,2023-07-12,3.634,3.611,3.64,3.601,3894108.0,,1.0743801652892602,-0.5234159779614238,-0.018999999999999684,
510300,2023-07-13,3.63,3.674,3.677,3.63,5722866.0,,1.3015785101080075,1.7446690667405074,0.06299999999999972,
510300,2023-07-14,3.68,3.672,3.684,3.67,3632621.0,,0.38105606967883054,-0.054436581382683175,-0.0019999999999997797,
510300,2023-07-17,3.666,3.644,3.666,3.628,4486126.0,,1.0348583877995592,-0.762527233115469,-0.028000000000000025,
510300,2023-07-18,3.645,3.638,3.652,3.625,2666707.0,,0.7409440175631211,-0.16465422612514347,-0.006000000000000227,
510300,2023-07-19,3.63,3.636,3.644,3.615,5012407.0,,0.7971412864211082,-0.05497526113248432,-0.0019999999999997797,
510300,2023-07-20,3.643,3.608,3.662,3.601,8715071.0,,1.677667766776676,-0.7700770077007707,-0.028000000000000025,
510300,2023-07-21,3.608,3.61,3.637,3.595,7272501.0,,1.1640798226164029,0.055432372505537134,0.0019999999999997797,
510300,2023-07-24,3.59,3.593,3.617,3.584,4549820.0,,0.9141274238227125,-0.47091412742382005,-0.016999999999999904,
510300,2023-07-25,3.64,3.705,3.706,3.64,11409824.0,,1.8369050932368447,3.117172279432232,0.1120000000000001,
510300,2023-07-26,3.7,3.696,3.702,3.681,5880386.0,,0.566801619433196,-0.24291497975708226,-0.008999999999999897,
510300,2023-07-27,3.705,3.692,3.718,3.68,6024658.0,,1.028138528138523,-0.10822510822510831,-0.0040000000000000036,
510300,2023-07-28,3.673,3.788,3.795,3.673,14964884.0,,3.3044420368363996,2.6002166847237174,0.09599999999999964,
510300,2023-07-31,3.82,3.804,3.861,3.794,17906350.0,,1.768743400211198,0.4223864836325242,0.016000000000000014,
510300,2023-08-01,3.8,3.786,3.825,3.775,11359816.0,,1.3144058885383878,-0.47318611987381165,-0.017999999999999794,
510300,2023-08-02,3.779,3.757,3.8,3.746,7894398.0,,1.4263074484944487,-0.7659799260433152,-0.028999999999999915,
510300,2023-08-03,3.751,3.793,3.795,3.751,7379311.0,,1.1711471919084386,0.958211338834177,0.03600000000000003,
510300,2023-08-04,3.835,3.814,3.852,3.8,14223575.0,,1.3709464803585565,0.5536514632217218,0.020999999999999908,
510300,2023-08-07,3.796,3.783,3.796,3.769,12814224.0,,0.7079181961195514,-0.8127949659150535,-0.03100000000000014,
510300,2023-08-08,3.768,3.768,3.795,3.755,11165791.0,,1.057361882104151,-0.39651070578905956,-0.015000000000000124,
510300,2023-08-09,3.758,3.76,3.775,3.754,13325079.0,,0.5573248407643289,-0.21231422505307876,-0.008000000000000007,
510300,2023-08-10,3.758,3.765,3.77,3.734,9382509.0,,0.9574468085106391,0.13297872340426428,0.0050000000000003375,
510300,2023-08-11,3.765,3.67,3.768,3.668,12885598.0,,2.6560424966799374,-2.5232403718459544,-0.0950000000000002,
510300,2023-08-14,3.639,3.643,3.652,3.604,10386003.0,,1.3079019073569496,-0.735694822888287,-0.027000000000000135,
510300,2023-08-15,3.647,3.639,3.655,3.601,8165194.0,,1.4822948119681534,-0.10979961570134515,-0.0040000000000000036,
510300,2023-08-16,3.622,3.609,3.642,3.607,8558495.0,,0.9618026930475323,-0.8244023083264581,-0.029999999999999805,
510300,2023-08-17,3.591,3.622,3.629,3.575,11561183.0,,1.4962593516209428,0.36021058464948463,0.0129999999999999,
510300,2023-08-18,3.624,3.572,3.634,3.571,12755465.0,,1.7393705135284296,-1.380452788514628,-0.04999999999999982,
510300,2023-08-21,3.563,3.52,3.574,3.517,11009244.0,,1.595744680851062,-1.4557670772676385,-0.052000000000000046,
510300,2023-08-22,3.538,3.543,3.561,3.492,13315289.0,,1.9602272727272714,0.6534090909090947,0.02300000000000013,
510300,2023-08-23,3.53,3.488,3.541,3.479,10824197.0,,1.7499294383290949,-1.5523567598080767,-0.05500000000000016,
510300,2023-08-24,3.495,3.511,3.54,3.492,9526548.0,,1.376146788990827,0.6594036697247744,0.02300000000000013,
510300,2023-08-25,3.496,3.504,3.529,3.488,11745355.0,,1.1677584733694082,-0.19937339789234168,-0.007000000000000117,
510300,2023-08-28,3.731,3.557,3.731,3.53,28220118.0,,5.736301369863016,1.512557077625569,0.052999999999999936,
510300,2023-08-29,3.54,3.579,3.608,3.538,21940525.0,,1.9679505201012168,0.6184987348889581,0.02200000000000024,
510300,2023-08-30,3.584,3.578,3.604,3.57,10361323.0,,0.9499860296172185,-0.02794076557698614,-0.001000000000000334,
510300,2023-08-31,3.578,3.559,3.585,3.55,8384688.0,,0.9782001117943026,-0.5310229178311818,-0.018999999999999684,
510300,2023-09-01,3.577,3.582,3.6,3.57,7926925.0,,0.8429334082607545,0.6462489463332308,0.022999999999999687,
510300,2023-09-04,3.61,3.64,3.65,3.594,11855233.0,,1.5633724176437758,1.6192071468453455,0.058000000000000274,
510300,2023-09-05,3.63,3.613,3.632,3.605,6297701.0,,0.7417582417582455,-0.7417582417582455,-0.027000000000000135,
510300,2023-09-06,3.6,3.603,3.613,3.586,7151761.0,,0.7473014115693367,-0.27677830058122854,-0.009999999999999787,
510300,2023-09-07,3.595,3.55,3.596,3.546,9410350.0,,1.3877324451845756,-1.470996391895653,-0.05300000000000038,
510300,2023-09-08,3.535,3.529,3.548,3.516,8186358.0,,0.9014084507042263,-0.5915492957746453,-0.020999999999999908,
510300,2023-09-11,3.53,3.557,3.581,3.523,8166508.0,,1.6435250779257533,0.7934258996882977,0.028000000000000025,
510300,2023-09-12,3.554,3.552,3.566,3.545,5949369.0,,0.5903851560303601,-0.1405678942929405,-0.004999999999999893,
510300,2023-09-13,3.551,3.527,3.562,3.507,10321331.0,,1.5484234234234153,-0.7038288288288264,-0.02499999999999991,
510300,2023-09-14,3.526,3.524,3.538,3.505,9282830.0,,0.9356393535582624,-0.08505812305075457,-0.0030000000000001137,
510300,2023-09-15,3.531,3.507,3.538,3.489,11906221.0,,1.3904653802497142,-0.48240635641316415,-0.016999999999999904,
510300,2023-09-18,3.498,3.52,3.531,3.484,9859264.0,,1.3401767892785899,0.3706871970344996,0.0129999999999999,
510300,2023-09-19,3.516,3.515,3.518,3.492,7270063.0,,0.738636363636358,-0.1420454545454515,-0.004999999999999893,
510300,2023-09-20,3.505,3.497,3.513,3.497,6341355.0,,0.45519203413940296,-0.5120910384068346,-0.018000000000000238,
510300,2023-09-21,3.489,3.462,3.503,3.461,8991970.0,,1.2010294538175652,-1.0008578781812896,-0.0349999999999997,
510300,2023-09-22,3.456,3.537,3.538,3.455,12471166.0,,2.397458116695544,2.166377816291153,0.07499999999999973,
510300,2023-09-25,3.526,3.509,3.529,3.502,7009057.0,,0.763358778625958,-0.7916313259824717,-0.028000000000000025,
510300,2023-09-26,3.506,3.488,3.517,3.486,8629085.0,,0.8834425762325362,-0.5984611000284955,-0.020999999999999908,
510300,2023-09-27,3.487,3.498,3.525,3.486,10780540.0,,1.1181192660550372,0.2866972477064286,0.010000000000000231,
510300,2023-09-28,3.505,3.484,3.511,3.476,11206124.0,,1.0005717552887405,-0.40022870211550127,-0.014000000000000234,
510300,2023-10-09,3.477,3.474,3.488,3.433,8752131.0,,1.578645235361658,-0.28702640642938543,-0.009999999999999787,
510300,2023-10-10,3.486,3.447,3.498,3.444,9279324.0,,1.5544041450777277,-0.7772020725388639,-0.027000000000000135,
510300,2023-10-11,3.465,3.455,3.482,3.447,8934987.0,,1.015375689004936,0.23208587177255602,0.008000000000000007,
510300,2023-10-12,3.49,3.491,3.505,3.472,9335216.0,,0.9551374819102726,1.0419681620839374,0.03600000000000003,
510300,2023-10-13,3.47,3.456,3.471,3.444,11350953.0,,0.7734173589229486,-1.0025780578630805,-0.03500000000000014,
510300,2023-10-16,3.456,3.413,3.458,3.402,11389806.0,,1.6203703703703716,-1.2442129629629672,-0.04300000000000015,
510300,2023-10-17,3.42,3.425,3.433,3.407,8880603.0,,0.7617931438616995,0.35159683562847965,0.01200000000000001,
510300,2023-10-18,3.419,3.397,3.423,3.395,8102706.0,,0.8175182481751833,-0.8175182481751833,-0.028000000000000025,
510300,2023-10-19,3.38,3.32,3.38,3.315,16903688.0,,1.9134530468060038,-2.2667059169855746,-0.07699999999999996,
510300,2023-10-20,3.303,3.302,3.32,3.285,17404462.0,,1.0542168674698704,-0.542168674698789,-0.017999999999999794,
510300,2023-10-23,3.288,3.264,3.29,3.232,27102417.0,,1.756511205330098,-1.1508176862507649,-0.038000000000000256,
510300,2023-10-24,3.273,3.269,3.283,3.24,15350130.0,,1.3174019607843046,0.15318627450981426,0.0050000000000003375,
510300,2023-10-25,3.308,3.289,3.323,3.287,13833516.0,,1.1012542061792605,0.6118078923218114,0.020000000000000018,
510300,2023-10-26,3.275,3.302,3.306,3.268,11436095.0,,1.1553663727576848,0.39525691699604437,0.0129999999999999,
510300,2023-10-27,3.294,3.356,3.369,3.285,16476624.0,,2.5439127801332546,1.6353725015142286,0.053999999999999826,
510300,2023-10-30,3.342,3.372,3.383,3.34,9614014.0,,1.281287246722293,0.4767580452920147,0.016000000000000014,
510300,2023-10-31,3.365,3.364,3.37,3.342,8396600.0,,0.8303677342823258,-0.23724792408066453,-0.008000000000000007,
510300,2023-11-01,3.4,3.362,3.4,3.352,8119834.0,,1.4268727705112974,-0.05945303210463079,-0.0019999999999997797,
510300,2023-11-02,3.368,3.345,3.389,3.344,10753816.0,,1.3384889946460419,-0.5056513979773916,-0.016999999999999904,
510300,2023-11-03,3.351,3.373,3.388,3.35,10578227.0,,1.1360239162929688,0.8370702541106136,0.028000000000000025,
510300,2023-11-06,3.395,3.421,3.425,3.394,11766496.0,,0.9190631485324545,1.423065520308319,0.0479999999999996,
510300,2023-11-07,3.412,3.41,3.421,3.396,6575291.0,,0.7307804735457444,-0.3215434083601192,-0.010999999999999677,
510300,2023-11-08,3.403,3.399,3.416,3.378,11353212.0,,1.11436950146627,-0.3225806451612938,-0.01100000000000012,
510300,2023-11-09,3.391,3.402,3.415,3.389,8185694.0,,0.7649308620182479,0.08826125330980034,0.0030000000000001137,
510300,2023-11-10,3.388,3.375,3.388,3.363,7841768.0,,0.7348618459729545,-0.7936507936507976,-0.027000000000000135,
510300,2023-11-13,3.379,3.37,3.386,3.35,6744633.0,,1.0666666666666678,-0.148148148148145,-0.004999999999999893,
510300,2023-11-14,3.374,3.37,3.39,3.355,7533172.0,,1.0385756676557905,0.0,0.0,
510300,2023-11-15,3.4,3.395,3.411,3.383,9940631.0,,0.8308605341246299,0.7418397626112733,0.02499999999999991,
510300,2023-11-16,3.39,3.359,3.393,3.357,8815567.0,,1.060382916053007,-1.06038291605302,-0.03600000000000003,
510300,2023-11-17,3.35,3.354,3.358,3.332,11984509.0,,0.774039892825253,-0.1488538255433133,-0.004999999999999893,
510300,2023-11-20,3.357,3.365,3.377,3.33,8584304.0,,1.4013118664281368,0.3279666070363781,0.01100000000000012,
510300,2023-11-21,3.375,3.37,3.406,3.36,9316055.0,,1.3670133729569172,0.14858841010400872,0.004999999999999893,
510300,2023-11-22,3.361,3.331,3.366,3.33,7622027.0,,1.0682492581602383,-1.157270029673595,-0.039000000000000146,
510300,2023-11-23,3.329,3.35,3.352,3.315,7749718.0,,1.1107775442809944,0.5703992794956508,0.019000000000000128,
510300,2023-11-24,3.346,3.325,3.347,3.318,7434533.0,,0.8656716417910422,-0.7462686567164152,-0.02499999999999991,
510300,2023-11-27,3.324,3.301,3.324,3.277,7762956.0,,1.4135338345864574,-0.7218045112781961,-0.02400000000000002,
510300,2023-11-28,3.295,3.305,3.31,3.286,7274837.0,,0.7270524083611033,0.12117540139351722,0.0040000000000000036,
510300,2023-11-29,3.306,3.278,3.309,3.265,7590570.0,,1.3313161875945547,-0.8169440242057529,-0.027000000000000135,
510300,2023-11-30,3.274,3.282,3.292,3.267,6678101.0,,0.7626601586333103,0.12202562538133019,0.0040000000000000036,
510300,2023-12-01,3.281,3.268,3.287,3.239,8604681.0,,1.4625228519195625,-0.42656916514321247,-0.014000000000000234,
510300,2023-12-04,3.271,3.244,3.274,3.243,6925230.0,,0.9485924112607143,-0.7343941248469883,-0.023999999999999577,
510300,2023-12-05,3.239,3.178,3.239,3.177,10087896.0,,1.9112207151664558,-2.034525277435274,-0.06600000000000028,
510300,2023-12-06,3.174,3.183,3.203,3.164,10019449.0,,1.227186910006284,0.1573316551290086,0.004999999999999893,
510300,2023-12-07,3.181,3.174,3.188,3.151,9345058.0,,1.1624253848570647,-0.28275212064090155,-0.008999999999999897,
510300,2023-12-08,3.175,3.181,3.193,3.17,7091986.0,,0.7246376811594245,0.22054190296156637,0.007000000000000117,
510300,2023-12-11,3.16,3.205,3.217,3.135,9982478.0,,2.5778057214712446,0.7544797233574354,0.02400000000000002,
510300,2023-12-12,3.196,3.213,3.215,3.193,6407242.0,,0.6864274570982776,0.2496099843993762,0.008000000000000007,
510300,2023-12-13,3.202,3.155,3.206,3.152,7088152.0,,1.6806722689075575,-1.8051665110488724,-0.058000000000000274,
510300,2023-12-14,3.171,3.139,3.185,3.134,7415331.0,,1.6164817749603853,-0.5071315372424727,-0.016000000000000014,
510300,2023-12-15,3.15,3.132,3.174,3.125,8999768.0,,1.5610066900286694,-0.22300095571837125,-0.006999999999999673,
510300,2023-12-18,3.118,3.118,3.139,3.1,8473038.0,,1.245210727969339,-0.4469987228607993,-0.014000000000000234,
510300,2023-12-19,3.117,3.12,3.134,3.1,10985366.0,,1.0904425914047406,0.06414368184734522,0.002000000000000224,
510300,2023-12-20,3.124,3.089,3.129,3.085,10347176.0,,1.4102564102564115,-0.993589743589748,-0.03100000000000014,
510300,2023-12-21,3.075,3.12,3.131,3.072,15924481.0,,1.9100032372936135,1.0035610229847893,0.03100000000000014,
510300,2023-12-22,3.117,3.126,3.15,3.102,20765265.0,,1.5384615384615397,0.19230769230768535,0.005999999999999783,
510300,2023-12-25,3.125,3.135,3.14,3.121,10041465.0,,0.6078055022392875,0.28790786948176256,0.008999999999999897,
510300,2023-12-26,3.133,3.115,3.133,3.105,7771693.0,,0.8931419457735256,-0.6379585326953613,-0.019999999999999574,
510300,2023-12-27,3.116,3.125,3.131,3.098,8361725.0,,1.0593900481540903,0.3210272873194153,0.009999999999999787,
510300,2023-12-28,3.121,3.209,3.218,3.12,23832992.0,,3.1359999999999957,2.6880000000000024,0.08400000000000007,
510300,2023-12-29,3.208,3.219,3.225,3.202,25188735.0,,0.716734185104398,0.3116235587410342,0.009999999999999787,
510300,2024-01-02,3.222,3.173,3.222,3.171,9429306.0,,1.5843429636533135,-1.4290152221186647,-0.04599999999999982,
510300,2024-01-03,3.166,3.163,3.18,3.148,10617503.0,,1.0085092971950844,-0.3151591553734709,-0.010000000000000231,
510300,2024-01-04,3.162,3.133,3.162,3.107,16661525.0,,1.738855516914313,-0.948466645589624,-0.029999999999999805,
510300,2024-01-05,3.124,3.116,3.159,3.097,16996697.0,,1.9789339291413928,-0.5426109160548964,-0.016999999999999904,
510300,2024-01-08,3.109,3.069,3.123,3.066,17304244.0,,1.8292682926829391,-1.5083440308087341,-0.04700000000000015,
510300,2024-01-09,3.071,3.077,3.091,3.059,11312178.0,,1.0426849136526564,0.2606712284131641,0.008000000000000007,
510300,2024-01-10,3.07,3.061,3.101,3.052,9582541.0,,1.5924601884952854,-0.5199870003249923,-0.016000000000000014,
510300,2024-01-11,3.061,3.08,3.1,3.054,12662372.0,,1.502776870303831,0.6207121855602786,0.019000000000000128,
510300,2024-01-12,3.071,3.069,3.097,3.066,8413273.0,,1.006493506493511,-0.35714285714286104,-0.01100000000000012,
510300,2024-01-15,3.05,3.065,3.095,3.044,9055706.0,,1.661779081133925,-0.13033561420658205,-0.0040000000000000036,
510300,2024-01-16,3.06,3.087,3.088,3.046,17689524.0,,1.3703099510603673,0.7177814029363864,0.02200000000000024,
510300,2024-01-17,3.077,3.012,3.077,3.01,12862152.0,,2.170391966310339,-2.429543245869782,-0.07500000000000018,
510300,2024-01-18,3.007,3.057,3.064,2.955,47543511.0,,3.618857901726427,1.4940239043824677,0.04499999999999993,
510300,2024-01-19,3.038,3.064,3.074,3.031,36944521.0,,1.4066077854105237,0.22898266274125342,0.007000000000000117,
510300,2024-01-22,3.054,2.995,3.064,2.982,46470565.0,,2.6762402088772794,-2.2519582245430794,-0.06899999999999995,
510300,2024-01-23,2.988,3.017,3.036,2.975,13924804.0,,2.036727879799664,0.7345575959933154,0.021999999999999797,
510300,2024-01-24,3.028,3.068,3.069,2.977,22789369.0,,3.0493868080875073,1.6904209479615566,0.051000000000000156,
510300,2024-01-25,3.059,3.124,3.129,3.05,16487014.0,,2.5749674054758858,1.8252933507170812,0.05600000000000005,
510300,2024-01-26,3.117,3.118,3.139,3.101,21833051.0,,1.2163892445582527,-0.19206145966710075,-0.006000000000000227,
510300,2024-01-29,3.12,3.088,3.134,3.087,10113930.0,,1.5073765234124346,-0.9621552277100643,-0.029999999999999805,
510300,2024-01-30,3.07,3.032,3.087,3.03,18892623.0,,1.8458549222798053,-1.8134715025906751,-0.05600000000000005,
510300,2024-01-31,3.022,3.011,3.038,2.986,19090997.0,,1.7150395778363983,-0.6926121372031632,-0.020999999999999908,
510300,2024-02-01,2.989,3.007,3.037,2.979,18909976.0,,1.9262703420790377,-0.13284623048821,-0.0040000000000000036,
510300,2024-02-02,3.007,2.977,3.021,2.891,25386942.0,,4.323245759893577,-0.9976720984369886,-0.03000000000000025,
510300,2024-02-05,2.947,2.997,3.023,2.9,26601787.0,,4.131676184077938,0.6718172657037292,0.020000000000000018,
510300,2024-02-06,2.974,3.1,3.103,2.971,20089182.0,,4.404404404404408,3.4367701034367775,0.1030000000000002,
510300,2024-02-07,3.099,3.129,3.131,3.076,34658147.0,,1.7741935483870874,0.9354838709677392,0.028999999999999915,
510300,2024-02-08,3.141,3.151,3.155,3.122,23942620.0,,1.0546500479386358,0.7031000319590859,0.021999999999999797,
510300,2024-02-19,3.163,3.178,3.181,3.144,14861876.0,,1.1742304030466495,0.8568708346556693,0.027000000000000135,
510300,2024-02-20,3.172,3.19,3.194,3.161,9801668.0,,1.0383889238514763,0.37759597230962905,0.01200000000000001,
510300,2024-02-21,3.177,3.238,3.285,3.171,16009581.0,,3.5736677115987563,1.5047021943573682,0.04800000000000004,
510300,2024-02-22,3.236,3.264,3.266,3.23,9446351.0,,1.1117974058060542,0.8029647930821433,0.0259999999999998,
510300,2024-02-23,3.264,3.267,3.286,3.253,10908774.0,,1.0110294117647034,0.09191176470588584,0.0030000000000001137,
510300,2024-02-26,3.265,3.232,3.271,3.226,11172368.0,,1.377410468319557,-1.0713192531374256,-0.0349999999999997,
510300,2024-02-27,3.224,3.273,3.275,3.222,10468849.0,,1.6398514851485129,1.2685643564356412,0.040999999999999925,
510300,2024-02-28,3.276,3.237,3.303,3.235,28549979.0,,2.077604644057441,-1.0999083409715866,-0.03600000000000003,
510300,2024-02-29,3.229,3.292,3.296,3.226,14835850.0,,2.1624961383997476,1.699104108742654,0.054999999999999716,
510300,2024-03-01,3.29,3.319,3.329,3.284,12256393.0,,1.3669501822600356,0.8201701093560188,0.027000000000000135,
510300,2024-03-04,3.315,3.316,3.326,3.297,10146550.0,,0.8737571557698076,-0.09038867128653552,-0.0030000000000001137,
510300,2024-03-05,3.304,3.345,3.355,3.297,27991019.0,,1.7490952955367862,0.8745476477684064,0.02900000000000036,
510300,2024-03-06,3.34,3.331,3.361,3.327,12995274.0,,1.0164424514200374,-0.4185351270553134,-0.014000000000000234,
510300,2024-03-07,3.33,3.312,3.349,3.304,10589480.0,,1.3509456619633855,-0.5703992794956508,-0.019000000000000128,
510300,2024-03-08,3.314,3.322,3.329,3.293,8621877.0,,1.0869565217391315,0.30193236714976546,0.010000000000000231,
510300,2024-03-11,3.32,3.37,3.373,3.319,11207615.0,,1.6255267910897133,1.4449127031908502,0.04800000000000004,
510300,2024-03-12,3.372,3.375,3.388,3.357,11058396.0,,0.9198813056379731,0.14836795252225204,0.004999999999999893,
510300,2024-03-13,3.374,3.354,3.374,3.344,6858706.0,,0.8888888888888962,-0.6222222222222195,-0.020999999999999908,
510300,2024-03-14,3.349,3.341,3.376,3.324,7018811.0,,1.5503875968992262,-0.3875968992248032,-0.0129999999999999,
510300,2024-03-15,3.331,3.35,3.355,3.311,8490238.0,,1.3169709667764153,0.2693804250224453,0.008999999999999897,
510300,2024-03-18,3.35,3.381,3.382,3.35,7873329.0,,0.9552238805970158,0.9253731343283491,0.030999999999999694,
510300,2024-03-19,3.375,3.358,3.389,3.354,6548752.0,,1.0351966873705916,-0.6802721088435282,-0.022999999999999687,
510300,2024-03-20,3.35,3.361,3.371,3.347,5379620.0,,0.7147111375818945,0.08933889219774013,0.0030000000000001137,
510300,2024-03-21,3.369,3.359,3.383,3.354,6197332.0,,0.8628384409401937,-0.05950609937519261,-0.002000000000000224,
510300,2024-03-22,3.356,3.328,3.357,3.301,14506378.0,,1.6671628460851458,-0.9228937183685662,-0.03100000000000014,
510300,2024-03-25,3.319,3.309,3.344,3.306,6305427.0,,1.1418269230769174,-0.570913461538452,-0.018999999999999684,
510300,2024-03-26,3.309,3.32,3.327,3.301,8791033.0,,0.7857358718646056,0.3324267150196336,0.010999999999999677,
510300,2024-03-27,3.315,3.282,3.321,3.281,8746475.0,,1.204819277108435,-1.1445783132530065,-0.03799999999999981,
510300,2024-03-28,3.28,3.299,3.333,3.27,10319251.0,,1.919561243144429,0.5179768433881751,0.016999999999999904,
510300,2024-03-29,3.296,3.315,3.319,3.294,6511959.0,,0.7578053955744137,0.484995453167627,0.016000000000000014,
510300,2024-04-01,3.329,3.373,3.383,3.328,10932625.0,,1.659125188536958,1.7496229260935228,0.058000000000000274,
510300,2024-04-02,3.372,3.361,3.376,3.35,5831914.0,,0.7708271568336733,-0.355766380077083,-0.01200000000000001,
510300,2024-04-03,3.359,3.347,3.361,3.337,5983464.0,,0.7140731925022321,-0.4165426956263087,-0.014000000000000234,
510300,2024-04-08,3.339,3.318,3.345,3.313,7099487.0,,0.9560800717060062,-0.8664475649835648,-0.028999999999999915,
510300,2024-04-09,3.316,3.312,3.323,3.301,5345371.0,,0.6630500301386316,-0.1808318264014535,-0.006000000000000227,
510300,2024-04-10,3.313,3.286,3.313,3.269,6816711.0,,1.3285024154589384,-0.7850241545893661,-0.0259999999999998,
510300,2024-04-11,3.27,3.283,3.302,3.264,5391159.0,,1.1564211807668976,-0.09129640900791582,-0.0030000000000001137,
510300,2024-04-12,3.283,3.255,3.294,3.246,7405129.0,,1.4620773682607384,-0.8528784648187642,-0.028000000000000025,
510300,2024-04-15,3.255,3.328,3.334,3.253,10999537.0,,2.48847926267281,2.2427035330261123,0.07299999999999995,
510300,2024-04-16,3.313,3.296,3.324,3.28,9132298.0,,1.322115384615386,-0.9615384615384625,-0.03200000000000003,
510300,2024-04-17,3.296,3.342,3.346,3.28,9964664.0,,2.0024271844660277,1.3956310679611732,0.04600000000000026,
510300,2024-04-18,3.333,3.348,3.383,3.33,9302193.0,,1.5858767205266289,0.17953321364451774,0.005999999999999783,
510300,2024-04-19,3.334,3.32,3.343,3.307,6442757.0,,1.0752688172043021,-0.8363201911589017,-0.028000000000000025,
510300,2024-04-22,3.319,3.313,3.341,3.307,7251824.0,,1.0240963855421763,-0.21084337349396606,-0.006999999999999673,
510300,2024-04-23,3.313,3.288,3.319,3.282,9428474.0,,1.1168125565952285,-0.7546030787805721,-0.025000000000000355,
510300,2024-04-24,3.294,3.302,3.306,3.278,5942319.0,,0.8515815085158159,0.4257907542579147,0.014000000000000234,
510300,2024-04-25,3.292,3.312,3.326,3.284,6647552.0,,1.2719563900666342,0.30284675953966644,0.009999999999999787,
510300,2024-04-26,3.313,3.362,3.37,3.313,13743140.0,,1.7210144927536215,1.5096618357488003,0.050000000000000266,
510300,2024-04-29,3.366,3.405,3.427,3.361,15303224.0,,1.9631171921475263,1.2790005948839889,0.042999999999999705,
510300,2024-04-30,3.404,3.387,3.413,3.385,8231090.0,,0.8223201174743032,-0.5286343612334742,-0.017999999999999794,
510300,2024-05-06,3.429,3.437,3.453,3.424,13090611.0,,0.8562149394744586,1.4762326542663071,0.04999999999999982,
510300,2024-05-07,3.434,3.439,3.445,3.426,6860184.0,,0.5528076811172442,0.0581902822228753,0.002000000000000224,
510300,2024-05-08,3.432,3.41,3.433,3.407,6387759.0,,0.7560337307356731,-0.8432683919744086,-0.028999999999999915,
510300,2024-05-09,3.409,3.445,3.451,3.408,6502023.0,,1.2609970674486846,1.026392961876824,0.0349999999999997,
510300,2024-05-10,3.452,3.447,3.459,3.42,8650954.0,,1.1320754716981174,0.05805515239478154,0.002000000000000224,
510300,2024-05-13,3.426,3.444,3.455,3.408,7411594.0,,1.36350449666377,-0.08703220191471174,-0.0030000000000001137,
510300,2024-05-14,3.444,3.438,3.459,3.427,5876668.0,,0.9291521486643447,-0.17421602787455817,-0.005999999999999783,
510300,2024-05-15,3.436,3.412,3.44,3.406,8559463.0,,0.9889470622454859,-0.7562536358347948,-0.026000000000000245,
510300,2024-05-16,3.419,3.424,3.44,3.41,10511975.0,,0.8792497069167586,0.35169988276670605,0.01200000000000001,
510300,2024-05-17,3.424,3.465,3.468,3.412,9320469.0,,1.6355140186915904,1.197429906542054,0.040999999999999925,
510300,2024-05-20,3.471,3.473,3.489,3.459,9365359.0,,0.8658008658008602,0.2308802308802311,0.008000000000000007,
510300,2024-05-21,3.468,3.461,3.472,3.449,4969839.0,,0.6622516556291429,-0.3455226029369424,-0.01200000000000001,
510300,2024-05-22,3.459,3.469,3.478,3.452,6766846.0,,0.751227968795153,0.23114706732158358,0.008000000000000007,
510300,2024-05-23,3.46,3.432,3.463,3.42,6988061.0,,1.2395503026808923,-1.066589795330064,-0.03699999999999992,
510300,2024-05-24,3.421,3.391,3.439,3.387,8412742.0,,1.5151515151515165,-1.1946386946386924,-0.040999999999999925,
510300,2024-05-27,3.394,3.421,3.423,3.39,6696225.0,,0.9731642583308735,0.8846947803007904,0.029999999999999805,
510300,2024-05-28,3.42,3.398,3.422,3.391,5317532.0,,0.9061677871967303,-0.672318035662078,-0.022999999999999687,
510300,2024-05-29,3.397,3.399,3.422,3.39,6152451.0,,0.9417304296645094,0.02942907592701265,0.0009999999999998899,
510300,2024-05-30,3.392,3.385,3.414,3.377,7779253.0,,1.0885554574875071,-0.41188584877905954,-0.014000000000000234,
510300,2024-05-31,3.391,3.371,3.405,3.369,7232183.0,,1.0635155096011695,-0.41358936484489783,-0.01399999999999979,
510300,2024-06-03,3.369,3.376,3.388,3.354,7075116.0,,1.0086027884900566,0.14832393948382952,0.004999999999999893,
510300,2024-06-04,3.374,3.401,3.413,3.368,6817379.0,,1.3329383886255903,0.7405213270142155,0.02499999999999991,
510300,2024-06-05,3.402,3.388,3.411,3.386,5839394.0,,0.7350779182593329,-0.38224051749485155,-0.0129999999999999,
510300,2024-06-06,3.395,3.388,3.419,3.374,10266993.0,,1.3282172373081442,0.0,0.0,
510300,2024-06-07,3.391,3.365,3.399,3.344,10281271.0,,1.623376623376628,-0.6788665879574879,-0.022999999999999687,
510300,2024-06-11,3.356,3.34,3.358,3.322,8799170.0,,1.0698365527488864,-0.74294205052007,-0.025000000000000355,
510300,2024-06-12,3.333,3.336,3.345,3.325,5698353.0,,0.5988023952095813,-0.11976047904191628,-0.0040000000000000036,
510300,2024-06-13,3.344,3.323,3.347,3.314,5488037.0,,0.9892086330935228,-0.3896882494004767,-0.0129999999999999,
510300,2024-06-14,3.316,3.343,3.347,3.306,6741040.0,,1.2338248570568742,0.6018657839301841,0.020000000000000018,
510300,2024-06-17,3.326,3.333,3.342,3.321,3930172.0,,0.6281782829793571,-0.2991325157044507,-0.009999999999999787,
510300,2024-06-18,3.338,3.344,3.354,3.332,5490352.0,,0.6600660066006673,0.3300330033003203,0.010999999999999677,
510300,2024-06-19,3.346,3.334,3.35,3.329,5308595.0,,0.6279904306220069,-0.29904306220095056,-0.009999999999999787,
510300,2024-06-20,3.332,3.311,3.34,3.305,5546558.0,,1.0497900419915926,-0.689862027594485,-0.02300000000000013,
510300,2024-06-21,3.306,3.305,3.314,3.282,19658677.0,,0.966475385080037,-0.18121413470250025,-0.005999999999999783,
510300,2024-06-24,3.291,3.288,3.315,3.282,20875455.0,,0.9984871406959127,-0.5143721633888153,-0.017000000000000348,
510300,2024-06-25,3.284,3.267,3.293,3.248,17384585.0,,1.3686131386861293,-0.6386861313868586,-0.020999999999999908,
510300,2024-06-26,3.259,3.288,3.296,3.253,10454895.0,,1.3161922252831253,0.6427915518824582,0.020999999999999908,
510300,2024-06-27,3.279,3.269,3.285,3.263,14337049.0,,0.669099756691005,-0.5778588807785793,-0.018999999999999684,
510300,2024-06-28,3.263,3.276,3.3,3.262,12755434.0,,1.162434995411435,0.21413276231262382,0.006999999999999673,
510300,2024-07-01,3.276,3.29,3.296,3.256,8536040.0,,1.2210012210012222,0.4273504273504345,0.014000000000000234,
510300,2024-07-02,3.283,3.285,3.3,3.278,5992049.0,,0.6686930091185349,-0.15197568389057428,-0.004999999999999893,
510300,2024-07-03,3.283,3.279,3.292,3.269,7914240.0,,0.7001522070015125,-0.18264840182649092,-0.006000000000000227,
510300,2024-07-04,3.282,3.264,3.298,3.262,15599237.0,,1.0978956999085097,-0.45745654162854904,-0.015000000000000124,
510300,2024-07-05,3.259,3.247,3.267,3.217,16363845.0,,1.531862745098034,-0.5208333333333305,-0.016999999999999904,
510300,2024-07-08,3.24,3.223,3.247,3.215,9426255.0,,0.9855251000923939,-0.7391438250692954,-0.02400000000000002,
510300,2024-07-09,3.218,3.26,3.273,3.207,10688956.0,,2.0477815699658795,1.1479987589202583,0.03699999999999992,
510300,2024-07-10,3.253,3.252,3.271,3.249,5792821.0,,0.674846625766865,-0.2453987730061352,-0.008000000000000007,
510300,2024-07-11,3.279,3.298,3.308,3.266,10524378.0,,1.2915129151291458,1.4145141451414596,0.04600000000000026,
510300,2024-07-12,3.3,3.308,3.313,3.294,8723694.0,,0.5761067313523386,0.3032140691328013,0.009999999999999787,
510300,2024-07-15,3.3,3.315,3.32,3.297,12550082.0,,0.6952841596130499,0.21160822249093464,0.007000000000000117,
510300,2024-07-16,3.309,3.34,3.344,3.306,16125087.0,,1.1463046757164348,0.7541478129713397,0.02499999999999991,
510300,2024-07-17,3.338,3.345,3.359,3.329,22565644.0,,0.8982035928143655,0.14970059880240533,0.0050000000000003375,
510300,2024-07-18,3.33,3.366,3.368,3.321,19611815.0,,1.4050822122570912,0.6278026905829568,0.020999999999999908,
510300,2024-07-19,3.354,3.389,3.395,3.341,31696626.0,,1.6042780748663048,0.6833036244800857,0.022999999999999687,
510300,2024-07-22,3.384,3.36,3.387,3.34,17163073.0,,1.3868397757450621,-0.8557096488639692,-0.028999999999999915,
510300,2024-07-23,3.355,3.29,3.36,3.287,9195337.0,,2.1726190476190466,-2.0833333333333286,-0.06999999999999984,
510300,2024-07-24,3.284,3.268,3.298,3.255,14910835.0,,1.3069908814589712,-0.6686930091185483,-0.02200000000000024,
510300,2024-07-25,3.253,3.248,3.265,3.23,20455525.0,,1.0709914320685479,-0.6119951040391547,-0.019999999999999574,
510300,2024-07-26,3.249,3.263,3.272,3.241,13579703.0,,0.9544334975369363,0.4618226600985123,0.01499999999999968,
510300,2024-07-29,3.259,3.243,3.261,3.242,5949376.0,,0.5822862396567615,-0.6129328838492191,-0.020000000000000018,
510300,2024-07-30,3.235,3.22,3.235,3.206,15250861.0,,0.8942337341967288,-0.7092198581560187,-0.022999999999999687,
510300,2024-07-31,3.22,3.297,3.299,3.216,15389083.0,,2.577639751552787,2.3913043478260856,0.07699999999999996,
510300,2024-08-01,3.291,3.272,3.304,3.27,7965404.0,,1.0312405216863756,-0.7582650894752913,-0.025000000000000355,
510300,2024-08-02,3.249,3.236,3.272,3.23,12997733.0,,1.2836185819070849,-1.1002444987774938,-0.03599999999999959,
510300,2024-08-05,3.22,3.197,3.263,3.196,20183109.0,,2.070457354758953,-1.205191594561191,-0.039000000000000146,
510300,2024-08-06,3.217,3.197,3.227,3.17,12936275.0,,1.7829214888958378,0.0,0.0,
510300,2024-08-07,3.19,3.19,3.214,3.18,6125438.0,,1.0634970284641792,-0.21895527056615943,-0.007000000000000117,
510300,2024-08-08,3.185,3.194,3.218,3.172,8541072.0,,1.4420062695924707,0.1253918495297807,0.0040000000000000036,
510300,2024-08-09,3.205,3.182,3.219,3.181,6040536.0,,1.189730745147145,-0.37570444583594276,-0.01200000000000001,
510300,2024-08-12,3.18,3.178,3.191,3.172,5102200.0,,0.5971087366436104,-0.1257071024512886,-0.0040000000000000036,
510300,2024-08-13,3.18,3.183,3.187,3.161,6958063.0,,0.8181246066708558,0.1573316551290086,0.004999999999999893,
510300,2024-08-14,3.184,3.159,3.184,3.158,5610998.0,,0.8168394596292884,-0.7540056550424135,-0.02400000000000002,
510300,2024-08-15,3.154,3.197,3.212,3.15,19046381.0,,1.9626464070908605,1.2029123140234335,0.038000000000000256,
510300,2024-08-16,3.193,3.199,3.211,3.187,16407617.0,,0.750703784798249,0.06255864873318047,0.0019999999999997797,
510300,2024-08-19,3.198,3.208,3.233,3.196,7478253.0,,1.1566114410753336,0.2813379180994168,0.009000000000000341,
510300,2024-08-20,3.213,3.192,3.215,3.177,15944748.0,,1.1845386533665776,-0.49875311720698295,-0.016000000000000014,
510300,2024-08-21,3.18,3.177,3.195,3.163,10553698.0,,1.0025062656641612,-0.4699248120300791,-0.015000000000000124,
510300,2024-08-22,3.179,3.168,3.184,3.16,12504794.0,,0.7554296506137872,-0.28328611898016676,-0.008999999999999897,
510300,2024-08-23,3.16,3.182,3.194,3.16,8203428.0,,1.073232323232317,0.44191919191918533,0.01399999999999979,
510300,2024-08-26,3.184,3.183,3.196,3.167,14006799.0,,0.9113764927718528,0.03142677561281867,0.0009999999999998899,
510300,2024-08-27,3.176,3.166,3.179,3.156,12142201.0,,0.7225887527489692,-0.5340873389883727,-0.016999999999999904,
510300,2024-08-28,3.159,3.146,3.166,3.134,19955803.0,,1.0107391029690471,-0.6317119393556544,-0.020000000000000018,
510300,2024-08-29,3.138,3.136,3.151,3.129,15082477.0,,0.6993006993006928,-0.31786395422758384,-0.009999999999999787,
510300,2024-08-30,3.131,3.181,3.212,3.131,17858998.0,,2.5829081632653192,1.4349489795918344,0.04499999999999993,
510300,2024-09-02,3.17,3.121,3.172,3.119,11333065.0,,1.6661427224143333,-1.8861993083935886,-0.06000000000000005,
510300,2024-09-03,3.119,3.133,3.141,3.117,12935523.0,,0.7689842999038776,0.3844921499519388,0.01200000000000001,
510300,2024-09-04,3.12,3.112,3.132,3.11,6803058.0,,0.702202361953407,-0.6702840727736964,-0.020999999999999908,
510300,2024-09-05,3.115,3.119,3.129,3.109,16005558.0,,0.6426735218509003,0.22493573264781866,0.007000000000000117,
510300,2024-09-06,3.124,3.091,3.134,3.089,7933157.0,,1.442770118627763,-0.897723629368388,-0.028000000000000025,
510300,2024-09-09,3.081,3.05,3.085,3.039,10188971.0,,1.4881915237787064,-1.3264315755419076,-0.04100000000000037,
510300,2024-09-10,3.052,3.05,3.064,3.028,8666554.0,,1.18032786885246,0.0,0.0,
510300,2024-09-11,3.042,3.043,3.056,3.03,7808902.0,,0.8524590163934507,-0.22950819672130077,-0.006999999999999673,
510300,2024-09-12,3.048,3.032,3.061,3.03,6423793.0,,1.0187315149523541,-0.36148537627341837,-0.01100000000000012,
510300,2024-09-13,3.034,3.017,3.046,3.016,8504681.0,,0.989445910290231,-0.4947229551451228,-0.015000000000000124,
510300,2024-09-18,3.016,3.027,3.04,3.004,12254391.0,,1.193238316208155,0.3314550878356059,0.010000000000000231,
510300,2024-09-19,3.032,3.054,3.075,3.005,16348870.0,,2.3125206475057904,0.8919722497522197,0.02699999999999969,
510300,2024-09-20,3.047,3.063,3.068,3.028,23065620.0,,1.3097576948264582,0.294695481335964,0.009000000000000341,
510300,2024-09-23,3.058,3.072,3.089,3.052,8973165.0,,1.2079660463597752,0.2938295788442669,0.008999999999999897,
510300,2024-09-24,3.103,3.216,3.218,3.082,39185162.0,,4.4270833333333375,4.687500000000004,0.14400000000000013,
510300,2024-09-25,3.278,3.263,3.333,3.256,32373469.0,,2.3942786069651865,1.4614427860696426,0.04699999999999971,
510300,2024-09-26,3.257,3.429,3.432,3.256,44429621.0,,5.393809377873128,5.087342935948511,0.16599999999999993,
510300,2024-09-27,3.489,3.658,3.722,3.459,25594612.0,,7.6698745990084545,6.6783318751822724,0.2290000000000001,
510300,2024-09-30,3.796,4.022,4.029,3.665,63702341.0,,9.950792782941495,9.950792782941507,0.3640000000000003,
510300,2024-10-08,4.445,4.201,4.445,3.997,86298224.0,,11.138736946792651,4.450522128294365,0.17899999999999938,
510300,2024-10-09,4.074,3.811,4.074,3.794,54091966.0,,6.6650797429183495,-9.28350392763627,-0.3899999999999997,
510300,2024-10-10,3.859,3.875,3.974,3.788,37790001.0,,4.88060876410392,1.6793492521647877,0.06400000000000006,
510300,2024-10-11,3.846,3.766,3.849,3.712,40900777.0,,3.535483870967742,-2.8129032258064512,-0.10899999999999999,
510300,2024-10-14,3.776,3.829,3.849,3.735,31049317.0,,3.0270844397238537,1.6728624535316028,0.06300000000000017,
510300,2024-10-15,3.803,3.72,3.835,3.716,26138707.0,,3.1078610603290615,-2.8466962653434313,-0.10899999999999999,
510300,2024-10-16,3.68,3.695,3.749,3.671,21611196.0,,2.096774193548395,-0.6720430107526977,-0.025000000000000355,
510300,2024-10-17,3.719,3.652,3.749,3.651,29354356.0,,2.6522327469553537,-1.1637347767252966,-0.042999999999999705,
510300,2024-10-18,3.647,3.805,3.907,3.635,36209179.0,,7.44797371303396,4.189485213581599,0.15300000000000002,
510300,2024-10-21,3.806,3.805,3.849,3.769,25293364.0,,2.102496714848885,0.0,0.0,
510300,2024-10-22,3.791,3.829,3.835,3.79,16669245.0,,1.182654402102495,0.6307490144546655,0.02400000000000002,
510300,2024-10-23,3.829,3.844,3.886,3.81,22666292.0,,1.9848524418908349,0.3917471924784455,0.01499999999999968,
510300,2024-10-24,3.827,3.8,3.831,3.782,15982487.0,,1.2747138397502584,-1.1446409989594184,-0.04400000000000004,
510300,2024-10-25,3.801,3.829,3.867,3.792,16852658.0,,1.9736842105263206,0.7631578947368516,0.02900000000000036,
510300,2024-10-28,3.824,3.835,3.836,3.789,13963081.0,,1.2274745364324813,0.15669887699137588,0.005999999999999783,
510300,2024-10-29,3.839,3.802,3.868,3.792,17946282.0,,1.9817470664928312,-0.8604954367666211,-0.03299999999999992,
510300,2024-10-30,3.79,3.76,3.8,3.734,18128591.0,,1.73592845870594,-1.104681746449244,-0.04200000000000026,
510300,2024-10-31,3.758,3.76,3.796,3.727,17636493.0,,1.8351063829787222,0.0,0.0,
510300,2024-11-01,3.753,3.768,3.807,3.75,18177560.0,,1.515957446808509,0.21276595744680873,0.008000000000000007,
510300,2024-11-04,3.771,3.821,3.823,3.76,12493144.0,,1.671974522292998,1.4065817409766554,0.05300000000000038,
510300,2024-11-05,3.813,3.926,3.928,3.799,27630144.0,,3.376079560324522,2.7479717351478663,0.10499999999999998,
510300,2024-11-06,3.926,3.9,3.969,3.874,21734248.0,,2.419765664798771,-0.6622516556291453,-0.026000000000000245,
510300,2024-11-07,3.869,4.037,4.039,3.865,27887189.0,,4.461538461538448,3.5128205128205128,0.137,
510300,2024-11-08,4.071,3.983,4.079,3.967,28080232.0,,2.774337379242003,-1.3376269507059655,-0.053999999999999826,
510300,2024-11-11,3.941,4.004,4.008,3.919,23043651.0,,2.234496610595028,0.5272407732864539,0.020999999999999464,
510300,2024-11-12,3.999,3.958,4.057,3.934,23041668.0,,3.071928071928078,-1.1488511488511333,-0.045999999999999375,
510300,2024-11-13,3.939,3.984,3.995,3.935,15727943.0,,1.5159171298635687,0.6568974229408742,0.0259999999999998,
510300,2024-11-14,3.977,3.913,3.992,3.906,14438853.0,,2.1586345381526066,-1.7821285140562293,-0.07100000000000017,
510300,2024-11-15,3.903,3.844,3.923,3.839,16769935.0,,2.146690518783544,-1.7633529261436225,-0.06899999999999995,
510300,2024-11-18,3.86,3.827,3.907,3.802,16100926.0,,2.7315296566077,-0.4422476586888633,-0.016999999999999904,
510300,2024-11-19,3.829,3.847,3.85,3.77,16705449.0,,2.0904102430101927,0.5226025607525482,0.020000000000000018,
510300,2024-11-20,3.835,3.857,3.874,3.827,15485304.0,,1.221731219131795,0.25994281258123814,0.010000000000000231,
510300,2024-11-21,3.849,3.862,3.871,3.837,10454707.0,,0.8815141301529636,0.12963443090484555,0.004999999999999893,
510300,2024-11-22,3.86,3.742,3.863,3.735,17571913.0,,3.314344899016057,-3.107198342827553,-0.1200000000000001,
510300,2024-11-25,3.744,3.72,3.761,3.683,13590858.0,,2.0844468198824235,-0.5879208979155478,-0.021999999999999797,
510300,2024-11-26,3.703,3.712,3.745,3.702,7847079.0,,1.1559139784946275,-0.21505376344086038,-0.008000000000000007,
510300,2024-11-27,3.705,3.776,3.781,3.69,14519874.0,,2.45150862068966,1.7241379310344724,0.06399999999999961,
510300,2024-11-28,3.773,3.747,3.778,3.737,10724073.0,,1.0858050847457608,-0.768008474576269,-0.028999999999999915,
510300,2024-11-29,3.749,3.79,3.836,3.746,15297716.0,,2.40192153722978,1.147584734454234,0.04300000000000015,
510300,2024-12-02,3.786,3.82,3.832,3.776,9816348.0,,1.477572559366756,0.7915567282321848,0.029999999999999805,
510300,2024-12-03,3.819,3.824,3.841,3.794,15244237.0,,1.2303664921466009,0.10471204188481685,0.0040000000000000036,
510300,2024-12-04,3.819,3.803,3.83,3.792,10069479.0,,0.9937238493723917,-0.5491631799163156,-0.020999999999999908,
510300,2024-12-05,3.795,3.796,3.811,3.783,7595229.0,,0.7362608466999744,-0.1840652116749965,-0.007000000000000117,
510300,2024-12-06,3.796,3.846,3.874,3.795,17762294.0,,2.081138040042154,1.3171759747102285,0.050000000000000266,
510300,2024-12-09,3.843,3.843,3.869,3.819,12464187.0,,1.30005200208009,-0.07800312012480795,-0.0030000000000001137,
510300,2024-12-10,3.968,3.874,3.987,3.862,24827953.0,,3.2526671870934165,0.8066614623991709,0.03100000000000014,
510300,2024-12-11,3.867,3.864,3.883,3.854,12587160.0,,0.7485802787816189,-0.25813113061435805,-0.010000000000000231,
510300,2024-12-12,3.866,3.906,3.911,3.855,13601804.0,,1.449275362318842,1.0869565217391373,0.04200000000000026,
510300,2024-12-13,3.881,3.809,3.881,3.801,23465697.0,,2.048131080389135,-2.4833589349718377,-0.09699999999999998,
510300,2024-12-16,3.807,3.785,3.81,3.775,9893231.0,,0.9188763454975096,-0.6300866369125759,-0.02400000000000002,
510300,2024-12-17,3.782,3.796,3.832,3.78,13646692.0,,1.3738441215323658,0.29062087186260704,0.010999999999999677,
510300,2024-12-18,3.809,3.813,3.828,3.804,10236096.0,,0.6322444678609068,0.4478398314014844,0.017000000000000348,
510300,2024-12-19,3.789,3.819,3.827,3.77,9903622.0,,1.4948859166011,0.1573564122737945,0.005999999999999783,
510300,2024-12-20,3.813,3.807,3.834,3.801,12230620.0,,0.864100549882166,-0.3142183817753341,-0.01200000000000001,
510300,2024-12-23,3.806,3.811,3.842,3.804,14247022.0,,0.9981612818492318,0.105069608615708,0.0040000000000000036,
510300,2024-12-24,3.813,3.858,3.865,3.811,14563434.0,,1.4169509315140454,1.2332721070585189,0.04700000000000015,
510300,2024-12-25,3.861,3.861,3.883,3.843,14181375.0,,1.0368066355624685,0.07776049766718802,0.0030000000000001137,
510300,2024-12-26,3.861,3.862,3.868,3.845,9470234.0,,0.5957005957005876,0.025900025900023046,0.0009999999999998899,
510300,2024-12-27,3.865,3.856,3.888,3.85,10869639.0,,0.983946141895386,-0.1553599171413834,-0.006000000000000227,
510300,2024-12-30,3.855,3.875,3.882,3.854,13119335.0,,0.7261410788381749,0.4927385892116216,0.019000000000000128,
510300,2024-12-31,3.876,3.811,3.883,3.809,18436188.0,,1.9096774193548347,-1.651612903225808,-0.06400000000000006,
510300,2025-01-02,3.809,3.698,3.81,3.67,21729803.0,,3.6735764891104727,-2.9651010233534505,-0.11299999999999999,
510300,2025-01-03,3.698,3.658,3.71,3.642,15930226.0,,1.838831800973501,-1.0816657652785298,-0.040000000000000036,
510300,2025-01-06,3.654,3.642,3.662,3.617,12986739.0,,1.230180426462546,-0.43739748496446185,-0.016000000000000014,
510300,2025-01-07,3.634,3.669,3.671,3.625,9689740.0,,1.2630422844590836,0.7413509060955557,0.027000000000000135,
510300,2025-01-08,3.659,3.663,3.688,3.604,14097968.0,,2.2894521668029455,-0.16353229762878788,-0.006000000000000227,
510300,2025-01-09,3.652,3.655,3.669,3.646,8060658.0,,0.6279006279006316,-0.2184002184002186,-0.008000000000000007,
510300,2025-01-10,3.654,3.612,3.664,3.611,8265725.0,,1.4500683994528025,-1.1764705882352862,-0.042999999999999705,
510300,2025-01-13,3.59,3.597,3.615,3.582,9493947.0,,0.9136212624584817,-0.41528239202658146,-0.015000000000000124,
510300,2025-01-14,3.604,3.695,3.707,3.598,16445462.0,,3.03030303030303,2.72449263274951,0.09799999999999986,
510300,2025-01-15,3.685,3.672,3.693,3.666,7420496.0,,0.73071718538566,-0.6224627875507358,-0.022999999999999687,
510300,2025-01-16,3.685,3.674,3.722,3.65,11090052.0,,1.960784313725492,0.05446623093681317,0.0019999999999997797,
510300,2025-01-17,3.664,3.687,3.711,3.657,8476993.0,,1.4697876973326027,0.3538377789874769,0.0129999999999999,
510300,2025-01-20,3.71,3.706,3.738,3.697,9202943.0,,1.1120151885001337,0.5153241117439687,0.019000000000000128,
510300,2025-01-21,3.726,3.711,3.73,3.694,7439264.0,,0.9713977334052895,0.13491635186184278,0.004999999999999893,
510300,2025-01-22,3.705,3.675,3.705,3.657,10996807.0,,1.2934518997574789,-0.9700889248181093,-0.03600000000000003,
510300,2025-01-23,3.704,3.686,3.747,3.683,10385928.0,,1.7414965986394575,0.2993197278911598,0.01100000000000012,
510300,2025-01-24,3.678,3.718,3.732,3.672,11436475.0,,1.6277807921866536,0.8681497558328819,0.03200000000000003,
510300,2025-01-27,3.725,3.696,3.734,3.693,13053850.0,,1.102743410435716,-0.5917159763313554,-0.021999999999999797,
510300,2025-02-05,3.719,3.676,3.723,3.668,7515497.0,,1.4880952380952304,-0.5411255411255417,-0.020000000000000018,
510300,2025-02-06,3.673,3.721,3.726,3.67,13886365.0,,1.5233949945593048,1.2241566920565814,0.04499999999999993,
510300,2025-02-07,3.722,3.777,3.803,3.715,19306314.0,,2.3649556570814316,1.5049717817790929,0.05600000000000005,
510300,2025-02-10,3.778,3.781,3.789,3.763,12672646.0,,0.6883770187979943,0.10590415673815207,0.0040000000000000036,
510300,2025-02-11,3.786,3.765,3.787,3.752,9990359.0,,0.9256810367627649,-0.4231684739486912,-0.016000000000000014,
510300,2025-02-12,3.763,3.803,3.808,3.749,9789537.0,,1.567065073041161,1.0092961487383747,0.03799999999999981,
510300,2025-02-13,3.798,3.793,3.823,3.787,11758227.0,,0.9466210886142529,-0.2629503023928421,-0.009999999999999787,
510300,2025-02-14,3.789,3.823,3.829,3.786,12924287.0,,1.133667281834963,0.7909306617453151,0.029999999999999805,
510300,2025-02-17,3.833,3.83,3.842,3.801,13341020.0,,1.07245618624117,0.18310227569971535,0.007000000000000117,
510300,2025-02-18,3.824,3.801,3.847,3.785,12465911.0,,1.6187989556135727,-0.7571801566579611,-0.028999999999999915,
510300,2025-02-19,3.794,3.822,3.83,3.789,10190769.0,,1.0786635096027342,0.5524861878453015,0.020999999999999908,
510300,2025-02-20,3.818,3.81,3.822,3.797,10186035.0,,0.6541077969649375,-0.3139717425431714,-0.01200000000000001,
510300,2025-02-21,3.821,3.864,3.869,3.809,14372665.0,,1.5748031496063006,1.4173228346456648,0.053999999999999826,
510300,2025-02-24,3.859,3.851,3.878,3.83,15385782.0,,1.2422360248447217,-0.33643892339544257,-0.0129999999999999,
510300,2025-02-25,3.824,3.81,3.84,3.797,8924900.0,,1.1165930927031864,-1.0646585302518807,-0.040999999999999925,
510300,2025-02-26,3.817,3.843,3.844,3.808,13456581.0,,0.9448818897637804,0.8661417322834625,0.03299999999999992,
510300,2025-02-27,3.845,3.856,3.858,3.817,11285856.0,,1.0668748373666386,0.33827738745771274,0.0129999999999999,
510300,2025-02-28,3.838,3.783,3.854,3.771,13293340.0,,2.1524896265560214,-1.8931535269709532,-0.07299999999999995,
510300,2025-03-03,3.784,3.77,3.816,3.755,11457686.0,,1.6124768702088275,-0.3436426116838462,-0.0129999999999999,
510300,2025-03-04,3.749,3.766,3.773,3.741,10121848.0,,0.8488063660477462,-0.10610079575596827,-0.0040000000000000036,
510300,2025-03-05,3.769,3.783,3.788,3.757,11919016.0,,0.8231545406266515,0.4514073287307463,0.016999999999999904,
510300,2025-03-06,3.804,3.838,3.851,3.8,13710079.0,,1.3481363996827957,1.4538725878932106,0.05500000000000016,
510300,2025-03-07,3.829,3.828,3.85,3.819,11559971.0,,0.8077123501823902,-0.26055237102658235,-0.010000000000000231,
510300,2025-03-10,3.826,3.812,3.831,3.788,14427837.0,,1.1233019853709547,-0.4179728317659356,-0.016000000000000014,
510300,2025-03-11,3.783,3.824,3.825,3.779,10029170.0,,1.2067156348373627,0.31479538300104964,0.01200000000000001,
510300,2025-03-12,3.827,3.814,3.839,3.807,6092317.0,,0.8368200836820092,-0.26150627615062205,-0.009999999999999787,
510300,2025-03-13,3.813,3.794,3.822,3.782,6410438.0,,1.0487676979549039,-0.5243838489774519,-0.020000000000000018,
510300,2025-03-14,3.801,3.895,3.902,3.799,19037183.0,,2.7148128624143437,2.6620980495519238,0.10099999999999998,
510300,2025-03-17,3.907,3.883,3.912,3.877,11330420.0,,0.8985879332477572,-0.30808729139923,-0.01200000000000001,
510300,2025-03-18,3.897,3.892,3.904,3.88,8114043.0,,0.6180788050476441,0.23177955189286367,0.008999999999999897,
510300,2025-03-19,3.887,3.898,3.91,3.873,8798313.0,,0.9506680369989702,0.15416238437821755,0.006000000000000227,
510300,2025-03-20,3.898,3.865,3.898,3.857,8751426.0,,1.051821446895842,-0.8465879938429942,-0.03299999999999992,
510300,2025-03-21,3.852,3.799,3.868,3.789,10149157.0,,2.0439844760672634,-1.7076326002587394,-0.06600000000000028,
510300,2025-03-24,3.798,3.816,3.82,3.793,7912221.0,,0.7107133456172596,0.4474861805738327,0.016999999999999904,
510300,2025-03-25,3.817,3.818,3.828,3.806,6115316.0,,0.5765199161425524,0.05241090146751111,0.002000000000000224,
510300,2025-03-26,3.814,3.802,3.829,3.799,7742554.0,,0.7857517024620284,-0.4190675746464121,-0.016000000000000014,
510300,2025-03-27,3.8,3.816,3.839,3.784,8015252.0,,1.4466070489216243,0.3682272488164069,0.01399999999999979,
510300,2025-03-28,3.816,3.797,3.818,3.789,7043048.0,,0.7599580712788238,-0.49790356394129154,-0.018999999999999684,
510300,2025-03-31,3.793,3.773,3.813,3.758,9021729.0,,1.448511983144592,-0.6320779562812753,-0.02400000000000002,
510300,2025-04-01,3.777,3.771,3.792,3.768,6150155.0,,0.6360985952822693,-0.05300821627352832,-0.002000000000000224,
510300,2025-04-02,3.772,3.768,3.785,3.76,6291176.0,,0.662954123574658,-0.07955449482896085,-0.0030000000000001137,
510300,2025-04-03,3.737,3.748,3.769,3.732,11143308.0,,0.9819532908704863,-0.5307855626326851,-0.019999999999999574,
510300,2025-04-07,3.589,3.484,3.629,3.393,65609880.0,,6.296691568836718,-7.043756670224126,-0.26400000000000023,
510300,2025-04-08,3.487,3.519,3.528,3.46,58535333.0,,1.9517795637198638,1.0045924225028744,0.03500000000000014,
510300,2025-04-09,3.484,3.555,3.563,3.467,16982014.0,,2.728047740835467,1.0230179028133002,0.03600000000000003,
510300,2025-04-10,3.606,3.618,3.636,3.587,14296317.0,,1.3783403656821358,1.7721518987341693,0.06299999999999972,
510300,2025-04-11,3.599,3.629,3.64,3.589,8619842.0,,1.4096185737976825,0.30403537866224767,0.01100000000000012,
510300,2025-04-14,3.648,3.637,3.654,3.631,9415710.0,,0.6337834114081051,0.22044640396803547,0.008000000000000007,
510300,2025-04-15,3.633,3.64,3.646,3.614,9817935.0,,0.8798460269452854,0.08248556502612356,0.0030000000000001137,
510300,2025-04-16,3.63,3.649,3.658,3.6,21771337.0,,1.5934065934065889,0.24725274725274443,0.008999999999999897,
510300,2025-04-17,3.631,3.652,3.66,3.63,13873406.0,,0.8221430528912098,0.08221430528912342,0.0030000000000001137,
510300,2025-04-18,3.646,3.662,3.668,3.636,13780507.0,,0.876232201533407,0.2738225629791836,0.009999999999999787,
510300,2025-04-21,3.654,3.664,3.675,3.646,7126315.0,,0.7919169852539573,0.05461496450027919,0.002000000000000224,
510300,2025-04-22,3.664,3.667,3.682,3.662,7520436.0,,0.54585152838428,0.0818777292576329,0.0029999999999996696,
510300,2025-04-23,3.681,3.671,3.696,3.662,6155041.0,,0.9271884374147874,0.10908099263703311,0.0040000000000000036,
510300,2025-04-24,3.671,3.671,3.692,3.66,4873615.0,,0.871697085262872,0.0,0.0,
510300,2025-04-25,3.676,3.671,3.688,3.664,5771935.0,,0.653772813947154,0.0,0.0,
510300,2025-04-28,3.672,3.665,3.675,3.653,6247090.0,,0.5992917461182184,-0.16344320348678246,-0.005999999999999783,
510300,2025-04-29,3.663,3.658,3.669,3.651,4947350.0,,0.49113233287858765,-0.19099590723056253,-0.007000000000000117,
510300,2025-04-30,3.659,3.655,3.675,3.653,5004537.0,,0.6014215418261291,-0.08201202843083963,-0.0030000000000001137,
510300,2025-05-06,3.675,3.692,3.695,3.669,7178253.0,,0.7113543091655213,1.012311901504798,0.037000000000000366,
510300,2025-05-07,3.739,3.716,3.751,3.699,10470812.0,,1.4084507042253533,0.6500541711809322,0.02400000000000002,
510300,2025-05-08,3.707,3.739,3.755,3.707,7820057.0,,1.2917115177610345,0.6189451022604867,0.022999999999999687,
510300,2025-05-09,3.735,3.734,3.739,3.721,6933748.0,,0.4814121422840277,-0.13372559507889525,-0.004999999999999893,
510300,2025-05-12,3.752,3.779,3.781,3.746,8365002.0,,0.9373326191751512,1.2051419389394733,0.04499999999999993,
510300,2025-05-13,3.8,3.783,3.801,3.777,7934009.0,,0.6350886477904214,0.10584810796507023,0.0040000000000000036,
510300,2025-05-14,3.784,3.834,3.855,3.781,12147902.0,,1.9561194818926735,1.3481363996827957,0.051000000000000156,
510300,2025-05-15,3.827,3.8,3.83,3.793,8177224.0,,0.9650495565988503,-0.886802295253006,-0.03400000000000025,
510300,2025-05-16,3.791,3.778,3.798,3.766,7302837.0,,0.8421052631578956,-0.5789473684210473,-0.021999999999999797,
510300,2025-05-19,3.773,3.772,3.777,3.754,5562981.0,,0.6087877183695112,-0.15881418740074715,-0.006000000000000227,
510300,2025-05-20,3.773,3.792,3.805,3.769,5499875.0,,0.9544008483563106,0.5302226935312836,0.020000000000000018,
510300,2025-05-21,3.793,3.808,3.82,3.792,5606031.0,,0.7383966244725746,0.4219409282700426,0.016000000000000014,
510300,2025-05-22,3.807,3.806,3.816,3.792,4919320.0,,0.6302521008403368,-0.052521008403355565,-0.0019999999999997797,
510300,2025-05-23,3.801,3.777,3.828,3.776,8450891.0,,1.36626379400946,-0.7619548081975804,-0.028999999999999915,
510300,2025-05-26,3.771,3.756,3.782,3.745,7404857.0,,0.9796134498279035,-0.5559968228753072,-0.02100000000000035,
510300,2025-05-27,3.754,3.735,3.758,3.728,5782884.0,,0.7987220447284292,-0.5591054313099018,-0.020999999999999908,
510300,2025-05-28,3.736,3.731,3.745,3.727,5399202.0,,0.4819277108433799,-0.1070950468540831,-0.0040000000000000036,
510300,2025-05-29,3.734,3.755,3.768,3.728,8910394.0,,1.072098633074232,0.6432591798445463,0.02400000000000002,
510300,2025-05-30,3.748,3.748,3.753,3.721,7370307.0,,0.8521970705725708,-0.18641810918774096,-0.006999999999999673,
510300,2025-06-03,3.735,3.746,3.761,3.731,5967868.0,,0.8004268943436565,-0.05336179295624929,-0.002000000000000224,
510300,2025-06-04,3.748,3.763,3.774,3.747,4645434.0,,0.72076882007475,0.4538174052322452,0.016999999999999904,
510300,2025-06-05,3.767,3.773,3.783,3.756,5319657.0,,0.7175126229072584,0.265745415891582,0.010000000000000231,
510300,2025-06-06,3.776,3.775,3.788,3.767,4888808.0,,0.5565862708719828,0.05300821627351656,0.0019999999999997797,
510300,2025-06-09,3.778,3.784,3.799,3.773,5810982.0,,0.6887417218542994,0.23841059602648734,0.008999999999999897,
510300,2025-06-10,3.786,3.761,3.794,3.747,7710518.0,,1.2420718816067695,-0.6078224101479833,-0.022999999999999687,
510300,2025-06-11,3.763,3.793,3.813,3.763,11035095.0,,1.3294336612603102,0.8508375432065948,0.03200000000000003,
510300,2025-06-12,3.787,3.795,3.802,3.769,6900872.0,,0.8700237279198503,0.052728710783015546,0.0019999999999997797,
510300,2025-06-13,3.787,3.769,3.791,3.756,6980168.0,,0.9222661396574479,-0.6851119894598103,-0.0259999999999998,
510300,2025-06-16,3.763,3.779,3.783,3.76,6493267.0,,0.6102414433536781,0.2653223666755051,0.009999999999999787,
510300,2025-06-17,3.78,3.778,3.786,3.763,4828913.0,,0.6086266207991567,-0.02646202699126462,-0.0009999999999998899,
510300,2025-06-18,3.78,3.781,3.787,3.759,4808034.0,,0.7411328745367927,0.07940709370037358,0.0030000000000001137,
510300,2025-06-19,3.775,3.75,3.776,3.74,6007886.0,,0.9521290663845433,-0.8198889182755921,-0.03100000000000014,
510300,2025-06-20,3.749,3.755,3.765,3.748,4230441.0,,0.45333333333333076,0.1333333333333305,0.004999999999999893,
510300,2025-06-23,3.746,3.768,3.779,3.739,7492447.0,,1.0652463382157134,0.3462050599201039,0.0129999999999999,
510300,2025-06-24,3.773,3.813,3.827,3.773,12245549.0,,1.4331210191082757,1.194267515923577,0.04500000000000037,
510300,2025-06-25,3.816,3.878,3.88,3.812,17241161.0,,1.7833726724364032,1.7046944662995005,0.06499999999999995,
510300,2025-06-26,3.872,3.863,3.881,3.862,9379679.0,,0.48994326972665503,-0.38679731820526364,-0.015000000000000124,
510300,2025-06-27,3.867,3.84,3.89,3.835,10696914.0,,1.4237639140564369,-0.5953921822417844,-0.02300000000000013,
510300,2025-06-30,3.838,3.859,3.862,3.833,10819590.0,,0.7552083333333311,0.49479166666667,0.019000000000000128,
510300,2025-07-01,3.857,3.865,3.869,3.846,6406861.0,,0.5960093288416722,0.15548069448044124,0.006000000000000227,
510300,2025-07-02,3.862,3.869,3.876,3.852,5188835.0,,0.620957309184994,0.10349288486416568,0.0040000000000000036,
510300,2025-07-03,3.871,3.892,3.897,3.868,6863819.0,,0.7495476867407577,0.5944688550012842,0.022999999999999687,
510300,2025-07-04,3.888,3.909,3.942,3.881,10525621.0,,1.567317574511829,0.43679342240493074,0.016999999999999904,
510300,2025-07-07,3.903,3.891,3.909,3.882,4022514.0,,0.6907137375287719,-0.4604758250191812,-0.017999999999999794,
510300,2025-07-08,3.893,3.925,3.933,3.89,6122487.0,,1.1051143664867566,0.8738113595476691,0.03399999999999981,
510300,2025-07-09,3.925,3.922,3.946,3.917,6476608.0,,0.7388535031847225,-0.07643312101909987,-0.0029999999999996696,
510300,2025-07-10,3.922,3.942,3.967,3.921,6323877.0,,1.1728709841917455,0.5099439061703217,0.020000000000000018,
510300,2025-07-11,3.943,3.956,4.007,3.942,12648551.0,,1.6489091831557459,0.355149670218158,0.01399999999999979,
510300,2025-07-14,3.955,3.955,3.971,3.953,8205479.0,,0.455005055611735,-0.02527805864509327,-0.0009999999999998899,
510300,2025-07-15,3.959,3.955,3.981,3.93,8074813.0,,1.2895069532237602,0.0,0.0,
510300,2025-07-16,3.956,3.946,3.97,3.933,4791819.0,,0.9355246523388209,-0.2275600505688975,-0.008999999999999897,
510300,2025-07-17,3.946,3.979,3.98,3.945,5978225.0,,0.8869741510390305,0.8362899138367947,0.03299999999999992,
510300,2025-07-18,3.985,4.009,4.013,3.982,7131296.0,,0.7790902236742823,0.7539582809751256,0.03000000000000025,
510300,2025-07-21,4.014,4.034,4.037,4.011,7674613.0,,0.6485407832377101,0.6235969069593281,0.024999999999999467,
510300,2025-07-22,4.036,4.078,4.08,4.019,10821091.0,,1.5121467526028742,1.0907288051561845,0.04400000000000048,
510300,2025-07-23,4.081,4.076,4.111,4.065,9947315.0,,1.1280039234918924,-0.04904364884749063,-0.002000000000000668,
510300,2025-07-24,4.072,4.102,4.105,4.067,8852360.0,,0.9322865554465225,0.6378802747792123,0.02600000000000069,
510300,2025-07-25,4.102,4.08,4.102,4.07,8200860.0,,0.7801072647489037,-0.5363237445148766,-0.02200000000000024,
510300,2025-07-28,4.08,4.091,4.1,4.063,6027713.0,,0.9068627450980372,0.26960784313725783,0.01100000000000012,
510300,2025-07-29,4.085,4.112,4.113,4.069,8059786.0,,1.0755316548521263,0.513321926179416,0.020999999999999908,
510300,2025-07-30,4.104,4.109,4.142,4.084,9502522.0,,1.410505836575893,-0.07295719844358253,-0.0030000000000001137,
510300,2025-07-31,4.098,4.032,4.098,4.019,11229126.0,,1.9226089072767034,-1.8739352640545135,-0.07699999999999996,
510300,2025-08-01,4.025,4.01,4.039,3.995,6115671.0,,1.0912698412698312,-0.5456349206349266,-0.02200000000000024,
510300,2025-08-04,3.999,4.029,4.031,3.994,4355672.0,,0.9226932668329046,0.4738154613466366,0.019000000000000128,
510300,2025-08-05,4.031,4.06,4.062,4.028,5480681.0,,0.8438818565401016,0.7694216927277164,0.030999999999999694,
510300,2025-08-06,4.058,4.071,4.076,4.053,4089449.0,,0.5665024630541795,0.270935960591136,0.01100000000000012,
510300,2025-08-07,4.073,4.07,4.087,4.048,5339656.0,,0.9579955784819383,-0.024563989191831143,-0.0009999999999994458,
510300,2025-08-08,4.065,4.06,4.078,4.052,4230624.0,,0.6388206388206557,-0.24570024570026225,-0.010000000000000675,
510300,2025-08-11,4.06,4.079,4.095,4.06,6881519.0,,0.862068965517245,0.46798029556650567,0.019000000000000128,
510300,2025-08-12,4.077,4.105,4.114,4.077,4824872.0,,0.9070850698700642,0.6374111301789824,0.02600000000000069,
510300,2025-08-13,4.111,4.14,4.149,4.106,7588408.0,,1.047503045066995,0.8526187576126492,0.034999999999999254,
510300,2025-08-14,4.142,4.133,4.18,4.125,8879344.0,,1.3285024154589304,-0.16908212560385685,-0.006999999999999673,
510300,2025-08-15,4.119,4.172,4.179,4.117,10718339.0,,1.500120977498192,0.9436244858456255,0.0389999999999997,
510300,2025-08-18,4.175,4.204,4.237,4.162,10092475.0,,1.7976989453499563,0.7670182166826469,0.03200000000000003,
510300,2025-08-19,4.203,4.182,4.224,4.174,7743324.0,,1.1893434823977123,-0.5233111322549799,-0.021999999999999353,
510300,2025-08-20,4.172,4.241,4.242,4.144,13784166.0,,2.3433763749402163,1.4108082257292986,0.058999999999999275,
510300,2025-08-21,4.245,4.255,4.271,4.235,9130025.0,,0.8488564017920206,0.3301108229191284,0.014000000000000234,
510300,2025-08-22,4.252,4.356,4.361,4.251,13602634.0,,2.5851938895417024,2.3736780258519383,0.10099999999999998,
510300,2025-08-25,4.378,4.442,4.449,4.374,14560918.0,,1.7217630853994532,1.9742883379247085,0.0860000000000003,
510300,2025-08-26,4.431,4.418,4.449,4.404,11142941.0,,1.0130571814497957,-0.5402971634398924,-0.02400000000000002,
510300,2025-08-27,4.418,4.352,4.462,4.35,14126904.0,,2.5350837483024016,-1.4938886373924816,-0.06599999999999984,
510300,2025-08-28,4.346,4.436,4.438,4.329,12764157.0,,2.5045955882352935,1.9301470588235208,0.08399999999999963,
510300,2025-08-29,4.427,4.478,4.49,4.417,13550574.0,,1.6456266907123624,0.9467989179440895,0.041999999999999815,
510300,2025-09-01,4.484,4.493,4.501,4.457,11939867.0,,0.982581509602512,0.33497096918268354,0.015000000000000568,
510300,2025-09-02,4.49,4.467,4.52,4.427,10344122.0,,2.0698864900957035,-0.5786779434676316,-0.02600000000000069,
510300,2025-09-03,4.469,4.426,4.486,4.397,9188625.0,,1.9923886277143392,-0.9178419520931158,-0.04099999999999948,
510300,2025-09-04,4.423,4.333,4.432,4.293,14208228.0,,3.140533212833263,-2.101220063262539,-0.09299999999999997,
510300,2025-09-05,4.327,4.431,4.44,4.319,10603325.0,,2.7925225017309123,2.2617124394184134,0.09799999999999986,
510300,2025-09-08,4.431,4.432,4.45,4.401,10340220.0,,1.105845181674574,0.022568269013774178,0.001000000000000334,
510300,2025-09-09,4.422,4.405,4.441,4.379,6803545.0,,1.3989169675090314,-0.6092057761732882,-0.027000000000000135,
510300,2025-09-10,4.403,4.415,4.439,4.384,6086583.0,,1.248581157775249,0.22701475595913248,0.009999999999999787,
510300,2025-09-11,4.404,4.537,4.539,4.394,9783418.0,,3.2842582106455165,2.763306908267268,0.12199999999999989,
510300,2025-09-12,4.539,4.498,4.541,4.492,9158580.0,,1.0800088163985095,-0.8595988538681882,-0.0389999999999997,
510300,2025-09-15,4.499,4.506,4.539,4.491,7211915.0,,1.067140951534016,0.17785682525566934,0.008000000000000007,
510300,2025-09-16,4.509,4.497,4.529,4.468,7889034.0,,1.3537505548157998,-0.1997336884154536,-0.009000000000000341,
510300,2025-09-17,4.492,4.53,4.536,4.476,7154079.0,,1.3342228152101314,0.7338225483655851,0.03300000000000036,
510300,2025-09-18,4.532,4.471,4.553,4.431,11873727.0,,2.6931567328918296,-1.3024282560706437,-0.05900000000000016,
510300,2025-09-19,4.467,4.481,4.51,4.464,7316138.0,,1.0288526056810416,0.22366360993065953,0.009999999999999787,
510300,2025-09-22,4.481,4.496,4.498,4.459,6292766.0,,0.8703414416425036,0.3347467083240475,0.015000000000000568,
510300,2025-09-23,4.504,4.499,4.533,4.435,10550001.0,,2.17971530249112,0.06672597864766959,0.0029999999999992255,
510300,2025-09-24,4.474,4.54,4.541,4.473,10044859.0,,1.5114469882196158,0.911313625250064,0.04100000000000037,
510300,2025-09-25,4.54,4.572,4.595,4.534,7713362.0,,1.3436123348017608,0.7048458149779742,0.03200000000000003,
510300,2025-09-26,4.554,4.528,4.576,4.527,7153059.0,,1.0717410323709424,-0.9623797025371934,-0.04400000000000048,
510300,2025-09-29,4.525,4.605,4.632,4.517,11954365.0,,2.539752650176664,1.7005300353357078,0.07700000000000085,
510300,2025-09-30,4.611,4.618,4.627,4.597,7403809.0,,0.6514657980455887,0.2823018458197589,0.0129999999999999,
510300,2025-10-09,4.631,4.693,4.713,4.627,8970906.0,,1.8622780424426222,1.6240796881766846,0.07499999999999929,
510300,2025-10-10,4.664,4.596,4.671,4.581,11746426.0,,1.9177498401875104,-2.0669081610909767,-0.09699999999999953,
510300,2025-10-13,4.475,4.569,4.581,4.473,9658362.0,,2.3498694516971397,-0.5874673629242849,-0.027000000000000135,
510300,2025-10-14,4.602,4.522,4.617,4.497,11619095.0,,2.626395272488512,-1.0286714817246598,-0.04699999999999971,
510300,2025-10-15,4.525,4.583,4.592,4.504,9974013.0,,1.946041574524548,1.348960636886332,0.06099999999999994,
510300,2025-10-16,4.566,4.598,4.624,4.566,8124633.0,,1.2655465852061931,0.32729653065676806,0.01499999999999968,
510300,2025-10-17,4.592,4.501,4.601,4.489,8400582.0,,2.435841670291433,-2.1096128751631045,-0.09699999999999953,
510300,2025-10-20,4.528,4.517,4.555,4.501,7644178.0,,1.199733392579413,0.3554765607642749,0.016000000000000014,
510300,2025-10-21,4.533,4.587,4.6,4.529,9598685.0,,1.5718397166260734,1.549701129067952,0.0699999999999994,
510300,2025-10-22,4.567,4.572,4.585,4.545,5544842.0,,0.8720296490080671,-0.3270111183780179,-0.01499999999999968,
510300,2025-10-23,4.564,4.59,4.596,4.519,6993428.0,,1.684164479440069,0.3937007874015703,0.017999999999999794,
510300,2025-10-24,4.605,4.647,4.649,4.604,8653036.0,,0.9803921568627435,1.2418300653594856,0.057000000000000384,
510300,2025-10-27,4.685,4.703,4.708,4.673,7585249.0,,0.7531740908112791,1.2050785452980428,0.05600000000000005,
510300,2025-10-28,4.692,4.679,4.727,4.669,7259491.0,,1.2332553689134746,-0.5103125664469491,-0.02400000000000002,
510300,2025-10-29,4.687,4.739,4.741,4.687,6792784.0,,1.154092754862137,1.2823252831801584,0.05999999999999961,
510300,2025-10-30,4.735,4.7,4.751,4.693,8164619.0,,1.223886895969629,-0.8229584300485272,-0.0389999999999997,
510300,2025-10-31,4.696,4.633,4.703,4.632,14325686.0,,1.5106382978723536,-1.4255319148936205,-0.06700000000000017,
510300,2025-11-03,4.629,4.64,4.644,4.582,7759881.0,,1.3382257716382533,0.15109000647527895,0.006999999999999673,
510300,2025-11-04,4.637,4.606,4.65,4.583,12015243.0,,1.443965517241383,-0.732758620689651,-0.03399999999999981,
510300,2025-11-05,4.569,4.612,4.628,4.545,7633533.0,,1.801997394702566,0.13026487190621422,0.006000000000000227,
510300,2025-11-06,4.619,4.682,4.69,4.619,7326649.0,,1.5394622723330575,1.517779705117092,0.07000000000000028,
510300,2025-11-07,4.667,4.672,4.689,4.651,5392556.0,,0.8116189662537431,-0.21358393848784013,-0.010000000000000675,
510300,2025-11-10,4.674,4.684,4.688,4.64,4483488.0,,1.0273972602739736,0.2568493150685029,0.012000000000000455,
510300,2025-11-11,4.691,4.64,4.701,4.634,5651936.0,,1.4304013663535287,-0.9393680614859198,-0.04400000000000048,
510300,2025-11-12,4.631,4.642,4.66,4.608,5236907.0,,1.1206896551724244,0.04310344827587646,0.002000000000000668,
510300,2025-11-13,4.634,4.689,4.692,4.629,6459561.0,,1.3571736320551617,1.0124946143903426,0.04699999999999971,
510300,2025-11-14,4.662,4.618,4.673,4.616,5936317.0,,1.215611004478575,-1.5141821283855776,-0.07099999999999973,
510300,2025-11-17,4.607,4.587,4.617,4.568,7524669.0,,1.061065396275452,-0.6712862711130485,-0.031000000000000583,
510300,2025-11-18,4.577,4.56,4.594,4.541,8568239.0,,1.1554392849356865,-0.5886200130804476,-0.027000000000000135,
510300,2025-11-19,4.555,4.574,4.594,4.555,8569615.0,,0.8552631578947499,0.3070175438596543,0.014000000000000234,
510300,2025-11-20,4.601,4.553,4.606,4.55,5619395.0,,1.2243113248797561,-0.4591167468299062,-0.020999999999999908,
510300,2025-11-21,4.522,4.441,4.531,4.439,14964004.0,,2.0206457280913606,-2.459916538546016,-0.1120000000000001,
510300,2025-11-24,4.456,4.434,4.462,4.41,11557477.0,,1.1709074532762802,-0.1576221571718008,-0.006999999999999673,
510300,2025-11-25,4.457,4.474,4.5,4.456,8959406.0,,0.9923319801533513,0.9021199819576011,0.040000000000000036,
510300,2025-11-26,4.477,4.503,4.523,4.471,9140793.0,,1.1622708985248011,0.6481895395619114,0.028999999999999915,
510300,2025-11-27,4.506,4.499,4.551,4.495,4793694.0,,1.243615367532757,-0.08882966910949251,-0.004000000000000448,
510300,2025-11-28,4.498,4.512,4.519,4.48,5192341.0,,0.8668593020671195,0.28895310068903984,0.0129999999999999,
510300,2025-12-01,4.523,4.564,4.565,4.516,5783014.0,,1.085992907801427,1.152482269503557,0.05200000000000049,
510300,2025-12-02,4.563,4.543,4.563,4.528,3834449.0,,0.7668711656441749,-0.460122699386501,-0.020999999999999908,
510300,2025-12-03,4.542,4.522,4.561,4.512,3950348.0,,1.0785824345146462,-0.4622496147919856,-0.020999999999999908,
510300,2025-12-04,4.525,4.534,4.548,4.505,4026188.0,,0.9509066784608613,0.265369305616974,0.011999999999999567,
510300,2025-12-05,4.533,4.575,4.587,4.52,6872031.0,,1.4777238641376307,0.9042787825319887,0.04100000000000037,
510300,2025-12-08,4.588,4.609,4.631,4.586,8263438.0,,0.9836065573770475,0.7431693989070995,0.03399999999999981,
510300,2025-12-09,4.604,4.585,4.616,4.571,7001055.0,,0.9763506183553902,-0.5207203297895426,-0.02400000000000002,
510300,2025-12-10,4.577,4.579,4.586,4.535,6207764.0,,1.1123227917121081,-0.1308615049073114,-0.006000000000000227,
510300,2025-12-11,4.585,4.545,4.599,4.539,6199443.0,,1.310329766324536,-0.7425202009172267,-0.03399999999999981,
510300,2025-12-12,4.555,4.571,4.579,4.525,8671539.0,,1.1881188118811745,0.5720572057205677,0.0259999999999998,
510300,2025-12-15,4.551,4.544,4.589,4.427,6917855.0,,3.544082257711678,-0.5906803762852797,-0.027000000000000135,
510300,2025-12-16,4.537,4.497,4.544,4.478,7693550.0,,1.452464788732391,-1.0343309859154868,-0.04699999999999971,
510300,2025-12-17,4.496,4.576,4.592,4.493,10856133.0,,2.201467645096716,1.7567267066933452,0.07899999999999974,
510300,2025-12-18,4.56,4.545,4.569,4.538,6780189.0,,0.6774475524475458,-0.6774475524475458,-0.030999999999999694,
510300,2025-12-19,4.557,4.565,4.591,4.543,8317889.0,,1.056105610561057,0.4400440044004503,0.020000000000000462,
510300,2025-12-22,4.579,4.607,4.612,4.579,8371220.0,,0.7228915662650681,0.9200438116100726,0.041999999999999815,
510300,2025-12-23,4.612,4.617,4.64,4.603,8083405.0,,0.8031256783156049,0.21706099413934854,0.009999999999999787,
510300,2025-12-24,4.617,4.634,4.642,4.603,5334294.0,,0.8447043534762961,0.3682044617717208,0.017000000000000348,
510300,2025-12-25,4.627,4.643,4.654,4.621,4272443.0,,0.7121277514026645,0.19421665947344524,0.008999999999999453,
510300,2025-12-26,4.643,4.661,4.678,4.632,8160801.0,,0.9907387465001133,0.3876803790652551,0.017999999999999794,
510300,2025-12-29,4.657,4.64,4.671,4.626,8529050.0,,0.9654580562111121,-0.4505470928985177,-0.020999999999999908,
510300,2025-12-30,4.623,4.65,4.667,4.619,4772242.0,,1.0344827586206906,0.2155172413793249,0.010000000000000675,
510300,2025-12-31,4.654,4.63,4.666,4.619,6668292.0,,1.0107526881720559,-0.4301075268817303,-0.020000000000000462,
510300,2026-01-05,4.66,4.721,4.725,4.657,10171325.0,,1.4686825053995598,1.965442764578838,0.09100000000000019,
510300,2026-01-06,4.727,4.796,4.797,4.725,10523015.0,,1.5251006142766377,1.588646473204833,0.07500000000000018,
510300,2026-01-07,4.797,4.778,4.804,4.753,9334026.0,,1.0633861551292776,-0.37531276063387575,-0.018000000000000682,
510300,2026-01-08,4.765,4.74,4.771,4.72,6827198.0,,1.0673922143156167,-0.7953118459606399,-0.03799999999999937,
510300,2026-01-09,4.734,4.762,4.78,4.721,11348553.0,,1.244725738396628,0.4641350210970328,0.021999999999999353,
510300,2026-01-12,4.77,4.79,4.806,4.738,13330753.0,,1.4279714405711808,0.5879882402352052,0.02800000000000047,
510300,2026-01-13,4.799,4.773,4.842,4.753,12717832.0,,1.8580375782880902,-0.35490605427975674,-0.017000000000000348,
510300,2026-01-14,4.773,4.743,4.826,4.718,21367223.0,,2.2627278441231855,-0.6285355122564291,-0.02999999999999936,
510300,2026-01-15,4.726,4.752,4.771,4.72,52171489.0,,1.0752688172043043,0.1897533206831004,0.008999999999999453,
510300,2026-01-16,4.782,4.736,4.796,4.715,53201665.0,,1.704545454545463,-0.33670033670033706,-0.016000000000000014,
510300,2026-01-19,4.737,4.738,4.769,4.718,29134399.0,,1.0768581081081114,0.042229729729743835,0.002000000000000668,
510300,2026-01-20,4.735,4.724,4.751,4.688,28867656.0,,1.329674968341085,-0.295483326298021,-0.014000000000000234,
510300,2026-01-21,4.709,4.73,4.764,4.709,49039740.0,,1.164267569856067,0.12701100762066525,0.006000000000000227,
510300,2026-01-22,4.741,4.727,4.76,4.703,43163442.0,,1.2050739957716594,-0.06342494714587978,-0.0030000000000001137,
510300,2026-01-23,4.732,4.704,4.742,4.687,67693781.0,,1.163528665115289,-0.4865665326845901,-0.023000000000000576,
510300,2026-01-26,4.712,4.712,4.76,4.694,59398529.0,,1.4030612244897924,0.17006802721088451,0.008000000000000007,
510300,2026-01-27,4.712,4.71,4.742,4.679,43391350.0,,1.3370118845500791,-0.042444821731744055,-0.0019999999999997797,
510300,2026-01-28,4.725,4.725,4.743,4.704,84977823.0,,0.8280254777070188,0.31847133757961105,0.01499999999999968,
510300,2026-01-29,4.724,4.768,4.779,4.704,35456647.0,,1.587301587301591,0.9100529100529133,0.04300000000000015,
510300,2026-01-30,4.736,4.711,4.758,4.642,16702748.0,,2.4328859060402617,-1.1954697986577076,-0.056999999999999496,
510300,2026-02-02,4.68,4.6,4.719,4.591,26511344.0,,2.7170452133305054,-2.3561876459350595,-0.11100000000000065,
510300,2026-02-03,4.64,4.664,4.668,4.585,10529446.0,,1.8043478260869605,1.3913043478260883,0.06400000000000006,
510300,2026-02-04,4.652,4.707,4.709,4.643,10525059.0,,1.415094339622638,0.9219554030874818,0.04300000000000015,
510300,2026-02-05,4.68,4.679,4.695,4.645,9339829.0,,1.0622477161674253,-0.5948587210537408,-0.02799999999999958,
510300,2026-02-06,4.643,4.649,4.691,4.61,8816737.0,,1.7311391322932146,-0.6411626415900886,-0.03000000000000025,
510300,2026-02-09,4.695,4.727,4.73,4.686,7011195.0,,0.9464400946440198,1.6777801677780229,0.07800000000000029,
510300,2026-02-10,4.733,4.733,4.739,4.72,6804617.0,,0.40194626613074097,0.12693039983074547,0.005999999999999339,
510300,2026-02-11,4.727,4.723,4.732,4.714,3720787.0,,0.38030847242763144,-0.21128248468201535,-0.009999999999999787,
510300,2026-02-12,4.729,4.727,4.735,4.716,3980124.0,,0.40228668219352376,0.08469193309338233,0.004000000000000448,
510300,2026-02-13,4.714,4.671,4.714,4.667,13673572.0,,0.9942881320076283,-1.184683731753756,-0.05600000000000005,
510300,2026-02-24,4.725,4.716,4.736,4.705,6242456.0,,0.6636694497966109,0.9633911368015398,0.04499999999999993,
510300,2026-02-25,4.717,4.75,4.778,4.716,8734031.0,,1.3146734520780192,0.7209499575911749,0.03399999999999981,
510300,2026-02-26,4.751,4.735,4.754,4.712,7663721.0,,0.8842105263157856,-0.3157894736842038,-0.01499999999999968,
510300,2026-02-27,4.72,4.725,4.732,4.7,6062453.0,,0.6758183738120386,-0.21119324181627613,-0.010000000000000675,
510300,2026-03-02,4.694,4.739,4.743,4.674,12423675.0,,1.4603174603174593,0.2962962962963013,0.014000000000000234,
510300,2026-03-03,4.741,4.678,4.751,4.665,9665579.0,,1.8147288457480544,-1.2871913905887307,-0.06099999999999994,
510300,2026-03-04,4.64,4.61,4.65,4.587,8292240.0,,1.3467293715263065,-1.4536126549807526,-0.06799999999999962,
510300,2026-03-05,4.647,4.654,4.678,4.639,5684210.0,,0.8459869848156116,0.9544468546637656,0.043999999999999595,
510300,2026-03-06,4.64,4.667,4.682,4.624,5043759.0,,1.2462397937258427,0.27932960893854536,0.0129999999999999,
510300,2026-03-09,4.623,4.629,4.638,4.56,8380983.0,,1.6713091922005634,-0.814227555174636,-0.038000000000000256,
510300,2026-03-10,4.642,4.683,4.689,4.641,5460125.0,,1.0369410239792622,1.1665586519766746,0.05400000000000027,
510300,2026-03-11,4.686,4.711,4.719,4.682,5937122.0,,0.7900918214819543,0.5979073243647335,0.02800000000000047,
510300,2026-03-12,4.711,4.694,4.711,4.665,3433836.0,,0.9764381235406551,-0.36085756739546476,-0.017000000000000348,
510300,2026-03-13,4.672,4.677,4.716,4.67,3251129.0,,0.9799744354495157,-0.3621644652748263,-0.017000000000000348,
510300,2026-03-16,4.675,4.68,4.686,4.632,4038627.0,,1.1545862732520906,0.06414368184734047,0.0030000000000001137,
510300,2026-03-17,4.686,4.646,4.731,4.645,7233377.0,,1.8376068376068442,-0.7264957264957225,-0.03399999999999981,
510300,2026-03-18,4.652,4.662,4.67,4.616,7702627.0,,1.1622901420576899,0.34438226431338814,0.016000000000000014,
510300,2026-03-19,4.621,4.599,4.641,4.581,7722418.0,,1.2870012870012786,-1.3513513513513453,-0.06299999999999972,
510300,2026-03-20,4.598,4.576,4.635,4.573,7612736.0,,1.3481191563383212,-0.5001087192868139,-0.023000000000000576,
510300,2026-03-23,4.528,4.43,4.537,4.406,15234981.0,,2.862762237762243,-3.1905594405594386,-0.1459999999999999,
510300,2026-03-24,4.463,4.479,4.48,4.405,8504351.0,,1.693002257336347,1.1060948081264195,0.04900000000000038,
510300,2026-03-25,4.51,4.544,4.549,4.504,8677126.0,,1.0046885465505875,1.4512167894619223,0.0649999999999995,
510300,2026-03-26,4.536,4.488,4.547,4.477,4742424.0,,1.5404929577464657,-1.2323943661971648,-0.05599999999999916,
510300,2026-03-27,4.45,4.508,4.53,4.445,5626908.0,,1.893939393939393,0.44563279857396554,0.019999999999999574,
510300,2026-03-30,4.462,4.5,4.505,4.453,5439943.0,,1.153504880212946,-0.17746228926353166,-0.008000000000000007,
510300,2026-03-31,4.501,4.463,4.529,4.462,5305656.0,,1.4888888888888927,-0.8222222222222205,-0.03699999999999992,
510300,2026-04-01,4.52,4.534,4.542,4.501,5012281.0,,0.9186645753977029,1.5908581671521336,0.07099999999999973,
510300,2026-04-02,4.521,4.489,4.526,4.47,4663511.0,,1.235112483458316,-0.9925011027790016,-0.04499999999999993,
510300,2026-04-03,4.495,4.454,4.506,4.446,4261096.0,,1.3366005791935955,-0.7796836711962607,-0.03500000000000014,
510300,2026-04-07,4.455,4.446,4.47,4.431,4285686.0,,0.8756174225415291,-0.17961383026493055,-0.008000000000000007,
510300,2026-04-08,4.519,4.602,4.604,4.517,9968846.0,,1.956815114709846,3.5087719298245745,0.15600000000000058,
510300,2026-04-09,4.573,4.572,4.586,4.56,7049553.0,,0.5649717514124443,-0.6518904823989624,-0.03000000000000025,
510300,2026-04-10,4.588,4.642,4.664,4.588,9063873.0,,1.6622922134733078,1.5310586176727972,0.07000000000000028,
510300,2026-04-13,4.629,4.652,4.66,4.623,3928926.0,,0.7970702283498474,0.21542438604049519,0.009999999999999787,
510300,2026-04-14,4.679,4.712,4.712,4.663,4276571.0,,1.053310404127246,1.2897678417884697,0.05999999999999961,
510300,2026-04-15,4.732,4.694,4.746,4.684,6759806.0,,1.3157894736842166,-0.3820033955857342,-0.017999999999999794,
510300,2026-04-16,4.704,4.746,4.747,4.7,8532344.0,,1.0012782275244931,1.1077971878994566,0.05200000000000049,
510300,2026-04-17,4.737,4.739,4.75,4.722,7361501.0,,0.5899705014749174,-0.14749262536874339,-0.007000000000000561,
510300,2026-04-20,4.735,4.765,4.777,4.728,7624578.0,,1.033973412112268,0.5486389533656847,0.0259999999999998,
510300,2026-04-21,4.764,4.776,4.786,4.73,6361081.0,,1.1752360965372333,0.23084994753410537,0.01100000000000012,
510300,2026-04-22,4.76,4.811,4.813,4.756,10125926.0,,1.1934673366834065,0.7328308207705222,0.03500000000000014,
510300,2026-04-23,4.82,4.801,4.834,4.772,10085181.0,,1.2887133652047265,-0.2078569943878567,-0.009999999999999787,
510300,2026-04-24,4.785,4.782,4.798,4.75,7193226.0,,0.999791710060405,-0.39575088523224594,-0.019000000000000128,
510300,2026-04-27,4.786,4.782,4.81,4.773,9280360.0,,0.7737348389795049,0.0,0.0,
510300,2026-04-28,4.766,4.77,4.79,4.757,8644202.0,,0.6900878293601079,-0.25094102885822783,-0.012000000000000455,
510300,2026-04-29,4.755,4.821,4.828,4.755,12796798.0,,1.5303983228511615,1.0691823899371102,0.051000000000000156,
510300,2026-04-30,4.83,4.824,4.841,4.808,16517864.0,,0.6845052893590617,0.06222775357809819,0.0030000000000001137,
510300,2026-05-06,4.866,4.888,4.914,4.852,18677828.0,,1.2852404643449293,1.326699834162522,0.06400000000000006,
510300,2026-05-07,4.905,4.912,4.914,4.879,20946226.0,,0.71603927986907,0.4909983633387893,0.02400000000000002,
510300,2026-05-08,4.89,4.886,4.902,4.862,12535649.0,,0.814332247557004,-0.5293159609120481,-0.0259999999999998,
510300,2026-05-11,4.911,4.966,4.98,4.9,21165218.0,,1.6373311502251346,1.6373311502251346,0.08000000000000007,
510300,2026-05-12,4.975,4.963,4.987,4.944,10021705.0,,0.8658880386629108,-0.060410793395088876,-0.0030000000000001137,
510300,2026-05-13,4.94,5.017,5.023,4.939,12726150.0,,1.6925246826516145,1.0880515817046195,0.05400000000000027,
510300,2026-05-14,5.037,4.941,5.041,4.931,10281646.0,,2.192545345824204,-1.5148495116603649,-0.07600000000000051,
510300,2026-05-15,4.935,4.878,4.954,4.852,10479024.0,,2.06435944140861,-1.2750455373406138,-0.06299999999999972,
510300,2026-05-18,4.855,4.852,4.885,4.819,5835764.0,,1.353013530135298,-0.5330053300532964,-0.0259999999999998,
510300,2026-05-19,4.843,4.869,4.874,4.789,9674999.0,,1.7518549051937338,0.35037098103873576,0.01699999999999946,
510300,2026-05-20,4.845,4.871,4.882,4.84,9597201.0,,0.8626001232285854,0.04107619634423224,0.002000000000000668,
510300,2026-05-21,4.897,4.808,4.954,4.801,12055773.0,,3.141038801067534,-1.2933689180866477,-0.06300000000000061,
510300,2026-05-22,4.828,4.862,4.868,4.807,13250518.0,,1.268718801996671,1.1231281198003384,0.05400000000000027,
510300,2026-05-25,4.88,4.937,4.938,4.872,16250559.0,,1.3574660633484128,1.5425750719868403,0.07500000000000018,
510300,2026-05-26,4.912,4.972,4.975,4.91,9686752.0,,1.3165890216730707,0.7089325501316617,0.03500000000000014,
510300,2026-05-27,4.963,4.932,4.993,4.913,6405215.0,,1.609010458567982,-0.804505229283991,-0.040000000000000036,
510300,2026-05-28,4.917,4.932,4.948,4.866,4396498.0,,1.66261151662613,0.0,0.0,
510300,2026-05-29,4.946,4.923,4.978,4.9,6566854.0,,1.5815085158150728,-0.18248175182482443,-0.009000000000000341,
510300,2026-06-01,4.923,4.868,4.94,4.861,4990927.0,,1.6047125736339758,-1.1172049563274369,-0.054999999999999716,
510300,2026-06-02,4.867,4.936,4.956,4.856,6809437.0,,2.0542317173377267,1.3968775677896388,0.06799999999999962,
