code,date,open,close,high,low,volume,amount,amplitude,pct_chg,price_change,turnover_rate
510310,2014-05-23,1.431,1.449,1.449,1.431,15117.0,,,,,
510310,2014-05-26,1.451,1.457,1.463,1.447,24857.0,,1.1042097998619747,0.5521048999309873,0.008000000000000007,
510310,2014-05-27,1.455,1.449,1.457,1.449,4354.0,,0.5490734385724095,-0.5490734385724095,-0.008000000000000007,
510310,2014-05-28,1.447,1.467,1.467,1.445,14752.0,,1.5182884748102152,1.2422360248447217,0.018000000000000016,
510310,2014-05-29,1.465,1.455,1.471,1.455,11302.0,,1.0906612133606008,-0.8179959100204505,-0.01200000000000001,
510310,2014-05-30,1.457,1.455,1.463,1.449,9292.0,,0.9621993127147774,0.0,0.0,
510310,2014-06-03,1.457,1.449,1.465,1.447,57189.0,,1.2371134020618566,-0.4123711340206189,-0.006000000000000005,
510310,2014-06-04,1.447,1.429,1.447,1.425,6859.0,,1.5182884748102152,-1.3802622498274684,-0.020000000000000018,
510310,2014-06-05,1.429,1.453,1.453,1.429,18252.0,,1.679496151154655,1.679496151154655,0.02400000000000002,
510310,2014-06-06,1.455,1.439,1.455,1.429,22255.0,,1.7894012388162437,-0.9635237439779775,-0.014000000000000012,
510310,2014-06-09,1.437,1.437,1.455,1.431,129357.0,,1.6678248783877705,-0.13898540653231423,-0.0020000000000000018,
510310,2014-06-10,1.439,1.457,1.459,1.437,115851.0,,1.5309672929714695,1.3917884481558815,0.020000000000000018,
510310,2014-06-11,1.455,1.455,1.459,1.451,21017.0,,0.5490734385724095,-0.13726835964310238,-0.0020000000000000018,
510310,2014-06-12,1.453,1.455,1.459,1.451,8852.0,,0.5498281786941586,0.0,0.0,
510310,2014-06-13,1.457,1.473,1.481,1.453,28296.0,,1.9243986254295549,1.2371134020618566,0.018000000000000016,
510310,2014-06-16,1.475,1.485,1.489,1.471,13715.0,,1.2219959266802454,0.8146639511201635,0.01200000000000001,
510310,2014-06-17,1.483,1.467,1.483,1.467,2219045.0,,1.0774410774410783,-1.2121212121212133,-0.018000000000000016,
510310,2014-06-18,1.469,1.467,1.475,1.463,8060.0,,0.8179959100204505,0.0,0.0,
510310,2014-06-19,1.467,1.439,1.467,1.433,318986.0,,2.3176550783912764,-1.9086571233810512,-0.028000000000000025,
510310,2014-06-20,1.437,1.443,1.447,1.437,273279.0,,0.6949270326615712,0.27797081306462845,0.0040000000000000036,
510310,2014-06-23,1.445,1.441,1.451,1.439,45936.0,,0.8316008316008323,-0.1386001386001387,-0.0020000000000000018,
510310,2014-06-24,1.443,1.457,1.457,1.443,27890.0,,0.9715475364330335,1.1103400416377525,0.016000000000000014,
510310,2014-06-25,1.467,1.451,1.467,1.443,27049.0,,1.6472203157172287,-0.4118050789293072,-0.006000000000000005,
510310,2014-06-26,1.451,1.459,1.463,1.451,38943.0,,0.8270158511371475,0.5513439007580982,0.008000000000000007,
510310,2014-06-27,1.457,1.461,1.469,1.451,40676.0,,1.233721727210419,0.1370801919122688,0.0020000000000000018,
510310,2014-06-30,1.463,1.473,1.477,1.463,87140.0,,0.9582477754962362,0.8213552361396311,0.01200000000000001,
510310,2014-07-01,1.477,1.471,1.479,1.467,201628.0,,0.8146639511201635,-0.13577732518669391,-0.0020000000000000018,
510310,2014-07-02,1.473,1.479,1.479,1.465,164288.0,,0.9517335146159083,0.5438477226376619,0.008000000000000007,
510310,2014-07-03,1.477,1.489,1.491,1.475,130987.0,,1.081812035158892,0.6761325219743075,0.010000000000000009,
510310,2014-07-04,1.487,1.487,1.491,1.483,120155.0,,0.5372733378106116,-0.1343183344526529,-0.0020000000000000018,
510310,2014-07-07,1.485,1.483,1.491,1.479,118754.0,,0.806993947545394,-0.26899798251513135,-0.0040000000000000036,
510310,2014-07-08,1.483,1.485,1.487,1.477,14360.0,,0.6743088334457187,0.13486176668914374,0.0020000000000000018,
510310,2014-07-09,1.487,1.463,1.487,1.463,219257.0,,1.6161616161616175,-1.4814814814814827,-0.02200000000000002,
510310,2014-07-10,1.465,1.463,1.469,1.461,27632.0,,0.5468215994531789,0.0,0.0,
510310,2014-07-11,1.461,1.467,1.475,1.461,51479.0,,0.956937799043063,0.27341079972658944,0.0040000000000000036,
510310,2014-07-14,1.471,1.493,1.493,1.471,118668.0,,1.499659168370826,1.7723244717109763,0.026000000000000023,
510310,2014-07-15,1.491,1.491,1.495,1.485,11635.0,,0.6697923643670467,-0.13395847287340934,-0.0020000000000000018,
510310,2014-07-16,1.489,1.487,1.499,1.485,131954.0,,0.9389671361502354,-0.26827632461435297,-0.0040000000000000036,
510310,2014-07-17,1.485,1.483,1.487,1.475,6794.0,,0.806993947545394,-0.26899798251513135,-0.0040000000000000036,
510310,2014-07-18,1.481,1.487,1.499,1.479,35311.0,,1.3486176668914374,0.26972353337828747,0.0040000000000000036,
510310,2014-07-21,1.489,1.489,1.495,1.485,159314.0,,0.6724949562878284,0.13449899125756568,0.0020000000000000018,
510310,2014-07-22,1.487,1.511,1.519,1.487,303928.0,,2.1490933512424313,1.477501678979167,0.021999999999999797,
510310,2014-07-23,1.513,1.513,1.529,1.509,153353.0,,1.3236267372600938,0.1323626737260094,0.0020000000000000018,
510310,2014-07-24,1.515,1.551,1.551,1.515,90626.0,,2.379378717779249,2.5115664243225404,0.038000000000000034,
510310,2014-07-25,1.553,1.575,1.575,1.551,134325.0,,1.547388781431336,1.547388781431336,0.02400000000000002,
510310,2014-07-28,1.573,1.619,1.627,1.573,151963.0,,3.4285714285714315,2.793650793650796,0.04400000000000004,
510310,2014-07-29,1.623,1.631,1.633,1.613,235132.0,,1.2353304508956158,0.7411982705373694,0.01200000000000001,
510310,2014-07-30,1.629,1.627,1.636,1.617,28641.0,,1.1649294911097428,-0.24524831391784202,-0.0040000000000000036,
510310,2014-07-31,1.625,1.652,1.652,1.617,31876.0,,2.1511985248924352,1.536570374923166,0.02499999999999991,
510310,2014-08-01,1.654,1.625,1.664,1.625,48634.0,,2.3607748184019326,-1.6343825665859513,-0.026999999999999913,
510310,2014-08-04,1.623,1.664,1.664,1.623,2432890.0,,2.5230769230769186,2.399999999999995,0.038999999999999924,
510310,2014-08-05,1.662,1.658,1.668,1.646,268677.0,,1.322115384615386,-0.3605769230769234,-0.006000000000000005,
510310,2014-08-06,1.658,1.65,1.66,1.627,76916.0,,1.9903498190591025,-0.4825090470446326,-0.008000000000000007,
510310,2014-08-07,1.65,1.627,1.656,1.625,130187.0,,1.8787878787878738,-1.3939393939393885,-0.02299999999999991,
510310,2014-08-08,1.625,1.631,1.638,1.621,25497.0,,1.0448678549477506,0.24585125998770763,0.0040000000000000036,
510310,2014-08-11,1.633,1.654,1.66,1.633,45714.0,,1.655426118945427,1.4101778050275848,0.02299999999999991,
510310,2014-08-12,1.656,1.652,1.656,1.64,146319.0,,0.9673518742442574,-0.12091898428053217,-0.0020000000000000018,
510310,2014-08-13,1.65,1.65,1.66,1.629,52551.0,,1.8765133171912782,-0.12106537530266355,-0.0020000000000000018,
510310,2014-08-14,1.65,1.636,1.652,1.627,219087.0,,1.5151515151515098,-0.8484848484848493,-0.014000000000000012,
510310,2014-08-15,1.633,1.652,1.658,1.631,13282.0,,1.6503667481662538,0.9779951100244507,0.016000000000000014,
510310,2014-08-18,1.654,1.658,1.664,1.65,385183.0,,0.8474576271186449,0.36319612590799066,0.006000000000000005,
510310,2014-08-19,1.66,1.66,1.666,1.648,107968.0,,1.0856453558504233,0.12062726176115815,0.0020000000000000018,
510310,2014-08-20,1.66,1.654,1.662,1.652,4679.0,,0.6024096385542175,-0.36144578313253045,-0.006000000000000005,
510310,2014-08-21,1.652,1.644,1.654,1.631,91563.0,,1.3905683192261131,-0.6045949214026608,-0.010000000000000009,
510310,2014-08-22,1.646,1.652,1.658,1.642,334152.0,,0.973236009732361,0.4866180048661805,0.008000000000000007,
510310,2014-08-25,1.654,1.644,1.656,1.638,16430.0,,1.0895883777239719,-0.4842615012106542,-0.008000000000000007,
510310,2014-08-26,1.642,1.625,1.642,1.621,74036.0,,1.2773722627737172,-1.155717761557172,-0.018999999999999906,
510310,2014-08-27,1.623,1.625,1.633,1.621,205751.0,,0.7384615384615392,0.0,0.0,
510310,2014-08-28,1.627,1.613,1.629,1.613,33244.0,,0.9846153846153856,-0.7384615384615392,-0.01200000000000001,
510310,2014-08-29,1.615,1.638,1.638,1.615,13761.0,,1.4259144451332866,1.5499070055796598,0.02499999999999991,
510310,2014-09-01,1.64,1.65,1.65,1.633,88684.0,,1.0378510378510322,0.7326007326007333,0.01200000000000001,
510310,2014-09-02,1.648,1.676,1.68,1.642,165103.0,,2.3030303030303054,1.5757575757575772,0.026000000000000023,
510310,2014-09-03,1.678,1.69,1.698,1.678,190882.0,,1.1933174224343688,0.835322195704058,0.014000000000000012,
510310,2014-09-04,1.692,1.708,1.708,1.686,250275.0,,1.3017751479289952,1.0650887573964507,0.018000000000000016,
510310,2014-09-05,1.71,1.726,1.73,1.708,316008.0,,1.2880562060889942,1.053864168618268,0.018000000000000016,
510310,2014-09-09,1.724,1.72,1.73,1.714,23456.0,,0.9269988412514493,-0.34762456546929343,-0.006000000000000005,
510310,2014-09-10,1.718,1.712,1.718,1.7,16600.0,,1.0465116279069777,-0.4651162790697679,-0.008000000000000007,
510310,2014-09-11,1.71,1.7,1.738,1.696,48648.0,,2.4532710280373857,-0.700934579439253,-0.01200000000000001,
510310,2014-09-12,1.702,1.718,1.718,1.696,346516.0,,1.2941176470588247,1.0588235294117656,0.018000000000000016,
510310,2014-09-15,1.716,1.708,1.716,1.7,225238.0,,0.9313154831199077,-0.5820721769499424,-0.010000000000000009,
510310,2014-09-16,1.71,1.676,1.718,1.674,93880.0,,2.5761124121779884,-1.8735362997658096,-0.03200000000000003,
510310,2014-09-17,1.678,1.682,1.686,1.672,236406.0,,0.835322195704058,0.3579952267303106,0.006000000000000005,
510310,2014-09-18,1.684,1.688,1.694,1.678,111415.0,,0.9512485136741984,0.35671819262782434,0.006000000000000005,
510310,2014-09-19,1.69,1.71,1.71,1.688,21505.0,,1.3033175355450248,1.3033175355450248,0.02200000000000002,
510310,2014-09-22,1.708,1.666,1.708,1.664,251221.0,,2.5730994152046804,-2.5730994152046804,-0.04400000000000004,
510310,2014-09-23,1.666,1.68,1.686,1.666,35530.0,,1.2004801920768318,0.8403361344537823,0.014000000000000012,
510310,2014-09-24,1.678,1.722,1.726,1.672,61994.0,,3.2142857142857175,2.500000000000002,0.04200000000000004,
510310,2014-09-25,1.724,1.712,1.738,1.712,15851.0,,1.50987224157956,-0.5807200929152154,-0.010000000000000009,
510310,2014-09-26,1.71,1.718,1.72,1.706,9099.0,,0.8177570093457952,0.3504672897196265,0.006000000000000005,
510310,2014-09-29,1.718,1.72,1.728,1.712,206702.0,,0.9313154831199077,0.11641443538998847,0.0020000000000000018,
510310,2014-09-30,1.718,1.732,1.736,1.716,27723.0,,1.1627906976744196,0.6976744186046517,0.01200000000000001,
510310,2014-10-08,1.732,1.744,1.744,1.722,347848.0,,1.2702078521939966,0.6928406466512709,0.01200000000000001,
510310,2014-10-09,1.742,1.746,1.752,1.736,24163.0,,0.9174311926605512,0.1146788990825689,0.0020000000000000018,
510310,2014-10-10,1.744,1.732,1.746,1.726,301648.0,,1.145475372279497,-0.801832760595648,-0.014000000000000012,
510310,2014-10-13,1.734,1.726,1.734,1.704,174864.0,,1.732101616628177,-0.34642032332563544,-0.006000000000000005,
510310,2014-10-14,1.724,1.718,1.736,1.71,418870.0,,1.5063731170336052,-0.46349942062572463,-0.008000000000000007,
510310,2014-10-15,1.718,1.732,1.734,1.71,8809.0,,1.3969732246798614,0.8149010477299193,0.014000000000000012,
510310,2014-10-16,1.73,1.724,1.746,1.722,16962.0,,1.3856812933025418,-0.46189376443418056,-0.008000000000000007,
510310,2014-10-17,1.726,1.716,1.73,1.698,8636.0,,1.856148491879352,-0.464037122969838,-0.008000000000000007,
510310,2014-10-20,1.716,1.72,1.726,1.714,206321.0,,0.6993006993006999,0.2331002331002333,0.0040000000000000036,
510310,2014-10-21,1.71,1.71,1.734,1.71,7416.0,,1.3953488372093035,-0.5813953488372098,-0.010000000000000009,
510310,2014-10-22,1.712,1.702,1.716,1.698,308422.0,,1.0526315789473695,-0.46783625730994194,-0.008000000000000007,
510310,2014-10-23,1.702,1.684,1.702,1.682,67482.0,,1.1750881316098718,-1.0575793184488846,-0.018000000000000016,
510310,2014-10-24,1.686,1.676,1.69,1.676,17169.0,,0.8313539192399056,-0.4750593824228033,-0.008000000000000007,
510310,2014-10-27,1.674,1.664,1.674,1.658,55984.0,,0.954653937947495,-0.7159904534606212,-0.01200000000000001,
510310,2014-10-28,1.666,1.702,1.702,1.666,14409.0,,2.1634615384615405,2.2836538461538485,0.038000000000000034,
510310,2014-10-29,1.7,1.722,1.73,1.696,25080.0,,1.9976498237367821,1.1750881316098718,0.020000000000000018,
510310,2014-10-30,1.72,1.736,1.74,1.72,337943.0,,1.1614401858304308,0.8130081300813016,0.014000000000000012,
510310,2014-10-31,1.734,1.774,1.776,1.734,262179.0,,2.4193548387096793,2.188940092165901,0.038000000000000034,
510310,2014-11-03,1.772,1.77,1.78,1.766,13948.0,,0.7891770011273964,-0.22547914317925613,-0.0040000000000000036,
510310,2014-11-04,1.77,1.77,1.774,1.762,471241.0,,0.6779661016949159,0.0,0.0,
510310,2014-11-05,1.772,1.768,1.776,1.762,33555.0,,0.7909604519774018,-0.11299435028248597,-0.0020000000000000018,
510310,2014-11-06,1.77,1.768,1.77,1.752,10461.0,,1.018099547511313,0.0,0.0,
510310,2014-11-07,1.77,1.77,1.796,1.754,336282.0,,2.3755656108597303,0.11312217194570146,0.0020000000000000018,
510310,2014-11-10,1.772,1.814,1.814,1.772,57077.0,,2.3728813559322055,2.4858757062146917,0.04400000000000004,
510310,2014-11-11,1.816,1.808,1.858,1.796,1147312.0,,3.4178610804851184,-0.3307607497243663,-0.006000000000000005,
510310,2014-11-12,1.806,1.848,1.848,1.798,270727.0,,2.765486725663719,2.2123893805309756,0.040000000000000036,
510310,2014-11-13,1.85,1.838,1.854,1.824,535737.0,,1.6233766233766247,-0.5411255411255417,-0.010000000000000009,
510310,2014-11-14,1.836,1.836,1.836,1.814,414917.0,,1.1969532100108824,-0.1088139281828075,-0.0020000000000000018,
510310,2014-11-17,1.838,1.824,1.856,1.824,230048.0,,1.7429193899782152,-0.6535947712418306,-0.01200000000000001,
510310,2014-11-18,1.822,1.8,1.824,1.796,448496.0,,1.5350877192982468,-1.3157894736842117,-0.02400000000000002,
510310,2014-11-19,1.802,1.8,1.808,1.792,207709.0,,0.8888888888888896,0.0,0.0,
510310,2014-11-20,1.8,1.798,1.806,1.786,216632.0,,1.111111111111112,-0.1111111111111112,-0.0020000000000000018,
510310,2014-11-21,1.798,1.838,1.84,1.796,181184.0,,2.4471635150166873,2.2246941045606246,0.040000000000000036,
510310,2014-11-24,1.854,1.888,1.902,1.842,167208.0,,3.2644178454842123,2.7203482045701755,0.04999999999999982,
510310,2014-11-25,1.888,1.914,1.916,1.886,32913.0,,1.5889830508474594,1.377118644067798,0.026000000000000023,
510310,2014-11-26,1.92,1.934,1.938,1.914,81697.0,,1.2539184952978069,1.044932079414839,0.020000000000000018,
510310,2014-11-27,1.94,1.958,1.972,1.94,317770.0,,1.6546018614270956,1.2409513960703218,0.02400000000000002,
510310,2014-11-28,1.96,2.016,2.016,1.952,208954.0,,3.2686414708886646,2.9622063329928525,0.05800000000000005,
510310,2014-12-01,2.014,2.022,2.044,2.006,331740.0,,1.8849206349206478,0.29761904761903685,0.005999999999999783,
510310,2014-12-02,2.022,2.14,2.2,2.004,40983.0,,9.693372898120682,5.835806132542054,0.11800000000000033,
510310,2014-12-03,2.142,2.146,2.196,2.102,95480.0,,4.392523364485995,0.2803738317756908,0.005999999999999783,
510310,2014-12-04,2.148,2.352,2.386,2.148,909903.0,,11.09040074557316,9.599254426840632,0.20599999999999996,
510310,2014-12-05,2.386,2.288,2.448,2.162,250327.0,,12.159863945578234,-2.7210884353741522,-0.06400000000000006,
510310,2014-12-08,2.28,2.362,2.382,2.218,441980.0,,7.167832167832175,3.234265734265747,0.07400000000000029,
510310,2014-12-09,2.362,2.24,2.478,2.17,399014.0,,13.03979678238782,-5.165114309906853,-0.12199999999999989,
510310,2014-12-10,2.248,2.344,2.36,2.22,140204.0,,6.249999999999986,4.642857142857127,0.10399999999999965,
510310,2014-12-11,2.33,2.318,2.364,2.3,331211.0,,2.730375426621163,-1.1092150170648378,-0.0259999999999998,
510310,2014-12-12,2.32,2.318,2.358,2.308,67355.0,,2.157031924072488,0.0,0.0,
510310,2014-12-15,2.316,2.344,2.354,2.284,530910.0,,3.019844693701479,1.1216566005176791,0.0259999999999998,
510310,2014-12-16,2.344,2.404,2.406,2.334,84047.0,,3.0716723549488085,2.5597269624573404,0.06000000000000005,
510310,2014-12-17,2.408,2.458,2.46,2.384,114782.0,,3.1613976705490874,2.246256239600677,0.05400000000000027,
510310,2014-12-18,2.464,2.448,2.478,2.434,81540.0,,1.7900732302685125,-0.40683482506103463,-0.010000000000000231,
510310,2014-12-19,2.45,2.484,2.492,2.39,243077.0,,4.166666666666662,1.470588235294119,0.03600000000000003,
510310,2014-12-22,2.484,2.496,2.546,2.462,539436.0,,3.38164251207728,0.48309178743961395,0.01200000000000001,
510310,2014-12-23,2.484,2.422,2.51,2.22,824626.0,,11.618589743589727,-2.964743589743583,-0.07399999999999984,
510310,2014-12-24,2.426,2.326,2.434,2.308,593809.0,,5.202312138728337,-3.9636663914120596,-0.09600000000000009,
510310,2014-12-25,2.336,2.44,2.446,2.336,59218.0,,4.729148753224433,4.901117798796211,0.11399999999999988,
510310,2014-12-26,2.442,2.54,2.546,2.436,614030.0,,4.508196721311471,4.098360655737709,0.10000000000000009,
510310,2014-12-29,2.62,2.548,2.82,2.514,95887.0,,12.04724409448819,0.3149606299212601,0.008000000000000007,
510310,2014-12-30,2.542,2.536,2.55,2.5,283606.0,,1.9623233908948126,-0.4709576138147571,-0.01200000000000001,
510310,2014-12-31,2.536,2.616,2.622,2.524,131085.0,,3.8643533123028337,3.154574132492116,0.08000000000000007,
510310,2015-01-05,2.616,2.698,2.712,2.616,453266.0,,3.6697247706422047,3.1345565749235416,0.08199999999999985,
510310,2015-01-06,2.698,2.68,2.722,2.646,169140.0,,2.8169014084507067,-0.6671608598962118,-0.017999999999999794,
510310,2015-01-07,2.674,2.678,2.698,2.644,583146.0,,2.014925373134322,-0.07462686567165014,-0.002000000000000224,
510310,2015-01-08,2.68,2.622,2.686,2.602,499884.0,,3.1366691560866347,-2.091112770724423,-0.05600000000000005,
510310,2015-01-09,2.616,2.614,2.74,2.604,558025.0,,5.186880244088487,-0.3051106025934404,-0.008000000000000007,
510310,2015-01-12,2.58,2.592,2.65,2.536,1373277.0,,4.3611323641928035,-0.8416220351950956,-0.021999999999999797,
510310,2015-01-13,2.592,2.576,2.61,2.566,603183.0,,1.6975308641975322,-0.6172839506172845,-0.016000000000000014,
510310,2015-01-14,2.578,2.568,2.608,2.538,155851.0,,2.7173913043478373,-0.31055900621118043,-0.008000000000000007,
510310,2015-01-15,2.568,2.65,2.652,2.558,184224.0,,3.6604361370716627,3.193146417445477,0.08199999999999985,
510310,2015-01-16,2.676,2.676,2.7,2.648,467133.0,,1.962264150943398,0.9811320754717073,0.026000000000000245,
510310,2015-01-19,2.46,2.404,2.568,2.382,382642.0,,6.950672645739909,-10.164424514200308,-0.27200000000000024,
510310,2015-01-20,2.402,2.486,2.5,2.402,665784.0,,4.076539101497499,3.410981697171393,0.0820000000000003,
510310,2015-01-21,2.488,2.598,2.606,2.488,1461611.0,,4.746580852775538,4.505229283990332,0.11199999999999966,
510310,2015-01-22,2.598,2.614,2.626,2.576,215991.0,,1.924557351809077,0.6158583525789074,0.016000000000000014,
510310,2015-01-23,2.614,2.62,2.666,2.604,583646.0,,2.371843917368012,0.22953328232594594,0.006000000000000227,
510310,2015-01-26,2.628,2.644,2.646,2.606,46600.0,,1.5267175572519098,0.9160305343511458,0.02400000000000002,
510310,2015-01-27,2.644,2.62,2.656,2.564,448278.0,,3.479576399394859,-0.9077155824508328,-0.02400000000000002,
510310,2015-01-28,2.61,2.588,2.63,2.582,507061.0,,1.8320610687022916,-1.2213740458015276,-0.03200000000000003,
510310,2015-01-29,2.568,2.544,2.568,2.52,76066.0,,1.8547140649149938,-1.700154559505411,-0.04400000000000004,
510310,2015-01-30,2.552,2.524,2.572,2.512,1585480.0,,2.3584905660377378,-0.7861635220125793,-0.020000000000000018,
510310,2015-02-02,2.464,2.446,2.494,2.44,877290.0,,2.1394611727416906,-3.0903328050713093,-0.07799999999999985,
510310,2015-02-03,2.456,2.516,2.518,2.452,291488.0,,2.698282910874891,2.861815208503673,0.06999999999999984,
510310,2015-02-04,2.518,2.482,2.546,2.482,281313.0,,2.543720190778999,-1.3513513513513438,-0.03399999999999981,
510310,2015-02-05,2.528,2.462,2.562,2.462,97580.0,,4.029008863819486,-0.8058017727639007,-0.020000000000000018,
510310,2015-02-06,2.454,2.412,2.462,2.394,88889.0,,2.7619821283509363,-2.0308692120227563,-0.050000000000000266,
510310,2015-02-09,2.412,2.446,2.468,2.372,95649.0,,3.9800995024875654,1.409618573797689,0.03400000000000025,
510310,2015-02-10,2.444,2.488,2.488,2.436,164252.0,,2.1259198691741634,1.7170891251021998,0.041999999999999815,
510310,2015-02-11,2.49,2.51,2.528,2.488,257832.0,,1.6077170418006443,0.8842443729903455,0.021999999999999797,
510310,2015-02-12,2.512,2.522,2.526,2.492,48158.0,,1.3545816733067655,0.47808764940239096,0.01200000000000001,
510310,2015-02-13,2.522,2.538,2.572,2.522,349568.0,,1.9825535289452922,0.6344171292624907,0.016000000000000014,
510310,2015-02-16,2.532,2.56,2.57,2.532,190582.0,,1.4972419227738303,0.8668242710795998,0.02200000000000024,
510310,2015-02-17,2.566,2.584,2.594,2.566,57346.0,,1.0937500000000009,0.9375000000000009,0.02400000000000002,
510310,2015-02-25,2.584,2.54,2.584,2.532,136954.0,,2.0123839009287945,-1.70278637770898,-0.04400000000000004,
510310,2015-02-26,2.54,2.622,2.622,2.526,227835.0,,3.7795275590551216,3.2283464566929077,0.08199999999999985,
510310,2015-02-27,2.626,2.626,2.646,2.608,286391.0,,1.4492753623188335,0.1525553012967202,0.0040000000000000036,
510310,2015-03-02,2.634,2.644,2.648,2.62,407899.0,,1.0662604722010673,0.6854531607006945,0.018000000000000238,
510310,2015-03-03,2.638,2.57,2.638,2.562,281460.0,,2.8744326777609706,-2.7987897125567427,-0.07400000000000029,
510310,2015-03-04,2.57,2.586,2.594,2.556,371779.0,,1.478599221789876,0.6225680933852146,0.016000000000000014,
510310,2015-03-05,2.578,2.558,2.578,2.534,94936.0,,1.7014694508894062,-1.0827532869296221,-0.028000000000000025,
510310,2015-03-06,2.56,2.54,2.574,2.54,62746.0,,1.329163408913206,-0.7036747458952226,-0.017999999999999794,
510310,2015-03-09,2.52,2.592,2.61,2.49,262231.0,,4.724409448818885,2.0472440944881907,0.052000000000000046,
510310,2015-03-10,2.59,2.58,2.604,2.568,35548.0,,1.38888888888889,-0.46296296296296335,-0.01200000000000001,
510310,2015-03-11,2.578,2.584,2.618,2.576,60583.0,,1.6279069767441787,0.15503875968992262,0.0040000000000000036,
510310,2015-03-12,2.584,2.634,2.642,2.584,385383.0,,2.2445820433436467,1.9349845201238323,0.04999999999999982,
510310,2015-03-13,2.636,2.65,2.668,2.636,354557.0,,1.2148823082763869,0.6074411541381934,0.016000000000000014,
510310,2015-03-16,2.664,2.728,2.728,2.652,413418.0,,2.8679245283018897,2.9433962264151052,0.07800000000000029,
510310,2015-03-17,2.738,2.766,2.768,2.73,604789.0,,1.3929618768328376,1.3929618768328376,0.03799999999999981,
510310,2015-03-18,2.774,2.844,2.844,2.768,945184.0,,2.747650036153292,2.819956616052055,0.07799999999999985,
510310,2015-03-19,2.832,2.824,2.842,2.81,403356.0,,1.1251758087201136,-0.703234880450071,-0.020000000000000018,
510310,2015-03-20,2.826,2.872,2.888,2.822,652436.0,,2.3371104815863966,1.6997167138810214,0.04800000000000004,
510310,2015-03-23,2.896,2.94,2.94,2.892,582822.0,,1.6713091922005585,2.3676880222841246,0.06800000000000006,
510310,2015-03-24,2.938,2.932,2.98,2.866,1003696.0,,3.877551020408159,-0.2721088435374152,-0.008000000000000007,
510310,2015-03-25,2.928,2.908,2.942,2.886,475499.0,,1.9099590723055953,-0.8185538881309694,-0.02400000000000002,
510310,2015-03-26,2.902,2.914,2.95,2.87,140246.0,,2.751031636863827,0.20632737276479463,0.006000000000000227,
510310,2015-03-27,2.916,2.942,2.954,2.9,340636.77,,1.8531228551818897,0.9608785175017167,0.028000000000000025,
510310,2015-03-30,2.952,3.042,3.056,2.952,268353.0,,3.535010197144802,3.3990482664853716,0.09999999999999964,
510310,2015-03-31,3.076,3.01,3.1,2.962,258110.0,,4.536489151873764,-1.0519395134779759,-0.03200000000000003,
510310,2015-04-01,3.0,3.064,3.08,3.0,66786.0,,2.657807308970102,1.7940199335548264,0.05400000000000027,
510310,2015-04-02,3.07,3.054,3.094,3.012,274601.0,,2.6762402088772794,-0.3263707571801642,-0.010000000000000231,
510310,2015-04-03,3.05,3.102,3.104,3.016,163516.0,,2.881466928618208,1.5717092337917502,0.04800000000000004,
510310,2015-04-07,3.104,3.162,3.164,3.104,262492.0,,1.9342359767891701,1.9342359767891701,0.06000000000000005,
510310,2015-04-08,3.164,3.186,3.196,3.12,381851.0,,2.4035420619860868,0.7590132827324485,0.02400000000000002,
510310,2015-04-09,3.17,3.166,3.21,3.116,1088072.0,,2.9504080351537936,-0.6277463904582554,-0.020000000000000018,
510310,2015-04-10,3.156,3.248,3.25,3.106,463498.0,,4.548325963360711,2.59001895135819,0.0820000000000003,
510310,2015-04-13,3.276,3.298,3.31,3.24,281918.0,,2.1551724137930983,1.5394088669950683,0.04999999999999982,
510310,2015-04-14,3.28,3.308,3.338,3.27,139643.0,,2.0618556701030943,0.3032140691328013,0.009999999999999787,
510310,2015-04-15,3.282,3.264,3.34,3.26,243439.0,,2.418379685610643,-1.3301088270858539,-0.04400000000000004,
510310,2015-04-16,3.264,3.378,3.378,3.12,229821.0,,7.904411764705883,3.492647058823539,0.11400000000000032,
510310,2015-04-17,3.386,3.454,3.736,3.386,392485.0,,10.3611604499704,2.249851983422145,0.07600000000000007,
510310,2015-04-20,3.478,3.37,3.496,3.348,528479.0,,4.2848870874348615,-2.431962941517084,-0.08400000000000007,
510310,2015-04-21,3.36,3.44,3.446,3.36,268541.0,,2.551928783382798,2.0771513353115676,0.06999999999999984,
510310,2015-04-22,3.426,3.554,3.554,3.426,674378.0,,3.7209302325581297,3.313953488372089,0.11399999999999988,
510310,2015-04-23,3.562,3.546,3.578,3.506,123022.0,,2.0258863252673063,-0.22509848058525628,-0.008000000000000007,
510310,2015-04-24,3.496,3.51,3.546,3.456,79723.0,,2.5380710659898438,-1.0152284263959401,-0.03600000000000003,
510310,2015-04-27,3.516,3.622,3.624,3.516,396908.0,,3.0769230769230798,3.190883190883194,0.1120000000000001,
510310,2015-04-28,3.612,3.552,3.616,3.516,397025.0,,2.760905577029268,-1.9326339039204814,-0.06999999999999984,
510310,2015-04-29,3.552,3.584,3.602,3.506,267771.0,,2.702702702702705,0.9009009009009018,0.03200000000000003,
510310,2015-04-30,3.62,3.572,3.62,3.564,288775.0,,1.5625000000000013,-0.3348214285714289,-0.01200000000000001,
510310,2015-05-04,3.56,3.596,3.6,3.42,296915.0,,5.039193729003364,0.6718924972004485,0.02400000000000002,
510310,2015-05-05,3.58,3.45,3.584,3.42,222775.0,,4.56062291434928,-4.060066740823134,-0.1459999999999999,
510310,2015-05-06,3.462,3.404,3.524,3.34,259387.0,,5.3333333333333375,-1.3333333333333408,-0.04600000000000026,
510310,2015-05-07,3.388,3.344,3.398,3.34,180970.0,,1.7038777908343208,-1.7626321974148078,-0.06000000000000005,
510310,2015-05-08,3.36,3.408,3.418,3.324,265919.0,,2.8110047846890045,1.913875598086126,0.06400000000000006,
510310,2015-05-11,3.414,3.51,3.518,3.39,137348.0,,3.7558685446009292,2.9929577464788695,0.10199999999999987,
510310,2015-05-12,3.51,3.552,3.56,3.482,87807.0,,2.2222222222222183,1.196581196581204,0.04200000000000026,
510310,2015-05-13,3.544,3.528,3.562,3.518,43884.0,,1.2387387387387399,-0.6756756756756762,-0.02400000000000002,
510310,2015-05-14,3.528,3.516,3.554,3.502,214364.0,,1.4739229024943323,-0.340136054421769,-0.01200000000000001,
510310,2015-05-15,3.474,3.464,3.532,3.448,197044.0,,2.3890784982935176,-1.4789533560864632,-0.052000000000000046,
510310,2015-05-18,3.45,3.434,3.464,3.412,93885.0,,1.501154734411087,-0.8660508083140821,-0.029999999999999805,
510310,2015-05-19,3.4,3.554,3.558,3.4,166954.0,,4.601048340128128,3.4944670937681903,0.11999999999999966,
510310,2015-05-20,3.564,3.58,3.652,3.562,85857.0,,2.532357906584139,0.7315700619020891,0.026000000000000245,
510310,2015-05-21,3.58,3.638,3.652,3.564,42256.0,,2.45810055865922,1.6201117318435705,0.05799999999999983,
510310,2015-05-22,3.656,3.736,3.744,3.656,218256.0,,2.418911489829579,2.693787795492037,0.09800000000000031,
510310,2015-05-25,3.71,3.854,3.864,3.71,343405.0,,4.122055674518199,3.158458244111346,0.11799999999999988,
510310,2015-05-26,3.873,3.941,3.941,3.834,237937.0,,2.776336274001032,2.257394914374669,0.08699999999999974,
510310,2015-05-27,3.941,3.929,3.955,3.871,103995.0,,2.131438721136769,-0.30449124587668136,-0.01200000000000001,
510310,2015-05-28,3.927,3.738,3.961,3.64,379248.0,,8.170017816238222,-4.861287859506231,-0.19099999999999984,
510310,2015-05-29,3.698,3.674,3.86,3.532,378010.0,,8.774745853397535,-1.712145532370253,-0.06400000000000006,
510310,2015-06-01,3.64,3.85,3.856,3.632,301937.0,,6.09689711486118,4.790419161676651,0.17600000000000016,
510310,2015-06-02,3.86,3.915,3.917,3.8,85280.0,,3.038961038961039,1.6883116883116869,0.06499999999999995,
510310,2015-06-03,3.915,3.877,3.917,3.814,37296.0,,2.630906768837797,-0.9706257982120116,-0.038000000000000256,
510310,2015-06-04,3.858,3.919,3.923,3.648,79459.0,,7.093113231880318,1.0833118390508192,0.04200000000000026,
510310,2015-06-05,3.923,3.975,4.031,3.86,114908.0,,4.3633579994896605,1.4289359530492485,0.05600000000000005,
510310,2015-06-08,3.951,4.033,4.099,3.917,308528.0,,4.5786163522012675,1.4591194968553527,0.058000000000000274,
510310,2015-06-09,4.071,4.037,4.071,3.981,249249.0,,2.2315893875526864,0.09918175055788642,0.0039999999999995595,
510310,2015-06-10,3.947,4.017,4.071,3.947,166175.0,,3.0715878127322185,-0.49541738915034866,-0.019999999999999574,
510310,2015-06-11,3.991,4.021,4.041,3.981,125119.0,,1.4936519790888847,0.09957679860591384,0.0039999999999995595,
510310,2015-06-12,4.021,4.045,4.057,4.001,155110.0,,1.3926883859736396,0.5968664511315599,0.02400000000000002,
510310,2015-06-15,4.023,3.953,4.061,3.941,238000.0,,2.966625463535231,-2.274412855377011,-0.09200000000000008,
510310,2015-06-16,3.939,3.834,3.939,3.782,158196.0,,3.9716670882873775,-3.0103718694662227,-0.11899999999999977,
510310,2015-06-17,3.812,3.891,3.911,3.732,211441.0,,4.668753260302552,1.4866979655712034,0.05699999999999994,
510310,2015-06-18,3.901,3.74,3.901,3.708,139766.0,,4.960164482138258,-3.880750449755842,-0.1509999999999998,
510310,2015-06-19,3.716,3.516,3.716,3.492,86626.0,,5.989304812834229,-5.989304812834229,-0.2240000000000002,
510310,2015-06-23,3.518,3.634,3.634,3.34,171016.0,,8.361774744027304,3.3560864618885065,0.11799999999999988,
510310,2015-06-24,3.634,3.712,3.716,3.57,133304.0,,4.017611447440847,2.1463951568519617,0.07800000000000029,
510310,2015-06-25,3.712,3.554,3.718,3.514,36546.0,,5.495689655172418,-4.256465517241389,-0.15800000000000036,
510310,2015-06-26,3.532,3.314,3.532,3.2,114525.0,,9.341586944288121,-6.7529544175576754,-0.23999999999999977,
510310,2015-06-29,3.398,3.196,3.428,3.016,179021.0,,12.432106216053105,-3.5606517803258866,-0.11799999999999988,
510310,2015-06-30,3.178,3.386,3.388,3.016,151696.0,,11.639549436795992,5.944931163954942,0.18999999999999995,
510310,2015-07-01,3.38,3.194,3.412,3.164,145287.0,,7.324276432368569,-5.670407560543419,-0.19200000000000017,
510310,2015-07-02,3.166,3.058,3.256,3.024,142720.0,,7.263619286161546,-4.2579837194740175,-0.13600000000000012,
510310,2015-07-03,3.04,2.9,3.14,2.726,228409.0,,13.538260300850236,-5.1667756703727905,-0.15799999999999992,
510310,2015-07-06,3.216,3.1,3.216,2.868,874090.0,,12.00000000000001,6.896551724137938,0.20000000000000018,
510310,2015-07-07,2.976,2.772,3.024,2.77,512532.0,,8.193548387096774,-10.580645161290333,-0.3280000000000003,
510310,2015-07-08,2.468,2.474,2.76,2.468,679573.0,,10.533910533910527,-10.750360750360736,-0.2979999999999996,
510310,2015-07-09,2.46,2.748,2.748,2.398,304361.0,,14.147130153597415,11.075181891673404,0.274,
510310,2015-07-10,2.85,3.048,3.048,2.85,260499.0,,7.205240174672486,10.917030567685583,0.2999999999999998,
510310,2015-07-13,3.082,3.252,3.282,3.066,285964.0,,7.086614173228353,6.692913385826762,0.20399999999999974,
510310,2015-07-14,3.18,3.16,3.286,3.11,666149.0,,5.41205412054121,-2.829028290282892,-0.09199999999999964,
510310,2015-07-15,3.14,2.898,3.14,2.82,309936.0,,10.12658227848102,-8.291139240506329,-0.262,
510310,2015-07-16,2.82,2.986,3.066,2.82,134277.0,,8.488612836438923,3.0365769496204305,0.08800000000000008,
510310,2015-07-17,3.048,3.116,3.142,2.988,87311.0,,5.157401205626252,4.3536503683857966,0.1299999999999999,
510310,2015-07-20,3.102,3.098,3.156,3.02,92038.0,,4.364569961489092,-0.5776636713735634,-0.018000000000000238,
510310,2015-07-21,3.076,3.084,3.15,3.024,51293.0,,4.067140090380888,-0.4519044544867589,-0.01399999999999979,
510310,2015-07-22,3.056,3.094,3.104,3.054,50088.0,,1.6212710765240033,0.32425421530479204,0.009999999999999787,
510310,2015-07-23,3.062,3.18,3.2,3.062,75078.0,,4.460245636716236,2.779573367808672,0.0860000000000003,
510310,2015-07-24,3.2,3.13,3.24,3.1,67874.0,,4.402515723270444,-1.5723270440251655,-0.050000000000000266,
510310,2015-07-27,3.09,2.826,3.114,2.792,53449.0,,10.287539936102238,-9.712460063897758,-0.3039999999999998,
510310,2015-07-28,2.82,2.808,2.898,2.7,55497.0,,7.006369426751591,-0.6369426751592441,-0.018000000000000238,
510310,2015-07-29,2.82,2.932,2.988,2.76,48077.0,,8.119658119658126,4.4159544159544195,0.12400000000000011,
510310,2015-07-30,2.88,2.844,2.96,2.828,323586.0,,4.502046384720332,-3.0013642564802208,-0.08800000000000008,
510310,2015-07-31,2.786,2.82,2.862,2.764,43341.0,,3.4458509142053555,-0.8438818565400852,-0.02400000000000002,
510310,2015-08-03,2.772,2.81,2.81,2.74,38994.0,,2.4822695035460938,-0.35460992907800665,-0.009999999999999787,
510310,2015-08-04,2.81,2.946,2.946,2.81,40289.0,,4.839857651245556,4.839857651245556,0.13600000000000012,
510310,2015-08-05,2.956,2.886,2.956,2.86,23778.0,,3.258655804480654,-2.036659877800409,-0.06000000000000005,
510310,2015-08-06,2.822,2.856,2.9,2.822,11685.0,,2.7027027027026973,-1.039501039501048,-0.03000000000000025,
510310,2015-08-07,2.86,2.92,3.02,2.86,260256.0,,5.602240896358548,2.2408963585434196,0.06400000000000006,
510310,2015-08-10,2.92,3.066,3.082,2.92,68949.0,,5.54794520547945,4.9999999999999964,0.1459999999999999,
510310,2015-08-11,3.056,3.03,3.092,3.028,58466.0,,2.087410306588391,-1.1741682974559697,-0.03600000000000003,
510310,2015-08-12,2.988,3.02,3.126,2.988,463840.0,,4.554455445544551,-0.33003300330032304,-0.009999999999999787,
510310,2015-08-13,3.012,3.04,3.04,2.962,45532.0,,2.5827814569536374,0.6622516556291397,0.020000000000000018,
510310,2015-08-14,3.04,3.026,3.064,3.02,38455.0,,1.4473684210526327,-0.46052631578948133,-0.014000000000000234,
510310,2015-08-17,3.026,3.046,3.052,2.98,38608.0,,2.379378717779249,0.660938532716458,0.020000000000000018,
510310,2015-08-18,3.04,2.858,3.06,2.828,34612.0,,7.616546290216684,-6.172028890347988,-0.18799999999999972,
510310,2015-08-19,2.82,2.89,2.916,2.728,38862.0,,6.5780265920223835,1.11966410076977,0.03200000000000003,
510310,2015-08-20,2.844,2.812,2.88,2.81,33609.0,,2.4221453287197177,-2.6989619377162732,-0.07800000000000029,
510310,2015-08-21,2.77,2.728,2.814,2.702,62958.0,,3.9829302987197766,-2.987197724039816,-0.08399999999999963,
510310,2015-08-24,2.612,2.43,2.62,2.43,121096.0,,6.964809384164221,-10.923753665689151,-0.29800000000000004,
510310,2015-08-25,2.34,2.162,2.34,2.162,86769.0,,7.3251028806584335,-11.02880658436215,-0.26800000000000024,
510310,2015-08-26,2.22,2.178,2.338,2.136,97938.0,,9.343200740055503,0.7400555041628128,0.016000000000000014,
510310,2015-08-27,2.222,2.308,2.312,2.18,60967.0,,6.0606060606060455,5.968778696051419,0.1299999999999999,
510310,2015-08-28,2.36,2.416,2.44,2.308,83915.0,,5.7192374350086705,4.679376083188912,0.1080000000000001,
510310,2015-08-31,2.418,2.408,2.46,2.34,139352.0,,4.9668874172185475,-0.33112582781456984,-0.008000000000000007,
510310,2015-09-01,2.404,2.436,2.46,2.31,78083.0,,6.229235880398668,1.1627906976744196,0.028000000000000025,
510310,2015-09-02,2.4,2.386,2.45,2.316,18317.0,,5.500821018062411,-2.0525451559934247,-0.04999999999999982,
510310,2015-09-07,2.436,2.402,2.5,2.388,22648.0,,4.6940486169321085,0.6705783738474439,0.016000000000000014,
510310,2015-09-08,2.34,2.454,2.46,2.322,22365.0,,5.745212323064109,2.164862614487929,0.052000000000000046,
510310,2015-09-09,2.498,2.488,2.506,2.44,71555.0,,2.6894865525672307,1.3854930725346295,0.03399999999999981,
510310,2015-09-10,2.44,2.47,2.5,2.438,22916.0,,2.49196141479099,-0.7234726688102812,-0.017999999999999794,
510310,2015-09-11,2.43,2.458,2.486,2.43,5439.0,,2.2672064777327954,-0.4858299595141704,-0.01200000000000001,
510310,2015-09-14,2.43,2.356,2.46,2.33,45654.0,,5.2888527257933236,-4.14971521562247,-0.10200000000000031,
510310,2015-09-15,2.33,2.298,2.352,2.276,10670.0,,3.2258064516129066,-2.4617996604414194,-0.05799999999999983,
510310,2015-09-16,2.32,2.426,2.466,2.254,34672.0,,9.225413402959102,5.570060922541345,0.1280000000000001,
510310,2015-09-17,2.428,2.354,2.444,2.35,24057.0,,3.874690849134372,-2.9678483099752704,-0.07200000000000006,
510310,2015-09-18,2.36,2.366,2.406,2.34,10552.0,,2.803738317757021,0.5097706032285476,0.01200000000000001,
510310,2015-09-21,2.34,2.406,2.412,2.316,11226.0,,4.057480980557907,1.6906170752324614,0.040000000000000036,
510310,2015-09-22,2.434,2.438,2.46,2.402,39519.0,,2.410640066500408,1.3300083125519546,0.03200000000000003,
510310,2015-09-23,2.384,2.388,2.432,2.38,6645.0,,2.1328958162428235,-2.050861361771955,-0.050000000000000266,
510310,2015-09-24,2.392,2.406,2.418,2.392,2827.0,,1.088777219430496,0.7537688442211156,0.018000000000000238,
510310,2015-09-25,2.394,2.37,2.416,2.35,6757.0,,2.743142144638397,-1.4962593516209488,-0.03600000000000003,
510310,2015-09-28,2.362,2.368,2.38,2.344,5488.0,,1.5189873417721533,-0.08438818565401789,-0.002000000000000224,
510310,2015-09-29,2.342,2.338,2.398,2.318,6510.0,,3.378378378378381,-1.2668918918918837,-0.029999999999999805,
510310,2015-09-30,2.34,2.346,2.358,2.326,6706.0,,1.3686911890504716,0.3421727972626179,0.008000000000000007,
510310,2015-10-08,2.42,2.418,2.478,2.418,9205.0,,2.55754475703325,3.0690537084399003,0.07200000000000006,
510310,2015-10-09,2.386,2.456,2.456,2.386,16944.0,,2.894954507857727,1.5715467328370476,0.03799999999999981,
510310,2015-10-12,2.456,2.558,2.602,2.456,31309.0,,5.94462540716612,4.153094462540712,0.10199999999999987,
510310,2015-10-13,2.52,2.54,2.558,2.52,6597.0,,1.485535574667702,-0.7036747458952226,-0.017999999999999794,
510310,2015-10-14,2.562,2.52,2.562,2.506,6015.0,,2.2047244094488208,-0.7874015748031503,-0.020000000000000018,
510310,2015-10-15,2.52,2.578,2.58,2.502,26291.0,,3.095238095238107,2.3015873015872947,0.05799999999999983,
510310,2015-10-16,2.596,2.614,2.616,2.586,37695.0,,1.163692785104742,1.3964313421256802,0.03600000000000003,
510310,2015-10-19,2.62,2.606,2.64,2.584,29485.0,,2.142310635042083,-0.3060443764345833,-0.008000000000000007,
510310,2015-10-20,2.588,2.644,2.646,2.588,20663.0,,2.225633154259395,1.4581734458941005,0.038000000000000256,
510310,2015-10-21,2.67,2.56,2.67,2.516,26176.0,,5.824508320726169,-3.177004538577915,-0.08400000000000007,
510310,2015-10-22,2.56,2.6,2.612,2.536,12084.0,,2.9687500000000027,1.5625000000000013,0.040000000000000036,
510310,2015-10-23,2.612,2.642,2.648,2.596,11909.0,,2.0000000000000018,1.615384615384608,0.041999999999999815,
510310,2015-10-26,2.682,2.652,2.682,2.64,13015.0,,1.5897047691143005,0.37850113550341524,0.010000000000000231,
510310,2015-10-27,2.6,2.664,2.664,2.59,9721.0,,2.7903469079939773,0.4524886877828058,0.01200000000000001,
510310,2015-10-28,2.666,2.61,2.666,2.604,12448.0,,2.327327327327321,-2.0270270270270374,-0.05400000000000027,
510310,2015-10-29,2.58,2.618,2.63,2.58,6685.0,,1.9157088122605297,0.3065134099616861,0.008000000000000007,
510310,2015-10-30,2.618,2.632,2.658,2.59,19917.0,,2.5974025974025996,0.5347593582887791,0.014000000000000234,
510310,2015-11-02,2.606,2.584,2.63,2.58,12580.0,,1.899696048632212,-1.8237082066869317,-0.04800000000000004,
510310,2015-11-03,2.58,2.552,2.586,2.552,10451.0,,1.315789473684203,-1.2383900928792582,-0.03200000000000003,
510310,2015-11-04,2.562,2.734,2.74,2.56,27947.0,,7.053291536050163,7.1316614420062665,0.18199999999999994,
510310,2015-11-05,2.73,2.854,2.92,2.694,42467.0,,8.266276517922458,4.389173372348211,0.1200000000000001,
510310,2015-11-06,2.852,2.856,2.916,2.696,19088.0,,7.708479327259978,0.07007708479326488,0.0019999999999997797,
510310,2015-11-09,2.84,2.898,3.0,2.84,25255.0,,5.602240896358548,1.4705882352941269,0.04200000000000026,
510310,2015-11-10,2.872,2.874,2.898,2.794,322434.0,,3.588681849551418,-0.828157349896481,-0.02400000000000002,
510310,2015-11-11,2.842,2.82,2.866,2.784,222103.0,,2.853166318719565,-1.8789144050104476,-0.05400000000000027,
510310,2015-11-12,2.82,2.802,2.84,2.78,64730.0,,2.1276595744680873,-0.6382978723404183,-0.017999999999999794,
510310,2015-11-13,2.768,2.786,2.81,2.764,35496.0,,1.6416845110635354,-0.5710206995003574,-0.016000000000000014,
510310,2015-11-16,2.748,2.794,2.794,2.728,15301.0,,2.3689877961234687,0.28715003589375476,0.008000000000000007,
510310,2015-11-17,2.818,2.768,2.858,2.764,34622.0,,3.3643521832498315,-0.9305654974946401,-0.026000000000000245,
510310,2015-11-18,2.79,2.744,2.79,2.74,32558.0,,1.8063583815028836,-0.8670520231213721,-0.023999999999999577,
510310,2015-11-19,2.756,2.788,2.796,2.754,7729.0,,1.5306122448979524,1.6034985422740375,0.043999999999999595,
510310,2015-11-20,2.798,2.79,2.814,2.784,21931.0,,1.0760401721664365,0.07173601147776987,0.002000000000000224,
510310,2015-11-23,2.798,2.774,2.82,2.768,34464.0,,1.8637992831541235,-0.5734767025089611,-0.016000000000000014,
510310,2015-11-24,2.762,2.782,2.788,2.744,10112.0,,1.5861571737562938,0.2883922134102382,0.008000000000000007,
510310,2015-11-25,2.782,2.802,2.808,2.776,7898.0,,1.1502516175413382,0.7189072609633363,0.020000000000000018,
510310,2015-11-26,2.814,2.802,2.83,2.788,30649.0,,1.4989293361884461,0.0,0.0,
510310,2015-11-27,2.8,2.634,2.8,2.616,122521.0,,6.566738044254095,-5.995717344753753,-0.16800000000000015,
510310,2015-11-30,2.632,2.63,2.656,2.562,19824.0,,3.5687167805618945,-0.15186028853454836,-0.0040000000000000036,
510310,2015-12-01,2.65,2.646,2.688,2.602,18328.0,,3.2699619771863233,0.6083650190114074,0.016000000000000014,
510310,2015-12-02,2.638,2.768,2.768,2.638,23432.0,,4.913076341647766,4.610733182161749,0.12199999999999989,
510310,2015-12-03,2.742,2.782,2.79,2.742,46939.0,,1.7341040462427761,0.5057803468208177,0.014000000000000234,
510310,2015-12-04,2.78,2.75,2.78,2.724,10485.0,,2.012940330697326,-1.1502516175413382,-0.03200000000000003,
510310,2015-12-07,2.73,2.728,2.754,2.72,5906.0,,1.2363636363636294,-0.7999999999999926,-0.021999999999999797,
510310,2015-12-08,2.72,2.694,2.72,2.68,16731.0,,1.466275659824048,-1.246334310850449,-0.03400000000000025,
510310,2015-12-09,2.68,2.694,2.712,2.68,3066.0,,1.1878247958426145,0.0,0.0,
510310,2015-12-10,2.708,2.7,2.73,2.682,9244.0,,1.7817371937639215,0.22271714922049843,0.006000000000000227,
510310,2015-12-11,2.68,2.678,2.69,2.656,6463.0,,1.259259259259252,-0.8148148148148238,-0.02200000000000024,
510310,2015-12-14,2.66,2.75,2.76,2.644,14773.0,,4.3315907393577175,2.6885735623599727,0.07200000000000006,
510310,2015-12-15,2.756,2.734,2.756,2.724,9512.0,,1.1636363636363485,-0.5818181818181823,-0.016000000000000014,
510310,2015-12-16,2.734,2.736,2.756,2.734,5864.0,,0.8046817849304974,0.07315288953914499,0.002000000000000224,
510310,2015-12-17,2.736,2.784,2.788,2.736,12613.0,,1.9005847953216228,1.754385964912266,0.0479999999999996,
510310,2015-12-18,2.784,2.8,2.826,2.766,17998.0,,2.155172413793106,0.5747126436781614,0.016000000000000014,
510310,2015-12-21,2.81,2.882,2.894,2.808,113801.0,,3.0714285714285823,2.9285714285714395,0.0820000000000003,
510310,2015-12-22,2.88,2.88,2.908,2.85,204712.0,,2.0124913254684187,-0.06939625260236723,-0.002000000000000224,
510310,2015-12-23,2.88,2.87,2.922,2.864,116663.0,,2.013888888888898,-0.3472222222222148,-0.009999999999999787,
510310,2015-12-24,2.88,2.86,2.88,2.808,112713.0,,2.5087108013937303,-0.34843205574913694,-0.010000000000000231,
510310,2015-12-25,2.84,2.85,2.872,2.83,33515.0,,1.468531468531462,-0.3496503496503422,-0.009999999999999787,
510310,2015-12-28,2.85,2.78,2.86,2.778,19960.0,,2.877192982456135,-2.456140350877203,-0.07000000000000028,
510310,2015-12-29,2.764,2.798,2.798,2.762,3986.0,,1.2949640287769797,0.6474820143884977,0.018000000000000238,
510310,2015-12-30,2.776,2.796,2.8,2.77,3442.0,,1.0721944245889852,-0.07147962830594082,-0.002000000000000224,
510310,2015-12-31,2.774,2.78,2.814,2.766,16578.0,,1.7167381974248945,-0.5722460658082981,-0.016000000000000014,
510310,2016-01-04,2.79,2.574,2.79,2.574,22348.0,,7.769784172661878,-7.410071942446042,-0.20599999999999996,
510310,2016-01-05,2.586,2.592,2.66,2.508,31639.0,,5.905205905205911,0.6993006993007086,0.018000000000000238,
510310,2016-01-06,2.59,2.614,2.616,2.566,15668.0,,1.9290123456790227,0.8487654320987575,0.021999999999999797,
510310,2016-01-07,2.614,2.478,2.614,2.432,4288.0,,6.962509563886761,-5.202754399387899,-0.13599999999999968,
510310,2016-01-08,2.58,2.508,2.58,2.392,33867.0,,7.586763518966914,1.2106537530266264,0.029999999999999805,
510310,2016-01-11,2.48,2.35,2.48,2.348,35749.0,,5.263157894736847,-6.299840510366823,-0.15799999999999992,
510310,2016-01-12,2.346,2.372,2.422,2.34,25547.0,,3.4893617021276717,0.9361702127659488,0.021999999999999797,
510310,2016-01-13,2.38,2.32,2.418,2.302,16938.0,,4.890387858347391,-2.1922428330522785,-0.052000000000000046,
510310,2016-01-14,2.292,2.38,2.38,2.258,21852.0,,5.258620689655167,2.5862068965517264,0.06000000000000005,
510310,2016-01-15,2.374,2.284,2.44,2.276,231896.0,,6.890756302521014,-4.033613445378155,-0.09600000000000009,
510310,2016-01-18,2.29,2.296,2.318,2.26,12651.0,,2.5394045534150735,0.5253940455341511,0.01200000000000001,
510310,2016-01-19,2.3,2.374,2.38,2.28,25378.0,,4.355400696864116,3.39721254355402,0.07800000000000029,
510310,2016-01-20,2.36,2.342,2.37,2.316,8522.0,,2.274641954507172,-1.3479359730412817,-0.03200000000000003,
510310,2016-01-21,2.3,2.296,2.354,2.282,12958.0,,3.074295473953888,-1.9641332194705492,-0.04600000000000026,
510310,2016-01-22,2.296,2.284,2.316,2.242,17090.0,,3.2229965156794362,-0.5226480836236939,-0.01200000000000001,
510310,2016-01-25,2.3,2.286,2.304,2.28,6925.0,,1.0507880910683023,0.08756567425570157,0.002000000000000224,
510310,2016-01-26,2.298,2.144,2.298,2.124,122613.0,,7.611548556430443,-6.211723534558176,-0.1419999999999999,
510310,2016-01-27,2.16,2.14,2.18,2.068,344869.0,,5.22388059701493,-0.18656716417910463,-0.0040000000000000036,
510310,2016-01-28,2.14,2.078,2.18,2.07,14573.0,,5.140186915887865,-2.897196261682256,-0.06200000000000028,
510310,2016-01-29,2.08,2.17,2.178,2.052,362596.0,,6.063522617901824,4.427333974975943,0.09200000000000008,
510310,2016-02-01,2.162,2.118,2.162,2.094,19865.0,,3.1336405529953946,-2.3963133640553016,-0.052000000000000046,
510310,2016-02-02,2.12,2.166,2.172,2.116,18290.0,,2.6440037771482556,2.266288951841362,0.04800000000000004,
510310,2016-02-03,2.15,2.15,2.156,2.12,304332.0,,1.6620498614958463,-0.7386888273314873,-0.016000000000000014,
510310,2016-02-04,2.14,2.18,2.192,2.14,6577.0,,2.418604651162793,1.395348837209314,0.03000000000000025,
510310,2016-02-05,2.18,2.166,2.184,2.166,4339.0,,0.8256880733945062,-0.642201834862396,-0.014000000000000234,
510310,2016-02-15,2.104,2.152,2.158,2.104,8625.0,,2.4930747922437595,-0.6463527239150412,-0.01399999999999979,
510310,2016-02-16,2.158,2.212,2.226,2.158,14826.0,,3.159851301115244,2.7881040892193334,0.06000000000000005,
510310,2016-02-17,2.21,2.23,2.236,2.2,12388.0,,1.6274864376130211,0.8137432188065006,0.017999999999999794,
510310,2016-02-18,2.264,2.222,2.264,2.22,16732.0,,1.9730941704035692,-0.3587443946188344,-0.008000000000000007,
510310,2016-02-19,2.234,2.228,2.234,2.208,6597.0,,1.1701170117011612,0.27002700270028024,0.006000000000000227,
510310,2016-02-22,2.24,2.276,2.286,2.24,42859.0,,2.0646319569120206,2.1543985637342726,0.0479999999999996,
510310,2016-02-23,2.276,2.25,2.278,2.236,9334.0,,1.845342706502628,-1.1423550087873375,-0.0259999999999998,
510310,2016-02-24,2.248,2.266,2.272,2.228,3809.0,,1.9555555555555375,0.7111111111111118,0.016000000000000014,
510310,2016-02-25,2.254,2.16,2.254,2.136,17855.0,,5.207413945278018,-4.677846425419236,-0.10599999999999987,
510310,2016-02-26,2.16,2.134,2.19,2.114,24919.0,,3.5185185185185217,-1.203703703703715,-0.026000000000000245,
510310,2016-02-29,2.15,2.098,2.15,2.046,16672.0,,4.873477038425497,-1.6869728209934411,-0.03600000000000003,
510310,2016-03-01,2.1,2.126,2.134,2.09,6443.0,,2.0972354623450924,1.3346043851286953,0.028000000000000025,
510310,2016-03-02,2.138,2.216,2.226,2.122,17438.0,,4.891815616180625,4.233301975540937,0.0900000000000003,
510310,2016-03-03,2.216,2.21,2.238,2.204,15477.0,,1.5342960288808576,-0.27075812274369254,-0.006000000000000227,
510310,2016-03-04,2.2,2.256,2.288,2.194,176849.0,,4.253393665158365,2.0814479638008967,0.04599999999999982,
510310,2016-03-07,2.268,2.266,2.29,2.248,25955.0,,1.8617021276595664,0.443262411347528,0.010000000000000231,
510310,2016-03-08,2.266,2.25,2.266,2.18,16391.0,,3.7952338923212645,-0.7060900264783766,-0.016000000000000014,
510310,2016-03-09,2.24,2.23,2.24,2.2,10012.0,,1.7777777777777795,-0.8888888888888897,-0.020000000000000018,
510310,2016-03-10,2.234,2.202,2.236,2.196,80595.0,,1.793721973094172,-1.2556053811659205,-0.028000000000000025,
510310,2016-03-11,2.2,2.2,2.202,2.152,5278.0,,2.2706630336058047,-0.09082652134422252,-0.0019999999999997797,
510310,2016-03-14,2.216,2.246,2.264,2.19,24606.0,,3.363636363636356,2.0909090909090824,0.04599999999999982,
510310,2016-03-15,2.246,2.23,2.246,2.204,17139.0,,1.8699910952804903,-0.7123775601068573,-0.016000000000000014,
510310,2016-03-16,2.23,2.242,2.252,2.222,15062.0,,1.345291479820619,0.5381165919282516,0.01200000000000001,
510310,2016-03-17,2.26,2.27,2.29,2.226,17361.0,,2.8545941123996457,1.248884924174845,0.028000000000000025,
510310,2016-03-18,2.27,2.322,2.34,2.27,17189.0,,3.0837004405286272,2.2907488986784164,0.052000000000000046,
510310,2016-03-21,2.344,2.398,2.398,2.344,41950.0,,2.3255813953488484,3.273040482342811,0.07600000000000007,
510310,2016-03-22,2.346,2.366,2.396,2.346,7964.0,,2.0850708924103345,-1.33444537114262,-0.03200000000000003,
510310,2016-03-23,2.364,2.362,2.386,2.35,14512.0,,1.521555367709215,-0.16906170752324612,-0.0040000000000000036,
510310,2016-03-24,2.344,2.322,2.36,2.322,9368.0,,1.6088060965283577,-1.6934801016088075,-0.040000000000000036,
510310,2016-03-25,2.308,2.332,2.348,2.308,9247.0,,1.7226528854435847,0.43066322136088664,0.009999999999999787,
510310,2016-03-28,2.332,2.324,2.374,2.306,9307.0,,2.915951972555749,-0.3430531732418528,-0.008000000000000007,
510310,2016-03-29,2.326,2.29,2.334,2.282,6254.0,,2.2375215146299503,-1.4629948364888041,-0.03399999999999981,
510310,2016-03-30,2.316,2.36,2.36,2.316,5823.0,,1.9213973799126656,3.056768558951958,0.06999999999999984,
510310,2016-03-31,2.376,2.352,2.432,2.342,19525.0,,3.813559322033892,-0.33898305084745795,-0.008000000000000007,
510310,2016-04-01,2.37,2.36,2.37,2.312,10447.0,,2.465986394557835,0.34013605442176903,0.008000000000000007,
510310,2016-04-05,2.338,2.4,2.406,2.338,19112.0,,2.881355932203393,1.6949152542372898,0.040000000000000036,
510310,2016-04-06,2.346,2.386,2.402,2.346,17726.0,,2.3333333333333357,-0.5833333333333246,-0.01399999999999979,
510310,2016-04-07,2.4,2.36,2.408,2.356,9124.0,,2.179379715004193,-1.0896898575021057,-0.026000000000000245,
510310,2016-04-08,2.344,2.336,2.35,2.32,19093.0,,1.2711864406779767,-1.016949152542374,-0.02400000000000002,
510310,2016-04-11,2.356,2.372,2.388,2.354,10251.0,,1.4554794520547865,1.5410958904109604,0.03600000000000003,
510310,2016-04-12,2.36,2.356,2.372,2.344,8853.0,,1.1804384485666115,-0.674536256323778,-0.016000000000000014,
510310,2016-04-13,2.352,2.4,2.426,2.352,39648.0,,3.140916808149418,1.8675721561969456,0.04400000000000004,
510310,2016-04-14,2.404,2.424,2.424,2.4,53833.0,,1.0000000000000009,1.0000000000000009,0.02400000000000002,
510310,2016-04-15,2.43,2.42,2.432,2.408,2712.0,,0.990099009900991,-0.16501650165016518,-0.0040000000000000036,
510310,2016-04-18,2.386,2.382,2.396,2.37,64082.0,,1.074380165289248,-1.5702479338842896,-0.03799999999999981,
510310,2016-04-19,2.384,2.374,2.412,2.37,4352.0,,1.7632241813601937,-0.33585222502099105,-0.008000000000000007,
510310,2016-04-20,2.374,2.336,2.394,2.266,57495.0,,5.391743892165127,-1.6006739679865312,-0.038000000000000256,
510310,2016-04-21,2.3,2.316,2.34,2.28,14311.0,,2.568493150684934,-0.8561643835616447,-0.020000000000000018,
510310,2016-04-22,2.3,2.33,2.332,2.3,7335.0,,1.3816925734024192,0.604490500863568,0.014000000000000234,
510310,2016-04-25,2.31,2.318,2.32,2.296,5955.0,,1.0300429184549365,-0.5150214592274682,-0.01200000000000001,
510310,2016-04-26,2.324,2.324,2.334,2.3,4426.0,,1.4667817083692947,0.2588438308886878,0.005999999999999783,
510310,2016-04-27,2.32,2.322,2.34,2.308,3361.0,,1.376936316695354,-0.08605851979345008,-0.0019999999999997797,
510310,2016-04-28,2.318,2.314,2.324,2.292,6618.0,,1.3781223083548677,-0.3445305770887169,-0.008000000000000007,
510310,2016-04-29,2.328,2.318,2.328,2.298,1425.0,,1.2964563526361195,0.17286084701815055,0.0040000000000000036,
510310,2016-05-03,2.318,2.356,2.358,2.306,6211.0,,2.2433132010353773,1.6393442622950738,0.03799999999999981,
510310,2016-05-04,2.35,2.348,2.362,2.336,34946.0,,1.1035653650254773,-0.33955857385399013,-0.008000000000000007,
510310,2016-05-05,2.342,2.362,2.366,2.34,4622.0,,1.107325383304951,0.596252129471901,0.014000000000000234,
510310,2016-05-06,2.37,2.298,2.37,2.298,5619.0,,3.0482641828958537,-2.709568162574092,-0.06400000000000006,
510310,2016-05-09,2.298,2.25,2.298,2.24,12829.0,,2.523933855526537,-2.088772845953004,-0.04800000000000004,
510310,2016-05-10,2.248,2.25,2.26,2.234,5654.0,,1.1555555555555466,0.0,0.0,
510310,2016-05-11,2.3,2.258,2.3,2.246,4062.0,,2.3999999999999924,0.3555555555555559,0.008000000000000007,
510310,2016-05-12,2.238,2.26,2.262,2.222,4617.0,,1.7714791851195764,0.08857395925596899,0.0019999999999997797,
510310,2016-05-13,2.258,2.242,2.272,2.242,5237.0,,1.3274336283185755,-0.7964601769911415,-0.017999999999999794,
510310,2016-05-16,2.244,2.26,2.26,2.236,2202.0,,1.0704727921498474,0.8028545941123905,0.017999999999999794,
510310,2016-05-17,2.26,2.26,2.266,2.248,1376.0,,0.7964601769911415,0.0,0.0,
510310,2016-05-18,2.26,2.238,2.26,2.22,3894.0,,1.7699115044247606,-0.9734513274336195,-0.021999999999999797,
510310,2016-05-19,2.256,2.24,2.26,2.238,2245.0,,0.9830205540661213,0.08936550491511278,0.002000000000000224,
510310,2016-05-20,2.232,2.244,2.244,2.226,4503.0,,0.803571428571439,0.17857142857142871,0.0040000000000000036,
510310,2016-05-23,2.26,2.254,2.266,2.25,3020.0,,0.7130124777183606,0.44563279857396554,0.009999999999999787,
510310,2016-05-24,2.258,2.234,2.258,2.228,1405.0,,1.3309671694764775,-0.8873114463176583,-0.020000000000000018,
510310,2016-05-25,2.25,2.24,2.258,2.238,1901.0,,0.8952551477171002,0.26857654431514,0.006000000000000227,
510310,2016-05-26,2.24,2.228,2.244,2.204,4694.0,,1.785714285714287,-0.5357142857142861,-0.01200000000000001,
510310,2016-05-27,2.222,2.24,2.25,2.222,2275.0,,1.2567324955116708,0.5385996409335732,0.01200000000000001,
510310,2016-05-30,2.224,2.24,2.242,2.22,2013.0,,0.9821428571428479,0.0,0.0,
510310,2016-05-31,2.256,2.314,2.318,2.256,11464.0,,2.767857142857155,3.303571428571421,0.07399999999999984,
510310,2016-06-01,2.312,2.318,2.332,2.312,9349.0,,0.8643042350907527,0.17286084701815055,0.0040000000000000036,
510310,2016-06-02,2.322,2.32,2.322,2.306,1270.0,,0.690250215703193,0.08628127696288955,0.0019999999999997797,
510310,2016-06-03,2.32,2.348,2.35,2.31,28143.0,,1.7241379310344844,1.2068965517241392,0.028000000000000025,
510310,2016-06-06,2.376,2.33,2.38,2.322,43322.0,,2.4701873935263983,-0.7666098807495654,-0.017999999999999794,
510310,2016-06-07,2.33,2.32,2.344,2.304,42314.0,,1.716738197424894,-0.42918454935623307,-0.010000000000000231,
510310,2016-06-08,2.312,2.328,2.33,2.308,7977.0,,0.948275862068976,0.3448275862068969,0.008000000000000007,
510310,2016-06-13,2.328,2.254,2.328,2.254,7128.0,,3.178694158075595,-3.178694158075595,-0.07399999999999984,
510310,2016-06-14,2.276,2.258,2.276,2.24,6408.0,,1.5971606033717654,0.17746228926353166,0.0040000000000000036,
510310,2016-06-15,2.24,2.282,2.288,2.236,8175.0,,2.3029229406554297,1.062887511071746,0.02400000000000002,
510310,2016-06-16,2.296,2.278,2.298,2.272,2447.0,,1.139351446099923,-0.17528483786152513,-0.0040000000000000036,
510310,2016-06-17,2.284,2.282,2.316,2.28,2953.0,,1.58033362598771,0.17559262510974555,0.0040000000000000036,
510310,2016-06-20,2.278,2.282,2.284,2.266,939.0,,0.7887817703768533,0.0,0.0,
510310,2016-06-21,2.294,2.292,2.314,2.286,3643.0,,1.226993865030676,0.43821209465380306,0.009999999999999787,
510310,2016-06-22,2.264,2.294,2.294,2.262,1798.0,,1.3961605584642247,0.08726003490402373,0.002000000000000224,
510310,2016-06-23,2.3,2.294,2.3,2.284,1552.0,,0.6974716652136014,0.0,0.0,
510310,2016-06-24,2.3,2.274,2.3,2.24,6657.0,,2.6155187445509855,-0.8718395815170017,-0.020000000000000018,
510310,2016-06-27,2.264,2.288,2.29,2.264,2443.0,,1.1433597185576185,0.6156552330694719,0.01399999999999979,
510310,2016-06-28,2.276,2.298,2.298,2.276,4810.0,,0.9615384615384722,0.43706293706294713,0.010000000000000231,
510310,2016-06-29,2.3,2.308,2.314,2.3,15895.0,,0.6092254134029693,0.43516100957353293,0.009999999999999787,
510310,2016-06-30,2.33,2.308,2.33,2.308,85782.0,,0.9532062391681214,0.0,0.0,
510310,2016-07-01,2.322,2.322,2.336,2.322,6676.0,,0.6065857885615161,0.6065857885615353,0.014000000000000234,
510310,2016-07-04,2.308,2.374,2.376,2.3,37116.0,,3.273040482342811,2.23944875107666,0.052000000000000046,
510310,2016-07-05,2.374,2.364,2.378,2.36,35774.0,,0.7582139848357303,-0.42122999157540986,-0.010000000000000231,
510310,2016-07-06,2.358,2.388,2.388,2.352,38761.0,,1.52284263959391,1.0152284263959401,0.02400000000000002,
510310,2016-07-07,2.388,2.382,2.39,2.372,85951.0,,0.7537688442211156,-0.2512562814070261,-0.005999999999999783,
510310,2016-07-08,2.374,2.37,2.382,2.37,8913.0,,0.5037783375314866,-0.5037783375314866,-0.01200000000000001,
510310,2016-07-11,2.382,2.388,2.414,2.378,27805.0,,1.5189873417721533,0.7594936708860672,0.017999999999999794,
510310,2016-07-12,2.388,2.45,2.456,2.382,58991.0,,3.0988274706867607,2.5963149078727086,0.06200000000000028,
510310,2016-07-13,2.456,2.454,2.476,2.45,56480.0,,1.06122448979591,0.1632653061224491,0.0040000000000000036,
510310,2016-07-14,2.44,2.448,2.46,2.434,55289.0,,1.0594947025264791,-0.2444987775061217,-0.006000000000000227,
510310,2016-07-15,2.45,2.456,2.46,2.448,9002.0,,0.490196078431373,0.32679738562091537,0.008000000000000007,
510310,2016-07-18,2.44,2.444,2.458,2.432,8309.0,,1.0586319218241143,-0.48859934853420245,-0.01200000000000001,
510310,2016-07-19,2.44,2.43,2.44,2.414,36426.0,,1.0638297872340343,-0.5728314238952451,-0.01399999999999979,
510310,2016-07-20,2.422,2.422,2.438,2.42,3282.0,,0.7407407407407505,-0.32921810699588505,-0.008000000000000007,
510310,2016-07-21,2.42,2.44,2.456,2.42,46082.0,,1.4863748967795223,0.743187448389752,0.017999999999999794,
510310,2016-07-22,2.422,2.416,2.446,2.416,6965.0,,1.2295081967213217,-0.9836065573770502,-0.02400000000000002,
510310,2016-07-25,2.396,2.42,2.434,2.396,7507.0,,1.572847682119216,0.16556291390728492,0.0040000000000000036,
510310,2016-07-26,2.42,2.446,2.446,2.42,9212.0,,1.0743801652892664,1.0743801652892664,0.026000000000000245,
510310,2016-07-27,2.44,2.4,2.46,2.364,67293.0,,3.924775143090763,-1.8806214227309999,-0.04600000000000026,
510310,2016-07-28,2.4,2.406,2.418,2.386,12575.0,,1.3333333333333346,0.2500000000000095,0.006000000000000227,
510310,2016-07-29,2.406,2.402,2.412,2.394,3776.0,,0.7481296758104652,-0.16625103906899433,-0.0040000000000000036,
510310,2016-08-01,2.4,2.384,2.4,2.362,13675.0,,1.5820149875104002,-0.7493755203996768,-0.018000000000000238,
510310,2016-08-02,2.402,2.39,2.514,2.354,7388.0,,6.711409395973142,0.25167785234900286,0.006000000000000227,
510310,2016-08-03,2.386,2.392,2.394,2.38,774.0,,0.5857740585774157,0.08368200836819162,0.0019999999999997797,
510310,2016-08-04,2.398,2.388,2.398,2.378,2542.0,,0.8361204013377934,-0.16722408026755867,-0.0040000000000000036,
510310,2016-08-05,2.388,2.394,2.41,2.386,2124.0,,1.0050251256281415,0.2512562814070447,0.006000000000000227,
510310,2016-08-08,2.394,2.43,2.43,2.394,1960.0,,1.5037593984962419,1.5037593984962419,0.03600000000000003,
510310,2016-08-09,2.432,2.442,2.444,2.418,4602.0,,1.0699588477366173,0.4938271604938276,0.01200000000000001,
510310,2016-08-10,2.434,2.44,2.45,2.43,44136.0,,0.8190008190008197,-0.08190008190009106,-0.002000000000000224,
510310,2016-08-11,2.44,2.44,2.458,2.426,44121.0,,1.3114754098360668,0.0,0.0,
510310,2016-08-12,2.44,2.482,2.49,2.408,95347.0,,3.3606557377049304,1.7213114754098466,0.04200000000000026,
510310,2016-08-15,2.488,2.554,2.582,2.464,70689.0,,4.7542304593070055,2.900886381950025,0.07199999999999962,
510310,2016-08-16,2.554,2.546,2.58,2.54,73577.0,,1.5661707126076756,-0.31323414252153514,-0.008000000000000007,
510310,2016-08-17,2.548,2.534,2.558,2.53,58014.0,,1.0997643362136695,-0.47132757266300124,-0.01200000000000001,
510310,2016-08-18,2.546,2.53,2.556,2.524,9830.0,,1.2628255722178385,-0.15785319652722982,-0.0040000000000000036,
510310,2016-08-19,2.538,2.53,2.538,2.518,5955.0,,0.7905138339920956,0.0,0.0,
510310,2016-08-22,2.54,2.522,2.542,2.51,39212.0,,1.264822134387353,-0.31620553359683823,-0.008000000000000007,
510310,2016-08-23,2.522,2.516,2.528,2.504,9189.0,,0.9516256938937361,-0.23790642347342522,-0.005999999999999783,
510310,2016-08-24,2.516,2.502,2.524,2.5,3467.0,,0.9538950715421312,-0.5564387917329187,-0.014000000000000234,
510310,2016-08-25,2.494,2.492,2.496,2.47,11923.0,,1.0391686650679377,-0.3996802557953552,-0.009999999999999787,
510310,2016-08-26,2.496,2.492,2.508,2.49,2702.0,,0.7223113964686916,0.0,0.0,
510310,2016-08-29,2.496,2.488,2.496,2.48,4901.0,,0.6420545746388449,-0.1605136436597112,-0.0040000000000000036,
510310,2016-08-30,2.482,2.49,2.502,2.478,22551.0,,0.9646302250803689,0.08038585209004115,0.002000000000000224,
510310,2016-08-31,2.5,2.502,2.51,2.48,8168.0,,1.2048192771084258,0.481927710843356,0.011999999999999567,
510310,2016-09-01,2.514,2.484,2.52,2.484,4231.0,,1.4388489208633108,-0.7194244604316464,-0.017999999999999794,
510310,2016-09-02,2.492,2.484,2.496,2.474,4821.0,,0.8856682769726166,0.0,0.0,
510310,2016-09-05,2.488,2.492,2.514,2.484,4616.0,,1.207729468599026,0.32206119162640934,0.008000000000000007,
510310,2016-09-06,2.508,2.512,2.52,2.482,11072.0,,1.5248796147672476,0.8025682182985562,0.020000000000000018,
510310,2016-09-07,2.52,2.512,2.53,2.512,8486.0,,0.7165605095541319,0.0,0.0,
510310,2016-09-08,2.52,2.514,2.52,2.508,5765.0,,0.47770700636942715,0.0796178343948957,0.0019999999999997797,
510310,2016-09-09,2.514,2.504,2.518,2.5,8726.0,,0.7159904534606124,-0.3977724741447807,-0.009999999999999787,
510310,2016-09-12,2.5,2.444,2.5,2.436,12855.0,,2.5559105431309925,-2.3961661341853056,-0.06000000000000005,
510310,2016-09-13,2.466,2.45,2.48,2.436,36016.0,,1.8003273322422277,0.24549918166940377,0.006000000000000227,
510310,2016-09-14,2.442,2.438,2.444,2.426,8346.0,,0.734693877551012,-0.48979591836734737,-0.01200000000000001,
510310,2016-09-19,2.44,2.448,2.46,2.44,2900.0,,0.8203445447087784,0.4101722723543801,0.009999999999999787,
510310,2016-09-20,2.452,2.452,2.452,2.44,1082.0,,0.490196078431373,0.16339869281045769,0.0040000000000000036,
510310,2016-09-21,2.452,2.46,2.46,2.438,6276.0,,0.8972267536704649,0.3262642740619905,0.008000000000000007,
510310,2016-09-22,2.47,2.472,2.486,2.47,2977.0,,0.6504065040650413,0.4878048780487809,0.01200000000000001,
510310,2016-09-23,2.476,2.472,2.482,2.466,928.0,,0.6472491909385119,0.0,0.0,
510310,2016-09-26,2.462,2.422,2.462,2.42,32877.0,,1.6990291262136026,-2.022653721682841,-0.04999999999999982,
510310,2016-09-27,2.432,2.446,2.446,2.42,17491.0,,1.073492981007442,0.9909165978530149,0.02400000000000002,
510310,2016-09-28,2.436,2.44,2.446,2.422,1143.0,,0.9811937857726908,-0.24529844644318183,-0.006000000000000227,
510310,2016-09-29,2.44,2.448,2.45,2.434,1715.0,,0.6557377049180334,0.3278688524590167,0.008000000000000007,
510310,2016-09-30,2.448,2.456,2.456,2.446,5393.0,,0.40849673202613507,0.32679738562091537,0.008000000000000007,
510310,2016-10-10,2.45,2.48,2.48,2.45,12704.0,,1.221498371335497,0.9771986970684049,0.02400000000000002,
510310,2016-10-11,2.478,2.49,2.492,2.478,6666.0,,0.5645161290322496,0.40322580645162226,0.010000000000000231,
510310,2016-10-12,2.49,2.486,2.49,2.478,6612.0,,0.4819277108433739,-0.16064257028112464,-0.0040000000000000036,
510310,2016-10-13,2.48,2.49,2.494,2.478,7071.0,,0.6436041834271927,0.16090104585679818,0.0040000000000000036,
510310,2016-10-14,2.48,2.494,2.496,2.466,49484.0,,1.2048192771084258,0.16064257028112464,0.0040000000000000036,
510310,2016-10-17,2.492,2.47,2.494,2.464,5989.0,,1.2028869286287187,-0.962309542902968,-0.02400000000000002,
510310,2016-10-18,2.47,2.502,2.506,2.468,50953.0,,1.5384615384615308,1.2955465587044366,0.031999999999999584,
510310,2016-10-19,2.502,2.504,2.516,2.502,12838.0,,0.5595523581135186,0.0799360511590817,0.002000000000000224,
510310,2016-10-20,2.504,2.5,2.51,2.496,68752.0,,0.5591054313098958,-0.15974440894568703,-0.0040000000000000036,
510310,2016-10-21,2.504,2.51,2.52,2.492,12984.0,,1.120000000000001,0.39999999999999153,0.009999999999999787,
510310,2016-10-24,2.5,2.554,2.57,2.5,63273.0,,2.7888446215139377,1.7529880478087667,0.04400000000000004,
510310,2016-10-25,2.542,2.542,2.55,2.532,53779.0,,0.7047768206734454,-0.46985121378230277,-0.01200000000000001,
510310,2016-10-26,2.534,2.536,2.548,2.53,16029.0,,0.7081038552321102,-0.23603461841069173,-0.005999999999999783,
510310,2016-10-27,2.53,2.528,2.536,2.516,44494.0,,0.788643533123029,-0.31545741324921167,-0.008000000000000007,
510310,2016-10-28,2.538,2.52,2.55,2.52,40160.0,,1.186708860759486,-0.31645569620253194,-0.008000000000000007,
510310,2016-10-31,2.514,2.516,2.518,2.506,13077.0,,0.4761904761904766,-0.15873015873015886,-0.0040000000000000036,
510310,2016-11-01,2.512,2.534,2.538,2.512,7258.0,,1.0333863275039668,0.7154213036565895,0.017999999999999794,
510310,2016-11-02,2.534,2.516,2.536,2.514,54943.0,,0.8681925808997728,-0.7103393843725255,-0.017999999999999794,
510310,2016-11-03,2.508,2.542,2.556,2.508,3600.0,,1.9077901430842623,1.0333863275039668,0.0259999999999998,
510310,2016-11-04,2.534,2.534,2.55,2.534,3715.0,,0.6294256490952013,-0.31471282454760063,-0.008000000000000007,
510310,2016-11-07,2.534,2.538,2.54,2.522,22237.0,,0.7103393843725431,0.15785319652722982,0.0040000000000000036,
510310,2016-11-08,2.54,2.55,2.556,2.54,76549.0,,0.6304176516942481,0.472813238770686,0.01200000000000001,
510310,2016-11-09,2.544,2.538,2.55,2.504,20649.0,,1.8039215686274441,-0.47058823529411814,-0.01200000000000001,
510310,2016-11-10,2.552,2.572,2.578,2.55,79644.0,,1.1032308904649342,1.339637509850286,0.03400000000000025,
510310,2016-11-11,2.572,2.586,2.592,2.56,80594.0,,1.2441679626749622,0.5443234836702874,0.01399999999999979,
510310,2016-11-14,2.584,2.596,2.61,2.574,77745.0,,1.3921113689095141,0.3866976024748736,0.010000000000000231,
510310,2016-11-15,2.592,2.6,2.606,2.586,37675.0,,0.7704160246533135,0.1540832049306627,0.0040000000000000036,
510310,2016-11-16,2.596,2.594,2.604,2.588,16634.0,,0.6153846153846159,-0.2307692307692395,-0.006000000000000227,
510310,2016-11-17,2.592,2.602,2.608,2.58,4702.0,,1.079414032382422,0.3084040092521206,0.008000000000000007,
510310,2016-11-18,2.6,2.592,2.608,2.586,6428.0,,0.8455034588777957,-0.38431975403534924,-0.009999999999999787,
510310,2016-11-21,2.586,2.604,2.62,2.586,24757.0,,1.311728395061738,0.46296296296296335,0.01200000000000001,
510310,2016-11-22,2.61,2.626,2.632,2.608,58822.0,,0.9216589861751161,0.8448540706605145,0.021999999999999797,
510310,2016-11-23,2.632,2.624,2.652,2.624,11954.0,,1.0662604722010673,-0.07616146230006778,-0.0019999999999997797,
510310,2016-11-24,2.634,2.642,2.67,2.628,68814.0,,1.6006097560975536,0.6859756097560896,0.017999999999999794,
510310,2016-11-25,2.64,2.68,2.68,2.628,68458.0,,1.9682059046177158,1.4383043149129546,0.038000000000000256,
510310,2016-11-28,2.69,2.688,2.704,2.686,28250.0,,0.6716417910447849,0.2985074626865674,0.008000000000000007,
510310,2016-11-29,2.688,2.712,2.726,2.676,16323.0,,1.860119047619041,0.8928571428571437,0.02400000000000002,
510310,2016-11-30,2.71,2.692,2.712,2.684,6906.0,,1.0324483775811217,-0.7374631268436584,-0.020000000000000018,
510310,2016-12-01,2.7,2.716,2.722,2.7,27216.0,,0.8172362555720578,0.8915304606240719,0.02400000000000002,
510310,2016-12-02,2.718,2.688,2.722,2.672,60666.0,,1.8409425625920406,-1.0309278350515472,-0.028000000000000025,
510310,2016-12-05,2.66,2.632,2.66,2.62,64289.0,,1.4880952380952395,-2.083333333333335,-0.05600000000000005,
510310,2016-12-06,2.624,2.63,2.642,2.624,4286.0,,0.6838905775075909,-0.07598784194529726,-0.002000000000000224,
510310,2016-12-07,2.618,2.634,2.636,2.606,37068.0,,1.1406844106463974,0.15209125475285185,0.0040000000000000036,
510310,2016-12-08,2.638,2.63,2.642,2.624,12393.0,,0.6833712984054592,-0.15186028853454836,-0.0040000000000000036,
510310,2016-12-09,2.63,2.646,2.66,2.62,22721.0,,1.5209125475285186,0.6083650190114074,0.016000000000000014,
510310,2016-12-12,2.648,2.588,2.65,2.566,48220.0,,3.174603174603177,-2.191987906273614,-0.05799999999999983,
510310,2016-12-13,2.584,2.572,2.588,2.552,19438.0,,1.3910355486862453,-0.6182380216383313,-0.016000000000000014,
510310,2016-12-14,2.58,2.566,2.582,2.544,77673.0,,1.477449455676509,-0.23328149300156403,-0.006000000000000227,
510310,2016-12-15,2.558,2.526,2.56,2.516,24806.0,,1.7147310989867512,-1.5588464536243196,-0.040000000000000036,
510310,2016-12-16,2.248,2.534,2.536,2.248,22333.0,,11.401425178147262,0.31670625494853555,0.008000000000000007,
510310,2016-12-19,2.524,2.512,2.526,2.502,8643.0,,0.9471191791633791,-0.8681925808997553,-0.021999999999999797,
510310,2016-12-20,2.508,2.508,2.514,2.482,75243.0,,1.2738853503184548,-0.15923566878980905,-0.0040000000000000036,
510310,2016-12-21,2.51,2.52,2.528,2.504,67599.0,,0.956937799043063,0.4784688995215315,0.01200000000000001,
510310,2016-12-22,2.52,2.518,2.528,2.506,41401.0,,0.8730158730158826,-0.07936507936508824,-0.002000000000000224,
510310,2016-12-23,2.518,2.504,2.518,2.496,14101.0,,0.8737092930897459,-0.5559968228752896,-0.01399999999999979,
510310,2016-12-26,2.488,2.506,2.514,2.464,48479.0,,1.9968051118210792,0.07987220447283465,0.0019999999999997797,
510310,2016-12-27,2.504,2.516,2.516,2.502,182713.0,,0.5586592178771044,0.3990422984836485,0.010000000000000231,
510310,2016-12-28,2.502,2.488,2.508,2.484,158850.0,,0.9538950715421312,-1.1128775834658198,-0.028000000000000025,
510310,2016-12-29,2.486,2.492,2.51,2.484,13454.0,,1.04501607717041,0.16077170418006445,0.0040000000000000036,
510310,2016-12-30,2.492,2.51,2.514,2.488,29731.0,,1.043338683788114,0.7223113964686916,0.017999999999999794,
510310,2018-05-21,3.064,3.064,3.078,3.058,36264.0,,0.7968127490039849,22.07171314741037,0.5540000000000003,
510310,2018-05-22,3.064,3.058,3.064,3.038,14943.0,,0.8485639686684153,-0.19582245430810138,-0.006000000000000227,
510310,2018-05-23,3.058,3.018,3.058,3.016,17908.0,,1.3734466971876984,-1.3080444735121006,-0.040000000000000036,
510310,2018-05-24,3.018,2.988,3.018,2.978,23185.0,,1.3253810470510137,-0.994035785288264,-0.029999999999999805,
510310,2018-05-25,2.986,2.976,3.0,2.972,27589.0,,0.9370816599732271,-0.40160642570281163,-0.01200000000000001,
510310,2018-05-28,2.984,2.99,3.008,2.968,7077.0,,1.3440860215053776,0.47043010752688963,0.014000000000000234,
510310,2018-05-29,2.996,2.97,3.002,2.97,17368.0,,1.0702341137123605,-0.6688963210702347,-0.020000000000000018,
510310,2018-05-30,2.96,2.926,2.96,2.91,22201.0,,1.6835016835016776,-1.4814814814814827,-0.04400000000000004,
510310,2018-05-31,2.938,2.966,2.974,2.928,20826.0,,1.572112098427897,1.3670539986329473,0.040000000000000036,
510310,2018-06-01,2.96,2.95,2.968,2.934,9963.0,,1.1463250168577144,-0.5394470667565749,-0.016000000000000014,
510310,2018-06-04,2.956,2.982,2.982,2.956,10345.0,,0.8813559322033981,1.0847457627118653,0.03200000000000003,
510310,2018-06-05,2.97,3.008,3.008,2.97,14882.0,,1.2743125419181693,0.8718980549966399,0.0259999999999998,
510310,2018-06-06,3.006,2.996,3.01,2.994,13086.0,,0.531914893617007,-0.3989361702127663,-0.01200000000000001,
510310,2018-06-07,3.004,2.996,3.032,2.996,9725.0,,1.2016021361815765,0.0,0.0,
510310,2018-06-08,2.984,2.956,2.988,2.94,12712.0,,1.6021361815754354,-1.3351134846461963,-0.040000000000000036,
510310,2018-06-11,2.956,2.962,2.97,2.936,22351.0,,1.150202976995949,0.2029769959404678,0.006000000000000227,
510310,2018-06-12,2.968,2.992,3.0,2.95,17854.0,,1.6880486158001289,1.0128291694800744,0.029999999999999805,
510310,2018-06-13,2.988,2.972,2.988,2.96,25106.0,,0.9358288770053483,-0.6684491978609631,-0.020000000000000018,
510310,2018-06-14,2.97,2.958,2.98,2.948,29699.0,,1.0767160161507412,-0.4710632570659418,-0.01399999999999979,
510310,2018-06-15,2.958,2.944,2.964,2.932,44653.0,,1.081812035158892,-0.47329276538202275,-0.014000000000000234,
510310,2018-06-19,2.94,2.826,2.944,2.79,72342.0,,5.230978260869562,-4.0081521739130395,-0.11799999999999988,
510310,2018-06-20,2.82,2.846,2.854,2.798,36129.0,,1.981599433828735,0.7077140835102625,0.020000000000000018,
510310,2018-06-21,2.848,2.808,2.87,2.806,27943.0,,2.248770203794802,-1.3352073085031713,-0.038000000000000256,
510310,2018-06-22,2.808,2.826,2.83,2.776,20142.0,,1.923076923076933,0.6410256410256495,0.018000000000000238,
510310,2018-06-25,2.876,2.792,2.876,2.79,18370.0,,3.0431705590941207,-1.203113941967454,-0.03400000000000025,
510310,2018-06-26,2.78,2.764,2.784,2.724,45489.0,,2.148997134670473,-1.0028653295128949,-0.028000000000000025,
510310,2018-06-27,2.766,2.72,2.77,2.69,79068.0,,2.8943560057887145,-1.5918958031837773,-0.043999999999999595,
510310,2018-06-28,2.714,2.674,2.72,2.666,23948.0,,1.9852941176470689,-1.6911764705882448,-0.04600000000000026,
510310,2018-06-29,2.694,2.748,2.76,2.676,54521.0,,3.1413612565444886,2.7673896783844536,0.07400000000000029,
510310,2018-07-02,2.758,2.68,2.758,2.65,156341.0,,3.930131004366815,-2.4745269286754024,-0.06800000000000006,
510310,2018-07-03,2.68,2.666,2.68,2.596,360477.0,,3.1343283582089576,-0.5223880597015013,-0.014000000000000234,
510310,2018-07-04,2.66,2.62,2.67,2.62,33907.0,,1.8754688672167976,-1.7254313578394531,-0.04599999999999982,
510310,2018-07-05,2.618,2.602,2.658,2.602,40384.0,,2.1374045801526735,-0.6870229007633679,-0.018000000000000238,
510310,2018-07-06,2.608,2.64,2.66,2.58,57047.0,,3.0745580322828623,1.4604150653343682,0.038000000000000256,
510310,2018-07-09,2.646,2.712,2.714,2.646,24861.0,,2.575757575757578,2.7272727272727297,0.07200000000000006,
510310,2018-07-10,2.712,2.716,2.722,2.696,28394.0,,0.9587020648967477,0.1474926253687317,0.0040000000000000036,
510310,2018-07-11,2.662,2.684,2.7,2.418,43506.0,,10.382916053019146,-1.178203240058911,-0.03200000000000003,
510310,2018-07-12,2.68,2.734,2.748,2.668,31447.0,,2.980625931445606,1.8628912071534955,0.04999999999999982,
510310,2018-07-13,2.738,2.752,2.752,2.73,23182.0,,0.8046817849304974,0.6583760058522237,0.017999999999999794,
510310,2018-07-16,2.752,2.738,2.762,2.72,23826.0,,1.5261627906976678,-0.5087209302325505,-0.01399999999999979,
510310,2018-07-17,2.738,2.72,2.738,2.694,17849.0,,1.6070124178232301,-0.6574141709276768,-0.017999999999999794,
510310,2018-07-18,2.726,2.708,2.74,2.704,14663.0,,1.323529411764707,-0.4411764705882356,-0.01200000000000001,
510310,2018-07-19,2.708,2.7,2.73,2.694,11688.0,,1.3293943870014782,-0.29542097488921737,-0.008000000000000007,
510310,2018-07-20,2.7,2.752,2.766,2.68,22828.0,,3.18518518518518,1.9259259259259112,0.0519999999999996,
510310,2018-07-23,2.758,2.78,2.782,2.728,41259.0,,1.962209302325575,1.0174418604651172,0.028000000000000025,
510310,2018-07-24,2.78,2.836,2.844,2.78,42795.0,,2.302158273381297,2.014388489208635,0.05600000000000005,
510310,2018-07-25,2.842,2.826,2.842,2.822,22963.0,,0.7052186177715098,-0.3526093088857471,-0.009999999999999787,
510310,2018-07-26,2.836,2.79,2.838,2.784,32571.0,,1.9108280254777166,-1.2738853503184724,-0.03600000000000003,
510310,2018-07-27,2.78,2.786,2.802,2.774,9807.0,,1.0035842293906818,-0.14336917562724028,-0.0040000000000000036,
510310,2018-07-30,2.78,2.776,2.804,2.756,16118.0,,1.7229002153625284,-0.35893754486720136,-0.010000000000000231,
510310,2018-07-31,2.78,2.778,2.792,2.734,10630.0,,2.089337175792501,0.07204610951009453,0.002000000000000224,
510310,2018-08-01,2.778,2.718,2.82,2.716,62755.0,,3.7437005039596705,-2.159827213822896,-0.06000000000000005,
510310,2018-08-02,2.718,2.66,2.718,2.62,121567.0,,3.6055923473141966,-2.133922001471664,-0.05799999999999983,
510310,2018-08-03,2.66,2.64,2.66,2.62,37353.0,,1.5037593984962419,-0.7518796992481209,-0.020000000000000018,
510310,2018-08-06,2.634,2.568,2.706,2.56,122006.0,,5.530303030303027,-2.7272727272727297,-0.07200000000000006,
510310,2018-08-07,2.58,2.658,2.658,2.568,29956.0,,3.5046728971962557,3.5046728971962557,0.08999999999999986,
510310,2018-08-08,2.658,2.608,2.658,2.606,59018.0,,1.9563581640331094,-1.881113619262597,-0.04999999999999982,
510310,2018-08-09,2.6,2.68,2.686,2.596,38429.0,,3.4509202453987675,2.7607361963190207,0.07200000000000006,
510310,2018-08-10,2.68,2.686,2.704,2.662,23911.0,,1.5671641791044872,0.22388059701491728,0.005999999999999783,
510310,2018-08-13,2.678,2.676,2.682,2.632,50101.0,,1.861504095309003,-0.372300819061794,-0.009999999999999787,
510310,2018-08-14,2.666,2.662,2.672,2.646,12058.0,,0.9715994020926847,-0.5231689088191418,-0.014000000000000234,
510310,2018-08-15,2.662,2.59,2.662,2.586,144215.0,,2.854996243425998,-2.704733283245682,-0.07200000000000006,
510310,2018-08-16,2.58,2.58,2.628,2.554,26217.0,,2.8571428571428683,-0.3861003861003779,-0.009999999999999787,
510310,2018-08-17,2.588,2.56,2.622,2.548,34429.0,,2.8682170542635594,-0.7751937984496131,-0.020000000000000018,
510310,2018-08-20,2.552,2.574,2.574,2.522,76600.0,,2.0312500000000018,0.5468749999999918,0.01399999999999979,
510310,2018-08-21,2.576,2.624,2.624,2.574,44622.0,,1.9425019425019527,1.9425019425019527,0.050000000000000266,
510310,2018-08-22,2.624,2.612,2.624,2.602,12880.0,,0.8384146341463508,-0.4573170731707321,-0.01200000000000001,
510310,2018-08-23,2.612,2.614,2.64,2.594,92801.0,,1.7611026033690758,0.07656967840734226,0.0019999999999997797,
510310,2018-08-24,2.606,2.624,2.644,2.586,28463.0,,2.2188217291507373,0.38255547054323763,0.010000000000000231,
510310,2018-08-27,2.632,2.68,2.688,2.622,86010.0,,2.515243902439035,2.1341463414634165,0.05600000000000005,
510310,2018-08-28,2.68,2.68,2.7,2.674,42935.0,,0.9701492537313524,0.0,0.0,
510310,2018-08-29,2.664,2.67,2.684,2.656,131567.0,,1.0447761194029859,-0.3731343283582175,-0.010000000000000231,
510310,2018-08-30,2.67,2.65,2.68,2.64,174582.0,,1.4981273408239715,-0.7490636704119857,-0.020000000000000018,
510310,2018-08-31,2.644,2.62,2.644,2.606,40254.0,,1.433962264150953,-1.1320754716981059,-0.029999999999999805,
510310,2018-09-03,2.622,2.616,2.622,2.592,58017.0,,1.1450381679389239,-0.15267175572519096,-0.0040000000000000036,
510310,2018-09-04,2.624,2.652,2.658,2.608,57985.0,,1.9113149847094735,1.3761467889908268,0.03600000000000003,
510310,2018-09-05,2.64,2.6,2.642,2.598,59863.0,,1.6591251885369547,-1.960784313725492,-0.052000000000000046,
510310,2018-09-06,2.6,2.578,2.612,2.56,70344.0,,2.0000000000000018,-0.8461538461538555,-0.02200000000000024,
510310,2018-09-07,2.578,2.59,2.62,2.568,24300.0,,2.017067494181538,0.46547711404189335,0.01200000000000001,
510310,2018-09-10,2.598,2.556,2.598,2.548,59712.0,,1.930501930501924,-1.3127413127413052,-0.03399999999999981,
510310,2018-09-11,2.556,2.544,2.562,2.534,35843.0,,1.0954616588419415,-0.4694835680751178,-0.01200000000000001,
510310,2018-09-12,2.544,2.53,2.548,2.52,36855.0,,1.100628930817611,-0.5503144654088142,-0.014000000000000234,
510310,2018-09-13,2.546,2.548,2.562,2.518,41781.0,,1.7391304347826104,0.7114624505928948,0.018000000000000238,
510310,2018-09-14,2.556,2.55,2.56,2.54,13652.0,,0.7849293563579284,0.07849293563578413,0.0019999999999997797,
510310,2018-09-17,2.554,2.526,2.554,2.52,58889.0,,1.333333333333326,-0.9411764705882363,-0.02400000000000002,
510310,2018-09-18,2.526,2.57,2.576,2.52,56373.0,,2.216943784639749,1.7418844022169453,0.04400000000000004,
510310,2018-09-19,2.57,2.604,2.63,2.566,205842.0,,2.4902723735408583,1.3229571984435897,0.03400000000000025,
510310,2018-09-20,2.616,2.61,2.628,2.598,60069.0,,1.1520737327189037,0.23041474654377048,0.005999999999999783,
510310,2018-09-21,2.61,2.694,2.696,2.61,261036.0,,3.295019157088134,3.218390804597704,0.08400000000000007,
510310,2018-09-25,2.672,2.664,2.678,2.642,108290.0,,1.336302895322941,-1.1135857461024425,-0.029999999999999805,
510310,2018-09-26,2.676,2.698,2.726,2.67,217659.0,,2.102102102102104,1.276276276276269,0.03399999999999981,
510310,2018-09-27,2.7,2.692,2.704,2.674,52186.0,,1.1119347664937083,-0.2223869532987318,-0.005999999999999783,
510310,2018-09-28,2.692,2.724,2.726,2.69,47750.0,,1.3372956909361082,1.188707280832096,0.03200000000000003,
510310,2018-10-08,2.678,2.594,2.678,2.592,230377.0,,3.1571218795888347,-4.7723935389133745,-0.13000000000000034,
510310,2018-10-09,2.6,2.598,2.618,2.58,73194.0,,1.4649190439475641,0.1542020046260603,0.0040000000000000036,
510310,2018-10-10,2.604,2.588,2.618,2.57,35128.0,,1.8475750577367223,-0.3849114703618086,-0.009999999999999787,
510310,2018-10-11,2.52,2.438,2.534,2.434,211179.0,,3.8639876352395532,-5.795981452859348,-0.1499999999999999,
510310,2018-10-12,2.45,2.494,2.506,2.426,81490.0,,3.2813781788350953,2.2969647251845795,0.05600000000000005,
510310,2018-10-15,2.518,2.464,2.518,2.448,65396.0,,2.8067361668003143,-1.2028869286287187,-0.03000000000000025,
510310,2018-10-16,2.472,2.442,2.494,2.426,76410.0,,2.7597402597402625,-0.8928571428571347,-0.021999999999999797,
510310,2018-10-17,2.476,2.45,2.484,2.41,130113.0,,3.0303030303030236,0.32760032760032787,0.008000000000000007,
510310,2018-10-18,2.45,2.396,2.45,2.384,120530.0,,2.693877551020419,-2.204081632653072,-0.05400000000000027,
510310,2018-10-19,2.4,2.458,2.478,2.36,128670.0,,4.924874791318878,2.587646076794669,0.06200000000000028,
510310,2018-10-22,2.48,2.598,2.644,2.48,197437.0,,6.672091131000819,5.69568755085434,0.13999999999999968,
510310,2018-10-23,2.608,2.534,2.608,2.494,102274.0,,4.387990762124707,-2.4634334103156297,-0.06400000000000006,
510310,2018-10-24,2.484,2.512,2.554,2.484,132058.0,,2.762430939226513,-0.8681925808997553,-0.021999999999999797,
510310,2018-10-25,2.386,2.51,2.512,2.386,86315.0,,5.015923566878977,-0.07961783439491336,-0.002000000000000224,
510310,2018-10-26,2.518,2.49,2.534,2.474,53581.0,,2.3904382470119367,-0.7968127490039673,-0.019999999999999574,
510310,2018-10-29,2.492,2.416,2.53,2.416,118766.0,,4.578313253012043,-2.9718875502008144,-0.07400000000000029,
510310,2018-10-30,2.42,2.438,2.476,2.392,130163.0,,3.4768211920529835,0.9105960264900762,0.02200000000000024,
510310,2018-10-31,2.452,2.47,2.488,2.434,199675.0,,2.2149302707136926,1.3125512715340455,0.03200000000000003,
510310,2018-11-01,2.48,2.49,2.528,2.48,74242.0,,1.9433198380566816,0.8097165991902842,0.020000000000000018,
510310,2018-11-02,2.542,2.588,2.592,2.538,176784.0,,2.1686746987951913,3.9357429718875445,0.09799999999999986,
510310,2018-11-05,2.58,2.57,2.586,2.54,111652.0,,1.7774343122101937,-0.6955177743431313,-0.018000000000000238,
510310,2018-11-06,2.57,2.554,2.57,2.528,64439.0,,1.6342412451361796,-0.6225680933852146,-0.016000000000000014,
510310,2018-11-07,2.56,2.532,2.578,2.526,60563.0,,2.0360219263899784,-0.861393891934213,-0.021999999999999797,
510310,2018-11-08,2.55,2.534,2.558,2.526,72504.0,,1.263823064770933,0.07898894154817455,0.0019999999999997797,
510310,2018-11-09,2.52,2.494,2.52,2.492,128058.0,,1.1049723756906087,-1.578531965272281,-0.03999999999999959,
510310,2018-11-12,2.494,2.522,2.526,2.482,104944.0,,1.7642341619887567,1.1226944667201115,0.02799999999999958,
510310,2018-11-13,2.5,2.546,2.564,2.484,116740.0,,3.172085646312454,0.9516256938937361,0.02400000000000002,
510310,2018-11-14,2.546,2.52,2.552,2.512,64330.0,,1.571091908876671,-1.0212097407698273,-0.0259999999999998,
510310,2018-11-15,2.52,2.554,2.554,2.51,93206.0,,1.7460317460317474,1.3492063492063417,0.03399999999999981,
510310,2018-11-16,2.564,2.568,2.59,2.536,69399.0,,2.114330462020354,0.5481597494126953,0.014000000000000234,
510310,2018-11-19,2.57,2.592,2.592,2.56,51749.0,,1.2461059190031163,0.9345794392523372,0.02400000000000002,
510310,2018-11-20,2.582,2.54,2.582,2.53,119151.0,,2.0061728395061746,-2.0061728395061746,-0.052000000000000046,
510310,2018-11-21,2.516,2.54,2.546,2.512,43741.0,,1.3385826771653466,0.0,0.0,
510310,2018-11-22,2.54,2.532,2.542,2.512,60262.0,,1.1811023622047168,-0.3149606299212601,-0.008000000000000007,
510310,2018-11-23,2.534,2.492,2.534,2.464,115271.0,,2.7646129541864077,-1.5797788309636664,-0.040000000000000036,
510310,2018-11-26,2.49,2.472,2.496,2.462,131854.0,,1.3643659711075364,-0.8025682182985562,-0.020000000000000018,
510310,2018-11-27,2.478,2.462,2.482,2.454,60027.0,,1.1326860841423958,-0.40453074433656094,-0.009999999999999787,
510310,2018-11-28,2.464,2.498,2.502,2.452,103071.0,,2.0308692120227385,1.462225832656378,0.03600000000000003,
510310,2018-11-29,2.512,2.466,2.516,2.46,67236.0,,2.2417934347478004,-1.2810248198558856,-0.03200000000000003,
510310,2018-11-30,2.47,2.49,2.5,2.462,64336.0,,1.5409570154095624,0.9732360097323608,0.02400000000000002,
510310,2018-12-03,2.56,2.568,2.584,2.54,152694.0,,1.767068273092371,3.132530120481921,0.07799999999999985,
510310,2018-12-04,2.568,2.572,2.578,2.556,74968.0,,0.8566978193146338,0.15576323987538954,0.0040000000000000036,
510310,2018-12-05,2.542,2.56,2.578,2.532,82142.0,,1.7884914463452497,-0.4665629860031108,-0.01200000000000001,
510310,2018-12-06,2.542,2.502,2.542,2.496,75469.0,,1.796874999999993,-2.2656250000000107,-0.058000000000000274,
510310,2018-12-07,2.502,2.5,2.516,2.498,44492.0,,0.7194244604316464,-0.07993605115906395,-0.0019999999999997797,
510310,2018-12-10,2.494,2.474,2.494,2.462,94637.0,,1.2800000000000011,-1.039999999999992,-0.0259999999999998,
510310,2018-12-11,2.476,2.486,2.486,2.47,44117.0,,0.6467259498787393,0.4850444624090545,0.01200000000000001,
510310,2018-12-12,2.494,2.492,2.502,2.484,53916.0,,0.724054706355583,0.24135156878518838,0.005999999999999783,
510310,2018-12-13,2.494,2.538,2.55,2.492,178847.0,,2.3274478330658037,1.8459069020866703,0.04599999999999982,
510310,2018-12-14,2.54,2.488,2.54,2.486,69840.0,,2.1276595744680784,-1.9700551615445163,-0.04999999999999982,
510310,2018-12-17,2.472,2.486,2.494,2.466,105949.0,,1.1254019292604511,-0.0803858520900233,-0.0019999999999997797,
510310,2018-12-18,2.472,2.454,2.492,2.442,88582.0,,2.0112630732099688,-1.2872083668543854,-0.03200000000000003,
510310,2018-12-19,2.462,2.424,2.462,2.42,67532.0,,1.7114914425427976,-1.2224938875305724,-0.03000000000000025,
510310,2018-12-20,2.432,2.412,2.434,2.386,106034.0,,1.980198019801982,-0.4950495049504955,-0.01200000000000001,
510310,2018-12-21,2.41,2.372,2.41,2.356,212981.0,,2.238805970149265,-1.6583747927031525,-0.040000000000000036,
510310,2018-12-24,2.372,2.38,2.384,2.356,66099.0,,1.1804384485666115,0.337268128161889,0.008000000000000007,
510310,2018-12-25,2.364,2.362,2.374,2.318,139476.0,,2.35294117647059,-0.7563025210083948,-0.017999999999999794,
510310,2018-12-26,2.364,2.352,2.37,2.34,62790.0,,1.2701100762066149,-0.4233700254022113,-0.010000000000000231,
510310,2018-12-27,2.4,2.348,2.4,2.34,123853.0,,2.551020408163268,-0.17006802721088451,-0.0040000000000000036,
510310,2018-12-28,2.358,2.344,2.37,2.338,178494.0,,1.3628620102214664,-0.1703577512776833,-0.0040000000000000036,
510310,2019-01-02,2.354,2.314,2.356,2.304,160192.0,,2.2184300341296948,-1.2798634812286607,-0.029999999999999805,
510310,2019-01-03,2.33,2.312,2.348,2.308,71657.0,,1.7286084701815054,-0.08643042350908486,-0.002000000000000224,
510310,2019-01-04,2.3,2.378,2.378,2.296,285676.0,,3.546712802768179,2.854671280276829,0.06600000000000028,
510310,2019-01-07,2.39,2.384,2.4,2.374,102079.0,,1.09335576114381,0.2523128679562566,0.005999999999999783,
510310,2019-01-08,2.396,2.386,2.396,2.376,45753.0,,0.838926174496645,0.08389261744967381,0.002000000000000224,
510310,2019-01-09,2.39,2.408,2.444,2.39,207385.0,,2.2632020117351144,0.9220452640402261,0.021999999999999797,
510310,2019-01-10,2.412,2.406,2.424,2.392,55060.0,,1.328903654485051,-0.08305647840530647,-0.0019999999999997797,
510310,2019-01-11,2.406,2.428,2.436,2.404,82283.0,,1.3300083125519546,0.9143807148794595,0.021999999999999797,
510310,2019-01-14,2.426,2.404,2.43,2.398,63596.0,,1.3179571663920935,-0.9884678747940702,-0.02400000000000002,
510310,2019-01-15,2.404,2.452,2.456,2.404,104634.0,,2.1630615640599022,1.9966722129783712,0.04800000000000004,
510310,2019-01-16,2.45,2.452,2.456,2.44,55089.0,,0.652528548123981,0.0,0.0,
510310,2019-01-17,2.452,2.438,2.468,2.436,62076.0,,1.305057096247962,-0.5709624796084743,-0.01399999999999979,
510310,2019-01-18,2.438,2.486,2.49,2.438,113973.0,,2.1328958162428235,1.9688269073010682,0.04800000000000004,
510310,2019-01-21,2.484,2.5,2.516,2.482,93454.0,,1.3676588897827757,0.5631536604987848,0.01399999999999979,
510310,2019-01-22,2.498,2.466,2.498,2.458,61465.0,,1.6000000000000014,-1.3599999999999923,-0.03399999999999981,
510310,2019-01-23,2.456,2.46,2.48,2.454,65166.0,,1.0543390105433819,-0.24330900243309922,-0.006000000000000227,
510310,2019-01-24,2.46,2.478,2.488,2.448,74523.0,,1.6260162601626031,0.7317073170731804,0.018000000000000238,
510310,2019-01-25,2.476,2.498,2.518,2.476,180265.0,,1.6949152542372805,0.8071025020177569,0.020000000000000018,
510310,2019-01-28,2.506,2.5,2.542,2.492,125216.0,,2.0016012810248127,0.08006405124098398,0.0019999999999997797,
510310,2019-01-29,2.5,2.508,2.518,2.47,94470.0,,1.919999999999984,0.3200000000000003,0.008000000000000007,
510310,2019-01-30,2.508,2.496,2.516,2.492,64073.0,,0.956937799043063,-0.4784688995215315,-0.01200000000000001,
510310,2019-01-31,2.494,2.518,2.53,2.494,67356.0,,1.4423076923076756,0.8814102564102483,0.021999999999999797,
510310,2019-02-01,2.536,2.564,2.566,2.524,125694.0,,1.6679904686258864,1.8268467037331322,0.04600000000000026,
510310,2019-02-11,2.576,2.61,2.614,2.552,240152.0,,2.418096723868948,1.7940717628705076,0.04599999999999982,
510310,2019-02-12,2.606,2.624,2.628,2.598,122252.0,,1.1494252873563313,0.5363984674329592,0.014000000000000234,
510310,2019-02-13,2.63,2.684,2.7,2.624,218521.0,,2.896341463414637,2.286585365853661,0.06000000000000005,
510310,2019-02-14,2.69,2.688,2.7,2.674,106059.0,,0.9687034277198303,0.14903129657228031,0.0040000000000000036,
510310,2019-02-15,2.676,2.64,2.688,2.634,172114.0,,2.0089285714285814,-1.7857142857142874,-0.04800000000000004,
510310,2019-02-18,2.644,2.718,2.72,2.644,160062.0,,2.8787878787878816,2.954545454545449,0.07799999999999985,
510310,2019-02-19,2.722,2.716,2.75,2.7,215218.0,,1.8395879323031574,-0.07358351729211847,-0.0019999999999997797,
510310,2019-02-20,2.716,2.724,2.74,2.706,414786.0,,1.2518409425626014,0.29455081001472777,0.008000000000000007,
510310,2019-02-21,2.72,2.72,2.768,2.708,171924.0,,2.202643171806153,-0.14684287812041127,-0.0040000000000000036,
510310,2019-02-22,2.72,2.794,2.8,2.698,181990.0,,3.749999999999995,2.720588235294112,0.07399999999999984,
510310,2019-02-25,2.856,3.002,3.006,2.828,371499.0,,6.3707945597709355,7.444523979957042,0.20799999999999974,
510310,2019-02-26,3.008,2.94,3.328,2.932,433507.0,,13.19120586275816,-2.065289806795464,-0.06199999999999983,
510310,2019-02-27,2.94,2.928,2.968,2.89,230459.0,,2.6530612244897904,-0.40816326530612285,-0.01200000000000001,
510310,2019-02-28,2.928,2.918,2.944,2.904,156533.0,,1.366120218579236,-0.34153005464480146,-0.009999999999999787,
510310,2019-03-01,2.94,2.98,2.986,2.92,502583.0,,2.2618231665524426,2.1247429746401587,0.06199999999999983,
510310,2019-03-04,3.008,3.026,3.116,2.994,701562.0,,4.09395973154362,1.5436241610738195,0.04599999999999982,
510310,2019-03-05,3.05,3.04,3.05,3.01,264959.0,,1.321877065432916,0.4626569729015279,0.014000000000000234,
510310,2019-03-06,3.042,3.07,3.072,3.01,261924.0,,2.0394736842105354,0.9868421052631514,0.029999999999999805,
510310,2019-03-07,3.064,3.024,3.064,2.996,293840.0,,2.2149837133550507,-1.4983713355048802,-0.04599999999999982,
510310,2019-03-08,2.94,2.906,2.996,2.9,378892.0,,3.174603174603177,-3.9021164021163983,-0.11799999999999988,
510310,2019-03-11,2.906,2.956,2.964,2.902,267526.0,,2.133516861665514,1.7205781142463805,0.04999999999999982,
510310,2019-03-12,2.97,2.984,3.026,2.956,254478.0,,2.3680649526386954,0.9472259810554813,0.028000000000000025,
510310,2019-03-13,2.982,2.96,2.988,2.94,160591.0,,1.6085790884718514,-0.8042895442359257,-0.02400000000000002,
510310,2019-03-14,2.946,2.936,2.98,2.924,240638.0,,1.8918918918918937,-0.8108108108108115,-0.02400000000000002,
510310,2019-03-15,2.94,2.978,3.014,2.94,179753.0,,2.520435967302447,1.430517711171671,0.04200000000000026,
510310,2019-03-18,2.978,3.076,3.076,2.97,229825.0,,3.5594358629952945,3.2907991940899883,0.09799999999999986,
510310,2019-03-19,3.086,3.058,3.088,3.044,165006.0,,1.4304291287386228,-0.5851755526658075,-0.018000000000000238,
510310,2019-03-20,3.06,3.058,3.074,3.018,155552.0,,1.8312622629169408,0.0,0.0,
510310,2019-03-21,3.066,3.052,3.08,3.044,187994.0,,1.1772400261608906,-0.19620667102680783,-0.005999999999999783,
510310,2019-03-22,3.052,3.056,3.066,3.008,144304.0,,1.900393184796849,0.13106159895150732,0.0040000000000000036,
510310,2019-03-25,2.992,2.994,3.03,2.988,218492.0,,1.374345549738214,-2.028795811518319,-0.06199999999999983,
510310,2019-03-26,2.994,2.95,3.02,2.94,204214.0,,2.6720106880427545,-1.4696058784235149,-0.04400000000000004,
510310,2019-03-27,2.948,2.974,2.982,2.948,175877.0,,1.1525423728813644,0.813559322033899,0.02400000000000002,
510310,2019-03-28,2.97,2.964,2.986,2.946,145395.0,,1.3449899125756568,-0.33624747814392164,-0.010000000000000231,
510310,2019-03-29,2.968,3.09,3.1,2.968,260347.0,,4.453441295546563,4.251012145748985,0.1259999999999999,
510310,2019-04-01,3.132,3.182,3.19,3.126,253070.0,,2.071197411003238,2.977346278317155,0.09200000000000008,
510310,2019-04-02,3.218,3.172,3.218,3.16,298704.0,,1.822752985543678,-0.3142677561282145,-0.009999999999999787,
510310,2019-04-03,3.144,3.216,3.23,3.144,365618.0,,2.711223203026477,1.3871374527112244,0.04400000000000004,
510310,2019-04-04,3.232,3.258,3.266,3.212,478231.0,,1.6791044776119348,1.3059701492537257,0.041999999999999815,
510310,2019-04-08,3.272,3.24,3.306,3.21,340580.0,,2.9465930018416233,-0.5524861878452975,-0.017999999999999794,
510310,2019-04-09,3.242,3.256,3.27,3.228,173975.0,,1.2962962962962905,0.49382716049381387,0.01599999999999957,
510310,2019-04-10,3.232,3.268,3.296,3.222,187209.0,,2.272727272727268,0.36855036855036893,0.01200000000000001,
510310,2019-04-11,3.268,3.206,3.284,3.186,203419.0,,2.998776009791918,-1.897184822521415,-0.06199999999999983,
510310,2019-04-12,3.202,3.194,3.21,3.17,91918.0,,1.2476606363069256,-0.3742981908920777,-0.01200000000000001,
510310,2019-04-15,3.236,3.178,3.274,3.172,295691.0,,3.1934877896055065,-0.5009392611145903,-0.016000000000000014,
510310,2019-04-16,3.166,3.276,3.278,3.156,204821.0,,3.8388923851478887,3.0837004405286303,0.09799999999999986,
510310,2019-04-17,3.278,3.27,3.29,3.248,104598.0,,1.2820512820512764,-0.18315018315017653,-0.005999999999999783,
510310,2019-04-18,3.272,3.264,3.28,3.252,95158.0,,0.8562691131498478,-0.18348623853211704,-0.006000000000000227,
510310,2019-04-19,3.26,3.31,3.31,3.234,305942.0,,2.3284313725490215,1.4093137254902042,0.04600000000000026,
510310,2019-04-22,3.312,3.24,3.318,3.222,295275.0,,2.900302114803628,-2.1148036253776388,-0.06999999999999984,
510310,2019-04-23,3.206,3.224,3.256,3.206,242052.0,,1.5432098765432043,-0.4938271604938276,-0.016000000000000014,
510310,2019-04-24,3.254,3.224,3.254,3.17,139842.0,,2.6054590570719625,0.0,0.0,
510310,2019-04-25,3.226,3.158,3.226,3.154,183684.0,,2.2332506203473965,-2.0471464019851204,-0.06600000000000028,
510310,2019-04-26,3.16,3.112,3.166,3.11,320882.0,,1.7732742241925286,-1.4566181127295699,-0.04599999999999982,
510310,2019-04-29,3.114,3.12,3.164,3.102,249223.0,,1.9922879177377981,0.25706940874036016,0.008000000000000007,
510310,2019-04-30,3.118,3.126,3.136,3.108,232283.0,,0.8974358974358982,0.19230769230768535,0.005999999999999783,
510310,2019-05-06,3.118,2.944,3.118,2.9,529639.0,,6.973768394113883,-5.822136916186818,-0.18199999999999994,
510310,2019-05-07,2.946,2.966,2.986,2.928,258308.0,,1.9701086956521834,0.7472826086956603,0.02200000000000024,
510310,2019-05-08,2.93,2.922,2.974,2.91,231528.0,,2.1577882670262998,-1.4834794335805812,-0.04400000000000004,
510310,2019-05-09,2.918,2.87,2.918,2.844,289658.0,,2.532511978097203,-1.7796030116358674,-0.052000000000000046,
510310,2019-05-10,2.902,2.968,2.984,2.864,402723.0,,4.181184668989551,3.414634146341459,0.09799999999999986,
510310,2019-05-13,2.94,2.924,2.946,2.914,250143.0,,1.078167115902966,-1.4824797843665782,-0.04400000000000004,
510310,2019-05-14,2.884,2.906,2.946,2.884,223256.0,,2.1203830369357144,-0.615595075239391,-0.017999999999999794,
510310,2019-05-15,2.924,2.966,2.986,2.924,220422.0,,2.133516861665529,2.064693737095666,0.06000000000000005,
510310,2019-05-16,2.96,2.988,2.992,2.952,277742.0,,1.3486176668914374,0.741739716790283,0.021999999999999797,
510310,2019-05-17,2.982,2.91,2.996,2.9,890526.0,,3.212851405622493,-2.6104417670682682,-0.07799999999999985,
510310,2019-05-20,2.888,2.878,2.916,2.852,830426.0,,2.1993127147766343,-1.0996563573883171,-0.03200000000000003,
510310,2019-05-21,2.884,2.916,2.944,2.876,546879.0,,2.362751911049342,1.3203613620569774,0.03799999999999981,
510310,2019-05-22,2.916,2.914,2.93,2.892,299142.0,,1.3031550068587194,-0.06858710562413511,-0.0019999999999997797,
510310,2019-05-23,2.904,2.86,2.908,2.854,523759.0,,1.8531228551818744,-1.8531228551818897,-0.05400000000000027,
510310,2019-05-24,2.866,2.864,2.89,2.852,440083.0,,1.3286713286713376,0.13986013986013998,0.0040000000000000036,
510310,2019-05-27,2.862,2.902,2.916,2.83,488259.0,,3.0027932960893806,1.3268156424581097,0.038000000000000256,
510310,2019-05-28,2.902,2.914,2.942,2.892,504669.0,,1.722949689869065,0.41350792556857374,0.01200000000000001,
510310,2019-05-29,2.91,2.922,2.952,2.896,503847.0,,1.9217570350034334,0.27453671928620477,0.008000000000000007,
510310,2019-05-30,2.922,2.914,2.922,2.88,563618.0,,1.437371663244362,-0.27378507871321034,-0.008000000000000007,
510310,2019-05-31,2.898,2.902,2.94,2.896,552454.0,,1.5099519560741261,-0.4118050789293072,-0.01200000000000001,
510310,2019-06-03,2.904,2.908,2.946,2.888,678060.0,,1.998621640248114,0.20675396278427924,0.005999999999999783,
510310,2019-06-04,2.916,2.88,2.916,2.866,552984.0,,1.719394773039884,-0.9628610729023392,-0.028000000000000025,
510310,2019-06-05,2.904,2.872,2.912,2.87,528295.0,,1.458333333333327,-0.27777777777777807,-0.008000000000000007,
510310,2019-06-06,2.874,2.846,2.88,2.842,664125.0,,1.323119777158768,-0.9052924791086282,-0.0259999999999998,
510310,2019-06-10,2.856,2.888,2.902,2.852,622357.0,,1.7568517217146966,1.4757554462403308,0.041999999999999815,
510310,2019-06-11,2.898,2.98,2.99,2.894,910214.0,,3.3240997229916927,3.185595567867039,0.09200000000000008,
510310,2019-06-12,2.986,2.96,2.986,2.954,372078.0,,1.0738255033557056,-0.671140939597316,-0.020000000000000018,
510310,2019-06-13,2.96,2.956,2.97,2.926,506682.0,,1.4864864864864877,-0.13513513513513525,-0.0040000000000000036,
510310,2019-06-14,2.952,2.936,2.974,2.928,518468.0,,1.5561569688768695,-0.6765899864682009,-0.020000000000000018,
510310,2019-06-17,2.936,2.936,2.962,2.926,480820.0,,1.22615803814714,0.0,0.0,
510310,2019-06-18,2.936,2.942,2.95,2.914,540962.0,,1.22615803814714,0.2043596730245309,0.006000000000000227,
510310,2019-06-19,3.006,2.996,3.06,2.99,735695.0,,2.3793337865397635,1.8354860639021013,0.053999999999999826,
510310,2019-06-20,2.996,3.086,3.116,2.992,984591.0,,4.138851802403208,3.004005340453934,0.08999999999999986,
510310,2019-06-21,3.086,3.094,3.122,3.078,731202.0,,1.4257939079714854,0.25923525599481556,0.008000000000000007,
510310,2019-06-24,3.094,3.098,3.108,3.078,421117.0,,0.9696186166774482,0.12928248222365882,0.0040000000000000036,
510310,2019-06-25,3.098,3.064,3.098,3.022,687049.0,,2.453195610071016,-1.0974822466107104,-0.03399999999999981,
510310,2019-06-26,3.044,3.06,3.076,3.04,431560.0,,1.174934725848565,-0.13054830287206276,-0.0040000000000000036,
510310,2019-06-27,3.072,3.1,3.116,3.068,731877.0,,1.5686274509803935,1.3071895424836613,0.040000000000000036,
510310,2019-06-28,3.102,3.1,3.102,3.074,575300.0,,0.9032258064516137,0.0,0.0,
510310,2019-07-01,3.184,3.186,3.192,3.144,835663.0,,1.5483870967741948,2.774193548387092,0.08599999999999985,
510310,2019-07-02,3.186,3.184,3.192,3.172,402966.0,,0.6277463904582554,-0.06277463904581858,-0.0019999999999997797,
510310,2019-07-03,3.182,3.156,3.182,3.142,582473.0,,1.2562814070351769,-0.8793969849246238,-0.028000000000000025,
510310,2019-07-04,3.154,3.134,3.168,3.118,556700.0,,1.5842839036755472,-0.6970849176172447,-0.02200000000000024,
510310,2019-07-05,3.132,3.152,3.16,3.126,630489.0,,1.0848755583918397,0.5743458838545067,0.018000000000000238,
510310,2019-07-08,3.138,3.076,3.138,3.048,689128.0,,2.855329949238574,-2.4111675126903576,-0.07600000000000007,
510310,2019-07-09,3.076,3.07,3.09,3.056,468508.0,,1.1053315994798376,-0.19505851755527395,-0.006000000000000227,
510310,2019-07-10,3.072,3.068,3.088,3.058,461966.0,,0.977198697068412,-0.06514657980455309,-0.0019999999999997797,
510310,2019-07-11,3.08,3.068,3.11,3.056,558101.0,,1.7601043024771783,0.0,0.0,
510310,2019-07-12,3.072,3.092,3.104,3.062,525622.0,,1.3689700130378182,0.7822685788787491,0.02400000000000002,
510310,2019-07-15,3.08,3.108,3.132,3.042,674630.0,,2.9107373868046666,0.5174644243208284,0.016000000000000014,
510310,2019-07-16,3.106,3.094,3.114,3.086,366666.0,,0.9009009009009016,-0.450450450450458,-0.014000000000000234,
510310,2019-07-17,3.092,3.09,3.104,3.074,337776.0,,0.9696186166774482,-0.12928248222365882,-0.0040000000000000036,
510310,2019-07-18,3.064,3.066,3.084,3.064,398678.0,,0.647249190938512,-0.7766990291262144,-0.02400000000000002,
510310,2019-07-19,3.06,3.098,3.122,3.06,485996.0,,2.0221787345074964,1.0437051532941954,0.03200000000000003,
510310,2019-07-22,3.102,3.076,3.108,3.058,557291.0,,1.6139444803098861,-0.7101355713363395,-0.021999999999999797,
510310,2019-07-23,3.076,3.084,3.086,3.07,384078.0,,0.5201560468140447,0.26007802340702235,0.008000000000000007,
510310,2019-07-24,3.09,3.11,3.132,3.09,484078.0,,1.361867704280164,0.8430609597924709,0.0259999999999998,
510310,2019-07-25,3.11,3.138,3.138,3.106,445025.0,,1.0289389067524124,0.9003215434083609,0.028000000000000025,
510310,2019-07-26,3.13,3.148,3.154,3.104,575399.0,,1.5933715742511099,0.31867431485023046,0.010000000000000231,
510310,2019-07-29,3.148,3.142,3.148,3.128,463668.0,,0.6353240152477768,-0.19059720457434012,-0.006000000000000227,
510310,2019-07-30,3.138,3.156,3.178,3.138,557593.0,,1.2730744748567804,0.44557606619988016,0.014000000000000234,
510310,2019-07-31,3.154,3.128,3.154,3.122,926946.0,,1.0139416983523455,-0.8871989860583024,-0.028000000000000025,
510310,2019-08-01,3.12,3.102,3.122,3.09,690449.0,,1.0230179028133002,-0.8312020460358135,-0.026000000000000245,
510310,2019-08-02,3.06,3.05,3.06,3.026,837065.0,,1.0960670535138701,-1.676337846550614,-0.052000000000000046,
510310,2019-08-05,3.034,2.992,3.042,2.988,1215242.0,,1.770491803278683,-1.9016393442622896,-0.05799999999999983,
510310,2019-08-06,2.96,2.95,2.968,2.902,1328427.0,,2.205882352941171,-1.4037433155080152,-0.041999999999999815,
510310,2019-08-07,2.962,2.938,2.968,2.936,608389.0,,1.0847457627118653,-0.4067796610169495,-0.01200000000000001,
510310,2019-08-08,2.944,2.98,2.99,2.944,485489.0,,1.5656909462219284,1.4295439074200074,0.041999999999999815,
510310,2019-08-09,2.994,2.956,2.998,2.948,574781.0,,1.6778523489932977,-0.8053691275167794,-0.02400000000000002,
510310,2019-08-12,2.968,3.006,3.008,2.96,594697.0,,1.623815967523682,1.6914749661704946,0.04999999999999982,
510310,2019-08-13,2.976,2.984,2.994,2.972,586296.0,,0.7318695941450513,-0.7318695941450366,-0.021999999999999797,
510310,2019-08-14,3.018,3.0,3.026,2.996,674352.0,,1.0053619302948995,0.5361930294906171,0.016000000000000014,
510310,2019-08-15,2.964,3.01,3.012,2.942,808363.0,,2.3333333333333277,0.33333333333332626,0.009999999999999787,
510310,2019-08-16,3.0,3.022,3.044,2.996,796236.0,,1.5946843853820614,0.39867109634551534,0.01200000000000001,
510310,2019-08-19,3.04,3.098,3.1,3.03,709182.0,,2.3163467902051718,2.5148908007941784,0.07600000000000007,
510310,2019-08-20,3.098,3.084,3.106,3.08,613420.0,,0.8392511297611298,-0.4519044544867589,-0.01399999999999979,
510310,2019-08-21,3.086,3.086,3.092,3.072,487994.0,,0.6485084306095985,0.06485084306095265,0.0019999999999997797,
510310,2019-08-22,3.088,3.09,3.096,3.074,534176.0,,0.7128969539857499,0.12961762799740778,0.0040000000000000036,
510310,2019-08-23,3.09,3.116,3.126,3.086,815310.0,,1.294498381877024,0.8414239482200727,0.026000000000000245,
510310,2019-08-26,3.062,3.074,3.084,3.06,806984.0,,0.7702182284980751,-1.3478818998716386,-0.04200000000000026,
510310,2019-08-27,3.082,3.116,3.146,3.082,746303.0,,2.081977878985038,1.3662979830839381,0.04200000000000026,
510310,2019-08-28,3.116,3.102,3.122,3.092,501942.0,,0.9627727856225867,-0.4492939666238842,-0.014000000000000234,
510310,2019-08-29,3.106,3.096,3.106,3.074,783659.0,,1.031592520954224,-0.19342359767890985,-0.005999999999999783,
510310,2019-08-30,3.108,3.104,3.132,3.084,585315.0,,1.5503875968992262,0.25839793281653767,0.008000000000000007,
510310,2019-09-02,3.1,3.14,3.154,3.1,625293.0,,1.739690721649479,1.1597938144329907,0.03600000000000003,
510310,2019-09-03,3.134,3.144,3.148,3.13,599628.0,,0.5732484076433197,0.12738853503184724,0.0040000000000000036,
510310,2019-09-04,3.14,3.182,3.182,3.14,982990.0,,1.335877862595414,1.2086513994910881,0.03799999999999981,
510310,2019-09-05,3.206,3.214,3.26,3.194,646010.0,,2.074167190446255,1.0056568196103088,0.03200000000000003,
510310,2019-09-06,3.226,3.234,3.24,3.212,712490.0,,0.8711885500933424,0.6222775357809589,0.020000000000000018,
510310,2019-09-09,3.26,3.254,3.266,3.24,730184.0,,0.8039579468150836,0.6184291898577619,0.020000000000000018,
510310,2019-09-10,3.242,3.242,3.258,3.224,414863.0,,1.0448678549477506,-0.3687768899815615,-0.01200000000000001,
510310,2019-09-11,3.262,3.218,3.262,3.214,462820.0,,1.4805675508945109,-0.7402837754472554,-0.02400000000000002,
510310,2019-09-12,3.224,3.25,3.256,3.222,475052.0,,1.0565568676196335,0.9944064636420147,0.03200000000000003,
510310,2019-09-16,3.256,3.246,3.262,3.228,550344.0,,1.0461538461538402,-0.1230769230769232,-0.0040000000000000036,
510310,2019-09-17,3.23,3.184,3.234,3.17,543422.0,,1.971657424522491,-1.9100431300061564,-0.06199999999999983,
510310,2019-09-18,3.186,3.194,3.208,3.186,484518.0,,0.6909547738693543,0.3140703517587873,0.009999999999999787,
510310,2019-09-19,3.204,3.212,3.212,3.188,456073.0,,0.7514088916718855,0.5635566687539211,0.018000000000000238,
510310,2019-09-20,3.212,3.214,3.228,3.21,439703.0,,0.5603985056039924,0.06226650062265814,0.0019999999999997797,
510310,2019-09-23,3.206,3.186,3.21,3.166,607230.0,,1.3690105787181095,-0.8711885500933424,-0.028000000000000025,
510310,2019-09-24,3.186,3.188,3.218,3.18,491552.0,,1.1927181418706783,0.06277463904583251,0.002000000000000224,
510310,2019-09-25,3.188,3.162,3.188,3.162,500735.0,,0.8155583437892171,-0.8155583437892171,-0.026000000000000245,
510310,2019-09-26,3.184,3.142,3.184,3.136,480693.0,,1.518026565464897,-0.6325110689437071,-0.020000000000000018,
510310,2019-09-27,3.142,3.15,3.156,3.136,391741.0,,0.6365372374283902,0.2546148949713561,0.008000000000000007,
510310,2019-09-30,3.146,3.106,3.152,3.104,461285.0,,1.5238095238095253,-1.396825396825398,-0.04400000000000004,
510310,2019-10-08,3.11,3.132,3.154,3.11,421806.0,,1.4166130070830663,0.8370895041854555,0.026000000000000245,
510310,2019-10-09,3.132,3.142,3.142,3.108,345835.0,,1.085568326947631,0.3192848020434159,0.009999999999999787,
510310,2019-10-10,3.14,3.17,3.176,3.128,459777.0,,1.5276893698281362,0.8911521323997461,0.028000000000000025,
510310,2019-10-11,3.18,3.206,3.218,3.164,499445.0,,1.7034700315457358,1.135646687697162,0.03600000000000003,
510310,2019-10-14,3.23,3.234,3.264,3.222,610848.0,,1.310043668122265,0.873362445414848,0.028000000000000025,
510310,2019-10-15,3.234,3.224,3.234,3.218,369126.0,,0.4947433518862095,-0.30921459492887404,-0.009999999999999787,
510310,2019-10-16,3.224,3.212,3.25,3.21,404529.0,,1.240694789081887,-0.37220843672456605,-0.01200000000000001,
510310,2019-10-17,3.212,3.212,3.226,3.204,358832.0,,0.6849315068493087,0.0,0.0,
510310,2019-10-18,3.212,3.164,3.23,3.154,643382.0,,2.366127023661272,-1.4943960149439615,-0.04800000000000004,
510310,2019-10-21,3.168,3.17,3.176,3.15,426579.0,,0.8217446270543693,0.18963337547407658,0.005999999999999783,
510310,2019-10-22,3.176,3.19,3.192,3.164,545530.0,,0.8832807570977926,0.6309148264984233,0.020000000000000018,
510310,2019-10-23,3.188,3.168,3.192,3.158,397971.0,,1.0658307210031426,-0.6896551724137867,-0.021999999999999797,
510310,2019-10-24,3.166,3.166,3.184,3.146,520893.0,,1.1994949494949576,-0.0631313131313202,-0.002000000000000224,
510310,2019-10-25,3.166,3.188,3.188,3.142,824756.0,,1.452937460518012,0.6948831332912269,0.02200000000000024,
510310,2019-10-28,3.204,3.21,3.216,3.188,644676.0,,0.8782936010037647,0.6900878293600939,0.021999999999999797,
510310,2019-10-29,3.208,3.198,3.214,3.198,339457.0,,0.49844236760124655,-0.3738317757009349,-0.01200000000000001,
510310,2019-10-30,3.198,3.182,3.2,3.172,412081.0,,0.8755472170106325,-0.5003126954346471,-0.016000000000000014,
510310,2019-10-31,3.186,3.18,3.196,3.174,331455.0,,0.6913890634820943,-0.06285355122563734,-0.0019999999999997797,
510310,2019-11-01,3.18,3.242,3.244,3.172,583849.0,,2.264150943396228,1.9496855345911897,0.06199999999999983,
510310,2019-11-04,3.24,3.258,3.268,3.24,452166.0,,0.863664404688451,0.49352251696483695,0.016000000000000014,
510310,2019-11-05,3.258,3.28,3.314,3.254,467608.0,,1.8416206261510144,0.6752608962553651,0.021999999999999797,
510310,2019-11-06,3.278,3.268,3.286,3.256,393532.0,,0.914634146341471,-0.36585365853658575,-0.01200000000000001,
510310,2019-11-07,3.268,3.27,3.288,3.256,439163.0,,0.9791921664626693,0.06119951040392363,0.002000000000000224,
510310,2019-11-08,3.306,3.26,3.316,3.256,453723.0,,1.8348623853211024,-0.3058103975535239,-0.010000000000000231,
510310,2019-11-11,3.258,3.198,3.258,3.192,585629.0,,2.024539877300609,-1.901840490797541,-0.06199999999999983,
510310,2019-11-12,3.2,3.194,3.21,3.176,451969.0,,1.0631644777986182,-0.12507817385866177,-0.0040000000000000036,
510310,2019-11-13,3.194,3.192,3.2,3.176,625139.0,,0.7514088916718855,-0.06261740763931684,-0.0019999999999997797,
510310,2019-11-14,3.192,3.196,3.208,3.182,660262.0,,0.8145363408521379,0.12531328320802015,0.0040000000000000036,
510310,2019-11-15,3.198,3.176,3.208,3.174,450022.0,,1.0638297872340503,-0.6257822277847315,-0.020000000000000018,
510310,2019-11-18,3.178,3.198,3.208,3.168,673762.0,,1.2594458438287164,0.692695214105787,0.021999999999999797,
510310,2019-11-19,3.198,3.234,3.236,3.192,529665.0,,1.3758599124452795,1.125703564727956,0.03600000000000003,
510310,2019-11-20,3.234,3.198,3.234,3.192,360843.0,,1.2987012987012931,-1.1131725417439713,-0.03600000000000003,
510310,2019-11-21,3.182,3.182,3.196,3.168,553132.0,,0.8755472170106325,-0.5003126954346471,-0.016000000000000014,
510310,2019-11-22,3.184,3.148,3.212,3.138,598025.0,,2.3255813953488462,-1.0685103708359462,-0.03399999999999981,
510310,2019-11-25,3.14,3.168,3.17,3.14,519594.0,,0.9529860228716583,0.6353240152477768,0.020000000000000018,
510310,2019-11-26,3.174,3.178,3.19,3.162,509496.0,,0.8838383838383845,0.3156565656565589,0.009999999999999787,
510310,2019-11-27,3.178,3.174,3.19,3.16,388025.0,,0.9439899307740656,-0.1258653241032097,-0.0040000000000000036,
510310,2019-11-28,3.17,3.166,3.186,3.154,321490.0,,1.008191556395716,-0.252047889098929,-0.008000000000000007,
510310,2019-11-29,3.162,3.124,3.164,3.114,635394.0,,1.579279848389143,-1.3265950726468672,-0.041999999999999815,
510310,2019-12-02,3.13,3.136,3.15,3.128,426476.0,,0.7042253521126696,0.3841229193341873,0.01200000000000001,
510310,2019-12-03,3.134,3.15,3.15,3.116,355449.0,,1.0841836734693817,0.44642857142856474,0.01399999999999979,
510310,2019-12-04,3.142,3.152,3.152,3.126,459249.0,,0.8253968253968331,0.06349206349207061,0.002000000000000224,
510310,2019-12-05,3.16,3.176,3.184,3.16,780551.0,,0.7614213197969549,0.7614213197969549,0.02400000000000002,
510310,2019-12-06,3.18,3.196,3.2,3.178,557970.0,,0.692695214105801,0.6297229219143582,0.020000000000000018,
510310,2019-12-09,3.198,3.19,3.206,3.18,388538.0,,0.813516896120144,-0.18773466833542637,-0.006000000000000227,
510310,2019-12-10,3.19,3.196,3.198,3.18,572979.0,,0.564263322884006,0.188087774294678,0.006000000000000227,
510310,2019-12-11,3.2,3.198,3.204,3.186,438757.0,,0.5632040050062652,0.0625782227784662,0.0019999999999997797,
510310,2019-12-12,3.198,3.19,3.204,3.186,494515.0,,0.5628517823639849,-0.25015634771732354,-0.008000000000000007,
510310,2019-12-13,3.21,3.262,3.266,3.21,772233.0,,1.7554858934169293,2.257053291536052,0.07200000000000006,
510310,2019-12-16,3.266,3.266,3.272,3.242,563208.0,,0.9196811771919009,0.12262415695892101,0.0040000000000000036,
510310,2019-12-17,3.264,3.324,3.344,3.264,706095.0,,2.4494794856093103,1.775872627066743,0.05799999999999983,
510310,2019-12-18,3.33,3.306,3.334,3.302,464728.0,,0.9626955475330936,-0.5415162454873584,-0.017999999999999794,
510310,2019-12-19,3.312,3.306,3.316,3.296,716247.0,,0.6049606775559594,0.0,0.0,
510310,2019-12-20,3.306,3.3,3.326,3.3,489119.0,,0.786448880822754,-0.18148820326679452,-0.006000000000000227,
510310,2019-12-23,3.3,3.252,3.308,3.25,611374.0,,1.7575757575757527,-1.454545454545456,-0.04800000000000004,
510310,2019-12-24,3.252,3.276,3.282,3.25,574072.0,,0.9840098400984019,0.7380073800738014,0.02400000000000002,
510310,2019-12-25,3.276,3.28,3.29,3.266,556133.0,,0.7326007326007333,0.12210012210012221,0.0040000000000000036,
510310,2019-12-26,3.28,3.3,3.306,3.272,551027.0,,1.0365853658536661,0.6097560975609762,0.020000000000000018,
510310,2019-12-27,3.302,3.302,3.344,3.3,682386.0,,1.3333333333333346,0.060606060606067394,0.002000000000000224,
510310,2019-12-30,3.3,3.36,3.364,3.284,661260.0,,2.4227740763173857,1.756511205330098,0.05799999999999983,
510310,2019-12-31,3.36,3.368,3.374,3.346,475432.0,,0.8333333333333341,0.23809523809523833,0.008000000000000007,
510310,2020-01-02,3.394,3.412,3.436,3.39,711037.0,,1.3657957244655528,1.306413301662709,0.04400000000000004,
510310,2020-01-03,3.418,3.408,3.428,3.4,510689.0,,0.8206330597889808,-0.11723329425556868,-0.0040000000000000036,
510310,2020-01-06,3.406,3.392,3.432,3.366,682111.0,,1.9366197183098546,-0.4694835680751178,-0.016000000000000014,
510310,2020-01-07,3.396,3.416,3.422,3.396,661551.0,,0.7665094339622714,0.7075471698113214,0.02400000000000002,
510310,2020-01-08,3.414,3.386,3.414,3.372,899086.0,,1.229508196721319,-0.8782201405152169,-0.029999999999999805,
510310,2020-01-09,3.41,3.422,3.43,3.408,698143.0,,0.6497341996456066,1.063201417601891,0.03600000000000003,
510310,2020-01-10,3.432,3.426,3.44,3.412,621986.0,,0.8182349503214501,0.11689070718877859,0.0040000000000000036,
510310,2020-01-13,3.426,3.464,3.466,3.41,541117.0,,1.6345592527729145,1.1091652072387568,0.03799999999999981,
510310,2020-01-14,3.476,3.45,3.48,3.446,797582.0,,0.9815242494226273,-0.4041570438799016,-0.01399999999999979,
510310,2020-01-15,3.448,3.422,3.454,3.414,526872.0,,1.1594202898550736,-0.8115942028985514,-0.028000000000000025,
510310,2020-01-16,3.426,3.416,3.432,3.404,771203.0,,0.8182349503214501,-0.17533606078317437,-0.006000000000000227,
510310,2020-01-17,3.418,3.418,3.442,3.408,461526.0,,0.9953161592505928,0.058548009367688045,0.002000000000000224,
510310,2020-01-20,3.42,3.446,3.45,3.414,957226.0,,1.0532475131655947,0.8191925102399071,0.028000000000000025,
510310,2020-01-21,3.44,3.384,3.44,3.378,691539.0,,1.799187463726054,-1.7991874637260672,-0.06200000000000028,
510310,2020-01-22,3.372,3.396,3.41,3.32,662684.0,,2.659574468085115,0.35460992907801453,0.01200000000000001,
510310,2020-01-23,3.374,3.298,3.376,3.258,789090.0,,3.474676089517076,-2.8857479387514684,-0.09799999999999986,
510310,2020-02-03,3.0,2.95,3.1,2.944,1326193.0,,4.730139478471805,-10.551849605821706,-0.34799999999999986,
510310,2020-02-04,2.94,3.086,3.092,2.94,865621.0,,5.15254237288136,4.610169491525413,0.13599999999999968,
510310,2020-02-05,3.084,3.124,3.16,3.084,695254.0,,2.4627349319507474,1.231367465975381,0.038000000000000256,
510310,2020-02-06,3.128,3.194,3.214,3.108,636605.0,,3.3930857874519806,2.2407170294494185,0.06999999999999984,
510310,2020-02-07,3.184,3.196,3.196,3.15,531681.0,,1.4402003757044541,0.06261740763933074,0.002000000000000224,
510310,2020-02-10,3.18,3.2,3.21,3.16,521014.0,,1.5644555694618218,0.1251564455569463,0.0040000000000000036,
510310,2020-02-11,3.2,3.24,3.256,3.2,513639.0,,1.7499999999999876,1.250000000000001,0.040000000000000036,
510310,2020-02-12,3.226,3.268,3.272,3.226,431559.0,,1.4197530864197474,0.8641975308641846,0.02799999999999958,
510310,2020-02-13,3.262,3.254,3.28,3.24,521087.0,,1.223990208078323,-0.428396572827411,-0.01399999999999979,
510310,2020-02-14,3.232,3.268,3.288,3.232,488549.0,,1.72095881991394,0.4302397049784816,0.01399999999999979,
510310,2020-02-17,3.27,3.346,3.352,3.27,565985.0,,2.509179926560583,2.386780905752763,0.07800000000000029,
510310,2020-02-18,3.342,3.33,3.346,3.304,558077.0,,1.2552301255230203,-0.478182904961148,-0.016000000000000014,
510310,2020-02-19,3.326,3.326,3.354,3.318,579187.0,,1.081081081081082,-0.12012012012012022,-0.0040000000000000036,
510310,2020-02-20,3.332,3.41,3.42,3.33,855694.0,,2.7059530968129843,2.5255562236921247,0.08400000000000007,
510310,2020-02-21,3.41,3.422,3.45,3.398,740567.0,,1.52492668621701,0.35190615835777156,0.01200000000000001,
510310,2020-02-24,3.41,3.388,3.42,3.364,987717.0,,1.6364699006429002,-0.9935710111046245,-0.03400000000000025,
510310,2020-02-25,3.34,3.386,3.394,3.304,861566.0,,2.6564344746163018,-0.059031877213688896,-0.0019999999999997797,
510310,2020-02-26,3.336,3.352,3.398,3.332,1152856.0,,1.949202598936807,-1.0041346721795703,-0.03400000000000025,
510310,2020-02-27,3.352,3.354,3.38,3.346,776569.0,,1.0143198090692067,0.059665871121725056,0.002000000000000224,
510310,2020-02-28,3.3,3.248,3.322,3.226,991652.0,,2.862254025044725,-3.1604054859868773,-0.10599999999999987,
510310,2020-03-02,3.254,3.356,3.374,3.254,620693.0,,3.6945812807881806,3.3251231527093488,0.10799999999999965,
510310,2020-03-03,3.39,3.36,3.418,3.344,756681.0,,2.205005959475575,0.11918951132300368,0.0040000000000000036,
510310,2020-03-04,3.36,3.38,3.382,3.334,622787.0,,1.42857142857143,0.5952380952380958,0.020000000000000018,
510310,2020-03-05,3.414,3.462,3.474,3.394,825184.0,,2.3668639053254457,2.4260355029585887,0.0820000000000003,
510310,2020-03-06,3.454,3.408,3.454,3.404,548222.0,,1.4442518775274482,-1.5597920277296438,-0.05400000000000027,
510310,2020-03-09,3.37,3.292,3.37,3.282,800423.0,,2.5821596244131477,-3.403755868544604,-0.1160000000000001,
510310,2020-03-10,3.282,3.362,3.366,3.25,1053616.0,,3.523693803159177,2.126366950182269,0.07000000000000028,
510310,2020-03-11,3.362,3.31,3.364,3.308,840565.0,,1.6656751933373009,-1.5466983938132077,-0.052000000000000046,
510310,2020-03-12,3.264,3.252,3.28,3.226,801772.0,,1.6314199395770341,-1.7522658610271986,-0.058000000000000274,
510310,2020-03-13,3.144,3.21,3.238,3.074,1135374.0,,5.04305043050431,-1.2915129151291458,-0.041999999999999815,
510310,2020-03-16,3.22,3.046,3.23,3.044,1080306.0,,5.794392523364484,-5.109034267912778,-0.16400000000000015,
510310,2020-03-17,3.06,3.026,3.14,2.956,1185747.0,,6.040709126723578,-0.6565988181221281,-0.020000000000000018,
510310,2020-03-18,3.048,2.966,3.088,2.962,1251612.0,,4.163912756113678,-1.9828155981493594,-0.05999999999999961,
510310,2020-03-19,2.984,2.932,2.984,2.846,1208431.0,,4.652730950775451,-1.1463250168577293,-0.03400000000000025,
510310,2020-03-20,2.954,2.992,2.992,2.922,805792.0,,2.3874488403819867,2.0463847203274232,0.06000000000000005,
510310,2020-03-23,2.94,2.878,2.942,2.868,965831.0,,2.473262032085571,-3.8101604278074825,-0.11399999999999988,
510310,2020-03-24,2.93,2.946,2.958,2.884,1054617.0,,2.5712300208478207,2.362751911049342,0.06800000000000006,
510310,2020-03-25,3.022,3.036,3.048,3.004,981637.0,,1.4935505770536333,3.054989816700606,0.08999999999999986,
510310,2020-03-26,3.02,3.016,3.052,2.996,732626.0,,1.8445322793148897,-0.6587615283267463,-0.020000000000000018,
510310,2020-03-27,3.052,3.032,3.078,3.03,703741.0,,1.591511936339524,0.5305039787798413,0.016000000000000014,
510310,2020-03-30,2.994,3.0,3.016,2.966,702545.0,,1.6490765171503898,-1.0554089709762544,-0.03200000000000003,
510310,2020-03-31,3.028,3.002,3.038,2.996,783659.0,,1.3999999999999937,0.06666666666665932,0.0019999999999997797,
510310,2020-04-01,2.998,2.998,3.048,2.992,724538.0,,1.8654230512991359,-0.1332445036642092,-0.0039999999999995595,
510310,2020-04-02,2.99,3.056,3.058,2.98,733628.0,,2.601734489659768,1.9346230820546972,0.05799999999999983,
510310,2020-04-03,3.05,3.032,3.052,3.02,889946.0,,1.0471204188481684,-0.7853403141361263,-0.02400000000000002,
510310,2020-04-07,3.08,3.1,3.112,3.076,1012907.0,,1.1873350923482862,2.2427440633245403,0.06800000000000006,
510310,2020-04-08,3.096,3.09,3.102,3.078,678714.0,,0.7741935483870974,-0.3225806451612978,-0.010000000000000231,
510310,2020-04-09,3.1,3.1,3.11,3.094,893339.0,,0.5177993527508095,0.32362459546926314,0.010000000000000231,
510310,2020-04-10,3.104,3.086,3.128,3.07,887892.0,,1.8709677419354926,-0.45161290322581404,-0.014000000000000234,
510310,2020-04-13,3.08,3.066,3.082,3.058,620505.0,,0.7777057679844466,-0.6480881399870388,-0.020000000000000018,
510310,2020-04-14,3.08,3.128,3.128,3.078,981224.0,,1.6307893020221877,2.022178734507511,0.06200000000000028,
510310,2020-04-15,3.13,3.11,3.132,3.106,716031.0,,0.8312020460358135,-0.5754475703324884,-0.018000000000000238,
510310,2020-04-16,3.1,3.11,3.118,3.09,883789.0,,0.9003215434083609,0.0,0.0,
510310,2020-04-17,3.12,3.146,3.162,3.12,1271093.0,,1.3504823151125342,1.1575562700964641,0.03600000000000003,
510310,2020-04-20,3.146,3.152,3.154,3.116,877270.0,,1.2078830260648383,0.1907183725365616,0.006000000000000227,
510310,2020-04-21,3.132,3.116,3.146,3.09,923545.0,,1.776649746192895,-1.1421319796954326,-0.03600000000000003,
510310,2020-04-22,3.102,3.148,3.148,3.092,998532.0,,1.7971758664955084,1.0269576379974334,0.03200000000000003,
510310,2020-04-23,3.152,3.14,3.158,3.13,943145.0,,0.8894536213468875,-0.2541296060991108,-0.008000000000000007,
510310,2020-04-24,3.138,3.108,3.138,3.1,1006305.0,,1.2101910828025417,-1.019108280254778,-0.03200000000000003,
510310,2020-04-27,3.11,3.132,3.15,3.108,1452649.0,,1.3513513513513453,0.7722007722007729,0.02400000000000002,
510310,2020-04-28,3.126,3.152,3.162,3.082,1543009.0,,2.554278416347384,0.638569604086846,0.020000000000000018,
510310,2020-04-29,3.128,3.166,3.18,3.128,1346140.0,,1.6497461928934025,0.4441624365482167,0.01399999999999979,
510310,2020-04-30,3.176,3.218,3.222,3.174,1486875.0,,1.5161086544535705,1.6424510423247014,0.052000000000000046,
510310,2020-05-06,3.178,3.23,3.238,3.16,2019198.0,,2.423865755127404,0.37290242386575545,0.01200000000000001,
510310,2020-05-07,3.228,3.222,3.234,3.214,1579034.0,,0.6191950464396291,-0.24767801857585162,-0.008000000000000007,
510310,2020-05-08,3.232,3.258,3.274,3.232,1459090.0,,1.3035381750465491,1.117318435754191,0.03600000000000003,
510310,2020-05-11,3.26,3.252,3.29,3.242,912283.0,,1.4732965009208117,-0.18416206261510829,-0.006000000000000227,
510310,2020-05-12,3.252,3.252,3.266,3.23,1409479.0,,1.1070110701107023,0.0,0.0,
510310,2020-05-13,3.238,3.262,3.266,3.232,1953412.0,,1.0455104551045453,0.3075030750307574,0.010000000000000231,
510310,2020-05-14,3.248,3.232,3.25,3.226,1570776.0,,0.7357449417535261,-0.9196811771919009,-0.029999999999999805,
510310,2020-05-15,3.24,3.21,3.246,3.208,1331853.0,,1.17574257425742,-0.6806930693069382,-0.02200000000000024,
510310,2020-05-18,3.21,3.222,3.244,3.202,1103467.0,,1.3084112149532792,0.3738317757009349,0.01200000000000001,
510310,2020-05-19,3.254,3.252,3.266,3.24,946616.0,,0.8069522036002421,0.931098696461819,0.029999999999999805,
510310,2020-05-20,3.252,3.232,3.252,3.228,1093665.0,,0.7380073800737877,-0.6150061500614875,-0.019999999999999574,
510310,2020-05-21,3.24,3.212,3.246,3.21,1117083.0,,1.1138613861386149,-0.6188118811881194,-0.020000000000000018,
510310,2020-05-22,3.212,3.14,3.22,3.136,1159892.0,,2.6151930261519323,-2.241594022415942,-0.07200000000000006,
510310,2020-05-25,3.144,3.138,3.146,3.122,1078499.0,,0.7643312101910834,-0.0636942675159307,-0.002000000000000224,
510310,2020-05-26,3.15,3.184,3.184,3.144,1414370.0,,1.2746972594008934,1.4659018483110346,0.04600000000000026,
510310,2020-05-27,3.18,3.168,3.18,3.154,996341.0,,0.816582914572872,-0.5025125628140708,-0.016000000000000014,
510310,2020-05-28,3.164,3.17,3.2,3.136,1027787.0,,2.0202020202020217,0.06313131313130618,0.0019999999999997797,
510310,2020-05-29,3.152,3.176,3.184,3.144,995916.0,,1.2618296529968467,0.189274447949534,0.006000000000000227,
510310,2020-06-01,3.194,3.27,3.278,3.194,1307094.0,,2.6448362720403047,2.9596977329974767,0.09399999999999986,
510310,2020-06-02,3.272,3.284,3.292,3.262,1076013.0,,0.9174311926605444,0.4281345565749171,0.01399999999999979,
510310,2020-06-03,3.3,3.284,3.32,3.282,944395.0,,1.157125456760043,0.0,0.0,
510310,2020-06-04,3.284,3.284,3.3,3.272,947234.0,,0.8526187576126683,0.0,0.0,
510310,2020-06-05,3.292,3.308,3.31,3.274,904829.0,,1.0962241169305735,0.7308160779537156,0.02400000000000002,
510310,2020-06-08,3.314,3.322,3.346,3.314,866394.0,,0.9673518742442574,0.4232164449818693,0.014000000000000234,
510310,2020-06-09,3.322,3.338,3.348,3.316,1120150.0,,0.9632751354605668,0.4816375677302834,0.016000000000000014,
510310,2020-06-10,3.34,3.342,3.344,3.326,933618.0,,0.5392450569203053,0.11983223487118046,0.0040000000000000036,
510310,2020-06-11,3.342,3.304,3.35,3.29,1289463.0,,1.795332136445244,-1.1370436864153277,-0.038000000000000256,
510310,2020-06-12,3.274,3.312,3.326,3.252,1356566.0,,2.2397094430992825,0.2421307506053271,0.008000000000000007,
510310,2020-06-15,3.298,3.27,3.31,3.266,1103341.0,,1.3285024154589384,-1.26811594202898,-0.041999999999999815,
510310,2020-06-16,3.284,3.318,3.32,3.284,1232574.0,,1.1009174311926615,1.467889908256882,0.04800000000000004,
510310,2020-06-17,3.318,3.322,3.324,3.3,938507.0,,0.7233273056057873,0.12055455093429787,0.0040000000000000036,
510310,2020-06-18,3.32,3.354,3.356,3.308,909402.0,,1.4449127031908502,0.9632751354605668,0.03200000000000003,
510310,2020-06-19,3.356,3.39,3.412,3.35,1185646.0,,1.8485390578413783,1.073345259391772,0.03600000000000003,
510310,2020-06-22,3.42,3.398,3.426,3.39,1255645.0,,1.061946902654868,0.23598820058997072,0.008000000000000007,
510310,2020-06-23,3.398,3.424,3.424,3.382,1265991.0,,1.236021188934662,0.7651559741024073,0.0259999999999998,
510310,2020-06-24,3.424,3.448,3.45,3.424,1006930.0,,0.7593457943925306,0.700934579439253,0.02400000000000002,
510310,2020-06-29,3.442,3.42,3.446,3.4,1087075.0,,1.3341067285382906,-0.8120649651972165,-0.028000000000000025,
510310,2020-06-30,3.434,3.468,3.48,3.434,1364633.0,,1.3450292397660766,1.4035087719298258,0.04800000000000004,
510310,2020-07-01,3.48,3.544,3.55,3.466,1573711.0,,2.4221453287197123,2.1914648212226084,0.07600000000000007,
510310,2020-07-02,3.552,3.626,3.636,3.54,1711856.0,,2.7088036117381513,2.313769751692998,0.08199999999999985,
510310,2020-07-03,3.636,3.706,3.712,3.634,1657705.0,,2.151130722559302,2.206287920573637,0.08000000000000007,
510310,2020-07-06,3.74,4.003,4.021,3.74,2055804.0,,7.582298974635718,8.014031300593636,0.29700000000000015,
510310,2020-07-07,4.063,3.965,4.101,3.951,2178929.0,,3.747189607794152,-0.9492880339745255,-0.038000000000000256,
510310,2020-07-08,3.965,4.011,4.049,3.937,1663615.0,,2.824716267339232,1.1601513240857568,0.04600000000000026,
510310,2020-07-09,4.013,4.089,4.099,3.997,1720850.0,,2.543006731488415,1.9446522064323184,0.07800000000000029,
510310,2020-07-10,4.075,4.009,4.075,3.985,1438852.0,,2.2010271460014748,-1.9564685742235282,-0.08000000000000007,
510310,2020-07-13,4.003,4.095,4.131,4.001,1614912.0,,3.2427039161885727,2.14517335994012,0.08599999999999941,
510310,2020-07-14,4.093,4.059,4.109,4.001,1848015.0,,2.637362637362629,-0.8791208791208691,-0.03599999999999959,
510310,2020-07-15,4.077,4.013,4.101,3.993,1413511.0,,2.660753880266078,-1.133284060113335,-0.04600000000000026,
510310,2020-07-16,4.009,3.82,4.043,3.806,1849980.0,,5.905806130077251,-4.809369548965862,-0.19300000000000006,
510310,2020-07-17,3.812,3.832,3.885,3.786,1621044.0,,2.5916230366492083,0.31413612565445054,0.01200000000000001,
510310,2020-07-20,3.848,3.959,3.961,3.834,1305121.0,,3.3141962421711844,3.314196242171196,0.12700000000000022,
510310,2020-07-21,3.987,3.975,3.989,3.945,1393111.0,,1.111391765597374,0.40414246021722694,0.016000000000000014,
510310,2020-07-22,3.963,3.995,4.069,3.961,1412012.0,,2.716981132075474,0.5031446540880508,0.020000000000000018,
510310,2020-07-23,3.975,3.991,4.015,3.903,1366760.0,,2.803504380475586,-0.10012515644555703,-0.0040000000000000036,
510310,2020-07-24,3.977,3.824,3.977,3.79,1504211.0,,4.685542470558753,-4.184414933600608,-0.16700000000000026,
510310,2020-07-27,3.824,3.832,3.86,3.788,1011338.0,,1.8828451882845205,0.2092050209205023,0.008000000000000007,
510310,2020-07-28,3.858,3.862,3.881,3.834,1132512.0,,1.226513569937362,0.7828810020876893,0.03000000000000025,
510310,2020-07-29,3.846,3.977,3.979,3.846,1713677.0,,3.443811496633869,2.97773174520973,0.11499999999999977,
510310,2020-07-30,3.975,3.947,3.989,3.941,948618.0,,1.206939904450592,-0.7543374402816144,-0.029999999999999805,
510310,2020-07-31,3.945,3.977,4.031,3.911,1710140.0,,3.0402837598175743,0.7600709399543908,0.029999999999999805,
510310,2020-08-03,3.997,4.053,4.053,3.997,1730101.0,,1.4080965551923574,1.9109881820467707,0.07600000000000007,
510310,2020-08-04,4.061,4.049,4.081,4.031,1361172.0,,1.2336540833950336,-0.09869232667159042,-0.0039999999999995595,
510310,2020-08-05,4.039,4.051,4.067,3.993,1183326.0,,1.8276117559891403,0.04939491232402518,0.0019999999999997797,
510310,2020-08-06,4.049,4.043,4.071,3.973,1647259.0,,2.419155764008883,-0.19748210318439907,-0.008000000000000007,
510310,2020-08-07,4.021,4.003,4.033,3.931,1620193.0,,2.5228790502102476,-0.9893643334157811,-0.040000000000000036,
510310,2020-08-10,3.985,4.017,4.043,3.935,1121050.0,,2.6979765176117936,0.34973769672746025,0.014000000000000234,
510310,2020-08-11,4.019,3.971,4.073,3.963,1259380.0,,2.73836196166294,-1.1451331839681418,-0.04600000000000026,
510310,2020-08-12,3.965,3.939,3.977,3.871,1197752.0,,2.6693528078569595,-0.8058423570888951,-0.03200000000000003,
510310,2020-08-13,3.939,3.927,3.961,3.921,982318.0,,1.0154861640010164,-0.3046458492003049,-0.01200000000000001,
510310,2020-08-14,3.923,4.007,4.009,3.915,1323855.0,,2.393684746625931,2.0371785077667335,0.07999999999999963,
510310,2020-08-17,4.013,4.099,4.121,4.013,1378134.0,,2.69528325430498,2.295982031444985,0.09200000000000053,
510310,2020-08-18,4.109,4.093,4.109,4.069,1057577.0,,0.9758477677482322,-0.14637716516224022,-0.006000000000000227,
510310,2020-08-19,4.097,4.029,4.097,4.027,1179932.0,,1.7102369899829046,-1.563645247984365,-0.06400000000000006,
510310,2020-08-20,4.015,3.977,4.017,3.961,1021540.0,,1.3899230578307396,-1.2906428394142477,-0.052000000000000046,
510310,2020-08-21,3.991,4.017,4.037,3.979,1277046.0,,1.458385717877793,1.0057832537088378,0.04000000000000048,
510310,2020-08-24,4.031,4.041,4.057,4.009,1140216.0,,1.1949215832710989,0.5974607916355494,0.02400000000000002,
510310,2020-08-25,4.059,4.053,4.095,4.033,891628.0,,1.5342736946300268,0.2969561989606425,0.011999999999999567,
510310,2020-08-26,4.043,4.001,4.075,3.985,1165794.0,,2.220577350111036,-1.2830002467308068,-0.0519999999999996,
510310,2020-08-27,4.001,4.029,4.031,3.979,839408.0,,1.2996750812296824,0.6998250437390546,0.02799999999999958,
510310,2020-08-28,4.015,4.135,4.143,4.015,1810803.0,,3.1769669893273798,2.6309257880367305,0.10599999999999987,
510310,2020-08-31,4.149,4.109,4.183,4.097,1422248.0,,2.079806529625137,-0.6287787182587619,-0.0259999999999998,
510310,2020-09-01,4.113,4.127,4.127,4.081,913757.0,,1.119493794110474,0.43806278899975165,0.017999999999999794,
510310,2020-09-02,4.125,4.121,4.143,4.083,1312350.0,,1.4538405621516748,-0.1453840562151524,-0.005999999999999339,
510310,2020-09-03,4.113,4.107,4.157,4.089,1039371.0,,1.6500849308420191,-0.33972336811454096,-0.014000000000000234,
510310,2020-09-04,4.071,4.069,4.077,4.023,1244606.0,,1.3148283418553754,-0.9252495738982288,-0.038000000000000256,
510310,2020-09-07,4.057,3.981,4.081,3.957,978647.0,,3.0474318014254256,-2.162693536495455,-0.08800000000000008,
510310,2020-09-08,4.001,3.993,4.007,3.947,1192516.0,,1.5071590052750468,0.30143180105501155,0.01200000000000001,
510310,2020-09-09,3.951,3.901,3.955,3.869,1275171.0,,2.153769095917853,-2.304032056098174,-0.09200000000000008,
510310,2020-09-10,3.923,3.895,3.949,3.883,975553.0,,1.69187387849269,-0.15380671622660302,-0.005999999999999783,
510310,2020-09-11,3.895,3.935,3.939,3.879,1028459.0,,1.5404364569961502,1.0269576379974337,0.040000000000000036,
510310,2020-09-14,3.937,3.953,3.965,3.929,832507.0,,0.9148665819567988,0.4574332909783938,0.017999999999999794,
510310,2020-09-15,3.951,3.985,3.991,3.941,796016.0,,1.2648621300278338,0.80951176321781,0.03200000000000003,
510310,2020-09-16,3.993,3.965,3.993,3.945,735875.0,,1.204516938519449,-0.5018820577164371,-0.020000000000000018,
510310,2020-09-17,3.953,3.941,3.971,3.915,829251.0,,1.4123581336696105,-0.6052963430012616,-0.02400000000000002,
510310,2020-09-18,3.941,4.043,4.043,3.941,1042391.0,,2.588175589951797,2.588175589951797,0.10200000000000031,
510310,2020-09-21,4.045,3.995,4.057,3.991,883683.0,,1.6324511501360446,-1.1872372000989375,-0.04800000000000004,
510310,2020-09-22,3.969,3.945,4.009,3.925,1174357.0,,2.102628285356709,-1.2515644555694685,-0.050000000000000266,
510310,2020-09-23,3.947,3.957,3.971,3.931,930114.0,,1.0139416983523457,0.3041825095057037,0.01200000000000001,
510310,2020-09-24,3.929,3.885,3.939,3.879,945543.0,,1.5163002274450355,-1.8195602729340425,-0.07200000000000006,
510310,2020-09-25,3.889,3.893,3.917,3.875,764718.0,,1.0810810810810765,0.20592020592020613,0.008000000000000007,
510310,2020-09-28,3.891,3.901,3.929,3.885,610041.0,,1.1302337528898032,0.20549704597996427,0.008000000000000007,
510310,2020-09-29,3.911,3.909,3.937,3.903,817747.0,,0.871571391950777,0.20507562163547827,0.008000000000000007,
510310,2020-09-30,3.919,3.895,3.943,3.875,995807.0,,1.7395753389613726,-0.3581478639038064,-0.01399999999999979,
510310,2020-10-09,3.927,3.985,4.005,3.927,730362.0,,2.0025673940949895,2.3106546854942196,0.08999999999999986,
510310,2020-10-12,3.997,4.115,4.117,3.987,780458.0,,3.262233375156835,3.262233375156847,0.13000000000000034,
510310,2020-10-13,4.125,4.131,4.139,4.089,1024142.0,,1.2150668286755728,0.38882138517618503,0.016000000000000014,
510310,2020-10-14,4.121,4.105,4.121,4.093,688653.0,,0.6778019849915388,-0.6293875574921278,-0.0259999999999998,
510310,2020-10-15,4.101,4.099,4.129,4.089,714226.0,,0.9744214372715991,-0.14616321559074852,-0.006000000000000227,
510310,2020-10-16,4.095,4.093,4.121,4.059,716866.0,,1.5125640400097653,-0.14637716516224022,-0.006000000000000227,
510310,2020-10-19,4.107,4.057,4.149,4.047,965559.0,,2.492059613975087,-0.8795504519911944,-0.03599999999999959,
510310,2020-10-20,4.047,4.087,4.091,4.043,810600.0,,1.1831402514173044,0.7394626571357988,0.02999999999999936,
510310,2020-10-21,4.089,4.095,4.099,4.057,918908.0,,1.0276486420357187,0.19574259848299502,0.008000000000000007,
510310,2020-10-22,4.081,4.079,4.093,4.029,804857.0,,1.5628815628815642,-0.39072039072039105,-0.016000000000000014,
510310,2020-10-23,4.075,4.035,4.101,4.025,1049585.0,,1.863201765138505,-1.078695758764393,-0.043999999999999595,
510310,2020-10-26,4.021,3.993,4.021,3.953,978193.0,,1.6852540272614636,-1.0408921933085564,-0.04200000000000026,
510310,2020-10-27,3.977,4.013,4.017,3.977,910471.0,,1.0017530678687823,0.5008765339343856,0.020000000000000018,
510310,2020-10-28,4.013,4.043,4.055,3.995,679981.0,,1.4951407924246103,0.7475703962123161,0.03000000000000025,
510310,2020-10-29,4.009,4.085,4.099,3.997,832266.0,,2.5228790502102476,1.0388325500865647,0.041999999999999815,
510310,2020-10-30,4.079,4.005,4.083,3.997,1072211.0,,2.1052631578947443,-1.9583843329253385,-0.08000000000000007,
510310,2020-11-02,4.005,4.027,4.047,4.005,892639.0,,1.0486891385767745,0.5493133583021284,0.02200000000000024,
510310,2020-11-03,4.041,4.079,4.095,4.041,1026827.0,,1.340948596970434,1.2912838341196822,0.0519999999999996,
510310,2020-11-04,4.079,4.107,4.127,4.071,984117.0,,1.372885511154696,0.686442755577359,0.02800000000000047,
510310,2020-11-05,4.133,4.177,4.181,4.131,978910.0,,1.2174336498660778,1.7044071098125007,0.0699999999999994,
510310,2020-11-06,4.185,4.179,4.191,4.141,1038252.0,,1.1970313622216862,0.047881254488883605,0.002000000000000668,
510310,2020-11-09,4.195,4.263,4.289,4.195,1014468.0,,2.249341947834396,2.0100502512562723,0.08399999999999963,
510310,2020-11-10,4.297,4.239,4.299,4.215,1199922.0,,1.9704433497537068,-0.5629838142153418,-0.02400000000000002,
510310,2020-11-11,4.227,4.195,4.243,4.191,1181130.0,,1.2267044114177987,-1.037980655815041,-0.043999999999999595,
510310,2020-11-12,4.197,4.197,4.217,4.179,1616027.0,,0.905840286054812,0.047675804529196175,0.0019999999999997797,
510310,2020-11-13,4.183,4.153,4.183,4.121,1231134.0,,1.4772456516559302,-1.0483678818203592,-0.04400000000000048,
510310,2020-11-16,4.195,4.199,4.201,4.143,904120.0,,1.396580784974713,1.1076330363592648,0.04600000000000026,
510310,2020-11-17,4.205,4.187,4.205,4.163,1035861.0,,1.000238151940934,-0.28578232912597207,-0.011999999999999567,
510310,2020-11-18,4.185,4.181,4.207,4.163,933593.0,,1.0508717458800954,-0.14330069262001977,-0.006000000000000227,
510310,2020-11-19,4.179,4.219,4.231,4.165,932437.0,,1.5785697201626365,0.9088734752451628,0.038000000000000256,
510310,2020-11-20,4.221,4.233,4.239,4.209,727800.0,,0.7110689736904539,0.33183218772219353,0.013999999999999346,
510310,2020-11-23,4.239,4.283,4.311,4.225,1283530.0,,2.0316560359083464,1.1811953697141675,0.05000000000000071,
510310,2020-11-24,4.279,4.259,4.289,4.251,742698.0,,0.8872285780994481,-0.5603548914312403,-0.02400000000000002,
510310,2020-11-25,4.277,4.209,4.289,4.207,913473.0,,1.9253345855834665,-1.1739845034045717,-0.05000000000000071,
510310,2020-11-26,4.211,4.207,4.219,4.167,912088.0,,1.2354478498455808,-0.04751722499405511,-0.0019999999999997797,
510310,2020-11-27,4.211,4.275,4.279,4.205,917349.0,,1.7589731400047504,1.6163536962205967,0.0680000000000005,
510310,2020-11-30,4.283,4.253,4.337,4.251,991229.0,,2.0116959064327347,-0.5146198830409412,-0.02200000000000024,
510310,2020-12-01,4.261,4.351,4.355,4.255,1165924.0,,2.3512814483893845,2.3042558194215816,0.09799999999999986,
510310,2020-12-02,4.355,4.347,4.371,4.321,1130677.0,,1.1491611123879732,-0.09193288899102642,-0.0039999999999995595,
510310,2020-12-03,4.349,4.341,4.355,4.319,670658.0,,0.8281573498964911,-0.13802622498275194,-0.006000000000000227,
510310,2020-12-04,4.343,4.351,4.355,4.297,666233.0,,1.3360976733471717,0.23036166781847006,0.009999999999999787,
510310,2020-12-07,4.351,4.309,4.353,4.295,696043.0,,1.333026890370026,-0.9652953344058794,-0.041999999999999815,
510310,2020-12-08,4.309,4.297,4.329,4.289,696395.0,,0.9282896263634263,-0.27848688790903814,-0.012000000000000455,
510310,2020-12-09,4.299,4.243,4.317,4.235,786175.0,,1.90830812194554,-1.256690714451929,-0.05399999999999938,
510310,2020-12-10,4.239,4.235,4.253,4.219,795810.0,,0.8013198208814472,-0.1885458402074006,-0.008000000000000007,
510310,2020-12-11,4.241,4.183,4.251,4.153,959578.0,,2.314049586776877,-1.2278630460448758,-0.05200000000000049,
510310,2020-12-14,4.185,4.219,4.223,4.177,783602.0,,1.0996892182644098,0.860626344728675,0.036000000000000476,
510310,2020-12-15,4.219,4.231,4.239,4.195,679598.0,,1.0429011614126473,0.2844275894761689,0.011999999999999567,
510310,2020-12-16,4.233,4.239,4.251,4.225,598887.0,,0.6145119357126138,0.18908059560387633,0.008000000000000007,
510310,2020-12-17,4.237,4.307,4.307,4.233,824260.0,,1.74569473932533,1.604151922623272,0.0680000000000005,
510310,2020-12-18,4.309,4.287,4.311,4.259,684747.0,,1.2073368934292918,-0.464360343626665,-0.020000000000000462,
510310,2020-12-21,4.281,4.319,4.331,4.255,680400.0,,1.7728014928854796,0.7464427338465134,0.03200000000000003,
510310,2020-12-22,4.317,4.249,4.327,4.247,920744.0,,1.8522806205140094,-1.6207455429497635,-0.07000000000000028,
510310,2020-12-23,4.249,4.287,4.309,4.249,753928.0,,1.4120969639915393,0.89432807719464,0.038000000000000256,
510310,2020-12-24,4.287,4.287,4.309,4.271,725005.0,,0.8864007464427398,0.0,0.0,
510310,2020-12-25,4.285,4.325,4.327,4.263,709792.0,,1.4928854676930268,0.8864007464427398,0.038000000000000256,
510310,2020-12-28,4.325,4.343,4.367,4.315,793588.0,,1.2023121387283144,0.4161849710982611,0.017999999999999794,
510310,2020-12-29,4.343,4.327,4.365,4.321,824115.0,,1.0131245682707917,-0.3684089339166478,-0.016000000000000014,
510310,2020-12-30,4.317,4.383,4.383,4.315,831692.0,,1.571527617286795,1.2941992142361924,0.05600000000000005,
510310,2020-12-31,4.393,4.477,4.481,4.393,703268.0,,2.007757243896876,2.1446497832534863,0.0940000000000003,
510310,2022-05-18,3.474,3.456,3.484,3.43,669431.0,,1.206164842528475,-22.80545007817736,-1.0210000000000004,
510310,2022-05-19,3.424,3.46,3.466,3.412,792114.0,,1.562500000000008,0.11574074074074084,0.0040000000000000036,
510310,2022-05-20,3.468,3.54,3.54,3.464,1026089.0,,2.1965317919075167,2.3121387283237014,0.08000000000000007,
510310,2022-05-23,3.534,3.51,3.538,3.488,578166.0,,1.4124293785310684,-0.847457627118651,-0.03000000000000025,
510310,2022-05-24,3.512,3.442,3.516,3.434,762913.0,,2.336182336182332,-1.9373219373219266,-0.06799999999999962,
510310,2022-05-25,3.426,3.452,3.452,3.422,567563.0,,0.8715862870424115,0.2905287623474662,0.009999999999999787,
510310,2022-05-26,3.458,3.464,3.49,3.408,560267.0,,2.375434530706845,0.34762456546929343,0.01200000000000001,
510310,2022-05-27,3.48,3.472,3.52,3.456,814698.0,,1.8475750577367223,0.23094688221709028,0.008000000000000007,
510310,2022-05-30,3.482,3.492,3.51,3.478,700763.0,,0.9216589861751032,0.5760368663594475,0.020000000000000018,
510310,2022-05-31,3.492,3.55,3.564,3.488,760930.0,,2.1764032073310444,1.6609392898052644,0.05799999999999983,
510310,2022-06-01,3.55,3.552,3.56,3.528,628706.0,,0.9014084507042263,0.056338028169020386,0.002000000000000224,
510310,2022-06-02,3.544,3.564,3.57,3.526,989758.0,,1.2387387387387399,0.3378378378378381,0.01200000000000001,
510310,2022-06-06,3.564,3.628,3.632,3.528,713962.0,,2.918069584736254,1.795735129068464,0.06400000000000006,
510310,2022-06-07,3.616,3.636,3.66,3.614,692405.0,,1.2679162072767436,0.22050716648291088,0.008000000000000007,
510310,2022-06-08,3.638,3.674,3.686,3.626,735121.0,,1.6501650165016517,1.04510451045104,0.03799999999999981,
510310,2022-06-09,3.672,3.644,3.688,3.63,744227.0,,1.5786608600979932,-0.8165487207403322,-0.029999999999999805,
510310,2022-06-10,3.62,3.702,3.716,3.62,619625.0,,2.6344676180021978,1.591657519209655,0.05799999999999983,
510310,2022-06-13,3.682,3.656,3.684,3.63,692311.0,,1.4586709886547886,-1.242571582928142,-0.04599999999999982,
510310,2022-06-14,3.62,3.694,3.696,3.576,901751.0,,3.28227571115974,1.0393873085339118,0.03799999999999981,
510310,2022-06-15,3.69,3.736,3.808,3.68,853580.0,,3.4650785056848856,1.136978884677863,0.04200000000000026,
510310,2022-06-16,3.738,3.716,3.766,3.706,764373.0,,1.6059957173447552,-0.5353319057815851,-0.020000000000000018,
510310,2022-06-17,3.702,3.766,3.782,3.676,681961.0,,2.8525296017222783,1.3455328310010717,0.04999999999999982,
510310,2022-06-20,3.754,3.792,3.832,3.754,1153813.0,,2.0711630377057846,0.6903876792352576,0.0259999999999998,
510310,2022-06-21,3.788,3.79,3.826,3.756,1049068.0,,1.8459915611814421,-0.05274261603374947,-0.0019999999999997797,
510310,2022-06-22,3.792,3.744,3.792,3.74,707241.0,,1.3720316622691189,-1.2137203166226864,-0.04599999999999982,
510310,2022-06-23,3.74,3.81,3.816,3.74,726450.0,,2.0299145299145196,1.7628205128205083,0.06599999999999984,
510310,2022-06-24,3.812,3.856,3.871,3.812,583492.0,,1.5485564304461985,1.2073490813648247,0.04599999999999982,
510310,2022-06-27,3.86,3.905,3.937,3.86,733965.0,,1.9968879668049782,1.2707468879668031,0.04899999999999993,
510310,2022-06-28,3.905,3.949,3.967,3.879,1379387.0,,2.2535211267605657,1.1267605633802829,0.04400000000000004,
510310,2022-06-29,3.941,3.903,3.967,3.889,1298545.0,,1.9751835907824842,-1.1648518612306868,-0.04599999999999982,
510310,2022-06-30,3.903,3.945,3.981,3.893,711828.0,,2.2546758903407653,1.076095311298996,0.041999999999999815,
510310,2022-07-01,3.945,3.933,3.963,3.917,558192.0,,1.1660329531052032,-0.3041825095057037,-0.01200000000000001,
510310,2022-07-04,3.911,3.955,3.959,3.895,724718.0,,1.6272565471650156,0.5593694380879797,0.02200000000000024,
510310,2022-07-05,3.961,3.953,4.001,3.909,655268.0,,2.3261694058154365,-0.05056890012642791,-0.002000000000000224,
510310,2022-07-06,3.943,3.893,3.949,3.875,669940.0,,1.87199595244118,-1.517834556033394,-0.06000000000000005,
510310,2022-07-07,3.887,3.913,3.929,3.871,516595.0,,1.489853583354735,0.5137426149499106,0.020000000000000018,
510310,2022-07-08,3.921,3.903,3.953,3.901,732308.0,,1.328903654485051,-0.2555583950932734,-0.009999999999999787,
510310,2022-07-11,3.901,3.838,3.901,3.82,1202629.0,,2.075326671790929,-1.6653856008198809,-0.06499999999999995,
510310,2022-07-12,3.836,3.802,3.854,3.794,636389.0,,1.5633142261594593,-0.9379885356956756,-0.03600000000000003,
510310,2022-07-13,3.802,3.81,3.826,3.78,555589.0,,1.209889531825362,0.21041557075223583,0.008000000000000007,
510310,2022-07-14,3.808,3.812,3.838,3.79,562238.0,,1.2598425196850405,0.05249343832020419,0.0019999999999997797,
510310,2022-07-15,3.812,3.75,3.848,3.744,647311.0,,2.7282266526757515,-1.626442812172084,-0.06199999999999983,
510310,2022-07-18,3.756,3.796,3.812,3.73,641703.0,,2.186666666666663,1.226666666666662,0.04599999999999982,
510310,2022-07-19,3.798,3.776,3.798,3.742,464234.0,,1.4752370916754494,-0.526870389884089,-0.020000000000000018,
510310,2022-07-20,3.792,3.784,3.808,3.772,591743.0,,0.9533898305084755,0.21186440677966123,0.008000000000000007,
510310,2022-07-21,3.784,3.744,3.792,3.74,547736.0,,1.3742071881606661,-1.057082452431279,-0.03999999999999959,
510310,2022-07-22,3.75,3.744,3.786,3.718,618893.0,,1.8162393162393178,0.0,0.0,
510310,2022-07-25,3.744,3.726,3.744,3.712,544882.0,,0.8547008547008554,-0.4807692307692371,-0.018000000000000238,
510310,2022-07-26,3.726,3.756,3.772,3.724,502969.0,,1.2882447665056254,0.8051529790660172,0.029999999999999805,
510310,2022-07-27,3.752,3.736,3.754,3.726,475268.0,,0.7454739084132063,-0.5324813631522783,-0.019999999999999574,
510310,2022-07-28,3.746,3.74,3.786,3.734,707557.0,,1.391862955032121,0.107066381156317,0.0040000000000000036,
510310,2022-07-29,3.74,3.686,3.76,3.678,820287.0,,2.192513368983953,-1.4438502673796862,-0.05400000000000027,
510310,2022-08-01,3.68,3.698,3.708,3.644,594579.0,,1.7362995116657638,0.3255561584373307,0.01200000000000001,
510310,2022-08-02,3.652,3.64,3.678,3.598,1620855.0,,2.1633315305570595,-1.5684153596538624,-0.05799999999999983,
510310,2022-08-03,3.638,3.59,3.672,3.582,845787.0,,2.4725274725274806,-1.373626373626381,-0.050000000000000266,
510310,2022-08-04,3.602,3.618,3.626,3.592,482085.0,,0.9470752089136437,0.7799442896935941,0.028000000000000025,
510310,2022-08-05,3.626,3.68,3.686,3.622,716046.0,,1.768933112216696,1.7136539524599304,0.06200000000000028,
510310,2022-08-08,3.674,3.67,3.68,3.656,336767.0,,0.6521739130434788,-0.27173913043478887,-0.010000000000000231,
510310,2022-08-09,3.67,3.676,3.682,3.656,445728.0,,0.7084468664850082,0.16348773841962475,0.006000000000000227,
510310,2022-08-10,3.674,3.636,3.68,3.618,499811.0,,1.6866158868335221,-1.0881392818280748,-0.040000000000000036,
510310,2022-08-11,3.65,3.714,3.72,3.642,407646.0,,2.145214521452153,2.145214521452141,0.07799999999999985,
510310,2022-08-12,3.714,3.714,3.726,3.7,394375.0,,0.7000538502961713,0.0,0.0,
510310,2022-08-15,3.7,3.704,3.742,3.7,329818.0,,1.1308562197092036,-0.2692514808831391,-0.009999999999999787,
510310,2022-08-16,3.708,3.698,3.73,3.688,450545.0,,1.1339092872570142,-0.1619870410367232,-0.006000000000000227,
510310,2022-08-17,3.7,3.734,3.744,3.674,420715.0,,1.8929150892374333,0.973499188750677,0.03600000000000003,
510310,2022-08-18,3.73,3.706,3.734,3.694,440561.0,,1.0712372790573121,-0.7498660953401185,-0.028000000000000025,
510310,2022-08-19,3.702,3.682,3.712,3.676,396007.0,,0.9713977334052895,-0.6475984889368598,-0.02400000000000002,
510310,2022-08-22,3.678,3.698,3.712,3.664,421951.0,,1.303639326453016,0.4345464421510053,0.016000000000000014,
510310,2022-08-23,3.696,3.682,3.712,3.668,448273.0,,1.189832341806383,-0.43266630611141194,-0.016000000000000014,
510310,2022-08-24,3.684,3.618,3.7,3.604,655286.0,,2.607278652906032,-1.7381857686040212,-0.06400000000000006,
510310,2022-08-25,3.62,3.646,3.652,3.592,581742.0,,1.6583747927031525,0.7739082365948045,0.028000000000000025,
510310,2022-08-26,3.646,3.642,3.664,3.634,402064.0,,0.8228195282501439,-0.10970927043335171,-0.0040000000000000036,
510310,2022-08-29,3.614,3.62,3.628,3.596,451644.0,,0.8786381109280624,-0.6040637012630367,-0.021999999999999797,
510310,2022-08-30,3.618,3.608,3.62,3.576,570730.0,,1.2154696132596696,-0.3314917127071826,-0.01200000000000001,
510310,2022-08-31,3.6,3.608,3.646,3.584,658245.0,,1.7184035476718356,0.0,0.0,
510310,2022-09-01,3.606,3.584,3.624,3.578,634076.0,,1.2749445676275017,-0.6651884700665195,-0.02400000000000002,
510310,2022-09-02,3.598,3.562,3.624,3.54,714684.0,,2.343750000000002,-0.6138392857142925,-0.02200000000000024,
510310,2022-09-05,3.56,3.554,3.56,3.518,446707.0,,1.179112857944982,-0.22459292532285252,-0.008000000000000007,
510310,2022-09-06,3.562,3.586,3.588,3.548,588159.0,,1.1254924029262814,0.9003939223410251,0.03200000000000003,
510310,2022-09-07,3.58,3.588,3.6,3.57,543618.0,,0.8365867261572852,0.05577244841049147,0.002000000000000224,
510310,2022-09-08,3.59,3.574,3.598,3.572,598033.0,,0.7246376811594147,-0.3901895206243097,-0.014000000000000234,
510310,2022-09-09,3.576,3.63,3.634,3.576,646443.0,,1.6228315612758768,1.5668718522663696,0.05600000000000005,
510310,2022-09-13,3.632,3.64,3.658,3.632,568986.0,,0.7162534435261653,0.27548209366391824,0.010000000000000231,
510310,2022-09-14,3.612,3.598,3.624,3.586,463777.0,,1.043956043956051,-1.1538461538461608,-0.04200000000000026,
510310,2022-09-15,3.612,3.564,3.614,3.54,719814.0,,2.056698165647578,-0.9449694274596946,-0.03399999999999981,
510310,2022-09-16,3.544,3.482,3.558,3.478,1126578.0,,2.2446689113355673,-2.3007856341189634,-0.08199999999999985,
510310,2022-09-19,3.482,3.47,3.492,3.454,600525.0,,1.091326823664555,-0.3446295232624931,-0.01200000000000001,
510310,2022-09-20,3.484,3.472,3.496,3.462,524450.0,,0.9798270893371702,0.05763688760806281,0.0019999999999997797,
510310,2022-09-21,3.468,3.444,3.47,3.428,603243.0,,1.209677419354846,-0.8064516129032264,-0.028000000000000025,
510310,2022-09-22,3.43,3.418,3.444,3.404,571031.0,,1.1614401858304308,-0.7549361207897736,-0.0259999999999998,
510310,2022-09-23,3.418,3.406,3.432,3.38,866265.0,,1.5213575190169704,-0.3510825043885316,-0.01200000000000001,
510310,2022-09-26,3.39,3.384,3.438,3.378,790793.0,,1.7615971814445113,-0.6459189665296606,-0.02200000000000024,
510310,2022-09-27,3.39,3.43,3.438,3.378,664391.0,,1.7730496453900724,1.3593380614657289,0.04600000000000026,
510310,2022-09-28,3.422,3.382,3.422,3.378,644711.0,,1.282798833819243,-1.3994169096209925,-0.04800000000000004,
510310,2022-09-29,3.398,3.38,3.418,3.36,814570.0,,1.7149615612063949,-0.05913660555884754,-0.002000000000000224,
510310,2022-09-30,3.374,3.364,3.398,3.352,716150.0,,1.360946745562138,-0.4733727810650892,-0.016000000000000014,
510310,2022-10-10,3.364,3.286,3.366,3.272,937471.0,,2.7942925089179638,-2.318668252080852,-0.07799999999999985,
510310,2022-10-11,3.286,3.282,3.296,3.262,578897.0,,1.0346926354230008,-0.12172854534388325,-0.0040000000000000036,
510310,2022-10-12,3.282,3.332,3.332,3.218,885283.0,,3.4734917733089543,1.523461304082871,0.04999999999999982,
510310,2022-10-13,3.316,3.304,3.334,3.296,1482417.0,,1.1404561824729968,-0.8403361344537823,-0.028000000000000025,
510310,2022-10-14,3.34,3.382,3.402,3.332,627165.0,,2.1186440677966187,2.360774818401946,0.07800000000000029,
510310,2022-10-17,3.378,3.386,3.39,3.356,506492.0,,1.005322294500303,0.11827321111768194,0.0040000000000000036,
510310,2022-10-18,3.4,3.384,3.41,3.374,525441.0,,1.063201417601891,-0.059066745422333845,-0.002000000000000224,
510310,2022-10-19,3.382,3.326,3.386,3.324,553185.0,,1.832151300236415,-1.71394799054373,-0.05799999999999983,
510310,2022-10-20,3.32,3.314,3.36,3.284,527664.0,,2.28502705953097,-0.3607937462417321,-0.01200000000000001,
510310,2022-10-21,3.316,3.304,3.328,3.286,471897.0,,1.2673506336753113,-0.3017501508750824,-0.010000000000000231,
510310,2022-10-24,3.306,3.208,3.324,3.184,1166084.0,,4.237288135593211,-2.905569007263912,-0.09599999999999964,
510310,2022-10-25,3.206,3.188,3.234,3.162,761641.0,,2.2443890274314233,-0.6234413965087288,-0.020000000000000018,
510310,2022-10-26,3.198,3.21,3.26,3.192,729106.0,,2.132998745294844,0.6900878293600939,0.021999999999999797,
510310,2022-10-27,3.228,3.198,3.248,3.194,721487.0,,1.682242990654214,-0.3738317757009349,-0.01200000000000001,
510310,2022-10-28,3.198,3.114,3.2,3.104,1046129.0,,3.001876172607883,-2.626641651031897,-0.08400000000000007,
510310,2022-10-31,3.112,3.076,3.118,3.058,1521600.0,,1.9267822736030848,-1.2202954399486132,-0.03799999999999981,
510310,2022-11-01,3.082,3.194,3.196,3.082,916684.0,,3.7061118335500756,3.836150845253572,0.11799999999999988,
510310,2022-11-02,3.192,3.23,3.256,3.176,892810.0,,2.5046963055729377,1.1271133375078282,0.03600000000000003,
510310,2022-11-03,3.2,3.204,3.224,3.188,587890.0,,1.1145510835913321,-0.8049535603715109,-0.0259999999999998,
510310,2022-11-04,3.202,3.32,3.332,3.202,1090524.0,,4.0574282147315825,3.6204744069912502,0.11599999999999966,
510310,2022-11-07,3.28,3.322,3.34,3.28,846488.0,,1.8072289156626522,0.06024096385542844,0.002000000000000224,
510310,2022-11-08,3.322,3.304,3.33,3.282,473923.0,,1.4449127031908502,-0.5418422636965754,-0.018000000000000238,
510310,2022-11-09,3.306,3.266,3.314,3.262,535718.0,,1.5738498789346262,-1.150121065375297,-0.03799999999999981,
510310,2022-11-10,3.24,3.248,3.26,3.226,605737.0,,1.04102878138395,-0.551132884262088,-0.017999999999999794,
510310,2022-11-11,3.34,3.34,3.38,3.302,862565.0,,2.40147783251231,2.8325123152709244,0.09199999999999964,
510310,2022-11-14,3.36,3.34,3.402,3.33,1520191.0,,2.1556886227544934,0.0,0.0,
510310,2022-11-15,3.336,3.41,3.418,3.326,692403.0,,2.7544910179640745,2.0958083832335417,0.07000000000000028,
510310,2022-11-16,3.412,3.38,3.422,3.376,664278.0,,1.3489736070381309,-0.8797653958944354,-0.03000000000000025,
510310,2022-11-17,3.378,3.37,3.378,3.328,666522.0,,1.4792899408284104,-0.29585798816567416,-0.009999999999999787,
510310,2022-11-18,3.372,3.358,3.39,3.35,602438.0,,1.1869436201780426,-0.35608308605341277,-0.01200000000000001,
510310,2022-11-21,3.334,3.324,3.334,3.29,594234.0,,1.3103037522334735,-1.0125074449076907,-0.03400000000000025,
510310,2022-11-22,3.322,3.326,3.36,3.3,534258.0,,1.8050541516245504,0.060168471720825026,0.002000000000000224,
510310,2022-11-23,3.324,3.328,3.348,3.31,627817.0,,1.1425135297654785,0.06013229104028201,0.0019999999999997797,
510310,2022-11-24,3.34,3.312,3.36,3.306,599079.0,,1.6225961538461489,-0.4807692307692312,-0.016000000000000014,
510310,2022-11-25,3.31,3.33,3.346,3.302,599221.0,,1.3285024154589384,0.5434782608695724,0.018000000000000238,
510310,2022-11-28,3.286,3.292,3.298,3.23,746154.0,,2.042042042042044,-1.1411411411411487,-0.038000000000000256,
510310,2022-11-29,3.3,3.396,3.402,3.3,881547.0,,3.0984204131227315,3.159173754556504,0.10400000000000009,
510310,2022-11-30,3.396,3.394,3.416,3.384,757564.0,,0.9422850412249714,-0.058892815076554174,-0.0019999999999997797,
510310,2022-12-01,3.442,3.44,3.488,3.438,845950.0,,1.473187978786088,1.3553329404832002,0.04599999999999982,
510310,2022-12-02,3.438,3.418,3.45,3.416,484360.0,,0.9883720930232631,-0.6395348837209244,-0.021999999999999797,
510310,2022-12-05,3.46,3.486,3.488,3.442,769706.0,,1.345816266822698,1.9894675248683455,0.06800000000000006,
510310,2022-12-06,3.464,3.506,3.528,3.464,772527.0,,1.8359150889271387,0.5737234652897181,0.019999999999999574,
510310,2022-12-07,3.502,3.496,3.542,3.484,589649.0,,1.654306902452933,-0.28522532800912115,-0.009999999999999787,
510310,2022-12-08,3.496,3.504,3.512,3.486,543284.0,,0.7437070938215046,0.2288329519450803,0.008000000000000007,
510310,2022-12-09,3.46,3.534,3.544,3.46,712511.0,,2.397260273972605,0.8561643835616383,0.029999999999999805,
510310,2022-12-12,3.526,3.496,3.526,3.49,505010.0,,1.018675721561958,-1.0752688172042957,-0.03799999999999981,
510310,2022-12-13,3.496,3.488,3.504,3.482,530141.0,,0.6292906178489645,-0.2288329519450803,-0.008000000000000007,
510310,2022-12-14,3.498,3.5,3.512,3.48,887129.0,,0.9174311926605512,0.34403669724770675,0.01200000000000001,
510310,2022-12-15,3.5,3.494,3.508,3.472,494506.0,,1.0285714285714296,-0.17142857142856524,-0.005999999999999783,
510310,2022-12-16,3.486,3.496,3.506,3.474,487439.0,,0.9158557527189349,0.05724098454492787,0.0019999999999997797,
510310,2022-12-19,3.502,3.446,3.512,3.43,612743.0,,2.3455377574370666,-1.4302059496567454,-0.04999999999999982,
510310,2022-12-20,3.426,3.392,3.446,3.366,1093479.0,,2.3215322112594334,-1.5670342426001238,-0.05400000000000027,
510310,2022-12-21,3.39,3.386,3.406,3.376,1439475.0,,0.8844339622641584,-0.1768867924528238,-0.005999999999999783,
510310,2022-12-22,3.398,3.388,3.428,3.374,1190705.0,,1.5948021264028298,0.059066745422320724,0.0019999999999997797,
510310,2022-12-23,3.38,3.378,3.402,3.364,1162514.0,,1.1216056670602201,-0.2951593860684707,-0.009999999999999787,
510310,2022-12-26,3.38,3.4,3.41,3.38,1493655.0,,0.8880994671403272,0.6512729425695618,0.021999999999999797,
510310,2022-12-27,3.42,3.438,3.444,3.412,570556.0,,0.9411764705882361,1.117647058823537,0.038000000000000256,
510310,2022-12-28,3.432,3.428,3.438,3.41,629687.0,,0.8144269924374644,-0.2908667830133866,-0.010000000000000231,
510310,2022-12-29,3.41,3.41,3.426,3.394,2336929.0,,0.9334889148191373,-0.5250875145857583,-0.017999999999999794,
510310,2022-12-30,3.42,3.43,3.444,3.42,2165826.0,,0.7038123167155431,0.5865102639296192,0.020000000000000018,
510310,2023-01-03,3.43,3.44,3.448,3.384,1792672.0,,1.86588921282799,0.2915451895043669,0.009999999999999787,
510310,2023-01-04,3.438,3.442,3.452,3.422,2601542.0,,0.8720930232558082,0.05813953488372743,0.002000000000000224,
510310,2023-01-05,3.456,3.512,3.518,3.45,1472107.0,,1.9755955839628012,2.033701336432302,0.06999999999999984,
510310,2023-01-06,3.504,3.528,3.542,3.504,1473836.0,,1.0820045558086506,0.4555808656036451,0.016000000000000014,
510310,2023-01-09,3.536,3.554,3.568,3.532,2857085.0,,1.020408163265307,0.73696145124716,0.0259999999999998,
510310,2023-01-10,3.554,3.556,3.572,3.544,2147085.0,,0.787844682048397,0.056274620146320314,0.002000000000000224,
510310,2023-01-11,3.558,3.558,3.584,3.55,1143173.0,,0.9561304836895459,0.056242969628790204,0.0019999999999997797,
510310,2023-01-12,3.556,3.562,3.574,3.548,558128.0,,0.73074761101742,0.11242270938729634,0.0040000000000000036,
510310,2023-01-13,3.568,3.62,3.62,3.568,1131937.0,,1.4598540145985415,1.628298708590687,0.058000000000000274,
510310,2023-01-16,3.622,3.676,3.72,3.622,1368115.0,,2.707182320441998,1.5469613259668522,0.05600000000000005,
510310,2023-01-17,3.68,3.672,3.69,3.662,702910.0,,0.7616974972796524,-0.1088139281828075,-0.0040000000000000036,
510310,2023-01-18,3.674,3.666,3.688,3.662,1389674.0,,0.7080610021786559,-0.1633986928104637,-0.006000000000000227,
510310,2023-01-19,3.662,3.692,3.7,3.642,1229441.0,,1.5821058374249939,0.709219858156035,0.026000000000000245,
510310,2023-01-20,3.7,3.72,3.726,3.696,1236760.0,,0.8125677139761595,0.758396533044421,0.028000000000000025,
510310,2023-01-30,3.79,3.734,3.798,3.728,1315600.0,,1.8817204301075225,0.3763440860214997,0.01399999999999979,
510310,2023-01-31,3.73,3.69,3.75,3.688,724436.0,,1.660417782538828,-1.1783610069630432,-0.04400000000000004,
510310,2023-02-01,3.696,3.728,3.73,3.674,1290338.0,,1.517615176151763,1.029810298102988,0.038000000000000256,
510310,2023-02-02,3.738,3.718,3.738,3.704,1345607.0,,0.912017167381969,-0.2682403433476457,-0.010000000000000231,
510310,2023-02-03,3.708,3.676,3.708,3.64,1504213.0,,1.8289402904787537,-1.129639591178048,-0.041999999999999815,
510310,2023-02-06,3.64,3.62,3.644,3.604,1141454.0,,1.0881392818280748,-1.5233949945593048,-0.05600000000000005,
510310,2023-02-07,3.626,3.634,3.644,3.614,1762405.0,,0.8287292817679627,0.3867403314917069,0.01399999999999979,
510310,2023-02-08,3.636,3.612,3.652,3.61,856891.0,,1.1557512383049053,-0.6053935057787506,-0.021999999999999797,
510310,2023-02-09,3.61,3.662,3.668,3.596,1366708.0,,1.9933554817275763,1.3842746400885886,0.04999999999999982,
510310,2023-02-10,3.664,3.646,3.664,3.63,1241897.0,,0.9284543965046491,-0.436919716002185,-0.016000000000000014,
510310,2023-02-13,3.642,3.68,3.682,3.626,798263.0,,1.535929786066924,0.9325287986834957,0.03400000000000025,
510310,2023-02-14,3.68,3.686,3.688,3.662,422593.0,,0.7065217391304414,0.16304347826086366,0.005999999999999783,
510310,2023-02-15,3.682,3.666,3.696,3.654,727606.0,,1.1394465545306636,-0.5425935973955512,-0.020000000000000018,
510310,2023-02-16,3.662,3.636,3.708,3.61,1014480.0,,2.673213311511192,-0.8183306055646428,-0.029999999999999805,
510310,2023-02-17,3.632,3.578,3.644,3.572,862237.0,,1.980198019801982,-1.5951595159516028,-0.058000000000000274,
510310,2023-02-20,3.58,3.676,3.678,3.576,1054161.0,,2.8507546115148092,2.7389603130240445,0.09800000000000031,
510310,2023-02-21,3.678,3.682,3.692,3.656,829093.0,,0.9793253536452674,0.1632208922742052,0.005999999999999783,
510310,2023-02-22,3.66,3.646,3.676,3.638,612444.0,,1.0320478001086435,-0.9777294948397618,-0.03600000000000003,
510310,2023-02-23,3.648,3.65,3.668,3.628,1050425.0,,1.0970927043335172,0.10970927043335171,0.0040000000000000036,
510310,2023-02-24,3.648,3.61,3.648,3.59,1211212.0,,1.5890410958904186,-1.0958904109589052,-0.040000000000000036,
510310,2023-02-27,3.582,3.59,3.612,3.578,1110671.0,,0.9418282548476524,-0.5540166204986154,-0.020000000000000018,
510310,2023-02-28,3.6,3.618,3.62,3.572,990333.0,,1.3370473537604468,0.7799442896935941,0.028000000000000025,
510310,2023-03-01,3.616,3.666,3.678,3.606,1449274.0,,1.9900497512437827,1.326699834162522,0.04800000000000004,
510310,2023-03-02,3.666,3.662,3.678,3.654,1468822.0,,0.6546644844517191,-0.10911074740861985,-0.0040000000000000036,
510310,2023-03-03,3.666,3.668,3.678,3.642,834498.0,,0.9830693610049162,0.16384489350082546,0.006000000000000227,
510310,2023-03-06,3.668,3.644,3.67,3.626,1094773.0,,1.1995637949836433,-0.6543075245365327,-0.02400000000000002,
510310,2023-03-07,3.642,3.594,3.662,3.59,924482.0,,1.9758507135016483,-1.3721185510428173,-0.050000000000000266,
510310,2023-03-08,3.588,3.578,3.588,3.56,1063337.0,,0.7790762381747365,-0.4451864218141351,-0.016000000000000014,
510310,2023-03-09,3.584,3.568,3.584,3.542,770860.0,,1.1738401341531655,-0.27948574622693645,-0.009999999999999787,
510310,2023-03-10,3.542,3.518,3.556,3.516,945811.0,,1.1210762331838575,-1.4013452914798281,-0.050000000000000266,
510310,2023-03-13,3.52,3.552,3.558,3.518,658091.0,,1.13700966458215,0.9664582148948337,0.03400000000000025,
510310,2023-03-14,3.552,3.532,3.552,3.498,818365.0,,1.5202702702702653,-0.5630630630630635,-0.020000000000000018,
510310,2023-03-15,3.546,3.532,3.566,3.53,712215.0,,1.0192525481313712,0.0,0.0,
510310,2023-03-16,3.502,3.488,3.528,3.482,955925.0,,1.3023782559456347,-1.2457531143827871,-0.04400000000000004,
510310,2023-03-17,3.51,3.512,3.554,3.49,1573426.0,,1.83486238532109,0.6880733944954135,0.02400000000000002,
510310,2023-03-20,3.512,3.488,3.526,3.48,727973.0,,1.3097949886104732,-0.6833712984054676,-0.02400000000000002,
510310,2023-03-21,3.494,3.526,3.53,3.494,764104.0,,1.0321100917431076,1.0894495412843983,0.03799999999999981,
510310,2023-03-22,3.532,3.542,3.558,3.53,725673.0,,0.7941009642654574,0.4537719795802614,0.016000000000000014,
510310,2023-03-23,3.524,3.582,3.582,3.524,712417.0,,1.637492941840763,1.1293054771315651,0.040000000000000036,
510310,2023-03-24,3.582,3.574,3.582,3.562,849954.0,,0.5583472920156343,-0.2233389168062537,-0.008000000000000007,
510310,2023-03-27,3.572,3.556,3.572,3.536,610836.0,,1.0072747621712377,-0.5036373810856126,-0.017999999999999794,
510310,2023-03-28,3.556,3.548,3.566,3.542,727334.0,,0.6749156355455574,-0.2249718785151858,-0.008000000000000007,
510310,2023-03-29,3.552,3.548,3.568,3.542,841369.0,,0.7328072153325886,0.0,0.0,
510310,2023-03-30,3.55,3.584,3.586,3.53,1160668.0,,1.5783540022547928,1.0146561443066524,0.03600000000000003,
510310,2023-03-31,3.586,3.596,3.606,3.584,765363.0,,0.61383928571428,0.3348214285714289,0.01200000000000001,
510310,2023-04-03,3.596,3.624,3.634,3.596,1005252.0,,1.0567296996662907,0.7786429365962186,0.028000000000000025,
510310,2023-04-04,3.634,3.642,3.644,3.618,967707.0,,0.7174392935982407,0.4966887417218486,0.017999999999999794,
510310,2023-04-06,3.64,3.636,3.64,3.62,744020.0,,0.549148819330039,-0.1647446457990056,-0.005999999999999783,
510310,2023-04-07,3.636,3.66,3.7,3.634,837200.0,,1.815181518151823,0.6600660066006606,0.02400000000000002,
510310,2023-04-10,3.668,3.646,3.672,3.644,1103314.0,,0.7650273224043722,-0.38251366120219216,-0.014000000000000234,
510310,2023-04-11,3.65,3.64,3.658,3.624,649246.0,,0.9325287986834836,-0.1645639056500215,-0.005999999999999783,
510310,2023-04-12,3.636,3.64,3.644,3.628,1364039.0,,0.4395604395604399,0.0,0.0,
510310,2023-04-13,3.632,3.614,3.632,3.606,600899.0,,0.7142857142857211,-0.7142857142857211,-0.026000000000000245,
510310,2023-04-14,3.628,3.634,3.638,3.618,559990.0,,0.5534034311012733,0.5534034311012733,0.020000000000000018,
510310,2023-04-17,3.634,3.686,3.688,3.63,715481.0,,1.5960374243258195,1.4309301045679705,0.052000000000000046,
510310,2023-04-18,3.688,3.696,3.704,3.682,603443.0,,0.5968529571351123,0.27129679869778167,0.010000000000000231,
510310,2023-04-19,3.698,3.662,3.698,3.66,636823.0,,1.028138528138523,-0.9199134199134268,-0.03400000000000025,
510310,2023-04-20,3.662,3.646,3.664,3.632,1661046.0,,0.87383943200437,-0.436919716002185,-0.016000000000000014,
510310,2023-04-21,3.644,3.576,3.652,3.574,1444979.0,,2.1393307734503644,-1.9199122325836488,-0.06999999999999984,
510310,2023-04-24,3.576,3.532,3.58,3.518,1367591.0,,1.733780760626406,-1.2304250559284127,-0.04400000000000004,
510310,2023-04-25,3.536,3.516,3.544,3.48,1229286.0,,1.8120045300113266,-0.45300113250283164,-0.016000000000000014,
510310,2023-04-26,3.516,3.51,3.524,3.49,1051011.0,,0.9670079635949889,-0.17064846416382898,-0.006000000000000227,
510310,2023-04-27,3.51,3.54,3.552,3.498,875051.0,,1.5384615384615334,0.8547008547008619,0.03000000000000025,
510310,2023-04-28,3.54,3.574,3.576,3.54,1079359.0,,1.016949152542374,0.9604519774011244,0.03399999999999981,
510310,2023-05-04,3.552,3.574,3.578,3.544,617272.0,,0.9513150531617183,0.0,0.0,
510310,2023-05-05,3.576,3.562,3.588,3.54,632687.0,,1.3430330162283168,-0.3357582540570792,-0.01200000000000001,
510310,2023-05-08,3.566,3.6,3.61,3.562,852973.0,,1.3475575519371152,1.0668163952835559,0.038000000000000256,
510310,2023-05-09,3.6,3.572,3.632,3.57,823781.0,,1.7222222222222299,-0.7777777777777785,-0.028000000000000025,
510310,2023-05-10,3.566,3.544,3.572,3.536,825773.0,,1.0078387458006728,-0.78387458006719,-0.028000000000000025,
510310,2023-05-11,3.55,3.538,3.562,3.534,491743.0,,0.7900677200902941,-0.16930022573364073,-0.006000000000000227,
510310,2023-05-12,3.536,3.486,3.548,3.484,1876976.0,,1.808931599773885,-1.4697569248162692,-0.0519999999999996,
510310,2023-05-15,3.49,3.548,3.548,3.48,936637.0,,1.9506597819850848,1.7785427423981592,0.06199999999999983,
510310,2023-05-16,3.554,3.53,3.554,3.52,1852488.0,,0.9582863585118322,-0.5073280721533325,-0.018000000000000238,
510310,2023-05-17,3.526,3.512,3.536,3.5,863122.0,,1.019830028328613,-0.5099150141643002,-0.017999999999999794,
510310,2023-05-18,3.516,3.51,3.536,3.494,824955.0,,1.1958997722095621,-0.056947608200461956,-0.002000000000000224,
510310,2023-05-19,3.506,3.504,3.52,3.484,955936.0,,1.0256410256410267,-0.17094017094016478,-0.005999999999999783,
510310,2023-05-22,3.506,3.524,3.542,3.488,1150062.0,,1.541095890410954,0.570776255707763,0.020000000000000018,
510310,2023-05-23,3.524,3.47,3.528,3.466,1424923.0,,1.7593643586833094,-1.532349602724172,-0.053999999999999826,
510310,2023-05-24,3.466,3.42,3.468,3.418,1285024.0,,1.4409221902017237,-1.4409221902017366,-0.050000000000000266,
510310,2023-05-25,3.416,3.408,3.422,3.378,1113591.0,,1.2865497076023402,-0.35087719298245645,-0.01200000000000001,
510310,2023-05-26,3.408,3.414,3.422,3.378,1159884.0,,1.2910798122065739,0.1760563380281757,0.006000000000000227,
510310,2023-05-29,3.43,3.396,3.432,3.38,1470171.0,,1.5231400117164628,-0.5272407732864745,-0.018000000000000238,
510310,2023-05-30,3.394,3.4,3.406,3.354,1471617.0,,1.5312131919905785,0.11778563015312142,0.0040000000000000036,
510310,2023-05-31,3.396,3.368,3.396,3.348,1317299.0,,1.4117647058823541,-0.9411764705882361,-0.03200000000000003,
510310,2023-06-01,3.368,3.372,3.402,3.356,1346886.0,,1.365795724465566,0.11876484560570083,0.0040000000000000036,
510310,2023-06-02,3.39,3.424,3.432,3.386,1683809.0,,1.3641755634638144,1.5421115065243194,0.052000000000000046,
510310,2023-06-05,3.426,3.408,3.426,3.396,636658.0,,0.8761682242990726,-0.4672897196261686,-0.016000000000000014,
510310,2023-06-06,3.412,3.376,3.434,3.372,998574.0,,1.819248826291088,-0.9389671361502356,-0.03200000000000003,
510310,2023-06-07,3.384,3.362,3.392,3.35,2410210.0,,1.244075829383881,-0.4146919431279559,-0.01399999999999979,
510310,2023-06-08,3.362,3.388,3.406,3.35,1710951.0,,1.6656751933373009,0.7733491969065973,0.0259999999999998,
510310,2023-06-09,3.392,3.404,3.408,3.384,2147085.0,,0.7083825265643453,0.4722550177095636,0.016000000000000014,
510310,2023-06-12,3.404,3.412,3.43,3.39,1193269.0,,1.1750881316098718,0.23501762632197437,0.008000000000000007,
510310,2023-06-13,3.406,3.436,3.442,3.404,881253.0,,1.113716295427909,0.7033997655334121,0.02400000000000002,
510310,2023-06-14,3.432,3.442,3.466,3.432,1057725.0,,0.9895227008149083,0.17462165308498914,0.006000000000000227,
510310,2023-06-15,3.452,3.5,3.502,3.448,1113267.0,,1.5688553166763457,1.6850668216153348,0.05799999999999983,
510310,2023-06-16,3.512,3.536,3.544,3.498,1376309.0,,1.3142857142857092,1.0285714285714296,0.03600000000000003,
510310,2023-06-19,3.54,3.508,3.54,3.5,833458.0,,1.1312217194570147,-0.7918552036199101,-0.028000000000000025,
510310,2023-06-20,3.506,3.5,3.518,3.496,891960.0,,0.627137970353472,-0.22805017103762845,-0.008000000000000007,
510310,2023-06-21,3.494,3.452,3.5,3.45,1201597.0,,1.4285714285714235,-1.3714285714285726,-0.04800000000000004,
510310,2023-06-26,3.44,3.406,3.44,3.394,2530706.0,,1.332560834298952,-1.332560834298952,-0.04599999999999982,
510310,2023-06-27,3.406,3.434,3.44,3.4,938246.0,,1.1743981209630074,0.8220786846741053,0.028000000000000025,
510310,2023-06-28,3.434,3.44,3.442,3.402,1041049.0,,1.1648223645894011,0.1747233546884037,0.005999999999999783,
510310,2023-06-29,3.434,3.422,3.438,3.41,642059.0,,0.8139534883720937,-0.5232558139534824,-0.017999999999999794,
510310,2023-06-30,3.418,3.446,3.458,3.416,845352.0,,1.2273524254821817,0.7013442431326715,0.02400000000000002,
510310,2023-07-03,3.454,3.486,3.496,3.454,1008377.0,,1.218804410911196,1.1607661056297167,0.040000000000000036,
510310,2023-07-04,3.476,3.492,3.498,3.476,357123.0,,0.6310958118187102,0.17211703958691288,0.005999999999999783,
510310,2023-07-05,3.492,3.472,3.496,3.466,2273969.0,,0.8591065292096164,-0.5727376861397485,-0.020000000000000018,
510310,2023-07-06,3.46,3.442,3.482,3.436,839238.0,,1.3248847926267358,-0.8640552995391648,-0.029999999999999805,
510310,2023-07-07,3.434,3.432,3.45,3.422,1410797.0,,0.8134805345729234,-0.2905287623474791,-0.010000000000000231,
510310,2023-07-10,3.446,3.446,3.47,3.434,1140692.0,,1.0489510489510498,0.40792540792541476,0.014000000000000234,
510310,2023-07-11,3.45,3.47,3.476,3.45,1126262.0,,0.7544979686593093,0.6964596633778299,0.02400000000000002,
510310,2023-07-12,3.476,3.454,3.482,3.444,632625.0,,1.0951008645533213,-0.4610951008645537,-0.016000000000000014,
510310,2023-07-13,3.468,3.512,3.516,3.468,2593874.0,,1.3896931094383336,1.6792125072379798,0.05799999999999983,
510310,2023-07-14,3.52,3.512,3.526,3.508,1611366.0,,0.5125284738040944,0.0,0.0,
510310,2023-07-17,3.504,3.486,3.504,3.472,2274426.0,,0.9111617312072902,-0.7403189066059168,-0.0259999999999998,
510310,2023-07-18,3.486,3.482,3.492,3.468,742590.0,,0.6884681583476769,-0.11474469305794617,-0.0040000000000000036,
510310,2023-07-19,3.48,3.478,3.486,3.458,2579611.0,,0.8041355542791506,-0.11487650775416436,-0.0040000000000000036,
510310,2023-07-20,3.48,3.45,3.5,3.444,1526584.0,,1.6101207590569304,-0.8050603795284652,-0.028000000000000025,
510310,2023-07-21,3.45,3.45,3.478,3.438,1750487.0,,1.1594202898550736,0.0,0.0,
510310,2023-07-24,3.448,3.434,3.46,3.428,1164610.0,,0.9275362318840588,-0.4637681159420294,-0.016000000000000014,
510310,2023-07-25,3.48,3.542,3.542,3.48,2474899.0,,1.8054746651135651,3.14502038439137,0.10799999999999965,
510310,2023-07-26,3.538,3.538,3.54,3.52,2333037.0,,0.5646527385657826,-0.11293054771315651,-0.0040000000000000036,
510310,2023-07-27,3.54,3.532,3.558,3.52,2251489.0,,1.074053137365738,-0.16958733747879545,-0.005999999999999783,
510310,2023-07-28,3.516,3.622,3.628,3.512,3298657.0,,3.28425821064553,2.548131370328422,0.08999999999999986,
510310,2023-07-31,3.644,3.638,3.692,3.628,4458921.0,,1.7669795692987316,0.4417448923246829,0.016000000000000014,
510310,2023-08-01,3.63,3.622,3.658,3.61,3901322.0,,1.3194062671797704,-0.4398020890599234,-0.016000000000000014,
510310,2023-08-02,3.616,3.594,3.636,3.584,3484360.0,,1.4356709000552195,-0.773053561568195,-0.028000000000000025,
510310,2023-08-03,3.588,3.628,3.628,3.588,1413019.0,,1.1129660545353377,0.9460211463550432,0.03400000000000025,
510310,2023-08-04,3.654,3.646,3.684,3.634,2944750.0,,1.378169790518199,0.49614112458654336,0.017999999999999794,
510310,2023-08-07,3.632,3.614,3.632,3.604,1891204.0,,0.767964893033462,-0.8776741634668137,-0.03200000000000003,
510310,2023-08-08,3.6,3.602,3.63,3.59,3311488.0,,1.1068068622025466,-0.33204205866076403,-0.01200000000000001,
510310,2023-08-09,3.598,3.594,3.61,3.59,1319758.0,,0.5552470849528045,-0.2220988339811218,-0.008000000000000007,
510310,2023-08-10,3.596,3.6,3.606,3.57,2290906.0,,1.0016694490818039,0.16694490818030683,0.006000000000000227,
510310,2023-08-11,3.608,3.508,3.608,3.508,5411046.0,,2.77777777777778,-2.5555555555555576,-0.09200000000000008,
510310,2023-08-14,3.47,3.484,3.494,3.446,4937904.0,,1.3683010262257709,-0.6841505131128854,-0.02400000000000002,
510310,2023-08-15,3.486,3.482,3.498,3.446,2372209.0,,1.4925373134328372,-0.05740528128587198,-0.0019999999999997797,
510310,2023-08-16,3.474,3.454,3.484,3.452,2928786.0,,0.9190120620333149,-0.8041355542791506,-0.028000000000000025,
510310,2023-08-17,3.44,3.466,3.472,3.42,2960878.0,,1.5055008685581948,0.3474232773595834,0.01200000000000001,
510310,2023-08-18,3.462,3.416,3.476,3.414,1868151.0,,1.7888055395268272,-1.4425851125216465,-0.050000000000000266,
510310,2023-08-21,3.41,3.364,3.418,3.364,2001627.0,,1.5807962529274084,-1.5222482435597202,-0.052000000000000046,
510310,2023-08-22,3.376,3.39,3.404,3.342,3043383.0,,1.8430439952437525,0.7728894173602927,0.026000000000000245,
510310,2023-08-23,3.38,3.346,3.388,3.334,3136495.0,,1.5929203539822956,-1.2979351032448387,-0.04400000000000004,
510310,2023-08-24,3.352,3.36,3.386,3.34,2727898.0,,1.3747758517633073,0.4184100418409979,0.01399999999999979,
510310,2023-08-25,3.346,3.352,3.374,3.336,2778863.0,,1.1309523809523885,-0.23809523809523833,-0.008000000000000007,
510310,2023-08-28,3.596,3.4,3.6,3.38,7143794.0,,6.563245823389027,1.4319809069212424,0.04800000000000004,
510310,2023-08-29,3.392,3.424,3.452,3.382,4839350.0,,2.05882352941176,0.7058823529411771,0.02400000000000002,
510310,2023-08-30,3.434,3.426,3.45,3.418,2848968.0,,0.9345794392523372,0.058411214953277564,0.002000000000000224,
510310,2023-08-31,3.426,3.406,3.432,3.398,2831428.0,,0.9924109748978344,-0.5837711617046123,-0.020000000000000018,
510310,2023-09-01,3.42,3.428,3.448,3.418,3309082.0,,0.8807985907222491,0.6459189665296475,0.021999999999999797,
510310,2023-09-04,3.45,3.482,3.49,3.438,2430496.0,,1.5169194865810982,1.575262543757301,0.05400000000000027,
510310,2023-09-05,3.478,3.456,3.478,3.448,1843520.0,,0.8615738081562392,-0.7466973004020748,-0.026000000000000245,
510310,2023-09-06,3.446,3.448,3.456,3.43,1378240.0,,0.752314814814809,-0.23148148148148168,-0.008000000000000007,
510310,2023-09-07,3.442,3.396,3.442,3.392,2423856.0,,1.4501160092807501,-1.5081206496519735,-0.052000000000000046,
510310,2023-09-08,3.386,3.378,3.392,3.362,4026862.0,,0.8833922261484042,-0.5300353356890399,-0.017999999999999794,
510310,2023-09-11,3.376,3.402,3.426,3.372,2917444.0,,1.5985790408525835,0.7104795737122565,0.02400000000000002,
510310,2023-09-12,3.4,3.4,3.414,3.39,1344341.0,,0.7054673721340393,-0.05878894767784315,-0.002000000000000224,
510310,2023-09-13,3.4,3.374,3.408,3.356,1909392.0,,1.5294117647058838,-0.7647058823529354,-0.0259999999999998,
510310,2023-09-14,3.374,3.374,3.386,3.356,1613864.0,,0.8891523414345065,0.0,0.0,
510310,2023-09-15,3.384,3.356,3.388,3.342,2443053.0,,1.3633669235328933,-0.5334914048607065,-0.018000000000000238,
510310,2023-09-18,3.354,3.37,3.38,3.332,2667567.0,,1.4302741358760442,0.41716328963051946,0.014000000000000234,
510310,2023-09-19,3.368,3.362,3.368,3.342,2055396.0,,0.7715133531157211,-0.2373887240356085,-0.008000000000000007,
510310,2023-09-20,3.356,3.348,3.362,3.348,1612159.0,,0.4164187983343318,-0.4164187983343318,-0.014000000000000234,
510310,2023-09-21,3.342,3.314,3.352,3.312,2212801.0,,1.1947431302270024,-1.0155316606929454,-0.03399999999999981,
510310,2023-09-22,3.3,3.384,3.386,3.3,3046541.0,,2.595051297525658,2.112251056125523,0.06999999999999984,
510310,2023-09-25,3.376,3.356,3.378,3.352,1419207.0,,0.7683215130023713,-0.8274231678487004,-0.028000000000000025,
510310,2023-09-26,3.354,3.338,3.364,3.334,1715422.0,,0.8939213349225211,-0.5363528009535099,-0.017999999999999794,
510310,2023-09-27,3.336,3.348,3.372,3.334,1803387.0,,1.1384062312762078,0.2995805871779445,0.009999999999999787,
510310,2023-09-28,3.354,3.334,3.362,3.326,2885054.0,,1.0752688172043021,-0.41816009557944417,-0.01399999999999979,
510310,2023-10-09,3.328,3.324,3.336,3.284,1768419.0,,1.5596880623875238,-0.2999400119976074,-0.010000000000000231,
510310,2023-10-10,3.332,3.3,3.346,3.296,1572032.0,,1.5042117930204653,-0.7220216606498201,-0.02400000000000002,
510310,2023-10-11,3.316,3.308,3.332,3.3,1541732.0,,0.9696969696969706,0.24242424242424265,0.008000000000000007,
510310,2023-10-12,3.34,3.344,3.354,3.324,1930013.0,,0.9068923821039978,1.0882708585247896,0.03600000000000003,
510310,2023-10-13,3.32,3.306,3.324,3.298,1771652.0,,0.7775119617224822,-1.136363636363631,-0.03799999999999981,
510310,2023-10-16,3.306,3.268,3.31,3.26,1967158.0,,1.5124016938899052,-1.1494252873563295,-0.038000000000000256,
510310,2023-10-17,3.274,3.28,3.286,3.262,1573341.0,,0.734394124847002,0.367197062423501,0.01200000000000001,
510310,2023-10-18,3.278,3.248,3.278,3.248,2194273.0,,0.9146341463414575,-0.9756097560975483,-0.031999999999999584,
510310,2023-10-19,3.238,3.186,3.242,3.18,3217657.0,,1.9088669950738866,-1.9088669950739001,-0.06200000000000028,
510310,2023-10-20,3.18,3.162,3.182,3.15,3154211.0,,1.0043942247332087,-0.7532956685499065,-0.02400000000000002,
510310,2023-10-23,3.156,3.162,3.176,3.096,6753001.0,,2.5300442757748285,0.0,0.0,
510310,2023-10-24,3.15,3.134,3.15,3.102,14140976.0,,1.518026565464897,-0.8855154965211899,-0.028000000000000025,
510310,2023-10-25,3.172,3.154,3.184,3.15,11446442.0,,1.0848755583918397,0.6381620931716663,0.020000000000000018,
510310,2023-10-26,3.132,3.166,3.166,3.13,10164247.0,,1.1414077362079909,0.38046924540266364,0.01200000000000001,
510310,2023-10-27,3.152,3.214,3.226,3.146,7160678.0,,2.5268477574226176,1.5161086544535705,0.04800000000000004,
510310,2023-10-30,3.198,3.232,3.244,3.198,9353570.0,,1.4312383322962123,0.5600497822028699,0.018000000000000238,
510310,2023-10-31,3.23,3.226,3.232,3.202,4418823.0,,0.9282178217821858,-0.18564356435644266,-0.006000000000000227,
510310,2023-11-01,3.244,3.22,3.252,3.21,3082918.0,,1.3019218846869132,-0.1859888406695531,-0.005999999999999783,
510310,2023-11-02,3.226,3.206,3.246,3.204,5419352.0,,1.3043478260869508,-0.4347826086956595,-0.014000000000000234,
510310,2023-11-03,3.208,3.232,3.244,3.208,4292514.0,,1.1228945726762332,0.8109794135995086,0.026000000000000245,
510310,2023-11-06,3.252,3.276,3.282,3.248,5962468.0,,1.051980198019796,1.3613861386138488,0.043999999999999595,
510310,2023-11-07,3.272,3.266,3.278,3.252,2529433.0,,0.7936507936508013,-0.3052503052502987,-0.009999999999999787,
510310,2023-11-08,3.262,3.256,3.272,3.234,3270900.0,,1.1635027556644155,-0.30618493570117056,-0.010000000000000231,
510310,2023-11-09,3.25,3.262,3.27,3.244,2748307.0,,0.7985257985257924,0.18427518427519127,0.006000000000000227,
510310,2023-11-10,3.248,3.232,3.248,3.22,2883578.0,,0.858369098712447,-0.9196811771919009,-0.029999999999999805,
510310,2023-11-13,3.234,3.228,3.244,3.21,2536664.0,,1.0519801980198096,-0.12376237623762387,-0.0040000000000000036,
510310,2023-11-14,3.23,3.23,3.248,3.214,2251840.0,,1.0532837670384216,0.06195786864931163,0.0019999999999997797,
510310,2023-11-15,3.26,3.258,3.268,3.242,3086290.0,,0.8049535603715109,0.8668730650154807,0.028000000000000025,
510310,2023-11-16,3.254,3.22,3.254,3.218,3245826.0,,1.1049723756906087,-1.1663597298956359,-0.03799999999999981,
510310,2023-11-17,3.214,3.214,3.218,3.196,6855111.0,,0.6832298136645899,-0.18633540372671512,-0.006000000000000227,
510310,2023-11-20,3.214,3.226,3.236,3.19,2719354.0,,1.4312383322962123,0.37336652146857535,0.01200000000000001,
510310,2023-11-21,3.236,3.23,3.264,3.22,3824545.0,,1.3639181649100929,0.12399256044637331,0.0040000000000000036,
510310,2023-11-22,3.222,3.194,3.224,3.192,3670272.0,,0.9907120743034065,-1.1145510835913321,-0.03600000000000003,
510310,2023-11-23,3.19,3.21,3.212,3.176,3842639.0,,1.1271133375078282,0.5009392611145903,0.016000000000000014,
510310,2023-11-24,3.204,3.188,3.204,3.18,3418154.0,,0.7476635514018698,-0.685358255451707,-0.021999999999999797,
510310,2023-11-27,3.18,3.166,3.184,3.14,3707319.0,,1.3801756587202019,-0.6900878293601079,-0.02200000000000024,
510310,2023-11-28,3.162,3.168,3.172,3.15,3539587.0,,0.6948831332912269,0.06317119393557245,0.002000000000000224,
510310,2023-11-29,3.17,3.144,3.172,3.13,4310181.0,,1.325757575757584,-0.7575757575757582,-0.02400000000000002,
510310,2023-11-30,3.142,3.146,3.158,3.132,3801071.0,,0.8269720101781107,0.06361323155215584,0.0019999999999997797,
510310,2023-12-01,3.148,3.134,3.148,3.104,13840300.0,,1.3986013986013999,-0.38143674507310904,-0.01200000000000001,
510310,2023-12-04,3.134,3.108,3.14,3.106,3671114.0,,1.0848755583918397,-0.829610721123159,-0.0259999999999998,
510310,2023-12-05,3.104,3.048,3.104,3.044,5801547.0,,1.9305019305019322,-1.9305019305019322,-0.06000000000000005,
510310,2023-12-06,3.042,3.052,3.07,3.034,6551013.0,,1.1811023622047254,0.13123359580052504,0.0040000000000000036,
510310,2023-12-07,3.048,3.046,3.058,3.022,4132686.0,,1.179554390563566,-0.19659239842726825,-0.006000000000000227,
510310,2023-12-08,3.046,3.052,3.064,3.038,2802415.0,,0.8535784635587736,0.1969796454366457,0.006000000000000227,
510310,2023-12-11,3.04,3.074,3.084,3.006,4851527.0,,2.5557011795544,0.720838794233283,0.021999999999999797,
510310,2023-12-12,3.062,3.082,3.084,3.062,2783537.0,,0.7156798959011139,0.26024723487312973,0.008000000000000007,
510310,2023-12-13,3.078,3.026,3.078,3.022,3247473.0,,1.8170019467878016,-1.8170019467878016,-0.05600000000000005,
510310,2023-12-14,3.042,3.008,3.056,3.002,4210130.0,,1.7845340383344441,-0.5948446794448049,-0.017999999999999794,
510310,2023-12-15,3.018,3.002,3.044,2.992,4071236.0,,1.7287234042553206,-0.19946808510639055,-0.006000000000000227,
510310,2023-12-18,2.994,2.99,3.01,2.97,3541472.0,,1.332445036642225,-0.39973351099265714,-0.011999999999999567,
510310,2023-12-19,2.99,2.992,3.004,2.97,7791172.0,,1.1371237458193915,0.06688963210701604,0.0019999999999997797,
510310,2023-12-20,2.994,2.96,3.0,2.958,5290600.0,,1.4037433155080152,-1.069518716577541,-0.03200000000000003,
510310,2023-12-21,2.95,2.99,3.002,2.946,5147615.0,,1.8918918918918786,1.0135135135135218,0.03000000000000025,
510310,2023-12-22,2.988,2.998,3.02,2.972,14600067.0,,1.605351170568563,0.26755852842809386,0.008000000000000007,
510310,2023-12-25,2.998,3.006,3.012,2.992,6971384.0,,0.6671114076050706,0.2668445630420134,0.007999999999999563,
510310,2023-12-26,3.008,2.986,3.008,2.976,11876632.0,,1.0645375914837003,-0.6653359946772979,-0.019999999999999574,
510310,2023-12-27,2.988,2.996,3.002,2.972,4938689.0,,1.0046885465505628,0.33489618218351597,0.009999999999999787,
510310,2023-12-28,2.994,3.076,3.084,2.99,7945063.0,,3.1375166889185535,2.6702269692923926,0.08000000000000007,
510310,2023-12-29,3.076,3.086,3.092,3.07,13716263.0,,0.7152145643693186,0.32509752925877067,0.009999999999999787,
510310,2024-01-02,3.09,3.04,3.09,3.04,5082316.0,,1.62022034996759,-1.490602721970182,-0.04599999999999982,
510310,2024-01-03,3.038,3.034,3.05,3.02,6642590.0,,0.9868421052631514,-0.19736842105263905,-0.006000000000000227,
510310,2024-01-04,3.032,3.006,3.034,2.98,14979796.0,,1.7798286090968962,-0.9228740936058019,-0.028000000000000025,
510310,2024-01-05,2.998,2.988,3.03,2.97,4606813.0,,1.9960079840319234,-0.598802395209574,-0.017999999999999794,
510310,2024-01-08,2.982,2.944,2.994,2.94,9282225.0,,1.8072289156626595,-1.4725568942436424,-0.04400000000000004,
510310,2024-01-09,2.946,2.956,2.966,2.934,13918658.0,,1.0869565217391315,0.4076086956521742,0.01200000000000001,
510310,2024-01-10,2.946,2.936,2.974,2.93,3255508.0,,1.4884979702300418,-0.6765899864682009,-0.020000000000000018,
510310,2024-01-11,2.936,2.954,2.974,2.928,3027023.0,,1.5667574931880197,0.6130790190735775,0.018000000000000238,
510310,2024-01-12,2.946,2.942,2.972,2.94,3168582.0,,1.0832769126607997,-0.4062288422477999,-0.01200000000000001,
510310,2024-01-15,2.93,2.94,2.97,2.922,3535960.0,,1.631543167912986,-0.06798096532971529,-0.002000000000000224,
510310,2024-01-16,2.938,2.96,2.962,2.92,29422248.0,,1.4285714285714373,0.680272108843538,0.020000000000000018,
510310,2024-01-17,2.952,2.882,2.954,2.88,28741959.0,,2.5000000000000098,-2.63513513513513,-0.07799999999999985,
510310,2024-01-18,2.878,2.936,2.944,2.832,35951847.0,,3.886190145732134,1.8736988202636997,0.053999999999999826,
510310,2024-01-19,2.918,2.934,2.95,2.91,35967052.0,,1.362397820163489,-0.06811989100816689,-0.0019999999999997797,
510310,2024-01-22,2.93,2.872,2.944,2.858,57983486.0,,2.931152010906607,-2.113156100886172,-0.06200000000000028,
510310,2024-01-23,2.866,2.892,2.91,2.85,6166777.0,,2.0891364902506986,0.6963788300835662,0.020000000000000018,
510310,2024-01-24,2.908,2.948,2.95,2.85,26060741.0,,3.457814661134166,1.9363762102351332,0.05600000000000005,
510310,2024-01-25,2.936,3.0,3.004,2.93,10270141.0,,2.5101763907734007,1.7639077340569895,0.052000000000000046,
510310,2024-01-26,2.992,2.992,3.01,2.976,28038430.0,,1.133333333333327,-0.26666666666666694,-0.008000000000000007,
510310,2024-01-29,2.996,2.962,3.01,2.96,6072924.0,,1.6711229946524007,-1.0026737967914372,-0.029999999999999805,
510310,2024-01-30,2.946,2.904,2.962,2.902,20117660.0,,2.025658338960164,-1.9581363943281658,-0.058000000000000274,
510310,2024-01-31,2.894,2.886,2.914,2.86,26448111.0,,1.8595041322314143,-0.6198347107437946,-0.017999999999999794,
510310,2024-02-01,2.866,2.88,2.914,2.854,7403871.0,,2.079002079002081,-0.20790020790021577,-0.006000000000000227,
510310,2024-02-02,2.884,2.852,2.898,2.768,25015764.0,,4.513888888888901,-0.9722222222222231,-0.028000000000000025,
510310,2024-02-05,2.82,2.86,2.908,2.778,37633763.0,,4.558204768583447,0.2805049088359049,0.008000000000000007,
510310,2024-02-06,2.84,2.968,2.978,2.84,13812205.0,,4.825174825174837,3.77622377622378,0.1080000000000001,
510310,2024-02-07,2.97,3.0,3.006,2.952,54305550.0,,1.8194070080862477,1.078167115902966,0.03200000000000003,
510310,2024-02-08,3.016,3.022,3.03,2.998,19884503.0,,1.0666666666666527,0.7333333333333265,0.021999999999999797,
510310,2024-02-19,3.038,3.05,3.058,3.018,18462827.0,,1.3236267372600938,0.9265387160820657,0.028000000000000025,
510310,2024-02-20,3.046,3.062,3.072,3.036,10516620.0,,1.18032786885246,0.39344262295082,0.01200000000000001,
510310,2024-02-21,3.048,3.106,3.156,3.042,9186824.0,,3.723056825604191,1.4369693011103868,0.04400000000000004,
510310,2024-02-22,3.104,3.136,3.138,3.102,5219468.0,,1.159047005795236,0.9658725048293706,0.03000000000000025,
510310,2024-02-23,3.136,3.138,3.158,3.124,3974898.0,,1.0841836734693817,0.0637755102040746,0.0019999999999997797,
510310,2024-02-26,3.138,3.104,3.142,3.096,8353704.0,,1.4659018483110204,-1.0834926704907524,-0.03399999999999981,
510310,2024-02-27,3.09,3.144,3.146,3.09,5931837.0,,1.8041237113402078,1.2886597938144342,0.040000000000000036,
510310,2024-02-28,3.146,3.104,3.174,3.104,20091854.0,,2.2264631043256946,-1.2722646310432582,-0.040000000000000036,
510310,2024-02-29,3.1,3.162,3.168,3.096,13398690.0,,2.3195876288659814,1.8685567010309223,0.05799999999999983,
510310,2024-03-01,3.164,3.19,3.2,3.154,10370862.0,,1.4547754585705333,0.8855154965211899,0.028000000000000025,
510310,2024-03-04,3.184,3.192,3.196,3.168,5486507.0,,0.8777429467084646,0.0626959247648973,0.002000000000000224,
510310,2024-03-05,3.174,3.214,3.226,3.17,53847559.0,,1.7543859649122824,0.6892230576441039,0.021999999999999797,
510310,2024-03-06,3.208,3.202,3.23,3.198,16202295.0,,0.9956440572495342,-0.37336652146857535,-0.01200000000000001,
510310,2024-03-07,3.202,3.186,3.22,3.174,9660078.0,,1.4366021236727127,-0.49968769519050643,-0.016000000000000014,
510310,2024-03-08,3.184,3.194,3.2,3.162,7710941.0,,1.1927181418706922,0.2510985561833022,0.008000000000000007,
510310,2024-03-11,3.192,3.24,3.242,3.19,12398904.0,,1.6280525986224186,1.4402003757044541,0.04600000000000026,
510310,2024-03-12,3.238,3.248,3.256,3.226,8856450.0,,0.9259259259259198,0.2469135802469138,0.008000000000000007,
510310,2024-03-13,3.246,3.224,3.246,3.214,4667440.0,,0.9852216748768482,-0.738916256157636,-0.02400000000000002,
510310,2024-03-14,3.22,3.214,3.246,3.196,8633659.0,,1.5508684863523516,-0.3101736972704786,-0.010000000000000231,
510310,2024-03-15,3.204,3.22,3.226,3.182,7060033.0,,1.3690105787181095,0.18668326073429456,0.006000000000000227,
510310,2024-03-18,3.224,3.254,3.256,3.22,10683599.0,,1.1180124223602355,1.0559006211180064,0.03399999999999981,
510310,2024-03-19,3.25,3.23,3.26,3.228,5019648.0,,0.983405039950817,-0.737553779963123,-0.02400000000000002,
510310,2024-03-20,3.224,3.23,3.242,3.22,5825358.0,,0.681114551083585,0.0,0.0,
510310,2024-03-21,3.24,3.23,3.252,3.224,3227193.0,,0.8668730650154669,0.0,0.0,
510310,2024-03-22,3.228,3.196,3.228,3.172,16912064.0,,1.7337461300309613,-1.0526315789473626,-0.03399999999999981,
510310,2024-03-25,3.186,3.186,3.216,3.178,6988200.0,,1.1889862327909968,-0.3128911138923727,-0.010000000000000231,
510310,2024-03-26,3.184,3.192,3.202,3.172,9228476.0,,0.9416195856873761,0.18832391713748362,0.006000000000000227,
510310,2024-03-27,3.188,3.156,3.196,3.154,8921190.0,,1.3157894736842186,-1.1278195488721814,-0.03600000000000003,
510310,2024-03-28,3.154,3.172,3.204,3.144,5498852.0,,1.901140684410648,0.5069708491761727,0.016000000000000014,
510310,2024-03-29,3.17,3.186,3.192,3.166,5842060.0,,0.8196721311475487,0.4413619167717462,0.01399999999999979,
510310,2024-04-01,3.198,3.244,3.254,3.198,5303088.0,,1.7576898932831153,1.8204645323289477,0.058000000000000274,
510310,2024-04-02,3.242,3.232,3.246,3.22,3985039.0,,0.8014796547472195,-0.3699136868064121,-0.01200000000000001,
510310,2024-04-03,3.23,3.218,3.232,3.208,3210202.0,,0.7425742574257431,-0.4331683168316904,-0.014000000000000234,
510310,2024-04-08,3.21,3.188,3.216,3.184,3260666.0,,0.9944064636420147,-0.9322560596643819,-0.029999999999999805,
510310,2024-04-09,3.188,3.184,3.196,3.172,2351110.0,,0.7528230865746556,-0.12547051442910925,-0.0040000000000000036,
510310,2024-04-10,3.184,3.16,3.184,3.142,3308848.0,,1.3190954773869428,-0.7537688442211062,-0.02400000000000002,
510310,2024-04-11,3.144,3.156,3.174,3.138,2695388.0,,1.1392405063291149,-0.12658227848101278,-0.0040000000000000036,
510310,2024-04-12,3.152,3.126,3.166,3.12,3595210.0,,1.4575411913814897,-0.950570342205331,-0.03000000000000025,
510310,2024-04-15,3.122,3.202,3.206,3.122,3964056.0,,2.6871401151631504,2.431222008957136,0.07600000000000007,
510310,2024-04-16,3.19,3.166,3.196,3.154,3410687.0,,1.3116801998750862,-1.1242973141786394,-0.03600000000000003,
510310,2024-04-17,3.164,3.214,3.218,3.152,3159232.0,,2.0846493998736526,1.5161086544535705,0.04800000000000004,
510310,2024-04-18,3.206,3.216,3.254,3.202,3249332.0,,1.617921593030493,0.06222775357810279,0.002000000000000224,
510310,2024-04-19,3.208,3.194,3.214,3.18,5912945.0,,1.0572139303482526,-0.6840796019900572,-0.02200000000000024,
510310,2024-04-22,3.196,3.186,3.214,3.178,2762627.0,,1.1271133375078282,-0.25046963055729515,-0.008000000000000007,
510310,2024-04-23,3.19,3.16,3.19,3.156,6071497.0,,1.0671688637790273,-0.8160703075957251,-0.0259999999999998,
510310,2024-04-24,3.164,3.174,3.18,3.15,2861217.0,,0.9493670886076028,0.44303797468353767,0.01399999999999979,
510310,2024-04-25,3.166,3.182,3.198,3.156,3108844.0,,1.3232514177693704,0.252047889098929,0.008000000000000007,
510310,2024-04-26,3.184,3.232,3.244,3.184,4569160.0,,1.885606536769329,1.5713387806411145,0.050000000000000266,
510310,2024-04-29,3.244,3.276,3.298,3.232,5879514.0,,2.042079207920787,1.3613861386138488,0.043999999999999595,
510310,2024-04-30,3.276,3.26,3.282,3.258,2854552.0,,0.7326007326007333,-0.48840048840048883,-0.016000000000000014,
510310,2024-05-06,3.302,3.308,3.324,3.296,3797455.0,,0.8588957055214732,1.4723926380368113,0.04800000000000004,
510310,2024-05-07,3.304,3.31,3.316,3.298,1990593.0,,0.544135429262388,0.0604594921402728,0.002000000000000224,
510310,2024-05-08,3.304,3.282,3.304,3.278,2423383.0,,0.7854984894259759,-0.8459214501510581,-0.028000000000000025,
510310,2024-05-09,3.28,3.314,3.32,3.28,2873034.0,,1.218769043266302,0.9750152346130417,0.03200000000000003,
510310,2024-05-10,3.32,3.318,3.328,3.29,4312295.0,,1.146650573325281,0.12070006035003028,0.0040000000000000036,
510310,2024-05-13,3.296,3.314,3.324,3.28,4211546.0,,1.3261000602772766,-0.12055455093429787,-0.0040000000000000036,
510310,2024-05-14,3.314,3.306,3.328,3.298,3698622.0,,0.9052504526252204,-0.24140012070006056,-0.008000000000000007,
510310,2024-05-15,3.308,3.284,3.31,3.278,2898685.0,,0.9679370840895349,-0.6654567453115621,-0.02200000000000024,
510310,2024-05-16,3.288,3.296,3.312,3.28,2493358.0,,0.974421437271621,0.3654080389768578,0.01200000000000001,
510310,2024-05-17,3.29,3.336,3.34,3.282,2999946.0,,1.7597087378640728,1.21359223300971,0.040000000000000036,
510310,2024-05-20,3.334,3.344,3.358,3.33,2993526.0,,0.8393285371702647,0.23980815347721846,0.008000000000000007,
510310,2024-05-21,3.336,3.33,3.342,3.318,3624264.0,,0.7177033492822974,-0.41866028708133346,-0.01399999999999979,
510310,2024-05-22,3.33,3.34,3.348,3.322,2560880.0,,0.7807807807807747,0.30030030030029387,0.009999999999999787,
510310,2024-05-23,3.334,3.302,3.334,3.292,2808626.0,,1.2574850299401277,-1.137724550898198,-0.03799999999999981,
510310,2024-05-24,3.294,3.262,3.31,3.258,4147491.0,,1.5748031496063006,-1.2113870381586929,-0.040000000000000036,
510310,2024-05-27,3.264,3.292,3.294,3.262,3847587.0,,0.9809932556713681,0.9196811771919009,0.029999999999999805,
510310,2024-05-28,3.292,3.27,3.294,3.262,3226961.0,,0.9720534629404627,-0.6682867557715614,-0.021999999999999797,
510310,2024-05-29,3.27,3.27,3.294,3.262,2981116.0,,0.9785932721712546,0.0,0.0,
510310,2024-05-30,3.264,3.258,3.286,3.248,3522806.0,,1.1620795107033581,-0.3669724770642205,-0.01200000000000001,
510310,2024-05-31,3.262,3.244,3.276,3.242,5036658.0,,1.043585021485568,-0.42971147943522986,-0.01399999999999979,
510310,2024-06-03,3.24,3.248,3.26,3.226,3984093.0,,1.0480887792848277,0.12330456226880405,0.0040000000000000036,
510310,2024-06-04,3.246,3.274,3.284,3.24,3331417.0,,1.3546798029556524,0.8004926108374323,0.0259999999999998,
510310,2024-06-05,3.27,3.258,3.284,3.258,3062743.0,,0.7941356139279109,-0.48869883934025704,-0.016000000000000014,
510310,2024-06-06,3.26,3.26,3.29,3.244,3060766.0,,1.411909146715771,0.061387354205027,0.0019999999999997797,
510310,2024-06-07,3.26,3.24,3.272,3.218,2722538.0,,1.6564417177914057,-0.6134969325153244,-0.019999999999999574,
510310,2024-06-11,3.232,3.212,3.232,3.196,3601368.0,,1.111111111111112,-0.8641975308641983,-0.028000000000000025,
510310,2024-06-12,3.206,3.21,3.218,3.198,2332962.0,,0.6226650062266506,-0.062266500622671965,-0.002000000000000224,
510310,2024-06-13,3.214,3.198,3.22,3.19,1541194.0,,0.9345794392523442,-0.3738317757009349,-0.01200000000000001,
510310,2024-06-14,3.194,3.214,3.224,3.18,3403281.0,,1.3758599124452795,0.5003126954346471,0.016000000000000014,
510310,2024-06-17,3.202,3.206,3.214,3.198,1453346.0,,0.4978220286247671,-0.24891101431238355,-0.008000000000000007,
510310,2024-06-18,3.21,3.214,3.226,3.204,2030443.0,,0.6862133499688022,0.24953212726138513,0.008000000000000007,
510310,2024-06-19,3.216,3.206,3.224,3.202,2384959.0,,0.6845052893590616,-0.24891101431238355,-0.008000000000000007,
510310,2024-06-20,3.204,3.184,3.214,3.18,1787759.0,,1.0605115408608798,-0.6862133499688022,-0.021999999999999797,
510310,2024-06-21,3.186,3.18,3.188,3.156,15180379.0,,1.0050251256281415,-0.1256281407035177,-0.0040000000000000036,
510310,2024-06-24,3.162,3.16,3.188,3.156,13180650.0,,1.0062893081761015,-0.6289308176100634,-0.020000000000000018,
510310,2024-06-25,3.16,3.14,3.168,3.122,10464333.0,,1.4556962025316538,-0.6329113924050638,-0.020000000000000018,
510310,2024-06-26,3.13,3.162,3.17,3.128,3544796.0,,1.3375796178343888,0.7006369426751528,0.021999999999999797,
510310,2024-06-27,3.156,3.142,3.16,3.136,10056280.0,,0.7590132827324485,-0.6325110689437071,-0.020000000000000018,
510310,2024-06-28,3.132,3.15,3.176,3.132,6874609.0,,1.4003819223424583,0.2546148949713561,0.008000000000000007,
510310,2024-07-01,3.148,3.162,3.17,3.132,3151885.0,,1.2063492063492003,0.3809523809523813,0.01200000000000001,
510310,2024-07-02,3.158,3.16,3.174,3.152,3571735.0,,0.6957621758380708,-0.0632511068943637,-0.0019999999999997797,
510310,2024-07-03,3.158,3.154,3.164,3.144,6501208.0,,0.6329113924050638,-0.1898734177215262,-0.006000000000000227,
510310,2024-07-04,3.156,3.138,3.172,3.136,13492698.0,,1.1414077362079909,-0.5072923272035514,-0.016000000000000014,
510310,2024-07-05,3.136,3.124,3.142,3.092,14613370.0,,1.5933715742511099,-0.4461440407903057,-0.01399999999999979,
510310,2024-07-08,3.114,3.1,3.122,3.09,8530814.0,,1.024327784891166,-0.7682458386683746,-0.02400000000000002,
510310,2024-07-09,3.096,3.134,3.146,3.082,4710642.0,,2.06451612903226,1.0967741935483808,0.03399999999999981,
510310,2024-07-10,3.128,3.126,3.144,3.124,3912817.0,,0.6381620931716663,-0.2552648372686665,-0.008000000000000007,
510310,2024-07-11,3.154,3.172,3.182,3.142,5199168.0,,1.2795905310300715,1.4715291106845894,0.04600000000000026,
510310,2024-07-12,3.172,3.182,3.19,3.168,4279557.0,,0.6935687263556052,0.31525851197981675,0.009999999999999787,
510310,2024-07-15,3.176,3.186,3.194,3.174,8728471.0,,0.628535512256443,0.1257071024512886,0.0040000000000000036,
510310,2024-07-16,3.18,3.212,3.218,3.178,20319689.0,,1.2554927809165108,0.816070307595739,0.026000000000000245,
510310,2024-07-17,3.21,3.22,3.232,3.2,34320055.0,,0.996264009962641,0.24906600249066024,0.008000000000000007,
510310,2024-07-18,3.21,3.24,3.242,3.196,22839718.0,,1.4285714285714228,0.6211180124223608,0.020000000000000018,
510310,2024-07-19,3.228,3.256,3.268,3.216,42952417.0,,1.6049382716049259,0.49382716049381387,0.01599999999999957,
510310,2024-07-22,3.256,3.232,3.26,3.214,9520450.0,,1.4127764127764073,-0.7371007371007242,-0.023999999999999577,
510310,2024-07-23,3.228,3.164,3.232,3.162,5038483.0,,2.165841584158424,-2.103960396039606,-0.06800000000000006,
510310,2024-07-24,3.158,3.144,3.174,3.128,11942191.0,,1.4538558786346338,-0.6321112515802787,-0.020000000000000018,
510310,2024-07-25,3.128,3.12,3.14,3.106,13153752.0,,1.0814249363867763,-0.7633587786259549,-0.02400000000000002,
510310,2024-07-26,3.124,3.14,3.148,3.118,12570506.0,,0.9615384615384694,0.6410256410256416,0.020000000000000018,
510310,2024-07-29,3.136,3.118,3.138,3.116,3543076.0,,0.7006369426751528,-0.7006369426751669,-0.02200000000000024,
510310,2024-07-30,3.11,3.098,3.112,3.082,14687554.0,,0.9621552277100786,-0.641436818473381,-0.020000000000000018,
510310,2024-07-31,3.094,3.172,3.176,3.092,8455141.0,,2.7114267269205965,2.388637830858628,0.07400000000000029,
510310,2024-08-01,3.172,3.148,3.18,3.144,3115466.0,,1.1349306431273654,-0.7566204287515769,-0.02400000000000002,
510310,2024-08-02,3.128,3.112,3.148,3.106,8023401.0,,1.3341804320203385,-1.1435832274459985,-0.03600000000000003,
510310,2024-08-05,3.096,3.074,3.14,3.072,16667758.0,,2.185089974293061,-1.2210796915167177,-0.038000000000000256,
510310,2024-08-06,3.092,3.072,3.108,3.048,11086135.0,,1.9518542615484729,-0.0650618087182752,-0.0019999999999997797,
510310,2024-08-07,3.066,3.07,3.092,3.058,3355906.0,,1.1067708333333415,-0.06510416666667394,-0.002000000000000224,
510310,2024-08-08,3.064,3.072,3.096,3.05,2768846.0,,1.4983713355048947,0.06514657980456755,0.002000000000000224,
510310,2024-08-09,3.082,3.06,3.096,3.06,3033135.0,,1.171875000000001,-0.39062500000000033,-0.01200000000000001,
510310,2024-08-12,3.058,3.058,3.07,3.05,2488970.0,,0.6535947712418306,-0.06535947712419032,-0.002000000000000224,
510310,2024-08-13,3.058,3.062,3.064,3.04,5267483.0,,0.7848266841072603,0.13080444735121005,0.0040000000000000036,
510310,2024-08-14,3.06,3.038,3.062,3.036,2816817.0,,0.849118223383403,-0.7838014369693018,-0.02400000000000002,
510310,2024-08-15,3.036,3.074,3.088,3.032,18789294.0,,1.8433179723502322,1.184990125082292,0.03600000000000003,
510310,2024-08-16,3.07,3.078,3.09,3.066,23203835.0,,0.7807417046193891,0.13012361743656486,0.0040000000000000036,
510310,2024-08-19,3.076,3.086,3.11,3.074,3397753.0,,1.1695906432748548,0.25990903183885666,0.008000000000000007,
510310,2024-08-20,3.09,3.068,3.094,3.054,17125266.0,,1.2961762799740777,-0.5832793259883278,-0.017999999999999794,
510310,2024-08-21,3.06,3.054,3.072,3.042,12825056.0,,0.9778357235984435,-0.45632333767927746,-0.014000000000000234,
510310,2024-08-22,3.054,3.046,3.064,3.038,19191544.0,,0.8513425016372052,-0.26195153896529166,-0.008000000000000007,
510310,2024-08-23,3.044,3.06,3.072,3.042,3540578.0,,0.9848982271831994,0.4596191726854969,0.014000000000000234,
510310,2024-08-26,3.062,3.06,3.072,3.046,20222207.0,,0.849673202614387,0.0,0.0,
510310,2024-08-27,3.056,3.046,3.056,3.036,11334793.0,,0.6535947712418306,-0.4575163398692887,-0.014000000000000234,
510310,2024-08-28,3.038,3.024,3.044,3.012,20899457.0,,1.0505581089954048,-0.7222586999343336,-0.021999999999999797,
510310,2024-08-29,3.016,3.014,3.03,3.008,12434076.0,,0.7275132275132208,-0.3306878306878383,-0.010000000000000231,
510310,2024-08-30,3.012,3.062,3.092,3.012,12494883.0,,2.654280026542803,1.5925680159256816,0.04800000000000004,
510310,2024-09-02,3.054,3.002,3.054,3.0,5892844.0,,1.7635532331809218,-1.9595035924232544,-0.06000000000000005,
510310,2024-09-03,3.0,3.008,3.02,2.998,14326083.0,,0.7328447701532245,0.19986675549634336,0.006000000000000227,
510310,2024-09-04,2.994,2.99,3.012,2.988,4701952.0,,0.7978723404255326,-0.5984042553191421,-0.017999999999999794,
510310,2024-09-05,2.994,2.994,3.006,2.986,26031128.0,,0.6688963210702198,0.13377926421404693,0.0040000000000000036,
510310,2024-09-06,3.0,2.97,3.012,2.966,6759205.0,,1.5364061456245763,-0.8016032064128262,-0.02400000000000002,
510310,2024-09-09,2.958,2.93,2.962,2.916,9173706.0,,1.5488215488215575,-1.346801346801348,-0.040000000000000036,
510310,2024-09-10,2.93,2.932,2.944,2.906,7775679.0,,1.2969283276450447,0.06825938566552149,0.0019999999999997797,
510310,2024-09-11,2.922,2.924,2.936,2.91,4464715.0,,0.886766712141876,-0.2728512960436565,-0.008000000000000007,
510310,2024-09-12,2.926,2.914,2.942,2.91,3444024.0,,1.0943912448700421,-0.3419972640218805,-0.009999999999999787,
510310,2024-09-13,2.914,2.898,2.928,2.896,3693805.0,,1.098146877144819,-0.5490734385724095,-0.016000000000000014,
510310,2024-09-18,2.898,2.908,2.92,2.884,13948017.0,,1.2422360248447217,0.34506556245685943,0.009999999999999787,
510310,2024-09-19,2.912,2.934,2.956,2.888,8396508.0,,2.3383768913342524,0.8940852819807512,0.026000000000000245,
510310,2024-09-20,2.932,2.938,2.95,2.91,36240262.0,,1.363326516700751,0.1363326516700751,0.0040000000000000036,
510310,2024-09-23,2.938,2.952,2.971,2.933,2706707.0,,1.293396868618116,0.47651463580666403,0.01399999999999979,
510310,2024-09-24,2.988,3.093,3.095,2.962,10274018.0,,4.505420054200542,4.776422764227642,0.14100000000000001,
510310,2024-09-25,3.149,3.141,3.206,3.134,10690922.0,,2.3278370514064037,1.5518913676042692,0.04800000000000004,
510310,2024-09-26,3.131,3.303,3.307,3.131,11492600.0,,5.603311047437127,5.157593123209167,0.16199999999999992,
510310,2024-09-27,3.361,3.447,3.544,3.339,4199349.0,,6.206478958522558,4.359673024523165,0.14400000000000013,
510310,2024-09-30,3.639,3.818,3.818,3.539,16696898.0,,8.093994778067882,10.762982303452278,0.371,
510310,2024-10-08,4.226,4.022,4.226,3.854,16473009.0,,9.74332111052907,5.343111576741754,0.20400000000000018,
510310,2024-10-09,3.929,3.673,3.936,3.658,12769149.0,,6.911984087518648,-8.677274987568378,-0.3490000000000002,
510310,2024-10-10,3.704,3.743,3.848,3.656,8399437.0,,5.227334603866042,1.9057990743261595,0.06999999999999984,
510310,2024-10-11,3.732,3.636,3.732,3.585,8080324.0,,3.927331017900087,-2.8586695164306644,-0.10699999999999976,
510310,2024-10-14,3.643,3.7,3.719,3.604,8207113.0,,3.1628162816281566,1.7601760176017618,0.06400000000000006,
510310,2024-10-15,3.675,3.594,3.705,3.592,6971851.0,,3.054054054054054,-2.8648648648648734,-0.10600000000000032,
510310,2024-10-16,3.567,3.567,3.621,3.545,5278890.0,,2.1146355036171416,-0.7512520868113437,-0.02699999999999969,
510310,2024-10-17,3.584,3.525,3.622,3.524,7451730.0,,2.747406784412668,-1.1774600504625807,-0.04200000000000026,
510310,2024-10-18,3.522,3.675,3.787,3.509,8924927.0,,7.886524822695036,4.255319148936168,0.1499999999999999,
510310,2024-10-21,3.709,3.678,3.716,3.639,5315130.0,,2.0952380952381064,0.08163265306122758,0.0030000000000001137,
510310,2024-10-22,3.664,3.697,3.703,3.659,3710896.0,,1.1963023382272986,0.5165851005981547,0.019000000000000128,
510310,2024-10-23,3.694,3.712,3.752,3.679,5044069.0,,1.9745739789018109,0.4057343792264031,0.015000000000000124,
510310,2024-10-24,3.698,3.668,3.698,3.652,6258658.0,,1.2392241379310296,-1.185344827586208,-0.04400000000000004,
510310,2024-10-25,3.668,3.697,3.731,3.663,5688016.0,,1.853871319520176,0.7906215921483073,0.028999999999999915,
510310,2024-10-28,3.699,3.702,3.703,3.658,3533103.0,,1.2172031376791974,0.13524479307546372,0.004999999999999893,
510310,2024-10-29,3.711,3.671,3.736,3.661,5053891.0,,2.025931928687201,-0.8373851971907116,-0.03100000000000014,
510310,2024-10-30,3.656,3.633,3.67,3.606,5725115.0,,1.743394170525744,-1.0351402887496544,-0.03799999999999981,
510310,2024-10-31,3.624,3.631,3.664,3.598,14208561.0,,1.8166804293972,-0.055050922102951386,-0.002000000000000224,
510310,2024-11-01,3.63,3.639,3.675,3.621,8406182.0,,1.4871936105755943,0.22032497934453338,0.008000000000000007,
510310,2024-11-04,3.639,3.689,3.692,3.631,5181853.0,,1.6762846935971527,1.3740038472107796,0.050000000000000266,
510310,2024-11-05,3.679,3.79,3.792,3.669,6922998.0,,3.334236920574676,2.7378693412849002,0.10099999999999998,
510310,2024-11-06,3.792,3.766,3.834,3.742,6517685.0,,2.427440633245385,-0.6332453825857526,-0.02400000000000002,
510310,2024-11-07,3.744,3.897,3.898,3.732,8278086.0,,4.4078597981943695,3.4784917684545875,0.13099999999999978,
510310,2024-11-08,3.916,3.843,3.935,3.832,7932289.0,,2.6430587631511475,-1.385681293302536,-0.053999999999999826,
510310,2024-11-11,3.811,3.866,3.872,3.786,4732416.0,,2.237835024720267,0.5984907624251921,0.02300000000000013,
510310,2024-11-12,3.865,3.823,3.92,3.799,7525216.0,,3.129849974133471,-1.1122607346094193,-0.04300000000000015,
510310,2024-11-13,3.801,3.848,3.858,3.799,3759971.0,,1.5432906094690078,0.6539366989275415,0.02499999999999991,
510310,2024-11-14,3.844,3.778,3.855,3.774,3754971.0,,2.104989604989604,-1.819126819126815,-0.06999999999999984,
510310,2024-11-15,3.77,3.715,3.789,3.712,3988522.0,,2.0381154049761765,-1.6675489677077864,-0.06300000000000017,
510310,2024-11-18,3.729,3.696,3.773,3.674,4300682.0,,2.6648721399730877,-0.5114401076715932,-0.018999999999999684,
510310,2024-11-19,3.7,3.716,3.718,3.639,4994941.0,,2.137445887445892,0.5411255411255417,0.020000000000000018,
510310,2024-11-20,3.704,3.725,3.742,3.696,2715654.0,,1.2378902045209854,0.242195909580191,0.008999999999999897,
510310,2024-11-21,3.717,3.731,3.74,3.708,2931983.0,,0.8590604026845645,0.1610738255033499,0.005999999999999783,
510310,2024-11-22,3.725,3.616,3.732,3.609,2986049.0,,3.296703296703303,-3.082283570088442,-0.11499999999999977,
510310,2024-11-25,3.616,3.594,3.632,3.557,3753652.0,,2.0741150442477925,-0.6084070796460244,-0.02200000000000024,
510310,2024-11-26,3.581,3.584,3.62,3.576,2650487.0,,1.2242626599888715,-0.27824151363382826,-0.009999999999999787,
510310,2024-11-27,3.581,3.648,3.652,3.563,2950100.0,,2.483258928571428,1.7857142857142874,0.06400000000000006,
510310,2024-11-28,3.644,3.619,3.65,3.609,2976392.0,,1.1239035087719278,-0.7949561403508748,-0.028999999999999915,
510310,2024-11-29,3.617,3.659,3.704,3.615,3340966.0,,2.4592428847747985,1.1052777010223704,0.03999999999999959,
510310,2024-12-02,3.659,3.689,3.701,3.649,2147106.0,,1.4211533205793947,0.8198961464881184,0.03000000000000025,
510310,2024-12-03,3.689,3.692,3.709,3.664,3580943.0,,1.2198427758200034,0.08132285172133678,0.0030000000000001137,
510310,2024-12-04,3.688,3.675,3.7,3.664,2618052.0,,0.9750812567713985,-0.4604550379198361,-0.017000000000000348,
510310,2024-12-05,3.668,3.666,3.68,3.653,3359061.0,,0.7346938775510241,-0.2448979591836707,-0.008999999999999897,
510310,2024-12-06,3.665,3.714,3.741,3.665,6889931.0,,2.073104200763777,1.3093289689034382,0.04800000000000004,
510310,2024-12-09,3.709,3.712,3.739,3.689,4678914.0,,1.3462574044157194,-0.05385029617662304,-0.0019999999999997797,
510310,2024-12-10,3.869,3.741,3.869,3.731,6643558.0,,3.7176724137931125,0.7812499999999977,0.028999999999999915,
510310,2024-12-11,3.737,3.732,3.751,3.72,3871068.0,,0.8286554397219913,-0.240577385725739,-0.008999999999999897,
510310,2024-12-12,3.736,3.77,3.778,3.724,3134407.0,,1.446945337620574,1.0182207931404021,0.03799999999999981,
510310,2024-12-13,3.748,3.68,3.748,3.673,6485894.0,,1.9893899204244079,-2.3872679045092804,-0.08999999999999986,
510310,2024-12-16,3.678,3.657,3.681,3.646,2118907.0,,0.951086956521743,-0.6250000000000036,-0.02300000000000013,
510310,2024-12-17,3.647,3.666,3.702,3.647,3663066.0,,1.5039649986327635,0.2461033634126305,0.008999999999999897,
510310,2024-12-18,3.682,3.684,3.7,3.677,2364695.0,,0.6273867975995672,0.4909983633387954,0.018000000000000238,
510310,2024-12-19,3.661,3.691,3.699,3.642,2544892.0,,1.5472312703583044,0.19001085776329188,0.006999999999999673,
510310,2024-12-20,3.689,3.678,3.704,3.672,4008499.0,,0.8669737198591175,-0.3522080736927635,-0.0129999999999999,
510310,2024-12-23,3.677,3.684,3.715,3.675,4287125.0,,1.087547580206635,0.1631321370310013,0.006000000000000227,
510310,2024-12-24,3.682,3.728,3.735,3.682,4668209.0,,1.438653637350704,1.1943539630836058,0.04400000000000004,
510310,2024-12-25,3.73,3.729,3.751,3.713,3683827.0,,1.019313304721025,0.026824034334760993,0.0009999999999998899,
510310,2024-12-26,3.728,3.732,3.736,3.714,5694002.0,,0.5899705014749328,0.08045052292840207,0.0030000000000001137,
510310,2024-12-27,3.732,3.726,3.754,3.718,4903735.0,,0.9646302250803866,-0.1607717041800704,-0.006000000000000227,
510310,2024-12-30,3.725,3.743,3.751,3.725,5688341.0,,0.6977992485238809,0.45625335480407686,0.016999999999999904,
510310,2024-12-31,3.746,3.682,3.752,3.678,6333588.0,,1.9770237777184034,-1.6297087897408482,-0.06099999999999994,
510310,2025-01-02,3.681,3.572,3.685,3.549,5904672.0,,3.693644758283545,-2.987506789788155,-0.10999999999999988,
510310,2025-01-03,3.571,3.536,3.587,3.521,4671549.0,,1.8477043673012399,-1.0078387458006728,-0.03600000000000003,
510310,2025-01-06,3.529,3.519,3.541,3.493,3677486.0,,1.3574660633484175,-0.480769230769228,-0.016999999999999904,
510310,2025-01-07,3.518,3.545,3.547,3.507,2064402.0,,1.1366865586814445,0.7388462631429327,0.0259999999999998,
510310,2025-01-08,3.537,3.539,3.565,3.484,4185535.0,,2.284908321579689,-0.16925246826515608,-0.005999999999999783,
510310,2025-01-09,3.534,3.532,3.546,3.523,2353447.0,,0.6499011020062075,-0.19779598756711264,-0.007000000000000117,
510310,2025-01-10,3.531,3.493,3.541,3.491,2472788.0,,1.4156285390713426,-1.1041902604756553,-0.039000000000000146,
510310,2025-01-13,3.479,3.478,3.494,3.462,2145600.0,,0.9161179501860872,-0.4294302891497189,-0.01499999999999968,
510310,2025-01-14,3.479,3.572,3.582,3.477,5273890.0,,3.0189764232317415,2.7027027027026986,0.09399999999999986,
510310,2025-01-15,3.57,3.549,3.57,3.542,1491643.0,,0.78387458006719,-0.6438969764837663,-0.02300000000000013,
510310,2025-01-16,3.566,3.551,3.597,3.527,3383430.0,,1.9723865877711986,0.05635390250775497,0.002000000000000224,
510310,2025-01-17,3.545,3.563,3.587,3.534,2008126.0,,1.4925373134328463,0.33793297662630273,0.01200000000000001,
510310,2025-01-20,3.585,3.582,3.613,3.574,2347129.0,,1.0945832163906861,0.5332584900364772,0.018999999999999684,
510310,2025-01-21,3.601,3.585,3.607,3.568,2183025.0,,1.0887772194304899,0.08375209380234824,0.0030000000000001137,
510310,2025-01-22,3.579,3.553,3.581,3.534,2756542.0,,1.3110181311018174,-0.8926080892608098,-0.03200000000000003,
510310,2025-01-23,3.58,3.562,3.622,3.554,2984095.0,,1.913875598086126,0.2533070644525724,0.008999999999999897,
510310,2025-01-24,3.555,3.591,3.607,3.554,3711662.0,,1.4879281302639074,0.8141493542953497,0.02900000000000036,
510310,2025-01-27,3.6,3.575,3.607,3.574,4292317.0,,0.9189640768588238,-0.4455583402951828,-0.016000000000000014,
510310,2025-02-05,3.594,3.551,3.601,3.54,2675900.0,,1.7062937062937045,-0.6713286713286718,-0.02400000000000002,
510310,2025-02-06,3.548,3.596,3.603,3.546,2544859.0,,1.6051816389749471,1.267248662348632,0.04499999999999993,
510310,2025-02-07,3.596,3.65,3.675,3.589,5474239.0,,2.3915461624026655,1.5016685205784155,0.053999999999999826,
510310,2025-02-10,3.649,3.654,3.662,3.636,4279807.0,,0.7123287671232823,0.10958904109589052,0.0040000000000000036,
510310,2025-02-11,3.658,3.638,3.66,3.626,3677966.0,,0.930487137383696,-0.43787629994526583,-0.016000000000000014,
510310,2025-02-12,3.637,3.674,3.68,3.622,2841055.0,,1.5942825728422285,0.9895547003848277,0.03600000000000003,
510310,2025-02-13,3.671,3.666,3.694,3.66,4126834.0,,0.9254218835057106,-0.21774632553075687,-0.008000000000000007,
510310,2025-02-14,3.659,3.696,3.701,3.659,3506846.0,,1.1456628477905144,0.818330605564655,0.03000000000000025,
510310,2025-02-17,3.709,3.705,3.711,3.674,5059699.0,,1.001082251082249,0.24350649350649073,0.008999999999999897,
510310,2025-02-18,3.7,3.673,3.718,3.657,2808010.0,,1.6464237516869082,-0.8636977058029698,-0.03200000000000003,
510310,2025-02-19,3.673,3.694,3.701,3.662,2579075.0,,1.0618023414102953,0.5717397222978466,0.020999999999999908,
510310,2025-02-20,3.692,3.682,3.693,3.669,2900428.0,,0.6497022198159182,-0.3248511099079591,-0.01200000000000001,
510310,2025-02-21,3.691,3.733,3.739,3.68,3692716.0,,1.6023900054318228,1.3851167843563323,0.051000000000000156,
510310,2025-02-24,3.728,3.721,3.746,3.701,4600848.0,,1.2054647736405018,-0.32145727297080123,-0.01200000000000001,
510310,2025-02-25,3.696,3.682,3.71,3.668,4343291.0,,1.1287288363343138,-1.0481053480247284,-0.039000000000000146,
510310,2025-02-26,3.687,3.712,3.714,3.679,4080040.0,,0.950570342205327,0.8147745790331409,0.03000000000000025,
510310,2025-02-27,3.712,3.726,3.727,3.686,5664868.0,,1.1045258620689633,0.37715517241378743,0.01399999999999979,
510310,2025-02-28,3.711,3.655,3.724,3.643,5206869.0,,2.173913043478272,-1.9055287171229247,-0.07100000000000017,
510310,2025-03-03,3.656,3.644,3.688,3.626,4652186.0,,1.6963064295485712,-0.30095759233925246,-0.010999999999999677,
510310,2025-03-04,3.623,3.638,3.646,3.614,2547403.0,,0.8781558726673991,-0.16465422612514347,-0.006000000000000227,
510310,2025-03-05,3.64,3.657,3.66,3.63,5726947.0,,0.8246289169873626,0.5222649807586621,0.019000000000000128,
510310,2025-03-06,3.672,3.709,3.721,3.672,3678325.0,,1.3398960896910017,1.4219305441618826,0.052000000000000046,
510310,2025-03-07,3.7,3.698,3.721,3.69,4119183.0,,0.8358047991372375,-0.29657589646805393,-0.01100000000000012,
510310,2025-03-10,3.697,3.683,3.702,3.659,5590915.0,,1.1627906976744227,-0.40562466197945174,-0.015000000000000124,
510310,2025-03-11,3.658,3.693,3.695,3.649,7173570.0,,1.2489818083084394,0.27151778441488544,0.010000000000000231,
510310,2025-03-12,3.693,3.684,3.709,3.674,2284338.0,,0.9477389656106184,-0.24370430544272667,-0.008999999999999897,
510310,2025-03-13,3.681,3.666,3.693,3.651,2228350.0,,1.1400651465798115,-0.4885993485342084,-0.018000000000000238,
510310,2025-03-14,3.668,3.762,3.77,3.668,4916116.0,,2.7823240589198,2.6186579378068764,0.09600000000000009,
510310,2025-03-17,3.782,3.75,3.782,3.744,4181266.0,,1.010101010101005,-0.31897926634768764,-0.01200000000000001,
510310,2025-03-18,3.762,3.76,3.772,3.749,4282384.0,,0.6133333333333251,0.266666666666661,0.009999999999999787,
510310,2025-03-19,3.758,3.768,3.779,3.742,3028202.0,,0.9840425531914874,0.21276595744680873,0.008000000000000007,
510310,2025-03-20,3.763,3.733,3.765,3.725,2626079.0,,1.0615711252653937,-0.9288747346072107,-0.0349999999999997,
510310,2025-03-21,3.727,3.668,3.737,3.66,3446127.0,,2.0626841682293047,-1.7412268952585037,-0.06499999999999995,
510310,2025-03-24,3.671,3.69,3.693,3.661,2432881.0,,0.872410032715377,0.5997818974918157,0.021999999999999797,
510310,2025-03-25,3.689,3.69,3.698,3.677,2107754.0,,0.5691056910569081,0.0,0.0,
510310,2025-03-26,3.689,3.674,3.7,3.672,1517804.0,,0.7588075880758814,-0.43360433604336085,-0.016000000000000014,
510310,2025-03-27,3.671,3.688,3.711,3.658,2771168.0,,1.4425694066412613,0.38105606967883054,0.014000000000000234,
510310,2025-03-28,3.685,3.67,3.69,3.661,2385052.0,,0.78633405639913,-0.48806941431670925,-0.018000000000000238,
510310,2025-03-31,3.667,3.646,3.684,3.629,2285704.0,,1.4986376021798409,-0.6539509536784748,-0.02400000000000002,
510310,2025-04-01,3.649,3.643,3.663,3.638,1915736.0,,0.6856829402084452,-0.08228195282501684,-0.0030000000000001137,
510310,2025-04-02,3.643,3.64,3.658,3.634,1267482.0,,0.6587976942080709,-0.08234971177599971,-0.0029999999999996696,
510310,2025-04-03,3.606,3.62,3.642,3.599,4036599.0,,1.1813186813186731,-0.5494505494505499,-0.020000000000000018,
510310,2025-04-07,3.429,3.322,3.514,3.275,30298823.0,,6.602209944751378,-8.232044198895029,-0.29800000000000004,
510310,2025-04-08,3.343,3.401,3.411,3.337,40373493.0,,2.227573750752554,2.3780854906682642,0.07899999999999974,
510310,2025-04-09,3.372,3.44,3.448,3.35,6663176.0,,2.8815054395765913,1.1467215524845678,0.039000000000000146,
510310,2025-04-10,3.488,3.495,3.515,3.469,3680696.0,,1.337209302325589,1.5988372093023302,0.05500000000000016,
510310,2025-04-11,3.474,3.509,3.518,3.465,3843886.0,,1.5164520743919867,0.4005722460658023,0.01399999999999979,
510310,2025-04-14,3.52,3.517,3.532,3.51,4056757.0,,0.6269592476489098,0.2279851809632376,0.008000000000000007,
510310,2025-04-15,3.513,3.516,3.525,3.494,5668528.0,,0.8814330395223116,-0.028433323855555585,-0.0009999999999998899,
510310,2025-04-16,3.507,3.527,3.536,3.481,14079683.0,,1.5642775881683775,0.3128555176336781,0.01100000000000012,
510310,2025-04-17,3.508,3.531,3.538,3.508,5339117.0,,0.850581230507508,0.11341083073433522,0.0040000000000000036,
510310,2025-04-18,3.521,3.535,3.544,3.514,6302775.0,,0.8496176720475855,0.11328235627301059,0.0040000000000000036,
510310,2025-04-21,3.529,3.541,3.549,3.525,3329957.0,,0.6789250353606795,0.1697312588401636,0.005999999999999783,
510310,2025-04-22,3.538,3.544,3.559,3.538,1895088.0,,0.5930528099407046,0.08472182999153104,0.0030000000000001137,
510310,2025-04-23,3.557,3.55,3.568,3.541,1415169.0,,0.7618510158013582,0.16930022573362818,0.005999999999999783,
510310,2025-04-24,3.549,3.549,3.569,3.536,1404648.0,,0.92957746478873,-0.028169014084503945,-0.0009999999999998899,
510310,2025-04-25,3.55,3.548,3.564,3.54,2099878.0,,0.6762468300929846,-0.02817695125387123,-0.0009999999999998899,
510310,2025-04-28,3.546,3.543,3.552,3.532,1941298.0,,0.5636978579481403,-0.14092446448703194,-0.004999999999999893,
510310,2025-04-29,3.539,3.534,3.547,3.528,1700962.0,,0.5362686988427923,-0.2540220152413305,-0.009000000000000341,
510310,2025-04-30,3.536,3.531,3.552,3.529,1454962.0,,0.6508205998868175,-0.08488964346348811,-0.0029999999999996696,
510310,2025-05-06,3.553,3.569,3.572,3.544,2342846.0,,0.7929764939110739,1.076182384593594,0.03799999999999981,
510310,2025-05-07,3.613,3.592,3.631,3.575,2687931.0,,1.5690669655365537,0.6444382179882356,0.02300000000000013,
510310,2025-05-08,3.588,3.613,3.629,3.584,2069412.0,,1.252783964365254,0.5846325167037836,0.020999999999999908,
510310,2025-05-09,3.613,3.609,3.613,3.596,2197892.0,,0.4705231109880959,-0.11071132023249387,-0.0040000000000000036,
510310,2025-05-12,3.626,3.651,3.654,3.621,1864661.0,,0.9143807148794657,1.1637572734829542,0.041999999999999815,
510310,2025-05-13,3.674,3.657,3.676,3.649,2373469.0,,0.7395234182415814,0.1643385373870235,0.006000000000000227,
510310,2025-05-14,3.656,3.703,3.723,3.653,3546397.0,,1.9141372709871436,1.2578616352201208,0.04599999999999982,
510310,2025-05-15,3.695,3.671,3.699,3.665,2190205.0,,0.9181744531460926,-0.8641641911963281,-0.03200000000000003,
510310,2025-05-16,3.665,3.651,3.669,3.638,2173144.0,,0.8444565513484101,-0.544810678289295,-0.020000000000000018,
510310,2025-05-19,3.649,3.645,3.649,3.628,1337635.0,,0.5751848808545579,-0.16433853738701132,-0.005999999999999783,
510310,2025-05-20,3.643,3.664,3.677,3.642,1604147.0,,0.9602194787380012,0.5212620027434878,0.019000000000000128,
510310,2025-05-21,3.664,3.682,3.693,3.663,1655404.0,,0.818777292576426,0.4912663755458459,0.017999999999999794,
510310,2025-05-22,3.676,3.678,3.687,3.664,1725346.0,,0.6246605105920611,-0.10863661053775132,-0.0040000000000000036,
510310,2025-05-23,3.676,3.65,3.698,3.647,2441391.0,,1.3866231647634626,-0.7612833061446446,-0.028000000000000025,
510310,2025-05-26,3.648,3.631,3.654,3.618,1244337.0,,0.9863013698630145,-0.520547945205483,-0.019000000000000128,
510310,2025-05-27,3.631,3.609,3.633,3.602,933798.0,,0.8537592949600701,-0.6058936931974607,-0.021999999999999797,
510310,2025-05-28,3.616,3.606,3.619,3.602,1001811.0,,0.4710446106954932,-0.08312551953450023,-0.0030000000000001137,
510310,2025-05-29,3.612,3.627,3.642,3.603,2512086.0,,1.0815307820299418,0.5823627287853552,0.020999999999999908,
510310,2025-05-30,3.623,3.621,3.626,3.596,2033902.0,,0.8271298593879185,-0.16542597187757882,-0.005999999999999783,
510310,2025-06-03,3.61,3.62,3.635,3.603,1314456.0,,0.8837337752002095,-0.027616680475003864,-0.0009999999999998899,
510310,2025-06-04,3.626,3.636,3.648,3.623,1851611.0,,0.6906077348066274,0.44198895027624346,0.016000000000000014,
510310,2025-06-05,3.641,3.646,3.656,3.629,1951641.0,,0.7425742574257462,0.27502750275026916,0.009999999999999787,
510310,2025-06-06,3.649,3.648,3.661,3.64,1489409.0,,0.5759736697750935,0.05485463521668195,0.002000000000000224,
510310,2025-06-09,3.648,3.656,3.671,3.647,1851106.0,,0.6578947368421059,0.2192982456140353,0.008000000000000007,
510310,2025-06-10,3.656,3.635,3.666,3.622,2600416.0,,1.2035010940919049,-0.5743982494529637,-0.02100000000000035,
510310,2025-06-11,3.636,3.664,3.685,3.636,2499004.0,,1.348005502063272,0.7977991746905189,0.02900000000000036,
510310,2025-06-12,3.664,3.667,3.674,3.643,2620225.0,,0.8460698689956369,0.0818777292576329,0.0029999999999996696,
510310,2025-06-13,3.658,3.644,3.663,3.629,2693320.0,,0.9271884374147752,-0.6272157076629312,-0.022999999999999687,
510310,2025-06-16,3.639,3.652,3.656,3.633,1310689.0,,0.6311745334796962,0.21953896816684978,0.008000000000000007,
510310,2025-06-17,3.653,3.65,3.658,3.636,1465131.0,,0.6024096385542113,-0.05476451259584402,-0.002000000000000224,
510310,2025-06-18,3.647,3.654,3.659,3.632,1590511.0,,0.7397260273972518,0.10958904109589052,0.0040000000000000036,
510310,2025-06-19,3.648,3.624,3.649,3.614,2197212.0,,0.9578544061302721,-0.8210180623973674,-0.029999999999999805,
510310,2025-06-20,3.618,3.628,3.638,3.618,1177295.0,,0.5518763796909497,0.11037527593818994,0.0040000000000000036,
510310,2025-06-23,3.619,3.643,3.652,3.613,1870906.0,,1.0749724366041937,0.41345093715544873,0.01499999999999968,
510310,2025-06-24,3.647,3.685,3.7,3.647,3091271.0,,1.4548449080428323,1.1528959648641302,0.04200000000000026,
510310,2025-06-25,3.691,3.748,3.752,3.685,3479519.0,,1.8181818181818108,1.7096336499321618,0.06300000000000017,
510310,2025-06-26,3.747,3.735,3.752,3.734,4134117.0,,0.48025613660618444,-0.34685165421559083,-0.013000000000000345,
510310,2025-06-27,3.736,3.711,3.761,3.707,4004740.0,,1.4457831325301278,-0.6425702811244987,-0.02400000000000002,
510310,2025-06-30,3.711,3.732,3.734,3.705,4219207.0,,0.7814605227701406,0.565885206143906,0.02100000000000035,
510310,2025-07-01,3.731,3.737,3.742,3.719,977131.0,,0.61629153269025,0.13397642015005073,0.004999999999999893,
510310,2025-07-02,3.733,3.743,3.747,3.725,1673232.0,,0.5887075194005833,0.16055659620015478,0.005999999999999783,
510310,2025-07-03,3.74,3.764,3.768,3.739,1127749.0,,0.7747795885653197,0.5610472882714376,0.020999999999999908,
510310,2025-07-04,3.754,3.78,3.812,3.753,2508567.0,,1.5674814027630106,0.4250797024442087,0.016000000000000014,
510310,2025-07-07,3.777,3.762,3.778,3.753,2220320.0,,0.6613756613756591,-0.4761904761904708,-0.017999999999999794,
510310,2025-07-08,3.758,3.795,3.803,3.755,1966268.0,,1.2759170653907506,0.8771929824561382,0.03299999999999992,
510310,2025-07-09,3.794,3.793,3.817,3.788,2336383.0,,0.7641633728590346,-0.052700922266133855,-0.0019999999999997797,
510310,2025-07-10,3.793,3.811,3.836,3.792,2670015.0,,1.1600316372264707,0.4745583970471867,0.017999999999999794,
510310,2025-07-11,3.812,3.827,3.876,3.812,3144251.0,,1.6793492521647877,0.4198373130411969,0.016000000000000014,
510310,2025-07-14,3.825,3.824,3.84,3.819,2325160.0,,0.5487326887901727,-0.07839038411288513,-0.0030000000000001137,
510310,2025-07-15,3.828,3.825,3.85,3.801,2306304.0,,1.2813807531380736,0.026150627615071496,0.001000000000000334,
510310,2025-07-16,3.825,3.815,3.839,3.802,1207505.0,,0.9673202614379064,-0.26143790849673804,-0.010000000000000231,
510310,2025-07-17,3.816,3.847,3.848,3.815,1911331.0,,0.8650065530799455,0.838794233289647,0.03200000000000003,
510310,2025-07-18,3.853,3.877,3.882,3.852,2483386.0,,0.7798284377437028,0.7798284377436914,0.029999999999999805,
510310,2025-07-21,3.88,3.904,3.908,3.88,2704614.0,,0.7222078927005424,0.6964147536755259,0.027000000000000135,
510310,2025-07-22,3.904,3.945,3.946,3.888,2343923.0,,1.485655737704925,1.0502049180327848,0.040999999999999925,
510310,2025-07-23,3.95,3.942,3.978,3.933,2352822.0,,1.1406844106463974,-0.07604562737641749,-0.0029999999999996696,
510310,2025-07-24,3.937,3.967,3.972,3.934,1935043.0,,0.9639776763064387,0.6341958396752895,0.02499999999999991,
510310,2025-07-25,3.966,3.947,3.967,3.935,2530072.0,,0.8066549029493327,-0.5041593143433329,-0.020000000000000018,
510310,2025-07-28,3.946,3.958,3.966,3.93,2683703.0,,0.9120851279452757,0.2786926779832815,0.01100000000000012,
510310,2025-07-29,3.948,3.978,3.978,3.937,2485224.0,,1.0358767054067803,0.505305709954523,0.020000000000000018,
510310,2025-07-30,3.975,3.974,4.008,3.949,2257860.0,,1.4831573655103107,-0.10055304172951239,-0.0040000000000000036,
510310,2025-07-31,3.96,3.901,3.965,3.885,2884641.0,,2.0130850528434845,-1.8369401107196877,-0.0730000000000004,
510310,2025-08-01,3.894,3.884,3.909,3.863,1339631.0,,1.1791848244039944,-0.4357856959753885,-0.016999999999999904,
510310,2025-08-04,3.875,3.896,3.899,3.863,768580.0,,0.9268795056642645,0.3089598352214215,0.01200000000000001,
510310,2025-08-05,3.902,3.928,3.929,3.897,1349172.0,,0.8213552361396311,0.8213552361396311,0.03200000000000003,
510310,2025-08-06,3.928,3.937,3.942,3.92,1689041.0,,0.5600814663951181,0.22912423625254322,0.008999999999999897,
510310,2025-08-07,3.938,3.937,3.952,3.915,1656066.0,,0.9398018796037572,0.0,0.0,
510310,2025-08-08,3.93,3.927,3.944,3.919,1414491.0,,0.6350012700025377,-0.2540005080010106,-0.009999999999999787,
510310,2025-08-11,3.929,3.956,3.961,3.927,1832367.0,,0.8658008658008609,0.7384772090654422,0.028999999999999915,
510310,2025-08-12,3.949,3.972,3.981,3.943,1676016.0,,0.9605662285136454,0.4044489383215373,0.016000000000000014,
510310,2025-08-13,3.975,4.005,4.014,3.971,2473590.0,,1.0825780463242736,0.8308157099697865,0.03299999999999992,
510310,2025-08-14,4.005,4.002,4.045,3.99,1967157.0,,1.3732833957552988,-0.07490636704120135,-0.0030000000000001137,
510310,2025-08-15,3.99,4.034,4.044,3.983,2026345.0,,1.524237881059458,0.7996001999000506,0.03200000000000003,
510310,2025-08-18,4.036,4.065,4.098,4.025,2358889.0,,1.8096182449181832,0.7684680218145906,0.031000000000000583,
510310,2025-08-19,4.069,4.044,4.085,4.036,2060193.0,,1.2054120541205504,-0.51660516605168,-0.021000000000000796,
510310,2025-08-20,4.033,4.101,4.102,4.012,2677782.0,,2.2255192878338463,1.409495548961434,0.057000000000000384,
510310,2025-08-21,4.104,4.114,4.131,4.097,2571885.0,,0.8290660814435457,0.31699585466959035,0.0129999999999999,
510310,2025-08-22,4.114,4.213,4.215,4.112,2316659.0,,2.5036460865337813,2.40641711229947,0.0990000000000002,
510310,2025-08-25,4.236,4.296,4.302,4.232,3630673.0,,1.6615238547353286,1.9700925706147683,0.08300000000000018,
510310,2025-08-26,4.288,4.274,4.303,4.258,2585167.0,,1.0474860335195513,-0.5121042830540093,-0.02200000000000024,
510310,2025-08-27,4.274,4.211,4.317,4.207,2613903.0,,2.573701450631734,-1.474029012634528,-0.06299999999999972,
510310,2025-08-28,4.202,4.287,4.289,4.185,4364540.0,,2.4697221562574234,1.8047969603419522,0.07599999999999962,
510310,2025-08-29,4.285,4.331,4.343,4.272,2794462.0,,1.6561698157219438,1.0263587590389662,0.04400000000000048,
510310,2025-09-01,4.331,4.348,4.352,4.309,2153101.0,,0.9928422996998417,0.3925190487185283,0.01699999999999946,
510310,2025-09-02,4.348,4.317,4.369,4.282,1839037.0,,2.0009199632014663,-0.7129714811407474,-0.030999999999999694,
510310,2025-09-03,4.318,4.277,4.333,4.255,1884846.0,,1.80681028492009,-0.9265693768820948,-0.040000000000000036,
510310,2025-09-04,4.279,4.189,4.286,4.147,2789723.0,,3.2499415478138727,-2.0575169511339744,-0.08800000000000008,
510310,2025-09-05,4.184,4.287,4.296,4.175,2023538.0,,2.888517545953699,2.339460491764141,0.09799999999999986,
510310,2025-09-08,4.287,4.289,4.304,4.257,1724607.0,,1.0963377653370794,0.04665267086540191,0.0019999999999997797,
510310,2025-09-09,4.281,4.261,4.294,4.236,2287982.0,,1.3522965726276484,-0.6528328281650637,-0.02799999999999958,
510310,2025-09-10,4.254,4.27,4.294,4.241,1360540.0,,1.2438394743018055,0.21121802393802985,0.008999999999999453,
510310,2025-09-11,4.256,4.387,4.391,4.249,2105015.0,,3.3255269320843177,2.740046838407494,0.11699999999999999,
510310,2025-09-12,4.391,4.348,4.391,4.343,1593541.0,,1.0941417825393218,-0.8889901983131913,-0.0389999999999997,
510310,2025-09-15,4.348,4.356,4.389,4.345,2125705.0,,1.0119595216191464,0.1839926402943884,0.008000000000000007,
510310,2025-09-16,4.357,4.349,4.38,4.32,1320820.0,,1.3774104683195503,-0.16069788797060774,-0.006999999999999673,
510310,2025-09-17,4.348,4.379,4.386,4.328,1504631.0,,1.333639917222346,0.6898137502874077,0.02999999999999936,
510310,2025-09-18,4.378,4.331,4.403,4.282,2535544.0,,2.7631879424526047,-1.096140671386142,-0.047999999999999154,
510310,2025-09-19,4.324,4.336,4.36,4.316,1683513.0,,1.0159316555068223,0.11544677903486246,0.004999999999999893,
510310,2025-09-22,4.326,4.349,4.35,4.313,2635226.0,,0.8533210332103303,0.2998154981549792,0.0129999999999999,
510310,2025-09-23,4.366,4.349,4.384,4.29,2081925.0,,2.161416417567264,0.0,0.0,
510310,2025-09-24,4.329,4.388,4.391,4.327,1970636.0,,1.4716026672798357,0.8967578753736423,0.0389999999999997,
510310,2025-09-25,4.388,4.418,4.442,4.383,1978626.0,,1.3445761166818635,0.6836827711941715,0.03000000000000025,
510310,2025-09-26,4.401,4.377,4.424,4.376,1262811.0,,1.0864644635581722,-0.9280217292892795,-0.04100000000000037,
510310,2025-09-29,4.373,4.452,4.478,4.368,2940103.0,,2.513136851724913,1.7135023989033624,0.07500000000000018,
510310,2025-09-30,4.454,4.466,4.474,4.444,1528481.0,,0.6738544474393587,0.3144654088050367,0.014000000000000234,
510310,2025-10-09,4.473,4.535,4.556,4.473,1687346.0,,1.8584863412449661,1.5450067174205093,0.06899999999999995,
510310,2025-10-10,4.526,4.446,4.526,4.431,2154632.0,,2.094818081587646,-1.9625137816979141,-0.08900000000000041,
510310,2025-10-13,4.29,4.419,4.433,4.29,4395613.0,,3.2163742690058434,-0.6072874493927156,-0.027000000000000135,
510310,2025-10-14,4.446,4.373,4.468,4.351,2185894.0,,2.6476578411405294,-1.040959493097972,-0.045999999999999375,
510310,2025-10-15,4.37,4.434,4.442,4.359,1673160.0,,1.8980105190944472,1.3949233935513363,0.06099999999999994,
510310,2025-10-16,4.416,4.447,4.473,4.416,1781987.0,,1.285520974289569,0.29318899413621785,0.0129999999999999,
510310,2025-10-17,4.444,4.36,4.45,4.342,1977904.0,,2.4286035529570618,-1.9563750843265064,-0.08699999999999974,
510310,2025-10-20,4.383,4.367,4.405,4.351,1365283.0,,1.2385321100917492,0.16055045871558882,0.006999999999999673,
510310,2025-10-21,4.381,4.439,4.447,4.38,2392701.0,,1.5342340279368027,1.6487291046485015,0.07200000000000006,
510310,2025-10-22,4.422,4.42,4.433,4.395,1545730.0,,0.8560486596080256,-0.4280243298040128,-0.019000000000000128,
510310,2025-10-23,4.403,4.438,4.444,4.371,1699702.0,,1.6515837104072288,0.4072398190045202,0.017999999999999794,
510310,2025-10-24,4.452,4.493,4.494,4.448,1618759.0,,1.0365029292473948,1.2392969806219154,0.055000000000000604,
510310,2025-10-27,4.525,4.547,4.551,4.513,1540223.0,,0.8457600712219064,1.201869574894266,0.05399999999999938,
510310,2025-10-28,4.535,4.524,4.57,4.515,1117993.0,,1.2095887398284717,-0.5058280184737121,-0.022999999999999687,
510310,2025-10-29,4.53,4.584,4.584,4.53,1669423.0,,1.1936339522546282,1.3262599469495935,0.05999999999999961,
510310,2025-10-30,4.584,4.545,4.594,4.54,1437288.0,,1.1780104712041943,-0.8507853403141298,-0.0389999999999997,
510310,2025-10-31,4.544,4.482,4.551,4.481,2113007.0,,1.5401540154015463,-1.38613861386138,-0.06299999999999972,
510310,2025-11-03,4.471,4.488,4.491,4.432,1659746.0,,1.3163766175814207,0.13386880856760883,0.006000000000000227,
510310,2025-11-04,4.486,4.455,4.498,4.433,3189250.0,,1.4483065953654275,-0.7352941176470668,-0.03300000000000036,
510310,2025-11-05,4.41,4.462,4.477,4.398,2039442.0,,1.7732884399551205,0.1571268237934831,0.006999999999999673,
510310,2025-11-06,4.468,4.528,4.537,4.466,1470074.0,,1.591214701927381,1.4791573285522153,0.06599999999999984,
510310,2025-11-07,4.507,4.518,4.535,4.498,1213800.0,,0.8171378091872775,-0.2208480565370978,-0.009999999999999787,
510310,2025-11-10,4.519,4.53,4.536,4.489,1012632.0,,1.0402833111996395,0.2656042496680048,0.012000000000000455,
510310,2025-11-11,4.535,4.487,4.546,4.482,1524167.0,,1.4128035320088312,-0.949227373068436,-0.04300000000000015,
510310,2025-11-12,4.486,4.49,4.507,4.454,1578519.0,,1.1811901047470457,0.06685981724983538,0.0030000000000001137,
510310,2025-11-13,4.483,4.536,4.538,4.478,2190955.0,,1.3363028953229508,1.02449888641424,0.045999999999999375,
510310,2025-11-14,4.512,4.464,4.519,4.462,1928020.0,,1.2566137566137652,-1.5873015873015692,-0.07199999999999918,
510310,2025-11-17,4.456,4.437,4.462,4.417,1888038.0,,1.0080645161290305,-0.6048387096774223,-0.027000000000000135,
510310,2025-11-18,4.426,4.41,4.445,4.394,1644122.0,,1.1494252873563253,-0.6085192697768793,-0.027000000000000135,
510310,2025-11-19,4.41,4.429,4.445,4.408,1397883.0,,0.8390022675736944,0.43083900226757654,0.019000000000000128,
510310,2025-11-20,4.447,4.405,4.455,4.401,1605063.0,,1.2192368480469693,-0.5418830435764286,-0.02400000000000002,
510310,2025-11-21,4.374,4.299,4.382,4.295,3345242.0,,1.9750283768444887,-2.406356413166853,-0.10599999999999987,
510310,2025-11-24,4.304,4.294,4.317,4.266,4327603.0,,1.1863224005582729,-0.11630611770180929,-0.005000000000000782,
510310,2025-11-25,4.31,4.329,4.355,4.309,2018099.0,,1.0712622263623723,0.8150908244061514,0.03500000000000014,
510310,2025-11-26,4.332,4.36,4.376,4.325,1965103.0,,1.1781011781011819,0.7161007161007296,0.031000000000000583,
510310,2025-11-27,4.361,4.351,4.403,4.348,1427169.0,,1.26146788990825,-0.20642201834863166,-0.009000000000000341,
510310,2025-11-28,4.352,4.366,4.372,4.333,809361.0,,0.8963456676625995,0.3447483337163797,0.01499999999999968,
510310,2025-12-01,4.372,4.415,4.416,4.369,962827.0,,1.0765002290426156,1.1223087494274022,0.04900000000000038,
510310,2025-12-02,4.412,4.395,4.414,4.379,988298.0,,0.792751981879958,-0.4530011325028417,-0.020000000000000462,
510310,2025-12-03,4.395,4.375,4.413,4.361,1057726.0,,1.1831626848691807,-0.4550625711035171,-0.019999999999999574,
510310,2025-12-04,4.374,4.387,4.4,4.358,1394404.0,,0.9600000000000161,0.2742857142857044,0.011999999999999567,
510310,2025-12-05,4.387,4.424,4.437,4.375,1738123.0,,1.4132664691132957,0.8434009573740784,0.03700000000000081,
510310,2025-12-08,4.439,4.459,4.481,4.437,2538185.0,,0.9945750452079474,0.7911392405063121,0.034999999999999254,
510310,2025-12-09,4.457,4.435,4.467,4.421,1860583.0,,1.0316214397846912,-0.5382372729311511,-0.02400000000000002,
510310,2025-12-10,4.431,4.428,4.439,4.387,1356993.0,,1.172491544532142,-0.15783540022547177,-0.006999999999999673,
510310,2025-12-11,4.435,4.398,4.449,4.391,989558.0,,1.3098464317976475,-0.6775067750677563,-0.03000000000000025,
510310,2025-12-12,4.4,4.421,4.429,4.378,1498869.0,,1.1596180081855425,0.5229649840836875,0.023000000000000576,
510310,2025-12-15,4.4,4.395,4.44,4.394,1864114.0,,1.040488577244973,-0.5881022393123883,-0.02600000000000069,
510310,2025-12-16,4.39,4.349,4.395,4.331,2627357.0,,1.4562002275312669,-1.0466439135380974,-0.045999999999999375,
510310,2025-12-17,4.353,4.424,4.44,4.344,2603143.0,,2.2074040009197535,1.7245343757185598,0.07500000000000018,
510310,2025-12-18,4.412,4.395,4.419,4.389,1609865.0,,0.6781193490054105,-0.6555153707052622,-0.029000000000000803,
510310,2025-12-19,4.401,4.416,4.44,4.393,1981862.0,,1.0693970420933014,0.4778156996587212,0.021000000000000796,
510310,2025-12-22,4.427,4.458,4.46,4.427,2738531.0,,0.7472826086956603,0.9510869565217348,0.041999999999999815,
510310,2025-12-23,4.458,4.464,4.489,4.452,2654526.0,,0.8299685957828604,0.13458950201884762,0.006000000000000227,
510310,2025-12-24,4.461,4.484,4.489,4.45,1841638.0,,0.8736559139784877,0.4480286738351159,0.019999999999999574,
510310,2025-12-25,4.476,4.488,4.5,4.468,2187747.0,,0.7136485280999114,0.08920606601249882,0.004000000000000448,
510310,2025-12-26,4.489,4.507,4.525,4.48,2466691.0,,1.002673796791442,0.4233511586452593,0.01899999999999924,
510310,2025-12-29,4.507,4.485,4.515,4.475,3637477.0,,0.8875083203905044,-0.4881295762147627,-0.021999999999999353,
510310,2025-12-30,4.469,4.496,4.515,4.465,2438952.0,,1.1148272017837195,0.24526198439242183,0.01100000000000012,
510310,2025-12-31,4.496,4.479,4.513,4.466,2581857.0,,1.0453736654804204,-0.3781138790035664,-0.017000000000000348,
510310,2026-01-05,4.509,4.565,4.57,4.504,2470868.0,,1.4735432016075178,1.9200714445188722,0.0860000000000003,
510310,2026-01-06,4.569,4.639,4.64,4.565,2526101.0,,1.6429353778751214,1.6210295728367983,0.07399999999999984,
510310,2026-01-07,4.642,4.62,4.645,4.595,1938798.0,,1.0778184953653764,-0.40957102823884733,-0.019000000000000128,
510310,2026-01-08,4.609,4.582,4.612,4.562,2285403.0,,1.0822510822510785,-0.8225108225108281,-0.038000000000000256,
510310,2026-01-09,4.579,4.605,4.621,4.566,1974315.0,,1.2003491924923746,0.5019642077695455,0.023000000000000576,
510310,2026-01-12,4.609,4.633,4.645,4.58,2786395.0,,1.4115092290987947,0.6080347448425533,0.02799999999999958,
510310,2026-01-13,4.64,4.61,4.683,4.596,2019464.0,,1.877832937621406,-0.4964385927045044,-0.022999999999999687,
510310,2026-01-14,4.609,4.586,4.665,4.559,4463632.0,,2.2993492407809084,-0.5206073752711501,-0.02400000000000002,
510310,2026-01-15,4.569,4.596,4.613,4.563,15841256.0,,1.090274749236823,0.21805494984735688,0.009999999999999787,
510310,2026-01-16,4.619,4.586,4.638,4.56,18733379.0,,1.697127937336821,-0.21758050478676647,-0.009999999999999787,
510310,2026-01-19,4.578,4.581,4.613,4.562,14194485.0,,1.1120802442215472,-0.10902747492367844,-0.004999999999999893,
510310,2026-01-20,4.586,4.569,4.594,4.534,15937235.0,,1.3097576948264678,-0.2619515389653013,-0.012000000000000455,
510310,2026-01-21,4.548,4.572,4.607,4.548,32559376.0,,1.2913110089735207,0.06565988181221523,0.0030000000000001137,
510310,2026-01-22,4.58,4.569,4.604,4.547,35732039.0,,1.2467191601049952,-0.06561679790026495,-0.0030000000000001137,
510310,2026-01-23,4.57,4.548,4.586,4.494,69584879.0,,2.013569708907869,-0.4596191726854872,-0.020999999999999908,
510310,2026-01-26,4.551,4.558,4.604,4.539,49739651.0,,1.4291996481970182,0.2198768689533814,0.009999999999999787,
510310,2026-01-27,4.554,4.554,4.585,4.524,29734109.0,,1.3383062746818768,-0.08775778850372004,-0.0039999999999995595,
510310,2026-01-28,4.567,4.567,4.587,4.549,70023825.0,,0.8344312692138639,0.2854633289415876,0.0129999999999999,
510310,2026-01-29,4.569,4.611,4.622,4.548,23716302.0,,1.6203196846945445,0.9634333260345872,0.043999999999999595,
510310,2026-01-30,4.574,4.554,4.601,4.488,4691328.0,,2.4506614617219595,-1.2361743656473543,-0.056999999999999496,
510310,2026-02-02,4.516,4.455,4.564,4.439,7072412.0,,2.7448397013614403,-2.173913043478265,-0.0990000000000002,
510310,2026-02-03,4.479,4.512,4.515,4.43,2633049.0,,1.9079685746352406,1.279461279461268,0.056999999999999496,
510310,2026-02-04,4.5,4.553,4.556,4.491,1965016.0,,1.4406028368794415,0.9086879432624196,0.04100000000000037,
510310,2026-02-05,4.526,4.523,4.541,4.491,1933978.0,,1.0981770261366288,-0.6589062156819734,-0.03000000000000025,
510310,2026-02-06,4.485,4.496,4.536,4.458,3014531.0,,1.724519124474893,-0.5969489277028355,-0.026999999999999247,
510310,2026-02-09,4.533,4.571,4.575,4.533,1159291.0,,0.9341637010676115,1.6681494661921548,0.07499999999999929,
510310,2026-02-10,4.573,4.579,4.583,4.566,1379716.0,,0.3719098665499967,0.1750164077882303,0.008000000000000007,
510310,2026-02-11,4.569,4.569,4.578,4.559,843787.0,,0.4149377593361024,-0.2183882943874162,-0.009999999999999787,
510310,2026-02-12,4.573,4.572,4.581,4.561,1155049.0,,0.4377325454147617,0.06565988181221523,0.0030000000000001137,
510310,2026-02-13,4.554,4.522,4.558,4.515,2567411.0,,0.9405074365704319,-1.0936132983377038,-0.04999999999999982,
510310,2026-02-24,4.57,4.562,4.578,4.552,1108320.0,,0.574966828836813,0.8845643520566129,0.040000000000000036,
510310,2026-02-25,4.563,4.589,4.622,4.563,1925093.0,,1.2932924156071934,0.5918456817185475,0.027000000000000135,
510310,2026-02-26,4.598,4.581,4.598,4.559,2350743.0,,0.8498583569405034,-0.17432991937241243,-0.008000000000000007,
510310,2026-02-27,4.557,4.571,4.58,4.545,2088708.0,,0.764025321982103,-0.21829294913775754,-0.010000000000000675,
510310,2026-03-02,4.542,4.584,4.589,4.523,2300529.0,,1.4438853642529146,0.2844016626558718,0.0129999999999999,
510310,2026-03-03,4.584,4.527,4.597,4.512,2575926.0,,1.8542757417103155,-1.243455497382188,-0.056999999999999496,
510310,2026-03-04,4.491,4.46,4.497,4.438,1440630.0,,1.3032913629335137,-1.4800088358736507,-0.06700000000000017,
510310,2026-03-05,4.5,4.503,4.527,4.486,1288274.0,,0.9192825112107706,0.9641255605381199,0.04300000000000015,
510310,2026-03-06,4.484,4.518,4.529,4.474,874154.0,,1.221407950255379,0.3331112591605525,0.01499999999999968,
510310,2026-03-09,4.467,4.475,4.487,4.412,1379816.0,,1.6600265604249709,-0.9517485613103177,-0.04300000000000015,
510310,2026-03-10,4.494,4.53,4.538,4.494,1491966.0,,0.9832402234636981,1.2290502793296225,0.055000000000000604,
510310,2026-03-11,4.531,4.558,4.566,4.529,1062076.0,,0.8167770419426031,0.6181015452538539,0.02799999999999958,
510310,2026-03-12,4.549,4.543,4.557,4.51,883339.0,,1.0311540149188372,-0.3290917068889794,-0.01499999999999968,
510310,2026-03-13,4.519,4.53,4.564,4.516,462811.0,,1.0565705480959726,-0.28615452344265685,-0.0129999999999999,
510310,2026-03-16,4.528,4.526,4.534,4.484,847893.0,,1.1037527593818945,-0.08830022075056175,-0.004000000000000448,
510310,2026-03-17,4.526,4.499,4.578,4.491,1799822.0,,1.922227132125511,-0.5965532479010194,-0.027000000000000135,
510310,2026-03-18,4.501,4.512,4.518,4.465,1672288.0,,1.1780395643476316,0.28895310068903984,0.0129999999999999,
510310,2026-03-19,4.469,4.448,4.492,4.43,2146921.0,,1.3741134751773112,-1.4184397163120386,-0.06399999999999917,
510310,2026-03-20,4.45,4.432,4.485,4.425,1050897.0,,1.3489208633093637,-0.3597122302158276,-0.016000000000000014,
510310,2026-03-23,4.395,4.288,4.395,4.266,3218576.0,,2.9106498194945747,-3.2490974729241904,-0.14400000000000013,
510310,2026-03-24,4.342,4.332,4.342,4.262,1645173.0,,1.8656716417910464,1.026119402985065,0.043999999999999595,
510310,2026-03-25,4.36,4.395,4.404,4.358,1536090.0,,1.061865189289018,1.454293628808858,0.06299999999999972,
510310,2026-03-26,4.39,4.343,4.4,4.332,1273537.0,,1.5472127417520025,-1.1831626848691605,-0.0519999999999996,
510310,2026-03-27,4.31,4.363,4.383,4.3,1585297.0,,1.911121344692613,0.46051116739582004,0.020000000000000462,
510310,2026-03-30,4.316,4.357,4.359,4.31,1073881.0,,1.1230804492321882,-0.1375200550080272,-0.006000000000000227,
510310,2026-03-31,4.353,4.318,4.382,4.316,1617819.0,,1.5148037640578342,-0.8951113151250997,-0.03900000000000059,
510310,2026-04-01,4.37,4.386,4.394,4.355,1333527.0,,0.9031959240389001,1.574803149606311,0.0680000000000005,
510310,2026-04-02,4.379,4.342,4.379,4.325,1106768.0,,1.231190150478782,-1.0031919744642153,-0.04400000000000048,
510310,2026-04-03,4.343,4.309,4.357,4.3,676793.0,,1.3127590971902439,-0.7600184246890713,-0.032999999999999474,
510310,2026-04-07,4.31,4.303,4.325,4.285,1092884.0,,0.9282896263634263,-0.13924344395451907,-0.006000000000000227,
510310,2026-04-08,4.365,4.455,4.457,4.365,3084470.0,,2.1380432256565105,3.532419242389034,0.15200000000000014,
510310,2026-04-09,4.426,4.423,4.436,4.41,1282458.0,,0.5836139169472458,-0.7182940516273856,-0.03200000000000003,
510310,2026-04-10,4.44,4.49,4.514,4.44,2669113.0,,1.673072575175217,1.5148089531991897,0.06700000000000017,
510310,2026-04-13,4.473,4.505,4.51,4.47,1041286.0,,0.8908685968819607,0.3340757238307278,0.01499999999999968,
510310,2026-04-14,4.525,4.56,4.561,4.515,1354887.0,,1.021087680355167,1.220865704772469,0.054999999999999716,
510310,2026-04-15,4.579,4.541,4.59,4.534,1332797.0,,1.2280701754385976,-0.41666666666665003,-0.01899999999999924,
510310,2026-04-16,4.546,4.591,4.593,4.546,1743001.0,,1.0350143140277406,1.1010790574763227,0.04999999999999982,
510310,2026-04-17,4.586,4.586,4.596,4.57,1500313.0,,0.5663254192986235,-0.108908734480503,-0.004999999999999893,
510310,2026-04-20,4.583,4.612,4.622,4.572,1376906.0,,1.0902747492368037,0.5669428696031357,0.0259999999999998,
510310,2026-04-21,4.606,4.622,4.631,4.577,1852583.0,,1.1708586296617578,0.2168256721595791,0.009999999999999787,
510310,2026-04-22,4.61,4.658,4.665,4.604,1935007.0,,1.319774989182171,0.7788836001730957,0.036000000000000476,
510310,2026-04-23,4.66,4.647,4.678,4.616,3118040.0,,1.331043366251616,-0.23615285530270758,-0.01100000000000012,
510310,2026-04-24,4.629,4.627,4.644,4.596,1429489.0,,1.0329244673983222,-0.4303851947493106,-0.020000000000000462,
510310,2026-04-27,4.628,4.625,4.653,4.619,2968781.0,,0.7348173762697171,-0.04322455154527296,-0.0019999999999997797,
510310,2026-04-28,4.61,4.616,4.636,4.602,2803130.0,,0.735135135135131,-0.194594594594602,-0.009000000000000341,
510310,2026-04-29,4.607,4.665,4.671,4.603,4348931.0,,1.4731369150780005,1.0615251299826771,0.04900000000000038,
510310,2026-04-30,4.667,4.67,4.685,4.652,5504528.0,,0.7073954983922717,0.1071811361200406,0.004999999999999893,
510310,2026-05-06,4.7,4.731,4.753,4.696,7866968.0,,1.220556745182021,1.3062098501070651,0.06099999999999994,
510310,2026-05-07,4.745,4.755,4.757,4.721,5636196.0,,0.760938490805318,0.5072923272035514,0.02400000000000002,
510310,2026-05-08,4.739,4.729,4.744,4.705,6137492.0,,0.8201892744479433,-0.5467928496319622,-0.0259999999999998,
510310,2026-05-11,4.744,4.809,4.82,4.741,10220831.0,,1.6705434552759701,1.6916895749629957,0.08000000000000007,
510310,2026-05-12,4.815,4.804,4.824,4.783,7933421.0,,0.8525681014763876,-0.10397171969224149,-0.004999999999999893,
510310,2026-05-13,4.785,4.857,4.86,4.778,7581801.0,,1.7069109075770343,1.1032472939217304,0.052999999999999936,
510310,2026-05-14,4.88,4.782,4.88,4.774,5550889.0,,2.1824171299155832,-1.5441630636195218,-0.07500000000000018,
510310,2026-05-15,4.778,4.722,4.793,4.698,2533110.0,,1.9866164784608897,-1.2547051442910835,-0.05999999999999961,
510310,2026-05-18,4.712,4.697,4.728,4.666,2744177.0,,1.3130029648453914,-0.5294366793731545,-0.025000000000000355,
510310,2026-05-19,4.696,4.717,4.718,4.636,4844389.0,,1.745795188418136,0.42580370449222,0.019999999999999574,
510310,2026-05-20,4.698,4.713,4.727,4.685,3346154.0,,0.8903964384142614,-0.08479966080134746,-0.0039999999999995595,
510310,2026-05-21,4.743,4.654,4.796,4.644,6618139.0,,3.22512200297051,-1.251856566942503,-0.05900000000000016,
510310,2026-05-22,4.682,4.71,4.712,4.654,6162236.0,,1.2462397937258236,1.2032660077352826,0.05600000000000005,
510310,2026-05-25,4.725,4.784,4.787,4.717,11450963.0,,1.486199575371556,1.5711252653927779,0.07399999999999984,
510310,2026-05-26,4.758,4.814,4.815,4.754,7878508.0,,1.2750836120401512,0.6270903010033497,0.03000000000000025,
510310,2026-05-27,4.8,4.768,4.831,4.755,3838069.0,,1.5787287079351997,-0.9555463232239356,-0.04600000000000026,
510310,2026-05-28,4.759,4.776,4.788,4.706,1122936.0,,1.7197986577181177,0.167785234899329,0.008000000000000007,
510310,2026-05-29,4.785,4.777,4.817,4.747,3947227.0,,1.4656616415410444,0.020938023450593257,0.001000000000000334,
510310,2026-06-01,4.771,4.713,4.783,4.703,1242467.0,,1.6746912288046905,-1.3397529830437525,-0.06400000000000006,
510310,2026-06-02,4.713,4.776,4.798,4.7,1656548.0,,2.079354975599403,1.3367281985996122,0.06299999999999972,
510310,2026-06-03,4.785,4.807,4.855,4.769,2057722.0,,1.800670016750425,0.6490787269681864,0.031000000000000583,
