code,date,open,close,high,low,volume,amount,amplitude,pct_chg,price_change,turnover_rate
510360,2018-03-06,1.264,1.275,1.276,1.255,52596.0,,,,,
510360,2018-03-07,1.275,1.268,1.283,1.265,72814.0,,1.4117647058823544,-0.5490196078431291,-0.006999999999999895,
510360,2018-03-08,1.265,1.279,1.28,1.265,40246.0,,1.1829652996845523,0.8675078864353233,0.010999999999999899,
510360,2018-03-09,1.278,1.289,1.29,1.278,33395.0,,0.9382329945269752,0.7818608287724793,0.010000000000000009,
510360,2018-03-12,1.291,1.293,1.299,1.289,42959.0,,0.7757951900698223,0.31031807602792894,0.0040000000000000036,
510360,2018-03-13,1.296,1.283,1.296,1.28,64796.0,,1.237432327919568,-0.77339520494973,-0.010000000000000009,
510360,2018-03-14,1.283,1.276,1.283,1.274,32299.0,,0.7014809041309351,-0.5455962587685032,-0.006999999999999895,
510360,2018-03-15,1.277,1.283,1.283,1.276,29287.0,,0.5485893416927817,0.5485893416927817,0.006999999999999895,
510360,2018-03-16,1.286,1.272,1.29,1.272,30578.0,,1.4029618082618875,-0.857365549493367,-0.010999999999999899,
510360,2018-03-19,1.267,1.276,1.277,1.266,25987.0,,0.8647798742138285,0.3144654088050317,0.0040000000000000036,
510360,2018-03-20,1.27,1.28,1.28,1.267,30848.0,,1.0188087774294767,0.3134796238244517,0.0040000000000000036,
510360,2018-03-21,1.282,1.271,1.289,1.268,45895.0,,1.640624999999993,-0.7031250000000093,-0.009000000000000119,
510360,2018-03-22,1.273,1.259,1.276,1.255,36454.0,,1.652242328874912,-0.9441384736428018,-0.01200000000000001,
510360,2018-03-23,1.245,1.222,1.245,1.202,50338.0,,3.4154090548054135,-2.938840349483711,-0.03699999999999992,
510360,2018-03-26,1.221,1.217,1.221,1.202,27412.0,,1.554828150572842,-0.40916530278231533,-0.004999999999999893,
510360,2018-03-27,1.219,1.226,1.234,1.217,35111.0,,1.3968775677896388,0.7395234182415692,0.008999999999999897,
510360,2018-03-28,1.223,1.206,1.223,1.202,22144.0,,1.7128874388254594,-1.6313213703099527,-0.020000000000000018,
510360,2018-03-29,1.211,1.222,1.227,1.191,26667.0,,2.9850746268656745,1.326699834162522,0.016000000000000014,
510360,2018-03-30,1.224,1.222,1.229,1.217,87370.0,,0.9819967266775786,0.0,0.0,
510360,2018-04-02,1.221,1.22,1.236,1.219,58201.0,,1.391162029459894,-0.16366612111292977,-0.0020000000000000018,
510360,2018-04-03,1.207,1.213,1.218,1.206,59096.0,,0.9836065573770502,-0.5737704918032701,-0.006999999999999895,
510360,2018-04-04,1.215,1.209,1.224,1.207,84009.0,,1.4014839241549797,-0.3297609233305856,-0.0040000000000000036,
510360,2018-04-09,1.208,1.207,1.214,1.2,69557.0,,1.1579818031430944,-0.1654259718775849,-0.0020000000000000018,
510360,2018-04-10,1.207,1.233,1.233,1.207,180658.0,,2.15410107705054,2.15410107705054,0.026000000000000023,
510360,2018-04-11,1.235,1.236,1.242,1.23,129997.0,,0.9732360097323608,0.24330900243308123,0.0029999999999998916,
510360,2018-04-12,1.233,1.225,1.236,1.222,116324.0,,1.1326860841423958,-0.889967637540445,-0.010999999999999899,
510360,2018-04-13,1.231,1.215,1.232,1.213,80216.0,,1.5510204081632575,-0.8163265306122455,-0.010000000000000009,
510360,2018-04-16,1.213,1.196,1.213,1.19,19171.0,,1.8930041152263481,-1.563786008230463,-0.019000000000000128,
510360,2018-04-17,1.2,1.176,1.2,1.174,17582.0,,2.173913043478263,-1.6722408026755868,-0.020000000000000018,
510360,2018-04-18,1.178,1.18,1.2,1.163,186398.0,,3.1462585034013544,0.34013605442176903,0.0040000000000000036,
510360,2018-04-19,1.181,1.195,1.2,1.181,95466.0,,1.6101694915254157,1.2711864406779767,0.015000000000000124,
510360,2018-04-20,1.197,1.181,1.197,1.178,137473.0,,1.5899581589958265,-1.1715481171548126,-0.014000000000000012,
510360,2018-04-23,1.181,1.181,1.189,1.173,38047.0,,1.354784081287046,0.0,0.0,
510360,2018-04-24,1.183,1.204,1.208,1.183,67277.0,,2.116850127011,1.9475021168501194,0.02299999999999991,
510360,2018-04-25,1.201,1.203,1.206,1.197,181034.0,,0.747508305647832,-0.08305647840530647,-0.0009999999999998899,
510360,2018-04-26,1.201,1.18,1.201,1.176,136041.0,,2.078137988362438,-1.911886949293444,-0.02300000000000013,
510360,2018-04-27,1.177,1.178,1.184,1.168,53048.0,,1.3559322033898318,-0.16949152542372897,-0.0020000000000000018,
510360,2018-05-02,1.18,1.179,1.189,1.174,116227.0,,1.2733446519524725,0.08488964346350696,0.001000000000000112,
510360,2018-05-03,1.176,1.188,1.192,1.17,225867.0,,1.8659881255301116,0.7633587786259454,0.008999999999999897,
510360,2018-05-04,1.188,1.183,1.192,1.182,105658.0,,0.8417508417508426,-0.4208754208754119,-0.004999999999999893,
510360,2018-05-07,1.185,1.203,1.203,1.185,113361.0,,1.521555367709215,1.6906170752324614,0.020000000000000018,
510360,2018-05-08,1.207,1.217,1.222,1.206,74782.0,,1.3300083125519546,1.1637572734829602,0.014000000000000012,
510360,2018-05-09,1.216,1.215,1.217,1.209,100321.0,,0.6573541495480696,-0.1643385373870174,-0.0020000000000000018,
510360,2018-05-10,1.217,1.222,1.223,1.216,69715.0,,0.5761316872428079,0.5761316872427897,0.006999999999999895,
510360,2018-05-11,1.223,1.216,1.224,1.216,110622.0,,0.6546644844517191,-0.4909983633387893,-0.006000000000000005,
510360,2018-05-14,1.217,1.225,1.231,1.217,85129.0,,1.1513157894736852,0.7401315789473782,0.009000000000000119,
510360,2018-05-15,1.222,1.23,1.23,1.222,61312.0,,0.6530612244897964,0.40816326530611374,0.004999999999999893,
510360,2018-05-16,1.226,1.22,1.231,1.22,91713.0,,0.8943089430894406,-0.8130081300813016,-0.010000000000000009,
510360,2018-05-17,1.222,1.216,1.222,1.211,86120.0,,0.9016393442622869,-0.3278688524590167,-0.0040000000000000036,
510360,2018-05-18,1.216,1.223,1.225,1.207,81204.0,,1.480263157894738,0.5756578947368518,0.007000000000000117,
510360,2018-05-21,1.225,1.229,1.236,1.225,81403.0,,0.8994276369582909,0.4905968928863454,0.006000000000000005,
510360,2018-05-22,1.227,1.227,1.228,1.219,16875.0,,0.732302685109837,-0.16273393002441022,-0.0020000000000000018,
510360,2018-05-23,1.23,1.21,1.23,1.209,53405.0,,1.7114914425427796,-1.3854930725346475,-0.017000000000000126,
510360,2018-05-24,1.21,1.2,1.211,1.199,25233.0,,0.9917355371900836,-0.8264462809917362,-0.010000000000000009,
510360,2018-05-25,1.198,1.196,1.207,1.195,102805.0,,1.0000000000000009,-0.33333333333333365,-0.0040000000000000036,
510360,2018-05-28,1.196,1.204,1.208,1.193,64792.0,,1.2541806020066808,0.6688963210702347,0.008000000000000007,
510360,2018-05-29,1.203,1.197,1.208,1.195,28111.0,,1.0797342192690949,-0.5813953488372006,-0.006999999999999895,
510360,2018-05-30,1.181,1.17,1.184,1.17,51110.0,,1.1695906432748548,-2.255639097744372,-0.027000000000000135,
510360,2018-05-31,1.172,1.189,1.195,1.172,31684.0,,1.9658119658119773,1.6239316239316348,0.019000000000000128,
510360,2018-06-01,1.189,1.187,1.195,1.182,65171.0,,1.0933557611438285,-0.16820857863751065,-0.0020000000000000018,
510360,2018-06-04,1.188,1.195,1.198,1.187,117688.0,,0.9267059814658718,0.6739679865206408,0.008000000000000007,
510360,2018-06-05,1.18,1.205,1.205,1.18,142676.0,,2.092050209205032,0.836820083682009,0.010000000000000009,
510360,2018-06-06,1.202,1.206,1.21,1.202,60900.0,,0.66390041493776,0.08298755186721077,0.0009999999999998899,
510360,2018-06-07,1.208,1.206,1.216,1.206,69796.0,,0.8291873963515762,0.0,0.0,
510360,2018-06-08,1.201,1.191,1.203,1.185,40469.0,,1.4925373134328372,-1.243781094527355,-0.014999999999999902,
510360,2018-06-11,1.188,1.19,1.196,1.185,38557.0,,0.923593618807716,-0.08396305625525707,-0.001000000000000112,
510360,2018-06-12,1.195,1.205,1.207,1.188,21169.0,,1.5966386554621959,1.2605042016806827,0.015000000000000124,
510360,2018-06-13,1.201,1.195,1.202,1.192,73081.0,,0.8298755186721999,-0.8298755186721999,-0.010000000000000009,
510360,2018-06-14,1.195,1.187,1.199,1.184,153396.0,,1.255230125523023,-0.6694560669456072,-0.008000000000000007,
510360,2018-06-15,1.189,1.185,1.191,1.181,239743.0,,0.842459983150801,-0.1684919966301602,-0.0020000000000000018,
510360,2018-06-19,1.182,1.141,1.182,1.132,109870.0,,4.2194092827004255,-3.713080168776375,-0.04400000000000004,
510360,2018-06-20,1.14,1.151,1.152,1.133,81767.0,,1.6652059596844788,0.8764241893076256,0.010000000000000009,
510360,2018-06-21,1.152,1.136,1.162,1.134,167842.0,,2.432667245873156,-1.303214596003486,-0.015000000000000124,
510360,2018-06-22,1.133,1.139,1.143,1.123,62921.0,,1.760563380281692,0.26408450704226355,0.0030000000000001137,
510360,2018-06-25,1.14,1.128,1.166,1.128,71951.0,,3.3362598770851655,-0.9657594381036102,-0.01100000000000012,
510360,2018-06-26,1.125,1.118,1.125,1.101,41396.0,,2.1276595744680873,-0.8865248226950166,-0.009999999999999787,
510360,2018-06-27,1.118,1.095,1.125,1.09,56337.0,,3.1305903398926582,-2.057245080500906,-0.02300000000000013,
510360,2018-06-28,1.095,1.086,1.099,1.082,68098.0,,1.5525114155251054,-0.8219178082191686,-0.008999999999999897,
510360,2018-06-29,1.088,1.114,1.114,1.086,75653.0,,2.5782688766114203,2.5782688766114203,0.028000000000000025,
510360,2018-07-02,1.108,1.082,1.112,1.073,187280.0,,3.5008976660682354,-2.87253141831239,-0.03200000000000003,
510360,2018-07-03,1.079,1.081,1.085,1.052,80962.0,,3.0499075785582175,-0.09242144177450203,-0.001000000000000112,
510360,2018-07-04,1.077,1.07,1.085,1.068,116140.0,,1.572617946345967,-1.0175763182238573,-0.010999999999999899,
510360,2018-07-05,1.073,1.063,1.08,1.059,59812.0,,1.9626168224299185,-0.6542056074766464,-0.007000000000000117,
510360,2018-07-06,1.062,1.071,1.08,1.049,192175.0,,2.916274694261537,0.7525870178739424,0.008000000000000007,
510360,2018-07-09,1.073,1.099,1.101,1.073,81880.0,,2.614379084967323,2.614379084967323,0.028000000000000025,
510360,2018-07-10,1.102,1.102,1.105,1.093,40119.0,,1.0919017288444048,0.27297543221111137,0.0030000000000001137,
510360,2018-07-11,1.08,1.085,1.09,1.075,63718.0,,1.3611615245009185,-1.5426497277677065,-0.017000000000000126,
510360,2018-07-12,1.089,1.11,1.115,1.089,328911.0,,2.3963133640553016,2.3041474654378002,0.025000000000000133,
510360,2018-07-13,1.113,1.114,1.116,1.108,99755.0,,0.7207207207207214,0.3603603603603607,0.0040000000000000036,
510360,2018-07-16,1.114,1.108,1.119,1.105,86348.0,,1.2567324955116708,-0.5385996409335732,-0.006000000000000005,
510360,2018-07-17,1.108,1.103,1.108,1.094,73794.0,,1.263537906137185,-0.4512635379061476,-0.0050000000000001155,
510360,2018-07-18,1.106,1.097,1.113,1.097,87047.0,,1.4505893019038998,-0.5439709882139624,-0.006000000000000005,
510360,2018-07-19,1.099,1.095,1.108,1.093,86381.0,,1.367365542388343,-0.18231540565177776,-0.0020000000000000018,
510360,2018-07-20,1.095,1.116,1.121,1.087,67860.0,,3.1050228310502312,1.917808219178094,0.02100000000000013,
510360,2018-07-23,1.113,1.127,1.127,1.11,32835.0,,1.523297491039418,0.9856630824372669,0.010999999999999899,
510360,2018-07-24,1.125,1.146,1.149,1.125,14972.0,,2.12954747116238,1.685891748003541,0.018999999999999906,
510360,2018-07-25,1.144,1.14,1.146,1.138,218931.0,,0.6980802792321124,-0.5235602094240842,-0.006000000000000005,
510360,2018-07-26,1.142,1.127,1.146,1.126,123383.0,,1.7543859649122824,-1.1403508771929738,-0.0129999999999999,
510360,2018-07-27,1.128,1.124,1.133,1.121,359149.0,,1.06477373558119,-0.26619343389528766,-0.0029999999999998916,
510360,2018-07-30,1.127,1.12,1.133,1.114,33957.0,,1.6903914590747244,-0.35587188612099674,-0.0040000000000000036,
510360,2018-07-31,1.119,1.123,1.128,1.116,90093.0,,1.0714285714285525,0.26785714285713313,0.0029999999999998916,
510360,2018-08-01,1.125,1.103,1.135,1.101,309088.0,,3.0276046304541433,-1.7809439002671432,-0.020000000000000018,
510360,2018-08-02,1.1,1.077,1.1,1.062,147079.0,,3.445149592021762,-2.357207615593837,-0.026000000000000023,
510360,2018-08-03,1.077,1.061,1.08,1.061,87511.0,,1.764159702878378,-1.4856081708449411,-0.016000000000000014,
510360,2018-08-06,1.062,1.048,1.07,1.043,122247.0,,2.5447690857681557,-1.2252591894439115,-0.0129999999999999,
510360,2018-08-07,1.05,1.078,1.078,1.046,61275.0,,3.0534351145038197,2.8625954198473305,0.030000000000000027,
510360,2018-08-08,1.075,1.061,1.079,1.06,83283.0,,1.7625231910946109,-1.5769944341373028,-0.017000000000000126,
510360,2018-08-09,1.061,1.089,1.092,1.06,95902.0,,3.016022620169654,2.639019792648447,0.028000000000000025,
510360,2018-08-10,1.093,1.091,1.096,1.082,97298.0,,1.285583103764923,0.18365472910927474,0.0020000000000000018,
510360,2018-08-13,1.076,1.086,1.088,1.067,99594.0,,1.924839596700287,-0.4582951420714843,-0.004999999999999893,
510360,2018-08-14,1.087,1.079,1.087,1.075,100940.0,,1.1049723756906085,-0.6445672191528653,-0.007000000000000117,
510360,2018-08-15,1.079,1.055,1.079,1.054,101051.0,,2.3169601482854416,-2.2242817423540338,-0.02400000000000002,
510360,2018-08-16,1.05,1.049,1.061,1.036,93879.0,,2.3696682464454897,-0.56872037914692,-0.006000000000000005,
510360,2018-08-17,1.051,1.035,1.058,1.033,114324.0,,2.383222116301252,-1.3346043851286953,-0.014000000000000012,
510360,2018-08-20,1.055,1.045,1.055,1.029,297751.0,,2.5120772946859926,0.966183574879228,0.010000000000000009,
510360,2018-08-21,1.047,1.065,1.067,1.046,265646.0,,2.009569377990422,1.913875598086126,0.020000000000000018,
510360,2018-08-22,1.063,1.059,1.064,1.056,166004.0,,0.7511737089201884,-0.5633802816901414,-0.006000000000000005,
510360,2018-08-23,1.06,1.063,1.069,1.053,211450.0,,1.5108593012275746,0.37771482530689365,0.0040000000000000036,
510360,2018-08-24,1.056,1.066,1.075,1.054,64402.0,,1.9755409219190883,0.2822201317027388,0.0030000000000001137,
510360,2018-08-27,1.068,1.091,1.091,1.068,109287.0,,2.1575984990619053,2.3452157598498977,0.02499999999999991,
510360,2018-08-28,1.09,1.091,1.095,1.087,145171.0,,0.7332722273143911,0.0,0.0,
510360,2018-08-29,1.088,1.086,1.09,1.082,92387.0,,0.7332722273143911,-0.4582951420714843,-0.004999999999999893,
510360,2018-08-30,1.086,1.074,1.089,1.073,141504.0,,1.4732965009208117,-1.1049723756906085,-0.01200000000000001,
510360,2018-08-31,1.068,1.066,1.075,1.06,160620.0,,1.3966480446927283,-0.7448789571694605,-0.008000000000000007,
510360,2018-09-03,1.066,1.067,1.068,1.057,127741.0,,1.03189493433397,0.09380863039398592,0.0009999999999998899,
510360,2018-09-04,1.067,1.079,1.082,1.062,102361.0,,1.8744142455482677,1.1246485473289607,0.01200000000000001,
510360,2018-09-05,1.076,1.057,1.076,1.057,70167.0,,1.7608897126969534,-2.0389249304911976,-0.02200000000000002,
510360,2018-09-06,1.059,1.048,1.064,1.046,47228.0,,1.702932828760645,-0.851466414380312,-0.008999999999999897,
510360,2018-09-07,1.05,1.051,1.066,1.046,97163.0,,1.9083969465648873,0.2862595419847225,0.0029999999999998916,
510360,2018-09-10,1.048,1.037,1.156,1.035,202851.0,,11.512844909609896,-1.3320647002854438,-0.014000000000000012,
510360,2018-09-11,1.037,1.035,1.042,1.03,55190.0,,1.1571841851494709,-0.1928640308582451,-0.0020000000000000018,
510360,2018-09-12,1.035,1.029,1.037,1.026,230184.0,,1.06280193236714,-0.5797101449275368,-0.006000000000000005,
510360,2018-09-13,1.031,1.04,1.043,1.027,99843.0,,1.5549076773566584,1.0689990281827135,0.01100000000000012,
510360,2018-09-14,1.033,1.042,1.045,1.033,113789.0,,1.1538461538461549,0.19230769230769246,0.0020000000000000018,
510360,2018-09-17,1.039,1.03,1.039,1.03,127002.0,,0.8637236084452876,-1.1516314779270642,-0.01200000000000001,
510360,2018-09-18,1.03,1.052,1.052,1.029,81386.0,,2.233009708737877,2.135922330097089,0.02200000000000002,
510360,2018-09-19,1.052,1.064,1.073,1.047,96561.0,,2.4714828897338426,1.1406844106463887,0.01200000000000001,
510360,2018-09-20,1.066,1.062,1.071,1.061,102054.0,,0.9398496240601512,-0.18796992481203023,-0.0020000000000000018,
510360,2018-09-21,1.064,1.093,1.096,1.063,59570.0,,3.1073446327683745,2.919020715630877,0.030999999999999917,
510360,2018-09-25,1.09,1.083,1.09,1.079,60947.0,,1.0064043915828107,-0.9149130832570913,-0.010000000000000009,
510360,2018-09-26,1.085,1.098,1.108,1.085,55065.0,,2.123730378578036,1.385041551246549,0.015000000000000124,
510360,2018-09-27,1.098,1.091,1.098,1.088,52156.0,,0.9107468123861574,-0.6375227686703203,-0.007000000000000117,
510360,2018-09-28,1.093,1.103,1.105,1.091,118535.0,,1.2832263978001845,1.0999083409715866,0.01200000000000001,
510360,2018-10-08,1.1,1.053,1.1,1.026,140341.0,,6.708975521305536,-4.533091568449687,-0.050000000000000044,
510360,2018-10-09,1.055,1.054,1.067,1.051,86453.0,,1.5194681861348542,0.09496676163343892,0.001000000000000112,
510360,2018-10-10,1.056,1.053,1.065,1.046,113310.0,,1.8026565464895548,-0.0948766603415666,-0.001000000000000112,
510360,2018-10-11,1.039,1.001,1.046,0.994,114396.0,,4.938271604938276,-4.938271604938276,-0.052000000000000046,
510360,2018-10-12,1.001,1.02,1.022,0.96,92591.0,,6.1938061938062,1.898101898101911,0.019000000000000128,
510360,2018-10-15,1.02,1.005,1.023,1.004,136429.0,,1.8627450980392064,-1.4705882352941297,-0.015000000000000124,
510360,2018-10-16,1.011,0.997,1.019,0.994,891672.0,,2.4875621890547177,-0.7960199004975022,-0.007999999999999896,
510360,2018-10-17,0.998,1.003,1.018,0.988,122050.0,,3.0090270812437336,0.6018054162487356,0.005999999999999894,
510360,2018-10-18,1.0,0.981,1.0,0.98,89905.0,,1.9940179461615175,-2.1934197407776583,-0.02199999999999991,
510360,2018-10-19,0.979,1.009,1.01,0.959,57488.0,,5.198776758409791,2.8542303771661484,0.027999999999999914,
510360,2018-10-22,1.015,1.053,1.062,1.015,59821.0,,4.658077304261661,4.360753221010906,0.04400000000000004,
510360,2018-10-23,1.053,1.024,1.055,1.017,421216.0,,3.6087369420702786,-2.7540360873694127,-0.028999999999999915,
510360,2018-10-24,1.023,1.026,1.044,1.019,113831.0,,2.441406250000013,0.19531250000000017,0.0020000000000000018,
510360,2018-10-25,1.01,1.026,1.026,0.996,78944.0,,2.9239766081871372,0.0,0.0,
510360,2018-10-26,1.028,1.021,1.035,1.014,121604.0,,2.046783625730985,-0.487329434697867,-0.0050000000000001155,
510360,2018-10-29,1.021,0.989,1.021,0.985,68640.0,,3.5259549461312365,-3.134182174338876,-0.03199999999999992,
510360,2018-10-30,0.991,1.002,1.013,0.982,134739.0,,3.1344792719919026,1.3144590495449961,0.013000000000000012,
510360,2018-10-31,1.004,1.014,1.018,0.997,136429.0,,2.095808383233535,1.1976047904191627,0.01200000000000001,
510360,2018-11-01,1.016,1.02,1.038,1.016,101985.0,,2.1696252465483257,0.5917159763313614,0.006000000000000005,
510360,2018-11-02,1.031,1.056,1.057,1.031,133022.0,,2.5490196078431393,3.529411764705885,0.03600000000000003,
510360,2018-11-05,1.059,1.047,1.059,1.039,126859.0,,1.8939393939393954,-0.8522727272727385,-0.009000000000000119,
510360,2018-11-06,1.044,1.042,1.045,1.032,132741.0,,1.2416427889207164,-0.4775549188156537,-0.004999999999999893,
510360,2018-11-07,1.041,1.036,1.051,1.033,82549.0,,1.7274472168905965,-0.5758157389635321,-0.006000000000000005,
510360,2018-11-08,1.038,1.033,1.044,1.029,105648.0,,1.4478764478764599,-0.28957528957530054,-0.0030000000000001137,
510360,2018-11-09,1.026,1.018,1.026,1.018,133275.0,,0.7744433688286552,-1.4520813165537176,-0.014999999999999902,
510360,2018-11-12,1.015,1.029,1.031,1.011,93037.0,,1.9646365422396874,1.0805500982318172,0.010999999999999899,
510360,2018-11-13,1.024,1.039,1.044,1.019,57263.0,,2.4295432458697896,0.9718172983479114,0.010000000000000009,
510360,2018-11-14,1.039,1.029,1.039,1.027,52795.0,,1.154956689124159,-0.9624639076034659,-0.010000000000000009,
510360,2018-11-15,1.029,1.04,1.041,1.027,78885.0,,1.3605442176870761,1.0689990281827135,0.01100000000000012,
510360,2018-11-16,1.04,1.045,1.053,1.034,105580.0,,1.8269230769230678,0.48076923076922046,0.004999999999999893,
510360,2018-11-19,1.047,1.056,1.057,1.043,46884.0,,1.3397129186602883,1.0526315789473801,0.01100000000000012,
510360,2018-11-20,1.047,1.033,1.051,1.031,38223.0,,1.8939393939393954,-2.178030303030315,-0.02300000000000013,
510360,2018-11-21,1.03,1.035,1.037,1.025,49370.0,,1.1616650532429826,0.1936108422071638,0.0020000000000000018,
510360,2018-11-22,1.037,1.033,1.038,1.027,166131.0,,1.0628019323671614,-0.1932367149758456,-0.0020000000000000018,
510360,2018-11-23,1.029,1.01,1.031,1.007,102526.0,,2.3233301064859653,-2.226524685382373,-0.02299999999999991,
510360,2018-11-26,1.012,1.01,1.019,1.007,205326.0,,1.1881188118811892,0.0,0.0,
510360,2018-11-27,1.012,1.007,1.014,1.003,63411.0,,1.089108910891101,-0.2970297029703083,-0.0030000000000001137,
510360,2018-11-28,1.007,1.023,1.023,1.006,153418.0,,1.6881827209533173,1.5888778550148974,0.016000000000000014,
510360,2018-11-29,1.025,1.01,1.031,1.009,75169.0,,2.1505376344086042,-1.2707722385141644,-0.0129999999999999,
510360,2018-11-30,1.01,1.019,1.022,1.008,162074.0,,1.3861386138613874,0.891089108910881,0.008999999999999897,
510360,2018-12-03,1.028,1.05,1.06,1.028,202531.0,,3.140333660451426,3.04219823356233,0.03100000000000014,
510360,2018-12-04,1.06,1.05,1.06,1.041,113801.0,,1.8095238095238215,0.0,0.0,
510360,2018-12-05,1.042,1.045,1.05,1.037,33935.0,,1.2380952380952497,-0.47619047619048716,-0.0050000000000001155,
510360,2018-12-06,1.036,1.021,1.036,1.02,85872.0,,1.5311004784689008,-2.2966507177033515,-0.02400000000000002,
510360,2018-12-07,1.023,1.023,1.028,1.022,137214.0,,0.5876591576885413,0.1958863858961804,0.0020000000000000018,
510360,2018-12-10,1.02,1.01,1.02,1.006,133150.0,,1.368523949169112,-1.2707722385141644,-0.0129999999999999,
510360,2018-12-11,1.007,1.017,1.017,1.007,134525.0,,0.990099009900991,0.6930693069306827,0.006999999999999895,
510360,2018-12-12,1.015,1.019,1.026,1.015,120743.0,,1.0816125860373769,0.1966568338249756,0.0020000000000000018,
510360,2018-12-13,1.021,1.036,1.041,1.02,203798.0,,2.0608439646712373,1.6683022571148312,0.017000000000000126,
510360,2018-12-14,1.041,1.018,1.041,1.017,83584.0,,2.3166023166023186,-1.7374517374517389,-0.018000000000000016,
510360,2018-12-17,1.016,1.019,1.025,1.01,116599.0,,1.4734774066797547,0.09823182711197345,0.0009999999999998899,
510360,2018-12-18,1.015,1.004,1.019,1.0,163115.0,,1.8645731108930232,-1.472031403336595,-0.014999999999999902,
510360,2018-12-19,1.004,0.996,1.01,0.994,137974.0,,1.5936254980079694,-0.7968127490039847,-0.008000000000000007,
510360,2018-12-20,0.994,0.986,1.0,0.98,213491.0,,2.008032128514058,-1.004016064257029,-0.010000000000000009,
510360,2018-12-21,0.984,0.975,0.984,0.967,287071.0,,1.7241379310344844,-1.1156186612576076,-0.01100000000000001,
510360,2018-12-24,0.974,0.976,0.978,0.969,78778.0,,0.9230769230769239,0.10256410256410264,0.0010000000000000009,
510360,2018-12-25,0.976,0.972,0.976,0.954,224042.0,,2.25409836065574,-0.40983606557377084,-0.0040000000000000036,
510360,2018-12-26,0.971,0.965,0.973,0.963,242647.0,,1.0288065843621408,-0.7201646090534986,-0.007000000000000006,
510360,2018-12-27,0.973,0.964,1.0,0.962,205701.0,,3.937823834196895,-0.10362694300518145,-0.0010000000000000009,
510360,2018-12-28,0.962,0.969,0.974,0.962,372283.0,,1.2448132780082999,0.518672199170125,0.0050000000000000044,
510360,2019-01-02,0.971,0.957,0.971,0.952,347211.0,,1.960784313725492,-1.2383900928792582,-0.01200000000000001,
510360,2019-01-03,0.958,0.955,0.967,0.951,128228.0,,1.6718913270637423,-0.2089864158829678,-0.0020000000000000018,
510360,2019-01-04,0.953,0.975,0.978,0.945,116189.0,,3.4554973821989563,2.094240837696337,0.020000000000000018,
510360,2019-01-07,0.988,0.984,0.988,0.975,160344.0,,1.3333333333333346,0.9230769230769239,0.009000000000000008,
510360,2019-01-08,0.985,0.982,0.985,0.976,111398.0,,0.9146341463414642,-0.2032520325203254,-0.0020000000000000018,
510360,2019-01-09,0.982,0.994,1.004,0.982,48390.0,,2.24032586558045,1.2219959266802456,0.01200000000000001,
510360,2019-01-10,0.991,0.99,0.996,0.986,114220.0,,1.0060362173038238,-0.40241448692152954,-0.0040000000000000036,
510360,2019-01-11,0.99,0.996,1.0,0.99,71798.0,,1.010101010101011,0.6060606060606066,0.006000000000000005,
510360,2019-01-14,0.996,0.988,1.0,0.986,398290.0,,1.4056224899598406,-0.8032128514056233,-0.008000000000000007,
510360,2019-01-15,0.991,1.009,1.01,0.99,69266.0,,2.0242914979757103,2.1255060728744843,0.020999999999999908,
510360,2019-01-16,1.007,1.008,1.01,1.005,57899.0,,0.49554013875125036,-0.09910802775023686,-0.0009999999999998899,
510360,2019-01-17,1.007,1.003,1.013,1.002,191920.0,,1.0912698412698312,-0.4960317460317575,-0.0050000000000001155,
510360,2019-01-18,1.009,1.018,1.02,1.007,87243.0,,1.2961116650049973,1.4955134596211492,0.015000000000000124,
510360,2019-01-21,1.021,1.026,1.03,1.02,130206.0,,0.9823182711198437,0.7858546168958749,0.008000000000000007,
510360,2019-01-22,1.023,1.01,1.024,1.009,522235.0,,1.4619883040935793,-1.5594541910331396,-0.016000000000000014,
510360,2019-01-23,1.014,1.011,1.018,1.009,235546.0,,0.8910891089109028,0.0990099009900881,0.0009999999999998899,
510360,2019-01-24,1.015,1.018,1.02,1.007,73221.0,,1.285855588526224,0.6923837784372026,0.007000000000000117,
510360,2019-01-25,1.022,1.025,1.031,1.021,170565.0,,0.9823182711198437,0.6876227897838797,0.006999999999999895,
510360,2019-01-28,1.027,1.025,1.04,1.022,65585.0,,1.7560975609756113,0.0,0.0,
510360,2019-01-29,1.02,1.028,1.031,1.013,63889.0,,1.7560975609756113,0.2926829268292794,0.0030000000000001137,
510360,2019-01-30,1.029,1.019,1.029,1.019,129448.0,,0.9727626459143978,-0.8754863813229689,-0.009000000000000119,
510360,2019-01-31,1.021,1.028,1.034,1.021,122645.0,,1.2757605495584028,0.8832188420019744,0.009000000000000119,
510360,2019-02-01,1.03,1.045,1.046,1.03,77281.0,,1.5564202334630364,1.6536964980544653,0.016999999999999904,
510360,2019-02-11,1.051,1.064,1.065,1.044,121195.0,,2.009569377990422,1.8181818181818306,0.019000000000000128,
510360,2019-02-12,1.066,1.071,1.073,1.061,109604.0,,1.1278195488721814,0.6578947368420953,0.006999999999999895,
510360,2019-02-13,1.072,1.092,1.096,1.069,115927.0,,2.521008403361357,1.9607843137255023,0.02100000000000013,
510360,2019-02-14,1.092,1.093,1.098,1.086,190373.0,,1.0989010989010999,0.09157509157508148,0.0009999999999998899,
510360,2019-02-15,1.09,1.074,1.1,1.07,64046.0,,2.7447392497712744,-1.7383348581884634,-0.018999999999999906,
510360,2019-02-18,1.076,1.105,1.105,1.076,766685.0,,2.7001862197392845,2.8864059590316495,0.030999999999999917,
510360,2019-02-19,1.106,1.101,1.116,1.095,1025186.0,,1.9004524886877945,-0.36199095022624467,-0.0040000000000000036,
510360,2019-02-20,1.103,1.106,1.11,1.096,475332.0,,1.2715712988192562,0.4541326067211731,0.0050000000000001155,
510360,2019-02-21,1.106,1.103,1.123,1.1,275418.0,,2.079566003616628,-0.27124773960218024,-0.0030000000000001137,
510360,2019-02-22,1.105,1.13,1.13,1.096,211187.0,,3.0825022665457666,2.447869446962821,0.026999999999999913,
510360,2019-02-25,1.131,1.195,1.195,1.13,835618.0,,5.752212389380547,5.752212389380547,0.06500000000000017,
510360,2019-02-26,1.195,1.183,1.208,1.18,263893.0,,2.343096234309625,-1.0041841004184109,-0.01200000000000001,
510360,2019-02-27,1.18,1.178,1.2,1.165,237857.0,,2.958579881656798,-0.42265426880812473,-0.0050000000000001155,
510360,2019-02-28,1.178,1.178,1.184,1.17,81445.0,,1.1884550084889656,0.0,0.0,
510360,2019-03-01,1.18,1.203,1.203,1.17,262806.0,,2.801358234295428,2.1222410865874477,0.025000000000000133,
510360,2019-03-04,1.204,1.217,1.247,1.204,89411.0,,3.5743973399833875,1.1637572734829602,0.014000000000000012,
510360,2019-03-05,1.217,1.224,1.224,1.209,292007.0,,1.2325390304026214,0.5751848808545518,0.006999999999999895,
510360,2019-03-06,1.222,1.232,1.234,1.212,119011.0,,1.7973856209150343,0.6535947712418307,0.008000000000000007,
510360,2019-03-07,1.229,1.221,1.231,1.21,95651.0,,1.7045454545454652,-0.8928571428571347,-0.010999999999999899,
510360,2019-03-08,1.216,1.17,1.216,1.16,156778.0,,4.586404586404591,-4.1769041769041895,-0.051000000000000156,
510360,2019-03-11,1.17,1.185,1.195,1.169,758918.0,,2.2222222222222245,1.2820512820512928,0.015000000000000124,
510360,2019-03-12,1.187,1.204,1.218,1.187,567596.0,,2.6160337552742545,1.6033755274261523,0.018999999999999906,
510360,2019-03-13,1.206,1.191,1.206,1.18,298514.0,,2.159468438538208,-1.0797342192690949,-0.0129999999999999,
510360,2019-03-14,1.193,1.184,1.201,1.177,344982.0,,2.0151133501259464,-0.5877413937867436,-0.007000000000000117,
510360,2019-03-15,1.184,1.198,1.211,1.184,371112.0,,2.280405405405417,1.1824324324324336,0.014000000000000012,
510360,2019-03-18,1.198,1.236,1.236,1.198,173831.0,,3.171953255425713,3.171953255425713,0.038000000000000034,
510360,2019-03-19,1.236,1.228,1.24,1.223,331171.0,,1.375404530744329,-0.6472491909385119,-0.008000000000000007,
510360,2019-03-20,1.23,1.226,1.233,1.214,113473.0,,1.5472312703583166,-0.16286644951140078,-0.0020000000000000018,
510360,2019-03-21,1.23,1.232,1.239,1.225,322797.0,,1.141924959216967,0.4893964110929858,0.006000000000000005,
510360,2019-03-22,1.232,1.23,1.233,1.216,230091.0,,1.3798701298701401,-0.16233766233766247,-0.0020000000000000018,
510360,2019-03-25,1.216,1.199,1.222,1.191,333673.0,,2.5203252032520256,-2.5203252032520256,-0.030999999999999917,
510360,2019-03-26,1.201,1.187,1.248,1.18,716723.0,,5.671392827356135,-1.000834028356965,-0.01200000000000001,
510360,2019-03-27,1.188,1.199,1.202,1.186,2013773.0,,1.3479359730412817,1.0109519797809612,0.01200000000000001,
510360,2019-03-28,1.199,1.196,1.203,1.188,799691.0,,1.2510425354462154,-0.2502085070892505,-0.0030000000000001137,
510360,2019-03-29,1.197,1.245,1.248,1.197,498641.0,,4.264214046822737,4.096989966555197,0.049000000000000155,
510360,2019-04-01,1.245,1.275,1.278,1.245,502852.0,,2.6506024096385477,2.4096385542168517,0.029999999999999805,
510360,2019-04-02,1.276,1.272,1.28,1.269,752680.0,,0.8627450980392252,-0.23529411764705035,-0.0029999999999998916,
510360,2019-04-03,1.28,1.291,1.293,1.263,795305.0,,2.3584905660377378,1.4937106918238918,0.018999999999999906,
510360,2019-04-04,1.291,1.304,1.306,1.29,442347.0,,1.2393493415956633,1.0069713400464853,0.013000000000000123,
510360,2019-04-08,1.303,1.302,1.321,1.288,840630.0,,2.5306748466257605,-0.1533742331288345,-0.0020000000000000018,
510360,2019-04-09,1.302,1.305,1.307,1.292,776179.0,,1.1520737327188864,0.23041474654377048,0.0029999999999998916,
510360,2019-04-10,1.305,1.311,1.319,1.294,784885.0,,1.9157088122605297,0.4597701149425292,0.006000000000000005,
510360,2019-04-11,1.31,1.283,1.313,1.279,1792608.0,,2.5934401220442433,-2.135774218154083,-0.028000000000000025,
510360,2019-04-12,1.283,1.279,1.285,1.271,313365.0,,1.0911925175370236,-0.3117692907248639,-0.0040000000000000036,
510360,2019-04-15,1.286,1.274,1.31,1.274,208113.0,,2.814698983580925,-0.390930414386231,-0.004999999999999893,
510360,2019-04-16,1.275,1.31,1.31,1.265,304836.0,,3.532182103610687,2.8257456828885426,0.03600000000000003,
510360,2019-04-17,1.31,1.308,1.315,1.301,444465.0,,1.0687022900763368,-0.15267175572519096,-0.0020000000000000018,
510360,2019-04-18,1.308,1.305,1.312,1.3,329853.0,,0.9174311926605512,-0.2293577981651463,-0.0030000000000001137,
510360,2019-04-19,1.307,1.32,1.32,1.295,459912.0,,1.9157088122605466,1.1494252873563313,0.015000000000000124,
510360,2019-04-22,1.315,1.29,1.322,1.286,495849.0,,2.7272727272727297,-2.2727272727272747,-0.030000000000000027,
510360,2019-04-23,1.294,1.288,1.302,1.285,436324.0,,1.3178294573643508,-0.15503875968992262,-0.0020000000000000018,
510360,2019-04-24,1.292,1.292,1.296,1.271,468486.0,,1.940993788819886,0.31055900621118043,0.0040000000000000036,
510360,2019-04-25,1.288,1.264,1.288,1.26,484768.0,,2.1671826625387016,-2.1671826625387016,-0.028000000000000025,
510360,2019-04-26,1.26,1.245,1.265,1.244,408269.0,,1.6613924050632838,-1.5031645569620178,-0.018999999999999906,
510360,2019-04-29,1.241,1.252,1.267,1.241,599455.0,,2.0883534136546023,0.5622489959839273,0.006999999999999895,
510360,2019-04-30,1.252,1.254,1.26,1.248,426331.0,,0.9584664536741222,0.15974440894568703,0.0020000000000000018,
510360,2019-05-06,1.249,1.18,1.249,1.166,369448.0,,6.6188197767145285,-5.901116427432222,-0.07400000000000007,
510360,2019-05-07,1.177,1.194,1.198,1.177,463149.0,,1.779661016949145,1.1864406779661028,0.014000000000000012,
510360,2019-05-08,1.181,1.178,1.199,1.171,887899.0,,2.345058626465664,-1.3400335008375222,-0.016000000000000014,
510360,2019-05-09,1.144,1.156,1.175,1.144,352802.0,,2.6315789473684332,-1.8675721561969456,-0.02200000000000002,
510360,2019-05-10,1.156,1.2,1.201,1.151,367730.0,,4.325259515570938,3.806228373702426,0.04400000000000004,
510360,2019-05-13,1.188,1.18,1.19,1.176,221401.0,,1.1666666666666679,-1.6666666666666683,-0.020000000000000018,
510360,2019-05-14,1.173,1.172,1.212,1.168,236881.0,,3.7288135593220377,-0.6779661016949159,-0.008000000000000007,
510360,2019-05-15,1.18,1.196,1.202,1.176,267197.0,,2.2184300341296948,2.0477815699658724,0.02400000000000002,
510360,2019-05-16,1.191,1.2,1.202,1.188,127670.0,,1.170568561872911,0.33444816053511733,0.0040000000000000036,
510360,2019-05-17,1.201,1.173,1.201,1.17,214208.0,,2.583333333333345,-2.249999999999993,-0.026999999999999913,
510360,2019-05-20,1.172,1.163,1.173,1.15,261307.0,,1.9607843137255012,-0.8525149190110834,-0.010000000000000009,
510360,2019-05-21,1.16,1.175,1.185,1.16,282755.0,,2.149613069647475,1.0318142734307834,0.01200000000000001,
510360,2019-05-22,1.171,1.173,1.181,1.168,255962.0,,1.1063829787234147,-0.17021276595744697,-0.0020000000000000018,
510360,2019-05-23,1.168,1.154,1.168,1.151,344893.0,,1.4492753623188324,-1.6197783461210682,-0.019000000000000128,
510360,2019-05-24,1.16,1.155,1.168,1.151,180118.0,,1.4731369150779814,0.08665511265165615,0.001000000000000112,
510360,2019-05-27,1.155,1.17,1.174,1.145,255021.0,,2.5108225108225035,1.2987012987012903,0.014999999999999902,
510360,2019-05-28,1.17,1.175,1.184,1.167,451748.0,,1.452991452991445,0.42735042735043727,0.0050000000000001155,
510360,2019-05-29,1.172,1.181,1.19,1.168,113205.0,,1.8723404255319165,0.5106382978723408,0.006000000000000005,
510360,2019-05-30,1.177,1.174,1.177,1.163,240606.0,,1.1854360711261653,-0.592718035563092,-0.007000000000000117,
510360,2019-05-31,1.173,1.171,1.184,1.168,93577.0,,1.3628620102214664,-0.25553662691651546,-0.0029999999999998916,
510360,2019-06-03,1.179,1.171,1.183,1.165,132037.0,,1.537147736976944,0.0,0.0,
510360,2019-06-04,1.171,1.163,1.174,1.157,170141.0,,1.4517506404782154,-0.6831767719897529,-0.008000000000000007,
510360,2019-06-05,1.17,1.16,1.171,1.157,162767.0,,1.2037833190025806,-0.2579535683577054,-0.0030000000000001137,
510360,2019-06-06,1.16,1.151,1.163,1.149,176174.0,,1.2068965517241392,-0.7758620689655084,-0.008999999999999897,
510360,2019-06-10,1.152,1.164,1.169,1.152,125126.0,,1.4769765421372827,1.12945264986967,0.0129999999999999,
510360,2019-06-11,1.17,1.201,1.202,1.169,97939.0,,2.8350515463917456,3.1786941580756136,0.037000000000000144,
510360,2019-06-12,1.213,1.191,1.213,1.188,73049.0,,2.0815986677768636,-0.8326394671107417,-0.010000000000000009,
510360,2019-06-13,1.192,1.192,1.196,1.18,156898.0,,1.3434089000839642,0.08396305625523844,0.0009999999999998899,
510360,2019-06-14,1.189,1.179,1.195,1.178,119250.0,,1.426174496644306,-1.0906040268456292,-0.0129999999999999,
510360,2019-06-17,1.179,1.183,1.192,1.179,329740.0,,1.1026293469041475,0.3392705682782022,0.0040000000000000036,
510360,2019-06-18,1.188,1.186,1.189,1.177,138498.0,,1.0143702451394767,0.2535925612848598,0.0029999999999998916,
510360,2019-06-19,1.208,1.206,1.221,1.205,265160.0,,1.349072512647556,1.6863406408094452,0.020000000000000018,
510360,2019-06-20,1.201,1.241,1.257,1.201,373607.0,,4.6434494195688085,2.902155887230526,0.03500000000000014,
510360,2019-06-21,1.24,1.243,1.252,1.229,356378.0,,1.8533440773569627,0.16116035455278013,0.0020000000000000018,
510360,2019-06-24,1.24,1.245,1.249,1.239,121623.0,,0.804505229283991,0.16090104585679818,0.0020000000000000018,
510360,2019-06-25,1.245,1.234,1.245,1.218,561401.0,,2.1686746987951913,-0.8835341365461944,-0.01100000000000012,
510360,2019-06-26,1.222,1.232,1.236,1.222,169869.0,,1.134521880064831,-0.16207455429497583,-0.0020000000000000018,
510360,2019-06-27,1.228,1.243,1.249,1.228,223492.0,,1.7045454545454652,0.8928571428571527,0.01100000000000012,
510360,2019-06-28,1.241,1.244,1.245,1.236,253646.0,,0.7240547063556009,0.08045052292839017,0.0009999999999998899,
510360,2019-07-01,1.256,1.283,1.283,1.256,304462.0,,2.170418006430861,3.135048231511248,0.038999999999999924,
510360,2019-07-02,1.286,1.278,1.286,1.273,136663.0,,1.0132501948558164,-0.3897116134060712,-0.004999999999999893,
510360,2019-07-03,1.27,1.263,1.271,1.259,337066.0,,0.9389671361502356,-1.173708920187803,-0.015000000000000124,
510360,2019-07-04,1.266,1.259,1.269,1.252,290895.0,,1.346001583531267,-0.31670625494853555,-0.0040000000000000036,
510360,2019-07-05,1.256,1.265,1.266,1.253,142302.0,,1.0325655281969917,0.4765687053216843,0.006000000000000005,
510360,2019-07-08,1.26,1.237,1.26,1.226,264330.0,,2.687747035573125,-2.21343873517785,-0.027999999999999803,
510360,2019-07-09,1.236,1.233,1.238,1.227,196823.0,,0.8892481810832578,-0.32336297493936966,-0.0040000000000000036,
510360,2019-07-10,1.232,1.233,1.239,1.229,125161.0,,0.8110300081103007,0.0,0.0,
510360,2019-07-11,1.237,1.234,1.248,1.229,378043.0,,1.5409570154095624,0.08110300081102106,0.0009999999999998899,
510360,2019-07-12,1.236,1.243,1.245,1.232,186610.0,,1.053484602917352,0.7293354943274002,0.009000000000000119,
510360,2019-07-15,1.243,1.247,1.255,1.222,175555.0,,2.6548672566371616,0.32180209171359636,0.0040000000000000036,
510360,2019-07-16,1.246,1.241,1.249,1.239,115536.0,,0.8019246190858066,-0.481154771451484,-0.006000000000000005,
510360,2019-07-17,1.242,1.242,1.247,1.233,155966.0,,1.128122481869461,0.08058017727638113,0.0009999999999998899,
510360,2019-07-18,1.235,1.23,1.236,1.23,308523.0,,0.48309178743961395,-0.9661835748792279,-0.01200000000000001,
510360,2019-07-19,1.238,1.241,1.251,1.236,127201.0,,1.2195121951219432,0.8943089430894406,0.01100000000000012,
510360,2019-07-22,1.244,1.235,1.246,1.231,305467.0,,1.208702659145842,-0.4834810636583404,-0.006000000000000005,
510360,2019-07-23,1.239,1.239,1.241,1.232,160980.0,,0.7287449392712647,0.3238866396761136,0.0040000000000000036,
510360,2019-07-24,1.245,1.248,1.256,1.245,147582.0,,0.8878127522195236,0.7263922518159722,0.008999999999999897,
510360,2019-07-25,1.248,1.26,1.261,1.246,256758.0,,1.201923076923069,0.9615384615384625,0.01200000000000001,
510360,2019-07-26,1.255,1.263,1.266,1.255,166091.0,,0.8730158730158826,0.23809523809522948,0.0029999999999998916,
510360,2019-07-29,1.26,1.263,1.265,1.258,240475.0,,0.5542359461599284,0.0,0.0,
510360,2019-07-30,1.269,1.268,1.275,1.265,119338.0,,0.7917656373713389,0.3958828186856782,0.0050000000000001155,
510360,2019-07-31,1.261,1.257,1.262,1.253,94195.0,,0.7097791798107349,-0.8675078864353407,-0.01100000000000012,
510360,2019-08-01,1.25,1.246,1.255,1.244,342321.0,,0.8750994431185282,-0.8750994431185282,-0.010999999999999899,
510360,2019-08-02,1.235,1.228,1.235,1.219,163862.0,,1.2841091492776897,-1.444622792937401,-0.018000000000000016,
510360,2019-08-05,1.22,1.206,1.226,1.204,173450.0,,1.7915309446254086,-1.7915309446254086,-0.02200000000000002,
510360,2019-08-06,1.194,1.193,1.197,1.174,215372.0,,1.9071310116086346,-1.0779436152570399,-0.0129999999999999,
510360,2019-08-07,1.197,1.188,1.197,1.188,112761.0,,0.7544006705783838,-0.4191114836546618,-0.0050000000000001155,
510360,2019-08-08,1.207,1.204,1.216,1.195,131558.0,,1.76767676767676,1.3468013468013482,0.016000000000000014,
510360,2019-08-09,1.204,1.194,1.21,1.19,154191.0,,1.6611295681063138,-0.8305647840531569,-0.010000000000000009,
510360,2019-08-12,1.199,1.217,1.217,1.198,127099.0,,1.5912897822445669,1.9262981574539473,0.02300000000000013,
510360,2019-08-13,1.217,1.205,1.217,1.202,238167.0,,1.2325390304026396,-0.9860312243221043,-0.01200000000000001,
510360,2019-08-14,1.22,1.212,1.223,1.211,268555.0,,0.9958506224066398,0.5809128630705307,0.006999999999999895,
510360,2019-08-15,1.209,1.213,1.215,1.191,121808.0,,1.980198019801982,0.08250825082509175,0.001000000000000112,
510360,2019-08-16,1.213,1.222,1.23,1.212,270436.0,,1.4839241549876352,0.7419620774938084,0.008999999999999897,
510360,2019-08-19,1.232,1.247,1.248,1.224,83096.0,,1.9639934533551573,2.0458265139116314,0.025000000000000133,
510360,2019-08-20,1.244,1.242,1.249,1.242,107398.0,,0.5613472333600735,-0.4009623095429122,-0.0050000000000001155,
510360,2019-08-21,1.237,1.241,1.245,1.237,42984.0,,0.6441223832528187,-0.08051529790659338,-0.0009999999999998899,
510360,2019-08-22,1.242,1.247,1.248,1.24,98432.0,,0.6446414182111205,0.4834810636583404,0.006000000000000005,
510360,2019-08-23,1.247,1.255,1.259,1.246,63799.0,,1.0425020048115397,0.6415396952686275,0.007999999999999785,
510360,2019-08-26,1.242,1.237,1.242,1.232,145238.0,,0.7968127490039849,-1.434262948207155,-0.017999999999999794,
510360,2019-08-27,1.244,1.253,1.266,1.243,196260.0,,1.859337105901367,1.2934518997574609,0.015999999999999792,
510360,2019-08-28,1.255,1.249,1.256,1.244,126932.0,,0.9577015163607351,-0.319233838786894,-0.0039999999999997815,
510360,2019-08-29,1.247,1.244,1.248,1.238,50728.0,,0.8006405124099286,-0.40032025620497314,-0.0050000000000001155,
510360,2019-08-30,1.255,1.246,1.257,1.24,85370.0,,1.366559485530539,0.16077170418006445,0.0020000000000000018,
510360,2019-09-02,1.246,1.262,1.266,1.246,75579.0,,1.6051364365971124,1.2841091492776897,0.016000000000000014,
510360,2019-09-03,1.256,1.263,1.263,1.256,89475.0,,0.5546751188589457,0.07923930269412757,0.0009999999999998899,
510360,2019-09-04,1.264,1.274,1.275,1.262,150319.0,,1.0292953285827318,0.8709422011084815,0.01100000000000012,
510360,2019-09-05,1.285,1.286,1.302,1.285,32552.0,,1.334379905808487,0.9419152276295142,0.01200000000000001,
510360,2019-09-06,1.291,1.294,1.295,1.286,86927.0,,0.6998444790046576,0.6220839813374811,0.008000000000000007,
510360,2019-09-09,1.309,1.3,1.32,1.298,57305.0,,1.700154559505411,0.46367851622874845,0.006000000000000005,
510360,2019-09-10,1.3,1.298,1.3,1.293,43844.0,,0.5384615384615474,-0.15384615384615397,-0.0020000000000000018,
510360,2019-09-11,1.309,1.29,1.309,1.287,110210.0,,1.6949152542372896,-0.6163328197226507,-0.008000000000000007,
510360,2019-09-12,1.309,1.303,1.309,1.29,441189.0,,1.4728682170542562,1.0077519379844884,0.0129999999999999,
510360,2019-09-16,1.305,1.298,1.305,1.292,229391.0,,0.9976976208748964,-0.38372985418264727,-0.004999999999999893,
510360,2019-09-17,1.29,1.277,1.29,1.272,90297.0,,1.3867488443759644,-1.6178736517719667,-0.02100000000000013,
510360,2019-09-18,1.277,1.283,1.286,1.277,240573.0,,0.7047768206734628,0.46985121378230277,0.006000000000000005,
510360,2019-09-19,1.283,1.286,1.286,1.279,103338.0,,0.5455962587685205,0.23382696804365657,0.0030000000000001137,
510360,2019-09-20,1.289,1.29,1.293,1.287,43715.0,,0.4665629860031108,0.31104199066874055,0.0040000000000000036,
510360,2019-09-23,1.285,1.277,1.285,1.269,56007.0,,1.240310077519381,-1.0077519379845057,-0.013000000000000123,
510360,2019-09-24,1.281,1.28,1.291,1.276,85327.0,,1.174628034455748,0.23492560689116004,0.0030000000000001137,
510360,2019-09-25,1.28,1.271,1.28,1.268,82678.0,,0.9375000000000009,-0.7031250000000093,-0.009000000000000119,
510360,2019-09-26,1.276,1.262,1.278,1.261,203183.0,,1.3375295043273112,-0.7081038552320926,-0.008999999999999897,
510360,2019-09-27,1.263,1.267,1.269,1.259,90199.0,,0.7923930269413636,0.396196513470673,0.004999999999999893,
510360,2019-09-30,1.268,1.254,1.268,1.253,257887.0,,1.1838989739542325,-1.026045777426985,-0.0129999999999999,
510360,2019-10-08,1.26,1.26,1.266,1.255,82366.0,,0.87719298245615,0.4784688995215315,0.006000000000000005,
510360,2019-10-09,1.251,1.261,1.262,1.249,46018.0,,1.0317460317460239,0.07936507936507063,0.0009999999999998899,
510360,2019-10-10,1.26,1.272,1.272,1.259,30706.0,,1.0309278350515563,0.8723235527359334,0.01100000000000012,
510360,2019-10-11,1.274,1.285,1.289,1.27,59586.0,,1.4937106918238918,1.0220125786163443,0.0129999999999999,
510360,2019-10-14,1.289,1.297,1.307,1.289,78059.0,,1.4007782101167328,0.9338521400778219,0.01200000000000001,
510360,2019-10-15,1.297,1.293,1.297,1.29,74018.0,,0.5397070161912024,-0.3084040092521206,-0.0040000000000000036,
510360,2019-10-16,1.298,1.285,1.301,1.284,36591.0,,1.3147718484145325,-0.618716163959784,-0.008000000000000007,
510360,2019-10-17,1.286,1.287,1.293,1.285,30014.0,,0.6225680933852146,0.15564202334630364,0.0020000000000000018,
510360,2019-10-18,1.293,1.275,1.293,1.268,130851.0,,1.9425019425019359,-0.9324009324009332,-0.01200000000000001,
510360,2019-10-21,1.272,1.275,1.276,1.267,54004.0,,0.7058823529411858,0.0,0.0,
510360,2019-10-22,1.277,1.277,1.279,1.269,63587.0,,0.7843137254901967,0.15686274509803935,0.0020000000000000018,
510360,2019-10-23,1.275,1.27,1.278,1.266,108532.0,,0.9397024275646055,-0.5481597494126778,-0.006999999999999895,
510360,2019-10-24,1.273,1.268,1.276,1.262,402124.0,,1.1023622047244104,-0.15748031496063006,-0.0020000000000000018,
510360,2019-10-25,1.273,1.279,1.279,1.262,128352.0,,1.3406940063091406,0.8675078864353233,0.010999999999999899,
510360,2019-10-28,1.285,1.288,1.288,1.277,140241.0,,0.8600469116497358,0.7036747458952399,0.009000000000000119,
510360,2019-10-29,1.29,1.285,1.29,1.283,151189.0,,0.5434782608695743,-0.23291925465839391,-0.0030000000000001137,
510360,2019-10-30,1.282,1.273,1.282,1.272,71077.0,,0.7782101167315182,-0.9338521400778219,-0.01200000000000001,
510360,2019-10-31,1.277,1.276,1.281,1.274,68034.0,,0.5498821681068261,0.23566378633150933,0.0030000000000001137,
510360,2019-11-01,1.274,1.297,1.298,1.273,135706.0,,1.9592476489028319,1.6457680250783626,0.020999999999999908,
510360,2019-11-04,1.297,1.304,1.307,1.297,35547.0,,0.7710100231303014,0.5397070161912196,0.007000000000000117,
510360,2019-11-05,1.307,1.31,1.321,1.301,70490.0,,1.533742331288345,0.46012269938650346,0.006000000000000005,
510360,2019-11-06,1.311,1.308,1.314,1.303,160819.0,,0.8396946564885589,-0.15267175572519096,-0.0020000000000000018,
510360,2019-11-07,1.308,1.309,1.315,1.303,75717.0,,0.9174311926605512,0.07645259938837078,0.0009999999999998899,
510360,2019-11-08,1.316,1.305,1.318,1.305,394277.0,,0.9931245225362966,-0.3055767761650118,-0.0040000000000000036,
510360,2019-11-11,1.295,1.283,1.295,1.281,259011.0,,1.0727969348659014,-1.6858237547892736,-0.02200000000000002,
510360,2019-11-12,1.283,1.279,1.285,1.271,128030.0,,1.0911925175370236,-0.3117692907248639,-0.0040000000000000036,
510360,2019-11-13,1.279,1.282,1.283,1.275,78851.0,,0.6254886630179834,0.23455824863175245,0.0030000000000001137,
510360,2019-11-14,1.283,1.282,1.288,1.279,44908.0,,0.7020280811232542,0.0,0.0,
510360,2019-11-15,1.284,1.273,1.286,1.273,127337.0,,1.0140405616224746,-0.7020280811232542,-0.009000000000000119,
510360,2019-11-18,1.274,1.284,1.286,1.271,54882.0,,1.1783189316575118,0.8641005498821775,0.01100000000000012,
510360,2019-11-19,1.284,1.295,1.296,1.284,41756.0,,0.9345794392523372,0.8566978193146338,0.010999999999999899,
510360,2019-11-20,1.293,1.283,1.295,1.28,33814.0,,1.1583011583011509,-0.9266409266409275,-0.01200000000000001,
510360,2019-11-21,1.28,1.278,1.281,1.271,69559.0,,0.7794232268121598,-0.3897116134060712,-0.004999999999999893,
510360,2019-11-22,1.278,1.261,1.287,1.257,96253.0,,2.3474178403755888,-1.330203442879509,-0.017000000000000126,
510360,2019-11-25,1.267,1.272,1.272,1.26,339093.0,,0.9516256938937361,0.8723235527359334,0.01100000000000012,
510360,2019-11-26,1.277,1.274,1.279,1.269,354713.0,,0.7861635220125793,0.15723270440251585,0.0020000000000000018,
510360,2019-11-27,1.273,1.271,1.276,1.267,148972.0,,0.7064364207221443,-0.23547880690738726,-0.0030000000000001137,
510360,2019-11-28,1.27,1.269,1.277,1.264,173376.0,,1.0228166797796934,-0.15735641227380032,-0.0020000000000000018,
510360,2019-11-29,1.269,1.256,1.269,1.248,228263.0,,1.6548463356973921,-1.0244286840031445,-0.0129999999999999,
510360,2019-12-02,1.253,1.26,1.265,1.253,142444.0,,0.9554140127388543,0.3184713375796181,0.0040000000000000036,
510360,2019-12-03,1.252,1.264,1.265,1.251,96752.0,,1.111111111111112,0.3174603174603177,0.0040000000000000036,
510360,2019-12-04,1.261,1.263,1.263,1.256,91017.0,,0.553797468354422,-0.07911392405064177,-0.001000000000000112,
510360,2019-12-05,1.267,1.273,1.275,1.266,95019.0,,0.7125890736341961,0.7917656373713389,0.010000000000000009,
510360,2019-12-06,1.274,1.281,1.281,1.272,74983.0,,0.7069913589944932,0.6284367635506682,0.008000000000000007,
510360,2019-12-09,1.284,1.279,1.284,1.275,67223.0,,0.7025761124121873,-0.15612802498048414,-0.0020000000000000018,
510360,2019-12-10,1.267,1.279,1.279,1.267,56290.0,,0.9382329945269752,0.0,0.0,
510360,2019-12-11,1.281,1.282,1.282,1.275,120469.0,,0.5473025801407442,0.23455824863175245,0.0030000000000001137,
510360,2019-12-12,1.279,1.277,1.28,1.275,51942.0,,0.39001560062403395,-0.39001560062403395,-0.0050000000000001155,
510360,2019-12-13,1.284,1.305,1.305,1.284,217200.0,,1.6444792482380506,2.192638997650746,0.028000000000000025,
510360,2019-12-16,1.305,1.309,1.309,1.297,323589.0,,0.9195402298850583,0.3065134099616861,0.0040000000000000036,
510360,2019-12-17,1.305,1.325,1.334,1.299,153436.0,,2.6737967914438614,1.222307104660047,0.016000000000000014,
510360,2019-12-18,1.325,1.32,1.332,1.319,59060.0,,0.9811320754717073,-0.3773584905660297,-0.004999999999999893,
510360,2019-12-19,1.322,1.321,1.324,1.318,51447.0,,0.454545454545455,0.0757575757575674,0.0009999999999998899,
510360,2019-12-20,1.323,1.319,1.327,1.318,50922.0,,0.6813020439061239,-0.15140045420136272,-0.0020000000000000018,
510360,2019-12-23,1.316,1.299,1.323,1.298,117600.0,,1.895375284306286,-1.5163002274450355,-0.020000000000000018,
510360,2019-12-24,1.303,1.309,1.311,1.3,77622.0,,0.8468052347959892,0.7698229407236343,0.010000000000000009,
510360,2019-12-25,1.307,1.309,1.316,1.305,517198.0,,0.8403361344537909,0.0,0.0,
510360,2019-12-26,1.311,1.318,1.318,1.309,331161.0,,0.6875477463712849,0.6875477463712849,0.009000000000000119,
510360,2019-12-27,1.322,1.317,1.333,1.316,391414.0,,1.2898330804248788,-0.07587253414264886,-0.001000000000000112,
510360,2019-12-30,1.314,1.335,1.34,1.312,182674.0,,2.126044039483677,1.3667425968109352,0.018000000000000016,
510360,2019-12-31,1.336,1.346,1.347,1.333,402061.0,,1.04868913857678,0.8239700374531925,0.01100000000000012,
510360,2020-01-02,1.353,1.36,1.368,1.352,141630.0,,1.188707280832096,1.040118870728084,0.014000000000000012,
510360,2020-01-03,1.36,1.358,1.366,1.353,151829.0,,0.9558823529411854,-0.14705882352941188,-0.0020000000000000018,
510360,2020-01-06,1.358,1.354,1.368,1.343,116898.0,,1.8409425625920568,-0.29455081001472777,-0.0040000000000000036,
510360,2020-01-07,1.36,1.361,1.363,1.354,60381.0,,0.6646971935007309,0.5169867060561222,0.006999999999999895,
510360,2020-01-08,1.357,1.349,1.36,1.346,212650.0,,1.0286554004408532,-0.8817046289493027,-0.01200000000000001,
510360,2020-01-09,1.357,1.362,1.365,1.357,1479054.0,,0.5930318754633066,0.9636767976278816,0.013000000000000123,
510360,2020-01-10,1.364,1.365,1.373,1.361,78627.0,,0.8810572687224677,0.2202643171806088,0.0029999999999998916,
510360,2020-01-13,1.365,1.378,1.378,1.36,28848.0,,1.3186813186813036,0.9523809523809452,0.0129999999999999,
510360,2020-01-14,1.382,1.372,1.384,1.372,76271.0,,0.8708272859216102,-0.43541364296079704,-0.005999999999999783,
510360,2020-01-15,1.373,1.364,1.373,1.361,134660.0,,0.8746355685131203,-0.5830903790087468,-0.008000000000000007,
510360,2020-01-16,1.365,1.361,1.366,1.358,105684.0,,0.5865102639296192,-0.21994134897361534,-0.0030000000000001137,
510360,2020-01-17,1.361,1.363,1.368,1.357,1103786.0,,0.8082292432035356,0.14695077149155047,0.0020000000000000018,
510360,2020-01-20,1.364,1.375,1.375,1.358,1466787.0,,1.2472487160674912,0.8804108584005879,0.01200000000000001,
510360,2020-01-21,1.375,1.351,1.375,1.348,149489.0,,1.9636363636363574,-1.745454545454547,-0.02400000000000002,
510360,2020-01-22,1.345,1.356,1.359,1.326,407173.0,,2.4426350851221255,0.37009622501851336,0.0050000000000001155,
510360,2020-01-23,1.331,1.316,1.345,1.301,100208.0,,3.244837758112097,-2.949852507374634,-0.040000000000000036,
510360,2020-02-03,1.261,1.192,1.266,1.184,253242.0,,6.231003039513682,-9.422492401215814,-0.12400000000000011,
510360,2020-02-04,1.19,1.242,1.243,1.19,436036.0,,4.446308724832228,4.194630872483225,0.050000000000000044,
510360,2020-02-05,1.243,1.257,1.268,1.24,167131.0,,2.254428341384865,1.207729468599026,0.014999999999999902,
510360,2020-02-06,1.257,1.279,1.287,1.249,268287.0,,3.0230708035003833,1.750198886237074,0.02200000000000002,
510360,2020-02-07,1.273,1.277,1.278,1.262,140949.0,,1.250977326035967,-0.15637216575449586,-0.0020000000000000018,
510360,2020-02-10,1.276,1.282,1.284,1.266,164248.0,,1.4095536413469083,0.3915426781519276,0.0050000000000001155,
510360,2020-02-11,1.282,1.295,1.301,1.282,98561.0,,1.4820592823712875,1.014040561622457,0.0129999999999999,
510360,2020-02-12,1.29,1.306,1.306,1.29,85984.0,,1.2355212355212368,0.8494208494208588,0.01100000000000012,
510360,2020-02-13,1.302,1.297,1.309,1.296,86226.0,,0.9954058192955513,-0.6891271056661653,-0.009000000000000119,
510360,2020-02-14,1.3,1.308,1.312,1.297,76917.0,,1.1565150346954607,0.8481110254433402,0.01100000000000012,
510360,2020-02-17,1.313,1.335,1.337,1.313,62095.0,,1.8348623853211024,2.0642201834862317,0.026999999999999913,
510360,2020-02-18,1.336,1.329,1.336,1.318,59495.0,,1.3483146067415743,-0.4494382022471914,-0.006000000000000005,
510360,2020-02-19,1.327,1.327,1.339,1.325,64275.0,,1.053423626787059,-0.15048908954100843,-0.0020000000000000018,
510360,2020-02-20,1.327,1.357,1.362,1.327,140411.0,,2.6375282592313596,2.260738507912587,0.030000000000000027,
510360,2020-02-21,1.357,1.362,1.372,1.355,30828.0,,1.2527634487840917,0.36845983787767983,0.0050000000000001155,
510360,2020-02-24,1.357,1.354,1.36,1.342,61261.0,,1.3215859030837016,-0.5873715124816451,-0.008000000000000007,
510360,2020-02-25,1.34,1.351,1.354,1.318,136652.0,,2.6587887740029563,-0.22156573116692124,-0.0030000000000001137,
510360,2020-02-26,1.34,1.334,1.351,1.33,244231.0,,1.5544041450777135,-1.2583271650629093,-0.016999999999999904,
510360,2020-02-27,1.338,1.337,1.346,1.331,203270.0,,1.1244377811094546,0.22488755622188092,0.0029999999999998916,
510360,2020-02-28,1.326,1.293,1.326,1.287,207808.0,,2.916978309648478,-3.2909498878085293,-0.04400000000000004,
510360,2020-03-02,1.292,1.337,1.345,1.292,101929.0,,4.098994586233561,3.4029389017788123,0.04400000000000004,
510360,2020-03-03,1.35,1.339,1.361,1.337,44512.0,,1.7950635751682888,0.14958863126402405,0.0020000000000000018,
510360,2020-03-04,1.339,1.348,1.349,1.331,55331.0,,1.3442867811799863,0.6721433905900015,0.009000000000000119,
510360,2020-03-05,1.355,1.379,1.385,1.355,45623.0,,2.22551928783383,2.299703264094949,0.030999999999999917,
510360,2020-03-06,1.379,1.36,1.379,1.358,33610.0,,1.5228426395939019,-1.3778100072516248,-0.018999999999999906,
510360,2020-03-09,1.36,1.314,1.36,1.311,24063.0,,3.602941176470599,-3.3823529411764732,-0.04600000000000004,
510360,2020-03-10,1.316,1.339,1.34,1.299,168463.0,,3.1202435312024464,1.9025875190258685,0.02499999999999991,
510360,2020-03-11,1.339,1.321,1.342,1.321,547576.0,,1.5683345780433258,-1.3442867811799863,-0.018000000000000016,
510360,2020-03-12,1.321,1.296,1.321,1.288,211868.0,,2.498107494322477,-1.8925056775170261,-0.02499999999999991,
510360,2020-03-13,1.265,1.28,1.295,1.228,181648.0,,5.169753086419749,-1.234567901234569,-0.016000000000000014,
510360,2020-03-16,1.282,1.223,1.292,1.22,121464.0,,5.625000000000005,-4.453124999999996,-0.05699999999999994,
510360,2020-03-17,1.233,1.219,1.247,1.188,285536.0,,4.824202780049073,-0.32706459525756365,-0.0040000000000000036,
510360,2020-03-18,1.22,1.196,1.24,1.194,82408.0,,3.7735849056603805,-1.8867924528301994,-0.02300000000000013,
510360,2020-03-19,1.191,1.182,1.2,1.151,93745.0,,4.096989966555179,-1.170568561872911,-0.014000000000000012,
510360,2020-03-20,1.185,1.203,1.204,1.177,31064.0,,2.2842639593908554,1.7766497461929047,0.02100000000000013,
510360,2020-03-23,1.195,1.159,1.195,1.156,71331.0,,3.2418952618453982,-3.657522859517875,-0.04400000000000004,
510360,2020-03-24,1.179,1.192,1.194,1.167,104294.0,,2.329594477998267,2.8472821397756616,0.03299999999999992,
510360,2020-03-25,1.201,1.227,1.229,1.201,158485.0,,2.348993288590606,2.936241610738267,0.03500000000000014,
510360,2020-03-26,1.227,1.216,1.228,1.211,176845.0,,1.3854930725346295,-0.8964955175224223,-0.01100000000000012,
510360,2020-03-27,1.226,1.222,1.236,1.221,158077.0,,1.2335526315789394,0.4934210526315794,0.006000000000000005,
510360,2020-03-30,1.211,1.209,1.213,1.197,167560.0,,1.3093289689034382,-1.0638297872340343,-0.0129999999999999,
510360,2020-03-31,1.213,1.213,1.221,1.208,189299.0,,1.0752688172043112,0.3308519437551698,0.0040000000000000036,
510360,2020-04-01,1.211,1.209,1.227,1.206,118539.0,,1.7312448474855837,-0.3297609233305856,-0.0040000000000000036,
510360,2020-04-02,1.209,1.227,1.23,1.203,32120.0,,2.233250620347387,1.4888337468982642,0.018000000000000016,
510360,2020-04-03,1.228,1.221,1.228,1.216,39984.0,,0.9779951100244507,-0.48899755501222536,-0.006000000000000005,
510360,2020-04-07,1.233,1.248,1.25,1.233,68934.0,,1.3923013923013845,2.211302211302204,0.026999999999999913,
510360,2020-04-08,1.248,1.243,1.248,1.238,73204.0,,0.8012820512820521,-0.4006410256410171,-0.004999999999999893,
510360,2020-04-09,1.252,1.247,1.252,1.245,60044.0,,0.5631536604987848,0.32180209171359636,0.0040000000000000036,
510360,2020-04-10,1.249,1.24,1.255,1.235,123011.0,,1.6038492381715952,-0.5613472333600735,-0.007000000000000117,
510360,2020-04-13,1.237,1.235,1.238,1.231,35464.0,,0.5645161290322496,-0.40322580645160433,-0.004999999999999893,
510360,2020-04-14,1.239,1.256,1.256,1.239,57309.0,,1.376518218623474,1.7004048582995874,0.020999999999999908,
510360,2020-04-15,1.253,1.248,1.258,1.247,13819.0,,0.8757961783439411,-0.6369426751592362,-0.008000000000000007,
510360,2020-04-16,1.244,1.249,1.252,1.241,30883.0,,0.8814102564102483,0.08012820512821409,0.001000000000000112,
510360,2020-04-17,1.256,1.264,1.269,1.256,54133.0,,1.0408326661328982,1.200960768614884,0.014999999999999902,
510360,2020-04-20,1.264,1.268,1.279,1.257,98774.0,,1.7405063291139258,0.31645569620253194,0.0040000000000000036,
510360,2020-04-21,1.268,1.252,1.268,1.242,206381.0,,2.0504731861198757,-1.2618296529968467,-0.016000000000000014,
510360,2020-04-22,1.252,1.262,1.262,1.242,68960.0,,1.5974440894568702,0.7987220447284351,0.010000000000000009,
510360,2020-04-23,1.263,1.26,1.269,1.256,107843.0,,1.0301109350237638,-0.15847860538827271,-0.0020000000000000018,
510360,2020-04-24,1.262,1.249,1.262,1.245,254262.0,,1.3492063492063417,-0.873015873015865,-0.010999999999999899,
510360,2020-04-27,1.27,1.254,1.27,1.247,256750.0,,1.8414731785428269,0.4003202562049554,0.004999999999999893,
510360,2020-04-28,1.258,1.267,1.269,1.24,128380.0,,2.312599681020727,1.036682615629976,0.0129999999999999,
510360,2020-04-29,1.267,1.266,1.275,1.257,38081.0,,1.4206787687450686,-0.07892659826360615,-0.0009999999999998899,
510360,2020-04-30,1.273,1.288,1.29,1.273,97532.0,,1.3428120063191253,1.737756714060033,0.02200000000000002,
510360,2020-05-06,1.276,1.294,1.295,1.264,167913.0,,2.4068322981366395,0.46583850931677057,0.006000000000000005,
510360,2020-05-07,1.284,1.29,1.294,1.284,177761.0,,0.7727975270479142,-0.30911901081916565,-0.0040000000000000036,
510360,2020-05-08,1.292,1.304,1.31,1.292,82412.0,,1.3953488372093035,1.0852713178294582,0.014000000000000012,
510360,2020-05-11,1.309,1.302,1.315,1.299,56265.0,,1.226993865030676,-0.1533742331288345,-0.0020000000000000018,
510360,2020-05-12,1.302,1.302,1.304,1.294,34087.0,,0.7680491551459301,0.0,0.0,
510360,2020-05-13,1.298,1.306,1.307,1.295,14268.0,,0.9216589861751161,0.307219662058372,0.0040000000000000036,
510360,2020-05-14,1.303,1.293,1.303,1.292,103128.0,,0.8422664624808498,-0.9954058192955683,-0.013000000000000123,
510360,2020-05-15,1.313,1.288,1.313,1.286,77430.0,,2.0881670533642627,-0.3866976024748564,-0.004999999999999893,
510360,2020-05-18,1.29,1.291,1.298,1.283,99279.0,,1.164596273291935,0.23291925465837668,0.0029999999999998916,
510360,2020-05-19,1.301,1.302,1.305,1.297,144461.0,,0.6196746707978317,0.8520526723470272,0.01100000000000012,
510360,2020-05-20,1.302,1.295,1.302,1.291,58590.0,,0.8448540706605315,-0.5376344086021595,-0.007000000000000117,
510360,2020-05-21,1.297,1.287,1.3,1.286,60756.0,,1.0810810810810823,-0.6177606177606184,-0.008000000000000007,
510360,2020-05-22,1.286,1.262,1.286,1.257,85411.0,,2.253302253302264,-1.9425019425019359,-0.02499999999999991,
510360,2020-05-25,1.262,1.261,1.263,1.252,43957.0,,0.8716323296354913,-0.07923930269414517,-0.001000000000000112,
510360,2020-05-26,1.261,1.276,1.276,1.261,61764.0,,1.189532117367179,1.189532117367179,0.015000000000000124,
510360,2020-05-27,1.273,1.268,1.276,1.264,24644.0,,0.9404388714733549,-0.6269592476489034,-0.008000000000000007,
510360,2020-05-28,1.263,1.268,1.28,1.257,1705688.0,,1.8138801261829756,0.0,0.0,
510360,2020-05-29,1.266,1.273,1.277,1.26,163677.0,,1.3406940063091406,0.39432176656150575,0.004999999999999893,
510360,2020-06-01,1.281,1.307,1.311,1.281,151410.0,,2.3566378633150062,2.67085624509034,0.03400000000000003,
510360,2020-06-02,1.307,1.312,1.314,1.304,56482.0,,0.7651109410864583,0.38255547054323763,0.0050000000000001155,
510360,2020-06-03,1.314,1.314,1.325,1.313,90566.0,,0.9146341463414642,0.15243902439024404,0.0020000000000000018,
510360,2020-06-04,1.313,1.312,1.32,1.309,31656.0,,0.8371385083713943,-0.15220700152207015,-0.0020000000000000018,
510360,2020-06-05,1.302,1.319,1.319,1.302,24826.0,,1.2957317073170658,0.5335365853658456,0.006999999999999895,
510360,2020-06-08,1.321,1.325,1.336,1.321,87269.0,,1.137225170583785,0.45489006823351064,0.006000000000000005,
510360,2020-06-09,1.324,1.334,1.335,1.32,179424.0,,1.1320754716981059,0.6792452830188769,0.009000000000000119,
510360,2020-06-10,1.331,1.333,1.334,1.327,126100.0,,0.5247376311844165,-0.07496251874063807,-0.001000000000000112,
510360,2020-06-11,1.333,1.32,1.335,1.315,53383.0,,1.5003750937734448,-0.9752438109527308,-0.0129999999999999,
510360,2020-06-12,1.3,1.321,1.326,1.3,143853.0,,1.9696969696969713,0.0757575757575674,0.0009999999999998899,
510360,2020-06-15,1.321,1.31,1.324,1.307,99990.0,,1.2869038607115917,-0.8327024981074866,-0.010999999999999899,
510360,2020-06-16,1.32,1.326,1.327,1.316,86251.0,,0.8396946564885419,1.2213740458015276,0.016000000000000014,
510360,2020-06-17,1.326,1.328,1.329,1.32,32106.0,,0.6787330316742004,0.1508295625942686,0.0020000000000000018,
510360,2020-06-18,1.321,1.338,1.339,1.321,46282.0,,1.355421686746989,0.7530120481927717,0.010000000000000009,
510360,2020-06-19,1.324,1.356,1.361,1.324,245150.0,,2.76532137518684,1.345291479820629,0.018000000000000016,
510360,2020-06-22,1.356,1.356,1.365,1.352,88404.0,,0.9587020648967477,0.0,0.0,
510360,2020-06-23,1.352,1.363,1.364,1.35,208277.0,,1.0324483775811217,0.5162241887905528,0.006999999999999895,
510360,2020-06-24,1.362,1.373,1.373,1.362,95516.0,,0.8070432868671974,0.7336757153338231,0.010000000000000009,
510360,2020-06-29,1.373,1.362,1.373,1.355,52731.0,,1.310997815003643,-0.8011653313911069,-0.010999999999999899,
510360,2020-06-30,1.37,1.38,1.39,1.37,88873.0,,1.4684287812040964,1.3215859030836852,0.017999999999999794,
510360,2020-07-01,1.38,1.406,1.408,1.38,117947.0,,2.0289855072463787,1.8840579710144947,0.026000000000000023,
510360,2020-07-02,1.412,1.436,1.439,1.407,302454.0,,2.275960170697015,2.1337126600284515,0.030000000000000027,
510360,2020-07-03,1.437,1.468,1.468,1.437,132955.0,,2.158774373259047,2.2284122562674114,0.03200000000000003,
510360,2020-07-06,1.47,1.568,1.6,1.47,1797556.0,,8.85558583106268,6.811989100817445,0.10000000000000009,
510360,2020-07-07,1.591,1.559,1.7,1.553,211463.0,,9.375000000000002,-0.5739795918367423,-0.009000000000000119,
510360,2020-07-08,1.558,1.584,1.595,1.548,719525.0,,3.0147530468248833,1.6035920461834596,0.025000000000000133,
510360,2020-07-09,1.581,1.605,1.61,1.574,766308.0,,2.2727272727272747,1.32575757575757,0.020999999999999908,
510360,2020-07-10,1.581,1.578,1.602,1.572,417429.0,,1.8691588785046744,-1.6822429906542,-0.026999999999999913,
510360,2020-07-13,1.575,1.612,1.621,1.575,416188.0,,2.9150823827629937,2.1546261089987344,0.03400000000000003,
510360,2020-07-14,1.611,1.597,1.615,1.574,739143.0,,2.5434243176178613,-0.9305210918114222,-0.015000000000000124,
510360,2020-07-15,1.594,1.578,1.611,1.573,860472.0,,2.379461490294304,-1.189730745147145,-0.018999999999999906,
510360,2020-07-16,1.58,1.509,1.592,1.505,348213.0,,5.513307984790886,-4.372623574144498,-0.06900000000000017,
510360,2020-07-17,1.51,1.515,1.536,1.498,361729.0,,2.518223989396954,0.39761431411530856,0.006000000000000005,
510360,2020-07-20,1.512,1.564,1.566,1.512,208638.0,,3.5643564356435675,3.2343234323432446,0.049000000000000155,
510360,2020-07-21,1.564,1.564,1.575,1.556,130437.0,,1.2148337595907868,0.0,0.0,
510360,2020-07-22,1.567,1.577,1.603,1.565,97816.0,,2.4296675191815877,0.8312020460357993,0.0129999999999999,
510360,2020-07-23,1.579,1.575,1.582,1.541,85318.0,,2.5998731769182086,-0.12682308180088786,-0.0020000000000000018,
510360,2020-07-24,1.575,1.508,1.575,1.497,86709.0,,4.952380952380943,-4.253968253968251,-0.06699999999999995,
510360,2020-07-27,1.524,1.516,1.528,1.499,50045.0,,1.9230769230769174,0.5305039787798413,0.008000000000000007,
510360,2020-07-28,1.519,1.528,1.534,1.518,77449.0,,1.0554089709762544,0.7915567282321907,0.01200000000000001,
510360,2020-07-29,1.521,1.568,1.57,1.512,45287.0,,3.795811518324611,2.6178010471204214,0.040000000000000036,
510360,2020-07-30,1.568,1.56,1.581,1.557,29549.0,,1.5306122448979604,-0.5102040816326534,-0.008000000000000007,
510360,2020-07-31,1.553,1.571,1.589,1.547,23822.0,,2.6923076923076947,0.7051282051281986,0.010999999999999899,
510360,2020-08-03,1.575,1.596,1.596,1.575,154761.0,,1.3367281985996264,1.5913430935709825,0.025000000000000133,
510360,2020-08-04,1.596,1.596,1.607,1.588,275157.0,,1.1904761904761845,0.0,0.0,
510360,2020-08-05,1.596,1.596,1.601,1.576,643055.0,,1.566416040100245,0.0,0.0,
510360,2020-08-06,1.591,1.593,1.605,1.57,257387.0,,2.1929824561403457,-0.1879699248120372,-0.0030000000000001137,
510360,2020-08-07,1.592,1.576,1.592,1.553,95168.0,,2.448210922787203,-1.0671688637790273,-0.016999999999999904,
510360,2020-08-10,1.579,1.581,1.591,1.553,25438.0,,2.4111675126903576,0.3172588832487242,0.004999999999999893,
510360,2020-08-11,1.581,1.569,1.603,1.564,27547.0,,2.4667931688804505,-0.7590132827324485,-0.01200000000000001,
510360,2020-08-12,1.569,1.557,1.569,1.53,47787.0,,2.485659655831735,-0.764818355640536,-0.01200000000000001,
510360,2020-08-13,1.557,1.552,1.562,1.548,26545.0,,0.8991650610147728,-0.32113037893384033,-0.004999999999999893,
510360,2020-08-14,1.553,1.579,1.579,1.55,78245.0,,1.8685567010309223,1.739690721649479,0.026999999999999913,
510360,2020-08-17,1.58,1.614,1.621,1.58,66055.0,,2.5965801139961955,2.216592780240668,0.03500000000000014,
510360,2020-08-18,1.62,1.611,1.62,1.604,56734.0,,0.9913258983890962,-0.18587360594796243,-0.0030000000000001137,
510360,2020-08-19,1.611,1.593,1.612,1.589,39643.0,,1.4276846679081399,-1.117318435754191,-0.018000000000000016,
510360,2020-08-20,1.59,1.57,1.59,1.565,30094.0,,1.5693659761456455,-1.4438166980539806,-0.02299999999999991,
510360,2020-08-21,1.57,1.584,1.592,1.57,15241.0,,1.4012738853503197,0.8917197452229307,0.014000000000000012,
510360,2020-08-24,1.584,1.596,1.614,1.583,23208.0,,1.9570707070707158,0.7575757575757582,0.01200000000000001,
510360,2020-08-25,1.6,1.598,1.612,1.593,15495.0,,1.1904761904761985,0.12531328320802015,0.0020000000000000018,
510360,2020-08-26,1.598,1.58,1.608,1.576,20373.0,,2.002503128911141,-1.1264080100125167,-0.018000000000000016,
510360,2020-08-27,1.587,1.589,1.589,1.573,6720.0,,1.0126582278481022,0.5696202531645504,0.008999999999999897,
510360,2020-08-28,1.589,1.627,1.627,1.585,26708.0,,2.643171806167403,2.3914411579609838,0.038000000000000034,
510360,2020-08-31,1.627,1.62,1.646,1.616,22105.0,,1.8438844499077938,-0.4302397049784816,-0.006999999999999895,
510360,2020-09-01,1.62,1.628,1.629,1.612,22956.0,,1.0493827160493767,0.49382716049381387,0.007999999999999785,
510360,2020-09-02,1.629,1.627,1.635,1.613,51509.0,,1.3513513513513526,-0.06142506142505467,-0.0009999999999998899,
510360,2020-09-03,1.631,1.619,1.638,1.614,54636.0,,1.4751075599262322,-0.49170251997541525,-0.008000000000000007,
510360,2020-09-04,1.6,1.604,1.609,1.591,41403.0,,1.1117974058060542,-0.9264978381717048,-0.014999999999999902,
510360,2020-09-07,1.605,1.572,1.61,1.566,60237.0,,2.7431421446384063,-1.9950124688279318,-0.03200000000000003,
510360,2020-09-08,1.573,1.58,1.583,1.561,45472.0,,1.399491094147584,0.5089058524173032,0.008000000000000007,
510360,2020-09-09,1.575,1.543,1.575,1.533,36003.0,,2.658227848101268,-2.341772151898743,-0.037000000000000144,
510360,2020-09-10,1.56,1.541,1.571,1.54,13514.0,,2.009073233959813,-0.12961762799740778,-0.0020000000000000018,
510360,2020-09-11,1.542,1.558,1.559,1.536,12652.0,,1.4925373134328301,1.1031797534068868,0.017000000000000126,
510360,2020-09-14,1.557,1.565,1.57,1.556,80931.0,,0.8985879332477542,0.44929396662387,0.006999999999999895,
510360,2020-09-15,1.566,1.578,1.578,1.557,99932.0,,1.3418530351437783,0.8306709265175797,0.013000000000000123,
510360,2020-09-16,1.581,1.569,1.584,1.557,24919.0,,1.7110266159695902,-0.5703422053232013,-0.009000000000000119,
510360,2020-09-17,1.561,1.56,1.581,1.55,17769.0,,1.9757807520713777,-0.573613766730395,-0.008999999999999897,
510360,2020-09-18,1.561,1.596,1.597,1.551,30848.0,,2.948717948717951,2.3076923076923097,0.03600000000000003,
510360,2020-09-21,1.601,1.582,1.617,1.578,154148.0,,2.443609022556386,-0.8771929824561412,-0.014000000000000012,
510360,2020-09-22,1.579,1.562,1.584,1.558,75020.0,,1.6434892541087245,-1.2642225031605574,-0.020000000000000018,
510360,2020-09-23,1.563,1.567,1.572,1.557,49254.0,,0.9603072983354752,0.32010243277848227,0.004999999999999893,
510360,2020-09-24,1.566,1.539,1.566,1.536,91717.0,,1.9144862795149986,-1.7868538608806654,-0.028000000000000025,
510360,2020-09-25,1.54,1.542,1.55,1.535,51428.0,,0.9746588693957196,0.1949317738791497,0.0030000000000001137,
510360,2020-09-28,1.542,1.542,1.554,1.538,215743.0,,1.0376134889753574,0.0,0.0,
510360,2020-09-29,1.545,1.549,1.556,1.545,333602.0,,0.7133592736705655,0.4539559014267117,0.006999999999999895,
510360,2020-09-30,1.561,1.547,1.561,1.535,126083.0,,1.6785022595222738,-0.1291155584247903,-0.0020000000000000018,
510360,2020-10-09,1.555,1.577,1.582,1.555,25021.0,,1.745313510019401,1.9392372333548822,0.030000000000000027,
510360,2020-10-12,1.59,1.624,1.626,1.585,35573.0,,2.5998731769181944,2.980342422320872,0.04700000000000015,
510360,2020-10-13,1.625,1.631,1.633,1.613,27944.0,,1.23152709359606,0.43103448275861417,0.006999999999999895,
510360,2020-10-14,1.631,1.619,1.631,1.615,22200.0,,0.9809932556713681,-0.7357449417535261,-0.01200000000000001,
510360,2020-10-15,1.63,1.619,1.63,1.615,10602.0,,0.9264978381717048,0.0,0.0,
510360,2020-10-16,1.62,1.615,1.625,1.607,70078.0,,1.1117974058060542,-0.24706609017912315,-0.0040000000000000036,
510360,2020-10-19,1.62,1.603,1.634,1.6,63402.0,,2.105263157894725,-0.7430340557275549,-0.01200000000000001,
510360,2020-10-20,1.602,1.614,1.615,1.598,6897.0,,1.0605115408608798,0.686213349968816,0.01100000000000012,
510360,2020-10-21,1.616,1.614,1.617,1.605,24278.0,,0.7434944237918222,0.0,0.0,
510360,2020-10-22,1.61,1.611,1.616,1.592,16765.0,,1.4869888475836444,-0.18587360594796243,-0.0030000000000001137,
510360,2020-10-23,1.611,1.595,1.618,1.589,22202.0,,1.8001241464928701,-0.9931719428926141,-0.016000000000000014,
510360,2020-10-26,1.595,1.583,1.615,1.567,29770.0,,3.0094043887147364,-0.7523510971786841,-0.01200000000000001,
510360,2020-10-27,1.576,1.586,1.59,1.575,16042.0,,0.9475679090334886,0.18951358180670336,0.0030000000000001137,
510360,2020-10-28,1.575,1.595,1.601,1.575,28295.0,,1.6393442622950833,0.5674653215636757,0.008999999999999897,
510360,2020-10-29,1.59,1.613,1.619,1.581,115496.0,,2.382445141065833,1.128526645768026,0.018000000000000016,
510360,2020-10-30,1.61,1.584,1.611,1.58,113748.0,,1.9218846869187796,-1.7978921264724064,-0.028999999999999915,
510360,2020-11-02,1.584,1.592,1.597,1.583,80094.0,,0.8838383838383845,0.5050505050505054,0.008000000000000007,
510360,2020-11-03,1.598,1.61,1.617,1.597,89345.0,,1.2562814070351769,1.1306532663316593,0.018000000000000016,
510360,2020-11-04,1.608,1.622,1.627,1.607,79625.0,,1.2422360248447215,0.7453416149068329,0.01200000000000001,
510360,2020-11-05,1.626,1.644,1.646,1.626,100191.0,,1.2330456226880404,1.356350184956831,0.021999999999999797,
510360,2020-11-06,1.65,1.646,1.65,1.634,48628.0,,0.973236009732361,0.12165450121654513,0.0020000000000000018,
510360,2020-11-09,1.647,1.678,1.685,1.647,96442.0,,2.3086269744835985,1.9441069258809254,0.03200000000000003,
510360,2020-11-10,1.697,1.67,1.697,1.662,83737.0,,2.085816448152571,-0.4767580452920147,-0.008000000000000007,
510360,2020-11-11,1.661,1.654,1.67,1.653,52087.0,,1.0179640718562817,-0.9580838323353302,-0.016000000000000014,
510360,2020-11-12,1.654,1.655,1.661,1.65,69998.0,,0.6650544135429336,0.0604594921402728,0.001000000000000112,
510360,2020-11-13,1.654,1.639,1.654,1.629,34728.0,,1.5105740181268827,-0.9667673716012093,-0.016000000000000014,
510360,2020-11-16,1.641,1.653,1.653,1.635,22781.0,,1.0982306284319716,0.8541793776693113,0.014000000000000012,
510360,2020-11-17,1.658,1.651,1.659,1.641,8970.0,,1.088929219600727,-0.12099213551119187,-0.0020000000000000018,
510360,2020-11-18,1.661,1.652,1.661,1.642,26643.0,,1.1508176862507649,0.060569351907927914,0.0009999999999998899,
510360,2020-11-19,1.65,1.664,1.667,1.642,24346.0,,1.5133171912833012,0.7263922518159813,0.01200000000000001,
510360,2020-11-20,1.655,1.669,1.67,1.655,20654.0,,0.9014423076923019,0.3004807692307762,0.0050000000000001155,
510360,2020-11-23,1.666,1.687,1.694,1.666,18758.0,,1.6776512881965262,1.078490113840624,0.018000000000000016,
510360,2020-11-24,1.69,1.679,1.69,1.675,49193.0,,0.8891523414344934,-0.47421458209839995,-0.008000000000000007,
510360,2020-11-25,1.682,1.658,1.691,1.658,64517.0,,1.9654556283502167,-1.250744490768322,-0.02100000000000013,
510360,2020-11-26,1.658,1.66,1.661,1.643,63604.0,,1.0856453558504233,0.12062726176115815,0.0020000000000000018,
510360,2020-11-27,1.658,1.681,1.681,1.658,58537.0,,1.385542168674707,1.2650602409638632,0.02100000000000013,
510360,2020-11-30,1.678,1.677,1.707,1.675,62798.0,,1.9036287923854862,-0.23795359904818578,-0.0040000000000000036,
510360,2020-12-01,1.677,1.71,1.712,1.677,69151.0,,2.0870602265951055,1.967799642218242,0.03299999999999992,
510360,2020-12-02,1.71,1.71,1.718,1.702,149960.0,,0.9356725146198839,0.0,0.0,
510360,2020-12-03,1.71,1.709,1.713,1.7,163519.0,,0.7602339181286621,-0.05847953216373625,-0.0009999999999998899,
510360,2020-12-04,1.71,1.711,1.712,1.694,104067.0,,1.0532475131655947,0.11702750146284385,0.0020000000000000018,
510360,2020-12-07,1.711,1.698,1.711,1.693,84778.0,,1.0520163646990073,-0.7597895967270674,-0.013000000000000123,
510360,2020-12-08,1.7,1.693,1.704,1.689,41773.0,,0.8833922261484042,-0.294464075382797,-0.004999999999999893,
510360,2020-12-09,1.696,1.671,1.701,1.669,106784.0,,1.890135853514473,-1.2994683992912002,-0.02200000000000002,
510360,2020-12-10,1.671,1.668,1.677,1.663,61496.0,,0.8378216636744472,-0.17953321364453104,-0.0030000000000001137,
510360,2020-12-11,1.669,1.652,1.675,1.639,50406.0,,2.1582733812949657,-0.9592326139088738,-0.016000000000000014,
510360,2020-12-14,1.653,1.666,1.666,1.652,27688.0,,0.8474576271186449,0.8474576271186449,0.014000000000000012,
510360,2020-12-15,1.666,1.669,1.672,1.655,29355.0,,1.0204081632653006,0.18007202881153145,0.0030000000000001137,
510360,2020-12-16,1.672,1.671,1.675,1.666,13994.0,,0.5392450569203188,0.11983223487118046,0.0020000000000000018,
510360,2020-12-17,1.672,1.694,1.697,1.67,61050.0,,1.6157989228007263,1.3764213046080136,0.02299999999999991,
510360,2020-12-18,1.696,1.69,1.697,1.682,61707.0,,0.8854781582054383,-0.2361275088547818,-0.0040000000000000036,
510360,2020-12-21,1.69,1.707,1.707,1.678,45141.0,,1.715976331360955,1.005917159763321,0.017000000000000126,
510360,2020-12-22,1.707,1.678,1.707,1.675,63709.0,,1.8746338605741084,-1.698886936145292,-0.029000000000000137,
510360,2020-12-23,1.689,1.691,1.699,1.68,48486.0,,1.1323003575685415,0.7747318235995305,0.013000000000000123,
510360,2020-12-24,1.691,1.69,1.699,1.683,49857.0,,0.9461856889414555,-0.05913660555884754,-0.001000000000000112,
510360,2020-12-25,1.688,1.702,1.703,1.679,184507.0,,1.4201183431952675,0.7100591715976338,0.01200000000000001,
510360,2020-12-28,1.702,1.709,1.719,1.699,47416.0,,1.1750881316098718,0.4112808460634616,0.007000000000000117,
510360,2020-12-29,1.71,1.703,1.717,1.702,37413.0,,0.8777062609713355,-0.3510825043885316,-0.006000000000000005,
510360,2020-12-30,1.701,1.724,1.724,1.701,42444.0,,1.350557839107452,1.2331180270111513,0.020999999999999908,
510360,2020-12-31,1.732,1.758,1.761,1.728,37407.0,,1.9141531322505754,1.9721577726218114,0.03400000000000003,
510360,2021-01-04,1.76,1.779,1.786,1.753,104045.0,,1.8771331058020555,1.1945392491467524,0.020999999999999908,
510360,2021-01-05,1.79,1.812,1.814,1.76,59470.0,,3.0354131534570015,1.854974704890396,0.03300000000000014,
510360,2021-01-06,1.812,1.828,1.837,1.806,36808.0,,1.7108167770419378,0.8830022075055195,0.016000000000000014,
510360,2021-01-07,1.838,1.86,1.865,1.826,101070.0,,2.133479212253825,1.7505470459518613,0.03200000000000003,
510360,2021-01-08,1.883,1.857,1.886,1.839,46743.0,,2.5268817204301035,-0.16129032258065126,-0.0030000000000001137,
510360,2021-01-11,1.857,1.839,1.875,1.829,68330.0,,2.477113624124935,-0.9693053311793223,-0.018000000000000016,
510360,2021-01-12,1.839,1.891,1.895,1.789,45095.0,,5.7640021750951655,2.827623708537251,0.052000000000000046,
510360,2021-01-13,1.891,1.883,1.905,1.874,47635.0,,1.6393442622950776,-0.42305658381808603,-0.008000000000000007,
510360,2021-01-14,1.884,1.853,1.884,1.845,62197.0,,2.0711630377057846,-1.593202336696762,-0.030000000000000027,
510360,2021-01-15,1.873,1.849,1.874,1.822,79113.0,,2.8062601187263922,-0.21586616297895322,-0.0040000000000000036,
510360,2021-01-18,1.846,1.864,1.873,1.823,124931.0,,2.7041644131963247,0.8112493239589035,0.015000000000000124,
510360,2021-01-19,1.865,1.836,1.868,1.829,223035.0,,2.0922746781115955,-1.5021459227467824,-0.028000000000000025,
510360,2021-01-20,1.836,1.847,1.856,1.834,120421.0,,1.1982570806100228,0.5991285403050053,0.010999999999999899,
510360,2021-01-21,1.852,1.879,1.889,1.852,137575.0,,2.003248511099075,1.7325392528424486,0.03200000000000003,
510360,2021-01-22,1.879,1.88,1.883,1.863,118592.0,,1.0643959552953708,0.053219797764762634,0.0009999999999998899,
510360,2021-01-25,1.881,1.901,1.913,1.871,85652.0,,2.2340425531914914,1.1170212765957517,0.02100000000000013,
510360,2021-01-26,1.901,1.867,1.901,1.86,115294.0,,2.1567596002104117,-1.7885323513940048,-0.03400000000000003,
510360,2021-01-27,1.865,1.864,1.87,1.839,178757.0,,1.6604177825388398,-0.16068559185859088,-0.0029999999999998916,
510360,2021-01-28,1.854,1.817,1.854,1.81,218863.0,,2.3605150214592294,-2.521459227467819,-0.04700000000000015,
510360,2021-01-29,1.826,1.808,1.833,1.786,178060.0,,2.5866813428728634,-0.4953219592735221,-0.008999999999999897,
510360,2021-02-01,1.808,1.829,1.83,1.805,173326.0,,1.3827433628318657,1.161504424778756,0.020999999999999908,
510360,2021-02-02,1.829,1.857,1.858,1.826,227603.0,,1.7495899398578474,1.5308911973756165,0.028000000000000025,
510360,2021-02-03,1.858,1.85,1.868,1.848,206456.0,,1.0770059235325804,-0.3769520732363972,-0.006999999999999895,
510360,2021-02-04,1.851,1.846,1.857,1.826,422128.0,,1.675675675675671,-0.2162162162162164,-0.0040000000000000036,
510360,2021-02-05,1.847,1.851,1.873,1.847,259492.0,,1.4084507042253533,0.2708559046587158,0.004999999999999893,
510360,2021-02-08,1.851,1.874,1.881,1.851,161705.0,,1.6207455429497581,1.242571582928154,0.02300000000000013,
510360,2021-02-09,1.874,1.919,1.921,1.874,363311.0,,2.5080042689434325,2.401280683030946,0.04499999999999993,
510360,2021-02-10,1.919,1.959,1.968,1.919,308522.0,,2.5534132360604445,2.0844189682126126,0.040000000000000036,
510360,2021-02-18,2.0,1.947,2.008,1.94,227929.0,,3.4711587544665674,-0.612557427258806,-0.01200000000000001,
510360,2021-02-19,1.946,1.951,1.954,1.913,280664.0,,2.105803800719051,0.2054442732408836,0.0040000000000000036,
510360,2021-02-22,1.945,1.889,1.951,1.889,163687.0,,3.1778575089697623,-3.1778575089697623,-0.062000000000000055,
510360,2021-02-23,1.889,1.886,1.905,1.875,114605.0,,1.588141874007413,-0.15881418740074715,-0.0030000000000001137,
510360,2021-02-24,1.887,1.835,1.893,1.817,265763.0,,4.029692470837755,-2.704135737009541,-0.050999999999999934,
510360,2021-02-25,1.84,1.851,1.865,1.839,164448.0,,1.4168937329700286,0.8719346049046329,0.016000000000000014,
510360,2021-02-26,1.836,1.803,1.836,1.798,272313.0,,2.0529443544030275,-2.5931928687196133,-0.04800000000000004,
510360,2021-03-01,1.823,1.83,1.83,1.807,142557.0,,1.2756516916250766,1.4975041597337846,0.027000000000000135,
510360,2021-03-02,1.838,1.808,1.841,1.792,147887.0,,2.677595628415297,-1.2021857923497277,-0.02200000000000002,
510360,2021-03-03,1.804,1.838,1.84,1.798,123001.0,,2.323008849557524,1.6592920353982317,0.030000000000000027,
510360,2021-03-04,1.834,1.79,1.834,1.778,155488.0,,3.0467899891186097,-2.61153427638738,-0.04800000000000004,
510360,2021-03-05,1.776,1.783,1.795,1.752,133675.0,,2.402234636871504,-0.391061452513973,-0.007000000000000117,
510360,2021-03-08,1.787,1.722,1.801,1.718,204809.0,,4.65507571508693,-3.421200224340995,-0.06099999999999994,
510360,2021-03-09,1.722,1.686,1.722,1.665,205060.0,,3.310104529616721,-2.0905923344947754,-0.03600000000000003,
510360,2021-03-10,1.69,1.691,1.71,1.685,114524.0,,1.4827995255041466,0.29655990510083724,0.0050000000000001155,
510360,2021-03-11,1.705,1.732,1.735,1.696,277224.0,,2.3063276167948046,2.424600827912473,0.040999999999999925,
510360,2021-03-12,1.738,1.741,1.743,1.721,137997.0,,1.2702078521939966,0.5196304849884595,0.009000000000000119,
510360,2021-03-15,1.736,1.704,1.741,1.69,160828.0,,2.929350947731198,-2.1252153934520472,-0.037000000000000144,
510360,2021-03-16,1.709,1.713,1.719,1.696,63762.0,,1.34976525821597,0.5281690140845141,0.009000000000000119,
510360,2021-03-17,1.713,1.723,1.734,1.697,100179.0,,2.1599532983070593,0.5837711617046123,0.010000000000000009,
510360,2021-03-18,1.723,1.739,1.743,1.723,59442.0,,1.1607661056297167,0.9286128845037732,0.016000000000000014,
510360,2021-03-19,1.729,1.698,1.729,1.685,121649.0,,2.5301897642323197,-2.3576768257619407,-0.04100000000000015,
510360,2021-03-22,1.698,1.708,1.714,1.688,69635.0,,1.5312131919905785,0.5889281507656071,0.010000000000000009,
510360,2021-03-23,1.708,1.696,1.711,1.679,37082.0,,1.8735362997658096,-0.7025761124121785,-0.01200000000000001,
510360,2021-03-24,1.69,1.671,1.7,1.666,78829.0,,2.0047169811320775,-1.4740566037735796,-0.02499999999999991,
510360,2021-03-25,1.671,1.669,1.68,1.655,66119.0,,1.4961101137043633,-0.1196888090963496,-0.0020000000000000018,
510360,2021-03-26,1.676,1.701,1.708,1.676,277028.0,,1.9173157579388873,1.9173157579388873,0.03200000000000003,
510360,2021-03-29,1.713,1.706,1.718,1.693,163727.0,,1.469723691945909,0.29394473838917656,0.004999999999999893,
510360,2021-03-30,1.701,1.722,1.725,1.701,79555.0,,1.4067995310668242,0.9378663540445494,0.016000000000000014,
510360,2021-03-31,1.717,1.712,1.717,1.697,52152.0,,1.1614401858304308,-0.5807200929152154,-0.010000000000000009,
510360,2021-04-01,1.71,1.728,1.731,1.71,42543.0,,1.226635514018699,0.9345794392523372,0.016000000000000014,
510360,2021-04-02,1.728,1.745,1.747,1.728,46952.0,,1.0995370370370445,0.9837962962963036,0.017000000000000126,
510360,2021-04-06,1.747,1.738,1.752,1.73,46447.0,,1.2607449856733535,-0.40114613180516434,-0.007000000000000117,
510360,2021-04-07,1.738,1.726,1.738,1.715,44953.0,,1.3233601841196727,-0.6904487917146152,-0.01200000000000001,
510360,2021-04-08,1.729,1.729,1.735,1.715,22729.0,,1.1587485515643117,0.17381228273465318,0.0030000000000001137,
510360,2021-04-09,1.73,1.708,1.73,1.701,57556.0,,1.6772700983227247,-1.2145748987854326,-0.02100000000000013,
510360,2021-04-12,1.707,1.68,1.716,1.67,63937.0,,2.693208430913351,-1.6393442622950833,-0.028000000000000025,
510360,2021-04-13,1.68,1.675,1.69,1.666,44479.0,,1.42857142857143,-0.2976190476190413,-0.004999999999999893,
510360,2021-04-14,1.675,1.684,1.687,1.67,35218.0,,1.0149253731343357,0.5373134328358147,0.008999999999999897,
510360,2021-04-15,1.684,1.676,1.685,1.659,57757.0,,1.5439429928741109,-0.4750593824228033,-0.008000000000000007,
510360,2021-04-16,1.677,1.678,1.685,1.665,35402.0,,1.1933174224343688,0.11933174224343687,0.0020000000000000018,
510360,2021-04-19,1.678,1.719,1.723,1.673,49881.0,,2.9797377830750924,2.4433849821215823,0.04100000000000015,
510360,2021-04-20,1.715,1.72,1.733,1.71,72543.0,,1.3379872018615548,0.05817335660266956,0.0009999999999998899,
510360,2021-04-21,1.721,1.726,1.73,1.66,25732.0,,4.069767441860469,0.34883720930232587,0.006000000000000005,
510360,2021-04-22,1.73,1.727,1.731,1.717,55319.0,,0.8111239860950182,0.05793742757822201,0.001000000000000112,
510360,2021-04-23,1.723,1.738,1.744,1.723,57055.0,,1.2159814707585355,0.6369426751592298,0.010999999999999899,
510360,2021-04-26,1.741,1.721,1.758,1.718,55421.0,,2.3014959723820505,-0.978135788262365,-0.016999999999999904,
510360,2021-04-27,1.721,1.727,1.732,1.712,42501.0,,1.1621150493898906,0.34863451481696717,0.006000000000000005,
510360,2021-04-28,1.724,1.738,1.738,1.713,28649.0,,1.4475969889982576,0.6369426751592298,0.010999999999999899,
510360,2021-04-29,1.74,1.753,1.755,1.735,27130.0,,1.1507479861910124,0.8630609896432625,0.014999999999999902,
510360,2021-04-30,1.754,1.739,1.761,1.728,45415.0,,1.8824871648602348,-0.7986309184255443,-0.01399999999999979,
510360,2021-05-06,1.748,1.717,1.748,1.71,274892.0,,2.1851638872915484,-1.2650948821161598,-0.02200000000000002,
510360,2021-05-07,1.734,1.698,1.734,1.695,133073.0,,2.2714036109493256,-1.1065812463599376,-0.019000000000000128,
510360,2021-05-10,1.706,1.695,1.706,1.682,82663.0,,1.4134275618374572,-0.1766784452296756,-0.0029999999999998916,
510360,2021-05-11,1.7,1.703,1.708,1.672,60078.0,,2.123893805309736,0.47197640117994144,0.008000000000000007,
510360,2021-05-12,1.703,1.713,1.715,1.693,40962.0,,1.2918379330593082,0.5871990604815037,0.010000000000000009,
510360,2021-05-13,1.701,1.696,1.705,1.688,68338.0,,0.9924109748978474,-0.9924109748978474,-0.017000000000000126,
510360,2021-05-14,1.697,1.735,1.738,1.694,40730.0,,2.594339622641512,2.299528301886801,0.039000000000000146,
510360,2021-05-17,1.735,1.76,1.765,1.732,273120.0,,1.9020172910662776,1.4409221902017237,0.02499999999999991,
510360,2021-05-18,1.757,1.76,1.765,1.75,131813.0,,0.8522727272727216,0.0,0.0,
510360,2021-05-19,1.76,1.756,1.76,1.745,49019.0,,0.8522727272727216,-0.2272727272727275,-0.0040000000000000036,
510360,2021-05-20,1.752,1.765,1.766,1.749,39365.0,,0.9681093394077394,0.5125284738040944,0.008999999999999897,
510360,2021-05-21,1.766,1.742,1.77,1.742,108260.0,,1.5864022662889534,-1.303116147308777,-0.02299999999999991,
510360,2021-05-24,1.742,1.752,1.752,1.73,59382.0,,1.2629161882893238,0.5740528128587835,0.010000000000000009,
510360,2021-05-25,1.75,1.804,1.809,1.75,87968.0,,3.3675799086757956,2.9680365296803677,0.052000000000000046,
510360,2021-05-26,1.806,1.807,1.814,1.802,86698.0,,0.6651884700665195,0.1662971175166237,0.0029999999999998916,
510360,2021-05-27,1.807,1.815,1.826,1.795,138619.0,,1.7155506364139534,0.44272274488101865,0.008000000000000007,
510360,2021-05-28,1.819,1.807,1.819,1.796,326166.0,,1.2672176308539895,-0.44077134986225935,-0.008000000000000007,
510360,2021-05-31,1.807,1.81,1.81,1.794,43363.0,,0.8854454897620373,0.16602102933038815,0.0030000000000001137,
510360,2021-06-01,1.807,1.814,1.816,1.789,38986.0,,1.491712707182328,0.22099447513812173,0.0040000000000000036,
510360,2021-06-02,1.819,1.798,1.819,1.791,48682.0,,1.5435501653803763,-0.8820286659316435,-0.016000000000000014,
510360,2021-06-03,1.798,1.787,1.806,1.787,41557.0,,1.056729699666303,-0.611790878754178,-0.01100000000000012,
510360,2021-06-04,1.787,1.797,1.815,1.776,69635.0,,2.1824286513710085,0.559597090095132,0.010000000000000009,
510360,2021-06-07,1.798,1.795,1.802,1.785,46975.0,,0.9460211463550432,-0.11129660545353377,-0.0020000000000000018,
510360,2021-06-08,1.79,1.781,1.81,1.769,56155.0,,2.284122562674103,-0.7799442896935941,-0.014000000000000012,
510360,2021-06-09,1.781,1.784,1.788,1.776,36283.0,,0.6737787759685576,0.16844469399214565,0.0030000000000001137,
510360,2021-06-10,1.784,1.793,1.804,1.782,65641.0,,1.2331838565022433,0.5044843049327297,0.008999999999999897,
510360,2021-06-11,1.793,1.78,1.803,1.777,41751.0,,1.4500836586726171,-0.7250418293363023,-0.0129999999999999,
510360,2021-06-15,1.778,1.761,1.782,1.75,58570.0,,1.7977528089887655,-1.0674157303370857,-0.019000000000000128,
510360,2021-06-16,1.76,1.734,1.76,1.728,78674.0,,1.8171493469619553,-1.5332197614991434,-0.026999999999999913,
510360,2021-06-17,1.734,1.741,1.748,1.73,83075.0,,1.0380622837370252,0.4036908881199606,0.007000000000000117,
510360,2021-06-18,1.74,1.743,1.751,1.728,95591.0,,1.3210798391728837,0.11487650775416436,0.0020000000000000018,
510360,2021-06-21,1.737,1.739,1.75,1.728,56281.0,,1.2621916236374078,-0.22948938611589234,-0.0040000000000000036,
510360,2021-06-22,1.74,1.747,1.749,1.736,78768.0,,0.74755606670501,0.4600345025876944,0.008000000000000007,
510360,2021-06-23,1.748,1.757,1.767,1.745,41591.0,,1.2593016599885403,0.5724098454493295,0.009999999999999787,
510360,2021-06-24,1.758,1.763,1.764,1.751,39951.0,,0.7398975526465636,0.3414911781445649,0.006000000000000005,
510360,2021-06-25,1.763,1.792,1.797,1.763,46542.0,,1.9285309132161108,1.6449234259784538,0.029000000000000137,
510360,2021-06-28,1.792,1.795,1.798,1.786,20451.0,,0.6696428571428578,0.16741071428570822,0.0029999999999998916,
510360,2021-06-29,1.795,1.775,1.795,1.772,25404.0,,1.2813370473537553,-1.1142061281337057,-0.020000000000000018,
510360,2021-06-30,1.774,1.787,1.789,1.774,41709.0,,0.8450704225352058,0.6760563380281697,0.01200000000000001,
510360,2021-07-01,1.787,1.787,1.799,1.773,125084.0,,1.4549524342473432,0.0,0.0,
510360,2021-07-02,1.788,1.736,1.788,1.734,256630.0,,3.021824286513713,-2.8539451594851672,-0.050999999999999934,
510360,2021-07-05,1.736,1.738,1.743,1.73,43319.0,,0.7488479262672881,0.11520737327188951,0.0020000000000000018,
510360,2021-07-06,1.74,1.742,1.743,1.723,196303.0,,1.1507479861910253,0.23014959723820505,0.0040000000000000036,
510360,2021-07-07,1.742,1.759,1.765,1.735,951452.0,,1.7221584385763378,0.9758897818599257,0.016999999999999904,
510360,2021-07-08,1.762,1.743,1.764,1.738,183752.0,,1.478112563956795,-0.9096077316657073,-0.015999999999999792,
510360,2021-07-09,1.736,1.737,1.745,1.719,245311.0,,1.4916810097533002,-0.34423407917383847,-0.006000000000000005,
510360,2021-07-12,1.739,1.761,1.771,1.739,47900.0,,1.842256764536546,1.3816925734024064,0.0239999999999998,
510360,2021-07-13,1.764,1.764,1.771,1.756,33643.0,,0.8517887563884101,0.1703577512776896,0.0030000000000001137,
510360,2021-07-14,1.761,1.749,1.761,1.745,36057.0,,0.9070294784580382,-0.8503401360544163,-0.014999999999999902,
510360,2021-07-15,1.749,1.77,1.772,1.745,36128.0,,1.5437392795883311,1.2006861063464782,0.020999999999999908,
510360,2021-07-16,1.77,1.757,1.771,1.753,44480.0,,1.016949152542374,-0.7344632768361652,-0.013000000000000123,
510360,2021-07-19,1.754,1.762,1.767,1.738,25463.0,,1.6505406943653909,0.2845759817871438,0.0050000000000001155,
510360,2021-07-20,1.757,1.755,1.76,1.746,31987.0,,0.7945516458569813,-0.397275822928497,-0.007000000000000117,
510360,2021-07-21,1.759,1.768,1.777,1.758,72408.0,,1.0826210826210774,0.7407407407407478,0.013000000000000123,
510360,2021-07-22,1.771,1.771,1.778,1.766,65587.0,,0.6787330316742087,0.1696832579185459,0.0029999999999998916,
510360,2021-07-23,1.771,1.754,1.771,1.751,62772.0,,1.1293054771315651,-0.9599096555618241,-0.016999999999999904,
510360,2021-07-26,1.754,1.698,1.754,1.677,116600.0,,4.389965792474342,-3.192702394526799,-0.05600000000000005,
510360,2021-07-27,1.698,1.642,1.706,1.638,118701.0,,4.004711425206128,-3.2979976442874004,-0.05600000000000005,
510360,2021-07-28,1.642,1.645,1.65,1.614,147444.0,,2.1924482338611337,0.18270401948843568,0.0030000000000001137,
510360,2021-07-29,1.651,1.67,1.674,1.651,81521.0,,1.3981762917933076,1.5197568389057698,0.02499999999999991,
510360,2021-07-30,1.668,1.658,1.668,1.643,28065.0,,1.4970059880239468,-0.7185628742514977,-0.01200000000000001,
510360,2021-08-02,1.658,1.701,1.705,1.643,84106.0,,3.7394451145959025,2.5934861278649066,0.04300000000000015,
510360,2021-08-03,1.698,1.701,1.71,1.686,24325.0,,1.4109347442680786,0.0,0.0,
510360,2021-08-04,1.71,1.716,1.717,1.697,39050.0,,1.1757789535567322,0.8818342151675427,0.014999999999999902,
510360,2021-08-05,1.716,1.709,1.724,1.699,27896.0,,1.4568764568764518,-0.40792540792540183,-0.006999999999999895,
510360,2021-08-06,1.708,1.702,1.708,1.692,32622.0,,0.9362200117027508,-0.40959625511996006,-0.007000000000000117,
510360,2021-08-09,1.702,1.72,1.727,1.69,35169.0,,2.1739130434782696,1.0575793184488846,0.018000000000000016,
510360,2021-08-10,1.72,1.74,1.743,1.705,80421.0,,2.2093023255813975,1.1627906976744196,0.020000000000000018,
510360,2021-08-11,1.74,1.735,1.745,1.728,42304.0,,0.9770114942528808,-0.28735632183907434,-0.004999999999999893,
510360,2021-08-12,1.736,1.718,1.736,1.715,41673.0,,1.210374639769447,-0.9798270893371831,-0.017000000000000126,
510360,2021-08-13,1.716,1.707,1.726,1.7,15773.0,,1.5133876600698501,-0.6402793946449301,-0.010999999999999899,
510360,2021-08-16,1.707,1.71,1.719,1.702,42361.0,,0.9958992384300015,0.17574692442881612,0.0029999999999998916,
510360,2021-08-17,1.705,1.672,1.717,1.666,54264.0,,2.9824561403508865,-2.2222222222222245,-0.038000000000000034,
510360,2021-08-18,1.676,1.688,1.696,1.666,35040.0,,1.7942583732057433,0.956937799043063,0.016000000000000014,
510360,2021-08-19,1.688,1.68,1.689,1.671,71192.0,,1.0663507109004748,-0.4739336492891,-0.008000000000000007,
510360,2021-08-20,1.68,1.651,1.68,1.633,46736.0,,2.7976190476190435,-1.7261904761904712,-0.028999999999999915,
510360,2021-08-23,1.651,1.671,1.677,1.651,56502.0,,1.5748031496063006,1.2113870381586929,0.020000000000000018,
510360,2021-08-24,1.672,1.691,1.698,1.671,36981.0,,1.6157989228007128,1.1968880909634958,0.020000000000000018,
510360,2021-08-25,1.69,1.694,1.696,1.686,106016.0,,0.5913660555884098,0.17740981667651634,0.0029999999999998916,
510360,2021-08-26,1.695,1.662,1.695,1.66,352679.0,,2.066115702479347,-1.8890200708382543,-0.03200000000000003,
510360,2021-08-27,1.66,1.668,1.683,1.66,52513.0,,1.3838748495788287,0.36101083032491005,0.006000000000000005,
510360,2021-08-30,1.67,1.664,1.675,1.655,129737.0,,1.199040767386092,-0.23980815347721846,-0.0040000000000000036,
510360,2021-08-31,1.664,1.663,1.67,1.641,69022.0,,1.7427884615384563,-0.06009615384614723,-0.0009999999999998899,
510360,2021-09-01,1.665,1.686,1.699,1.65,71619.0,,2.946482260974152,1.3830426939266331,0.02299999999999991,
510360,2021-09-02,1.685,1.685,1.692,1.678,38812.0,,0.8303677342823258,-0.05931198102015954,-0.0009999999999998899,
510360,2021-09-03,1.687,1.676,1.691,1.673,37598.0,,1.0682492581602383,-0.5341246290801257,-0.009000000000000119,
510360,2021-09-06,1.676,1.706,1.71,1.676,86992.0,,2.0286396181384267,1.7899761336515532,0.030000000000000027,
510360,2021-09-07,1.706,1.729,1.734,1.7,77715.0,,1.9929660023446676,1.3481828839390464,0.02300000000000013,
510360,2021-09-08,1.727,1.719,1.735,1.715,23429.0,,1.156737998843263,-0.5783689994216314,-0.010000000000000009,
510360,2021-09-09,1.718,1.72,1.722,1.707,29987.0,,0.8726003490401338,0.05817335660266956,0.0009999999999998899,
510360,2021-09-10,1.72,1.735,1.745,1.72,34898.0,,1.453488372093031,0.8720930232558213,0.015000000000000124,
510360,2021-09-13,1.736,1.728,1.74,1.717,94968.0,,1.3256484149855854,-0.4034582132564909,-0.007000000000000117,
510360,2021-09-14,1.725,1.704,1.73,1.699,39718.0,,1.7939814814814765,-1.3888888888888902,-0.02400000000000002,
510360,2021-09-15,1.703,1.685,1.703,1.676,52012.0,,1.584507042253529,-1.1150234741783984,-0.018999999999999906,
510360,2021-09-16,1.686,1.668,1.69,1.666,53432.0,,1.424332344213651,-1.0089020771513428,-0.017000000000000126,
510360,2021-09-17,1.672,1.681,1.684,1.661,33563.0,,1.3788968824939993,0.7793764988009666,0.013000000000000123,
510360,2021-09-22,1.674,1.673,1.676,1.656,41537.0,,1.189767995240929,-0.47590719809637155,-0.008000000000000007,
510360,2021-09-23,1.678,1.681,1.691,1.674,55065.0,,1.0161386730424462,0.478182904961148,0.008000000000000007,
510360,2021-09-24,1.681,1.685,1.696,1.67,73040.0,,1.5466983938132077,0.23795359904818578,0.0040000000000000036,
510360,2021-09-27,1.686,1.694,1.706,1.681,78612.0,,1.4836795252225465,0.5341246290801125,0.008999999999999897,
510360,2021-09-28,1.694,1.692,1.7,1.684,24389.0,,0.9445100354191271,-0.1180637544273909,-0.0020000000000000018,
510360,2021-09-29,1.685,1.678,1.687,1.668,162524.0,,1.1229314420803858,-0.8274231678487004,-0.014000000000000012,
510360,2021-09-30,1.678,1.687,1.693,1.678,73004.0,,0.8939213349225342,0.5363528009535232,0.009000000000000119,
510360,2021-10-08,1.692,1.709,1.712,1.692,60386.0,,1.1855364552459997,1.3040901007705998,0.02200000000000002,
510360,2021-10-11,1.71,1.71,1.727,1.708,24065.0,,1.1117612638970231,0.05851375073141543,0.0009999999999998899,
510360,2021-10-12,1.71,1.693,1.718,1.677,50825.0,,2.397660818713446,-0.9941520467836201,-0.016999999999999904,
510360,2021-10-13,1.692,1.712,1.716,1.686,49021.0,,1.7720023626698185,1.1222681630242117,0.018999999999999906,
510360,2021-10-14,1.709,1.702,1.716,1.699,33150.0,,0.9929906542056018,-0.5841121495327107,-0.010000000000000009,
510360,2021-10-15,1.7,1.709,1.711,1.694,39964.0,,0.9988249118683975,0.4112808460634616,0.007000000000000117,
510360,2021-10-18,1.709,1.69,1.709,1.677,73639.0,,1.8724400234055016,-1.1117612638970231,-0.019000000000000128,
510360,2021-10-19,1.688,1.704,1.708,1.687,38942.0,,1.2426035502958526,0.828402366863906,0.014000000000000012,
510360,2021-10-20,1.703,1.702,1.714,1.695,180575.0,,1.1150234741783984,-0.11737089201877945,-0.0020000000000000018,
510360,2021-10-21,1.703,1.707,1.716,1.695,172303.0,,1.2338425381903588,0.2937720329024745,0.0050000000000001155,
510360,2021-10-22,1.707,1.719,1.729,1.707,219595.0,,1.2888107791446994,0.7029876977152906,0.01200000000000001,
510360,2021-10-25,1.727,1.724,1.727,1.707,49242.0,,1.1634671320535206,0.29086678301337365,0.004999999999999893,
510360,2021-10-26,1.723,1.717,1.734,1.715,48818.0,,1.1020881670533589,-0.4060324825986018,-0.006999999999999895,
510360,2021-10-27,1.719,1.697,1.719,1.692,61078.0,,1.5725101921956979,-1.1648223645894011,-0.020000000000000018,
510360,2021-10-28,1.697,1.689,1.697,1.682,38247.0,,0.8839127872716632,-0.47142015321155023,-0.008000000000000007,
510360,2021-10-29,1.689,1.699,1.699,1.684,20037.0,,0.8880994671403272,0.5920663114268804,0.010000000000000009,
510360,2021-11-01,1.698,1.695,1.702,1.686,30068.0,,0.9417304296645094,-0.23543260741612734,-0.0040000000000000036,
510360,2021-11-02,1.696,1.679,1.705,1.666,80849.0,,2.300884955752221,-0.9439528023598829,-0.016000000000000014,
510360,2021-11-03,1.68,1.674,1.686,1.668,47921.0,,1.072066706372842,-0.29779630732579604,-0.0050000000000001155,
510360,2021-11-04,1.668,1.687,1.69,1.668,22806.0,,1.3142174432497025,0.7765830346475582,0.013000000000000123,
510360,2021-11-05,1.688,1.682,1.696,1.681,15365.0,,0.8891523414344934,-0.29638411381150653,-0.0050000000000001155,
510360,2021-11-08,1.68,1.682,1.69,1.674,50427.0,,0.9512485136741984,0.0,0.0,
510360,2021-11-09,1.682,1.68,1.69,1.671,28929.0,,1.1296076099881038,-0.1189060642092748,-0.0020000000000000018,
510360,2021-11-10,1.68,1.672,1.68,1.655,92077.0,,1.4880952380952328,-0.47619047619047666,-0.008000000000000007,
510360,2021-11-11,1.672,1.698,1.7,1.671,48708.0,,1.7344497607655451,1.5550239234449776,0.026000000000000023,
510360,2021-11-12,1.701,1.697,1.703,1.691,22027.0,,0.7067137809187286,-0.058892815076554174,-0.0009999999999998899,
510360,2021-11-15,1.697,1.697,1.704,1.689,13612.0,,0.88391278727165,0.0,0.0,
510360,2021-11-16,1.697,1.695,1.705,1.692,56147.0,,0.7660577489687757,-0.11785503830288756,-0.0020000000000000018,
510360,2021-11-17,1.695,1.692,1.698,1.688,32277.0,,0.5899705014749268,-0.17699115044248456,-0.0030000000000001137,
510360,2021-11-18,1.692,1.68,1.692,1.677,27992.0,,0.8865248226950296,-0.7092198581560291,-0.01200000000000001,
510360,2021-11-19,1.68,1.699,1.7,1.679,26474.0,,1.2499999999999944,1.1309523809523885,0.019000000000000128,
510360,2021-11-22,1.692,1.704,1.706,1.692,40568.0,,0.8240141259564456,0.29429075927015264,0.004999999999999893,
510360,2021-11-23,1.703,1.705,1.71,1.7,48199.0,,0.5868544600938973,0.05868544600939624,0.001000000000000112,
510360,2021-11-24,1.705,1.707,1.714,1.7,18601.0,,0.821114369501467,0.11730205278592386,0.0020000000000000018,
510360,2021-11-25,1.707,1.699,1.707,1.696,17122.0,,0.6444053895723562,-0.4686584651435271,-0.008000000000000007,
510360,2021-11-26,1.701,1.688,1.701,1.684,22745.0,,1.0005885815185478,-0.6474396703943567,-0.01100000000000012,
510360,2021-11-29,1.68,1.681,1.688,1.676,45453.0,,0.71090047393365,-0.4146919431279559,-0.006999999999999895,
510360,2021-11-30,1.681,1.678,1.69,1.668,108386.0,,1.308744794765022,-0.17846519928614596,-0.0030000000000001137,
510360,2021-12-01,1.678,1.68,1.682,1.673,349604.0,,0.5363528009535099,0.11918951132300368,0.0020000000000000018,
510360,2021-12-02,1.679,1.684,1.689,1.674,119358.0,,0.8928571428571502,0.23809523809523833,0.0040000000000000036,
510360,2021-12-03,1.685,1.701,1.702,1.683,72506.0,,1.1282660332541512,1.0095011876484636,0.017000000000000126,
510360,2021-12-06,1.703,1.699,1.715,1.696,74935.0,,1.1169900058789022,-0.11757789535567324,-0.0020000000000000018,
510360,2021-12-07,1.699,1.708,1.711,1.696,158162.0,,0.8828722778104839,0.52972336668628,0.008999999999999897,
510360,2021-12-08,1.708,1.733,1.734,1.703,96613.0,,1.8149882903981216,1.4637002341920453,0.025000000000000133,
510360,2021-12-09,1.734,1.758,1.775,1.734,84256.0,,2.365839584535483,1.4425851125216336,0.02499999999999991,
510360,2021-12-10,1.76,1.752,1.76,1.747,31958.0,,0.7394766780432254,-0.34129692832764535,-0.006000000000000005,
510360,2021-12-13,1.758,1.76,1.78,1.756,151519.0,,1.3698630136986312,0.45662100456621046,0.008000000000000007,
510360,2021-12-14,1.758,1.749,1.759,1.746,72786.0,,0.738636363636358,-0.6249999999999942,-0.010999999999999899,
510360,2021-12-15,1.748,1.737,1.754,1.735,142147.0,,1.086335048599194,-0.6861063464837056,-0.01200000000000001,
510360,2021-12-16,1.742,1.746,1.746,1.73,27679.0,,0.9211283822682794,0.5181347150259008,0.008999999999999897,
510360,2021-12-17,1.745,1.722,1.745,1.721,34221.0,,1.3745704467353963,-1.3745704467353963,-0.02400000000000002,
510360,2021-12-20,1.722,1.696,1.727,1.692,43772.0,,2.03252032520326,-1.50987224157956,-0.026000000000000023,
510360,2021-12-21,1.701,1.706,1.707,1.693,54566.0,,0.8254716981132082,0.5896226415094346,0.010000000000000009,
510360,2021-12-22,1.705,1.706,1.713,1.703,58982.0,,0.5861664712778434,0.0,0.0,
510360,2021-12-23,1.709,1.718,1.718,1.703,32983.0,,0.8792497069167586,0.7033997655334121,0.01200000000000001,
510360,2021-12-24,1.719,1.712,1.723,1.705,81539.0,,1.047729918509896,-0.34924330616996535,-0.006000000000000005,
510360,2021-12-27,1.714,1.713,1.718,1.701,29401.0,,0.9929906542056018,0.058411214953277564,0.001000000000000112,
510360,2021-12-28,1.714,1.721,1.722,1.707,39877.0,,0.875656742556912,0.46701692936368977,0.008000000000000007,
510360,2021-12-29,1.719,1.699,1.719,1.697,67016.0,,1.2783265543288795,-1.2783265543288795,-0.02200000000000002,
510360,2021-12-30,1.699,1.711,1.718,1.697,40198.0,,1.236021188934662,0.706297822248382,0.01200000000000001,
510360,2021-12-31,1.72,1.715,1.72,1.709,39059.0,,0.6428988895382758,0.23378141437755717,0.0040000000000000036,
510360,2022-01-04,1.719,1.711,1.72,1.695,62944.0,,1.4577259475218607,-0.23323615160349875,-0.0040000000000000036,
510360,2022-01-05,1.71,1.694,1.711,1.688,46333.0,,1.3442431326709603,-0.9935710111046245,-0.017000000000000126,
510360,2022-01-06,1.688,1.677,1.692,1.666,20654.0,,1.5348288075560816,-1.0035419126328162,-0.016999999999999904,
510360,2022-01-07,1.678,1.684,1.692,1.678,38540.0,,0.8348240906380447,0.4174120453190158,0.006999999999999895,
510360,2022-01-10,1.684,1.683,1.684,1.664,151803.0,,1.1876484560570084,-0.05938242280284382,-0.0009999999999998899,
510360,2022-01-11,1.677,1.668,1.686,1.666,195254.0,,1.188354129530601,-0.8912655971479574,-0.015000000000000124,
510360,2022-01-12,1.67,1.685,1.688,1.67,42625.0,,1.0791366906474829,1.0191846522781849,0.017000000000000126,
510360,2022-01-13,1.685,1.658,1.69,1.657,33297.0,,1.9584569732937638,-1.6023738872403641,-0.027000000000000135,
510360,2022-01-14,1.654,1.644,1.658,1.642,25540.0,,0.9650180940892652,-0.8443908323281071,-0.014000000000000012,
510360,2022-01-17,1.654,1.657,1.66,1.645,33633.0,,0.9124087591240816,0.7907542579075502,0.013000000000000123,
510360,2022-01-18,1.657,1.677,1.68,1.653,96576.0,,1.629450814725402,1.2070006035003027,0.020000000000000018,
510360,2022-01-19,1.681,1.664,1.683,1.657,164620.0,,1.5503875968992262,-0.7751937984496197,-0.013000000000000123,
510360,2022-01-20,1.664,1.676,1.685,1.664,61135.0,,1.2620192307692386,0.7211538461538468,0.01200000000000001,
510360,2022-01-21,1.678,1.667,1.678,1.66,59529.0,,1.0739856801909318,-0.5369928400954593,-0.008999999999999897,
510360,2022-01-24,1.666,1.664,1.67,1.652,19701.0,,1.0797840431913626,-0.17996400719856712,-0.0030000000000001137,
510360,2022-01-25,1.661,1.63,1.663,1.629,39863.0,,2.0432692307692326,-2.0432692307692326,-0.03400000000000003,
510360,2022-01-26,1.628,1.638,1.639,1.619,24840.0,,1.2269938650306762,0.4907975460122704,0.008000000000000007,
510360,2022-01-27,1.632,1.609,1.638,1.607,123010.0,,1.8925518925518876,-1.7704517704517653,-0.028999999999999915,
510360,2022-01-28,1.62,1.587,1.621,1.587,112822.0,,2.1131137352392813,-1.36730888750777,-0.02200000000000002,
510360,2022-02-07,1.606,1.614,1.627,1.604,23525.0,,1.4492753623188348,1.701323251417778,0.027000000000000135,
510360,2022-02-08,1.605,1.605,1.606,1.573,60862.0,,2.044609665427518,-0.5576208178438735,-0.009000000000000119,
510360,2022-02-09,1.601,1.622,1.625,1.599,63744.0,,1.6199376947040514,1.0591900311526559,0.017000000000000126,
510360,2022-02-10,1.62,1.62,1.621,1.607,40050.0,,0.8631319358816284,-0.12330456226880405,-0.0020000000000000018,
510360,2022-02-11,1.611,1.603,1.623,1.603,62124.0,,1.234567901234569,-1.0493827160493903,-0.017000000000000126,
510360,2022-02-14,1.602,1.583,1.602,1.576,55424.0,,1.6219588271990035,-1.2476606363069256,-0.020000000000000018,
510360,2022-02-15,1.586,1.599,1.599,1.583,45941.0,,1.0107391029690471,1.0107391029690471,0.016000000000000014,
510360,2022-02-16,1.602,1.606,1.613,1.602,70833.0,,0.6879299562226329,0.4377736085053232,0.007000000000000117,
510360,2022-02-17,1.603,1.608,1.618,1.603,56184.0,,0.9339975093399828,0.12453300124533012,0.0020000000000000018,
510360,2022-02-18,1.602,1.617,1.617,1.6,37093.0,,1.0572139303482526,0.5597014925373069,0.008999999999999897,
510360,2022-02-21,1.616,1.615,1.616,1.608,98440.0,,0.4947433518862095,-0.12368583797155237,-0.0020000000000000018,
510360,2022-02-22,1.614,1.592,1.614,1.583,56996.0,,1.919504643962857,-1.42414860681114,-0.02299999999999991,
510360,2022-02-23,1.591,1.611,1.613,1.591,46446.0,,1.3819095477386947,1.1934673366834112,0.018999999999999906,
510360,2022-02-24,1.605,1.58,1.607,1.566,116247.0,,2.545003103662317,-1.924270639354433,-0.030999999999999917,
510360,2022-02-25,1.585,1.592,1.607,1.585,48624.0,,1.3924050632911404,0.7594936708860767,0.01200000000000001,
510360,2022-02-28,1.591,1.593,1.593,1.577,49415.0,,1.0050251256281415,0.06281407035175188,0.0009999999999998899,
510360,2022-03-01,1.595,1.605,1.607,1.593,37094.0,,0.8788449466415577,0.7532956685499065,0.01200000000000001,
510360,2022-03-02,1.6,1.599,1.6,1.588,55933.0,,0.7476635514018698,-0.3738317757009349,-0.006000000000000005,
510360,2022-03-03,1.602,1.583,1.605,1.582,37654.0,,1.4383989993746036,-1.0006253908692941,-0.016000000000000014,
510360,2022-03-04,1.58,1.568,1.581,1.56,45772.0,,1.3265950726468672,-0.9475679090334745,-0.014999999999999902,
510360,2022-03-07,1.563,1.516,1.563,1.511,72093.0,,3.316326530612248,-3.316326530612248,-0.052000000000000046,
510360,2022-03-08,1.515,1.485,1.526,1.479,114494.0,,3.1002638522427395,-2.044854881266485,-0.030999999999999917,
510360,2022-03-09,1.486,1.473,1.5,1.418,222822.0,,5.521885521885526,-0.8080808080808087,-0.01200000000000001,
510360,2022-03-10,1.496,1.495,1.507,1.492,66778.0,,1.018329938900197,1.4935505770536333,0.02200000000000002,
510360,2022-03-11,1.484,1.503,1.506,1.457,71548.0,,3.2775919732441428,0.5351170568561728,0.007999999999999785,
510360,2022-03-14,1.503,1.456,1.505,1.455,41317.0,,3.326679973386549,-3.1270791749833626,-0.04699999999999993,
510360,2022-03-15,1.454,1.396,1.454,1.387,71109.0,,4.601648351648349,-4.120879120879125,-0.06000000000000005,
510360,2022-03-16,1.398,1.445,1.449,1.373,160240.0,,5.444126074498572,3.51002865329514,0.049000000000000155,
510360,2022-03-17,1.458,1.472,1.494,1.458,74620.0,,2.4913494809688603,1.8685121107266376,0.026999999999999913,
510360,2022-03-18,1.459,1.485,1.49,1.459,61245.0,,2.1059782608695596,0.8831521739130518,0.013000000000000123,
510360,2022-03-21,1.485,1.481,1.492,1.468,43389.0,,1.6161616161616175,-0.2693602693602696,-0.0040000000000000036,
510360,2022-03-22,1.477,1.483,1.492,1.471,53751.0,,1.417960837272107,0.13504388926401092,0.0020000000000000018,
510360,2022-03-23,1.478,1.485,1.492,1.478,32671.0,,0.944032366824006,0.13486176668914374,0.0020000000000000018,
510360,2022-03-24,1.486,1.48,1.49,1.466,170998.0,,1.6161616161616175,-0.33670033670034444,-0.0050000000000001155,
510360,2022-03-25,1.48,1.454,1.484,1.452,171963.0,,2.162162162162164,-1.7567567567567584,-0.026000000000000023,
510360,2022-03-28,1.448,1.45,1.456,1.425,127751.0,,2.132049518569458,-0.27510316368638266,-0.0040000000000000036,
510360,2022-03-29,1.451,1.438,1.464,1.437,26114.0,,1.8620689655172353,-0.8275862068965525,-0.01200000000000001,
510360,2022-03-30,1.448,1.478,1.48,1.447,63781.0,,2.294853963838659,2.781641168289293,0.040000000000000036,
510360,2022-03-31,1.479,1.47,1.479,1.467,68466.0,,0.811907983761841,-0.5412719891745607,-0.008000000000000007,
510360,2022-04-01,1.456,1.485,1.492,1.45,67008.0,,2.85714285714286,1.0204081632653146,0.015000000000000124,
510360,2022-04-06,1.487,1.482,1.487,1.472,73102.0,,1.0101010101010184,-0.20202020202020965,-0.0030000000000001137,
510360,2022-04-07,1.476,1.465,1.487,1.462,34390.0,,1.6869095816464328,-1.1470985155195617,-0.016999999999999904,
510360,2022-04-08,1.477,1.473,1.477,1.456,45653.0,,1.4334470989761179,0.5460750853242325,0.008000000000000007,
510360,2022-04-11,1.473,1.431,1.473,1.426,68912.0,,3.190767141887315,-2.8513238289205725,-0.04200000000000004,
510360,2022-04-12,1.429,1.452,1.452,1.42,67178.0,,2.236198462613559,1.4675052410901401,0.020999999999999908,
510360,2022-04-13,1.442,1.443,1.461,1.44,65233.0,,1.4462809917355461,-0.6198347107437946,-0.008999999999999897,
510360,2022-04-14,1.452,1.457,1.466,1.447,79161.0,,1.3167013167013102,0.970200970200971,0.014000000000000012,
510360,2022-04-15,1.447,1.458,1.468,1.445,109009.0,,1.5785861358956697,0.06863417982154357,0.0009999999999998899,
510360,2022-04-18,1.456,1.451,1.456,1.435,61388.0,,1.4403292181069896,-0.4801097393689915,-0.006999999999999895,
510360,2022-04-19,1.451,1.44,1.458,1.431,56024.0,,1.8607856650585741,-0.7580978635423928,-0.01100000000000012,
510360,2022-04-20,1.442,1.418,1.442,1.415,84245.0,,1.874999999999994,-1.527777777777779,-0.02200000000000002,
510360,2022-04-21,1.418,1.395,1.425,1.385,90557.0,,2.8208744710860394,-1.6220028208744648,-0.02299999999999991,
510360,2022-04-22,1.39,1.397,1.407,1.379,82200.0,,2.0071684587813636,0.14336917562724028,0.0020000000000000018,
510360,2022-04-25,1.387,1.33,1.387,1.329,107367.0,,4.151753758052974,-4.7959914101646355,-0.06699999999999995,
510360,2022-04-26,1.331,1.318,1.386,1.315,126451.0,,5.33834586466165,-0.9022556390977451,-0.01200000000000001,
510360,2022-04-27,1.31,1.353,1.354,1.31,111369.0,,3.3383915022761785,2.6555386949924067,0.03499999999999992,
510360,2022-04-28,1.353,1.365,1.372,1.346,107427.0,,1.9216555801921675,0.8869179600886926,0.01200000000000001,
510360,2022-04-29,1.367,1.399,1.4,1.359,90074.0,,3.0036630036629983,2.490842490842493,0.03400000000000003,
510360,2022-05-05,1.393,1.397,1.406,1.39,95456.0,,1.143674052894926,-0.14295925661186576,-0.0020000000000000018,
510360,2022-05-06,1.386,1.367,1.386,1.36,100186.0,,1.8611309949892483,-2.147458840372228,-0.030000000000000027,
510360,2022-05-09,1.368,1.351,1.368,1.343,73122.0,,1.8288222384784298,-1.1704462326261897,-0.016000000000000014,
510360,2022-05-10,1.34,1.37,1.374,1.328,70860.0,,3.4048852701702472,1.4063656550703276,0.019000000000000128,
510360,2022-05-11,1.37,1.385,1.405,1.367,87519.0,,2.7737226277372287,1.0948905109488978,0.014999999999999902,
510360,2022-05-12,1.378,1.379,1.39,1.371,53321.0,,1.3718411552346501,-0.433212996389892,-0.006000000000000005,
510360,2022-05-13,1.389,1.39,1.395,1.38,53091.0,,1.0877447425670868,0.7976794778825163,0.010999999999999899,
510360,2022-05-16,1.392,1.379,1.4,1.376,57233.0,,1.726618705035973,-0.7913669064748129,-0.010999999999999899,
510360,2022-05-17,1.38,1.392,1.395,1.379,75534.0,,1.1602610587382172,0.9427121102247934,0.0129999999999999,
510360,2022-05-18,1.392,1.393,1.402,1.382,52439.0,,1.4367816091954038,0.07183908045977816,0.001000000000000112,
510360,2022-05-19,1.379,1.394,1.394,1.368,64663.0,,1.86647523330939,0.07178750897343071,0.0009999999999998899,
510360,2022-05-20,1.392,1.422,1.423,1.392,119914.0,,2.223816355810627,2.0086083213773334,0.028000000000000025,
510360,2022-05-23,1.417,1.412,1.418,1.403,60028.0,,1.0548523206750986,-0.703234880450071,-0.010000000000000009,
510360,2022-05-24,1.412,1.384,1.412,1.382,56243.0,,2.124645892351277,-1.9830028328611915,-0.028000000000000025,
510360,2022-05-25,1.384,1.392,1.393,1.379,137038.0,,1.0115606936416195,0.5780346820809255,0.008000000000000007,
510360,2022-05-26,1.393,1.392,1.403,1.375,142503.0,,2.011494252873565,0.0,0.0,
510360,2022-05-27,1.396,1.4,1.415,1.394,78225.0,,1.508620689655182,0.5747126436781614,0.008000000000000007,
510360,2022-05-30,1.404,1.408,1.412,1.399,75856.0,,0.9285714285714215,0.571428571428572,0.008000000000000007,
510360,2022-05-31,1.401,1.428,1.433,1.401,78001.0,,2.2727272727272747,1.4204545454545467,0.020000000000000018,
510360,2022-06-01,1.43,1.428,1.433,1.42,76334.0,,0.9103641456582718,0.0,0.0,
510360,2022-06-02,1.423,1.43,1.432,1.42,75200.0,,0.8403361344537823,0.14005602240896373,0.0020000000000000018,
510360,2022-06-06,1.43,1.457,1.457,1.422,62162.0,,2.4475524475524577,1.8881118881118975,0.027000000000000135,
510360,2022-06-07,1.458,1.457,1.465,1.445,99977.0,,1.3726835964310238,0.0,0.0,
510360,2022-06-08,1.456,1.47,1.473,1.453,79460.0,,1.3726835964310238,0.8922443376801579,0.0129999999999999,
510360,2022-06-09,1.467,1.46,1.475,1.456,59091.0,,1.2925170068027299,-0.680272108843538,-0.010000000000000009,
510360,2022-06-10,1.447,1.48,1.483,1.446,70156.0,,2.534246575342476,1.3698630136986314,0.020000000000000018,
510360,2022-06-13,1.47,1.466,1.471,1.453,44787.0,,1.2162162162162173,-0.9459459459459468,-0.014000000000000012,
510360,2022-06-14,1.46,1.475,1.476,1.435,83570.0,,2.7967257844474713,0.6139154160982346,0.009000000000000119,
510360,2022-06-15,1.474,1.496,1.52,1.474,68945.0,,3.1186440677966125,1.4237288135593158,0.020999999999999908,
510360,2022-06-16,1.498,1.485,1.509,1.481,86082.0,,1.8716577540106818,-0.735294117647052,-0.010999999999999899,
510360,2022-06-17,1.48,1.509,1.512,1.478,126183.0,,2.2895622895622916,1.6161616161616026,0.0239999999999998,
510360,2022-06-20,1.51,1.52,1.532,1.505,104824.0,,1.7892644135188958,0.728959575878073,0.01100000000000012,
510360,2022-06-21,1.53,1.517,1.535,1.505,109178.0,,1.9736842105263175,-0.19736842105263905,-0.0030000000000001137,
510360,2022-06-22,1.517,1.498,1.518,1.497,104213.0,,1.3843111404086954,-1.252471984179295,-0.018999999999999906,
510360,2022-06-23,1.504,1.521,1.522,1.497,132302.0,,1.6688918558077377,1.5353805073431182,0.02299999999999991,
510360,2022-06-24,1.528,1.538,1.541,1.522,43257.0,,1.2491781722550892,1.117685733070357,0.017000000000000126,
510360,2022-06-27,1.54,1.556,1.568,1.54,79598.0,,1.8205461638491565,1.1703511053316005,0.018000000000000016,
510360,2022-06-28,1.573,1.569,1.573,1.543,73614.0,,1.928020565552701,0.8354755784061632,0.0129999999999999,
510360,2022-06-29,1.576,1.553,1.576,1.549,58764.0,,1.7208413001912133,-1.0197578075207148,-0.016000000000000014,
510360,2022-06-30,1.57,1.572,1.583,1.556,112465.0,,1.738570508692847,1.2234385061172008,0.019000000000000128,
510360,2022-07-01,1.579,1.567,1.579,1.56,59945.0,,1.2086513994910881,-0.3180661577608216,-0.0050000000000001155,
510360,2022-07-04,1.575,1.576,1.576,1.551,73357.0,,1.5954052329291726,0.5743458838545067,0.009000000000000119,
510360,2022-07-05,1.581,1.573,1.589,1.556,78835.0,,2.093908629441619,-0.19035532994924578,-0.0030000000000001137,
510360,2022-07-06,1.577,1.556,1.577,1.545,84294.0,,2.0343293070565815,-1.080737444373802,-0.016999999999999904,
510360,2022-07-07,1.556,1.557,1.566,1.544,78045.0,,1.4138817480719805,0.0642673521850829,0.0009999999999998899,
510360,2022-07-08,1.56,1.558,1.574,1.556,69508.0,,1.156069364161851,0.06422607578677662,0.001000000000000112,
510360,2022-07-11,1.558,1.533,1.558,1.525,72251.0,,2.1181001283697136,-1.6046213093709971,-0.025000000000000133,
510360,2022-07-12,1.523,1.52,1.537,1.514,59428.0,,1.5003261578603986,-0.8480104370515265,-0.0129999999999999,
510360,2022-07-13,1.514,1.519,1.526,1.511,55016.0,,0.986842105263166,-0.06578947368421789,-0.001000000000000112,
510360,2022-07-14,1.518,1.523,1.532,1.512,62470.0,,1.31665569453588,0.263331138907176,0.0040000000000000036,
510360,2022-07-15,1.516,1.499,1.534,1.498,52815.0,,2.363755745239661,-1.5758371634930928,-0.0239999999999998,
510360,2022-07-18,1.5,1.516,1.519,1.492,62399.0,,1.801200800533683,1.1340893929286127,0.016999999999999904,
510360,2022-07-19,1.516,1.508,1.516,1.497,105130.0,,1.2532981530342946,-0.5277044854881272,-0.008000000000000007,
510360,2022-07-20,1.515,1.51,1.519,1.507,33056.0,,0.795755968169762,0.13262599469496034,0.0020000000000000018,
510360,2022-07-21,1.52,1.494,1.52,1.494,75307.0,,1.7218543046357633,-1.0596026490066235,-0.016000000000000014,
510360,2022-07-22,1.502,1.498,1.512,1.487,111776.0,,1.673360107095041,0.2677376171352078,0.0040000000000000036,
510360,2022-07-25,1.503,1.49,1.505,1.484,50243.0,,1.4018691588784986,-0.5340453938584785,-0.008000000000000007,
510360,2022-07-26,1.494,1.498,1.505,1.488,109913.0,,1.1409395973154297,0.5369127516778528,0.008000000000000007,
510360,2022-07-27,1.494,1.491,1.498,1.488,41129.0,,0.6675567423230981,-0.4672897196261612,-0.006999999999999895,
510360,2022-07-28,1.493,1.491,1.51,1.49,73705.0,,1.341381623071765,0.0,0.0,
510360,2022-07-29,1.492,1.471,1.5,1.467,121571.0,,2.213279678068405,-1.341381623071765,-0.020000000000000018,
510360,2022-08-01,1.471,1.48,1.482,1.458,68623.0,,1.631543167912986,0.6118286879673621,0.008999999999999897,
510360,2022-08-02,1.47,1.454,1.477,1.443,152515.0,,2.2972972972972996,-1.7567567567567584,-0.026000000000000023,
510360,2022-08-03,1.453,1.439,1.472,1.436,103709.0,,2.475928473177444,-1.0316368638239273,-0.014999999999999902,
510360,2022-08-04,1.441,1.45,1.451,1.438,77875.0,,0.9034051424600502,0.7644197359277205,0.010999999999999899,
510360,2022-08-05,1.453,1.47,1.474,1.449,150996.0,,1.7241379310344769,1.3793103448275874,0.020000000000000018,
510360,2022-08-08,1.47,1.47,1.472,1.464,77246.0,,0.5442176870748304,0.0,0.0,
510360,2022-08-09,1.472,1.47,1.472,1.465,53130.0,,0.47619047619046906,0.0,0.0,
510360,2022-08-10,1.475,1.457,1.475,1.449,70255.0,,1.7687074829931988,-0.884353741496592,-0.0129999999999999,
510360,2022-08-11,1.459,1.484,1.487,1.459,89561.0,,1.9217570350034334,1.8531228551818744,0.026999999999999913,
510360,2022-08-12,1.488,1.485,1.488,1.479,71066.0,,0.6064690026954108,0.06738544474394285,0.001000000000000112,
510360,2022-08-15,1.483,1.482,1.494,1.478,66790.0,,1.0774410774410783,-0.20202020202020965,-0.0030000000000001137,
510360,2022-08-16,1.488,1.478,1.49,1.475,57869.0,,1.0121457489878476,-0.26990553306342807,-0.0040000000000000036,
510360,2022-08-17,1.483,1.492,1.496,1.47,83101.0,,1.7591339648173225,0.9472259810554813,0.014000000000000012,
510360,2022-08-18,1.496,1.481,1.496,1.478,126533.0,,1.2064343163538886,-0.737265415549591,-0.010999999999999899,
510360,2022-08-19,1.485,1.472,1.485,1.471,86492.0,,0.9453072248480764,-0.6076975016880567,-0.009000000000000119,
510360,2022-08-22,1.468,1.478,1.482,1.466,90773.0,,1.0869565217391315,0.4076086956521742,0.006000000000000005,
510360,2022-08-23,1.477,1.475,1.483,1.468,54387.0,,1.0148849797023087,-0.20297699594045274,-0.0029999999999998916,
510360,2022-08-24,1.473,1.448,1.478,1.444,103592.0,,2.3050847457627137,-1.83050847457628,-0.027000000000000135,
510360,2022-08-25,1.455,1.46,1.461,1.44,146588.0,,1.4502762430939315,0.8287292817679567,0.01200000000000001,
510360,2022-08-26,1.459,1.459,1.465,1.455,82053.0,,0.6849315068493157,-0.06849315068492397,-0.0009999999999998899,
510360,2022-08-29,1.455,1.45,1.455,1.431,85997.0,,1.6449623029472256,-0.6168608636052172,-0.009000000000000119,
510360,2022-08-30,1.448,1.448,1.451,1.435,81589.0,,1.1034482758620698,-0.13793103448275873,-0.0020000000000000018,
510360,2022-08-31,1.445,1.445,1.459,1.437,101109.0,,1.519337016574587,-0.20718232044198148,-0.0029999999999998916,
510360,2022-09-01,1.447,1.432,1.451,1.431,90432.0,,1.3840830449827002,-0.8996539792387628,-0.013000000000000123,
510360,2022-09-02,1.433,1.427,1.445,1.419,84814.0,,1.8156424581005601,-0.3491620111731769,-0.004999999999999893,
510360,2022-09-05,1.427,1.426,1.427,1.413,67098.0,,0.9810791871058173,-0.07007708479328044,-0.001000000000000112,
510360,2022-09-06,1.426,1.437,1.437,1.424,101190.0,,0.9116409537166987,0.7713884992987462,0.01100000000000012,
510360,2022-09-07,1.449,1.44,1.449,1.431,55888.0,,1.2526096033402934,0.2087682672233745,0.0029999999999998916,
510360,2022-09-08,1.442,1.432,1.442,1.43,66849.0,,0.8333333333333341,-0.5555555555555561,-0.008000000000000007,
510360,2022-09-09,1.433,1.45,1.453,1.433,61707.0,,1.3966480446927387,1.2569832402234649,0.018000000000000016,
510360,2022-09-13,1.451,1.458,1.462,1.451,73118.0,,0.7586206896551655,0.5517241379310349,0.008000000000000007,
510360,2022-09-14,1.451,1.442,1.451,1.438,45657.0,,0.8916323731138631,-1.0973936899862835,-0.016000000000000014,
510360,2022-09-15,1.446,1.43,1.448,1.42,88365.0,,1.9417475728155358,-0.8321775312066583,-0.01200000000000001,
510360,2022-09-16,1.43,1.398,1.43,1.394,140220.0,,2.5174825174825197,-2.2377622377622397,-0.03200000000000003,
510360,2022-09-19,1.399,1.394,1.408,1.387,104695.0,,1.5021459227467746,-0.28612303290414903,-0.0040000000000000036,
510360,2022-09-20,1.398,1.393,1.403,1.389,88483.0,,1.0043041606886667,-0.07173601147775394,-0.0009999999999998899,
510360,2022-09-21,1.39,1.385,1.393,1.378,104022.0,,1.0768126346015883,-0.5743000717875095,-0.008000000000000007,
510360,2022-09-22,1.386,1.373,1.386,1.37,88755.0,,1.1552346570396963,-0.866425992779784,-0.01200000000000001,
510360,2022-09-23,1.38,1.371,1.38,1.358,145835.0,,1.6023306627822138,-0.14566642388929366,-0.0020000000000000018,
510360,2022-09-26,1.369,1.361,1.379,1.358,149723.0,,1.5317286652078708,-0.7293946024799423,-0.010000000000000009,
510360,2022-09-27,1.368,1.377,1.38,1.359,96722.0,,1.5429831006612718,1.1756061719324038,0.016000000000000014,
510360,2022-09-28,1.374,1.359,1.374,1.359,96229.0,,1.0893246187363925,-1.3071895424836613,-0.018000000000000016,
510360,2022-09-29,1.365,1.358,1.374,1.351,67200.0,,1.6924208977189208,-0.07358351729211847,-0.0009999999999998899,
510360,2022-09-30,1.362,1.35,1.37,1.347,73168.0,,1.6936671575846929,-0.5891016200294555,-0.008000000000000007,
510360,2022-10-10,1.351,1.322,1.353,1.318,81904.0,,2.592592592592587,-2.0740740740740757,-0.028000000000000025,
510360,2022-10-11,1.328,1.323,1.328,1.317,75055.0,,0.8320726172466052,0.07564296520422767,0.0009999999999998899,
510360,2022-10-12,1.325,1.343,1.343,1.3,149031.0,,3.2501889644746735,1.5117157974300846,0.020000000000000018,
510360,2022-10-13,1.34,1.332,1.341,1.328,84179.0,,0.9679821295606776,-0.8190618019359568,-0.010999999999999899,
510360,2022-10-14,1.332,1.36,1.368,1.332,71140.0,,2.702702702702705,2.102102102102104,0.028000000000000025,
510360,2022-10-17,1.357,1.362,1.365,1.35,105765.0,,1.102941176470581,0.14705882352941188,0.0020000000000000018,
510360,2022-10-18,1.373,1.361,1.373,1.358,72826.0,,1.1013215859030765,-0.0734214390602138,-0.001000000000000112,
510360,2022-10-19,1.348,1.339,1.362,1.338,69960.0,,1.7634092578986054,-1.616458486407055,-0.02200000000000002,
510360,2022-10-20,1.339,1.333,1.35,1.323,93903.0,,2.0164301717699877,-0.44809559372666213,-0.006000000000000005,
510360,2022-10-21,1.334,1.327,1.337,1.32,63431.0,,1.2753188297074196,-0.4501125281320334,-0.006000000000000005,
510360,2022-10-24,1.327,1.293,1.338,1.289,141760.0,,3.6925395629239,-2.5621703089675982,-0.03400000000000003,
510360,2022-10-25,1.293,1.287,1.303,1.278,125483.0,,1.9334880123743163,-0.464037122969838,-0.006000000000000005,
510360,2022-10-26,1.294,1.296,1.314,1.289,73604.0,,1.9425019425019527,0.6993006993007086,0.009000000000000119,
510360,2022-10-27,1.31,1.294,1.31,1.29,75130.0,,1.5432098765432112,-0.15432098765432112,-0.0020000000000000018,
510360,2022-10-28,1.291,1.26,1.291,1.256,119563.0,,2.7047913446676906,-2.6275115919629077,-0.03400000000000003,
510360,2022-10-31,1.26,1.245,1.262,1.241,131693.0,,1.6666666666666594,-1.1904761904761827,-0.014999999999999902,
510360,2022-11-01,1.245,1.289,1.29,1.245,129566.0,,3.6144578313252955,3.5341365461847243,0.04399999999999982,
510360,2022-11-02,1.286,1.304,1.312,1.284,123031.0,,2.1722265321955025,1.163692785104742,0.015000000000000124,
510360,2022-11-03,1.298,1.295,1.301,1.289,91242.0,,0.9202453987730069,-0.6901840490797637,-0.009000000000000119,
510360,2022-11-04,1.295,1.334,1.34,1.286,99945.0,,4.169884169884173,3.011583011583023,0.039000000000000146,
510360,2022-11-07,1.331,1.335,1.342,1.328,134085.0,,1.0494752623688164,0.07496251874062142,0.0009999999999998899,
510360,2022-11-08,1.335,1.329,1.338,1.32,90236.0,,1.3483146067415743,-0.4494382022471914,-0.006000000000000005,
510360,2022-11-09,1.329,1.316,1.332,1.316,89160.0,,1.2039127163280674,-0.9781790820165464,-0.0129999999999999,
510360,2022-11-10,1.31,1.31,1.314,1.302,90393.0,,0.9118541033434658,-0.4559270516717329,-0.006000000000000005,
510360,2022-11-11,1.338,1.341,1.358,1.327,126312.0,,2.3664122137404684,2.3664122137404515,0.030999999999999917,
510360,2022-11-14,1.347,1.343,1.364,1.341,132580.0,,1.7151379567487048,0.1491424310216258,0.0020000000000000018,
510360,2022-11-15,1.343,1.367,1.371,1.339,81962.0,,2.3827252419955345,1.7870439314966509,0.02400000000000002,
510360,2022-11-16,1.367,1.361,1.372,1.358,102806.0,,1.024140453547916,-0.4389173372348212,-0.006000000000000005,
510360,2022-11-17,1.361,1.358,1.361,1.339,201457.0,,1.616458486407055,-0.2204261572373175,-0.0029999999999998916,
510360,2022-11-18,1.358,1.353,1.364,1.349,130966.0,,1.1045655375552375,-0.36818851251841794,-0.0050000000000001155,
510360,2022-11-21,1.353,1.339,1.353,1.327,69348.0,,1.9216555801921675,-1.0347376201034746,-0.014000000000000012,
510360,2022-11-22,1.339,1.338,1.352,1.331,68158.0,,1.5683345780433258,-0.0746825989544354,-0.0009999999999998899,
510360,2022-11-23,1.337,1.341,1.347,1.334,103633.0,,0.971599402092668,0.22421524663676318,0.0029999999999998916,
510360,2022-11-24,1.345,1.333,1.351,1.33,78319.0,,1.5659955257270624,-0.5965697240865032,-0.008000000000000007,
510360,2022-11-25,1.331,1.339,1.344,1.328,89207.0,,1.2003000750187558,0.4501125281320334,0.006000000000000005,
510360,2022-11-28,1.33,1.325,1.33,1.303,90923.0,,2.0164301717699877,-1.0455563853622114,-0.014000000000000012,
510360,2022-11-29,1.328,1.363,1.366,1.328,123120.0,,2.8679245283018897,2.8679245283018897,0.038000000000000034,
510360,2022-11-30,1.365,1.365,1.37,1.359,93687.0,,0.8070432868672135,0.14673514306676463,0.0020000000000000018,
510360,2022-12-01,1.375,1.379,1.398,1.375,90319.0,,1.6849816849816783,1.0256410256410264,0.014000000000000012,
510360,2022-12-02,1.379,1.373,1.383,1.371,101825.0,,0.8701957940536629,-0.43509789702683144,-0.006000000000000005,
510360,2022-12-05,1.392,1.397,1.398,1.381,119173.0,,1.238164603058988,1.747997086671524,0.02400000000000002,
510360,2022-12-06,1.373,1.403,1.413,1.373,135279.0,,2.863278453829637,0.4294917680744456,0.006000000000000005,
510360,2022-12-07,1.409,1.401,1.416,1.396,103471.0,,1.4255167498218118,-0.14255167498218116,-0.0020000000000000018,
510360,2022-12-08,1.4,1.403,1.408,1.397,94385.0,,0.7851534618129834,0.14275517487508935,0.0020000000000000018,
510360,2022-12-09,1.403,1.413,1.418,1.398,297875.0,,1.4255167498218118,0.7127583749109059,0.010000000000000009,
510360,2022-12-12,1.416,1.399,1.416,1.398,296274.0,,1.2738853503184724,-0.9907997169143675,-0.014000000000000012,
510360,2022-12-13,1.4,1.397,1.404,1.393,102853.0,,0.7862759113652535,-0.14295925661186576,-0.0020000000000000018,
510360,2022-12-14,1.397,1.4,1.406,1.394,71194.0,,0.8589835361488912,0.21474588403721487,0.0029999999999998916,
510360,2022-12-15,1.404,1.4,1.405,1.392,84465.0,,0.9285714285714375,0.0,0.0,
510360,2022-12-16,1.396,1.399,1.403,1.392,68758.0,,0.7857142857142945,-0.07142857142856357,-0.0009999999999998899,
510360,2022-12-19,1.4,1.381,1.407,1.375,112178.0,,2.287348105789852,-1.2866333095067917,-0.018000000000000016,
510360,2022-12-20,1.375,1.359,1.377,1.351,81717.0,,1.8826937002172355,-1.59304851556843,-0.02200000000000002,
510360,2022-12-21,1.36,1.36,1.365,1.356,74210.0,,0.6622516556291316,0.0735835172921348,0.001000000000000112,
510360,2022-12-22,1.367,1.361,1.376,1.348,64352.0,,2.0588235294117503,0.07352941176469778,0.0009999999999998899,
510360,2022-12-23,1.361,1.357,1.366,1.351,50498.0,,1.1021307861866365,-0.29390154298310095,-0.0040000000000000036,
510360,2022-12-26,1.362,1.36,1.367,1.358,54644.0,,0.6632277081798008,0.22107590272661118,0.0030000000000001137,
510360,2022-12-27,1.363,1.377,1.38,1.363,68147.0,,1.249999999999993,1.249999999999993,0.016999999999999904,
510360,2022-12-28,1.372,1.375,1.378,1.367,80737.0,,0.7988380537400073,-0.14524328249818458,-0.0020000000000000018,
510360,2022-12-29,1.363,1.37,1.374,1.361,151799.0,,0.9454545454545543,-0.3636363636363559,-0.004999999999999893,
510360,2022-12-30,1.378,1.373,1.379,1.372,58623.0,,0.5109489051094813,0.2189781021897731,0.0029999999999998916,
510360,2023-01-03,1.372,1.381,1.384,1.359,91866.0,,1.8208302986161624,0.5826656955571746,0.008000000000000007,
510360,2023-01-04,1.381,1.381,1.384,1.369,54579.0,,1.0861694424330124,0.0,0.0,
510360,2023-01-05,1.389,1.407,1.41,1.379,104936.0,,2.2447501810282344,1.8826937002172355,0.026000000000000023,
510360,2023-01-06,1.407,1.414,1.42,1.407,87689.0,,0.9239516702203198,0.4975124378109378,0.006999999999999895,
510360,2023-01-09,1.414,1.422,1.428,1.414,104926.0,,0.990099009900991,0.5657708628005663,0.008000000000000007,
510360,2023-01-10,1.417,1.426,1.43,1.415,81411.0,,1.0548523206750986,0.2812939521800284,0.0040000000000000036,
510360,2023-01-11,1.426,1.424,1.434,1.421,111124.0,,0.9116409537166831,-0.14025245441795245,-0.0020000000000000018,
510360,2023-01-12,1.436,1.424,1.436,1.421,52078.0,,1.0533707865168471,0.0,0.0,
510360,2023-01-13,1.426,1.445,1.445,1.426,74693.0,,1.3342696629213573,1.4747191011236047,0.02100000000000013,
510360,2023-01-16,1.445,1.467,1.481,1.445,102760.0,,2.4913494809688603,1.5224913494809702,0.02200000000000002,
510360,2023-01-17,1.467,1.465,1.472,1.459,73826.0,,0.8861622358554805,-0.1363326516700751,-0.0020000000000000018,
510360,2023-01-18,1.461,1.464,1.47,1.461,56601.0,,0.614334470989754,-0.06825938566553665,-0.001000000000000112,
510360,2023-01-19,1.461,1.476,1.476,1.454,125128.0,,1.5027322404371597,0.8196721311475417,0.01200000000000001,
510360,2023-01-20,1.479,1.483,1.487,1.477,69958.0,,0.6775067750677514,0.47425474254743344,0.007000000000000117,
510360,2023-01-30,1.5,1.487,1.511,1.485,137623.0,,1.7532029669588536,0.26972353337828747,0.0040000000000000036,
510360,2023-01-31,1.494,1.472,1.494,1.47,99405.0,,1.613987895090788,-1.0087424344317502,-0.015000000000000124,
510360,2023-02-01,1.486,1.484,1.487,1.466,133393.0,,1.4266304347826175,0.8152173913043484,0.01200000000000001,
510360,2023-02-02,1.504,1.481,1.504,1.477,97104.0,,1.8194070080862477,-0.2021563342317986,-0.0029999999999998916,
510360,2023-02-03,1.479,1.466,1.479,1.454,117805.0,,1.6880486158001438,-1.0128291694800893,-0.015000000000000124,
510360,2023-02-06,1.46,1.448,1.46,1.44,77184.0,,1.3642564802182824,-1.227830832196454,-0.018000000000000016,
510360,2023-02-07,1.448,1.451,1.455,1.443,96904.0,,0.8287292817679567,0.2071823204419968,0.0030000000000001137,
510360,2023-02-08,1.452,1.445,1.457,1.441,180921.0,,1.1026878015161965,-0.41350792556857374,-0.006000000000000005,
510360,2023-02-09,1.443,1.464,1.464,1.433,140467.0,,2.145328719723177,1.3148788927335575,0.018999999999999906,
510360,2023-02-10,1.468,1.456,1.468,1.449,67284.0,,1.2978142076502668,-0.5464480874316945,-0.008000000000000007,
510360,2023-02-13,1.457,1.466,1.469,1.448,161082.0,,1.4423076923077012,0.6868131868131874,0.010000000000000009,
510360,2023-02-14,1.466,1.469,1.471,1.458,78962.0,,0.8867667121418911,0.2046384720327499,0.0030000000000001137,
510360,2023-02-15,1.471,1.461,1.473,1.457,112410.0,,1.0891763104152494,-0.5445881552076247,-0.008000000000000007,
510360,2023-02-16,1.461,1.451,1.478,1.442,156939.0,,2.4640657084188935,-0.6844626967830258,-0.010000000000000009,
510360,2023-02-17,1.45,1.429,1.454,1.427,121572.0,,1.8607856650585741,-1.5161957270847704,-0.02200000000000002,
510360,2023-02-20,1.43,1.465,1.467,1.427,128621.0,,2.799160251924425,2.5192442267319826,0.03600000000000003,
510360,2023-02-21,1.467,1.467,1.471,1.458,117808.0,,0.8873720136518856,0.13651877133105814,0.0020000000000000018,
510360,2023-02-22,1.467,1.455,1.467,1.452,78492.0,,1.0224948875255708,-0.8179959100204505,-0.01200000000000001,
510360,2023-02-23,1.455,1.455,1.462,1.448,128448.0,,0.9621993127147774,0.0,0.0,
510360,2023-02-24,1.455,1.441,1.458,1.434,89831.0,,1.6494845360824757,-0.9621993127147774,-0.014000000000000012,
510360,2023-02-27,1.434,1.435,1.441,1.429,92651.0,,0.8327550312283143,-0.41637751561415715,-0.006000000000000005,
510360,2023-02-28,1.435,1.445,1.447,1.428,89370.0,,1.3240418118466988,0.6968641114982584,0.010000000000000009,
510360,2023-03-01,1.44,1.463,1.467,1.44,217708.0,,1.8685121107266527,1.2456747404844302,0.018000000000000016,
510360,2023-03-02,1.469,1.46,1.469,1.458,71643.0,,0.7518796992481285,-0.20505809979494966,-0.0030000000000001137,
510360,2023-03-03,1.46,1.462,1.47,1.452,97620.0,,1.2328767123287683,0.13698630136986314,0.0020000000000000018,
510360,2023-03-06,1.462,1.454,1.462,1.448,146849.0,,0.9575923392612867,-0.5471956224350211,-0.008000000000000007,
510360,2023-03-07,1.46,1.436,1.461,1.434,173559.0,,1.8569463548830907,-1.237964236588722,-0.018000000000000016,
510360,2023-03-08,1.435,1.43,1.435,1.423,123208.0,,0.8356545961002793,-0.41782729805013963,-0.006000000000000005,
510360,2023-03-09,1.43,1.426,1.432,1.418,141407.0,,0.97902097902098,-0.27972027972027996,-0.0040000000000000036,
510360,2023-03-10,1.423,1.406,1.423,1.404,160460.0,,1.332398316970556,-1.4025245441795244,-0.020000000000000018,
510360,2023-03-13,1.406,1.419,1.421,1.406,95834.0,,1.0668563300142337,0.9246088193456702,0.013000000000000123,
510360,2023-03-14,1.42,1.413,1.42,1.4,152778.0,,1.4094432699083874,-0.4228329809725162,-0.006000000000000005,
510360,2023-03-15,1.419,1.412,1.424,1.411,164982.0,,0.9200283085633334,-0.0707714083510341,-0.001000000000000112,
510360,2023-03-16,1.41,1.394,1.411,1.394,160815.0,,1.2039660056657313,-1.274787535410766,-0.018000000000000016,
510360,2023-03-17,1.402,1.404,1.421,1.396,198124.0,,1.7934002869440555,0.7173601147776191,0.010000000000000009,
510360,2023-03-20,1.41,1.397,1.41,1.394,125174.0,,1.1396011396011407,-0.4985754985754911,-0.006999999999999895,
510360,2023-03-21,1.4,1.411,1.411,1.4,93991.0,,0.7874015748031583,1.0021474588403732,0.014000000000000012,
510360,2023-03-22,1.409,1.416,1.421,1.409,86421.0,,0.8504606661941894,0.35435861091423765,0.004999999999999893,
510360,2023-03-23,1.416,1.429,1.43,1.412,101589.0,,1.2711864406779672,0.9180790960452064,0.013000000000000123,
510360,2023-03-24,1.429,1.428,1.43,1.424,78777.0,,0.4198740377886637,-0.0699790062981184,-0.001000000000000112,
510360,2023-03-27,1.423,1.419,1.427,1.414,155348.0,,0.9103641456582718,-0.6302521008403289,-0.008999999999999897,
510360,2023-03-28,1.419,1.418,1.424,1.416,126153.0,,0.5637773079633549,-0.07047216349542719,-0.001000000000000112,
510360,2023-03-29,1.418,1.418,1.423,1.416,62350.0,,0.49365303244006464,0.0,0.0,
510360,2023-03-30,1.42,1.432,1.432,1.412,64489.0,,1.4104372355430197,0.9873060648801137,0.014000000000000012,
510360,2023-03-31,1.433,1.435,1.44,1.431,51230.0,,0.6284916201117247,0.20949720670391855,0.0030000000000001137,
510360,2023-04-03,1.434,1.448,1.45,1.431,180362.0,,1.3240418118466832,0.9059233449477282,0.0129999999999999,
510360,2023-04-04,1.447,1.452,1.454,1.444,76487.0,,0.6906077348066305,0.27624309392265217,0.0040000000000000036,
510360,2023-04-06,1.451,1.449,1.451,1.445,141954.0,,0.4132231404958681,-0.20661157024792642,-0.0029999999999998916,
510360,2023-04-07,1.446,1.46,1.463,1.446,100027.0,,1.173222912353356,0.7591442374051,0.010999999999999899,
510360,2023-04-10,1.461,1.454,1.462,1.453,66417.0,,0.6164383561643765,-0.41095890410958946,-0.006000000000000005,
510360,2023-04-11,1.454,1.452,1.458,1.446,51448.0,,0.825309491059148,-0.13755158184319133,-0.0020000000000000018,
510360,2023-04-12,1.452,1.45,1.454,1.447,92236.0,,0.48209366391183855,-0.13774104683195607,-0.0020000000000000018,
510360,2023-04-13,1.448,1.442,1.448,1.439,162161.0,,0.6206896551724067,-0.5517241379310349,-0.008000000000000007,
510360,2023-04-14,1.442,1.448,1.452,1.442,142212.0,,0.6934812760055485,0.41608876560332914,0.006000000000000005,
510360,2023-04-17,1.449,1.469,1.469,1.449,115346.0,,1.381215469613261,1.4502762430939315,0.02100000000000013,
510360,2023-04-18,1.469,1.473,1.475,1.467,101871.0,,0.5445881552076247,0.27229407760381236,0.0040000000000000036,
510360,2023-04-19,1.473,1.463,1.473,1.46,40167.0,,0.8825526137135182,-0.6788866259334697,-0.010000000000000009,
510360,2023-04-20,1.466,1.459,1.466,1.452,762220.0,,0.956937799043063,-0.27341079972658944,-0.0040000000000000036,
510360,2023-04-21,1.458,1.431,1.459,1.43,826073.0,,1.9876627827279052,-1.9191226867717632,-0.028000000000000025,
510360,2023-04-24,1.431,1.414,1.432,1.408,182036.0,,1.6771488469601692,-1.187980433263461,-0.017000000000000126,
510360,2023-04-25,1.414,1.405,1.417,1.393,442312.0,,1.697312588401699,-0.6364922206506293,-0.008999999999999897,
510360,2023-04-26,1.409,1.402,1.41,1.396,810075.0,,0.9964412811387909,-0.21352313167260595,-0.0030000000000001137,
510360,2023-04-27,1.403,1.415,1.419,1.398,79091.0,,1.4978601997147025,0.9272467902995808,0.013000000000000123,
510360,2023-04-28,1.417,1.427,1.428,1.417,63250.0,,0.7773851590105936,0.8480565371024743,0.01200000000000001,
510360,2023-05-04,1.428,1.427,1.429,1.415,84253.0,,0.9810791871058173,0.0,0.0,
510360,2023-05-05,1.428,1.423,1.432,1.416,31698.0,,1.1212333566923627,-0.28030833917309067,-0.0040000000000000036,
510360,2023-05-08,1.429,1.437,1.441,1.42,84205.0,,1.4757554462403464,0.9838369641602257,0.014000000000000012,
510360,2023-05-09,1.435,1.429,1.448,1.428,118596.0,,1.3917884481558815,-0.5567153792623526,-0.008000000000000007,
510360,2023-05-10,1.425,1.417,1.428,1.414,114908.0,,0.9797060881735489,-0.8397480755773274,-0.01200000000000001,
510360,2023-05-11,1.417,1.415,1.423,1.413,64483.0,,0.7057163020465779,-0.14114326040931557,-0.0020000000000000018,
510360,2023-05-12,1.416,1.397,1.419,1.397,193352.0,,1.5547703180212027,-1.2720848056537113,-0.018000000000000016,
510360,2023-05-15,1.396,1.416,1.417,1.392,112594.0,,1.7895490336435314,1.3600572655690697,0.018999999999999906,
510360,2023-05-16,1.416,1.411,1.419,1.407,80776.0,,0.8474576271186449,-0.35310734463276083,-0.004999999999999893,
510360,2023-05-17,1.411,1.405,1.415,1.4,74066.0,,1.0630758327427445,-0.4252303330970947,-0.006000000000000005,
510360,2023-05-18,1.406,1.402,1.412,1.396,120819.0,,1.1387900355871896,-0.21352313167260595,-0.0030000000000001137,
510360,2023-05-19,1.402,1.4,1.408,1.393,92398.0,,1.0699001426533454,-0.14265335235378046,-0.0020000000000000018,
510360,2023-05-22,1.4,1.408,1.414,1.395,81845.0,,1.3571428571428505,0.571428571428572,0.008000000000000007,
510360,2023-05-23,1.408,1.388,1.409,1.387,82793.0,,1.5625000000000013,-1.4204545454545467,-0.020000000000000018,
510360,2023-05-24,1.39,1.371,1.39,1.37,143801.0,,1.4409221902017144,-1.224783861671463,-0.016999999999999904,
510360,2023-05-25,1.372,1.366,1.372,1.355,250660.0,,1.23997082421591,-0.364697301239963,-0.004999999999999893,
510360,2023-05-26,1.366,1.365,1.37,1.353,72109.0,,1.2445095168374907,-0.07320644216691888,-0.001000000000000112,
510360,2023-05-29,1.363,1.36,1.375,1.354,168179.0,,1.5384615384615319,-0.3663003663003585,-0.004999999999999893,
510360,2023-05-30,1.36,1.361,1.365,1.346,202630.0,,1.3970588235294048,0.07352941176469778,0.0009999999999998899,
510360,2023-05-31,1.363,1.349,1.363,1.344,89104.0,,1.3960323291697212,-0.8817046289493027,-0.01200000000000001,
510360,2023-06-01,1.35,1.352,1.362,1.347,83087.0,,1.1119347664937083,0.22238695329874825,0.0030000000000001137,
510360,2023-06-02,1.353,1.372,1.375,1.353,51137.0,,1.627218934911244,1.4792899408284035,0.020000000000000018,
510360,2023-06-05,1.374,1.366,1.374,1.362,49028.0,,0.8746355685131203,-0.43731778425656015,-0.006000000000000005,
510360,2023-06-06,1.369,1.352,1.374,1.352,60859.0,,1.6105417276720366,-1.0248901903367504,-0.014000000000000012,
510360,2023-06-07,1.353,1.348,1.359,1.344,74264.0,,1.1094674556212945,-0.2958579881656807,-0.0040000000000000036,
510360,2023-06-08,1.349,1.358,1.364,1.343,58024.0,,1.557863501483689,0.7418397626112766,0.010000000000000009,
510360,2023-06-09,1.358,1.364,1.365,1.356,66668.0,,0.6627393225331293,0.44182621502209163,0.006000000000000005,
510360,2023-06-12,1.364,1.366,1.373,1.358,46774.0,,1.099706744868028,0.1466275659824048,0.0020000000000000018,
510360,2023-06-13,1.366,1.374,1.377,1.364,100611.0,,0.9516837481698315,0.585651537335286,0.008000000000000007,
510360,2023-06-14,1.375,1.375,1.385,1.374,52747.0,,0.8005822416302691,0.07278020378456258,0.0009999999999998899,
510360,2023-06-15,1.376,1.398,1.398,1.376,125808.0,,1.6000000000000014,1.672727272727266,0.02299999999999991,
510360,2023-06-16,1.399,1.411,1.415,1.398,206712.0,,1.2160228898426413,0.9298998569384924,0.013000000000000123,
510360,2023-06-19,1.41,1.401,1.41,1.399,81154.0,,0.7795889440113323,-0.7087172218284911,-0.010000000000000009,
510360,2023-06-20,1.401,1.399,1.404,1.397,28301.0,,0.4996431120628048,-0.14275517487508935,-0.0020000000000000018,
510360,2023-06-21,1.398,1.379,1.398,1.379,40678.0,,1.3581129378127166,-1.4295925661186573,-0.020000000000000018,
510360,2023-06-26,1.378,1.365,1.378,1.359,47939.0,,1.3778100072516248,-1.0152284263959401,-0.014000000000000012,
510360,2023-06-27,1.366,1.374,1.378,1.362,29699.0,,1.172161172161157,0.6593406593406681,0.009000000000000119,
510360,2023-06-28,1.372,1.374,1.375,1.363,44970.0,,0.8733624454148479,0.0,0.0,
510360,2023-06-29,1.374,1.37,1.374,1.365,21187.0,,0.655021834061144,-0.29112081513828264,-0.0040000000000000036,
510360,2023-06-30,1.37,1.376,1.384,1.368,65048.0,,1.1678832116788167,0.4379562043795462,0.005999999999999783,
510360,2023-07-03,1.385,1.393,1.398,1.383,41319.0,,1.0901162790697603,1.235465116279079,0.017000000000000126,
510360,2023-07-04,1.396,1.395,1.396,1.389,43295.0,,0.5025125628140628,0.14357501794687738,0.0020000000000000018,
510360,2023-07-05,1.392,1.386,1.396,1.384,58550.0,,0.8602150537634415,-0.6451612903225892,-0.009000000000000119,
510360,2023-07-06,1.387,1.377,1.391,1.375,43343.0,,1.1544011544011554,-0.6493506493506419,-0.008999999999999897,
510360,2023-07-07,1.375,1.372,1.378,1.37,38448.0,,0.5809731299927222,-0.3631082062454534,-0.004999999999999893,
510360,2023-07-10,1.375,1.377,1.388,1.375,103132.0,,0.9475218658892054,0.3644314868804587,0.004999999999999893,
510360,2023-07-11,1.379,1.388,1.389,1.379,25617.0,,0.726216412490923,0.7988380537400073,0.010999999999999899,
510360,2023-07-12,1.389,1.381,1.391,1.378,64179.0,,0.9365994236311329,-0.5043227665705976,-0.006999999999999895,
510360,2023-07-13,1.387,1.402,1.404,1.387,50820.0,,1.2309920347574153,1.5206372194062205,0.020999999999999908,
510360,2023-07-14,1.405,1.403,1.406,1.401,54021.0,,0.3566333808844432,0.07132667617689814,0.001000000000000112,
510360,2023-07-17,1.403,1.392,1.403,1.388,63830.0,,1.0691375623663668,-0.7840342124020042,-0.01100000000000012,
510360,2023-07-18,1.388,1.39,1.396,1.386,69962.0,,0.7183908045977019,-0.14367816091954036,-0.0020000000000000018,
510360,2023-07-19,1.392,1.39,1.392,1.382,34597.0,,0.7194244604316554,0.0,0.0,
510360,2023-07-20,1.391,1.38,1.398,1.377,56039.0,,1.5107913669064683,-0.7194244604316554,-0.010000000000000009,
510360,2023-07-21,1.382,1.382,1.39,1.376,55734.0,,1.0144927536231894,0.1449275362318842,0.0020000000000000018,
510360,2023-07-24,1.385,1.374,1.385,1.371,36575.0,,1.0130246020260503,-0.578871201157727,-0.007999999999999785,
510360,2023-07-25,1.383,1.413,1.413,1.383,124946.0,,2.1834061135371194,2.8384279475982472,0.038999999999999924,
510360,2023-07-26,1.413,1.41,1.413,1.406,56050.0,,0.49539985845719153,-0.21231422505308659,-0.0030000000000001137,
510360,2023-07-27,1.412,1.407,1.418,1.403,68797.0,,1.0638297872340359,-0.21276595744680082,-0.0029999999999998916,
510360,2023-07-28,1.405,1.444,1.445,1.403,153875.0,,2.9850746268656745,2.6297085998578478,0.03699999999999992,
510360,2023-07-31,1.45,1.449,1.469,1.445,123174.0,,1.6620498614958463,0.34626038781164237,0.0050000000000001155,
510360,2023-08-01,1.45,1.443,1.455,1.439,151031.0,,1.1042097998619747,-0.4140786749482405,-0.006000000000000005,
510360,2023-08-02,1.439,1.433,1.447,1.429,65395.0,,1.2474012474012486,-0.6930006930006936,-0.010000000000000009,
510360,2023-08-03,1.432,1.445,1.445,1.431,91718.0,,0.9769713886950462,0.8374040474528968,0.01200000000000001,
510360,2023-08-04,1.457,1.451,1.467,1.448,126506.0,,1.3148788927335728,0.41522491349481006,0.006000000000000005,
510360,2023-08-07,1.451,1.443,1.451,1.437,63907.0,,0.9648518263266721,-0.5513439007580982,-0.008000000000000007,
510360,2023-08-08,1.443,1.438,1.444,1.433,197494.0,,0.7623007623007553,-0.3465003465003545,-0.0050000000000001155,
510360,2023-08-09,1.438,1.435,1.44,1.433,55666.0,,0.48678720445061857,-0.20862308762168927,-0.0029999999999998916,
510360,2023-08-10,1.435,1.436,1.439,1.425,47429.0,,0.9756097560975618,0.0696864111498181,0.0009999999999998899,
510360,2023-08-11,1.436,1.405,1.437,1.402,109320.0,,2.437325905292489,-2.158774373259047,-0.030999999999999917,
510360,2023-08-14,1.394,1.393,1.398,1.379,247365.0,,1.3523131672597797,-0.8540925266903923,-0.01200000000000001,
510360,2023-08-15,1.394,1.393,1.397,1.379,105389.0,,1.2921751615218964,0.0,0.0,
510360,2023-08-16,1.388,1.382,1.394,1.381,203195.0,,0.933237616654695,-0.7896625987078335,-0.01100000000000012,
510360,2023-08-17,1.381,1.387,1.389,1.37,124974.0,,1.3748191027496315,0.3617945007235974,0.0050000000000001155,
510360,2023-08-18,1.387,1.368,1.39,1.368,289260.0,,1.5861571737562938,-1.3698630136986234,-0.018999999999999906,
510360,2023-08-21,1.369,1.348,1.369,1.348,149765.0,,1.5350877192982388,-1.4619883040935684,-0.020000000000000018,
510360,2023-08-22,1.355,1.357,1.362,1.34,163578.0,,1.6320474777448084,0.6676557863501407,0.008999999999999897,
510360,2023-08-23,1.357,1.339,1.357,1.337,660896.0,,1.4738393515106867,-1.326455416359618,-0.018000000000000016,
510360,2023-08-24,1.341,1.348,1.357,1.339,286232.0,,1.3442867811799863,0.6721433905900015,0.009000000000000119,
510360,2023-08-25,1.348,1.344,1.352,1.338,316706.0,,1.0385756676557871,-0.29673590504451064,-0.0040000000000000036,
510360,2023-08-28,1.44,1.358,1.445,1.353,434128.0,,6.845238095238101,1.0416666666666674,0.014000000000000012,
510360,2023-08-29,1.358,1.372,1.38,1.355,200535.0,,1.8409425625920406,1.0309278350515472,0.014000000000000012,
510360,2023-08-30,1.372,1.37,1.38,1.368,257515.0,,0.8746355685131041,-0.1457725947521867,-0.0020000000000000018,
510360,2023-08-31,1.368,1.364,1.373,1.36,174158.0,,0.9489051094890437,-0.43795620437956245,-0.006000000000000005,
510360,2023-09-01,1.368,1.373,1.378,1.367,292319.0,,0.8064516129032183,0.6598240469208135,0.008999999999999897,
510360,2023-09-04,1.377,1.394,1.396,1.376,385933.0,,1.4566642388929365,1.5294974508375752,0.020999999999999908,
510360,2023-09-05,1.393,1.387,1.393,1.381,353978.0,,0.8608321377331428,-0.5021520803443253,-0.006999999999999895,
510360,2023-09-06,1.383,1.38,1.384,1.374,319760.0,,0.7209805335255794,-0.5046863734679249,-0.007000000000000117,
510360,2023-09-07,1.38,1.362,1.38,1.36,409839.0,,1.449275362318826,-1.3043478260869417,-0.017999999999999794,
510360,2023-09-08,1.361,1.355,1.361,1.349,308999.0,,0.8810572687224677,-0.5139500734214476,-0.007000000000000117,
510360,2023-09-11,1.357,1.365,1.373,1.353,218126.0,,1.4760147601476028,0.7380073800738014,0.010000000000000009,
510360,2023-09-12,1.365,1.363,1.367,1.36,103698.0,,0.5128205128205052,-0.14652014652014664,-0.0020000000000000018,
510360,2023-09-13,1.362,1.355,1.365,1.347,268833.0,,1.3206162876008816,-0.5869405722670585,-0.008000000000000007,
510360,2023-09-14,1.356,1.353,1.358,1.349,267806.0,,0.6642066420664294,-0.14760147601476029,-0.0020000000000000018,
510360,2023-09-15,1.357,1.347,1.359,1.342,385456.0,,1.2564671101256397,-0.4434589800443463,-0.006000000000000005,
510360,2023-09-18,1.347,1.35,1.355,1.338,785515.0,,1.2620638455827695,0.22271714922049843,0.0030000000000001137,
510360,2023-09-19,1.35,1.347,1.35,1.339,330657.0,,0.8148148148148238,-0.22222222222223065,-0.0030000000000001137,
510360,2023-09-20,1.347,1.342,1.348,1.341,294877.0,,0.519673348181152,-0.3711952487008087,-0.004999999999999893,
510360,2023-09-21,1.34,1.33,1.343,1.329,330888.0,,1.043219076005962,-0.8941877794336818,-0.01200000000000001,
510360,2023-09-22,1.329,1.356,1.356,1.327,1288264.0,,2.180451127819559,1.9548872180451144,0.026000000000000023,
510360,2023-09-25,1.352,1.345,1.355,1.344,284504.0,,0.8112094395280162,-0.8112094395280325,-0.01100000000000012,
510360,2023-09-26,1.344,1.339,1.348,1.338,1735023.0,,0.7434944237918222,-0.4460966542750934,-0.006000000000000005,
510360,2023-09-27,1.336,1.344,1.353,1.336,249801.0,,1.2696041822255344,0.3734129947722267,0.0050000000000001155,
510360,2023-09-28,1.346,1.337,1.347,1.335,298888.0,,0.8928571428571437,-0.520833333333342,-0.007000000000000117,
510360,2023-10-09,1.334,1.333,1.339,1.319,282485.0,,1.4958863126402406,-0.2991772625280481,-0.0040000000000000036,
510360,2023-10-10,1.332,1.325,1.342,1.323,292314.0,,1.4253563390847808,-0.6001500375093779,-0.008000000000000007,
510360,2023-10-11,1.327,1.329,1.337,1.326,485114.0,,0.8301886792452754,0.30188679245283045,0.0040000000000000036,
510360,2023-10-12,1.342,1.342,1.345,1.334,291859.0,,0.8276899924755379,0.978179082016563,0.013000000000000123,
510360,2023-10-13,1.338,1.329,1.338,1.324,290054.0,,1.043219076005962,-0.9687034277198303,-0.013000000000000123,
510360,2023-10-16,1.331,1.314,1.331,1.309,304314.0,,1.6553799849510924,-1.1286681715575548,-0.014999999999999902,
510360,2023-10-17,1.317,1.317,1.319,1.311,987099.0,,0.6088280060882806,0.22831050228309677,0.0029999999999998916,
510360,2023-10-18,1.317,1.307,1.317,1.306,281707.0,,0.8352315869400075,-0.7593014426727418,-0.010000000000000009,
510360,2023-10-19,1.304,1.28,1.304,1.279,372175.0,,1.912777352716154,-2.065799540933429,-0.026999999999999913,
510360,2023-10-20,1.279,1.272,1.28,1.266,468907.0,,1.0937500000000009,-0.6250000000000006,-0.008000000000000007,
510360,2023-10-23,1.265,1.257,1.27,1.248,332961.0,,1.7295597484276743,-1.1792452830188778,-0.015000000000000124,
510360,2023-10-24,1.265,1.264,1.267,1.251,323731.0,,1.2728719172633267,0.5568814638027142,0.007000000000000117,
510360,2023-10-25,1.271,1.269,1.281,1.268,276887.0,,1.02848101265822,0.39556962025315606,0.004999999999999893,
510360,2023-10-26,1.268,1.273,1.274,1.262,197447.0,,0.945626477541372,0.31520882584712406,0.0040000000000000036,
510360,2023-10-27,1.272,1.293,1.298,1.267,316755.0,,2.4351924587588485,1.571091908876671,0.020000000000000018,
510360,2023-10-30,1.288,1.298,1.303,1.286,849593.0,,1.3147718484145325,0.3866976024748736,0.0050000000000001155,
510360,2023-10-31,1.299,1.296,1.299,1.288,165774.0,,0.8474576271186363,-0.1540832049306627,-0.0020000000000000018,
510360,2023-11-01,1.306,1.295,1.31,1.291,235248.0,,1.4660493827160592,-0.07716049382716914,-0.001000000000000112,
510360,2023-11-02,1.3,1.289,1.304,1.288,204079.0,,1.2355212355212368,-0.4633204633204637,-0.006000000000000005,
510360,2023-11-03,1.286,1.299,1.305,1.286,184307.0,,1.474010861132654,0.7757951900698223,0.010000000000000009,
510360,2023-11-06,1.309,1.316,1.317,1.304,254936.0,,1.000769822940716,1.3086989992301867,0.017000000000000126,
510360,2023-11-07,1.316,1.312,1.316,1.306,171468.0,,0.7598784194528881,-0.3039513677811553,-0.0040000000000000036,
510360,2023-11-08,1.308,1.308,1.314,1.3,239957.0,,1.0670731707317083,-0.3048780487804881,-0.0040000000000000036,
510360,2023-11-09,1.307,1.309,1.313,1.304,174257.0,,0.6880733944954049,0.07645259938837078,0.0009999999999998899,
510360,2023-11-10,1.308,1.299,1.308,1.295,143767.0,,0.9931245225362966,-0.7639419404125294,-0.010000000000000009,
510360,2023-11-13,1.302,1.298,1.304,1.29,156177.0,,1.077752117013088,-0.07698229407235488,-0.0009999999999998899,
510360,2023-11-14,1.3,1.298,1.304,1.293,209366.0,,0.8474576271186535,0.0,0.0,
510360,2023-11-15,1.305,1.308,1.313,1.305,748980.0,,0.6163328197226507,0.7704160246533135,0.010000000000000009,
510360,2023-11-16,1.308,1.295,1.308,1.294,178316.0,,1.0703363914373099,-0.9938837920489391,-0.013000000000000123,
510360,2023-11-17,1.292,1.293,1.295,1.286,229126.0,,0.694980694980687,-0.1544401544401546,-0.0020000000000000018,
510360,2023-11-20,1.294,1.295,1.3,1.283,756523.0,,1.3147718484145496,0.154679040989946,0.0020000000000000018,
510360,2023-11-21,1.297,1.297,1.31,1.295,754806.0,,1.158301158301168,0.1544401544401546,0.0020000000000000018,
510360,2023-11-22,1.296,1.284,1.296,1.283,218601.0,,1.0023130300694005,-1.0023130300693832,-0.0129999999999999,
510360,2023-11-23,1.284,1.29,1.292,1.278,287915.0,,1.0903426791277269,0.4672897196261686,0.006000000000000005,
510360,2023-11-24,1.29,1.282,1.29,1.279,302888.0,,0.852713178294583,-0.6201550387596905,-0.008000000000000007,
510360,2023-11-27,1.284,1.274,1.284,1.264,652015.0,,1.5600624024961012,-0.6240249609984405,-0.008000000000000007,
510360,2023-11-28,1.276,1.275,1.276,1.268,295514.0,,0.6279434850863428,0.07849293563578413,0.0009999999999998899,
510360,2023-11-29,1.277,1.265,1.277,1.261,313689.0,,1.2549019607843148,-0.7843137254901967,-0.010000000000000009,
510360,2023-11-30,1.265,1.267,1.27,1.262,223701.0,,0.6324110671936765,0.15810276679841911,0.0020000000000000018,
510360,2023-12-01,1.268,1.262,1.268,1.252,414179.0,,1.2628255722178385,-0.3946329913180658,-0.004999999999999893,
510360,2023-12-04,1.262,1.254,1.264,1.253,239007.0,,0.8716323296355087,-0.6339144215530909,-0.008000000000000007,
510360,2023-12-05,1.252,1.23,1.252,1.227,487478.0,,1.993620414673039,-1.913875598086126,-0.02400000000000002,
510360,2023-12-06,1.228,1.231,1.239,1.225,668944.0,,1.138211382113822,0.08130081300813918,0.001000000000000112,
510360,2023-12-07,1.23,1.228,1.233,1.22,246711.0,,1.0560519902518377,-0.2437043054427387,-0.0030000000000001137,
510360,2023-12-08,1.23,1.231,1.234,1.227,213862.0,,0.5700325732898938,0.24429967426711025,0.0030000000000001137,
510360,2023-12-11,1.225,1.239,1.244,1.214,350484.0,,2.437043054427297,0.6498781478472792,0.008000000000000007,
510360,2023-12-12,1.242,1.242,1.242,1.235,166026.0,,0.5649717514124208,0.24213075060531813,0.0029999999999998916,
510360,2023-12-13,1.24,1.223,1.24,1.221,207245.0,,1.5297906602254352,-1.5297906602254352,-0.018999999999999906,
510360,2023-12-14,1.225,1.216,1.232,1.214,285986.0,,1.4717906786590362,-0.5723630417007454,-0.007000000000000117,
510360,2023-12-15,1.224,1.214,1.229,1.21,330628.0,,1.5625000000000104,-0.16447368421052647,-0.0020000000000000018,
510360,2023-12-18,1.21,1.209,1.218,1.2,320935.0,,1.482701812191105,-0.41186161449752007,-0.004999999999999893,
510360,2023-12-19,1.209,1.209,1.214,1.202,354148.0,,0.9925558312655095,0.0,0.0,
510360,2023-12-20,1.211,1.197,1.212,1.196,227816.0,,1.3234077750206792,-0.9925558312655095,-0.01200000000000001,
510360,2023-12-21,1.198,1.209,1.214,1.193,385648.0,,1.754385964912273,1.0025062656641612,0.01200000000000001,
510360,2023-12-22,1.209,1.211,1.22,1.203,413420.0,,1.4061207609594626,0.1654259718775849,0.0020000000000000018,
510360,2023-12-25,1.213,1.215,1.216,1.209,325013.0,,0.5780346820809161,0.33030553261767165,0.0040000000000000036,
510360,2023-12-26,1.215,1.208,1.215,1.203,357020.0,,0.9876543209876552,-0.5761316872428079,-0.007000000000000117,
510360,2023-12-27,1.208,1.211,1.214,1.201,295492.0,,1.0761589403973428,0.24834437086093658,0.0030000000000001137,
510360,2023-12-28,1.212,1.242,1.243,1.209,381626.0,,2.807597027250209,2.559867877786946,0.030999999999999917,
510360,2023-12-29,1.242,1.244,1.247,1.238,284519.0,,0.7246376811594298,0.16103059581320467,0.0020000000000000018,
510360,2024-01-02,1.243,1.228,1.243,1.227,227980.0,,1.2861736334405156,-1.2861736334405156,-0.016000000000000014,
510360,2024-01-03,1.226,1.225,1.231,1.218,559222.0,,1.0586319218241143,-0.24429967426709215,-0.0029999999999998916,
510360,2024-01-04,1.227,1.214,1.227,1.205,338151.0,,1.79591836734694,-0.8979591836734792,-0.01100000000000012,
510360,2024-01-05,1.213,1.208,1.222,1.201,332447.0,,1.7298187808896133,-0.4942339373970351,-0.006000000000000005,
510360,2024-01-08,1.211,1.192,1.211,1.189,430037.0,,1.8211920529801342,-1.3245033112582794,-0.016000000000000014,
510360,2024-01-09,1.194,1.193,1.199,1.188,291472.0,,0.9228187919463189,0.08389261744967381,0.001000000000000112,
510360,2024-01-10,1.19,1.187,1.202,1.184,370358.0,,1.508801341156749,-0.502933780385583,-0.006000000000000005,
510360,2024-01-11,1.19,1.196,1.202,1.185,312091.0,,1.4321819713563524,0.7582139848357117,0.008999999999999897,
510360,2024-01-12,1.194,1.191,1.201,1.19,186562.0,,0.9197324414715821,-0.41806020066888744,-0.004999999999999893,
510360,2024-01-15,1.185,1.188,1.2,1.182,182103.0,,1.5113350125944598,-0.2518891687657526,-0.0030000000000001137,
510360,2024-01-16,1.184,1.198,1.198,1.181,307846.0,,1.4309764309764228,0.8417508417508426,0.010000000000000009,
510360,2024-01-17,1.195,1.172,1.196,1.17,228955.0,,2.1702838063439085,-2.1702838063439085,-0.026000000000000023,
510360,2024-01-18,1.171,1.184,1.188,1.149,389362.0,,3.3276450511945335,1.0238907849829362,0.01200000000000001,
510360,2024-01-19,1.184,1.184,1.191,1.176,275496.0,,1.2668918918919023,0.0,0.0,
510360,2024-01-22,1.183,1.172,1.189,1.158,266943.0,,2.618243243243255,-1.0135135135135145,-0.01200000000000001,
510360,2024-01-23,1.171,1.172,1.179,1.157,317534.0,,1.8771331058020497,0.0,0.0,
510360,2024-01-24,1.175,1.188,1.19,1.157,1400695.0,,2.815699658703065,1.3651877133105814,0.016000000000000014,
510360,2024-01-25,1.19,1.215,1.215,1.185,679620.0,,2.5252525252525277,2.272727272727284,0.027000000000000135,
510360,2024-01-26,1.215,1.21,1.216,1.204,664565.0,,0.9876543209876552,-0.4115226337448655,-0.0050000000000001155,
510360,2024-01-29,1.221,1.198,1.221,1.198,554147.0,,1.9008264462810027,-0.9917355371900836,-0.01200000000000001,
510360,2024-01-30,1.192,1.179,1.197,1.178,1275781.0,,1.5859766277128655,-1.585976627712847,-0.018999999999999906,
510360,2024-01-31,1.177,1.173,1.181,1.161,1119604.0,,1.6963528413910107,-0.5089058524173032,-0.006000000000000005,
510360,2024-02-01,1.168,1.169,1.181,1.158,664181.0,,1.9607843137255012,-0.34100596760443336,-0.0040000000000000036,
510360,2024-02-02,1.167,1.156,1.174,1.124,1056594.0,,4.277159965782705,-1.1120615911035177,-0.013000000000000123,
510360,2024-02-05,1.149,1.16,1.171,1.129,836560.0,,3.6332179930795885,0.34602076124567505,0.0040000000000000036,
510360,2024-02-06,1.153,1.201,1.202,1.15,736105.0,,4.482758620689659,3.5344827586207024,0.04100000000000015,
510360,2024-02-07,1.202,1.215,1.215,1.195,1558620.0,,1.6652789342214833,1.1656952539550385,0.014000000000000012,
510360,2024-02-08,1.214,1.221,1.222,1.211,1009537.0,,0.9053497942386748,0.4938271604938276,0.006000000000000005,
510360,2024-02-19,1.225,1.23,1.231,1.22,475190.0,,0.9009009009009108,0.7371007371007287,0.008999999999999897,
510360,2024-02-20,1.226,1.235,1.238,1.224,490041.0,,1.138211382113822,0.40650406504065983,0.0050000000000001155,
510360,2024-02-21,1.23,1.252,1.27,1.229,873920.0,,3.3198380566801555,1.376518218623474,0.016999999999999904,
510360,2024-02-22,1.253,1.265,1.266,1.248,835502.0,,1.4376996805111835,1.038338658146957,0.0129999999999999,
510360,2024-02-23,1.266,1.264,1.271,1.26,490039.0,,0.8695652173912963,-0.07905138339920079,-0.0009999999999998899,
510360,2024-02-26,1.264,1.25,1.265,1.249,556378.0,,1.26582278481011,-1.1075949367088618,-0.014000000000000012,
510360,2024-02-27,1.251,1.266,1.267,1.244,733514.0,,1.8399999999999928,1.2800000000000011,0.016000000000000014,
510360,2024-02-28,1.264,1.252,1.277,1.251,639415.0,,2.0537124802527664,-1.1058451816745665,-0.014000000000000012,
510360,2024-02-29,1.254,1.273,1.275,1.253,588467.0,,1.7571884984025576,1.677316293929705,0.020999999999999908,
510360,2024-03-01,1.274,1.284,1.287,1.27,556490.0,,1.3354281225451614,0.8641005498821775,0.01100000000000012,
510360,2024-03-04,1.284,1.281,1.285,1.275,1038332.0,,0.7788161993769477,-0.23364485981309294,-0.0030000000000001137,
510360,2024-03-05,1.275,1.29,1.293,1.275,851998.0,,1.4051522248243573,0.7025761124121873,0.009000000000000119,
510360,2024-03-06,1.288,1.288,1.299,1.286,614689.0,,1.0077519379844884,-0.15503875968992262,-0.0020000000000000018,
510360,2024-03-07,1.284,1.279,1.295,1.277,805593.0,,1.3975155279503118,-0.6987577639751645,-0.009000000000000119,
510360,2024-03-08,1.28,1.284,1.287,1.273,690623.0,,1.094605160281471,0.3909304143862483,0.0050000000000001155,
510360,2024-03-11,1.284,1.301,1.301,1.283,997105.0,,1.401869158878506,1.3239875389408025,0.016999999999999904,
510360,2024-03-12,1.3,1.304,1.307,1.296,872583.0,,0.8455034588777786,0.23059185242122318,0.0030000000000001137,
510360,2024-03-13,1.304,1.294,1.304,1.292,904799.0,,0.9202453987730069,-0.7668711656441725,-0.010000000000000009,
510360,2024-03-14,1.296,1.291,1.304,1.285,700137.0,,1.4683153013910453,-0.23183925811438283,-0.0030000000000001137,
510360,2024-03-15,1.289,1.294,1.296,1.28,766588.0,,1.2393493415956633,0.2323780015491955,0.0030000000000001137,
510360,2024-03-18,1.3,1.306,1.307,1.295,608574.0,,0.9273570324574969,0.9273570324574969,0.01200000000000001,
510360,2024-03-19,1.306,1.298,1.309,1.296,830582.0,,0.9954058192955513,-0.612557427258806,-0.008000000000000007,
510360,2024-03-20,1.308,1.297,1.308,1.293,1256309.0,,1.1556240369799786,-0.0770416024653399,-0.001000000000000112,
510360,2024-03-21,1.301,1.298,1.306,1.295,599199.0,,0.8481110254433402,0.07710100231303871,0.001000000000000112,
510360,2024-03-22,1.301,1.285,1.301,1.276,910610.0,,1.926040061633275,-1.001540832049316,-0.013000000000000123,
510360,2024-03-25,1.28,1.28,1.292,1.278,699351.0,,1.0894941634241255,-0.3891050583657505,-0.004999999999999893,
510360,2024-03-26,1.279,1.284,1.287,1.277,937390.0,,0.7812500000000007,0.3125000000000003,0.0040000000000000036,
510360,2024-03-27,1.285,1.272,1.285,1.271,1175684.0,,1.0903426791277269,-0.9345794392523372,-0.01200000000000001,
510360,2024-03-28,1.271,1.277,1.288,1.266,1750625.0,,1.7295597484276743,0.3930817610062809,0.004999999999999893,
510360,2024-03-29,1.277,1.283,1.284,1.275,1147945.0,,0.7047768206734628,0.46985121378230277,0.006000000000000005,
510360,2024-04-01,1.291,1.302,1.305,1.287,925603.0,,1.4029618082618875,1.4809041309431121,0.019000000000000128,
510360,2024-04-02,1.302,1.298,1.304,1.293,626633.0,,0.8448540706605315,-0.307219662058372,-0.0040000000000000036,
510360,2024-04-03,1.298,1.293,1.298,1.289,821730.0,,0.6933744221879906,-0.3852080123266653,-0.0050000000000001155,
510360,2024-04-08,1.29,1.282,1.292,1.28,426338.0,,0.928074245939676,-0.8507347254446944,-0.010999999999999899,
510360,2024-04-09,1.283,1.28,1.288,1.275,615185.0,,1.0140405616224746,-0.15600624024961013,-0.0020000000000000018,
510360,2024-04-10,1.28,1.27,1.281,1.264,687101.0,,1.3281249999999925,-0.7812500000000007,-0.010000000000000009,
510360,2024-04-11,1.268,1.269,1.276,1.262,980359.0,,1.1023622047244104,-0.07874015748032377,-0.001000000000000112,
510360,2024-04-12,1.27,1.259,1.273,1.255,1249675.0,,1.4184397163120581,-0.7880220646178101,-0.010000000000000009,
510360,2024-04-15,1.261,1.285,1.288,1.259,719870.0,,2.3034154090548165,2.0651310563939655,0.026000000000000023,
510360,2024-04-16,1.281,1.272,1.284,1.268,1122505.0,,1.2451361867704291,-1.011673151750965,-0.0129999999999999,
510360,2024-04-17,1.271,1.29,1.291,1.269,1038789.0,,1.7295597484276743,1.4150943396226427,0.018000000000000016,
510360,2024-04-18,1.289,1.292,1.305,1.286,760221.0,,1.4728682170542562,0.15503875968992262,0.0020000000000000018,
510360,2024-04-19,1.293,1.283,1.293,1.277,1613595.0,,1.2383900928792582,-0.6965944272445912,-0.009000000000000119,
510360,2024-04-22,1.28,1.281,1.291,1.278,327599.0,,1.013250194855799,-0.15588464536243196,-0.0020000000000000018,
510360,2024-04-23,1.282,1.271,1.282,1.269,2511072.0,,1.0148321623731555,-0.7806401249024207,-0.010000000000000009,
510360,2024-04-24,1.272,1.275,1.278,1.267,340513.0,,0.8654602675059105,0.31471282454760063,0.0040000000000000036,
510360,2024-04-25,1.275,1.278,1.285,1.27,1546340.0,,1.1764705882352864,0.23529411764706773,0.0030000000000001137,
510360,2024-04-26,1.282,1.298,1.301,1.282,519465.0,,1.4866979655711976,1.5649452269170594,0.020000000000000018,
510360,2024-04-29,1.309,1.313,1.322,1.298,548242.0,,1.8489984591679522,1.1556240369799617,0.014999999999999902,
510360,2024-04-30,1.315,1.307,1.316,1.306,925764.0,,0.7616146230007623,-0.4569687738004574,-0.006000000000000005,
510360,2024-05-06,1.317,1.327,1.331,1.316,949230.0,,1.1476664116296789,1.5302218821729165,0.020000000000000018,
510360,2024-05-07,1.325,1.327,1.328,1.322,1374574.0,,0.4521477015825174,0.0,0.0,
510360,2024-05-08,1.326,1.315,1.326,1.314,361855.0,,0.9042954031650348,-0.9042954031650348,-0.01200000000000001,
510360,2024-05-09,1.32,1.328,1.33,1.316,453794.0,,1.064638783269963,0.9885931558935455,0.013000000000000123,
510360,2024-05-10,1.332,1.329,1.332,1.319,1388032.0,,0.9789156626506116,0.0753012048192688,0.0009999999999998899,
510360,2024-05-13,1.32,1.327,1.331,1.316,1168521.0,,1.1286681715575548,-0.15048908954100843,-0.0020000000000000018,
510360,2024-05-14,1.328,1.327,1.333,1.322,1223134.0,,0.8289374529012735,0.0,0.0,
510360,2024-05-15,1.327,1.315,1.328,1.313,1191811.0,,1.1303692539563017,-0.9042954031650348,-0.01200000000000001,
510360,2024-05-16,1.316,1.32,1.327,1.315,1092806.0,,0.9125475285171112,0.3802281368821381,0.0050000000000001155,
510360,2024-05-17,1.319,1.335,1.336,1.316,1407257.0,,1.5151515151515165,1.136363636363629,0.014999999999999902,
510360,2024-05-20,1.338,1.34,1.344,1.33,1360883.0,,1.04868913857678,0.3745318352060012,0.0050000000000001155,
510360,2024-05-21,1.338,1.336,1.338,1.331,1254311.0,,0.5223880597015013,-0.2985074626865674,-0.0040000000000000036,
510360,2024-05-22,1.338,1.338,1.34,1.331,480887.0,,0.6736526946107874,0.14970059880239533,0.0020000000000000018,
510360,2024-05-23,1.335,1.322,1.337,1.319,538122.0,,1.345291479820629,-1.1958146487294479,-0.016000000000000014,
510360,2024-05-24,1.319,1.309,1.326,1.307,550191.0,,1.4372163388804937,-0.9833585476550774,-0.013000000000000123,
510360,2024-05-27,1.306,1.32,1.32,1.306,595954.0,,1.069518716577541,0.8403361344537909,0.01100000000000012,
510360,2024-05-28,1.319,1.311,1.32,1.309,568694.0,,0.8333333333333425,-0.6818181818181908,-0.009000000000000119,
510360,2024-05-29,1.311,1.311,1.319,1.307,572975.0,,0.9153318077803212,0.0,0.0,
510360,2024-05-30,1.31,1.306,1.316,1.303,587225.0,,0.9916094584286899,-0.38138825324179204,-0.004999999999999893,
510360,2024-05-31,1.308,1.302,1.313,1.3,593382.0,,0.9954058192955513,-0.306278713629403,-0.0040000000000000036,
510360,2024-06-03,1.302,1.303,1.307,1.295,807615.0,,0.9216589861751161,0.07680491551458447,0.0009999999999998899,
510360,2024-06-04,1.302,1.312,1.316,1.3,772381.0,,1.2279355333844986,0.690713737528789,0.009000000000000119,
510360,2024-06-05,1.31,1.306,1.316,1.306,642537.0,,0.7621951219512202,-0.4573170731707321,-0.006000000000000005,
510360,2024-06-06,1.306,1.307,1.318,1.302,699893.0,,1.225114854517612,0.07656967840734226,0.0009999999999998899,
510360,2024-06-07,1.309,1.299,1.311,1.291,637859.0,,1.5302218821729165,-0.6120887528691666,-0.008000000000000007,
510360,2024-06-11,1.293,1.29,1.297,1.283,564632.0,,1.077752117013088,-0.6928406466512623,-0.008999999999999897,
510360,2024-06-12,1.286,1.288,1.292,1.285,430016.0,,0.5426356589147378,-0.15503875968992262,-0.0020000000000000018,
510360,2024-06-13,1.289,1.283,1.292,1.28,619447.0,,0.9316770186335411,-0.3881987577639841,-0.0050000000000001155,
510360,2024-06-14,1.282,1.291,1.292,1.278,545409.0,,1.0911925175370236,0.6235385814497278,0.008000000000000007,
510360,2024-06-17,1.29,1.287,1.291,1.284,914835.0,,0.5422153369480941,-0.30983733539891584,-0.0040000000000000036,
510360,2024-06-18,1.286,1.291,1.295,1.286,509322.0,,0.6993006993006913,0.3108003108003111,0.0040000000000000036,
510360,2024-06-19,1.294,1.287,1.294,1.286,419280.0,,0.6196746707978317,-0.30983733539891584,-0.0040000000000000036,
510360,2024-06-20,1.287,1.28,1.291,1.278,512216.0,,1.0101010101010024,-0.5439005439005358,-0.006999999999999895,
510360,2024-06-21,1.282,1.278,1.282,1.269,756250.0,,1.0156250000000095,-0.15625000000000014,-0.0020000000000000018,
510360,2024-06-24,1.276,1.272,1.281,1.269,603225.0,,0.9389671361502356,-0.4694835680751178,-0.006000000000000005,
510360,2024-06-25,1.27,1.264,1.274,1.257,542282.0,,1.3364779874213937,-0.6289308176100634,-0.008000000000000007,
510360,2024-06-26,1.263,1.27,1.274,1.259,658164.0,,1.1867088607595035,0.4746835443037979,0.006000000000000005,
510360,2024-06-27,1.27,1.264,1.27,1.262,534997.0,,0.6299212598425202,-0.4724409448818902,-0.006000000000000005,
510360,2024-06-28,1.265,1.267,1.276,1.263,802655.0,,1.0284810126582375,0.23734177215189015,0.0029999999999998916,
510360,2024-07-01,1.268,1.272,1.274,1.259,1177387.0,,1.1838989739542325,0.3946329913180833,0.0050000000000001155,
510360,2024-07-02,1.271,1.271,1.276,1.268,945572.0,,0.6289308176100634,-0.07861635220126666,-0.001000000000000112,
510360,2024-07-03,1.27,1.269,1.273,1.264,633043.0,,0.7081038552320926,-0.15735641227380032,-0.0020000000000000018,
510360,2024-07-04,1.268,1.262,1.275,1.262,402309.0,,1.0244286840031445,-0.5516154452324583,-0.006999999999999895,
510360,2024-07-05,1.262,1.258,1.264,1.245,1399859.0,,1.505546751188582,-0.31695721077654543,-0.0040000000000000036,
510360,2024-07-08,1.259,1.248,1.259,1.245,407378.0,,1.112877583465802,-0.7949125596184426,-0.010000000000000009,
510360,2024-07-09,1.246,1.261,1.265,1.242,486888.0,,1.8429487179487107,1.0416666666666585,0.0129999999999999,
510360,2024-07-10,1.26,1.258,1.265,1.257,266718.0,,0.6344171292624907,-0.23790642347342522,-0.0029999999999998916,
510360,2024-07-11,1.268,1.275,1.278,1.264,404343.0,,1.1128775834658198,1.3513513513513438,0.016999999999999904,
510360,2024-07-12,1.276,1.278,1.281,1.273,428087.0,,0.6274509803921574,0.23529411764706773,0.0030000000000001137,
510360,2024-07-15,1.278,1.28,1.282,1.275,355319.0,,0.5477308294209794,0.1564945226917059,0.0020000000000000018,
510360,2024-07-16,1.281,1.289,1.29,1.277,461806.0,,1.0156250000000095,0.703124999999992,0.008999999999999897,
510360,2024-07-17,1.289,1.293,1.296,1.285,356455.0,,0.8533747090768132,0.31031807602792894,0.0040000000000000036,
510360,2024-07-18,1.292,1.301,1.301,1.283,1905968.0,,1.3921113689095141,0.618716163959784,0.008000000000000007,
510360,2024-07-19,1.3,1.306,1.308,1.291,1139316.0,,1.306687163720225,0.38431975403536633,0.0050000000000001155,
510360,2024-07-22,1.306,1.297,1.308,1.29,728831.0,,1.3782542113323135,-0.6891271056661653,-0.009000000000000119,
510360,2024-07-23,1.3,1.273,1.3,1.272,582530.0,,2.158828064764844,-1.8504240555127234,-0.02400000000000002,
510360,2024-07-24,1.272,1.264,1.277,1.26,989911.0,,1.3354281225451614,-0.7069913589944932,-0.008999999999999897,
510360,2024-07-25,1.264,1.256,1.264,1.252,956973.0,,0.9493670886075958,-0.6329113924050639,-0.008000000000000007,
510360,2024-07-26,1.257,1.261,1.267,1.255,536781.0,,0.9554140127388543,0.39808917197451377,0.004999999999999893,
510360,2024-07-29,1.26,1.255,1.262,1.254,314122.0,,0.6344171292624907,-0.47581284694686804,-0.006000000000000005,
510360,2024-07-30,1.252,1.247,1.252,1.241,607182.0,,0.8764940239043746,-0.6374501992031701,-0.007999999999999785,
510360,2024-07-31,1.246,1.274,1.276,1.245,457715.0,,2.4859663191659913,2.1651964715316687,0.026999999999999913,
510360,2024-08-01,1.274,1.266,1.278,1.265,339756.0,,1.0204081632653157,-0.6279434850863428,-0.008000000000000007,
510360,2024-08-02,1.263,1.253,1.265,1.251,325414.0,,1.1058451816745665,-1.026856240126392,-0.013000000000000123,
510360,2024-08-05,1.251,1.239,1.262,1.238,715382.0,,1.9154030327214702,-1.1173184357541732,-0.01399999999999979,
510360,2024-08-06,1.245,1.238,1.25,1.229,354304.0,,1.6949152542372805,-0.08071025020178466,-0.001000000000000112,
510360,2024-08-07,1.238,1.237,1.244,1.232,384969.0,,0.9693053311793223,-0.08077544426493456,-0.0009999999999998899,
510360,2024-08-08,1.237,1.238,1.246,1.23,352257.0,,1.2934518997574787,0.08084074373483345,0.0009999999999998899,
510360,2024-08-09,1.24,1.233,1.248,1.233,265141.0,,1.211631663974144,-0.4038772213247087,-0.004999999999999893,
510360,2024-08-12,1.235,1.232,1.236,1.23,252743.0,,0.4866180048661804,-0.08110300081103908,-0.001000000000000112,
510360,2024-08-13,1.232,1.234,1.235,1.226,260420.0,,0.7305194805194902,0.16233766233766247,0.0020000000000000018,
510360,2024-08-14,1.236,1.225,1.236,1.224,258339.0,,0.972447325769855,-0.7293354943273823,-0.008999999999999897,
510360,2024-08-15,1.225,1.238,1.244,1.221,511492.0,,1.8775510204081556,1.06122448979591,0.0129999999999999,
510360,2024-08-16,1.238,1.24,1.243,1.235,394547.0,,0.6462035541195482,0.16155088852988705,0.0020000000000000018,
510360,2024-08-19,1.24,1.243,1.251,1.24,419415.0,,0.8870967741935403,0.2419354838709769,0.0030000000000001137,
510360,2024-08-20,1.243,1.234,1.244,1.23,434752.0,,1.1263073209975873,-0.7240547063556009,-0.009000000000000119,
510360,2024-08-21,1.235,1.231,1.236,1.226,358851.0,,0.8103727714748791,-0.24311183144245474,-0.0029999999999998916,
510360,2024-08-22,1.234,1.229,1.234,1.225,395303.0,,0.7311129163281801,-0.1624695369618198,-0.0020000000000000018,
510360,2024-08-23,1.226,1.234,1.237,1.226,347280.0,,0.8950366151342654,0.4068348250610165,0.004999999999999893,
510360,2024-08-26,1.235,1.233,1.238,1.226,763705.0,,0.972447325769855,-0.08103727714747892,-0.0009999999999998899,
510360,2024-08-27,1.231,1.226,1.231,1.224,233756.0,,0.5677210056772195,-0.5677210056772195,-0.007000000000000117,
510360,2024-08-28,1.227,1.219,1.227,1.215,294211.0,,0.9787928221859716,-0.5709624796084743,-0.006999999999999895,
510360,2024-08-29,1.22,1.216,1.222,1.213,225657.0,,0.7383100902378914,-0.24610336341264263,-0.0030000000000001137,
510360,2024-08-30,1.22,1.233,1.244,1.215,3756467.0,,2.3848684210526248,1.398026315789484,0.017000000000000126,
510360,2024-09-02,1.23,1.212,1.23,1.21,452403.0,,1.6220600162206014,-1.7031630170316405,-0.02100000000000013,
510360,2024-09-03,1.214,1.214,1.218,1.209,253057.0,,0.7425742574257341,0.16501650165016518,0.0020000000000000018,
510360,2024-09-04,1.207,1.208,1.215,1.206,211705.0,,0.7413509060955616,-0.4942339373970351,-0.006000000000000005,
510360,2024-09-05,1.208,1.208,1.213,1.204,430092.0,,0.7450331125827914,0.0,0.0,
510360,2024-09-06,1.208,1.198,1.214,1.197,479722.0,,1.4072847682119127,-0.8278145695364246,-0.010000000000000009,
510360,2024-09-09,1.197,1.184,1.197,1.179,551016.0,,1.502504173622706,-1.1686143572621046,-0.014000000000000012,
510360,2024-09-10,1.186,1.185,1.19,1.176,279345.0,,1.1824324324324336,0.08445945945946892,0.001000000000000112,
510360,2024-09-11,1.188,1.181,1.188,1.178,198626.0,,0.8438818565400852,-0.337552742616034,-0.0040000000000000036,
510360,2024-09-12,1.182,1.178,1.189,1.176,278953.0,,1.1007620660457342,-0.2540220152413305,-0.0030000000000001137,
510360,2024-09-13,1.179,1.173,1.184,1.171,198062.0,,1.1035653650254587,-0.4244482173174783,-0.004999999999999893,
510360,2024-09-18,1.173,1.176,1.181,1.167,293345.0,,1.1935208866155167,0.25575447570331555,0.0029999999999998916,
510360,2024-09-19,1.178,1.186,1.194,1.169,540994.0,,2.125850340136047,0.8503401360544225,0.010000000000000009,
510360,2024-09-20,1.186,1.19,1.192,1.178,2202648.0,,1.1804384485666115,0.337268128161889,0.0040000000000000036,
510360,2024-09-23,1.19,1.192,1.2,1.186,278605.0,,1.176470588235295,0.16806722689075645,0.0020000000000000018,
510360,2024-09-24,1.198,1.245,1.246,1.196,1596833.0,,4.194630872483225,4.446308724832228,0.05300000000000016,
510360,2024-09-25,1.265,1.263,1.287,1.26,2762363.0,,2.1686746987951735,1.4457831325301038,0.017999999999999794,
510360,2024-09-26,1.261,1.322,1.323,1.26,2463771.0,,4.988123515439426,4.671417260490908,0.05900000000000016,
510360,2024-09-27,1.334,1.384,1.384,1.334,307479.0,,3.7821482602117866,4.68986384266262,0.06199999999999983,
510360,2024-09-30,1.452,1.522,1.522,1.412,1277164.0,,7.947976878612724,9.971098265895964,0.13800000000000012,
510360,2024-10-08,1.674,1.634,1.674,1.56,1275191.0,,7.490144546649138,7.358738501971082,0.11199999999999988,
510360,2024-10-09,1.634,1.472,1.634,1.471,2841063.0,,9.975520195838422,-9.914320685434513,-0.16199999999999992,
510360,2024-10-10,1.472,1.484,1.521,1.454,2831188.0,,4.551630434782606,0.8152173913043484,0.01200000000000001,
510360,2024-10-11,1.484,1.444,1.484,1.429,979918.0,,3.706199460916438,-2.695417789757415,-0.040000000000000036,
510360,2024-10-14,1.446,1.469,1.478,1.436,964638.0,,2.9085872576177314,1.731301939058181,0.025000000000000133,
510360,2024-10-15,1.468,1.432,1.473,1.432,1332190.0,,2.791014295439084,-2.5187202178352717,-0.037000000000000144,
510360,2024-10-16,1.41,1.423,1.44,1.41,813726.0,,2.094972067039108,-0.6284916201117247,-0.008999999999999897,
510360,2024-10-17,1.423,1.405,1.441,1.404,529271.0,,2.6001405481377473,-1.2649332396345758,-0.018000000000000016,
510360,2024-10-18,1.41,1.458,1.497,1.398,1093384.0,,7.046263345195744,3.7722419928825577,0.052999999999999936,
510360,2024-10-21,1.46,1.46,1.476,1.446,768766.0,,2.0576131687242816,0.13717421124828544,0.0020000000000000018,
510360,2024-10-22,1.458,1.469,1.471,1.453,667171.0,,1.2328767123287683,0.6164383561643917,0.009000000000000119,
510360,2024-10-23,1.471,1.474,1.488,1.462,878550.0,,1.7699115044247802,0.3403675970047579,0.004999999999999893,
510360,2024-10-24,1.471,1.458,1.471,1.452,735296.0,,1.2890094979647306,-1.085481682496609,-0.016000000000000014,
510360,2024-10-25,1.458,1.468,1.482,1.455,1249127.0,,1.8518518518518459,0.6858710562414273,0.010000000000000009,
510360,2024-10-28,1.468,1.47,1.472,1.454,1149092.0,,1.22615803814714,0.1362397820163489,0.0020000000000000018,
510360,2024-10-29,1.47,1.458,1.483,1.455,3094363.0,,1.9047619047619064,-0.8163265306122457,-0.01200000000000001,
510360,2024-10-30,1.457,1.445,1.458,1.436,1398475.0,,1.5089163237311398,-0.8916323731138478,-0.0129999999999999,
510360,2024-10-31,1.443,1.446,1.457,1.431,1712042.0,,1.7993079584775102,0.06920415224912732,0.0009999999999998899,
510360,2024-11-01,1.444,1.446,1.462,1.441,2214680.0,,1.4522821576763423,0.0,0.0,
510360,2024-11-04,1.446,1.465,1.466,1.444,831167.0,,1.521438450899033,1.313969571230991,0.019000000000000128,
510360,2024-11-05,1.466,1.502,1.503,1.457,754749.0,,3.139931740614322,2.525597269624568,0.03699999999999992,
510360,2024-11-06,1.507,1.495,1.52,1.484,1463870.0,,2.396804260985355,-0.46604527296936715,-0.006999999999999895,
510360,2024-11-07,1.487,1.543,1.544,1.482,887732.0,,4.147157190635455,3.210702341137112,0.04799999999999982,
510360,2024-11-08,1.555,1.526,1.559,1.52,1071472.0,,2.5275437459494445,-1.101749837977959,-0.016999999999999904,
510360,2024-11-11,1.524,1.533,1.537,1.504,2380459.0,,2.1625163826998635,0.4587155963302683,0.006999999999999895,
510360,2024-11-12,1.533,1.514,1.552,1.508,1523482.0,,2.870189171559037,-1.2393998695368498,-0.018999999999999906,
510360,2024-11-13,1.512,1.525,1.529,1.507,823921.0,,1.4531043593130792,0.7265521796565323,0.010999999999999899,
510360,2024-11-14,1.524,1.5,1.528,1.499,613188.0,,1.9016393442622896,-1.6393442622950762,-0.02499999999999991,
510360,2024-11-15,1.5,1.476,1.504,1.474,553861.0,,2.0000000000000018,-1.6000000000000014,-0.02400000000000002,
510360,2024-11-18,1.476,1.466,1.497,1.459,624548.0,,2.574525745257455,-0.6775067750677514,-0.010000000000000009,
510360,2024-11-19,1.467,1.476,1.477,1.449,701148.0,,1.9099590723055953,0.6821282401091412,0.010000000000000009,
510360,2024-11-20,1.473,1.48,1.486,1.469,426136.0,,1.1517615176151696,0.2710027100271005,0.0040000000000000036,
510360,2024-11-21,1.478,1.482,1.485,1.473,530128.0,,0.8108108108108115,0.13513513513513525,0.0020000000000000018,
510360,2024-11-22,1.48,1.442,1.482,1.436,1231446.0,,3.103913630229423,-2.6990553306342804,-0.040000000000000036,
510360,2024-11-25,1.436,1.429,1.445,1.415,537140.0,,2.0804438280166453,-0.9015256588072054,-0.0129999999999999,
510360,2024-11-26,1.429,1.428,1.44,1.423,950336.0,,1.189643107067873,-0.0699790062981184,-0.001000000000000112,
510360,2024-11-27,1.426,1.45,1.452,1.419,541624.0,,2.310924369747893,1.5406162464986008,0.02200000000000002,
510360,2024-11-28,1.45,1.44,1.453,1.436,456780.0,,1.172413793103457,-0.6896551724137937,-0.010000000000000009,
510360,2024-11-29,1.44,1.454,1.472,1.437,536818.0,,2.43055555555555,0.9722222222222231,0.014000000000000012,
510360,2024-12-02,1.454,1.465,1.469,1.451,315815.0,,1.237964236588722,0.7565337001375599,0.01100000000000012,
510360,2024-12-03,1.465,1.468,1.474,1.458,1115119.0,,1.092150170648465,0.2047781569965796,0.0029999999999998916,
510360,2024-12-04,1.467,1.46,1.47,1.455,531716.0,,1.0217983651226092,-0.5449591280653956,-0.008000000000000007,
510360,2024-12-05,1.46,1.456,1.462,1.453,256225.0,,0.6164383561643765,-0.2739726027397263,-0.0040000000000000036,
510360,2024-12-06,1.455,1.476,1.485,1.455,535429.0,,2.0604395604395624,1.3736263736263747,0.020000000000000018,
510360,2024-12-09,1.476,1.474,1.484,1.465,279497.0,,1.2872628726287199,-0.13550135501355026,-0.0020000000000000018,
510360,2024-12-10,1.53,1.486,1.53,1.482,579798.0,,3.256445047489827,0.8141112618724567,0.01200000000000001,
510360,2024-12-11,1.486,1.482,1.489,1.477,442246.0,,0.8075370121130558,-0.2691790040376853,-0.0040000000000000036,
510360,2024-12-12,1.478,1.497,1.498,1.478,518194.0,,1.3495276653171402,1.0121457489878627,0.015000000000000124,
510360,2024-12-13,1.492,1.461,1.492,1.459,517993.0,,2.2044088176352648,-2.404809619238479,-0.03600000000000003,
510360,2024-12-16,1.46,1.453,1.463,1.449,406171.0,,0.9582477754962362,-0.5475701574264207,-0.008000000000000007,
510360,2024-12-17,1.453,1.456,1.469,1.453,496760.0,,1.1011699931176886,0.20646937370955898,0.0029999999999998916,
510360,2024-12-18,1.459,1.464,1.468,1.459,1488878.0,,0.618131868131861,0.5494505494505499,0.008000000000000007,
510360,2024-12-19,1.459,1.467,1.469,1.416,617873.0,,3.6202185792349835,0.20491803278689302,0.0030000000000001137,
510360,2024-12-20,1.466,1.46,1.473,1.458,1385463.0,,1.0224948875255708,-0.47716428084527035,-0.007000000000000117,
510360,2024-12-23,1.462,1.463,1.473,1.46,255615.0,,0.890410958904118,0.2054794520548023,0.0030000000000001137,
510360,2024-12-24,1.463,1.479,1.482,1.462,465823.0,,1.3670539986329473,1.0936431989063577,0.016000000000000014,
510360,2024-12-25,1.48,1.481,1.489,1.475,347078.0,,0.9465855307640306,0.1352265043948615,0.0020000000000000018,
510360,2024-12-26,1.481,1.481,1.484,1.474,6107659.0,,0.6752194463200546,0.0,0.0,
510360,2024-12-27,1.481,1.478,1.489,1.475,1956172.0,,0.9453072248480764,-0.2025658338960239,-0.0030000000000001137,
510360,2024-12-30,1.477,1.485,1.487,1.476,637991.0,,0.7442489851150285,0.4736129905277481,0.007000000000000117,
510360,2024-12-31,1.486,1.462,1.487,1.461,1340130.0,,1.7508417508417522,-1.5488215488215575,-0.02300000000000013,
510360,2025-01-02,1.461,1.421,1.462,1.41,654941.0,,3.5567715458276368,-2.8043775649794753,-0.040999999999999925,
510360,2025-01-03,1.422,1.404,1.426,1.401,2511786.0,,1.7593244194229352,-1.196340605207609,-0.017000000000000126,
510360,2025-01-06,1.401,1.402,1.41,1.392,683729.0,,1.2820512820512833,-0.1424501424501426,-0.0020000000000000018,
510360,2025-01-07,1.401,1.412,1.413,1.396,236599.0,,1.2125534950071417,0.7132667617689022,0.010000000000000009,
510360,2025-01-08,1.409,1.407,1.417,1.387,2359533.0,,2.124645892351277,-0.35410764872520495,-0.004999999999999893,
510360,2025-01-09,1.405,1.406,1.411,1.403,1707600.0,,0.5685856432125094,-0.07107320540157157,-0.001000000000000112,
510360,2025-01-10,1.409,1.39,1.409,1.39,587209.0,,1.3513513513513604,-1.1379800853485076,-0.016000000000000014,
510360,2025-01-13,1.384,1.384,1.391,1.379,555178.0,,0.8633093525179865,-0.43165467625899323,-0.006000000000000005,
510360,2025-01-14,1.384,1.42,1.423,1.384,438442.0,,2.8179190751445193,2.601156069364164,0.03600000000000003,
510360,2025-01-15,1.419,1.411,1.419,1.409,365233.0,,0.7042253521126767,-0.6338028169014012,-0.008999999999999897,
510360,2025-01-16,1.412,1.413,1.43,1.404,495267.0,,1.8426647767540767,0.1417434443656982,0.0020000000000000018,
510360,2025-01-17,1.409,1.417,1.425,1.405,249240.0,,1.415428167020525,0.283085633404105,0.0040000000000000036,
510360,2025-01-20,1.421,1.423,1.435,1.42,154830.0,,1.0585744530698746,0.4234297812279467,0.006000000000000005,
510360,2025-01-21,1.428,1.425,1.431,1.419,525756.0,,0.8432888264230507,0.14054813773717512,0.0020000000000000018,
510360,2025-01-22,1.425,1.412,1.426,1.406,582264.0,,1.4035087719298258,-0.9122807017543946,-0.013000000000000123,
510360,2025-01-23,1.42,1.417,1.438,1.413,1278347.0,,1.7705382436260562,0.35410764872522066,0.0050000000000001155,
510360,2025-01-24,1.416,1.427,1.434,1.411,953729.0,,1.6231474947071212,0.7057163020465779,0.010000000000000009,
510360,2025-01-27,1.432,1.422,1.433,1.421,288876.0,,0.840925017519272,-0.3503854239663711,-0.0050000000000001155,
510360,2025-02-05,1.424,1.41,1.43,1.408,724824.0,,1.5471167369901562,-0.8438818565400852,-0.01200000000000001,
510360,2025-02-06,1.41,1.429,1.43,1.41,521010.0,,1.4184397163120581,1.3475177304964632,0.019000000000000128,
510360,2025-02-07,1.427,1.447,1.458,1.426,630855.0,,2.23932820153954,1.2596221133659913,0.018000000000000016,
510360,2025-02-10,1.447,1.451,1.453,1.442,1918245.0,,0.7601935038009758,0.2764340013821703,0.0040000000000000036,
510360,2025-02-11,1.451,1.445,1.452,1.44,845328.0,,0.8270158511371475,-0.41350792556857374,-0.006000000000000005,
510360,2025-02-12,1.445,1.458,1.459,1.438,231584.0,,1.4532871972318429,0.8996539792387475,0.0129999999999999,
510360,2025-02-13,1.454,1.454,1.465,1.452,1220239.0,,0.8916323731138631,-0.2743484224965709,-0.0040000000000000036,
510360,2025-02-14,1.453,1.465,1.469,1.45,829282.0,,1.3067400275103251,0.7565337001375599,0.01100000000000012,
510360,2025-02-17,1.468,1.468,1.472,1.458,728983.0,,0.9556313993174069,0.2047781569965796,0.0029999999999998916,
510360,2025-02-18,1.466,1.458,1.477,1.45,1508175.0,,1.8392370572207175,-0.6811989100817445,-0.010000000000000009,
510360,2025-02-19,1.457,1.464,1.466,1.452,1434028.0,,0.9602194787379982,0.41152263374485637,0.006000000000000005,
510360,2025-02-20,1.461,1.462,1.465,1.456,1365005.0,,0.6147540983606639,-0.13661202185792362,-0.0020000000000000018,
510360,2025-02-21,1.462,1.478,1.484,1.46,1113196.0,,1.6415868673050629,1.0943912448700421,0.016000000000000014,
510360,2025-02-24,1.478,1.476,1.485,1.467,697912.0,,1.2178619756427618,-0.13531799729364016,-0.0020000000000000018,
510360,2025-02-25,1.471,1.46,1.471,1.456,375703.0,,1.0162601626016345,-1.084010840108402,-0.016000000000000014,
510360,2025-02-26,1.46,1.472,1.472,1.46,379020.0,,0.8219178082191789,0.8219178082191789,0.01200000000000001,
510360,2025-02-27,1.472,1.476,1.477,1.462,598668.0,,1.0190217391304432,0.27173913043478287,0.0040000000000000036,
510360,2025-02-28,1.474,1.453,1.476,1.445,1173593.0,,2.1002710027100213,-1.5582655826558205,-0.02299999999999991,
510360,2025-03-03,1.448,1.447,1.462,1.439,2125410.0,,1.5829318651066695,-0.4129387474191332,-0.006000000000000005,
510360,2025-03-04,1.441,1.444,1.447,1.435,197822.0,,0.8293020041465107,-0.20732550103663536,-0.0030000000000001137,
510360,2025-03-05,1.449,1.45,1.452,1.441,272617.0,,0.7617728531855885,0.4155124653739616,0.006000000000000005,
510360,2025-03-06,1.453,1.47,1.474,1.453,2170323.0,,1.448275862068959,1.3793103448275874,0.020000000000000018,
510360,2025-03-07,1.466,1.467,1.475,1.463,3179114.0,,0.8163265306122457,-0.20408163265305387,-0.0029999999999998916,
510360,2025-03-10,1.467,1.461,1.467,1.451,1621366.0,,1.0906612133606008,-0.40899795501022523,-0.006000000000000005,
510360,2025-03-11,1.449,1.463,1.465,1.446,958411.0,,1.3004791238877569,0.13689253935660517,0.0020000000000000018,
510360,2025-03-12,1.462,1.461,1.469,1.457,335343.0,,0.8202323991797683,-0.13670539986329472,-0.0020000000000000018,
510360,2025-03-13,1.46,1.455,1.464,1.449,197600.0,,1.0266940451745312,-0.41067761806981556,-0.006000000000000005,
510360,2025-03-14,1.455,1.489,1.492,1.455,1553273.0,,2.5429553264604756,2.3367697594501737,0.03400000000000003,
510360,2025-03-17,1.49,1.485,1.495,1.484,2335368.0,,0.7387508394895984,-0.2686366689053058,-0.0040000000000000036,
510360,2025-03-18,1.485,1.49,1.493,1.485,1674482.0,,0.5387205387205392,0.3367003367003295,0.004999999999999893,
510360,2025-03-19,1.487,1.491,1.497,1.482,401167.0,,1.0067114093959817,0.06711409395973905,0.001000000000000112,
510360,2025-03-20,1.487,1.479,1.491,1.478,1836280.0,,0.8718980549966547,-0.804828973843059,-0.01200000000000001,
510360,2025-03-21,1.478,1.457,1.481,1.451,357320.0,,2.0283975659229228,-1.4874915483434765,-0.02200000000000002,
510360,2025-03-24,1.458,1.463,1.464,1.453,277977.0,,0.7549759780370554,0.4118050789293072,0.006000000000000005,
510360,2025-03-25,1.463,1.463,1.466,1.459,162430.0,,0.4784688995215239,0.0,0.0,
510360,2025-03-26,1.463,1.458,1.467,1.456,286321.0,,0.7518796992481285,-0.3417634996582444,-0.0050000000000001155,
510360,2025-03-27,1.458,1.462,1.472,1.451,365260.0,,1.4403292181069896,0.2743484224965709,0.0040000000000000036,
510360,2025-03-28,1.461,1.455,1.462,1.453,389964.0,,0.615595075239391,-0.4787961696306358,-0.006999999999999895,
510360,2025-03-31,1.454,1.446,1.461,1.44,1784428.0,,1.4432989690721738,-0.618556701030936,-0.009000000000000119,
510360,2025-04-01,1.448,1.447,1.453,1.444,353299.0,,0.6224066390041577,0.06915629322269101,0.001000000000000112,
510360,2025-04-02,1.448,1.445,1.452,1.442,853310.0,,0.6910850034554256,-0.13821700069108514,-0.0020000000000000018,
510360,2025-04-03,1.435,1.438,1.445,1.432,630072.0,,0.8996539792387628,-0.4844290657439527,-0.007000000000000117,
510360,2025-04-07,1.41,1.329,1.41,1.309,1337498.0,,7.023643949930458,-7.579972183588317,-0.10899999999999999,
510360,2025-04-08,1.337,1.354,1.358,1.331,468034.0,,2.031602708803622,1.8811136192626137,0.025000000000000133,
510360,2025-04-09,1.342,1.365,1.37,1.334,492937.0,,2.6587887740029563,0.8124076809453395,0.010999999999999899,
510360,2025-04-10,1.375,1.389,1.397,1.375,825555.0,,1.6117216117216133,1.75824175824176,0.02400000000000002,
510360,2025-04-11,1.385,1.393,1.399,1.378,360808.0,,1.5118790496760353,0.2879769618430528,0.0040000000000000036,
510360,2025-04-14,1.4,1.397,1.403,1.392,224183.0,,0.7896625987078335,0.28715003589375476,0.0040000000000000036,
510360,2025-04-15,1.399,1.396,1.399,1.388,1121415.0,,0.7874015748031583,-0.07158196134574889,-0.001000000000000112,
510360,2025-04-16,1.392,1.401,1.403,1.385,222084.0,,1.2893982808022935,0.35816618911175613,0.0050000000000001155,
510360,2025-04-17,1.398,1.401,1.405,1.395,396393.0,,0.7137758743754467,0.0,0.0,
510360,2025-04-18,1.403,1.405,1.41,1.396,598537.0,,0.9992862241256254,0.2855103497501787,0.0040000000000000036,
510360,2025-04-21,1.402,1.406,1.41,1.4,290366.0,,0.7117437722419936,0.07117437722419144,0.0009999999999998899,
510360,2025-04-22,1.406,1.407,1.413,1.406,276223.0,,0.49786628733997995,0.0711237553342896,0.001000000000000112,
510360,2025-04-23,1.41,1.409,1.417,1.407,412430.0,,0.7107320540156367,0.14214641080312734,0.0020000000000000018,
510360,2025-04-24,1.409,1.41,1.418,1.405,221022.0,,0.9226401703335628,0.07097232079488218,0.0009999999999998899,
510360,2025-04-25,1.409,1.41,1.414,1.406,588306.0,,0.5673758865248233,0.0,0.0,
510360,2025-04-28,1.41,1.407,1.411,1.404,347218.0,,0.49645390070922824,-0.21276595744680082,-0.0029999999999998916,
510360,2025-04-29,1.407,1.405,1.408,1.402,1091999.0,,0.426439232409382,-0.14214641080312734,-0.0020000000000000018,
510360,2025-04-30,1.405,1.402,1.411,1.402,240300.0,,0.6405693950178021,-0.21352313167260595,-0.0030000000000001137,
510360,2025-05-06,1.409,1.417,1.418,1.405,1363014.0,,0.927246790299565,1.0699001426533614,0.015000000000000124,
510360,2025-05-07,1.432,1.427,1.439,1.419,698772.0,,1.4114326040931557,0.7057163020465779,0.010000000000000009,
510360,2025-05-08,1.427,1.436,1.44,1.415,981552.0,,1.7519271198318087,0.6306937631394461,0.008999999999999897,
510360,2025-05-09,1.436,1.432,1.436,1.428,1043256.0,,0.5571030640668528,-0.2785515320334264,-0.0040000000000000036,
510360,2025-05-12,1.437,1.447,1.449,1.436,375050.0,,0.907821229050288,1.047486033519562,0.015000000000000124,
510360,2025-05-13,1.46,1.45,1.46,1.447,189295.0,,0.8984105044920455,0.20732550103662,0.0029999999999998916,
510360,2025-05-14,1.45,1.468,1.475,1.449,486233.0,,1.7931034482758637,1.2413793103448287,0.018000000000000016,
510360,2025-05-15,1.468,1.455,1.468,1.453,357780.0,,1.0217983651226092,-0.8855585831062603,-0.0129999999999999,
510360,2025-05-16,1.455,1.448,1.455,1.442,653293.0,,0.8934707903780154,-0.4810996563573963,-0.007000000000000117,
510360,2025-05-19,1.444,1.445,1.446,1.438,690620.0,,0.5524861878453043,-0.20718232044198148,-0.0029999999999998916,
510360,2025-05-20,1.446,1.452,1.457,1.445,1053637.0,,0.8304498269896201,0.4844290657439374,0.006999999999999895,
510360,2025-05-21,1.451,1.459,1.463,1.451,296357.0,,0.8264462809917362,0.4820936639118538,0.007000000000000117,
510360,2025-05-22,1.458,1.457,1.461,1.453,168643.0,,0.5483207676490752,-0.1370801919122688,-0.0020000000000000018,
510360,2025-05-23,1.456,1.447,1.465,1.446,308723.0,,1.3040494166094803,-0.6863417982155119,-0.010000000000000009,
510360,2025-05-26,1.447,1.438,1.448,1.434,240564.0,,0.9675190048375958,-0.6219765031098907,-0.009000000000000119,
510360,2025-05-27,1.438,1.431,1.439,1.429,209102.0,,0.6954102920723233,-0.48678720445061857,-0.006999999999999895,
510360,2025-05-28,1.431,1.43,1.435,1.429,123617.0,,0.4192872117400423,-0.06988120195668147,-0.001000000000000112,
510360,2025-05-29,1.43,1.438,1.443,1.429,477211.0,,0.97902097902098,0.5594405594405599,0.008000000000000007,
510360,2025-05-30,1.436,1.435,1.438,1.427,374648.0,,0.7649513212795479,-0.20862308762168927,-0.0029999999999998916,
510360,2025-06-03,1.435,1.435,1.44,1.43,220599.0,,0.6968641114982584,0.0,0.0,
510360,2025-06-04,1.435,1.441,1.445,1.435,286146.0,,0.6968641114982584,0.41811846689895504,0.006000000000000005,
510360,2025-06-05,1.441,1.445,1.447,1.439,356252.0,,0.5551700208188762,0.2775850104094381,0.0040000000000000036,
510360,2025-06-06,1.448,1.445,1.451,1.443,223858.0,,0.5536332179930801,0.0,0.0,
510360,2025-06-09,1.445,1.45,1.453,1.445,350490.0,,0.5536332179930801,0.34602076124566733,0.004999999999999893,
510360,2025-06-10,1.449,1.44,1.453,1.435,532757.0,,1.2413793103448287,-0.6896551724137937,-0.010000000000000009,
510360,2025-06-11,1.441,1.452,1.46,1.441,1270248.0,,1.319444444444438,0.8333333333333341,0.01200000000000001,
510360,2025-06-12,1.452,1.454,1.456,1.445,389781.0,,0.7575757575757507,0.13774104683195607,0.0020000000000000018,
510360,2025-06-13,1.454,1.444,1.454,1.44,391590.0,,0.9628610729023392,-0.6877579092159567,-0.010000000000000009,
510360,2025-06-16,1.443,1.447,1.449,1.441,171362.0,,0.5540166204986154,0.20775623268698848,0.0030000000000001137,
510360,2025-06-17,1.447,1.446,1.45,1.442,294856.0,,0.5528680027643406,-0.06910850034555023,-0.001000000000000112,
510360,2025-06-18,1.446,1.449,1.45,1.441,202650.0,,0.6224066390041423,0.20746887966805763,0.0030000000000001137,
510360,2025-06-19,1.449,1.438,1.449,1.433,429942.0,,1.1042097998619747,-0.7591442374051153,-0.01100000000000012,
510360,2025-06-20,1.437,1.439,1.443,1.437,202980.0,,0.41724617524339397,0.06954102920724005,0.001000000000000112,
510360,2025-06-23,1.436,1.445,1.448,1.432,485320.0,,1.1118832522585138,0.4169562195969426,0.006000000000000005,
510360,2025-06-24,1.444,1.462,1.466,1.444,1789347.0,,1.5224913494809702,1.1764705882352875,0.016999999999999904,
510360,2025-06-25,1.463,1.482,1.485,1.46,4372504.0,,1.709986320109448,1.3679890560875525,0.020000000000000018,
510360,2025-06-26,1.479,1.479,1.486,1.478,1162934.0,,0.5398110661268561,-0.20242914979756352,-0.0029999999999998916,
510360,2025-06-27,1.479,1.471,1.488,1.468,1833687.0,,1.352265043948615,-0.540906017579446,-0.008000000000000007,
510360,2025-06-30,1.469,1.477,1.478,1.467,1309873.0,,0.7477906186267775,0.4078857919782465,0.006000000000000005,
510360,2025-07-01,1.478,1.479,1.48,1.472,269359.0,,0.5416384563303999,0.13540961408259997,0.0020000000000000018,
510360,2025-07-02,1.478,1.481,1.484,1.475,1033155.0,,0.6085192697768692,0.1352265043948615,0.0020000000000000018,
510360,2025-07-03,1.48,1.489,1.491,1.48,234762.0,,0.7427413909520676,0.5401755570560437,0.008000000000000007,
510360,2025-07-04,1.489,1.496,1.507,1.486,258559.0,,1.4103425117528479,0.4701141705842776,0.006999999999999895,
510360,2025-07-07,1.496,1.489,1.496,1.485,255971.0,,0.735294117647052,-0.46791443850266684,-0.006999999999999895,
510360,2025-07-08,1.489,1.501,1.504,1.489,268052.0,,1.0073875083948893,0.8059100067159024,0.011999999999999789,
510360,2025-07-09,1.502,1.5,1.509,1.498,279131.0,,0.7328447701532245,-0.0666222518321046,-0.0009999999999998899,
510360,2025-07-10,1.505,1.506,1.516,1.5,404940.0,,1.0666666666666678,0.40000000000000036,0.006000000000000005,
510360,2025-07-11,1.506,1.512,1.532,1.505,335962.0,,1.792828685258973,0.39840637450199234,0.006000000000000005,
510360,2025-07-14,1.512,1.513,1.519,1.512,339044.0,,0.462962962962956,0.06613756613755885,0.0009999999999998899,
510360,2025-07-15,1.515,1.512,1.521,1.502,387749.0,,1.2557832121612629,-0.06609385327163846,-0.0009999999999998899,
510360,2025-07-16,1.513,1.509,1.518,1.504,222137.0,,0.9259259259259267,-0.19841269841270595,-0.0030000000000001137,
510360,2025-07-17,1.508,1.521,1.521,1.508,318686.0,,0.8614976805831611,0.7952286282306171,0.01200000000000001,
510360,2025-07-18,1.524,1.532,1.534,1.523,362676.0,,0.7232084155161158,0.7232084155161158,0.01100000000000012,
510360,2025-07-21,1.533,1.542,1.543,1.533,398026.0,,0.6527415143603139,0.6527415143603139,0.010000000000000009,
510360,2025-07-22,1.541,1.557,1.557,1.535,336208.0,,1.4267185473411166,0.9727626459143904,0.014999999999999902,
510360,2025-07-23,1.557,1.555,1.569,1.553,560068.0,,1.0276172125883118,-0.12845215157353898,-0.0020000000000000018,
510360,2025-07-24,1.555,1.566,1.567,1.553,525828.0,,0.9003215434083609,0.7073954983922908,0.01100000000000012,
510360,2025-07-25,1.566,1.559,1.567,1.555,2334218.0,,0.7662835249042153,-0.4469987228607993,-0.007000000000000117,
510360,2025-07-28,1.559,1.563,1.565,1.552,860733.0,,0.8338678640153881,0.2565747273893524,0.0040000000000000036,
510360,2025-07-29,1.562,1.57,1.571,1.554,570005.0,,1.0876519513755538,0.4478566858605321,0.007000000000000117,
510360,2025-07-30,1.57,1.571,1.582,1.561,397524.0,,1.337579617834403,0.06369426751591654,0.0009999999999998899,
510360,2025-07-31,1.567,1.541,1.567,1.534,1260247.0,,2.1005728835136805,-1.9096117122851703,-0.030000000000000027,
510360,2025-08-01,1.539,1.537,1.543,1.526,364388.0,,1.1031797534068724,-0.25957170668397167,-0.0040000000000000036,
510360,2025-08-04,1.53,1.538,1.538,1.525,227458.0,,0.8458035133376788,0.06506180871828965,0.001000000000000112,
510360,2025-08-05,1.547,1.55,1.552,1.539,305243.0,,0.8452535760728299,0.780234070221067,0.01200000000000001,
510360,2025-08-06,1.548,1.555,1.556,1.548,160006.0,,0.516129032258065,0.32258064516128343,0.004999999999999893,
510360,2025-08-07,1.552,1.554,1.56,1.546,313953.0,,0.9003215434083609,-0.06430868167201864,-0.0009999999999998899,
510360,2025-08-08,1.554,1.551,1.557,1.547,453941.0,,0.6435006435006441,-0.19305019305020035,-0.0030000000000001137,
510360,2025-08-11,1.55,1.558,1.563,1.55,593721.0,,0.8381689232752999,0.4513217279174802,0.007000000000000117,
510360,2025-08-12,1.558,1.567,1.569,1.557,399015.0,,0.7702182284980751,0.5776636713735492,0.008999999999999897,
510360,2025-08-13,1.568,1.579,1.582,1.566,383866.0,,1.021059349074666,0.7657945118059994,0.01200000000000001,
510360,2025-08-14,1.579,1.578,1.595,1.575,382550.0,,1.2666244458518061,-0.06333122229258328,-0.0009999999999998899,
510360,2025-08-15,1.576,1.591,1.594,1.571,457723.0,,1.4575411913815037,0.8238276299112737,0.0129999999999999,
510360,2025-08-18,1.594,1.605,1.617,1.588,527454.0,,1.822752985543678,0.8799497171590202,0.014000000000000012,
510360,2025-08-19,1.605,1.6,1.611,1.594,2093324.0,,1.059190031152642,-0.3115264797507722,-0.004999999999999893,
510360,2025-08-20,1.594,1.616,1.617,1.583,761804.0,,2.1250000000000018,1.0000000000000009,0.016000000000000014,
510360,2025-08-21,1.617,1.624,1.629,1.614,1233813.0,,0.9282178217821722,0.4950495049504955,0.008000000000000007,
510360,2025-08-22,1.624,1.663,1.664,1.621,1005977.0,,2.6477832512315223,2.40147783251231,0.038999999999999924,
510360,2025-08-25,1.667,1.691,1.691,1.663,2342832.0,,1.6837041491280833,1.6837041491280833,0.028000000000000025,
510360,2025-08-26,1.69,1.683,1.693,1.676,1109312.0,,1.005322294500303,-0.47309284447072775,-0.008000000000000007,
510360,2025-08-27,1.683,1.662,1.699,1.657,823406.0,,2.4955436720142625,-1.2477718360071377,-0.02100000000000013,
510360,2025-08-28,1.662,1.687,1.688,1.649,1088398.0,,2.346570397111909,1.5042117930204653,0.025000000000000133,
510360,2025-08-29,1.69,1.704,1.709,1.671,390405.0,,2.2525192649674,1.0077059869590934,0.016999999999999904,
510360,2025-09-01,1.705,1.711,1.713,1.697,484201.0,,0.9389671361502356,0.41079812206573457,0.007000000000000117,
510360,2025-09-02,1.708,1.698,1.719,1.685,690403.0,,1.987142022209236,-0.7597895967270674,-0.013000000000000123,
510360,2025-09-03,1.7,1.683,1.705,1.672,535384.0,,1.94346289752651,-0.8833922261484042,-0.014999999999999902,
510360,2025-09-04,1.685,1.651,1.687,1.636,443336.0,,3.0303030303030396,-1.9013666072489617,-0.03200000000000003,
510360,2025-09-05,1.65,1.686,1.69,1.643,385027.0,,2.8467595396729215,2.1199273167777055,0.03499999999999992,
510360,2025-09-08,1.686,1.69,1.695,1.678,425959.0,,1.0083036773428307,0.23724792408066453,0.0040000000000000036,
510360,2025-09-09,1.689,1.679,1.69,1.669,313567.0,,1.2426035502958526,-0.650887573964491,-0.010999999999999899,
510360,2025-09-10,1.674,1.681,1.689,1.669,249301.0,,1.1911852293031577,0.11911852293031576,0.0020000000000000018,
510360,2025-09-11,1.68,1.722,1.723,1.673,1141689.0,,2.9744199881023228,2.439024390243898,0.040999999999999925,
510360,2025-09-12,1.721,1.711,1.726,1.707,1093924.0,,1.1033681765389027,-0.6387921022067305,-0.010999999999999899,
510360,2025-09-15,1.71,1.714,1.727,1.71,1587503.0,,0.9935710111046245,0.1753360607831614,0.0029999999999998916,
510360,2025-09-16,1.714,1.71,1.722,1.699,821477.0,,1.3418903150525034,-0.23337222870478433,-0.0040000000000000036,
510360,2025-09-17,1.71,1.724,1.725,1.702,466496.0,,1.3450292397660897,0.8187134502923984,0.014000000000000012,
510360,2025-09-18,1.724,1.703,1.732,1.683,850683.0,,2.8422273781902514,-1.2180974477958184,-0.020999999999999908,
510360,2025-09-19,1.702,1.704,1.715,1.698,315279.0,,0.9982384028185628,0.05871990604814385,0.0009999999999998899,
510360,2025-09-22,1.708,1.71,1.711,1.697,201426.0,,0.8215962441314562,0.35211267605633834,0.006000000000000005,
510360,2025-09-23,1.71,1.713,1.724,1.686,450952.0,,2.2222222222222245,0.17543859649123472,0.0030000000000001137,
510360,2025-09-24,1.703,1.726,1.727,1.7,791053.0,,1.5761821366024595,0.7589025102159895,0.0129999999999999,
510360,2025-09-25,1.726,1.738,1.746,1.721,1208661.0,,1.4484356894553831,0.6952491309385869,0.01200000000000001,
510360,2025-09-26,1.732,1.723,1.739,1.722,1027888.0,,0.9781357882623779,-0.8630609896432625,-0.014999999999999902,
510360,2025-09-29,1.723,1.75,1.76,1.718,1250047.0,,2.437608821822405,1.567034242600111,0.026999999999999913,
510360,2025-09-30,1.751,1.756,1.758,1.746,1571287.0,,0.6857142857142863,0.34285714285714314,0.006000000000000005,
510360,2025-10-09,1.757,1.782,1.789,1.757,210151.0,,1.8223234624145803,1.4806378132118465,0.026000000000000023,
510360,2025-10-10,1.775,1.748,1.776,1.742,389637.0,,1.907968574635243,-1.907968574635243,-0.03400000000000003,
510360,2025-10-13,1.714,1.738,1.744,1.709,211186.0,,2.002288329519446,-0.5720823798627007,-0.010000000000000009,
510360,2025-10-14,1.748,1.719,1.755,1.71,344961.0,,2.5891829689298,-1.0932105868814677,-0.018999999999999906,
510360,2025-10-15,1.72,1.743,1.745,1.714,426378.0,,1.8033740546829633,1.3961605584642247,0.02400000000000002,
510360,2025-10-16,1.736,1.747,1.757,1.735,470796.0,,1.2621916236373951,0.22948938611589234,0.0040000000000000036,
510360,2025-10-17,1.747,1.716,1.748,1.706,488482.0,,2.4041213508872374,-1.7744705208929672,-0.03100000000000014,
510360,2025-10-20,1.719,1.719,1.733,1.713,704584.0,,1.1655011655011667,0.17482517482518145,0.0030000000000001137,
510360,2025-10-21,1.724,1.745,1.75,1.72,479286.0,,1.7452006980802806,1.5125072716695767,0.026000000000000023,
510360,2025-10-22,1.745,1.74,1.745,1.728,196433.0,,0.9742120343839613,-0.28653295128940487,-0.0050000000000001155,
510360,2025-10-23,1.739,1.746,1.748,1.718,232585.0,,1.7241379310344844,0.34482758620689685,0.006000000000000005,
510360,2025-10-24,1.747,1.766,1.767,1.747,268196.0,,1.1454753722794844,1.145475372279497,0.020000000000000018,
510360,2025-10-27,1.775,1.789,1.789,1.774,303656.0,,0.8493771234428031,1.3023782559456347,0.02299999999999991,
510360,2025-10-28,1.78,1.779,1.795,1.774,233636.0,,1.173840134153153,-0.5589714924538853,-0.010000000000000009,
510360,2025-10-29,1.779,1.8,1.8,1.779,233074.0,,1.180438448566618,1.180438448566618,0.02100000000000013,
510360,2025-10-30,1.8,1.786,1.803,1.782,468067.0,,1.1666666666666614,-0.7777777777777785,-0.014000000000000012,
510360,2025-10-31,1.782,1.763,1.785,1.761,344948.0,,1.343784994400897,-1.2877939529675326,-0.02300000000000013,
510360,2025-11-03,1.761,1.763,1.764,1.741,246608.0,,1.304594441293245,0.0,0.0,
510360,2025-11-04,1.763,1.751,1.767,1.741,440986.0,,1.4747589336358369,-0.680657969370392,-0.01200000000000001,
510360,2025-11-05,1.731,1.752,1.759,1.728,257639.0,,1.7704169046259235,0.057110222729875045,0.001000000000000112,
510360,2025-11-06,1.754,1.777,1.781,1.754,360088.0,,1.541095890410954,1.4269406392694013,0.02499999999999991,
510360,2025-11-07,1.775,1.774,1.781,1.768,775871.0,,0.7315700619020765,-0.16882386043893594,-0.0029999999999998916,
510360,2025-11-10,1.774,1.779,1.781,1.762,494334.0,,1.0710259301014604,0.2818489289740639,0.004999999999999893,
510360,2025-11-11,1.78,1.765,1.785,1.762,290680.0,,1.2928611579539018,-0.7869589657110744,-0.014000000000000012,
510360,2025-11-12,1.766,1.762,1.77,1.751,197656.0,,1.0764872521246531,-0.16997167138809585,-0.0029999999999998916,
510360,2025-11-13,1.76,1.781,1.782,1.76,223769.0,,1.2485811577752566,1.078320090805897,0.018999999999999906,
510360,2025-11-14,1.776,1.754,1.776,1.754,287522.0,,1.235261089275689,-1.5160022459292484,-0.026999999999999913,
510360,2025-11-17,1.755,1.745,1.755,1.736,268594.0,,1.083238312428729,-0.5131128848346578,-0.008999999999999897,
510360,2025-11-18,1.741,1.736,1.746,1.728,336409.0,,1.0315186246418346,-0.5157593123209238,-0.009000000000000119,
510360,2025-11-19,1.734,1.74,1.746,1.731,598390.0,,0.8640552995391648,0.23041474654377903,0.0040000000000000036,
510360,2025-11-20,1.747,1.73,1.751,1.728,620765.0,,1.3218390804597648,-0.5747126436781614,-0.010000000000000009,
510360,2025-11-21,1.713,1.689,1.72,1.686,752881.0,,1.9653179190751464,-2.3699421965317877,-0.040999999999999925,
510360,2025-11-24,1.693,1.688,1.697,1.678,338577.0,,1.1249259917110792,-0.0592066311426946,-0.001000000000000112,
510360,2025-11-25,1.7,1.701,1.712,1.693,578085.0,,1.1255924170616058,0.770142180094794,0.013000000000000123,
510360,2025-11-26,1.704,1.712,1.719,1.699,451928.0,,1.1757789535567322,0.6466784244561963,0.010999999999999899,
510360,2025-11-27,1.712,1.711,1.729,1.709,301903.0,,1.1682242990654215,-0.058411214953264595,-0.0009999999999998899,
510360,2025-11-28,1.707,1.713,1.718,1.704,243076.0,,0.8182349503214501,0.11689070718877859,0.0020000000000000018,
510360,2025-12-01,1.717,1.736,1.736,1.717,316576.0,,1.1091652072387568,1.3426736719206018,0.02299999999999991,
510360,2025-12-02,1.736,1.725,1.736,1.721,300563.0,,0.8640552995391648,-0.6336405529953858,-0.010999999999999899,
510360,2025-12-03,1.725,1.719,1.734,1.715,188958.0,,1.1014492753623133,-0.347826086956522,-0.006000000000000005,
510360,2025-12-04,1.718,1.723,1.729,1.712,225549.0,,0.9889470622454988,0.23269342641070412,0.0040000000000000036,
510360,2025-12-05,1.725,1.736,1.743,1.718,587161.0,,1.4509576320371522,0.7544979686593093,0.0129999999999999,
510360,2025-12-08,1.745,1.749,1.759,1.742,610727.0,,0.9792626728110545,0.7488479262672881,0.013000000000000123,
510360,2025-12-09,1.747,1.743,1.754,1.737,672888.0,,0.9719839908519098,-0.3430531732418528,-0.006000000000000005,
510360,2025-12-10,1.742,1.738,1.742,1.723,242557.0,,1.0900745840504822,-0.2868617326448718,-0.0050000000000001155,
510360,2025-12-11,1.74,1.727,1.747,1.724,588122.0,,1.3233601841196854,-0.6329113924050574,-0.010999999999999899,
510360,2025-12-12,1.729,1.737,1.74,1.72,291051.0,,1.1580775911986114,0.5790387955993057,0.010000000000000009,
510360,2025-12-15,1.724,1.728,1.744,1.724,217499.0,,1.151410477835349,-0.5181347150259136,-0.009000000000000119,
510360,2025-12-16,1.727,1.706,1.727,1.7,755821.0,,1.562500000000008,-1.2731481481481493,-0.02200000000000002,
510360,2025-12-17,1.706,1.735,1.745,1.706,663951.0,,2.286049237983596,1.6998827667057526,0.029000000000000137,
510360,2025-12-18,1.727,1.726,1.736,1.724,592598.0,,0.6916426512968306,-0.5187319884726294,-0.009000000000000119,
510360,2025-12-19,1.729,1.733,1.744,1.726,343649.0,,1.0428736964078804,0.4055619930475155,0.007000000000000117,
510360,2025-12-22,1.737,1.749,1.752,1.737,413959.0,,0.8655510675129775,0.9232544720138496,0.016000000000000014,
510360,2025-12-23,1.749,1.752,1.763,1.747,1260407.0,,0.9148084619782613,0.17152658662092005,0.0029999999999998916,
510360,2025-12-24,1.754,1.759,1.763,1.748,287059.0,,0.8561643835616383,0.3995433789954278,0.006999999999999895,
510360,2025-12-25,1.76,1.761,1.768,1.755,1282970.0,,0.7390562819784038,0.113700966458215,0.0020000000000000018,
510360,2025-12-26,1.764,1.77,1.777,1.76,545580.0,,0.9653605905735324,0.5110732538330562,0.009000000000000119,
510360,2025-12-29,1.77,1.762,1.774,1.758,597820.0,,0.9039548022598878,-0.4519774011299439,-0.008000000000000007,
510360,2025-12-30,1.757,1.767,1.772,1.752,356730.0,,1.1350737797956878,0.2837684449489156,0.004999999999999893,
510360,2025-12-31,1.766,1.76,1.774,1.756,414909.0,,1.0186757215619704,-0.3961516694963156,-0.006999999999999895,
510360,2026-01-05,1.765,1.791,1.795,1.763,422185.0,,1.81818181818182,1.7613636363636318,0.030999999999999917,
510360,2026-01-06,1.792,1.82,1.82,1.791,510768.0,,1.6192071468453455,1.6192071468453455,0.029000000000000137,
510360,2026-01-07,1.82,1.813,1.823,1.803,352190.0,,1.0989010989010999,-0.3846153846153911,-0.007000000000000117,
510360,2026-01-08,1.81,1.799,1.81,1.791,798430.0,,1.0479867622724837,-0.7722007722007729,-0.014000000000000012,
510360,2026-01-09,1.8,1.806,1.813,1.792,1299124.0,,1.1673151750972712,0.38910505836576526,0.007000000000000117,
510360,2026-01-12,1.811,1.816,1.822,1.799,508145.0,,1.2735326688815134,0.5537098560354379,0.010000000000000009,
510360,2026-01-13,1.818,1.809,1.835,1.801,135274.0,,1.872246696035244,-0.38546255506608573,-0.007000000000000117,
510360,2026-01-14,1.807,1.799,1.832,1.787,486928.0,,2.487562189054735,-0.5527915975677175,-0.010000000000000009,
510360,2026-01-15,1.798,1.802,1.81,1.79,417605.0,,1.1117287381878833,0.16675931072818864,0.0030000000000001137,
510360,2026-01-16,1.81,1.799,1.82,1.791,416933.0,,1.6093229744728155,-0.16648168701443472,-0.0030000000000001137,
510360,2026-01-19,1.793,1.796,1.809,1.789,359529.0,,1.1117287381878833,-0.16675931072817632,-0.0029999999999998916,
510360,2026-01-20,1.798,1.794,1.802,1.778,316766.0,,1.336302895322941,-0.11135857461024509,-0.0020000000000000018,
510360,2026-01-21,1.789,1.794,1.808,1.784,275029.0,,1.3377926421404693,0.0,0.0,
510360,2026-01-22,1.805,1.795,1.807,1.786,314623.0,,1.1705685618729045,0.05574136008918004,0.0009999999999998899,
510360,2026-01-23,1.796,1.784,1.806,1.782,328083.0,,1.3370473537604468,-0.6128133704735319,-0.010999999999999899,
510360,2026-01-26,1.784,1.791,1.806,1.784,139555.0,,1.2331838565022433,0.39237668161434386,0.006999999999999895,
510360,2026-01-27,1.791,1.785,1.798,1.776,276987.0,,1.2283640424343953,-0.33500837520938054,-0.006000000000000005,
510360,2026-01-28,1.792,1.793,1.799,1.786,290277.0,,0.7282913165266051,0.4481792717086839,0.008000000000000007,
510360,2026-01-29,1.791,1.808,1.812,1.784,215466.0,,1.5616285554935876,0.8365867261572852,0.015000000000000124,
510360,2026-01-30,1.799,1.788,1.801,1.762,278643.0,,2.157079646017695,-1.1061946902654878,-0.020000000000000018,
510360,2026-02-02,1.775,1.75,1.79,1.74,514591.0,,2.7964205816554832,-2.1252796420581674,-0.038000000000000034,
510360,2026-02-03,1.759,1.772,1.773,1.74,434197.0,,1.8857142857142812,1.2571428571428582,0.02200000000000002,
510360,2026-02-04,1.764,1.785,1.787,1.763,271100.0,,1.3544018058690757,0.7336343115124098,0.0129999999999999,
510360,2026-02-05,1.777,1.776,1.781,1.763,147088.0,,1.0084033613445387,-0.5042016806722631,-0.008999999999999897,
510360,2026-02-06,1.764,1.765,1.78,1.75,892911.0,,1.6891891891891906,-0.6193693693693761,-0.01100000000000012,
510360,2026-02-09,1.776,1.794,1.795,1.776,479810.0,,1.0764872521246405,1.6430594900849935,0.029000000000000137,
510360,2026-02-10,1.794,1.797,1.799,1.791,399024.0,,0.44593088071348985,0.16722408026755248,0.0029999999999998916,
510360,2026-02-11,1.797,1.793,1.797,1.79,138883.0,,0.389538119087362,-0.22259321090706755,-0.0040000000000000036,
510360,2026-02-12,1.794,1.796,1.799,1.792,160156.0,,0.39040713887339074,0.167317345231462,0.0030000000000001137,
510360,2026-02-13,1.796,1.779,1.796,1.773,297076.0,,1.2806236080178246,-0.9465478841870894,-0.017000000000000126,
510360,2026-02-24,1.79,1.79,1.798,1.787,162374.0,,0.6183249016301361,0.6183249016301361,0.01100000000000012,
510360,2026-02-25,1.789,1.801,1.813,1.789,331487.0,,1.3407821229050292,0.6145251396647988,0.010999999999999899,
510360,2026-02-26,1.802,1.797,1.808,1.789,947442.0,,1.0549694614103349,-0.2220988339811218,-0.0040000000000000036,
510360,2026-02-27,1.79,1.793,1.796,1.784,275457.0,,0.6677796327212027,-0.22259321090706755,-0.0040000000000000036,
510360,2026-03-02,1.777,1.797,1.799,1.774,403115.0,,1.3943112102621256,0.22308979364194106,0.0040000000000000036,
510360,2026-03-03,1.797,1.776,1.803,1.771,1520432.0,,1.7807456872565404,-1.1686143572620984,-0.020999999999999908,
510360,2026-03-04,1.771,1.753,1.771,1.74,531475.0,,1.7454954954954909,-1.2950450450450524,-0.02300000000000013,
510360,2026-03-05,1.761,1.766,1.775,1.76,369364.0,,0.8556759840273761,0.7415858528237378,0.013000000000000123,
510360,2026-03-06,1.762,1.77,1.777,1.753,152539.0,,1.359003397508495,0.22650056625141582,0.0040000000000000036,
510360,2026-03-09,1.759,1.753,1.762,1.73,327045.0,,1.8079096045197756,-0.9604519774011371,-0.017000000000000126,
510360,2026-03-10,1.759,1.776,1.779,1.759,284711.0,,1.14090131203651,1.3120365088419927,0.02300000000000013,
510360,2026-03-11,1.777,1.787,1.791,1.776,584670.0,,0.8445945945945891,0.6193693693693636,0.010999999999999899,
510360,2026-03-12,1.785,1.782,1.788,1.768,256241.0,,1.119194180190264,-0.2797985450475598,-0.004999999999999893,
510360,2026-03-13,1.78,1.775,1.789,1.771,142841.0,,1.010101010101011,-0.3928170594837327,-0.007000000000000117,
510360,2026-03-16,1.775,1.778,1.779,1.758,194434.0,,1.1830985915492906,0.16901408450704866,0.0030000000000001137,
510360,2026-03-17,1.778,1.765,1.796,1.764,287058.0,,1.7997750281214864,-0.73115860517436,-0.013000000000000123,
510360,2026-03-18,1.765,1.771,1.773,1.752,211606.0,,1.1898016997167087,0.33994334277620425,0.006000000000000005,
510360,2026-03-19,1.757,1.746,1.761,1.738,289115.0,,1.2987012987012936,-1.4116318464144502,-0.02499999999999991,
510360,2026-03-20,1.744,1.743,1.76,1.736,274484.0,,1.3745704467353963,-0.17182130584191818,-0.0029999999999998916,
510360,2026-03-23,1.733,1.703,1.736,1.675,597608.0,,3.499713138267352,-2.2948938611589234,-0.040000000000000036,
510360,2026-03-24,1.707,1.7,1.707,1.672,455443.0,,2.0551967116852694,-0.17615971814445763,-0.0030000000000001137,
510360,2026-03-25,1.705,1.727,1.727,1.705,440573.0,,1.2941176470588247,1.588235294117655,0.027000000000000135,
510360,2026-03-26,1.723,1.703,1.726,1.699,293327.0,,1.5634047481181186,-1.3896931094383336,-0.02400000000000002,
510360,2026-03-27,1.687,1.711,1.719,1.685,233479.0,,1.9964768056371127,0.469759248385203,0.008000000000000007,
510360,2026-03-30,1.698,1.709,1.71,1.689,412716.0,,1.2273524254821688,-0.11689070718877859,-0.0020000000000000018,
510360,2026-03-31,1.708,1.696,1.719,1.694,303642.0,,1.4628437682855548,-0.7606787595084916,-0.013000000000000123,
510360,2026-04-01,1.713,1.72,1.723,1.708,292375.0,,0.8844339622641584,1.4150943396226427,0.02400000000000002,
510360,2026-04-02,1.718,1.704,1.718,1.694,204938.0,,1.3953488372093035,-0.9302325581395358,-0.016000000000000014,
510360,2026-04-03,1.714,1.693,1.714,1.688,184815.0,,1.5258215962441328,-0.6455399061032805,-0.010999999999999899,
510360,2026-04-07,1.695,1.689,1.696,1.683,355679.0,,0.7678676904902481,-0.23626698168930912,-0.0040000000000000036,
510360,2026-04-08,1.711,1.746,1.746,1.711,390671.0,,2.0722320899940745,3.3747779751332114,0.05699999999999994,
510360,2026-04-09,1.735,1.735,1.74,1.726,323006.0,,0.801832760595648,-0.630011454753717,-0.010999999999999899,
510360,2026-04-10,1.744,1.76,1.769,1.744,330727.0,,1.4409221902017237,1.4409221902017237,0.02499999999999991,
510360,2026-04-13,1.755,1.767,1.769,1.754,295760.0,,0.8522727272727216,0.39772727272726677,0.006999999999999895,
510360,2026-04-14,1.775,1.787,1.788,1.769,198282.0,,1.0752688172043086,1.1318619128466338,0.020000000000000018,
510360,2026-04-15,1.793,1.784,1.8,1.778,301434.0,,1.2311135982092904,-0.16787912702853341,-0.0029999999999998916,
510360,2026-04-16,1.784,1.8,1.802,1.784,243919.0,,1.0089686098654718,0.896860986547086,0.016000000000000014,
510360,2026-04-17,1.798,1.799,1.804,1.793,238754.0,,0.6111111111111178,-0.05555555555556177,-0.001000000000000112,
510360,2026-04-20,1.799,1.808,1.814,1.795,197177.0,,1.0561423012784952,0.5002779321845536,0.009000000000000119,
510360,2026-04-21,1.808,1.814,1.817,1.796,199831.0,,1.161504424778756,0.3318584070796463,0.006000000000000005,
510360,2026-04-22,1.812,1.826,1.829,1.806,198835.0,,1.2679162072767314,0.6615214994487326,0.01200000000000001,
510360,2026-04-23,1.828,1.823,1.835,1.81,238541.0,,1.3691128148959426,-0.1642935377875199,-0.0030000000000001137,
510360,2026-04-24,1.814,1.816,1.823,1.804,772723.0,,1.0422380691168351,-0.3839824465167249,-0.006999999999999895,
510360,2026-04-27,1.815,1.817,1.826,1.814,474428.0,,0.6607929515418508,0.05506607929514812,0.0009999999999998899,
510360,2026-04-28,1.815,1.812,1.818,1.806,213896.0,,0.6604292790313709,-0.27517886626306515,-0.004999999999999893,
510360,2026-04-29,1.807,1.832,1.835,1.807,322088.0,,1.545253863134659,1.1037527593818994,0.020000000000000018,
510360,2026-04-30,1.829,1.833,1.842,1.827,252082.0,,0.818777292576426,0.05458515283842194,0.0009999999999998899,
510360,2026-05-06,1.843,1.857,1.867,1.835,453835.0,,1.7457719585379177,1.3093289689034382,0.02400000000000002,
510360,2026-05-07,1.867,1.865,1.868,1.853,324579.0,,0.8077544426494413,0.4308023694130321,0.008000000000000007,
510360,2026-05-08,1.863,1.855,1.863,1.847,305708.0,,0.8579088471849874,-0.5361930294906171,-0.010000000000000009,
510360,2026-05-11,1.861,1.887,1.892,1.861,437562.0,,1.6711590296495913,1.7250673854447456,0.03200000000000003,
510360,2026-05-12,1.897,1.885,1.897,1.877,1109991.0,,1.0598834128245904,-0.10598834128245903,-0.0020000000000000018,
510360,2026-05-13,1.878,1.905,1.908,1.875,323562.0,,1.7506631299734705,1.0610079575596827,0.020000000000000018,
510360,2026-05-14,1.912,1.877,1.915,1.872,359289.0,,2.257217847769025,-1.4698162729658806,-0.028000000000000025,
510360,2026-05-15,1.872,1.858,1.88,1.844,258026.0,,1.9179541822056372,-1.0122535961640866,-0.018999999999999906,
510360,2026-05-18,1.846,1.847,1.856,1.835,328527.0,,1.1302475780409111,-0.5920344456404801,-0.01100000000000012,
510360,2026-05-19,1.846,1.853,1.853,1.821,198500.0,,1.7325392528424486,0.3248511099079591,0.006000000000000005,
510360,2026-05-20,1.851,1.851,1.855,1.835,168225.0,,1.0793308148947662,-0.10793308148947661,-0.0020000000000000018,
510360,2026-05-21,1.857,1.828,1.884,1.825,355855.0,,3.187466234467852,-1.242571582928142,-0.02299999999999991,
510360,2026-05-22,1.831,1.847,1.868,1.825,352012.0,,2.35229759299782,1.0393873085339118,0.018999999999999906,
510360,2026-05-25,1.853,1.874,1.875,1.849,241847.0,,1.4076881429344896,1.4618299945858222,0.027000000000000135,
510360,2026-05-26,1.867,1.889,1.89,1.864,159639.0,,1.3874066168623158,0.8004268943436447,0.014999999999999902,
510360,2026-05-27,1.882,1.879,1.898,1.868,204619.0,,1.588141874007401,-0.5293806246691376,-0.010000000000000009,
510360,2026-05-28,1.872,1.874,1.88,1.85,170574.0,,1.5965939329430443,-0.2660989888238368,-0.004999999999999893,
510360,2026-05-29,1.883,1.875,1.89,1.863,319899.0,,1.4407684098185651,0.05336179295623745,0.0009999999999998899,
510360,2026-06-01,1.869,1.851,1.878,1.847,242460.0,,1.6533333333333289,-1.2800000000000011,-0.02400000000000002,
510360,2026-06-02,1.85,1.877,1.882,1.846,242927.0,,1.944894651539698,1.4046461372231238,0.026000000000000023,
510360,2026-06-03,1.875,1.886,1.904,1.871,279355.0,,1.758124667021839,0.47948854555140635,0.008999999999999897,
