code,date,open,close,high,low,volume,amount,amplitude,pct_chg,price_change,turnover_rate
510580,2015-09-14,2.581,2.361,2.581,2.361,27254.0,,,,,
510580,2015-09-15,2.355,2.22,2.355,2.164,49752.0,,8.089792460821679,-5.972045743329097,-0.14100000000000001,
510580,2015-09-16,2.22,2.413,2.42,2.22,46195.0,,9.009009009008997,8.693693693693676,0.19299999999999962,
510580,2015-09-17,2.413,2.389,2.51,2.33,41021.0,,7.459593866556142,-0.9946125155408216,-0.02400000000000002,
510580,2015-09-18,2.397,2.478,2.48,2.397,37626.0,,3.474257011301808,3.72540812055255,0.08900000000000041,
510580,2015-09-21,2.528,2.541,2.561,2.389,17452.0,,6.94108151735271,2.542372881355921,0.06299999999999972,
510580,2015-09-22,2.56,2.554,2.57,2.524,23694.0,,1.8103109012199852,0.5116096025186896,0.0129999999999999,
510580,2015-09-23,2.556,2.468,2.556,2.43,2152.0,,4.93343774471417,-3.367267032106494,-0.08599999999999985,
510580,2015-09-24,2.526,2.488,2.526,2.464,4460.0,,2.5121555915721165,0.8103727714748791,0.020000000000000018,
510580,2015-09-25,2.429,2.434,2.498,2.39,1036.0,,4.3408360128617405,-2.170418006430861,-0.053999999999999826,
510580,2015-09-28,2.388,2.459,2.459,2.388,516.0,,2.9170090386195633,1.027115858668854,0.02499999999999991,
510580,2015-09-29,2.434,2.472,2.491,2.426,3943.0,,2.6433509556730357,0.5286701911346035,0.0129999999999999,
510580,2015-09-30,2.479,2.516,2.629,2.438,1329.0,,7.726537216828472,1.7799352750809079,0.04400000000000004,
510580,2015-10-08,2.5,2.572,2.621,2.447,796.0,,6.9157392686804435,2.2257551669316396,0.05600000000000005,
510580,2015-10-09,2.503,2.613,2.621,2.503,11489.0,,4.587869362363914,1.594090202177291,0.040999999999999925,
510580,2015-10-12,2.564,2.675,2.682,2.564,34158.0,,4.5158821278224215,2.3727516264829633,0.06199999999999983,
510580,2015-10-13,2.664,2.657,2.669,2.606,6691.0,,2.3551401869158943,-0.6728971962616747,-0.017999999999999794,
510580,2015-10-14,2.601,2.652,2.685,2.601,9642.0,,3.161460293564173,-0.18818216033119659,-0.004999999999999893,
510580,2015-10-15,2.645,2.718,2.722,2.63,14758.0,,3.4690799396681777,2.4886877828054232,0.06599999999999984,
510580,2015-10-16,2.718,2.744,2.746,2.666,5316.0,,2.9433406916850653,0.9565857247976545,0.026000000000000245,
510580,2015-10-19,2.734,2.722,2.762,2.71,6105.0,,1.8950437317784272,-0.8017492711370349,-0.02200000000000024,
510580,2015-10-20,2.713,2.756,2.765,2.71,7675.0,,2.020573108008823,1.2490815576781709,0.03399999999999981,
510580,2015-10-21,2.757,2.687,2.797,2.668,9573.0,,4.680696661828738,-2.503628447024672,-0.06899999999999995,
510580,2015-10-22,2.687,2.707,2.742,2.641,2889.0,,3.7588388537402304,0.7443245254931157,0.020000000000000018,
510580,2015-10-23,2.737,2.786,2.798,2.689,4504.0,,4.02659770964167,2.9183598079054374,0.07900000000000018,
510580,2015-10-26,2.814,2.826,2.903,2.792,8246.0,,3.984206748025851,1.4357501794687737,0.040000000000000036,
510580,2015-10-27,2.782,2.82,2.823,2.706,5706.0,,4.140127388535031,-0.21231422505308659,-0.006000000000000227,
510580,2015-10-28,2.843,2.803,2.899,2.803,21099.0,,3.4042553191489398,-0.6028368794326208,-0.016999999999999904,
510580,2015-10-29,2.842,2.887,2.891,2.822,26560.0,,2.461648234034961,2.9967891544773484,0.08400000000000007,
510580,2015-10-30,2.889,2.824,2.889,2.744,805.0,,5.022514721163823,-2.182196051264294,-0.06300000000000017,
510580,2015-11-02,2.803,2.825,2.863,2.787,4103.0,,2.691218130311617,0.03541076487253307,0.001000000000000334,
510580,2015-11-03,2.863,2.823,2.863,2.807,149.0,,1.982300884955754,-0.07079646017699906,-0.002000000000000224,
510580,2015-11-04,2.823,2.928,3.097,2.823,5492.0,,9.705986539142756,3.719447396386822,0.10499999999999998,
510580,2015-11-05,2.928,2.984,2.984,2.928,490.0,,1.9125683060109306,1.9125683060109306,0.05600000000000005,
510580,2015-11-06,2.98,3.02,3.085,2.98,499.0,,3.5187667560321714,1.2064343163538886,0.03600000000000003,
510580,2015-11-09,3.024,3.105,3.105,2.897,305.0,,6.887417218543053,2.8145695364238397,0.08499999999999996,
510580,2015-11-10,3.026,3.065,3.105,2.954,522.0,,4.863123993558769,-1.2882447665056374,-0.040000000000000036,
510580,2015-11-11,3.064,3.125,3.145,3.064,1033.0,,2.6427406199021197,1.9575856443719433,0.06000000000000005,
510580,2015-11-12,3.065,3.137,3.226,3.065,176.0,,5.152000000000001,0.38400000000000034,0.01200000000000001,
510580,2015-11-13,3.105,3.137,3.174,3.105,94.0,,2.19955371373924,0.0,0.0,
510580,2015-11-16,3.029,3.066,3.225,3.029,202.0,,6.248007650621618,-2.2633088938476305,-0.07100000000000017,
510580,2015-11-17,3.224,3.052,3.224,3.052,171.0,,5.6099151989563,-0.45662100456620325,-0.01399999999999979,
510580,2015-11-18,3.052,3.024,3.073,2.963,339.0,,3.6041939711664437,-0.9174311926605512,-0.028000000000000025,
510580,2015-11-19,2.984,3.053,3.07,2.984,340.0,,2.8439153439153393,0.9589947089947062,0.028999999999999915,
510580,2015-11-20,3.057,3.059,3.125,3.035,231.0,,2.9479200786111974,0.19652800524075426,0.006000000000000227,
510580,2015-11-23,3.099,3.121,3.186,3.099,90330.0,,2.8440666884602726,2.026806145799275,0.06199999999999983,
510580,2015-11-24,3.12,3.129,3.131,3.045,30313.0,,2.7555270746555545,0.2563280999679592,0.008000000000000007,
510580,2015-11-25,3.155,3.185,3.185,3.115,18211.0,,2.2371364653243795,1.7897091722595095,0.05600000000000005,
510580,2015-11-26,3.185,3.19,3.205,3.166,299.0,,1.224489795918372,0.1569858712715822,0.004999999999999893,
510580,2015-11-27,3.095,3.035,3.174,3.035,162.0,,4.357366771159868,-4.858934169278991,-0.1549999999999998,
510580,2015-11-30,2.915,3.013,3.024,2.882,652.0,,4.678747940691924,-0.7248764415156587,-0.02200000000000024,
510580,2015-12-01,2.888,3.009,3.009,2.888,374.0,,4.015930965814802,-0.13275804845668782,-0.0040000000000000036,
510580,2015-12-02,2.924,3.014,3.042,2.924,123.0,,3.9215686274509767,0.16616816218012276,0.004999999999999893,
510580,2015-12-03,3.022,3.037,3.038,2.947,128.0,,3.019243530192427,0.7631055076310596,0.02300000000000013,
510580,2015-12-04,2.976,2.98,2.98,2.975,105.0,,0.16463615409943674,-1.8768521567336167,-0.05699999999999994,
510580,2015-12-07,3.004,3.005,3.045,2.96,6075.0,,2.8523489932885893,0.8389261744966413,0.02499999999999991,
510580,2015-12-08,2.954,2.955,3.044,2.954,131.0,,2.995008319467549,-1.663893510815302,-0.04999999999999982,
510580,2015-12-09,2.912,2.982,2.982,2.906,122.0,,2.571912013536381,0.9137055837563498,0.027000000000000135,
510580,2015-12-10,2.98,2.932,2.982,2.932,173.0,,1.6767270288397136,-1.6767270288397136,-0.050000000000000266,
510580,2015-12-14,2.838,2.984,2.984,2.838,572.0,,4.979536152796723,1.7735334242837668,0.052000000000000046,
510580,2015-12-15,2.972,3.012,3.042,2.972,490.0,,2.3458445040214424,0.9383378016085799,0.028000000000000025,
510580,2015-12-16,3.02,3.064,3.065,3.02,352.0,,1.4940239043824677,1.726427622841967,0.052000000000000046,
510580,2015-12-17,3.062,3.064,3.125,3.062,289.0,,2.0561357702349925,0.0,0.0,
510580,2015-12-18,3.226,3.108,3.226,3.064,429.0,,5.2872062663185355,1.4360313315926905,0.04400000000000004,
510580,2015-12-21,3.045,3.11,3.11,3.045,559.0,,2.09137709137709,0.06435006435005726,0.0019999999999997797,
510580,2015-12-22,3.149,3.149,3.149,3.115,988.0,,1.0932475884244313,1.2540192926045064,0.039000000000000146,
510580,2015-12-23,3.109,3.111,3.111,3.109,35.0,,0.06351222610353204,-1.2067322959669677,-0.03799999999999981,
510580,2015-12-24,3.105,3.142,3.146,3.105,158.0,,1.3179042108646712,0.9964641594342556,0.030999999999999694,
510580,2015-12-25,3.109,3.109,3.109,3.109,4.0,,0.0,-1.0502864417568403,-0.03299999999999992,
510580,2015-12-28,3.125,3.129,3.17,3.125,588.0,,1.4474107430041792,0.6432936635574146,0.020000000000000018,
510580,2015-12-29,3.009,3.185,3.226,3.009,717.0,,6.9351230425055945,1.7897091722595095,0.05600000000000005,
510580,2015-12-30,3.175,3.075,3.178,3.075,4335.0,,3.233908948194655,-3.4536891679748787,-0.10999999999999988,
510580,2015-12-31,3.105,3.105,3.106,3.105,223.0,,0.03252032520324845,0.9756097560975545,0.029999999999999805,
510580,2016-01-04,3.024,2.903,3.024,2.903,155.0,,3.8969404186795487,-6.505636070853462,-0.20199999999999996,
510580,2016-01-05,2.654,3.048,3.057,2.654,323.0,,13.882190837065107,4.994832931450224,0.14500000000000002,
510580,2016-01-06,3.048,2.999,3.048,2.823,186.0,,7.3818897637795295,-1.6076115485564282,-0.04899999999999993,
510580,2016-01-08,2.706,2.814,2.814,2.706,145.0,,3.601200400133381,-6.16872290763588,-0.18500000000000005,
510580,2016-01-11,2.601,2.802,2.802,2.601,25.0,,7.142857142857145,-0.426439232409382,-0.01200000000000001,
510580,2016-01-13,2.601,2.601,2.601,2.541,115.0,,2.1413276231263403,-7.173447537473236,-0.20100000000000007,
510580,2016-01-14,2.379,2.701,2.701,2.379,255.0,,12.379853902345255,3.844675124951945,0.10000000000000009,
510580,2016-01-15,2.541,2.559,2.6,2.541,26.0,,2.1843761569789026,-5.257312106627172,-0.1419999999999999,
510580,2016-01-18,2.553,2.553,2.553,2.553,3.0,,0.0,-0.23446658851114605,-0.006000000000000227,
510580,2016-01-19,2.583,2.583,2.583,2.583,345.0,,0.0,1.1750881316098805,0.03000000000000025,
510580,2016-01-20,2.621,2.581,2.661,2.581,7.0,,3.0971738288811483,-0.07742934572203732,-0.002000000000000224,
510580,2016-01-21,2.642,2.541,2.642,2.541,600.0,,3.913211933359163,-1.54978690430066,-0.040000000000000036,
510580,2016-01-22,2.46,2.643,2.643,2.46,67.0,,7.201889020070832,4.014167650531282,0.10199999999999987,
510580,2016-01-25,2.581,2.741,2.741,2.507,919.0,,8.853575482406356,3.707907680665922,0.09800000000000031,
510580,2016-01-26,2.541,2.541,2.621,2.541,630.0,,2.918642831083549,-7.296607077708872,-0.20000000000000018,
510580,2016-01-27,2.299,2.338,2.338,2.287,9.0,,2.0070838252656498,-7.9889807162534385,-0.20299999999999985,
510580,2016-01-28,2.413,2.363,2.413,2.277,6.0,,5.816937553464486,1.0692899914456762,0.02499999999999991,
510580,2016-01-29,2.361,2.307,2.496,2.307,18.0,,7.998307236563693,-2.369868810833688,-0.05600000000000005,
510580,2016-02-01,2.379,2.312,2.379,2.312,3.0,,2.9042045947117545,0.21673168617251382,0.004999999999999893,
510580,2016-02-02,2.335,2.335,2.335,2.335,16.0,,0.0,0.9948096885813206,0.02300000000000013,
510580,2016-02-03,2.351,2.419,2.419,2.349,28.0,,2.997858672376867,3.597430406852252,0.08400000000000007,
510580,2016-02-04,2.503,2.401,2.503,2.401,16.0,,4.216618437370827,-0.7441091360066241,-0.018000000000000238,
510580,2016-02-16,2.541,2.536,2.541,2.274,31.0,,11.120366513952517,5.622657226155779,0.13500000000000023,
510580,2016-02-17,2.46,2.535,2.535,2.46,79.0,,2.9574132492113634,-0.039432176656147074,-0.0009999999999998899,
510580,2016-02-18,2.557,2.542,2.557,2.473,97.0,,3.313609467455624,0.27613412228795553,0.006999999999999673,
510580,2016-02-19,2.473,2.522,2.522,2.47,178.0,,2.0456333595593867,-0.7867820613690015,-0.020000000000000018,
510580,2016-02-22,2.543,2.572,2.572,2.543,129.0,,1.14988104678826,1.9825535289452922,0.050000000000000266,
510580,2016-02-23,2.529,2.559,2.559,2.521,26.0,,1.4774494556765263,-0.5054432348366991,-0.0129999999999999,
510580,2016-02-24,2.565,2.577,2.577,2.52,9.0,,2.2274325908558006,0.7033997655334033,0.017999999999999794,
510580,2016-02-25,2.428,2.424,2.47,2.321,56.0,,5.781916957702756,-5.937136204889407,-0.15300000000000002,
510580,2016-02-26,2.38,2.409,2.431,2.359,52.0,,2.970297029702973,-0.6188118811881239,-0.015000000000000124,
510580,2016-02-29,2.271,2.334,2.334,2.271,55.0,,2.615193026151937,-3.1133250311332397,-0.07499999999999973,
510580,2016-03-01,2.299,2.326,2.326,2.278,55.0,,2.0565552699228813,-0.34275921165381346,-0.008000000000000007,
510580,2016-03-02,2.295,2.411,2.411,2.29,86.0,,5.2020636285468616,3.6543422184006866,0.08499999999999996,
510580,2016-03-03,2.351,2.446,2.541,2.351,93.0,,7.88054749066777,1.4516798009124903,0.03500000000000014,
510580,2016-03-04,2.38,2.391,2.5,2.38,49.0,,4.905968928863454,-2.2485690923957544,-0.05500000000000016,
510580,2016-03-07,2.392,2.43,2.43,2.392,27.0,,1.5892931827687269,1.6311166875784253,0.039000000000000146,
510580,2016-03-08,2.431,2.432,2.432,2.431,11.0,,0.041152263374481066,0.08230452674896213,0.0019999999999997797,
510580,2016-03-09,2.353,2.455,2.46,2.353,370.0,,4.399671052631569,0.9457236842105317,0.02300000000000013,
510580,2016-03-10,2.455,2.437,2.461,2.341,228.0,,4.887983706720964,-0.7331975560081563,-0.018000000000000238,
510580,2016-03-11,2.359,2.355,2.359,2.3,42.0,,2.4210094378334084,-3.364792778005739,-0.08199999999999985,
510580,2016-03-14,2.307,2.436,2.436,2.307,119.0,,5.477707006369427,3.439490445859871,0.08099999999999996,
510580,2016-03-15,2.36,2.43,2.435,2.36,148.0,,3.0788177339901552,-0.24630541871920295,-0.005999999999999783,
510580,2016-03-16,2.391,2.391,2.391,2.391,6.0,,0.0,-1.6049382716049443,-0.039000000000000146,
510580,2016-03-17,2.403,2.447,2.447,2.383,298.0,,2.6767043078209976,2.342116269343373,0.05600000000000005,
510580,2016-03-18,2.472,2.511,2.614,2.472,210.0,,5.803024111156514,2.6154474867184327,0.06400000000000006,
510580,2016-03-21,2.462,2.563,2.572,2.462,84.0,,4.380724810832333,2.0708880923934707,0.052000000000000046,
510580,2016-03-22,2.541,2.539,2.558,2.531,70.0,,1.0534529847834448,-0.9364026531408514,-0.02400000000000002,
510580,2016-03-23,2.521,2.567,2.568,2.517,84.0,,2.008664828672712,1.1027963765261923,0.028000000000000025,
510580,2016-03-24,2.531,2.557,2.557,2.521,94.0,,1.4024152707440605,-0.38955979742891433,-0.010000000000000231,
510580,2016-03-25,2.544,2.528,2.545,2.513,90.0,,1.2514665623777876,-1.1341415721548656,-0.028999999999999915,
510580,2016-03-28,2.508,2.541,2.621,2.508,6104.0,,4.469936708860759,0.51424050632911,0.0129999999999999,
510580,2016-03-29,2.513,2.524,2.524,2.513,6005.0,,0.43290043290043767,-0.6690279417552107,-0.016999999999999904,
510580,2016-03-30,2.57,2.57,2.57,2.569,240.0,,0.039619651347063786,1.8225039619651278,0.04599999999999982,
510580,2016-03-31,2.541,2.57,2.57,2.535,188.0,,1.3618677042801441,0.0,0.0,
510580,2016-04-01,2.503,2.539,2.539,2.503,27.0,,1.4007782101167328,-1.2062256809338403,-0.030999999999999694,
510580,2016-04-05,2.448,2.589,2.589,2.448,42.0,,5.553367467506893,1.9692792437967632,0.04999999999999982,
510580,2016-04-06,2.529,2.605,2.641,2.529,7.0,,4.325994592506763,0.6179992275009663,0.016000000000000014,
510580,2016-04-08,2.513,2.604,2.605,2.513,55.0,,3.5316698656429972,-0.03838771593089788,-0.0009999999999998899,
510580,2016-04-11,2.603,2.606,2.613,2.601,205.0,,0.46082949308755805,0.07680491551458447,0.0019999999999997797,
510580,2016-04-12,2.542,2.609,2.609,2.542,16.0,,2.570990023023798,0.11511895625480098,0.0030000000000001137,
510580,2016-04-13,2.613,2.609,2.661,2.609,10.0,,1.993100804906096,0.0,0.0,
510580,2016-04-14,2.609,2.621,2.621,2.609,4.0,,0.4599463395937145,0.4599463395937145,0.01200000000000001,
510580,2016-04-18,2.518,2.62,2.621,2.518,38.0,,3.9297977871041665,-0.03815337657382258,-0.0009999999999998899,
510580,2016-04-19,2.528,2.617,2.619,2.528,13.0,,3.473282442748099,-0.11450381679389747,-0.0030000000000001137,
510580,2016-04-20,2.697,2.613,2.697,2.393,130.0,,11.61635460450899,-0.15284677111196038,-0.0040000000000000036,
510580,2016-04-21,2.508,2.56,2.568,2.49,15.0,,2.9850746268656656,-2.0283199387676976,-0.052999999999999936,
510580,2016-04-25,2.555,2.552,2.555,2.552,13.0,,0.11718750000000444,-0.3125000000000003,-0.008000000000000007,
510580,2016-04-26,2.433,2.46,2.563,2.432,15.0,,5.1332288401254,-3.6050156739811943,-0.09200000000000008,
510580,2016-04-27,2.545,2.6,2.6,2.466,397.0,,5.447154471544711,5.691056910569111,0.14000000000000012,
510580,2016-04-28,2.483,2.5,2.536,2.45,38.0,,3.3076923076923017,-3.8461538461538494,-0.10000000000000009,
510580,2016-04-29,2.689,2.597,2.689,2.475,24.0,,8.559999999999999,3.8799999999999986,0.09699999999999998,
510580,2016-05-03,2.597,2.593,2.597,2.533,47.0,,2.4643819792067796,-0.15402387370042372,-0.0040000000000000036,
510580,2016-05-04,2.53,2.577,2.577,2.52,92.0,,2.1982259930582315,-0.6170458927882766,-0.016000000000000014,
510580,2016-05-05,2.509,2.568,2.568,2.509,85.0,,2.2894838960031105,-0.3492433061699611,-0.008999999999999897,
510580,2016-05-06,2.528,2.517,2.528,2.476,47.0,,2.024922118380064,-1.985981308411221,-0.051000000000000156,
510580,2016-05-09,2.351,2.481,2.481,2.351,47.0,,5.164878823996818,-1.4302741358760442,-0.03600000000000003,
510580,2016-05-10,2.384,2.398,2.413,2.384,36.0,,1.1688835147118064,-3.3454252317613764,-0.08299999999999974,
510580,2016-05-11,2.414,2.479,2.479,2.414,20.0,,2.710592160133442,3.377814845704752,0.08099999999999996,
510580,2016-05-12,2.276,2.42,2.42,2.276,133.0,,5.808793868495366,-2.3799919322307446,-0.05900000000000016,
510580,2016-05-13,2.383,2.476,2.476,2.383,65.0,,3.842975206611569,2.3140495867768616,0.05600000000000005,
510580,2016-05-17,2.372,2.522,2.522,2.372,2.0,,6.058158319870756,1.8578352180936921,0.04599999999999982,
510580,2016-05-18,2.365,2.394,2.395,2.365,853.0,,1.1895321173671611,-5.075337034099908,-0.12799999999999967,
510580,2016-05-19,2.392,2.38,2.392,2.38,36.0,,0.5012531328320806,-0.5847953216374366,-0.014000000000000234,
510580,2016-05-20,2.359,2.459,2.459,2.359,26.0,,4.201680672268911,3.3193277310924447,0.07900000000000018,
510580,2016-05-23,2.536,2.536,2.536,2.536,1.0,,0.0,3.131354209028058,0.07699999999999996,
510580,2016-05-25,2.384,2.431,2.431,2.384,9.0,,1.853312302839123,-4.140378548895899,-0.10499999999999998,
510580,2016-05-26,2.399,2.451,2.451,2.355,149.0,,3.9489921842863054,0.8227067050596469,0.020000000000000018,
510580,2016-05-30,2.416,2.416,2.416,2.416,5.0,,0.0,-1.427988576091397,-0.03500000000000014,
510580,2016-05-31,2.323,2.5,2.5,2.323,923.0,,7.326158940397354,3.4768211920529835,0.08400000000000007,
510580,2016-06-02,2.463,2.463,2.463,2.463,3.0,,0.0,-1.4799999999999969,-0.03699999999999992,
510580,2016-06-03,2.468,2.468,2.479,2.468,47.0,,0.44660982541616406,0.20300446609824982,0.004999999999999893,
510580,2016-06-06,2.468,2.58,2.58,2.468,4.0,,4.538087520259324,4.538087520259324,0.1120000000000001,
510580,2016-06-07,2.492,2.5,2.501,2.492,67.0,,0.3488372093023216,-3.1007751937984525,-0.08000000000000007,
510580,2016-06-08,2.52,2.52,2.52,2.52,5.0,,0.0,0.8000000000000007,0.020000000000000018,
510580,2016-06-14,2.496,2.445,2.5,2.445,131.0,,2.182539682539689,-2.9761904761904834,-0.07500000000000018,
510580,2016-06-15,2.468,2.46,2.492,2.46,41.0,,1.308793456032721,0.6134969325153425,0.015000000000000124,
510580,2016-06-16,2.46,2.476,2.476,2.459,141.0,,0.6910569105691018,0.6504065040650413,0.016000000000000014,
510580,2016-06-17,2.359,2.452,2.46,2.359,18.0,,4.079159935379644,-0.9693053311793223,-0.02400000000000002,
510580,2016-06-20,2.446,2.468,2.471,2.446,23.0,,1.0195758564437158,0.652528548123981,0.016000000000000014,
510580,2016-06-21,2.466,2.463,2.466,2.463,10.0,,0.12155591572123638,-0.2025931928687153,-0.004999999999999893,
510580,2016-06-22,2.444,2.499,2.499,2.444,5.0,,2.233049127080802,1.4616321559074312,0.03600000000000003,
510580,2016-06-23,2.612,2.481,2.612,2.468,6.0,,5.762304921968792,-0.720288115246108,-0.018000000000000238,
510580,2016-06-24,2.458,2.459,2.459,2.458,2.0,,0.04030632809350624,-0.8867392180572269,-0.021999999999999797,
510580,2016-06-27,2.461,2.502,2.502,2.461,33.0,,1.6673444489629903,1.7486783245221516,0.042999999999999705,
510580,2016-06-28,2.478,2.478,2.478,2.478,7.0,,0.0,-0.9592326139088561,-0.023999999999999577,
510580,2016-06-29,2.512,2.53,2.53,2.512,15.0,,0.7263922518159722,2.09846650524615,0.0519999999999996,
510580,2016-06-30,2.507,2.524,2.524,2.507,22.0,,0.671936758893277,-0.2371541501976199,-0.005999999999999783,
510580,2016-07-01,2.524,2.524,2.524,2.524,2.0,,0.0,0.0,0.0,
510580,2016-07-04,2.425,2.576,2.576,2.425,11.0,,5.982567353407299,2.0602218700475454,0.052000000000000046,
510580,2016-07-05,2.576,2.546,2.576,2.536,24.0,,1.552795031055902,-1.164596273291935,-0.03000000000000025,
510580,2016-07-06,2.56,2.737,2.737,2.501,58.0,,9.269442262372356,7.501963864886108,0.19100000000000028,
510580,2016-07-07,2.568,2.726,2.726,2.568,91.0,,5.772743880160757,-0.40189989039094337,-0.01100000000000012,
510580,2016-07-08,2.62,2.601,2.701,2.601,13.0,,3.6683785766691157,-4.58547322083639,-0.125,
510580,2016-07-11,2.74,2.574,2.74,2.533,13.0,,7.95847750865053,-1.0380622837370295,-0.027000000000000135,
510580,2016-07-12,2.621,2.621,2.621,2.621,1.0,,0.0,1.825951825951832,0.04700000000000015,
510580,2016-07-13,2.629,2.624,2.641,2.605,175.0,,1.3735215566577654,0.11446012972148467,0.0030000000000001137,
510580,2016-07-14,2.619,2.617,2.641,2.617,93.0,,0.9146341463414642,-0.2667682926829313,-0.007000000000000117,
510580,2016-07-15,2.603,2.62,2.62,2.603,61.0,,0.6495987772258275,0.11463507833397454,0.0030000000000001137,
510580,2016-07-18,2.613,2.623,2.624,2.613,8.0,,0.41984732824427945,0.11450381679389747,0.0030000000000001137,
510580,2016-07-19,2.629,2.686,2.686,2.605,3.0,,3.088067098741897,2.401829965688133,0.06299999999999972,
510580,2016-07-20,2.625,2.632,2.682,2.625,110.0,,2.122114668652269,-2.010424422933724,-0.053999999999999826,
510580,2016-07-21,2.613,2.639,2.661,2.613,230.0,,1.8237082066869317,0.26595744680849825,0.006999999999999673,
510580,2016-07-22,2.639,2.605,2.639,2.605,17.0,,1.2883668056081776,-1.2883668056081776,-0.03399999999999981,
510580,2016-07-25,2.615,2.641,2.641,2.615,9.0,,0.9980806142034473,1.3819577735124773,0.03600000000000003,
510580,2016-07-26,2.601,2.653,2.653,2.601,12.0,,1.968951154865583,0.4543733434305191,0.01200000000000001,
510580,2016-07-27,2.601,2.603,2.682,2.601,110.0,,3.0531473803241598,-1.8846588767433028,-0.04999999999999982,
510580,2016-07-28,2.586,2.535,2.586,2.523,120.0,,2.420284287360727,-2.6123703419131794,-0.06800000000000006,
510580,2016-08-01,2.492,2.492,2.492,2.492,1.0,,0.0,-1.6962524654832407,-0.04300000000000015,
510580,2016-08-02,2.493,2.697,2.697,2.493,29.0,,8.186195826645273,8.226324237560195,0.20500000000000007,
510580,2016-08-04,2.514,2.608,2.608,2.514,51.0,,3.4853540971449872,-3.299962921764923,-0.08899999999999997,
510580,2016-08-05,2.521,2.563,2.563,2.521,26.0,,1.6104294478527705,-1.7254601226993838,-0.04499999999999993,
510580,2016-08-09,2.534,2.693,2.693,2.534,77.0,,6.203667577058145,5.072181037846269,0.1299999999999999,
510580,2016-08-10,2.549,2.589,2.601,2.549,53.0,,1.930932046045304,-3.861864092090608,-0.10400000000000009,
510580,2016-08-11,2.574,2.564,2.574,2.564,37.0,,0.38624951718809525,-0.9656237929702555,-0.02499999999999991,
510580,2016-08-12,2.543,2.548,2.549,2.543,32.0,,0.23400936037440653,-0.6240249609984405,-0.016000000000000014,
510580,2016-08-15,2.563,2.599,2.599,2.563,53.0,,1.4128728414442713,2.001569858712722,0.051000000000000156,
510580,2016-08-16,2.64,2.621,2.64,2.609,5.0,,1.1927664486340952,0.846479415159669,0.021999999999999797,
510580,2016-08-17,2.621,2.617,2.621,2.595,61.0,,0.9919877909194889,-0.15261350629530726,-0.0040000000000000036,
510580,2016-08-18,2.617,2.639,2.639,2.617,33.0,,0.8406572411157738,0.8406572411157738,0.021999999999999797,
510580,2016-08-19,2.628,2.628,2.628,2.628,10.0,,0.0,-0.416824554755577,-0.010999999999999677,
510580,2016-08-22,2.622,2.628,2.629,2.622,112.0,,0.26636225266362695,0.0,0.0,
510580,2016-08-23,2.625,2.623,2.625,2.623,214.0,,0.07610350076102662,-0.19025875190258346,-0.004999999999999893,
510580,2016-08-24,2.643,2.622,2.643,2.622,23.0,,0.8006099885627109,-0.038124285169665796,-0.001000000000000334,
510580,2016-08-25,2.622,2.622,2.622,2.622,10.0,,0.0,0.0,0.0,
510580,2016-08-26,2.647,2.615,2.647,2.615,63.0,,1.2204424103737448,-0.26697177726924765,-0.006999999999999673,
510580,2016-08-29,2.682,2.68,2.682,2.547,9.0,,5.162523900573605,2.485659655831738,0.06499999999999995,
510580,2016-08-30,2.545,2.63,2.678,2.545,98.0,,4.962686567164179,-1.8656716417910546,-0.050000000000000266,
510580,2016-09-01,2.629,2.621,2.63,2.621,9.0,,0.34220532319391245,-0.34220532319391245,-0.008999999999999897,
510580,2016-09-02,2.661,2.661,2.661,2.661,150.0,,0.0,1.5261350629530728,0.040000000000000036,
510580,2016-09-06,2.653,2.657,2.657,2.647,45.0,,0.3757985719654352,-0.15031942878617074,-0.0040000000000000036,
510580,2016-09-07,2.601,2.602,2.685,2.601,19.0,,3.161460293564173,-2.0700037636432125,-0.05500000000000016,
510580,2016-09-08,2.687,2.638,2.687,2.597,33.0,,3.4588777863182116,1.383551114527288,0.03600000000000003,
510580,2016-09-09,2.638,2.661,2.661,2.638,2.0,,0.8718726307808997,0.8718726307808997,0.02300000000000013,
510580,2016-09-12,2.542,2.593,2.593,2.503,83.0,,3.382187147688833,-2.5554302893649026,-0.06800000000000006,
510580,2016-09-14,2.569,2.569,2.569,2.569,5.0,,0.0,-0.9255688391824151,-0.02400000000000002,
510580,2016-09-19,2.569,2.569,2.569,2.569,1.0,,0.0,0.0,0.0,
510580,2016-09-20,2.588,2.584,2.588,2.584,9.0,,0.15570260801868446,0.583884780070071,0.015000000000000124,
510580,2016-09-21,2.581,2.581,2.581,2.581,2.0,,0.0,-0.11609907120743473,-0.0030000000000001137,
510580,2016-09-22,2.601,2.579,2.601,2.579,8.0,,0.8523827973653544,-0.0774893452150244,-0.0019999999999997797,
510580,2016-09-23,2.579,2.58,2.587,2.577,31.0,,0.3877471888328899,0.03877471888328382,0.0009999999999998899,
510580,2016-09-26,2.601,2.589,2.601,2.589,14.0,,0.4651162790697679,0.3488372093023216,0.008999999999999897,
510580,2016-09-27,2.621,2.621,2.621,2.621,6.0,,0.0,1.2359984550019325,0.03200000000000003,
510580,2016-09-28,2.561,2.56,2.561,2.56,150.0,,0.03815337657382258,-2.3273559710034317,-0.06099999999999994,
510580,2016-09-29,2.559,2.555,2.559,2.555,12.0,,0.15625000000000014,-0.19531249999999584,-0.004999999999999893,
510580,2016-09-30,2.56,2.576,2.58,2.56,13.0,,0.7827788649706464,0.8219178082191744,0.020999999999999908,
510580,2016-10-10,2.572,2.597,2.597,2.569,185.0,,1.0869565217391315,0.8152173913043441,0.020999999999999908,
510580,2016-10-11,2.621,2.621,2.621,2.621,2.0,,0.0,0.9241432422025422,0.02400000000000002,
510580,2016-10-12,2.605,2.615,2.615,2.605,9.0,,0.38153376573827663,-0.22892025944295244,-0.005999999999999783,
510580,2016-10-14,2.608,2.641,2.641,2.608,14.0,,1.2619502868068802,0.9942638623326884,0.0259999999999998,
510580,2016-10-17,2.657,2.657,2.657,2.657,1.0,,0.0,0.6058311245740255,0.016000000000000014,
510580,2016-10-18,2.585,2.621,2.621,2.585,11.0,,1.3549115543846455,-1.3549115543846455,-0.03600000000000003,
510580,2016-10-19,2.602,2.602,2.602,2.602,14.0,,0.0,-0.7249141549027138,-0.019000000000000128,
510580,2016-10-20,2.616,2.616,2.616,2.616,1.0,,0.0,0.5380476556495094,0.014000000000000234,
510580,2016-10-21,2.616,2.616,2.616,2.616,14.0,,0.0,0.0,0.0,
510580,2016-10-25,2.621,2.621,2.621,2.621,2043.0,,0.0,0.19113149847094393,0.004999999999999893,
510580,2016-10-27,2.582,2.582,2.582,2.582,6.0,,0.0,-1.48798168637925,-0.039000000000000146,
510580,2016-10-28,2.583,2.614,2.614,2.583,53.0,,1.200619674670786,1.2393493415956633,0.03200000000000003,
510580,2016-10-31,2.613,2.609,2.614,2.609,77.0,,0.19127773527161032,-0.19127773527161032,-0.004999999999999893,
510580,2016-11-01,2.617,2.617,2.617,2.617,1.0,,0.0,0.3066308930624763,0.008000000000000007,
510580,2016-11-03,2.61,2.61,2.61,2.61,21.0,,0.0,-0.2674818494459349,-0.007000000000000117,
510580,2016-11-08,2.628,2.628,2.628,2.628,74.0,,0.0,0.6896551724138023,0.018000000000000238,
510580,2016-11-09,2.622,2.626,2.626,2.622,53.0,,0.15220700152207015,-0.07610350076104352,-0.002000000000000224,
510580,2016-11-10,2.626,2.626,2.626,2.626,2.0,,0.0,0.0,0.0,
510580,2016-11-11,2.661,2.661,2.661,2.661,2600.0,,0.0,1.3328255902513382,0.03500000000000014,
510580,2016-11-14,2.661,2.661,2.661,2.661,34.0,,0.0,0.0,0.0,
510580,2016-11-15,2.661,2.69,2.69,2.661,34.0,,1.0898158586997337,1.0898158586997337,0.028999999999999915,
510580,2016-11-16,2.69,2.689,2.69,2.662,9.0,,1.040892193308551,-0.037174721189586986,-0.0009999999999998899,
510580,2016-11-17,2.627,2.687,2.687,2.626,51.0,,2.2685013015991053,-0.07437709185571677,-0.002000000000000224,
510580,2016-11-18,2.63,2.659,2.661,2.63,57.0,,1.1537030145143334,-1.042054335690362,-0.028000000000000025,
510580,2016-11-21,2.658,2.682,2.682,2.646,65.0,,1.353892440767207,0.8649868371568309,0.02300000000000013,
510580,2016-11-22,2.68,2.694,2.694,2.643,192.0,,1.901565995525733,0.4474272930648774,0.01200000000000001,
510580,2016-11-23,2.722,2.722,2.739,2.722,50.0,,0.6310319227913848,1.0393466963622875,0.028000000000000025,
510580,2016-11-24,2.698,2.698,2.698,2.698,163.0,,0.0,-0.8817046289493027,-0.02400000000000002,
510580,2016-11-28,2.666,2.666,2.666,2.666,1.0,,0.0,-1.1860637509266132,-0.03200000000000003,
510580,2016-11-29,2.677,2.677,2.677,2.677,4.0,,0.0,0.41260315078770143,0.01100000000000012,
510580,2016-11-30,2.607,2.718,2.718,2.607,86.0,,4.146432573776607,1.5315651849084768,0.040999999999999925,
510580,2016-12-01,2.713,2.665,2.713,2.649,39.0,,2.354672553348052,-1.9499632082413516,-0.052999999999999936,
510580,2016-12-02,2.774,2.766,2.775,2.766,378.0,,0.33771106941838264,3.7898686679174474,0.10099999999999998,
510580,2016-12-06,2.722,2.722,2.722,2.722,1.0,,0.0,-1.5907447577729588,-0.04400000000000004,
510580,2016-12-07,2.588,2.702,2.702,2.588,219.0,,4.18809698750918,-0.7347538574577523,-0.020000000000000018,
510580,2016-12-09,2.626,2.714,2.734,2.626,227.0,,3.9970392301998556,0.4441154700222062,0.01200000000000001,
510580,2016-12-12,2.597,2.599,2.984,2.597,6.0,,14.25939572586588,-4.237288135593212,-0.11499999999999977,
510580,2016-12-13,2.509,2.818,2.818,2.509,3.0,,11.889188149288193,8.426317814544051,0.21899999999999986,
510580,2016-12-14,2.774,2.773,2.774,2.773,5.0,,0.03548616039744109,-1.5968772178850221,-0.04499999999999993,
510580,2016-12-15,2.5,2.661,2.773,2.5,144.0,,9.844933285250637,-4.038946988820776,-0.1120000000000001,
510580,2016-12-16,2.924,2.661,2.924,2.507,6.0,,15.67080045095828,0.0,0.0,
510580,2016-12-19,2.522,2.822,2.924,2.522,9.0,,15.107102593010152,6.050357008643369,0.16100000000000003,
510580,2016-12-21,2.819,2.623,2.968,2.556,85.0,,14.599574769666901,-7.051736357193474,-0.19899999999999984,
510580,2016-12-23,2.51,2.797,2.797,2.51,3.0,,10.941669843690443,6.6336256195196315,0.17399999999999993,
510580,2016-12-26,2.803,2.633,2.803,2.633,17.0,,6.077940650697173,-5.863425098319633,-0.16400000000000015,
510580,2016-12-27,2.895,2.641,2.895,2.626,6.0,,10.216483099126476,0.303835928598557,0.008000000000000007,
510580,2016-12-28,2.903,2.822,2.903,2.822,7.0,,3.0670200681560003,6.85346459674366,0.18100000000000005,
510580,2016-12-29,2.822,2.818,2.822,2.561,217.0,,9.248759744861804,-0.1417434443656982,-0.0040000000000000036,
510580,2016-12-30,2.621,2.811,2.811,2.621,4.0,,6.742370475514548,-0.24840312278211915,-0.007000000000000117,
510580,2018-05-21,2.409,2.403,2.409,2.384,25.0,,0.8893632159373857,-14.514407684098183,-0.4079999999999999,
510580,2018-05-22,2.383,2.402,2.403,2.379,26.0,,0.9987515605493142,-0.0416146483562168,-0.0009999999999998899,
510580,2018-05-23,2.379,2.372,2.379,2.372,32.0,,0.2914238134887642,-1.2489592006661219,-0.03000000000000025,
510580,2018-05-24,2.374,2.369,2.374,2.369,25.0,,0.21079258010117596,-0.12647554806069433,-0.0029999999999996696,
510580,2018-05-25,2.358,2.347,2.391,2.343,230.0,,2.0261713803292545,-0.9286618826509176,-0.02200000000000024,
510580,2018-05-28,2.347,2.355,2.359,2.343,77.0,,0.6817213463996598,0.3408606731998299,0.008000000000000007,
510580,2018-05-29,2.348,2.349,2.349,2.319,39.0,,1.273885350318482,-0.25477707006368505,-0.005999999999999783,
510580,2018-05-30,2.323,2.438,2.459,2.263,291.0,,8.343976160068122,3.7888463175819482,0.08899999999999997,
510580,2018-05-31,2.291,2.351,2.357,2.286,462.0,,2.912223133716168,-3.56849876948319,-0.08700000000000019,
510580,2018-06-01,2.303,2.296,2.324,2.282,102.0,,1.7864738409187502,-2.339430029774571,-0.05500000000000016,
510580,2018-06-04,2.298,2.286,2.305,2.271,292.0,,1.480836236933809,-0.4355400696864019,-0.009999999999999787,
510580,2018-06-05,2.278,2.297,2.297,2.278,254.0,,0.8311461067366636,0.4811898512685967,0.01100000000000012,
510580,2018-06-06,2.29,2.286,2.29,2.286,7.0,,0.17414018284719213,-0.4788855028297832,-0.01100000000000012,
510580,2018-06-07,2.286,2.294,2.294,2.282,39.0,,0.5249343832021002,0.3499562554680668,0.008000000000000007,
510580,2018-06-08,2.315,2.288,2.315,2.268,11.0,,2.048823016564959,-0.26155187445511013,-0.006000000000000227,
510580,2018-06-11,2.288,2.247,2.288,2.247,1028.0,,1.791958041958039,-1.791958041958039,-0.040999999999999925,
510580,2018-06-12,2.243,2.268,2.268,2.243,9.0,,1.1125945705384919,0.9345794392523323,0.020999999999999908,
510580,2018-06-13,2.266,2.245,2.266,2.245,19.0,,0.9259259259259219,-1.014109347442667,-0.022999999999999687,
510580,2018-06-14,2.276,2.262,2.276,2.241,50.0,,1.5590200445434164,0.7572383073496616,0.016999999999999904,
510580,2018-06-15,2.242,2.253,2.253,2.218,220.0,,1.5473032714412087,-0.39787798408487607,-0.008999999999999897,
510580,2018-06-19,2.251,2.171,2.251,2.069,348.0,,8.078118064802482,-3.6395916555703636,-0.0820000000000003,
510580,2018-06-20,2.17,2.132,2.17,2.126,147.0,,2.026715799170891,-1.796407185628729,-0.0389999999999997,
510580,2018-06-21,2.173,2.169,2.174,2.069,204.0,,4.924953095684802,1.735459662288927,0.03699999999999992,
510580,2018-06-22,2.163,2.234,2.242,2.162,209.0,,3.688335638543111,2.996772706316272,0.06499999999999995,
510580,2018-06-25,2.25,2.103,2.363,2.103,231.0,,11.638316920322282,-5.8639212175469915,-0.13099999999999978,
510580,2018-06-26,2.213,2.147,2.213,2.099,115.0,,5.420827389443645,2.0922491678554254,0.043999999999999595,
510580,2018-06-27,2.147,2.07,2.147,2.07,141.0,,3.58639962738705,-3.58639962738705,-0.07699999999999996,
510580,2018-06-28,2.088,2.097,2.097,1.957,138.0,,6.763285024154585,1.3043478260869632,0.027000000000000135,
510580,2018-06-29,2.068,2.117,2.121,2.061,329.0,,2.8612303290414904,0.9537434430138301,0.020000000000000018,
510580,2018-07-02,2.165,2.097,2.165,2.097,184.0,,3.2120925838450667,-0.9447331128956078,-0.020000000000000018,
510580,2018-07-03,2.067,2.096,2.098,2.067,70.0,,1.478302336671421,-0.04768717215068621,-0.0009999999999998899,
510580,2018-07-04,2.096,2.065,2.096,2.065,41.0,,1.4790076335877929,-1.4790076335877929,-0.03100000000000014,
510580,2018-07-05,2.065,2.062,2.106,2.057,162.0,,2.3728813559322,-0.14527845036320164,-0.0030000000000001137,
510580,2018-07-06,2.267,2.057,2.267,2.057,70.0,,10.184287099903006,-0.2424830261881617,-0.004999999999999893,
510580,2018-07-09,2.077,2.234,2.248,2.062,447.0,,9.04229460379195,8.604764219737485,0.17700000000000005,
510580,2018-07-10,2.078,2.101,2.109,2.074,80.0,,1.5666965085049303,-5.953446732318711,-0.133,
510580,2018-07-11,2.097,2.093,2.097,2.045,40.0,,2.475011899095671,-0.380771061399334,-0.008000000000000007,
510580,2018-07-12,2.043,2.177,2.198,2.043,134.0,,7.4056378404204395,4.013377926421408,0.08400000000000007,
510580,2018-07-13,2.177,2.084,2.177,2.079,251.0,,4.501607717041795,-4.271933853927422,-0.09299999999999997,
510580,2018-07-16,2.093,2.086,2.093,2.072,16.0,,1.007677543186176,0.0959692898272447,0.0019999999999997797,
510580,2018-07-17,2.074,2.088,2.088,2.074,80.0,,0.6711409395973267,0.09587727708534152,0.002000000000000224,
510580,2018-07-18,2.097,2.084,2.103,2.083,81.0,,0.957854406130269,-0.1915708812260538,-0.0040000000000000036,
510580,2018-07-19,2.207,2.176,2.207,2.078,78.0,,6.190019193857966,4.414587332053746,0.09200000000000008,
510580,2018-07-20,2.136,2.161,2.161,2.128,27.0,,1.516544117647055,-0.6893382352941233,-0.015000000000000124,
510580,2018-07-23,2.218,2.145,2.218,2.145,40.0,,3.3780657103192944,-0.7403979639055999,-0.016000000000000014,
510580,2018-07-24,2.218,2.214,2.228,2.097,170.0,,6.107226107226118,3.2167832167832144,0.06899999999999995,
510580,2018-07-25,2.118,2.126,2.176,2.102,225.0,,3.3423667570009163,-3.9747064137308072,-0.08800000000000008,
510580,2018-07-26,2.105,2.113,2.128,2.099,135.0,,1.3640639698965153,-0.6114769520225729,-0.0129999999999999,
510580,2018-07-27,2.097,2.107,2.121,2.097,56.0,,1.1358258400378618,-0.28395646000945496,-0.005999999999999783,
510580,2018-07-30,2.063,2.093,2.113,2.063,55.0,,2.373042240151866,-0.6644518272425359,-0.014000000000000234,
510580,2018-07-31,2.093,2.092,2.093,2.067,40.0,,1.242236024844711,-0.047778308647868604,-0.0009999999999998899,
510580,2018-08-01,2.076,2.091,2.092,2.069,101.0,,1.0994263862332758,-0.04780114722752819,-0.0009999999999998899,
510580,2018-08-02,2.028,2.049,2.093,2.028,81.0,,3.1085604973696768,-2.0086083213773436,-0.04200000000000026,
510580,2018-08-03,2.017,2.043,2.043,2.017,23.0,,1.268911664226464,-0.29282576866763216,-0.005999999999999783,
510580,2018-08-06,2.127,2.093,2.127,1.982,313.0,,7.097405775819862,2.4473813020068436,0.04999999999999982,
510580,2018-08-07,1.98,2.039,2.079,1.98,61.0,,4.730052556139523,-2.5800286669851804,-0.053999999999999826,
510580,2018-08-08,2.073,2.069,2.073,2.069,6.0,,0.19617459538989715,1.4713094654242178,0.029999999999999805,
510580,2018-08-09,2.097,2.088,2.097,2.029,49.0,,3.2866118898018395,0.9183180280328723,0.019000000000000128,
510580,2018-08-10,2.02,2.078,2.084,2.02,74.0,,3.065134099616861,-0.4789272030651452,-0.010000000000000231,
510580,2018-08-13,2.043,2.064,2.065,2.043,41.0,,1.0587102983638017,-0.6737247353224154,-0.01399999999999979,
510580,2018-08-14,2.064,2.061,2.085,2.021,41.0,,3.1007751937984525,-0.14534883720930783,-0.0030000000000001137,
510580,2018-08-15,2.059,2.033,2.059,2.028,28.0,,1.504124211547799,-1.3585638039786523,-0.028000000000000025,
510580,2018-08-16,2.033,2.044,2.045,2.033,34.0,,0.5902606984751604,0.5410723069355692,0.01100000000000012,
510580,2018-08-17,2.056,2.057,2.057,2.056,19.0,,0.04892367906065997,0.6360078277886448,0.0129999999999999,
510580,2018-08-20,2.088,2.049,2.088,2.023,70.0,,3.159941662615457,-0.3889158969372877,-0.008000000000000007,
510580,2018-08-21,1.981,2.093,2.12,1.981,34.0,,6.783796974133724,2.1473889702293825,0.04400000000000004,
510580,2018-08-22,2.092,2.076,2.093,2.029,85.0,,3.05781175346393,-0.8122312470138511,-0.016999999999999904,
510580,2018-08-23,2.004,2.061,2.061,2.004,18.0,,2.74566473988439,-0.7225433526011621,-0.015000000000000124,
510580,2018-08-24,2.048,2.06,2.061,2.036,126.0,,1.2130033964095057,-0.04852013585637506,-0.0009999999999998899,
510580,2018-08-27,2.105,2.081,2.105,2.081,115.0,,1.1650485436893214,1.019417475728151,0.020999999999999908,
510580,2018-08-28,2.021,2.081,2.214,2.021,83.0,,9.274387313791449,0.0,0.0,
510580,2018-08-29,2.077,2.077,2.109,2.077,56.0,,1.5377222489187905,-0.1922152811148488,-0.0040000000000000036,
510580,2018-08-30,2.213,2.065,2.213,2.053,78.0,,7.703418391911418,-0.5777563793933563,-0.01200000000000001,
510580,2018-08-31,2.04,2.042,2.065,2.04,44.0,,1.2106537530266301,-1.1138014527845101,-0.02300000000000013,
510580,2018-09-03,1.976,2.082,2.178,1.976,143.0,,9.892262487757101,1.958863858961804,0.040000000000000036,
510580,2018-09-04,2.125,2.133,2.177,2.097,39.0,,3.842459173871281,2.449567723342947,0.051000000000000156,
510580,2018-09-05,2.169,2.169,2.169,2.169,21.0,,0.0,1.6877637130801704,0.03600000000000003,
510580,2018-09-06,2.09,2.118,2.118,2.089,20.0,,1.3370216689718726,-2.351313969571238,-0.051000000000000156,
510580,2018-09-07,2.02,2.065,2.174,2.02,7.0,,7.271010387157692,-2.5023607176581653,-0.052999999999999936,
510580,2018-09-10,2.091,2.107,2.117,2.091,44.0,,1.2590799031476902,2.0338983050847586,0.04200000000000026,
510580,2018-09-11,2.178,2.078,2.178,2.07,16.0,,5.125771238728053,-1.3763644992881041,-0.02900000000000036,
510580,2018-09-12,2.08,2.08,2.08,2.08,14.0,,0.0,0.09624639076035726,0.002000000000000224,
510580,2018-09-13,2.061,2.133,2.133,2.061,11.0,,3.4615384615384643,2.54807692307692,0.052999999999999936,
510580,2018-09-14,2.157,2.061,2.165,2.061,15.0,,4.8757618377871585,-3.3755274261603407,-0.07200000000000006,
510580,2018-09-17,2.077,2.077,2.077,2.077,36.0,,0.0,0.776322173702087,0.016000000000000014,
510580,2018-09-18,2.113,2.065,2.226,2.065,141.0,,7.7515647568608586,-0.5777563793933563,-0.01200000000000001,
510580,2018-09-19,2.065,2.134,2.197,2.065,57.0,,6.392251815980636,3.3414043583535085,0.06899999999999995,
510580,2018-09-20,2.105,2.098,2.218,2.089,14.0,,6.044985941893159,-1.6869728209934411,-0.03600000000000003,
510580,2018-09-21,2.198,2.08,2.218,2.078,138.0,,6.673021925643477,-0.8579599618684365,-0.017999999999999794,
510580,2018-09-25,2.061,2.067,2.117,2.061,68.0,,2.6923076923076947,-0.6249999999999952,-0.0129999999999999,
510580,2018-09-26,2.066,2.09,2.193,2.02,76.0,,8.36961780358007,1.112723754233173,0.022999999999999687,
510580,2018-09-27,2.092,2.112,2.112,2.061,41.0,,2.4401913875598162,1.0526315789473801,0.02200000000000024,
510580,2018-09-28,2.103,2.105,2.105,2.087,59.0,,0.8522727272727175,-0.3314393939393995,-0.007000000000000117,
510580,2018-10-08,2.059,2.105,2.137,2.059,34.0,,3.705463182897855,0.0,0.0,
510580,2018-10-09,2.103,2.105,2.105,2.067,102.0,,1.8052256532066417,0.0,0.0,
510580,2018-10-10,2.077,2.063,2.097,2.061,60.0,,1.710213776722092,-1.995249406175763,-0.041999999999999815,
510580,2018-10-11,2.061,2.101,2.117,2.021,155.0,,4.6534173533688845,1.8419777023751724,0.03799999999999981,
510580,2018-10-12,2.101,2.129,2.129,1.904,108.0,,10.709186101856263,1.332698714897669,0.028000000000000025,
510580,2018-10-15,2.093,2.103,2.103,2.043,39.0,,2.818224518553314,-1.2212306247064255,-0.0259999999999998,
510580,2018-10-16,2.095,2.057,2.095,2.057,30.0,,1.806942463147896,-2.1873514027579772,-0.04600000000000026,
510580,2018-10-17,2.096,2.048,2.178,2.048,63.0,,6.319883325230914,-0.4375303840544432,-0.008999999999999897,
510580,2018-10-18,2.049,2.117,2.117,1.998,158.0,,5.810546874999999,3.3691406249999973,0.06899999999999995,
510580,2018-10-19,2.096,2.117,2.117,2.065,74.0,,2.4563060935285805,0.0,0.0,
510580,2018-10-22,2.157,2.012,2.157,1.92,1194.0,,11.195087387812947,-4.959848842701936,-0.10499999999999998,
510580,2018-10-23,1.907,1.92,1.923,1.811,583.0,,5.5666003976143195,-4.572564612326048,-0.09200000000000008,
510580,2018-10-24,1.815,1.887,1.923,1.807,471.0,,6.041666666666672,-1.718749999999996,-0.03299999999999992,
510580,2018-10-25,1.807,1.77,1.807,1.77,204.0,,1.960784313725486,-6.200317965023848,-0.11699999999999999,
510580,2018-10-26,1.855,1.774,1.887,1.735,367.0,,8.587570621468922,0.22598870056497194,0.0040000000000000036,
510580,2018-10-29,1.734,1.691,1.774,1.691,772.0,,4.678692220969558,-4.678692220969558,-0.08299999999999996,
510580,2018-10-30,1.645,1.702,1.702,1.552,293.0,,8.870490833826134,0.6505026611472441,0.010999999999999899,
510580,2018-10-31,1.693,1.708,1.757,1.678,725.0,,4.641598119858987,0.35252643948296153,0.006000000000000005,
510580,2018-11-01,1.699,1.706,1.734,1.694,592.0,,2.341920374707262,-0.1170960187353631,-0.0020000000000000018,
510580,2018-11-02,1.707,1.77,1.77,1.707,372.0,,3.6928487690504075,3.7514654161781977,0.06400000000000006,
510580,2018-11-05,1.707,1.813,1.814,1.707,392.0,,6.045197740112993,2.4293785310734424,0.04299999999999993,
510580,2018-11-06,1.808,1.787,1.808,1.733,231.0,,4.136789851075563,-1.434087148372864,-0.026000000000000023,
510580,2018-11-07,1.783,1.774,1.784,1.753,62.0,,1.7347509792949154,-0.7274762171236654,-0.0129999999999999,
510580,2018-11-08,1.741,1.77,1.77,1.741,358.0,,1.6347237880496006,-0.22547914317925613,-0.0040000000000000036,
510580,2018-11-09,1.73,1.753,1.754,1.73,531.0,,1.3559322033898318,-0.9604519774011371,-0.017000000000000126,
510580,2018-11-12,1.754,1.805,1.809,1.751,666.0,,3.3086138049058786,2.966343411294926,0.052000000000000046,
510580,2018-11-13,1.744,1.807,1.831,1.744,643.0,,4.8199445983379485,0.11080332409972309,0.0020000000000000018,
510580,2018-11-14,1.805,1.814,1.827,1.805,520.0,,1.2174875484228014,0.3873824017708975,0.007000000000000117,
510580,2018-11-15,1.83,1.811,1.83,1.788,267.0,,2.315325248070564,-0.1653803748621893,-0.0030000000000001137,
510580,2018-11-16,1.815,1.866,1.875,1.811,682.0,,3.533959138597463,3.036996134732201,0.05500000000000016,
510580,2018-11-19,1.867,1.865,1.883,1.825,313.0,,3.1082529474812457,-0.05359056806002743,-0.001000000000000112,
510580,2018-11-20,1.865,1.831,1.865,1.807,286.0,,3.109919571045579,-1.8230563002680982,-0.03400000000000003,
510580,2018-11-21,1.711,1.811,1.827,1.711,140.0,,6.3353358820316705,-1.0922992900054627,-0.020000000000000018,
510580,2018-11-22,1.79,1.811,1.818,1.789,82.0,,1.6013252346769817,0.0,0.0,
510580,2018-11-23,1.797,1.772,1.814,1.762,176.0,,2.871341800110439,-2.153506350082823,-0.038999999999999924,
510580,2018-11-26,1.696,1.735,1.78,1.696,326.0,,4.740406320541765,-2.0880361173814856,-0.03699999999999992,
510580,2018-11-27,1.773,1.749,1.773,1.749,50.0,,1.3832853025936482,0.8069164265129689,0.014000000000000012,
510580,2018-11-28,1.774,1.768,1.774,1.734,130.0,,2.2870211549456854,1.086335048599194,0.018999999999999906,
510580,2018-11-29,1.768,1.755,1.778,1.755,261.0,,1.300904977375573,-0.7352941176470658,-0.013000000000000123,
510580,2018-11-30,1.75,1.728,1.789,1.724,248.0,,3.7037037037037006,-1.5384615384615334,-0.026999999999999913,
510580,2018-12-03,1.786,1.815,1.83,1.786,703.0,,2.5462962962962985,5.0347222222222205,0.08699999999999997,
510580,2018-12-04,1.78,1.81,1.81,1.774,158.0,,1.9834710743801671,-0.275482093663906,-0.004999999999999893,
510580,2018-12-05,1.806,1.801,1.806,1.705,273.0,,5.580110497237568,-0.49723756906078004,-0.009000000000000119,
510580,2018-12-06,1.761,1.749,1.79,1.747,189.0,,2.3875624652970533,-2.887284841754571,-0.051999999999999824,
510580,2018-12-07,1.749,1.755,1.764,1.744,207.0,,1.1435105774728427,0.3430531732418401,0.005999999999999783,
510580,2018-12-10,1.727,1.753,1.767,1.727,73.0,,2.2792022792022686,-0.11396011396011406,-0.0020000000000000018,
510580,2018-12-11,1.742,1.739,1.76,1.738,185.0,,1.254991443240161,-0.7986309184255443,-0.01399999999999979,
510580,2018-12-12,1.774,1.742,1.774,1.741,57.0,,1.8976423231742332,0.17251293847037905,0.0029999999999998916,
510580,2018-12-13,1.761,1.767,1.769,1.742,270.0,,1.549942594718709,1.4351320321469523,0.02499999999999991,
510580,2018-12-14,1.772,1.749,1.772,1.715,381.0,,3.2258064516128995,-1.018675721561958,-0.017999999999999794,
510580,2018-12-17,1.73,1.738,1.744,1.722,366.0,,1.2578616352201268,-0.6289308176100697,-0.01100000000000012,
510580,2018-12-18,1.766,1.73,1.766,1.665,336.0,,5.81127733026467,-0.4602991944764101,-0.008000000000000007,
510580,2018-12-19,1.704,1.704,1.728,1.667,242.0,,3.5260115606936386,-1.5028901734104059,-0.026000000000000023,
510580,2018-12-20,1.729,1.714,1.731,1.682,258.0,,2.8755868544601033,0.5868544600938973,0.010000000000000009,
510580,2018-12-21,1.694,1.702,1.734,1.694,409.0,,2.3337222870478436,-0.7001166861143531,-0.01200000000000001,
510580,2018-12-24,1.81,1.717,1.81,1.682,727.0,,7.52056404230318,0.8813160987074103,0.015000000000000124,
510580,2018-12-25,1.694,1.698,1.698,1.636,305.0,,3.6109493302271436,-1.1065812463599376,-0.019000000000000128,
510580,2018-12-26,1.7,1.697,1.7,1.697,114.0,,0.1766784452296756,-0.058892815076554174,-0.0009999999999998899,
510580,2018-12-27,1.75,1.735,1.753,1.675,296.0,,4.596346493812601,2.2392457277548634,0.038000000000000034,
510580,2018-12-28,1.661,1.676,1.714,1.661,449.0,,3.0547550432276616,-3.4005763688760897,-0.05900000000000016,
510580,2019-01-02,1.674,1.675,1.702,1.674,108.0,,1.670644391408116,-0.05966587112171181,-0.0009999999999998899,
510580,2019-01-03,1.676,1.678,1.799,1.676,175.0,,7.343283582089552,0.17910447761193382,0.0029999999999998916,
510580,2019-01-04,1.694,1.717,1.787,1.666,440.0,,7.210965435041716,2.3241954707985784,0.039000000000000146,
510580,2019-01-07,1.714,1.809,1.846,1.695,1343.0,,8.794408852649973,5.358182877111232,0.09199999999999986,
510580,2019-01-08,1.809,1.739,1.809,1.718,380.0,,5.030403537866223,-3.86954118297401,-0.06999999999999984,
510580,2019-01-09,1.782,1.774,1.811,1.74,593.0,,4.082806210465782,2.012650948821157,0.03499999999999992,
510580,2019-01-10,1.773,1.757,1.806,1.727,88.0,,4.453213077790302,-0.9582863585118447,-0.017000000000000126,
510580,2019-01-11,1.734,1.778,1.778,1.714,688.0,,3.6425725668753595,1.1952191235059835,0.02100000000000013,
510580,2019-01-14,1.797,1.784,1.797,1.743,196.0,,3.037120359954996,0.3374578177727787,0.006000000000000005,
510580,2019-01-15,1.783,1.782,1.783,1.749,242.0,,1.9058295964125453,-0.11210762331838575,-0.0020000000000000018,
510580,2019-01-16,1.78,1.79,1.793,1.751,246.0,,2.356902356902359,0.448933782267116,0.008000000000000007,
510580,2019-01-17,1.788,1.789,1.79,1.764,117.0,,1.4525139664804483,-0.055865921787715746,-0.001000000000000112,
510580,2019-01-18,1.782,1.778,1.815,1.756,333.0,,3.2979318054779174,-0.6148686416992677,-0.010999999999999899,
510580,2019-01-21,1.778,1.792,1.815,1.759,114.0,,3.1496062992126013,0.7874015748031503,0.014000000000000012,
510580,2019-01-22,1.791,1.8,1.807,1.772,120.0,,1.9531249999999956,0.44642857142857184,0.008000000000000007,
510580,2019-01-23,1.742,1.798,1.799,1.742,5.0,,3.1666666666666634,-0.1111111111111112,-0.0020000000000000018,
510580,2019-01-24,1.736,1.765,1.802,1.736,172.0,,3.670745272525031,-1.8353726362625216,-0.03300000000000014,
510580,2019-01-25,1.795,1.813,1.834,1.767,599.0,,3.7960339943342873,2.719546742209634,0.04800000000000004,
510580,2019-01-28,1.812,1.848,1.851,1.772,650.0,,4.3574186431329265,1.9305019305019384,0.03500000000000014,
510580,2019-01-29,1.734,1.81,1.841,1.731,3025.0,,5.9523809523809454,-2.0562770562770583,-0.038000000000000034,
510580,2019-01-30,1.756,1.775,1.786,1.734,1155.0,,2.8729281767955825,-1.9337016574585715,-0.03500000000000014,
510580,2019-01-31,1.722,1.752,1.764,1.722,600.0,,2.3661971830985937,-1.2957746478873189,-0.02299999999999991,
510580,2019-02-01,1.735,1.757,1.768,1.698,3158.0,,3.9954337899543413,0.2853881278538752,0.004999999999999893,
510580,2019-02-11,1.752,1.779,1.784,1.734,3278.0,,2.8457598178713743,1.2521343198634047,0.02200000000000002,
510580,2019-02-12,1.77,1.785,1.794,1.77,1126.0,,1.349072512647556,0.337268128161889,0.006000000000000005,
510580,2019-02-13,1.799,1.831,1.831,1.785,1293.0,,2.5770308123249324,2.5770308123249324,0.04600000000000004,
510580,2019-02-14,1.831,1.813,1.832,1.795,1541.0,,2.020753686510112,-0.9830693610049162,-0.018000000000000016,
510580,2019-02-15,1.798,1.818,1.838,1.795,1247.0,,2.3717595146166657,0.27578599007171073,0.0050000000000001155,
510580,2019-02-18,1.818,1.883,1.89,1.818,1943.0,,3.9603960396039515,3.5753575357535725,0.06499999999999995,
510580,2019-02-19,1.883,1.904,1.92,1.879,1006.0,,2.177376526818902,1.1152416356877275,0.020999999999999908,
510580,2019-02-20,1.904,1.887,1.904,1.887,683.0,,0.8928571428571378,-0.8928571428571378,-0.016999999999999904,
510580,2019-02-21,1.911,1.895,1.911,1.879,1608.0,,1.6958134605193445,0.4239533651298361,0.008000000000000007,
510580,2019-02-22,1.892,1.936,1.936,1.864,2460.0,,3.7994722955145033,2.163588390501315,0.040999999999999925,
510580,2019-02-25,1.898,2.089,2.089,1.898,3105.0,,9.865702479338847,7.902892561983473,0.15300000000000002,
510580,2019-02-26,2.089,2.084,2.089,1.988,1955.0,,4.834849210148395,-0.23934897079942044,-0.004999999999999893,
510580,2019-02-27,2.063,2.038,2.126,2.024,8017.0,,4.8944337811900125,-2.2072936660268843,-0.04600000000000026,
510580,2019-02-28,2.02,2.048,2.063,2.02,2455.0,,2.1099116781158074,0.4906771344455462,0.010000000000000231,
510580,2019-03-01,2.047,2.04,2.047,2.023,1619.0,,1.171875000000001,-0.39062500000000033,-0.008000000000000007,
510580,2019-03-04,2.06,2.117,2.117,2.033,5627.0,,4.1176470588235325,3.7745098039215663,0.07699999999999996,
510580,2019-03-05,2.097,2.141,2.157,2.075,2578.0,,3.8734057628719816,1.1336797354747292,0.02400000000000002,
510580,2019-03-06,2.121,2.144,2.165,2.121,3425.0,,2.0551144325081756,0.14012143858010806,0.0030000000000001137,
510580,2019-03-07,2.144,2.212,2.218,2.129,3548.0,,4.151119402985072,3.171641791044779,0.06800000000000006,
510580,2019-03-08,2.193,2.126,2.195,2.119,5353.0,,3.435804701627469,-3.8878842676311165,-0.0860000000000003,
510580,2019-03-11,2.124,2.218,2.218,2.124,1834.0,,4.421448730009401,4.327375352775169,0.09200000000000008,
510580,2019-03-12,2.257,2.264,2.342,2.219,3499.0,,5.545536519386845,2.07394048692515,0.04599999999999982,
510580,2019-03-13,2.245,2.257,2.262,2.221,1438.0,,1.8109540636042372,-0.30918727915192906,-0.006999999999999673,
510580,2019-03-14,2.254,2.149,2.254,2.129,2820.0,,5.538325210456358,-4.785112981834297,-0.1080000000000001,
510580,2019-03-15,2.201,2.194,2.203,2.17,3869.0,,1.5355979525360595,2.0939972080037195,0.04499999999999993,
510580,2019-03-18,2.161,2.216,2.218,2.159,1558.0,,2.689152233363727,1.0027347310847878,0.02200000000000024,
510580,2019-03-19,2.2,2.217,2.229,2.199,4812.0,,1.3537906137184226,0.045126353790608746,0.0009999999999998899,
510580,2019-03-20,2.208,2.206,2.222,2.172,2040.0,,2.2552999548939927,-0.4961659900766856,-0.01100000000000012,
510580,2019-03-21,2.212,2.24,2.241,2.206,3163.0,,1.5865820489573954,1.5412511332729035,0.03400000000000025,
510580,2019-03-22,2.24,2.242,2.242,2.191,1406.0,,2.276785714285721,0.08928571428570445,0.0019999999999997797,
510580,2019-03-25,2.224,2.221,2.264,2.202,4050.0,,2.7653880463871467,-0.9366636931311287,-0.020999999999999908,
510580,2019-03-26,2.222,2.173,2.222,2.161,4569.0,,2.746510580819448,-2.1611886537595697,-0.04800000000000004,
510580,2019-03-27,2.146,2.175,2.19,2.146,1119.0,,2.024850437183619,0.09203865623560882,0.0019999999999997797,
510580,2019-03-28,2.162,2.176,2.194,2.157,690.0,,1.701149425287353,0.04597701149426823,0.001000000000000334,
510580,2019-03-29,2.158,2.234,2.238,2.154,3590.0,,3.8602941176470615,2.6654411764705803,0.05799999999999983,
510580,2019-04-01,2.263,2.31,2.311,2.211,5153.0,,4.4762757385855005,3.401969561324981,0.07600000000000007,
510580,2019-04-02,2.299,2.351,2.371,2.299,4329.0,,3.1168831168831197,1.7748917748917716,0.040999999999999925,
510580,2019-04-03,2.395,2.494,2.5,2.351,2128.0,,6.337728626116547,6.0825180774138765,0.14300000000000024,
510580,2019-04-04,2.494,2.453,2.688,2.375,12996.0,,12.550120288692867,-1.6439454691259168,-0.04100000000000037,
510580,2019-04-08,2.504,2.404,2.504,2.339,8322.0,,6.726457399103141,-1.9975540154912326,-0.04899999999999993,
510580,2019-04-09,2.403,2.378,2.403,2.346,1796.0,,2.371048252911811,-1.0815307820299418,-0.0259999999999998,
510580,2019-04-10,2.359,2.373,2.378,2.338,3184.0,,1.6820857863751066,-0.21026072329688364,-0.004999999999999893,
510580,2019-04-11,2.352,2.329,2.393,2.322,2551.0,,2.9919932574799715,-1.8541930046354838,-0.04400000000000004,
510580,2019-04-12,2.371,2.304,2.371,2.29,1557.0,,3.477887505367108,-1.0734220695577652,-0.025000000000000355,
510580,2019-04-15,2.308,2.306,2.356,2.296,4345.0,,2.604166666666669,0.08680555555556528,0.002000000000000224,
510580,2019-04-16,2.274,2.309,2.31,2.25,3220.0,,2.6019080659150062,0.13009540329575514,0.0030000000000001137,
510580,2019-04-17,2.314,2.326,2.331,2.304,3614.0,,1.1693373754872296,0.7362494586400997,0.016999999999999904,
510580,2019-04-18,2.33,2.31,2.33,2.305,1055.0,,1.074806534823728,-0.6878761822871889,-0.016000000000000014,
510580,2019-04-19,2.311,2.321,2.321,2.288,1716.0,,1.4285714285714441,0.47619047619048144,0.01100000000000012,
510580,2019-04-22,2.321,2.299,2.333,2.279,1982.0,,2.3265833692374094,-0.9478672985782094,-0.02200000000000024,
510580,2019-04-23,2.307,2.278,2.307,2.218,3470.0,,3.8712483688560226,-0.9134406263592826,-0.020999999999999908,
510580,2019-04-24,2.278,2.28,2.281,2.24,3652.0,,1.7998244073748868,0.08779631255486302,0.0019999999999997797,
510580,2019-04-25,2.268,2.206,2.273,2.198,3194.0,,3.2894736842105345,-3.245614035087713,-0.07399999999999984,
510580,2019-04-26,2.206,2.202,2.218,2.18,2666.0,,1.722574796010871,-0.18132366273798747,-0.0040000000000000036,
510580,2019-04-29,2.206,2.164,2.222,2.153,8721.0,,3.1335149863760194,-1.7257039055404093,-0.03799999999999981,
510580,2019-04-30,2.165,2.167,2.218,2.137,6429.0,,3.7430683918669114,0.13863216266172226,0.0029999999999996696,
510580,2019-05-06,2.165,2.016,2.165,1.996,11340.0,,7.798800184586989,-6.968158744808482,-0.1509999999999998,
510580,2019-05-07,2.052,2.005,2.089,1.977,11248.0,,5.55555555555555,-0.5456349206349266,-0.01100000000000012,
510580,2019-05-08,1.996,2.004,2.036,1.971,4724.0,,3.2418952618453836,-0.04987531172069277,-0.0009999999999998899,
510580,2019-05-09,2.0,1.984,2.014,1.983,4318.0,,1.5469061876247352,-0.9980039920159689,-0.020000000000000018,
510580,2019-05-10,2.174,2.044,2.174,1.984,5569.0,,9.576612903225804,3.0241935483870996,0.06000000000000005,
510580,2019-05-13,2.036,2.016,2.036,2.014,2767.0,,1.0763209393346498,-1.3698630136986312,-0.028000000000000025,
510580,2019-05-14,2.014,2.002,2.027,1.996,34368.0,,1.5376984126984194,-0.6944444444444561,-0.014000000000000234,
510580,2019-05-15,2.015,2.043,2.049,2.015,16317.0,,1.698301698301689,2.0479520479520668,0.04100000000000037,
510580,2019-05-16,2.043,2.059,2.065,2.038,15554.0,,1.321585903083707,0.7831620166421934,0.016000000000000014,
510580,2019-05-17,2.065,2.015,2.065,1.996,16741.0,,3.3511413307430766,-2.1369596891695015,-0.04400000000000004,
510580,2019-05-20,2.011,1.986,2.012,1.957,39543.0,,2.7295285359801453,-1.4392059553349943,-0.029000000000000137,
510580,2019-05-21,1.992,2.022,2.033,1.981,37219.0,,2.618328298086597,1.8126888217522563,0.03599999999999981,
510580,2019-05-22,2.022,2.011,2.024,1.997,55844.0,,1.3353115727002924,-0.5440158259149197,-0.010999999999999677,
510580,2019-05-23,2.011,1.97,2.013,1.964,78207.0,,2.4365987071108868,-2.0387866732968747,-0.04100000000000015,
510580,2019-05-24,1.974,1.959,1.979,1.955,66573.0,,1.218274111675128,-0.5583756345177614,-0.010999999999999899,
510580,2019-05-27,1.967,2.006,2.012,1.953,79745.0,,3.0117406840224574,2.39918325676364,0.04699999999999971,
510580,2019-05-28,2.013,2.005,2.021,1.996,50728.0,,1.2462612163509428,-0.049850448654032396,-0.0009999999999998899,
510580,2019-05-29,2.006,2.0,2.02,1.994,85231.0,,1.2967581047381558,-0.24937655860348598,-0.004999999999999893,
510580,2019-05-30,2.001,1.994,2.001,1.969,62357.0,,1.5999999999999903,-0.30000000000000027,-0.006000000000000005,
510580,2019-05-31,1.996,1.99,2.012,1.981,67456.0,,1.5546639919759238,-0.20060180541624892,-0.0040000000000000036,
510580,2019-06-03,1.991,1.968,2.001,1.954,83339.0,,2.3618090452261273,-1.1055276381909558,-0.02200000000000002,
510580,2019-06-04,1.968,1.947,1.968,1.934,53570.0,,1.7276422764227657,-1.0670731707317027,-0.020999999999999908,
510580,2019-06-05,1.985,1.936,1.985,1.936,37652.0,,2.51669234720083,-0.5649717514124355,-0.01100000000000012,
510580,2019-06-06,1.936,1.894,1.944,1.893,138898.0,,2.634297520661154,-2.1694214876033078,-0.04200000000000004,
510580,2019-06-10,1.915,1.915,1.928,1.891,96379.0,,1.9535374868004183,1.108764519535382,0.02100000000000013,
510580,2019-06-11,1.919,1.988,1.99,1.915,96269.0,,3.9164490861618773,3.812010443864227,0.07299999999999995,
510580,2019-06-12,1.988,1.969,1.994,1.966,78057.0,,1.4084507042253533,-0.9557344064386272,-0.018999999999999906,
510580,2019-06-13,1.969,1.98,1.984,1.959,72342.0,,1.2696800406297568,0.5586592178770898,0.010999999999999899,
510580,2019-06-14,1.983,1.949,1.985,1.942,69293.0,,2.1717171717171793,-1.5656565656565615,-0.030999999999999917,
510580,2019-06-17,1.945,1.944,1.955,1.937,67696.0,,0.923550538737815,-0.25654181631606543,-0.0050000000000001155,
510580,2019-06-18,1.948,1.942,1.956,1.932,78706.0,,1.234567901234569,-0.10288065843621409,-0.0020000000000000018,
510580,2019-06-19,1.976,1.965,2.003,1.961,49265.0,,2.1627188465499505,1.1843460350154549,0.02300000000000013,
510580,2019-06-20,1.965,2.004,2.017,1.961,91958.0,,2.849872773536887,1.984732824427477,0.038999999999999924,
510580,2019-06-21,2.089,2.031,2.089,2.005,119645.0,,4.19161676646707,1.3473053892215636,0.027000000000000135,
510580,2019-06-24,2.027,2.031,2.035,2.018,75499.0,,0.8370260955194657,0.0,0.0,
510580,2019-06-25,2.019,2.012,2.03,1.986,81944.0,,2.1664204825209166,-0.9354997538158605,-0.019000000000000128,
510580,2019-06-26,2.012,2.012,2.024,1.988,57671.0,,1.7892644135188884,0.0,0.0,
510580,2019-06-27,2.016,2.028,2.041,2.016,83640.0,,1.2425447316103335,0.7952286282306171,0.016000000000000014,
510580,2019-06-28,2.028,2.008,2.028,1.996,48603.0,,1.577909270216964,-0.9861932938856024,-0.020000000000000018,
510580,2019-07-01,2.037,2.065,2.07,2.032,79371.0,,1.892430278884453,2.8386454183266903,0.05699999999999994,
510580,2019-07-02,2.064,2.061,2.066,2.053,46096.0,,0.6295399515738451,-0.19370460048426166,-0.0040000000000000036,
510580,2019-07-03,2.061,2.047,2.061,2.038,65134.0,,1.1159631246967556,-0.6792819019893154,-0.01399999999999979,
510580,2019-07-04,2.048,2.04,2.059,2.028,58979.0,,1.51441133365902,-0.3419638495359119,-0.007000000000000117,
510580,2019-07-05,2.04,2.049,2.053,2.032,48409.0,,1.0294117647058778,0.4411764705882303,0.008999999999999897,
510580,2019-07-08,2.047,1.982,2.047,1.972,79486.0,,3.6603221083455435,-3.269887750122008,-0.06699999999999995,
510580,2019-07-09,1.982,1.979,1.985,1.968,55614.0,,0.8577194752775038,-0.1513622603430823,-0.0029999999999998916,
510580,2019-07-10,1.996,1.968,1.996,1.964,50943.0,,1.6169782718544734,-0.5558362809499808,-0.01100000000000012,
510580,2019-07-11,1.972,1.968,1.994,1.957,77430.0,,1.8800813008130042,0.0,0.0,
510580,2019-07-12,1.97,1.977,1.98,1.959,59595.0,,1.0670731707317027,0.4573170731707378,0.009000000000000119,
510580,2019-07-15,1.974,2.0,2.012,1.944,128615.0,,3.4395548811330325,1.1633788568538144,0.02299999999999991,
510580,2019-07-16,2.0,2.004,2.008,1.996,33719.0,,0.6000000000000005,0.20000000000000018,0.0040000000000000036,
510580,2019-07-17,2.008,2.003,2.015,1.995,57852.0,,0.9980039920159689,-0.0499001996007929,-0.0009999999999998899,
510580,2019-07-18,2.0,1.973,2.0,1.971,69703.0,,1.4478282576135753,-1.4977533699450838,-0.030000000000000027,
510580,2019-07-19,1.977,1.985,2.006,1.977,92803.0,,1.4698428788646574,0.6082108464267617,0.01200000000000001,
510580,2019-07-22,1.985,1.948,1.989,1.939,103618.0,,2.5188916876574328,-1.8639798488665058,-0.037000000000000144,
510580,2019-07-23,1.951,1.962,1.965,1.948,67128.0,,0.8726899383983638,0.7186858316221773,0.014000000000000012,
510580,2019-07-24,1.966,1.98,1.995,1.966,68248.0,,1.4780835881753382,0.9174311926605512,0.018000000000000016,
510580,2019-07-25,1.98,1.989,1.993,1.975,56805.0,,0.90909090909091,0.4545454545454606,0.009000000000000119,
510580,2019-07-26,1.985,1.994,1.996,1.979,74315.0,,0.8547008547008498,0.25138260432377546,0.004999999999999893,
510580,2019-07-29,1.994,1.991,2.0,1.981,79884.0,,0.9528585757271769,-0.15045135406218113,-0.0029999999999998916,
510580,2019-07-30,1.995,2.005,2.022,1.991,101397.0,,1.5570065293822046,0.7031642390758307,0.01399999999999979,
510580,2019-07-31,2.016,2.001,2.016,1.994,82866.0,,1.0972568578553628,-0.19950124688279322,-0.0040000000000000036,
510580,2019-08-01,2.001,1.986,2.001,1.976,64080.0,,1.2493753123438236,-0.749625187406292,-0.014999999999999902,
510580,2019-08-02,1.964,1.959,1.964,1.94,94604.0,,1.2084592145015116,-1.359516616314195,-0.026999999999999913,
510580,2019-08-05,1.958,1.939,1.968,1.937,77689.0,,1.5824400204185765,-1.0209290454313433,-0.020000000000000018,
510580,2019-08-06,1.915,1.897,1.915,1.859,152511.0,,2.8880866425992804,-2.1660649819494604,-0.04200000000000004,
510580,2019-08-07,1.899,1.884,1.905,1.882,79791.0,,1.2124406958355367,-0.6852925672113929,-0.013000000000000123,
510580,2019-08-08,1.888,1.894,1.9,1.888,30028.0,,0.6369426751592363,0.5307855626326968,0.010000000000000009,
510580,2019-08-09,1.898,1.875,1.907,1.872,86678.0,,1.8479408658922873,-1.003167898627239,-0.018999999999999906,
510580,2019-08-12,1.879,1.91,1.911,1.872,105502.0,,2.079999999999996,1.8666666666666623,0.03499999999999992,
510580,2019-08-13,1.895,1.901,1.914,1.889,62310.0,,1.308900523560205,-0.47120418848167,-0.008999999999999897,
510580,2019-08-14,1.914,1.911,1.931,1.909,60751.0,,1.1572856391372972,0.5260389268805896,0.010000000000000009,
510580,2019-08-15,1.886,1.919,1.923,1.877,95527.0,,2.4071166928309804,0.4186289900575619,0.008000000000000007,
510580,2019-08-16,1.917,1.923,1.938,1.915,90954.0,,1.1985409067222463,0.20844189682126127,0.0040000000000000036,
510580,2019-08-19,1.929,1.991,1.991,1.929,101007.0,,3.224128965158609,3.5361414456578295,0.06800000000000006,
510580,2019-08-20,1.991,1.985,2.007,1.983,61106.0,,1.2054244098443003,-0.3013561024610751,-0.006000000000000005,
510580,2019-08-21,1.985,1.989,1.995,1.98,69687.0,,0.7556675062972354,0.20151133501259463,0.0040000000000000036,
510580,2019-08-22,1.989,1.992,1.994,1.977,76766.0,,0.8547008547008498,0.15082956259426303,0.0029999999999998916,
510580,2019-08-23,1.989,1.994,2.001,1.98,79856.0,,1.0542168674698749,0.10040160642570291,0.0020000000000000018,
510580,2019-08-26,1.978,1.981,1.985,1.96,78162.0,,1.2537612838515613,-0.6519558676028034,-0.0129999999999999,
510580,2019-08-27,1.986,2.01,2.032,1.986,120257.0,,2.322059565875822,1.4639071176173495,0.028999999999999693,
510580,2019-08-28,2.01,2.009,2.017,2.004,57061.0,,0.6467661691542239,-0.04975124378108905,-0.0009999999999998899,
510580,2019-08-29,2.013,2.013,2.022,2.003,58265.0,,0.9457441513190485,0.19910403185664527,0.0040000000000000036,
510580,2019-08-30,2.017,2.003,2.034,1.988,93042.0,,2.2851465474416206,-0.49677098857425667,-0.009999999999999787,
510580,2019-09-02,2.005,2.041,2.053,1.999,90564.0,,2.6959560659011395,1.8971542685970948,0.03799999999999981,
510580,2019-09-03,2.041,2.057,2.058,2.041,81509.0,,0.8329250367466882,0.7839294463498292,0.016000000000000014,
510580,2019-09-04,2.057,2.087,2.089,2.051,105404.0,,1.8473505104521055,1.4584346135148396,0.03000000000000025,
510580,2019-09-05,2.09,2.099,2.128,2.09,170202.0,,1.8207954000958433,0.5749880210828946,0.01200000000000001,
510580,2019-09-06,2.101,2.107,2.112,2.091,99869.0,,1.0004764173415868,0.3811338732729874,0.008000000000000007,
510580,2019-09-09,2.111,2.147,2.147,2.109,120413.0,,1.8035121025154157,1.8984337921214802,0.03999999999999959,
510580,2019-09-10,2.151,2.144,2.157,2.126,80155.0,,1.4438751746623262,-0.13972985561246717,-0.0029999999999996696,
510580,2019-09-11,2.148,2.135,2.157,2.125,113432.0,,1.492537313432837,-0.41977611940300097,-0.009000000000000341,
510580,2019-09-12,2.139,2.14,2.149,2.124,63310.0,,1.170960187353626,0.23419203747074183,0.0050000000000003375,
510580,2019-09-16,2.14,2.143,2.157,2.135,114125.0,,1.0280373831775813,0.14018691588783502,0.0029999999999996696,
510580,2019-09-17,2.144,2.097,2.144,2.093,87246.0,,2.379841343910414,-2.1465235650956522,-0.04599999999999982,
510580,2019-09-18,2.099,2.097,2.107,2.096,79069.0,,0.5245588936576119,0.0,0.0,
510580,2019-09-19,2.1,2.119,2.119,2.093,78030.0,,1.2398664759179898,1.0491177873152238,0.02200000000000024,
510580,2019-09-20,2.12,2.121,2.129,2.115,96371.0,,0.6606890042472765,0.09438414346388765,0.0019999999999997797,
510580,2019-09-23,2.122,2.115,2.122,2.094,108863.0,,1.3201320132013215,-0.28288543140027267,-0.005999999999999783,
510580,2019-09-24,2.115,2.114,2.141,2.109,132842.0,,1.513002364066195,-0.04728132387708434,-0.001000000000000334,
510580,2019-09-25,2.113,2.076,2.113,2.075,128416.0,,1.797540208136226,-1.797540208136226,-0.03799999999999981,
510580,2019-09-26,2.08,2.033,2.086,2.033,110236.0,,2.5529865125240816,-2.071290944123321,-0.04300000000000015,
510580,2019-09-27,2.036,2.045,2.057,2.036,42183.0,,1.0329562223315252,0.5902606984751604,0.01200000000000001,
510580,2019-09-30,2.046,2.014,2.052,2.012,105129.0,,1.9559902200489014,-1.515892420537904,-0.03100000000000014,
510580,2019-10-08,2.018,2.02,2.044,2.018,57897.0,,1.290963257199615,0.29791459781530427,0.006000000000000227,
510580,2019-10-09,2.017,2.038,2.04,2.008,78635.0,,1.5841584158415856,0.891089108910881,0.017999999999999794,
510580,2019-10-10,2.037,2.063,2.067,2.034,80675.0,,1.619234543670283,1.2266928361138545,0.025000000000000355,
510580,2019-10-11,2.065,2.072,2.078,2.05,85165.0,,1.3572467280659246,0.43625787687832746,0.008999999999999897,
510580,2019-10-14,2.079,2.094,2.109,2.079,100739.0,,1.4478764478764383,1.061776061776052,0.021999999999999797,
510580,2019-10-15,2.095,2.072,2.095,2.069,65142.0,,1.2416427889207378,-1.0506208213944508,-0.021999999999999797,
510580,2019-10-16,2.071,2.06,2.082,2.06,89677.0,,1.061776061776052,-0.5791505791505797,-0.01200000000000001,
510580,2019-10-17,2.063,2.057,2.066,2.052,78153.0,,0.6796116504854267,-0.14563106796117056,-0.0030000000000001137,
510580,2019-10-18,2.057,2.032,2.071,2.028,102055.0,,2.0904229460379264,-1.2153621779290187,-0.02499999999999991,
510580,2019-10-21,2.032,2.025,2.032,2.008,68911.0,,1.1811023622047254,-0.3444881889763837,-0.007000000000000117,
510580,2019-10-22,2.028,2.047,2.054,2.028,76806.0,,1.2839506172839408,1.0864197530864317,0.02200000000000024,
510580,2019-10-23,2.049,2.033,2.051,2.026,73997.0,,1.2212994626282538,-0.6839276990718238,-0.014000000000000234,
510580,2019-10-24,2.036,2.03,2.036,2.015,106776.0,,1.0329562223315252,-0.14756517461879556,-0.0030000000000001137,
510580,2019-10-25,2.032,2.05,2.051,2.013,103152.0,,1.8719211822660227,0.9852216748768483,0.020000000000000018,
510580,2019-10-28,2.057,2.078,2.079,2.057,75191.0,,1.073170731707329,1.3658536585365868,0.028000000000000025,
510580,2019-10-29,2.079,2.052,2.082,2.052,41930.0,,1.443695861405188,-1.2512030798844949,-0.0259999999999998,
510580,2019-10-30,2.041,2.024,2.047,2.023,123990.0,,1.1695906432748548,-1.3645224171539971,-0.028000000000000025,
510580,2019-10-31,2.024,2.013,2.035,2.01,44750.0,,1.2351778656126657,-0.5434782608695712,-0.01100000000000012,
510580,2019-11-01,2.016,2.033,2.036,2.005,72093.0,,1.5399900645802356,0.9935419771485354,0.020000000000000018,
510580,2019-11-04,2.036,2.04,2.053,2.036,108603.0,,0.8362026561731385,0.3443187407771824,0.007000000000000117,
510580,2019-11-05,2.044,2.057,2.066,2.035,103780.0,,1.51960784313724,0.8333333333333286,0.016999999999999904,
510580,2019-11-06,2.057,2.04,2.059,2.03,94159.0,,1.409820126397684,-0.8264462809917309,-0.016999999999999904,
510580,2019-11-07,2.04,2.055,2.059,2.036,98287.0,,1.1274509803921633,0.7352941176470649,0.015000000000000124,
510580,2019-11-08,2.073,2.046,2.073,2.045,72256.0,,1.3625304136253051,-0.43795620437957866,-0.009000000000000341,
510580,2019-11-11,2.046,2.0,2.046,1.996,75885.0,,2.443792766373403,-2.24828934506353,-0.04599999999999982,
510580,2019-11-12,2.0,2.001,2.006,1.979,67198.0,,1.3499999999999845,0.04999999999999449,0.0009999999999998899,
510580,2019-11-13,2.001,1.999,2.003,1.991,77254.0,,0.5997001499250381,-0.09995002498749525,-0.0019999999999997797,
510580,2019-11-14,1.996,2.011,2.018,1.996,104380.0,,1.1005502751375584,0.600300150075038,0.01200000000000001,
510580,2019-11-15,2.016,2.003,2.024,2.0,131095.0,,1.1934361014420696,-0.3978120338140232,-0.008000000000000007,
510580,2019-11-18,2.003,2.009,2.014,1.994,110986.0,,0.9985022466300446,0.29955067398900564,0.005999999999999783,
510580,2019-11-19,2.009,2.047,2.047,2.009,66868.0,,1.891488302638141,1.891488302638141,0.038000000000000256,
510580,2019-11-20,2.047,2.031,2.051,2.031,64495.0,,0.97703957010259,-0.781631656082072,-0.016000000000000014,
510580,2019-11-21,2.028,2.034,2.043,2.02,83646.0,,1.132447070408672,0.14771048744459228,0.0029999999999996696,
510580,2019-11-22,2.043,2.012,2.065,2.004,126313.0,,2.9990167158308725,-1.0816125860373549,-0.021999999999999797,
510580,2019-11-25,2.013,2.014,2.02,1.997,69223.0,,1.1431411530815065,0.0994035785288161,0.0019999999999997797,
510580,2019-11-26,2.024,2.009,2.026,2.005,88147.0,,1.042701092353521,-0.24826216484607216,-0.004999999999999893,
510580,2019-11-27,2.011,2.017,2.03,2.002,87378.0,,1.393728222996517,0.39820806371329054,0.008000000000000007,
510580,2019-11-28,2.015,2.013,2.023,2.007,45835.0,,0.7932573128408535,-0.1983143282102134,-0.0040000000000000036,
510580,2019-11-29,2.012,2.014,2.02,1.992,81404.0,,1.3909587680079498,0.04967709885742126,0.0009999999999998899,
510580,2019-12-02,2.016,2.02,2.029,2.01,67399.0,,0.9433962264151007,0.29791459781530427,0.006000000000000227,
510580,2019-12-03,2.016,2.027,2.027,2.001,65735.0,,1.2871287128712992,0.34653465346535234,0.007000000000000117,
510580,2019-12-04,2.026,2.024,2.03,2.015,73905.0,,0.7400098667982082,-0.1480019733596504,-0.0030000000000001137,
510580,2019-12-05,2.029,2.041,2.049,2.024,65775.0,,1.235177865612644,0.8399209486165962,0.016999999999999904,
510580,2019-12-06,2.041,2.062,2.063,2.038,50345.0,,1.2248897599216244,1.0289073983341455,0.020999999999999908,
510580,2019-12-09,2.067,2.067,2.076,2.058,64298.0,,0.8729388942774122,0.2424830261881832,0.0050000000000003375,
510580,2019-12-10,2.067,2.075,2.081,2.056,64441.0,,1.2094823415578089,0.38703434929850056,0.008000000000000007,
510580,2019-12-11,2.076,2.068,2.076,2.063,87225.0,,0.6265060240963807,-0.3373493975903671,-0.007000000000000117,
510580,2019-12-12,2.068,2.065,2.074,2.062,64066.0,,0.580270793036751,-0.1450676982591931,-0.0030000000000001137,
510580,2019-12-13,2.077,2.089,2.094,2.071,117085.0,,1.1138014527844886,1.16222760290557,0.02400000000000002,
510580,2019-12-16,2.089,2.124,2.126,2.088,105089.0,,1.8190521780756252,1.6754427955959859,0.03500000000000014,
510580,2019-12-17,2.133,2.154,2.165,2.123,150117.0,,1.977401129943494,1.4124293785310642,0.029999999999999805,
510580,2019-12-18,2.153,2.149,2.165,2.147,121043.0,,0.8356545961002897,-0.2321262766945169,-0.004999999999999893,
510580,2019-12-19,2.151,2.154,2.157,2.145,84121.0,,0.5583992554676598,0.2326663564448531,0.004999999999999893,
510580,2019-12-20,2.154,2.135,2.161,2.132,88486.0,,1.3463324048282226,-0.882079851439189,-0.019000000000000128,
510580,2019-12-23,2.136,2.089,2.136,2.087,128218.0,,2.295081967213112,-2.154566744730671,-0.04599999999999982,
510580,2019-12-24,2.091,2.122,2.123,2.091,111233.0,,1.531833413116325,1.579703207276205,0.03299999999999992,
510580,2019-12-25,2.121,2.132,2.135,2.116,74616.0,,0.8953817153628504,0.4712535344015189,0.010000000000000231,
510580,2019-12-26,2.132,2.145,2.145,2.126,97855.0,,0.8911819887429703,0.6097560975609709,0.0129999999999999,
510580,2019-12-27,2.149,2.129,2.161,2.129,97662.0,,1.4918414918414933,-0.7459207459207466,-0.016000000000000014,
510580,2019-12-30,2.129,2.157,2.161,2.109,82771.0,,2.442461249412872,1.3151714419915466,0.028000000000000025,
510580,2019-12-31,2.157,2.166,2.17,2.15,69619.0,,0.9272137227630977,0.4172461752433888,0.008999999999999897,
510580,2020-01-02,2.174,2.207,2.215,2.174,107696.0,,1.892890120036931,1.892890120036931,0.040999999999999925,
510580,2020-01-03,2.205,2.209,2.215,2.201,101855.0,,0.6343452650656907,0.09062075215225301,0.002000000000000224,
510580,2020-01-06,2.21,2.234,2.256,2.203,96775.0,,2.399275690357625,1.131733816206424,0.02499999999999991,
510580,2020-01-07,2.242,2.262,2.262,2.236,83546.0,,1.1638316920322203,1.2533572068039402,0.028000000000000025,
510580,2020-01-08,2.24,2.234,2.261,2.225,92778.0,,1.591511936339524,-1.237842617152963,-0.028000000000000025,
510580,2020-01-09,2.242,2.263,2.264,2.242,75697.0,,0.9847806624888003,1.2981199641897903,0.028999999999999915,
510580,2020-01-10,2.265,2.251,2.272,2.242,85017.0,,1.3256738842244722,-0.5302695536897928,-0.01200000000000001,
510580,2020-01-13,2.253,2.294,2.294,2.24,89735.0,,2.398933807196794,1.910262105730793,0.04300000000000015,
510580,2020-01-14,2.292,2.28,2.303,2.279,65691.0,,1.046207497820402,-0.6102877070619108,-0.014000000000000234,
510580,2020-01-15,2.28,2.274,2.282,2.261,56786.0,,0.9210526315789435,-0.2631578947368326,-0.005999999999999783,
510580,2020-01-16,2.282,2.277,2.286,2.271,68984.0,,0.6596306068601638,0.13192612137203666,0.0030000000000001137,
510580,2020-01-17,2.278,2.268,2.29,2.263,85106.0,,1.185770750988148,-0.3952569169960624,-0.009000000000000341,
510580,2020-01-20,2.268,2.305,2.307,2.268,67169.0,,1.719576719576726,1.631393298059981,0.037000000000000366,
510580,2020-01-21,2.305,2.283,2.305,2.273,105421.0,,1.3882863340564002,-0.9544468546637849,-0.02200000000000024,
510580,2020-01-22,2.283,2.303,2.315,2.245,89594.0,,3.0661410424879474,0.8760402978537021,0.020000000000000018,
510580,2020-01-23,2.301,2.236,2.301,2.202,104055.0,,4.298740772904916,-2.909248805905329,-0.06699999999999973,
510580,2020-02-03,2.013,2.02,2.075,2.013,36284.0,,2.7728085867620873,-9.660107334525946,-0.2160000000000002,
510580,2020-02-04,2.016,2.068,2.074,2.003,86355.0,,3.514851485148501,2.3762376237623783,0.04800000000000004,
510580,2020-02-05,2.078,2.12,2.137,2.068,58348.0,,3.336557059961313,2.5145067698259207,0.052000000000000046,
510580,2020-02-06,2.123,2.182,2.195,2.105,42634.0,,4.245283018867918,2.9245283018867845,0.06199999999999983,
510580,2020-02-07,2.186,2.202,2.202,2.168,58220.0,,1.558203483043071,0.9165902841429889,0.020000000000000018,
510580,2020-02-10,2.218,2.222,2.226,2.188,61253.0,,1.7257039055404093,0.9082652134423259,0.020000000000000018,
510580,2020-02-11,2.218,2.213,2.233,2.204,60473.0,,1.3051305130513013,-0.4050405040504004,-0.008999999999999897,
510580,2020-02-12,2.213,2.262,2.262,2.207,43975.0,,2.4853140533212903,2.214188883868049,0.04899999999999993,
510580,2020-02-13,2.262,2.247,2.269,2.238,57421.0,,1.3704686118479283,-0.6631299734748065,-0.015000000000000124,
510580,2020-02-14,2.243,2.243,2.269,2.228,50528.0,,1.8246550956831298,-0.17801513128615948,-0.0040000000000000036,
510580,2020-02-17,2.278,2.318,2.319,2.258,103461.0,,2.7195720017833236,3.3437360677663923,0.07500000000000018,
510580,2020-02-18,2.318,2.339,2.343,2.307,105653.0,,1.5530629853321842,0.905953408110436,0.020999999999999908,
510580,2020-02-19,2.335,2.329,2.353,2.326,83680.0,,1.1543394613082572,-0.42753313381786184,-0.009999999999999787,
510580,2020-02-20,2.335,2.365,2.373,2.316,88556.0,,2.4474023185916867,1.5457277801631615,0.03600000000000003,
510580,2020-02-21,2.367,2.407,2.419,2.365,109000.0,,2.2832980972515777,1.7758985200845585,0.041999999999999815,
510580,2020-02-24,2.419,2.436,2.444,2.386,90137.0,,2.40963855421686,1.20481927710843,0.028999999999999915,
510580,2020-02-25,2.414,2.449,2.456,2.348,119883.0,,4.433497536945817,0.5336617405582883,0.0129999999999999,
510580,2020-02-26,2.444,2.386,2.444,2.376,113436.0,,2.7766435279706028,-2.5724785626786333,-0.06299999999999972,
510580,2020-02-27,2.38,2.389,2.418,2.369,80808.0,,2.0536462699077926,0.1257334450963818,0.0029999999999996696,
510580,2020-02-28,2.379,2.281,2.379,2.267,77706.0,,4.688154039347012,-4.520719966513171,-0.10799999999999965,
510580,2020-03-02,2.318,2.35,2.369,2.294,41901.0,,3.2880315651030325,3.0249890398947805,0.06899999999999995,
510580,2020-03-03,2.375,2.372,2.428,2.352,50360.0,,3.2340425531914923,0.9361702127659488,0.021999999999999797,
510580,2020-03-04,2.373,2.375,2.377,2.336,34457.0,,1.7284991568296766,0.12647554806071307,0.0030000000000001137,
510580,2020-03-05,2.38,2.407,2.418,2.38,29671.0,,1.6000000000000107,1.3473684210526327,0.03200000000000003,
510580,2020-03-06,2.397,2.397,2.411,2.38,24362.0,,1.2879102617366074,-0.4154549231408488,-0.010000000000000231,
510580,2020-03-09,2.397,2.311,2.397,2.308,33574.0,,3.712974551522736,-3.587818105965785,-0.08599999999999985,
510580,2020-03-10,2.311,2.358,2.36,2.266,97449.0,,4.067503245348328,2.0337516226741736,0.04700000000000015,
510580,2020-03-11,2.358,2.328,2.373,2.328,69957.0,,1.908396946564901,-1.2722646310432675,-0.03000000000000025,
510580,2020-03-12,2.305,2.291,2.313,2.274,53381.0,,1.6752577319587694,-1.5893470790377975,-0.03699999999999992,
510580,2020-03-13,2.255,2.283,2.298,2.18,93640.0,,5.150589262330855,-0.3491924923614146,-0.008000000000000007,
510580,2020-03-16,2.3,2.17,2.306,2.163,105155.0,,6.263688129653974,-4.9496276828734125,-0.11299999999999999,
510580,2020-03-17,2.17,2.17,2.218,2.112,187197.0,,4.884792626728105,0.0,0.0,
510580,2020-03-18,2.172,2.14,2.218,2.134,85563.0,,3.8709677419354875,-1.382488479262664,-0.029999999999999805,
510580,2020-03-19,2.14,2.149,2.174,2.092,66362.0,,3.831775700934572,0.42056074766354656,0.008999999999999897,
510580,2020-03-20,2.161,2.177,2.179,2.139,51694.0,,1.861330851558866,1.3029315960912062,0.028000000000000025,
510580,2020-03-23,2.161,2.091,2.163,2.079,150615.0,,3.858520900321526,-3.9503904455672876,-0.08599999999999985,
510580,2020-03-24,2.124,2.118,2.135,2.07,89012.0,,3.1085604973696768,1.2912482065996982,0.02699999999999969,
510580,2020-03-25,2.138,2.168,2.181,2.138,73842.0,,2.030217186024559,2.3607176581680958,0.050000000000000266,
510580,2020-03-26,2.167,2.149,2.176,2.149,60968.0,,1.2453874538745449,-0.8763837638376442,-0.019000000000000128,
510580,2020-03-27,2.167,2.139,2.178,2.138,39760.0,,1.861330851558866,-0.46533271288972694,-0.010000000000000231,
510580,2020-03-30,2.118,2.098,2.12,2.075,37297.0,,2.1037868162692814,-1.9167835437120115,-0.040999999999999925,
510580,2020-03-31,2.103,2.103,2.124,2.097,43467.0,,1.2869399428026758,0.23832221163014003,0.0050000000000003375,
510580,2020-04-01,2.101,2.093,2.132,2.09,46370.0,,1.9971469329529363,-0.475511174512612,-0.010000000000000231,
510580,2020-04-02,2.093,2.152,2.153,2.089,31535.0,,3.05781175346393,2.818920210224566,0.05900000000000016,
510580,2020-04-03,2.152,2.131,2.152,2.118,25087.0,,1.5799256505576325,-0.9758364312267821,-0.02100000000000035,
510580,2020-04-07,2.153,2.193,2.2,2.153,52114.0,,2.205537306428914,2.909432191459422,0.06200000000000028,
510580,2020-04-08,2.19,2.199,2.208,2.182,44136.0,,1.185590515275889,0.2735978112175004,0.005999999999999783,
510580,2020-04-09,2.213,2.214,2.226,2.205,46227.0,,0.9549795361527925,0.6821282401091462,0.015000000000000124,
510580,2020-04-10,2.2,2.182,2.214,2.168,64913.0,,2.077687443541094,-1.4453477868112028,-0.03200000000000003,
510580,2020-04-13,2.177,2.158,2.177,2.151,42859.0,,1.1915673693858957,-1.0999083409715866,-0.02400000000000002,
510580,2020-04-14,2.158,2.203,2.208,2.158,28370.0,,2.316960148285462,2.085264133456901,0.04499999999999993,
510580,2020-04-15,2.205,2.199,2.218,2.198,30761.0,,0.9078529278256932,-0.18157058556513864,-0.0040000000000000036,
510580,2020-04-16,2.199,2.215,2.224,2.188,45388.0,,1.6371077762619388,0.7276034561164172,0.016000000000000014,
510580,2020-04-17,2.223,2.216,2.246,2.213,58092.0,,1.4898419864559782,0.04514672686231756,0.001000000000000334,
510580,2020-04-20,2.22,2.24,2.246,2.219,38378.0,,1.2184115523465764,1.08303249097473,0.02400000000000002,
510580,2020-04-21,2.238,2.227,2.245,2.209,18682.0,,1.6071428571428583,-0.5803571428571582,-0.013000000000000345,
510580,2020-04-22,2.221,2.252,2.252,2.211,27172.0,,1.8410417602155333,1.1225864391558111,0.02499999999999991,
510580,2020-04-23,2.254,2.241,2.254,2.236,35051.0,,0.7992895204262787,-0.4884547069271616,-0.010999999999999677,
510580,2020-04-24,2.241,2.211,2.243,2.202,28483.0,,1.829540383757248,-1.3386880856760486,-0.03000000000000025,
510580,2020-04-27,2.208,2.203,2.223,2.196,26677.0,,1.2211668928086699,-0.36182722749886964,-0.008000000000000007,
510580,2020-04-28,2.207,2.191,2.208,2.143,32851.0,,2.950522015433518,-0.5447117566954158,-0.01200000000000001,
510580,2020-04-29,2.191,2.193,2.206,2.183,27973.0,,1.049748973071663,0.0912825193975456,0.002000000000000224,
510580,2020-04-30,2.205,2.245,2.252,2.205,29933.0,,2.1431828545371503,2.3711810305517576,0.052000000000000046,
510580,2020-05-06,2.238,2.283,2.288,2.224,38060.0,,2.8507795100222544,1.6926503340757155,0.03799999999999981,
510580,2020-05-07,2.284,2.279,2.288,2.271,26989.0,,0.7446342531756419,-0.17520805957074043,-0.0040000000000000036,
510580,2020-05-08,2.293,2.305,2.315,2.289,32215.0,,1.1408512505484776,1.140851250548497,0.026000000000000245,
510580,2020-05-11,2.301,2.302,2.326,2.29,21478.0,,1.5618221258134504,-0.13015184381779235,-0.0030000000000001137,
510580,2020-05-12,2.299,2.304,2.308,2.283,19443.0,,1.0860121633362256,0.08688097306688879,0.0019999999999997797,
510580,2020-05-13,2.303,2.32,2.322,2.294,25903.0,,1.215277777777779,0.6944444444444451,0.016000000000000014,
510580,2020-05-14,2.307,2.305,2.317,2.299,29402.0,,0.7758620689655276,-0.6465517241379173,-0.01499999999999968,
510580,2020-05-15,2.305,2.305,2.322,2.303,29329.0,,0.8242950108459924,0.0,0.0,
510580,2020-05-18,2.304,2.298,2.318,2.288,25249.0,,1.3015184381778848,-0.30368763557484235,-0.007000000000000117,
510580,2020-05-19,2.301,2.322,2.324,2.301,14854.0,,1.0008703220191335,1.044386422976502,0.02400000000000002,
510580,2020-05-20,2.322,2.308,2.324,2.299,16919.0,,1.0766580534022356,-0.6029285099052641,-0.014000000000000234,
510580,2020-05-21,2.304,2.278,2.314,2.276,9224.0,,1.6464471403812935,-1.2998266897746884,-0.029999999999999805,
510580,2020-05-22,2.278,2.242,2.278,2.237,31557.0,,1.7998244073748868,-1.58033362598771,-0.03600000000000003,
510580,2020-05-25,2.262,2.236,2.262,2.228,35416.0,,1.5165031222123018,-0.2676181980374569,-0.005999999999999783,
510580,2020-05-26,2.234,2.274,2.278,2.234,21122.0,,1.9677996422182482,1.6994633273702955,0.03799999999999981,
510580,2020-05-27,2.274,2.261,2.274,2.255,34650.0,,0.8355321020228728,-0.5716798592787995,-0.0129999999999999,
510580,2020-05-28,2.261,2.253,2.267,2.231,22656.0,,1.5922158337019032,-0.3538257408226451,-0.008000000000000007,
510580,2020-05-29,2.251,2.277,2.279,2.243,19487.0,,1.59786950732357,1.0652463382157134,0.02400000000000002,
510580,2020-06-01,2.277,2.346,2.349,2.277,34818.0,,3.162055335968382,3.030303030303028,0.06899999999999995,
510580,2020-06-02,2.342,2.345,2.358,2.337,46188.0,,0.8951406649616328,-0.04262574595054944,-0.0009999999999998899,
510580,2020-06-03,2.345,2.343,2.364,2.342,37570.0,,0.9381663113006309,-0.08528784648188587,-0.002000000000000224,
510580,2020-06-04,2.345,2.343,2.351,2.332,15225.0,,0.8109261630388446,0.0,0.0,
510580,2020-06-05,2.339,2.355,2.355,2.336,18368.0,,0.8109261630388446,0.5121638924455831,0.01200000000000001,
510580,2020-06-08,2.355,2.351,2.378,2.343,22555.0,,1.486199575371556,-0.169851380042463,-0.0040000000000000036,
510580,2020-06-09,2.351,2.363,2.369,2.344,34390.0,,1.0633772862611806,0.5104210974053599,0.01200000000000001,
510580,2020-06-10,2.364,2.366,2.369,2.354,32241.0,,0.6347862886161711,0.126957257723238,0.0030000000000001137,
510580,2020-06-11,2.361,2.36,2.398,2.346,25168.0,,2.1978021978021998,-0.25359256128487856,-0.006000000000000227,
510580,2020-06-12,2.351,2.367,2.377,2.327,44830.0,,2.1186440677966027,0.2966101694915304,0.007000000000000117,
510580,2020-06-15,2.36,2.36,2.391,2.359,41514.0,,1.3519222644697941,-0.29573299535277214,-0.007000000000000117,
510580,2020-06-16,2.359,2.403,2.404,2.359,34575.0,,1.906779661016946,1.822033898305091,0.04300000000000015,
510580,2020-06-17,2.417,2.422,2.422,2.402,24677.0,,0.8322929671244286,0.7906783187682117,0.019000000000000128,
510580,2020-06-18,2.422,2.424,2.427,2.412,22713.0,,0.6193228736581389,0.08257638315440874,0.0019999999999997797,
510580,2020-06-19,2.424,2.445,2.458,2.424,15222.0,,1.402640264026413,0.8663366336633626,0.020999999999999908,
510580,2020-06-22,2.445,2.45,2.468,2.445,18288.0,,0.9406952965235228,0.20449897750512627,0.0050000000000003375,
510580,2020-06-23,2.45,2.465,2.467,2.441,24593.0,,1.0612244897959284,0.6122448979591706,0.01499999999999968,
510580,2020-06-24,2.464,2.466,2.474,2.455,12404.0,,0.7707910750507151,0.04056795131847197,0.001000000000000334,
510580,2020-06-29,2.464,2.45,2.464,2.437,16749.0,,1.0948905109489104,-0.6488240064882406,-0.016000000000000014,
510580,2020-06-30,2.455,2.493,2.502,2.455,29445.0,,1.9183673469387634,1.7551020408163143,0.042999999999999705,
510580,2020-07-01,2.494,2.494,2.501,2.473,26811.0,,1.1231448054552757,0.04011231448055893,0.001000000000000334,
510580,2020-07-02,2.5,2.535,2.543,2.493,65855.0,,2.0048115477145254,1.643945469125899,0.040999999999999925,
510580,2020-07-03,2.538,2.578,2.578,2.535,58142.0,,1.696252465483223,1.696252465483223,0.042999999999999705,
510580,2020-07-06,2.596,2.682,2.709,2.596,89688.0,,4.383242823894492,4.034134988363076,0.10400000000000009,
510580,2020-07-07,2.685,2.73,2.771,2.685,71716.0,,3.206562266964946,1.7897091722595095,0.04800000000000004,
510580,2020-07-08,2.73,2.789,2.794,2.713,53280.0,,2.9670329670329654,2.161172161172167,0.05900000000000016,
510580,2020-07-09,2.792,2.867,2.868,2.783,67969.0,,3.0476873431337386,2.7967013266403673,0.07799999999999985,
510580,2020-07-10,2.853,2.863,2.891,2.834,65075.0,,1.988140913847225,-0.13951866062085816,-0.0040000000000000036,
510580,2020-07-13,2.861,2.95,2.95,2.861,50669.0,,3.108627314006286,3.038770520433119,0.08700000000000019,
510580,2020-07-14,2.951,2.921,2.954,2.851,79827.0,,3.4915254237288202,-0.9830508474576392,-0.02900000000000036,
510580,2020-07-15,2.921,2.846,2.984,2.827,52725.0,,5.374871619308457,-2.5676138308798264,-0.07499999999999973,
510580,2020-07-16,2.845,2.732,2.883,2.706,77212.0,,6.219255094869994,-4.005621925509482,-0.11399999999999988,
510580,2020-07-17,2.73,2.72,2.767,2.699,67088.0,,2.4890190336749654,-0.4392386530014645,-0.01200000000000001,
510580,2020-07-20,2.726,2.799,2.799,2.726,62091.0,,2.6838235294117627,2.9044117647058725,0.07899999999999974,
510580,2020-07-21,2.799,2.818,2.831,2.797,35275.0,,1.2147195426938122,0.6788138620936094,0.019000000000000128,
510580,2020-07-22,2.821,2.849,2.891,2.799,42718.0,,3.2647267565649423,1.1000709723207998,0.03100000000000014,
510580,2020-07-23,2.847,2.848,2.856,2.774,38352.0,,2.8782028782028726,-0.03510003510004682,-0.001000000000000334,
510580,2020-07-24,2.845,2.714,2.845,2.706,65837.0,,4.8806179775280985,-4.705056179775278,-0.1339999999999999,
510580,2020-07-27,2.714,2.716,2.731,2.692,39367.0,,1.4369933677229072,0.07369196757554251,0.002000000000000224,
510580,2020-07-28,2.723,2.736,2.748,2.717,36718.0,,1.1413843888070743,0.7363770250368195,0.020000000000000018,
510580,2020-07-29,2.734,2.813,2.816,2.728,42937.0,,3.2163742690058346,2.8143274853801152,0.07699999999999996,
510580,2020-07-30,2.815,2.811,2.835,2.803,42593.0,,1.1375755421258453,-0.07109847138287323,-0.002000000000000224,
510580,2020-07-31,2.811,2.833,2.858,2.786,46834.0,,2.5613660618996823,0.7826396300249108,0.02200000000000024,
510580,2020-08-03,2.833,2.904,2.913,2.833,49063.0,,2.823861630780079,2.5061771973173217,0.07099999999999973,
510580,2020-08-04,2.908,2.894,2.918,2.884,38102.0,,1.170798898071634,-0.34435261707988246,-0.009999999999999787,
510580,2020-08-05,2.917,2.92,2.928,2.877,25545.0,,1.7622667588113392,0.8984105044920455,0.0259999999999998,
510580,2020-08-06,2.918,2.925,2.932,2.875,33725.0,,1.9520547945205458,0.17123287671232512,0.004999999999999893,
510580,2020-08-07,2.925,2.895,2.926,2.847,37067.0,,2.7008547008547072,-1.025641025641019,-0.029999999999999805,
510580,2020-08-10,2.893,2.909,2.928,2.855,30095.0,,2.5215889464594112,0.4835924006908391,0.01399999999999979,
510580,2020-08-11,2.932,2.865,2.932,2.864,29366.0,,2.3375730491577884,-1.5125472671020832,-0.043999999999999595,
510580,2020-08-12,2.863,2.821,2.863,2.776,53296.0,,3.036649214659692,-1.535776614310647,-0.04400000000000004,
510580,2020-08-13,2.825,2.836,2.852,2.818,44535.0,,1.2052463665366822,0.5317263381779397,0.01499999999999968,
510580,2020-08-14,2.836,2.872,2.875,2.819,41048.0,,1.9746121297602275,1.2693935119887176,0.03600000000000003,
510580,2020-08-17,2.874,2.913,2.923,2.866,49263.0,,1.9846796657381598,1.4275766016713067,0.040999999999999925,
510580,2020-08-18,2.916,2.941,2.948,2.915,35593.0,,1.1328527291452084,0.9612083762444225,0.028000000000000025,
510580,2020-08-19,2.941,2.894,2.941,2.889,30852.0,,1.7681060863651836,-1.5980958857531355,-0.04699999999999971,
510580,2020-08-20,2.891,2.861,2.893,2.851,44465.0,,1.451278507256386,-1.1402902557014485,-0.03299999999999992,
510580,2020-08-21,2.864,2.884,2.899,2.859,66268.0,,1.39811254806012,0.8039147151345574,0.022999999999999687,
510580,2020-08-24,2.887,2.9,2.907,2.86,56924.0,,1.629680998613043,0.5547850208044388,0.016000000000000014,
510580,2020-08-25,2.903,2.887,2.931,2.887,21988.0,,1.5172413793103463,-0.4482758620689621,-0.0129999999999999,
510580,2020-08-26,2.887,2.843,2.922,2.831,45250.0,,3.152060962937312,-1.524073432629028,-0.04400000000000004,
510580,2020-08-27,2.843,2.864,2.864,2.826,40688.0,,1.3366162504396697,0.7386563489271863,0.020999999999999908,
510580,2020-08-28,2.867,2.912,2.917,2.852,55269.0,,2.2695530726256967,1.6759776536312867,0.04800000000000004,
510580,2020-08-31,2.912,2.901,2.947,2.901,63908.0,,1.5796703296703387,-0.3777472527472569,-0.01100000000000012,
510580,2020-09-01,2.901,2.922,2.922,2.893,41797.0,,0.9996552912788818,0.7238883143743658,0.02100000000000035,
510580,2020-09-02,2.923,2.922,2.934,2.895,40722.0,,1.3347022587269042,0.0,0.0,
510580,2020-09-03,2.922,2.903,2.93,2.895,17887.0,,1.1978097193702992,-0.6502395619438784,-0.019000000000000128,
510580,2020-09-04,2.903,2.891,2.903,2.855,36510.0,,1.6534619359283513,-0.41336548398208783,-0.01200000000000001,
510580,2020-09-07,2.891,2.827,2.906,2.816,38915.0,,3.1131096506399274,-2.213766862677276,-0.06400000000000006,
510580,2020-09-08,2.822,2.845,2.857,2.811,46491.0,,1.6271666077113642,0.6367173682348864,0.018000000000000238,
510580,2020-09-09,2.844,2.774,2.844,2.754,101465.0,,3.1634446397187994,-2.4956063268892854,-0.07100000000000017,
510580,2020-09-10,2.803,2.727,2.805,2.716,61920.0,,3.208363374188896,-1.6943042537851531,-0.04700000000000015,
510580,2020-09-11,2.704,2.749,2.758,2.704,54106.0,,1.980198019801974,0.8067473414008156,0.02200000000000024,
510580,2020-09-14,2.75,2.772,2.781,2.746,46253.0,,1.2731902510003688,0.8366678792287991,0.022999999999999687,
510580,2020-09-15,2.772,2.782,2.787,2.76,61260.0,,0.974025974025979,0.36075036075036915,0.010000000000000231,
510580,2020-09-16,2.782,2.772,2.784,2.762,22710.0,,0.790797987059662,-0.35945363048167617,-0.010000000000000231,
510580,2020-09-17,2.772,2.778,2.803,2.749,24225.0,,1.9480519480519418,0.2164502164502247,0.006000000000000227,
510580,2020-09-18,2.778,2.838,2.84,2.778,32978.0,,2.231821454283651,2.159827213822896,0.06000000000000005,
510580,2020-09-21,2.861,2.818,2.863,2.81,25823.0,,1.8675123326286094,-0.7047216349541937,-0.020000000000000018,
510580,2020-09-22,2.816,2.783,2.832,2.774,29511.0,,2.0581973030518035,-1.24201561391058,-0.03500000000000014,
510580,2020-09-23,2.783,2.795,2.801,2.78,24629.0,,0.7545813869924668,0.4311893639956885,0.01200000000000001,
510580,2020-09-24,2.795,2.741,2.795,2.735,33164.0,,2.146690518783544,-1.9320214669051816,-0.053999999999999826,
510580,2020-09-25,2.742,2.741,2.759,2.726,28704.0,,1.20394016782196,0.0,0.0,
510580,2020-09-28,2.742,2.715,2.749,2.704,53179.0,,1.641736592484492,-0.9485589201021614,-0.026000000000000245,
510580,2020-09-29,2.716,2.732,2.758,2.716,65874.0,,1.5469613259668442,0.6261510128913572,0.017000000000000348,
510580,2020-09-30,2.732,2.722,2.747,2.704,86228.0,,1.5739385065885687,-0.3660322108345619,-0.010000000000000231,
510580,2020-10-09,2.743,2.783,2.795,2.743,38320.0,,1.9103600293901561,2.2409992652461406,0.06099999999999994,
510580,2020-10-12,2.784,2.869,2.87,2.784,43723.0,,3.0901904419691086,3.0901904419691086,0.0860000000000003,
510580,2020-10-13,2.869,2.873,2.877,2.845,23134.0,,1.1153712094806407,0.139421401185082,0.0040000000000000036,
510580,2020-10-14,2.873,2.856,2.873,2.851,21176.0,,0.7657500870170637,-0.591715976331373,-0.017000000000000348,
510580,2020-10-15,2.856,2.84,2.857,2.836,25232.0,,0.7352941176470711,-0.5602240896358549,-0.016000000000000014,
510580,2020-10-16,2.839,2.825,2.85,2.805,32215.0,,1.5845070422535186,-0.5281690140844958,-0.01499999999999968,
510580,2020-10-19,2.825,2.797,2.862,2.79,59119.0,,2.5486725663716836,-0.991150442477877,-0.028000000000000025,
510580,2020-10-20,2.797,2.82,2.824,2.783,31418.0,,1.4658562745799042,0.8223096174472536,0.022999999999999687,
510580,2020-10-21,2.822,2.797,2.823,2.78,45258.0,,1.5248226950354664,-0.8156028368794217,-0.022999999999999687,
510580,2020-10-22,2.797,2.781,2.797,2.754,26834.0,,1.5373614587057614,-0.5720414730067935,-0.016000000000000014,
510580,2020-10-23,2.781,2.74,2.801,2.733,42205.0,,2.445163610212156,-1.4742898238043842,-0.040999999999999925,
510580,2020-10-26,2.74,2.738,2.748,2.692,48065.0,,2.043795620437958,-0.07299270072993516,-0.002000000000000224,
510580,2020-10-27,2.735,2.734,2.739,2.719,36549.0,,0.73046018991965,-0.14609203798393,-0.0040000000000000036,
510580,2020-10-28,2.734,2.753,2.754,2.712,39149.0,,1.536210680321866,0.6949524506218042,0.019000000000000128,
510580,2020-10-29,2.752,2.763,2.774,2.718,59476.0,,2.0341445695604814,0.3632401017072207,0.009999999999999787,
510580,2020-10-30,2.763,2.706,2.777,2.699,49424.0,,2.823018458197622,-2.062975027144406,-0.05699999999999994,
510580,2020-11-02,2.707,2.711,2.73,2.699,36134.0,,1.1456023651145655,0.1847745750184735,0.004999999999999893,
510580,2020-11-03,2.712,2.754,2.762,2.712,26197.0,,1.844337882700104,1.5861305791221008,0.04300000000000015,
510580,2020-11-04,2.754,2.753,2.765,2.726,41667.0,,1.4161220043573037,-0.03631082062454211,-0.0009999999999998899,
510580,2020-11-05,2.76,2.807,2.813,2.76,35236.0,,1.9251725390483247,1.9614965492190273,0.053999999999999826,
510580,2020-11-06,2.807,2.788,2.807,2.762,39408.0,,1.6031350195938698,-0.6768792304951952,-0.019000000000000128,
510580,2020-11-09,2.788,2.828,2.852,2.788,53446.0,,2.295552367288381,1.4347202295552381,0.040000000000000036,
510580,2020-11-10,2.831,2.816,2.834,2.803,40621.0,,1.096181046676101,-0.42432814710042477,-0.01200000000000001,
510580,2020-11-11,2.816,2.784,2.819,2.78,24905.0,,1.384943181818187,-1.1363636363636374,-0.03200000000000003,
510580,2020-11-12,2.784,2.792,2.805,2.779,19544.0,,0.9339080459770204,0.2873563218390807,0.008000000000000007,
510580,2020-11-13,2.791,2.791,2.797,2.758,24629.0,,1.396848137535822,-0.03581661891117084,-0.0009999999999998899,
510580,2020-11-16,2.792,2.824,2.824,2.787,26699.0,,1.3256897169473278,1.1823719097097787,0.03299999999999992,
510580,2020-11-17,2.823,2.805,2.823,2.791,30187.0,,1.133144475920681,-0.6728045325778925,-0.018999999999999684,
510580,2020-11-18,2.805,2.801,2.824,2.792,34065.0,,1.140819964349377,-0.14260249554367213,-0.0040000000000000036,
510580,2020-11-19,2.801,2.815,2.819,2.782,23421.0,,1.3209568011424464,0.49982149232416245,0.01399999999999979,
510580,2020-11-20,2.816,2.839,2.843,2.815,27236.0,,0.994671403197159,0.8525754884547077,0.02400000000000002,
510580,2020-11-23,2.839,2.863,2.886,2.83,55913.0,,1.972525537160974,0.8453680873547031,0.02400000000000002,
510580,2020-11-24,2.863,2.863,2.873,2.856,37290.0,,0.5937827453719996,0.0,0.0,
510580,2020-11-25,2.861,2.82,2.868,2.818,33412.0,,1.7464198393293686,-1.5019210618232675,-0.04300000000000015,
510580,2020-11-26,2.82,2.808,2.82,2.789,35042.0,,1.0992907801418332,-0.42553191489361747,-0.01200000000000001,
510580,2020-11-27,2.809,2.817,2.818,2.777,50188.0,,1.4601139601139574,0.3205128205128327,0.009000000000000341,
510580,2020-11-30,2.816,2.797,2.836,2.791,45278.0,,1.5974440894568664,-0.7099751508697201,-0.020000000000000018,
510580,2020-12-01,2.797,2.841,2.854,2.794,35512.0,,2.1451555237754754,1.573114050768682,0.04400000000000004,
510580,2020-12-02,2.842,2.847,2.853,2.829,51055.0,,0.8447729672650481,0.21119324181625423,0.005999999999999783,
510580,2020-12-03,2.847,2.857,2.864,2.829,38881.0,,1.2293642430628626,0.35124692658940043,0.010000000000000231,
510580,2020-12-04,2.857,2.867,2.87,2.836,28301.0,,1.1900595029751575,0.35001750087503625,0.009999999999999787,
510580,2020-12-07,2.848,2.848,2.87,2.839,31820.0,,1.0812696198116545,-0.6627136379490801,-0.019000000000000128,
510580,2020-12-08,2.848,2.847,2.86,2.843,31486.0,,0.5969101123595473,-0.03511235955055793,-0.0009999999999998899,
510580,2020-12-09,2.847,2.802,2.854,2.801,36243.0,,1.861608710923777,-1.580611169652263,-0.04499999999999993,
510580,2020-12-10,2.802,2.806,2.819,2.782,31217.0,,1.3204853675945725,0.14275517487508935,0.0040000000000000036,
510580,2020-12-11,2.806,2.757,2.813,2.737,35900.0,,2.708481824661442,-1.7462580185317151,-0.04899999999999993,
510580,2020-12-14,2.767,2.78,2.783,2.743,31882.0,,1.4508523757707665,0.8342401160681787,0.022999999999999687,
510580,2020-12-15,2.78,2.781,2.787,2.763,29996.0,,0.8633093525179865,0.03597122302159475,0.001000000000000334,
510580,2020-12-16,2.781,2.773,2.781,2.761,29312.0,,0.7191657677094576,-0.28766630708378305,-0.008000000000000007,
510580,2020-12-17,2.773,2.807,2.81,2.756,38655.0,,1.9473494410385959,1.2261089073205844,0.03399999999999981,
510580,2020-12-18,2.809,2.799,2.818,2.782,35701.0,,1.2825080156750992,-0.2850017812611331,-0.008000000000000007,
510580,2020-12-21,2.799,2.839,2.846,2.796,50517.0,,1.786352268667391,1.4290818149339062,0.040000000000000036,
510580,2020-12-22,2.839,2.788,2.839,2.779,34818.0,,2.113420218386758,-1.796407185628748,-0.051000000000000156,
510580,2020-12-23,2.799,2.803,2.82,2.78,29986.0,,1.4347202295552381,0.5380200860832183,0.015000000000000124,
510580,2020-12-24,2.803,2.77,2.804,2.765,43585.0,,1.3913663931501856,-1.1773100249732402,-0.03299999999999992,
510580,2020-12-25,2.773,2.799,2.801,2.761,32006.0,,1.4440433212996402,1.0469314079422352,0.028999999999999915,
510580,2020-12-28,2.796,2.778,2.801,2.769,37429.0,,1.143265451947125,-0.7502679528402968,-0.020999999999999908,
510580,2020-12-29,2.778,2.768,2.801,2.762,25318.0,,1.4038876889848866,-0.359971202303824,-0.010000000000000231,
510580,2020-12-30,2.753,2.789,2.802,2.753,23508.0,,1.77023121387283,0.7586705202312267,0.02100000000000035,
510580,2020-12-31,2.789,2.831,2.836,2.789,44155.0,,1.685191825026881,1.505916098960194,0.041999999999999815,
510580,2022-05-18,2.73,2.714,2.742,2.702,403511.0,,1.4129282938890864,-4.132815259625574,-0.11699999999999999,
510580,2022-05-19,2.682,2.734,2.738,2.674,646290.0,,2.358142962417099,0.7369196757553433,0.020000000000000018,
510580,2022-05-20,2.742,2.786,2.786,2.734,499346.0,,1.9019751280175585,1.9019751280175585,0.052000000000000046,
510580,2022-05-23,2.791,2.791,2.803,2.766,447483.0,,1.3280689160086117,0.17946877243359272,0.004999999999999893,
510580,2022-05-24,2.791,2.702,2.795,2.694,386350.0,,3.618774632748118,-3.1888212110354703,-0.08899999999999997,
510580,2022-05-25,2.702,2.746,2.75,2.694,298848.0,,2.072538860103629,1.6284233900814227,0.04400000000000004,
510580,2022-05-26,2.754,2.77,2.786,2.71,416522.0,,2.7676620538965793,0.873998543335762,0.02400000000000002,
510580,2022-05-27,2.77,2.77,2.799,2.746,316787.0,,1.9133574007220193,0.0,0.0,
510580,2022-05-30,2.77,2.782,2.791,2.75,459774.0,,1.4801444043321272,0.433212996389892,0.01200000000000001,
510580,2022-05-31,2.786,2.831,2.843,2.762,632119.0,,2.9115744069015084,1.7613227893601702,0.04899999999999993,
510580,2022-06-01,2.835,2.835,2.843,2.807,375566.0,,1.2716354645001777,0.14129282938890864,0.0040000000000000036,
510580,2022-06-02,2.831,2.867,2.871,2.811,436442.0,,2.1164021164021185,1.1287477954144631,0.03200000000000003,
510580,2022-06-06,2.867,2.911,2.924,2.855,522635.0,,2.4066968957097994,1.5347052668294399,0.04400000000000004,
510580,2022-06-07,2.911,2.907,2.916,2.887,411286.0,,0.996221229817929,-0.1374098248024735,-0.0040000000000000036,
510580,2022-06-08,2.911,2.92,2.932,2.875,540570.0,,1.9607843137254881,0.4471964224286171,0.0129999999999999,
510580,2022-06-09,2.916,2.895,2.924,2.863,491188.0,,2.089041095890409,-0.8561643835616408,-0.02499999999999991,
510580,2022-06-10,2.863,2.94,2.952,2.863,442793.0,,3.074265975820379,1.5544041450777177,0.04499999999999993,
510580,2022-06-13,2.92,2.932,2.948,2.903,640099.0,,1.5306122448979567,-0.2721088435374152,-0.008000000000000007,
510580,2022-06-14,2.883,2.964,2.968,2.855,674915.0,,3.8540245566166433,1.091405184174626,0.03200000000000003,
510580,2022-06-15,2.964,2.952,3.02,2.948,573886.0,,2.4291497975708523,-0.4048582995951421,-0.01200000000000001,
510580,2022-06-16,2.952,2.952,2.988,2.944,523225.0,,1.490514905149053,0.0,0.0,
510580,2022-06-17,2.924,2.984,2.996,2.907,675069.0,,3.0149051490514895,1.084010840108402,0.03200000000000003,
510580,2022-06-20,2.988,2.984,3.004,2.96,631356.0,,1.4745308310991971,0.0,0.0,
510580,2022-06-21,2.984,2.964,2.992,2.936,708742.0,,1.8766756032171599,-0.6702412868632714,-0.020000000000000018,
510580,2022-06-22,2.956,2.92,2.968,2.911,552302.0,,1.9230769230769211,-1.4844804318488543,-0.04400000000000004,
510580,2022-06-23,2.928,2.988,2.988,2.911,552606.0,,2.6369863013698613,2.3287671232876734,0.06800000000000006,
510580,2022-06-24,2.988,3.012,3.024,2.984,505730.0,,1.3386880856760386,0.8032128514056233,0.02400000000000002,
510580,2022-06-27,3.016,3.024,3.057,3.016,363347.0,,1.3612217795484705,0.39840637450199234,0.01200000000000001,
510580,2022-06-28,3.024,3.073,3.085,3.02,332326.0,,2.1494708994708978,1.6203703703703682,0.04899999999999993,
510580,2022-06-29,3.073,3.028,3.081,3.016,511159.0,,2.11519687601692,-1.4643670680117127,-0.04499999999999993,
510580,2022-06-30,3.028,3.061,3.077,3.024,486262.0,,1.7503302509907508,1.0898282694848058,0.03299999999999992,
510580,2022-07-01,3.061,3.049,3.073,3.041,293960.0,,1.0454099967330948,-0.39202874877491045,-0.01200000000000001,
510580,2022-07-04,3.049,3.089,3.097,3.028,528844.0,,2.2630370613315827,1.3119055428009194,0.040000000000000036,
510580,2022-07-05,3.101,3.085,3.105,3.049,336000.0,,1.812884428617677,-0.12949174490126267,-0.0040000000000000036,
510580,2022-07-06,3.057,3.053,3.081,3.016,364313.0,,2.106969205834682,-1.0372771474878453,-0.03200000000000003,
510580,2022-07-07,3.061,3.065,3.073,3.028,376470.0,,1.4739600393055987,0.3930560104814939,0.01200000000000001,
510580,2022-07-08,3.065,3.053,3.081,3.041,414926.0,,1.305057096247962,-0.3915171288743886,-0.01200000000000001,
510580,2022-07-11,3.028,3.008,3.045,2.984,407336.0,,1.9980347199475907,-1.4739600393055987,-0.04499999999999993,
510580,2022-07-12,3.0,2.968,3.02,2.964,372436.0,,1.8617021276595762,-1.3297872340425545,-0.040000000000000036,
510580,2022-07-13,2.968,2.976,2.988,2.952,423774.0,,1.2129380053908365,0.2695417789757415,0.008000000000000007,
510580,2022-07-14,2.972,2.996,3.012,2.952,399008.0,,2.0161290322580663,0.6720430107526888,0.020000000000000018,
510580,2022-07-15,3.024,2.948,3.028,2.94,356505.0,,2.9372496662216316,-1.6021361815754354,-0.04800000000000004,
510580,2022-07-18,2.94,3.004,3.008,2.94,315226.0,,2.3066485753052937,1.8995929443690656,0.05600000000000005,
510580,2022-07-19,3.016,3.008,3.02,2.988,324292.0,,1.0652463382157134,0.13315579227696417,0.0040000000000000036,
510580,2022-07-20,3.032,3.045,3.057,3.02,392088.0,,1.230053191489359,1.230053191489359,0.03699999999999992,
510580,2022-07-21,3.045,3.02,3.049,3.012,304182.0,,1.215106732348109,-0.8210180623973699,-0.02499999999999991,
510580,2022-07-22,3.02,2.996,3.036,2.964,553736.0,,2.384105960264903,-0.7947019867549676,-0.02400000000000002,
510580,2022-07-25,3.008,2.964,3.008,2.952,378914.0,,1.8691588785046744,-1.068090787716957,-0.03200000000000003,
510580,2022-07-26,2.956,2.996,3.008,2.956,267878.0,,1.7543859649122824,1.0796221322537123,0.03200000000000003,
510580,2022-07-27,2.988,3.012,3.024,2.988,201824.0,,1.2016021361815765,0.5340453938584785,0.016000000000000014,
510580,2022-07-28,3.036,3.024,3.057,3.02,532898.0,,1.2284196547144728,0.39840637450199234,0.01200000000000001,
510580,2022-07-29,3.02,3.004,3.036,2.992,344254.0,,1.4550264550264562,-0.661375661375662,-0.020000000000000018,
510580,2022-08-01,3.0,3.024,3.028,2.976,344275.0,,1.7310252996005342,0.6657789613848208,0.020000000000000018,
510580,2022-08-02,2.984,2.952,3.004,2.911,573042.0,,3.0753968253968247,-2.3809523809523827,-0.07200000000000006,
510580,2022-08-03,2.944,2.928,2.996,2.911,460422.0,,2.8794037940379393,-0.8130081300813016,-0.02400000000000002,
510580,2022-08-04,2.928,2.936,2.944,2.891,495275.0,,1.8101092896174842,0.27322404371584724,0.008000000000000007,
510580,2022-08-05,2.936,2.984,2.992,2.932,402679.0,,2.043596730245233,1.6348773841961868,0.04800000000000004,
510580,2022-08-08,2.988,3.008,3.016,2.98,369001.0,,1.2064343163538886,0.8042895442359257,0.02400000000000002,
510580,2022-08-09,3.0,3.02,3.02,2.992,339912.0,,0.9308510638297881,0.3989361702127663,0.01200000000000001,
510580,2022-08-10,3.016,3.016,3.032,2.996,345889.0,,1.1920529801324515,-0.13245033112582794,-0.0040000000000000036,
510580,2022-08-11,3.012,3.069,3.073,3.012,292990.0,,2.0225464190981413,1.7572944297082207,0.052999999999999936,
510580,2022-08-12,3.069,3.069,3.081,3.057,407553.0,,0.7820136852394923,0.0,0.0,
510580,2022-08-15,3.069,3.073,3.089,3.053,367498.0,,1.1730205278592385,0.13033561420658205,0.0040000000000000036,
510580,2022-08-16,3.073,3.081,3.101,3.069,305817.0,,1.0413276928083315,0.26033192320208287,0.008000000000000007,
510580,2022-08-17,3.077,3.097,3.105,3.061,353258.0,,1.4281077572216825,0.5193119117169755,0.016000000000000014,
510580,2022-08-18,3.097,3.085,3.097,3.073,312095.0,,0.7749434937035847,-0.38747174685179236,-0.01200000000000001,
510580,2022-08-19,3.081,3.049,3.093,3.041,402326.0,,1.6855753646677487,-1.166936790923826,-0.03600000000000003,
510580,2022-08-22,3.049,3.081,3.093,3.032,360184.0,,2.0006559527713987,1.0495244342407357,0.03200000000000003,
510580,2022-08-23,3.093,3.085,3.093,3.061,344136.0,,1.038623823433951,0.1298279779292439,0.0040000000000000036,
510580,2022-08-24,3.081,3.0,3.089,2.988,548802.0,,3.2739059967585082,-2.7552674230145855,-0.08499999999999996,
510580,2022-08-25,3.004,3.016,3.02,2.976,504642.0,,1.4666666666666681,0.5333333333333339,0.016000000000000014,
510580,2022-08-26,3.008,3.012,3.041,2.996,285734.0,,1.4920424403183001,-0.13262599469496034,-0.0040000000000000036,
510580,2022-08-29,2.996,3.012,3.016,2.964,370746.0,,1.726427622841967,0.0,0.0,
510580,2022-08-30,3.008,3.0,3.012,2.98,380908.0,,1.0624169986719798,-0.39840637450199234,-0.01200000000000001,
510580,2022-08-31,3.004,2.944,3.004,2.932,485196.0,,2.400000000000002,-1.8666666666666683,-0.05600000000000005,
510580,2022-09-01,2.928,2.928,2.968,2.92,392890.0,,1.630434782608697,-0.5434782608695657,-0.016000000000000014,
510580,2022-09-02,2.924,2.94,2.956,2.924,368406.0,,1.092896174863389,0.40983606557377084,0.01200000000000001,
510580,2022-09-05,2.94,2.948,2.956,2.92,266246.0,,1.2244897959183685,0.2721088435374152,0.008000000000000007,
510580,2022-09-06,2.956,3.004,3.008,2.956,356300.0,,1.7639077340569895,1.8995929443690656,0.05600000000000005,
510580,2022-09-07,3.0,3.008,3.016,2.988,318702.0,,0.9320905459387493,0.13315579227696417,0.0040000000000000036,
510580,2022-09-08,3.004,3.0,3.012,2.992,318856.0,,0.6648936170212773,-0.2659574468085109,-0.008000000000000007,
510580,2022-09-09,3.0,3.02,3.024,2.988,323742.0,,1.200000000000001,0.6666666666666672,0.020000000000000018,
510580,2022-09-13,3.02,3.004,3.036,2.996,473232.0,,1.3245033112582794,-0.5298013245033117,-0.016000000000000014,
510580,2022-09-14,2.996,2.988,3.0,2.968,445023.0,,1.0652463382157134,-0.5326231691078567,-0.016000000000000014,
510580,2022-09-15,2.988,2.911,3.004,2.887,633591.0,,3.91566265060241,-2.576974564926371,-0.07699999999999996,
510580,2022-09-16,2.911,2.843,2.911,2.839,677122.0,,2.473376846444523,-2.3359670216420496,-0.06800000000000006,
510580,2022-09-19,2.843,2.827,2.847,2.803,399129.0,,1.547660921561732,-0.5627857896588117,-0.016000000000000014,
510580,2022-09-20,2.831,2.843,2.867,2.831,305651.0,,1.2734347364697571,0.5659709939865587,0.016000000000000014,
510580,2022-09-21,2.839,2.851,2.867,2.807,297872.0,,2.1104467112205434,0.2813928948294058,0.008000000000000007,
510580,2022-09-22,2.839,2.847,2.871,2.835,378756.0,,1.2627148368993348,-0.14030164854437052,-0.0040000000000000036,
510580,2022-09-23,2.839,2.831,2.855,2.799,565259.0,,1.9669827889005989,-0.5619950825430282,-0.016000000000000014,
510580,2022-09-26,2.815,2.774,2.835,2.774,648648.0,,2.154715648180853,-2.0134228187919443,-0.05699999999999994,
510580,2022-09-27,2.774,2.831,2.835,2.774,603042.0,,2.198990627253062,2.054794520547943,0.05699999999999994,
510580,2022-09-28,2.819,2.766,2.823,2.762,547591.0,,2.154715648180853,-2.2960084775697616,-0.06499999999999995,
510580,2022-09-29,2.774,2.77,2.807,2.75,658529.0,,2.060737527114965,0.1446131597975417,0.0040000000000000036,
510580,2022-09-30,2.766,2.738,2.778,2.73,652709.0,,1.732851985559568,-1.155234657039712,-0.03200000000000003,
510580,2022-10-10,2.734,2.698,2.758,2.686,614472.0,,2.6296566837107402,-1.4609203798393,-0.040000000000000036,
510580,2022-10-11,2.698,2.718,2.73,2.686,651252.0,,1.6308376575240935,0.7412898443291334,0.020000000000000018,
510580,2022-10-12,2.718,2.774,2.791,2.67,690163.0,,4.451802796173657,2.0603384841795456,0.05600000000000005,
510580,2022-10-13,2.77,2.782,2.807,2.766,553157.0,,1.4780100937274667,0.2883922134102382,0.008000000000000007,
510580,2022-10-14,2.811,2.859,2.871,2.803,417975.0,,2.4442846872753434,2.767792954708841,0.07699999999999996,
510580,2022-10-17,2.851,2.879,2.887,2.839,843935.0,,1.6789087093389312,0.699545295557888,0.020000000000000018,
510580,2022-10-18,2.879,2.883,2.903,2.863,434618.0,,1.3893713094824605,0.13893713094824603,0.0040000000000000036,
510580,2022-10-19,2.879,2.859,2.887,2.851,414372.0,,1.2486992715920928,-0.8324661810613951,-0.02400000000000002,
510580,2022-10-20,2.851,2.847,2.887,2.807,668456.0,,2.798181182231552,-0.4197271773347328,-0.01200000000000001,
510580,2022-10-21,2.847,2.847,2.863,2.827,449937.0,,1.2644889357218136,0.0,0.0,
510580,2022-10-24,2.859,2.835,2.907,2.795,576565.0,,3.9339655778011977,-0.4214963119072712,-0.01200000000000001,
510580,2022-10-25,2.823,2.807,2.843,2.766,557302.0,,2.716049382716048,-0.9876543209876552,-0.028000000000000025,
510580,2022-10-26,2.811,2.855,2.883,2.807,589212.0,,2.7075169219807647,1.710010687566799,0.04800000000000004,
510580,2022-10-27,2.863,2.855,2.887,2.851,645201.0,,1.2609457092819627,0.0,0.0,
510580,2022-10-28,2.855,2.778,2.855,2.762,1482502.0,,3.2574430823117324,-2.697022767075305,-0.07699999999999996,
510580,2022-10-31,2.766,2.778,2.807,2.75,631477.0,,2.051835853131747,0.0,0.0,
510580,2022-11-01,2.774,2.855,2.855,2.766,519496.0,,3.203743700503958,2.771778257739379,0.07699999999999996,
510580,2022-11-02,2.839,2.867,2.883,2.835,492130.0,,1.6812609457092835,0.4203152364273209,0.01200000000000001,
510580,2022-11-03,2.847,2.871,2.875,2.847,509051.0,,0.9766306243460072,0.13951866062085816,0.0040000000000000036,
510580,2022-11-04,2.871,2.932,2.948,2.867,429253.0,,2.8213166144200614,2.124695228143502,0.06099999999999994,
510580,2022-11-07,2.928,2.928,2.948,2.911,469977.0,,1.2619372442019072,-0.13642564802182824,-0.0040000000000000036,
510580,2022-11-08,2.928,2.932,2.936,2.916,463832.0,,0.683060109289618,0.13661202185792362,0.0040000000000000036,
510580,2022-11-09,2.932,2.928,2.96,2.924,476693.0,,1.227830832196454,-0.13642564802182824,-0.0040000000000000036,
510580,2022-11-10,2.924,2.916,2.928,2.899,490871.0,,0.9904371584699425,-0.40983606557377084,-0.01200000000000001,
510580,2022-11-11,2.964,2.94,3.0,2.932,595773.0,,2.3319615912208524,0.8230452674897127,0.02400000000000002,
510580,2022-11-14,2.94,2.928,2.968,2.92,550746.0,,1.6326530612244914,-0.40816326530612285,-0.01200000000000001,
510580,2022-11-15,2.932,2.976,2.98,2.924,607695.0,,1.9125683060109306,1.6393442622950833,0.04800000000000004,
510580,2022-11-16,2.98,2.968,2.992,2.96,774910.0,,1.0752688172043021,-0.26881720430107553,-0.008000000000000007,
510580,2022-11-17,2.96,2.972,2.972,2.936,669752.0,,1.2129380053908365,0.13477088948787075,0.0040000000000000036,
510580,2022-11-18,2.972,2.972,2.992,2.96,624710.0,,1.0767160161507412,0.0,0.0,
510580,2022-11-21,2.956,2.96,2.968,2.932,515434.0,,1.2113055181695838,-0.4037685060565279,-0.01200000000000001,
510580,2022-11-22,2.96,2.936,2.964,2.92,564964.0,,1.4864864864864877,-0.8108108108108115,-0.02400000000000002,
510580,2022-11-23,2.936,2.928,2.94,2.891,603375.0,,1.66893732970027,-0.2724795640326978,-0.008000000000000007,
510580,2022-11-24,2.928,2.928,2.948,2.916,443413.0,,1.092896174863389,0.0,0.0,
510580,2022-11-25,2.924,2.916,2.928,2.899,614950.0,,0.9904371584699425,-0.40983606557377084,-0.01200000000000001,
510580,2022-11-28,2.903,2.899,2.903,2.855,535017.0,,1.6460905349794255,-0.5829903978052093,-0.016999999999999904,
510580,2022-11-29,2.916,2.944,2.956,2.907,494775.0,,1.690238013107966,1.5522593997930296,0.04499999999999993,
510580,2022-11-30,2.948,2.944,2.956,2.924,539252.0,,1.0869565217391315,0.0,0.0,
510580,2022-12-01,2.964,2.956,2.984,2.952,482693.0,,1.0869565217391315,0.4076086956521742,0.01200000000000001,
510580,2022-12-02,2.952,2.948,2.972,2.932,490259.0,,1.3531799729364018,-0.2706359945872803,-0.008000000000000007,
510580,2022-12-05,2.964,2.968,2.976,2.952,591848.0,,0.8141112618724567,0.6784260515603806,0.020000000000000018,
510580,2022-12-06,2.964,2.964,2.992,2.956,629802.0,,1.2129380053908365,-0.13477088948787075,-0.0040000000000000036,
510580,2022-12-07,2.964,2.964,2.984,2.952,565298.0,,1.0796221322537123,0.0,0.0,
510580,2022-12-08,2.96,2.956,2.968,2.944,512847.0,,0.8097165991902842,-0.26990553306342807,-0.008000000000000007,
510580,2022-12-09,2.952,2.964,2.976,2.944,450386.0,,1.0825439783491213,0.2706359945872803,0.008000000000000007,
510580,2022-12-12,2.96,2.952,2.964,2.94,535469.0,,0.8097165991902842,-0.4048582995951421,-0.01200000000000001,
510580,2022-12-13,2.956,2.936,2.956,2.932,523606.0,,0.8130081300813016,-0.542005420054201,-0.016000000000000014,
510580,2022-12-14,2.94,2.924,2.944,2.911,458661.0,,1.1239782016348745,-0.4087193460490467,-0.01200000000000001,
510580,2022-12-15,2.92,2.92,2.928,2.907,441045.0,,0.7181942544459613,-0.13679890560875527,-0.0040000000000000036,
510580,2022-12-16,2.92,2.916,2.924,2.895,344293.0,,0.9931506849315039,-0.13698630136986314,-0.0040000000000000036,
510580,2022-12-19,2.911,2.847,2.944,2.835,597592.0,,3.7379972565157744,-2.36625514403292,-0.06899999999999995,
510580,2022-12-20,2.847,2.819,2.847,2.807,620984.0,,1.4049877063575706,-0.9834913944502994,-0.028000000000000025,
510580,2022-12-21,2.823,2.811,2.827,2.786,515248.0,,1.454416459737493,-0.2837885775097555,-0.008000000000000007,
510580,2022-12-22,2.819,2.778,2.819,2.758,474564.0,,2.170046246887227,-1.1739594450373503,-0.03299999999999992,
510580,2022-12-23,2.778,2.778,2.786,2.754,505311.0,,1.1519078473722113,0.0,0.0,
510580,2022-12-26,2.762,2.803,2.811,2.762,527759.0,,1.7638588912886943,0.8999280057595361,0.02499999999999991,
510580,2022-12-27,2.811,2.823,2.827,2.799,391834.0,,0.9989297181591161,0.7135212272565116,0.020000000000000018,
510580,2022-12-28,2.823,2.815,2.827,2.807,451394.0,,0.7084661707403478,-0.2833864682961391,-0.008000000000000007,
510580,2022-12-29,2.811,2.807,2.835,2.799,432636.0,,1.2788632326820615,-0.28419182948490257,-0.008000000000000007,
510580,2022-12-30,2.811,2.811,2.823,2.803,414464.0,,0.7125044531528328,0.14250089063056656,0.0040000000000000036,
510580,2023-01-03,2.811,2.855,2.859,2.799,519295.0,,2.134471718249735,1.5652792600498056,0.04400000000000004,
510580,2023-01-04,2.863,2.855,2.863,2.839,634330.0,,0.8406304728546418,0.0,0.0,
510580,2023-01-05,2.859,2.879,2.887,2.851,413678.0,,1.2609457092819627,0.8406304728546418,0.02400000000000002,
510580,2023-01-06,2.875,2.883,2.899,2.875,487188.0,,0.8336227856894763,0.13893713094824603,0.0040000000000000036,
510580,2023-01-09,2.883,2.891,2.907,2.883,502893.0,,0.8324661810613951,0.27748872702046506,0.008000000000000007,
510580,2023-01-10,2.891,2.899,2.903,2.883,611930.0,,0.6918021445866489,0.2767208578346595,0.008000000000000007,
510580,2023-01-11,2.899,2.891,2.911,2.883,660607.0,,0.9658502932045541,-0.2759572266298726,-0.008000000000000007,
510580,2023-01-12,2.887,2.887,2.903,2.875,612950.0,,0.9685230024213084,-0.13836042891732975,-0.0040000000000000036,
510580,2023-01-13,2.887,2.903,2.907,2.883,524441.0,,0.8313127814340152,0.5542085209560101,0.016000000000000014,
510580,2023-01-16,2.899,2.936,2.96,2.899,551882.0,,2.1012745435756095,1.1367550809507379,0.03299999999999992,
510580,2023-01-17,2.936,2.936,2.948,2.928,458991.0,,0.6811989100817445,0.0,0.0,
510580,2023-01-18,2.944,2.944,2.96,2.944,455158.0,,0.5449591280653956,0.2724795640326978,0.008000000000000007,
510580,2023-01-19,2.948,2.976,2.976,2.936,438190.0,,1.3586956521739142,1.0869565217391315,0.03200000000000003,
510580,2023-01-20,2.98,3.0,3.004,2.976,548419.0,,0.9408602150537644,0.8064516129032264,0.02400000000000002,
510580,2023-01-30,3.008,3.008,3.049,3.004,603544.0,,1.4999999999999978,0.26666666666666694,0.008000000000000007,
510580,2023-01-31,3.012,3.016,3.024,3.004,442884.0,,0.6648936170212773,0.2659574468085109,0.008000000000000007,
510580,2023-02-01,3.024,3.053,3.053,3.016,534702.0,,1.2267904509283794,1.2267904509283794,0.03699999999999992,
510580,2023-02-02,3.053,3.053,3.077,3.041,341787.0,,1.179168031444482,0.0,0.0,
510580,2023-02-03,3.049,3.041,3.049,3.004,358397.0,,1.4739600393055987,-0.3930560104814939,-0.01200000000000001,
510580,2023-02-06,3.045,3.028,3.045,3.004,397996.0,,1.3482407102926646,-0.4274909569220619,-0.0129999999999999,
510580,2023-02-07,3.024,3.02,3.032,3.004,376259.0,,0.9247027741083231,-0.26420079260237805,-0.008000000000000007,
510580,2023-02-08,3.02,3.004,3.036,2.996,359832.0,,1.3245033112582794,-0.5298013245033117,-0.016000000000000014,
510580,2023-02-09,3.004,3.049,3.053,2.996,357787.0,,1.8974700399467355,1.4980026631158432,0.04499999999999993,
510580,2023-02-10,3.053,3.045,3.053,3.016,420274.0,,1.213512627090847,-0.13119055428009196,-0.0040000000000000036,
510580,2023-02-13,3.045,3.057,3.061,3.036,357898.0,,0.8210180623973699,0.3940886699507392,0.01200000000000001,
510580,2023-02-14,3.065,3.065,3.073,3.041,327387.0,,1.0467778868171418,0.26169447170428545,0.008000000000000007,
510580,2023-02-15,3.065,3.061,3.073,3.049,379252.0,,0.7830342577487772,-0.13050570962479618,-0.0040000000000000036,
510580,2023-02-16,3.065,3.032,3.085,2.996,412295.0,,2.907546553413916,-0.9474028095393635,-0.028999999999999915,
510580,2023-02-17,3.024,2.988,3.028,2.988,395514.0,,1.3192612137203177,-1.4511873350923494,-0.04400000000000004,
510580,2023-02-20,3.0,3.041,3.045,2.98,485166.0,,2.175368139223559,1.7737617135207475,0.052999999999999936,
510580,2023-02-21,3.053,3.057,3.069,3.041,346375.0,,0.9207497533706026,0.5261427162117729,0.016000000000000014,
510580,2023-02-22,3.057,3.057,3.069,3.041,292875.0,,0.9159306509649991,0.0,0.0,
510580,2023-02-23,3.061,3.053,3.065,3.028,278309.0,,1.2103369316323167,-0.13084723585214272,-0.0040000000000000036,
510580,2023-02-24,3.053,3.041,3.057,3.024,253467.0,,1.0809040288241047,-0.3930560104814939,-0.01200000000000001,
510580,2023-02-27,3.041,3.024,3.045,3.012,279812.0,,1.085169352186778,-0.5590266359750051,-0.016999999999999904,
510580,2023-02-28,3.041,3.053,3.053,3.02,312393.0,,1.0912698412698385,0.9589947089947062,0.028999999999999915,
510580,2023-03-01,3.057,3.065,3.073,3.041,499669.0,,1.0481493612839838,0.3930560104814939,0.01200000000000001,
510580,2023-03-02,3.065,3.061,3.073,3.057,392520.0,,0.5220228384991847,-0.13050570962479618,-0.0040000000000000036,
510580,2023-03-03,3.069,3.061,3.069,3.041,375495.0,,0.9147337471414579,0.0,0.0,
510580,2023-03-06,3.069,3.061,3.069,3.045,264736.0,,0.7840574975498209,0.0,0.0,
510580,2023-03-07,3.061,3.02,3.065,3.016,283041.0,,1.6007840574975476,-1.339431558314274,-0.040999999999999925,
510580,2023-03-08,3.016,3.02,3.028,3.004,259627.0,,0.7947019867549676,0.0,0.0,
510580,2023-03-09,3.024,3.012,3.024,3.0,231056.0,,0.7947019867549676,-0.26490066225165587,-0.008000000000000007,
510580,2023-03-10,3.008,2.984,3.008,2.972,262536.0,,1.195219123505977,-0.9296148738379824,-0.028000000000000025,
510580,2023-03-13,2.968,3.0,3.0,2.964,253855.0,,1.2064343163538886,0.5361930294906171,0.016000000000000014,
510580,2023-03-14,3.0,2.972,3.0,2.944,298075.0,,1.8666666666666683,-0.9333333333333341,-0.028000000000000025,
510580,2023-03-15,2.972,2.988,3.0,2.972,257946.0,,0.9421265141318986,0.5383580080753706,0.016000000000000014,
510580,2023-03-16,2.984,2.956,2.984,2.944,292937.0,,1.3386880856760386,-1.070950468540831,-0.03200000000000003,
510580,2023-03-17,2.976,2.968,2.992,2.96,310200.0,,1.0825439783491213,0.4059539918809205,0.01200000000000001,
510580,2023-03-20,2.968,2.96,2.98,2.952,295263.0,,0.9433962264150951,-0.2695417789757415,-0.008000000000000007,
510580,2023-03-21,2.964,2.988,2.988,2.964,272289.0,,0.8108108108108115,0.9459459459459468,0.028000000000000025,
510580,2023-03-22,2.992,3.004,3.004,2.992,154060.0,,0.40160642570281163,0.5354752342704155,0.016000000000000014,
510580,2023-03-23,3.004,3.02,3.02,2.992,209646.0,,0.9320905459387493,0.5326231691078567,0.016000000000000014,
510580,2023-03-24,3.032,3.024,3.032,3.008,188527.0,,0.7947019867549676,0.13245033112582794,0.0040000000000000036,
510580,2023-03-27,3.024,3.024,3.028,3.0,284896.0,,0.9259259259259267,0.0,0.0,
510580,2023-03-28,3.02,3.02,3.032,3.008,337900.0,,0.7936507936507943,-0.1322751322751324,-0.0040000000000000036,
510580,2023-03-29,3.008,3.004,3.024,2.996,284302.0,,0.9271523178807954,-0.5298013245033117,-0.016000000000000014,
510580,2023-03-30,3.0,3.02,3.02,2.988,343870.0,,1.0652463382157134,0.5326231691078567,0.016000000000000014,
510580,2023-03-31,3.032,3.036,3.041,3.012,226776.0,,0.9602649006622489,0.5298013245033117,0.016000000000000014,
510580,2023-04-03,3.041,3.073,3.081,3.041,294404.0,,1.3175230566534926,1.218708827404477,0.03699999999999992,
510580,2023-04-04,3.073,3.077,3.077,3.061,429220.0,,0.5206638464041657,0.13016596160104144,0.0040000000000000036,
510580,2023-04-06,3.049,3.073,3.081,3.049,168894.0,,1.0399740006499847,-0.12999675008124809,-0.0040000000000000036,
510580,2023-04-07,3.073,3.097,3.105,3.061,292855.0,,1.431825577611456,0.7809957696062486,0.02400000000000002,
510580,2023-04-10,3.117,3.073,3.117,3.069,350613.0,,1.5498869874071695,-0.7749434937035847,-0.02400000000000002,
510580,2023-04-11,3.069,3.077,3.081,3.061,335083.0,,0.6508298080052073,0.13016596160104144,0.0040000000000000036,
510580,2023-04-12,3.077,3.089,3.093,3.069,440516.0,,0.7799805004874885,0.38999025024374423,0.01200000000000001,
510580,2023-04-13,3.089,3.077,3.093,3.069,357880.0,,0.776950469407576,-0.388475234703788,-0.01200000000000001,
510580,2023-04-14,3.081,3.085,3.097,3.073,314837.0,,0.7799805004874885,0.25999350016249617,0.008000000000000007,
510580,2023-04-17,3.085,3.097,3.097,3.077,560595.0,,0.6482982171799033,0.388978930307942,0.01200000000000001,
510580,2023-04-18,3.097,3.097,3.101,3.077,533500.0,,0.7749434937035847,0.0,0.0,
510580,2023-04-19,3.093,3.081,3.101,3.073,279287.0,,0.9041007426541823,-0.5166289958023899,-0.016000000000000014,
510580,2023-04-20,3.081,3.077,3.081,3.065,254978.0,,0.5193119117169755,-0.1298279779292439,-0.0040000000000000036,
510580,2023-04-21,3.073,3.008,3.077,3.004,308562.0,,2.372440688982774,-2.242443938901526,-0.06899999999999995,
510580,2023-04-24,3.004,2.984,3.012,2.976,304032.0,,1.1968085106382989,-0.7978723404255326,-0.02400000000000002,
510580,2023-04-25,2.988,2.944,2.992,2.911,324223.0,,2.7144772117962455,-1.340482573726543,-0.040000000000000036,
510580,2023-04-26,2.944,2.952,2.964,2.936,339752.0,,0.95108695652174,0.27173913043478287,0.008000000000000007,
510580,2023-04-27,2.968,2.964,2.98,2.944,395157.0,,1.2195121951219523,0.4065040650406508,0.01200000000000001,
510580,2023-04-28,2.984,3.004,3.008,2.964,203963.0,,1.4844804318488543,1.3495276653171402,0.040000000000000036,
510580,2023-05-04,3.0,3.008,3.008,2.992,276255.0,,0.5326231691078567,0.13315579227696417,0.0040000000000000036,
510580,2023-05-05,3.008,2.984,3.008,2.968,230361.0,,1.3297872340425545,-0.7978723404255326,-0.02400000000000002,
510580,2023-05-08,2.984,3.004,3.008,2.98,246613.0,,0.9383378016085799,0.6702412868632714,0.020000000000000018,
510580,2023-05-09,3.004,2.972,3.012,2.972,259464.0,,1.3315579227696417,-1.0652463382157134,-0.03200000000000003,
510580,2023-05-10,2.972,2.972,2.984,2.956,286743.0,,0.9421265141318986,0.0,0.0,
510580,2023-05-11,2.984,2.96,2.984,2.956,324495.0,,0.9421265141318986,-0.4037685060565279,-0.01200000000000001,
510580,2023-05-12,2.956,2.936,2.976,2.928,295841.0,,1.621621621621623,-0.8108108108108115,-0.02400000000000002,
510580,2023-05-15,2.936,2.968,2.972,2.911,342573.0,,2.0776566757493167,1.0899182561307912,0.03200000000000003,
510580,2023-05-16,2.968,2.948,2.972,2.936,242895.0,,1.2129380053908365,-0.6738544474393537,-0.020000000000000018,
510580,2023-05-17,2.948,2.944,2.956,2.932,278527.0,,0.8141112618724567,-0.13568521031207612,-0.0040000000000000036,
510580,2023-05-18,2.948,2.948,2.964,2.936,386936.0,,0.95108695652174,0.13586956521739144,0.0040000000000000036,
510580,2023-05-19,2.944,2.952,2.968,2.932,374339.0,,1.221166892808685,0.13568521031207612,0.0040000000000000036,
510580,2023-05-22,2.956,2.952,2.964,2.936,280800.0,,0.9485094850948518,0.0,0.0,
510580,2023-05-23,2.956,2.924,2.96,2.92,332445.0,,1.3550135501355027,-0.9485094850948518,-0.028000000000000025,
510580,2023-05-24,2.92,2.895,2.928,2.891,295385.0,,1.2653898768809824,-0.9917920656634718,-0.028999999999999915,
510580,2023-05-25,2.903,2.891,2.911,2.859,350336.0,,1.7962003454231448,-0.1381692573402419,-0.0040000000000000036,
510580,2023-05-26,2.899,2.916,2.92,2.871,240037.0,,1.6949152542372856,0.8647526807333072,0.02499999999999991,
510580,2023-05-29,2.92,2.916,2.94,2.903,371101.0,,1.2688614540466365,0.0,0.0,
510580,2023-05-30,2.911,2.92,2.928,2.883,301152.0,,1.5432098765432076,0.13717421124828544,0.0040000000000000036,
510580,2023-05-31,2.928,2.92,2.928,2.903,270560.0,,0.8561643835616408,0.0,0.0,
510580,2023-06-01,2.924,2.924,2.944,2.907,322581.0,,1.2671232876712302,0.13698630136986314,0.0040000000000000036,
510580,2023-06-02,2.924,2.948,2.956,2.924,308716.0,,1.0943912448700421,0.8207934336525314,0.02400000000000002,
510580,2023-06-05,2.952,2.944,2.956,2.94,299820.0,,0.5427408412483045,-0.13568521031207612,-0.0040000000000000036,
510580,2023-06-06,2.948,2.887,2.952,2.887,353346.0,,2.207880434782607,-1.936141304347824,-0.05699999999999994,
510580,2023-06-07,2.887,2.895,2.907,2.883,304931.0,,0.8313127814340152,0.27710426047800507,0.008000000000000007,
510580,2023-06-08,2.895,2.891,2.899,2.867,396455.0,,1.1053540587219353,-0.1381692573402419,-0.0040000000000000036,
510580,2023-06-09,2.891,2.911,2.911,2.883,239044.0,,0.9685230024213084,0.6918021445866489,0.020000000000000018,
510580,2023-06-12,2.911,2.924,2.932,2.907,242282.0,,0.8588114050154555,0.446581930608035,0.0129999999999999,
510580,2023-06-13,2.92,2.932,2.936,2.92,117583.0,,0.5471956224350211,0.27359781121751053,0.008000000000000007,
510580,2023-06-14,2.932,2.936,2.944,2.928,122592.0,,0.545702592087313,0.13642564802182824,0.0040000000000000036,
510580,2023-06-15,2.936,2.956,2.96,2.932,401742.0,,0.9536784741144423,0.6811989100817445,0.020000000000000018,
510580,2023-06-16,2.956,2.98,2.988,2.956,230900.0,,1.0825439783491213,0.811907983761841,0.02400000000000002,
510580,2023-06-19,2.984,2.976,2.988,2.972,290313.0,,0.5369127516778528,-0.1342281879194632,-0.0040000000000000036,
510580,2023-06-20,2.976,2.972,2.984,2.96,223636.0,,0.8064516129032264,-0.13440860215053776,-0.0040000000000000036,
510580,2023-06-21,2.968,2.911,2.968,2.907,387051.0,,2.0524899057873465,-2.0524899057873465,-0.06099999999999994,
510580,2023-06-26,2.907,2.867,2.907,2.859,406405.0,,1.648917897629682,-1.5115080728272083,-0.04400000000000004,
510580,2023-06-27,2.867,2.891,2.895,2.867,338323.0,,0.9766306243460072,0.837111963725149,0.02400000000000002,
510580,2023-06-28,2.887,2.891,2.899,2.851,296684.0,,1.6603251470079572,0.0,0.0,
510580,2023-06-29,2.891,2.895,2.903,2.879,121922.0,,0.8301625735039786,0.13836042891732975,0.0040000000000000036,
510580,2023-06-30,2.903,2.928,2.936,2.887,203433.0,,1.6925734024179597,1.139896373056992,0.03299999999999992,
510580,2023-07-03,2.936,2.94,2.952,2.924,212456.0,,0.9562841530054653,0.40983606557377084,0.01200000000000001,
510580,2023-07-04,2.944,2.948,2.952,2.936,392994.0,,0.5442176870748304,0.2721088435374152,0.008000000000000007,
510580,2023-07-05,2.948,2.932,2.948,2.928,196053.0,,0.6784260515603806,-0.5427408412483045,-0.016000000000000014,
510580,2023-07-06,2.932,2.92,2.948,2.916,156665.0,,1.091405184174626,-0.4092769440654847,-0.01200000000000001,
510580,2023-07-07,2.916,2.907,2.92,2.895,68573.0,,0.8561643835616408,-0.4452054794520514,-0.0129999999999999,
510580,2023-07-10,2.924,2.92,2.932,2.907,145300.0,,0.8599931200550365,0.4471964224286171,0.0129999999999999,
510580,2023-07-11,2.916,2.944,2.944,2.916,137555.0,,0.958904109589042,0.8219178082191789,0.02400000000000002,
510580,2023-07-12,2.944,2.911,2.948,2.907,107178.0,,1.3926630434782583,-1.1209239130434754,-0.03299999999999992,
510580,2023-07-13,2.94,2.952,2.956,2.924,125602.0,,1.099278598419788,1.4084507042253496,0.040999999999999925,
510580,2023-07-14,2.952,2.944,2.956,2.94,162622.0,,0.542005420054201,-0.2710027100271005,-0.008000000000000007,
510580,2023-07-17,2.94,2.936,2.94,2.92,236849.0,,0.6793478260869571,-0.27173913043478287,-0.008000000000000007,
510580,2023-07-18,2.936,2.936,2.944,2.924,207051.0,,0.6811989100817445,0.0,0.0,
510580,2023-07-19,2.94,2.928,2.944,2.916,147557.0,,0.9536784741144423,-0.2724795640326978,-0.008000000000000007,
510580,2023-07-20,2.944,2.899,2.944,2.891,222208.0,,1.8101092896174842,-0.9904371584699425,-0.028999999999999915,
510580,2023-07-21,2.903,2.899,2.92,2.887,278135.0,,1.1383235598482206,0.0,0.0,
510580,2023-07-24,2.895,2.891,2.911,2.879,195899.0,,1.1038289065194904,-0.2759572266298726,-0.008000000000000007,
510580,2023-07-25,2.907,2.94,2.944,2.907,300358.0,,1.2798339674852965,1.6949152542372856,0.04899999999999993,
510580,2023-07-26,2.94,2.932,2.94,2.924,235561.0,,0.5442176870748304,-0.2721088435374152,-0.008000000000000007,
510580,2023-07-27,2.944,2.916,2.944,2.907,233384.0,,1.2619372442019072,-0.545702592087313,-0.016000000000000014,
510580,2023-07-28,2.932,2.96,2.964,2.903,295611.0,,2.0919067215363496,1.5089163237311398,0.04400000000000004,
510580,2023-07-31,2.956,2.976,3.004,2.952,369176.0,,1.7567567567567584,0.540540540540541,0.016000000000000014,
510580,2023-08-01,2.972,2.976,2.988,2.968,311314.0,,0.6720430107526888,0.0,0.0,
510580,2023-08-02,2.98,2.972,2.984,2.96,350664.0,,0.8064516129032264,-0.13440860215053776,-0.0040000000000000036,
510580,2023-08-03,2.968,2.98,2.98,2.952,359869.0,,0.9421265141318986,0.2691790040376853,0.008000000000000007,
510580,2023-08-04,2.984,2.996,3.016,2.984,275214.0,,1.0738255033557056,0.5369127516778528,0.016000000000000014,
510580,2023-08-07,2.996,2.98,2.996,2.972,335899.0,,0.8010680907877177,-0.5340453938584785,-0.016000000000000014,
510580,2023-08-08,2.98,2.972,2.98,2.956,201068.0,,0.8053691275167794,-0.2684563758389264,-0.008000000000000007,
510580,2023-08-09,2.968,2.956,2.968,2.944,237043.0,,0.8075370121130558,-0.5383580080753706,-0.016000000000000014,
510580,2023-08-10,2.956,2.952,2.956,2.932,222211.0,,0.811907983761841,-0.13531799729364016,-0.0040000000000000036,
510580,2023-08-11,2.952,2.899,2.956,2.895,378498.0,,2.0663956639566377,-1.7953929539295372,-0.052999999999999936,
510580,2023-08-14,2.895,2.895,2.899,2.859,373836.0,,1.379786133149363,-0.1379786133149363,-0.0040000000000000036,
510580,2023-08-15,2.899,2.879,2.903,2.855,293988.0,,1.6580310880829028,-0.5526770293609676,-0.016000000000000014,
510580,2023-08-16,2.879,2.863,2.883,2.859,279809.0,,0.8336227856894763,-0.5557485237929841,-0.016000000000000014,
510580,2023-08-17,2.863,2.875,2.887,2.835,320581.0,,1.8162766329025515,0.4191407614390503,0.01200000000000001,
510580,2023-08-18,2.875,2.831,2.883,2.831,345398.0,,1.8086956521739146,-1.530434782608697,-0.04400000000000004,
510580,2023-08-21,2.835,2.803,2.847,2.799,292923.0,,1.6955139526669036,-0.9890498057223606,-0.028000000000000025,
510580,2023-08-22,2.807,2.815,2.819,2.77,297496.0,,1.7481270067784493,0.42811273635390695,0.01200000000000001,
510580,2023-08-23,2.819,2.77,2.819,2.758,274923.0,,2.166962699822378,-1.598579040852573,-0.04499999999999993,
510580,2023-08-24,2.77,2.774,2.795,2.758,164307.0,,1.3357400722021633,0.144404332129964,0.0040000000000000036,
510580,2023-08-25,2.774,2.742,2.774,2.726,177517.0,,1.7303532804614292,-1.1535688536409527,-0.03200000000000003,
510580,2023-08-28,2.863,2.77,2.903,2.754,363005.0,,5.433989788475566,1.0211524434719192,0.028000000000000025,
510580,2023-08-29,2.77,2.819,2.839,2.758,375073.0,,2.9241877256317674,1.7689530685920551,0.04899999999999993,
510580,2023-08-30,2.831,2.827,2.847,2.819,263677.0,,0.9932600212841443,0.2837885775097555,0.008000000000000007,
510580,2023-08-31,2.839,2.815,2.839,2.807,202377.0,,1.1319419879731174,-0.424478245489919,-0.01200000000000001,
510580,2023-09-01,2.815,2.823,2.835,2.807,224720.0,,0.994671403197159,0.28419182948490257,0.008000000000000007,
510580,2023-09-04,2.823,2.855,2.859,2.819,210385.0,,1.4169323414806956,1.1335458731845565,0.03200000000000003,
510580,2023-09-05,2.855,2.839,2.855,2.831,271889.0,,0.8406304728546418,-0.5604203152364279,-0.016000000000000014,
510580,2023-09-06,2.831,2.835,2.843,2.815,170887.0,,0.986262768580487,-0.14089468122578386,-0.0040000000000000036,
510580,2023-09-07,2.835,2.795,2.835,2.791,205440.0,,1.5520282186948868,-1.4109347442680789,-0.040000000000000036,
510580,2023-09-08,2.795,2.799,2.807,2.782,192422.0,,0.8944543828264727,0.14311270125223627,0.0040000000000000036,
510580,2023-09-11,2.803,2.827,2.847,2.795,216851.0,,1.8578063594140781,1.0003572704537345,0.028000000000000025,
510580,2023-09-12,2.827,2.831,2.839,2.823,73383.0,,0.5659709939865587,0.14149274849663968,0.0040000000000000036,
510580,2023-09-13,2.831,2.799,2.831,2.786,173155.0,,1.5895443306252182,-1.130342635111269,-0.03200000000000003,
510580,2023-09-14,2.799,2.795,2.803,2.782,179105.0,,0.7502679528402968,-0.14290818149339063,-0.0040000000000000036,
510580,2023-09-15,2.795,2.799,2.815,2.782,161255.0,,1.1806797853309452,0.14311270125223627,0.0040000000000000036,
510580,2023-09-18,2.795,2.803,2.815,2.778,305920.0,,1.3219006788138592,0.14290818149339063,0.0040000000000000036,
510580,2023-09-19,2.807,2.795,2.807,2.782,221238.0,,0.8919015340706354,-0.2854084909026046,-0.008000000000000007,
510580,2023-09-20,2.795,2.778,2.795,2.774,197063.0,,0.7513416815742364,-0.6082289803220001,-0.016999999999999904,
510580,2023-09-21,2.774,2.754,2.782,2.75,186454.0,,1.1519078473722113,-0.8639308855291584,-0.02400000000000002,
510580,2023-09-22,2.75,2.799,2.799,2.75,216020.0,,1.779230210602757,1.6339869281045725,0.04499999999999993,
510580,2023-09-25,2.799,2.782,2.799,2.774,151403.0,,0.8931761343336875,-0.6073597713469061,-0.016999999999999904,
510580,2023-09-26,2.786,2.778,2.791,2.774,111471.0,,0.611071171818832,-0.14378145219266728,-0.0040000000000000036,
510580,2023-09-27,2.782,2.786,2.799,2.774,227080.0,,0.8999280057595361,0.2879769618430528,0.008000000000000007,
510580,2023-09-28,2.786,2.791,2.799,2.782,161753.0,,0.6101938262742248,0.17946877243359272,0.004999999999999893,
510580,2023-10-09,2.786,2.774,2.791,2.762,187777.0,,1.039054102472229,-0.6091006807595809,-0.016999999999999904,
510580,2023-10-10,2.782,2.766,2.786,2.758,189036.0,,1.0093727469358336,-0.2883922134102382,-0.008000000000000007,
510580,2023-10-11,2.758,2.762,2.786,2.754,162288.0,,1.1569052783803335,-0.1446131597975417,-0.0040000000000000036,
510580,2023-10-12,2.766,2.782,2.786,2.766,118782.0,,0.7241129616220137,0.7241129616220137,0.020000000000000018,
510580,2023-10-13,2.778,2.77,2.778,2.758,134854.0,,0.7189072609633363,-0.43134435657800185,-0.01200000000000001,
510580,2023-10-16,2.77,2.746,2.77,2.73,143658.0,,1.4440433212996402,-0.866425992779784,-0.02400000000000002,
510580,2023-10-17,2.75,2.746,2.75,2.726,84157.0,,0.873998543335762,0.0,0.0,
510580,2023-10-18,2.754,2.718,2.754,2.714,130144.0,,1.4566642388929365,-1.0196649672250555,-0.028000000000000025,
510580,2023-10-19,2.718,2.69,2.718,2.682,209186.0,,1.3245033112582794,-1.0301692420897728,-0.028000000000000025,
510580,2023-10-20,2.682,2.67,2.69,2.657,363437.0,,1.2267657992565026,-0.7434944237918222,-0.020000000000000018,
510580,2023-10-23,2.666,2.597,2.666,2.581,298759.0,,3.1835205992509352,-2.7340823970037436,-0.07299999999999995,
510580,2023-10-24,2.601,2.625,2.633,2.597,207075.0,,1.3862148633038134,1.078167115902966,0.028000000000000025,
510580,2023-10-25,2.637,2.641,2.661,2.637,118490.0,,0.914285714285715,0.60952380952381,0.016000000000000014,
510580,2023-10-26,2.637,2.653,2.653,2.621,150769.0,,1.211662249148051,0.4543733434305191,0.01200000000000001,
510580,2023-10-27,2.653,2.694,2.71,2.641,140536.0,,2.600829249905765,1.5454202789295108,0.040999999999999925,
510580,2023-10-30,2.694,2.722,2.73,2.69,214497.0,,1.4847809948032678,1.0393466963622875,0.028000000000000025,
510580,2023-10-31,2.722,2.714,2.726,2.698,1026438.0,,1.0286554004408532,-0.29390154298310095,-0.008000000000000007,
510580,2023-11-01,2.718,2.706,2.718,2.698,256451.0,,0.7369196757553433,-0.29476787030213736,-0.008000000000000007,
510580,2023-11-02,2.71,2.686,2.718,2.678,218953.0,,1.478196600147821,-0.7390983000739105,-0.020000000000000018,
510580,2023-11-03,2.69,2.698,2.718,2.686,295927.0,,1.1913626209977672,0.4467609828741627,0.01200000000000001,
510580,2023-11-06,2.71,2.746,2.75,2.71,320876.0,,1.4825796886582667,1.77909562638992,0.04800000000000004,
510580,2023-11-07,2.742,2.75,2.762,2.734,282276.0,,1.0196649672250555,0.14566642388929366,0.0040000000000000036,
510580,2023-11-08,2.75,2.75,2.762,2.734,355753.0,,1.0181818181818192,0.0,0.0,
510580,2023-11-09,2.75,2.742,2.77,2.738,210131.0,,1.1636363636363647,-0.2909090909090912,-0.008000000000000007,
510580,2023-11-10,2.746,2.738,2.746,2.722,174782.0,,0.8752735229759309,-0.14587892049598847,-0.0040000000000000036,
510580,2023-11-13,2.738,2.746,2.75,2.726,151603.0,,0.8765522279035801,0.29218407596786,0.008000000000000007,
510580,2023-11-14,2.75,2.762,2.766,2.746,225714.0,,0.7283321194464683,0.5826656955571746,0.016000000000000014,
510580,2023-11-15,2.774,2.778,2.791,2.77,208903.0,,0.7603186097031103,0.5792903692976109,0.016000000000000014,
510580,2023-11-16,2.774,2.75,2.774,2.746,201381.0,,1.007919366450685,-1.007919366450685,-0.028000000000000025,
510580,2023-11-17,2.75,2.758,2.762,2.742,164437.0,,0.7272727272727278,0.2909090909090912,0.008000000000000007,
510580,2023-11-20,2.758,2.778,2.786,2.75,292348.0,,1.3052936910804942,0.7251631617113857,0.020000000000000018,
510580,2023-11-21,2.778,2.77,2.795,2.762,239091.0,,1.1879049676025888,-0.2879769618430528,-0.008000000000000007,
510580,2023-11-22,2.766,2.738,2.77,2.734,258625.0,,1.2996389891696762,-1.155234657039712,-0.03200000000000003,
510580,2023-11-23,2.738,2.762,2.766,2.722,284543.0,,1.6070124178232301,0.8765522279035801,0.02400000000000002,
510580,2023-11-24,2.762,2.734,2.762,2.726,252222.0,,1.3034033309196245,-1.0137581462708192,-0.028000000000000025,
510580,2023-11-27,2.742,2.73,2.746,2.714,240405.0,,1.1704462326261897,-0.14630577907827372,-0.0040000000000000036,
510580,2023-11-28,2.73,2.742,2.75,2.71,210571.0,,1.4652014652014667,0.43956043956044,0.01200000000000001,
510580,2023-11-29,2.738,2.726,2.742,2.722,272032.0,,0.7293946024799423,-0.5835156819839539,-0.016000000000000014,
510580,2023-11-30,2.738,2.718,2.738,2.706,177500.0,,1.173881144534117,-0.29347028613352927,-0.008000000000000007,
510580,2023-12-01,2.718,2.726,2.738,2.706,190730.0,,1.177336276674026,0.2943340691685065,0.008000000000000007,
510580,2023-12-04,2.726,2.73,2.754,2.726,905080.0,,1.0271460014673524,0.14673514306676463,0.0040000000000000036,
510580,2023-12-05,2.73,2.686,2.73,2.686,252678.0,,1.6117216117216133,-1.6117216117216133,-0.04400000000000004,
510580,2023-12-06,2.686,2.69,2.71,2.678,371608.0,,1.1913626209977672,0.1489203276247209,0.0040000000000000036,
510580,2023-12-07,2.69,2.694,2.706,2.67,355024.0,,1.33828996282528,0.14869888475836443,0.0040000000000000036,
510580,2023-12-08,2.71,2.698,2.71,2.69,237959.0,,0.7423904974016339,0.1484780994803268,0.0040000000000000036,
510580,2023-12-11,2.698,2.722,2.738,2.67,253066.0,,2.520385470719053,0.88954781319496,0.02400000000000002,
510580,2023-12-12,2.722,2.73,2.734,2.718,369265.0,,0.5878030859662019,0.29390154298310095,0.008000000000000007,
510580,2023-12-13,2.73,2.702,2.73,2.698,337764.0,,1.172161172161173,-1.0256410256410264,-0.028000000000000025,
510580,2023-12-14,2.702,2.698,2.73,2.69,396955.0,,1.4803849000740206,-0.14803849000740205,-0.0040000000000000036,
510580,2023-12-15,2.702,2.678,2.71,2.666,360662.0,,1.6308376575240935,-0.7412898443291334,-0.020000000000000018,
510580,2023-12-18,2.674,2.645,2.674,2.637,395633.0,,1.381628080657204,-1.2322628827483166,-0.03299999999999992,
510580,2023-12-19,2.641,2.641,2.653,2.621,222034.0,,1.2098298676748593,-0.15122873345935742,-0.0040000000000000036,
510580,2023-12-20,2.641,2.613,2.645,2.609,259599.0,,1.3631200302915574,-1.0602044680045446,-0.028000000000000025,
510580,2023-12-21,2.609,2.621,2.629,2.581,423035.0,,1.8369690011481075,0.3061615001913512,0.008000000000000007,
510580,2023-12-22,2.621,2.609,2.633,2.597,309166.0,,1.3735215566577654,-0.4578405188859218,-0.01200000000000001,
510580,2023-12-25,2.609,2.609,2.625,2.597,330341.0,,1.073208125718667,0.0,0.0,
510580,2023-12-26,2.621,2.585,2.621,2.569,342827.0,,1.993100804906096,-0.919892679187429,-0.02400000000000002,
510580,2023-12-27,2.585,2.589,2.597,2.569,1077199.0,,1.0831721470019353,0.1547388781431336,0.0040000000000000036,
510580,2023-12-28,2.589,2.641,2.645,2.585,420680.0,,2.3174971031286233,2.00849748937814,0.052000000000000046,
510580,2023-12-29,2.633,2.666,2.67,2.633,214948.0,,1.4009844755774297,0.9466111321469107,0.02499999999999991,
510580,2024-01-02,2.666,2.653,2.674,2.649,249609.0,,0.9377344336083988,-0.4876219054763654,-0.0129999999999999,
510580,2024-01-03,2.649,2.649,2.661,2.633,149355.0,,1.0554089709762544,-0.1507727101394649,-0.0040000000000000036,
510580,2024-01-04,2.645,2.629,2.645,2.613,191523.0,,1.208003020007551,-0.7550018875047194,-0.020000000000000018,
510580,2024-01-05,2.629,2.597,2.633,2.585,236955.0,,1.82578927348802,-1.2171928489920132,-0.03200000000000003,
510580,2024-01-08,2.593,2.532,2.593,2.532,320390.0,,2.3488640739314572,-2.502887947631881,-0.06499999999999995,
510580,2024-01-09,2.536,2.545,2.561,2.528,231538.0,,1.3033175355450206,0.5134281200631873,0.0129999999999999,
510580,2024-01-10,2.541,2.536,2.561,2.508,215631.0,,2.0825147347740645,-0.3536345776031394,-0.008999999999999897,
510580,2024-01-11,2.532,2.561,2.577,2.528,329148.0,,1.9321766561514169,0.9858044164037819,0.02499999999999991,
510580,2024-01-12,2.561,2.557,2.585,2.553,188749.0,,1.2495119094103877,-0.15618898867629846,-0.0040000000000000036,
510580,2024-01-15,2.541,2.549,2.573,2.532,156494.0,,1.603441533046536,-0.3128666405944469,-0.008000000000000007,
510580,2024-01-16,2.549,2.545,2.557,2.512,189841.0,,1.765398195370731,-0.15692428403295425,-0.0040000000000000036,
510580,2024-01-17,2.541,2.48,2.541,2.472,247538.0,,2.711198428290764,-2.5540275049115895,-0.06499999999999995,
510580,2024-01-18,2.472,2.48,2.488,2.407,358868.0,,3.266129032258063,0.0,0.0,
510580,2024-01-19,2.48,2.468,2.492,2.456,378269.0,,1.4516129032258078,-0.48387096774193594,-0.01200000000000001,
510580,2024-01-22,2.472,2.359,2.472,2.347,522164.0,,5.06482982171799,-4.416531604538087,-0.10899999999999999,
510580,2024-01-23,2.379,2.379,2.399,2.319,439566.0,,3.3912674862229792,0.8478168715557448,0.020000000000000018,
510580,2024-01-24,2.383,2.428,2.428,2.335,589596.0,,3.909205548549809,2.0596889449348437,0.04899999999999993,
510580,2024-01-25,2.42,2.492,2.496,2.403,351195.0,,3.8303130148270172,2.635914332784187,0.06400000000000006,
510580,2024-01-26,2.492,2.464,2.492,2.456,298885.0,,1.444622792937401,-1.1235955056179785,-0.028000000000000025,
510580,2024-01-29,2.468,2.42,2.5,2.415,324093.0,,3.4496753246753236,-1.7857142857142874,-0.04400000000000004,
510580,2024-01-30,2.415,2.359,2.424,2.355,332427.0,,2.8512396694214854,-2.520661157024791,-0.06099999999999994,
510580,2024-01-31,2.371,2.303,2.371,2.299,512436.0,,3.052140737600681,-2.373887240356085,-0.05600000000000005,
510580,2024-02-01,2.303,2.299,2.343,2.27,386727.0,,3.1697785497177575,-0.1736864958749459,-0.0040000000000000036,
510580,2024-02-02,2.299,2.254,2.323,2.165,505935.0,,6.872553284036534,-1.9573727707698967,-0.04499999999999993,
510580,2024-02-05,2.202,2.198,2.266,2.113,541762.0,,6.787932564330081,-2.4844720496894435,-0.05600000000000005,
510580,2024-02-06,2.178,2.375,2.391,2.157,790094.0,,10.646041856232939,8.052775250227482,0.17700000000000005,
510580,2024-02-07,2.367,2.516,2.524,2.339,1132133.0,,7.789473684210528,5.936842105263159,0.14100000000000001,
510580,2024-02-08,2.565,2.524,2.645,2.512,1130099.0,,5.286168521462639,0.31796502384737707,0.008000000000000007,
510580,2024-02-19,2.532,2.512,2.557,2.484,731359.0,,2.892234548335973,-0.4754358161648182,-0.01200000000000001,
510580,2024-02-20,2.508,2.516,2.524,2.488,308175.0,,1.4331210191082815,0.15923566878980905,0.0040000000000000036,
510580,2024-02-21,2.512,2.52,2.577,2.488,616661.0,,3.537360890302065,0.15898251192368854,0.0040000000000000036,
510580,2024-02-22,2.516,2.532,2.545,2.508,357353.0,,1.468253968253965,0.4761904761904766,0.01200000000000001,
510580,2024-02-23,2.532,2.549,2.549,2.504,439877.0,,1.7772511848341204,0.6714060031595539,0.016999999999999904,
510580,2024-02-26,2.545,2.545,2.577,2.532,1453557.0,,1.765398195370731,-0.15692428403295425,-0.0040000000000000036,
510580,2024-02-27,2.545,2.609,2.609,2.532,1315145.0,,3.025540275049114,2.5147347740668,0.06400000000000006,
510580,2024-02-28,2.609,2.545,2.641,2.541,948792.0,,3.832886163280954,-2.4530471444998105,-0.06400000000000006,
510580,2024-02-29,2.541,2.617,2.629,2.508,538401.0,,4.754420432220039,2.8290766208251497,0.07200000000000006,
510580,2024-03-01,2.617,2.641,2.645,2.605,518605.0,,1.5284677111196041,0.9170806266717624,0.02400000000000002,
510580,2024-03-04,2.637,2.641,2.645,2.609,267968.0,,1.3631200302915574,0.0,0.0,
510580,2024-03-05,2.633,2.625,2.641,2.613,561564.0,,1.0602044680045446,-0.6058311245740255,-0.016000000000000014,
510580,2024-03-06,2.621,2.617,2.653,2.597,711430.0,,2.1333333333333355,-0.304761904761905,-0.008000000000000007,
510580,2024-03-07,2.621,2.589,2.645,2.585,498509.0,,2.2927015666794057,-1.069927397783723,-0.028000000000000025,
510580,2024-03-08,2.593,2.621,2.629,2.581,546082.0,,1.8539976825028985,1.2359984550019325,0.03200000000000003,
510580,2024-03-11,2.625,2.674,2.674,2.617,406188.0,,2.1747424647081246,2.022128958412817,0.052999999999999936,
510580,2024-03-12,2.67,2.661,2.686,2.637,700421.0,,1.8324607329842906,-0.4861630516080741,-0.0129999999999999,
510580,2024-03-13,2.674,2.653,2.682,2.641,536690.0,,1.540774145058246,-0.3006388575723415,-0.008000000000000007,
510580,2024-03-14,2.653,2.641,2.674,2.625,418197.0,,1.846965699208441,-0.45231813041839464,-0.01200000000000001,
510580,2024-03-15,2.641,2.674,2.682,2.625,397166.0,,2.1582733812949617,1.2495266944339234,0.03299999999999992,
510580,2024-03-18,2.674,2.714,2.718,2.674,442292.0,,1.6454749439042646,1.4958863126402406,0.040000000000000036,
510580,2024-03-19,2.714,2.686,2.714,2.682,745603.0,,1.1790714812085494,-1.0316875460574808,-0.028000000000000025,
510580,2024-03-20,2.694,2.694,2.702,2.678,649047.0,,0.8935219657483254,0.2978406552494418,0.008000000000000007,
510580,2024-03-21,2.694,2.678,2.706,2.674,622648.0,,1.1878247958426145,-0.5939123979213072,-0.016000000000000014,
510580,2024-03-22,2.69,2.641,2.69,2.625,432389.0,,2.4271844660194155,-1.381628080657204,-0.03699999999999992,
510580,2024-03-25,2.637,2.601,2.649,2.597,326612.0,,1.968951154865583,-1.5145778114350639,-0.040000000000000036,
510580,2024-03-26,2.601,2.585,2.613,2.569,752773.0,,1.6916570549788557,-0.6151480199923112,-0.016000000000000014,
510580,2024-03-27,2.589,2.532,2.589,2.528,537506.0,,2.3597678916827833,-2.050290135396516,-0.052999999999999936,
510580,2024-03-28,2.532,2.561,2.593,2.528,509498.0,,2.5671406003159536,1.1453396524486539,0.028999999999999915,
510580,2024-03-29,2.561,2.597,2.601,2.553,2049323.0,,1.8742678641155814,1.405700898086686,0.03600000000000003,
510580,2024-04-01,2.597,2.649,2.657,2.597,1242141.0,,2.3103581055063556,2.0023103581055084,0.052000000000000046,
510580,2024-04-02,2.641,2.637,2.649,2.625,434113.0,,0.9060022650056633,-0.45300113250283164,-0.01200000000000001,
510580,2024-04-03,2.637,2.637,2.641,2.621,304429.0,,0.7584376185058785,0.0,0.0,
510580,2024-04-08,2.637,2.601,2.641,2.593,458821.0,,1.8202502844141086,-1.3651877133105814,-0.03600000000000003,
510580,2024-04-09,2.605,2.621,2.621,2.593,336785.0,,1.0765090349865445,0.768935024990389,0.020000000000000018,
510580,2024-04-10,2.621,2.593,2.621,2.573,267830.0,,1.8313620755436872,-1.068294544067151,-0.028000000000000025,
510580,2024-04-11,2.585,2.601,2.629,2.573,244280.0,,2.1596606247589683,0.3085229463941383,0.008000000000000007,
510580,2024-04-12,2.601,2.589,2.621,2.585,357031.0,,1.3840830449827002,-0.46136101499423343,-0.01200000000000001,
510580,2024-04-15,2.589,2.625,2.637,2.565,327131.0,,2.7809965237543475,1.3904982618771737,0.03600000000000003,
510580,2024-04-16,2.625,2.553,2.625,2.541,331034.0,,3.200000000000003,-2.742857142857145,-0.07200000000000006,
510580,2024-04-17,2.553,2.621,2.625,2.553,211633.0,,2.8202115158636922,2.6635330983157095,0.06800000000000006,
510580,2024-04-18,2.621,2.625,2.653,2.597,294419.0,,2.136589088134302,0.15261350629530726,0.0040000000000000036,
510580,2024-04-19,2.625,2.609,2.637,2.597,341757.0,,1.5238095238095253,-0.60952380952381,-0.016000000000000014,
510580,2024-04-22,2.593,2.593,2.625,2.577,315776.0,,1.839785358374858,-0.6132617861249526,-0.016000000000000014,
510580,2024-04-23,2.589,2.561,2.597,2.549,201606.0,,1.8511376783648301,-1.2340917855765532,-0.03200000000000003,
510580,2024-04-24,2.561,2.585,2.589,2.545,169222.0,,1.7180788754392833,0.9371339320577907,0.02400000000000002,
510580,2024-04-25,2.581,2.581,2.605,2.569,190938.0,,1.3926499032882023,-0.1547388781431336,-0.0040000000000000036,
510580,2024-04-26,2.581,2.645,2.645,2.581,221386.0,,2.479659046881056,2.479659046881056,0.06400000000000006,
510580,2024-04-29,2.641,2.694,2.702,2.637,662033.0,,2.457466918714554,1.8525519848771241,0.04899999999999993,
510580,2024-04-30,2.718,2.678,2.718,2.67,235166.0,,1.7817371937639215,-0.5939123979213072,-0.016000000000000014,
510580,2024-05-06,2.714,2.714,2.722,2.69,306305.0,,1.1949215832710989,1.3442867811799863,0.03600000000000003,
510580,2024-05-07,2.714,2.714,2.726,2.702,177147.0,,0.884303610906412,0.0,0.0,
510580,2024-05-08,2.71,2.678,2.71,2.674,274197.0,,1.326455416359618,-1.326455416359618,-0.03600000000000003,
510580,2024-05-09,2.678,2.726,2.738,2.678,243813.0,,2.2404779686333103,1.7923823749066485,0.04800000000000004,
510580,2024-05-10,2.726,2.718,2.738,2.698,128111.0,,1.4673514306676463,-0.29347028613352927,-0.008000000000000007,
510580,2024-05-13,2.714,2.702,2.718,2.682,186785.0,,1.3245033112582794,-0.588668138337013,-0.016000000000000014,
510580,2024-05-14,2.706,2.702,2.726,2.69,166664.0,,1.3323464100666185,0.0,0.0,
510580,2024-05-15,2.702,2.678,2.702,2.674,140149.0,,1.0362694300518145,-0.8882309400444124,-0.02400000000000002,
510580,2024-05-16,2.674,2.674,2.698,2.661,1705368.0,,1.381628080657204,-0.14936519790888736,-0.0040000000000000036,
510580,2024-05-17,2.678,2.702,2.706,2.661,266794.0,,1.6828721017202668,1.0471204188481684,0.028000000000000025,
510580,2024-05-20,2.702,2.714,2.726,2.694,401822.0,,1.1843079200592164,0.4441154700222062,0.01200000000000001,
510580,2024-05-21,2.714,2.694,2.714,2.686,177812.0,,1.0316875460574808,-0.7369196757553433,-0.020000000000000018,
510580,2024-05-22,2.694,2.694,2.702,2.686,149148.0,,0.5939123979213072,0.0,0.0,
510580,2024-05-23,2.682,2.645,2.686,2.633,243326.0,,1.9673348181143258,-1.8188567186339992,-0.04899999999999993,
510580,2024-05-24,2.633,2.621,2.661,2.613,159612.0,,1.814744801512289,-0.9073724007561444,-0.02400000000000002,
510580,2024-05-27,2.625,2.645,2.649,2.605,186965.0,,1.6787485692483801,0.9156810377718436,0.02400000000000002,
510580,2024-05-28,2.645,2.621,2.645,2.613,163101.0,,1.2098298676748593,-0.9073724007561444,-0.02400000000000002,
510580,2024-05-29,2.625,2.625,2.645,2.613,803874.0,,1.220908050362458,0.15261350629530726,0.0040000000000000036,
510580,2024-05-30,2.625,2.625,2.641,2.613,365187.0,,1.0666666666666678,0.0,0.0,
510580,2024-05-31,2.625,2.621,2.649,2.617,178212.0,,1.21904761904762,-0.1523809523809525,-0.0040000000000000036,
510580,2024-06-03,2.625,2.601,2.625,2.577,241242.0,,1.8313620755436872,-0.7630675314765364,-0.020000000000000018,
510580,2024-06-04,2.597,2.637,2.645,2.589,336591.0,,2.153018069973089,1.3840830449827002,0.03600000000000003,
510580,2024-06-05,2.633,2.609,2.637,2.605,214197.0,,1.2135001896094058,-1.0618126659082299,-0.028000000000000025,
510580,2024-06-06,2.609,2.589,2.625,2.577,284330.0,,1.839785358374858,-0.7665772326561908,-0.020000000000000018,
510580,2024-06-07,2.597,2.577,2.609,2.561,231422.0,,1.8539976825028985,-0.46349942062572463,-0.01200000000000001,
510580,2024-06-11,2.577,2.585,2.593,2.553,1130561.0,,1.5521924718665128,0.31043849437330256,0.008000000000000007,
510580,2024-06-12,2.585,2.593,2.597,2.577,287605.0,,0.773694390715668,0.3094777562862672,0.008000000000000007,
510580,2024-06-13,2.593,2.577,2.597,2.565,317110.0,,1.2340917855765532,-0.6170458927882766,-0.016000000000000014,
510580,2024-06-14,2.573,2.589,2.597,2.561,615275.0,,1.3969732246798614,0.4656577415599539,0.01200000000000001,
510580,2024-06-17,2.585,2.581,2.589,2.573,220872.0,,0.6179992275009663,-0.3089996137504831,-0.008000000000000007,
510580,2024-06-18,2.581,2.593,2.601,2.581,291185.0,,0.77489345215033,0.46493607129019804,0.01200000000000001,
510580,2024-06-19,2.593,2.565,2.601,2.561,204477.0,,1.5426147319706918,-1.0798303123794841,-0.028000000000000025,
510580,2024-06-20,2.561,2.528,2.573,2.524,315005.0,,1.910331384015592,-1.44249512670565,-0.03699999999999992,
510580,2024-06-21,2.528,2.532,2.549,2.516,270588.0,,1.3053797468354398,0.15822784810126597,0.0040000000000000036,
510580,2024-06-24,2.528,2.48,2.528,2.472,456901.0,,2.211690363349133,-2.0537124802527664,-0.052000000000000046,
510580,2024-06-25,2.48,2.46,2.492,2.44,304193.0,,2.096774193548389,-0.8064516129032264,-0.020000000000000018,
510580,2024-06-26,2.464,2.496,2.5,2.44,272001.0,,2.4390243902439046,1.4634146341463428,0.03600000000000003,
510580,2024-06-27,2.492,2.456,2.492,2.448,428985.0,,1.7628205128205146,-1.6025641025641042,-0.040000000000000036,
510580,2024-06-28,2.456,2.46,2.492,2.448,331242.0,,1.7915309446254086,0.16286644951140078,0.0040000000000000036,
510580,2024-07-01,2.456,2.484,2.496,2.448,333857.0,,1.9512195121951237,0.9756097560975618,0.02400000000000002,
510580,2024-07-02,2.488,2.464,2.488,2.452,280951.0,,1.449275362318842,-0.8051529790660233,-0.020000000000000018,
510580,2024-07-03,2.456,2.44,2.468,2.44,233393.0,,1.1363636363636374,-0.9740259740259749,-0.02400000000000002,
510580,2024-07-04,2.448,2.411,2.456,2.399,354787.0,,2.3360655737704894,-1.188524590163931,-0.028999999999999915,
510580,2024-07-05,2.407,2.42,2.432,2.387,252367.0,,1.8664454583160486,0.373289091663206,0.008999999999999897,
510580,2024-07-08,2.42,2.387,2.42,2.375,253302.0,,1.8595041322314023,-1.3636363636363602,-0.03299999999999992,
510580,2024-07-09,2.387,2.428,2.44,2.367,374070.0,,3.058232090490153,1.717637201508166,0.040999999999999925,
510580,2024-07-10,2.428,2.415,2.44,2.411,204195.0,,1.1943986820428303,-0.5354200988467833,-0.0129999999999999,
510580,2024-07-11,2.44,2.464,2.468,2.428,390121.0,,1.656314699792962,2.028985507246374,0.04899999999999993,
510580,2024-07-12,2.472,2.448,2.472,2.44,454828.0,,1.2987012987012998,-0.6493506493506499,-0.016000000000000014,
510580,2024-07-15,2.452,2.436,2.452,2.424,289004.0,,1.1437908496732037,-0.490196078431373,-0.01200000000000001,
510580,2024-07-16,2.432,2.44,2.448,2.42,179015.0,,1.1494252873563229,0.16420361247947468,0.0040000000000000036,
510580,2024-07-17,2.44,2.424,2.448,2.42,176647.0,,1.1475409836065584,-0.6557377049180334,-0.016000000000000014,
510580,2024-07-18,2.415,2.436,2.436,2.391,342849.0,,1.8564356435643536,0.4950495049504955,0.01200000000000001,
510580,2024-07-19,2.411,2.432,2.448,2.407,214845.0,,1.683087027914611,-0.16420361247947468,-0.0040000000000000036,
510580,2024-07-22,2.432,2.428,2.44,2.411,255905.0,,1.1924342105263124,-0.16447368421052647,-0.0040000000000000036,
510580,2024-07-23,2.432,2.359,2.432,2.355,295216.0,,3.1713344316309704,-2.8418451400329467,-0.06899999999999995,
510580,2024-07-24,2.355,2.331,2.367,2.327,268133.0,,1.6956337431114896,-1.1869436201780426,-0.028000000000000025,
510580,2024-07-25,2.335,2.331,2.355,2.311,259447.0,,1.8876018876018894,0.0,0.0,
510580,2024-07-26,2.339,2.367,2.371,2.331,230453.0,,1.7160017160017176,1.5444015444015458,0.03600000000000003,
510580,2024-07-29,2.371,2.347,2.371,2.347,146262.0,,1.0139416983523457,-0.8449514152936214,-0.020000000000000018,
510580,2024-07-30,2.347,2.347,2.355,2.319,177157.0,,1.5338730293992344,0.0,0.0,
510580,2024-07-31,2.343,2.444,2.448,2.339,357683.0,,4.644226672347678,4.132935662547933,0.09699999999999998,
510580,2024-08-01,2.44,2.424,2.464,2.411,178404.0,,2.168576104746315,-0.8183306055646489,-0.020000000000000018,
510580,2024-08-02,2.424,2.395,2.44,2.387,151619.0,,2.1864686468646837,-1.1963696369636927,-0.028999999999999915,
510580,2024-08-05,2.387,2.351,2.424,2.343,416886.0,,3.382045929018788,-1.8371607515657635,-0.04400000000000004,
510580,2024-08-06,2.363,2.375,2.387,2.343,122979.0,,1.8715440238196528,1.0208421948107198,0.02400000000000002,
510580,2024-08-07,2.371,2.367,2.391,2.355,220407.0,,1.515789473684212,-0.33684210526315816,-0.008000000000000007,
510580,2024-08-08,2.371,2.375,2.395,2.347,224885.0,,2.0278833967046914,0.33798056611744853,0.008000000000000007,
510580,2024-08-09,2.387,2.359,2.399,2.355,218015.0,,1.85263157894737,-0.6736842105263163,-0.016000000000000014,
510580,2024-08-12,2.359,2.355,2.367,2.343,196945.0,,1.0173802458668937,-0.16956337431114896,-0.0040000000000000036,
510580,2024-08-13,2.355,2.363,2.367,2.335,226892.0,,1.358811040339704,0.339702760084926,0.008000000000000007,
510580,2024-08-14,2.363,2.331,2.363,2.327,281122.0,,1.5234870926787996,-1.354210749047822,-0.03200000000000003,
510580,2024-08-15,2.335,2.347,2.371,2.323,384307.0,,2.059202059202061,0.686400686400687,0.016000000000000014,
510580,2024-08-16,2.347,2.335,2.351,2.331,242028.0,,0.8521516829995748,-0.5112910097997447,-0.01200000000000001,
510580,2024-08-19,2.335,2.343,2.367,2.335,214021.0,,1.3704496788008578,0.34261241970021444,0.008000000000000007,
510580,2024-08-20,2.347,2.303,2.347,2.295,342750.0,,2.219376867264193,-1.7072129748186102,-0.040000000000000036,
510580,2024-08-21,2.299,2.295,2.307,2.29,119945.0,,0.7381676074685152,-0.3473729917498918,-0.008000000000000007,
510580,2024-08-22,2.299,2.27,2.303,2.262,228655.0,,1.7864923747276655,-1.0893246187363796,-0.02499999999999991,
510580,2024-08-23,2.27,2.27,2.278,2.258,239634.0,,0.8810572687224677,0.0,0.0,
510580,2024-08-26,2.266,2.274,2.278,2.262,119605.0,,0.7048458149779742,0.17621145374449354,0.0040000000000000036,
510580,2024-08-27,2.27,2.25,2.27,2.246,120362.0,,1.0554089709762544,-1.0554089709762544,-0.02400000000000002,
510580,2024-08-28,2.246,2.25,2.266,2.242,164563.0,,1.0666666666666678,0.0,0.0,
510580,2024-08-29,2.25,2.278,2.29,2.238,207309.0,,2.311111111111113,1.2444444444444456,0.028000000000000025,
510580,2024-08-30,2.282,2.323,2.359,2.278,371279.0,,3.5557506584723426,1.9754170324846325,0.04499999999999993,
510580,2024-09-02,2.323,2.278,2.323,2.276,90229.0,,2.02324580284116,-1.9371502367628037,-0.04499999999999993,
510580,2024-09-03,2.277,2.294,2.307,2.27,89651.0,,1.6242317822651415,0.7023705004389822,0.016000000000000014,
510580,2024-09-04,2.289,2.291,2.313,2.273,83002.0,,1.7436791630340034,-0.13077593722755507,-0.0030000000000001137,
510580,2024-09-05,2.294,2.3,2.317,2.292,39190.0,,1.091226538629435,0.3928415539065865,0.008999999999999897,
510580,2024-09-06,2.308,2.268,2.31,2.265,64253.0,,1.956521739130432,-1.3913043478260883,-0.03200000000000003,
510580,2024-09-09,2.258,2.253,2.274,2.247,87453.0,,1.1904761904761965,-0.6613756613756474,-0.01499999999999968,
510580,2024-09-10,2.254,2.253,2.267,2.215,88100.0,,2.308033732800712,0.0,0.0,
510580,2024-09-11,2.251,2.258,2.264,2.239,121012.0,,1.1096316023080297,0.221926320461602,0.004999999999999893,
510580,2024-09-12,2.257,2.252,2.285,2.248,89960.0,,1.6386182462356031,-0.26572187776794626,-0.006000000000000227,
510580,2024-09-13,2.252,2.228,2.256,2.226,60662.0,,1.332149200710471,-1.065719360568365,-0.023999999999999577,
510580,2024-09-18,2.228,2.234,2.239,2.197,84792.0,,1.8850987432674962,0.2692998204667766,0.005999999999999783,
510580,2024-09-19,2.234,2.267,2.287,2.218,107622.0,,3.0886302596239905,1.4771709937332103,0.03299999999999992,
510580,2024-09-20,2.265,2.25,2.265,2.237,77202.0,,1.235112483458316,-0.749889722099687,-0.016999999999999904,
510580,2024-09-23,2.25,2.251,2.276,2.239,72324.0,,1.644444444444441,0.044444444444439554,0.0009999999999998899,
510580,2024-09-24,2.265,2.349,2.349,2.255,432132.0,,4.175921812527779,4.353620613060876,0.09800000000000031,
510580,2024-09-25,2.36,2.377,2.427,2.36,248127.0,,2.85227756492125,1.191996594295427,0.02799999999999958,
510580,2024-09-26,2.376,2.495,2.498,2.358,184579.0,,5.889777029869589,4.96424063946152,0.11800000000000033,
510580,2024-09-27,2.52,2.652,2.652,2.519,91579.0,,5.330661322645291,6.292585170340683,0.15700000000000003,
510580,2024-09-30,2.755,2.917,2.917,2.717,374407.0,,7.541478129713414,9.992458521870274,0.2649999999999997,
510580,2024-10-08,3.209,3.172,3.209,3.003,466949.0,,7.062050051422694,8.741858073363057,0.25500000000000034,
510580,2024-10-09,3.1,2.895,3.1,2.86,325012.0,,7.566204287515769,-8.732660781841114,-0.27700000000000014,
510580,2024-10-10,2.889,2.849,2.941,2.81,286366.0,,4.525043177892911,-1.5889464594127742,-0.04599999999999982,
510580,2024-10-11,2.845,2.739,2.845,2.705,234142.0,,4.914004914004918,-3.861003861003872,-0.11000000000000032,
510580,2024-10-14,2.743,2.804,2.813,2.706,213296.0,,3.906535231836444,2.373128879152974,0.06499999999999995,
510580,2024-10-15,2.801,2.736,2.83,2.731,285781.0,,3.53067047075607,-2.425106990014252,-0.06799999999999962,
510580,2024-10-16,2.7,2.73,2.778,2.698,242417.0,,2.923976608187137,-0.2192982456140434,-0.006000000000000227,
510580,2024-10-17,2.732,2.709,2.774,2.706,207534.0,,2.490842490842493,-0.7692307692307659,-0.020999999999999908,
510580,2024-10-18,2.71,2.828,2.916,2.708,395045.0,,7.67811000369139,4.3927648578811285,0.11899999999999977,
510580,2024-10-21,2.825,2.855,2.901,2.818,305902.0,,2.934936350777926,0.9547383309759596,0.027000000000000135,
510580,2024-10-22,2.841,2.879,2.892,2.837,261253.0,,1.926444833625209,0.8406304728546418,0.02400000000000002,
510580,2024-10-23,2.879,2.895,2.935,2.866,430339.0,,2.3966655088572404,0.5557485237929841,0.016000000000000014,
510580,2024-10-24,2.894,2.867,2.894,2.852,122208.0,,1.4507772020725478,-0.9671848013816934,-0.028000000000000025,
510580,2024-10-25,2.868,2.91,2.93,2.868,180509.0,,2.162539239623309,1.499825601674229,0.04300000000000015,
510580,2024-10-28,2.91,2.948,2.948,2.896,170968.0,,1.7869415807560154,1.3058419243986188,0.03799999999999981,
510580,2024-10-29,2.948,2.917,2.965,2.907,136414.0,,1.967435549525096,-1.0515603799185935,-0.03100000000000014,
510580,2024-10-30,2.916,2.925,2.947,2.902,488894.0,,1.5426808364758289,0.27425437092903693,0.008000000000000007,
510580,2024-10-31,2.912,2.954,2.978,2.912,136848.0,,2.256410256410266,0.9914529914530038,0.02900000000000036,
510580,2024-11-01,2.953,2.926,2.967,2.907,173027.0,,2.0311442112389995,-0.9478672985781998,-0.028000000000000025,
510580,2024-11-04,2.926,2.974,2.975,2.926,113152.0,,1.6746411483253565,1.6404647983595366,0.04800000000000004,
510580,2024-11-05,2.972,3.062,3.069,2.947,309105.0,,4.102219233355746,2.95897780766643,0.08799999999999963,
510580,2024-11-06,3.069,3.066,3.107,3.045,289133.0,,2.0248203788373704,0.13063357282821697,0.0040000000000000036,
510580,2024-11-07,3.059,3.12,3.122,3.029,580986.0,,3.0332681017612515,1.761252446183962,0.05400000000000027,
510580,2024-11-08,3.137,3.109,3.167,3.103,359334.0,,2.0512820512820387,-0.3525641025641064,-0.01100000000000012,
510580,2024-11-11,3.089,3.163,3.165,3.089,283308.0,,2.444515921518175,1.736892891605012,0.053999999999999826,
510580,2024-11-12,3.164,3.126,3.199,3.111,257570.0,,2.782168827062904,-1.1697755295605414,-0.03699999999999992,
510580,2024-11-13,3.125,3.136,3.142,3.088,422357.0,,1.7274472168905894,0.319897632757525,0.010000000000000231,
510580,2024-11-14,3.136,3.053,3.136,3.045,209825.0,,2.90178571428572,-2.6466836734693935,-0.08300000000000018,
510580,2024-11-15,3.04,2.972,3.053,2.968,220338.0,,2.7841467409105785,-2.6531280707500806,-0.08099999999999996,
510580,2024-11-18,2.981,2.924,3.01,2.902,339575.0,,3.6339165545087364,-1.6150740242261117,-0.04800000000000004,
510580,2024-11-19,2.925,2.967,2.97,2.894,282429.0,,2.5991792065663497,1.4705882352941229,0.04300000000000015,
510580,2024-11-20,2.96,2.996,3.009,2.955,221432.0,,1.8200202224469102,0.977418267610378,0.028999999999999915,
510580,2024-11-21,2.996,2.994,3.008,2.975,79174.0,,1.101468624833108,-0.06675567423230239,-0.0019999999999997797,
510580,2024-11-22,2.989,2.892,2.995,2.883,216408.0,,3.7408149632598557,-3.4068136272545195,-0.10200000000000031,
510580,2024-11-25,2.893,2.871,2.893,2.836,179232.0,,1.970954356846471,-0.7261410788381711,-0.020999999999999908,
510580,2024-11-26,2.87,2.851,2.892,2.848,198975.0,,1.5325670498084305,-0.6966213862765593,-0.020000000000000018,
510580,2024-11-27,2.853,2.901,2.907,2.813,293346.0,,3.2970887407926996,1.753770606804624,0.04999999999999982,
510580,2024-11-28,2.901,2.891,2.915,2.878,285904.0,,1.2754222681833824,-0.3447087211306373,-0.009999999999999787,
510580,2024-11-29,2.888,2.928,2.956,2.876,261882.0,,2.7672085783465956,1.2798339674852965,0.03699999999999992,
510580,2024-12-02,2.93,2.972,2.989,2.93,252396.0,,2.015027322404362,1.5027322404371597,0.04400000000000004,
510580,2024-12-03,2.972,2.972,2.987,2.949,192005.0,,1.2786002691790126,0.0,0.0,
510580,2024-12-04,2.972,2.952,2.978,2.935,153306.0,,1.4468371467025622,-0.6729475100942133,-0.020000000000000018,
510580,2024-12-05,2.95,2.956,2.97,2.936,88951.0,,1.1517615176151847,0.13550135501355026,0.0040000000000000036,
510580,2024-12-06,2.956,2.995,3.016,2.942,202855.0,,2.5033829499323357,1.3193504736129953,0.039000000000000146,
510580,2024-12-09,2.995,2.979,3.007,2.962,176220.0,,1.502504173622702,-0.534223706176962,-0.016000000000000014,
510580,2024-12-10,3.104,3.005,3.104,3.002,339911.0,,3.4239677744209573,0.8727760993621954,0.0259999999999998,
510580,2024-12-11,3.001,3.026,3.033,2.999,122992.0,,1.131447587354403,0.6988352745424262,0.020999999999999908,
510580,2024-12-12,3.029,3.054,3.062,3.017,212814.0,,1.487111698612027,0.9253139458030413,0.028000000000000025,
510580,2024-12-13,3.046,3.01,3.046,3.001,261033.0,,1.473477406679762,-1.440733464309104,-0.04400000000000004,
510580,2024-12-16,3.008,2.966,3.008,2.956,148812.0,,1.7275747508305666,-1.4617940199335413,-0.043999999999999595,
510580,2024-12-17,2.961,2.935,2.97,2.929,99825.0,,1.3823331085637345,-1.0451786918408676,-0.03100000000000014,
510580,2024-12-18,2.935,2.951,2.97,2.933,80834.0,,1.2606473594548675,0.5451448040885866,0.016000000000000014,
510580,2024-12-19,2.924,2.959,2.97,2.918,166821.0,,1.7621145374449354,0.2710945442222978,0.008000000000000007,
510580,2024-12-20,2.958,2.965,2.987,2.951,201416.0,,1.2166272389320727,0.20277120648867128,0.005999999999999783,
510580,2024-12-23,2.965,2.92,2.974,2.918,185013.0,,1.8887015177065787,-1.5177065767284967,-0.04499999999999993,
510580,2024-12-24,2.923,2.951,2.956,2.92,571200.0,,1.2328767123287683,1.0616438356164433,0.03100000000000014,
510580,2024-12-25,2.951,2.929,2.955,2.904,258542.0,,1.728227719417152,-0.7455099966113263,-0.02200000000000024,
510580,2024-12-26,2.933,2.949,2.955,2.925,136503.0,,1.0242403550699983,0.6828269033799939,0.020000000000000018,
510580,2024-12-27,2.944,2.958,2.996,2.944,239995.0,,1.7633095964733825,0.30518819938963515,0.009000000000000341,
510580,2024-12-30,2.954,2.956,2.971,2.94,185814.0,,1.0480054090601805,-0.06761325219743826,-0.002000000000000224,
510580,2024-12-31,2.956,2.874,2.961,2.873,200917.0,,2.976995940460069,-2.774018944519616,-0.08199999999999985,
510580,2025-01-02,2.881,2.788,2.881,2.76,204729.0,,4.210160055671538,-2.992345163535153,-0.0860000000000003,
510580,2025-01-03,2.787,2.737,2.797,2.716,221453.0,,2.9053084648493535,-1.8292682926829167,-0.05099999999999971,
510580,2025-01-06,2.738,2.721,2.749,2.703,136955.0,,1.6806722689075726,-0.5845816587504572,-0.016000000000000014,
510580,2025-01-07,2.721,2.748,2.75,2.709,189340.0,,1.5067989709665537,0.992282249173103,0.027000000000000135,
510580,2025-01-08,2.745,2.735,2.76,2.67,156756.0,,3.2751091703056714,-0.4730713245997214,-0.013000000000000345,
510580,2025-01-09,2.727,2.735,2.753,2.726,175861.0,,0.9872029250457088,0.0,0.0,
510580,2025-01-10,2.734,2.698,2.758,2.697,158676.0,,2.230347349177329,-1.3528336380255914,-0.03699999999999992,
510580,2025-01-13,2.674,2.7,2.719,2.672,204584.0,,1.742031134173451,0.07412898443292157,0.002000000000000224,
510580,2025-01-14,2.704,2.792,2.802,2.696,255558.0,,3.9259259259259207,3.4074074074073937,0.09199999999999964,
510580,2025-01-15,2.787,2.769,2.79,2.764,133436.0,,0.9312320916905533,-0.8237822349570089,-0.022999999999999687,
510580,2025-01-16,2.772,2.778,2.829,2.761,216148.0,,2.4557602022390776,0.3250270855904622,0.008999999999999897,
510580,2025-01-17,2.773,2.801,2.821,2.766,170384.0,,1.979841612670992,0.8279337652987807,0.02300000000000013,
510580,2025-01-20,2.812,2.816,2.844,2.81,285875.0,,1.213852195644406,0.5355230274901707,0.01499999999999968,
510580,2025-01-21,2.819,2.824,2.835,2.795,211615.0,,1.4204545454545467,0.28409090909090934,0.008000000000000007,
510580,2025-01-22,2.821,2.815,2.821,2.789,208999.0,,1.133144475920681,-0.31869688385268763,-0.008999999999999897,
510580,2025-01-23,2.822,2.805,2.872,2.801,321727.0,,2.5222024866784984,-0.3552397868561203,-0.009999999999999787,
510580,2025-01-24,2.804,2.839,2.842,2.799,238356.0,,1.5329768270944792,1.2121212121212053,0.03399999999999981,
510580,2025-01-27,2.84,2.8,2.848,2.799,147726.0,,1.7259598450158484,-1.3737231419513964,-0.039000000000000146,
510580,2025-02-05,2.814,2.815,2.83,2.803,183949.0,,0.9642857142857191,0.5357142857142903,0.015000000000000124,
510580,2025-02-06,2.815,2.88,2.885,2.806,184117.0,,2.806394316163401,2.3090586145648295,0.06499999999999995,
510580,2025-02-07,2.881,2.928,2.959,2.877,576776.0,,2.8472222222222325,1.6666666666666683,0.04800000000000004,
510580,2025-02-10,2.937,2.95,2.956,2.929,138677.0,,0.9221311475409882,0.7513661202185875,0.02200000000000024,
510580,2025-02-11,2.95,2.938,2.957,2.921,152871.0,,1.2203389830508484,-0.4067796610169495,-0.01200000000000001,
510580,2025-02-12,2.938,2.977,2.981,2.931,234628.0,,1.7018379850238197,1.327433628318574,0.0389999999999997,
510580,2025-02-13,2.979,2.964,2.985,2.953,171383.0,,1.0749076251259668,-0.43668122270742027,-0.0129999999999999,
510580,2025-02-14,2.963,2.984,2.988,2.953,147126.0,,1.1808367071525014,0.6747638326585701,0.020000000000000018,
510580,2025-02-17,2.996,2.981,3.001,2.961,188104.0,,1.340482573726543,-0.10053619302949443,-0.0030000000000001137,
510580,2025-02-18,2.976,2.93,2.983,2.915,227911.0,,2.2811137202281135,-1.7108352901710742,-0.05099999999999971,
510580,2025-02-19,2.926,2.979,2.984,2.926,220220.0,,1.9795221843003352,1.6723549488054583,0.04899999999999993,
510580,2025-02-20,2.975,2.986,3.0,2.968,275781.0,,1.074185968445788,0.2349781805975199,0.007000000000000117,
510580,2025-02-21,2.985,3.034,3.043,2.98,234494.0,,2.109845947756201,1.6075016744808972,0.0479999999999996,
510580,2025-02-24,3.036,3.029,3.047,3.013,260851.0,,1.1206328279499096,-0.16479894528674668,-0.004999999999999893,
510580,2025-02-25,2.989,3.0,3.027,2.988,179687.0,,1.2875536480686745,-0.9574116870254181,-0.028999999999999915,
510580,2025-02-26,3.0,3.031,3.043,2.994,216457.0,,1.633333333333331,1.033333333333338,0.03100000000000014,
510580,2025-02-27,3.031,3.022,3.038,2.98,202289.0,,1.913559881227312,-0.29693170570769845,-0.009000000000000341,
510580,2025-02-28,3.019,2.95,3.019,2.936,182403.0,,2.7465254798146983,-2.3825281270681544,-0.07199999999999962,
510580,2025-03-03,2.946,2.954,2.993,2.938,169246.0,,1.8644067796610073,0.13559322033898316,0.0040000000000000036,
510580,2025-03-04,2.948,2.975,2.981,2.925,163204.0,,1.8957345971563997,0.7109004739336461,0.020999999999999908,
510580,2025-03-05,2.974,2.981,2.987,2.952,138854.0,,1.1764705882352988,0.20168067226890027,0.005999999999999783,
510580,2025-03-06,2.986,3.031,3.043,2.986,224610.0,,1.912110030191209,1.677289500167738,0.050000000000000266,
510580,2025-03-07,3.035,3.02,3.041,3.007,158941.0,,1.1217419993401454,-0.3629165291982884,-0.01100000000000012,
510580,2025-03-10,3.016,3.013,3.026,2.992,216581.0,,1.1258278145695302,-0.23178807947020255,-0.007000000000000117,
510580,2025-03-11,2.991,3.029,3.029,2.981,160245.0,,1.5930965814802536,0.5310321938267513,0.016000000000000014,
510580,2025-03-12,3.036,3.032,3.062,3.027,162518.0,,1.15549686365136,0.09904258831297834,0.0030000000000001137,
510580,2025-03-13,3.028,3.009,3.035,2.984,176486.0,,1.6820580474934086,-0.7585751978891864,-0.02300000000000013,
510580,2025-03-14,3.009,3.06,3.062,2.998,179184.0,,2.126952475905604,1.6949152542372934,0.051000000000000156,
510580,2025-03-17,3.06,3.063,3.073,3.056,347787.0,,0.5555555555555525,0.09803921568627821,0.0030000000000001137,
510580,2025-03-18,3.065,3.074,3.094,3.065,320568.0,,0.9467841984982015,0.3591250408096532,0.010999999999999677,
510580,2025-03-19,3.074,3.063,3.076,3.047,226851.0,,0.9433962264150916,-0.3578399479505425,-0.010999999999999677,
510580,2025-03-20,3.063,3.041,3.064,3.036,169641.0,,0.9141364675155084,-0.7182500816193353,-0.02200000000000024,
510580,2025-03-21,3.03,2.998,3.045,2.984,198948.0,,2.0059191055573806,-1.4140085498191286,-0.042999999999999705,
510580,2025-03-24,2.996,2.989,3.004,2.956,217080.0,,1.6010673782521694,-0.30020013342229285,-0.009000000000000341,
510580,2025-03-25,2.99,2.986,3.004,2.973,139275.0,,1.0371361659417913,-0.10036801605887151,-0.0029999999999996696,
510580,2025-03-26,2.988,2.982,3.003,2.98,204495.0,,0.7702612190221075,-0.13395847287340934,-0.0040000000000000036,
510580,2025-03-27,2.982,2.992,3.014,2.954,205961.0,,2.012072434607633,0.3353454057679338,0.009999999999999787,
510580,2025-03-28,2.99,2.967,2.997,2.96,196123.0,,1.236631016042778,-0.8355614973262003,-0.02499999999999991,
510580,2025-03-31,2.961,2.938,2.966,2.909,561828.0,,1.9211324570273132,-0.977418267610378,-0.028999999999999915,
510580,2025-04-01,2.938,2.956,2.975,2.938,270118.0,,1.2593601089176283,0.6126616746085702,0.017999999999999794,
510580,2025-04-02,2.954,2.959,2.979,2.95,102981.0,,0.9810554803788875,0.1014884979702339,0.0030000000000001137,
510580,2025-04-03,2.926,2.934,2.965,2.92,197094.0,,1.520784048665087,-0.8448800270361578,-0.02499999999999991,
510580,2025-04-07,2.754,2.647,2.846,2.641,335574.0,,6.9870483980913445,-9.781867757327891,-0.28700000000000037,
510580,2025-04-08,2.643,2.668,2.695,2.617,309444.0,,2.946732149603319,0.7933509633547546,0.02100000000000035,
510580,2025-04-09,2.651,2.715,2.739,2.58,284898.0,,5.959520239880053,1.7616191904047864,0.04699999999999971,
510580,2025-04-10,2.789,2.779,2.815,2.692,176646.0,,4.530386740331484,2.357274401473299,0.06400000000000006,
510580,2025-04-11,2.77,2.799,2.826,2.767,69154.0,,2.1230658510255545,0.7196833393306952,0.020000000000000018,
510580,2025-04-14,2.816,2.821,2.838,2.812,167051.0,,0.928903179707047,0.7859949982136565,0.02200000000000024,
510580,2025-04-15,2.821,2.807,2.821,2.791,435499.0,,1.063452676355911,-0.4962779156327626,-0.014000000000000234,
510580,2025-04-16,2.81,2.783,2.81,2.756,118888.0,,1.9237620235126565,-0.8550053437833995,-0.02400000000000002,
510580,2025-04-17,2.777,2.788,2.812,2.773,57707.0,,1.4013654329859757,0.17966223499819955,0.004999999999999893,
510580,2025-04-18,2.788,2.784,2.801,2.774,134472.0,,0.9684361549497897,-0.1434720229555238,-0.0040000000000000036,
510580,2025-04-21,2.791,2.828,2.834,2.775,120134.0,,2.1192528735632243,1.580459770114944,0.04400000000000004,
510580,2025-04-22,2.827,2.82,2.835,2.816,54076.0,,0.6718528995756764,-0.28288543140028316,-0.008000000000000007,
510580,2025-04-23,2.824,2.826,2.849,2.817,87935.0,,1.1347517730496466,0.2127659574468166,0.006000000000000227,
510580,2025-04-24,2.826,2.815,2.835,2.8,45411.0,,1.2384996461429634,-0.3892427459306483,-0.01100000000000012,
510580,2025-04-25,2.815,2.824,2.845,2.809,125409.0,,1.2788632326820615,0.31971580817051143,0.008999999999999897,
510580,2025-04-28,2.824,2.81,2.825,2.802,103964.0,,0.8144475920679933,-0.49575070821529005,-0.01399999999999979,
510580,2025-04-29,2.81,2.812,2.826,2.797,66175.0,,1.0320284697508866,0.07117437722419144,0.0019999999999997797,
510580,2025-04-30,2.812,2.824,2.835,2.801,119145.0,,1.2091038406827812,0.4267425320056903,0.01200000000000001,
510580,2025-05-06,2.836,2.877,2.879,2.836,133920.0,,1.5226628895184189,1.8767705382436237,0.052999999999999936,
510580,2025-05-07,2.901,2.883,2.936,2.867,89281.0,,2.398331595411886,0.20855057351408507,0.006000000000000227,
510580,2025-05-08,2.877,2.895,2.904,2.877,126080.0,,0.9365244536940733,0.41623309053069757,0.01200000000000001,
510580,2025-05-09,2.895,2.874,2.895,2.862,116831.0,,1.139896373056992,-0.7253886010362662,-0.020999999999999908,
510580,2025-05-12,2.879,2.909,2.911,2.879,78338.0,,1.1134307585247052,1.2178148921363847,0.0349999999999997,
510580,2025-05-13,2.922,2.901,2.924,2.896,172558.0,,0.9625300790649718,-0.27500859401856337,-0.008000000000000007,
510580,2025-05-14,2.904,2.91,2.933,2.885,148794.0,,1.6546018614270956,0.31023784901759194,0.009000000000000341,
510580,2025-05-15,2.91,2.872,2.91,2.868,133115.0,,1.4432989690721738,-1.3058419243986341,-0.038000000000000256,
510580,2025-05-16,2.873,2.866,2.883,2.865,118288.0,,0.6267409470752018,-0.2089136490250621,-0.005999999999999783,
510580,2025-05-19,2.866,2.875,2.878,2.846,84373.0,,1.1165387299371956,0.3140265177948324,0.008999999999999897,
510580,2025-05-20,2.87,2.887,2.892,2.864,61792.0,,0.9739130434782617,0.4173913043478265,0.01200000000000001,
510580,2025-05-21,2.887,2.891,2.893,2.878,55737.0,,0.519570488396248,0.13855213023900254,0.0040000000000000036,
510580,2025-05-22,2.88,2.87,2.896,2.866,91684.0,,1.0377032168799656,-0.7263922518159774,-0.020999999999999908,
510580,2025-05-23,2.87,2.841,2.887,2.841,124201.0,,1.6027874564459865,-1.010452961672471,-0.028999999999999915,
510580,2025-05-26,2.841,2.848,2.865,2.836,71723.0,,1.0207673354452784,0.246392115452294,0.006999999999999673,
510580,2025-05-27,2.848,2.844,2.852,2.83,67388.0,,0.7724719101123525,-0.1404494382022473,-0.0040000000000000036,
510580,2025-05-28,2.844,2.839,2.85,2.831,79596.0,,0.6680731364275714,-0.17580872011251383,-0.004999999999999893,
510580,2025-05-29,2.839,2.877,2.882,2.836,193477.0,,1.620288834096522,1.3384994716449388,0.03799999999999981,
510580,2025-05-30,2.873,2.86,2.873,2.849,194389.0,,0.8342022940563095,-0.5908932916232154,-0.016999999999999904,
510580,2025-06-03,2.856,2.865,2.879,2.846,63546.0,,1.1538461538461509,0.17482517482518664,0.0050000000000003375,
510580,2025-06-04,2.864,2.888,2.895,2.864,83295.0,,1.082024432809778,0.8027923211169176,0.022999999999999687,
510580,2025-06-05,2.888,2.905,2.912,2.881,73106.0,,1.0734072022160712,0.5886426592797751,0.016999999999999904,
510580,2025-06-06,2.903,2.905,2.911,2.899,184703.0,,0.41308089500860623,0.0,0.0,
510580,2025-06-09,2.907,2.927,2.942,2.907,119800.0,,1.2048192771084387,0.7573149741824524,0.02200000000000024,
510580,2025-06-10,2.928,2.903,2.941,2.885,107818.0,,1.9132217287324924,-0.8199521694567825,-0.02400000000000002,
510580,2025-06-11,2.911,2.92,2.938,2.904,86139.0,,1.1712022046159232,0.5856011023079539,0.016999999999999904,
510580,2025-06-12,2.92,2.926,2.932,2.909,69179.0,,0.7876712328767169,0.2054794520548023,0.006000000000000227,
510580,2025-06-13,2.924,2.903,2.926,2.892,105443.0,,1.1619958988380128,-0.7860560492139484,-0.02300000000000013,
510580,2025-06-16,2.903,2.915,2.922,2.891,40581.0,,1.0678608336203976,0.41336548398208783,0.01200000000000001,
510580,2025-06-17,2.915,2.91,2.921,2.902,79423.0,,0.6518010291595089,-0.17152658662092257,-0.004999999999999893,
510580,2025-06-18,2.909,2.909,2.914,2.889,86859.0,,0.8591065292096343,-0.03436426116839635,-0.001000000000000334,
510580,2025-06-19,2.909,2.879,2.91,2.867,83858.0,,1.4781711928497818,-1.031282227569605,-0.029999999999999805,
510580,2025-06-20,2.88,2.861,2.883,2.857,66307.0,,0.9030913511635916,-0.6252170892670995,-0.017999999999999794,
510580,2025-06-23,2.859,2.875,2.881,2.853,79766.0,,0.9786787836420684,0.4893393918210342,0.01399999999999979,
510580,2025-06-24,2.875,2.919,2.922,2.868,134294.0,,1.8782608695652268,1.530434782608697,0.04400000000000004,
510580,2025-06-25,2.919,2.972,2.98,2.919,187073.0,,2.089756766015757,1.8156903048989357,0.052999999999999936,
510580,2025-06-26,2.972,2.959,2.981,2.958,150687.0,,0.773889636608334,-0.4374158815612349,-0.0129999999999999,
510580,2025-06-27,2.963,2.972,2.997,2.961,166676.0,,1.2166272389320727,0.4393376140588003,0.0129999999999999,
510580,2025-06-30,2.975,2.998,3.002,2.975,169794.0,,0.9084791386271767,0.8748317631224847,0.026000000000000245,
510580,2025-07-01,2.999,3.009,3.011,2.978,115855.0,,1.100733822548363,0.3669112741827777,0.010999999999999677,
510580,2025-07-02,3.008,2.988,3.008,2.98,98520.0,,0.930541708208708,-0.6979062811565273,-0.020999999999999908,
510580,2025-07-03,2.989,3.004,3.006,2.985,65416.0,,0.7028112449799166,0.5354752342704155,0.016000000000000014,
510580,2025-07-04,3.001,2.998,3.03,2.988,219022.0,,1.3981358189081163,-0.19973368841543887,-0.005999999999999783,
510580,2025-07-07,2.996,2.991,3.002,2.989,61832.0,,0.4336224149432921,-0.2334889926617784,-0.007000000000000117,
510580,2025-07-08,2.991,3.032,3.036,2.991,84188.0,,1.504513540621863,1.3707790036776972,0.040999999999999925,
510580,2025-07-09,3.035,3.021,3.043,3.016,105755.0,,0.8905013192612181,-0.3627968337730911,-0.01100000000000012,
510580,2025-07-10,3.023,3.037,3.048,3.016,94560.0,,1.0592519033432648,0.5296259516716324,0.016000000000000014,
510580,2025-07-11,3.037,3.062,3.079,3.028,145220.0,,1.6792887718142957,0.8231807704971983,0.02499999999999991,
510580,2025-07-14,3.063,3.062,3.073,3.055,163575.0,,0.5878510777269691,0.0,0.0,
510580,2025-07-15,3.062,3.058,3.075,3.034,112830.0,,1.338994121489235,-0.13063357282821697,-0.0040000000000000036,
510580,2025-07-16,3.055,3.058,3.082,3.047,109516.0,,1.144538914323077,0.0,0.0,
510580,2025-07-17,3.058,3.09,3.093,3.056,88967.0,,1.2099411379986895,1.0464355788096804,0.03200000000000003,
510580,2025-07-18,3.092,3.101,3.107,3.088,90133.0,,0.6148867313915899,0.35598705501618516,0.01100000000000012,
510580,2025-07-21,3.105,3.133,3.134,3.105,167040.0,,0.9351821992905487,1.0319251854240576,0.03200000000000003,
510580,2025-07-22,3.135,3.163,3.164,3.129,128476.0,,1.1171401212895034,0.9575486753909929,0.029999999999999805,
510580,2025-07-23,3.164,3.155,3.189,3.146,323675.0,,1.3594688586784747,-0.2529244388239016,-0.008000000000000007,
510580,2025-07-24,3.152,3.202,3.205,3.152,115102.0,,1.6798732171156874,1.4896988906497672,0.04700000000000015,
510580,2025-07-25,3.204,3.202,3.21,3.192,158292.0,,0.5621486570893127,0.0,0.0,
510580,2025-07-28,3.201,3.215,3.223,3.19,73058.0,,1.0306058713304158,0.405996252342283,0.0129999999999999,
510580,2025-07-29,3.214,3.238,3.239,3.191,109999.0,,1.4930015552099547,0.7153965785381068,0.02300000000000013,
510580,2025-07-30,3.222,3.21,3.242,3.195,281869.0,,1.4515132798023518,-0.8647313156269311,-0.028000000000000025,
510580,2025-07-31,3.209,3.169,3.218,3.156,80524.0,,1.9314641744548235,-1.2772585669781908,-0.040999999999999925,
510580,2025-08-01,3.17,3.161,3.183,3.142,80386.0,,1.2937835279267884,-0.2524455664247399,-0.008000000000000007,
510580,2025-08-04,3.154,3.185,3.187,3.15,106023.0,,1.1705156596013895,0.7592534008225251,0.02400000000000002,
510580,2025-08-05,3.187,3.206,3.209,3.187,90792.0,,0.6907378335949841,0.6593406593406564,0.020999999999999908,
510580,2025-08-06,3.21,3.236,3.24,3.201,295758.0,,1.216469120399256,0.9357454772302012,0.03000000000000025,
510580,2025-08-07,3.237,3.225,3.242,3.205,96749.0,,1.1433868974042003,-0.33992583436341534,-0.01100000000000012,
510580,2025-08-08,3.218,3.217,3.233,3.209,43412.0,,0.7441860465116286,-0.2480620155038762,-0.008000000000000007,
510580,2025-08-11,3.226,3.254,3.267,3.223,158944.0,,1.3677339135840858,1.150139881877523,0.03699999999999992,
510580,2025-08-12,3.256,3.268,3.268,3.24,49888.0,,0.8604794099569631,0.4302397049784816,0.01399999999999979,
510580,2025-08-13,3.268,3.311,3.319,3.268,85375.0,,1.5605875152998825,1.315789473684215,0.04300000000000015,
510580,2025-08-14,3.315,3.274,3.321,3.268,130134.0,,1.6007248565388215,-1.1174871639987896,-0.03699999999999992,
510580,2025-08-15,3.274,3.348,3.354,3.27,127943.0,,2.565668906536349,2.2602321319486816,0.07399999999999984,
510580,2025-08-18,3.367,3.398,3.422,3.353,208287.0,,2.0609318996415755,1.4934289127837594,0.050000000000000266,
510580,2025-08-19,3.394,3.39,3.415,3.381,132776.0,,1.0005885815185478,-0.23543260741612734,-0.008000000000000007,
510580,2025-08-20,3.382,3.437,3.439,3.359,102181.0,,2.359882005899707,1.386430678466068,0.04699999999999971,
510580,2025-08-21,3.429,3.416,3.447,3.404,128166.0,,1.251091067791683,-0.6109979633401196,-0.020999999999999908,
510580,2025-08-22,3.416,3.49,3.49,3.416,113450.0,,2.166276346604224,2.166276346604224,0.07400000000000029,
510580,2025-08-25,3.495,3.55,3.555,3.495,125659.0,,1.7191977077363911,1.7191977077363783,0.05999999999999961,
510580,2025-08-26,3.54,3.547,3.574,3.523,111161.0,,1.436619718309851,-0.08450704225351183,-0.0029999999999996696,
510580,2025-08-27,3.547,3.5,3.606,3.488,124496.0,,3.326755004228922,-1.325063433887797,-0.04700000000000015,
510580,2025-08-28,3.5,3.572,3.573,3.468,126499.0,,2.9999999999999996,2.057142857142859,0.07200000000000006,
510580,2025-08-29,3.572,3.599,3.609,3.531,392805.0,,2.1836506159014517,0.7558790593505077,0.027000000000000135,
510580,2025-09-01,3.614,3.619,3.619,3.582,113249.0,,1.0280633509308241,0.5557099194220622,0.020000000000000018,
510580,2025-09-02,3.619,3.551,3.619,3.522,99906.0,,2.6802984249792874,-1.8789720917380508,-0.06800000000000006,
510580,2025-09-03,3.554,3.493,3.566,3.481,75968.0,,2.393691917769641,-1.6333427203604693,-0.058000000000000274,
510580,2025-09-04,3.495,3.412,3.52,3.357,142223.0,,4.666475808760373,-2.31892356140853,-0.08099999999999996,
510580,2025-09-05,3.412,3.529,3.535,3.398,231123.0,,4.015240328253224,3.4290738569753807,0.11699999999999999,
510580,2025-09-08,3.528,3.56,3.563,3.507,262328.0,,1.5868517993765954,0.8784358175120471,0.03100000000000014,
510580,2025-09-09,3.55,3.525,3.564,3.507,95894.0,,1.6011235955056162,-0.9831460674157343,-0.03500000000000014,
510580,2025-09-10,3.525,3.522,3.554,3.5,63260.0,,1.5319148936170164,-0.08510638297872664,-0.0030000000000001137,
510580,2025-09-11,3.521,3.636,3.636,3.504,151139.0,,3.7478705281090328,3.236797274275989,0.11400000000000032,
510580,2025-09-12,3.637,3.644,3.673,3.619,178744.0,,1.4851485148514805,0.22002200220022022,0.008000000000000007,
510580,2025-09-15,3.647,3.638,3.657,3.631,169997.0,,0.713501646542268,-0.16465422612514347,-0.006000000000000227,
510580,2025-09-16,3.64,3.667,3.673,3.611,90772.0,,1.7042330951071973,0.7971412864211082,0.028999999999999915,
510580,2025-09-17,3.667,3.706,3.706,3.648,84548.0,,1.581674393236974,1.0635396782110758,0.039000000000000146,
510580,2025-09-18,3.709,3.68,3.75,3.631,126448.0,,3.2110091743119322,-0.7015650296815921,-0.0259999999999998,
510580,2025-09-19,3.669,3.655,3.691,3.642,86013.0,,1.3315217391304328,-0.6793478260869661,-0.025000000000000355,
510580,2025-09-22,3.652,3.682,3.684,3.642,131544.0,,1.1491108071135503,0.7387140902872814,0.027000000000000135,
510580,2025-09-23,3.68,3.657,3.693,3.589,243000.0,,2.8245518739815343,-0.6789788158609428,-0.02499999999999991,
510580,2025-09-24,3.649,3.74,3.741,3.634,102752.0,,2.925895542794646,2.2696199070276233,0.08300000000000018,
510580,2025-09-25,3.739,3.741,3.765,3.728,84553.0,,0.9893048128342223,0.026737967914435553,0.0009999999999998899,
510580,2025-09-26,3.736,3.702,3.755,3.693,73591.0,,1.6573108794439944,-1.0425020048115514,-0.039000000000000146,
510580,2025-09-29,3.701,3.759,3.773,3.684,130649.0,,2.404105888708805,1.5397082658022674,0.05699999999999994,
510580,2025-09-30,3.761,3.782,3.795,3.761,55478.0,,0.9044958765629105,0.611864857674917,0.02300000000000013,
510580,2025-10-09,3.785,3.852,3.864,3.785,78441.0,,2.0888418826017907,1.8508725542041207,0.06999999999999984,
510580,2025-10-10,3.849,3.781,3.849,3.77,74202.0,,2.0508826583592987,-1.8431983385254345,-0.07099999999999973,
510580,2025-10-13,3.698,3.76,3.77,3.645,104412.0,,3.3060037027241465,-0.555408622057666,-0.02100000000000035,
510580,2025-10-14,3.762,3.676,3.805,3.652,93544.0,,4.069148936170214,-2.23404255319148,-0.08399999999999963,
510580,2025-10-15,3.67,3.72,3.725,3.653,46815.0,,1.9586507072905348,1.1969532100108824,0.04400000000000004,
510580,2025-10-16,3.718,3.693,3.727,3.678,83980.0,,1.317204301075267,-0.7258064516129068,-0.027000000000000135,
510580,2025-10-17,3.693,3.584,3.708,3.58,66815.0,,3.466016788518823,-2.951529921473057,-0.10899999999999999,
510580,2025-10-20,3.6,3.608,3.641,3.591,58253.0,,1.3950892857142807,0.6696428571428578,0.02400000000000002,
510580,2025-10-21,3.61,3.668,3.675,3.61,108098.0,,1.8015521064301536,1.6629711751662988,0.06000000000000005,
510580,2025-10-22,3.652,3.639,3.658,3.628,60934.0,,0.8178844056706599,-0.7906215921483195,-0.02900000000000036,
510580,2025-10-23,3.641,3.647,3.661,3.586,149087.0,,2.0610057708161635,0.21984061555372375,0.008000000000000007,
510580,2025-10-24,3.66,3.711,3.712,3.66,160810.0,,1.4258294488620797,1.754867013984098,0.06400000000000006,
510580,2025-10-27,3.741,3.768,3.774,3.73,75430.0,,1.1856642414443557,1.5359741309620032,0.05699999999999994,
510580,2025-10-28,3.759,3.748,3.786,3.735,51572.0,,1.35350318471338,-0.5307855626326851,-0.019999999999999574,
510580,2025-10-29,3.742,3.824,3.828,3.742,43587.0,,2.2945570971184592,2.027748132337236,0.07599999999999962,
510580,2025-10-30,3.827,3.777,3.827,3.768,66770.0,,1.5428870292887074,-1.2290794979079422,-0.04699999999999971,
510580,2025-10-31,3.777,3.749,3.804,3.749,53425.0,,1.456182155149582,-0.7413290971670644,-0.028000000000000025,
510580,2025-11-03,3.747,3.755,3.757,3.689,130828.0,,1.8138170178714341,0.16004267804747355,0.005999999999999783,
510580,2025-11-04,3.758,3.687,3.758,3.665,62213.0,,2.4766977363515306,-1.8109187749667126,-0.06800000000000006,
510580,2025-11-05,3.666,3.694,3.712,3.635,73890.0,,2.088418768646607,0.18985625169514828,0.007000000000000117,
510580,2025-11-06,3.709,3.756,3.762,3.703,77421.0,,1.5971846237141354,1.6783974011911162,0.06199999999999983,
510580,2025-11-07,3.756,3.745,3.769,3.721,55807.0,,1.2779552715654963,-0.29286474973375076,-0.010999999999999677,
510580,2025-11-10,3.748,3.756,3.779,3.724,39958.0,,1.4686248331108067,0.29372496662215425,0.010999999999999677,
510580,2025-11-11,3.759,3.729,3.776,3.723,82252.0,,1.411075612353566,-0.7188498402555829,-0.02699999999999969,
510580,2025-11-12,3.724,3.706,3.737,3.677,46323.0,,1.609010458567982,-0.6167873424510628,-0.02300000000000013,
510580,2025-11-13,3.706,3.763,3.769,3.705,66088.0,,1.7269293038316258,1.538046411225039,0.05699999999999994,
510580,2025-11-14,3.739,3.705,3.749,3.7,81279.0,,1.30215253786872,-1.5413234121711357,-0.05799999999999983,
510580,2025-11-17,3.701,3.699,3.72,3.682,345700.0,,1.0256410256410327,-0.16194331983806282,-0.006000000000000227,
510580,2025-11-18,3.689,3.662,3.694,3.643,158163.0,,1.3787510137875145,-1.0002703433360347,-0.03699999999999992,
510580,2025-11-19,3.654,3.648,3.675,3.63,93345.0,,1.2288367012561423,-0.3823047515019058,-0.01399999999999979,
510580,2025-11-20,3.653,3.619,3.677,3.614,90063.0,,1.726973684210531,-0.7949561403508748,-0.028999999999999915,
510580,2025-11-21,3.58,3.5,3.6,3.493,143608.0,,2.9566178502348768,-3.288201160541592,-0.11900000000000022,
510580,2025-11-24,3.502,3.518,3.539,3.484,102096.0,,1.571428571428576,0.5142857142857084,0.017999999999999794,
510580,2025-11-25,3.527,3.558,3.594,3.527,61173.0,,1.9044911881750917,1.13700966458215,0.040000000000000036,
510580,2025-11-26,3.558,3.562,3.592,3.548,54368.0,,1.2366498032602598,0.11242270938729634,0.0040000000000000036,
510580,2025-11-27,3.566,3.554,3.605,3.55,93308.0,,1.5440763615946143,-0.22459292532285252,-0.008000000000000007,
510580,2025-11-28,3.557,3.598,3.604,3.552,91113.0,,1.4631401238041657,1.2380416432189094,0.04400000000000004,
510580,2025-12-01,3.602,3.632,3.632,3.596,81401.0,,1.0005558643690948,0.9449694274597069,0.03400000000000025,
510580,2025-12-02,3.623,3.607,3.623,3.592,80690.0,,0.8535242290748937,-0.6883259911894248,-0.02499999999999991,
510580,2025-12-03,3.607,3.586,3.613,3.576,50619.0,,1.025783199334625,-0.5822012752980413,-0.02100000000000035,
510580,2025-12-04,3.587,3.595,3.608,3.565,57832.0,,1.1991076408254364,0.25097601784719303,0.009000000000000341,
510580,2025-12-05,3.598,3.645,3.647,3.571,66720.0,,2.1140472878998504,1.3908205841446404,0.04999999999999982,
510580,2025-12-08,3.65,3.683,3.693,3.649,112234.0,,1.2071330589849119,1.0425240054869631,0.03799999999999981,
510580,2025-12-09,3.68,3.649,3.685,3.647,73378.0,,1.0317675807765478,-0.923160467010584,-0.03399999999999981,
510580,2025-12-10,3.649,3.675,3.679,3.626,109291.0,,1.452452726774457,0.7125239791723705,0.0259999999999998,
510580,2025-12-11,3.685,3.642,3.695,3.641,84559.0,,1.4693877551020362,-0.8979591836734672,-0.03299999999999992,
510580,2025-12-12,3.642,3.688,3.695,3.639,80773.0,,1.537616694124109,1.2630422844590956,0.04600000000000026,
510580,2025-12-15,3.68,3.674,3.703,3.666,71204.0,,1.0032537960954424,-0.379609544468553,-0.014000000000000234,
510580,2025-12-16,3.673,3.61,3.673,3.592,83070.0,,2.2046815459989104,-1.741970604246055,-0.06400000000000006,
510580,2025-12-17,3.609,3.68,3.694,3.606,96145.0,,2.437673130193908,1.9390581717451603,0.07000000000000028,
510580,2025-12-18,3.658,3.665,3.698,3.65,77700.0,,1.3043478260869577,-0.4076086956521773,-0.015000000000000124,
510580,2025-12-19,3.665,3.7,3.711,3.665,95180.0,,1.2551159618008134,0.9549795361528005,0.03500000000000014,
510580,2025-12-22,3.703,3.738,3.749,3.703,126245.0,,1.2432432432432503,1.0270270270270219,0.03799999999999981,
510580,2025-12-23,3.74,3.736,3.76,3.725,116347.0,,0.9363295880149731,-0.05350454788656447,-0.0019999999999997797,
510580,2025-12-24,3.737,3.791,3.8,3.733,110107.0,,1.793361884368301,1.47216274089935,0.054999999999999716,
510580,2025-12-25,3.786,3.818,3.832,3.78,166036.0,,1.3716697441308374,0.7122131363756301,0.027000000000000135,
510580,2025-12-26,3.828,3.847,3.861,3.817,291922.0,,1.1524358302776332,0.7595599790466191,0.028999999999999915,
510580,2025-12-29,3.848,3.833,3.858,3.821,200409.0,,0.9617884065505569,-0.36391993761371955,-0.01399999999999979,
510580,2025-12-30,3.832,3.844,3.861,3.812,368726.0,,1.278372032350649,0.286981476650135,0.010999999999999677,
510580,2025-12-31,3.844,3.848,3.859,3.83,197858.0,,0.7544224765868864,0.10405827263267439,0.0040000000000000036,
510580,2026-01-05,3.864,3.947,3.949,3.842,151779.0,,2.7806652806652745,2.572765072765078,0.0990000000000002,
510580,2026-01-06,3.961,4.036,4.036,3.948,235832.0,,2.2295414238662183,2.2548771218646952,0.08899999999999952,
510580,2026-01-07,4.055,4.056,4.077,4.036,120606.0,,1.0158572844400489,0.49554013875125036,0.020000000000000462,
510580,2026-01-08,4.054,4.069,4.097,4.03,199999.0,,1.651873767258387,0.3205128205128181,0.0129999999999999,
510580,2026-01-09,4.072,4.167,4.172,4.07,195842.0,,2.5067584173015343,2.408454165642661,0.09799999999999986,
510580,2026-01-12,4.171,4.272,4.288,4.171,128340.0,,2.8077753779697625,2.51979841612672,0.10500000000000043,
510580,2026-01-13,4.275,4.21,4.276,4.19,116325.0,,2.013108614232196,-1.4513108614232273,-0.06200000000000028,
510580,2026-01-14,4.209,4.241,4.327,4.183,233864.0,,3.420427553444184,0.7363420427553372,0.030999999999999694,
510580,2026-01-15,4.232,4.236,4.259,4.2,215285.0,,1.3911813251591645,-0.1178967224711128,-0.004999999999999893,
510580,2026-01-16,4.273,4.244,4.275,4.234,222844.0,,0.9678942398489229,0.18885741265344683,0.008000000000000007,
510580,2026-01-19,4.22,4.274,4.294,4.215,145434.0,,1.8614514608859507,0.7068803016022679,0.03000000000000025,
510580,2026-01-20,4.277,4.262,4.316,4.196,128957.0,,2.807674309780068,-0.2807674309780172,-0.012000000000000455,
510580,2026-01-21,4.248,4.305,4.307,4.231,120436.0,,1.7832003754106176,1.0089160018770567,0.04300000000000015,
510580,2026-01-22,4.31,4.328,4.335,4.298,79217.0,,0.8594657375145162,0.5342624854820112,0.023000000000000576,
510580,2026-01-23,4.335,4.45,4.452,4.335,172449.0,,2.703327171903881,2.8188539741219936,0.12199999999999989,
510580,2026-01-26,4.453,4.405,4.5,4.38,106907.0,,2.696629213483148,-1.0112359550561782,-0.04499999999999993,
510580,2026-01-27,4.369,4.413,4.426,4.311,143219.0,,2.610669693530084,0.18161180476731004,0.008000000000000007,
510580,2026-01-28,4.413,4.44,4.45,4.396,107699.0,,1.2236573759347442,0.6118286879673721,0.027000000000000135,
510580,2026-01-29,4.432,4.395,4.468,4.388,92706.0,,1.8018018018018032,-1.0135135135135318,-0.04500000000000082,
510580,2026-01-30,4.384,4.314,4.384,4.211,177848.0,,3.9362912400455077,-1.8430034129692723,-0.08099999999999952,
510580,2026-02-02,4.262,4.13,4.3,4.12,202082.0,,4.17246175243393,-4.26518312471025,-0.18400000000000016,
510580,2026-02-03,4.172,4.274,4.275,4.151,310131.0,,3.002421307506067,3.48668280871671,0.14400000000000013,
510580,2026-02-04,4.274,4.286,4.291,4.06,210357.0,,5.404773046326644,0.28076743097799645,0.011999999999999567,
510580,2026-02-05,4.241,4.203,4.244,4.163,139289.0,,1.8898740083994288,-1.936537564162373,-0.0829999999999993,
510580,2026-02-06,4.169,4.199,4.257,4.126,235744.0,,3.1168213181060986,-0.09517011658340345,-0.004000000000000448,
510580,2026-02-09,4.234,4.292,4.293,4.234,108045.0,,1.405096451536084,2.214813050726363,0.09299999999999997,
510580,2026-02-10,4.305,4.284,4.305,4.26,112973.0,,1.0484622553588054,-0.18639328984156586,-0.008000000000000007,
510580,2026-02-11,4.284,4.3,4.322,4.276,124493.0,,1.073762838468727,0.37348272642390323,0.016000000000000014,
510580,2026-02-12,4.302,4.354,4.361,4.302,194260.0,,1.372093023255818,1.2558139534883783,0.05400000000000027,
510580,2026-02-13,4.353,4.284,4.353,4.275,239841.0,,1.7914561322921314,-1.6077170418006497,-0.07000000000000028,
510580,2026-02-24,4.308,4.329,4.363,4.295,106892.0,,1.587301587301599,1.0504201680672252,0.04499999999999993,
510580,2026-02-25,4.339,4.402,4.413,4.337,115021.0,,1.7556017556017676,1.6863016863016955,0.0730000000000004,
510580,2026-02-26,4.402,4.416,4.426,4.379,130687.0,,1.0676965015901998,0.31803725579282677,0.014000000000000234,
510580,2026-02-27,4.388,4.467,4.468,4.38,109824.0,,1.9927536231884073,1.1548913043478093,0.05099999999999927,
510580,2026-03-02,4.45,4.469,4.483,4.41,123104.0,,1.634206402507265,0.044772778150899216,0.002000000000000668,
510580,2026-03-03,4.463,4.288,4.465,4.269,216145.0,,4.385768628328479,-4.05012307003804,-0.18100000000000005,
510580,2026-03-04,4.202,4.26,4.327,4.202,154095.0,,2.915111940298507,-0.6529850746268766,-0.02800000000000047,
510580,2026-03-05,4.32,4.291,4.342,4.26,237400.0,,1.924882629107978,0.7276995305164456,0.031000000000000583,
510580,2026-03-06,4.267,4.309,4.328,4.256,103416.0,,1.6779305523188082,0.4194826380796968,0.017999999999999794,
510580,2026-03-09,4.253,4.273,4.289,4.164,158069.0,,2.9009050823857043,-0.8354606637270938,-0.036000000000000476,
510580,2026-03-10,4.3,4.338,4.339,4.29,138808.0,,1.1467353147671513,1.5211794991809127,0.06500000000000039,
510580,2026-03-11,4.34,4.333,4.353,4.319,140061.0,,0.7837713231904058,-0.11526048870446964,-0.004999999999999893,
510580,2026-03-12,4.33,4.309,4.348,4.277,106692.0,,1.6385875836602755,-0.5538887606738985,-0.02400000000000002,
510580,2026-03-13,4.294,4.26,4.319,4.242,94308.0,,1.7869575307495926,-1.1371547922952048,-0.04900000000000038,
510580,2026-03-16,4.255,4.227,4.255,4.162,130297.0,,2.183098591549295,-0.7746478873239313,-0.032999999999999474,
510580,2026-03-17,4.234,4.136,4.238,4.135,248050.0,,2.4367163472912385,-2.1528270641116674,-0.09100000000000019,
510580,2026-03-18,4.143,4.174,4.18,4.104,167845.0,,1.8375241779497005,0.918762088974861,0.038000000000000256,
510580,2026-03-19,4.1,4.072,4.126,4.048,192491.0,,1.8687110685194126,-2.4436990896023074,-0.10200000000000031,
510580,2026-03-20,4.076,4.003,4.1,3.999,212751.0,,2.4803536345775914,-1.6944990176817276,-0.06899999999999995,
510580,2026-03-23,3.917,3.86,3.986,3.809,255340.0,,4.421683737197103,-3.5723207594304327,-0.14300000000000024,
510580,2026-03-24,3.899,3.924,3.928,3.81,325223.0,,3.056994818652847,1.6580310880829032,0.06400000000000006,
510580,2026-03-25,3.932,4.005,4.027,3.932,256437.0,,2.4209989806320134,2.0642201834862375,0.08099999999999996,
510580,2026-03-26,4.0,3.938,4.009,3.932,167264.0,,1.9225967540574385,-1.672908863920093,-0.06699999999999973,
510580,2026-03-27,3.882,3.996,4.017,3.881,156960.0,,3.4535297105129645,1.4728288471305186,0.05799999999999983,
510580,2026-03-30,3.93,4.001,4.007,3.92,161515.0,,2.1771771771771706,0.12512512512513357,0.0050000000000003375,
510580,2026-03-31,3.989,3.932,4.023,3.932,146490.0,,2.2744313921519552,-1.7245688577855633,-0.0690000000000004,
510580,2026-04-01,4.004,4.0,4.031,3.97,146210.0,,1.5513733468972406,1.729399796541202,0.06800000000000006,
510580,2026-04-02,3.989,3.933,3.996,3.901,137024.0,,2.375000000000005,-1.6750000000000043,-0.06700000000000017,
510580,2026-04-03,3.941,3.894,3.946,3.883,110382.0,,1.6018306636155648,-0.9916094584286729,-0.0389999999999997,
510580,2026-04-07,3.894,3.909,3.94,3.891,124408.0,,1.2583461736004091,0.38520801232664814,0.01499999999999968,
510580,2026-04-08,3.978,4.11,4.111,3.978,298006.0,,3.4024047070862005,5.141980046047596,0.2010000000000005,
510580,2026-04-09,4.052,4.076,4.099,4.048,152160.0,,1.240875912408763,-0.8272506082725231,-0.034000000000000696,
510580,2026-04-10,4.107,4.112,4.166,4.096,102974.0,,1.7173699705593792,0.8832188420019744,0.036000000000000476,
510580,2026-04-13,4.086,4.109,4.123,4.076,134811.0,,1.142996108949431,-0.07295719844358253,-0.0030000000000001137,
510580,2026-04-14,4.15,4.177,4.179,4.13,114285.0,,1.1925042589437913,1.6549038695546268,0.06799999999999962,
510580,2026-04-15,4.199,4.153,4.211,4.144,106349.0,,1.6040220253770694,-0.5745750538664118,-0.02400000000000002,
510580,2026-04-16,4.154,4.226,4.234,4.154,138417.0,,1.9263183241030597,1.7577654707440504,0.0730000000000004,
510580,2026-04-17,4.218,4.241,4.25,4.207,129744.0,,1.017510648367254,0.35494557501182394,0.01499999999999968,
510580,2026-04-20,4.232,4.276,4.295,4.232,219068.0,,1.4854987031360465,0.8252770572978105,0.03500000000000014,
510580,2026-04-21,4.277,4.266,4.283,4.225,106308.0,,1.3564078578110552,-0.23386342376051886,-0.009999999999999787,
510580,2026-04-22,4.256,4.337,4.338,4.245,150260.0,,2.1800281293952173,1.6643225503984935,0.07099999999999973,
510580,2026-04-23,4.343,4.288,4.348,4.249,136881.0,,2.282683882868347,-1.1298132349550263,-0.04899999999999949,
510580,2026-04-24,4.275,4.266,4.29,4.219,136408.0,,1.655783582089546,-0.513059701492543,-0.02200000000000024,
510580,2026-04-27,4.255,4.29,4.305,4.248,105768.0,,1.3361462728551219,0.5625879043600568,0.02400000000000002,
510580,2026-04-28,4.29,4.244,4.29,4.223,142475.0,,1.5617715617715657,-1.0722610722610784,-0.04600000000000026,
510580,2026-04-29,4.209,4.318,4.322,4.209,134076.0,,2.6625824693685307,1.743638077285576,0.07399999999999984,
510580,2026-04-30,4.314,4.329,4.33,4.291,112506.0,,0.9031959240389001,0.25474756831866885,0.01100000000000012,
510580,2026-05-06,4.346,4.446,4.463,4.346,201582.0,,2.7027027027027026,2.7027027027027026,0.11699999999999999,
510580,2026-05-07,4.455,4.498,4.503,4.446,163453.0,,1.2820512820512906,1.1695906432748648,0.05200000000000049,
510580,2026-05-08,4.469,4.5,4.506,4.455,124591.0,,1.1338372610048946,0.044464206313912395,0.0019999999999997797,
510580,2026-05-11,4.533,4.576,4.589,4.507,329062.0,,1.8222222222222386,1.6888888888888804,0.07599999999999962,
510580,2026-05-12,4.575,4.545,4.578,4.521,136659.0,,1.245629370629379,-0.6774475524475458,-0.030999999999999694,
510580,2026-05-13,4.515,4.62,4.623,4.514,164501.0,,2.3982398239823977,1.6501650165016541,0.07500000000000018,
510580,2026-05-14,4.624,4.49,4.632,4.488,313635.0,,3.1168831168831,-2.8138528138528116,-0.1299999999999999,
510580,2026-05-15,4.489,4.426,4.515,4.392,211019.0,,2.739420935412012,-1.4253897550111372,-0.06400000000000006,
510580,2026-05-18,4.417,4.434,4.457,4.392,175419.0,,1.4685946678716562,0.18075011296882076,0.008000000000000007,
510580,2026-05-19,4.43,4.463,4.466,4.352,187040.0,,2.571041948579158,0.6540369869192584,0.028999999999999915,
510580,2026-05-20,4.438,4.488,4.496,4.427,162794.0,,1.546045261035197,0.560161326462029,0.025000000000000355,
510580,2026-05-21,4.498,4.364,4.558,4.358,343049.0,,4.456327985739754,-2.7629233511586575,-0.12400000000000055,
510580,2026-05-22,4.365,4.443,4.455,4.365,381528.0,,2.06232813932172,1.8102658111823953,0.07899999999999974,
510580,2026-05-25,4.462,4.503,4.508,4.422,320094.0,,1.9356290794508284,1.3504388926401192,0.0600000000000005,
510580,2026-05-26,4.476,4.49,4.494,4.421,321858.0,,1.621141461248046,-0.2886964246058161,-0.0129999999999999,
510580,2026-05-27,4.48,4.417,4.527,4.404,406339.0,,2.7394209354120314,-1.6258351893095855,-0.0730000000000004,
510580,2026-05-28,4.387,4.44,4.463,4.367,444253.0,,2.173420873896312,0.5207154177043373,0.023000000000000576,
510580,2026-05-29,4.439,4.338,4.458,4.308,496084.0,,3.378378378378386,-2.297297297297304,-0.10200000000000031,
510580,2026-06-01,4.334,4.299,4.381,4.29,585063.0,,2.097740894421397,-0.8990318118948756,-0.0389999999999997,
510580,2026-06-02,4.298,4.314,4.352,4.229,545393.0,,2.8611304954640664,0.3489183531053659,0.01499999999999968,
510580,2026-06-03,4.31,4.341,4.394,4.237,459638.0,,3.6393138618451557,0.6258692628650935,0.027000000000000135,
