代码,日期,开盘价,收盘价,最高价,最低价,成交量,成交额,振幅,涨跌幅,涨跌额,换手率
510550,2019-01-16,1.006,1.005,1.012,1.003,1184807.0,,,,,
510550,2019-01-17,1.005,1.001,1.008,0.997,144099.0,,1.0945273631840808,-0.3980099502487566,-0.0040000000000000036,
510550,2019-01-18,0.945,1.001,1.01,0.945,86583.0,,6.4935064935065,0.0,0.0,
510550,2019-01-21,1.008,1.014,1.018,1.001,80725.0,,1.6983016983017112,1.2987012987013111,0.013000000000000123,
510550,2019-01-22,1.016,0.999,1.016,0.982,33873.0,,3.3530571992110487,-1.4792899408284037,-0.015000000000000013,
510550,2019-01-23,0.994,1.001,1.002,0.994,2563.0,,0.8008008008008015,0.20020020020018928,0.0019999999999998908,
510550,2019-01-24,1.001,1.006,1.011,1.001,14655.0,,0.999000999001,0.4995004995005111,0.0050000000000001155,
510550,2019-01-25,1.006,1.0,1.01,1.0,17891.0,,0.9940357852882713,-0.5964214711729627,-0.006000000000000005,
510550,2019-01-28,0.999,1.002,1.014,0.999,9500.0,,1.5000000000000013,0.20000000000000018,0.0020000000000000018,
510550,2019-01-29,0.999,0.985,0.999,0.975,20978.0,,2.3952095808383254,-1.6966067864271472,-0.017000000000000015,
510550,2019-01-30,0.985,0.978,0.991,0.978,2578.0,,1.319796954314722,-0.7106598984771579,-0.007000000000000006,
510550,2019-01-31,0.979,0.97,0.985,0.965,4732.0,,2.0449897750511266,-0.8179959100204507,-0.008000000000000007,
510550,2019-02-01,0.971,0.997,0.997,0.971,8081.0,,2.680412371134023,2.783505154639178,0.027000000000000024,
510550,2019-02-11,0.996,1.021,1.022,0.996,55806.0,,2.607823470411236,2.4072216649949763,0.02399999999999991,
510550,2019-02-12,1.021,1.027,1.031,1.019,35358.0,,1.1753183153770825,0.5876591576885413,0.006000000000000005,
510550,2019-02-13,1.022,1.04,1.05,1.022,50244.0,,2.7263875365141215,1.2658227848101387,0.013000000000000123,
510550,2019-02-14,1.036,1.041,1.054,1.036,32107.0,,1.7307692307692322,0.09615384615383556,0.0009999999999998899,
510550,2019-02-15,1.04,1.044,1.052,1.039,19777.0,,1.248799231508177,0.28818443804035676,0.0030000000000001137,
510550,2019-02-18,1.044,1.077,1.08,1.044,35189.0,,3.4482758620689684,3.160919540229877,0.03299999999999992,
510550,2019-02-19,1.077,1.074,1.09,1.059,16343.0,,2.8783658310120837,-0.27855153203341615,-0.0029999999999998916,
510550,2019-02-20,1.072,1.081,1.081,1.07,9884.0,,1.024208566107998,0.6517690875232677,0.006999999999999895,
510550,2019-02-21,1.077,1.075,1.098,1.073,22803.0,,2.3126734505088007,-0.5550416281221097,-0.006000000000000005,
510550,2019-02-22,1.075,1.103,1.106,1.075,58255.0,,2.8837209302325713,2.6046511627907,0.028000000000000025,
510550,2019-02-25,1.106,1.159,1.183,1.081,35224.0,,9.247506799637362,5.077062556663649,0.05600000000000005,
510550,2019-02-26,1.159,1.151,1.25,1.135,35619.0,,9.922346850733389,-0.690250215703193,-0.008000000000000007,
510550,2019-02-27,1.151,1.146,1.167,1.138,15721.0,,2.5195482189400638,-0.43440486533450173,-0.0050000000000001155,
510550,2019-02-28,1.146,1.152,1.173,1.135,16910.0,,3.3158813263525335,0.5235602094240842,0.006000000000000005,
510550,2019-03-01,1.153,1.155,1.169,1.14,6440.0,,2.517361111111123,0.26041666666667657,0.0030000000000001137,
510550,2019-03-04,1.166,1.179,1.226,1.164,36954.0,,5.367965367965373,2.0779220779220795,0.02400000000000002,
510550,2019-03-05,1.179,1.197,1.2,1.17,7559.0,,2.5445292620865163,1.5267175572519098,0.018000000000000016,
510550,2019-03-06,1.2,1.23,1.23,1.19,25769.0,,3.3416875522138705,2.756892230576434,0.03299999999999992,
510550,2019-03-07,1.23,1.256,1.268,1.21,26103.0,,4.7154471544715495,2.1138211382113843,0.026000000000000023,
510550,2019-03-08,1.203,1.213,1.247,1.19,19671.0,,4.538216560509567,-3.423566878980886,-0.04299999999999993,
510550,2019-03-11,1.205,1.25,1.25,1.202,29446.0,,3.957131079967027,3.050288540807908,0.03699999999999992,
510550,2019-03-12,1.255,1.268,1.284,1.25,10143.0,,2.7200000000000024,1.4400000000000013,0.018000000000000016,
510550,2019-03-13,1.273,1.248,1.279,1.238,6514.0,,3.23343848580441,-1.577287066246058,-0.020000000000000018,
510550,2019-03-14,1.244,1.212,1.244,1.185,8073.0,,4.727564102564098,-2.8846153846153872,-0.03600000000000003,
510550,2019-03-15,1.212,1.239,1.244,1.204,7711.0,,3.3003300330033034,2.227722772277239,0.027000000000000135,
510550,2019-03-18,1.238,1.256,1.258,1.22,13134.0,,3.0669895076674765,1.3720742534301777,0.016999999999999904,
510550,2019-03-19,1.268,1.262,1.268,1.231,11388.0,,2.9458598726114587,0.47770700636942715,0.006000000000000005,
510550,2019-03-20,1.243,1.254,1.272,1.24,6547.0,,2.5356576862123634,-0.6339144215530909,-0.008000000000000007,
510550,2019-03-21,1.254,1.27,1.286,1.254,18023.0,,2.551834130781501,1.2759170653907506,0.016000000000000014,
510550,2019-03-22,1.289,1.278,1.289,1.255,5110.0,,2.677165354330711,0.6299212598425202,0.008000000000000007,
510550,2019-03-25,1.245,1.27,1.29,1.213,5790.0,,6.02503912363067,-0.6259780907668236,-0.008000000000000007,
510550,2019-03-26,1.275,1.235,1.275,1.231,7245.0,,3.4645669291338437,-2.7559055118110174,-0.03499999999999992,
510550,2019-03-27,1.25,1.235,1.25,1.225,6775.0,,2.0242914979757014,0.0,0.0,
510550,2019-03-28,1.235,1.235,1.248,1.226,2469.0,,1.7813765182186252,0.0,0.0,
510550,2019-03-29,1.228,1.266,1.266,1.227,10756.0,,3.157894736842099,2.5101214574898716,0.030999999999999917,
510550,2019-04-01,1.282,1.325,1.326,1.266,29200.0,,4.739336492890999,4.660347551342808,0.05899999999999994,
510550,2019-04-02,1.304,1.33,1.337,1.304,8801.0,,2.4905660377358427,0.3773584905660465,0.0050000000000001155,
510550,2019-04-03,1.333,1.348,1.349,1.315,42816.0,,2.5563909774436113,1.3533834586466178,0.018000000000000016,
510550,2019-04-04,1.349,1.342,1.399,1.339,129271.0,,4.45103857566766,-0.44510385756676596,-0.006000000000000005,
510550,2019-04-08,1.347,1.36,1.38,1.32,103913.0,,4.470938897168392,1.3412816691505227,0.018000000000000016,
510550,2019-04-09,1.355,1.339,1.358,1.321,79655.0,,2.720588235294128,-1.544117647058833,-0.02100000000000013,
510550,2019-04-10,1.33,1.342,1.351,1.325,73108.0,,1.9417475728155358,0.22404779686333934,0.0030000000000001137,
510550,2019-04-11,1.334,1.319,1.342,1.317,32880.0,,1.862891207153512,-1.7138599105812318,-0.02300000000000013,
510550,2019-04-12,1.319,1.311,1.319,1.302,14138.0,,1.288855193328272,-0.6065200909780143,-0.008000000000000007,
510550,2019-04-15,1.38,1.295,1.38,1.294,3482.0,,6.559877955758951,-1.2204424103737617,-0.016000000000000014,
510550,2019-04-16,1.284,1.325,1.326,1.28,7682.0,,3.5521235521235552,2.316602316602319,0.030000000000000027,
510550,2019-04-17,1.325,1.327,1.335,1.319,5612.0,,1.2075471698113218,0.15094339622641523,0.0020000000000000018,
510550,2019-04-18,1.327,1.323,1.335,1.323,103967.0,,0.9042954031650348,-0.30143180105501155,-0.0040000000000000036,
510550,2019-04-19,1.318,1.329,1.33,1.308,220858.0,,1.6628873771730932,0.4535147392290254,0.006000000000000005,
510550,2019-04-22,1.356,1.311,1.38,1.307,3477.0,,5.4928517682467985,-1.3544018058690757,-0.018000000000000016,
510550,2019-04-23,1.308,1.287,1.31,1.284,9488.0,,1.9832189168573628,-1.8306636155606424,-0.02400000000000002,
510550,2019-04-24,1.293,1.3,1.3,1.277,5175.0,,1.7871017871017976,1.0101010101010197,0.013000000000000123,
510550,2019-04-25,1.3,1.252,1.3,1.25,38062.0,,3.8461538461538494,-3.6923076923076956,-0.04800000000000004,
510550,2019-04-26,1.27,1.245,1.27,1.245,11751.0,,1.9968051118210792,-0.5591054313098958,-0.006999999999999895,
510550,2019-04-29,1.245,1.21,1.245,1.207,55423.0,,3.052208835341368,-2.8112449799196897,-0.03500000000000014,
510550,2019-04-30,1.233,1.218,1.314,1.21,3799.0,,8.595041322314058,0.661157024793389,0.008000000000000007,
510550,2019-05-06,1.21,1.129,1.21,1.12,66725.0,,7.3891625615763425,-7.307060755336615,-0.08899999999999997,
510550,2019-05-07,1.148,1.144,1.148,1.125,19531.0,,2.0372010628875032,1.3286093888396724,0.014999999999999902,
510550,2019-05-08,1.121,1.138,1.154,1.119,7700.0,,3.0594405594405525,-0.524475524475525,-0.006000000000000005,
510550,2019-05-09,1.138,1.127,1.14,1.12,6697.0,,1.7574692442882072,-0.9666080843585149,-0.010999999999999899,
510550,2019-05-10,1.145,1.166,1.175,1.117,21462.0,,5.1464063886424185,3.4605146406388574,0.038999999999999924,
510550,2019-05-13,1.142,1.153,1.16,1.142,164546.0,,1.5437392795883376,-1.114922813036012,-0.0129999999999999,
510550,2019-05-14,1.151,1.144,1.156,1.142,43715.0,,1.2142237640936697,-0.7805724197745116,-0.009000000000000119,
510550,2019-05-15,1.155,1.167,1.171,1.148,14909.0,,2.0104895104895224,2.0104895104895224,0.02300000000000013,
510550,2019-05-16,1.166,1.177,1.179,1.166,29568.0,,1.1139674378749034,0.8568980291345337,0.010000000000000009,
510550,2019-05-17,1.176,1.155,1.177,1.137,4494.0,,3.3984706881903173,-1.8691588785046744,-0.02200000000000002,
510550,2019-05-20,1.136,1.133,1.139,1.119,166444.0,,1.731601731601733,-1.9047619047619064,-0.02200000000000002,
510550,2019-05-21,1.155,1.154,1.16,1.133,12961.0,,2.383053839364511,1.8534863195057287,0.020999999999999908,
510550,2019-05-22,1.154,1.148,1.157,1.14,10330.0,,1.4731369150780005,-0.5199306759098792,-0.006000000000000005,
510550,2019-05-23,1.141,1.126,1.141,1.123,6956.0,,1.5679442508710815,-1.916376306620211,-0.02200000000000002,
510550,2019-05-24,1.13,1.119,1.131,1.116,5537.0,,1.332149200710471,-0.6216696269982146,-0.006999999999999895,
510550,2019-05-27,1.118,1.145,1.155,1.118,7962.0,,3.306523681858795,2.323503127792674,0.026000000000000023,
510550,2019-05-28,1.161,1.141,1.161,1.14,4448.0,,1.8340611353711904,-0.3493449781659392,-0.0040000000000000036,
510550,2019-05-29,1.141,1.145,1.151,1.141,22049.0,,0.8764241893076256,0.35056967572305026,0.0040000000000000036,
510550,2019-05-30,1.136,1.138,1.139,1.125,3186.0,,1.222707423580787,-0.6113537117904032,-0.007000000000000117,
510550,2019-05-31,1.138,1.138,1.146,1.138,1478.0,,0.7029876977152907,0.0,0.0,
510550,2019-06-03,1.139,1.125,1.139,1.118,1473.0,,1.845342706502628,-1.1423550087873375,-0.0129999999999999,
510550,2019-06-04,1.125,1.111,1.125,1.106,6697.0,,1.6888888888888804,-1.2444444444444456,-0.014000000000000012,
510550,2019-06-05,1.112,1.109,1.116,1.107,1819.0,,0.8100810081008208,-0.18001800180018018,-0.0020000000000000018,
510550,2019-06-06,1.1,1.086,1.1,1.083,14413.0,,1.5329125338142584,-2.07394048692515,-0.02299999999999991,
510550,2019-06-10,1.086,1.097,1.102,1.084,2072.0,,1.657458563535913,1.0128913443830478,0.010999999999999899,
510550,2019-06-11,1.129,1.135,1.135,1.098,16234.0,,3.372835004557878,3.463992707383777,0.038000000000000034,
510550,2019-06-12,1.135,1.128,1.138,1.125,8439.0,,1.1453744493391984,-0.6167400881057372,-0.007000000000000117,
510550,2019-06-13,1.128,1.128,1.133,1.12,10941.0,,1.1524822695035373,0.0,0.0,
510550,2019-06-14,1.128,1.112,1.133,1.11,3074.0,,2.039007092198574,-1.4184397163120386,-0.015999999999999792,
510550,2019-06-17,1.11,1.11,1.117,1.107,1646.0,,0.899280575539569,-0.1798561151079138,-0.0020000000000000018,
510550,2019-06-18,1.113,1.11,1.113,1.104,5246.0,,0.8108108108108015,0.0,0.0,
510550,2019-06-19,1.126,1.123,1.172,1.123,2391.0,,4.414414414414408,1.171171171171162,0.0129999999999999,
510550,2019-06-20,1.117,1.143,1.151,1.117,7506.0,,3.0276046304541433,1.7809439002671432,0.020000000000000018,
510550,2019-06-21,1.146,1.16,1.167,1.146,8136.0,,1.8372703412073605,1.4873140857392741,0.016999999999999904,
510550,2019-06-24,1.16,1.16,1.16,1.155,1310.0,,0.4310344827586115,0.0,0.0,
510550,2019-06-25,1.155,1.149,1.155,1.135,1333.0,,1.7241379310344844,-0.9482758620689569,-0.010999999999999899,
510550,2019-06-26,1.134,1.146,1.156,1.134,15516.0,,1.9147084421235874,-0.26109660574413524,-0.0030000000000001137,
510550,2019-06-27,1.146,1.156,1.163,1.146,5019.0,,1.4834205933682485,0.8726003490401405,0.010000000000000009,
510550,2019-06-28,1.153,1.141,1.153,1.14,1201.0,,1.1245674740484535,-1.297577854671272,-0.014999999999999902,
510550,2019-07-01,1.16,1.18,1.18,1.16,7788.0,,1.7528483786152511,3.41805433829973,0.038999999999999924,
510550,2019-07-02,1.18,1.175,1.18,1.172,3243.0,,0.6779661016949159,-0.423728813559313,-0.004999999999999893,
510550,2019-07-03,1.166,1.165,1.17,1.165,1554.0,,0.4255319148936079,-0.8510638297872347,-0.010000000000000009,
510550,2019-07-04,1.167,1.16,1.17,1.159,7097.0,,0.9442060085836822,-0.42918454935623307,-0.0050000000000001155,
510550,2019-07-05,1.159,1.167,1.169,1.159,4598.0,,0.8620689655172422,0.603448275862079,0.007000000000000117,
510550,2019-07-08,1.159,1.13,1.16,1.126,9413.0,,2.913453299057415,-3.170522707797784,-0.037000000000000144,
510550,2019-07-09,1.13,1.133,1.135,1.123,17917.0,,1.0619469026548682,0.26548672566372694,0.0030000000000001137,
510550,2019-07-10,1.13,1.123,1.132,1.121,26590.0,,0.970873786407758,-0.8826125330979708,-0.010000000000000009,
510550,2019-07-11,1.13,1.123,1.138,1.123,16803.0,,1.3357079252003474,0.0,0.0,
510550,2019-07-12,1.127,1.128,1.13,1.123,1506.0,,0.6233303650934903,0.4452359750667759,0.004999999999999893,
510550,2019-07-15,1.12,1.142,1.148,1.114,2826.0,,3.014184397163104,1.2411347517730509,0.014000000000000012,
510550,2019-07-16,1.145,1.146,1.148,1.141,4779.0,,0.6129597197898333,0.3502626970227674,0.0040000000000000036,
510550,2019-07-17,1.148,1.144,1.15,1.143,5758.0,,0.6108202443280886,-0.1745200698080281,-0.0020000000000000018,
510550,2019-07-18,1.138,1.124,1.138,1.124,2155.0,,1.2237762237762055,-1.7482517482517306,-0.019999999999999796,
510550,2019-07-19,1.136,1.133,1.142,1.132,6721.0,,0.8896797153024919,0.8007117437722329,0.008999999999999897,
510550,2019-07-22,1.133,1.115,1.133,1.114,21243.0,,1.6769638128861346,-1.5887025595763473,-0.018000000000000016,
510550,2019-07-23,1.13,1.141,1.141,1.13,25626.0,,0.9865470852018046,2.331838565022424,0.026000000000000023,
510550,2019-07-24,1.144,1.149,1.156,1.144,5499.0,,1.0517090271691507,0.7011393514461005,0.008000000000000007,
510550,2019-07-25,1.143,1.153,1.154,1.143,5464.0,,0.957354221061784,0.3481288076588341,0.0040000000000000036,
510550,2019-07-26,1.153,1.156,1.156,1.149,4893.0,,0.6071118820468253,0.260190806591491,0.0029999999999998916,
510550,2019-07-29,1.158,1.155,1.158,1.151,850.0,,0.6055363321799218,-0.08650519031140917,-0.0009999999999998899,
510550,2019-07-30,1.16,1.163,1.17,1.16,11503.0,,0.8658008658008665,0.6926406926406933,0.008000000000000007,
510550,2019-07-31,1.159,1.162,1.162,1.157,5691.0,,0.4299226139294835,-0.08598452278590815,-0.001000000000000112,
510550,2019-08-01,1.152,1.15,1.157,1.147,5845.0,,0.8605851979345963,-1.0327022375215156,-0.01200000000000001,
510550,2019-08-02,1.16,1.139,1.16,1.128,2679.0,,2.7826086956521765,-0.956521739130426,-0.010999999999999899,
510550,2019-08-05,1.135,1.127,1.146,1.126,11412.0,,1.7559262510974554,-1.0535557506584734,-0.01200000000000001,
510550,2019-08-06,1.127,1.102,1.14,1.081,14653.0,,5.235137533274174,-2.218278615794136,-0.02499999999999991,
510550,2019-08-07,1.121,1.099,1.121,1.098,4636.0,,2.0871143375680496,-0.2722323049001918,-0.0030000000000001137,
510550,2019-08-08,1.099,1.106,1.106,1.099,7585.0,,0.6369426751592464,0.6369426751592464,0.007000000000000117,
510550,2019-08-09,1.107,1.092,1.112,1.089,2579.0,,2.0795660036166486,-1.2658227848101276,-0.014000000000000012,
510550,2019-08-12,1.091,1.107,1.107,1.09,4550.0,,1.556776556776548,1.3736263736263645,0.014999999999999902,
510550,2019-08-13,1.111,1.101,1.111,1.1,2032.0,,0.9936766034326919,-0.542005420054201,-0.006000000000000005,
510550,2019-08-14,1.106,1.11,1.122,1.106,2767.0,,1.4532243415077215,0.8174386920981035,0.009000000000000119,
510550,2019-08-15,1.108,1.114,1.117,1.092,2936.0,,2.2522522522522443,0.3603603603603607,0.0040000000000000036,
510550,2019-08-16,1.117,1.121,1.128,1.114,3589.0,,1.2567324955116508,0.6283662477558254,0.006999999999999895,
510550,2019-08-19,1.118,1.155,1.155,1.118,4847.0,,3.3006244424620808,3.0330062444246235,0.03400000000000003,
510550,2019-08-20,1.157,1.154,1.162,1.151,3318.0,,0.9523809523809437,-0.08658008658009626,-0.001000000000000112,
510550,2019-08-21,1.153,1.152,1.158,1.151,851.0,,0.6065857885615161,-0.17331022530329307,-0.0020000000000000018,
510550,2019-08-22,1.156,1.155,1.158,1.149,5767.0,,0.7812499999999911,0.26041666666667657,0.0030000000000001137,
510550,2019-08-23,1.153,1.157,1.158,1.151,1532.0,,0.606060606060597,0.17316017316017332,0.0020000000000000018,
510550,2019-08-26,1.157,1.146,1.181,1.139,2259.0,,3.630077787381161,-0.9507346585998376,-0.01100000000000012,
510550,2019-08-27,1.146,1.166,1.176,1.14,15921.0,,3.141361256544506,1.745200698080281,0.020000000000000018,
510550,2019-08-28,1.166,1.168,1.17,1.162,1128.0,,0.6861063464837056,0.1715265866209264,0.0020000000000000018,
510550,2019-08-29,1.169,1.166,1.171,1.163,3038.0,,0.6849315068493157,-0.17123287671232892,-0.0020000000000000018,
510550,2019-08-30,1.164,1.155,1.181,1.15,17334.0,,2.6586620926243687,-0.9433962264150856,-0.010999999999999899,
510550,2019-09-02,1.155,1.185,1.186,1.155,13024.0,,2.6839826839826766,2.5974025974025996,0.030000000000000027,
510550,2019-09-03,1.188,1.19,1.19,1.185,7349.0,,0.42194092827003316,0.42194092827003316,0.004999999999999893,
510550,2019-09-04,1.195,1.189,1.203,1.171,8238.0,,2.6890756302521033,-0.0840336134453689,-0.0009999999999998899,
510550,2019-09-05,1.21,1.214,1.23,1.21,9187.0,,1.6820857863751066,2.102607232968874,0.02499999999999991,
510550,2019-09-06,1.239,1.218,1.239,1.21,4784.0,,2.3887973640856783,0.32948929159802337,0.0040000000000000036,
510550,2019-09-09,1.239,1.241,1.314,1.221,2856.0,,7.635467980295564,1.888341543513968,0.02300000000000013,
510550,2019-09-10,1.243,1.239,1.243,1.231,10772.0,,0.9669621273166809,-0.16116035455278013,-0.0020000000000000018,
510550,2019-09-11,1.239,1.23,1.244,1.23,4342.0,,1.1299435028248597,-0.7263922518159902,-0.009000000000000119,
510550,2019-09-12,1.238,1.238,1.24,1.227,1732.0,,1.056910569105683,0.6504065040650413,0.008000000000000007,
510550,2019-09-16,1.238,1.239,1.245,1.236,2706.0,,0.7269789983845008,0.08077544426495249,0.001000000000000112,
510550,2019-09-17,1.24,1.215,1.24,1.209,3380.0,,2.5020177562550376,-1.9370460048426166,-0.02400000000000002,
510550,2019-09-18,1.215,1.216,1.219,1.21,1759.0,,0.7407407407407505,0.08230452674896213,0.0009999999999998899,
510550,2019-09-19,1.202,1.228,1.228,1.202,76243.0,,2.138157894736844,0.9868421052631589,0.01200000000000001,
510550,2019-09-20,1.228,1.229,1.234,1.227,1610.0,,0.5700325732898938,0.08143322475570944,0.001000000000000112,
510550,2019-09-23,1.268,1.219,1.268,1.204,2139.0,,5.207485760781127,-0.8136696501220512,-0.010000000000000009,
510550,2019-09-24,1.221,1.223,1.237,1.22,509.0,,1.3945857260049324,0.3281378178835114,0.0040000000000000036,
510550,2019-09-25,1.212,1.204,1.212,1.204,1545.0,,0.6541291905151273,-1.5535568274734364,-0.019000000000000128,
510550,2019-09-26,1.205,1.178,1.206,1.178,3216.0,,2.325581395348839,-2.159468438538208,-0.026000000000000023,
510550,2019-09-27,1.195,1.184,1.195,1.179,3230.0,,1.3582342954159605,0.5093378607809852,0.006000000000000005,
510550,2019-09-30,1.182,1.183,1.185,1.17,7376.0,,1.2668918918919023,-0.08445945945945016,-0.0009999999999998899,
510550,2019-10-08,1.192,1.171,1.192,1.16,2302.0,,2.704987320371938,-1.0143702451394767,-0.01200000000000001,
510550,2019-10-09,1.152,1.178,1.181,1.152,972.0,,2.476515798462864,0.5977796754910243,0.006999999999999895,
510550,2019-10-10,1.18,1.192,1.192,1.18,10755.0,,1.0186757215619704,1.1884550084889656,0.014000000000000012,
510550,2019-10-11,1.21,1.195,1.21,1.186,11190.0,,2.0134228187919483,0.25167785234900286,0.0030000000000001137,
510550,2019-10-14,1.196,1.211,1.216,1.196,2729.0,,1.673640167364018,1.3389121338912144,0.016000000000000014,
510550,2019-10-15,1.214,1.196,1.214,1.196,977.0,,1.4863748967795223,-1.2386457473162777,-0.015000000000000124,
510550,2019-10-16,1.196,1.191,1.203,1.19,66201.0,,1.0869565217391408,-0.41806020066888744,-0.004999999999999893,
510550,2019-10-17,1.191,1.188,1.195,1.188,7563.0,,0.5877413937867436,-0.2518891687657526,-0.0030000000000001137,
510550,2019-10-18,1.19,1.175,1.192,1.171,4158.0,,1.76767676767676,-1.094276094276086,-0.0129999999999999,
510550,2019-10-21,1.175,1.167,1.175,1.163,2015.0,,1.0212765957446817,-0.6808510638297879,-0.008000000000000007,
510550,2019-10-22,1.181,1.185,1.186,1.174,2443.0,,1.0282776349614406,1.5424164524421609,0.018000000000000016,
510550,2019-10-23,1.192,1.176,1.192,1.173,1886.0,,1.6033755274261523,-0.759493670886086,-0.009000000000000119,
510550,2019-10-24,1.172,1.17,1.175,1.165,3074.0,,0.8503401360544225,-0.5102040816326535,-0.006000000000000005,
510550,2019-10-25,1.17,1.183,1.183,1.167,7189.0,,1.3675213675213687,1.1111111111111218,0.013000000000000123,
510550,2019-10-28,1.188,1.202,1.202,1.188,4108.0,,1.1834319526627228,1.6060862214708287,0.018999999999999906,
510550,2019-10-29,1.196,1.186,1.199,1.186,5454.0,,1.0815307820299604,-1.3311148086522475,-0.016000000000000014,
510550,2019-10-30,1.182,1.169,1.182,1.169,6642.0,,1.09612141652613,-1.433389544688019,-0.016999999999999904,
510550,2019-10-31,1.176,1.165,1.177,1.163,1842.0,,1.1976047904191627,-0.3421727972626179,-0.0040000000000000036,
510550,2019-11-01,1.18,1.175,1.18,1.158,8070.0,,1.8884120171673835,0.858369098712447,0.010000000000000009,
510550,2019-11-04,1.178,1.178,1.186,1.178,3242.0,,0.6808510638297879,0.255319148936161,0.0029999999999998916,
510550,2019-11-05,1.182,1.187,1.192,1.176,4030.0,,1.3582342954159605,0.7640067911714873,0.009000000000000119,
510550,2019-11-06,1.191,1.174,1.191,1.174,7203.0,,1.432181971356371,-1.0951979780960508,-0.013000000000000123,
510550,2019-11-07,1.165,1.185,1.187,1.165,486.0,,1.8739352640545164,0.9369676320272675,0.01100000000000012,
510550,2019-11-08,1.181,1.179,1.193,1.179,2647.0,,1.181434599156119,-0.5063291139240511,-0.006000000000000005,
510550,2019-11-11,1.179,1.152,1.179,1.152,7511.0,,2.290076335877874,-2.290076335877874,-0.027000000000000135,
510550,2019-11-12,1.153,1.168,1.168,1.142,8283.0,,2.2569444444444464,1.3888888888888902,0.016000000000000014,
510550,2019-11-13,1.166,1.152,1.166,1.148,6567.0,,1.5410958904109604,-1.3698630136986314,-0.016000000000000014,
510550,2019-11-14,1.167,1.163,1.167,1.155,911.0,,1.0416666666666676,0.9548611111111216,0.01100000000000012,
510550,2019-11-15,1.163,1.153,1.167,1.153,2466.0,,1.2037833190025806,-0.8598452278589861,-0.010000000000000009,
510550,2019-11-18,1.154,1.157,1.16,1.15,2500.0,,0.8673026886383356,0.3469210754553342,0.0040000000000000036,
510550,2019-11-19,1.165,1.178,1.178,1.16,3192.0,,1.555747623163355,1.8150388936905708,0.020999999999999908,
510550,2019-11-20,1.18,1.172,1.182,1.171,1032.0,,0.9337860780984635,-0.5093378607809852,-0.006000000000000005,
510550,2019-11-21,1.172,1.169,1.176,1.167,533.0,,0.7679180887371926,-0.25597269624572455,-0.0029999999999998916,
510550,2019-11-22,1.156,1.182,1.19,1.156,6851.0,,2.9084687767322523,1.1120615911034988,0.0129999999999999,
510550,2019-11-25,1.176,1.156,1.197,1.153,12661.0,,3.7225042301184468,-2.1996615905245367,-0.026000000000000023,
510550,2019-11-26,1.169,1.162,1.169,1.157,3745.0,,1.0380622837370252,0.5190311418685126,0.006000000000000005,
510550,2019-11-27,1.157,1.164,1.169,1.051,6454.0,,10.154905335628236,0.17211703958691926,0.0020000000000000018,
510550,2019-11-28,1.164,1.159,1.166,1.156,1912.0,,0.8591065292096227,-0.4295532646048018,-0.004999999999999893,
510550,2019-11-29,1.167,1.161,1.167,1.151,1721.0,,1.380500431406386,0.17256255392579825,0.0020000000000000018,
510550,2019-12-02,1.161,1.163,1.168,1.159,274.0,,0.7751937984496036,0.17226528854435846,0.0020000000000000018,
510550,2019-12-03,1.16,1.165,1.167,1.154,237.0,,1.1177987962166913,0.17196904557179724,0.0020000000000000018,
510550,2019-12-04,1.163,1.168,1.168,1.162,1815.0,,0.5150214592274682,0.25751072961372456,0.0029999999999998916,
510550,2019-12-05,1.17,1.176,1.181,1.168,10498.0,,1.1130136986301475,0.6849315068493157,0.008000000000000007,
510550,2019-12-06,1.18,1.185,1.187,1.176,1521.0,,0.9353741496598743,0.7653061224489898,0.009000000000000119,
510550,2019-12-09,1.192,1.19,1.192,1.185,2006.0,,0.5907172995780502,0.42194092827003316,0.004999999999999893,
510550,2019-12-10,1.184,1.195,1.198,1.184,1305.0,,1.176470588235295,0.4201680672269005,0.0050000000000001155,
510550,2019-12-11,1.194,1.191,1.194,1.188,7626.0,,0.5020920502092054,-0.3347280334728036,-0.0040000000000000036,
510550,2019-12-12,1.191,1.188,1.193,1.187,625.0,,0.5037783375314866,-0.2518891687657526,-0.0030000000000001137,
510550,2019-12-13,1.21,1.203,1.21,1.194,10606.0,,1.3468013468013482,1.2626262626262732,0.015000000000000124,
510550,2019-12-16,1.198,1.216,1.225,1.198,11239.0,,2.2443890274314326,1.0806317539484538,0.0129999999999999,
510550,2019-12-17,1.218,1.242,1.246,1.218,11090.0,,2.3026315789473704,2.138157894736844,0.026000000000000023,
510550,2019-12-18,1.242,1.238,1.247,1.237,12755.0,,0.8051529790660233,-0.32206119162640934,-0.0040000000000000036,
510550,2019-12-19,1.245,1.246,1.246,1.237,4454.0,,0.7269789983844828,0.6462035541195482,0.008000000000000007,
510550,2019-12-20,1.238,1.23,1.245,1.23,10342.0,,1.203852327447843,-1.2841091492776897,-0.016000000000000014,
510550,2019-12-23,1.23,1.205,1.23,1.205,2474.0,,2.0325203252032447,-2.0325203252032447,-0.02499999999999991,
510550,2019-12-24,1.228,1.228,1.228,1.205,5195.0,,1.9087136929460506,1.9087136929460506,0.02299999999999991,
510550,2019-12-25,1.226,1.225,1.231,1.22,1097.0,,0.8957654723127133,-0.24429967426709215,-0.0029999999999998916,
510550,2019-12-26,1.248,1.237,1.248,1.225,3462.0,,1.8775510204081556,0.9795918367346947,0.01200000000000001,
510550,2019-12-27,1.239,1.23,1.244,1.227,2747.0,,1.3742926434923122,-0.5658852061439059,-0.007000000000000117,
510550,2019-12-30,1.221,1.241,1.243,1.214,18434.0,,2.3577235772357836,0.8943089430894406,0.01100000000000012,
510550,2019-12-31,1.24,1.248,1.249,1.239,3510.0,,0.8058017727639007,0.5640612409347215,0.006999999999999895,
510550,2020-01-02,1.255,1.272,1.272,1.255,19416.0,,1.3621794871794972,1.923076923076925,0.02400000000000002,
510550,2020-01-03,1.27,1.273,1.277,1.27,4662.0,,0.5503144654087968,0.0786163522012492,0.0009999999999998899,
510550,2020-01-06,1.271,1.281,1.296,1.271,6573.0,,1.9638648860958472,0.6284367635506682,0.008000000000000007,
510550,2020-01-07,1.29,1.301,1.301,1.29,4227.0,,0.858704137392654,1.5612802498048415,0.020000000000000018,
510550,2020-01-08,1.302,1.287,1.302,1.282,15815.0,,1.5372790161414311,-1.076095311299002,-0.014000000000000012,
510550,2020-01-09,1.29,1.3,1.302,1.29,17202.0,,0.9324009324009332,1.0101010101010197,0.013000000000000123,
510550,2020-01-10,1.326,1.301,1.326,1.291,20203.0,,2.692307692307703,0.07692307692306845,0.0009999999999998899,
510550,2020-01-13,1.316,1.317,1.317,1.294,6303.0,,1.7678708685626372,1.229823212913145,0.016000000000000014,
510550,2020-01-14,1.32,1.312,1.325,1.312,6887.0,,0.9870918754745559,-0.37965072133636246,-0.004999999999999893,
510550,2020-01-15,1.339,1.312,1.339,1.262,15553.0,,5.868902439024386,0.0,0.0,
510550,2020-01-16,1.314,1.311,1.315,1.308,6973.0,,0.5335365853658456,-0.07621951219513047,-0.001000000000000112,
510550,2020-01-17,1.296,1.304,1.335,1.296,1319.0,,2.9748283752860356,-0.5339435545385123,-0.006999999999999895,
510550,2020-01-20,1.306,1.326,1.326,1.304,24896.0,,1.6871165644171793,1.6871165644171793,0.02200000000000002,
510550,2020-01-21,1.325,1.308,1.325,1.301,35724.0,,1.8099547511312233,-1.3574660633484175,-0.018000000000000016,
510550,2020-01-22,1.282,1.318,1.325,1.281,20025.0,,3.3639143730886882,0.7645259938837927,0.010000000000000009,
510550,2020-01-23,1.312,1.271,1.313,1.258,14826.0,,4.172989377845216,-3.5660091047041083,-0.04700000000000015,
510550,2020-02-03,1.22,1.144,1.22,1.144,9587.0,,5.979543666404412,-9.99213217938631,-0.127,
510550,2020-02-04,1.144,1.18,1.187,1.144,14710.0,,3.7587412587412725,3.1468531468531498,0.03600000000000003,
510550,2020-02-05,1.182,1.211,1.226,1.16,12574.0,,5.593220338983056,2.6271186440678087,0.03100000000000014,
510550,2020-02-06,1.206,1.245,1.267,1.205,11804.0,,5.119735755573892,2.807597027250209,0.03400000000000003,
510550,2020-02-07,1.25,1.246,1.26,1.238,4578.0,,1.767068273092371,0.0803212851405534,0.0009999999999998899,
510550,2020-02-10,1.256,1.26,1.268,1.251,5557.0,,1.3643659711075542,1.1235955056179785,0.014000000000000012,
510550,2020-02-11,1.258,1.264,1.275,1.258,2033.0,,1.3492063492063417,0.3174603174603177,0.0040000000000000036,
510550,2020-02-12,1.264,1.289,1.291,1.253,4334.0,,3.0063291139240533,1.9778481012658156,0.02499999999999991,
510550,2020-02-13,1.288,1.28,1.292,1.276,1402.0,,1.2412723041117157,-0.6982156710628314,-0.008999999999999897,
510550,2020-02-14,1.282,1.282,1.292,1.275,2238.0,,1.3281250000000098,0.15625000000000014,0.0020000000000000018,
510550,2020-02-17,1.289,1.316,1.32,1.289,17594.0,,2.4180967238689655,2.652106084243372,0.03400000000000003,
510550,2020-02-18,1.32,1.335,1.335,1.313,29091.0,,1.6717325227963538,1.443768996960479,0.018999999999999906,
510550,2020-02-19,1.313,1.322,1.34,1.313,3335.0,,2.02247191011237,-0.973782771535573,-0.0129999999999999,
510550,2020-02-20,1.322,1.325,1.347,1.303,7108.0,,3.328290468986387,0.22692889561269983,0.0029999999999998916,
510550,2020-02-21,1.326,1.362,1.371,1.326,3129.0,,3.396226415094335,2.79245283018869,0.037000000000000144,
510550,2020-02-24,1.362,1.378,1.387,1.356,5504.0,,2.2760646108663667,1.174743024963274,0.015999999999999792,
510550,2020-02-25,1.377,1.389,1.389,1.331,9705.0,,4.208998548621194,0.7982583454281655,0.01100000000000012,
510550,2020-02-26,1.389,1.354,1.389,1.35,6455.0,,2.8077753779697567,-2.519798416126704,-0.03499999999999992,
510550,2020-02-27,1.36,1.357,1.37,1.343,6193.0,,1.9940915805022255,0.22156573116690484,0.0029999999999998916,
510550,2020-02-28,1.355,1.371,1.449,1.284,10977.0,,12.159174649963157,1.0316875460574808,0.014000000000000012,
510550,2020-03-02,1.364,1.337,1.364,1.302,11213.0,,4.5222465353756425,-2.479941648431804,-0.03400000000000003,
510550,2020-03-03,1.347,1.348,1.376,1.33,8997.0,,3.440538519072537,0.8227374719521406,0.01100000000000012,
510550,2020-03-04,1.321,1.348,1.348,1.306,5217.0,,3.1157270029673616,0.0,0.0,
510550,2020-03-05,1.348,1.367,1.388,1.348,9099.0,,2.96735905044509,1.4094955489614174,0.018999999999999906,
510550,2020-03-06,1.367,1.365,1.375,1.355,45716.0,,1.4630577907827373,-0.14630577907827372,-0.0020000000000000018,
510550,2020-03-09,1.337,1.335,1.349,1.314,28649.0,,2.564102564102558,-2.1978021978021998,-0.030000000000000027,
510550,2020-03-10,1.309,1.344,1.345,1.291,1652.0,,4.044943820224723,0.6741573033707955,0.009000000000000119,
510550,2020-03-11,1.346,1.332,1.355,1.332,2824.0,,1.711309523809517,-0.8928571428571437,-0.01200000000000001,
510550,2020-03-12,1.33,1.329,1.33,1.296,4075.0,,2.5525525525525548,-0.22522522522523378,-0.0030000000000001137,
510550,2020-03-13,1.302,1.303,1.31,1.25,5556.0,,4.514672686230252,-1.9563581640331094,-0.026000000000000023,
510550,2020-03-16,1.325,1.244,1.325,1.237,9207.0,,6.753645433614724,-4.5280122793553295,-0.05899999999999994,
510550,2020-03-17,1.267,1.245,1.267,1.216,5359.0,,4.099678456591635,0.08038585209004115,0.001000000000000112,
510550,2020-03-18,1.221,1.237,1.267,1.221,67075.0,,3.694779116465849,-0.6425702811244985,-0.008000000000000007,
510550,2020-03-19,1.237,1.228,1.239,1.2,7402.0,,3.1527890056588634,-0.7275666936135908,-0.009000000000000119,
510550,2020-03-20,1.241,1.248,1.248,1.226,6388.0,,1.7915309446254086,1.628664495114008,0.020000000000000018,
510550,2020-03-23,1.247,1.218,1.247,1.19,4424.0,,4.567307692307705,-2.403846153846156,-0.030000000000000027,
510550,2020-03-24,1.22,1.214,1.224,1.19,3772.0,,2.7914614121510697,-0.32840722495894936,-0.0040000000000000036,
510550,2020-03-25,1.236,1.249,1.25,1.235,4803.0,,1.2355848434925785,2.8830313014827134,0.03500000000000014,
510550,2020-03-26,1.25,1.237,1.25,1.235,1783.0,,1.200960768614884,-0.9607686148919143,-0.01200000000000001,
510550,2020-03-27,1.239,1.237,1.246,1.229,6239.0,,1.3742926434923122,0.0,0.0,
510550,2020-03-30,1.212,1.208,1.223,1.193,1719.0,,2.425222312045273,-2.3443815683104394,-0.029000000000000137,
510550,2020-03-31,1.203,1.215,1.233,1.203,1824.0,,2.4834437086092738,0.5794701986755064,0.007000000000000117,
510550,2020-04-01,1.215,1.196,1.222,1.192,2364.0,,2.469135802469138,-1.563786008230463,-0.019000000000000128,
510550,2020-04-02,1.188,1.227,1.227,1.188,2682.0,,3.2608695652174036,2.591973244147169,0.03100000000000014,
510550,2020-04-03,1.229,1.22,1.233,1.218,2757.0,,1.2224938875305724,-0.5704971475142719,-0.007000000000000117,
510550,2020-04-07,1.22,1.253,1.257,1.22,5860.0,,3.032786885245895,2.7049180327868787,0.03299999999999992,
510550,2020-04-08,1.253,1.256,1.256,1.248,1187.0,,0.6384676775738235,0.23942537909019268,0.0030000000000001137,
510550,2020-04-09,1.26,1.268,1.27,1.26,2706.0,,0.7961783439490453,0.9554140127388543,0.01200000000000001,
510550,2020-04-10,1.263,1.242,1.263,1.239,22902.0,,1.8927444794952522,-2.0504731861198757,-0.026000000000000023,
510550,2020-04-13,1.261,1.228,1.261,1.227,933.0,,2.7375201288244613,-1.1272141706924326,-0.014000000000000012,
510550,2020-04-14,1.239,1.26,1.26,1.235,61954.0,,2.035830618892501,2.6058631921824125,0.03200000000000003,
510550,2020-04-15,1.261,1.255,1.266,1.255,1807.0,,0.8730158730158826,-0.396825396825406,-0.0050000000000001155,
510550,2020-04-16,1.251,1.267,1.267,1.251,1812.0,,1.2749003984063758,0.9561752988047819,0.01200000000000001,
510550,2020-04-17,1.245,1.277,1.282,1.245,4400.0,,2.920284135753743,0.7892659826361491,0.010000000000000009,
510550,2020-04-20,1.274,1.276,1.282,1.271,27505.0,,0.8613938919342303,-0.0783085356303751,-0.0009999999999998899,
510550,2020-04-21,1.293,1.269,1.293,1.26,841.0,,2.586206896551718,-0.5485893416927992,-0.007000000000000117,
510550,2020-04-22,1.261,1.279,1.283,1.261,6730.0,,1.7336485421591823,0.7880220646178101,0.010000000000000009,
510550,2020-04-23,1.283,1.276,1.285,1.276,676.0,,0.7036747458952226,-0.2345582486317351,-0.0029999999999998916,
510550,2020-04-24,1.276,1.26,1.276,1.255,7819.0,,1.64576802507838,-1.2539184952978069,-0.016000000000000014,
510550,2020-04-27,1.259,1.255,1.267,1.255,524.0,,0.9523809523809532,-0.396825396825406,-0.0050000000000001155,
510550,2020-04-28,1.252,1.246,1.257,1.23,1512.0,,2.15139442231075,-0.7171314741035775,-0.008999999999999897,
510550,2020-04-29,1.243,1.253,1.258,1.243,102.0,,1.2038523274478252,0.5617977528089804,0.006999999999999895,
510550,2020-04-30,1.25,1.275,1.279,1.25,1060.0,,2.314445331205101,1.7557861133280146,0.02200000000000002,
510550,2020-05-06,1.275,1.3,1.3,1.275,23147.0,,1.960784313725501,1.960784313725501,0.025000000000000133,
510550,2020-05-07,1.301,1.3,1.304,1.293,2892.0,,0.8461538461538555,0.0,0.0,
510550,2020-05-08,1.303,1.313,1.316,1.301,7079.0,,1.1538461538461635,0.9999999999999923,0.0129999999999999,
510550,2020-05-11,1.313,1.307,1.32,1.302,31341.0,,1.3709063214013721,-0.4569687738004574,-0.006000000000000005,
510550,2020-05-12,1.303,1.313,1.313,1.302,3032.0,,0.8416220351950956,0.459066564651875,0.006000000000000005,
510550,2020-05-13,1.31,1.32,1.32,1.306,828.0,,1.0662604722010673,0.533130236100542,0.007000000000000117,
510550,2020-05-14,1.32,1.311,1.32,1.309,4507.0,,0.8333333333333425,-0.6818181818181908,-0.009000000000000119,
510550,2020-05-15,1.338,1.316,1.338,1.303,27296.0,,2.669717772692612,0.38138825324180897,0.0050000000000001155,
510550,2020-05-18,1.33,1.316,1.33,1.316,6244.0,,1.0638297872340434,0.0,0.0,
510550,2020-05-19,1.317,1.323,1.324,1.316,7163.0,,0.6079027355623106,0.5319148936170133,0.006999999999999895,
510550,2020-05-20,1.329,1.31,1.329,1.307,2224.0,,1.6628873771730932,-0.9826152683295465,-0.0129999999999999,
510550,2020-05-21,1.318,1.302,1.319,1.3,12886.0,,1.4503816793893058,-0.6106870229007638,-0.008000000000000007,
510550,2020-05-22,1.3,1.28,1.301,1.275,1401.0,,1.996927803379418,-1.689708141321046,-0.02200000000000002,
510550,2020-05-25,1.275,1.276,1.282,1.272,443.0,,0.7812500000000007,-0.3125000000000003,-0.0040000000000000036,
510550,2020-05-26,1.288,1.297,1.297,1.286,756.0,,0.8620689655172333,1.6457680250783626,0.020999999999999908,
510550,2020-05-27,1.297,1.284,1.3,1.284,1109.0,,1.2336160370084823,-1.0023130300693832,-0.0129999999999999,
510550,2020-05-28,1.31,1.286,1.31,1.271,1352.0,,3.037383177570105,0.15576323987538954,0.0020000000000000018,
510550,2020-05-29,1.291,1.298,1.298,1.291,8677.0,,0.5443234836703046,0.9331259720062216,0.01200000000000001,
510550,2020-06-01,1.31,1.336,1.336,1.31,10762.0,,2.003081664098615,2.9275808936825913,0.038000000000000034,
510550,2020-06-02,1.339,1.336,1.339,1.329,3128.0,,0.7485029940119766,0.0,0.0,
510550,2020-06-03,1.336,1.342,1.351,1.333,5054.0,,1.347305389221558,0.44910179640718595,0.006000000000000005,
510550,2020-06-04,1.338,1.341,1.344,1.335,1222.0,,0.6706408345752696,-0.07451564828614843,-0.001000000000000112,
510550,2020-06-05,1.341,1.343,1.343,1.334,4003.0,,0.6711409395973078,0.1491424310216258,0.0020000000000000018,
510550,2020-06-08,1.352,1.346,1.358,1.342,17922.0,,1.1913626209977672,0.2233804914370896,0.0030000000000001137,
510550,2020-06-09,1.338,1.345,1.352,1.338,17723.0,,1.040118870728084,-0.07429420505201426,-0.001000000000000112,
510550,2020-06-10,1.354,1.348,1.354,1.342,7678.0,,0.8921933085501867,0.22304832713755493,0.0030000000000001137,
510550,2020-06-11,1.348,1.349,1.364,1.343,4058.0,,1.557863501483689,0.07418397626111943,0.0009999999999998899,
510550,2020-06-12,1.325,1.353,1.353,1.325,2278.0,,2.0756115641215733,0.2965159377316533,0.0040000000000000036,
510550,2020-06-15,1.353,1.345,1.364,1.345,12808.0,,1.4042867701404382,-0.5912786400591283,-0.008000000000000007,
510550,2020-06-16,1.345,1.376,1.378,1.345,14655.0,,2.4535315985130053,2.3048327137546405,0.030999999999999917,
510550,2020-06-17,1.376,1.4,1.4,1.37,3352.0,,2.1802325581395205,1.7441860465116297,0.02400000000000002,
510550,2020-06-18,1.4,1.377,1.4,1.375,2184.0,,1.7857142857142794,-1.6428571428571366,-0.02299999999999991,
510550,2020-06-19,1.386,1.398,1.4,1.375,17637.0,,1.8155410312272993,1.52505446623093,0.020999999999999908,
510550,2020-06-22,1.4,1.397,1.4,1.393,1124.0,,0.5007153075822529,-0.07153075822602932,-0.0009999999999998899,
510550,2020-06-23,1.399,1.4,1.402,1.389,7458.0,,0.9305654974946241,0.21474588403721487,0.0029999999999998916,
510550,2020-06-24,1.402,1.397,1.403,1.394,2563.0,,0.6428571428571515,-0.21428571428570659,-0.0029999999999998916,
510550,2020-06-29,1.399,1.391,1.399,1.388,1518.0,,0.7874015748031583,-0.4294917680744456,-0.006000000000000005,
510550,2020-06-30,1.394,1.417,1.419,1.394,15522.0,,1.797268152408349,1.8691588785046744,0.026000000000000023,
510550,2020-07-01,1.417,1.417,1.425,1.402,15197.0,,1.623147494707137,0.0,0.0,
510550,2020-07-02,1.417,1.442,1.442,1.417,3172.0,,1.764290755116437,1.764290755116437,0.02499999999999991,
510550,2020-07-03,1.444,1.458,1.459,1.441,5114.0,,1.2482662968099874,1.1095700416088776,0.016000000000000014,
510550,2020-07-06,1.479,1.545,1.545,1.475,15315.0,,4.801097393689976,5.967078189300409,0.08699999999999997,
510550,2020-07-07,1.55,1.553,1.568,1.517,16785.0,,3.300970873786418,0.5177993527508095,0.008000000000000007,
510550,2020-07-08,1.553,1.575,1.577,1.537,18037.0,,2.5756600128783025,1.4166130070830663,0.02200000000000002,
510550,2020-07-09,1.6,1.623,1.687,1.576,20886.0,,7.0476190476190474,3.0476190476190506,0.04800000000000004,
510550,2020-07-10,1.622,1.611,1.633,1.59,19021.0,,2.6494146642020904,-0.7393715341959342,-0.01200000000000001,
510550,2020-07-13,1.61,1.669,1.67,1.578,29830.0,,5.710738671632518,3.6002482929857265,0.05800000000000005,
510550,2020-07-14,1.67,1.65,1.67,1.611,10284.0,,3.535050928699816,-1.1384062312762209,-0.019000000000000128,
510550,2020-07-15,1.645,1.602,1.653,1.598,9944.0,,3.33333333333333,-2.9090909090908985,-0.04799999999999982,
510550,2020-07-16,1.614,1.549,1.622,1.525,13153.0,,6.054931335830224,-3.30836454431961,-0.05300000000000016,
510550,2020-07-17,1.54,1.542,1.559,1.517,10964.0,,2.7114267269205965,-0.4519044544867589,-0.006999999999999895,
510550,2020-07-20,1.544,1.574,1.579,1.54,7173.0,,2.529182879377427,2.075226977950715,0.03200000000000003,
510550,2020-07-21,1.574,1.591,1.594,1.57,4867.0,,1.5247776365946646,1.0800508259212136,0.016999999999999904,
510550,2020-07-22,1.591,1.609,1.62,1.582,10131.0,,2.388434946574484,1.1313639220615976,0.018000000000000016,
510550,2020-07-23,1.598,1.596,1.605,1.561,10724.0,,2.73461777501554,-0.8079552517091299,-0.0129999999999999,
510550,2020-07-24,1.605,1.569,1.605,1.52,9139.0,,5.325814536340849,-1.6917293233082789,-0.027000000000000135,
510550,2020-07-27,1.53,1.528,1.536,1.513,3280.0,,1.4659018483110346,-2.613129381771824,-0.040999999999999925,
510550,2020-07-28,1.529,1.55,1.55,1.529,1749.0,,1.3743455497382282,1.4397905759162315,0.02200000000000002,
510550,2020-07-29,1.519,1.579,1.579,1.519,4487.0,,3.8709677419354875,1.8709677419354784,0.028999999999999915,
510550,2020-07-30,1.582,1.572,1.583,1.569,6016.0,,0.8866371120962643,-0.4433185560481251,-0.006999999999999895,
510550,2020-07-31,1.572,1.581,1.599,1.542,11881.0,,3.625954198473279,0.572519083969459,0.008999999999999897,
510550,2020-08-03,1.606,1.616,1.629,1.599,15478.0,,1.8975332068311213,2.2137887413029818,0.03500000000000014,
510550,2020-08-04,1.613,1.62,1.636,1.613,3491.0,,1.4232673267326676,0.24752475247524774,0.0040000000000000036,
510550,2020-08-05,1.618,1.635,1.644,1.59,3151.0,,3.3333333333333224,0.9259259259259198,0.014999999999999902,
510550,2020-08-06,1.64,1.645,1.649,1.616,3539.0,,2.018348623853206,0.6116207951070342,0.010000000000000009,
510550,2020-08-07,1.612,1.622,1.645,1.598,2573.0,,2.8571428571428528,-1.3981762917933076,-0.02299999999999991,
510550,2020-08-10,1.615,1.63,1.636,1.612,1367.0,,1.479654747225635,0.4932182490752025,0.007999999999999785,
510550,2020-08-11,1.635,1.612,1.639,1.605,1370.0,,2.085889570552149,-1.1042944785275948,-0.017999999999999794,
510550,2020-08-12,1.613,1.588,1.613,1.554,2326.0,,3.6600496277915595,-1.4888337468982642,-0.02400000000000002,
510550,2020-08-13,1.62,1.59,1.62,1.584,1506.0,,2.26700251889169,0.12594458438287165,0.0020000000000000018,
510550,2020-08-14,1.596,1.609,1.609,1.577,3132.0,,2.012578616352203,1.1949685534591135,0.018999999999999906,
510550,2020-08-17,1.609,1.624,1.635,1.605,7548.0,,1.8645121193287773,0.9322560596643955,0.015000000000000124,
510550,2020-08-18,1.624,1.652,1.652,1.624,2385.0,,1.7241379310344707,1.7241379310344707,0.027999999999999803,
510550,2020-08-19,1.652,1.62,1.652,1.62,4156.0,,1.9370460048426033,-1.9370460048426033,-0.031999999999999806,
510550,2020-08-20,1.62,1.601,1.62,1.596,3195.0,,1.4814814814814827,-1.1728395061728474,-0.019000000000000128,
510550,2020-08-21,1.6,1.609,1.623,1.6,1283.0,,1.436602123672699,0.49968769519050643,0.008000000000000007,
510550,2020-08-24,1.621,1.622,1.628,1.6,1435.0,,1.7402113113735116,0.8079552517091437,0.013000000000000123,
510550,2020-08-25,1.627,1.617,1.636,1.614,5220.0,,1.356350184956831,-0.308261405672017,-0.0050000000000001155,
510550,2020-08-26,1.617,1.615,1.617,1.584,2295.0,,2.0408163265306074,-0.12368583797155237,-0.0020000000000000018,
510550,2020-08-27,1.615,1.599,1.615,1.583,1661.0,,1.981424148606813,-0.9907120743034065,-0.016000000000000014,
510550,2020-08-28,1.599,1.622,1.632,1.599,2881.0,,2.0637898686679126,1.4383989993746173,0.02300000000000013,
510550,2020-08-31,1.621,1.623,1.645,1.621,2084.0,,1.4796547472256485,0.06165228113439518,0.0009999999999998899,
510550,2020-09-01,1.623,1.628,1.629,1.617,955.0,,0.7393715341959342,0.30807147258163237,0.004999999999999893,
510550,2020-09-02,1.653,1.635,1.653,1.616,3987.0,,2.272727272727268,0.4299754299754372,0.007000000000000117,
510550,2020-09-03,1.635,1.617,1.635,1.615,1335.0,,1.2232415902140683,-1.1009174311926615,-0.018000000000000016,
510550,2020-09-04,1.605,1.628,1.628,1.591,1801.0,,2.288188002473712,0.6802721088435312,0.010999999999999899,
510550,2020-09-07,1.601,1.61,1.62,1.571,2808.0,,3.0098280098280195,-1.1056511056510931,-0.017999999999999794,
510550,2020-09-08,1.609,1.6,1.61,1.566,2781.0,,2.7329192546583876,-0.6211180124223608,-0.010000000000000009,
510550,2020-09-09,1.6,1.55,1.6,1.54,3651.0,,3.7500000000000036,-3.1250000000000027,-0.050000000000000044,
510550,2020-09-10,1.543,1.522,1.562,1.515,1566.0,,3.0322580645161388,-1.8064516129032273,-0.028000000000000025,
510550,2020-09-11,1.522,1.54,1.54,1.52,2317.0,,1.314060446780553,1.1826544021024978,0.018000000000000016,
510550,2020-09-14,1.54,1.541,1.551,1.534,1746.0,,1.1038961038960977,0.06493506493505778,0.0009999999999998899,
510550,2020-09-15,1.542,1.55,1.55,1.54,1646.0,,0.6489292667099292,0.5840363400389436,0.009000000000000119,
510550,2020-09-16,1.55,1.547,1.555,1.542,1384.0,,0.8387096774193483,-0.19354838709678152,-0.0030000000000001137,
510550,2020-09-17,1.541,1.569,1.569,1.532,2112.0,,2.391725921137681,1.422107304460247,0.02200000000000002,
510550,2020-09-18,1.537,1.597,1.597,1.537,4069.0,,3.82409177820268,1.7845761631612507,0.028000000000000025,
510550,2020-09-21,1.573,1.57,1.582,1.567,522.0,,0.9392611145898637,-1.6906700062617352,-0.026999999999999913,
510550,2020-09-22,1.563,1.567,1.571,1.545,1369.0,,1.6560509554140141,-0.19108280254777793,-0.0030000000000001137,
510550,2020-09-23,1.566,1.554,1.566,1.548,523.0,,1.1486917677089992,-0.829610721123159,-0.0129999999999999,
510550,2020-09-24,1.544,1.523,1.548,1.523,1158.0,,1.6087516087516174,-1.9948519948520038,-0.03100000000000014,
510550,2020-09-25,1.523,1.524,1.528,1.515,4083.0,,0.8535784635587736,0.0656598818122201,0.001000000000000112,
510550,2020-09-28,1.525,1.505,1.525,1.505,901.0,,1.3123359580052505,-1.2467191601049952,-0.019000000000000128,
510550,2020-09-29,1.514,1.52,1.528,1.508,497.0,,1.328903654485051,0.9966777408637957,0.015000000000000124,
510550,2020-09-30,1.52,1.513,1.526,1.503,1432.0,,1.5131578947368507,-0.46052631578948133,-0.007000000000000117,
510550,2020-10-09,1.541,1.551,1.555,1.54,2662.0,,0.9914077990746797,2.5115664243225404,0.038000000000000034,
510550,2020-10-12,1.572,1.584,1.591,1.566,5517.0,,1.6118633139909677,2.127659574468094,0.03300000000000014,
510550,2020-10-13,1.599,1.596,1.599,1.581,1700.0,,1.1363636363636374,0.7575757575757582,0.01200000000000001,
510550,2020-10-14,1.591,1.586,1.592,1.583,1261.0,,0.5639097744360977,-0.6265664160401008,-0.010000000000000009,
510550,2020-10-15,1.585,1.572,1.585,1.572,1112.0,,0.8196721311475346,-0.8827238335435065,-0.014000000000000012,
510550,2020-10-16,1.573,1.565,1.575,1.558,459.0,,1.0814249363867623,-0.4452926208651474,-0.007000000000000117,
510550,2020-10-19,1.572,1.545,1.572,1.544,3657.0,,1.7891373801916948,-1.2779552715654963,-0.020000000000000018,
510550,2020-10-20,1.545,1.575,1.575,1.543,1398.0,,2.071197411003238,1.9417475728155358,0.030000000000000027,
510550,2020-10-21,1.574,1.557,1.575,1.543,612.0,,2.0317460317460334,-1.142857142857144,-0.018000000000000016,
510550,2020-10-22,1.534,1.545,1.545,1.526,6646.0,,1.2202954399486132,-0.7707129094412338,-0.01200000000000001,
510550,2020-10-23,1.539,1.535,1.549,1.512,8579.0,,2.394822006472487,-0.647249190938512,-0.010000000000000009,
510550,2020-10-26,1.537,1.515,1.538,1.503,1981.0,,2.2801302931596186,-1.3029315960912065,-0.020000000000000018,
510550,2020-10-27,1.508,1.516,1.517,1.508,683.0,,0.5940594059405873,0.0660066006600734,0.001000000000000112,
510550,2020-10-28,1.535,1.522,1.535,1.501,962.0,,2.2427440633245403,0.39577836411609535,0.006000000000000005,
510550,2020-10-29,1.52,1.524,1.531,1.491,2316.0,,2.6281208935610914,0.1314060446780553,0.0020000000000000018,
510550,2020-10-30,1.525,1.496,1.527,1.494,1747.0,,2.1653543307086562,-1.8372703412073508,-0.028000000000000025,
510550,2020-11-02,1.494,1.495,1.501,1.447,1784.0,,3.609625668449186,-0.06684491978608889,-0.0009999999999998899,
510550,2020-11-03,1.5,1.52,1.521,1.5,5060.0,,1.4046822742474854,1.6722408026755793,0.02499999999999991,
510550,2020-11-04,1.543,1.518,1.543,1.509,1875.0,,2.23684210526316,-0.13157894736842116,-0.0020000000000000018,
510550,2020-11-05,1.518,1.544,1.548,1.518,2603.0,,1.9762845849802388,1.7127799736495406,0.026000000000000023,
510550,2020-11-06,1.545,1.535,1.545,1.524,1846.0,,1.3601036269429991,-0.5829015544041528,-0.009000000000000119,
510550,2020-11-09,1.536,1.558,1.57,1.536,8911.0,,2.2149837133550507,1.4983713355048947,0.02300000000000013,
510550,2020-11-10,1.568,1.56,1.568,1.547,1887.0,,1.3478818998716386,0.12836970474967918,0.0020000000000000018,
510550,2020-11-11,1.549,1.532,1.549,1.531,1370.0,,1.1538461538461549,-1.7948717948717965,-0.028000000000000025,
510550,2020-11-12,1.539,1.537,1.54,1.533,840.0,,0.456919060052227,0.3263707571801497,0.004999999999999893,
510550,2020-11-13,1.537,1.537,1.54,1.525,684.0,,0.9759271307742438,0.0,0.0,
510550,2020-11-16,1.525,1.554,1.556,1.525,1182.0,,2.0169160702667623,1.1060507482108084,0.017000000000000126,
510550,2020-11-17,1.529,1.545,1.549,1.529,1439.0,,1.2870012870012881,-0.5791505791505868,-0.009000000000000119,
510550,2020-11-18,1.545,1.542,1.554,1.539,2217.0,,0.9708737864077751,-0.19417475728154637,-0.0029999999999998916,
510550,2020-11-19,1.536,1.55,1.55,1.533,684.0,,1.1024643320363248,0.5188067444876787,0.008000000000000007,
510550,2020-11-20,1.55,1.561,1.564,1.546,1878.0,,1.1612903225806461,0.7096774193548322,0.010999999999999899,
510550,2020-11-23,1.561,1.576,1.585,1.561,3453.0,,1.5374759769378619,0.9609224855861708,0.015000000000000124,
510550,2020-11-24,1.576,1.577,1.58,1.572,688.0,,0.50761421319797,0.06345177664973921,0.0009999999999998899,
510550,2020-11-25,1.577,1.559,1.577,1.548,1077.0,,1.8389346861128673,-1.1414077362079909,-0.018000000000000016,
510550,2020-11-26,1.559,1.539,1.559,1.533,6094.0,,1.6677357280307905,-1.282873636946762,-0.020000000000000018,
510550,2020-11-27,1.541,1.545,1.546,1.526,3493.0,,1.299545159194283,0.38986354775828497,0.006000000000000005,
510550,2020-11-30,1.554,1.539,1.554,1.539,5683.0,,0.9708737864077751,-0.3883495145631072,-0.006000000000000005,
510550,2020-12-01,1.537,1.559,1.563,1.537,1131.0,,1.6894087069525683,1.299545159194283,0.020000000000000018,
510550,2020-12-02,1.559,1.565,1.569,1.556,1697.0,,0.8338678640153881,0.3848620910840286,0.006000000000000005,
510550,2020-12-03,1.565,1.568,1.57,1.553,21883.0,,1.086261980830679,0.19169329073483155,0.0030000000000001137,
510550,2020-12-04,1.568,1.569,1.57,1.56,985.0,,0.6377551020408169,0.0637755102040746,0.0009999999999998899,
510550,2020-12-07,1.569,1.562,1.573,1.562,223.0,,0.7010834926704843,-0.4461440407903057,-0.006999999999999895,
510550,2020-12-08,1.569,1.563,1.569,1.556,853.0,,0.8322663252240653,0.06402048655569077,0.0009999999999998899,
510550,2020-12-09,1.563,1.536,1.565,1.536,1472.0,,1.8554062699935967,-1.7274472168905894,-0.026999999999999913,
510550,2020-12-10,1.536,1.536,1.564,1.526,755.0,,2.4739583333333357,0.0,0.0,
510550,2020-12-11,1.534,1.516,1.534,1.507,6738.0,,1.7578125000000087,-1.3020833333333344,-0.020000000000000018,
510550,2020-12-14,1.516,1.52,1.52,1.503,2229.0,,1.1213720316622775,0.2638522427440636,0.0040000000000000036,
510550,2020-12-15,1.523,1.525,1.528,1.516,2253.0,,0.789473684210527,0.3289473684210456,0.004999999999999893,
510550,2020-12-16,1.525,1.514,1.525,1.51,2064.0,,0.9836065573770428,-0.7213114754098294,-0.010999999999999899,
510550,2020-12-17,1.51,1.537,1.54,1.505,36032.0,,2.3117569352708154,1.5191545574636665,0.02299999999999991,
510550,2020-12-18,1.537,1.531,1.546,1.529,3656.0,,1.1060507482108084,-0.39037085230969454,-0.006000000000000005,
510550,2020-12-21,1.535,1.551,1.553,1.534,9683.0,,1.241018941868054,1.3063357282821697,0.020000000000000018,
510550,2020-12-22,1.519,1.516,1.553,1.513,2504.0,,2.57898130238556,-2.256608639587358,-0.03499999999999992,
510550,2020-12-23,1.51,1.53,1.547,1.51,1005.0,,2.4406332453825805,0.9234828496042226,0.014000000000000012,
510550,2020-12-24,1.53,1.51,1.534,1.507,1869.0,,1.7647058823529498,-1.3071895424836613,-0.020000000000000018,
510550,2020-12-25,1.54,1.532,1.54,1.504,7742.0,,2.384105960264903,1.4569536423841072,0.02200000000000002,
510550,2020-12-28,1.532,1.524,1.532,1.516,9415.0,,1.044386422976502,-0.522193211488251,-0.008000000000000007,
510550,2020-12-29,1.524,1.512,1.527,1.493,6913.0,,2.2309711286089113,-0.7874015748031503,-0.01200000000000001,
510550,2020-12-30,1.542,1.518,1.542,1.515,14331.0,,1.7857142857142947,0.39682539682539714,0.006000000000000005,
510550,2020-12-31,1.528,1.568,1.568,1.528,12198.0,,2.635046113306985,3.2938076416337316,0.050000000000000044,
510550,2021-01-04,1.567,1.578,1.583,1.55,11958.0,,2.1045918367346887,0.6377551020408169,0.010000000000000009,
510550,2021-01-05,1.578,1.586,1.588,1.573,2662.0,,0.950570342205331,0.5069708491761727,0.008000000000000007,
510550,2021-01-06,1.595,1.581,1.595,1.575,788.0,,1.261034047919295,-0.31525851197983074,-0.0050000000000001155,
510550,2021-01-07,1.581,1.577,1.599,1.576,3491.0,,1.4547754585705193,-0.2530044275774828,-0.0040000000000000036,
510550,2021-01-08,1.577,1.598,1.603,1.577,4968.0,,1.6487000634115425,1.3316423589093298,0.02100000000000013,
510550,2021-01-11,1.598,1.57,1.598,1.566,4339.0,,2.002503128911141,-1.7521902377972478,-0.028000000000000025,
510550,2021-01-12,1.571,1.59,1.59,1.569,1318.0,,1.337579617834403,1.2738853503184724,0.020000000000000018,
510550,2021-01-13,1.59,1.58,1.595,1.576,991.0,,1.1949685534591135,-0.6289308176100634,-0.010000000000000009,
510550,2021-01-14,1.576,1.569,1.587,1.564,875.0,,1.4556962025316398,-0.6962025316455772,-0.01100000000000012,
510550,2021-01-15,1.57,1.564,1.57,1.544,1884.0,,1.6571064372211615,-0.3186743148502163,-0.004999999999999893,
510550,2021-01-18,1.564,1.581,1.589,1.562,2541.0,,1.7263427109974367,1.0869565217391244,0.016999999999999904,
510550,2021-01-19,1.58,1.586,1.588,1.568,2306.0,,1.2650221378874142,0.31625553447186056,0.0050000000000001155,
510550,2021-01-20,1.595,1.587,1.595,1.578,1636.0,,1.0718789407313938,0.06305170239595774,0.0009999999999998899,
510550,2021-01-21,1.562,1.609,1.616,1.562,4487.0,,3.402646502835542,1.3862633900441095,0.02200000000000002,
510550,2021-01-22,1.609,1.611,1.611,1.599,2416.0,,0.7458048477315109,0.12430080795525184,0.0020000000000000018,
510550,2021-01-25,1.612,1.615,1.633,1.6,14256.0,,2.04841713221601,0.24829298572315353,0.0040000000000000036,
510550,2021-01-26,1.615,1.594,1.65,1.571,12551.0,,4.891640866873063,-1.3003095975232142,-0.020999999999999908,
510550,2021-01-27,1.594,1.587,1.594,1.578,3903.0,,1.003764115432874,-0.4391468005018894,-0.007000000000000117,
510550,2021-01-28,1.584,1.561,1.589,1.56,16938.0,,1.8273471959672285,-1.6383112791430388,-0.026000000000000023,
510550,2021-01-29,1.548,1.566,1.576,1.542,4369.0,,2.1780909673286377,0.320307495195395,0.0050000000000001155,
510550,2021-02-01,1.566,1.553,1.566,1.539,10974.0,,1.7241379310344913,-0.830140485312907,-0.013000000000000123,
510550,2021-02-02,1.555,1.569,1.569,1.546,1727.0,,1.4810045074050169,1.030264005151321,0.016000000000000014,
510550,2021-02-03,1.569,1.557,1.575,1.557,2154.0,,1.1472275334608042,-0.764818355640536,-0.01200000000000001,
510550,2021-02-04,1.586,1.544,1.586,1.525,990.0,,3.917790622992946,-0.8349389852279963,-0.0129999999999999,
510550,2021-02-05,1.555,1.528,1.555,1.52,1947.0,,2.2668393782383367,-1.0362694300518145,-0.016000000000000014,
510550,2021-02-08,1.555,1.543,1.555,1.515,1120.0,,2.6178010471204214,0.9816753926701507,0.014999999999999902,
510550,2021-02-09,1.543,1.568,1.575,1.543,2225.0,,2.0738820479585245,1.6202203499676042,0.025000000000000133,
510550,2021-02-10,1.568,1.581,1.589,1.567,2077.0,,1.403061224489797,0.8290816326530549,0.0129999999999999,
510550,2021-02-18,1.586,1.605,1.618,1.586,2269.0,,2.0240354206198625,1.518026565464897,0.02400000000000002,
510550,2021-02-19,1.636,1.619,1.636,1.587,21775.0,,3.0529595015576283,0.8722741433021816,0.014000000000000012,
510550,2021-02-22,1.636,1.621,1.655,1.621,4710.0,,2.100061766522547,0.12353304508956157,0.0020000000000000018,
510550,2021-02-23,1.654,1.613,1.673,1.607,2215.0,,4.071560764959905,-0.49352251696483695,-0.008000000000000007,
510550,2021-02-24,1.613,1.59,1.617,1.577,7379.0,,2.4798512089274665,-1.4259144451332866,-0.02299999999999991,
510550,2021-02-25,1.59,1.589,1.6,1.574,2079.0,,1.635220125786165,-0.06289308176101333,-0.001000000000000112,
510550,2021-02-26,1.57,1.582,1.589,1.543,8625.0,,2.8949024543738227,-0.4405286343612269,-0.006999999999999895,
510550,2021-03-01,1.568,1.577,1.577,1.551,5148.0,,1.6434892541087245,-0.31605562579014634,-0.0050000000000001155,
510550,2021-03-02,1.568,1.566,1.58,1.554,8269.0,,1.6487000634115425,-0.6975269499048763,-0.010999999999999899,
510550,2021-03-03,1.574,1.583,1.583,1.553,3887.0,,1.915708812260538,1.085568326947631,0.016999999999999904,
510550,2021-03-04,1.579,1.56,1.581,1.554,5859.0,,1.70562223626026,-1.452937460517998,-0.02299999999999991,
510550,2021-03-05,1.568,1.56,1.568,1.528,1655.0,,2.5641025641025665,0.0,0.0,
510550,2021-03-08,1.56,1.532,1.573,1.53,2360.0,,2.7564102564102515,-1.7948717948717965,-0.028000000000000025,
510550,2021-03-09,1.516,1.488,1.53,1.482,7141.0,,3.1331592689295062,-2.872062663185381,-0.04400000000000004,
510550,2021-03-10,1.488,1.477,1.5,1.476,3466.0,,1.6129032258064528,-0.7392473118279502,-0.010999999999999899,
510550,2021-03-11,1.477,1.507,1.507,1.471,2984.0,,2.4373730534867843,2.031144211238985,0.029999999999999805,
510550,2021-03-12,1.537,1.508,1.537,1.494,1471.0,,2.8533510285335058,0.06635700066357743,0.001000000000000112,
510550,2021-03-15,1.515,1.499,1.537,1.435,1869.0,,6.7639257294429616,-0.5968169761273141,-0.008999999999999897,
510550,2021-03-16,1.504,1.508,1.508,1.493,2675.0,,1.0006671114075985,0.6004002668445562,0.008999999999999897,
510550,2021-03-17,1.529,1.514,1.529,1.49,662.0,,2.586206896551719,0.397877984084881,0.006000000000000005,
510550,2021-03-18,1.514,1.539,1.539,1.514,1513.0,,1.6512549537648555,1.6512549537648555,0.02499999999999991,
510550,2021-03-19,1.529,1.511,1.529,1.501,536.0,,1.8193632228719965,-1.8193632228719965,-0.028000000000000025,
510550,2021-03-22,1.523,1.527,1.528,1.511,1122.0,,1.1250827266710872,1.0589013898080752,0.016000000000000014,
510550,2021-03-23,1.528,1.506,1.528,1.504,940.0,,1.5717092337917502,-1.3752455795677738,-0.020999999999999908,
510550,2021-03-24,1.506,1.493,1.514,1.489,4150.0,,1.6600265604249609,-0.8632138114209761,-0.0129999999999999,
510550,2021-03-25,1.521,1.505,1.521,1.488,2731.0,,2.2103148024112467,0.8037508372404412,0.011999999999999789,
510550,2021-03-26,1.505,1.52,1.521,1.5,2277.0,,1.3953488372092961,0.9966777408637957,0.015000000000000124,
510550,2021-03-29,1.52,1.519,1.524,1.509,1482.0,,0.986842105263166,-0.06578947368421789,-0.001000000000000112,
510550,2021-03-30,1.519,1.524,1.525,1.511,1202.0,,0.9216589861751161,0.32916392363397734,0.0050000000000001155,
510550,2021-03-31,1.511,1.524,1.524,1.506,14392.0,,1.1811023622047254,0.0,0.0,
510550,2021-04-01,1.52,1.531,1.537,1.518,14551.0,,1.2467191601049805,0.4593175853018304,0.006999999999999895,
510550,2021-04-02,1.536,1.538,1.538,1.53,1568.0,,0.5225342913128679,0.45721750489876667,0.007000000000000117,
510550,2021-04-06,1.54,1.541,1.552,1.536,599.0,,1.0403120936280894,0.19505851755525955,0.0029999999999998916,
510550,2021-04-07,1.531,1.545,1.545,1.529,1099.0,,1.0382868267358867,0.25957170668397167,0.0040000000000000036,
510550,2021-04-08,1.548,1.546,1.548,1.536,1557.0,,0.7766990291262144,0.06472491909385837,0.001000000000000112,
510550,2021-04-09,1.539,1.541,1.545,1.532,408.0,,0.840879689521339,-0.32341526520052494,-0.0050000000000001155,
510550,2021-04-12,1.539,1.541,1.541,1.514,2712.0,,1.7521090201168015,0.0,0.0,
510550,2021-04-13,1.517,1.508,1.521,1.508,900.0,,0.8436080467229008,-2.1414665801427595,-0.03299999999999992,
510550,2021-04-14,1.538,1.525,1.538,1.508,597.0,,1.9893899204244048,1.1273209549071554,0.016999999999999904,
510550,2021-04-15,1.525,1.524,1.525,1.51,1743.0,,0.9836065573770428,-0.06557377049179605,-0.0009999999999998899,
510550,2021-04-16,1.524,1.54,1.54,1.524,422.0,,1.0498687664042003,1.0498687664042003,0.016000000000000014,
510550,2021-04-19,1.535,1.56,1.561,1.535,3327.0,,1.68831168831169,1.2987012987012998,0.020000000000000018,
510550,2021-04-20,1.56,1.56,1.57,1.557,1475.0,,0.8333333333333411,0.0,0.0,
510550,2021-04-21,1.592,1.557,1.592,1.549,415.0,,2.756410256410266,-0.1923076923076996,-0.0030000000000001137,
510550,2021-04-22,1.557,1.565,1.57,1.557,1558.0,,0.8349389852280105,0.5138086062941559,0.008000000000000007,
510550,2021-04-23,1.56,1.568,1.57,1.558,448.0,,0.7667731629392979,0.19169329073483155,0.0030000000000001137,
510550,2021-04-26,1.538,1.562,1.59,1.538,3901.0,,3.316326530612248,-0.3826530612244901,-0.006000000000000005,
510550,2021-04-27,1.573,1.564,1.573,1.558,2364.0,,0.960307298335461,0.12804097311139576,0.0020000000000000018,
510550,2021-04-28,1.564,1.573,1.574,1.558,3521.0,,1.0230179028133002,0.5754475703324743,0.008999999999999897,
510550,2021-04-29,1.594,1.574,1.594,1.571,852.0,,1.4621741894469251,0.06357279084552524,0.001000000000000112,
510550,2021-04-30,1.58,1.576,1.58,1.565,8502.0,,0.9529860228716723,0.1270648030495554,0.0020000000000000018,
510550,2021-05-06,1.57,1.583,1.608,1.548,8678.0,,3.8071065989847748,0.4441624365482167,0.006999999999999895,
510550,2021-05-07,1.584,1.573,1.585,1.563,981.0,,1.3897662665824397,-0.6317119393556544,-0.010000000000000009,
510550,2021-05-10,1.571,1.57,1.575,1.563,1727.0,,0.7628734901462181,-0.19071837253654747,-0.0029999999999998916,
510550,2021-05-11,1.573,1.577,1.577,1.549,2449.0,,1.7834394904458615,0.44585987261145826,0.006999999999999895,
510550,2021-05-12,1.6,1.586,1.6,1.564,1931.0,,2.2828154724159817,0.5707038681040025,0.009000000000000119,
510550,2021-05-13,1.587,1.565,1.587,1.564,2252.0,,1.4501891551071822,-1.3240857503152668,-0.02100000000000013,
510550,2021-05-14,1.56,1.583,1.585,1.56,2074.0,,1.5974440894568633,1.1501597444089466,0.018000000000000016,
510550,2021-05-17,1.595,1.596,1.605,1.589,3488.0,,1.0107391029690471,0.8212255211623578,0.013000000000000123,
510550,2021-05-18,1.596,1.602,1.604,1.564,1718.0,,2.506265664160403,0.37593984962406046,0.006000000000000005,
510550,2021-05-19,1.602,1.6,1.602,1.591,878.0,,0.6866416978776604,-0.12484394506866428,-0.0020000000000000018,
510550,2021-05-20,1.592,1.591,1.598,1.586,1259.0,,0.7500000000000007,-0.5625000000000074,-0.009000000000000119,
510550,2021-05-21,1.585,1.588,1.594,1.585,4733.0,,0.5656819610308057,-0.18856065367692595,-0.0029999999999998916,
510550,2021-05-24,1.593,1.588,1.594,1.58,945.0,,0.8816120906801015,0.0,0.0,
510550,2021-05-25,1.59,1.609,1.61,1.589,2237.0,,1.3224181360201592,1.3224181360201452,0.020999999999999908,
510550,2021-05-26,1.618,1.61,1.618,1.608,1463.0,,0.6215040397762591,0.06215040397763281,0.001000000000000112,
510550,2021-05-27,1.623,1.618,1.623,1.615,2934.0,,0.49689440993788864,0.49689440993788864,0.008000000000000007,
510550,2021-05-28,1.628,1.619,1.632,1.615,4998.0,,1.0506798516687208,0.06180469715697712,0.0009999999999998899,
510550,2021-05-31,1.606,1.64,1.65,1.606,14379.0,,2.717726991970341,1.2970969734403897,0.020999999999999908,
510550,2021-06-01,1.639,1.649,1.65,1.622,9361.0,,1.7073170731707197,0.5487804878048853,0.009000000000000119,
510550,2021-06-02,1.636,1.627,1.646,1.625,1619.0,,1.273499090357787,-1.3341419041843554,-0.02200000000000002,
510550,2021-06-03,1.627,1.624,1.638,1.62,1846.0,,1.1063306699446707,-0.18438844499077392,-0.0029999999999998916,
510550,2021-06-04,1.611,1.631,1.633,1.611,2829.0,,1.3546798029556661,0.43103448275861417,0.006999999999999895,
510550,2021-06-07,1.631,1.63,1.641,1.63,1493.0,,0.6744328632740725,-0.06131207847946731,-0.001000000000000112,
510550,2021-06-08,1.635,1.625,1.643,1.624,705.0,,1.1656441717791355,-0.3067484662576622,-0.004999999999999893,
510550,2021-06-09,1.629,1.631,1.633,1.625,2097.0,,0.4923076923076928,0.3692307692307696,0.006000000000000005,
510550,2021-06-10,1.634,1.648,1.65,1.634,1947.0,,0.9809932556713681,1.042305334150822,0.016999999999999904,
510550,2021-06-11,1.643,1.636,1.65,1.636,8656.0,,0.849514563106797,-0.7281553398058259,-0.01200000000000001,
510550,2021-06-15,1.649,1.65,1.65,1.622,675.0,,1.7114914425427754,0.8557457212713945,0.014000000000000012,
510550,2021-06-16,1.65,1.609,1.65,1.6,2328.0,,3.0303030303030196,-2.4848484848484804,-0.040999999999999925,
510550,2021-06-17,1.605,1.61,1.61,1.6,7074.0,,0.6215040397762591,0.06215040397763281,0.001000000000000112,
510550,2021-06-18,1.599,1.61,1.616,1.599,1958.0,,1.0559006211180202,0.0,0.0,
510550,2021-06-21,1.61,1.632,1.636,1.609,9179.0,,1.6770186335403674,1.3664596273291798,0.021999999999999797,
510550,2021-06-22,1.633,1.636,1.639,1.632,680.0,,0.4289215686274582,0.2450980392156865,0.0040000000000000036,
510550,2021-06-23,1.637,1.65,1.651,1.636,2513.0,,0.9168704156479295,0.8557457212713945,0.014000000000000012,
510550,2021-06-24,1.65,1.642,1.65,1.639,2399.0,,0.6666666666666605,-0.4848484848484853,-0.008000000000000007,
510550,2021-06-25,1.641,1.658,1.658,1.64,1719.0,,1.0962241169305735,0.974421437271621,0.016000000000000014,
510550,2021-06-28,1.647,1.658,1.668,1.638,1616.0,,1.8094089264173723,0.0,0.0,
510550,2021-06-29,1.671,1.645,1.671,1.645,926.0,,1.5681544028950556,-0.7840772014475212,-0.0129999999999999,
510550,2021-06-30,1.658,1.653,1.682,1.648,1125.0,,2.066869300911856,0.4863221884498485,0.008000000000000007,
510550,2021-07-01,1.657,1.634,1.657,1.634,1243.0,,1.3914095583787134,-1.1494252873563295,-0.019000000000000128,
510550,2021-07-02,1.634,1.626,1.634,1.624,1775.0,,0.6119951040391547,-0.48959608323133463,-0.008000000000000007,
510550,2021-07-05,1.627,1.632,1.657,1.627,1099.0,,1.8450184501845035,0.3690036900369007,0.006000000000000005,
510550,2021-07-06,1.645,1.631,1.647,1.625,988.0,,1.3480392156862757,-0.06127450980391482,-0.0009999999999998899,
510550,2021-07-07,1.619,1.644,1.652,1.619,1024.0,,2.02329858982219,0.7970570202329799,0.0129999999999999,
510550,2021-07-08,1.652,1.654,1.657,1.646,412.0,,0.669099756691005,0.6082725060827257,0.010000000000000009,
510550,2021-07-09,1.649,1.659,1.66,1.633,2869.0,,1.6324062877871777,0.30229746070133706,0.0050000000000001155,
510550,2021-07-12,1.661,1.689,1.7,1.66,27963.0,,2.4110910186859575,1.808318264014468,0.030000000000000027,
510550,2021-07-13,1.689,1.698,1.7,1.676,2108.0,,1.420959147424513,0.5328596802841857,0.008999999999999897,
510550,2021-07-14,1.698,1.69,1.698,1.685,1348.0,,0.7656065959952827,-0.4711425206124857,-0.008000000000000007,
510550,2021-07-15,1.69,1.693,1.693,1.671,1061.0,,1.3017751479289952,0.17751479289941502,0.0030000000000001137,
510550,2021-07-16,1.69,1.692,1.706,1.69,1359.0,,0.9450679267572365,-0.059066745422333845,-0.001000000000000112,
510550,2021-07-19,1.692,1.693,1.695,1.679,1507.0,,0.945626477541372,0.05910165484634231,0.001000000000000112,
510550,2021-07-20,1.689,1.692,1.692,1.668,450.0,,1.4176018901358547,-0.059066745422333845,-0.001000000000000112,
510550,2021-07-21,1.695,1.704,1.706,1.692,1123.0,,0.8274231678487004,0.7092198581560291,0.01200000000000001,
510550,2021-07-22,1.704,1.715,1.715,1.7,1217.0,,0.8802816901408524,0.6455399061032935,0.01100000000000012,
510550,2021-07-23,1.713,1.712,1.727,1.702,972.0,,1.4577259475218736,-0.1749271137026305,-0.0030000000000001137,
510550,2021-07-26,1.712,1.725,1.725,1.66,2309.0,,3.796728971962627,0.7593457943925306,0.013000000000000123,
510550,2021-07-27,1.725,1.688,1.725,1.65,1588.0,,4.347826086956532,-2.1449275362318923,-0.037000000000000144,
510550,2021-07-28,1.68,1.688,1.688,1.607,2166.0,,4.79857819905213,0.0,0.0,
510550,2021-07-29,1.688,1.653,1.688,1.581,1717.0,,6.338862559241705,-2.073459715639806,-0.03499999999999992,
510550,2021-07-30,1.64,1.646,1.661,1.64,2194.0,,1.2704174228675214,-0.42347247428917834,-0.007000000000000117,
510550,2021-08-02,1.642,1.681,1.685,1.642,4174.0,,2.6123936816525,2.126366950182269,0.03500000000000014,
510550,2021-08-03,1.685,1.68,1.685,1.66,1561.0,,1.4872099940511678,-0.059488399762053064,-0.001000000000000112,
510550,2021-08-04,1.68,1.69,1.693,1.67,2151.0,,1.3690476190476268,0.5952380952380958,0.010000000000000009,
510550,2021-08-05,1.692,1.683,1.698,1.674,8186.0,,1.4201183431952675,-0.41420118343194645,-0.006999999999999895,
510550,2021-08-06,1.694,1.69,1.697,1.685,1338.0,,0.7130124777183607,0.4159239453357038,0.006999999999999895,
510550,2021-08-09,1.69,1.702,1.71,1.686,2449.0,,1.4201183431952675,0.7100591715976338,0.01200000000000001,
510550,2021-08-10,1.702,1.712,1.719,1.702,633.0,,0.9988249118683975,0.5875440658049359,0.010000000000000009,
510550,2021-08-11,1.715,1.723,1.725,1.715,770.0,,0.5841121495327107,0.6425233644859885,0.01100000000000012,
510550,2021-08-12,1.723,1.735,1.738,1.723,7840.0,,0.8705745792222811,0.6964596633778299,0.01200000000000001,
510550,2021-08-13,1.735,1.736,1.737,1.722,804.0,,0.8645533141210446,0.05763688760806281,0.0009999999999998899,
510550,2021-08-16,1.736,1.736,1.741,1.725,1855.0,,0.9216589861751161,0.0,0.0,
510550,2021-08-17,1.74,1.712,1.74,1.683,4042.0,,3.2834101382488448,-1.3824884792626742,-0.02400000000000002,
510550,2021-08-18,1.712,1.701,1.712,1.685,1300.0,,1.5771028037383128,-0.6425233644859754,-0.010999999999999899,
510550,2021-08-19,1.686,1.705,1.712,1.686,912.0,,1.528512639623752,0.23515579071134649,0.0040000000000000036,
510550,2021-08-20,1.706,1.726,1.726,1.675,5813.0,,2.9912023460410517,1.2316715542521939,0.020999999999999908,
510550,2021-08-23,1.73,1.726,1.73,1.7,2098.0,,1.7381228273464673,0.0,0.0,
510550,2021-08-24,1.726,1.73,1.73,1.71,585.0,,1.1587485515643117,0.23174971031286232,0.0040000000000000036,
510550,2021-08-25,1.727,1.741,1.745,1.72,1574.0,,1.44508670520232,0.6358381502890244,0.01100000000000012,
510550,2021-08-26,1.741,1.747,1.752,1.726,1960.0,,1.4933946008041368,0.3446295232624931,0.006000000000000005,
510550,2021-08-27,1.748,1.752,1.752,1.718,1650.0,,1.9461934745277636,0.28620492272466475,0.004999999999999893,
510550,2021-08-30,1.753,1.766,1.776,1.753,1038.0,,1.3127853881278615,0.7990867579908683,0.014000000000000012,
510550,2021-08-31,1.767,1.769,1.77,1.749,5519.0,,1.1891279728199267,0.1698754246885556,0.0029999999999998916,
510550,2021-09-01,1.77,1.752,1.78,1.735,4346.0,,2.5438100621820197,-0.9609949123798703,-0.016999999999999904,
510550,2021-09-02,1.749,1.778,1.778,1.749,1763.0,,1.6552511415525064,1.4840182648401838,0.026000000000000023,
510550,2021-09-03,1.775,1.778,1.803,1.77,4262.0,,1.8560179977502766,0.0,0.0,
510550,2021-09-06,1.795,1.794,1.796,1.767,4879.0,,1.6310461192351033,0.8998875140607432,0.016000000000000014,
510550,2021-09-07,1.798,1.838,1.838,1.794,3775.0,,2.452619843924194,2.452619843924194,0.04400000000000004,
510550,2021-09-08,1.856,1.876,1.985,1.828,3230.0,,8.541893362350383,2.06746463547333,0.03799999999999981,
510550,2021-09-09,1.876,1.85,1.876,1.836,3639.0,,2.1321961620468985,-1.3859275053304798,-0.0259999999999998,
510550,2021-09-10,1.868,1.85,1.868,1.842,2735.0,,1.4054054054054066,0.0,0.0,
510550,2021-09-13,1.85,1.86,1.892,1.835,2130.0,,3.0810810810810776,0.540540540540541,0.010000000000000009,
510550,2021-09-14,1.858,1.845,1.878,1.842,3001.0,,1.9354838709677316,-0.8064516129032324,-0.015000000000000124,
510550,2021-09-15,1.845,1.851,1.858,1.819,3771.0,,2.11382113821139,0.32520325203252065,0.006000000000000005,
510550,2021-09-16,1.869,1.823,1.869,1.821,2024.0,,2.5931928687196133,-1.512695840086441,-0.028000000000000025,
510550,2021-09-17,1.824,1.82,1.828,1.785,2316.0,,2.358749314317068,-0.1645639056500215,-0.0029999999999998916,
510550,2021-09-22,1.821,1.82,1.838,1.79,2672.0,,2.6373626373626395,0.0,0.0,
510550,2021-09-23,1.835,1.833,1.842,1.829,1738.0,,0.7142857142857211,0.7142857142857088,0.0129999999999999,
510550,2021-09-24,1.834,1.81,1.834,1.803,1828.0,,1.6912165848336138,-1.2547735951991223,-0.02299999999999991,
510550,2021-09-27,1.809,1.76,1.809,1.747,3813.0,,3.425414364640875,-2.7624309392265216,-0.050000000000000044,
510550,2021-09-28,1.76,1.755,1.85,1.747,3248.0,,5.852272727272726,-0.28409090909091567,-0.0050000000000001155,
510550,2021-09-29,1.74,1.73,1.751,1.71,4280.0,,2.336182336182332,-1.4245014245014196,-0.02499999999999991,
510550,2021-09-30,1.731,1.779,1.779,1.725,3909.0,,3.1213872832369844,2.832369942196528,0.04899999999999993,
510550,2021-10-08,1.779,1.73,1.85,1.721,4886.0,,7.251264755480608,-2.7543563799887543,-0.04899999999999993,
510550,2021-10-11,1.73,1.739,1.741,1.72,2215.0,,1.2138728323699497,0.5202312138728392,0.009000000000000119,
510550,2021-10-12,1.739,1.702,1.739,1.681,4945.0,,3.3352501437607844,-2.1276595744680935,-0.037000000000000144,
510550,2021-10-13,1.702,1.703,1.705,1.685,3813.0,,1.1750881316098718,0.058754406580500115,0.001000000000000112,
510550,2021-10-14,1.686,1.713,1.714,1.667,4500.0,,2.759835584263061,0.5871990604815037,0.010000000000000009,
510550,2021-10-15,1.713,1.711,1.715,1.701,1835.0,,0.8172796263864572,-0.11675423234092244,-0.0020000000000000018,
510550,2021-10-18,1.713,1.721,1.724,1.703,738.0,,1.2273524254821688,0.5844535359438929,0.010000000000000009,
510550,2021-10-19,1.721,1.733,1.733,1.718,1802.0,,0.8715862870424245,0.6972690296339343,0.01200000000000001,
510550,2021-10-20,1.733,1.727,1.743,1.721,1745.0,,1.2694748990190432,-0.3462204270051936,-0.006000000000000005,
510550,2021-10-21,1.733,1.724,1.739,1.719,685.0,,1.1580775911986114,-0.1737116386797981,-0.0030000000000001137,
510550,2021-10-22,1.719,1.714,1.731,1.711,869.0,,1.1600928074245949,-0.5800464037122974,-0.010000000000000009,
510550,2021-10-25,1.698,1.726,1.726,1.698,782.0,,1.6336056009334903,0.7001166861143531,0.01200000000000001,
510550,2021-10-26,1.709,1.725,1.739,1.709,984.0,,1.7381228273464673,-0.057937427578209154,-0.0009999999999998899,
510550,2021-10-27,1.731,1.712,1.731,1.71,522.0,,1.2173913043478335,-0.7536231884058042,-0.013000000000000123,
510550,2021-10-28,1.712,1.695,1.715,1.691,1437.0,,1.401869158878506,-0.9929906542056018,-0.016999999999999904,
510550,2021-10-29,1.695,1.71,1.711,1.688,620.0,,1.3569321533923382,0.8849557522123837,0.014999999999999902,
510550,2021-11-01,1.711,1.72,1.725,1.703,1122.0,,1.2865497076023402,0.5847953216374274,0.010000000000000009,
510550,2021-11-02,1.726,1.725,1.735,1.689,3101.0,,2.6744186046511653,0.2906976744186114,0.0050000000000001155,
510550,2021-11-03,1.708,1.712,1.712,1.695,1062.0,,0.985507246376806,-0.7536231884058042,-0.013000000000000123,
510550,2021-11-04,1.709,1.722,1.724,1.709,1216.0,,0.8761682242990598,0.5841121495327107,0.010000000000000009,
510550,2021-11-05,1.722,1.705,1.723,1.705,490.0,,1.0452961672473877,-0.9872241579558597,-0.016999999999999904,
510550,2021-11-08,1.71,1.71,1.711,1.703,548.0,,0.46920821114369543,0.29325513196480313,0.004999999999999893,
510550,2021-11-09,1.705,1.724,1.725,1.705,1498.0,,1.1695906432748548,0.8187134502923984,0.014000000000000012,
510550,2021-11-10,1.726,1.719,1.726,1.699,1120.0,,1.566125290023197,-0.29002320185614233,-0.004999999999999893,
510550,2021-11-11,1.716,1.735,1.735,1.716,2755.0,,1.1052937754508507,0.9307737056428165,0.016000000000000014,
510550,2021-11-12,1.735,1.741,1.745,1.731,1653.0,,0.8069164265129689,0.3458213256484153,0.006000000000000005,
510550,2021-11-15,1.741,1.727,1.742,1.725,627.0,,0.9764503159103908,-0.8041355542791506,-0.014000000000000012,
510550,2021-11-16,1.712,1.725,1.734,1.712,2412.0,,1.2738853503184724,-0.11580775911986113,-0.0020000000000000018,
510550,2021-11-17,1.73,1.726,1.73,1.713,1802.0,,0.985507246376806,0.05797101449274723,0.0009999999999998899,
510550,2021-11-18,1.726,1.725,1.737,1.72,483.0,,0.9849362688296713,-0.057937427578209154,-0.0009999999999998899,
510550,2021-11-19,1.725,1.745,1.745,1.725,1656.0,,1.1594202898550736,1.1594202898550736,0.020000000000000018,
510550,2021-11-22,1.745,1.77,1.77,1.745,2158.0,,1.4326647564469863,1.4326647564469863,0.02499999999999991,
510550,2021-11-23,1.769,1.772,1.787,1.765,2453.0,,1.2429378531073458,0.11299435028248597,0.0020000000000000018,
510550,2021-11-24,1.755,1.777,1.777,1.755,735.0,,1.2415349887133194,0.2821670428893845,0.004999999999999893,
510550,2021-11-25,1.794,1.757,1.794,1.756,2331.0,,2.1384355655599347,-1.1254924029262814,-0.020000000000000018,
510550,2021-11-26,1.77,1.77,1.799,1.742,21879.0,,3.2441661923733607,0.7398975526465636,0.013000000000000123,
510550,2021-11-29,1.768,1.758,1.768,1.728,1812.0,,2.25988700564972,-0.6779661016949159,-0.01200000000000001,
510550,2021-11-30,1.756,1.757,1.769,1.75,1701.0,,1.0807736063708706,-0.0568828213879472,-0.001000000000000112,
510550,2021-12-01,1.757,1.761,1.767,1.75,396.0,,0.967558338076261,0.22766078542970997,0.0040000000000000036,
510550,2021-12-02,1.778,1.763,1.778,1.756,430.0,,1.2492901760363442,0.1135718341851222,0.0020000000000000018,
510550,2021-12-03,1.76,1.778,1.779,1.76,1494.0,,1.0777084515031143,0.8508224617129964,0.015000000000000124,
510550,2021-12-06,1.778,1.776,1.785,1.76,796.0,,1.406074240719905,-0.1124859392575929,-0.0020000000000000018,
510550,2021-12-07,1.776,1.757,1.776,1.74,1721.0,,2.027027027027029,-1.069819819819827,-0.019000000000000128,
510550,2021-12-08,1.762,1.767,1.77,1.753,2329.0,,0.9675583380762736,0.5691519635742748,0.010000000000000009,
510550,2021-12-09,1.774,1.78,1.781,1.769,1045.0,,0.6791171477079803,0.7357102433503182,0.013000000000000123,
510550,2021-12-10,1.78,1.777,1.781,1.763,2719.0,,1.0112359550561805,-0.168539325842703,-0.0030000000000001137,
510550,2021-12-13,1.777,1.783,1.79,1.773,895.0,,0.9566685424873455,0.33764772087788436,0.006000000000000005,
510550,2021-12-14,1.783,1.774,1.783,1.766,2207.0,,0.9534492428491254,-0.5047672462142399,-0.008999999999999897,
510550,2021-12-15,1.791,1.779,1.791,1.773,1324.0,,1.0146561443066524,0.2818489289740639,0.004999999999999893,
510550,2021-12-16,1.774,1.786,1.79,1.774,468.0,,0.8993816750983707,0.39347948285554346,0.007000000000000117,
510550,2021-12-17,1.783,1.78,1.793,1.779,3004.0,,0.78387458006719,-0.33594624860022426,-0.006000000000000005,
510550,2021-12-20,1.78,1.76,1.78,1.754,2451.0,,1.4606741573033721,-1.1235955056179785,-0.020000000000000018,
510550,2021-12-21,1.76,1.775,1.775,1.754,1845.0,,1.1931818181818128,0.8522727272727216,0.014999999999999902,
510550,2021-12-22,1.773,1.778,1.78,1.773,1031.0,,0.3943661971831052,0.16901408450704866,0.0030000000000001137,
510550,2021-12-23,1.778,1.784,1.788,1.775,131.0,,0.73115860517436,0.3374578177727787,0.006000000000000005,
510550,2021-12-24,1.784,1.772,1.786,1.767,555.0,,1.0650224215246709,-0.6726457399103145,-0.01200000000000001,
510550,2021-12-27,1.768,1.768,1.781,1.768,592.0,,0.7336343115124098,-0.2257336343115126,-0.0040000000000000036,
510550,2021-12-28,1.773,1.773,1.774,1.763,1850.0,,0.6221719457013642,0.28280542986424734,0.004999999999999893,
510550,2021-12-29,1.763,1.784,1.784,1.755,861.0,,1.6356457980823542,0.6204173716864141,0.01100000000000012,
510550,2021-12-30,1.784,1.777,1.784,1.766,186.0,,1.0089686098654718,-0.39237668161435635,-0.007000000000000117,
510550,2021-12-31,1.777,1.79,1.79,1.76,1652.0,,1.6882386043894222,0.7315700619020891,0.013000000000000123,
510550,2022-01-04,1.79,1.789,1.797,1.777,1535.0,,1.1173184357541908,-0.055865921787715746,-0.001000000000000112,
510550,2022-01-05,1.789,1.758,1.789,1.75,2764.0,,2.1799888205701468,-1.7328116266070386,-0.030999999999999917,
510550,2022-01-06,1.77,1.761,1.77,1.743,1524.0,,1.5358361774743978,0.17064846416381638,0.0029999999999998916,
510550,2022-01-07,1.769,1.746,1.77,1.746,1276.0,,1.3628620102214664,-0.8517887563884101,-0.014999999999999902,
510550,2022-01-10,1.746,1.745,1.763,1.732,3224.0,,1.7754868270332138,-0.05727376861396849,-0.0009999999999998899,
510550,2022-01-11,1.749,1.73,1.75,1.73,3060.0,,1.1461318051575942,-0.859598853868202,-0.015000000000000124,
510550,2022-01-12,1.73,1.741,1.741,1.73,1356.0,,0.6358381502890244,0.6358381502890244,0.01100000000000012,
510550,2022-01-13,1.745,1.72,1.745,1.72,1052.0,,1.4359563469270609,-1.2062033314187321,-0.02100000000000013,
510550,2022-01-14,1.737,1.725,1.766,1.72,1407.0,,2.6744186046511653,0.2906976744186114,0.0050000000000001155,
510550,2022-01-17,1.725,1.738,1.741,1.716,1762.0,,1.4492753623188481,0.7536231884057912,0.0129999999999999,
510550,2022-01-18,1.725,1.737,1.749,1.725,369.0,,1.3808975834292303,-0.05753739930954488,-0.0009999999999998899,
510550,2022-01-19,1.749,1.735,1.749,1.725,648.0,,1.381692573402419,-0.11514104778353493,-0.0020000000000000018,
510550,2022-01-20,1.736,1.715,1.737,1.711,1307.0,,1.4985590778097997,-1.1527377521613842,-0.020000000000000018,
510550,2022-01-21,1.715,1.713,1.715,1.699,809.0,,0.932944606413995,-0.11661807580174938,-0.0020000000000000018,
510550,2022-01-24,1.715,1.698,1.715,1.696,563.0,,1.1091652072387699,-0.8756567425569249,-0.015000000000000124,
510550,2022-01-25,1.699,1.656,1.714,1.645,3736.0,,4.063604240282682,-2.47349823321555,-0.04200000000000004,
510550,2022-01-26,1.705,1.654,1.705,1.64,1855.0,,3.9251207729468702,-0.12077294685990349,-0.0020000000000000018,
510550,2022-01-27,1.646,1.626,1.653,1.615,3435.0,,2.297460701330111,-1.69286577992745,-0.028000000000000025,
510550,2022-01-28,1.626,1.615,1.626,1.578,3513.0,,2.9520295202951923,-0.6765067650676445,-0.010999999999999899,
510550,2022-02-07,1.617,1.628,1.633,1.617,1799.0,,0.9907120743034065,0.8049535603715109,0.0129999999999999,
510550,2022-02-08,1.628,1.635,1.635,1.605,1892.0,,1.8427518427518446,0.4299754299754372,0.007000000000000117,
510550,2022-02-09,1.635,1.654,1.666,1.635,1311.0,,1.896024464831799,1.1620795107033581,0.018999999999999906,
510550,2022-02-10,1.658,1.661,1.67,1.654,2192.0,,0.9673518742442574,0.4232164449818693,0.007000000000000117,
510550,2022-02-11,1.661,1.653,1.661,1.632,2713.0,,1.7459361830222837,-0.4816375677302834,-0.008000000000000007,
510550,2022-02-14,1.631,1.635,1.799,1.62,2603.0,,10.828796128251653,-1.088929219600727,-0.018000000000000016,
510550,2022-02-15,1.628,1.64,1.64,1.625,2404.0,,0.9174311926605444,0.3058103975535103,0.004999999999999893,
510550,2022-02-16,1.641,1.646,1.65,1.625,1011.0,,1.5243902439024337,0.36585365853658575,0.006000000000000005,
510550,2022-02-17,1.646,1.644,1.651,1.636,2600.0,,0.9113001215066905,-0.12150668286755784,-0.0020000000000000018,
510550,2022-02-18,1.651,1.661,1.661,1.644,1092.0,,1.0340632603406403,1.0340632603406403,0.017000000000000126,
510550,2022-02-21,1.677,1.663,1.7,1.654,2335.0,,2.769416014449129,0.12040939193257084,0.0020000000000000018,
510550,2022-02-22,1.647,1.65,1.653,1.637,2156.0,,0.9621166566446191,-0.7817197835237596,-0.013000000000000123,
510550,2022-02-23,1.65,1.673,1.673,1.65,1766.0,,1.393939393939402,1.393939393939402,0.02300000000000013,
510550,2022-02-24,1.689,1.661,1.689,1.635,3022.0,,3.2277346084877494,-0.7172743574417221,-0.01200000000000001,
510550,2022-02-25,1.665,1.656,1.675,1.656,1764.0,,1.1438892233594298,-0.3010234798314338,-0.0050000000000001155,
510550,2022-02-28,1.656,1.66,1.663,1.641,2315.0,,1.3285024154589384,0.24154589371980698,0.0040000000000000036,
510550,2022-03-01,1.669,1.669,1.675,1.66,1769.0,,0.9036144578313329,0.5421686746988024,0.009000000000000119,
510550,2022-03-02,1.685,1.672,1.685,1.661,1074.0,,1.4379868184541653,0.17974835230676403,0.0029999999999998916,
510550,2022-03-03,1.672,1.663,1.675,1.661,954.0,,0.8373205741626801,-0.5382775119617164,-0.008999999999999897,
510550,2022-03-04,1.647,1.667,1.67,1.647,1460.0,,1.3830426939266331,0.24052916416115477,0.0040000000000000036,
510550,2022-03-07,1.667,1.635,1.67,1.616,1311.0,,3.2393521295740744,-1.9196160767846446,-0.03200000000000003,
510550,2022-03-08,1.635,1.59,1.635,1.582,3639.0,,3.241590214067274,-2.752293577981647,-0.04499999999999993,
510550,2022-03-09,1.602,1.534,1.602,1.48,4769.0,,7.672955974842774,-3.522012578616355,-0.05600000000000005,
510550,2022-03-10,1.534,1.56,1.618,1.381,2134.0,,15.449804432855284,1.6949152542372896,0.026000000000000023,
510550,2022-03-11,1.558,1.577,1.577,1.493,2645.0,,5.384615384615375,1.0897435897435837,0.016999999999999904,
510550,2022-03-14,1.562,1.569,1.575,1.535,3558.0,,2.5364616360177576,-0.5072923272035514,-0.008000000000000007,
510550,2022-03-15,1.554,1.453,1.554,1.453,5994.0,,6.437221159974504,-7.393244104525168,-0.11599999999999988,
510550,2022-03-16,1.441,1.494,1.52,1.427,36317.0,,6.400550584996556,2.821748107364069,0.040999999999999925,
510550,2022-03-17,1.494,1.527,1.572,1.494,12144.0,,5.220883534136551,2.2088353413654565,0.03299999999999992,
510550,2022-03-18,1.539,1.529,1.539,1.511,9075.0,,1.8336607727570418,0.13097576948264583,0.0020000000000000018,
510550,2022-03-21,1.535,1.539,1.56,1.53,7240.0,,1.962066710268151,0.6540222367560503,0.010000000000000009,
510550,2022-03-22,1.524,1.553,1.556,1.509,1938.0,,3.053931124106573,0.9096816114359982,0.014000000000000012,
510550,2022-03-23,1.546,1.56,1.561,1.546,1057.0,,0.9658725048293564,0.45074050225371004,0.007000000000000117,
510550,2022-03-24,1.568,1.547,1.568,1.54,918.0,,1.7948717948717965,-0.8333333333333411,-0.013000000000000123,
510550,2022-03-25,1.547,1.522,1.552,1.521,1082.0,,2.003878474466719,-1.616031027795728,-0.02499999999999991,
510550,2022-03-28,1.507,1.524,1.537,1.507,488.0,,1.9710906701708295,0.1314060446780553,0.0020000000000000018,
510550,2022-03-29,1.539,1.518,1.54,1.514,45805.0,,1.7060367454068255,-0.39370078740157516,-0.006000000000000005,
510550,2022-03-30,1.514,1.549,1.553,1.514,4878.0,,2.5691699604743032,2.042160737812906,0.030999999999999917,
510550,2022-03-31,1.551,1.54,1.552,1.537,816.0,,0.9683666881859345,-0.5810200129115493,-0.008999999999999897,
510550,2022-04-01,1.528,1.549,1.549,1.528,621.0,,1.3636363636363578,0.5844155844155776,0.008999999999999897,
510550,2022-04-06,1.55,1.544,1.55,1.53,2253.0,,1.291155584247903,-0.3227888960619686,-0.004999999999999893,
510550,2022-04-07,1.559,1.522,1.559,1.516,1050.0,,2.784974093264244,-1.4248704663212448,-0.02200000000000002,
510550,2022-04-08,1.521,1.515,1.522,1.492,691.0,,1.9710906701708295,-0.45992115637320086,-0.007000000000000117,
510550,2022-04-11,1.522,1.472,1.522,1.468,1239.0,,3.5643564356435675,-2.8382838283828336,-0.04299999999999993,
510550,2022-04-12,1.472,1.492,1.493,1.436,1960.0,,3.872282608695663,1.3586956521739142,0.020000000000000018,
510550,2022-04-13,1.479,1.475,1.492,1.469,558.0,,1.5415549597855167,-1.139410187667554,-0.016999999999999904,
510550,2022-04-14,1.48,1.49,1.499,1.477,383.0,,1.491525423728815,1.0169491525423662,0.014999999999999902,
510550,2022-04-15,1.49,1.479,1.491,1.477,729.0,,0.9395973154362424,-0.7382550335570403,-0.010999999999999899,
510550,2022-04-18,1.493,1.479,1.493,1.436,652.0,,3.8539553752535602,0.0,0.0,
510550,2022-04-19,1.48,1.48,1.488,1.472,1493.0,,1.081812035158892,0.06761325219742324,0.0009999999999998899,
510550,2022-04-20,1.48,1.463,1.48,1.448,1215.0,,2.162162162162164,-1.148648648648642,-0.016999999999999904,
510550,2022-04-21,1.463,1.419,1.463,1.402,1504.0,,4.169514695830497,-3.0075187969924837,-0.04400000000000004,
510550,2022-04-22,1.421,1.417,1.433,1.383,1061.0,,3.5236081747709687,-0.14094432699083873,-0.0020000000000000018,
510550,2022-04-25,1.416,1.328,1.416,1.315,3986.0,,7.127734650670428,-6.280875088214535,-0.08899999999999997,
510550,2022-04-26,1.354,1.34,1.363,1.281,4647.0,,6.174698795180729,0.9036144578313261,0.01200000000000001,
510550,2022-04-27,1.337,1.32,1.338,1.239,7115.0,,7.388059701492534,-1.492537313432837,-0.020000000000000018,
510550,2022-04-28,1.3,1.319,1.333,1.3,3602.0,,2.4999999999999933,-0.07575757575758424,-0.001000000000000112,
510550,2022-04-29,1.319,1.374,1.375,1.319,2218.0,,4.245640636846099,4.169825625473856,0.05500000000000016,
510550,2022-05-05,1.375,1.384,1.395,1.368,2279.0,,1.9650655021833996,0.7278020378456904,0.009999999999999787,
510550,2022-05-06,1.384,1.362,1.384,1.32,1502.0,,4.624277456647388,-1.5895953757225287,-0.021999999999999797,
510550,2022-05-09,1.36,1.37,1.371,1.349,9979.0,,1.6152716593245242,0.5873715124816451,0.008000000000000007,
510550,2022-05-10,1.357,1.383,1.388,1.347,3881.0,,2.9927007299270016,0.9489051094890437,0.0129999999999999,
510550,2022-05-11,1.371,1.417,1.428,1.371,9518.0,,4.12147505422993,2.458423716558209,0.03400000000000003,
510550,2022-05-12,1.4,1.406,1.43,1.39,1840.0,,2.8228652081863115,-0.7762879322512436,-0.01100000000000012,
510550,2022-05-13,1.406,1.411,1.414,1.396,920.0,,1.2802275960170708,0.3556187766714165,0.0050000000000001155,
510550,2022-05-16,1.412,1.412,1.425,1.369,2038.0,,3.9688164422395498,0.07087172218284124,0.0009999999999998899,
510550,2022-05-17,1.406,1.415,1.415,1.4,1148.0,,1.0623229461756463,0.21246458923513553,0.0030000000000001137,
510550,2022-05-18,1.415,1.417,1.424,1.409,1102.0,,1.060070671378085,0.1413427561837457,0.0020000000000000018,
510550,2022-05-19,1.425,1.426,1.548,1.378,793.0,,11.997177134791825,0.6351446718419123,0.008999999999999897,
510550,2022-05-20,1.439,1.446,1.446,1.428,1594.0,,1.262272089761572,1.4025245441795244,0.020000000000000018,
510550,2022-05-23,1.447,1.452,1.458,1.444,1595.0,,0.9681881051175666,0.41493775933609994,0.006000000000000005,
510550,2022-05-24,1.45,1.415,1.454,1.405,1466.0,,3.3746556473829155,-2.548209366391179,-0.03699999999999992,
510550,2022-05-25,1.414,1.421,1.43,1.401,1825.0,,2.049469964664305,0.42402826855123715,0.006000000000000005,
510550,2022-05-26,1.409,1.448,1.448,1.408,1828.0,,2.8149190710767087,1.900070372976771,0.026999999999999913,
510550,2022-05-27,1.448,1.442,1.452,1.431,1382.0,,1.4502762430939165,-0.41436464088397834,-0.006000000000000005,
510550,2022-05-30,1.439,1.45,1.45,1.435,621.0,,1.040221914008315,0.5547850208044388,0.008000000000000007,
510550,2022-05-31,1.448,1.474,1.474,1.442,909.0,,2.2068965517241397,1.655172413793105,0.02400000000000002,
510550,2022-06-01,1.485,1.473,1.485,1.46,311.0,,1.6960651289009587,-0.06784260515603052,-0.0009999999999998899,
510550,2022-06-02,1.473,1.488,1.489,1.467,357.0,,1.4935505770536333,1.018329938900197,0.014999999999999902,
510550,2022-06-06,1.49,1.506,1.515,1.489,1534.0,,1.747311827956976,1.2096774193548396,0.018000000000000016,
510550,2022-06-07,1.508,1.513,1.64,1.483,983.0,,10.424966799468779,0.4648074369189838,0.006999999999999895,
510550,2022-06-08,1.513,1.52,1.522,1.499,884.0,,1.520158625247846,0.4626569729015279,0.007000000000000117,
510550,2022-06-09,1.52,1.501,1.52,1.49,859.0,,1.9736842105263175,-1.2500000000000084,-0.019000000000000128,
510550,2022-06-10,1.498,1.524,1.528,1.498,1136.0,,1.99866755496336,1.5323117921385832,0.02300000000000013,
510550,2022-06-13,1.509,1.524,1.531,1.509,1889.0,,1.4435695538057756,0.0,0.0,
510550,2022-06-14,1.524,1.533,1.537,1.487,9672.0,,3.2808398950131115,0.5905511811023554,0.008999999999999897,
510550,2022-06-15,1.521,1.534,1.56,1.521,3612.0,,2.5440313111546082,0.06523157208089446,0.001000000000000112,
510550,2022-06-16,1.54,1.529,1.545,1.529,1003.0,,1.043024771838332,-0.325945241199486,-0.0050000000000001155,
510550,2022-06-17,1.529,1.543,1.545,1.519,6491.0,,1.7004578155657308,0.9156311314584704,0.014000000000000012,
510550,2022-06-20,1.558,1.55,1.558,1.542,541.0,,1.0369410239792622,0.4536616979909344,0.007000000000000117,
510550,2022-06-21,1.548,1.542,1.548,1.524,757.0,,1.5483870967741948,-0.516129032258065,-0.008000000000000007,
510550,2022-06-22,1.537,1.53,1.539,1.515,7462.0,,1.5564202334630364,-0.7782101167315182,-0.01200000000000001,
510550,2022-06-23,1.515,1.55,1.55,1.508,885.0,,2.7450980392156885,1.3071895424836613,0.020000000000000018,
510550,2022-06-24,1.55,1.561,1.562,1.548,1085.0,,0.9032258064516137,0.7096774193548322,0.010999999999999899,
510550,2022-06-27,1.563,1.574,1.579,1.563,1611.0,,1.024983984625241,0.8327994875080156,0.013000000000000123,
510550,2022-06-28,1.574,1.574,1.585,1.567,2971.0,,1.1435832274459985,0.0,0.0,
510550,2022-06-29,1.584,1.548,1.589,1.548,1454.0,,2.6048284625158784,-1.65184243964422,-0.026000000000000023,
510550,2022-06-30,1.583,1.58,1.591,1.573,561.0,,1.1627906976744196,2.0671834625323013,0.03200000000000003,
510550,2022-07-01,1.58,1.578,1.586,1.573,216.0,,0.82278481012659,-0.12658227848101278,-0.0020000000000000018,
510550,2022-07-04,1.593,1.589,1.598,1.578,1234.0,,1.267427122940432,0.6970849176172306,0.010999999999999899,
510550,2022-07-05,1.602,1.588,1.602,1.579,556.0,,1.4474512271869184,-0.06293266205159785,-0.0009999999999998899,
510550,2022-07-06,1.573,1.571,1.586,1.56,324.0,,1.6372795969773313,-1.0705289672544158,-0.017000000000000126,
510550,2022-07-07,1.571,1.579,1.59,1.567,681.0,,1.4640356460853043,0.5092297899427122,0.008000000000000007,
510550,2022-07-08,1.579,1.572,1.589,1.572,233.0,,1.0766307789740281,-0.4433185560481251,-0.006999999999999895,
510550,2022-07-11,1.562,1.549,1.562,1.543,3810.0,,1.2086513994911021,-1.4631043256997538,-0.02300000000000013,
510550,2022-07-12,1.549,1.54,1.556,1.536,1134.0,,1.291155584247903,-0.5810200129115493,-0.008999999999999897,
510550,2022-07-13,1.525,1.536,1.542,1.525,794.0,,1.1038961038961121,-0.25974025974025994,-0.0040000000000000036,
510550,2022-07-14,1.536,1.545,1.554,1.536,2539.0,,1.171875000000001,0.5859374999999933,0.008999999999999897,
510550,2022-07-15,1.56,1.529,1.56,1.525,366.0,,2.2653721682847987,-1.035598705501619,-0.016000000000000014,
510550,2022-07-18,1.529,1.548,1.551,1.526,666.0,,1.6350555918901186,1.2426422498365028,0.019000000000000128,
510550,2022-07-19,1.553,1.554,1.558,1.547,749.0,,0.7105943152454859,0.38759689922480656,0.006000000000000005,
510550,2022-07-20,1.559,1.575,1.575,1.559,248.0,,1.0296010296010305,1.3513513513513453,0.020999999999999908,
510550,2022-07-21,1.57,1.57,1.57,1.56,566.0,,0.6349206349206356,-0.31746031746031067,-0.004999999999999893,
510550,2022-07-22,1.57,1.55,1.57,1.535,1448.0,,2.2292993630573337,-1.2738853503184724,-0.020000000000000018,
510550,2022-07-25,1.55,1.535,1.551,1.527,713.0,,1.5483870967741948,-0.967741935483879,-0.015000000000000124,
510550,2022-07-26,1.535,1.55,1.55,1.527,280.0,,1.4983713355048947,0.977198697068412,0.015000000000000124,
510550,2022-07-27,1.55,1.552,1.561,1.547,280.0,,0.9032258064516137,0.12903225806451624,0.0020000000000000018,
510550,2022-07-28,1.567,1.56,1.64,1.56,253.0,,5.154639175257722,0.5154639175257736,0.008000000000000007,
510550,2022-07-29,1.563,1.55,1.568,1.55,638.0,,1.1538461538461549,-0.6410256410256416,-0.010000000000000009,
510550,2022-08-01,1.541,1.55,1.561,1.541,624.0,,1.2903225806451624,0.0,0.0,
510550,2022-08-02,1.56,1.522,1.56,1.498,2251.0,,4.0000000000000036,-1.8064516129032273,-0.028000000000000025,
510550,2022-08-03,1.522,1.519,1.54,1.507,329.0,,2.16819973718792,-0.19710906701709027,-0.0030000000000001137,
510550,2022-08-04,1.519,1.516,1.521,1.504,683.0,,1.1191573403554909,-0.19749835418037473,-0.0029999999999998916,
510550,2022-08-05,1.516,1.544,1.544,1.515,341.0,,1.912928759894468,1.846965699208445,0.028000000000000025,
510550,2022-08-08,1.545,1.558,1.558,1.542,1800.0,,1.0362694300518145,0.9067357512953376,0.014000000000000012,
510550,2022-08-09,1.558,1.555,1.56,1.55,1516.0,,0.641848523748396,-0.1925545571245259,-0.0030000000000001137,
510550,2022-08-10,1.54,1.555,1.563,1.54,2290.0,,1.479099678456586,0.0,0.0,
510550,2022-08-11,1.54,1.57,1.582,1.535,3417.0,,3.0225080385852188,0.9646302250803939,0.015000000000000124,
510550,2022-08-12,1.584,1.58,1.589,1.58,820.0,,0.5732484076433055,0.6369426751592362,0.010000000000000009,
510550,2022-08-15,1.58,1.583,1.587,1.577,4075.0,,0.6329113924050638,0.18987341772151212,0.0029999999999998916,
510550,2022-08-16,1.587,1.585,1.596,1.581,3354.0,,0.9475679090334886,0.1263423878711309,0.0020000000000000018,
510550,2022-08-17,1.585,1.595,1.596,1.57,453.0,,1.6403785488959006,0.6309148264984233,0.010000000000000009,
510550,2022-08-18,1.595,1.591,1.595,1.583,190.0,,0.7523510971786841,-0.2507836990595614,-0.0040000000000000036,
510550,2022-08-19,1.585,1.598,1.598,1.574,1108.0,,1.5084852294154634,0.4399748585795171,0.007000000000000117,
510550,2022-08-22,1.581,1.589,1.589,1.563,402.0,,1.6270337922403018,-0.5632040050062652,-0.009000000000000119,
510550,2022-08-23,1.575,1.585,1.59,1.575,235.0,,0.9439899307740797,-0.2517306482064194,-0.0040000000000000036,
510550,2022-08-24,1.586,1.546,1.586,1.546,916.0,,2.5236593059936934,-2.460567823343844,-0.038999999999999924,
510550,2022-08-25,1.561,1.556,1.561,1.532,128.0,,1.8758085381629956,0.6468305304010354,0.010000000000000009,
510550,2022-08-26,1.557,1.553,1.568,1.552,355.0,,1.0282776349614406,-0.19280205655527724,-0.0030000000000001137,
510550,2022-08-29,1.553,1.548,1.553,1.533,447.0,,1.2878300064391512,-0.32195750160978065,-0.004999999999999893,
510550,2022-08-30,1.542,1.547,1.554,1.54,856.0,,0.9043927648578819,-0.06459948320414159,-0.001000000000000112,
510550,2022-08-31,1.54,1.517,1.54,1.513,885.0,,1.745313510019401,-1.9392372333548822,-0.030000000000000027,
510550,2022-09-01,1.518,1.518,1.525,1.51,358.0,,0.9887936717204946,0.06591957811470744,0.001000000000000112,
510550,2022-09-02,1.525,1.509,1.533,1.5,462.0,,2.1739130434782554,-0.592885375494079,-0.009000000000000119,
510550,2022-09-05,1.509,1.521,1.521,1.5,1052.0,,1.3916500994035725,0.7952286282306171,0.01200000000000001,
510550,2022-09-06,1.524,1.545,1.549,1.523,658.0,,1.7094017094017109,1.577909270216964,0.02400000000000002,
510550,2022-09-07,1.536,1.545,1.55,1.536,1837.0,,0.9061488673139168,0.0,0.0,
510550,2022-09-08,1.545,1.541,1.55,1.541,332.0,,0.5825242718446679,-0.25889967637540473,-0.0040000000000000036,
510550,2022-09-09,1.547,1.556,1.556,1.537,759.0,,1.2329656067488728,0.9733939000649011,0.015000000000000124,
510550,2022-09-13,1.558,1.551,1.559,1.541,975.0,,1.1568123393316205,-0.3213367609254573,-0.0050000000000001155,
510550,2022-09-14,1.551,1.539,1.551,1.53,949.0,,1.353965183752412,-0.773694390715668,-0.01200000000000001,
510550,2022-09-15,1.524,1.507,1.541,1.495,856.0,,2.988953866146837,-2.0792722547108533,-0.03200000000000003,
510550,2022-09-16,1.499,1.469,1.499,1.469,2043.0,,1.9907100199071022,-2.521566025215648,-0.03799999999999981,
510550,2022-09-19,1.457,1.458,1.47,1.455,587.0,,1.0211027910142887,-0.7488087134104915,-0.01100000000000012,
510550,2022-09-20,1.455,1.473,1.477,1.455,845.0,,1.5089163237311398,1.0288065843621483,0.015000000000000124,
510550,2022-09-21,1.459,1.475,1.479,1.45,333.0,,1.9687712152070695,0.13577732518669391,0.0020000000000000018,
510550,2022-09-22,1.477,1.489,1.489,1.471,134.0,,1.2203389830508484,0.9491525423728822,0.014000000000000012,
510550,2022-09-23,1.489,1.454,1.489,1.44,868.0,,3.2907991940900034,-2.3505708529214333,-0.03500000000000014,
510550,2022-09-26,1.45,1.434,1.455,1.43,527.0,,1.7193947730398993,-1.3755158184319134,-0.020000000000000018,
510550,2022-09-27,1.444,1.459,1.459,1.431,614.0,,1.9525801952580215,1.7433751743375268,0.025000000000000133,
510550,2022-09-28,1.473,1.439,1.473,1.425,772.0,,3.289924605894451,-1.370801919122688,-0.020000000000000018,
510550,2022-09-29,1.443,1.426,1.443,1.426,244.0,,1.1813759555246786,-0.9034051424600502,-0.013000000000000123,
510550,2022-09-30,1.427,1.413,1.427,1.413,5044.0,,0.9817671809256671,-0.9116409537166831,-0.0129999999999999,
510550,2022-10-10,1.413,1.407,1.421,1.39,3358.0,,2.1939136588818213,-0.42462845010615746,-0.006000000000000005,
510550,2022-10-11,1.396,1.402,1.407,1.385,2542.0,,1.5636105188344007,-0.35536602700782627,-0.0050000000000001155,
510550,2022-10-12,1.402,1.434,1.434,1.383,2135.0,,3.637660485021393,2.2824536376604874,0.03200000000000003,
510550,2022-10-13,1.434,1.439,1.447,1.43,2076.0,,1.1854951185495206,0.34867503486751156,0.0050000000000001155,
510550,2022-10-14,1.445,1.469,1.472,1.445,1087.0,,1.8763029881862343,2.0847810979847137,0.030000000000000027,
510550,2022-10-17,1.469,1.483,1.483,1.465,526.0,,1.2253233492171556,0.9530292716133432,0.014000000000000012,
510550,2022-10-18,1.497,1.5,1.5,1.478,977.0,,1.4834794335805812,1.1463250168577144,0.016999999999999904,
510550,2022-10-19,1.5,1.475,1.5,1.47,1076.0,,2.0000000000000018,-1.6666666666666607,-0.02499999999999991,
510550,2022-10-20,1.489,1.476,1.489,1.454,1004.0,,2.3728813559322126,0.06779661016948406,0.0009999999999998899,
510550,2022-10-21,1.475,1.47,1.476,1.462,761.0,,0.9485094850948518,-0.4065040650406508,-0.006000000000000005,
510550,2022-10-24,1.47,1.453,1.484,1.447,5229.0,,2.5170068027210832,-1.1564625850340071,-0.016999999999999904,
510550,2022-10-25,1.453,1.459,1.459,1.317,1397.0,,9.772883688919485,0.4129387474191332,0.006000000000000005,
510550,2022-10-26,1.449,1.478,1.479,1.449,868.0,,2.0562028786840316,1.302261823166546,0.018999999999999906,
510550,2022-10-27,1.481,1.472,1.481,1.47,483.0,,0.7442489851150285,-0.4059539918809205,-0.006000000000000005,
510550,2022-10-28,1.453,1.427,1.456,1.419,514.0,,2.513586956521734,-3.0570652173912993,-0.04499999999999993,
510550,2022-10-31,1.425,1.441,1.441,1.419,2046.0,,1.5416958654519985,0.9810791871058173,0.014000000000000012,
510550,2022-11-01,1.455,1.499,1.541,1.43,1361.0,,7.7029840388619,4.0249826509368525,0.05800000000000005,
510550,2022-11-02,1.485,1.477,1.485,1.465,1103.0,,1.3342228152101412,-1.4676450967311552,-0.02200000000000002,
510550,2022-11-03,1.477,1.473,1.479,1.468,166.0,,0.7447528774543074,-0.27081922816519993,-0.0040000000000000036,
510550,2022-11-04,1.473,1.507,1.515,1.473,2472.0,,2.851323828920558,2.308214528173782,0.03399999999999981,
510550,2022-11-07,1.507,1.509,1.516,1.503,551.0,,0.8626410086264182,0.13271400132714015,0.0020000000000000018,
510550,2022-11-08,1.5,1.508,1.51,1.499,1297.0,,0.7289595758780583,-0.06626905235254406,-0.0009999999999998899,
510550,2022-11-09,1.523,1.51,1.523,1.506,604.0,,1.1273209549071554,0.13262599469496034,0.0020000000000000018,
510550,2022-11-10,1.51,1.504,1.51,1.492,172.0,,1.1920529801324515,-0.3973509933774838,-0.006000000000000005,
510550,2022-11-11,1.516,1.508,1.528,1.504,1487.0,,1.5957446808510651,0.2659574468085109,0.0040000000000000036,
510550,2022-11-14,1.507,1.505,1.521,1.502,2126.0,,1.2599469496021158,-0.19893899204244786,-0.0030000000000001137,
510550,2022-11-15,1.512,1.531,1.531,1.509,2945.0,,1.4617940199335562,1.7275747508305666,0.026000000000000023,
510550,2022-11-16,1.531,1.524,1.539,1.516,1321.0,,1.502286087524488,-0.4572175048987522,-0.006999999999999895,
510550,2022-11-17,1.509,1.54,1.54,1.509,712.0,,2.0341207349081456,1.0498687664042003,0.016000000000000014,
510550,2022-11-18,1.549,1.525,1.549,1.523,355.0,,1.68831168831169,-0.9740259740259821,-0.015000000000000124,
510550,2022-11-21,1.525,1.524,1.525,1.51,4240.0,,0.9836065573770428,-0.06557377049179605,-0.0009999999999998899,
510550,2022-11-22,1.518,1.505,1.518,1.501,485.0,,1.1154855643044703,-1.2467191601049952,-0.019000000000000128,
510550,2022-11-23,1.505,1.505,1.507,1.486,1739.0,,1.3953488372092961,0.0,0.0,
510550,2022-11-24,1.5,1.508,1.511,1.5,1081.0,,0.7308970099667706,0.19933554817276505,0.0030000000000001137,
510550,2022-11-25,1.491,1.495,1.523,1.491,276.0,,2.1220159151193503,-0.8620689655172348,-0.0129999999999999,
510550,2022-11-28,1.438,1.488,1.488,1.438,588.0,,3.3444816053511732,-0.4682274247491717,-0.007000000000000117,
510550,2022-11-29,1.474,1.513,1.52,1.474,7801.0,,3.0913978494623686,1.6801075268817145,0.02499999999999991,
510550,2022-11-30,1.505,1.509,1.519,1.505,1213.0,,0.9253139458030413,-0.2643754130865832,-0.0040000000000000036,
510550,2022-12-01,1.495,1.523,1.528,1.495,965.0,,2.1868787276341894,0.92776673293572,0.014000000000000012,
510550,2022-12-02,1.524,1.514,1.524,1.514,273.0,,0.6565988181221281,-0.5909389363099079,-0.008999999999999897,
510550,2022-12-05,1.529,1.512,1.531,1.512,799.0,,1.2549537648612883,-0.13210039630118903,-0.0020000000000000018,
510550,2022-12-06,1.521,1.52,1.533,1.52,1570.0,,0.8597883597883531,0.5291005291005296,0.008000000000000007,
510550,2022-12-07,1.506,1.523,1.531,1.506,229.0,,1.644736842105257,0.19736842105262442,0.0029999999999998916,
510550,2022-12-08,1.538,1.517,1.538,1.516,301.0,,1.4445173998686816,-0.39395929087327686,-0.006000000000000005,
510550,2022-12-09,1.516,1.523,1.524,1.515,209.0,,0.5932762030323084,0.39551746868820076,0.006000000000000005,
510550,2022-12-12,1.519,1.517,1.519,1.512,546.0,,0.4596191726854823,-0.39395929087327686,-0.006000000000000005,
510550,2022-12-13,1.532,1.505,1.532,1.505,348.0,,1.7798286090969107,-0.7910349373764015,-0.01200000000000001,
510550,2022-12-14,1.506,1.501,1.507,1.501,323.0,,0.39867109634551534,-0.26578073089701026,-0.0040000000000000036,
510550,2022-12-15,1.487,1.5,1.502,1.487,134.0,,0.9993337774816724,-0.0666222518321046,-0.0009999999999998899,
510550,2022-12-16,1.497,1.495,1.498,1.489,497.0,,0.5999999999999932,-0.33333333333332626,-0.004999999999999893,
510550,2022-12-19,1.509,1.458,1.509,1.458,743.0,,3.411371237458189,-2.4749163879598757,-0.037000000000000144,
510550,2022-12-20,1.456,1.449,1.457,1.444,1050.0,,0.8916323731138631,-0.6172839506172769,-0.008999999999999897,
510550,2022-12-21,1.448,1.434,1.453,1.434,2984.0,,1.3112491373361026,-1.0351966873706089,-0.015000000000000124,
510550,2022-12-22,1.448,1.441,1.448,1.422,1092.0,,1.8131101813110198,0.4881450488145131,0.007000000000000117,
510550,2022-12-23,1.423,1.422,1.431,1.418,1426.0,,0.9021512838306817,-1.318528799444839,-0.019000000000000128,
510550,2022-12-26,1.43,1.439,1.44,1.43,407.0,,0.703234880450071,1.1954992967651286,0.017000000000000126,
510550,2022-12-27,1.453,1.446,1.453,1.439,554.0,,0.9728978457261996,0.4864489228630921,0.006999999999999895,
510550,2022-12-28,1.441,1.443,1.451,1.44,661.0,,0.7607192254495243,-0.20746887966804228,-0.0029999999999998916,
510550,2022-12-29,1.457,1.446,1.458,1.446,77.0,,0.8316008316008323,0.20790020790020036,0.0029999999999998916,
510550,2022-12-30,1.45,1.446,1.451,1.444,694.0,,0.48409405255879095,0.0,0.0,
510550,2023-01-03,1.446,1.463,1.463,1.446,171.0,,1.1756569847856244,1.1756569847856244,0.017000000000000126,
510550,2023-01-04,1.472,1.465,1.472,1.463,181.0,,0.6151742993848186,0.13670539986329472,0.0020000000000000018,
510550,2023-01-05,1.479,1.48,1.48,1.477,94.0,,0.2047781569965796,1.0238907849829284,0.014999999999999902,
510550,2023-01-06,1.48,1.479,1.487,1.479,34.0,,0.540540540540541,-0.06756756756756012,-0.0009999999999998899,
510550,2023-01-09,1.479,1.492,1.492,1.479,134.0,,0.8789722785665923,0.8789722785665923,0.0129999999999999,
510550,2023-01-10,1.485,1.478,1.489,1.478,3352.0,,0.737265415549606,-0.9383378016085799,-0.014000000000000012,
510550,2023-01-11,1.467,1.478,1.491,1.467,318.0,,1.623815967523682,0.0,0.0,
510550,2023-01-12,1.467,1.481,1.482,1.467,2542.0,,1.0148849797022939,0.2029769959404678,0.0030000000000001137,
510550,2023-01-13,1.485,1.488,1.488,1.484,36.0,,0.27008777852802185,0.4726536124240307,0.006999999999999895,
510550,2023-01-16,1.502,1.509,1.517,1.501,2760.0,,1.0752688172043021,1.4112903225806388,0.020999999999999908,
510550,2023-01-17,1.509,1.506,1.509,1.503,402.0,,0.39761431411530856,-0.1988071570576469,-0.0029999999999998916,
510550,2023-01-18,1.51,1.51,1.516,1.51,49.0,,0.39840637450199234,0.26560424966799495,0.0040000000000000036,
510550,2023-01-19,1.505,1.523,1.523,1.505,1608.0,,1.1920529801324515,0.8609271523178742,0.0129999999999999,
510550,2023-01-20,1.533,1.535,1.535,1.53,559.0,,0.3282994090610567,0.7879185817465537,0.01200000000000001,
510550,2023-01-30,1.535,1.547,1.556,1.535,702.0,,1.368078175895774,0.7817589576547238,0.01200000000000001,
510550,2023-01-31,1.562,1.55,1.562,1.539,277.0,,1.4867485455720835,0.1939237233354954,0.0030000000000001137,
510550,2023-02-01,1.55,1.579,1.58,1.548,863.0,,2.06451612903226,1.8709677419354784,0.028999999999999915,
510550,2023-02-02,1.565,1.565,1.572,1.56,1095.0,,0.7599746675110837,-0.8866371120962643,-0.014000000000000012,
510550,2023-02-03,1.565,1.537,1.565,1.537,336.0,,1.7891373801916948,-1.7891373801916948,-0.028000000000000025,
510550,2023-02-06,1.552,1.546,1.552,1.538,666.0,,0.910865322055954,0.585556278464549,0.009000000000000119,
510550,2023-02-07,1.546,1.552,1.561,1.538,1417.0,,1.4877102199223744,0.38809831824062124,0.006000000000000005,
510550,2023-02-08,1.552,1.54,1.552,1.54,466.0,,0.7731958762886604,-0.7731958762886604,-0.01200000000000001,
510550,2023-02-09,1.537,1.556,1.559,1.537,768.0,,1.4285714285714297,1.0389610389610398,0.016000000000000014,
510550,2023-02-10,1.566,1.555,1.566,1.545,581.0,,1.3496143958868978,-0.06426735218509717,-0.001000000000000112,
510550,2023-02-13,1.557,1.564,1.566,1.557,519.0,,0.5787781350482392,0.5787781350482392,0.009000000000000119,
510550,2023-02-14,1.572,1.566,1.572,1.56,3568.0,,0.7672634271099751,0.12787723785166252,0.0020000000000000018,
510550,2023-02-15,1.551,1.565,1.566,1.551,158.0,,0.9578544061302761,-0.0638569604086917,-0.001000000000000112,
510550,2023-02-16,1.565,1.549,1.577,1.538,637.0,,2.492012779552711,-1.022364217252397,-0.016000000000000014,
510550,2023-02-17,1.546,1.53,1.548,1.53,406.0,,1.1620400258231127,-1.2265978050355006,-0.018999999999999906,
510550,2023-02-20,1.53,1.554,1.554,1.504,1190.0,,3.2679738562091534,1.5686274509803935,0.02400000000000002,
510550,2023-02-21,1.569,1.562,1.569,1.554,999.0,,0.965250965250959,0.5148005148005153,0.008000000000000007,
510550,2023-02-22,1.547,1.558,1.566,1.547,465.0,,1.2163892445582667,-0.2560819462227915,-0.0040000000000000036,
510550,2023-02-23,1.553,1.56,1.568,1.546,6425.0,,1.412066752246471,0.12836970474967918,0.0020000000000000018,
510550,2023-02-24,1.553,1.553,1.56,1.547,1149.0,,0.8333333333333411,-0.4487179487179562,-0.007000000000000117,
510550,2023-02-27,1.553,1.547,1.555,1.542,502.0,,0.8370895041854411,-0.3863490019317454,-0.006000000000000005,
510550,2023-02-28,1.548,1.558,1.558,1.541,514.0,,1.0989010989011072,0.7110536522301307,0.01100000000000012,
510550,2023-03-01,1.547,1.562,1.569,1.547,1361.0,,1.412066752246471,0.25673940949935836,0.0040000000000000036,
510550,2023-03-02,1.577,1.558,1.577,1.558,3488.0,,1.2163892445582527,-0.2560819462227915,-0.0040000000000000036,
510550,2023-03-03,1.547,1.57,1.57,1.547,6900.0,,1.4762516046213177,0.7702182284980751,0.01200000000000001,
510550,2023-03-06,1.56,1.562,1.564,1.551,1613.0,,0.8280254777070142,-0.509554140127389,-0.008000000000000007,
510550,2023-03-07,1.563,1.538,1.563,1.538,600.0,,1.60051216389244,-1.5364916773367492,-0.02400000000000002,
510550,2023-03-08,1.523,1.534,1.54,1.523,672.0,,1.105331599479852,-0.26007802340702235,-0.0040000000000000036,
510550,2023-03-09,1.537,1.532,1.537,1.53,128.0,,0.4563233376792631,-0.1303780964797915,-0.0020000000000000018,
510550,2023-03-10,1.52,1.517,1.532,1.517,924.0,,0.979112271540478,-0.979112271540478,-0.015000000000000124,
510550,2023-03-13,1.532,1.52,1.532,1.511,431.0,,1.38431114040871,0.1977587343441077,0.0030000000000001137,
510550,2023-03-14,1.52,1.508,1.527,1.505,625.0,,1.4473684210526327,-0.789473684210527,-0.01200000000000001,
510550,2023-03-15,1.523,1.521,1.529,1.521,481.0,,0.5305039787798413,0.8620689655172348,0.0129999999999999,
510550,2023-03-16,1.516,1.501,1.518,1.497,310.0,,1.3806706114398362,-1.31492439184747,-0.020000000000000018,
510550,2023-03-17,1.516,1.508,1.52,1.508,2722.0,,0.7994670219853438,0.46635576282479135,0.007000000000000117,
510550,2023-03-20,1.493,1.501,1.51,1.493,682.0,,1.1273209549071554,-0.46419098143236853,-0.007000000000000117,
510550,2023-03-21,1.501,1.523,1.523,1.501,7785.0,,1.4656895403064636,1.4656895403064636,0.02200000000000002,
510550,2023-03-22,1.517,1.535,1.535,1.517,296.0,,1.1818778726198305,0.7879185817465537,0.01200000000000001,
510550,2023-03-23,1.52,1.54,1.54,1.52,11535.0,,1.3029315960912065,0.3257328990228089,0.0050000000000001155,
510550,2023-03-24,1.545,1.543,1.545,1.532,1989.0,,0.8441558441558377,0.19480519480518776,0.0029999999999998916,
510550,2023-03-27,1.541,1.545,1.546,1.53,18073.0,,1.0369410239792622,0.12961762799740778,0.0020000000000000018,
510550,2023-03-28,1.53,1.537,1.54,1.53,357.0,,0.647249190938512,-0.5177993527508095,-0.008000000000000007,
510550,2023-03-29,1.53,1.531,1.534,1.522,175.0,,0.7807417046193891,-0.39037085230969454,-0.006000000000000005,
510550,2023-03-30,1.532,1.535,1.537,1.516,518.0,,1.371652514696271,0.26126714565643394,0.0040000000000000036,
510550,2023-03-31,1.535,1.548,1.548,1.535,1641.0,,0.8469055374592913,0.8469055374592913,0.013000000000000123,
510550,2023-04-03,1.55,1.564,1.574,1.55,20822.0,,1.5503875968992262,1.0335917312661507,0.016000000000000014,
510550,2023-04-04,1.565,1.561,1.573,1.559,4328.0,,0.8951406649616377,-0.19181585677750088,-0.0030000000000001137,
510550,2023-04-06,1.563,1.565,1.57,1.562,465.0,,0.5124919923126205,0.2562459961563103,0.0040000000000000036,
510550,2023-04-07,1.566,1.579,1.579,1.566,619.0,,0.8306709265175657,0.8945686900958474,0.014000000000000012,
510550,2023-04-10,1.564,1.571,1.586,1.564,291.0,,1.3932868904369866,-0.5066497783407224,-0.008000000000000007,
510550,2023-04-11,1.567,1.564,1.57,1.564,98.0,,0.38192234245703405,-0.445576066199866,-0.006999999999999895,
510550,2023-04-12,1.55,1.568,1.574,1.55,852.0,,1.5345268542199502,0.25575447570332505,0.0040000000000000036,
510550,2023-04-13,1.568,1.571,1.577,1.568,20502.0,,0.5739795918367281,0.19132653061223798,0.0029999999999998916,
510550,2023-04-14,1.58,1.572,1.58,1.566,1080.0,,0.8911521323997461,0.06365372374284609,0.001000000000000112,
510550,2023-04-17,1.579,1.582,1.582,1.573,1416.0,,0.5725190839694732,0.6361323155216291,0.010000000000000009,
510550,2023-04-18,1.582,1.582,1.582,1.572,398.0,,0.6321112515802787,0.0,0.0,
510550,2023-04-19,1.58,1.57,1.58,1.57,408.0,,0.6321112515802787,-0.7585335018963344,-0.01200000000000001,
510550,2023-04-20,1.574,1.566,1.574,1.566,231.0,,0.509554140127389,-0.2547770700636945,-0.0040000000000000036,
510550,2023-04-21,1.566,1.538,1.571,1.538,345.0,,2.1072796934865847,-1.787994891443169,-0.028000000000000025,
510550,2023-04-24,1.529,1.526,1.54,1.516,1601.0,,1.560468140442134,-0.780234070221067,-0.01200000000000001,
510550,2023-04-25,1.522,1.502,1.522,1.483,1760.0,,2.5557011795543856,-1.5727391874180878,-0.02400000000000002,
510550,2023-04-26,1.502,1.508,1.513,1.498,425.0,,0.9986684420772239,0.3994673768308925,0.006000000000000005,
510550,2023-04-27,1.509,1.504,1.515,1.504,383.0,,0.7294429708222744,-0.2652519893899207,-0.0040000000000000036,
510550,2023-04-28,1.524,1.532,1.532,1.517,171.0,,0.9973404255319231,1.8617021276595762,0.028000000000000025,
510550,2023-05-04,1.532,1.535,1.535,1.529,258.0,,0.3916449086161883,0.1958224543080869,0.0029999999999998916,
510550,2023-05-05,1.535,1.52,1.535,1.52,241.0,,0.9771986970683976,-0.9771986970683976,-0.014999999999999902,
510550,2023-05-08,1.506,1.529,1.534,1.506,1800.0,,1.8421052631578962,0.592105263157888,0.008999999999999897,
510550,2023-05-09,1.535,1.519,1.538,1.519,1329.0,,1.2426422498365028,-0.6540222367560503,-0.010000000000000009,
510550,2023-05-10,1.508,1.514,1.518,1.508,394.0,,0.65832784726794,-0.32916392363396274,-0.004999999999999893,
510550,2023-05-11,1.516,1.512,1.52,1.512,1150.0,,0.5284015852047561,-0.13210039630118903,-0.0020000000000000018,
510550,2023-05-12,1.512,1.498,1.512,1.498,566.0,,0.9259259259259267,-0.9259259259259267,-0.014000000000000012,
510550,2023-05-15,1.497,1.511,1.511,1.486,1005.0,,1.6688918558077377,0.8678237650200201,0.0129999999999999,
510550,2023-05-16,1.513,1.5,1.513,1.5,565.0,,0.8603573792190536,-0.7279947054930443,-0.010999999999999899,
510550,2023-05-17,1.496,1.503,1.506,1.496,810.0,,0.6666666666666672,0.19999999999999277,0.0029999999999998916,
510550,2023-05-18,1.51,1.493,1.513,1.493,343.0,,1.3306719893546106,-0.6653359946772979,-0.009999999999999787,
510550,2023-05-19,1.479,1.506,1.508,1.479,374.0,,1.9423978566644282,0.8707300736771534,0.0129999999999999,
510550,2023-05-22,1.505,1.502,1.507,1.5,373.0,,0.4648074369189838,-0.26560424966799495,-0.0040000000000000036,
510550,2023-05-23,1.488,1.496,1.506,1.488,100.0,,1.1984021304926775,-0.3994673768308925,-0.006000000000000005,
510550,2023-05-24,1.485,1.481,1.491,1.48,866.0,,0.7352941176470669,-1.0026737967914372,-0.014999999999999902,
510550,2023-05-25,1.481,1.477,1.488,1.468,953.0,,1.3504388926401092,-0.27008777852802185,-0.0040000000000000036,
510550,2023-05-26,1.474,1.487,1.487,1.47,599.0,,1.1509817197021073,0.6770480704129999,0.010000000000000009,
510550,2023-05-29,1.487,1.484,1.489,1.47,1531.0,,1.2777404169468816,-0.201748486886356,-0.0030000000000001137,
510550,2023-05-30,1.479,1.494,1.494,1.474,342.0,,1.3477088948787075,0.6738544474393537,0.010000000000000009,
510550,2023-05-31,1.492,1.492,1.492,1.482,279.0,,0.6693440428380193,-0.1338688085676039,-0.0020000000000000018,
510550,2023-06-01,1.48,1.49,1.502,1.48,382.0,,1.4745308310991971,-0.13404825737265427,-0.0020000000000000018,
510550,2023-06-02,1.504,1.501,1.504,1.499,253.0,,0.3355704697986506,0.7382550335570403,0.010999999999999899,
510550,2023-06-05,1.506,1.499,1.508,1.498,80.0,,0.6662225183211199,-0.1332445036642092,-0.0019999999999997797,
510550,2023-06-06,1.492,1.471,1.493,1.471,725.0,,1.4676450967311552,-1.8679119412941976,-0.028000000000000025,
510550,2023-06-07,1.482,1.476,1.482,1.476,169.0,,0.4078857919782465,0.3399048266485311,0.004999999999999893,
510550,2023-06-08,1.47,1.47,1.473,1.467,134.0,,0.4065040650406508,-0.4065040650406508,-0.006000000000000005,
510550,2023-06-09,1.473,1.484,1.484,1.47,357.0,,0.9523809523809532,0.9523809523809532,0.014000000000000012,
510550,2023-06-12,1.498,1.49,1.498,1.47,129.0,,1.8867924528301903,0.40431266846361225,0.006000000000000005,
510550,2023-06-13,1.504,1.492,1.504,1.488,110.0,,1.0738255033557056,0.1342281879194632,0.0020000000000000018,
510550,2023-06-14,1.495,1.499,1.501,1.495,17.0,,0.4021447721179479,0.4691689008042974,0.007000000000000117,
510550,2023-06-15,1.495,1.508,1.508,1.495,291.0,,0.8672448298865842,0.6004002668445562,0.008999999999999897,
510550,2023-06-16,1.513,1.518,1.518,1.507,588.0,,0.7294429708222891,0.6631299734748016,0.010000000000000009,
510550,2023-06-19,1.503,1.514,1.523,1.503,293.0,,1.3175230566534926,-0.2635046113306985,-0.0040000000000000036,
510550,2023-06-20,1.513,1.521,1.521,1.513,57.0,,0.5284015852047561,0.46235138705415424,0.006999999999999895,
510550,2023-06-21,1.521,1.49,1.521,1.49,189.0,,2.038132807363571,-2.038132807363571,-0.030999999999999917,
510550,2023-06-26,1.476,1.515,1.519,1.454,500.0,,4.362416107382547,1.6778523489932826,0.02499999999999991,
510550,2023-06-27,1.515,1.485,1.515,1.464,594.0,,3.366336633663362,-1.9801980198019673,-0.029999999999999805,
510550,2023-06-28,1.471,1.471,1.471,1.457,319.0,,0.9427609427609436,-0.9427609427609436,-0.014000000000000012,
510550,2023-06-29,1.471,1.482,1.482,1.471,127.0,,0.7477906186267775,0.7477906186267775,0.010999999999999899,
510550,2023-06-30,1.471,1.486,1.488,1.471,146.0,,1.1470985155195617,0.26990553306342807,0.0040000000000000036,
510550,2023-07-03,1.478,1.5,1.503,1.478,339.0,,1.6823687752355259,0.9421265141318986,0.014000000000000012,
510550,2023-07-04,1.5,1.498,1.505,1.496,187.0,,0.5999999999999932,-0.13333333333333347,-0.0020000000000000018,
510550,2023-07-05,1.501,1.498,1.506,1.497,659.0,,0.6008010680907808,0.0,0.0,
510550,2023-07-06,1.498,1.484,1.498,1.484,470.0,,0.9345794392523372,-0.9345794392523372,-0.014000000000000012,
510550,2023-07-07,1.483,1.486,1.487,1.478,495.0,,0.6064690026954258,0.13477088948787075,0.0020000000000000018,
510550,2023-07-10,1.472,1.483,1.493,1.472,429.0,,1.4131897711978554,-0.20188425302825652,-0.0029999999999998916,
510550,2023-07-11,1.489,1.493,1.495,1.484,434.0,,0.741739716790298,0.6743088334457187,0.010000000000000009,
510550,2023-07-12,1.502,1.491,1.502,1.491,286.0,,0.736771600803744,-0.13395847287340934,-0.0020000000000000018,
510550,2023-07-13,1.479,1.505,1.505,1.479,42.0,,1.7437961099932797,0.9389671361502205,0.01399999999999979,
510550,2023-07-14,1.505,1.502,1.505,1.502,25.0,,0.1993355481727503,-0.1993355481727503,-0.0029999999999998916,
510550,2023-07-17,1.499,1.49,1.499,1.487,31.0,,0.798934753661785,-0.798934753661785,-0.01200000000000001,
510550,2023-07-18,1.496,1.477,1.499,1.477,713.0,,1.4765100671140954,-0.8724832214765034,-0.0129999999999999,
510550,2023-07-19,1.491,1.495,1.497,1.49,74.0,,0.4739336492891075,1.2186865267434,0.018000000000000016,
510550,2023-07-20,1.493,1.481,1.493,1.479,167.0,,0.9364548494983286,-0.9364548494983286,-0.014000000000000012,
510550,2023-07-21,1.481,1.479,1.485,1.475,1653.0,,0.6752194463200546,-0.13504388926401092,-0.0020000000000000018,
510550,2023-07-24,1.479,1.475,1.482,1.475,4183.0,,0.47329276538200776,-0.270453008789723,-0.0040000000000000036,
510550,2023-07-25,1.489,1.493,1.496,1.488,8550.0,,0.5423728813559326,1.2203389830508484,0.018000000000000016,
510550,2023-07-26,1.494,1.494,1.496,1.491,335.0,,0.33489618218351597,0.06697923643669723,0.0009999999999998899,
510550,2023-07-27,1.493,1.488,1.496,1.488,232.0,,0.5354752342704155,-0.40160642570281163,-0.006000000000000005,
510550,2023-07-28,1.483,1.503,1.505,1.481,442.0,,1.612903225806438,1.0080645161290256,0.014999999999999902,
510550,2023-07-31,1.514,1.516,1.524,1.511,183.0,,0.864936793080514,0.864936793080514,0.013000000000000123,
510550,2023-08-01,1.516,1.518,1.519,1.514,730.0,,0.32981530343007215,0.1319261213720318,0.0020000000000000018,
510550,2023-08-02,1.512,1.513,1.517,1.51,50.0,,0.46113306982871505,-0.32938076416338047,-0.0050000000000001155,
510550,2023-08-03,1.513,1.513,1.517,1.503,441.0,,0.9253139458030413,0.0,0.0,
510550,2023-08-04,1.519,1.524,1.535,1.512,784.0,,1.520158625247846,0.7270323859881112,0.01100000000000012,
510550,2023-08-07,1.53,1.513,1.53,1.513,173.0,,1.1154855643044703,-0.721784776902895,-0.01100000000000012,
510550,2023-08-08,1.515,1.511,1.515,1.507,359.0,,0.5287508261731664,-0.1321877065432916,-0.0020000000000000018,
510550,2023-08-09,1.511,1.5,1.511,1.5,274.0,,0.7279947054930443,-0.7279947054930443,-0.010999999999999899,
510550,2023-08-10,1.497,1.501,1.505,1.497,291.0,,0.533333333333319,0.06666666666665932,0.0009999999999998899,
510550,2023-08-11,1.499,1.478,1.499,1.478,365.0,,1.3990672884743591,-1.5323117921385683,-0.02299999999999991,
510550,2023-08-14,1.464,1.475,1.475,1.456,816.0,,1.2855209742895892,-0.20297699594045274,-0.0029999999999998916,
510550,2023-08-15,1.468,1.468,1.472,1.457,480.0,,1.0169491525423662,-0.47457627118644863,-0.007000000000000117,
510550,2023-08-16,1.462,1.459,1.466,1.454,109.0,,0.8174386920980934,-0.6130790190735624,-0.008999999999999897,
510550,2023-08-17,1.446,1.466,1.467,1.445,205.0,,1.5078821110349567,0.4797806716929332,0.006999999999999895,
510550,2023-08-18,1.466,1.444,1.466,1.444,350.0,,1.5006821282401104,-1.5006821282401104,-0.02200000000000002,
510550,2023-08-21,1.444,1.43,1.444,1.43,717.0,,0.9695290858725771,-0.9695290858725771,-0.014000000000000012,
510550,2023-08-22,1.43,1.432,1.432,1.412,434.0,,1.3986013986014,0.13986013986013998,0.0020000000000000018,
510550,2023-08-23,1.419,1.407,1.421,1.405,239.0,,1.117318435754191,-1.7458100558659158,-0.02499999999999991,
510550,2023-08-24,1.413,1.41,1.421,1.401,395.0,,1.4214641080312733,0.2132196162046831,0.0029999999999998916,
510550,2023-08-25,1.402,1.397,1.407,1.397,603.0,,0.7092198581560291,-0.9219858156028299,-0.0129999999999999,
510550,2023-08-28,1.41,1.413,1.436,1.409,19222.0,,1.9327129563349972,1.145311381531855,0.016000000000000014,
510550,2023-08-29,1.405,1.441,1.446,1.405,23856.0,,2.901627742392068,1.981599433828735,0.028000000000000025,
510550,2023-08-30,1.442,1.441,1.45,1.427,9777.0,,1.5961138098542615,0.0,0.0,
510550,2023-08-31,1.428,1.434,1.44,1.428,2584.0,,0.8327550312283143,-0.48577376821652446,-0.007000000000000117,
510550,2023-09-01,1.448,1.433,1.448,1.431,995.0,,1.1854951185495053,-0.06973500697349302,-0.0009999999999998899,
510550,2023-09-04,1.433,1.448,1.448,1.433,2200.0,,1.0467550593161132,1.0467550593161132,0.014999999999999902,
510550,2023-09-05,1.45,1.44,1.46,1.436,1530.0,,1.6574585635359134,-0.5524861878453043,-0.008000000000000007,
510550,2023-09-06,1.44,1.439,1.454,1.431,8075.0,,1.5972222222222159,-0.0694444444444368,-0.0009999999999998899,
510550,2023-09-07,1.434,1.42,1.434,1.42,1002.0,,0.9728978457261996,-1.3203613620569927,-0.019000000000000128,
510550,2023-09-08,1.411,1.428,1.434,1.408,1012.0,,1.8309859154929595,0.5633802816901414,0.008000000000000007,
510550,2023-09-11,1.42,1.436,1.44,1.42,1975.0,,1.400560224089637,0.5602240896358549,0.008000000000000007,
510550,2023-09-12,1.438,1.439,1.441,1.436,768.0,,0.3481894150417908,0.20891364902507753,0.0030000000000001137,
510550,2023-09-13,1.43,1.42,1.43,1.419,22658.0,,0.7644197359277205,-1.3203613620569927,-0.019000000000000128,
510550,2023-09-14,1.427,1.419,1.427,1.416,256.0,,0.7746478873239522,-0.07042253521125985,-0.0009999999999998899,
510550,2023-09-15,1.419,1.422,1.431,1.41,4521.0,,1.4799154334038147,0.2114164904862503,0.0029999999999998916,
510550,2023-09-18,1.413,1.428,1.431,1.413,5982.0,,1.2658227848101278,0.4219409282700426,0.006000000000000005,
510550,2023-09-19,1.423,1.42,1.423,1.414,190.0,,0.6302521008403444,-0.5602240896358549,-0.008000000000000007,
510550,2023-09-20,1.415,1.415,1.418,1.412,1857.0,,0.422535211267606,-0.3521126760563305,-0.004999999999999893,
510550,2023-09-21,1.406,1.395,1.406,1.395,476.0,,0.7773851590105936,-1.413427561837457,-0.020000000000000018,
510550,2023-09-22,1.395,1.406,1.408,1.395,154.0,,0.9318996415770537,0.7885304659498136,0.010999999999999899,
510550,2023-09-25,1.415,1.408,1.42,1.408,320.0,,0.8534850640113806,0.14224751066856345,0.0020000000000000018,
510550,2023-09-26,1.41,1.406,1.412,1.406,226.0,,0.42613636363636404,-0.14204545454545467,-0.0020000000000000018,
510550,2023-09-27,1.395,1.414,1.42,1.395,1451.0,,1.7780938833570352,0.5689900426742538,0.008000000000000007,
510550,2023-09-28,1.421,1.42,1.421,1.415,1153.0,,0.42432814710042477,0.42432814710042477,0.006000000000000005,
510550,2023-10-09,1.42,1.41,1.42,1.406,30.0,,0.9859154929577474,-0.7042253521126767,-0.010000000000000009,
510550,2023-10-10,1.396,1.407,1.418,1.396,1172.0,,1.560283687943264,-0.21276595744680082,-0.0029999999999998916,
510550,2023-10-11,1.403,1.403,1.41,1.403,234.0,,0.4975124378109378,-0.2842928216062547,-0.0040000000000000036,
510550,2023-10-12,1.405,1.416,1.543,1.389,311.0,,10.976478973627934,0.9265858873841697,0.0129999999999999,
510550,2023-10-13,1.407,1.4,1.408,1.4,235.0,,0.56497175141243,-1.12994350282486,-0.016000000000000014,
510550,2023-10-16,1.4,1.394,1.4,1.387,497.0,,0.9285714285714215,-0.42857142857142894,-0.006000000000000005,
510550,2023-10-17,1.386,1.389,1.396,1.386,181.0,,0.7173601147776191,-0.35868005738880154,-0.004999999999999893,
510550,2023-10-18,1.389,1.375,1.389,1.375,1109.0,,1.007919366450685,-1.007919366450685,-0.014000000000000012,
510550,2023-10-19,1.373,1.365,1.375,1.365,699.0,,0.7272727272727278,-0.7272727272727278,-0.010000000000000009,
510550,2023-10-20,1.362,1.355,1.362,1.353,1612.0,,0.6593406593406681,-0.7326007326007333,-0.010000000000000009,
510550,2023-10-23,1.342,1.307,1.342,1.307,3228.0,,2.583025830258313,-3.542435424354247,-0.04800000000000004,
510550,2023-10-24,1.32,1.336,1.34,1.32,862.0,,1.5302218821729165,2.2188217291507373,0.029000000000000137,
510550,2023-10-25,1.349,1.346,1.349,1.341,389.0,,0.5988023952095813,0.7485029940119766,0.010000000000000009,
510550,2023-10-26,1.337,1.344,1.344,1.335,154.0,,0.6686478454680623,-0.148588410104012,-0.0020000000000000018,
510550,2023-10-27,1.343,1.37,1.371,1.343,1121.0,,2.083333333333335,1.934523809523811,0.026000000000000023,
510550,2023-10-30,1.37,1.383,1.383,1.37,141.0,,0.9489051094890437,0.9489051094890437,0.0129999999999999,
510550,2023-10-31,1.383,1.38,1.387,1.374,314.0,,0.939985538684013,-0.21691973969632056,-0.0030000000000001137,
510550,2023-11-01,1.381,1.375,1.381,1.371,253.0,,0.724637681159421,-0.36231884057970243,-0.004999999999999893,
510550,2023-11-02,1.373,1.365,1.373,1.365,2301.0,,0.5818181818181823,-0.7272727272727278,-0.010000000000000009,
510550,2023-11-03,1.378,1.371,1.378,1.369,481.0,,0.6593406593406518,0.43956043956044,0.006000000000000005,
510550,2023-11-06,1.383,1.396,1.396,1.383,452.0,,0.9482129832239169,1.8234865061998475,0.02499999999999991,
510550,2023-11-07,1.396,1.403,1.403,1.395,75.0,,0.5730659025787972,0.5014326647564554,0.007000000000000117,
510550,2023-11-08,1.399,1.395,1.403,1.391,358.0,,0.855310049893087,-0.5702066999287246,-0.008000000000000007,
510550,2023-11-09,1.397,1.406,1.505,1.382,711.0,,8.817204301075268,0.7885304659498136,0.010999999999999899,
510550,2023-11-10,1.392,1.39,1.392,1.384,601.0,,0.5689900426742538,-1.1379800853485076,-0.016000000000000014,
510550,2023-11-13,1.392,1.393,1.393,1.387,670.0,,0.43165467625899323,0.21582733812950458,0.0030000000000001137,
510550,2023-11-14,1.397,1.403,1.403,1.397,372.0,,0.4307250538406321,0.7178750897343869,0.010000000000000009,
510550,2023-11-15,1.405,1.411,1.414,1.405,569.0,,0.6414825374198073,0.5702066999287246,0.008000000000000007,
510550,2023-11-16,1.411,1.397,1.411,1.397,205.0,,0.9922041105598874,-0.9922041105598874,-0.014000000000000012,
510550,2023-11-17,1.399,1.402,1.405,1.397,283.0,,0.5726556907659275,0.35790980672869677,0.004999999999999893,
510550,2023-11-20,1.416,1.411,1.416,1.399,437.0,,1.212553495007126,0.64194008559202,0.009000000000000119,
510550,2023-11-21,1.412,1.41,1.419,1.403,283.0,,1.1339475549255855,-0.07087172218285698,-0.001000000000000112,
510550,2023-11-22,1.405,1.395,1.405,1.395,192.0,,0.7092198581560291,-1.0638297872340359,-0.014999999999999902,
510550,2023-11-23,1.39,1.398,1.398,1.387,147.0,,0.7885304659498136,0.21505376344085245,0.0029999999999998916,
510550,2023-11-24,1.396,1.392,1.397,1.39,242.0,,0.5007153075822688,-0.42918454935622363,-0.006000000000000005,
510550,2023-11-27,1.39,1.385,1.39,1.383,839.0,,0.5028735632183834,-0.5028735632183834,-0.006999999999999895,
510550,2023-11-28,1.385,1.391,1.391,1.385,119.0,,0.433212996389892,0.433212996389892,0.006000000000000005,
510550,2023-11-29,1.39,1.387,1.39,1.387,33.0,,0.21567217828899293,-0.28756290438533455,-0.0040000000000000036,
510550,2023-11-30,1.379,1.382,1.384,1.377,516.0,,0.5046863734679088,-0.3604902667628057,-0.0050000000000001155,
510550,2023-12-01,1.381,1.382,1.382,1.377,489.0,,0.3617945007235813,0.0,0.0,
510550,2023-12-04,1.395,1.389,1.395,1.388,657.0,,0.5065123010130331,0.5065123010130331,0.007000000000000117,
510550,2023-12-05,1.378,1.365,1.378,1.365,408.0,,0.9359251259899136,-1.7278617710583168,-0.02400000000000002,
510550,2023-12-06,1.352,1.368,1.368,1.352,388.0,,1.172161172161173,0.2197802197802281,0.0030000000000001137,
510550,2023-12-07,1.359,1.369,1.369,1.359,2209.0,,0.7309941520467842,0.07309941520467031,0.0009999999999998899,
510550,2023-12-08,1.364,1.37,1.372,1.364,2665.0,,0.58436815193572,0.07304601899197312,0.001000000000000112,
510550,2023-12-11,1.357,1.377,1.383,1.357,356.0,,1.8978102189781039,0.5109489051094813,0.006999999999999895,
510550,2023-12-12,1.386,1.389,1.389,1.382,327.0,,0.5083514887436541,0.8714596949891076,0.01200000000000001,
510550,2023-12-13,1.385,1.374,1.385,1.374,149.0,,0.7919366450683872,-1.0799136069114401,-0.014999999999999902,
510550,2023-12-14,1.382,1.366,1.382,1.366,1304.0,,1.1644832605531144,-0.5822416302765653,-0.008000000000000007,
510550,2023-12-15,1.37,1.36,1.37,1.36,575.0,,0.7320644216691075,-0.4392386530014645,-0.006000000000000005,
510550,2023-12-18,1.36,1.341,1.36,1.341,489.0,,1.397058823529421,-1.397058823529421,-0.019000000000000128,
510550,2023-12-19,1.34,1.338,1.341,1.338,886.0,,0.22371364653243042,-0.22371364653243042,-0.0029999999999998916,
510550,2023-12-20,1.34,1.332,1.34,1.329,111.0,,0.8221225710015037,-0.44843049327354295,-0.006000000000000005,
510550,2023-12-21,1.319,1.342,1.343,1.319,172.0,,1.8018018018018032,0.7507507507507514,0.010000000000000009,
510550,2023-12-22,1.323,1.325,1.337,1.322,530.0,,1.1177347242920939,-1.266766020864391,-0.017000000000000126,
510550,2023-12-25,1.324,1.316,1.326,1.316,290.0,,0.7547169811320762,-0.6792452830188602,-0.008999999999999897,
510550,2023-12-26,1.316,1.314,1.316,1.304,74.0,,0.9118541033434658,-0.15197568389057764,-0.0020000000000000018,
510550,2023-12-27,1.314,1.315,1.32,1.306,684.0,,1.0654490106544912,0.07610350076102662,0.0009999999999998899,
510550,2023-12-28,1.328,1.341,1.341,1.328,424.0,,0.9885931558935286,1.977186311787074,0.026000000000000023,
510550,2023-12-29,1.348,1.348,1.348,1.343,622.0,,0.3728560775540728,0.5219985085756985,0.007000000000000117,
510550,2024-01-02,1.347,1.348,1.354,1.347,255.0,,0.5192878338279018,0.0,0.0,
510550,2024-01-03,1.348,1.347,1.348,1.346,1142.0,,0.14836795252225532,-0.07418397626113589,-0.001000000000000112,
510550,2024-01-04,1.347,1.332,1.347,1.331,441.0,,1.1878247958426145,-1.1135857461024425,-0.014999999999999902,
510550,2024-01-05,1.341,1.316,1.341,1.316,1496.0,,1.87687687687687,-1.2012012012012023,-0.016000000000000014,
510550,2024-01-08,1.31,1.292,1.31,1.292,1816.0,,1.3677811550151988,-1.8237082066869317,-0.02400000000000002,
510550,2024-01-09,1.302,1.296,1.302,1.292,257.0,,0.7739938080495363,0.30959752321981454,0.0040000000000000036,
510550,2024-01-10,1.284,1.29,1.296,1.276,369.0,,1.5432098765432112,-0.46296296296296335,-0.006000000000000005,
510550,2024-01-11,1.288,1.302,1.302,1.286,598.0,,1.240310077519381,0.9302325581395358,0.01200000000000001,
510550,2024-01-12,1.303,1.296,1.311,1.296,1954.0,,1.1520737327188864,-0.46082949308755805,-0.006000000000000005,
510550,2024-01-15,1.293,1.296,1.305,1.293,1144.0,,0.9259259259259267,0.0,0.0,
510550,2024-01-16,1.3,1.284,1.3,1.28,1702.0,,1.5432098765432112,-0.9259259259259267,-0.01200000000000001,
510550,2024-01-17,1.291,1.29,1.291,1.268,1687.0,,1.7912772585669712,0.4672897196261686,0.006000000000000005,
510550,2024-01-18,1.279,1.266,1.279,1.23,1968.0,,3.798449612403095,-1.8604651162790715,-0.02400000000000002,
510550,2024-01-19,1.266,1.254,1.268,1.254,959.0,,1.1058451816745665,-0.9478672985781998,-0.01200000000000001,
510550,2024-01-22,1.263,1.188,1.263,1.188,1869.0,,5.9808612440191355,-5.263157894736847,-0.06600000000000006,
510550,2024-01-23,1.187,1.211,1.215,1.178,1756.0,,3.1144781144781266,1.9360269360269473,0.02300000000000013,
510550,2024-01-24,1.211,1.233,1.233,1.19,497.0,,3.5507844756399796,1.8166804293971939,0.02200000000000002,
510550,2024-01-25,1.226,1.264,1.264,1.226,1242.0,,3.081914030819143,2.5141930251419233,0.030999999999999917,
510550,2024-01-26,1.268,1.252,1.274,1.252,624.0,,1.7405063291139258,-0.9493670886075958,-0.01200000000000001,
510550,2024-01-29,1.263,1.236,1.263,1.235,1008.0,,2.236421725239601,-1.2779552715654963,-0.016000000000000014,
510550,2024-01-30,1.235,1.209,1.235,1.209,623.0,,2.1035598705501637,-2.184466019417469,-0.026999999999999913,
510550,2024-01-31,1.206,1.175,1.208,1.175,3163.0,,2.7295285359801422,-2.8122415219189434,-0.03400000000000003,
510550,2024-02-01,1.175,1.172,1.189,1.16,2939.0,,2.4680851063829903,-0.25531914893617985,-0.0030000000000001137,
510550,2024-02-02,1.177,1.142,1.183,1.114,10478.0,,5.8873720136518735,-2.5597269624573404,-0.030000000000000027,
510550,2024-02-05,1.131,1.121,1.146,1.076,17438.0,,6.129597197898411,-1.8388791593695193,-0.020999999999999908,
510550,2024-02-06,1.12,1.209,1.233,1.099,27859.0,,11.953612845673517,7.8501338090990265,0.08800000000000008,
510550,2024-02-07,1.201,1.319,1.328,1.198,38436.0,,10.752688172043019,9.098428453267152,0.10999999999999988,
510550,2024-02-08,1.398,1.283,1.4,1.281,34392.0,,9.021986353297953,-2.729340409401064,-0.03600000000000003,
510550,2024-02-19,1.283,1.285,1.296,1.175,19343.0,,9.431021044427123,0.15588464536243196,0.0020000000000000018,
510550,2024-02-20,1.273,1.28,1.282,1.261,9402.0,,1.634241245136197,-0.3891050583657505,-0.004999999999999893,
510550,2024-02-21,1.274,1.279,1.309,1.268,8111.0,,3.2031249999999942,-0.07812500000000874,-0.001000000000000112,
510550,2024-02-22,1.286,1.294,1.299,1.279,13638.0,,1.5637216575449586,1.1727912431587275,0.015000000000000124,
510550,2024-02-23,1.286,1.294,1.294,1.274,10779.0,,1.5455950540958283,0.0,0.0,
510550,2024-02-26,1.294,1.296,1.305,1.289,1844.0,,1.2364760432766626,0.15455950540958283,0.0020000000000000018,
510550,2024-02-27,1.284,1.315,1.315,1.284,1620.0,,2.391975308641969,1.466049382716042,0.018999999999999906,
510550,2024-02-28,1.321,1.302,1.335,1.298,7502.0,,2.813688212927751,-0.9885931558935286,-0.0129999999999999,
510550,2024-02-29,1.302,1.324,1.324,1.297,6963.0,,2.0737327188940196,1.689708141321046,0.02200000000000002,
510550,2024-03-01,1.324,1.339,1.339,1.324,1834.0,,1.1329305135951588,1.1329305135951588,0.014999999999999902,
510550,2024-03-04,1.326,1.34,1.352,1.326,5903.0,,1.9417475728155358,0.07468259895445198,0.001000000000000112,
510550,2024-03-05,1.341,1.327,1.341,1.327,9860.0,,1.0447761194029859,-0.9701492537313524,-0.013000000000000123,
510550,2024-03-06,1.331,1.331,1.336,1.32,1458.0,,1.2057272042200462,0.30143180105501155,0.0040000000000000036,
510550,2024-03-07,1.331,1.317,1.334,1.312,571.0,,1.6528925619834725,-1.0518407212622098,-0.014000000000000012,
510550,2024-03-08,1.316,1.333,1.334,1.316,2432.0,,1.3667425968109352,1.2148823082763869,0.016000000000000014,
510550,2024-03-11,1.346,1.354,1.354,1.331,5147.0,,1.7254313578394698,1.575393848462125,0.02100000000000013,
510550,2024-03-12,1.354,1.351,1.36,1.34,17938.0,,1.4771048744460868,-0.22156573116692124,-0.0030000000000001137,
510550,2024-03-13,1.348,1.349,1.355,1.341,2134.0,,1.0362694300518145,-0.14803849000740205,-0.0020000000000000018,
510550,2024-03-14,1.352,1.343,1.354,1.339,939.0,,1.1119347664937083,-0.44477390659748,-0.006000000000000005,
510550,2024-03-15,1.337,1.353,1.353,1.333,1519.0,,1.489203276247209,0.7446016381236045,0.010000000000000009,
510550,2024-03-18,1.351,1.37,1.38,1.351,2366.0,,2.1433850702143324,1.256467110125656,0.017000000000000126,
510550,2024-03-19,1.372,1.362,1.373,1.362,4147.0,,0.8029197080291897,-0.5839416058394166,-0.008000000000000007,
510550,2024-03-20,1.357,1.366,1.367,1.355,2071.0,,0.8810572687224677,0.29368575624082255,0.0040000000000000036,
510550,2024-03-21,1.371,1.363,1.371,1.36,50.0,,0.8052708638360101,-0.21961932650074034,-0.0030000000000001137,
510550,2024-03-22,1.353,1.346,1.367,1.331,29725.0,,2.641232575201763,-1.2472487160674912,-0.016999999999999904,
510550,2024-03-25,1.333,1.32,1.341,1.32,1741.0,,1.560178306092118,-1.931649331352156,-0.026000000000000023,
510550,2024-03-26,1.32,1.317,1.32,1.308,1966.0,,0.90909090909091,-0.2272727272727359,-0.0030000000000001137,
510550,2024-03-27,1.304,1.288,1.304,1.287,296.0,,1.2908124525436695,-2.201974183750943,-0.028999999999999915,
510550,2024-03-28,1.288,1.298,1.313,1.288,641.0,,1.9409937888198687,0.776397515527951,0.010000000000000009,
510550,2024-03-29,1.31,1.314,1.314,1.301,299.0,,1.001540832049316,1.2326656394453015,0.016000000000000014,
510550,2024-04-01,1.324,1.342,1.342,1.324,746.0,,1.3698630136986312,2.1308980213089823,0.028000000000000025,
510550,2024-04-02,1.342,1.336,1.342,1.335,84.0,,0.5216095380029894,-0.4470938897168409,-0.006000000000000005,
510550,2024-04-03,1.334,1.336,1.34,1.334,1589.0,,0.44910179640718595,0.0,0.0,
510550,2024-04-08,1.337,1.32,1.339,1.32,189.0,,1.4221556886227473,-1.1976047904191627,-0.016000000000000014,
510550,2024-04-09,1.315,1.324,1.324,1.315,548.0,,0.6818181818181908,0.3030303030303033,0.0040000000000000036,
510550,2024-04-10,1.317,1.31,1.322,1.309,534.0,,0.9818731117824865,-1.0574018126888227,-0.014000000000000012,
510550,2024-04-11,1.31,1.32,1.333,1.31,429.0,,1.7557251908396878,0.7633587786259549,0.010000000000000009,
510550,2024-04-12,1.321,1.315,1.325,1.315,369.0,,0.7575757575757582,-0.3787878787878875,-0.0050000000000001155,
510550,2024-04-15,1.328,1.324,1.333,1.307,1976.0,,1.977186311787074,0.6844106463878418,0.009000000000000119,
510550,2024-04-16,1.328,1.283,1.328,1.283,5652.0,,3.39879154078551,-3.096676737160132,-0.04100000000000015,
510550,2024-04-17,1.295,1.324,1.324,1.295,2330.0,,2.260327357755272,3.1956352299298634,0.04100000000000015,
510550,2024-04-18,1.32,1.336,1.343,1.318,3427.0,,1.8882175226586035,0.9063444108761337,0.01200000000000001,
510550,2024-04-19,1.328,1.326,1.332,1.321,3831.0,,0.8233532934131825,-0.7485029940119766,-0.010000000000000009,
510550,2024-04-22,1.315,1.311,1.326,1.311,3401.0,,1.1312217194570229,-1.1312217194570229,-0.015000000000000124,
510550,2024-04-23,1.308,1.297,1.308,1.295,1663.0,,0.9916094584286899,-1.0678871090770414,-0.014000000000000012,
510550,2024-04-24,1.293,1.303,1.303,1.293,1625.0,,0.7710100231303014,0.46260601387818084,0.006000000000000005,
510550,2024-04-25,1.302,1.302,1.315,1.3,3339.0,,1.1511895625479587,-0.07674597083652264,-0.0009999999999998899,
510550,2024-04-26,1.289,1.336,1.336,1.289,1216.0,,3.6098310291858797,2.611367127496162,0.03400000000000003,
510550,2024-04-29,1.34,1.361,1.374,1.337,6496.0,,2.7694610778443223,1.8712574850299333,0.02499999999999991,
510550,2024-04-30,1.348,1.354,1.361,1.345,1655.0,,1.1756061719324038,-0.5143277002204185,-0.006999999999999895,
510550,2024-05-06,1.357,1.374,1.379,1.357,869.0,,1.6248153618906955,1.4771048744460868,0.020000000000000018,
510550,2024-05-07,1.372,1.374,1.378,1.368,9090.0,,0.7278020378456904,0.0,0.0,
510550,2024-05-08,1.367,1.357,1.367,1.355,14854.0,,0.8733624454148479,-1.2372634643377092,-0.017000000000000126,
510550,2024-05-09,1.358,1.375,1.383,1.358,12298.0,,1.8422991893883502,1.326455416359618,0.018000000000000016,
510550,2024-05-10,1.38,1.373,1.38,1.362,2394.0,,1.3090909090908942,-0.1454545454545456,-0.0020000000000000018,
510550,2024-05-13,1.362,1.365,1.373,1.36,2412.0,,0.9468317552804006,-0.5826656955571746,-0.008000000000000007,
510550,2024-05-14,1.361,1.365,1.374,1.361,272.0,,0.9523809523809613,0.0,0.0,
510550,2024-05-15,1.354,1.353,1.364,1.353,372.0,,0.8058608058608148,-0.87912087912088,-0.01200000000000001,
510550,2024-05-16,1.356,1.348,1.361,1.348,1355.0,,0.9608277900960754,-0.369549150036947,-0.004999999999999893,
510550,2024-05-17,1.35,1.376,1.377,1.348,1924.0,,2.151335311572694,2.077151335311558,0.027999999999999803,
510550,2024-05-20,1.376,1.375,1.379,1.366,875.0,,0.9447674418604579,-0.07267441860464316,-0.0009999999999998899,
510550,2024-05-21,1.366,1.358,1.368,1.358,2841.0,,0.7272727272727278,-1.2363636363636294,-0.016999999999999904,
510550,2024-05-22,1.358,1.359,1.364,1.358,1719.0,,0.44182621502209163,0.07363770250367377,0.0009999999999998899,
510550,2024-05-23,1.363,1.34,1.363,1.335,1204.0,,2.0603384841795456,-1.3980868285503978,-0.018999999999999906,
510550,2024-05-24,1.333,1.327,1.342,1.32,3905.0,,1.6417910447761208,-0.9701492537313524,-0.013000000000000123,
510550,2024-05-27,1.327,1.339,1.339,1.32,2077.0,,1.4318010550112967,0.9042954031650348,0.01200000000000001,
510550,2024-05-28,1.335,1.326,1.338,1.326,1491.0,,0.8961911874533243,-0.9708737864077597,-0.0129999999999999,
510550,2024-05-29,1.332,1.333,1.333,1.326,1878.0,,0.5279034690799317,0.5279034690799317,0.006999999999999895,
510550,2024-05-30,1.33,1.324,1.331,1.323,2193.0,,0.6001500375093779,-0.6751687921980418,-0.008999999999999897,
510550,2024-05-31,1.328,1.328,1.331,1.328,139.0,,0.22658610271902505,0.3021148036253779,0.0040000000000000036,
510550,2024-06-03,1.32,1.318,1.325,1.302,134.0,,1.7319277108433666,-0.7530120481927717,-0.010000000000000009,
510550,2024-06-04,1.331,1.336,1.344,1.309,488.0,,2.655538694992423,1.3657056145675277,0.018000000000000016,
510550,2024-06-05,1.344,1.329,1.344,1.318,1212.0,,1.9461077844311392,-0.523952095808392,-0.007000000000000117,
510550,2024-06-06,1.328,1.31,1.328,1.305,2465.0,,1.7306245297216052,-1.4296463506395716,-0.018999999999999906,
510550,2024-06-07,1.317,1.302,1.317,1.297,119.0,,1.5267175572519098,-0.6106870229007638,-0.008000000000000007,
510550,2024-06-11,1.301,1.307,1.307,1.293,1068.0,,1.0752688172043021,0.3840245775729565,0.004999999999999893,
510550,2024-06-12,1.301,1.313,1.329,1.301,929.0,,2.142310635042083,0.459066564651875,0.006000000000000005,
510550,2024-06-13,1.326,1.309,1.326,1.3,998.0,,1.980198019801982,-0.3046458492003049,-0.0040000000000000036,
510550,2024-06-14,1.322,1.312,1.322,1.296,6262.0,,1.9862490450725763,0.2291825821237673,0.0030000000000001137,
510550,2024-06-17,1.306,1.308,1.312,1.303,1893.0,,0.6859756097561066,-0.3048780487804881,-0.0040000000000000036,
510550,2024-06-18,1.311,1.309,1.316,1.308,680.0,,0.6116207951070342,0.07645259938837078,0.0009999999999998899,
510550,2024-06-19,1.31,1.302,1.31,1.299,805.0,,0.8403361344537909,-0.5347593582887621,-0.006999999999999895,
510550,2024-06-20,1.296,1.28,1.3,1.28,427.0,,1.5360983102918602,-1.689708141321046,-0.02200000000000002,
510550,2024-06-21,1.279,1.285,1.291,1.279,7552.0,,0.9375000000000009,0.3906249999999917,0.004999999999999893,
510550,2024-06-24,1.276,1.258,1.297,1.255,1890.0,,3.2684824902723766,-2.1011673151750907,-0.026999999999999913,
510550,2024-06-25,1.246,1.244,1.257,1.244,1537.0,,1.0333863275039668,-1.1128775834658198,-0.014000000000000012,
510550,2024-06-26,1.24,1.265,1.265,1.237,9352.0,,2.2508038585208845,1.6881028938906677,0.020999999999999908,
510550,2024-06-27,1.256,1.244,1.259,1.244,7849.0,,1.1857707509881346,-1.660079051383392,-0.020999999999999908,
510550,2024-06-28,1.245,1.251,1.268,1.245,310.0,,1.8488745980707322,0.5627009646302167,0.006999999999999895,
510550,2024-07-01,1.247,1.26,1.264,1.244,553.0,,1.5987210231814561,0.7194244604316643,0.009000000000000119,
510550,2024-07-02,1.256,1.245,1.257,1.245,5451.0,,0.9523809523809357,-1.1904761904761827,-0.014999999999999902,
510550,2024-07-03,1.243,1.237,1.257,1.236,24126.0,,1.6867469879517996,-0.6425702811244985,-0.008000000000000007,
510550,2024-07-04,1.238,1.224,1.246,1.224,148.0,,1.7784963621665335,-1.0509296685529605,-0.013000000000000123,
510550,2024-07-05,1.222,1.226,1.226,1.212,705.0,,1.1437908496732037,0.16339869281045769,0.0020000000000000018,
510550,2024-07-08,1.219,1.209,1.221,1.207,708.0,,1.141924959216967,-1.3866231647634506,-0.016999999999999904,
510550,2024-07-09,1.212,1.225,1.233,1.202,1128.0,,2.5641025641025754,1.3234077750206792,0.016000000000000014,
510550,2024-07-10,1.231,1.22,1.234,1.22,1663.0,,1.1428571428571437,-0.40816326530613184,-0.0050000000000001155,
510550,2024-07-11,1.232,1.247,1.248,1.229,1063.0,,1.55737704918032,2.2131147540983718,0.027000000000000135,
510550,2024-07-12,1.241,1.243,1.246,1.241,698.0,,0.40096230954289436,-0.32076984763432265,-0.0040000000000000036,
510550,2024-07-15,1.243,1.237,1.243,1.231,683.0,,0.9654062751407892,-0.4827031375703946,-0.006000000000000005,
510550,2024-07-16,1.231,1.236,1.236,1.228,178.0,,0.6467259498787393,-0.0808407437348514,-0.001000000000000112,
510550,2024-07-17,1.233,1.231,1.233,1.225,653.0,,0.6472491909385119,-0.40453074433656094,-0.004999999999999893,
510550,2024-07-18,1.219,1.226,1.228,1.215,161.0,,1.0560519902518197,-0.40617384240455845,-0.0050000000000001155,
510550,2024-07-19,1.22,1.229,1.235,1.22,218.0,,1.2234910277324733,0.24469820554650193,0.0030000000000001137,
510550,2024-07-22,1.233,1.221,1.233,1.221,1275.0,,0.9764035801464612,-0.6509357200976409,-0.008000000000000007,
510550,2024-07-23,1.223,1.2,1.224,1.2,1647.0,,1.9656019656019672,-1.7199017199017304,-0.02100000000000013,
510550,2024-07-24,1.2,1.182,1.2,1.182,920.0,,1.5000000000000013,-1.5000000000000013,-0.018000000000000016,
510550,2024-07-25,1.181,1.181,1.185,1.172,1370.0,,1.099830795262278,-0.08460236886631894,-0.0009999999999998899,
510550,2024-07-26,1.189,1.193,1.198,1.189,550.0,,0.762066045723954,1.0160880609652845,0.01200000000000001,
510550,2024-07-29,1.194,1.194,1.196,1.194,85.0,,0.16764459346186097,0.08382229673092119,0.0009999999999998899,
510550,2024-07-30,1.183,1.189,1.189,1.178,600.0,,0.9212730318258058,-0.41876046901171643,-0.004999999999999893,
510550,2024-07-31,1.19,1.234,1.234,1.19,1983.0,,3.7005887300252347,3.7846930193439805,0.04499999999999993,
510550,2024-08-01,1.232,1.23,1.245,1.228,2041.0,,1.3776337115073036,-0.32414910858995166,-0.0040000000000000036,
510550,2024-08-02,1.22,1.213,1.225,1.213,1316.0,,0.9756097560975618,-1.3821138211382036,-0.016999999999999904,
510550,2024-08-05,1.217,1.192,1.224,1.19,3983.0,,2.8029678483099776,-1.7312448474855837,-0.02100000000000013,
510550,2024-08-06,1.192,1.2,1.203,1.19,534.0,,1.090604026845648,0.671140939597316,0.008000000000000007,
510550,2024-08-07,1.212,1.206,1.212,1.203,105.0,,0.7499999999999915,0.5000000000000004,0.006000000000000005,
510550,2024-08-08,1.194,1.201,1.205,1.194,34.0,,0.9121061359867431,-0.4145936981757789,-0.004999999999999893,
510550,2024-08-09,1.213,1.196,1.213,1.196,364.0,,1.4154870940882702,-0.41631973355538016,-0.0050000000000001155,
510550,2024-08-12,1.194,1.195,1.197,1.19,327.0,,0.5852842809364647,-0.08361204013377006,-0.0009999999999998899,
510550,2024-08-13,1.195,1.192,1.195,1.19,138.0,,0.4184100418410139,-0.251046025104612,-0.0030000000000001137,
510550,2024-08-14,1.192,1.186,1.192,1.186,101.0,,0.5033557046979871,-0.5033557046979871,-0.006000000000000005,
510550,2024-08-15,1.184,1.192,1.197,1.183,2128.0,,1.1804384485666115,0.5059021922428335,0.006000000000000005,
510550,2024-08-16,1.186,1.184,1.193,1.184,3994.0,,0.7550335570469899,-0.671140939597316,-0.008000000000000007,
510550,2024-08-19,1.186,1.182,1.195,1.181,18411.0,,1.1824324324324336,-0.16891891891891908,-0.0020000000000000018,
510550,2024-08-20,1.176,1.163,1.176,1.161,10068.0,,1.2690355329949157,-1.6074450084602292,-0.018999999999999906,
510550,2024-08-21,1.162,1.16,1.169,1.16,477.0,,0.773860705073097,-0.2579535683577054,-0.0030000000000001137,
510550,2024-08-22,1.16,1.149,1.16,1.145,5346.0,,1.2931034482758537,-0.9482758620689569,-0.010999999999999899,
510550,2024-08-23,1.145,1.15,1.151,1.138,1981.0,,1.1314186248912204,0.08703220191469886,0.0009999999999998899,
510550,2024-08-26,1.15,1.148,1.152,1.146,3679.0,,0.521739130434783,-0.17391304347826103,-0.0020000000000000018,
510550,2024-08-27,1.14,1.139,1.141,1.136,2273.0,,0.4355400696864213,-0.7839721254355312,-0.008999999999999897,
510550,2024-08-28,1.14,1.139,1.145,1.133,1172.0,,1.0535557506584734,0.0,0.0,
510550,2024-08-29,1.135,1.154,1.157,1.135,8669.0,,1.931518876207201,1.3169446883230818,0.014999999999999902,
510550,2024-08-30,1.153,1.175,1.268,1.153,13761.0,,9.965337954939342,1.8197573656845867,0.02100000000000013,
510550,2024-09-02,1.175,1.147,1.186,1.147,10866.0,,3.319148936170206,-2.3829787234042574,-0.028000000000000025,
510550,2024-09-03,1.147,1.164,1.165,1.147,4103.0,,1.569311246730603,1.4821272885788932,0.016999999999999904,
510550,2024-09-04,1.155,1.16,1.166,1.155,4873.0,,0.9450171821305756,-0.34364261168384913,-0.0040000000000000036,
510550,2024-09-05,1.162,1.159,1.17,1.159,3178.0,,0.9482758620689569,-0.08620689655171465,-0.0009999999999998899,
510550,2024-09-06,1.162,1.146,1.166,1.146,4323.0,,1.7256255392579825,-1.1216566005176982,-0.013000000000000123,
510550,2024-09-09,1.144,1.136,1.149,1.136,5560.0,,1.1343804537521924,-0.8726003490401405,-0.010000000000000009,
510550,2024-09-10,1.136,1.138,1.145,1.122,9947.0,,2.024647887323936,0.1760563380281692,0.0020000000000000018,
510550,2024-09-11,1.137,1.142,1.142,1.128,1680.0,,1.2302284710017586,0.35149384885764534,0.0040000000000000036,
510550,2024-09-12,1.15,1.142,1.153,1.142,2401.0,,0.96322241681262,0.0,0.0,
510550,2024-09-13,1.136,1.136,1.138,1.133,5000.0,,0.4378283712784496,-0.5253940455341511,-0.006000000000000005,
510550,2024-09-18,1.126,1.133,1.133,1.12,4389.0,,1.1443661971830899,-0.264084507042244,-0.0029999999999998916,
510550,2024-09-19,1.144,1.145,1.153,1.125,9803.0,,2.471315092674318,1.059135039717565,0.01200000000000001,
510550,2024-09-20,1.144,1.135,1.144,1.133,4046.0,,0.9606986899563231,-0.873362445414848,-0.010000000000000009,
510550,2024-09-23,1.135,1.142,1.153,1.135,1443.0,,1.585903083700442,0.6167400881057176,0.006999999999999895,
510550,2024-09-24,1.153,1.189,1.189,1.142,13364.0,,4.115586690017527,4.115586690017527,0.04700000000000015,
510550,2024-09-25,1.2,1.199,1.307,1.198,9368.0,,9.16736753574432,0.8410428931875533,0.010000000000000009,
510550,2024-09-26,1.189,1.245,1.3,1.189,14287.0,,9.257714762301916,3.836530442035033,0.04600000000000004,
510550,2024-09-27,1.245,1.359,1.359,1.245,10630.0,,9.156626506024086,9.156626506024086,0.11399999999999988,
510550,2024-09-30,1.495,1.495,1.495,1.37,70969.0,,9.197939661515822,10.007358351729222,0.13600000000000012,
510550,2024-10-08,1.645,1.576,1.645,1.545,80298.0,,6.6889632107023465,5.418060200668894,0.08099999999999996,
510550,2024-10-09,1.497,1.45,1.523,1.418,50647.0,,6.662436548223349,-7.994923857868027,-0.1260000000000001,
510550,2024-10-10,1.449,1.45,1.484,1.415,28155.0,,4.758620689655169,0.0,0.0,
510550,2024-10-11,1.452,1.401,1.452,1.374,24848.0,,5.379310344827576,-3.379310344827582,-0.04899999999999993,
510550,2024-10-14,1.412,1.409,1.415,1.37,19524.0,,3.2119914346895024,0.5710206995003574,0.008000000000000007,
510550,2024-10-15,1.408,1.379,1.423,1.379,6766.0,,3.1227821149751622,-2.1291696238467015,-0.030000000000000027,
510550,2024-10-16,1.35,1.38,1.392,1.35,7329.0,,3.0456852791878037,0.07251631617113052,0.0009999999999998899,
510550,2024-10-17,1.39,1.365,1.393,1.365,4492.0,,2.0289855072463787,-1.0869565217391235,-0.014999999999999902,
510550,2024-10-18,1.365,1.39,1.443,1.363,21297.0,,5.860805860805867,1.831501831501825,0.02499999999999991,
510550,2024-10-21,1.403,1.436,1.452,1.403,39462.0,,3.5251798561151038,3.309352517985615,0.04600000000000004,
510550,2024-10-22,1.434,1.438,1.451,1.422,8749.0,,2.0194986072423498,0.1392757660167132,0.0020000000000000018,
510550,2024-10-23,1.425,1.454,1.47,1.425,5428.0,,3.129346314325447,1.1126564673157173,0.016000000000000014,
510550,2024-10-24,1.442,1.441,1.45,1.433,13599.0,,1.1691884456671187,-0.894085281980736,-0.0129999999999999,
510550,2024-10-25,1.448,1.458,1.47,1.427,14124.0,,2.9840388619014524,1.1797362942401044,0.016999999999999904,
510550,2024-10-28,1.461,1.479,1.479,1.458,10665.0,,1.4403292181070049,1.4403292181070049,0.02100000000000013,
510550,2024-10-29,1.481,1.466,1.486,1.46,9300.0,,1.7579445571331995,-0.8789722785666074,-0.013000000000000123,
510550,2024-10-30,1.464,1.456,1.476,1.453,11417.0,,1.5688949522510172,-0.6821282401091412,-0.010000000000000009,
510550,2024-10-31,1.47,1.483,1.492,1.463,23320.0,,1.991758241758236,1.8543956043956138,0.027000000000000135,
510550,2024-11-01,1.469,1.468,1.49,1.461,12405.0,,1.9554956169925766,-1.0114632501685854,-0.015000000000000124,
510550,2024-11-04,1.471,1.48,1.497,1.471,11381.0,,1.7711171662125356,0.8174386920980934,0.01200000000000001,
510550,2024-11-05,1.482,1.534,1.537,1.482,32239.0,,3.7162162162162122,3.648648648648652,0.05400000000000005,
510550,2024-11-06,1.548,1.53,1.556,1.527,20532.0,,1.8904823989569841,-0.260756192959583,-0.0040000000000000036,
510550,2024-11-07,1.526,1.563,1.568,1.504,15290.0,,4.183006535947716,2.1568627450980338,0.03299999999999992,
510550,2024-11-08,1.563,1.561,1.595,1.558,27423.0,,2.3672424824056253,-0.12795905310300718,-0.0020000000000000018,
510550,2024-11-11,1.559,1.585,1.586,1.559,8454.0,,1.7296604740551016,1.5374759769378619,0.02400000000000002,
510550,2024-11-12,1.585,1.585,1.603,1.557,8848.0,,2.9022082018927473,0.0,0.0,
510550,2024-11-13,1.559,1.579,1.579,1.55,14478.0,,1.8296529968454205,-0.378548895899054,-0.006000000000000005,
510550,2024-11-14,1.565,1.521,1.565,1.521,11482.0,,2.7865737808739732,-3.673210892970238,-0.05800000000000005,
510550,2024-11-15,1.522,1.494,1.53,1.488,4399.0,,2.761341222879687,-1.7751479289940773,-0.026999999999999913,
510550,2024-11-18,1.5,1.469,1.508,1.458,9190.0,,3.3467202141900962,-1.673360107095041,-0.02499999999999991,
510550,2024-11-19,1.479,1.483,1.5,1.451,6592.0,,3.3356024506466935,0.9530292716133432,0.014000000000000012,
510550,2024-11-20,1.483,1.504,1.51,1.482,6471.0,,1.888064733648012,1.4160485502360016,0.020999999999999908,
510550,2024-11-21,1.493,1.504,1.51,1.493,3109.0,,1.130319148936164,0.0,0.0,
510550,2024-11-22,1.493,1.446,1.498,1.446,6600.0,,3.457446808510641,-3.8563829787234076,-0.05800000000000005,
510550,2024-11-25,1.448,1.443,1.454,1.425,2703.0,,2.005532503457809,-0.20746887966804228,-0.0029999999999998916,
510550,2024-11-26,1.443,1.428,1.45,1.428,5354.0,,1.5246015246015259,-1.039501039501048,-0.015000000000000124,
510550,2024-11-27,1.419,1.458,1.458,1.406,8009.0,,3.641456582633057,2.1008403361344556,0.030000000000000027,
510550,2024-11-28,1.45,1.443,1.46,1.443,4714.0,,1.1659807956104187,-1.0288065843621332,-0.014999999999999902,
510550,2024-11-29,1.431,1.459,1.477,1.431,4872.0,,3.1878031878031905,1.1088011088011096,0.016000000000000014,
510550,2024-12-02,1.47,1.481,1.493,1.47,2558.0,,1.576422206991099,1.5078821110349567,0.02200000000000002,
510550,2024-12-03,1.488,1.48,1.494,1.475,8019.0,,1.2829169480080962,-0.06752194463201296,-0.001000000000000112,
510550,2024-12-04,1.488,1.478,1.488,1.47,2938.0,,1.2162162162162173,-0.13513513513513525,-0.0020000000000000018,
510550,2024-12-05,1.464,1.476,1.483,1.464,633.0,,1.2855209742895892,-0.13531799729364016,-0.0020000000000000018,
510550,2024-12-06,1.48,1.5,1.505,1.479,11381.0,,1.7615176151761385,1.6260162601626031,0.02400000000000002,
510550,2024-12-09,1.5,1.488,1.505,1.483,8796.0,,1.466666666666653,-0.8000000000000007,-0.01200000000000001,
510550,2024-12-10,1.502,1.502,1.535,1.497,14047.0,,2.5537634408602026,0.9408602150537644,0.014000000000000012,
510550,2024-12-11,1.502,1.516,1.517,1.502,2329.0,,0.9986684420772239,0.9320905459387493,0.014000000000000012,
510550,2024-12-12,1.516,1.53,1.531,1.512,8966.0,,1.2532981530342946,0.9234828496042226,0.014000000000000012,
510550,2024-12-13,1.523,1.507,1.523,1.503,6315.0,,1.3071895424836613,-1.5032679738562176,-0.02300000000000013,
510550,2024-12-16,1.497,1.48,1.5,1.476,2221.0,,1.5925680159256816,-1.7916390179163844,-0.026999999999999913,
510550,2024-12-17,1.474,1.469,1.486,1.467,3199.0,,1.2837837837837773,-0.7432432432432364,-0.010999999999999899,
510550,2024-12-18,1.481,1.472,1.485,1.47,17703.0,,1.0211027910143038,0.2042205582028517,0.0029999999999998916,
510550,2024-12-19,1.463,1.475,1.483,1.459,3170.0,,1.630434782608697,0.20380434782609466,0.0030000000000001137,
510550,2024-12-20,1.482,1.478,1.49,1.476,2054.0,,0.9491525423728822,0.2033898305084672,0.0029999999999998916,
510550,2024-12-23,1.487,1.465,1.491,1.462,6310.0,,1.9621109607577902,-0.8795669824086536,-0.0129999999999999,
510550,2024-12-24,1.478,1.478,1.478,1.455,3042.0,,1.569965870307161,0.8873720136518702,0.0129999999999999,
510550,2024-12-25,1.48,1.46,1.486,1.458,4391.0,,1.8944519621109626,-1.2178619756427618,-0.018000000000000016,
510550,2024-12-26,1.462,1.476,1.478,1.462,3990.0,,1.0958904109589052,1.0958904109589052,0.016000000000000014,
510550,2024-12-27,1.476,1.486,1.497,1.476,7316.0,,1.4227642276422852,0.6775067750677514,0.010000000000000009,
510550,2024-12-30,1.473,1.48,1.488,1.473,4148.0,,1.0094212651413126,-0.4037685060565279,-0.006000000000000005,
510550,2024-12-31,1.473,1.44,1.474,1.437,16733.0,,2.4999999999999947,-2.7027027027027053,-0.040000000000000036,
510550,2025-01-02,1.43,1.382,1.449,1.381,6660.0,,4.722222222222226,-4.027777777777781,-0.05800000000000005,
510550,2025-01-03,1.395,1.364,1.399,1.364,4251.0,,2.532561505065117,-1.3024602026049057,-0.017999999999999794,
510550,2025-01-06,1.361,1.366,1.388,1.355,5349.0,,2.4193548387096713,0.1466275659824048,0.0020000000000000018,
510550,2025-01-07,1.37,1.375,1.376,1.356,4463.0,,1.4641288433381987,0.6588579795021886,0.008999999999999897,
510550,2025-01-08,1.371,1.368,1.381,1.343,14861.0,,2.763636363636366,-0.5090909090909015,-0.006999999999999895,
510550,2025-01-09,1.368,1.377,1.379,1.365,11571.0,,1.023391812865498,0.6578947368420976,0.008999999999999897,
510550,2025-01-10,1.365,1.352,1.376,1.347,5613.0,,2.1060275962236688,-1.8155410312272993,-0.02499999999999991,
510550,2025-01-13,1.338,1.35,1.356,1.338,3804.0,,1.3313609467455632,-0.14792899408284035,-0.0020000000000000018,
510550,2025-01-14,1.356,1.397,1.433,1.354,24334.0,,5.8518518518518485,3.4814814814814765,0.04699999999999993,
510550,2025-01-15,1.388,1.385,1.4,1.384,17404.0,,1.145311381531855,-0.8589835361488912,-0.01200000000000001,
510550,2025-01-16,1.395,1.387,1.414,1.38,3325.0,,2.4548736462093887,0.144404332129964,0.0020000000000000018,
510550,2025-01-17,1.387,1.404,1.414,1.387,4428.0,,1.9466474405190997,1.2256669069935042,0.016999999999999904,
510550,2025-01-20,1.406,1.411,1.42,1.404,15168.0,,1.1396011396011407,0.498575498575507,0.007000000000000117,
510550,2025-01-21,1.412,1.415,1.417,1.401,6284.0,,1.1339475549255855,0.2834868887313964,0.0040000000000000036,
510550,2025-01-22,1.401,1.403,1.406,1.4,7414.0,,0.42402826855123715,-0.8480565371024743,-0.01200000000000001,
510550,2025-01-23,1.417,1.402,1.433,1.4,1795.0,,2.352102637205997,-0.07127583749109849,-0.001000000000000112,
510550,2025-01-24,1.404,1.414,1.42,1.402,5977.0,,1.283880171184024,0.8559201141226828,0.01200000000000001,
510550,2025-01-27,1.413,1.403,1.423,1.403,7355.0,,1.4144271570014157,-0.7779349363507708,-0.010999999999999899,
510550,2025-02-05,1.408,1.409,1.411,1.403,4377.0,,0.5702066999287246,0.4276550249465435,0.006000000000000005,
510550,2025-02-06,1.416,1.446,1.448,1.409,15656.0,,2.767920511000704,2.625975869410924,0.03699999999999992,
510550,2025-02-07,1.446,1.46,1.478,1.443,32866.0,,2.4204702627939088,0.9681881051175666,0.014000000000000012,
510550,2025-02-10,1.455,1.475,1.475,1.446,8363.0,,1.9863013698630232,1.0273972602739811,0.015000000000000124,
510550,2025-02-11,1.473,1.47,1.476,1.46,26289.0,,1.0847457627118653,-0.33898305084746544,-0.0050000000000001155,
510550,2025-02-12,1.473,1.479,1.488,1.468,28366.0,,1.360544217687076,0.6122448979591918,0.009000000000000119,
510550,2025-02-13,1.479,1.477,1.493,1.475,33415.0,,1.2170385395537535,-0.1352265043948615,-0.0020000000000000018,
510550,2025-02-14,1.483,1.49,1.491,1.474,14441.0,,1.1509817197021073,0.8801624915368924,0.0129999999999999,
510550,2025-02-17,1.479,1.491,1.499,1.478,1990.0,,1.409395973154371,0.06711409395973905,0.001000000000000112,
510550,2025-02-18,1.49,1.465,1.49,1.45,6454.0,,2.68276324614353,-1.7437961099932946,-0.026000000000000023,
510550,2025-02-19,1.466,1.488,1.488,1.464,6024.0,,1.6382252559726977,1.569965870307161,0.02299999999999991,
510550,2025-02-20,1.489,1.495,1.499,1.481,8140.0,,1.2096774193548396,0.47043010752688963,0.007000000000000117,
510550,2025-02-21,1.501,1.508,1.517,1.486,35266.0,,2.07357859531772,0.8695652173912976,0.0129999999999999,
510550,2025-02-24,1.52,1.515,1.52,1.495,46674.0,,1.657824933686997,0.46419098143235377,0.006999999999999895,
510550,2025-02-25,1.514,1.5,1.529,1.491,14136.0,,2.508250825082496,-0.9900990099009837,-0.014999999999999902,
510550,2025-02-26,1.5,1.508,1.515,1.499,4030.0,,1.0666666666666527,0.5333333333333339,0.008000000000000007,
510550,2025-02-27,1.514,1.506,1.514,1.49,923.0,,1.591511936339524,-0.13262599469496034,-0.0020000000000000018,
510550,2025-02-28,1.51,1.471,1.51,1.47,14134.0,,2.6560424966799494,-2.3240371845949483,-0.03499999999999992,
510550,2025-03-03,1.46,1.494,1.498,1.46,22779.0,,2.583276682528894,1.5635622025832705,0.02299999999999991,
510550,2025-03-04,1.466,1.483,1.494,1.463,21857.0,,2.074966532797853,-0.7362784471218138,-0.010999999999999899,
510550,2025-03-05,1.483,1.484,1.489,1.472,5053.0,,1.1463250168577293,0.06743088334456439,0.0009999999999998899,
510550,2025-03-06,1.498,1.508,1.516,1.49,15896.0,,1.7520215633423197,1.617250673854449,0.02400000000000002,
510550,2025-03-07,1.509,1.5,1.516,1.5,20437.0,,1.0610079575596827,-0.5305039787798413,-0.008000000000000007,
510550,2025-03-10,1.5,1.506,1.513,1.492,35524.0,,1.3999999999999937,0.40000000000000036,0.006000000000000005,
510550,2025-03-11,1.506,1.507,1.507,1.491,11634.0,,1.062416998671965,0.06640106241699135,0.0009999999999998899,
510550,2025-03-12,1.508,1.514,1.522,1.505,4397.0,,1.1280690112806986,0.4644990046449978,0.007000000000000117,
510550,2025-03-13,1.511,1.491,1.511,1.487,8357.0,,1.5852047556142537,-1.5191545574636665,-0.02299999999999991,
510550,2025-03-14,1.495,1.516,1.523,1.492,8504.0,,2.0791415157612283,1.6767270288396987,0.02499999999999991,
510550,2025-03-17,1.527,1.525,1.529,1.519,567.0,,0.6596306068601588,0.5936675461741356,0.008999999999999897,
510550,2025-03-18,1.525,1.524,1.537,1.524,5145.0,,0.8524590163934361,-0.06557377049179605,-0.0009999999999998899,
510550,2025-03-19,1.53,1.517,1.53,1.516,4624.0,,0.9186351706036754,-0.45931758530184497,-0.007000000000000117,
510550,2025-03-20,1.531,1.518,1.534,1.503,4635.0,,2.0435069215557116,0.06591957811470744,0.001000000000000112,
510550,2025-03-21,1.509,1.497,1.517,1.49,13515.0,,1.7786561264822076,-1.38339920948616,-0.020999999999999908,
510550,2025-03-24,1.494,1.488,1.494,1.473,924.0,,1.4028056112224387,-0.6012024048096272,-0.009000000000000119,
510550,2025-03-25,1.502,1.485,1.537,1.483,2299.0,,3.6290322580645045,-0.20161290322579917,-0.0029999999999998916,
510550,2025-03-26,1.472,1.488,1.492,1.472,416.0,,1.346801346801348,0.2020202020201947,0.0029999999999998916,
510550,2025-03-27,1.474,1.489,1.495,1.474,20378.0,,1.411290322580654,0.06720430107527633,0.001000000000000112,
510550,2025-03-28,1.48,1.484,1.491,1.474,475.0,,1.141705842847557,-0.33579583613163966,-0.0050000000000001155,
510550,2025-03-31,1.469,1.467,1.473,1.45,19142.0,,1.5498652291105208,-1.145552560646894,-0.016999999999999904,
510550,2025-04-01,1.46,1.471,1.481,1.46,832.0,,1.431492842535796,0.2726653033401502,0.0040000000000000036,
510550,2025-04-02,1.475,1.478,1.483,1.471,463.0,,0.815771583956493,0.4758667573079466,0.006999999999999895,
510550,2025-04-03,1.477,1.459,1.477,1.459,1488.0,,1.2178619756427618,-1.2855209742895741,-0.018999999999999906,
510550,2025-04-07,1.45,1.332,1.45,1.32,10770.0,,8.910212474297456,-8.70459218642906,-0.127,
510550,2025-04-08,1.332,1.33,1.345,1.319,4354.0,,1.9519519519519535,-0.1501501501501503,-0.0020000000000000018,
510550,2025-04-09,1.331,1.362,1.369,1.296,9775.0,,5.4887218045112744,2.406015037593987,0.03200000000000003,
510550,2025-04-10,1.375,1.389,1.405,1.362,7248.0,,3.1571218795888347,1.9823788546255443,0.026999999999999913,
510550,2025-04-11,1.399,1.392,1.408,1.377,4189.0,,2.231821454283651,0.2159827213822816,0.0029999999999998916,
510550,2025-04-14,1.405,1.413,1.418,1.404,2934.0,,1.0057471264367825,1.508620689655182,0.02100000000000013,
510550,2025-04-15,1.403,1.405,1.405,1.395,4289.0,,0.7077140835102625,-0.56617126680821,-0.008000000000000007,
510550,2025-04-16,1.394,1.387,1.395,1.378,3473.0,,1.2099644128113969,-1.2811387900355882,-0.018000000000000016,
510550,2025-04-17,1.374,1.395,1.405,1.374,2300.0,,2.235039653929338,0.5767844268204764,0.008000000000000007,
510550,2025-04-18,1.395,1.392,1.395,1.385,1998.0,,0.7168458781362014,-0.21505376344086838,-0.0030000000000001137,
510550,2025-04-21,1.388,1.41,1.41,1.388,1439.0,,1.580459770114944,1.2931034482758632,0.018000000000000016,
510550,2025-04-22,1.405,1.407,1.414,1.405,7005.0,,0.6382978723404183,-0.21276595744680082,-0.0029999999999998916,
510550,2025-04-23,1.42,1.408,1.421,1.408,3578.0,,0.9239516702203356,0.07107320540155578,0.0009999999999998899,
510550,2025-04-24,1.407,1.406,1.408,1.4,289.0,,0.5681818181818187,-0.14204545454545467,-0.0020000000000000018,
510550,2025-04-25,1.406,1.413,1.42,1.406,1174.0,,0.9957325746799441,0.49786628733997995,0.007000000000000117,
510550,2025-04-28,1.4,1.398,1.409,1.397,426.0,,0.8492569002123149,-1.0615711252654016,-0.015000000000000124,
510550,2025-04-29,1.4,1.406,1.406,1.4,402.0,,0.42918454935622363,0.5722460658082981,0.008000000000000007,
510550,2025-04-30,1.406,1.409,1.409,1.406,893.0,,0.21337126600285303,0.21337126600285303,0.0030000000000001137,
510550,2025-05-06,1.412,1.434,1.434,1.412,2066.0,,1.5613910574875811,1.7743080198722436,0.02499999999999991,
510550,2025-05-07,1.448,1.44,1.463,1.42,3939.0,,2.9986052998605404,0.4184100418410046,0.006000000000000005,
510550,2025-05-08,1.437,1.442,1.445,1.435,2025.0,,0.6944444444444451,0.13888888888888903,0.0020000000000000018,
510550,2025-05-09,1.438,1.435,1.44,1.43,1614.0,,0.6934812760055485,-0.48543689320387623,-0.006999999999999895,
510550,2025-05-12,1.421,1.449,1.45,1.421,3260.0,,2.020905923344942,0.9756097560975618,0.014000000000000012,
510550,2025-05-13,1.463,1.444,1.463,1.442,1289.0,,1.4492753623188495,-0.34506556245687475,-0.0050000000000001155,
510550,2025-05-14,1.44,1.447,1.459,1.437,4783.0,,1.5235457063711926,0.20775623268698848,0.0030000000000001137,
510550,2025-05-15,1.436,1.431,1.444,1.428,655.0,,1.1057360055286811,-1.1057360055286811,-0.016000000000000014,
510550,2025-05-16,1.432,1.434,1.434,1.428,1873.0,,0.4192872117400423,0.20964360587001338,0.0029999999999998916,
510550,2025-05-19,1.422,1.43,1.43,1.42,176.0,,0.6973500697350076,-0.278940027894003,-0.0040000000000000036,
510550,2025-05-20,1.416,1.438,1.442,1.416,1651.0,,1.81818181818182,0.5594405594405599,0.008000000000000007,
510550,2025-05-21,1.441,1.436,1.443,1.434,382.0,,0.6258692628650987,-0.13908205841446467,-0.0020000000000000018,
510550,2025-05-22,1.443,1.428,1.443,1.428,356.0,,1.0445682451253568,-0.5571030640668528,-0.008000000000000007,
510550,2025-05-23,1.433,1.416,1.441,1.416,605.0,,1.7507002801120541,-0.8403361344537823,-0.01200000000000001,
510550,2025-05-26,1.422,1.424,1.519,1.408,1036.0,,7.838983050847458,0.56497175141243,0.008000000000000007,
510550,2025-05-27,1.413,1.415,1.438,1.412,904.0,,1.8258426966292152,-0.6320224719101052,-0.008999999999999897,
510550,2025-05-28,1.428,1.417,1.428,1.409,337.0,,1.3427561837455764,0.1413427561837457,0.0020000000000000018,
510550,2025-05-29,1.43,1.435,1.435,1.428,236.0,,0.49400141143261234,1.2702893436838403,0.018000000000000016,
510550,2025-05-30,1.422,1.424,1.429,1.415,377.0,,0.9756097560975618,-0.766550522648092,-0.01100000000000012,
510550,2025-06-03,1.412,1.426,1.427,1.412,148.0,,1.0533707865168627,0.1404494382022473,0.0020000000000000018,
510550,2025-06-04,1.433,1.438,1.44,1.433,352.0,,0.4908835904628258,0.8415147265077147,0.01200000000000001,
510550,2025-06-05,1.435,1.445,1.448,1.435,4723.0,,0.9040333796940127,0.486787204450634,0.007000000000000117,
510550,2025-06-06,1.433,1.443,1.453,1.433,2613.0,,1.3840830449827002,-0.13840830449827002,-0.0020000000000000018,
510550,2025-06-09,1.445,1.46,1.462,1.442,2374.0,,1.3860013860013871,1.1781011781011714,0.016999999999999904,
510550,2025-06-10,1.461,1.449,1.466,1.436,2396.0,,2.054794520547947,-0.7534246575342397,-0.010999999999999899,
510550,2025-06-11,1.457,1.455,1.462,1.454,1239.0,,0.5521048999309873,0.4140786749482405,0.006000000000000005,
510550,2025-06-12,1.452,1.456,1.458,1.452,706.0,,0.4123711340206189,0.06872852233676219,0.0009999999999998899,
510550,2025-06-13,1.453,1.442,1.456,1.442,1567.0,,0.9615384615384625,-0.9615384615384625,-0.014000000000000012,
510550,2025-06-16,1.442,1.45,1.452,1.442,267.0,,0.6934812760055485,0.5547850208044388,0.008000000000000007,
510550,2025-06-17,1.447,1.444,1.453,1.444,308.0,,0.620689655172422,-0.41379310344827624,-0.006000000000000005,
510550,2025-06-18,1.444,1.449,1.45,1.436,1457.0,,0.9695290858725771,0.34626038781164237,0.0050000000000001155,
510550,2025-06-19,1.437,1.428,1.448,1.428,1267.0,,1.3802622498274684,-1.4492753623188495,-0.02100000000000013,
510550,2025-06-20,1.428,1.427,1.437,1.422,581.0,,1.0504201680672356,-0.07002801120447408,-0.0009999999999998899,
510550,2025-06-23,1.427,1.436,1.437,1.423,2570.0,,0.9810791871058173,0.6306937631394461,0.008999999999999897,
510550,2025-06-24,1.436,1.453,1.455,1.422,2261.0,,2.2980501392757757,1.18384401114207,0.017000000000000126,
510550,2025-06-25,1.439,1.479,1.48,1.439,4126.0,,2.821748107364069,1.7894012388162437,0.026000000000000023,
510550,2025-06-26,1.48,1.478,1.483,1.473,2403.0,,0.6761325219743075,-0.06761325219743826,-0.001000000000000112,
510550,2025-06-27,1.464,1.484,1.49,1.464,3737.0,,1.7591339648173225,0.4059539918809205,0.006000000000000005,
510550,2025-06-30,1.472,1.491,1.492,1.472,2254.0,,1.3477088948787075,0.47169811320755506,0.007000000000000117,
510550,2025-07-01,1.491,1.495,1.495,1.486,2151.0,,0.6036217303823017,0.26827632461435297,0.0040000000000000036,
510550,2025-07-02,1.495,1.485,1.495,1.483,754.0,,0.8026755852842815,-0.6688963210702347,-0.010000000000000009,
510550,2025-07-03,1.498,1.491,1.498,1.485,2728.0,,0.8754208754208687,0.40404040404040437,0.006000000000000005,
510550,2025-07-04,1.49,1.494,1.505,1.489,1772.0,,1.073105298457397,0.20120724346075733,0.0029999999999998916,
510550,2025-07-07,1.489,1.487,1.492,1.486,701.0,,0.40160642570281163,-0.4685408299866061,-0.006999999999999895,
510550,2025-07-08,1.491,1.506,1.509,1.491,3046.0,,1.2104909213180761,1.2777404169468665,0.018999999999999906,
510550,2025-07-09,1.507,1.506,1.511,1.5,1901.0,,0.7304116865869786,0.0,0.0,
510550,2025-07-10,1.518,1.507,1.518,1.5,1624.0,,1.195219123505977,0.06640106241699135,0.0009999999999998899,
510550,2025-07-11,1.512,1.519,1.527,1.511,7291.0,,1.0617120106171212,0.7962840079628408,0.01200000000000001,
510550,2025-07-14,1.504,1.525,1.531,1.411,932.0,,7.8999341672152665,0.39499670836076406,0.006000000000000005,
510550,2025-07-15,1.524,1.522,1.527,1.508,10514.0,,1.2459016393442561,-0.19672131147540273,-0.0029999999999998916,
510550,2025-07-16,1.514,1.518,1.53,1.514,881.0,,1.0512483574244424,-0.2628120893561106,-0.0040000000000000036,
510550,2025-07-17,1.523,1.536,1.536,1.522,2529.0,,0.9222661396574449,1.1857707509881432,0.018000000000000016,
510550,2025-07-18,1.543,1.539,1.543,1.535,1785.0,,0.5208333333333338,0.19531249999999292,0.0029999999999998916,
510550,2025-07-21,1.553,1.554,1.555,1.544,1170.0,,0.7147498375568485,0.9746588693957196,0.015000000000000124,
510550,2025-07-22,1.554,1.569,1.569,1.554,1242.0,,0.965250965250959,0.965250965250959,0.014999999999999902,
510550,2025-07-23,1.576,1.565,1.576,1.563,10379.0,,0.828553218610588,-0.2549394518801787,-0.0040000000000000036,
510550,2025-07-24,1.565,1.586,1.586,1.565,2002.0,,1.3418530351437783,1.3418530351437783,0.02100000000000013,
510550,2025-07-25,1.588,1.588,1.59,1.583,1598.0,,0.4413619167717602,0.1261034047919295,0.0020000000000000018,
510550,2025-07-28,1.603,1.594,1.603,1.584,1826.0,,1.1964735516372738,0.37783375314861495,0.006000000000000005,
510550,2025-07-29,1.596,1.602,1.602,1.585,4154.0,,1.0664993726474357,0.501882057716437,0.008000000000000007,
510550,2025-07-30,1.617,1.596,1.617,1.586,5178.0,,1.9350811485642894,-0.3745318352059928,-0.006000000000000005,
510550,2025-07-31,1.591,1.57,1.595,1.566,3608.0,,1.8170426065162855,-1.629072681704262,-0.026000000000000023,
510550,2025-08-01,1.582,1.573,1.582,1.56,1117.0,,1.4012738853503197,0.19108280254776377,0.0029999999999998916,
510550,2025-08-04,1.572,1.582,1.582,1.567,1800.0,,0.9535918626827797,0.5721551176096706,0.009000000000000119,
510550,2025-08-05,1.567,1.59,1.592,1.567,3851.0,,1.5802781289507037,0.5056890012642229,0.008000000000000007,
510550,2025-08-06,1.578,1.599,1.601,1.578,7744.0,,1.446540880503139,0.56603773584905,0.008999999999999897,
510550,2025-08-07,1.591,1.602,1.61,1.588,4261.0,,1.3758599124452795,0.18761726078799962,0.0030000000000001137,
510550,2025-08-08,1.588,1.594,1.601,1.588,3082.0,,0.811485642946311,-0.4993757802746571,-0.008000000000000007,
510550,2025-08-11,1.599,1.613,1.616,1.599,4453.0,,1.0664993726474357,1.191969887076531,0.018999999999999906,
510550,2025-08-12,1.628,1.615,1.628,1.606,2487.0,,1.3639181649100929,0.12399256044637331,0.0020000000000000018,
510550,2025-08-13,1.627,1.641,1.642,1.622,3608.0,,1.2383900928792444,1.6099071207430353,0.026000000000000023,
510550,2025-08-14,1.65,1.626,1.65,1.619,6302.0,,1.8890920170627614,-0.9140767824497334,-0.015000000000000124,
510550,2025-08-15,1.61,1.67,1.672,1.61,6553.0,,3.813038130381294,2.706027060270605,0.04400000000000004,
510550,2025-08-18,1.66,1.68,1.699,1.658,8637.0,,2.4550898203592904,0.5988023952095813,0.010000000000000009,
510550,2025-08-19,1.692,1.68,1.692,1.67,10476.0,,1.3095238095238109,0.0,0.0,
510550,2025-08-20,1.664,1.694,1.694,1.661,9088.0,,1.9642857142857093,0.8333333333333341,0.014000000000000012,
510550,2025-08-21,1.679,1.693,1.705,1.679,4144.0,,1.5348288075560816,-0.059031877213688896,-0.0009999999999998899,
510550,2025-08-22,1.697,1.724,1.759,1.695,28251.0,,3.780271707028933,1.831069108092139,0.030999999999999917,
510550,2025-08-25,1.725,1.755,1.77,1.713,8835.0,,3.3062645011600895,1.7981438515081156,0.030999999999999917,
510550,2025-08-26,1.755,1.753,1.765,1.728,5300.0,,2.1082621082621036,-0.11396011396011406,-0.0020000000000000018,
510550,2025-08-27,1.753,1.732,1.777,1.709,8821.0,,3.879064460924121,-1.197946377638329,-0.020999999999999908,
510550,2025-08-28,1.731,1.768,1.769,1.72,7347.0,,2.8290993071593498,2.0785219399538124,0.03600000000000003,
510550,2025-08-29,1.778,1.77,1.782,1.755,3158.0,,1.527149321266976,0.11312217194570146,0.0020000000000000018,
510550,2025-09-01,1.77,1.78,1.787,1.77,2683.0,,0.9604519774011244,0.56497175141243,0.010000000000000009,
510550,2025-09-02,1.782,1.759,1.788,1.744,4231.0,,2.4719101123595526,-1.1797752808988835,-0.02100000000000013,
510550,2025-09-03,1.759,1.735,1.759,1.714,5236.0,,2.558271745309831,-1.3644115974985673,-0.0239999999999998,
510550,2025-09-04,1.739,1.696,1.741,1.679,7830.0,,3.5734870317002914,-2.2478386167147058,-0.039000000000000146,
510550,2025-09-05,1.68,1.742,1.777,1.68,6888.0,,5.719339622641508,2.712264150943399,0.04600000000000004,
510550,2025-09-08,1.747,1.762,1.762,1.728,6328.0,,1.9517795637198638,1.148105625717567,0.020000000000000018,
510550,2025-09-09,1.75,1.748,1.765,1.737,3264.0,,1.5891032917139503,-0.7945516458569813,-0.014000000000000012,
510550,2025-09-10,1.754,1.746,1.758,1.738,1240.0,,1.1441647597254014,-0.11441647597254015,-0.0020000000000000018,
510550,2025-09-11,1.737,1.798,1.798,1.737,9447.0,,3.4936998854524592,2.9782359679266923,0.052000000000000046,
510550,2025-09-12,1.795,1.796,1.807,1.783,3772.0,,1.3348164627363748,-0.11123470522803124,-0.0020000000000000018,
510550,2025-09-15,1.812,1.797,1.812,1.795,3876.0,,0.9465478841870894,0.055679287305116364,0.0009999999999998899,
510550,2025-09-16,1.797,1.808,1.813,1.78,4490.0,,1.8363939899833008,0.6121313299944419,0.01100000000000012,
510550,2025-09-17,1.806,1.823,1.83,1.802,2922.0,,1.5486725663716827,0.8296460176991096,0.014999999999999902,
510550,2025-09-18,1.824,1.814,1.858,1.799,9953.0,,3.236423477783882,-0.49369171695007663,-0.008999999999999897,
510550,2025-09-19,1.817,1.81,1.823,1.8,2381.0,,1.2679162072767314,-0.22050716648291088,-0.0040000000000000036,
510550,2025-09-22,1.81,1.821,1.821,1.804,8692.0,,0.9392265193370112,0.6077348066298286,0.010999999999999899,
510550,2025-09-23,1.822,1.797,1.822,1.779,5640.0,,2.3613399231191736,-1.3179571663920935,-0.02400000000000002,
510550,2025-09-24,1.813,1.844,1.845,1.8,9562.0,,2.5041736227045037,2.6154702281580495,0.04700000000000015,
510550,2025-09-25,1.844,1.836,1.859,1.836,1474.0,,1.247288503253791,-0.43383947939262507,-0.008000000000000007,
510550,2025-09-26,1.834,1.826,1.853,1.823,9300.0,,1.6339869281045767,-0.5446623093681922,-0.010000000000000009,
510550,2025-09-29,1.828,1.851,1.857,1.814,5693.0,,2.3548740416210254,1.3691128148959426,0.02499999999999991,
510550,2025-09-30,1.851,1.863,1.87,1.851,12185.0,,1.0264721772015195,0.6482982171799033,0.01200000000000001,
510550,2025-10-09,1.87,1.907,1.981,1.87,56423.0,,5.958132045088567,2.3617820719270015,0.04400000000000004,
510550,2025-10-10,1.907,1.86,1.907,1.86,16846.0,,2.4646040901940185,-2.4646040901940185,-0.04699999999999993,
510550,2025-10-13,1.802,1.86,1.987,1.748,11152.0,,12.849462365591402,0.0,0.0,
510550,2025-10-14,1.86,1.818,1.877,1.808,25247.0,,3.709677419354836,-2.2580645161290342,-0.04200000000000004,
510550,2025-10-15,1.828,1.843,1.844,1.806,6289.0,,2.090209020902092,1.3751375137513702,0.02499999999999991,
510550,2025-10-16,1.837,1.825,1.849,1.818,3027.0,,1.6820401519262027,-0.9766684753119922,-0.018000000000000016,
510550,2025-10-17,1.826,1.776,1.843,1.773,3479.0,,3.835616438356168,-2.6849315068493116,-0.04899999999999993,
510550,2025-10-20,1.793,1.777,1.8,1.772,5316.0,,1.5765765765765778,0.056306306306300104,0.0009999999999998899,
510550,2025-10-21,1.788,1.826,1.826,1.788,5343.0,,2.1384355655599347,2.757456387169395,0.049000000000000155,
510550,2025-10-22,1.827,1.8,1.827,1.791,6067.0,,1.9715224534501659,-1.4238773274917866,-0.026000000000000023,
510550,2025-10-23,1.831,1.826,1.831,1.775,4979.0,,3.111111111111114,1.4444444444444458,0.026000000000000023,
510550,2025-10-24,1.803,1.828,1.831,1.803,9152.0,,1.5334063526834625,0.10952902519167587,0.0020000000000000018,
510550,2025-10-27,1.835,1.867,1.868,1.835,4464.0,,1.805251641137863,2.133479212253825,0.038999999999999924,
510550,2025-10-28,1.862,1.848,1.867,1.843,6501.0,,1.2854847348687746,-1.0176754151044405,-0.018999999999999906,
510550,2025-10-29,1.848,1.886,1.886,1.848,7722.0,,2.056277056277046,2.056277056277046,0.03799999999999981,
510550,2025-10-30,1.881,1.86,1.882,1.86,5078.0,,1.1664899257688122,-1.3785790031813256,-0.0259999999999998,
510550,2025-10-31,1.86,1.846,1.869,1.846,4597.0,,1.2365591397849414,-0.7526881720430114,-0.014000000000000012,
510550,2025-11-03,1.833,1.85,1.853,1.819,3325.0,,1.8418201516793082,0.21668472372697742,0.0040000000000000036,
510550,2025-11-04,1.85,1.821,1.851,1.81,4901.0,,2.216216216216212,-1.5675675675675749,-0.029000000000000137,
510550,2025-11-05,1.804,1.828,1.828,1.797,1500.0,,1.702361339923127,0.3844041735310334,0.007000000000000117,
510550,2025-11-06,1.83,1.854,1.855,1.829,6104.0,,1.4223194748358874,1.4223194748358874,0.026000000000000023,
510550,2025-11-07,1.836,1.852,1.859,1.836,3208.0,,1.2405609492988083,-0.10787486515641866,-0.0020000000000000018,
510550,2025-11-10,1.852,1.842,1.863,1.838,4178.0,,1.349892008639304,-0.539956803455724,-0.010000000000000009,
510550,2025-11-11,1.855,1.836,1.868,1.836,3242.0,,1.7372421281216084,-0.32573289902280156,-0.006000000000000005,
510550,2025-11-12,1.826,1.828,1.843,1.818,2271.0,,1.3616557734204744,-0.4357298474945538,-0.008000000000000007,
510550,2025-11-13,1.828,1.85,1.857,1.828,3959.0,,1.5864332603938682,1.2035010940919049,0.02200000000000002,
510550,2025-11-14,1.84,1.829,1.845,1.817,1005.0,,1.5135135135135147,-1.1351351351351422,-0.02100000000000013,
510550,2025-11-17,1.829,1.822,1.831,1.813,2333.0,,0.9841443411700391,-0.3827227993438981,-0.006999999999999895,
510550,2025-11-18,1.82,1.803,1.82,1.796,1275.0,,1.3172338090010989,-1.0428100987925426,-0.019000000000000128,
510550,2025-11-19,1.799,1.797,1.82,1.787,875.0,,1.8302828618968463,-0.3327787021630619,-0.006000000000000005,
510550,2025-11-20,1.801,1.786,1.806,1.781,1190.0,,1.3912075681691782,-0.6121313299944295,-0.010999999999999899,
510550,2025-11-21,1.769,1.731,1.786,1.723,18094.0,,3.5274356103023488,-3.0795072788353828,-0.05499999999999994,
510550,2025-11-24,1.732,1.736,1.755,1.72,11862.0,,2.0219526285384126,0.288850375505482,0.004999999999999893,
510550,2025-11-25,1.746,1.755,1.772,1.741,7384.0,,1.7857142857142807,1.094470046082944,0.018999999999999906,
510550,2025-11-26,1.755,1.762,1.773,1.755,1859.0,,1.0256410256410267,0.3988603988604056,0.007000000000000117,
510550,2025-11-27,1.745,1.751,1.783,1.745,2629.0,,2.156640181611794,-0.6242905788876345,-0.01100000000000012,
510550,2025-11-28,1.756,1.779,1.78,1.755,1978.0,,1.4277555682467238,1.5990862364363236,0.028000000000000025,
510550,2025-12-01,1.78,1.787,1.793,1.78,4919.0,,0.73074761101742,0.4496908375491854,0.008000000000000007,
510550,2025-12-02,1.783,1.774,1.786,1.771,6887.0,,0.8393956351427043,-0.7274762171236654,-0.0129999999999999,
510550,2025-12-03,1.779,1.77,1.781,1.765,1558.0,,0.9019165727170245,-0.22547914317925613,-0.0040000000000000036,
510550,2025-12-04,1.769,1.764,1.781,1.756,3221.0,,1.4124293785310684,-0.33898305084745795,-0.006000000000000005,
510550,2025-12-05,1.776,1.779,1.794,1.755,1762.0,,2.210884353741505,0.8503401360544163,0.014999999999999902,
510550,2025-12-08,1.796,1.81,1.814,1.796,2721.0,,1.011804384485667,1.7425519955030995,0.03100000000000014,
510550,2025-12-09,1.81,1.793,1.815,1.793,1983.0,,1.2154696132596696,-0.9392265193370235,-0.017000000000000126,
510550,2025-12-10,1.793,1.81,1.81,1.788,1806.0,,1.226993865030676,0.9481316229782557,0.017000000000000126,
510550,2025-12-11,1.811,1.79,1.811,1.79,246.0,,1.160220994475133,-1.1049723756906087,-0.020000000000000018,
510550,2025-12-12,1.784,1.807,1.816,1.782,1067.0,,1.8994413407821247,0.9497206703910561,0.016999999999999904,
510550,2025-12-15,1.798,1.806,1.816,1.798,188.0,,0.996126175982292,-0.05534034311012118,-0.0009999999999998899,
510550,2025-12-16,1.792,1.778,1.792,1.764,6071.0,,1.5503875968992262,-1.5503875968992262,-0.028000000000000025,
510550,2025-12-17,1.775,1.796,1.815,1.772,6462.0,,2.418447694038241,1.0123734533183362,0.018000000000000016,
510550,2025-12-18,1.806,1.801,1.818,1.801,3689.0,,0.9465478841870894,0.2783964365256065,0.004999999999999893,
510550,2025-12-19,1.799,1.821,1.835,1.799,4291.0,,1.9988895058300962,1.110494169905609,0.020000000000000018,
510550,2025-12-22,1.821,1.838,1.843,1.821,3122.0,,1.2081274025260857,0.9335529928610723,0.017000000000000126,
510550,2025-12-23,1.88,1.85,1.898,1.8,3242.0,,5.331882480957555,0.652883569096845,0.01200000000000001,
510550,2025-12-24,1.832,1.863,1.866,1.832,4083.0,,1.8378378378378395,0.7027027027026973,0.0129999999999999,
510550,2025-12-25,1.849,1.879,1.88,1.849,2270.0,,1.6639828234031089,0.8588298443370914,0.016000000000000014,
510550,2025-12-26,1.879,1.88,1.894,1.875,3277.0,,1.0111761575305962,0.053219797764762634,0.0009999999999998899,
510550,2025-12-29,1.893,1.887,1.897,1.875,5000.0,,1.170212765957448,0.37234042553192115,0.007000000000000117,
510550,2025-12-30,1.884,1.892,1.898,1.869,2939.0,,1.53683094859565,0.26497085320614167,0.004999999999999893,
510550,2025-12-31,1.883,1.893,1.9,1.883,2132.0,,0.898520084566591,0.0528541226215704,0.001000000000000112,
510550,2026-01-05,1.88,1.936,1.936,1.88,5097.0,,2.958267300581091,2.271526677231903,0.04299999999999993,
510550,2026-01-06,1.93,1.971,1.978,1.93,9259.0,,2.4793388429752086,1.807851239669429,0.03500000000000014,
510550,2026-01-07,1.975,1.984,2.002,1.975,10459.0,,1.3698630136986145,0.6595636732622984,0.0129999999999999,
510550,2026-01-08,1.984,2.0,2.011,1.98,7917.0,,1.5625000000000069,0.8064516129032264,0.016000000000000014,
510550,2026-01-09,2.0,2.044,2.125,2.0,15677.0,,6.25,2.200000000000002,0.04400000000000004,
510550,2026-01-12,2.048,2.093,2.112,2.044,10934.0,,3.3268101761252473,2.3972602739725994,0.04899999999999993,
510550,2026-01-13,2.075,2.06,2.099,2.053,9845.0,,2.1978021978022104,-1.5766841853798337,-0.03299999999999992,
510550,2026-01-14,2.06,2.085,2.15,2.06,17460.0,,4.368932038834945,1.2135922330097044,0.02499999999999991,
510550,2026-01-15,2.065,2.081,2.084,2.06,16020.0,,1.1510791366906485,-0.19184652278177475,-0.0040000000000000036,
510550,2026-01-16,2.071,2.086,2.102,2.071,13626.0,,1.4896684286400623,0.2402691013935557,0.004999999999999893,
510550,2026-01-19,2.102,2.099,2.106,2.067,4820.0,,1.869606903163936,0.6232023010546666,0.013000000000000345,
510550,2026-01-20,2.119,2.087,2.119,2.06,4669.0,,2.8108623153882877,-0.5717008099094811,-0.01200000000000001,
510550,2026-01-21,2.094,2.103,2.116,2.088,6301.0,,1.3416387158600873,0.7666506947771928,0.016000000000000014,
510550,2026-01-22,2.124,2.113,2.143,2.107,3290.0,,1.711840228245344,0.47551117451259084,0.009999999999999787,
510550,2026-01-23,2.134,2.18,2.18,2.134,7549.0,,2.176999526739246,3.170847136772369,0.06700000000000017,
510550,2026-01-26,2.187,2.167,2.26,2.158,11102.0,,4.678899082568801,-0.5963302752293735,-0.013000000000000345,
510550,2026-01-27,2.155,2.174,2.187,2.126,9896.0,,2.8149515459160104,0.3230272265805315,0.007000000000000117,
510550,2026-01-28,2.187,2.182,2.187,2.157,12700.0,,1.3799448022079026,0.3679852805887768,0.008000000000000007,
510550,2026-01-29,2.185,2.165,2.19,2.15,10744.0,,1.8331805682859779,-0.7791017415215356,-0.016999999999999904,
510550,2026-01-30,2.144,2.12,2.155,2.073,14909.0,,3.7875288683602704,-2.0785219399538075,-0.04499999999999993,
510550,2026-02-02,2.099,2.037,2.111,2.027,10893.0,,3.9622641509433993,-3.9150943396226503,-0.08300000000000018,
510550,2026-02-03,2.03,2.091,2.1,2.03,7519.0,,3.436426116838502,2.6509572901325615,0.05400000000000027,
510550,2026-02-04,2.081,2.091,2.102,2.072,5484.0,,1.4347202295552273,0.0,0.0,
510550,2026-02-05,2.082,2.061,2.085,2.05,5183.0,,1.6738402678144495,-1.4347202295552486,-0.03000000000000025,
510550,2026-02-06,2.056,2.062,2.09,2.036,3433.0,,2.620087336244533,0.04852013585637506,0.0009999999999998899,
510550,2026-02-09,2.095,2.109,2.109,2.08,9356.0,,1.4064015518913635,2.2793404461687756,0.04700000000000015,
510550,2026-02-10,2.091,2.109,2.115,2.091,4436.0,,1.1379800853485076,0.0,0.0,
510550,2026-02-11,2.108,2.109,2.12,2.085,3055.0,,1.6595542911332453,0.0,0.0,
510550,2026-02-12,2.09,2.136,2.138,2.09,2913.0,,2.275960170697015,1.2802275960170761,0.027000000000000135,
510550,2026-02-13,2.137,2.109,2.137,2.102,8825.0,,1.6385767790262236,-1.264044943820231,-0.027000000000000135,
510550,2026-02-24,2.125,2.128,2.14,2.11,5159.0,,1.422475106685645,0.900900900900907,0.019000000000000128,
510550,2026-02-25,2.128,2.161,2.166,2.128,3865.0,,1.785714285714277,1.550751879699244,0.03299999999999992,
510550,2026-02-26,2.161,2.171,2.173,2.146,4246.0,,1.249421564090705,0.4627487274409896,0.009999999999999787,
510550,2026-02-27,2.16,2.193,2.193,2.16,4102.0,,1.520036849378163,1.0133578995854557,0.02200000000000024,
510550,2026-03-02,2.189,2.185,2.203,2.17,3364.0,,1.5047879616963027,-0.3647970816233473,-0.008000000000000007,
510550,2026-03-03,2.2,2.099,2.206,2.097,11860.0,,4.9885583524027455,-3.9359267734553707,-0.08599999999999985,
510550,2026-03-04,2.095,2.099,2.151,2.079,22317.0,,3.430204859456866,0.0,0.0,
510550,2026-03-05,2.111,2.105,2.13,2.096,49257.0,,1.619818961410186,0.28585040495472996,0.005999999999999783,
510550,2026-03-06,2.084,2.116,2.128,2.083,4735.0,,2.1377672209026097,0.5225653206650889,0.01100000000000012,
510550,2026-03-09,2.094,2.101,2.102,2.042,12192.0,,2.8355387523629516,-0.708884688090743,-0.015000000000000124,
510550,2026-03-10,2.101,2.129,2.135,2.101,8954.0,,1.6182770109471591,1.332698714897669,0.028000000000000025,
510550,2026-03-11,2.13,2.13,2.149,2.118,15543.0,,1.4560826679192174,0.04697040864255002,0.0009999999999998899,
510550,2026-03-12,2.121,2.118,2.137,2.1,3492.0,,1.7370892018779307,-0.5633802816901414,-0.01200000000000001,
510550,2026-03-13,2.107,2.09,2.12,2.086,8493.0,,1.6052880075543083,-1.3220018885741278,-0.028000000000000025,
510550,2026-03-16,2.086,2.08,2.086,2.043,10299.0,,2.05741626794257,-0.47846889952152094,-0.009999999999999787,
510550,2026-03-17,2.08,2.03,2.094,2.03,4415.0,,3.0769230769230793,-2.4038461538461666,-0.050000000000000266,
510550,2026-03-18,2.048,2.053,2.054,2.016,2886.0,,1.871921182266001,1.133004926108381,0.02300000000000013,
510550,2026-03-19,2.023,1.999,2.041,1.993,10851.0,,2.3380418899171858,-2.6302971261568353,-0.053999999999999826,
510550,2026-03-20,1.997,1.97,2.017,1.967,10246.0,,2.501250625312647,-1.4507253626813474,-0.029000000000000137,
510550,2026-03-23,1.926,1.894,1.98,1.893,11454.0,,4.416243654822334,-3.857868020304572,-0.07600000000000007,
510550,2026-03-24,1.902,1.93,1.936,1.877,12000.0,,3.1151003167898597,1.9007391763463586,0.03600000000000003,
510550,2026-03-25,1.943,1.969,1.981,1.943,14538.0,,1.9689119170984475,2.020725388601044,0.039000000000000146,
510550,2026-03-26,1.974,1.941,1.979,1.93,10170.0,,2.48857287963434,-1.4220416455053337,-0.028000000000000025,
510550,2026-03-27,1.922,1.963,1.979,1.898,8368.0,,4.173106646058742,1.1334363730036072,0.02200000000000002,
510550,2026-03-30,1.952,1.969,1.98,1.929,5570.0,,2.5980641874681574,0.30565461029037216,0.006000000000000005,
510550,2026-03-31,1.95,1.932,1.975,1.932,3618.0,,2.183849669883197,-1.879126460132054,-0.037000000000000144,
510550,2026-04-01,1.957,1.97,2.004,1.95,3728.0,,2.7950310559006235,1.9668737060041426,0.038000000000000034,
510550,2026-04-02,1.971,1.93,1.971,1.919,4267.0,,2.639593908629444,-2.0304568527918803,-0.040000000000000036,
510550,2026-04-03,1.912,1.913,1.948,1.908,4128.0,,2.072538860103629,-0.8808290155440366,-0.016999999999999904,
510550,2026-04-07,1.915,1.915,1.935,1.91,2975.0,,1.3068478829064365,0.10454783063251445,0.0020000000000000018,
510550,2026-04-08,1.934,2.017,2.017,1.934,15953.0,,4.3342036553524785,5.3263707571801495,0.10199999999999987,
510550,2026-04-09,1.997,2.003,2.015,1.98,10325.0,,1.7352503718393724,-0.6941001487357358,-0.01399999999999979,
510550,2026-04-10,2.003,2.02,2.047,2.003,5729.0,,2.196704942586123,0.8487269096355419,0.016999999999999904,
510550,2026-04-13,2.012,2.023,2.028,2.0,3343.0,,1.3861386138613874,0.14851485148515414,0.0030000000000001137,
510550,2026-04-14,2.036,2.055,2.055,2.031,3065.0,,1.1863568956994572,1.581809194265943,0.03200000000000003,
510550,2026-04-15,2.04,2.038,2.078,2.033,5859.0,,2.1897810218978067,-0.8272506082725231,-0.017000000000000348,
510550,2026-04-16,2.041,2.078,2.078,2.033,4940.0,,2.2080471050049035,1.9627085377821412,0.040000000000000036,
510550,2026-04-17,2.078,2.085,2.085,2.058,4297.0,,1.2993262752646841,0.33686236766121835,0.007000000000000117,
510550,2026-04-20,2.105,2.108,2.108,2.072,4662.0,,1.726618705035973,1.10311750599521,0.02300000000000013,
510550,2026-04-21,2.107,2.096,2.107,2.076,3576.0,,1.4705882352941242,-0.5692599620493364,-0.01200000000000001,
510550,2026-04-22,2.076,2.115,2.122,2.076,3914.0,,2.1946564885496094,0.9064885496183266,0.019000000000000128,
510550,2026-04-23,2.125,2.108,2.136,2.081,5737.0,,2.600472813238778,-0.33096926713948543,-0.007000000000000117,
510550,2026-04-24,2.087,2.099,2.109,2.068,7686.0,,1.9449715370018938,-0.42694497153699695,-0.008999999999999897,
510550,2026-04-27,2.1,2.101,2.111,2.096,2575.0,,0.7146260123868567,0.09528346831823628,0.0019999999999997797,
510550,2026-04-28,2.101,2.085,2.101,2.071,2707.0,,1.4278914802474918,-0.761542122798668,-0.016000000000000014,
510550,2026-04-29,2.102,2.117,2.121,2.069,5858.0,,2.494004796163072,1.534772182254198,0.03200000000000003,
510550,2026-04-30,2.103,2.124,2.125,2.103,7663.0,,1.0392064241851582,0.330656589513468,0.007000000000000117,
510550,2026-05-06,2.118,2.185,2.19,2.118,14158.0,,3.3898305084745792,2.871939736346513,0.06099999999999994,
510550,2026-05-07,2.185,2.203,2.209,2.158,4097.0,,2.334096109839824,0.8237986270022788,0.017999999999999794,
510550,2026-05-08,2.203,2.206,2.209,2.185,4344.0,,1.0894235133908317,0.136177939173859,0.0030000000000001137,
510550,2026-05-11,2.223,2.25,2.256,2.217,14395.0,,1.767905711695363,1.994560290117862,0.04400000000000004,
510550,2026-05-12,2.25,2.236,2.25,2.216,6420.0,,1.5111111111111026,-0.6222222222222129,-0.01399999999999979,
510550,2026-05-13,2.228,2.265,2.265,2.21,6631.0,,2.4597495527728155,1.296958855098386,0.028999999999999915,
510550,2026-05-14,2.247,2.208,2.286,2.2,10623.0,,3.7969094922737243,-2.516556291390726,-0.05699999999999994,
510550,2026-05-15,2.208,2.176,2.23,2.155,7501.0,,3.3967391304347903,-1.449275362318842,-0.03200000000000003,
510550,2026-05-18,2.176,2.177,2.187,2.154,12374.0,,1.516544117647055,0.045955882352936114,0.0009999999999998899,
510550,2026-05-19,2.177,2.189,2.198,2.135,8798.0,,2.893890675241165,0.5512172714745067,0.01200000000000001,
510550,2026-05-20,2.168,2.199,2.205,2.168,17888.0,,1.6902695294655057,0.456829602558236,0.009999999999999787,
510550,2026-05-21,2.203,2.143,2.235,2.138,11889.0,,4.411095952705774,-2.5466120964074603,-0.05600000000000005,
510550,2026-05-22,2.127,2.185,2.187,2.127,7488.0,,2.799813345776951,1.959869342043876,0.04200000000000026,
510550,2026-05-25,2.185,2.215,2.217,2.168,8455.0,,2.2425629290617817,1.3729977116704717,0.029999999999999805,
510550,2026-05-26,2.193,2.202,2.235,2.168,6672.0,,3.0248306997742542,-0.5869074492099278,-0.0129999999999999,
510550,2026-05-27,2.2,2.175,2.222,2.159,7926.0,,2.8610354223433316,-1.226158038147145,-0.027000000000000135,
510550,2026-05-28,2.154,2.186,2.188,2.149,9938.0,,1.793103448275869,0.5057471264367872,0.01100000000000012,
510550,2026-05-29,2.17,2.132,2.188,2.12,8744.0,,3.1107044830741106,-2.470265324794137,-0.053999999999999826,
510550,2026-06-01,2.126,2.103,2.153,2.099,10490.0,,2.53283302063789,-1.3602251407129415,-0.028999999999999915,
510550,2026-06-02,2.092,2.12,2.138,2.075,6150.0,,2.995720399429373,0.8083689966714172,0.016999999999999904,
510550,2026-06-03,2.12,2.134,2.156,2.106,6238.0,,2.358490566037748,0.6603773584905561,0.01399999999999979,
