code,date,open,close,high,low,volume,amount,amplitude,pct_chg,price_change,turnover_rate
510500,2019-05-21,4.354,4.429,4.467,4.352,2771847.0,,,,,
510500,2019-05-22,4.427,4.414,4.441,4.37,1867643.0,,1.6030706705802602,-0.33867690223528035,-0.015000000000000568,
510500,2019-05-23,4.396,4.324,4.402,4.311,2016005.0,,2.0616221114635294,-2.0389669234254617,-0.08999999999999986,
510500,2019-05-24,4.321,4.299,4.34,4.285,2505343.0,,1.271970397779827,-0.5781683626271847,-0.024999999999999467,
510500,2019-05-27,4.303,4.398,4.422,4.283,3475847.0,,3.2333100721097776,2.302861130495448,0.09899999999999931,
510500,2019-05-28,4.401,4.388,4.437,4.377,2511804.0,,1.3642564802182924,-0.22737608003637533,-0.009999999999999787,
510500,2019-05-29,4.379,4.39,4.431,4.364,2883522.0,,1.526891522333641,0.045578851412939374,0.0019999999999997797,
510500,2019-05-30,4.37,4.376,4.38,4.313,1698991.0,,1.5261958997722136,-0.3189066059225364,-0.013999999999999346,
510500,2019-05-31,4.362,4.353,4.42,4.345,1781329.0,,1.7138939670932398,-0.5255941499086054,-0.023000000000000576,
510500,2019-06-03,4.372,4.317,4.396,4.299,1933544.0,,2.228348265563968,-0.8270158511371374,-0.03599999999999959,
510500,2019-06-04,4.309,4.256,4.314,4.234,2805703.0,,1.8531387537641897,-1.413018299745192,-0.06099999999999994,
510500,2019-06-05,4.292,4.241,4.301,4.238,2027018.0,,1.48026315789473,-0.3524436090225697,-0.015000000000000568,
510500,2019-06-06,4.241,4.14,4.241,4.138,2754409.0,,2.4286724829049695,-2.381513793916529,-0.10099999999999998,
510500,2019-06-10,4.153,4.186,4.223,4.134,2524702.0,,2.149758454106269,1.1111111111111176,0.04600000000000026,
510500,2019-06-11,4.187,4.37,4.371,4.186,3302044.0,,4.419493549928345,4.3956043956043995,0.18400000000000016,
510500,2019-06-12,4.357,4.321,4.371,4.31,2319751.0,,1.3958810068650076,-1.121281464530901,-0.04900000000000038,
510500,2019-06-13,4.31,4.336,4.357,4.296,1756634.0,,1.4117102522564209,0.34714186530896946,0.015000000000000568,
510500,2019-06-14,4.336,4.267,4.352,4.256,1997274.0,,2.214022140221404,-1.5913284132841317,-0.06899999999999995,
510500,2019-06-17,4.264,4.265,4.29,4.243,1805929.0,,1.1014764471525593,-0.046871338176720595,-0.002000000000000668,
510500,2019-06-18,4.267,4.255,4.285,4.23,1854095.0,,1.289566236811248,-0.2344665885111322,-0.009999999999999787,
510500,2019-06-19,4.374,4.312,4.4,4.31,5925268.0,,2.115158636897785,1.3396004700352617,0.057000000000000384,
510500,2019-06-20,4.309,4.407,4.442,4.296,5303990.0,,3.385899814471241,2.2031539888682685,0.09499999999999975,
510500,2019-06-21,4.493,4.468,4.501,4.445,6065182.0,,1.2707056954844576,1.3841615611527103,0.06099999999999994,
510500,2019-06-24,4.472,4.467,4.48,4.436,2727518.0,,0.9847806624888201,-0.02238137869293496,-0.001000000000000334,
510500,2019-06-25,4.462,4.42,4.463,4.358,3534118.0,,2.3505708529214338,-1.0521602865457738,-0.04699999999999971,
510500,2019-06-26,4.387,4.42,4.447,4.382,1818248.0,,1.4705882352941264,0.0,0.0,
510500,2019-06-27,4.424,4.46,4.489,4.424,2558157.0,,1.4705882352941064,0.9049773755656116,0.040000000000000036,
510500,2019-06-28,4.449,4.415,4.453,4.384,2509670.0,,1.5470852017937209,-1.0089686098654693,-0.04499999999999993,
510500,2019-07-01,4.508,4.544,4.557,4.47,3853533.0,,1.9705549263873305,2.9218573046432517,0.12899999999999956,
510500,2019-07-02,4.533,4.527,4.544,4.512,2902432.0,,0.7042253521126768,-0.3741197183098473,-0.01699999999999946,
510500,2019-07-03,4.517,4.5,4.517,4.484,2267577.0,,0.7289595758780729,-0.5964214711729652,-0.027000000000000135,
510500,2019-07-04,4.503,4.48,4.527,4.454,1820810.0,,1.6222222222222311,-0.444444444444435,-0.019999999999999574,
510500,2019-07-05,4.475,4.503,4.516,4.459,1579212.0,,1.272321428571437,0.5133928571428501,0.022999999999999687,
510500,2019-07-08,4.479,4.336,4.483,4.325,3002781.0,,3.508771929824549,-3.7086386853208935,-0.16699999999999982,
510500,2019-07-09,4.335,4.341,4.357,4.311,1922165.0,,1.0608856088560945,0.11531365313652889,0.004999999999999893,
510500,2019-07-10,4.349,4.315,4.365,4.304,1815378.0,,1.4052061736926962,-0.5989403363280305,-0.0259999999999998,
510500,2019-07-11,4.329,4.317,4.378,4.289,1971180.0,,2.062572421784482,0.04634994206256732,0.0019999999999997797,
510500,2019-07-12,4.308,4.338,4.348,4.3,1519530.0,,1.1118832522585138,0.4864489228630972,0.020999999999999908,
510500,2019-07-15,4.332,4.388,4.427,4.257,3752324.0,,3.91885661595205,1.152604887044717,0.04999999999999982,
510500,2019-07-16,4.377,4.4,4.406,4.373,1578106.0,,0.7520510483135705,0.27347310847767675,0.012000000000000455,
510500,2019-07-17,4.394,4.391,4.421,4.38,1388575.0,,0.9318181818181901,-0.20454545454546227,-0.009000000000000341,
510500,2019-07-18,4.375,4.325,4.377,4.324,1541243.0,,1.2070143475290351,-1.5030744705078531,-0.06599999999999984,
510500,2019-07-19,4.337,4.353,4.396,4.336,2403115.0,,1.3872832369942105,0.6473988439306262,0.02799999999999958,
510500,2019-07-22,4.352,4.266,4.364,4.25,2498027.0,,2.6188835286009624,-1.998621640248099,-0.08699999999999974,
510500,2019-07-23,4.266,4.299,4.308,4.265,1587355.0,,1.007969995311771,0.7735583684950859,0.03300000000000036,
510500,2019-07-24,4.314,4.342,4.379,4.314,2303978.0,,1.5119795301232728,1.0002326122353864,0.04299999999999926,
510500,2019-07-25,4.338,4.364,4.374,4.334,1717077.0,,0.9212344541685868,0.5066789497927279,0.02200000000000024,
510500,2019-07-26,4.352,4.374,4.381,4.338,1605048.0,,0.9853345554537157,0.22914757103574215,0.009999999999999787,
510500,2019-07-29,4.372,4.37,4.392,4.344,1351477.0,,1.0973936899862837,-0.09144947416551348,-0.0039999999999995595,
510500,2019-07-30,4.371,4.397,4.439,4.369,1776255.0,,1.601830663615567,0.6178489702517194,0.027000000000000135,
510500,2019-07-31,4.387,4.386,4.403,4.371,1817911.0,,0.7277689333636375,-0.2501705708437598,-0.01100000000000012,
510500,2019-08-01,4.367,4.353,4.381,4.333,1812652.0,,1.0943912448700421,-0.7523939808481614,-0.03300000000000036,
510500,2019-08-02,4.259,4.291,4.296,4.248,2821485.0,,1.1026878015161967,-1.4243050769584054,-0.06199999999999939,
510500,2019-08-05,4.27,4.242,4.315,4.24,2844717.0,,1.7478443253320943,-1.1419249592169745,-0.04900000000000038,
510500,2019-08-06,4.17,4.137,4.182,4.061,5295420.0,,2.852428099952863,-2.4752475247524854,-0.10500000000000043,
510500,2019-08-07,4.158,4.118,4.165,4.115,2174898.0,,1.2086052695189708,-0.45927000241719224,-0.01899999999999924,
510500,2019-08-08,4.134,4.142,4.154,4.125,2093797.0,,0.7042253521126739,0.5828071879553186,0.02400000000000002,
510500,2019-08-09,4.157,4.101,4.173,4.095,2236318.0,,1.8831482375664,-0.9898599710284974,-0.04100000000000037,
510500,2019-08-12,4.108,4.18,4.182,4.09,1871481.0,,2.2433552792002076,1.9263594245305957,0.07899999999999974,
510500,2019-08-13,4.139,4.151,4.156,4.124,1400694.0,,0.7655502392344504,-0.6937799043062182,-0.028999999999999915,
510500,2019-08-14,4.194,4.171,4.224,4.168,2161110.0,,1.349072512647556,0.48181161165985215,0.020000000000000462,
510500,2019-08-15,4.088,4.192,4.204,4.084,2559557.0,,2.8770079117717597,0.5034763845600553,0.020999999999999908,
510500,2019-08-16,4.186,4.205,4.241,4.186,2364714.0,,1.312022900763352,0.3101145038167915,0.0129999999999999,
510500,2019-08-19,4.241,4.369,4.372,4.241,2671226.0,,3.1153388822830017,3.900118906064202,0.1639999999999997,
510500,2019-08-20,4.369,4.35,4.399,4.345,1999111.0,,1.2359807736324164,-0.43488212405585097,-0.019000000000000128,
510500,2019-08-21,4.349,4.358,4.371,4.336,1470567.0,,0.8045977011494285,0.18390804597701169,0.008000000000000007,
510500,2019-08-22,4.364,4.363,4.371,4.335,2135044.0,,0.8260670032124937,0.11473152822397388,0.005000000000000782,
510500,2019-08-23,4.362,4.365,4.384,4.341,1478181.0,,0.9855603942241611,0.045840018336002285,0.0019999999999997797,
510500,2019-08-26,4.308,4.333,4.346,4.279,2156125.0,,1.5349369988545285,-0.733104238258878,-0.03200000000000003,
510500,2019-08-27,4.352,4.401,4.46,4.352,2620115.0,,2.4924994230325326,1.5693514885760353,0.06799999999999962,
510500,2019-08-28,4.4,4.4,4.419,4.382,1420285.0,,0.8407180186321273,-0.022722108611666573,-0.0009999999999994458,
510500,2019-08-29,4.406,4.413,4.431,4.385,1716677.0,,1.0454545454545514,0.29545454545454314,0.0129999999999999,
510500,2019-08-30,4.438,4.374,4.456,4.352,1659044.0,,2.3566734647632015,-0.8837525492862132,-0.03900000000000059,
510500,2019-09-02,4.373,4.482,4.503,4.368,2217971.0,,3.0864197530864153,2.4691358024691485,0.10800000000000054,
510500,2019-09-03,4.483,4.508,4.509,4.469,1819580.0,,0.8924587237840257,0.5800981704596118,0.0259999999999998,
510500,2019-09-04,4.504,4.578,4.583,4.494,2451989.0,,1.974267968056797,1.5527950310559069,0.07000000000000028,
510500,2019-09-05,4.597,4.609,4.675,4.592,4071254.0,,1.8130187854958537,0.6771515945827805,0.030999999999999694,
510500,2019-09-06,4.616,4.623,4.639,4.585,1819527.0,,1.1716207420264757,0.30375352571057135,0.014000000000000234,
510500,2019-09-09,4.655,4.716,4.717,4.628,2592463.0,,1.925156824572778,2.011680726800778,0.09299999999999997,
510500,2019-09-10,4.713,4.711,4.723,4.667,2195854.0,,1.1874469889737076,-0.10602205258693582,-0.004999999999999893,
510500,2019-09-11,4.716,4.691,4.738,4.667,1880012.0,,1.5071110167692765,-0.42453831458290087,-0.020000000000000462,
510500,2019-09-12,4.693,4.704,4.727,4.665,1771875.0,,1.3216798124067424,0.27712641227882967,0.0129999999999999,
510500,2019-09-16,4.728,4.706,4.738,4.686,2025311.0,,1.1054421768707587,0.04251700680273529,0.002000000000000668,
510500,2019-09-17,4.693,4.603,4.693,4.592,2153737.0,,2.146196345091372,-2.188695282617948,-0.10300000000000065,
510500,2019-09-18,4.604,4.606,4.627,4.594,1579992.0,,0.7169237453834342,0.06517488594395207,0.0030000000000001137,
510500,2019-09-19,4.607,4.65,4.654,4.589,1656646.0,,1.4112027789839232,0.9552757273122121,0.04400000000000048,
510500,2019-09-20,4.654,4.658,4.676,4.64,1980023.0,,0.774193548387107,0.1720430107526883,0.008000000000000007,
510500,2019-09-23,4.65,4.638,4.65,4.592,2105835.0,,1.2451696006870054,-0.4293688278231099,-0.020000000000000462,
510500,2019-09-24,4.631,4.64,4.704,4.628,2385042.0,,1.6386373436826136,0.043122035360064245,0.0019999999999997797,
510500,2019-09-25,4.615,4.563,4.618,4.559,1973007.0,,1.2715517241379346,-1.6594827586206888,-0.07699999999999996,
510500,2019-09-26,4.572,4.454,4.576,4.451,3014710.0,,2.7394258163488936,-2.388779311856235,-0.10899999999999999,
510500,2019-09-27,4.462,4.475,4.502,4.46,1701922.0,,0.9429726088908805,0.47148630444544026,0.020999999999999908,
510500,2019-09-30,4.475,4.409,4.492,4.389,1619834.0,,2.301675977653626,-1.4748603351955272,-0.06599999999999984,
510500,2019-10-08,4.424,4.42,4.473,4.417,1658717.0,,1.2701292810161044,0.24948968019959447,0.01100000000000012,
510500,2019-10-09,4.411,4.461,4.467,4.387,1802342.0,,1.8099547511312233,0.9276018099547595,0.04100000000000037,
510500,2019-10-10,4.458,4.512,4.523,4.448,1915680.0,,1.6812373907195537,1.1432414256892909,0.05099999999999927,
510500,2019-10-11,4.52,4.537,4.55,4.481,2291427.0,,1.5292553191489353,0.554078014184405,0.025000000000000355,
510500,2019-10-14,4.558,4.591,4.622,4.558,2135990.0,,1.410623760193962,1.1902137976636604,0.05400000000000027,
510500,2019-10-15,4.575,4.532,4.577,4.525,1251322.0,,1.132650838597247,-1.2851230668699665,-0.05900000000000016,
510500,2019-10-16,4.54,4.504,4.562,4.503,1321251.0,,1.3018534863195093,-0.6178287731685893,-0.02800000000000047,
510500,2019-10-17,4.503,4.505,4.525,4.494,1097102.0,,0.6882770870337608,0.02220248667851541,0.001000000000000334,
510500,2019-10-18,4.506,4.44,4.531,4.428,1684938.0,,2.2863485016648117,-1.4428412874583687,-0.0649999999999995,
510500,2019-10-21,4.436,4.431,4.436,4.387,1584396.0,,1.1036036036036119,-0.20270270270271035,-0.009000000000000341,
510500,2019-10-22,4.436,4.475,4.49,4.43,1764354.0,,1.35409614082601,0.9930038366057232,0.043999999999999595,
510500,2019-10-23,4.48,4.447,4.484,4.428,1191010.0,,1.2513966480446939,-0.625698324022337,-0.02799999999999958,
510500,2019-10-24,4.444,4.438,4.451,4.407,1782781.0,,0.9894310771306407,-0.20238362941309515,-0.009000000000000341,
510500,2019-10-25,4.439,4.477,4.482,4.395,2113730.0,,1.9603424966201135,0.8787742226228165,0.03900000000000059,
510500,2019-10-28,4.52,4.542,4.544,4.496,3161633.0,,1.0721465266919623,1.4518650882287134,0.0649999999999995,
510500,2019-10-29,4.543,4.483,4.543,4.48,1684807.0,,1.3870541611624776,-1.2989872302950278,-0.05900000000000016,
510500,2019-10-30,4.468,4.425,4.469,4.42,1887917.0,,1.0930180682578716,-1.2937764889582832,-0.05799999999999983,
510500,2019-10-31,4.428,4.4,4.443,4.393,1400700.0,,1.1299435028248548,-0.5649717514124173,-0.024999999999999467,
510500,2019-11-01,4.394,4.445,4.45,4.379,2011202.0,,1.6136363636363775,1.022727272727271,0.04499999999999993,
510500,2019-11-04,4.442,4.458,4.487,4.441,2041977.0,,1.0348706411698596,0.292463442069739,0.0129999999999999,
510500,2019-11-05,4.46,4.493,4.522,4.445,2342516.0,,1.727231942575145,0.7851054284432512,0.03500000000000014,
510500,2019-11-06,4.488,4.452,4.5,4.427,2087927.0,,1.624749610505239,-0.91253060316048,-0.04100000000000037,
510500,2019-11-07,4.444,4.482,4.501,4.44,1816963.0,,1.37017070979335,0.6738544474393587,0.03000000000000025,
510500,2019-11-08,4.514,4.465,4.53,4.462,2222676.0,,1.5171798304328536,-0.37929495760821835,-0.017000000000000348,
510500,2019-11-11,4.44,4.357,4.441,4.352,2462020.0,,1.993281075027985,-2.4188129899216047,-0.10799999999999965,
510500,2019-11-12,4.359,4.359,4.372,4.309,2070238.0,,1.445949047509748,0.04590314436538397,0.0019999999999997797,
510500,2019-11-13,4.358,4.359,4.365,4.332,1394739.0,,0.7570543702684185,0.0,0.0,
510500,2019-11-14,4.352,4.386,4.399,4.351,1604826.0,,1.1011699931176886,0.6194081211287024,0.027000000000000135,
510500,2019-11-15,4.386,4.358,4.418,4.354,1423942.0,,1.4591883264933891,-0.6383948928408679,-0.02800000000000047,
510500,2019-11-18,4.352,4.375,4.39,4.342,1348636.0,,1.1014226709499781,0.39008719596145824,0.017000000000000348,
510500,2019-11-19,4.375,4.449,4.454,4.37,2111232.0,,1.9199999999999915,1.6914285714285677,0.07399999999999984,
510500,2019-11-20,4.451,4.42,4.464,4.417,2351096.0,,1.0564171723983051,-0.6518318723308589,-0.028999999999999915,
510500,2019-11-21,4.409,4.427,4.447,4.396,1242763.0,,1.1538461538461573,0.1583710407239745,0.006999999999999673,
510500,2019-11-22,4.427,4.379,4.498,4.358,2627205.0,,3.162412468940605,-1.0842557036367753,-0.04800000000000004,
510500,2019-11-25,4.376,4.382,4.396,4.339,1773135.0,,1.301667047271055,0.06850879196163767,0.0030000000000001137,
510500,2019-11-26,4.387,4.366,4.404,4.358,1853337.0,,1.049748973071663,-0.3651300775901418,-0.016000000000000014,
510500,2019-11-27,4.354,4.387,4.42,4.352,1795077.0,,1.5574896930829047,0.48098946404030946,0.020999999999999908,
510500,2019-11-28,4.382,4.379,4.402,4.364,1441384.0,,0.8661955778436349,-0.18235696375655364,-0.008000000000000007,
510500,2019-11-29,4.377,4.379,4.397,4.333,2545989.0,,1.4615208951815497,0.0,0.0,
510500,2019-12-02,4.388,4.393,4.417,4.37,1727023.0,,1.073304407398943,0.3197076958209691,0.014000000000000234,
510500,2019-12-03,4.37,4.413,4.414,4.354,1930684.0,,1.3658092419758618,0.4552697473253008,0.020000000000000462,
510500,2019-12-04,4.39,4.404,4.416,4.383,1467748.0,,0.7477906186267926,-0.20394289598913076,-0.009000000000000341,
510500,2019-12-05,4.414,4.448,4.462,4.407,2189917.0,,1.2488646684831908,0.9990917347865687,0.04400000000000048,
510500,2019-12-06,4.448,4.493,4.495,4.435,1887821.0,,1.3489208633093637,1.0116906474820129,0.04499999999999993,
510500,2019-12-09,4.496,4.503,4.517,4.482,1971446.0,,0.7789895392833327,0.2225684397952323,0.009999999999999787,
510500,2019-12-10,4.494,4.525,4.535,4.479,1727329.0,,1.243615367532757,0.4885631801021595,0.02200000000000024,
510500,2019-12-11,4.522,4.507,4.526,4.485,1307427.0,,0.9060773480662868,-0.3977900552486338,-0.018000000000000682,
510500,2019-12-12,4.506,4.497,4.528,4.491,1661556.0,,0.8209451963612143,-0.22187708009762122,-0.009999999999999787,
510500,2019-12-13,4.536,4.562,4.574,4.515,2933508.0,,1.3119857682899747,1.4454080498109938,0.06500000000000039,
510500,2019-12-16,4.563,4.638,4.647,4.559,2728092.0,,1.9289785181937764,1.6659359929855244,0.07599999999999962,
510500,2019-12-17,4.638,4.715,4.737,4.632,2798608.0,,2.2639068564036315,1.6601983613626552,0.07699999999999996,
510500,2019-12-18,4.705,4.71,4.745,4.697,2065438.0,,1.0180275715800646,-0.10604453870625435,-0.004999999999999893,
510500,2019-12-19,4.71,4.723,4.735,4.695,1629712.0,,0.8492569002123149,0.276008492569,0.0129999999999999,
510500,2019-12-20,4.723,4.674,4.737,4.665,2492639.0,,1.5244547956807126,-1.0374761803938066,-0.04899999999999949,
510500,2019-12-23,4.655,4.561,4.668,4.557,2803112.0,,2.374839537869058,-2.4176294394522984,-0.11300000000000043,
510500,2019-12-24,4.57,4.634,4.64,4.567,2007034.0,,1.6005262003946394,1.600526200394659,0.0730000000000004,
510500,2019-12-25,4.627,4.655,4.664,4.623,2160385.0,,0.8847647820457376,0.4531722054380644,0.020999999999999908,
510500,2019-12-26,4.649,4.692,4.695,4.639,1860776.0,,1.2030075187969935,0.7948442534908683,0.03699999999999992,
510500,2019-12-27,4.697,4.653,4.727,4.651,1723508.0,,1.6197783461210682,-0.8312020460358182,-0.03900000000000059,
510500,2019-12-30,4.643,4.721,4.725,4.606,2117614.0,,2.55748979153234,1.4614227380184937,0.0680000000000005,
510500,2019-12-31,4.711,4.741,4.747,4.698,1716813.0,,1.0379156958271443,0.42363905952127884,0.019999999999999574,
510500,2020-01-02,4.787,4.835,4.849,4.757,2355809.0,,1.9405188778738776,1.982704070871131,0.0940000000000003,
510500,2020-01-03,4.835,4.845,4.864,4.824,1544940.0,,0.8273009307135478,0.20682523267838235,0.009999999999999787,
510500,2020-01-06,4.831,4.902,4.953,4.819,2222495.0,,2.7657378740970144,1.1764705882353022,0.057000000000000384,
510500,2020-01-07,4.901,4.969,4.971,4.901,2126563.0,,1.427988576091397,1.366789065687478,0.06700000000000017,
510500,2020-01-08,4.936,4.896,4.965,4.881,2525136.0,,1.690480982088944,-1.469108472529692,-0.0730000000000004,
510500,2020-01-09,4.936,4.961,4.962,4.917,2345136.0,,0.9191176470588222,1.3276143790849753,0.06500000000000039,
510500,2020-01-10,4.972,4.939,4.981,4.912,2034241.0,,1.390848619229993,-0.44345898004435075,-0.02200000000000024,
510500,2020-01-13,4.942,5.026,5.029,4.904,2035441.0,,2.530876695687386,1.7614901801984155,0.08699999999999974,
510500,2020-01-14,5.03,5.003,5.046,4.998,1880568.0,,0.9550338241146049,-0.45762037405490824,-0.022999999999999687,
510500,2020-01-15,4.996,4.987,5.005,4.951,1757654.0,,1.0793523885668652,-0.3198081151309217,-0.016000000000000014,
510500,2020-01-16,4.99,4.994,5.012,4.973,1946917.0,,0.782033286545011,0.14036494886704778,0.006999999999999673,
510500,2020-01-17,5.0,4.964,5.015,4.95,2598360.0,,1.3015618742490889,-0.6007208650380329,-0.02999999999999936,
510500,2020-01-20,4.972,5.052,5.053,4.956,1695533.0,,1.9540692989524482,1.7727639000805637,0.08799999999999919,
510500,2020-01-21,5.033,4.99,5.037,4.967,2949044.0,,1.3855898653998473,-1.2272367379255622,-0.06199999999999939,
510500,2020-01-22,4.964,5.03,5.063,4.898,2731954.0,,3.3066132264529062,0.8016032064128262,0.040000000000000036,
510500,2020-01-23,4.978,4.833,5.01,4.792,4130191.0,,4.333996023856858,-3.916500994035786,-0.19700000000000006,
510500,2020-02-03,4.427,4.421,4.46,4.387,6585798.0,,1.5104489964825243,-8.524725843161596,-0.4119999999999999,
510500,2020-02-04,4.421,4.5,4.517,4.373,5387835.0,,3.257181633114683,1.786926034833742,0.07899999999999974,
510500,2020-02-05,4.503,4.602,4.649,4.492,3153531.0,,3.4888888888888894,2.2666666666666737,0.10200000000000031,
510500,2020-02-06,4.614,4.746,4.77,4.568,2942719.0,,4.389395914819643,3.1290743155149956,0.14400000000000013,
510500,2020-02-07,4.741,4.794,4.797,4.705,2257387.0,,1.9384745048461784,1.0113780025284271,0.047999999999999154,
510500,2020-02-10,4.777,4.843,4.845,4.755,2794289.0,,1.8773466833541899,1.0221109720484016,0.04900000000000038,
510500,2020-02-11,4.841,4.82,4.856,4.79,2076757.0,,1.3627916580631807,-0.47491224447655767,-0.022999999999999687,
510500,2020-02-12,4.812,4.923,4.924,4.802,1923134.0,,2.5311203319502233,2.1369294605809075,0.10299999999999976,
510500,2020-02-13,4.916,4.877,4.933,4.863,2053852.0,,1.4218972171440056,-0.9343895998375028,-0.04600000000000026,
510500,2020-02-14,4.859,4.883,4.933,4.843,2122844.0,,1.8453967603034624,0.12302645068690235,0.006000000000000227,
510500,2020-02-17,4.906,5.057,5.06,4.906,3927560.0,,3.153798894122464,3.56338316608643,0.17400000000000038,
510500,2020-02-18,5.06,5.1,5.103,5.024,4065521.0,,1.5621910223452586,0.8503065058334834,0.04299999999999926,
510500,2020-02-19,5.098,5.057,5.116,5.047,2725918.0,,1.3529411764705874,-0.8431372549019464,-0.04299999999999926,
510500,2020-02-20,5.059,5.156,5.169,5.034,2697016.0,,2.6695669369191175,1.9576824204073424,0.09899999999999931,
510500,2020-02-21,5.142,5.242,5.271,5.14,3002605.0,,2.5407292474786702,1.6679596586501224,0.0860000000000003,
510500,2020-02-24,5.222,5.293,5.318,5.189,3061517.0,,2.460892789011819,0.9729111026325861,0.051000000000000156,
510500,2020-02-25,5.205,5.329,5.343,5.098,3098406.0,,4.6287549593803154,0.6801435858681198,0.03599999999999959,
510500,2020-02-26,5.259,5.188,5.309,5.174,2850427.0,,2.533308313004312,-2.645899793582286,-0.14100000000000001,
510500,2020-02-27,5.195,5.186,5.258,5.143,2554707.0,,2.2166538164996186,-0.03855050115651079,-0.0019999999999997797,
510500,2020-02-28,5.052,4.916,5.088,4.909,5454975.0,,3.451600462784425,-5.206324720401072,-0.2699999999999996,
510500,2020-03-02,4.959,5.105,5.132,4.959,3818569.0,,3.519121236777869,3.8445890968266894,0.18900000000000006,
510500,2020-03-03,5.191,5.142,5.261,5.094,3848211.0,,3.2713026444662057,0.7247796278158652,0.03699999999999992,
510500,2020-03-04,5.105,5.159,5.164,5.052,1854032.0,,2.1781408012446537,0.330610657331767,0.01699999999999946,
510500,2020-03-05,5.234,5.228,5.245,5.172,1427316.0,,1.4150029075402286,1.3374685016476051,0.06899999999999995,
510500,2020-03-06,5.165,5.197,5.246,5.164,1279349.0,,1.568477429227252,-0.5929609793419988,-0.030999999999999694,
510500,2020-03-09,5.112,4.996,5.138,4.99,1836933.0,,2.8477968058495224,-3.8676159322686097,-0.20099999999999962,
510500,2020-03-10,4.946,5.112,5.116,4.888,3218574.0,,4.563650920736584,2.321857485988784,0.11599999999999966,
510500,2020-03-11,5.127,5.033,5.143,5.032,3206789.0,,2.171361502347413,-1.5453834115805896,-0.07899999999999974,
510500,2020-03-12,4.971,4.965,5.009,4.913,1624254.0,,1.9074110868269438,-1.351082853169094,-0.0680000000000005,
510500,2020-03-13,4.738,4.928,4.97,4.702,3606060.0,,5.397784491440077,-0.7452165156092633,-0.03699999999999992,
510500,2020-03-16,4.936,4.677,4.937,4.662,2691513.0,,5.58035714285715,-5.093344155844163,-0.25100000000000033,
510500,2020-03-17,4.736,4.687,4.796,4.546,3675794.0,,5.345306820611503,0.2138122728244746,0.010000000000000675,
510500,2020-03-18,4.709,4.613,4.798,4.599,2749654.0,,4.245786217196498,-1.578835075741409,-0.07399999999999984,
510500,2020-03-19,4.614,4.656,4.667,4.498,3665540.0,,3.6635595057446255,0.9321482766095655,0.04299999999999926,
510500,2020-03-20,4.682,4.692,4.7,4.61,2189061.0,,1.9329896907216464,0.77319587628867,0.036000000000000476,
510500,2020-03-23,4.562,4.495,4.607,4.47,3550277.0,,2.919863597612968,-4.198635976129584,-0.19700000000000006,
510500,2020-03-24,4.577,4.562,4.602,4.453,3121371.0,,3.3147942157953283,1.4905450500556212,0.06700000000000017,
510500,2020-03-25,4.659,4.678,4.695,4.627,2781124.0,,1.4905743095133823,2.542744410346332,0.11599999999999966,
510500,2020-03-26,4.649,4.631,4.689,4.629,1817386.0,,1.2825994014536233,-1.0047028644719904,-0.04699999999999971,
510500,2020-03-27,4.684,4.61,4.697,4.606,1481027.0,,1.965018354567052,-0.45346577413085526,-0.020999999999999908,
510500,2020-03-30,4.562,4.517,4.562,4.465,2734372.0,,2.1041214750542387,-2.0173535791757042,-0.09299999999999997,
510500,2020-03-31,4.558,4.517,4.566,4.507,2196479.0,,1.3061766659287173,0.0,0.0,
510500,2020-04-01,4.505,4.499,4.587,4.495,1807071.0,,2.036750055346461,-0.3984945760460633,-0.018000000000000682,
510500,2020-04-02,4.489,4.64,4.643,4.482,2387595.0,,3.578573016225819,3.134029784396533,0.14100000000000001,
510500,2020-04-03,4.609,4.581,4.628,4.559,2008259.0,,1.4870689655172404,-1.2715517241379155,-0.058999999999999275,
510500,2020-04-07,4.666,4.724,4.739,4.665,2324622.0,,1.6153678236192934,3.1215891726697182,0.1429999999999998,
510500,2020-04-08,4.706,4.739,4.757,4.697,1548707.0,,1.2701100762065962,0.3175275190516444,0.01499999999999968,
510500,2020-04-09,4.762,4.785,4.802,4.755,1505885.0,,0.9917704156995085,0.9706689174931477,0.04600000000000026,
510500,2020-04-10,4.78,4.695,4.78,4.671,2381165.0,,2.2779519331243465,-1.8808777429467054,-0.08999999999999986,
510500,2020-04-13,4.659,4.644,4.672,4.621,1793639.0,,1.0862619808306553,-1.0862619808306742,-0.051000000000000156,
510500,2020-04-14,4.665,4.749,4.755,4.664,1690095.0,,1.9595176571920798,2.260981912144693,0.10499999999999954,
510500,2020-04-15,4.75,4.739,4.784,4.734,1594375.0,,1.0528532322594193,-0.21057064645188012,-0.009999999999999787,
510500,2020-04-16,4.723,4.778,4.801,4.715,1609135.0,,1.8147288457480544,0.8229584300485272,0.0389999999999997,
510500,2020-04-17,4.808,4.785,4.845,4.769,2199374.0,,1.5906236919212982,0.14650481372960575,0.007000000000000561,
510500,2020-04-20,4.785,4.839,4.84,4.777,1562339.0,,1.3166144200626901,1.1285266457680307,0.05400000000000027,
510500,2020-04-21,4.817,4.806,4.817,4.748,2327967.0,,1.4259144451332908,-0.6819590824550601,-0.03300000000000036,
510500,2020-04-22,4.763,4.854,4.858,4.761,1772944.0,,2.0183104452767275,0.9987515605493142,0.04800000000000004,
510500,2020-04-23,4.854,4.827,4.864,4.819,1038521.0,,0.9270704573547575,-0.5562422744128581,-0.027000000000000135,
510500,2020-04-24,4.808,4.752,4.824,4.735,1854293.0,,1.8437953180028905,-1.55376009944065,-0.07500000000000018,
510500,2020-04-27,4.751,4.735,4.781,4.725,1449759.0,,1.1784511784511795,-0.3577441077440964,-0.01699999999999946,
510500,2020-04-28,4.735,4.696,4.736,4.589,2485506.0,,3.1045406546990355,-0.8236536430834338,-0.03900000000000059,
510500,2020-04-29,4.693,4.706,4.737,4.682,1519139.0,,1.1712095400340656,0.2129471890971183,0.010000000000000675,
510500,2020-04-30,4.726,4.83,4.844,4.726,2243237.0,,2.5074373140671553,2.6349341266468267,0.12399999999999967,
510500,2020-05-06,4.798,4.909,4.922,4.785,2184849.0,,2.836438923395436,1.6356107660455432,0.07899999999999974,
510500,2020-05-07,4.909,4.902,4.926,4.881,2192708.0,,0.9166836422896707,-0.14259523324505344,-0.006999999999999673,
510500,2020-05-08,4.93,4.968,4.991,4.922,2014981.0,,1.4075887392900845,1.3463892288861654,0.06599999999999984,
510500,2020-05-11,4.971,4.948,5.012,4.926,2425209.0,,1.7310789049919366,-0.4025764895330026,-0.019999999999999574,
510500,2020-05-12,4.942,4.961,4.969,4.908,2965807.0,,1.2328213419563447,0.26273241713823564,0.0129999999999999,
510500,2020-05-13,4.954,4.988,4.997,4.933,1816368.0,,1.2900624874017346,0.5442451118726089,0.027000000000000135,
510500,2020-05-14,4.971,4.961,4.987,4.949,1052885.0,,0.7618283881315207,-0.5412991178829217,-0.027000000000000135,
510500,2020-05-15,4.962,4.971,5.01,4.955,2060949.0,,1.108647450110859,0.20157226365651654,0.009999999999999787,
510500,2020-05-18,4.976,4.943,4.991,4.925,1363337.0,,1.3277006638503286,-0.5632669483001502,-0.02800000000000047,
510500,2020-05-19,4.972,5.002,5.005,4.966,1113590.0,,0.7889945377301174,1.193607121181472,0.05900000000000016,
510500,2020-05-20,4.995,4.961,5.002,4.944,1674730.0,,1.1595361855257864,-0.8196721311475306,-0.04099999999999948,
510500,2020-05-21,4.964,4.899,4.977,4.892,1289927.0,,1.7133642410804266,-1.2497480346704348,-0.06200000000000028,
510500,2020-05-22,4.88,4.811,4.898,4.794,2175813.0,,2.122882220861402,-1.796284956113494,-0.08800000000000008,
510500,2020-05-25,4.808,4.79,4.825,4.774,1409516.0,,1.060070671378095,-0.43649968821450646,-0.020999999999999908,
510500,2020-05-26,4.819,4.884,4.889,4.809,2113952.0,,1.670146137787058,1.9624217118997977,0.0940000000000003,
510500,2020-05-27,4.888,4.852,4.889,4.831,2308307.0,,1.187551187551184,-0.6552006552006557,-0.03200000000000003,
510500,2020-05-28,4.847,4.838,4.873,4.78,1472580.0,,1.9167353668590263,-0.28854080791426695,-0.014000000000000234,
510500,2020-05-29,4.817,4.88,4.886,4.816,1443810.0,,1.4468788755684225,0.8681273253410462,0.041999999999999815,
510500,2020-06-01,4.912,5.052,5.054,4.912,1849664.0,,2.909836065573778,3.5245901639344206,0.1719999999999997,
510500,2020-06-02,5.068,5.046,5.073,5.019,1096533.0,,1.068883610451312,-0.11876484560568765,-0.005999999999999339,
510500,2020-06-03,5.06,5.038,5.085,5.035,1566341.0,,0.9908838684106186,-0.1585414189456997,-0.008000000000000007,
510500,2020-06-04,5.053,5.047,5.062,5.019,1355713.0,,0.8535132989281491,0.17864231838029876,0.008999999999999453,
510500,2020-06-05,5.047,5.06,5.064,5.019,858368.0,,0.891618783435703,0.2575787596592015,0.0129999999999999,
510500,2020-06-08,5.081,5.048,5.103,5.039,1052385.0,,1.264822134387353,-0.2371541501976199,-0.011999999999999567,
510500,2020-06-09,5.049,5.08,5.094,5.035,1166062.0,,1.1687797147385135,0.6339144215530909,0.03200000000000003,
510500,2020-06-10,5.08,5.087,5.09,5.053,1024574.0,,0.7283464566929119,0.13779527559054475,0.006999999999999673,
510500,2020-06-11,5.087,5.077,5.156,5.042,1432500.0,,2.2410064871240394,-0.19657951641438545,-0.009999999999999787,
510500,2020-06-12,4.99,5.078,5.109,4.984,1912418.0,,2.4620839078195784,0.019696671262563206,0.001000000000000334,
510500,2020-06-15,5.073,5.072,5.136,5.067,2355230.0,,1.3588026782197706,-0.11815675462781068,-0.006000000000000227,
510500,2020-06-16,5.109,5.168,5.17,5.109,1434564.0,,1.2026813880126173,1.89274447949527,0.09600000000000009,
510500,2020-06-17,5.181,5.211,5.221,5.165,1669329.0,,1.0835913312693508,0.8320433436532536,0.04300000000000015,
510500,2020-06-18,5.211,5.225,5.232,5.192,1811718.0,,0.7676069852235662,0.26866244482823537,0.013999999999999346,
510500,2020-06-19,5.225,5.266,5.287,5.218,2073458.0,,1.320574162679425,0.7846889952153182,0.04100000000000037,
510500,2020-06-22,5.263,5.262,5.303,5.255,2032390.0,,0.9115077857956712,-0.07595898214964769,-0.004000000000000448,
510500,2020-06-23,5.262,5.287,5.29,5.235,1990145.0,,1.0452299505891243,0.4751045229950657,0.025000000000000355,
510500,2020-06-24,5.287,5.287,5.306,5.26,1353118.0,,0.8700586343862353,0.0,0.0,
510500,2020-06-29,5.282,5.263,5.282,5.235,1640613.0,,0.8889729525250559,-0.45394363533194665,-0.02400000000000002,
510500,2020-06-30,5.272,5.344,5.372,5.272,2285224.0,,1.9000570017100447,1.5390461713851493,0.0810000000000004,
510500,2020-07-01,5.36,5.369,5.373,5.311,2259112.0,,1.160179640718568,0.467814371257475,0.024999999999999467,
510500,2020-07-02,5.367,5.469,5.482,5.35,2327244.0,,2.4585583907617914,1.8625442354256012,0.10000000000000053,
510500,2020-07-03,5.473,5.545,5.548,5.456,3062998.0,,1.6822088133113848,1.3896507588224467,0.07599999999999962,
510500,2020-07-06,5.588,5.82,5.863,5.588,5460280.0,,4.959422903516688,4.959422903516688,0.27500000000000036,
510500,2020-07-07,5.882,5.88,5.982,5.806,4461696.0,,3.024054982817872,1.0309278350515396,0.05999999999999961,
510500,2020-07-08,5.866,6.002,6.021,5.845,2622898.0,,2.9931972789115675,2.074829931972787,0.12199999999999989,
510500,2020-07-09,5.996,6.169,6.181,5.985,2590714.0,,3.265578140619789,2.7824058647117598,0.16699999999999982,
510500,2020-07-10,6.137,6.16,6.224,6.117,2595323.0,,1.7344788458421172,-0.14589074404278576,-0.008999999999999453,
510500,2020-07-13,6.166,6.363,6.367,6.166,2224808.0,,3.2629870129870073,3.29545454545455,0.2030000000000003,
510500,2020-07-14,6.359,6.276,6.359,6.147,3332740.0,,3.3317617476033274,-1.367279585101377,-0.08700000000000063,
510500,2020-07-15,6.275,6.14,6.319,6.079,3575152.0,,3.82409177820268,-2.166985340981519,-0.13600000000000012,
510500,2020-07-16,6.13,5.821,6.2,5.792,3916181.0,,6.644951140065153,-5.19543973941368,-0.31899999999999995,
510500,2020-07-17,5.821,5.825,5.926,5.775,3148470.0,,2.594056004123,0.0687167153410144,0.004000000000000448,
510500,2020-07-20,5.889,6.003,6.008,5.828,3695764.0,,3.090128755364802,3.0557939914163077,0.17799999999999994,
510500,2020-07-21,6.018,6.038,6.071,5.984,1967811.0,,1.4492753623188364,0.5830418124271222,0.03500000000000014,
510500,2020-07-22,6.031,6.099,6.19,6.009,2271224.0,,2.997681351440875,1.0102683007618407,0.06099999999999994,
510500,2020-07-23,6.046,6.092,6.114,5.916,2302647.0,,3.246433841613371,-0.1147729135924014,-0.007000000000000561,
510500,2020-07-24,6.073,5.792,6.08,5.768,2990992.0,,5.121470781352598,-4.924491135915952,-0.2999999999999998,
510500,2020-07-27,5.802,5.789,5.84,5.733,2112835.0,,1.8473756906077383,-0.0517955801104992,-0.0030000000000001137,
510500,2020-07-28,5.832,5.851,5.879,5.798,2048114.0,,1.3992053895318626,1.0709967179132887,0.06200000000000028,
510500,2020-07-29,5.816,6.023,6.032,5.81,2143425.0,,3.794223209707749,2.9396684327465343,0.1719999999999997,
510500,2020-07-30,6.027,6.002,6.058,5.983,2100459.0,,1.24522663124689,-0.3486634567491268,-0.020999999999999908,
510500,2020-07-31,6.0,6.067,6.116,5.946,2724781.0,,2.832389203598799,1.082972342552489,0.06500000000000039,
510500,2020-08-03,6.105,6.219,6.22,6.089,2364610.0,,2.159222020768079,2.5053568485248086,0.15200000000000014,
510500,2020-08-04,6.222,6.181,6.236,6.152,1774699.0,,1.3506994693680596,-0.6110307123331766,-0.038000000000000256,
510500,2020-08-05,6.181,6.242,6.264,6.128,1666673.0,,2.200291215013754,0.9868953243811672,0.06099999999999994,
510500,2020-08-06,6.243,6.258,6.273,6.138,1396510.0,,2.1627683434796507,0.2563280999679592,0.016000000000000014,
510500,2020-08-07,6.239,6.177,6.243,6.07,1447521.0,,2.764461489293705,-1.294343240651972,-0.0810000000000004,
510500,2020-08-10,6.142,6.208,6.253,6.125,1218002.0,,2.072203334952244,0.5018617451837557,0.031000000000000583,
510500,2020-08-11,6.191,6.092,6.243,6.078,1164144.0,,2.6578608247422686,-1.8685567010309365,-0.11600000000000055,
510500,2020-08-12,6.064,6.011,6.081,5.897,2036215.0,,3.020354563361789,-1.3296126066973,-0.08099999999999952,
510500,2020-08-13,6.028,6.04,6.072,6.002,1529414.0,,1.1645316918981914,0.48244884378639025,0.028999999999999915,
510500,2020-08-14,6.041,6.129,6.133,6.005,2378647.0,,2.119205298013247,1.4735099337748265,0.08899999999999952,
510500,2020-08-17,6.127,6.22,6.231,6.099,2317843.0,,2.153695545766025,1.4847446565508273,0.09100000000000019,
510500,2020-08-18,6.217,6.266,6.293,6.216,1756017.0,,1.2379421221864946,0.7395498392283001,0.04600000000000026,
510500,2020-08-19,6.265,6.156,6.266,6.152,1443871.0,,1.8193424832428962,-1.7555059048835036,-0.11000000000000032,
510500,2020-08-20,6.16,6.093,6.164,6.072,1570903.0,,1.4944769330734184,-1.0233918128654926,-0.06299999999999972,
510500,2020-08-21,6.103,6.131,6.181,6.082,1426542.0,,1.6248153618906975,0.6236665025439071,0.038000000000000256,
510500,2020-08-24,6.151,6.165,6.181,6.075,1487080.0,,1.7289186103408885,0.5545587995433015,0.03399999999999981,
510500,2020-08-25,6.177,6.133,6.223,6.118,1369881.0,,1.7031630170316225,-0.5190592051905925,-0.03200000000000003,
510500,2020-08-26,6.126,6.025,6.147,5.995,1993635.0,,2.47839556497636,-1.760965269851617,-0.10799999999999965,
510500,2020-08-27,6.025,6.081,6.085,5.991,1645009.0,,1.5601659751037393,0.9294605809128639,0.05600000000000005,
510500,2020-08-28,6.071,6.188,6.196,6.039,2766579.0,,2.581812201940471,1.7595790166090992,0.10699999999999932,
510500,2020-08-31,6.209,6.156,6.256,6.154,2331021.0,,1.6483516483516536,-0.5171299288946353,-0.03200000000000003,
510500,2020-09-01,6.142,6.202,6.203,6.134,1467228.0,,1.1208576998050674,0.7472384665367164,0.04600000000000026,
510500,2020-09-02,6.205,6.197,6.225,6.129,2963614.0,,1.5478877781360865,-0.08061915511125271,-0.004999999999999893,
510500,2020-09-03,6.194,6.162,6.223,6.14,1385375.0,,1.3393577537518182,-0.5647894142326956,-0.03500000000000014,
510500,2020-09-04,6.092,6.119,6.133,6.052,1821954.0,,1.3145082765335996,-0.6978253813696875,-0.04300000000000015,
510500,2020-09-07,6.102,5.986,6.167,5.96,2128803.0,,3.382905703546329,-2.173557770877595,-0.133,
510500,2020-09-08,5.993,6.025,6.05,5.946,1665667.0,,1.737387236886069,0.6515202138322852,0.03900000000000059,
510500,2020-09-09,5.961,5.869,5.981,5.829,2181447.0,,2.5228215767634876,-2.589211618257271,-0.15600000000000058,
510500,2020-09-10,5.9,5.764,5.917,5.734,2778072.0,,3.118078037144315,-1.7890611688532891,-0.10499999999999954,
510500,2020-09-11,5.729,5.815,5.828,5.722,2250177.0,,1.8390006939625236,0.884802220680086,0.051000000000000156,
510500,2020-09-14,5.851,5.861,5.878,5.802,2377336.0,,1.3069647463456666,0.7910576096302557,0.045999999999999375,
510500,2020-09-15,5.847,5.885,5.898,5.834,1398307.0,,1.0919638286981752,0.40948643576181576,0.02400000000000002,
510500,2020-09-16,5.886,5.866,5.886,5.837,1264202.0,,0.8326253186066335,-0.3228547153780821,-0.019000000000000128,
510500,2020-09-17,5.845,5.879,5.927,5.808,1866411.0,,2.028639618138421,0.22161609273780944,0.0129999999999999,
510500,2020-09-18,5.872,5.99,5.993,5.863,2046933.0,,2.2112604184385085,1.8880762034359697,0.11100000000000065,
510500,2020-09-21,5.985,5.946,6.013,5.935,2752739.0,,1.3021702838063487,-0.7345575959933303,-0.04400000000000048,
510500,2020-09-22,5.911,5.869,5.977,5.843,1877292.0,,2.253615876219313,-1.2949882273797504,-0.07699999999999996,
510500,2020-09-23,5.872,5.899,5.917,5.863,1239950.0,,0.9200886011245423,0.5111603339580891,0.03000000000000025,
510500,2020-09-24,5.858,5.78,5.867,5.756,2625114.0,,1.8816748601457836,-2.017291066282417,-0.11899999999999977,
510500,2020-09-25,5.781,5.762,5.805,5.73,1793430.0,,1.297577854671268,-0.3114186851211191,-0.018000000000000682,
510500,2020-09-28,5.775,5.706,5.784,5.691,1632284.0,,1.6140229087122524,-0.9718847622353205,-0.05599999999999916,
510500,2020-09-29,5.723,5.749,5.803,5.709,2285574.0,,1.6473887136347756,0.7535927094286586,0.04299999999999926,
510500,2020-09-30,5.754,5.708,5.785,5.665,2315234.0,,2.0873195338319728,-0.7131675073925811,-0.04099999999999948,
510500,2020-10-09,5.8,5.863,5.889,5.8,1943606.0,,1.5592151366503226,2.7154870357393177,0.15500000000000025,
510500,2020-10-12,5.906,6.05,6.053,5.905,1723050.0,,2.524304963329348,3.1894934333958616,0.1869999999999994,
510500,2020-10-13,6.033,6.051,6.06,5.987,1951272.0,,1.2066115702479259,0.01652892561984023,0.001000000000000334,
510500,2020-10-14,6.043,6.023,6.046,6.008,1434718.0,,0.6279953726656793,-0.4627334324905052,-0.02800000000000047,
510500,2020-10-15,6.015,5.976,6.037,5.974,1521886.0,,1.0459903702473805,-0.7803420222480443,-0.04699999999999971,
510500,2020-10-16,5.986,5.942,5.992,5.896,1498340.0,,1.6064257028112465,-0.5689424364123127,-0.03399999999999981,
510500,2020-10-19,5.976,5.882,6.002,5.858,2987907.0,,2.4234264557388108,-1.0097610232245118,-0.0600000000000005,
510500,2020-10-20,5.868,5.933,5.939,5.844,1452437.0,,1.6150969058143445,0.86705202312139,0.051000000000000156,
510500,2020-10-21,5.924,5.882,5.94,5.839,1667242.0,,1.7023428282487776,-0.8595988538681975,-0.051000000000000156,
510500,2020-10-22,5.863,5.844,5.871,5.785,1578667.0,,1.4620877252635212,-0.6460387623257289,-0.03799999999999937,
510500,2020-10-23,5.83,5.744,5.888,5.733,1849189.0,,2.6522929500342274,-1.7111567419575722,-0.10000000000000053,
510500,2020-10-26,5.739,5.739,5.768,5.655,1873749.0,,1.9672701949860645,-0.08704735376044383,-0.004999999999999893,
510500,2020-10-27,5.709,5.737,5.754,5.7,1164666.0,,0.9409304756926187,-0.03484927687750095,-0.0019999999999997797,
510500,2020-10-28,5.737,5.772,5.777,5.689,1312405.0,,1.533902736621929,0.610074952065542,0.03500000000000014,
510500,2020-10-29,5.713,5.781,5.813,5.701,1683061.0,,1.940401940401942,0.15592515592514644,0.008999999999999453,
510500,2020-10-30,5.78,5.645,5.818,5.637,2136616.0,,3.1309462030790534,-2.3525341636395107,-0.13600000000000012,
510500,2020-11-02,5.649,5.665,5.696,5.636,1423140.0,,1.0628875110717382,0.3542958370239232,0.020000000000000462,
510500,2020-11-03,5.689,5.758,5.772,5.673,1501077.0,,1.747572815533984,1.6416593115622238,0.09299999999999997,
510500,2020-11-04,5.758,5.757,5.781,5.7,1951659.0,,1.4067384508509815,-0.01736714136853654,-0.001000000000000334,
510500,2020-11-05,5.803,5.876,5.888,5.785,1771943.0,,1.7891262810491533,2.067048810144184,0.11900000000000066,
510500,2020-11-06,5.876,5.83,5.885,5.77,1718166.0,,1.9571136827774032,-0.7828454731109642,-0.04600000000000026,
510500,2020-11-09,5.854,5.93,5.971,5.853,2570667.0,,2.024013722126935,1.7152658662092564,0.09999999999999964,
510500,2020-11-10,5.954,5.888,5.954,5.847,2402011.0,,1.8043844856660933,-0.7082630691399633,-0.041999999999999815,
510500,2020-11-11,5.872,5.814,5.899,5.813,1013077.0,,1.4605978260869616,-1.256793478260867,-0.07399999999999984,
510500,2020-11-12,5.818,5.834,5.865,5.81,1008467.0,,0.9459924320605538,0.3439972480220085,0.019999999999999574,
510500,2020-11-13,5.817,5.836,5.843,5.764,1488982.0,,1.354130956462114,0.03428179636614104,0.002000000000000668,
510500,2020-11-16,5.847,5.906,5.906,5.819,1337394.0,,1.4907470870459174,1.1994516792323404,0.0699999999999994,
510500,2020-11-17,5.9,5.865,5.902,5.832,1174559.0,,1.1852353538774179,-0.6942092786996188,-0.04099999999999948,
510500,2020-11-18,5.861,5.859,5.913,5.837,1607763.0,,1.2958226768968544,-0.1023017902813338,-0.006000000000000227,
510500,2020-11-19,5.85,5.893,5.902,5.814,1258747.0,,1.5019627922853742,0.5803038061102544,0.03399999999999981,
510500,2020-11-20,5.872,5.945,5.957,5.872,1641626.0,,1.4423892754115046,0.882402850839988,0.05200000000000049,
510500,2020-11-23,5.947,5.991,6.044,5.92,2074251.0,,2.0857863751051244,0.7737594617325377,0.045999999999999375,
510500,2020-11-24,5.989,5.989,6.011,5.978,1359848.0,,0.5508262393590446,-0.03338340844599866,-0.0019999999999997797,
510500,2020-11-25,6.004,5.89,6.014,5.88,1220204.0,,2.237435298046424,-1.6530305560193723,-0.0990000000000002,
510500,2020-11-26,5.889,5.872,5.897,5.826,1672075.0,,1.2054329371816745,-0.3056027164685874,-0.017999999999999794,
510500,2020-11-27,5.873,5.897,5.899,5.803,1467894.0,,1.6348773841961868,0.42574931880109596,0.025000000000000355,
510500,2020-11-30,5.898,5.851,5.933,5.833,2104188.0,,1.6957775139901585,-0.7800576564354801,-0.04600000000000026,
510500,2020-12-01,5.843,5.949,5.97,5.837,1643335.0,,2.2731157067168004,1.674927362843956,0.09799999999999986,
510500,2020-12-02,5.951,5.954,5.969,5.913,2157235.0,,0.9413346780971601,0.08404773911581599,0.004999999999999893,
510500,2020-12-03,5.953,5.975,5.992,5.912,1936932.0,,1.3436345314074585,0.35270406449445596,0.020999999999999908,
510500,2020-12-04,5.959,5.998,6.001,5.927,1305096.0,,1.2384937238493847,0.3849372384937335,0.023000000000000576,
510500,2020-12-07,5.995,5.953,6.003,5.936,1867852.0,,1.1170390130043375,-0.7502500833611192,-0.04499999999999993,
510500,2020-12-08,5.947,5.945,5.982,5.94,1345228.0,,0.7055266252309729,-0.13438602385351933,-0.008000000000000007,
510500,2020-12-09,5.95,5.849,5.959,5.843,2173417.0,,1.9512195121951161,-1.6148023549201023,-0.09600000000000009,
510500,2020-12-10,5.818,5.859,5.888,5.807,1220833.0,,1.3848521114720382,0.17096939647802678,0.009999999999999787,
510500,2020-12-11,5.862,5.76,5.883,5.726,1817076.0,,2.6796381635091318,-1.6897081413210482,-0.0990000000000002,
510500,2020-12-14,5.76,5.804,5.809,5.726,1201177.0,,1.4409722222222254,0.7638888888888973,0.04400000000000048,
510500,2020-12-15,5.791,5.81,5.82,5.773,1587525.0,,0.8097863542384666,0.10337698139213196,0.005999999999999339,
510500,2020-12-16,5.81,5.788,5.819,5.766,909967.0,,0.9122203098106703,-0.37865748709121094,-0.021999999999999353,
510500,2020-12-17,5.784,5.861,5.87,5.746,2054670.0,,2.1423635107118115,1.2612301313061423,0.07299999999999951,
510500,2020-12-18,5.854,5.84,5.876,5.81,1947078.0,,1.1260876983450046,-0.3583006312915869,-0.020999999999999908,
510500,2020-12-21,5.837,5.937,5.953,5.834,1938413.0,,2.0376712328767237,1.660958904109596,0.09700000000000042,
510500,2020-12-22,5.933,5.818,5.933,5.802,2145609.0,,2.206501600134752,-2.00437931615295,-0.11900000000000066,
510500,2020-12-23,5.819,5.851,5.89,5.795,1857667.0,,1.632863526985214,0.5672052251632925,0.03300000000000036,
510500,2020-12-24,5.848,5.774,5.85,5.76,1925713.0,,1.5381985985301632,-1.3160143565202522,-0.07699999999999996,
510500,2020-12-25,5.755,5.83,5.843,5.75,2219405.0,,1.6106685140284027,0.9698649116730178,0.05600000000000005,
510500,2020-12-28,5.821,5.793,5.844,5.773,2139928.0,,1.217838765008587,-0.6346483704974257,-0.03699999999999992,
510500,2020-12-29,5.796,5.767,5.845,5.754,2109532.0,,1.570861384429487,-0.4488175384084205,-0.0259999999999998,
510500,2020-12-30,5.761,5.817,5.849,5.746,1662173.0,,1.7860239292526399,0.8670019074041931,0.04999999999999982,
510500,2020-12-31,5.836,5.909,5.919,5.825,2067035.0,,1.6159532405019668,1.5815712566615032,0.09199999999999964,
510500,2021-01-04,5.927,6.014,6.046,5.899,3035862.0,,2.487730580470473,1.7769504146217707,0.10500000000000043,
510500,2021-01-05,6.003,6.069,6.083,5.983,2026001.0,,1.6627868307283096,0.9145327569005607,0.054999999999999716,
510500,2021-01-06,6.071,6.062,6.119,6.013,1404208.0,,1.7465809853353085,-0.11534025374855288,-0.006999999999999673,
510500,2021-01-07,6.05,6.088,6.107,6.016,1067883.0,,1.5011547344110885,0.4289013526888783,0.0259999999999998,
510500,2021-01-08,6.089,6.104,6.141,6.03,1351340.0,,1.8232588699080117,0.2628120893561106,0.016000000000000014,
510500,2021-01-11,6.097,6.006,6.107,5.968,1522740.0,,2.2771952817824412,-1.605504587155961,-0.09799999999999986,
510500,2021-01-12,5.988,6.083,6.089,5.986,1778100.0,,1.7149517149517255,1.2820512820512813,0.07699999999999996,
510500,2021-01-13,6.082,6.043,6.088,6.009,1483180.0,,1.2987012987012942,-0.6575702778234429,-0.040000000000000036,
510500,2021-01-14,6.03,5.998,6.065,5.959,1460246.0,,1.754095647857037,-0.7446632467317545,-0.04499999999999993,
510500,2021-01-15,5.992,5.975,6.002,5.905,2168354.0,,1.617205735245074,-0.38346115371791556,-0.023000000000000576,
510500,2021-01-18,5.953,6.05,6.069,5.949,1489552.0,,2.008368200836822,1.2552301255230156,0.07500000000000018,
510500,2021-01-19,6.05,6.016,6.072,6.002,1131514.0,,1.1570247933884346,-0.561983471074377,-0.03399999999999981,
510500,2021-01-20,6.014,6.073,6.083,6.0,1017349.0,,1.379654255319152,0.9474734042553254,0.057000000000000384,
510500,2021-01-21,6.081,6.162,6.186,6.081,1327385.0,,1.7289642680717854,1.465503046270369,0.08899999999999952,
510500,2021-01-22,6.149,6.171,6.182,6.107,1653067.0,,1.217137293086663,0.14605647517040476,0.009000000000000341,
510500,2021-01-25,6.168,6.181,6.245,6.135,855144.0,,1.7825311942959055,0.16204829039053292,0.009999999999999787,
510500,2021-01-26,6.149,6.084,6.157,6.068,1137187.0,,1.439896456884006,-1.569325351884815,-0.09700000000000042,
510500,2021-01-27,6.071,6.099,6.103,6.034,1286105.0,,1.134122287968441,0.24654832347140976,0.015000000000000568,
510500,2021-01-28,6.039,5.98,6.064,5.961,2376661.0,,1.6888014428594813,-1.9511395310706634,-0.11899999999999977,
510500,2021-01-29,5.993,5.892,6.013,5.81,2775648.0,,3.394648829431443,-1.4715719063545163,-0.08800000000000008,
510500,2021-02-01,5.891,5.935,5.942,5.886,1044764.0,,0.9504412763068576,0.7298031228784667,0.04299999999999926,
510500,2021-02-02,5.937,5.994,5.997,5.909,2128659.0,,1.48272957034541,0.9941027801179472,0.05900000000000016,
510500,2021-02-03,5.994,5.957,6.022,5.956,1823170.0,,1.1011011011010985,-0.6172839506172827,-0.03699999999999992,
510500,2021-02-04,5.933,5.89,5.954,5.812,3522828.0,,2.3837502098371575,-1.1247272116837363,-0.06700000000000017,
510500,2021-02-05,5.888,5.798,5.924,5.793,1921557.0,,2.2241086587436376,-1.561969439728347,-0.09199999999999964,
510500,2021-02-08,5.801,5.871,5.899,5.775,2063418.0,,2.1386685063815047,1.2590548464987996,0.0730000000000004,
510500,2021-02-09,5.867,5.995,6.009,5.867,2709694.0,,2.418668029296548,2.112076307273031,0.12399999999999967,
510500,2021-02-10,6.002,6.065,6.08,5.962,3200107.0,,1.9683069224353682,1.1676396997497962,0.07000000000000028,
510500,2021-02-18,6.186,6.159,6.221,6.099,1296603.0,,2.0115416323165687,1.5498763396537414,0.09399999999999942,
510500,2021-02-19,6.148,6.25,6.258,6.092,1877315.0,,2.695242734210105,1.4775125832115634,0.09100000000000019,
510500,2021-02-22,6.272,6.19,6.352,6.188,2075321.0,,2.6240000000000094,-0.9599999999999936,-0.05999999999999961,
510500,2021-02-23,6.159,6.173,6.243,6.154,2332911.0,,1.437802907916,-0.27463651050081334,-0.017000000000000348,
510500,2021-02-24,6.155,6.091,6.212,6.034,3450542.0,,2.8835250283492617,-1.3283654624979726,-0.08199999999999985,
510500,2021-02-25,6.129,6.059,6.149,6.022,1718780.0,,2.0850435068133275,-0.525365293055328,-0.03200000000000003,
510500,2021-02-26,5.961,5.92,6.004,5.899,2449627.0,,1.7329592341970548,-2.2941079386037337,-0.13900000000000023,
510500,2021-03-01,5.941,6.03,6.032,5.941,1822035.0,,1.5371621621621654,1.8581081081081134,0.11000000000000032,
510500,2021-03-02,6.049,5.981,6.055,5.942,2770719.0,,1.8739635157545529,-0.8126036484245501,-0.04900000000000038,
510500,2021-03-03,5.966,6.064,6.067,5.966,1568877.0,,1.688680822604915,1.3877278047149337,0.08300000000000018,
510500,2021-03-04,6.037,5.957,6.037,5.93,2812606.0,,1.7645118733509269,-1.7645118733509269,-0.1070000000000002,
510500,2021-03-05,5.901,5.967,5.999,5.88,2768024.0,,1.9976498237367766,0.1678697330871208,0.009999999999999787,
510500,2021-03-08,5.99,5.818,6.044,5.809,3019165.0,,3.938327467739223,-2.4970672029495566,-0.14900000000000002,
510500,2021-03-09,5.809,5.682,5.823,5.609,5123328.0,,3.6782399449982885,-2.337573049157773,-0.13599999999999923,
510500,2021-03-10,5.719,5.62,5.748,5.612,2454399.0,,2.39352340725097,-1.0911650827173578,-0.06200000000000028,
510500,2021-03-11,5.62,5.777,5.78,5.599,2423148.0,,3.220640569395019,2.7935943060498225,0.15700000000000003,
510500,2021-03-12,5.784,5.782,5.791,5.691,2201418.0,,1.7310022503029345,0.08655011251514441,0.004999999999999893,
510500,2021-03-15,5.745,5.742,5.788,5.678,2174574.0,,1.902455897613288,-0.6918021445866489,-0.040000000000000036,
510500,2021-03-16,5.741,5.745,5.785,5.692,1877721.0,,1.6196447230929987,0.05224660397074388,0.0030000000000001137,
510500,2021-03-17,5.733,5.78,5.791,5.677,1653680.0,,1.984334203655366,0.6092254134029615,0.03500000000000014,
510500,2021-03-18,5.78,5.824,5.861,5.78,1614663.0,,1.4013840830449744,0.7612456747404773,0.043999999999999595,
510500,2021-03-19,5.766,5.775,5.817,5.731,1525770.0,,1.4766483516483568,-0.8413461538461451,-0.04899999999999949,
510500,2021-03-22,5.765,5.852,5.864,5.765,1751034.0,,1.7142857142857175,1.3333333333333326,0.07699999999999996,
510500,2021-03-23,5.853,5.782,5.865,5.75,2012770.0,,1.9651401230348635,-1.1961722488038327,-0.07000000000000028,
510500,2021-03-24,5.741,5.717,5.794,5.702,2166433.0,,1.5911449325492846,-1.12417848495331,-0.06500000000000039,
510500,2021-03-25,5.691,5.731,5.757,5.675,2139135.0,,1.4343186986181538,0.24488368025188445,0.014000000000000234,
510500,2021-03-26,5.733,5.809,5.824,5.731,1947914.0,,1.6227534461699524,1.3610190193683527,0.07800000000000029,
510500,2021-03-29,5.815,5.809,5.83,5.767,2549110.0,,1.0845240144603152,0.0,0.0,
510500,2021-03-30,5.804,5.83,5.842,5.771,1500819.0,,1.22224134962988,0.36150800482010514,0.020999999999999908,
510500,2021-03-31,5.823,5.822,5.83,5.754,1878681.0,,1.3036020583190482,-0.1372212692967411,-0.008000000000000007,
510500,2021-04-01,5.817,5.864,5.882,5.796,1341360.0,,1.4771556166265787,0.7214015802129821,0.041999999999999815,
510500,2021-04-02,5.872,5.878,5.894,5.844,1237229.0,,0.8526603001364227,0.23874488403820315,0.014000000000000234,
510500,2021-04-06,5.89,5.89,5.932,5.872,1420583.0,,1.020755358965643,0.20415107179311953,0.011999999999999567,
510500,2021-04-07,5.895,5.899,5.902,5.838,1577805.0,,1.0865874363327686,0.15280135823430122,0.009000000000000341,
510500,2021-04-08,5.893,5.918,5.937,5.86,1551707.0,,1.3053059840650951,0.3220884895745063,0.019000000000000128,
510500,2021-04-09,5.904,5.897,5.922,5.87,886793.0,,0.8786752281176006,-0.354849611355186,-0.020999999999999908,
510500,2021-04-12,5.885,5.797,5.897,5.772,2586475.0,,2.1197218924877053,-1.6957775139901734,-0.10000000000000053,
510500,2021-04-13,5.783,5.778,5.822,5.764,1642383.0,,1.0005175090564056,-0.3277557357253774,-0.019000000000000128,
510500,2021-04-14,5.777,5.833,5.854,5.777,1652684.0,,1.3326410522672198,0.951886465905168,0.055000000000000604,
510500,2021-04-15,5.824,5.839,5.847,5.775,1645083.0,,1.2343562489285114,0.10286302074404641,0.006000000000000227,
510500,2021-04-16,5.856,5.915,5.917,5.839,2505043.0,,1.3358451789689914,1.3015927384826103,0.07599999999999962,
510500,2021-04-19,5.906,5.978,5.992,5.882,1764843.0,,1.8596787827557113,1.065088757396445,0.06299999999999972,
510500,2021-04-20,5.967,5.99,6.019,5.961,1533981.0,,0.9702241552358621,0.20073603211777274,0.012000000000000455,
510500,2021-04-21,5.964,5.974,5.995,5.931,912021.0,,1.068447412353924,-0.267111853088481,-0.016000000000000014,
510500,2021-04-22,5.988,5.996,6.024,5.976,1717413.0,,0.8034817542684974,0.3682624707063984,0.02200000000000024,
510500,2021-04-23,5.995,6.027,6.029,5.966,902586.0,,1.0507004669779807,0.5170113408939242,0.030999999999999694,
510500,2021-04-26,6.023,6.001,6.104,5.995,1575532.0,,1.808528289364526,-0.4313920690227277,-0.0259999999999998,
510500,2021-04-27,5.999,5.999,6.027,5.966,1312648.0,,1.016497250458256,-0.03332777870356053,-0.002000000000000668,
510500,2021-04-28,5.997,6.044,6.05,5.96,997835.0,,1.50025004167361,0.750125020836805,0.04499999999999993,
510500,2021-04-29,6.044,6.046,6.057,6.009,1012606.0,,0.7941760423560564,0.03309066843151337,0.002000000000000668,
510500,2021-04-30,6.044,6.056,6.064,5.986,1115413.0,,1.2901091630830348,0.165398610651667,0.009999999999999787,
510500,2021-05-06,6.051,6.036,6.107,6.0,1312625.0,,1.7668428005284051,-0.33025099075297987,-0.020000000000000462,
510500,2021-05-07,6.044,6.009,6.09,6.002,1961548.0,,1.4579191517561314,-0.44731610337970923,-0.026999999999999247,
510500,2021-05-10,6.009,6.028,6.059,5.996,1140243.0,,1.0484273589615531,0.31619237809950473,0.01899999999999924,
510500,2021-05-11,6.0,6.01,6.035,5.915,1057190.0,,1.9907100199071022,-0.2986065029860616,-0.017999999999999794,
510500,2021-05-12,5.996,6.079,6.091,5.976,1058087.0,,1.9134775374376074,1.1480865224625616,0.06899999999999995,
510500,2021-05-13,6.044,6.009,6.062,5.994,1425188.0,,1.11860503372266,-1.1515051817733082,-0.0699999999999994,
510500,2021-05-14,6.018,6.106,6.109,5.993,2137629.0,,1.9304376768181002,1.6142452987185811,0.09699999999999953,
510500,2021-05-17,6.106,6.139,6.176,6.099,1666054.0,,1.2610547002947914,0.5404520144120597,0.03300000000000036,
510500,2021-05-18,6.139,6.156,6.168,6.127,1436336.0,,0.6678612151816317,0.27691806483139697,0.01699999999999946,
510500,2021-05-19,6.148,6.146,6.154,6.107,890060.0,,0.7634827810266359,-0.1624431448992818,-0.009999999999999787,
510500,2021-05-20,6.143,6.122,6.151,6.072,966255.0,,1.285388870810279,-0.3904978848031243,-0.02400000000000002,
510500,2021-05-21,6.121,6.098,6.142,6.082,941467.0,,0.9800718719372835,-0.39202874877491045,-0.02400000000000002,
510500,2021-05-24,6.096,6.116,6.141,6.059,938705.0,,1.3447031813709387,0.29517874713020326,0.017999999999999794,
510500,2021-05-25,6.115,6.184,6.205,6.1,1430926.0,,1.7168083714846374,1.1118378024852928,0.0680000000000005,
510500,2021-05-26,6.188,6.194,6.203,6.175,2379804.0,,0.45278137128073204,0.16170763260025528,0.009999999999999787,
510500,2021-05-27,6.188,6.247,6.25,6.179,2050011.0,,1.1462705844365473,0.8556667742977064,0.052999999999999936,
510500,2021-05-28,6.249,6.244,6.28,6.214,1689170.0,,1.0565071234192387,-0.04802305106451279,-0.0030000000000001137,
510500,2021-05-31,6.247,6.29,6.293,6.229,1515914.0,,1.024983984625241,0.7367072389493957,0.04600000000000026,
510500,2021-06-01,6.284,6.3,6.306,6.221,2568562.0,,1.3513513513513506,0.158982511923685,0.009999999999999787,
510500,2021-06-02,6.297,6.26,6.31,6.238,1552095.0,,1.14285714285713,-0.6349206349206356,-0.040000000000000036,
510500,2021-06-03,6.254,6.247,6.312,6.239,1086163.0,,1.1661341853035208,-0.20766773162939142,-0.0129999999999999,
510500,2021-06-04,6.222,6.277,6.308,6.204,1028095.0,,1.6647991035697152,0.4802305106451137,0.03000000000000025,
510500,2021-06-07,6.29,6.295,6.303,6.255,1671511.0,,0.764696511072169,0.2867611916520598,0.017999999999999794,
510500,2021-06-08,6.291,6.271,6.334,6.235,1096606.0,,1.572676727561546,-0.38125496425734745,-0.02400000000000002,
510500,2021-06-09,6.26,6.265,6.284,6.239,884139.0,,0.717588901291659,-0.09567852017222496,-0.006000000000000227,
510500,2021-06-10,6.269,6.348,6.353,6.254,973626.0,,1.5802075019952146,1.3248204309656852,0.08300000000000018,
510500,2021-06-11,6.346,6.316,6.358,6.303,963346.0,,0.8664146187775633,-0.504095778197858,-0.03200000000000003,
510500,2021-06-15,6.316,6.236,6.325,6.228,1033547.0,,1.5357821405953203,-1.2666244458518061,-0.08000000000000007,
510500,2021-06-16,6.236,6.158,6.239,6.139,1570194.0,,1.6035920461834452,-1.2508017960230822,-0.0779999999999994,
510500,2021-06-17,6.145,6.197,6.208,6.145,1174271.0,,1.0230594348814648,0.6333225073075625,0.0389999999999997,
510500,2021-06-18,6.197,6.262,6.308,6.181,1859726.0,,2.0493787316443406,1.0488946264321366,0.0649999999999995,
510500,2021-06-21,6.246,6.287,6.312,6.227,1339867.0,,1.3573938038965183,0.3992334717342759,0.025000000000000355,
510500,2021-06-22,6.306,6.326,6.337,6.274,1142697.0,,1.0020677588675,0.6203276602513075,0.0389999999999997,
510500,2021-06-23,6.333,6.379,6.392,6.31,1097606.0,,1.296237748972506,0.8378122036041723,0.052999999999999936,
510500,2021-06-24,6.379,6.355,6.379,6.332,1972241.0,,0.7367926007211116,-0.37623451951715214,-0.023999999999999133,
510500,2021-06-25,6.346,6.408,6.426,6.337,1856501.0,,1.4004720692368278,0.8339889850511397,0.052999999999999936,
510500,2021-06-28,6.408,6.412,6.438,6.39,737631.0,,0.7490636704119856,0.062421972534325215,0.0039999999999995595,
510500,2021-06-29,6.412,6.361,6.422,6.34,1757478.0,,1.2788521522145955,-0.7953836556456668,-0.051000000000000156,
510500,2021-06-30,6.363,6.394,6.413,6.353,1389422.0,,0.9432479169941912,0.5187863543468065,0.03300000000000036,
510500,2021-07-01,6.411,6.319,6.415,6.312,1304142.0,,1.6108852048795708,-1.172974663747266,-0.07500000000000018,
510500,2021-07-02,6.306,6.264,6.321,6.254,1227000.0,,1.060294350371897,-0.87039088463364,-0.054999999999999716,
510500,2021-07-05,6.264,6.303,6.315,6.264,1021735.0,,0.8141762452107305,0.6226053639846695,0.0389999999999997,
510500,2021-07-06,6.303,6.302,6.337,6.238,1121336.0,,1.5706806282722405,-0.0158654608916442,-0.001000000000000334,
510500,2021-07-07,6.264,6.361,6.365,6.254,1094795.0,,1.7613456045699885,0.9362107267534142,0.05900000000000016,
510500,2021-07-08,6.368,6.352,6.394,6.343,955788.0,,0.8017607294450583,-0.1414871875491189,-0.008999999999999453,
510500,2021-07-09,6.351,6.408,6.415,6.298,1094977.0,,1.8419395465994959,0.8816120906801015,0.05600000000000005,
510500,2021-07-12,6.442,6.503,6.526,6.434,1506855.0,,1.4357053682896324,1.482521847690383,0.09499999999999975,
510500,2021-07-13,6.503,6.566,6.573,6.485,798170.0,,1.3532215900353695,0.9687836383207706,0.06299999999999972,
510500,2021-07-14,6.563,6.522,6.576,6.502,1805172.0,,1.1270179713676491,-0.670118793786165,-0.043999999999999595,
510500,2021-07-15,6.511,6.538,6.547,6.453,1434855.0,,1.4412756823060322,0.24532352039251787,0.016000000000000014,
510500,2021-07-16,6.522,6.547,6.599,6.522,1051270.0,,1.1777301927194854,0.1376567757723991,0.008999999999999453,
510500,2021-07-19,6.501,6.509,6.553,6.482,1192292.0,,1.0844661677103975,-0.5804185122956983,-0.03799999999999937,
510500,2021-07-20,6.474,6.517,6.526,6.46,1337093.0,,1.0139806421877375,0.12290674450760496,0.008000000000000007,
510500,2021-07-21,6.528,6.602,6.612,6.528,1544116.0,,1.2889366272824998,1.3042811109406163,0.08499999999999996,
510500,2021-07-22,6.605,6.632,6.64,6.578,774797.0,,0.9391093607997484,0.45440775522567944,0.02999999999999936,
510500,2021-07-23,6.642,6.619,6.671,6.588,1235951.0,,1.2515078407720173,-0.1960193003618803,-0.0129999999999999,
510500,2021-07-26,6.605,6.492,6.62,6.415,2574860.0,,3.097144583773985,-1.9187188397038795,-0.12699999999999978,
510500,2021-07-27,6.489,6.364,6.546,6.353,3718049.0,,2.9728897104128236,-1.971657424522491,-0.1280000000000001,
510500,2021-07-28,6.311,6.264,6.344,6.18,4919590.0,,2.5769956002514234,-1.5713387806411006,-0.09999999999999964,
510500,2021-07-29,6.352,6.375,6.392,6.31,3057297.0,,1.309067688378045,1.7720306513409925,0.11099999999999977,
510500,2021-07-30,6.345,6.396,6.401,6.326,1553074.0,,1.1764705882352968,0.3294117647058809,0.020999999999999908,
510500,2021-08-02,6.394,6.486,6.493,6.36,2908945.0,,2.0794246404002505,1.4071294559099417,0.08999999999999986,
510500,2021-08-03,6.481,6.439,6.492,6.424,2433424.0,,1.0484119642306449,-0.7246376811594157,-0.04699999999999971,
510500,2021-08-04,6.437,6.538,6.54,6.426,3055811.0,,1.7704612517471636,1.5375058238856996,0.0990000000000002,
510500,2021-08-05,6.524,6.53,6.559,6.489,1473398.0,,1.0706638115631735,-0.1223615784643623,-0.008000000000000007,
510500,2021-08-06,6.531,6.561,6.563,6.505,721395.0,,0.8882082695252653,0.4747320061255696,0.030999999999999694,
510500,2021-08-09,6.54,6.588,6.602,6.51,1398444.0,,1.4022252705380358,0.411522633744858,0.027000000000000135,
510500,2021-08-10,6.58,6.635,6.64,6.569,887425.0,,1.0777170613236147,0.7134183363691515,0.04699999999999971,
510500,2021-08-11,6.634,6.687,6.692,6.614,863326.0,,1.1755840241145485,0.7837226827430368,0.05200000000000049,
510500,2021-08-12,6.676,6.714,6.737,6.652,959175.0,,1.271123074622401,0.4037685060565296,0.027000000000000135,
510500,2021-08-13,6.71,6.716,6.743,6.677,839808.0,,0.9830205540661411,0.02978850163836431,0.0019999999999997797,
510500,2021-08-16,6.717,6.681,6.73,6.663,1083856.0,,0.9976176295413962,-0.5211435378201332,-0.03500000000000014,
510500,2021-08-17,6.67,6.528,6.686,6.508,3031830.0,,2.6642718155964666,-2.2900763358778695,-0.15300000000000047,
510500,2021-08-18,6.524,6.557,6.577,6.496,1958593.0,,1.2408088235294044,0.44424019607844367,0.029000000000000803,
510500,2021-08-19,6.546,6.572,6.595,6.487,1782311.0,,1.6470947079457015,0.22876315388134327,0.01499999999999968,
510500,2021-08-20,6.553,6.542,6.579,6.478,1606132.0,,1.5368228849665244,-0.4564820450395656,-0.03000000000000025,
510500,2021-08-23,6.554,6.64,6.649,6.554,1569616.0,,1.452155304188318,1.498012840110056,0.09799999999999986,
510500,2021-08-24,6.666,6.712,6.721,6.621,1132461.0,,1.506024096385537,1.0843373493975914,0.07200000000000006,
510500,2021-08-25,6.71,6.768,6.771,6.676,842659.0,,1.4153754469606639,0.8343265792610257,0.05600000000000005,
510500,2021-08-26,6.766,6.738,6.788,6.727,829137.0,,0.9013002364066186,-0.4432624113475083,-0.02999999999999936,
510500,2021-08-27,6.727,6.792,6.804,6.711,634108.0,,1.3802315227070343,0.8014247551202045,0.05399999999999938,
510500,2021-08-30,6.806,6.841,6.877,6.795,883207.0,,1.2073027090694914,0.7214369846878737,0.04900000000000038,
510500,2021-08-31,6.838,6.869,6.871,6.773,775768.0,,1.43253910247041,0.40929688642010786,0.02799999999999958,
510500,2021-09-01,6.876,6.808,6.885,6.727,1039705.0,,2.300189256078024,-0.8880477507643026,-0.06099999999999994,
510500,2021-09-02,6.8,6.936,6.944,6.786,886281.0,,2.3207990599295,1.880141010575795,0.1280000000000001,
510500,2021-09-03,6.963,6.899,7.006,6.853,1349934.0,,2.2058823529411833,-0.5334486735870807,-0.03699999999999992,
510500,2021-09-06,6.903,6.961,6.963,6.852,956768.0,,1.6089288302652525,0.8986809682562731,0.06200000000000028,
510500,2021-09-07,6.951,7.119,7.123,6.95,927624.0,,2.485275104151703,2.2697888234449,0.15799999999999947,
510500,2021-09-08,7.119,7.166,7.169,7.106,1067987.0,,0.8849557522123855,0.6602050849838544,0.0470000000000006,
510500,2021-09-09,7.157,7.231,7.24,7.138,776634.0,,1.4233882221602052,0.9070611219648269,0.0649999999999995,
510500,2021-09-10,7.223,7.228,7.286,7.176,1267154.0,,1.5212280459134204,-0.04148803761582234,-0.0030000000000001137,
510500,2021-09-13,7.207,7.254,7.268,7.172,1216260.0,,1.3281682346430561,0.3597122302158246,0.0259999999999998,
510500,2021-09-14,7.251,7.171,7.311,7.151,1203533.0,,2.205679625034466,-1.1441963054866184,-0.0829999999999993,
510500,2021-09-15,7.141,7.202,7.241,7.136,793442.0,,1.4642309301352605,0.4322967508018365,0.030999999999999694,
510500,2021-09-16,7.207,7.067,7.268,7.061,1325680.0,,2.8742016106637025,-1.8744793113024132,-0.1349999999999998,
510500,2021-09-17,7.045,7.007,7.097,6.907,2594170.0,,2.6885524267723273,-0.8490165558228455,-0.0600000000000005,
510500,2021-09-22,6.9,7.079,7.082,6.9,1366398.0,,2.5974025974025903,1.0275438846867428,0.07200000000000006,
510500,2021-09-23,7.1,7.119,7.147,7.068,1482142.0,,1.1159768328860098,0.5650515609549376,0.040000000000000036,
510500,2021-09-24,7.119,7.01,7.119,7.002,3466043.0,,1.643489254108723,-1.5311139204944513,-0.10899999999999999,
510500,2021-09-27,7.009,6.81,7.028,6.766,4637984.0,,3.7375178316690385,-2.853067047075609,-0.20000000000000018,
510500,2021-09-28,6.795,6.814,6.842,6.782,1570087.0,,0.8810572687224614,0.05873715124817104,0.004000000000000448,
510500,2021-09-29,6.784,6.656,6.786,6.627,3640229.0,,2.333431171118283,-2.318755503375409,-0.15800000000000036,
510500,2021-09-30,6.662,6.718,6.728,6.662,2628261.0,,0.991586538461536,0.9314903846153888,0.06200000000000028,
510500,2021-10-08,6.786,6.708,6.813,6.671,2123653.0,,2.1137243227150857,-0.1488538255433133,-0.009999999999999787,
510500,2021-10-11,6.701,6.702,6.738,6.663,1754982.0,,1.1180679785330974,-0.08944543828265097,-0.006000000000000227,
510500,2021-10-12,6.702,6.568,6.704,6.526,3119293.0,,2.6559236048940607,-1.9994031632348603,-0.13400000000000034,
510500,2021-10-13,6.559,6.599,6.617,6.519,1695016.0,,1.4920828258221661,0.4719853836784498,0.031000000000000583,
510500,2021-10-14,6.574,6.624,6.644,6.561,1770336.0,,1.257766328231553,0.3788452795878082,0.024999999999999467,
510500,2021-10-15,6.624,6.659,6.665,6.597,2080979.0,,1.026570048309173,0.5283816425120794,0.03500000000000014,
510500,2021-10-18,6.64,6.68,6.683,6.601,2753473.0,,1.2314161285478278,0.31536266706712585,0.020999999999999908,
510500,2021-10-19,6.68,6.734,6.742,6.657,2034651.0,,1.2724550898203588,0.8083832335329382,0.05400000000000027,
510500,2021-10-20,6.695,6.731,6.769,6.681,1683101.0,,1.306801306801308,-0.04455004455004624,-0.0030000000000001137,
510500,2021-10-21,6.727,6.713,6.761,6.68,1359628.0,,1.2033873124350083,-0.2674194027633308,-0.017999999999999794,
510500,2021-10-22,6.704,6.66,6.729,6.651,1206003.0,,1.1619246238641485,-0.7895128854461484,-0.052999999999999936,
510500,2021-10-25,6.647,6.718,6.72,6.635,965025.0,,1.2762762762762758,0.8708708708708682,0.05799999999999983,
510500,2021-10-26,6.724,6.728,6.769,6.697,1630494.0,,1.0717475439118795,0.1488538255433133,0.009999999999999787,
510500,2021-10-27,6.71,6.666,6.722,6.636,878035.0,,1.2782401902497071,-0.9215219976218696,-0.06199999999999939,
510500,2021-10-28,6.654,6.584,6.665,6.566,2629406.0,,1.485148514851488,-1.230123012301241,-0.08200000000000074,
510500,2021-10-29,6.583,6.653,6.655,6.556,1451550.0,,1.50364520048603,1.0479951397326845,0.06899999999999995,
510500,2021-11-01,6.628,6.679,6.705,6.622,1004768.0,,1.2475574928603665,0.39080114234181107,0.02600000000000069,
510500,2021-11-02,6.667,6.612,6.727,6.557,3254975.0,,2.5452912112591695,-1.0031441832609698,-0.06700000000000017,
510500,2021-11-03,6.601,6.635,6.664,6.596,1519309.0,,1.0284331518451242,0.3478523895946716,0.022999999999999687,
510500,2021-11-04,6.641,6.69,6.695,6.641,950184.0,,0.8138658628485346,0.8289374529012902,0.055000000000000604,
510500,2021-11-05,6.679,6.634,6.698,6.628,1804220.0,,1.0463378176382703,-0.8370702541106136,-0.05600000000000005,
510500,2021-11-08,6.617,6.655,6.668,6.607,1261528.0,,0.9195055773289107,0.31655110039191897,0.020999999999999908,
510500,2021-11-09,6.675,6.698,6.707,6.649,1539389.0,,0.8715251690458276,0.6461307287753592,0.04300000000000015,
510500,2021-11-10,6.692,6.681,6.692,6.582,2346547.0,,1.6422812779934355,-0.25380710659899,-0.017000000000000348,
510500,2021-11-11,6.672,6.738,6.741,6.665,1349181.0,,1.1375542583445535,0.8531656937584252,0.057000000000000384,
510500,2021-11-12,6.745,6.777,6.791,6.738,866999.0,,0.7865835559513199,0.5788067675868165,0.0389999999999997,
510500,2021-11-15,6.773,6.725,6.811,6.705,1089523.0,,1.5641139147115224,-0.7673011657075475,-0.05200000000000049,
510500,2021-11-16,6.722,6.678,6.751,6.67,998287.0,,1.204460966542757,-0.698884758364308,-0.04699999999999971,
510500,2021-11-17,6.679,6.719,6.722,6.667,1159843.0,,0.8235998802036628,0.6139562743336383,0.04100000000000037,
510500,2021-11-18,6.715,6.718,6.759,6.683,1722075.0,,1.1311207024854966,-0.01488316713797193,-0.001000000000000334,
510500,2021-11-19,6.71,6.801,6.81,6.707,2181358.0,,1.533194403096156,1.2354867520095294,0.08300000000000018,
510500,2021-11-22,6.814,6.862,6.871,6.81,2361923.0,,0.8969269225114075,0.8969269225113945,0.06099999999999994,
510500,2021-11-23,6.854,6.879,6.906,6.848,1547576.0,,0.8452346254736204,0.24774118332846778,0.01699999999999946,
510500,2021-11-24,6.866,6.873,6.902,6.85,862136.0,,0.7559238261375272,-0.087221979938935,-0.005999999999999339,
510500,2021-11-25,6.871,6.869,6.885,6.855,858996.0,,0.43649061545175843,-0.05819874872690889,-0.004000000000000448,
510500,2021-11-26,6.828,6.848,6.881,6.814,1044241.0,,0.9753967098558768,-0.30572135682049656,-0.020999999999999908,
510500,2021-11-29,6.788,6.855,6.86,6.774,1615537.0,,1.2558411214953313,0.1022196261682325,0.007000000000000561,
510500,2021-11-30,6.862,6.869,6.899,6.828,1303971.0,,1.0357403355215131,0.2042304886943741,0.013999999999999346,
510500,2021-12-01,6.864,6.906,6.909,6.847,768421.0,,0.9026059106128896,0.538651914398019,0.03699999999999992,
510500,2021-12-02,6.894,6.863,6.903,6.841,931372.0,,0.8977700550246074,-0.6226469736460942,-0.04299999999999926,
510500,2021-12-03,6.855,6.93,6.936,6.851,811437.0,,1.2385254261984548,0.9762494535917132,0.06699999999999928,
510500,2021-12-06,6.924,6.873,6.951,6.861,1420154.0,,1.2987012987012967,-0.8225108225108153,-0.056999999999999496,
510500,2021-12-07,6.893,6.829,6.903,6.788,911160.0,,1.6732140258984334,-0.640186235995933,-0.04400000000000048,
510500,2021-12-08,6.831,6.933,6.934,6.831,1032141.0,,1.5082735393176125,1.5229169717381768,0.10400000000000009,
510500,2021-12-09,6.92,6.94,6.966,6.91,844036.0,,0.8077311409202373,0.10096639261503768,0.007000000000000561,
510500,2021-12-10,6.913,6.938,6.955,6.913,1469407.0,,0.6051873198847235,-0.028818443804044205,-0.002000000000000668,
510500,2021-12-13,6.937,6.953,6.979,6.923,951802.0,,0.8071490343038347,0.21620063418853513,0.015000000000000568,
510500,2021-12-14,6.929,6.936,6.963,6.924,703971.0,,0.5609089601610773,-0.24449877750611745,-0.017000000000000348,
510500,2021-12-15,6.925,6.927,6.964,6.914,719848.0,,0.7208765859284992,-0.12975778546713293,-0.009000000000000341,
510500,2021-12-16,6.927,6.993,6.996,6.924,1095205.0,,1.039411000433089,0.9527934170636745,0.06600000000000072,
510500,2021-12-17,6.993,6.942,6.993,6.928,2085296.0,,0.929500929500935,-0.7293007293007315,-0.051000000000000156,
510500,2021-12-20,6.91,6.829,6.936,6.82,4126650.0,,1.6709881878421156,-1.6277729760875892,-0.11300000000000043,
510500,2021-12-21,6.821,6.883,6.911,6.821,2002078.0,,1.317908917850342,0.7907453507102105,0.05400000000000027,
510500,2021-12-22,6.893,6.912,6.934,6.881,1393045.0,,0.7700130756937372,0.42132790934185554,0.028999999999999915,
510500,2021-12-23,6.924,6.952,6.972,6.903,1068636.0,,0.9982638888889009,0.5787037037037042,0.040000000000000036,
510500,2021-12-24,6.951,6.91,6.951,6.88,2780005.0,,1.02128883774453,-0.6041426927502851,-0.041999999999999815,
510500,2021-12-27,6.896,6.895,6.948,6.885,2750418.0,,0.911722141823453,-0.2170767004341616,-0.015000000000000568,
510500,2021-12-28,6.899,6.9,6.91,6.858,1970082.0,,0.7541696881798476,0.07251631617114986,0.005000000000000782,
510500,2021-12-29,6.896,6.882,6.907,6.866,2089351.0,,0.5942028985507299,-0.2608695652174012,-0.018000000000000682,
510500,2021-12-30,6.87,6.933,6.941,6.869,2191431.0,,1.046207497820402,0.741063644289453,0.051000000000000156,
510500,2021-12-31,6.933,6.97,6.99,6.932,1947819.0,,0.8365786816673854,0.533679503822298,0.03699999999999992,
510500,2023-05-17,5.886,5.903,5.929,5.879,1538331.0,,0.7173601147776286,-15.308464849354378,-1.0670000000000002,
510500,2023-05-18,5.914,5.913,5.939,5.883,1734112.0,,0.9486701677113342,0.16940538709132094,0.010000000000000675,
510500,2023-05-19,5.905,5.918,5.952,5.875,1729168.0,,1.3022154574665983,0.08455944529003709,0.004999999999999893,
510500,2023-05-22,5.917,5.909,5.937,5.876,1153644.0,,1.0307536329841154,-0.1520784048665147,-0.009000000000000341,
510500,2023-05-23,5.909,5.844,5.914,5.841,1387183.0,,1.2354036215941702,-1.1000169233372736,-0.0649999999999995,
510500,2023-05-24,5.84,5.798,5.859,5.791,2461380.0,,1.1635865845311364,-0.7871321013004836,-0.04600000000000026,
510500,2023-05-25,5.8,5.78,5.829,5.719,1954870.0,,1.8972059330803628,-0.31045187995860285,-0.017999999999999794,
510500,2023-05-26,5.782,5.833,5.848,5.746,1750330.0,,1.7647058823529311,0.9169550173010368,0.052999999999999936,
510500,2023-05-29,5.85,5.826,5.866,5.803,1917946.0,,1.0800617178124416,-0.12000685753472588,-0.007000000000000561,
510500,2023-05-30,5.823,5.859,5.867,5.764,2107215.0,,1.7679368348781286,0.5664263645726119,0.03300000000000036,
510500,2023-05-31,5.85,5.852,5.864,5.809,1713193.0,,0.9387267451783532,-0.11947431302269454,-0.006999999999999673,
510500,2023-06-01,5.854,5.862,5.904,5.82,2875100.0,,1.435406698564587,0.1708817498291146,0.009999999999999787,
510500,2023-06-02,5.88,5.914,5.931,5.879,2435427.0,,0.887069259638357,0.8870692596383419,0.0519999999999996,
510500,2023-06-05,5.905,5.901,5.915,5.886,1053204.0,,0.49036185322962317,-0.21981738248224386,-0.0129999999999999,
510500,2023-06-06,5.902,5.787,5.903,5.781,1499592.0,,2.067446195560073,-1.9318759532282643,-0.11399999999999988,
510500,2023-06-07,5.791,5.791,5.825,5.78,1360410.0,,0.7776049766718495,0.0691204423708389,0.004000000000000448,
510500,2023-06-08,5.794,5.778,5.808,5.736,1923525.0,,1.2433085822828538,-0.22448627180108424,-0.013000000000000789,
510500,2023-06-09,5.79,5.829,5.84,5.779,2081675.0,,1.0557286258220828,0.8826583592938761,0.051000000000000156,
510500,2023-06-12,5.835,5.847,5.874,5.815,1874926.0,,1.012180476925704,0.3088008234688743,0.018000000000000682,
510500,2023-06-13,5.847,5.865,5.873,5.838,1256949.0,,0.5985975714041413,0.30785017957926786,0.017999999999999794,
510500,2023-06-14,5.874,5.872,5.891,5.861,1195566.0,,0.5115089514066539,0.11935208866154601,0.006999999999999673,
510500,2023-06-15,5.88,5.926,5.94,5.876,1954461.0,,1.0899182561307912,0.9196185286103588,0.05400000000000027,
510500,2023-06-16,5.927,5.969,5.991,5.926,2065270.0,,1.096861289233876,0.72561592980088,0.04300000000000015,
510500,2023-06-19,5.98,5.961,5.985,5.955,1192619.0,,0.5025967498743549,-0.13402579996649366,-0.008000000000000007,
510500,2023-06-20,5.963,5.958,5.976,5.94,762272.0,,0.6039255158530379,-0.050327126321088975,-0.0030000000000001137,
510500,2023-06-21,5.952,5.833,5.952,5.83,1667993.0,,2.04766700234978,-2.098019469620678,-0.125,
510500,2023-06-26,5.804,5.732,5.819,5.72,3443232.0,,1.697239842276705,-1.7315275158580488,-0.10099999999999998,
510500,2023-06-27,5.733,5.777,5.788,5.732,3172961.0,,0.9769713886950462,0.7850662944870888,0.04499999999999993,
510500,2023-06-28,5.773,5.791,5.793,5.696,2730213.0,,1.6790721827938448,0.2423403150424136,0.014000000000000234,
510500,2023-06-29,5.778,5.782,5.802,5.76,2215433.0,,0.7252633396649941,-0.15541357278536247,-0.009000000000000341,
510500,2023-06-30,5.771,5.855,5.866,5.771,1971456.0,,1.6430300933932853,1.26253891387064,0.0730000000000004,
510500,2023-07-03,5.864,5.884,5.905,5.845,1662058.0,,1.0247651579846369,0.49530315969256894,0.028999999999999915,
510500,2023-07-04,5.879,5.898,5.901,5.877,1734127.0,,0.4078857919782465,0.23793337865396577,0.013999999999999346,
510500,2023-07-05,5.892,5.867,5.904,5.855,2322338.0,,0.8307900983384112,-0.5256018989487911,-0.030999999999999694,
510500,2023-07-06,5.86,5.832,5.895,5.827,1697691.0,,1.1590250553945733,-0.5965570138060362,-0.03500000000000014,
510500,2023-07-07,5.83,5.816,5.842,5.784,1136526.0,,0.9945130315500657,-0.2743484224965709,-0.016000000000000014,
510500,2023-07-10,5.838,5.837,5.861,5.808,1185252.0,,0.9112792297111406,0.3610729023383753,0.020999999999999908,
510500,2023-07-11,5.849,5.887,5.889,5.83,1031677.0,,1.010793215692996,0.8566044200788046,0.04999999999999982,
510500,2023-07-12,5.889,5.826,5.894,5.818,940533.0,,1.2909801257007052,-1.0361814166808212,-0.06099999999999994,
510500,2023-07-13,5.849,5.91,5.914,5.849,1780132.0,,1.1156882938551236,1.4418125643666413,0.08400000000000052,
510500,2023-07-14,5.915,5.886,5.917,5.885,886348.0,,0.5414551607445013,-0.406091370558376,-0.02400000000000002,
510500,2023-07-17,5.879,5.871,5.879,5.838,1921224.0,,0.6965681277607795,-0.25484199796125856,-0.01499999999999968,
510500,2023-07-18,5.871,5.862,5.888,5.838,1571550.0,,0.8516436722875118,-0.1532958610117585,-0.009000000000000341,
510500,2023-07-19,5.854,5.853,5.877,5.824,1204870.0,,0.9041282838621619,-0.15353121801433542,-0.009000000000000341,
510500,2023-07-20,5.865,5.787,5.88,5.782,2581532.0,,1.6743550316077203,-1.1276268580215247,-0.06599999999999984,
510500,2023-07-21,5.785,5.79,5.83,5.774,2574504.0,,0.9676861931916372,0.051840331778125345,0.0030000000000001137,
510500,2023-07-24,5.76,5.78,5.821,5.76,1048382.0,,1.0535405872193426,-0.17271157167529858,-0.009999999999999787,
510500,2023-07-25,5.83,5.878,5.885,5.83,1852674.0,,0.9515570934256005,1.6955017301038038,0.09799999999999986,
510500,2023-07-26,5.877,5.867,5.883,5.847,1043384.0,,0.6124532153793738,-0.18713848247703505,-0.01100000000000012,
510500,2023-07-27,5.872,5.825,5.879,5.815,976425.0,,1.0908471109595905,-0.7158684165672373,-0.041999999999999815,
510500,2023-07-28,5.8,5.917,5.922,5.8,1759335.0,,2.094420600858367,1.579399141630895,0.09199999999999964,
510500,2023-07-31,5.926,5.956,6.013,5.924,2269487.0,,1.5041406117965106,0.6591177961805069,0.03900000000000059,
510500,2023-08-01,5.956,5.961,5.986,5.95,1705671.0,,0.6044325050369306,0.0839489590329062,0.004999999999999893,
510500,2023-08-02,5.957,5.939,5.98,5.92,1520788.0,,1.0065425264217496,-0.3690655930213092,-0.02200000000000024,
510500,2023-08-03,5.936,5.96,5.962,5.907,2343075.0,,0.9260818319582373,0.3535948812931454,0.020999999999999908,
510500,2023-08-04,5.99,6.001,6.04,5.973,2158315.0,,1.1241610738255061,0.6879194630872545,0.04100000000000037,
510500,2023-08-07,5.994,5.96,5.998,5.947,3807644.0,,0.8498583569405125,-0.683219463422769,-0.04100000000000037,
510500,2023-08-08,5.95,5.939,5.959,5.916,2948608.0,,0.7214765100671017,-0.35234899328858904,-0.020999999999999908,
510500,2023-08-09,5.925,5.897,5.938,5.887,4221885.0,,0.8587304259976454,-0.7071897625862908,-0.041999999999999815,
510500,2023-08-10,5.897,5.895,5.913,5.87,2049476.0,,0.7291843310157732,-0.03391555027981462,-0.002000000000000668,
510500,2023-08-11,5.896,5.774,5.905,5.772,2912579.0,,2.256149279050043,-2.052586938083114,-0.12099999999999955,
510500,2023-08-14,5.73,5.781,5.792,5.704,2608458.0,,1.524073432629028,0.12123311395912145,0.006999999999999673,
510500,2023-08-15,5.77,5.748,5.795,5.697,2284840.0,,1.6952084414461142,-0.5708354955889894,-0.032999999999999474,
510500,2023-08-16,5.726,5.705,5.755,5.703,2268833.0,,0.9046624913013153,-0.7480862908837882,-0.04300000000000015,
510500,2023-08-17,5.682,5.741,5.754,5.649,3143180.0,,1.840490797546004,0.6310254163014827,0.03599999999999959,
510500,2023-08-18,5.735,5.648,5.76,5.646,3160704.0,,1.9857167740811685,-1.619926842013586,-0.09299999999999997,
510500,2023-08-21,5.631,5.571,5.674,5.569,3261363.0,,1.859065155807373,-1.3633144475920673,-0.07699999999999996,
510500,2023-08-22,5.59,5.598,5.615,5.51,3272933.0,,1.8847603661820218,0.48465266558966313,0.027000000000000135,
510500,2023-08-23,5.594,5.498,5.594,5.488,2997125.0,,1.893533404787422,-1.786352268667375,-0.09999999999999964,
510500,2023-08-24,5.502,5.514,5.569,5.487,2526762.0,,1.4914514368861376,0.2910149145143691,0.016000000000000014,
510500,2023-08-25,5.494,5.446,5.519,5.418,2740769.0,,1.8317011244105907,-1.2332245194051596,-0.0680000000000005,
510500,2023-08-28,5.749,5.509,5.749,5.488,5159482.0,,4.792508262945267,1.1568123393316307,0.06300000000000061,
510500,2023-08-29,5.502,5.634,5.664,5.499,11823844.0,,2.995098929025232,2.2690143401706298,0.125,
510500,2023-08-30,5.634,5.635,5.683,5.612,3112849.0,,1.2602058927937472,0.01774937877173315,0.0009999999999994458,
510500,2023-08-31,5.629,5.606,5.646,5.588,2234044.0,,1.0292812777284797,-0.5146406388642398,-0.028999999999999915,
510500,2023-09-01,5.619,5.612,5.643,5.595,2223553.0,,0.8562254727078139,0.10702818408848068,0.006000000000000227,
510500,2023-09-04,5.641,5.696,5.7,5.618,3100547.0,,1.4611546685673529,1.4967925873128942,0.08399999999999963,
510500,2023-09-05,5.687,5.653,5.69,5.642,3289476.0,,0.842696629213484,-0.7549157303370813,-0.04300000000000015,
510500,2023-09-06,5.636,5.651,5.674,5.608,2302641.0,,1.1675216699097954,-0.035379444542716784,-0.0019999999999997797,
510500,2023-09-07,5.651,5.569,5.651,5.562,3505516.0,,1.5749424880552032,-1.4510706069722146,-0.08199999999999985,
510500,2023-09-08,5.555,5.567,5.593,5.546,3276450.0,,0.8439576225534154,-0.035913090321418206,-0.0019999999999997797,
510500,2023-09-11,5.574,5.634,5.67,5.562,3463820.0,,1.9400035925992394,1.2035207472606462,0.06700000000000017,
510500,2023-09-12,5.634,5.636,5.655,5.623,2494673.0,,0.5679801206957761,0.035498757543482064,0.0019999999999997797,
510500,2023-09-13,5.635,5.577,5.635,5.543,3293239.0,,1.6323633782824631,-1.0468417317246304,-0.05900000000000016,
510500,2023-09-14,5.573,5.572,5.579,5.539,2596902.0,,0.7172314864622563,-0.08965393580778006,-0.004999999999999893,
510500,2023-09-15,5.581,5.573,5.612,5.542,2642641.0,,1.2562814070351809,0.01794687724336565,0.001000000000000334,
510500,2023-09-18,5.56,5.585,5.606,5.532,5749228.0,,1.327830611878698,0.2153238830073491,0.011999999999999567,
510500,2023-09-19,5.577,5.56,5.584,5.536,2398793.0,,0.8594449418084161,-0.44762757385855606,-0.025000000000000355,
510500,2023-09-20,5.542,5.519,5.558,5.518,3142782.0,,0.7194244604316554,-0.7374100719424368,-0.04099999999999948,
510500,2023-09-21,5.506,5.473,5.535,5.47,2832889.0,,1.177749592317456,-0.8334843268708148,-0.04600000000000026,
510500,2023-09-22,5.463,5.571,5.573,5.463,3769646.0,,2.009866617942633,1.790608441439793,0.09799999999999986,
510500,2023-09-25,5.56,5.538,5.567,5.521,3442787.0,,0.8257045413749824,-0.5923532579429093,-0.032999999999999474,
510500,2023-09-26,5.532,5.519,5.548,5.517,2136131.0,,0.559768869628019,-0.3430841459010496,-0.019000000000000128,
510500,2023-09-27,5.518,5.544,5.572,5.515,4318303.0,,1.0327957963399237,0.4529806124297784,0.024999999999999467,
510500,2023-09-28,5.55,5.552,5.568,5.543,2603361.0,,0.45093795093794137,0.14430014430014443,0.008000000000000007,
510500,2023-10-09,5.55,5.52,5.552,5.491,2076411.0,,1.0987031700288175,-0.5763688760806922,-0.03200000000000003,
510500,2023-10-10,5.526,5.492,5.552,5.487,1216876.0,,1.177536231884049,-0.5072463768115866,-0.02799999999999958,
510500,2023-10-11,5.515,5.487,5.543,5.475,3552735.0,,1.238164603059004,-0.0910415149308065,-0.004999999999999893,
510500,2023-10-12,5.516,5.53,5.539,5.501,2236991.0,,0.6925460178603858,0.7836704938946628,0.04300000000000015,
510500,2023-10-13,5.506,5.5,5.506,5.483,1700873.0,,0.41591320072333776,-0.5424954792043445,-0.03000000000000025,
510500,2023-10-16,5.5,5.443,5.502,5.421,1941047.0,,1.472727272727264,-1.0363636363636435,-0.057000000000000384,
510500,2023-10-17,5.45,5.454,5.455,5.417,1987758.0,,0.6981444056586489,0.20209443321697815,0.01100000000000012,
510500,2023-10-18,5.444,5.386,5.445,5.376,1958355.0,,1.2651265126512643,-1.2467913458012398,-0.06799999999999962,
510500,2023-10-19,5.365,5.321,5.393,5.309,2577569.0,,1.5595989602673528,-1.2068325287783213,-0.06500000000000039,
510500,2023-10-20,5.301,5.283,5.331,5.264,2439789.0,,1.2591618116895353,-0.7141514752865884,-0.03799999999999937,
510500,2023-10-23,5.269,5.136,5.273,5.117,5057113.0,,2.952867688813168,-2.7825099375354956,-0.14700000000000024,
510500,2023-10-24,5.155,5.2,5.215,5.137,6136680.0,,1.5186915887850525,1.2461059190031163,0.06400000000000006,
510500,2023-10-25,5.242,5.227,5.277,5.226,3159519.0,,0.9807692307692337,0.5192307692307718,0.027000000000000135,
510500,2023-10-26,5.206,5.251,5.266,5.19,2205799.0,,1.4539889037688851,0.45915439066386116,0.02400000000000002,
510500,2023-10-27,5.23,5.355,5.374,5.228,4017352.0,,2.7804227766139764,1.980575128546945,0.10400000000000009,
510500,2023-10-30,5.335,5.4,5.42,5.33,2907634.0,,1.6806722689075602,0.8403361344537801,0.04499999999999993,
510500,2023-10-31,5.398,5.387,5.409,5.361,2122998.0,,0.8888888888888896,-0.24074074074075533,-0.013000000000000789,
510500,2023-11-01,5.413,5.375,5.413,5.351,1217109.0,,1.1509188787822588,-0.2227584926675249,-0.011999999999999567,
510500,2023-11-02,5.38,5.324,5.398,5.319,1449002.0,,1.46976744186046,-0.9488372093023285,-0.051000000000000156,
510500,2023-11-03,5.325,5.365,5.402,5.324,3517712.0,,1.4650638617580822,0.7700976709241242,0.04100000000000037,
510500,2023-11-06,5.4,5.46,5.467,5.4,4049054.0,,1.2488350419384768,1.7707362534948694,0.09499999999999975,
510500,2023-11-07,5.447,5.469,5.493,5.437,1991878.0,,1.0256410256410264,0.16483516483517108,0.009000000000000341,
510500,2023-11-08,5.46,5.465,5.493,5.438,2098415.0,,1.0056683123057342,-0.0731395136222426,-0.004000000000000448,
510500,2023-11-09,5.46,5.453,5.503,5.44,2117940.0,,1.152790484903929,-0.21957913998169382,-0.011999999999999567,
510500,2023-11-10,5.44,5.433,5.441,5.407,2025189.0,,0.6235099944984377,-0.36677058499909154,-0.020000000000000462,
510500,2023-11-13,5.44,5.464,5.467,5.418,2261440.0,,0.9018958218295507,0.570587152586059,0.031000000000000583,
510500,2023-11-14,5.464,5.488,5.5,5.455,2404463.0,,0.8235724743777438,0.4392386530014645,0.02400000000000002,
510500,2023-11-15,5.533,5.525,5.551,5.507,2185429.0,,0.8017492711370349,0.6741982507288615,0.03699999999999992,
510500,2023-11-16,5.512,5.467,5.515,5.465,1720441.0,,0.9049773755656076,-1.0497737556561215,-0.05800000000000072,
510500,2023-11-17,5.449,5.486,5.488,5.447,2069163.0,,0.7499542710810384,0.3475397841595048,0.019000000000000128,
510500,2023-11-20,5.489,5.518,5.532,5.462,2146588.0,,1.2759752096245038,0.5833029529711999,0.03200000000000003,
510500,2023-11-21,5.529,5.501,5.559,5.489,1705743.0,,1.268575570859012,-0.3080826386371776,-0.01699999999999946,
510500,2023-11-22,5.482,5.428,5.503,5.426,2521135.0,,1.3997455008180322,-1.327031448827493,-0.0730000000000004,
510500,2023-11-23,5.421,5.479,5.489,5.4,2265192.0,,1.6396462785556287,0.9395725865880648,0.051000000000000156,
510500,2023-11-24,5.48,5.433,5.48,5.412,3364456.0,,1.2411023909472625,-0.8395692644643231,-0.04600000000000026,
510500,2023-11-27,5.418,5.419,5.439,5.382,1744352.0,,1.049144119271128,-0.25768452052273577,-0.014000000000000234,
510500,2023-11-28,5.416,5.445,5.455,5.378,1780458.0,,1.4209263701789991,0.479793319800714,0.02600000000000069,
510500,2023-11-29,5.44,5.416,5.449,5.4,1229943.0,,0.899908172635436,-0.5325987144168947,-0.028999999999999915,
510500,2023-11-30,5.415,5.397,5.417,5.36,1670089.0,,1.0524372230428267,-0.3508124076809477,-0.019000000000000128,
510500,2023-12-01,5.391,5.424,5.437,5.373,1487487.0,,1.1858439874004085,0.5002779321845494,0.027000000000000135,
510500,2023-12-04,5.427,5.412,5.448,5.411,1565727.0,,0.6821533923303984,-0.2212389380531057,-0.012000000000000455,
510500,2023-12-05,5.4,5.325,5.4,5.321,1815608.0,,1.4597191426459835,-1.6075388026607493,-0.08699999999999974,
510500,2023-12-06,5.318,5.337,5.374,5.302,1904332.0,,1.3521126760563391,0.2253521126760482,0.011999999999999567,
510500,2023-12-07,5.328,5.342,5.362,5.293,2578998.0,,1.2928611579539058,0.0936855911560782,0.004999999999999893,
510500,2023-12-08,5.34,5.354,5.38,5.337,2500441.0,,0.8049419692998905,0.22463496817672138,0.012000000000000455,
510500,2023-12-11,5.329,5.416,5.437,5.291,4031145.0,,2.72693313410534,1.1580127007844654,0.06200000000000028,
510500,2023-12-12,5.41,5.426,5.431,5.399,1814817.0,,0.5908419497784347,0.18463810930575675,0.009999999999999787,
510500,2023-12-13,5.417,5.367,5.417,5.359,2125359.0,,1.0689273866568343,-1.0873571691854065,-0.05900000000000016,
510500,2023-12-14,5.386,5.348,5.418,5.337,2818727.0,,1.5092230296254967,-0.35401527855412945,-0.019000000000000128,
510500,2023-12-15,5.36,5.304,5.376,5.287,3470472.0,,1.664173522812274,-0.822737471952124,-0.043999999999999595,
510500,2023-12-18,5.28,5.243,5.305,5.233,1884010.0,,1.3574660633484175,-1.150075414781296,-0.06099999999999994,
510500,2023-12-19,5.243,5.234,5.265,5.201,2373215.0,,1.2206751859622362,-0.17165744802594585,-0.009000000000000341,
510500,2023-12-20,5.242,5.172,5.246,5.166,1933870.0,,1.5284677111196041,-1.1845624761176974,-0.06200000000000028,
510500,2023-12-21,5.15,5.186,5.211,5.109,3253046.0,,1.972157772621816,0.2706883217324098,0.014000000000000234,
510500,2023-12-22,5.181,5.17,5.221,5.143,3356885.0,,1.5040493636714287,-0.3085229463941383,-0.016000000000000014,
510500,2023-12-25,5.168,5.163,5.197,5.138,3139644.0,,1.1411992263056125,-0.13539651837523548,-0.006999999999999673,
510500,2023-12-26,5.16,5.116,5.162,5.09,2543510.0,,1.3945380592678687,-0.9103234553554251,-0.0470000000000006,
510500,2023-12-27,5.119,5.132,5.147,5.081,2568572.0,,1.2900703674745864,0.3127443315089917,0.016000000000000014,
510500,2023-12-28,5.131,5.235,5.253,5.121,3487194.0,,2.5720966484801187,2.0070148090413222,0.10300000000000065,
510500,2023-12-29,5.238,5.279,5.295,5.231,2713357.0,,1.2225405921681003,0.8404966571155605,0.043999999999999595,
510500,2024-01-02,5.284,5.257,5.29,5.252,3092572.0,,0.7198333017617022,-0.41674559575677667,-0.02200000000000024,
510500,2024-01-03,5.25,5.25,5.277,5.221,2255497.0,,1.0652463382157134,-0.13315579227695784,-0.006999999999999673,
510500,2024-01-04,5.251,5.206,5.255,5.177,2747555.0,,1.4857142857142913,-0.8380952380952303,-0.043999999999999595,
510500,2024-01-05,5.198,5.136,5.223,5.116,2031987.0,,2.0553207837111067,-1.3446023818670818,-0.07000000000000028,
510500,2024-01-08,5.121,5.01,5.124,5.008,2922712.0,,2.25856697819314,-2.4532710280373897,-0.12600000000000033,
510500,2024-01-09,5.012,5.022,5.069,4.998,2220795.0,,1.4171656686626692,0.23952095808384144,0.012000000000000455,
510500,2024-01-10,5.004,5.009,5.063,4.96,2096542.0,,2.0509757068896803,-0.2588610115491816,-0.0129999999999999,
510500,2024-01-11,5.0,5.072,5.095,4.995,2695309.0,,1.9964064683569502,1.2577360750648776,0.06299999999999972,
510500,2024-01-12,5.055,5.052,5.118,5.049,2377712.0,,1.360410094637223,-0.3943217665615233,-0.020000000000000462,
510500,2024-01-15,5.035,5.039,5.093,5.014,1577415.0,,1.5637371338083876,-0.25732383214568294,-0.0129999999999999,
510500,2024-01-16,5.026,5.034,5.057,4.97,2390412.0,,1.7265330422703045,-0.0992260369120836,-0.004999999999999893,
510500,2024-01-17,5.014,4.901,5.022,4.898,1981661.0,,2.463249900675418,-2.642034167659913,-0.133,
510500,2024-01-18,4.896,4.906,4.913,4.762,4760788.0,,3.081003876759859,0.102019995919198,0.004999999999999893,
510500,2024-01-19,4.879,4.866,4.922,4.855,3196218.0,,1.3656746840603198,-0.8153281695882599,-0.040000000000000036,
510500,2024-01-22,4.848,4.63,4.855,4.58,3745535.0,,5.651459103986855,-4.849979449239617,-0.23599999999999977,
510500,2024-01-23,4.604,4.708,4.731,4.561,3309903.0,,3.6717062634989186,1.6846652267818638,0.07800000000000029,
510500,2024-01-24,4.711,4.778,4.786,4.599,3446637.0,,3.9719626168224167,1.4868309260832495,0.0699999999999994,
510500,2024-01-25,4.778,4.926,4.929,4.736,3445700.0,,4.03934700711596,3.0975303474257134,0.14800000000000058,
510500,2024-01-26,4.905,4.869,4.928,4.851,2914766.0,,1.5631343889565563,-1.1571254567600564,-0.057000000000000384,
510500,2024-01-29,4.875,4.773,4.895,4.772,1966042.0,,2.5261860751694254,-1.971657424522491,-0.09600000000000009,
510500,2024-01-30,4.753,4.671,4.787,4.648,1885736.0,,2.912214540121522,-2.1370207416718925,-0.10199999999999942,
510500,2024-01-31,4.66,4.543,4.678,4.536,3470484.0,,3.0400342539070935,-2.7403125669021646,-0.1280000000000001,
510500,2024-02-01,4.516,4.525,4.616,4.469,3482025.0,,3.2357473035438997,-0.39621395553598493,-0.017999999999999794,
510500,2024-02-02,4.524,4.397,4.571,4.264,3845023.0,,6.78453038674032,-2.8287292817679583,-0.1280000000000001,
510500,2024-02-05,4.38,4.295,4.44,4.111,35130238.0,,7.482374346145113,-2.319763475096664,-0.10200000000000031,
510500,2024-02-06,4.243,4.673,4.69,4.225,10280444.0,,10.826542491268935,8.800931315483123,0.3780000000000001,
510500,2024-02-07,4.701,4.985,4.995,4.663,13240326.0,,7.104643697838645,6.676653113631506,0.3120000000000003,
510500,2024-02-08,5.057,5.009,5.235,4.975,16205182.0,,5.215646940822481,0.48144433299899736,0.02400000000000002,
510500,2024-02-19,5.06,4.975,5.06,4.905,15512755.0,,3.094430025953271,-0.6787781992413794,-0.034000000000000696,
510500,2024-02-20,4.946,4.975,4.988,4.909,4763525.0,,1.587939698492475,0.0,0.0,
510500,2024-02-21,4.941,4.972,5.1,4.925,6000901.0,,3.517587939698489,-0.060301507537672876,-0.0029999999999992255,
510500,2024-02-22,4.972,5.017,5.03,4.955,2948423.0,,1.5084473049074854,0.9050683829444875,0.04499999999999993,
510500,2024-02-23,5.019,5.041,5.043,4.954,3225140.0,,1.77396850707595,0.4783735299980072,0.02400000000000002,
510500,2024-02-26,5.03,5.031,5.101,5.001,3868468.0,,1.9837333862328832,-0.1983733386233024,-0.010000000000000675,
510500,2024-02-27,5.02,5.158,5.16,5.005,3670872.0,,3.0808984297356443,2.5243490359769565,0.12700000000000067,
510500,2024-02-28,5.159,5.019,5.232,5.017,4803429.0,,4.168282279953468,-2.694842962388527,-0.13900000000000023,
510500,2024-02-29,5.001,5.191,5.204,5.001,6347472.0,,4.044630404463029,3.4269774855548856,0.1719999999999997,
510500,2024-03-01,5.183,5.227,5.238,5.166,3341373.0,,1.3870159892120992,0.693507994606058,0.036000000000000476,
510500,2024-03-04,5.221,5.225,5.245,5.163,4340663.0,,1.5687775014348544,-0.03826286588866784,-0.002000000000000668,
510500,2024-03-05,5.194,5.198,5.235,5.179,14374634.0,,1.0717703349282306,-0.5167464114832392,-0.026999999999999247,
510500,2024-03-06,5.19,5.193,5.256,5.142,3197713.0,,2.1931512120046146,-0.09619084263179647,-0.005000000000000782,
510500,2024-03-07,5.192,5.123,5.234,5.117,2502329.0,,2.2530329289428077,-1.3479684190255998,-0.0699999999999994,
510500,2024-03-08,5.13,5.194,5.213,5.113,3050536.0,,1.9519812609798874,1.38590669529572,0.07099999999999973,
510500,2024-03-11,5.192,5.296,5.299,5.183,3991841.0,,2.233346168656152,1.9638043896804065,0.10200000000000031,
510500,2024-03-12,5.295,5.265,5.324,5.228,4177689.0,,1.8126888217522674,-0.5853474320241802,-0.031000000000000583,
510500,2024-03-13,5.266,5.257,5.309,5.23,3468047.0,,1.5004748338081622,-0.1519468186134854,-0.008000000000000007,
510500,2024-03-14,5.248,5.234,5.291,5.193,3181945.0,,1.864181091877511,-0.43751188891001885,-0.022999999999999687,
510500,2024-03-15,5.223,5.309,5.31,5.197,5115451.0,,2.1589606419564302,1.4329384791746307,0.07500000000000018,
510500,2024-03-18,5.312,5.38,5.384,5.301,3232054.0,,1.5633829346392951,1.3373516669805938,0.07099999999999973,
510500,2024-03-19,5.37,5.321,5.375,5.317,2756072.0,,1.078066914498138,-1.0966542750929398,-0.05900000000000016,
510500,2024-03-20,5.322,5.335,5.351,5.303,1883091.0,,0.9020860740462328,0.26310843826348873,0.014000000000000234,
510500,2024-03-21,5.348,5.308,5.359,5.297,2434399.0,,1.1621368322399301,-0.5060918462980344,-0.027000000000000135,
510500,2024-03-22,5.307,5.225,5.308,5.197,2469633.0,,2.0911831198191364,-1.5636774679728749,-0.08300000000000018,
510500,2024-03-25,5.219,5.144,5.245,5.134,2705562.0,,2.1244019138755936,-1.5502392344497515,-0.08099999999999952,
510500,2024-03-26,5.146,5.12,5.168,5.085,4751668.0,,1.6135303265940937,-0.4665629860031108,-0.02400000000000002,
510500,2024-03-27,5.118,4.996,5.118,4.993,3402235.0,,2.44140625,-2.4218749999999933,-0.12399999999999967,
510500,2024-03-28,4.999,5.063,5.121,4.999,3555236.0,,2.4419535628502955,1.3410728582866147,0.06699999999999928,
510500,2024-03-29,5.055,5.131,5.135,5.048,3831434.0,,1.7183488050562856,1.343077226940559,0.0680000000000005,
510500,2024-04-01,5.147,5.244,5.253,5.146,4064103.0,,2.0853634769050906,2.202299746638073,0.11299999999999955,
510500,2024-04-02,5.243,5.222,5.249,5.191,3321813.0,,1.1060259344012173,-0.4195270785659679,-0.021999999999999353,
510500,2024-04-03,5.216,5.219,5.226,5.188,3977985.0,,0.7276905400229845,-0.0574492531597111,-0.0030000000000001137,
510500,2024-04-08,5.21,5.139,5.225,5.135,3293272.0,,1.724468288944239,-1.532860701283772,-0.08000000000000007,
510500,2024-04-09,5.134,5.184,5.186,5.129,1786721.0,,1.1091652072387699,0.8756567425569163,0.04499999999999993,
510500,2024-04-10,5.181,5.121,5.181,5.08,1975754.0,,1.9483024691358022,-1.2152777777777724,-0.06299999999999972,
510500,2024-04-11,5.096,5.146,5.201,5.085,3038010.0,,2.2651825815270388,0.4881859011911631,0.024999999999999467,
510500,2024-04-12,5.146,5.117,5.185,5.107,3122913.0,,1.5157403808783405,-0.5635445005829754,-0.028999999999999915,
510500,2024-04-15,5.11,5.188,5.224,5.063,3151158.0,,3.146374829001377,1.3875317568887968,0.07099999999999973,
510500,2024-04-16,5.156,5.04,5.189,5.023,3905146.0,,3.199691595990755,-2.8527370855821066,-0.1479999999999997,
510500,2024-04-17,5.048,5.181,5.184,5.048,3833425.0,,2.698412698412701,2.797619047619048,0.14100000000000001,
510500,2024-04-18,5.17,5.191,5.26,5.137,3403176.0,,2.3740590619571553,0.19301293186643093,0.009999999999999787,
510500,2024-04-19,5.173,5.154,5.211,5.13,3573340.0,,1.560392987863618,-0.7127721055673265,-0.03699999999999992,
510500,2024-04-22,5.146,5.109,5.19,5.1,1958489.0,,1.7462165308498399,-0.8731082654249113,-0.04499999999999993,
510500,2024-04-23,5.108,5.047,5.134,5.036,1890163.0,,1.9181835975729251,-1.2135447249951121,-0.06200000000000028,
510500,2024-04-24,5.056,5.109,5.11,5.02,1771454.0,,1.7832375668714238,1.228452546066976,0.06200000000000028,
510500,2024-04-25,5.09,5.101,5.145,5.07,1926664.0,,1.467997651203744,-0.156586416128401,-0.008000000000000007,
510500,2024-04-26,5.107,5.221,5.235,5.106,7970795.0,,2.528915898843373,2.3524799059008057,0.1200000000000001,
510500,2024-04-29,5.229,5.327,5.346,5.225,5666415.0,,2.317563685117802,2.030262401838726,0.10599999999999987,
510500,2024-04-30,5.325,5.289,5.335,5.286,2767038.0,,0.9198423127463934,-0.7133470996808758,-0.038000000000000256,
510500,2024-05-06,5.36,5.374,5.39,5.349,5129670.0,,0.7751937984496027,1.6071090943467568,0.08499999999999996,
510500,2024-05-07,5.37,5.373,5.391,5.353,2289327.0,,0.7071082992184641,-0.018608113137317563,-0.0009999999999994458,
510500,2024-05-08,5.37,5.302,5.37,5.298,3975570.0,,1.340033500837522,-1.3214219244370111,-0.07100000000000062,
510500,2024-05-09,5.299,5.403,5.423,5.299,2970079.0,,2.3387400980761917,1.904941531497548,0.10099999999999998,
510500,2024-05-10,5.407,5.383,5.426,5.342,5121579.0,,1.554691837867861,-0.37016472330186145,-0.019999999999999574,
510500,2024-05-13,5.346,5.354,5.38,5.308,3272228.0,,1.337544120378972,-0.5387330484859728,-0.028999999999999915,
510500,2024-05-14,5.353,5.348,5.396,5.33,2687404.0,,1.232723197609261,-0.11206574523721007,-0.006000000000000227,
510500,2024-05-15,5.348,5.299,5.348,5.287,2731969.0,,1.1406133133881815,-0.916230366492137,-0.04899999999999949,
510500,2024-05-16,5.315,5.273,5.337,5.255,2383653.0,,1.5474617852424957,-0.4906586148330003,-0.02600000000000069,
510500,2024-05-17,5.286,5.351,5.354,5.267,5151667.0,,1.6499146595865684,1.4792338327327954,0.07800000000000029,
510500,2024-05-20,5.354,5.371,5.395,5.339,5322736.0,,1.0465333582507785,0.3737619136610066,0.020000000000000462,
510500,2024-05-21,5.353,5.331,5.365,5.311,2808569.0,,1.005399366970774,-0.7447402718301999,-0.040000000000000036,
510500,2024-05-22,5.326,5.325,5.34,5.308,2296000.0,,0.6002626148940167,-0.11254924029263227,-0.006000000000000227,
510500,2024-05-23,5.312,5.23,5.312,5.209,3992422.0,,1.9342723004694955,-1.7840375586854413,-0.09499999999999975,
510500,2024-05-24,5.208,5.178,5.264,5.171,2092201.0,,1.778202676864244,-0.9942638623327054,-0.05200000000000049,
510500,2024-05-27,5.192,5.23,5.234,5.141,2425547.0,,1.7960602549246807,1.0042487446890787,0.05200000000000049,
510500,2024-05-28,5.224,5.183,5.226,5.171,2146284.0,,1.0516252390057306,-0.8986615678776405,-0.0470000000000006,
510500,2024-05-29,5.177,5.194,5.233,5.172,3143561.0,,1.1769245610650192,0.2122322978969732,0.01100000000000012,
510500,2024-05-30,5.194,5.183,5.222,5.165,2025748.0,,1.0974201001155253,-0.21178282633808476,-0.01100000000000012,
510500,2024-05-31,5.194,5.182,5.233,5.179,3021095.0,,1.0418676442214816,-0.019293845263350293,-0.0009999999999994458,
510500,2024-06-03,5.176,5.141,5.19,5.1,2973093.0,,1.7367811655731522,-0.7912003087611033,-0.04100000000000037,
510500,2024-06-04,5.136,5.212,5.229,5.12,2318048.0,,2.120210075860727,1.3810542695973493,0.07099999999999973,
510500,2024-06-05,5.212,5.154,5.22,5.151,1862866.0,,1.3238679969301603,-1.1128165771296974,-0.05799999999999983,
510500,2024-06-06,5.171,5.116,5.187,5.091,2534543.0,,1.8626309662398155,-0.7372914241365979,-0.038000000000000256,
510500,2024-06-07,5.138,5.091,5.151,5.059,2743246.0,,1.7982799061766936,-0.48866301798278866,-0.024999999999999467,
510500,2024-06-11,5.074,5.103,5.122,5.046,1877216.0,,1.4928304851699004,0.2357100766057664,0.011999999999999567,
510500,2024-06-12,5.092,5.118,5.135,5.09,1893932.0,,0.8818342151675471,0.293944738389194,0.015000000000000568,
510500,2024-06-13,5.126,5.091,5.13,5.076,1952078.0,,1.0550996483001225,-0.5275498241500612,-0.027000000000000135,
510500,2024-06-14,5.082,5.116,5.137,5.061,3141984.0,,1.4928304851699004,0.4910626595953539,0.024999999999999467,
510500,2024-06-17,5.094,5.098,5.12,5.086,1440541.0,,0.664581704456603,-0.3518373729476113,-0.017999999999999794,
510500,2024-06-18,5.102,5.125,5.143,5.102,2480729.0,,0.8042369556688796,0.5296194586112227,0.027000000000000135,
510500,2024-06-19,5.134,5.071,5.139,5.065,1973026.0,,1.443902439024387,-1.0536585365853712,-0.05400000000000027,
510500,2024-06-20,5.066,4.993,5.082,4.988,1739755.0,,1.8536777755866578,-1.5381581542102032,-0.0779999999999994,
510500,2024-06-21,4.986,5.002,5.028,4.976,2661721.0,,1.041458041257753,0.1802523532946015,0.008999999999999453,
510500,2024-06-24,4.987,4.894,4.987,4.883,8320736.0,,2.0791683326669355,-2.1591363454618087,-0.10799999999999965,
510500,2024-06-25,4.897,4.85,4.912,4.811,5414475.0,,2.0637515324887614,-0.8990600735594705,-0.04400000000000048,
510500,2024-06-26,4.839,4.919,4.929,4.817,3800469.0,,2.309278350515466,1.422680412371133,0.06899999999999995,
510500,2024-06-27,4.9,4.835,4.906,4.831,6434058.0,,1.5247001423053324,-1.707664159381981,-0.08399999999999963,
510500,2024-06-28,4.825,4.843,4.912,4.819,4148317.0,,1.9234746639089961,0.16546018614270955,0.008000000000000007,
510500,2024-07-01,4.843,4.902,4.925,4.828,3095527.0,,2.0028907701837606,1.218253148874668,0.05900000000000016,
510500,2024-07-02,4.899,4.856,4.904,4.837,1998284.0,,1.366789065687478,-0.9383924928600625,-0.04600000000000026,
510500,2024-07-03,4.85,4.813,4.861,4.807,1875123.0,,1.112026359143315,-0.88550247116969,-0.04300000000000015,
510500,2024-07-04,4.827,4.742,4.836,4.733,5107613.0,,2.1400373987118355,-1.4751714107625127,-0.07099999999999973,
510500,2024-07-05,4.737,4.777,4.788,4.706,2084542.0,,1.7292281737663402,0.7380851961197836,0.03500000000000014,
510500,2024-07-08,4.762,4.695,4.766,4.678,2343628.0,,1.84216035168516,-1.7165585095248033,-0.08199999999999985,
510500,2024-07-09,4.687,4.783,4.804,4.66,3407766.0,,3.067092651757191,1.8743343982960612,0.08800000000000008,
510500,2024-07-10,4.773,4.755,4.804,4.753,1895942.0,,1.0662763955676386,-0.5854066485469468,-0.02800000000000047,
510500,2024-07-11,4.811,4.854,4.862,4.781,2851786.0,,1.70347003154575,2.0820189274447993,0.0990000000000002,
510500,2024-07-12,4.846,4.832,4.854,4.82,1508868.0,,0.7004532344458139,-0.45323444581788713,-0.02200000000000024,
510500,2024-07-15,4.817,4.796,4.825,4.787,4545598.0,,0.786423841059608,-0.7450331125827729,-0.03599999999999959,
510500,2024-07-16,4.786,4.813,4.829,4.769,2187526.0,,1.251042535446197,0.3544620517097469,0.01699999999999946,
510500,2024-07-17,4.809,4.778,4.82,4.773,6147727.0,,0.9765219198005527,-0.7271971743195542,-0.03500000000000014,
510500,2024-07-18,4.764,4.801,4.803,4.713,4745455.0,,1.883633319380491,0.48137295939724944,0.023000000000000576,
510500,2024-07-19,4.775,4.793,4.825,4.761,6176636.0,,1.3330556134138731,-0.16663195167673414,-0.008000000000000007,
510500,2024-07-22,4.795,4.781,4.812,4.752,3043014.0,,1.2518255789693407,-0.25036511579387555,-0.012000000000000455,
510500,2024-07-23,4.778,4.641,4.799,4.639,2442099.0,,3.3465802133444917,-2.928257686676421,-0.13999999999999968,
510500,2024-07-24,4.635,4.584,4.656,4.577,3252320.0,,1.7022193492781672,-1.2281835811247659,-0.057000000000000384,
510500,2024-07-25,4.571,4.578,4.63,4.555,2660303.0,,1.636125654450266,-0.13089005235600654,-0.005999999999999339,
510500,2024-07-26,4.58,4.653,4.667,4.579,2415192.0,,1.9222367846221073,1.6382699868938244,0.07499999999999929,
510500,2024-07-29,4.648,4.623,4.66,4.62,1469911.0,,0.85966043412852,-0.6447453255963758,-0.02999999999999936,
510500,2024-07-30,4.614,4.619,4.636,4.565,2338607.0,,1.535799264546825,-0.08652390222800016,-0.004000000000000448,
510500,2024-07-31,4.619,4.822,4.824,4.604,5569471.0,,4.76293570036804,4.394890668975975,0.2030000000000003,
510500,2024-08-01,4.822,4.777,4.859,4.753,3504122.0,,2.1982579842389023,-0.9332227291580243,-0.04499999999999993,
510500,2024-08-02,4.741,4.711,4.802,4.701,2235956.0,,2.1142976763659194,-1.3816202637638653,-0.06599999999999984,
510500,2024-08-05,4.687,4.617,4.773,4.61,4152751.0,,3.459987263850549,-1.9953300785395947,-0.0940000000000003,
510500,2024-08-06,4.666,4.668,4.699,4.613,2616120.0,,1.8626813948451246,1.1046133853151432,0.051000000000000156,
510500,2024-08-07,4.665,4.67,4.709,4.635,2391677.0,,1.5852613538988827,0.04284490145672193,0.0019999999999997797,
510500,2024-08-08,4.658,4.68,4.719,4.622,2327848.0,,2.077087794432557,0.2141327623126293,0.009999999999999787,
510500,2024-08-09,4.705,4.639,4.731,4.636,2167099.0,,2.029914529914525,-0.876068376068365,-0.04099999999999948,
510500,2024-08-12,4.637,4.641,4.663,4.614,2027173.0,,1.0562621254580808,0.043112739814610467,0.0019999999999997797,
510500,2024-08-13,4.641,4.651,4.656,4.598,1900885.0,,1.2497306614953636,0.21547080370609323,0.009999999999999787,
510500,2024-08-14,4.653,4.584,4.653,4.582,2162187.0,,1.5265534293700223,-1.440550419264678,-0.06700000000000017,
510500,2024-08-15,4.571,4.621,4.673,4.567,5371351.0,,2.312390924956367,0.807155322862147,0.03700000000000081,
510500,2024-08-16,4.619,4.593,4.633,4.587,7930053.0,,0.9954555291062597,-0.6059294524994691,-0.02800000000000047,
510500,2024-08-19,4.588,4.601,4.657,4.586,2759482.0,,1.5458306118005603,0.17417809710428928,0.008000000000000007,
510500,2024-08-20,4.609,4.519,4.609,4.505,3508603.0,,2.260378178656816,-1.7822212562486384,-0.08199999999999985,
510500,2024-08-21,4.514,4.51,4.53,4.504,1320021.0,,0.5753485284355099,-0.19915910599690953,-0.009000000000000341,
510500,2024-08-22,4.512,4.454,4.52,4.445,4023252.0,,1.6629711751662815,-1.2416851441241696,-0.05600000000000005,
510500,2024-08-23,4.45,4.455,4.473,4.437,1584263.0,,0.8082622361921776,0.0224517287831238,0.001000000000000334,
510500,2024-08-26,4.459,4.46,4.482,4.443,1009724.0,,0.8754208754208885,0.1122334455667765,0.004999999999999893,
510500,2024-08-27,4.444,4.414,4.452,4.411,2339918.0,,0.9192825112107706,-1.0313901345291538,-0.04600000000000026,
510500,2024-08-28,4.413,4.415,4.452,4.402,2723424.0,,1.1327594019030318,0.022655188038068284,0.001000000000000334,
510500,2024-08-29,4.403,4.479,4.502,4.395,4365292.0,,2.423556058890152,1.4496036240090613,0.06400000000000006,
510500,2024-08-30,4.475,4.559,4.634,4.471,6989480.0,,3.6392051797276235,1.786112971645458,0.08000000000000007,
510500,2024-09-02,4.547,4.464,4.556,4.462,4362037.0,,2.0618556701030992,-2.083790304891418,-0.09499999999999975,
510500,2024-09-03,4.463,4.513,4.537,4.462,2944586.0,,1.680107526881724,1.0976702508960459,0.04899999999999949,
510500,2024-09-04,4.487,4.501,4.547,4.469,2212121.0,,1.7283403500996986,-0.2658985153999461,-0.011999999999999567,
510500,2024-09-05,4.527,4.522,4.555,4.502,1695282.0,,1.177516107531658,0.4665629860031083,0.020999999999999908,
510500,2024-09-06,4.537,4.458,4.54,4.451,2268192.0,,1.968155683325971,-1.4153029632905805,-0.06400000000000006,
510500,2024-09-09,4.447,4.425,4.467,4.408,1803374.0,,1.323463436518602,-0.740242261103642,-0.03300000000000036,
510500,2024-09-10,4.434,4.423,4.45,4.347,2775346.0,,2.327683615819204,-0.045197740112989375,-0.0019999999999997797,
510500,2024-09-11,4.403,4.435,4.451,4.396,1792621.0,,1.2434998869545493,0.27130906624462053,0.011999999999999567,
510500,2024-09-12,4.443,4.417,4.492,4.413,2424416.0,,1.781285231116116,-0.405862457722656,-0.017999999999999794,
510500,2024-09-13,4.421,4.369,4.43,4.367,1858175.0,,1.4263074484944471,-1.086710436948156,-0.04800000000000004,
510500,2024-09-18,4.374,4.384,4.397,4.31,2100924.0,,1.9913023575188975,0.34332799267568254,0.015000000000000568,
510500,2024-09-19,4.393,4.447,4.491,4.353,4296814.0,,3.1478102189781,1.4370437956204316,0.06299999999999972,
510500,2024-09-20,4.432,4.415,4.437,4.389,2651260.0,,1.079379356869801,-0.7195862379132005,-0.03200000000000003,
510500,2024-09-23,4.406,4.414,4.47,4.397,2503894.0,,1.653454133635323,-0.022650056625149125,-0.001000000000000334,
510500,2024-09-24,4.467,4.626,4.627,4.426,8622586.0,,4.553692795650196,4.802899864068887,0.21200000000000063,
510500,2024-09-25,4.697,4.66,4.776,4.648,7069312.0,,2.7669693039342866,0.7349762213575401,0.03399999999999981,
510500,2024-09-26,4.642,4.908,4.914,4.641,11789570.0,,5.85836909871244,5.321888412017172,0.24800000000000022,
510500,2024-09-27,4.99,5.34,5.413,4.952,6199223.0,,9.392828035859827,8.801955990220039,0.4319999999999995,
510500,2024-09-30,5.636,5.842,5.889,5.348,19862373.0,,10.131086142322104,9.400749063670407,0.5019999999999998,
510500,2024-10-08,6.442,6.093,6.442,5.843,25698267.0,,10.253337897980149,4.296473810338932,0.25100000000000033,
510500,2024-10-09,5.888,5.71,6.031,5.618,13624744.0,,6.77827014606925,-6.285901854587231,-0.383,
510500,2024-10-10,5.717,5.636,5.834,5.546,7292272.0,,5.043782837127835,-1.2959719789842354,-0.07399999999999984,
510500,2024-10-11,5.579,5.403,5.599,5.332,7865974.0,,4.737402413058913,-4.134137686302351,-0.23300000000000054,
510500,2024-10-14,5.417,5.54,5.564,5.338,7598652.0,,4.182861373311123,2.5356283546178133,0.13700000000000045,
510500,2024-10-15,5.502,5.398,5.597,5.387,7531380.0,,3.790613718411568,-2.5631768953068654,-0.14200000000000035,
510500,2024-10-16,5.344,5.393,5.491,5.334,5724795.0,,2.9084846239347915,-0.09262689885142449,-0.004999999999999893,
510500,2024-10-17,5.423,5.349,5.48,5.347,6486966.0,,2.466159836825515,-0.8158724272204635,-0.043999999999999595,
510500,2024-10-18,5.352,5.584,5.778,5.344,11392536.0,,8.113666105814158,4.3933445503832385,0.23499999999999943,
510500,2024-10-21,5.608,5.64,5.738,5.565,6958180.0,,3.09813753581662,1.0028653295128949,0.05600000000000005,
510500,2024-10-22,5.627,5.693,5.716,5.606,4319804.0,,1.950354609929084,0.9397163120567366,0.052999999999999936,
510500,2024-10-23,5.693,5.716,5.803,5.666,4872250.0,,2.4064640786931246,0.4040049183207549,0.023000000000000576,
510500,2024-10-24,5.685,5.665,5.699,5.63,3521886.0,,1.2071378586424064,-0.8922323303009124,-0.051000000000000156,
510500,2024-10-25,5.675,5.754,5.792,5.668,3873432.0,,2.1888790820829596,1.5710503089143784,0.08899999999999952,
510500,2024-10-28,5.747,5.822,5.825,5.723,5321029.0,,1.7726798748696613,1.181786583246446,0.0680000000000005,
510500,2024-10-29,5.837,5.763,5.86,5.743,6047604.0,,2.009618687736173,-1.013397457918244,-0.05900000000000016,
510500,2024-10-30,5.746,5.781,5.814,5.713,6930217.0,,1.7525594308519865,0.3123373243102515,0.017999999999999794,
510500,2024-10-31,5.773,5.847,5.892,5.749,6242413.0,,2.473620480885672,1.1416709911780094,0.06600000000000072,
510500,2024-11-01,5.838,5.793,5.874,5.743,3911259.0,,2.2404651958269084,-0.9235505387378188,-0.05400000000000027,
510500,2024-11-04,5.793,5.88,5.882,5.789,2684838.0,,1.6053858104609007,1.501812532366645,0.08699999999999974,
510500,2024-11-05,5.881,6.063,6.087,5.851,5750979.0,,4.013605442176867,3.112244897959181,0.18299999999999983,
510500,2024-11-06,6.067,6.07,6.154,6.027,5013235.0,,2.0946726043212895,0.11545439551378132,0.007000000000000561,
510500,2024-11-07,6.037,6.19,6.197,6.017,4380400.0,,2.9654036243822026,1.97693574958814,0.1200000000000001,
510500,2024-11-08,6.248,6.173,6.285,6.152,5623583.0,,2.1486268174474956,-0.27463651050081334,-0.017000000000000348,
510500,2024-11-11,6.133,6.279,6.282,6.129,4904753.0,,2.4785355580754977,1.7171553539607949,0.10599999999999987,
510500,2024-11-12,6.287,6.219,6.329,6.156,4347827.0,,2.7552157986940604,-0.9555661729574711,-0.05999999999999961,
510500,2024-11-13,6.181,6.2,6.223,6.108,2816386.0,,1.8491718925872358,-0.3055153561665883,-0.019000000000000128,
510500,2024-11-14,6.19,6.028,6.19,6.017,5207919.0,,2.790322580645162,-2.7741935483871063,-0.1720000000000006,
510500,2024-11-15,6.016,5.868,6.041,5.866,7541458.0,,2.9031187790311996,-2.654280026542788,-0.15999999999999925,
510500,2024-11-18,5.877,5.778,5.915,5.738,6454073.0,,3.016359918200402,-1.5337423312883562,-0.09000000000000075,
510500,2024-11-19,5.781,5.871,5.876,5.721,7039411.0,,2.6825891311872665,1.6095534787123722,0.09300000000000086,
510500,2024-11-20,5.857,5.932,5.956,5.837,5387512.0,,2.0269119400442968,1.039005280190767,0.06099999999999994,
510500,2024-11-21,5.921,5.927,5.951,5.881,1893214.0,,1.1800404585299966,-0.08428860418072794,-0.005000000000000782,
510500,2024-11-22,5.915,5.687,5.921,5.683,2633179.0,,4.015522186603686,-4.049266070524706,-0.23999999999999932,
510500,2024-11-25,5.702,5.672,5.712,5.604,2286011.0,,1.8990680499384498,-0.2637594513803511,-0.015000000000000568,
510500,2024-11-26,5.657,5.632,5.71,5.627,1899722.0,,1.4633286318758847,-0.7052186177715098,-0.040000000000000036,
510500,2024-11-27,5.629,5.743,5.754,5.547,3402143.0,,3.675426136363634,1.9708806818181934,0.11100000000000065,
510500,2024-11-28,5.736,5.705,5.765,5.686,2622950.0,,1.3755876719484543,-0.6616750827093898,-0.038000000000000256,
510500,2024-11-29,5.7,5.791,5.85,5.678,4044346.0,,3.0148992112182245,1.50744960560912,0.0860000000000003,
510500,2024-12-02,5.793,5.883,5.909,5.786,3653448.0,,2.12398549473321,1.5886720773614167,0.09199999999999964,
510500,2024-12-03,5.885,5.873,5.905,5.824,2970411.0,,1.3768485466598743,-0.16998130205677012,-0.009999999999999787,
510500,2024-12-04,5.867,5.828,5.889,5.795,2643418.0,,1.600544866337482,-0.7662182870764503,-0.04499999999999993,
510500,2024-12-05,5.812,5.845,5.869,5.795,1955047.0,,1.2697323266986933,0.29169526424158304,0.01699999999999946,
510500,2024-12-06,5.843,5.923,5.965,5.815,5358862.0,,2.566295979469623,1.3344739093242137,0.07800000000000029,
510500,2024-12-09,5.922,5.89,5.945,5.851,4031534.0,,1.5870335978389383,-0.5571500928583549,-0.03300000000000036,
510500,2024-12-10,6.127,5.942,6.13,5.924,5552326.0,,3.4974533106960872,0.882852292020382,0.05200000000000049,
510500,2024-12-11,5.928,5.988,6.0,5.925,5613923.0,,1.2622012790306325,0.7741501178054572,0.04600000000000026,
510500,2024-12-12,5.987,6.044,6.063,5.97,4293467.0,,1.5531062124248491,0.9352037408149492,0.05599999999999916,
510500,2024-12-13,5.985,5.946,6.008,5.927,7779196.0,,1.3401720714758507,-1.6214427531436113,-0.09799999999999986,
510500,2024-12-16,5.937,5.852,5.944,5.833,4533264.0,,1.8668012108980787,-1.5808947191389071,-0.09399999999999942,
510500,2024-12-17,5.848,5.788,5.865,5.779,4412301.0,,1.469583048530422,-1.0936431989063577,-0.06400000000000006,
510500,2024-12-18,5.802,5.826,5.865,5.787,2669874.0,,1.3476157567380838,0.6565307532826428,0.03799999999999937,
510500,2024-12-19,5.778,5.844,5.863,5.754,3254784.0,,1.8709234466186213,0.30895983522143294,0.018000000000000682,
510500,2024-12-20,5.834,5.856,5.897,5.826,4144643.0,,1.2149212867898804,0.20533880903490018,0.011999999999999567,
510500,2024-12-23,5.857,5.762,5.872,5.758,4681949.0,,1.9467213114754078,-1.6051912568306064,-0.0940000000000003,
510500,2024-12-24,5.763,5.829,5.838,5.762,4469854.0,,1.3189864630336778,1.1627906976744218,0.06700000000000017,
510500,2024-12-25,5.83,5.779,5.83,5.731,4826393.0,,1.6984045290787477,-0.8577800651912819,-0.04999999999999982,
510500,2024-12-26,5.779,5.824,5.835,5.774,2742466.0,,1.0555459422045328,0.7786814327738351,0.04499999999999993,
510500,2024-12-27,5.814,5.838,5.922,5.814,3076206.0,,1.8543956043955985,0.24038461538461944,0.014000000000000234,
510500,2024-12-30,5.835,5.836,5.868,5.805,1887245.0,,1.0791366906474924,-0.034258307639598834,-0.0019999999999997797,
510500,2024-12-31,5.836,5.658,5.846,5.655,7477379.0,,3.272789581905412,-3.0500342700479766,-0.17799999999999994,
510500,2025-01-02,5.654,5.484,5.656,5.426,4351665.0,,4.0650406504064955,-3.0752916224814486,-0.17400000000000038,
510500,2025-01-03,5.479,5.37,5.512,5.351,4461330.0,,2.9358132749817574,-2.0787746170678316,-0.11399999999999988,
510500,2025-01-06,5.362,5.357,5.415,5.318,3302311.0,,1.8063314711359482,-0.24208566108007262,-0.0129999999999999,
510500,2025-01-07,5.358,5.415,5.416,5.331,4055360.0,,1.5867089789061033,1.0826955385476913,0.05799999999999983,
510500,2025-01-08,5.397,5.392,5.439,5.257,4236655.0,,3.361034164358271,-0.424746075715599,-0.022999999999999687,
510500,2025-01-09,5.372,5.388,5.426,5.368,2684390.0,,1.075667655786347,-0.07418397626113589,-0.004000000000000448,
510500,2025-01-10,5.384,5.306,5.433,5.303,2313565.0,,2.4127691165553062,-1.5219005196733455,-0.08199999999999985,
510500,2025-01-13,5.258,5.315,5.356,5.257,2985827.0,,1.86581228797588,0.16961929890690428,0.009000000000000341,
510500,2025-01-14,5.328,5.502,5.522,5.303,5016496.0,,4.120413922859837,3.5183443085606654,0.1869999999999994,
510500,2025-01-15,5.492,5.457,5.499,5.446,4353645.0,,0.9632860777898935,-0.8178844056706639,-0.04499999999999993,
510500,2025-01-16,5.48,5.475,5.571,5.438,5068270.0,,2.4372365768737403,0.32985156679493854,0.017999999999999794,
510500,2025-01-17,5.448,5.519,5.559,5.448,2755505.0,,2.0273972602739687,0.8036529680365386,0.04400000000000048,
510500,2025-01-20,5.553,5.546,5.604,5.531,3234081.0,,1.3227033882949881,0.4892190614241735,0.027000000000000135,
510500,2025-01-21,5.568,5.566,5.583,5.505,3450430.0,,1.4064190407500954,0.36062026685898974,0.019999999999999574,
510500,2025-01-22,5.549,5.545,5.557,5.497,3212695.0,,1.077973409989229,-0.3772906934962254,-0.020999999999999908,
510500,2025-01-23,5.588,5.522,5.662,5.518,4192641.0,,2.596934174932374,-0.414788097385026,-0.022999999999999687,
510500,2025-01-24,5.507,5.59,5.601,5.506,5009241.0,,1.7203911626222337,1.231437884824332,0.06799999999999962,
510500,2025-01-27,5.597,5.523,5.613,5.52,4883961.0,,1.6636851520572604,-1.1985688729874808,-0.06700000000000017,
510500,2025-02-05,5.576,5.546,5.581,5.52,2639928.0,,1.1044722071338193,0.4164403403947235,0.023000000000000576,
510500,2025-02-06,5.536,5.678,5.687,5.528,4672607.0,,2.8669311215290425,2.3800937612693773,0.13199999999999967,
510500,2025-02-07,5.682,5.769,5.834,5.672,4842323.0,,2.853117294822119,1.6026769989432932,0.09100000000000019,
510500,2025-02-10,5.781,5.82,5.829,5.768,4069189.0,,1.0573756283584665,0.8840353614144594,0.051000000000000156,
510500,2025-02-11,5.819,5.797,5.837,5.757,2711553.0,,1.3745704467353963,-0.395189003436436,-0.023000000000000576,
510500,2025-02-12,5.777,5.874,5.881,5.777,2615958.0,,1.7940313955494238,1.328273244781783,0.07699999999999996,
510500,2025-02-13,5.872,5.845,5.893,5.824,2836255.0,,1.1746680286006121,-0.4937010554988069,-0.028999999999999915,
510500,2025-02-14,5.829,5.891,5.9,5.824,3231129.0,,1.3002566295979556,0.786997433704025,0.04600000000000026,
510500,2025-02-17,5.911,5.882,5.92,5.838,3692692.0,,1.3919538278730241,-0.15277542013241116,-0.009000000000000341,
510500,2025-02-18,5.861,5.782,5.885,5.748,3047851.0,,2.329139748384896,-1.7001020061203613,-0.09999999999999964,
510500,2025-02-19,5.771,5.875,5.883,5.768,3187797.0,,1.9889311656866173,1.6084399861639564,0.09299999999999997,
510500,2025-02-20,5.873,5.89,5.913,5.852,3821242.0,,1.0382978723404246,0.25531914893616475,0.01499999999999968,
510500,2025-02-21,5.905,5.992,6.006,5.877,3384487.0,,2.190152801358242,1.7317487266553535,0.10200000000000031,
510500,2025-02-24,5.986,5.974,6.008,5.937,4034275.0,,1.1849132176234936,-0.3004005340453904,-0.017999999999999794,
510500,2025-02-25,5.925,5.911,5.973,5.893,2809776.0,,1.3391362571141625,-1.0545698024774124,-0.06300000000000061,
510500,2025-02-26,5.925,5.983,5.994,5.903,3356211.0,,1.5395026222297445,1.218068008797159,0.07200000000000006,
510500,2025-02-27,5.972,5.967,5.996,5.877,3013502.0,,1.9889687447768791,-0.2674243690456295,-0.016000000000000014,
510500,2025-02-28,5.929,5.805,5.938,5.785,3140821.0,,2.564102564102557,-2.714932126696832,-0.16199999999999992,
510500,2025-03-03,5.805,5.815,5.902,5.789,2773490.0,,1.9465977605512566,0.17226528854436995,0.010000000000000675,
510500,2025-03-04,5.777,5.867,5.882,5.77,2026357.0,,1.9260533104041289,0.894239036973338,0.0519999999999996,
510500,2025-03-05,5.87,5.882,5.892,5.819,2454551.0,,1.2442474859383057,0.25566729163115187,0.01499999999999968,
510500,2025-03-06,5.908,5.977,6.003,5.904,4029340.0,,1.6831009860591672,1.6150969058143598,0.09500000000000064,
510500,2025-03-07,5.959,5.951,5.998,5.925,3157096.0,,1.2213485025932806,-0.4350008365400818,-0.02600000000000069,
510500,2025-03-10,5.946,5.944,5.969,5.899,3345878.0,,1.1762728953117172,-0.11762728953116575,-0.006999999999999673,
510500,2025-03-11,5.884,5.974,5.977,5.881,1617295.0,,1.6150740242261117,0.5047106325706637,0.03000000000000025,
510500,2025-03-12,5.987,5.978,6.036,5.969,2047492.0,,1.121526615333098,0.0669568128557007,0.0039999999999995595,
510500,2025-03-13,5.968,5.927,5.986,5.878,2125910.0,,1.8066242890598807,-0.8531281365005046,-0.051000000000000156,
510500,2025-03-14,5.93,6.036,6.038,5.91,4824885.0,,2.159608570946518,1.8390416736966424,0.10899999999999999,
510500,2025-03-17,6.048,6.038,6.059,6.025,3835627.0,,0.5632869449966834,0.03313452617628675,0.002000000000000668,
510500,2025-03-18,6.05,6.064,6.104,6.046,1786536.0,,0.9605829744948631,0.43060616098045373,0.0259999999999998,
510500,2025-03-19,6.053,6.04,6.064,6.006,1508335.0,,0.9564643799472268,-0.39577836411609535,-0.02400000000000002,
510500,2025-03-20,6.037,5.998,6.043,5.993,2623956.0,,0.827814569536421,-0.6953642384105929,-0.041999999999999815,
510500,2025-03-21,5.971,5.906,6.004,5.888,2455737.0,,1.9339779926642158,-1.5338446148716327,-0.09200000000000053,
510500,2025-03-24,5.908,5.899,5.917,5.821,2315640.0,,1.6254656281747393,-0.11852353538773575,-0.006999999999999673,
510500,2025-03-25,5.895,5.879,5.922,5.859,1978020.0,,1.0679776233259828,-0.33904051534159113,-0.020000000000000462,
510500,2025-03-26,5.871,5.879,5.921,5.871,1918078.0,,0.8504847763225009,0.0,0.0,
510500,2025-03-27,5.875,5.894,5.938,5.822,2122545.0,,1.9731246810682033,0.25514543289676084,0.015000000000000568,
510500,2025-03-28,5.891,5.847,5.91,5.835,1995542.0,,1.2724804886325107,-0.7974211062096997,-0.04699999999999971,
510500,2025-03-31,5.819,5.792,5.846,5.734,1817963.0,,1.915512228493246,-0.9406533264922285,-0.055000000000000604,
510500,2025-04-01,5.802,5.824,5.868,5.797,1740931.0,,1.2258287292817787,0.5524861878453043,0.03200000000000003,
510500,2025-04-02,5.817,5.831,5.876,5.807,1784233.0,,1.1847527472527466,0.12019230769231733,0.007000000000000561,
510500,2025-04-03,5.783,5.78,5.845,5.754,2664772.0,,1.5606242496998832,-0.8746355685131222,-0.051000000000000156,
510500,2025-04-07,5.558,5.218,5.6,5.196,4617801.0,,6.9896193771626285,-9.723183391003465,-0.5620000000000003,
510500,2025-04-08,5.25,5.251,5.309,5.188,30285654.0,,2.3188961287849836,0.6324262169413638,0.03300000000000036,
510500,2025-04-09,5.193,5.366,5.395,5.077,3538250.0,,6.055989335364685,2.1900590363740107,0.11499999999999932,
510500,2025-04-10,5.441,5.473,5.547,5.439,2669818.0,,2.0126723816623118,1.9940365262765598,0.1070000000000002,
510500,2025-04-11,5.448,5.511,5.566,5.447,2220743.0,,2.1743102503197473,0.6943175589256396,0.038000000000000256,
510500,2025-04-14,5.553,5.555,5.59,5.538,2150627.0,,0.9435674106332717,0.7984031936127671,0.043999999999999595,
510500,2025-04-15,5.553,5.532,5.557,5.5,3207385.0,,1.026102610261033,-0.41404140414040846,-0.022999999999999687,
510500,2025-04-16,5.496,5.483,5.519,5.428,6661825.0,,1.644974692697039,-0.885755603759949,-0.04900000000000038,
510500,2025-04-17,5.462,5.486,5.541,5.458,2247617.0,,1.5137698340324675,0.054714572314428486,0.0030000000000001137,
510500,2025-04-18,5.478,5.488,5.514,5.457,2950684.0,,1.039008384979956,0.03645643456071214,0.002000000000000668,
510500,2025-04-21,5.482,5.57,5.579,5.46,2567589.0,,2.1683673469387714,1.4941690962099097,0.08199999999999985,
510500,2025-04-22,5.557,5.555,5.583,5.545,1434074.0,,0.6822262118491966,-0.26929982046679657,-0.015000000000000568,
510500,2025-04-23,5.577,5.566,5.621,5.546,2331671.0,,1.3501350135013535,0.1980198019802002,0.01100000000000012,
510500,2025-04-24,5.566,5.543,5.582,5.515,1605892.0,,1.2037369744879658,-0.4132231404958621,-0.022999999999999687,
510500,2025-04-25,5.548,5.559,5.6,5.53,2041463.0,,1.2628540501533356,0.2886523543207652,0.016000000000000014,
510500,2025-04-28,5.558,5.533,5.563,5.514,2026017.0,,0.8814534988307157,-0.4677100197877281,-0.0259999999999998,
510500,2025-04-29,5.508,5.536,5.56,5.502,1247374.0,,1.0482559190312637,0.05422013374298257,0.0029999999999992255,
510500,2025-04-30,5.536,5.564,5.58,5.535,2073912.0,,0.8128612716762993,0.5057803468208177,0.02800000000000047,
510500,2025-05-06,5.593,5.671,5.673,5.591,1856919.0,,1.4737598849748357,1.9230769230769267,0.1070000000000002,
510500,2025-05-07,5.736,5.681,5.783,5.646,2232101.0,,2.41579968259567,0.17633574325515405,0.009999999999999787,
510500,2025-05-08,5.667,5.705,5.723,5.662,2288960.0,,1.0737546206653747,0.42246083436014825,0.02400000000000002,
510500,2025-05-09,5.698,5.658,5.699,5.638,1686336.0,,1.0692375109553014,-0.8238387379491622,-0.04699999999999971,
510500,2025-05-12,5.683,5.73,5.735,5.675,1705953.0,,1.060445387062575,1.2725344644750807,0.07200000000000006,
510500,2025-05-13,5.763,5.716,5.764,5.702,1977886.0,,1.082024432809778,-0.2443280977312432,-0.014000000000000234,
510500,2025-05-14,5.713,5.736,5.777,5.684,2413135.0,,1.62701189643107,0.34989503149054535,0.019999999999999574,
510500,2025-05-15,5.719,5.659,5.725,5.648,1923033.0,,1.3423988842398877,-1.3423988842398877,-0.07699999999999996,
510500,2025-05-16,5.644,5.649,5.673,5.641,1753816.0,,0.5654709312599404,-0.17670966601872745,-0.009999999999999787,
510500,2025-05-19,5.648,5.663,5.668,5.603,1410520.0,,1.1506461320587784,0.24783147459727803,0.014000000000000234,
510500,2025-05-20,5.666,5.687,5.702,5.64,1167503.0,,1.0948260639237202,0.42380363764789014,0.02400000000000002,
510500,2025-05-21,5.677,5.694,5.702,5.669,828511.0,,0.5802707930367569,0.12308774397748679,0.006999999999999673,
510500,2025-05-22,5.671,5.649,5.703,5.642,1393033.0,,1.0713031260976458,-0.7903055848261314,-0.04499999999999993,
510500,2025-05-23,5.645,5.6,5.685,5.598,1908861.0,,1.5400955921401973,-0.8674101610904652,-0.04900000000000038,
510500,2025-05-26,5.595,5.609,5.642,5.583,1681779.0,,1.0535714285714315,0.1607142857142918,0.009000000000000341,
510500,2025-05-27,5.61,5.595,5.616,5.571,2079550.0,,0.8022820467106423,-0.24959885897664885,-0.014000000000000234,
510500,2025-05-28,5.595,5.585,5.608,5.572,1296504.0,,0.6434316353887326,-0.17873100983020174,-0.009999999999999787,
510500,2025-05-29,5.588,5.665,5.677,5.587,3204956.0,,1.6114592658907763,1.4324082363473603,0.08000000000000007,
510500,2025-05-30,5.648,5.632,5.649,5.609,3345407.0,,0.7060900264783766,-0.5825242718446666,-0.03300000000000036,
510500,2025-06-03,5.618,5.641,5.668,5.604,1375063.0,,1.1363636363636374,0.15980113636364243,0.009000000000000341,
510500,2025-06-04,5.642,5.687,5.701,5.642,1095253.0,,1.045913845062919,0.8154582520829687,0.04600000000000026,
510500,2025-06-05,5.694,5.722,5.737,5.671,1685858.0,,1.160541586073498,0.6154387198874651,0.03500000000000014,
510500,2025-06-06,5.721,5.723,5.732,5.708,1010747.0,,0.41943376441803604,0.0174764068507418,0.0009999999999994458,
510500,2025-06-09,5.733,5.763,5.79,5.727,1958622.0,,1.100821247597409,0.6989341254586762,0.040000000000000036,
510500,2025-06-10,5.763,5.715,5.767,5.68,1825379.0,,1.5096304008329107,-0.8328995314940142,-0.04800000000000004,
510500,2025-06-11,5.715,5.752,5.786,5.715,2303796.0,,1.2423447069116313,0.6474190726159217,0.03699999999999992,
510500,2025-06-12,5.747,5.763,5.773,5.724,922337.0,,0.8518776077885865,0.19123783031989083,0.01100000000000012,
510500,2025-06-13,5.752,5.714,5.76,5.692,1596903.0,,1.1799410029498458,-0.8502516050667966,-0.04899999999999949,
510500,2025-06-16,5.693,5.735,5.75,5.693,1802021.0,,0.9975498774938814,0.36751837591879427,0.020999999999999908,
510500,2025-06-17,5.74,5.723,5.746,5.707,2235067.0,,0.680034873583271,-0.20924149956408813,-0.012000000000000455,
510500,2025-06-18,5.724,5.714,5.728,5.678,1501328.0,,0.8736676568233414,-0.15726017822819244,-0.008999999999999453,
510500,2025-06-19,5.701,5.656,5.723,5.633,2202724.0,,1.575078753937694,-1.0150507525376393,-0.05800000000000072,
510500,2025-06-20,5.651,5.617,5.667,5.616,3236440.0,,0.9016973125884046,-0.6895332390381843,-0.0389999999999997,
510500,2025-06-23,5.606,5.65,5.664,5.599,1917814.0,,1.1572013530354193,0.5875022253872239,0.03300000000000036,
510500,2025-06-24,5.661,5.742,5.746,5.661,3842874.0,,1.504424778761077,1.6283185840707897,0.09199999999999964,
510500,2025-06-25,5.75,5.851,5.857,5.746,3724601.0,,1.9331243469174462,1.8982932776036223,0.10899999999999999,
510500,2025-06-26,5.843,5.826,5.864,5.823,2343963.0,,0.7007349171081778,-0.4272773884806077,-0.025000000000000355,
510500,2025-06-27,5.832,5.848,5.896,5.823,2229407.0,,1.2530037761757555,0.3776175763817412,0.02200000000000024,
510500,2025-06-30,5.855,5.901,5.906,5.854,2444974.0,,0.8891928864569015,0.9062927496580017,0.052999999999999936,
510500,2025-07-01,5.888,5.92,5.922,5.872,1382361.0,,0.8473140145737981,0.3219793255380466,0.019000000000000128,
510500,2025-07-02,5.899,5.885,5.904,5.867,1297455.0,,0.6249999999999987,-0.5912162162162186,-0.03500000000000014,
510500,2025-07-03,5.885,5.909,5.916,5.873,1197558.0,,0.7306711979609202,0.4078164825828381,0.02400000000000002,
510500,2025-07-04,5.896,5.901,5.963,5.878,1626178.0,,1.4384836689795222,-0.1353866982568964,-0.008000000000000007,
510500,2025-07-07,5.895,5.889,5.904,5.879,787038.0,,0.42365700728690653,-0.20335536349770492,-0.011999999999999567,
510500,2025-07-08,5.889,5.969,5.977,5.886,1674850.0,,1.545253863134661,1.3584649346238762,0.08000000000000007,
510500,2025-07-09,5.97,5.943,5.982,5.938,1531960.0,,0.7371418998157225,-0.43558384989111554,-0.02600000000000069,
510500,2025-07-10,5.943,5.976,5.999,5.935,1303243.0,,1.076897189971396,0.5552751135790066,0.03300000000000036,
510500,2025-07-11,5.973,6.028,6.063,5.955,2491185.0,,1.8072289156626447,0.8701472556894176,0.0519999999999996,
510500,2025-07-14,6.026,6.017,6.037,6.008,1168520.0,,0.4810882548108812,-0.1824817518248048,-0.010999999999999233,
510500,2025-07-15,6.004,6.015,6.049,5.967,1582649.0,,1.3628053847432398,-0.03323915572545567,-0.002000000000000668,
510500,2025-07-16,6.012,6.014,6.066,5.993,1641379.0,,1.2136325852036496,-0.016625103906890204,-0.0009999999999994458,
510500,2025-07-17,6.013,6.084,6.086,6.007,1181068.0,,1.3136015962753678,1.1639507815098002,0.0699999999999994,
510500,2025-07-18,6.086,6.103,6.121,6.073,1608246.0,,0.788954635108482,0.31229454306377596,0.019000000000000128,
510500,2025-07-21,6.109,6.164,6.166,6.108,2550110.0,,0.9503522857611129,0.9995084384728813,0.06099999999999994,
510500,2025-07-22,6.167,6.23,6.233,6.156,2237787.0,,1.249188838416612,1.0707332900713942,0.06600000000000072,
510500,2025-07-23,6.233,6.208,6.272,6.196,2803027.0,,1.2199036918138122,-0.3531300160513682,-0.02200000000000024,
510500,2025-07-24,6.196,6.301,6.306,6.195,2070370.0,,1.7880154639175219,1.498067010309278,0.09299999999999997,
510500,2025-07-25,6.305,6.303,6.315,6.277,3175692.0,,0.6030788763688344,0.03174099349309283,0.0019999999999997797,
510500,2025-07-28,6.303,6.329,6.341,6.274,2017572.0,,1.062985879739809,0.41250198318260833,0.0259999999999998,
510500,2025-07-29,6.313,6.369,6.37,6.273,2131929.0,,1.532627587296578,0.6320113762047723,0.040000000000000036,
510500,2025-07-30,6.346,6.327,6.379,6.278,1889246.0,,1.5858062490186837,-0.6594441827602421,-0.041999999999999815,
510500,2025-07-31,6.3,6.235,6.327,6.211,1986009.0,,1.8334123597281438,-1.4540856646119749,-0.09199999999999964,
510500,2025-08-01,6.218,6.225,6.266,6.188,1581956.0,,1.251002405773862,-0.160384923817172,-0.010000000000000675,
510500,2025-08-04,6.197,6.273,6.274,6.19,1043707.0,,1.34939759036144,0.7710843373493983,0.04800000000000004,
510500,2025-08-05,6.276,6.314,6.316,6.276,1206725.0,,0.6376534353578835,0.653594771241836,0.04100000000000037,
510500,2025-08-06,6.284,6.366,6.372,6.284,1719765.0,,1.3937282229965169,0.8235666772252076,0.0519999999999996,
510500,2025-08-07,6.366,6.346,6.381,6.304,1617284.0,,1.2095507382972033,-0.31416902293433197,-0.019999999999999574,
510500,2025-08-08,6.317,6.335,6.36,6.313,1036035.0,,0.7406240151276489,-0.17333753545540687,-0.01100000000000012,
510500,2025-08-11,6.341,6.402,6.422,6.341,1672288.0,,1.2786108918705528,1.0576164167324416,0.06700000000000017,
510500,2025-08-12,6.404,6.435,6.436,6.377,1065318.0,,0.9215870040612334,0.5154639175257649,0.032999999999999474,
510500,2025-08-13,6.444,6.52,6.534,6.438,1792705.0,,1.4918414918414933,1.3209013209013205,0.08499999999999996,
510500,2025-08-14,6.499,6.452,6.535,6.427,2238969.0,,1.6564417177914195,-1.0429447852760678,-0.06799999999999962,
510500,2025-08-15,6.439,6.596,6.601,6.432,2291167.0,,2.619342839429628,2.2318660880347196,0.14400000000000013,
510500,2025-08-18,6.626,6.686,6.739,6.596,4186833.0,,2.1679805942995722,1.3644633110976327,0.08999999999999986,
510500,2025-08-19,6.686,6.671,6.724,6.649,3147655.0,,1.1217469338917168,-0.22434938677833804,-0.01499999999999968,
510500,2025-08-20,6.652,6.762,6.764,6.605,3376600.0,,2.383450757007942,1.36411332633787,0.0909999999999993,
510500,2025-08-21,6.774,6.724,6.794,6.697,2983306.0,,1.4344868382135394,-0.5619639160011738,-0.03799999999999937,
510500,2025-08-22,6.723,6.853,6.859,6.723,8437785.0,,2.022605591909579,1.9185008923259899,0.12899999999999956,
510500,2025-08-25,6.9,6.975,7.003,6.882,8814868.0,,1.7656500802568285,1.78024222968043,0.12199999999999989,
510500,2025-08-26,6.948,6.986,7.04,6.933,4988464.0,,1.5340501792114725,0.1577060931899659,0.01100000000000012,
510500,2025-08-27,6.984,6.891,7.098,6.882,4323272.0,,3.0918980818780444,-1.3598625823074686,-0.09499999999999975,
510500,2025-08-28,6.891,7.042,7.046,6.821,3895262.0,,3.265128428384857,2.1912639674938297,0.1509999999999998,
510500,2025-08-29,7.032,7.079,7.118,7.007,3494619.0,,1.5762567452428382,0.5254189150809419,0.03699999999999992,
510500,2025-09-01,7.099,7.144,7.148,7.062,1830813.0,,1.2148608560531067,0.9182087865517784,0.06500000000000039,
510500,2025-09-02,7.113,6.993,7.128,6.933,2451194.0,,2.7295632698768237,-2.1136618141097396,-0.1509999999999998,
510500,2025-09-03,7.0,6.878,7.022,6.853,2409955.0,,2.416702416702423,-1.6445016445016476,-0.11500000000000021,
510500,2025-09-04,6.884,6.717,6.932,6.627,3268974.0,,4.434428612968895,-2.340796743239321,-0.16100000000000048,
510500,2025-09-05,6.717,6.949,6.961,6.696,3077452.0,,3.945213637040354,3.453922882239098,0.2320000000000002,
510500,2025-09-08,6.949,7.011,7.022,6.909,2330317.0,,1.6261332565836875,0.8922147071521123,0.06200000000000028,
510500,2025-09-09,6.989,6.944,7.015,6.903,1395901.0,,1.5974896591071188,-0.9556411353587244,-0.06700000000000017,
510500,2025-09-10,6.932,6.941,7.001,6.889,1215725.0,,1.6129032258064528,-0.04320276497696016,-0.0030000000000001137,
510500,2025-09-11,6.938,7.162,7.167,6.895,4717183.0,,3.9187436968736526,3.1839792537098415,0.22100000000000009,
510500,2025-09-12,7.165,7.18,7.239,7.147,2593774.0,,1.2845573862049657,0.2513264451270566,0.017999999999999794,
510500,2025-09-15,7.19,7.164,7.2,7.147,3566121.0,,0.7381615598885785,-0.22284122562674116,-0.016000000000000014,
510500,2025-09-16,7.166,7.22,7.232,7.103,2361255.0,,1.800670016750425,0.7816862088218879,0.05600000000000005,
510500,2025-09-17,7.204,7.295,7.301,7.181,1586836.0,,1.6620498614958463,1.0387811634349056,0.07500000000000018,
510500,2025-09-18,7.29,7.23,7.386,7.138,3384182.0,,3.3995887594242666,-0.8910212474297395,-0.0649999999999995,
510500,2025-09-19,7.217,7.199,7.264,7.168,2855523.0,,1.32780082987552,-0.42876901798064426,-0.031000000000000583,
510500,2025-09-22,7.197,7.256,7.258,7.164,2356181.0,,1.3057369079038796,0.7917766356438448,0.057000000000000384,
510500,2025-09-23,7.256,7.215,7.273,7.078,2629621.0,,2.6874310915104656,-0.5650496141124638,-0.04100000000000037,
510500,2025-09-24,7.17,7.37,7.374,7.165,2194535.0,,2.8967428967428916,2.1483021483021516,0.15500000000000025,
510500,2025-09-25,7.368,7.379,7.416,7.353,1640250.0,,0.854816824966087,0.12211668928086097,0.008999999999999453,
510500,2025-09-26,7.339,7.274,7.393,7.271,2210031.0,,1.6533405610516316,-1.42295704024935,-0.10499999999999954,
510500,2025-09-29,7.273,7.4,7.429,7.25,3329400.0,,2.4608193566125967,1.7321968655485336,0.12600000000000033,
510500,2025-09-30,7.401,7.457,7.471,7.401,2693319.0,,0.9459459459459498,0.7702702702702634,0.056999999999999496,
510500,2025-10-09,7.491,7.587,7.616,7.478,2473304.0,,1.8506101649456874,1.7433284162531835,0.1299999999999999,
510500,2025-10-10,7.549,7.443,7.557,7.417,2915277.0,,1.8452616317385075,-1.8979833926453162,-0.14400000000000013,
510500,2025-10-13,7.228,7.407,7.426,7.228,3865377.0,,2.6602176541717104,-0.4836759371221227,-0.03599999999999959,
510500,2025-10-14,7.448,7.227,7.491,7.197,4260165.0,,3.9692183070068796,-2.4301336573511505,-0.17999999999999972,
510500,2025-10-15,7.226,7.331,7.337,7.191,2467557.0,,2.020202020202019,1.4390480143904814,0.10400000000000009,
510500,2025-10-16,7.258,7.274,7.337,7.234,2750738.0,,1.4049924976128736,-0.7775201200381991,-0.057000000000000384,
510500,2025-10-17,7.256,7.052,7.297,7.04,3014754.0,,3.5331317019521538,-3.0519659059664614,-0.22200000000000042,
510500,2025-10-20,7.112,7.098,7.171,7.064,3562494.0,,1.5173000567215005,0.6522972206466289,0.04600000000000026,
510500,2025-10-21,7.12,7.218,7.233,7.115,4851064.0,,1.6624401239785775,1.6906170752324614,0.1200000000000001,
510500,2025-10-22,7.188,7.162,7.199,7.14,2713715.0,,0.8174009420892238,-0.7758381823219735,-0.05600000000000005,
510500,2025-10-23,7.14,7.187,7.192,7.052,2033734.0,,1.9547612398771372,0.3490645071209209,0.025000000000000355,
510500,2025-10-24,7.212,7.307,7.31,7.206,2274704.0,,1.447057186586882,1.669681369138724,0.1200000000000001,
510500,2025-10-27,7.371,7.416,7.429,7.34,2142854.0,,1.2180101272752213,1.4917202682359378,0.10899999999999999,
510500,2025-10-28,7.406,7.379,7.452,7.348,1704494.0,,1.4023732470334422,-0.4989212513484467,-0.03700000000000081,
510500,2025-10-29,7.39,7.532,7.534,7.388,2061923.0,,1.9785878845371991,2.073451687220497,0.15300000000000047,
510500,2025-10-30,7.524,7.435,7.524,7.414,2397754.0,,1.460435475305368,-1.2878385554965537,-0.09700000000000042,
510500,2025-10-31,7.432,7.374,7.483,7.372,2395264.0,,1.4929388029589747,-0.8204438466711492,-0.06099999999999994,
510500,2025-11-03,7.365,7.377,7.386,7.25,2540990.0,,1.8443178736099828,0.04068348250610407,0.0030000000000001137,
510500,2025-11-04,7.358,7.251,7.363,7.206,2978830.0,,2.128236410464959,-1.7080113867425708,-0.12599999999999945,
510500,2025-11-05,7.138,7.268,7.297,7.138,1432956.0,,2.1928009929664847,0.23445042063162955,0.01699999999999946,
510500,2025-11-06,7.273,7.389,7.402,7.273,1739947.0,,1.774903687396814,1.6648321408915856,0.12100000000000044,
510500,2025-11-07,7.358,7.378,7.414,7.321,1037520.0,,1.2586276898091755,-0.148869941805388,-0.01100000000000012,
510500,2025-11-10,7.413,7.386,7.44,7.328,1123352.0,,1.5180265654648968,0.10843046896177835,0.008000000000000007,
510500,2025-11-11,7.406,7.332,7.433,7.319,1586675.0,,1.5434606011372851,-0.7311129163281921,-0.05400000000000027,
510500,2025-11-12,7.306,7.294,7.355,7.226,1342175.0,,1.7594108019639996,-0.5182760501909472,-0.038000000000000256,
510500,2025-11-13,7.275,7.403,7.419,7.275,1886617.0,,1.9742253907320984,1.494378941595832,0.10899999999999999,
510500,2025-11-14,7.341,7.276,7.373,7.273,1555990.0,,1.3508037282182972,-1.7155207348372254,-0.12699999999999978,
510500,2025-11-17,7.272,7.274,7.312,7.246,2198044.0,,0.9070918086860891,-0.02748763056624216,-0.0019999999999997797,
510500,2025-11-18,7.248,7.2,7.273,7.155,2654207.0,,1.6222161121803609,-1.017321968655483,-0.07399999999999984,
510500,2025-11-19,7.19,7.165,7.231,7.131,2467924.0,,1.388888888888884,-0.4861111111111131,-0.03500000000000014,
510500,2025-11-20,7.208,7.108,7.231,7.101,3032408.0,,1.81437543614794,-0.7955338450802566,-0.057000000000000384,
510500,2025-11-21,7.036,6.86,7.069,6.856,7553568.0,,2.9966235227912223,-3.48902644907146,-0.24799999999999933,
510500,2025-11-24,6.898,6.908,6.944,6.841,4147657.0,,1.5014577259475181,0.6997084548104963,0.04800000000000004,
510500,2025-11-25,6.954,6.992,7.064,6.952,6043585.0,,1.6213086276780557,1.2159814707585355,0.08399999999999963,
510500,2025-11-26,6.993,7.003,7.062,6.976,4139294.0,,1.2299771167048097,0.15732265446224428,0.01100000000000012,
510500,2025-11-27,7.003,6.988,7.092,6.978,1885426.0,,1.627873768384976,-0.21419391689275566,-0.01499999999999968,
510500,2025-11-28,6.986,7.073,7.082,6.98,1773332.0,,1.459645105895813,1.2163709215798506,0.08499999999999996,
510500,2025-12-01,7.09,7.14,7.141,7.076,1320063.0,,0.9189876997031018,0.9472642443093352,0.06699999999999928,
510500,2025-12-02,7.092,7.079,7.126,7.061,1503697.0,,0.9103641456582687,-0.8543417366946771,-0.06099999999999994,
510500,2025-12-03,7.083,7.041,7.108,7.016,1213240.0,,1.2996185901963504,-0.5367989829071814,-0.03799999999999937,
510500,2025-12-04,7.038,7.063,7.088,6.998,1223711.0,,1.2782275244993588,0.3124556170998346,0.021999999999999353,
510500,2025-12-05,7.06,7.154,7.157,7.005,3085261.0,,2.152060031148239,1.2884043607532238,0.09100000000000019,
510500,2025-12-08,7.176,7.216,7.243,7.167,2828081.0,,1.0623427453173122,0.8666480290746474,0.06200000000000028,
510500,2025-12-09,7.194,7.162,7.228,7.149,1924356.0,,1.0947893569844753,-0.7483370288248374,-0.05400000000000027,
510500,2025-12-10,7.163,7.201,7.218,7.11,2595578.0,,1.507958670762352,0.5445406311086247,0.0389999999999997,
510500,2025-12-11,7.213,7.139,7.222,7.134,1861384.0,,1.2220524927093472,-0.8609915289543034,-0.06199999999999939,
510500,2025-12-12,7.155,7.223,7.242,7.122,3755285.0,,1.6809076901526838,1.1766353831068725,0.08399999999999963,
510500,2025-12-15,7.188,7.174,7.237,7.167,1747858.0,,0.9691264017721208,-0.6783884812404747,-0.04899999999999949,
510500,2025-12-16,7.158,7.064,7.158,7.014,2629014.0,,2.0072483969891293,-1.5333147477000324,-0.11000000000000032,
510500,2025-12-17,7.058,7.197,7.225,7.038,2996344.0,,2.6472253680634115,1.8827859569648924,0.133,
510500,2025-12-18,7.163,7.159,7.233,7.157,2514901.0,,1.0559955537029266,-0.5279977768514694,-0.038000000000000256,
510500,2025-12-19,7.176,7.224,7.256,7.169,2509672.0,,1.2152535270289235,0.9079480374354015,0.06500000000000039,
510500,2025-12-22,7.258,7.306,7.335,7.258,2817475.0,,1.0658914728682165,1.1351052048726447,0.08199999999999985,
510500,2025-12-23,7.302,7.312,7.355,7.287,1850595.0,,0.9307418560087668,0.08212428141254074,0.006000000000000227,
510500,2025-12-24,7.311,7.408,7.43,7.301,3503673.0,,1.7642231947483527,1.3129102844638962,0.09600000000000009,
510500,2025-12-25,7.407,7.472,7.493,7.39,2869616.0,,1.3903887688984968,0.8639308855291584,0.06400000000000006,
510500,2025-12-26,7.482,7.518,7.554,7.465,5147301.0,,1.1911134903640312,0.6156316916488139,0.045999999999999375,
510500,2025-12-29,7.517,7.486,7.548,7.469,3378040.0,,1.0508113860069133,-0.4256451183825489,-0.03200000000000003,
510500,2025-12-30,7.45,7.519,7.563,7.45,2414779.0,,1.509484370825535,0.4408228693561363,0.03300000000000036,
510500,2025-12-31,7.535,7.526,7.549,7.489,4463534.0,,0.7979784545817329,0.09309748636786372,0.006999999999999673,
510500,2026-01-05,7.58,7.73,7.732,7.578,2763714.0,,2.046239702365133,2.7106032420940824,0.20400000000000063,
510500,2026-01-06,7.735,7.899,7.903,7.735,3560767.0,,2.1733505821474677,2.1862871927554925,0.1689999999999996,
510500,2026-01-07,7.907,7.937,7.978,7.892,4315868.0,,1.0887454108114876,0.4810735536143848,0.038000000000000256,
510500,2026-01-08,7.912,7.962,8.016,7.91,3822311.0,,1.3355171979337266,0.3149804712107782,0.024999999999999467,
510500,2026-01-09,7.962,8.154,8.161,7.961,5252035.0,,2.5119316754584187,2.4114544084400924,0.19200000000000017,
510500,2026-01-12,8.208,8.354,8.386,8.173,5715199.0,,2.612214863870483,2.4527839097375432,0.1999999999999993,
510500,2026-01-13,8.375,8.244,8.378,8.197,5240340.0,,2.1666267656212708,-1.3167344984438525,-0.10999999999999943,
510500,2026-01-14,8.246,8.303,8.474,8.188,13490762.0,,3.4691897137311933,0.7156720038816237,0.05900000000000105,
510500,2026-01-15,8.238,8.277,8.328,8.203,31673005.0,,1.5054799470071056,-0.313139828977497,-0.026000000000001577,
510500,2026-01-16,8.318,8.295,8.353,8.24,20507550.0,,1.3652289476863544,0.2174700978615523,0.018000000000000682,
510500,2026-01-19,8.27,8.348,8.397,8.25,15215857.0,,1.77215189873418,0.6389391199517881,0.053000000000000824,
510500,2026-01-20,8.356,8.324,8.414,8.201,16142559.0,,2.5515093435553324,-0.28749401054145796,-0.02400000000000091,
510500,2026-01-21,8.282,8.432,8.435,8.28,10340941.0,,1.86208553580011,1.2974531475252347,0.10800000000000054,
510500,2026-01-22,8.46,8.469,8.496,8.404,4808569.0,,1.0910815939279,0.43880455407968494,0.036999999999999034,
510500,2026-01-23,8.505,8.719,8.725,8.493,6693456.0,,2.739402526862668,2.9519423780847798,0.25,
510500,2026-01-26,8.763,8.564,8.787,8.517,16667265.0,,3.0966853997018164,-1.7777268035325078,-0.15499999999999936,
510500,2026-01-27,8.542,8.619,8.67,8.437,14746513.0,,2.720691265763668,0.6422232601588009,0.054999999999999716,
510500,2026-01-28,8.645,8.691,8.72,8.595,25174466.0,,1.45028425571412,0.8353637312913442,0.07200000000000095,
510500,2026-01-29,8.661,8.591,8.754,8.574,13734677.0,,2.071108042802896,-1.1506155793349606,-0.10000000000000142,
510500,2026-01-30,8.518,8.44,8.594,8.232,12838777.0,,4.213712024211386,-1.7576533581655198,-0.1509999999999998,
510500,2026-02-02,8.33,8.049,8.4,8.045,19473869.0,,4.2061611374407635,-4.632701421800949,-0.391,
510500,2026-02-03,8.186,8.366,8.375,8.132,9366022.0,,3.0190085724934814,3.9383774381910817,0.31700000000000017,
510500,2026-02-04,8.36,8.388,8.395,8.249,12287970.0,,1.7451589768108895,0.2629691608893168,0.02200000000000024,
510500,2026-02-05,8.3,8.217,8.313,8.147,9552432.0,,1.9790176442537004,-2.0386266094420527,-0.17099999999999937,
510500,2026-02-06,8.105,8.213,8.33,8.075,9399366.0,,3.103322380430823,-0.04867956675187216,-0.004000000000001336,
510500,2026-02-09,8.35,8.395,8.397,8.306,5942628.0,,1.1079995129672604,2.215999025934499,0.18200000000000038,
510500,2026-02-10,8.395,8.377,8.404,8.329,3443425.0,,0.8933889219773591,-0.21441334127455516,-0.017999999999998906,
510500,2026-02-11,8.355,8.411,8.457,8.355,2952357.0,,1.2176196729139346,0.4058732243046308,0.03399999999999892,
510500,2026-02-12,8.41,8.514,8.527,8.41,3976171.0,,1.3910355486862336,1.2245868505528448,0.10299999999999976,
510500,2026-02-13,8.474,8.373,8.496,8.361,10173966.0,,1.585623678646932,-1.656095842142354,-0.14100000000000001,
510500,2026-02-24,8.471,8.469,8.534,8.403,4388049.0,,1.5645527290099155,1.1465424579003953,0.09600000000000009,
510500,2026-02-25,8.48,8.602,8.633,8.479,7358841.0,,1.8183965049002235,1.5704333451411134,0.1330000000000009,
510500,2026-02-26,8.623,8.63,8.656,8.561,8055576.0,,1.1043943269007281,0.32550569634969156,0.02800000000000047,
510500,2026-02-27,8.58,8.737,8.739,8.58,4820349.0,,1.8424101969872617,1.2398609501738043,0.10699999999999932,
510500,2026-03-02,8.682,8.733,8.773,8.62,7723957.0,,1.7511731715691938,-0.04578230513905871,-0.0039999999999995595,
510500,2026-03-03,8.74,8.375,8.74,8.335,6797897.0,,4.637581587083469,-4.0993931066071285,-0.35800000000000054,
510500,2026-03-04,8.241,8.317,8.466,8.237,5269815.0,,2.7343283582089457,-0.6925373134328338,-0.05799999999999983,
510500,2026-03-05,8.433,8.371,8.459,8.311,5521642.0,,1.7794877960803135,0.6492725742455244,0.05400000000000027,
510500,2026-03-06,8.31,8.421,8.469,8.31,3177456.0,,1.8994146458009664,0.5973002030820563,0.049999999999998934,
510500,2026-03-09,8.298,8.356,8.38,8.124,4694397.0,,3.0400190001187535,-0.7718798242488957,-0.0649999999999995,
510500,2026-03-10,8.44,8.481,8.492,8.391,4355739.0,,1.2087123025371094,1.49593106749641,0.125,
510500,2026-03-11,8.489,8.468,8.519,8.441,3852283.0,,0.91970286522815,-0.15328381087135834,-0.0129999999999999,
510500,2026-03-12,8.452,8.426,8.495,8.354,3256224.0,,1.6650921114785076,-0.49598488427019144,-0.041999999999999815,
510500,2026-03-13,8.362,8.311,8.447,8.29,1982291.0,,1.8632803228103492,-1.3648231663897485,-0.11500000000000021,
510500,2026-03-16,8.298,8.259,8.308,8.124,3928895.0,,2.2139333413548226,-0.625676813861143,-0.0519999999999996,
510500,2026-03-17,8.265,8.078,8.29,8.074,3492036.0,,2.6153287322920367,-2.191548613633623,-0.18100000000000094,
510500,2026-03-18,8.11,8.156,8.168,8.023,4921480.0,,1.7949987620698142,0.9655855409755036,0.07800000000000118,
510500,2026-03-19,8.04,7.945,8.073,7.906,3918003.0,,2.0475723393820586,-2.58705247670427,-0.2110000000000003,
510500,2026-03-20,7.96,7.812,8.012,7.809,7316340.0,,2.555066079295158,-1.6740088105726871,-0.133,
510500,2026-03-23,7.701,7.512,7.777,7.46,6748011.0,,4.057859703020996,-3.840245775729656,-0.3000000000000007,
510500,2026-03-24,7.589,7.652,7.657,7.437,5910871.0,,2.92864749733759,1.8636847710330215,0.14000000000000057,
510500,2026-03-25,7.7,7.826,7.879,7.698,5865893.0,,2.3653946680606266,2.273915316257181,0.1739999999999995,
510500,2026-03-26,7.792,7.7,7.835,7.681,3201844.0,,1.967799642218246,-1.6100178890876493,-0.12599999999999945,
510500,2026-03-27,7.58,7.803,7.852,7.58,3963090.0,,3.5324675324675354,1.3376623376623344,0.10299999999999976,
510500,2026-03-30,7.706,7.818,7.836,7.665,4782422.0,,2.1914648212226098,0.19223375624759298,0.01499999999999968,
510500,2026-03-31,7.805,7.683,7.86,7.68,3683999.0,,2.3023791250959404,-1.7267843438219466,-0.1349999999999998,
510500,2026-04-01,7.815,7.809,7.85,7.755,3566686.0,,1.2364961603540252,1.6399843811011365,0.12600000000000033,
510500,2026-04-02,7.771,7.672,7.809,7.619,4864342.0,,2.4330900243309053,-1.7543859649122866,-0.13700000000000045,
510500,2026-04-03,7.697,7.603,7.707,7.581,2407769.0,,1.6423357664233504,-0.8993743482794572,-0.06899999999999995,
510500,2026-04-07,7.617,7.629,7.701,7.6,3281318.0,,1.3284229909246348,0.3419702748914876,0.0259999999999998,
510500,2026-04-08,7.82,8.026,8.029,7.815,11550045.0,,2.8050858565998102,5.203827500327701,0.39700000000000024,
510500,2026-04-09,7.961,7.964,8.009,7.908,6428258.0,,1.2584101669573884,-0.7724894094193794,-0.06199999999999939,
510500,2026-04-10,8.015,8.035,8.149,8.015,3800349.0,,1.6825715720743164,0.8915118031140096,0.07099999999999973,
510500,2026-04-13,7.985,8.028,8.059,7.978,4777283.0,,1.0080896079651465,-0.08711885500933009,-0.006999999999999673,
510500,2026-04-14,8.11,8.159,8.162,8.067,4368138.0,,1.183358246138523,1.6317887394120605,0.13100000000000023,
510500,2026-04-15,8.22,8.111,8.235,8.095,4083180.0,,1.715896555950469,-0.5883073906115951,-0.04800000000000004,
510500,2026-04-16,8.13,8.253,8.271,8.125,4879686.0,,1.8000246578720354,1.7507089138207304,0.14199999999999946,
510500,2026-04-17,8.232,8.29,8.312,8.21,4629737.0,,1.2359142130134317,0.44832182236761214,0.036999999999999034,
510500,2026-04-20,8.281,8.355,8.394,8.278,9125416.0,,1.399276236429429,0.7840772014475427,0.06500000000000128,
510500,2026-04-21,8.351,8.331,8.351,8.256,4613444.0,,1.1370436864153277,-0.2872531418312496,-0.02400000000000091,
510500,2026-04-22,8.283,8.455,8.457,8.283,6383224.0,,2.088584803745064,1.4884167566918804,0.12400000000000055,
510500,2026-04-23,8.46,8.375,8.474,8.296,6939803.0,,2.1052631578947465,-0.9461856889414555,-0.08000000000000007,
510500,2026-04-24,8.321,8.323,8.38,8.242,4371594.0,,1.6477611940298496,-0.620895522388055,-0.0519999999999996,
510500,2026-04-27,8.32,8.368,8.398,8.292,6275188.0,,1.2735792382554352,0.5406704313348544,0.04499999999999993,
510500,2026-04-28,8.346,8.273,8.356,8.247,6369387.0,,1.3025812619502866,-1.1352772466539274,-0.09500000000000064,
510500,2026-04-29,8.24,8.422,8.436,8.234,8789675.0,,2.4416777468874646,1.8010395261694778,0.1490000000000009,
510500,2026-04-30,8.41,8.43,8.45,8.37,7793619.0,,0.9498931370220858,0.09498931370219803,0.007999999999999119,
510500,2026-05-06,8.519,8.658,8.702,8.518,10254482.0,,2.1826809015421027,2.7046263345195705,0.22799999999999976,
510500,2026-05-07,8.702,8.771,8.778,8.669,12291601.0,,1.2589512589512588,1.3051513051513204,0.11300000000000132,
510500,2026-05-08,8.715,8.769,8.788,8.691,11110986.0,,1.1059172272260804,-0.022802417056215572,-0.002000000000000668,
510500,2026-05-11,8.838,8.912,8.945,8.788,6608744.0,,1.7903979929296387,1.63074466871936,0.14300000000000068,
510500,2026-05-12,8.92,8.862,8.927,8.821,5103981.0,,1.1894075403949715,-0.5610412926391461,-0.05000000000000071,
510500,2026-05-13,8.8,9.009,9.021,8.8,5154451.0,,2.493793726021215,1.6587677725118508,0.14700000000000024,
510500,2026-05-14,9.049,8.772,9.049,8.76,8902588.0,,3.2079032079032044,-2.6307026307026318,-0.2370000000000001,
510500,2026-05-15,8.76,8.612,8.809,8.553,13136592.0,,2.9183766529867583,-1.8239854081167368,-0.16000000000000014,
510500,2026-05-18,8.559,8.631,8.696,8.551,4808791.0,,1.683697166744073,0.22062238736646686,0.019000000000000128,
510500,2026-05-19,8.613,8.703,8.709,8.481,7097897.0,,2.6416405978449746,0.8342022940562991,0.07199999999999918,
510500,2026-05-20,8.652,8.748,8.76,8.626,5067923.0,,1.53969895438355,0.5170630816959662,0.04499999999999993,
510500,2026-05-21,8.8,8.503,8.887,8.484,5345049.0,,4.606767261088255,-2.80064014631915,-0.24499999999999922,
510500,2026-05-22,8.553,8.658,8.684,8.51,7929375.0,,2.0463365870869046,1.822886040221091,0.15499999999999936,
510500,2026-05-25,8.708,8.786,8.79,8.619,6085135.0,,1.975051975051968,1.4784014784014798,0.1280000000000001,
510500,2026-05-26,8.743,8.752,8.769,8.617,2414019.0,,1.7300250398360943,-0.3869792852264844,-0.03399999999999892,
510500,2026-05-27,8.74,8.614,8.821,8.58,3302420.0,,2.753656307129795,-1.5767824497257756,-0.1379999999999999,
510500,2026-05-28,8.575,8.649,8.694,8.506,3322216.0,,2.182493615045282,0.4063153006733035,0.034999999999998366,
510500,2026-05-29,8.66,8.443,8.681,8.387,3279447.0,,3.399236906000679,-2.3817782402589844,-0.20599999999999952,
510500,2026-06-01,8.434,8.37,8.532,8.354,4083694.0,,2.1082553594693927,-0.8646215800071112,-0.0730000000000004,
510500,2026-06-02,8.368,8.406,8.48,8.238,4588094.0,,2.891278375149354,0.43010752688173676,0.036000000000001364,
510500,2026-06-03,8.4,8.455,8.565,8.38,3267377.0,,2.2008089459909437,0.5829169640732749,0.04899999999999949,
510500,2026-06-04,8.371,8.448,8.489,8.371,2959299.0,,1.3956238911886496,-0.08279124778237343,-0.006999999999999673,
510500,2026-06-05,8.415,8.339,8.5,8.314,4320457.0,,2.2017045454545445,-1.290246212121212,-0.10899999999999999,
