代码,日期,开盘价,收盘价,最高价,最低价,成交量,成交额,振幅,涨跌幅,涨跌额,换手率
512500,2015-05-29,4.783,4.859,4.94,4.5,1482539,713497584.0,9.15,1.06,0.051,9.16
512500,2015-06-01,4.82,5.134,5.135,4.82,567112,284563824.0,6.48,5.66,0.275,3.5
512500,2015-06-02,5.134,5.302,5.306,5.1,279260,145412992.0,4.01,3.27,0.168,1.73
512500,2015-06-03,5.3,5.324,5.36,5.168,257514,135964787.0,3.62,0.41,0.022,1.59
512500,2015-06-04,5.3,5.325,5.354,5.01,305415,159737669.0,6.46,0.02,0.001,1.89
512500,2015-06-05,5.325,5.401,5.439,5.26,222955,120128548.0,3.36,1.43,0.076,1.38
512500,2015-06-08,5.358,5.182,5.358,5.157,104650,54695640.0,3.72,-4.05,-0.219,0.65
512500,2015-06-09,5.182,5.247,5.328,5.15,193038,101806623.0,3.43,1.25,0.065,1.19
512500,2015-06-10,5.23,5.342,5.468,5.16,168297,90471852.0,5.87,1.81,0.095,1.04
512500,2015-06-11,5.332,5.438,5.451,5.332,99461,53772317.0,2.23,1.8,0.096,0.61
512500,2015-06-12,5.447,5.542,5.6,5.447,119178,65657339.0,2.81,1.91,0.104,0.74
512500,2015-06-15,5.542,5.451,5.58,5.405,67511,37018733.0,3.16,-1.64,-0.091,0.42
512500,2015-06-16,5.445,5.224,5.445,5.1,66360,34998460.0,6.33,-4.16,-0.227,0.41
512500,2015-06-17,5.221,5.321,5.358,5.05,100183,52312152.0,5.9,1.86,0.097,0.62
512500,2015-06-18,5.3,5.173,5.38,5.102,56675,30060467.0,5.22,-2.78,-0.148,0.35
512500,2015-06-19,5.169,4.809,5.169,4.803,112956,56054683.0,7.08,-7.04,-0.364,0.7
512500,2015-06-23,4.804,4.8,4.869,4.496,99341,46331178.0,7.76,-0.19,-0.009,0.61
512500,2015-06-24,4.83,4.891,4.94,4.763,172806,84121449.0,3.69,1.9,0.091,1.07
512500,2015-06-25,4.9,4.818,4.955,4.8,71205,34849036.0,3.17,-1.49,-0.073,0.44
512500,2015-06-26,4.812,4.348,4.812,4.337,47458,21406404.0,9.86,-9.76,-0.47,0.29
512500,2015-06-29,4.501,4.1,4.559,3.913,60523,25190632.0,14.86,-5.7,-0.248,0.37
512500,2015-06-30,4.1,4.429,4.43,3.76,131720,52870630.0,16.34,8.02,0.329,0.81
512500,2015-07-01,4.2,3.998,4.406,3.986,104633,44068334.0,9.48,-9.73,-0.431,0.65
512500,2015-07-02,4.008,3.749,4.13,3.688,101332,39526366.0,11.06,-6.23,-0.249,0.63
512500,2015-07-03,3.824,3.417,3.824,3.374,519445,182251820.0,12.0,-8.86,-0.332,3.21
512500,2015-07-06,3.759,3.516,3.759,3.306,177510,63954912.0,13.26,2.9,0.099,1.1
512500,2015-07-07,3.538,3.164,3.538,3.164,144324,47499546.0,10.64,-10.01,-0.352,0.89
512500,2015-07-08,2.848,2.85,3.024,2.848,201272,57360321.0,5.56,-9.92,-0.314,1.24
512500,2015-07-09,2.811,3.135,3.135,2.811,74987,22638496.0,11.37,10.0,0.285,0.46
512500,2015-07-10,3.333,3.449,3.449,3.33,57653,19728843.0,3.8,10.02,0.314,0.36
512500,2015-07-13,3.79,3.794,3.794,3.59,195341,72449784.0,5.91,10.0,0.345,1.21
512500,2015-07-14,3.794,3.791,3.98,3.7,190572,73557783.0,7.38,-0.08,-0.003,1.18
512500,2015-07-15,3.6,3.44,3.849,3.415,131506,46952405.0,11.45,-9.26,-0.351,0.81
512500,2015-07-16,3.395,3.559,3.664,3.15,72681,25547519.0,14.94,3.46,0.119,0.45
512500,2015-07-17,3.56,3.788,3.849,3.56,94581,35367433.0,8.12,6.43,0.229,0.58
512500,2015-07-20,3.788,3.842,3.925,3.661,251554,96528417.0,6.97,1.43,0.054,1.55
512500,2015-07-21,3.6,3.836,3.917,3.6,72880,27819782.0,8.25,-0.16,-0.006,0.45
512500,2015-07-22,3.835,3.874,3.922,3.75,63267,24532493.0,4.48,0.99,0.038,0.39
512500,2015-07-23,3.886,4.089,4.091,3.886,103257,41193661.0,5.29,5.55,0.215,0.64
512500,2015-07-24,4.15,3.978,4.167,3.93,60242,24539296.0,5.8,-2.71,-0.111,0.37
512500,2015-07-27,3.895,3.66,3.986,3.658,58678,22573659.0,8.25,-7.99,-0.318,0.36
512500,2015-07-28,3.322,3.557,3.84,3.322,55732,19654903.0,14.15,-2.81,-0.103,0.34
512500,2015-07-29,3.61,3.792,3.796,3.45,56292,20377494.0,9.73,6.61,0.235,0.35
512500,2015-07-30,3.78,3.663,3.85,3.636,45479,17096625.0,5.64,-3.4,-0.129,0.28
512500,2015-07-31,3.63,3.622,3.716,3.598,30537,11139714.0,3.22,-1.12,-0.041,0.19
512500,2015-08-03,3.634,3.449,3.634,3.44,22623,7902197.0,5.36,-4.78,-0.173,0.14
512500,2015-08-04,3.452,3.701,3.72,3.452,37846,13622077.0,7.77,7.31,0.252,0.23
512500,2015-08-05,3.701,3.65,3.749,3.6,25432,9342692.0,4.03,-1.38,-0.051,0.16
512500,2015-08-06,3.523,3.644,3.717,3.523,25289,9288437.0,5.32,-0.16,-0.006,0.16
512500,2015-08-07,3.678,3.79,3.808,3.678,29037,10932312.0,3.57,4.01,0.146,0.18
512500,2015-08-10,3.85,4.014,4.08,3.8,62797,24751727.0,7.39,5.91,0.224,0.39
512500,2015-08-11,4.02,3.96,4.02,3.931,37475,14894648.0,2.22,-1.35,-0.054,0.23
512500,2015-08-12,3.939,3.885,4.02,3.881,41626,16428213.0,3.51,-1.89,-0.075,0.26
512500,2015-08-13,3.904,3.999,4.01,3.88,38580,15235512.0,3.35,2.93,0.114,0.24
512500,2015-08-14,4.02,4.023,4.06,3.982,34217,13816546.0,1.95,0.6,0.024,0.21
512500,2015-08-17,4.0,4.113,4.134,3.961,66900,27119447.0,4.3,2.24,0.09,0.41
512500,2015-08-18,4.113,3.796,4.15,3.72,72214,28599446.0,10.45,-7.71,-0.317,0.45
512500,2015-08-19,3.719,3.92,4.1,3.661,43534,16474911.0,11.56,3.27,0.124,0.27
512500,2015-08-20,3.901,3.832,3.945,3.822,53067,20501146.0,3.14,-2.24,-0.088,0.33
512500,2015-08-21,3.832,3.665,3.832,3.581,24247,9012866.0,6.55,-4.36,-0.167,0.15
512500,2015-08-24,3.499,3.299,3.55,3.299,34499,11590992.0,6.85,-9.99,-0.366,0.21
512500,2015-08-25,2.971,2.969,3.299,2.969,23182,7077876.0,10.0,-10.0,-0.33,0.14
512500,2015-08-26,3.005,2.913,3.128,2.8,32734,9728917.0,11.05,-1.89,-0.056,0.2
512500,2015-08-27,3.08,3.011,3.08,2.7,38115,11307522.0,13.04,3.36,0.098,0.24
512500,2015-08-28,3.02,3.241,3.25,3.02,43285,13459566.0,7.64,7.64,0.23,0.27
512500,2015-08-31,3.249,3.05,3.249,3.044,35290,10975165.0,6.33,-5.89,-0.191,0.22
512500,2015-09-01,3.03,2.864,3.03,2.85,29596,8627602.0,5.9,-6.1,-0.186,0.18
512500,2015-09-02,2.77,2.796,2.995,2.7,79547,23039033.0,10.3,-2.37,-0.068,0.49
512500,2015-09-07,2.861,2.899,3.011,2.861,27154,7981232.0,5.36,3.68,0.103,0.17
512500,2015-09-08,2.897,3.056,3.07,2.81,27388,8060843.0,8.97,5.42,0.157,0.17
512500,2015-09-09,3.056,3.098,3.149,3.05,56390,17451889.0,3.24,1.37,0.042,0.35
512500,2015-09-10,3.07,3.055,3.076,2.99,33324,10126556.0,2.78,-1.39,-0.043,0.21
512500,2015-09-11,3.02,3.065,3.091,3.02,14825,4531496.0,2.32,0.33,0.01,0.09
512500,2015-09-14,3.068,2.826,3.089,2.78,37360,11002021.0,10.08,-7.8,-0.239,0.23
512500,2015-09-15,2.78,2.7,2.816,2.684,23857,6525049.0,4.67,-4.46,-0.126,0.15
512500,2015-09-16,2.74,2.893,2.94,2.702,88465,24691209.0,8.81,7.15,0.193,0.55
512500,2015-09-17,2.87,2.798,2.909,2.786,48207,13745966.0,4.25,-3.28,-0.095,0.3
512500,2015-09-18,2.8,2.828,2.845,2.785,13334,3743895.0,2.14,1.07,0.03,0.08
512500,2015-09-21,2.77,2.924,2.936,2.76,33497,9570306.0,6.22,3.39,0.096,0.21
512500,2015-09-22,2.928,2.939,2.962,2.896,36835,10814903.0,2.26,0.51,0.015,0.23
512500,2015-09-23,2.903,2.9,2.922,2.86,29996,8679196.0,2.11,-1.33,-0.039,0.19
512500,2015-09-24,2.956,2.931,2.956,2.869,20610,6042559.0,3.0,1.07,0.031,0.13
512500,2015-09-25,2.95,2.853,2.952,2.83,6965,1998961.0,4.16,-2.66,-0.078,0.04
512500,2015-09-28,2.853,2.905,2.91,2.836,7536,2172989.0,2.59,1.82,0.052,0.05
512500,2015-09-29,2.891,2.862,2.894,2.825,9759,2798016.0,2.38,-1.48,-0.043,0.06
512500,2015-09-30,2.864,2.866,2.907,2.838,5098,1471605.0,2.41,0.14,0.004,0.03
512500,2015-10-08,2.97,2.97,3.012,2.923,14202,4244042.0,3.11,3.63,0.104,0.09
512500,2015-10-09,2.998,3.034,3.1,2.962,20801,6278389.0,4.65,2.15,0.064,0.13
512500,2015-10-12,3.074,3.169,3.197,3.034,28508,8951256.0,5.37,4.45,0.135,0.18
512500,2015-10-13,3.14,3.166,3.168,3.132,10945,3447629.0,1.14,-0.09,-0.003,0.07
512500,2015-10-14,3.166,3.14,3.186,3.139,9245,2918617.0,1.48,-0.82,-0.026,0.06
512500,2015-10-15,3.111,3.257,3.26,3.111,17787,5692898.0,4.75,3.73,0.117,0.11
512500,2015-10-16,3.29,3.27,3.29,3.214,28975,9409123.0,2.33,0.4,0.013,0.18
512500,2015-10-19,3.279,3.33,3.358,3.25,310457,103593988.0,3.3,1.83,0.06,1.92
512500,2015-10-20,3.3,3.331,3.346,3.261,8413,2776121.0,2.55,0.03,0.001,0.05
512500,2015-10-21,3.358,3.26,3.358,3.23,265567,87627295.0,3.84,-2.13,-0.071,1.64
512500,2015-10-22,3.199,3.279,3.284,3.198,5448,1767482.0,2.64,0.58,0.019,0.03
512500,2015-10-23,3.27,3.32,3.342,3.27,7560,2498038.0,2.2,1.25,0.041,0.05
512500,2015-10-26,3.339,3.329,3.373,3.302,6745,2246321.0,2.14,0.27,0.009,0.04
512500,2015-10-27,3.328,3.352,3.372,3.231,6437,2120977.0,4.24,0.69,0.023,0.04
512500,2015-10-28,3.341,3.29,3.363,3.28,6932,2309332.0,2.48,-1.85,-0.062,0.04
512500,2015-10-29,3.319,3.301,3.329,3.278,8297,2739812.0,1.55,0.33,0.011,0.05
512500,2015-10-30,3.301,3.392,3.45,3.267,362972,123109526.0,5.54,2.76,0.091,2.24
512500,2015-11-02,3.361,3.342,3.443,3.32,3638,1221143.0,3.63,-1.47,-0.05,0.02
512500,2015-11-03,3.342,3.315,3.369,3.301,4635,1535984.0,2.03,-0.81,-0.027,0.03
512500,2015-11-04,3.315,3.431,3.433,3.315,8545,2897795.0,3.56,3.5,0.116,0.05
512500,2015-11-05,3.433,3.412,3.468,3.401,9148,3137868.0,1.95,-0.55,-0.019,0.06
512500,2015-11-06,3.396,3.488,3.51,3.395,17570,6087284.0,3.37,2.23,0.076,0.11
512500,2015-11-09,3.449,3.506,3.535,3.44,11502,4020587.0,2.72,0.52,0.018,0.07
512500,2015-11-10,3.498,3.533,3.61,3.465,16666,5917357.0,4.14,0.77,0.027,0.1
512500,2015-11-11,3.53,3.578,3.598,3.517,3611,1282226.0,2.29,1.27,0.045,0.02
512500,2015-11-12,3.537,3.615,3.64,3.537,16969,6078198.0,2.88,1.03,0.037,0.1
512500,2015-11-13,3.553,3.55,3.609,3.527,5792,2059297.0,2.27,-1.8,-0.065,0.04
512500,2015-11-16,3.495,3.6,3.626,3.418,10043,3592008.0,5.86,1.41,0.05,0.06
512500,2015-11-17,3.65,3.574,3.659,3.569,4898,1772555.0,2.5,-0.72,-0.026,0.03
512500,2015-11-18,3.575,3.531,3.596,3.53,4290,1524903.0,1.85,-1.2,-0.043,0.03
512500,2015-11-19,3.568,3.598,3.6,3.505,18676,6610388.0,2.69,1.9,0.067,0.12
512500,2015-11-20,3.55,3.652,3.698,3.55,37876,13815390.0,4.11,1.5,0.054,0.23
512500,2015-11-23,3.652,3.68,3.71,3.652,30727,11338302.0,1.59,0.77,0.028,0.19
512500,2015-11-24,3.68,3.694,3.729,3.641,4823,1769898.0,2.39,0.38,0.014,0.03
512500,2015-11-25,3.69,3.736,3.8,3.69,1846,685524.0,2.98,1.14,0.042,0.01
512500,2015-11-26,3.765,3.754,3.765,3.723,1757,656745.0,1.12,0.48,0.018,0.01
512500,2015-11-27,3.72,3.561,3.74,3.556,3699,1344439.0,4.9,-5.14,-0.193,0.02
512500,2015-11-30,3.558,3.49,3.561,3.403,4001,1389677.0,4.44,-1.99,-0.071,0.02
512500,2015-12-01,3.49,3.49,3.544,3.427,4872,1698254.0,3.35,0.0,0.0,0.03
512500,2015-12-02,3.536,3.509,3.536,3.43,4583,1595674.0,3.04,0.54,0.019,0.03
512500,2015-12-03,3.52,3.605,3.638,3.519,9532,3407275.0,3.39,2.74,0.096,0.06
512500,2015-12-04,3.6,3.578,3.6,3.561,1407,502691.0,1.08,-0.75,-0.027,0.01
512500,2015-12-07,3.596,3.609,3.623,3.56,2885,1035448.0,1.76,0.87,0.031,0.02
512500,2015-12-08,3.46,3.55,3.607,3.46,3176,1122869.0,4.07,-1.63,-0.059,0.02
512500,2015-12-09,3.55,3.51,3.55,3.475,2147,755747.0,2.11,-1.13,-0.04,0.01
512500,2015-12-10,3.539,3.496,3.55,3.491,40262,14158063.0,1.68,-0.4,-0.014,0.25
512500,2015-12-11,3.492,3.466,3.524,3.466,3074,1068026.0,1.66,-0.86,-0.03,0.02
512500,2015-12-14,3.46,3.505,3.52,3.45,2278,791612.0,2.02,1.13,0.039,0.01
512500,2015-12-15,3.518,3.534,3.63,3.511,1936,686230.0,3.4,0.83,0.029,0.01
512500,2015-12-16,3.54,3.542,3.568,3.53,2139,759295.0,1.08,0.23,0.008,0.01
512500,2015-12-17,3.53,3.622,3.622,3.53,16603,5982660.0,2.6,2.26,0.08,0.1
512500,2015-12-18,3.622,3.631,3.666,3.621,160753,58689662.0,1.24,0.25,0.009,0.99
512500,2015-12-21,3.601,3.668,3.669,3.601,4177,1528252.0,1.87,1.02,0.037,0.03
512500,2015-12-22,3.668,3.682,3.71,3.655,202561,74774233.0,1.5,0.38,0.014,1.25
512500,2015-12-23,3.671,3.67,3.699,3.655,1924,707534.0,1.2,-0.33,-0.012,0.01
512500,2015-12-24,3.656,3.67,3.67,3.6,4433,1615666.0,1.91,0.0,0.0,0.03
512500,2015-12-25,3.696,3.679,3.696,3.622,1126,411886.0,2.02,0.25,0.009,0.01
512500,2015-12-28,3.717,3.601,3.717,3.58,5290,1941224.0,3.72,-2.12,-0.078,0.03
512500,2015-12-29,3.625,3.616,3.628,3.55,14664,5302902.0,2.17,0.42,0.015,0.09
512500,2015-12-30,3.624,3.644,3.66,3.591,45464,16561901.0,1.91,0.77,0.028,0.28
512500,2015-12-31,3.65,3.617,3.674,3.6,9743,3534348.0,2.03,-0.74,-0.027,0.06
512500,2016-01-04,3.56,3.449,3.622,3.44,5319,1849420.0,5.03,-4.64,-0.168,0.03
512500,2016-01-05,3.305,3.317,3.439,3.22,12574,4165256.0,6.35,-3.83,-0.132,0.08
512500,2016-01-06,3.31,3.329,3.329,3.288,5746,1907816.0,1.24,0.36,0.012,0.04
512500,2016-01-07,3.329,3.201,3.329,3.2,590,189975.0,3.88,-3.84,-0.128,0.0
512500,2016-01-08,3.31,3.15,3.31,3.001,47747,15054257.0,9.65,-1.59,-0.051,0.3
512500,2016-01-11,3.051,3.0,3.11,2.95,29653,9015581.0,5.08,-4.76,-0.15,0.18
512500,2016-01-12,3.0,2.93,3.0,2.901,10524,3077860.0,3.3,-2.33,-0.07,0.07
512500,2016-01-13,2.93,2.861,2.999,2.855,2096,613807.0,4.91,-2.35,-0.069,0.01
512500,2016-01-14,2.856,2.938,2.938,2.8,5402,1543913.0,4.82,2.69,0.077,0.03
512500,2016-01-15,2.935,2.862,2.935,2.827,4731,1364609.0,3.68,-2.59,-0.076,0.03
512500,2016-01-18,2.862,2.867,2.893,2.812,26415,7584874.0,2.83,0.17,0.005,0.16
512500,2016-01-19,2.895,2.96,2.964,2.862,4360,1275558.0,3.56,3.24,0.093,0.03
512500,2016-01-20,2.96,2.957,2.968,2.919,23867,7038405.0,1.66,-0.1,-0.003,0.15
512500,2016-01-21,2.878,2.889,2.955,2.878,3703,1074938.0,2.6,-2.3,-0.068,0.02
512500,2016-01-22,2.93,2.879,2.93,2.82,3440,982448.0,3.81,-0.35,-0.01,0.02
512500,2016-01-25,2.86,2.876,2.919,2.845,1368,397748.0,2.57,-0.1,-0.003,0.01
512500,2016-01-26,2.855,2.729,2.868,2.701,5817,1625219.0,5.81,-5.11,-0.147,0.04
512500,2016-01-27,2.75,2.643,2.75,2.55,20400,5308187.0,7.33,-3.15,-0.086,0.13
512500,2016-01-28,2.6,2.551,2.634,2.546,5031,1302311.0,3.33,-3.48,-0.092,0.03
512500,2016-01-29,2.6,2.628,2.639,2.545,7571,1963322.0,3.68,3.02,0.077,0.05
512500,2016-02-01,2.628,2.599,2.635,2.588,2127,554089.0,1.79,-1.1,-0.029,0.01
512500,2016-02-02,2.629,2.675,2.675,2.62,3763,997280.0,2.12,2.92,0.076,0.02
512500,2016-02-03,2.628,2.689,2.69,2.625,1938,514707.0,2.43,0.52,0.014,0.01
512500,2016-02-04,2.82,2.732,2.82,2.702,1041,284817.0,4.39,1.6,0.043,0.01
512500,2016-02-05,2.732,2.705,2.741,2.7,2754,750917.0,1.5,-0.99,-0.027,0.02
512500,2016-02-15,2.67,2.688,2.7,2.62,1611,429580.0,2.96,-0.63,-0.017,0.01
512500,2016-02-16,2.704,2.8,2.8,2.704,4084,1133906.0,3.57,4.17,0.112,0.03
512500,2016-02-17,2.805,2.822,2.823,2.778,2610,732306.0,1.61,0.79,0.022,0.02
512500,2016-02-18,2.825,2.843,2.867,2.825,3591,1025268.0,1.49,0.74,0.021,0.02
512500,2016-02-19,2.843,2.832,2.853,2.826,2011,570803.0,0.95,-0.39,-0.011,0.01
512500,2016-02-22,2.86,2.89,2.915,2.86,3935,1136988.0,1.94,2.05,0.058,0.02
512500,2016-02-23,2.892,2.879,2.918,2.862,4046,1166883.0,1.94,-0.38,-0.011,0.03
512500,2016-02-24,2.879,2.891,2.904,2.854,4026,1158694.0,1.74,0.42,0.012,0.02
512500,2016-02-25,2.913,2.718,2.913,2.718,10841,3003615.0,6.75,-5.98,-0.173,0.07
512500,2016-02-26,2.73,2.735,2.738,2.715,2106,573550.0,0.85,0.63,0.017,0.01
512500,2016-02-29,2.721,2.631,2.721,2.6,4712,1230494.0,4.42,-3.8,-0.104,0.03
512500,2016-03-01,2.7,2.693,2.7,2.65,1649,441592.0,1.9,2.36,0.062,0.01
512500,2016-03-02,2.635,2.788,2.788,2.635,9048,2447401.0,5.68,3.53,0.095,0.06
512500,2016-03-03,2.788,2.739,2.812,2.732,5426,1513052.0,2.87,-1.76,-0.049,0.03
512500,2016-03-04,2.773,2.73,2.787,2.68,2752,751939.0,3.91,-0.33,-0.009,0.02
512500,2016-03-07,2.73,2.74,2.784,2.73,1681,463056.0,1.98,0.37,0.01,0.01
512500,2016-03-08,2.708,2.762,2.765,2.674,5626,1523779.0,3.32,0.8,0.022,0.03
512500,2016-03-09,2.7,2.72,2.746,2.7,859,233308.0,1.67,-1.52,-0.042,0.01
512500,2016-03-10,2.749,2.67,2.749,2.66,3528,952393.0,3.27,-1.84,-0.05,0.02
512500,2016-03-11,2.55,2.666,2.7,2.55,1851,491087.0,5.62,-0.15,-0.004,0.01
512500,2016-03-14,2.71,2.723,2.753,2.685,4138,1129990.0,2.55,2.14,0.057,0.03
512500,2016-03-15,2.724,2.71,2.734,2.702,1591,432195.0,1.18,-0.48,-0.013,0.01
512500,2016-03-16,2.75,2.696,2.75,2.675,2542,686359.0,2.77,-0.52,-0.014,0.02
512500,2016-03-17,2.67,2.727,2.745,2.67,9276,2523796.0,2.78,1.15,0.031,0.06
512500,2016-03-18,2.759,2.839,2.85,2.75,10780,3036494.0,3.67,4.11,0.112,0.07
512500,2016-03-21,2.88,2.905,2.92,2.876,6100,1763244.0,1.55,2.32,0.066,0.04
512500,2016-03-22,2.897,2.9,2.918,2.84,6290,1822354.0,2.69,-0.17,-0.005,0.04
512500,2016-03-23,2.9,2.914,2.919,2.886,3689,1068203.0,1.14,0.48,0.014,0.02
512500,2016-03-24,2.887,2.9,2.953,2.878,8601,2504065.0,2.57,-0.48,-0.014,0.05
512500,2016-03-25,2.899,2.9,3.0,2.883,2587,747989.0,4.03,0.0,0.0,0.02
512500,2016-03-28,2.9,2.885,2.961,2.885,2718,796187.0,2.62,-0.52,-0.015,0.02
512500,2016-03-29,2.886,2.84,2.886,2.831,1545,442687.0,1.91,-1.56,-0.045,0.01
512500,2016-03-30,2.849,2.927,2.93,2.849,2726,788437.0,2.85,3.06,0.087,0.02
512500,2016-03-31,2.948,2.938,2.959,2.934,4612,1358759.0,0.85,0.38,0.011,0.03
512500,2016-04-01,2.938,2.944,2.944,2.89,1439,419544.0,1.84,0.2,0.006,0.01
512500,2016-04-05,2.936,3.0,3.004,2.929,3751,1118236.0,2.55,1.9,0.056,0.02
512500,2016-04-06,3.004,3.013,3.018,2.991,3084,926921.0,0.9,0.43,0.013,0.02
512500,2016-04-07,3.018,2.981,3.031,2.981,2340,701818.0,1.66,-1.06,-0.032,0.01
512500,2016-04-08,2.951,2.94,2.963,2.902,2009,590276.0,2.05,-1.38,-0.041,0.01
512500,2016-04-11,2.94,3.01,3.029,2.94,2214,664256.0,3.03,2.38,0.07,0.01
512500,2016-04-12,3.015,2.986,3.015,2.974,3020,901441.0,1.36,-0.8,-0.024,0.02
512500,2016-04-13,2.999,3.035,3.06,2.9,6954,2085698.0,5.36,1.64,0.049,0.04
512500,2016-04-14,3.049,3.047,3.052,3.023,4239,1289419.0,0.96,0.4,0.012,0.03
512500,2016-04-15,3.048,3.049,3.067,3.041,6460,1975608.0,0.85,0.07,0.002,0.04
512500,2016-04-18,3.0,3.007,3.021,2.995,6326,1898138.0,0.85,-1.38,-0.042,0.04
512500,2016-04-19,2.997,3.003,3.03,2.997,1202,361502.0,1.1,-0.13,-0.004,0.01
512500,2016-04-20,3.015,2.89,3.017,2.847,6631,1939295.0,5.66,-3.76,-0.113,0.04
512500,2016-04-21,2.869,2.882,2.92,2.869,2449,707832.0,1.76,-0.28,-0.008,0.02
512500,2016-04-22,2.882,2.879,2.884,2.84,2379,682698.0,1.53,-0.1,-0.003,0.01
512500,2016-04-25,2.855,2.86,2.878,2.831,1048,298751.0,1.63,-0.66,-0.019,0.01
512500,2016-04-26,2.885,2.872,2.885,2.853,2166,621739.0,1.12,0.42,0.012,0.01
512500,2016-04-27,2.867,2.889,2.897,2.867,901,260341.0,1.04,0.59,0.017,0.01
512500,2016-04-28,2.879,2.869,2.879,2.831,1663,473243.0,1.66,-0.69,-0.02,0.01
512500,2016-04-29,2.864,2.876,2.883,2.843,2526,720667.0,1.39,0.24,0.007,0.02
512500,2016-05-03,2.88,2.929,2.939,2.875,3688,1075721.0,2.23,1.84,0.053,0.02
512500,2016-05-04,2.939,2.94,2.96,2.939,1498,441367.0,0.72,0.38,0.011,0.01
512500,2016-05-05,2.948,2.948,2.96,2.932,1194,352127.0,0.95,0.27,0.008,0.01
512500,2016-05-06,2.958,2.885,2.967,2.86,5418,1589477.0,3.63,-2.14,-0.063,0.03
512500,2016-05-09,2.885,2.794,2.885,2.792,6849,1921700.0,3.22,-3.15,-0.091,0.04
512500,2016-05-10,2.798,2.78,2.798,2.75,34678,9636527.0,1.72,-0.5,-0.014,0.21
512500,2016-05-11,2.775,2.753,2.86,2.74,32031,8919745.0,4.32,-0.97,-0.027,0.2
512500,2016-05-12,2.703,2.756,2.766,2.668,1385,373172.0,3.56,0.11,0.003,0.01
512500,2016-05-13,2.721,2.734,2.778,2.721,1793,493443.0,2.07,-0.8,-0.022,0.01
512500,2016-05-16,2.723,2.79,2.794,2.723,6791,1871399.0,2.6,2.05,0.056,0.04
512500,2016-05-17,2.77,2.771,2.795,2.767,1242,344484.0,1.0,-0.68,-0.019,0.01
512500,2016-05-18,2.767,2.71,2.767,2.702,1321,359631.0,2.35,-2.2,-0.061,0.01
512500,2016-05-19,2.731,2.719,2.745,2.708,1731,472421.0,1.37,0.33,0.009,0.01
512500,2016-05-20,2.719,2.732,2.733,2.707,414,113046.0,0.96,0.48,0.013,0.0
512500,2016-05-23,2.718,2.769,2.78,2.718,2278,627846.0,2.27,1.35,0.037,0.01
512500,2016-05-24,2.743,2.76,2.76,2.725,1373,376198.0,1.26,-0.33,-0.009,0.01
512500,2016-05-25,2.763,2.757,2.778,2.74,857,237529.0,1.38,-0.11,-0.003,0.01
512500,2016-05-26,2.737,2.748,2.75,2.702,1562,423598.0,1.74,-0.33,-0.009,0.01
512500,2016-05-27,2.745,2.75,2.785,2.732,33988,9446415.0,1.93,0.07,0.002,0.21
512500,2016-05-30,2.724,2.724,2.764,2.72,993,272154.0,1.6,-0.95,-0.026,0.01
512500,2016-05-31,2.75,2.834,2.835,2.75,4842,1355049.0,3.12,4.04,0.11,0.03
512500,2016-06-01,2.834,2.848,2.863,2.834,6276,1791265.0,1.02,0.49,0.014,0.04
512500,2016-06-02,2.847,2.867,2.875,2.847,1156,330735.0,0.98,0.67,0.019,0.01
512500,2016-06-03,2.864,2.88,2.9,2.864,3864,1114693.0,1.26,0.45,0.013,0.02
512500,2016-06-06,2.899,2.886,2.902,2.88,3008,868862.0,0.76,0.21,0.006,0.02
512500,2016-06-07,2.899,2.889,2.899,2.87,2674,769756.0,1.0,0.1,0.003,0.02
512500,2016-06-08,2.863,2.889,2.893,2.86,2430,698537.0,1.14,0.0,0.0,0.02
512500,2016-06-13,2.865,2.781,2.87,2.771,4558,1295603.0,3.43,-3.74,-0.108,0.03
512500,2016-06-14,2.77,2.772,2.784,2.757,3448,954101.0,0.97,-0.32,-0.009,0.02
512500,2016-06-15,2.758,2.841,2.854,2.758,3491,988758.0,3.46,2.49,0.069,0.02
512500,2016-06-16,2.85,2.836,2.85,2.836,1157,329215.0,0.49,-0.18,-0.005,0.01
512500,2016-06-17,2.836,2.845,2.87,2.836,831,237677.0,1.2,0.32,0.009,0.01
512500,2016-06-20,2.845,2.855,2.872,2.834,1823,518114.0,1.34,0.35,0.01,0.01
512500,2016-06-21,2.858,2.84,2.913,2.812,2105,604806.0,3.54,-0.53,-0.015,0.01
512500,2016-06-22,2.846,2.867,2.868,2.827,3535,1003823.0,1.44,0.95,0.027,0.02
512500,2016-06-23,2.867,2.873,2.874,2.841,1493,428209.0,1.15,0.21,0.006,0.01
512500,2016-06-24,2.872,2.826,2.872,2.81,2227,629136.0,2.16,-1.64,-0.047,0.01
512500,2016-06-27,2.82,2.886,2.888,2.819,10846,3103766.0,2.44,2.12,0.06,0.07
512500,2016-06-28,2.879,2.923,2.923,2.877,12965,3770345.0,1.59,1.28,0.037,0.08
512500,2016-06-29,2.925,2.918,2.935,2.918,2116,618989.0,0.58,-0.17,-0.005,0.01
512500,2016-06-30,2.917,2.928,2.935,2.916,1671,488233.0,0.65,0.34,0.01,0.01
512500,2016-07-01,2.948,2.938,2.948,2.929,1881,552235.0,0.65,0.34,0.01,0.01
512500,2016-07-04,2.93,2.972,2.98,2.93,6385,1896131.0,1.7,1.16,0.034,0.04
512500,2016-07-05,2.986,2.998,3.013,2.98,5877,1761724.0,1.11,0.87,0.026,0.04
512500,2016-07-06,2.998,3.009,3.01,2.98,2539,761725.0,1.0,0.37,0.011,0.02
512500,2016-07-07,2.983,3.019,3.03,2.983,3946,1188960.0,1.56,0.33,0.01,0.02
512500,2016-07-08,3.015,3.014,3.031,3.009,1777,536247.0,0.73,-0.17,-0.005,0.01
512500,2016-07-11,3.015,3.026,3.055,3.015,2709,823553.0,1.33,0.4,0.012,0.02
512500,2016-07-12,3.026,3.045,3.048,3.0,5402,1641337.0,1.59,0.63,0.019,0.03
512500,2016-07-13,3.059,3.079,3.084,3.059,4872,1496467.0,0.82,1.12,0.034,0.03
512500,2016-07-14,3.079,3.08,3.08,3.073,2872,884427.0,0.23,0.03,0.001,0.02
512500,2016-07-15,3.137,3.088,3.138,3.069,1203,371292.0,2.24,0.26,0.008,0.01
512500,2016-07-18,3.1,3.07,3.1,3.06,1632,502262.0,1.3,-0.58,-0.018,0.01
512500,2016-07-19,3.06,3.071,3.071,3.049,1968,601823.0,0.72,0.03,0.001,0.01
512500,2016-07-20,3.076,3.069,3.086,3.063,2173,668464.0,0.75,-0.07,-0.002,0.01
512500,2016-07-21,3.073,3.083,3.095,3.063,2064,636863.0,1.04,0.46,0.014,0.01
512500,2016-07-22,3.069,3.052,3.08,3.051,1956,599747.0,0.94,-1.01,-0.031,0.01
512500,2016-07-25,3.05,3.065,3.075,3.05,1441,441392.0,0.82,0.43,0.013,0.01
512500,2016-07-26,3.061,3.093,3.1,3.061,1541,476124.0,1.27,0.91,0.028,0.01
512500,2016-07-27,3.108,3.002,3.114,2.95,46367,13982309.0,5.3,-2.94,-0.091,0.29
512500,2016-07-28,3.0,2.994,3.028,2.985,16833,5051553.0,1.43,-0.27,-0.008,0.1
512500,2016-07-29,2.968,2.986,2.997,2.968,5496,1636172.0,0.97,-0.27,-0.008,0.03
512500,2016-08-01,2.972,2.945,2.972,2.929,2190,643931.0,1.44,-1.37,-0.041,0.01
512500,2016-08-02,2.945,2.956,2.957,2.941,494,145533.0,0.54,0.37,0.011,0.0
512500,2016-08-03,2.955,2.963,2.98,2.954,2348,697703.0,0.88,0.24,0.007,0.01
512500,2016-08-04,2.964,2.986,2.987,2.96,1853,550061.0,0.91,0.78,0.023,0.01
512500,2016-08-05,2.994,2.98,2.995,2.98,541,161513.0,0.5,-0.2,-0.006,0.0
512500,2016-08-08,2.98,3.004,3.01,2.963,1610,481989.0,1.58,0.81,0.024,0.01
512500,2016-08-09,3.01,3.027,3.03,3.008,4620,1394893.0,0.73,0.77,0.023,0.03
512500,2016-08-10,3.029,3.036,3.04,3.029,3740,1134204.0,0.36,0.3,0.009,0.02
512500,2016-08-11,3.006,3.011,3.026,3.005,1073,322954.0,0.69,-0.82,-0.025,0.01
512500,2016-08-12,3.007,3.01,3.033,2.984,2059,619191.0,1.63,-0.03,-0.001,0.01
512500,2016-08-15,3.072,3.089,3.097,3.011,5620,1712773.0,2.86,2.62,0.079,0.03
512500,2016-08-16,3.089,3.094,3.101,3.084,3695,1142742.0,0.55,0.16,0.005,0.02
512500,2016-08-17,3.1,3.103,3.115,3.09,2984,925818.0,0.81,0.29,0.009,0.02
512500,2016-08-18,3.11,3.104,3.121,3.1,1244,387117.0,0.68,0.03,0.001,0.01
512500,2016-08-19,3.103,3.134,3.137,3.094,4615,1438908.0,1.39,0.97,0.03,0.03
512500,2016-08-22,3.134,3.107,3.14,3.102,6870,2143581.0,1.21,-0.86,-0.027,0.04
512500,2016-08-23,3.099,3.074,3.099,3.067,1125,347065.0,1.03,-1.06,-0.033,0.01
512500,2016-08-24,3.074,3.084,3.092,3.074,2613,806400.0,0.59,0.33,0.01,0.02
512500,2016-08-25,3.052,3.072,3.073,3.034,1423,433974.0,1.26,-0.39,-0.012,0.01
512500,2016-08-26,3.062,3.08,3.1,3.062,597,184264.0,1.24,0.26,0.008,0.0
512500,2016-08-29,3.078,3.068,3.086,3.067,741,227706.0,0.62,-0.39,-0.012,0.0
512500,2016-08-30,3.078,3.078,3.096,3.078,856,264159.0,0.59,0.33,0.01,0.01
512500,2016-08-31,3.079,3.087,3.095,3.068,733,225370.0,0.88,0.29,0.009,0.0
512500,2016-09-01,3.092,3.064,3.098,3.064,919,283936.0,1.1,-0.75,-0.023,0.01
512500,2016-09-02,3.057,3.051,3.074,3.04,1141,349248.0,1.11,-0.42,-0.013,0.01
512500,2016-09-05,3.04,3.061,3.079,3.04,534,163752.0,1.28,0.33,0.01,0.0
512500,2016-09-06,3.05,3.118,3.128,3.05,15968,4904828.0,2.55,1.86,0.057,0.1
512500,2016-09-07,3.13,3.116,3.131,3.114,1616,504306.0,0.55,-0.06,-0.002,0.01
512500,2016-09-08,3.108,3.123,3.123,3.108,4396,1371858.0,0.48,0.22,0.007,0.03
512500,2016-09-09,3.125,3.123,3.14,3.12,1300,407200.0,0.64,0.0,0.0,0.01
512500,2016-09-12,3.022,3.037,3.078,3.022,10077,3063489.0,1.79,-2.75,-0.086,0.06
512500,2016-09-13,3.052,3.038,3.056,3.031,966,294114.0,0.82,0.03,0.001,0.01
512500,2016-09-14,3.03,3.031,3.04,3.025,424,128457.0,0.49,-0.23,-0.007,0.0
512500,2016-09-19,3.053,3.05,3.054,3.023,2454,745494.0,1.02,0.63,0.019,0.02
512500,2016-09-20,3.034,3.044,3.049,3.034,230,69997.0,0.49,-0.2,-0.006,0.0
512500,2016-09-21,3.03,3.053,3.063,3.03,2076,632462.0,1.08,0.3,0.009,0.01
512500,2016-09-22,3.064,3.061,3.078,3.058,2469,757763.0,0.66,0.26,0.008,0.02
512500,2016-09-23,3.06,3.058,3.069,3.057,1116,341484.0,0.39,-0.1,-0.003,0.01
512500,2016-09-26,3.044,2.988,3.047,2.986,859,260078.0,1.99,-2.29,-0.07,0.01
512500,2016-09-27,2.981,3.025,3.026,2.98,1720,515372.0,1.54,1.24,0.037,0.01
512500,2016-09-28,3.012,3.02,3.037,3.006,1406,423392.0,1.02,-0.17,-0.005,0.01
512500,2016-09-29,3.021,3.029,3.037,3.018,353,106709.0,0.63,0.3,0.009,0.0
512500,2016-09-30,3.029,3.041,3.05,3.029,547,166446.0,0.69,0.4,0.012,0.0
512500,2016-10-10,3.045,3.084,3.1,3.045,1527,469584.0,1.81,1.41,0.043,0.01
512500,2016-10-11,3.081,3.109,3.11,3.081,1708,529250.0,0.94,0.81,0.025,0.01
512500,2016-10-12,3.101,3.094,3.106,3.058,836,257672.0,1.54,-0.48,-0.015,0.01
512500,2016-10-13,3.094,3.108,3.114,3.094,3967,1232378.0,0.65,0.45,0.014,0.02
512500,2016-10-14,3.105,3.105,3.105,3.09,2548,789852.0,0.48,-0.1,-0.003,0.02
512500,2016-10-17,3.1,3.08,3.11,3.077,3540,1097917.0,1.06,-0.81,-0.025,0.02
512500,2016-10-18,3.08,3.113,3.114,3.074,2221,688410.0,1.3,1.07,0.033,0.01
512500,2016-10-19,3.114,3.107,3.128,3.102,3870,1207562.0,0.84,-0.19,-0.006,0.02
512500,2016-10-20,3.112,3.11,3.12,3.105,842,261750.0,0.48,0.1,0.003,0.01
512500,2016-10-21,3.115,3.1,3.12,3.088,662,205325.0,1.03,-0.32,-0.01,0.0
512500,2016-10-24,3.1,3.129,3.132,3.1,1267,396061.0,1.03,0.94,0.029,0.01
512500,2016-10-25,3.131,3.137,3.137,3.131,2126,666113.0,0.19,0.26,0.008,0.01
512500,2016-10-26,3.136,3.124,3.136,3.12,667,208481.0,0.51,-0.41,-0.013,0.0
512500,2016-10-27,3.119,3.123,3.123,3.109,462,144060.0,0.45,-0.03,-0.001,0.0
512500,2016-10-28,3.117,3.105,3.124,3.103,430,133733.0,0.67,-0.58,-0.018,0.0
512500,2016-10-31,3.102,3.092,3.103,3.08,1172,361673.0,0.74,-0.42,-0.013,0.01
512500,2016-11-01,3.089,3.116,3.116,3.088,975,302770.0,0.91,0.78,0.024,0.01
512500,2016-11-02,3.128,3.102,3.137,3.1,1492,465474.0,1.19,-0.45,-0.014,0.01
512500,2016-11-03,3.101,3.103,3.12,3.09,581,180596.0,0.97,0.03,0.001,0.0
512500,2016-11-04,3.103,3.092,3.114,3.092,370,114757.0,0.71,-0.35,-0.011,0.0
512500,2016-11-07,3.1,3.1,3.101,3.087,1049,324861.0,0.45,0.26,0.008,0.01
512500,2016-11-08,3.138,3.106,3.138,3.101,1578,490929.0,1.19,0.19,0.006,0.01
512500,2016-11-09,3.105,3.09,3.115,3.08,1020,315640.0,1.13,-0.52,-0.016,0.01
512500,2016-11-10,3.104,3.125,3.131,3.104,3183,993811.0,0.87,1.13,0.035,0.02
512500,2016-11-11,3.125,3.149,3.15,3.122,4866,1527353.0,0.9,0.77,0.024,0.03
512500,2016-11-14,3.145,3.168,3.177,3.144,2097,663953.0,1.05,0.6,0.019,0.01
512500,2016-11-15,3.168,3.173,3.179,3.162,1910,605595.0,0.54,0.16,0.005,0.01
512500,2016-11-16,3.185,3.179,3.189,3.176,950,302047.0,0.41,0.19,0.006,0.01
512500,2016-11-17,3.194,3.168,3.194,3.16,1021,323551.0,1.07,-0.35,-0.011,0.01
512500,2016-11-18,3.181,3.16,3.181,3.155,908,287633.0,0.82,-0.25,-0.008,0.01
512500,2016-11-21,3.158,3.163,3.179,3.158,920,291613.0,0.66,0.09,0.003,0.01
512500,2016-11-22,3.183,3.183,3.184,3.171,859,272971.0,0.41,0.63,0.02,0.01
512500,2016-11-23,3.184,3.18,3.195,3.178,1138,362733.0,0.53,-0.09,-0.003,0.01
512500,2016-11-24,3.182,3.169,3.183,3.169,2098,666660.0,0.44,-0.35,-0.011,0.01
512500,2016-11-25,3.178,3.207,3.21,3.145,55955,17748870.0,2.05,1.2,0.038,0.35
512500,2016-11-28,3.25,3.212,3.25,3.208,8398,2699546.0,1.31,0.16,0.005,0.05
512500,2016-11-29,3.21,3.198,3.219,3.198,1814,580644.0,0.65,-0.44,-0.014,0.01
512500,2016-11-30,3.199,3.17,3.199,3.165,965,306459.0,1.06,-0.88,-0.028,0.01
512500,2016-12-01,3.188,3.21,3.225,3.188,1308,419380.0,1.17,1.26,0.04,0.01
512500,2016-12-02,3.204,3.172,3.204,3.169,713,227153.0,1.09,-1.18,-0.038,0.0
512500,2016-12-05,3.17,3.141,3.17,3.14,7321,2309573.0,0.95,-0.98,-0.031,0.05
512500,2016-12-06,3.141,3.15,3.157,3.114,512,160579.0,1.37,0.29,0.009,0.0
512500,2016-12-07,3.111,3.157,3.157,3.108,876,274213.0,1.56,0.22,0.007,0.01
512500,2016-12-08,3.156,3.149,3.157,3.141,305,96021.0,0.51,-0.25,-0.008,0.0
512500,2016-12-09,3.156,3.14,3.156,3.13,556,174620.0,0.83,-0.29,-0.009,0.0
512500,2016-12-12,3.127,3.06,3.127,3.06,1483,458385.0,2.13,-2.55,-0.08,0.01
512500,2016-12-13,3.09,3.065,3.09,3.052,448,137467.0,1.24,0.16,0.005,0.0
512500,2016-12-14,3.06,3.066,3.149,3.05,924,284040.0,3.23,0.03,0.001,0.01
512500,2016-12-15,3.119,3.095,3.119,3.021,957,293433.0,3.2,0.95,0.029,0.01
512500,2016-12-16,3.054,3.075,3.096,3.054,302,92795.0,1.36,-0.65,-0.02,0.0
512500,2016-12-19,3.035,3.052,3.087,3.033,417,126797.0,1.76,-0.75,-0.023,0.0
512500,2016-12-20,3.003,3.042,3.088,3.003,175,53423.0,2.79,-0.33,-0.01,0.0
512500,2016-12-21,3.076,3.07,3.077,3.042,820,250237.0,1.15,0.92,0.028,0.01
512500,2016-12-22,3.088,3.071,3.088,3.052,109,33391.0,1.17,0.03,0.001,0.0
512500,2016-12-23,3.067,3.065,3.067,3.03,223,67885.0,1.2,-0.2,-0.006,0.0
512500,2016-12-26,3.004,3.05,3.05,3.004,328,99830.0,1.5,-0.49,-0.015,0.0
512500,2016-12-27,3.05,3.026,3.06,3.023,111,33711.0,1.21,-0.79,-0.024,0.0
512500,2016-12-28,3.02,3.03,3.047,3.007,732,220705.0,1.32,0.13,0.004,0.0
512500,2016-12-29,3.015,3.017,3.029,3.015,382,115420.0,0.46,-0.43,-0.013,0.0
512500,2016-12-30,3.011,3.028,3.03,3.011,579,175112.0,0.63,0.36,0.011,0.0
512500,2017-01-03,3.057,3.06,3.06,3.025,602,183744.0,1.16,1.06,0.032,0.0
512500,2017-01-04,3.077,3.077,3.079,3.041,1255,383797.0,1.24,0.56,0.017,0.01
512500,2017-01-05,3.078,3.07,3.09,3.062,1306,401252.0,0.91,-0.23,-0.007,0.01
512500,2017-01-06,3.066,3.071,3.076,3.064,293,89915.0,0.39,0.03,0.001,0.0
512500,2017-01-09,3.076,3.079,3.086,3.049,277,84979.0,1.2,0.26,0.008,0.0
512500,2017-01-10,3.067,3.07,3.084,3.066,324,99576.0,0.58,-0.29,-0.009,0.0
512500,2017-01-11,3.07,3.027,3.075,3.02,501,152937.0,1.79,-1.4,-0.043,0.0
512500,2017-01-12,3.027,3.037,3.057,3.021,235,71201.0,1.19,0.33,0.01,0.0
512500,2017-01-13,3.032,3.027,3.048,3.01,829,250262.0,1.25,-0.33,-0.01,0.01
512500,2017-01-16,3.038,3.015,3.041,2.999,1189,358040.0,1.39,-0.4,-0.012,0.01
512500,2017-01-17,3.02,2.998,3.02,2.993,1095,328074.0,0.9,-0.56,-0.017,0.01
512500,2017-01-18,3.023,2.995,3.036,2.992,191,57585.0,1.47,-0.1,-0.003,0.0
512500,2017-01-19,2.93,3.0,3.03,2.93,504,151407.0,3.34,0.17,0.005,0.0
512500,2017-01-20,2.98,3.025,3.029,2.98,120,36272.0,1.63,0.83,0.025,0.0
512500,2017-01-23,3.074,3.023,3.074,3.019,1243,380944.0,1.82,-0.07,-0.002,0.01
512500,2017-01-24,3.023,3.039,3.065,3.023,104,31538.0,1.39,0.53,0.016,0.0
512500,2017-01-25,3.047,3.04,3.047,3.019,43,12948.0,0.92,0.03,0.001,0.0
512500,2017-01-26,3.052,3.05,3.052,3.02,442,134189.0,1.05,0.33,0.01,0.0
512500,2017-02-03,3.079,3.048,3.079,3.019,384,116761.0,1.97,-0.07,-0.002,0.0
512500,2017-02-06,3.048,3.048,3.079,3.04,3486,1065148.0,1.28,0.0,0.0,0.02
512500,2017-02-07,3.023,3.056,3.064,3.022,396,120683.0,1.38,0.26,0.008,0.0
512500,2017-02-08,3.053,3.058,3.059,3.03,300,91429.0,0.95,0.07,0.002,0.0
512500,2017-02-09,3.031,3.06,3.1,3.031,10206,3112553.0,2.26,0.07,0.002,0.06
512500,2017-02-10,3.03,3.06,3.08,3.021,434,132795.0,1.93,0.0,0.0,0.0
512500,2017-02-13,3.098,3.088,3.098,3.052,1055,324422.0,1.5,0.92,0.028,0.01
512500,2017-02-14,3.088,3.079,3.088,3.053,2514,769404.0,1.13,-0.29,-0.009,0.02
512500,2017-02-15,3.07,3.041,3.072,3.038,1942,592748.0,1.1,-1.23,-0.038,0.01
512500,2017-02-16,3.031,3.057,3.057,3.031,2648,805347.0,0.85,0.53,0.016,0.02
512500,2017-02-17,3.042,3.03,3.044,3.03,1552,470822.0,0.46,-0.88,-0.027,0.01
512500,2017-02-20,3.031,3.054,3.06,3.013,1840,559426.0,1.55,0.79,0.024,0.01
512500,2017-02-21,3.069,3.078,3.079,3.058,3121,958237.0,0.69,0.79,0.024,0.02
512500,2017-02-22,3.085,3.1,3.1,3.078,9607,2964367.0,0.71,0.71,0.022,0.06
512500,2017-02-23,3.095,3.108,3.119,3.093,14336,4452792.0,0.84,0.26,0.008,0.09
512500,2017-02-24,3.1,3.114,3.114,3.1,5048,1568927.0,0.45,0.19,0.006,0.03
512500,2017-02-27,3.119,3.105,3.121,3.09,2399,745158.0,1.0,-0.29,-0.009,0.01
512500,2017-02-28,3.101,3.095,3.107,3.09,2293,710868.0,0.55,-0.32,-0.01,0.01
512500,2017-03-01,3.096,3.108,3.128,3.095,2317,720281.0,1.07,0.42,0.013,0.01
512500,2017-03-02,3.102,3.101,3.126,3.101,7285,2269847.0,0.8,-0.23,-0.007,0.05
512500,2017-03-03,3.101,3.122,3.125,3.075,2902,894473.0,1.61,0.68,0.021,0.02
512500,2017-03-06,3.113,3.13,3.13,3.113,1536,480105.0,0.54,0.26,0.008,0.01
512500,2017-03-07,3.142,3.123,3.142,3.123,421,131520.0,0.61,-0.22,-0.007,0.0
512500,2017-03-08,3.116,3.138,3.141,3.116,1180,368771.0,0.8,0.48,0.015,0.01
512500,2017-03-09,3.138,3.113,3.138,3.099,319,99267.0,1.24,-0.8,-0.025,0.0
512500,2017-03-10,3.101,3.108,3.115,3.101,711,220813.0,0.45,-0.16,-0.005,0.0
512500,2017-03-13,3.093,3.13,3.13,3.068,1205,375774.0,1.99,0.71,0.022,0.01
512500,2017-03-14,3.122,3.126,3.126,3.118,916,286097.0,0.26,-0.13,-0.004,0.01
512500,2017-03-15,3.1,3.122,3.134,3.1,1162,363283.0,1.09,-0.13,-0.004,0.01
512500,2017-03-16,3.11,3.138,3.148,3.11,4235,1329667.0,1.22,0.51,0.016,0.03
512500,2017-03-17,3.145,3.143,3.161,3.133,8457,2660500.0,0.89,0.16,0.005,0.05
512500,2017-03-20,3.128,3.134,3.152,3.111,1591,496834.0,1.3,-0.29,-0.009,0.01
512500,2017-03-21,3.121,3.134,3.134,3.116,16798,5241417.0,0.57,0.0,0.0,0.1
512500,2017-03-22,3.134,3.131,3.137,3.112,544,169872.0,0.8,-0.1,-0.003,0.0
512500,2017-03-23,3.131,3.125,3.144,3.105,9559,2990668.0,1.25,-0.19,-0.006,0.06
512500,2017-03-24,3.123,3.143,3.145,3.123,1320,414021.0,0.7,0.58,0.018,0.01
512500,2017-03-27,3.136,3.15,3.159,3.132,967,303375.0,0.86,0.22,0.007,0.01
512500,2017-03-28,3.121,3.149,3.149,3.121,557,173953.0,0.89,-0.03,-0.001,0.0
512500,2017-03-29,3.147,3.134,3.147,3.134,125,39189.0,0.41,-0.48,-0.015,0.0
512500,2017-03-30,3.105,3.101,3.105,3.09,1546,479404.0,0.48,-1.05,-0.033,0.01
512500,2017-03-31,3.101,3.09,3.15,3.082,2955,911401.0,2.19,-0.35,-0.011,0.02
512500,2017-04-05,3.16,3.14,3.16,3.096,4338,1354118.0,2.07,1.62,0.05,0.03
512500,2017-04-06,3.131,3.151,3.154,3.126,2411,758054.0,0.89,0.35,0.011,0.01
512500,2017-04-07,3.151,3.156,3.165,3.133,1444,455178.0,1.02,0.16,0.005,0.01
512500,2017-04-10,3.141,3.157,3.165,3.141,1166,368090.0,0.76,0.03,0.001,0.01
512500,2017-04-11,3.135,3.18,3.184,3.135,5992,1894103.0,1.55,0.73,0.023,0.04
512500,2017-04-12,3.18,3.162,3.18,3.16,373,118191.0,0.63,-0.57,-0.018,0.0
512500,2017-04-13,3.177,3.18,3.18,3.148,1942,616337.0,1.01,0.57,0.018,0.01
512500,2017-04-14,3.179,3.154,3.179,3.15,1444,455673.0,0.91,-0.82,-0.026,0.01
512500,2017-04-17,3.14,3.127,3.169,3.121,508,159225.0,1.52,-0.86,-0.027,0.0
512500,2017-04-18,3.125,3.127,3.168,3.125,359,112292.0,1.38,0.0,0.0,0.0
512500,2017-04-19,3.129,3.122,3.129,3.092,916,284284.0,1.18,-0.16,-0.005,0.01
512500,2017-04-20,3.1,3.102,3.135,3.1,544,169153.0,1.12,-0.64,-0.02,0.0
512500,2017-04-21,3.138,3.1,3.138,3.1,192,59694.0,1.23,-0.06,-0.002,0.0
512500,2017-04-24,3.1,3.104,3.118,3.036,509,156696.0,2.65,0.13,0.004,0.0
512500,2017-04-25,3.1,3.09,3.119,3.06,365,112909.0,1.9,-0.45,-0.014,0.0
512500,2017-04-26,3.114,3.102,3.114,3.04,1116,341167.0,2.39,0.39,0.012,0.01
512500,2017-04-27,3.045,3.077,3.098,2.97,13283,3966873.0,4.13,-0.81,-0.025,0.08
512500,2017-04-28,3.075,3.05,3.075,3.004,1292,392310.0,2.31,-0.88,-0.027,0.01
512500,2017-05-02,3.01,3.015,3.045,3.0,911,274881.0,1.48,-1.15,-0.035,0.01
512500,2017-05-03,3.0,3.0,3.028,3.0,670,201270.0,0.93,-0.5,-0.015,0.0
512500,2017-05-04,3.0,3.0,3.007,2.998,1326,397631.0,0.3,0.0,0.0,0.01
512500,2017-05-05,2.946,2.961,3.003,2.946,717,212769.0,1.9,-1.3,-0.039,0.0
512500,2017-05-08,2.961,2.939,2.98,2.935,1185,349156.0,1.52,-0.74,-0.022,0.01
512500,2017-05-09,2.964,2.956,2.964,2.956,196,58048.0,0.27,0.58,0.017,0.0
512500,2017-05-10,2.969,2.93,2.997,2.92,1869,550458.0,2.6,-0.88,-0.026,0.01
512500,2017-05-11,2.92,2.89,2.96,2.884,2882,833792.0,2.59,-1.37,-0.04,0.02
512500,2017-05-12,2.996,2.87,2.996,2.858,1736,501361.0,4.78,-0.69,-0.02,0.01
512500,2017-05-15,2.893,2.867,2.893,2.861,1938,555876.0,1.11,-0.1,-0.003,0.01
512500,2017-05-16,2.83,2.9,2.905,2.83,3362,963560.0,2.62,1.15,0.033,0.02
512500,2017-05-17,2.9,2.91,2.92,2.899,703,204620.0,0.72,0.34,0.01,0.0
512500,2017-05-18,2.917,2.908,2.917,2.865,233,67813.0,1.79,-0.07,-0.002,0.0
512500,2017-05-19,2.917,2.903,2.917,2.874,389,112932.0,1.48,-0.17,-0.005,0.0
512500,2017-05-22,2.9,2.858,2.907,2.85,1182,340348.0,1.96,-1.55,-0.045,0.01
512500,2017-05-23,2.878,2.831,2.878,2.83,1352,384942.0,1.68,-0.94,-0.027,0.01
512500,2017-05-24,2.831,2.869,2.871,2.8,5469,1536728.0,2.51,1.34,0.038,0.03
512500,2017-05-25,2.865,2.865,2.878,2.816,2154,614795.0,2.16,-0.14,-0.004,0.01
512500,2017-05-26,2.877,2.863,2.877,2.83,702,199496.0,1.64,-0.07,-0.002,0.0
512500,2017-05-31,2.88,2.864,2.886,2.85,13564,3911630.0,1.26,0.03,0.001,0.08
512500,2017-06-01,2.834,2.807,2.859,2.807,3090,872868.0,1.82,-1.99,-0.057,0.02
512500,2017-06-02,2.807,2.84,2.84,2.75,6574,1827885.0,3.21,1.18,0.033,0.04
512500,2017-06-05,2.841,2.83,2.841,2.802,2886,816061.0,1.37,-0.35,-0.01,0.02
512500,2017-06-06,2.85,2.839,2.85,2.814,2049,581528.0,1.27,0.32,0.009,0.01
512500,2017-06-07,2.83,2.87,2.939,2.83,2454,703278.0,3.84,1.09,0.031,0.02
512500,2017-06-08,2.885,2.876,2.885,2.87,861,247483.0,0.52,0.21,0.006,0.01
512500,2017-06-09,2.876,2.895,2.896,2.863,1527,440719.0,1.15,0.66,0.019,0.01
512500,2017-06-12,2.857,2.877,2.89,2.857,1124,323228.0,1.14,-0.62,-0.018,0.01
512500,2017-06-13,2.877,2.899,2.9,2.876,2558,739457.0,0.83,0.76,0.022,0.02
512500,2017-06-14,2.89,2.895,2.9,2.885,898,259634.0,0.52,-0.14,-0.004,0.01
512500,2017-06-15,2.999,2.917,2.999,2.876,1254,364486.0,4.25,0.76,0.022,0.01
512500,2017-06-16,2.893,2.908,2.917,2.893,1220,353725.0,0.82,-0.31,-0.009,0.01
512500,2017-06-19,2.916,2.916,2.916,2.891,1381,401650.0,0.86,0.28,0.008,0.01
512500,2017-06-20,2.916,2.926,2.93,2.914,868,253548.0,0.55,0.34,0.01,0.01
512500,2017-06-21,2.943,2.929,2.943,2.914,904,263732.0,0.99,0.1,0.003,0.01
512500,2017-06-22,2.92,2.894,2.935,2.894,789,230524.0,1.4,-1.19,-0.035,0.0
512500,2017-06-23,2.903,2.9,2.906,2.867,1324,381320.0,1.35,0.21,0.006,0.01
512500,2017-06-26,2.929,2.935,2.94,2.892,2154,630389.0,1.66,1.21,0.035,0.01
512500,2017-06-27,2.964,2.949,2.964,2.945,1500,443518.0,0.65,0.48,0.014,0.01
512500,2017-06-28,2.96,2.945,2.96,2.932,1353,398542.0,0.95,-0.14,-0.004,0.01
512500,2017-06-29,2.868,2.96,2.972,2.851,2827,835463.0,4.11,0.51,0.015,0.02
512500,2017-06-30,2.949,2.953,2.962,2.939,1575,465093.0,0.78,-0.24,-0.007,0.01
512500,2017-07-03,2.957,2.997,2.997,2.956,12999,3853810.0,1.39,1.49,0.044,0.08
512500,2017-07-04,2.985,2.987,2.996,2.981,2700,806639.0,0.5,-0.33,-0.01,0.02
512500,2017-07-05,2.99,2.99,2.992,2.97,1236,369173.0,0.74,0.1,0.003,0.01
512500,2017-07-06,3.004,2.991,3.007,2.978,3402,1017139.0,0.97,0.03,0.001,0.02
512500,2017-07-07,2.991,3.003,3.006,2.962,3785,1132867.0,1.47,0.4,0.012,0.02
512500,2017-07-10,3.003,2.995,3.01,2.995,3849,1156355.0,0.5,-0.27,-0.008,0.02
512500,2017-07-11,2.996,2.982,3.001,2.97,1746,521850.0,1.04,-0.43,-0.013,0.01
512500,2017-07-12,2.982,2.983,2.986,2.951,4011,1189406.0,1.17,0.03,0.001,0.02
512500,2017-07-13,2.982,2.978,2.982,2.96,1786,530293.0,0.74,-0.17,-0.005,0.01
512500,2017-07-14,2.978,2.964,2.978,2.963,749,222384.0,0.5,-0.47,-0.014,0.0
512500,2017-07-17,2.966,2.87,2.985,2.843,4546,1316760.0,4.79,-3.17,-0.094,0.03
512500,2017-07-18,2.858,2.875,2.88,2.85,1439,411557.0,1.05,0.17,0.005,0.01
512500,2017-07-19,2.88,2.928,2.946,2.873,3548,1031359.0,2.54,1.84,0.053,0.02
512500,2017-07-20,2.928,2.949,2.96,2.928,1023,302039.0,1.09,0.72,0.021,0.01
512500,2017-07-21,2.95,2.955,2.969,2.94,1717,506172.0,0.98,0.2,0.006,0.01
512500,2017-07-24,2.955,2.98,2.98,2.954,1377,408211.0,0.88,0.85,0.025,0.01
512500,2017-07-25,2.972,2.97,2.976,2.959,609,180771.0,0.57,-0.34,-0.01,0.0
512500,2017-07-26,2.97,2.955,2.97,2.951,1377,407233.0,0.64,-0.51,-0.015,0.01
512500,2017-07-27,2.955,2.982,2.995,2.949,5795,1726705.0,1.56,0.91,0.027,0.04
512500,2017-07-28,2.982,3.004,3.012,2.976,3103,932264.0,1.21,0.74,0.022,0.02
512500,2017-07-31,3.026,3.037,3.041,3.0,2298,695977.0,1.36,1.1,0.033,0.01
512500,2017-08-01,3.029,3.035,3.039,3.027,1651,500547.0,0.4,-0.07,-0.002,0.01
512500,2017-08-02,3.05,3.026,3.05,3.026,1802,547230.0,0.79,-0.3,-0.009,0.01
512500,2017-08-03,3.037,3.034,3.038,3.012,2779,841072.0,0.86,0.26,0.008,0.02
512500,2017-08-04,3.04,3.023,3.052,3.02,6092,1855873.0,1.05,-0.36,-0.011,0.04
512500,2017-08-07,3.023,3.042,3.042,3.009,1873,565965.0,1.09,0.63,0.019,0.01
512500,2017-08-08,3.035,3.046,3.055,3.035,1135,345720.0,0.66,0.13,0.004,0.01
512500,2017-08-09,3.019,3.051,3.065,3.019,3894,1187225.0,1.51,0.16,0.005,0.02
512500,2017-08-10,3.054,3.049,3.065,3.037,1254,382683.0,0.92,-0.07,-0.002,0.01
512500,2017-08-11,3.03,3.01,3.041,3.0,3242,978874.0,1.34,-1.28,-0.039,0.02
512500,2017-08-14,2.99,3.049,3.049,2.99,5624,1708874.0,1.96,1.3,0.039,0.03
512500,2017-08-15,3.062,3.057,3.062,3.04,1305,398798.0,0.72,0.26,0.008,0.01
512500,2017-08-16,3.057,3.058,3.06,3.031,1112,339093.0,0.95,0.03,0.001,0.01
512500,2017-08-17,3.046,3.066,3.076,3.046,4468,1367880.0,0.98,0.26,0.008,0.03
512500,2017-08-18,3.076,3.057,3.077,3.057,924,283787.0,0.65,-0.29,-0.009,0.01
512500,2017-08-21,3.057,3.087,3.098,3.057,4983,1537974.0,1.34,0.98,0.03,0.03
512500,2017-08-22,3.099,3.099,3.105,3.084,4733,1468226.0,0.68,0.39,0.012,0.03
512500,2017-08-23,3.099,3.097,3.1,3.073,1350,415791.0,0.87,-0.06,-0.002,0.01
512500,2017-08-24,3.07,3.09,3.095,3.061,912,280992.0,1.1,-0.23,-0.007,0.01
512500,2017-08-25,3.099,3.084,3.099,3.062,1846,569143.0,1.2,-0.19,-0.006,0.01
512500,2017-08-28,3.097,3.11,3.12,3.072,1877,583362.0,1.56,0.84,0.026,0.01
512500,2017-08-29,3.11,3.085,3.12,3.084,1379,428958.0,1.16,-0.8,-0.025,0.01
512500,2017-08-30,3.112,3.125,3.125,3.097,2064,643803.0,0.91,1.3,0.04,0.01
512500,2017-08-31,3.125,3.124,3.136,3.114,2096,655194.0,0.7,-0.03,-0.001,0.01
512500,2017-09-01,3.128,3.153,3.198,3.128,5688,1795003.0,2.24,0.93,0.029,0.04
512500,2017-09-04,3.167,3.186,3.188,3.167,2100,667722.0,0.67,1.05,0.033,0.01
512500,2017-09-05,3.187,3.205,3.215,3.18,2529,808620.0,1.1,0.6,0.019,0.02
512500,2017-09-06,3.205,3.21,3.21,3.188,771,246651.0,0.69,0.16,0.005,0.0
512500,2017-09-07,3.195,3.203,3.215,3.195,1559,500075.0,0.62,-0.22,-0.007,0.01
512500,2017-09-08,3.218,3.197,3.3,3.196,1429,460875.0,3.25,-0.19,-0.006,0.01
512500,2017-09-11,3.197,3.221,3.223,3.184,2898,929462.0,1.22,0.75,0.024,0.02
512500,2017-09-12,3.23,3.268,3.278,3.22,4333,1410246.0,1.8,1.46,0.047,0.03
512500,2017-09-13,3.248,3.286,3.4,3.238,1471,484311.0,4.96,0.55,0.018,0.01
512500,2017-09-14,3.28,3.298,3.348,3.241,1959,643006.0,3.26,0.37,0.012,0.01
512500,2017-09-15,3.272,3.25,3.35,3.227,2257,736440.0,3.73,-1.46,-0.048,0.01
512500,2017-09-18,3.261,3.269,3.28,3.211,1420,459853.0,2.12,0.58,0.019,0.01
512500,2017-09-19,3.266,3.256,3.266,3.235,1114,362703.0,0.95,-0.4,-0.013,0.01
512500,2017-09-20,3.235,3.25,3.259,3.235,1367,443213.0,0.74,-0.18,-0.006,0.01
512500,2017-09-21,3.243,3.238,3.254,3.233,1246,403128.0,0.65,-0.37,-0.012,0.01
512500,2017-09-22,3.238,3.206,3.238,3.19,2690,861888.0,1.48,-0.99,-0.032,0.02
512500,2017-09-25,3.181,3.165,3.208,3.16,1206,382888.0,1.5,-1.28,-0.041,0.01
512500,2017-09-26,3.165,3.167,3.168,3.16,1803,570275.0,0.25,0.06,0.002,0.01
512500,2017-09-27,3.167,3.199,3.2,3.154,570,181983.0,1.45,1.01,0.032,0.0
512500,2017-09-28,3.199,3.195,3.212,3.188,1875,600000.0,0.75,-0.13,-0.004,0.01
512500,2017-09-29,3.209,3.22,3.222,3.201,684,219773.0,0.66,0.78,0.025,0.0
512500,2017-10-09,3.232,3.244,3.269,3.223,1334,432980.0,1.43,0.75,0.024,0.01
512500,2017-10-10,3.244,3.251,3.252,3.232,824,267101.0,0.62,0.22,0.007,0.01
512500,2017-10-11,3.251,3.239,3.263,3.239,1137,369149.0,0.74,-0.37,-0.012,0.01
512500,2017-10-12,3.235,3.229,3.243,3.211,2372,764928.0,0.99,-0.31,-0.01,0.01
512500,2017-10-13,3.225,3.243,3.243,3.225,3025,979090.0,0.56,0.43,0.014,0.02
512500,2017-10-16,3.243,3.222,3.258,3.21,2882,927541.0,1.48,-0.65,-0.021,0.02
512500,2017-10-17,3.194,3.217,3.224,3.194,891,286559.0,0.93,-0.16,-0.005,0.01
512500,2017-10-18,3.222,3.196,3.222,3.195,2612,836354.0,0.84,-0.65,-0.021,0.02
512500,2017-10-19,3.196,3.177,3.196,3.175,1012,322139.0,0.66,-0.59,-0.019,0.01
512500,2017-10-20,3.2,3.186,3.2,3.175,1380,438752.0,0.79,0.28,0.009,0.01
512500,2017-10-23,3.179,3.199,3.21,3.179,2162,690443.0,0.97,0.41,0.013,0.01
512500,2017-10-24,3.199,3.196,3.199,3.176,2233,711983.0,0.72,-0.09,-0.003,0.01
512500,2017-10-25,3.196,3.211,3.211,3.192,7593,2433144.0,0.59,0.47,0.015,0.05
512500,2017-10-26,3.211,3.227,3.237,3.203,6336,2038449.0,1.06,0.5,0.016,0.04
512500,2017-10-27,3.24,3.211,3.24,3.201,2412,775451.0,1.21,-0.5,-0.016,0.01
512500,2017-10-30,3.214,3.174,3.214,3.137,11376,3610739.0,2.4,-1.15,-0.037,0.07
512500,2017-10-31,3.174,3.173,3.185,3.155,4458,1414948.0,0.95,-0.03,-0.001,0.03
512500,2017-11-01,3.178,3.185,3.202,3.178,2167,692081.0,0.76,0.38,0.012,0.01
512500,2017-11-02,3.178,3.162,3.18,3.155,1103,348689.0,0.78,-0.72,-0.023,0.01
512500,2017-11-03,3.165,3.139,3.17,3.125,1279,401448.0,1.42,-0.73,-0.023,0.01
512500,2017-11-06,3.138,3.174,3.176,3.111,3773,1182241.0,2.07,1.12,0.035,0.02
512500,2017-11-07,3.17,3.173,3.179,3.162,1819,576490.0,0.54,-0.03,-0.001,0.01
512500,2017-11-08,3.173,3.186,3.198,3.168,2682,855628.0,0.95,0.41,0.013,0.02
512500,2017-11-09,3.191,3.2,3.2,3.182,1608,513359.0,0.56,0.44,0.014,0.01
512500,2017-11-10,3.2,3.22,3.22,3.156,1881,603250.0,2.0,0.63,0.02,0.01
512500,2017-11-13,3.209,3.224,3.228,3.208,4099,1321230.0,0.62,0.12,0.004,0.03
512500,2017-11-14,3.226,3.197,3.23,3.196,2044,656540.0,1.05,-0.84,-0.027,0.01
512500,2017-11-15,3.204,3.167,3.236,3.16,2339,748760.0,2.38,-0.94,-0.03,0.01
512500,2017-11-16,3.168,3.171,3.192,3.159,1649,523247.0,1.04,0.13,0.004,0.01
512500,2017-11-17,3.171,3.1,3.181,3.078,3011,940399.0,3.25,-2.24,-0.071,0.02
512500,2017-11-20,3.103,3.106,3.119,3.047,2817,865077.0,2.32,0.19,0.006,0.02
512500,2017-11-21,3.113,3.127,3.146,3.107,2906,907643.0,1.26,0.68,0.021,0.02
512500,2017-11-22,3.1,3.115,3.159,3.1,2141,671038.0,1.89,-0.38,-0.012,0.01
512500,2017-11-23,3.104,3.078,3.12,3.064,5419,1670631.0,1.8,-1.19,-0.037,0.03
512500,2017-11-24,3.07,3.077,3.077,3.028,1724,526579.0,1.59,-0.03,-0.001,0.01
512500,2017-11-27,3.057,3.062,3.076,3.035,1880,574161.0,1.33,-0.49,-0.015,0.01
512500,2017-11-28,3.062,3.086,3.087,3.024,1326,406205.0,2.06,0.78,0.024,0.01
512500,2017-11-29,3.077,3.082,3.085,3.057,877,269111.0,0.91,-0.13,-0.004,0.01
512500,2017-11-30,3.082,3.076,3.09,3.055,1831,564373.0,1.14,-0.19,-0.006,0.01
512500,2017-12-01,3.077,3.088,3.092,3.049,892,275296.0,1.4,0.39,0.012,0.01
512500,2017-12-04,3.088,3.076,3.096,3.059,962,296588.0,1.2,-0.39,-0.012,0.01
512500,2017-12-05,3.066,3.074,3.093,3.056,761,233141.0,1.2,-0.07,-0.002,0.0
512500,2017-12-06,3.074,3.013,3.091,3.002,5398,1643883.0,2.9,-1.98,-0.061,0.03
512500,2017-12-07,3.012,3.005,3.023,3.003,2456,739448.0,0.66,-0.27,-0.008,0.02
512500,2017-12-08,3.029,3.009,3.029,3.004,6961,2096709.0,0.83,0.13,0.004,0.04
512500,2017-12-11,3.021,3.046,3.046,3.021,7801,2366394.0,0.83,1.23,0.037,0.05
512500,2017-12-12,3.046,3.03,3.057,3.03,4298,1305681.0,0.89,-0.53,-0.016,0.03
512500,2017-12-13,3.03,3.043,3.049,3.028,3433,1043300.0,0.69,0.43,0.013,0.02
512500,2017-12-14,3.049,3.055,3.06,3.042,1745,532415.0,0.59,0.39,0.012,0.01
512500,2017-12-15,3.036,3.052,3.06,3.028,4188,1273409.0,1.05,-0.1,-0.003,0.03
512500,2017-12-18,3.031,3.016,3.053,3.015,3269,989052.0,1.25,-1.18,-0.036,0.02
512500,2017-12-19,3.016,3.047,3.049,3.016,4711,1426820.0,1.09,1.03,0.031,0.03
512500,2017-12-20,3.04,3.028,3.04,3.021,1845,559208.0,0.62,-0.62,-0.019,0.01
512500,2017-12-21,3.029,3.041,3.058,3.01,4503,1370864.0,1.59,0.43,0.013,0.03
512500,2017-12-22,3.021,3.053,3.06,3.021,2519,769149.0,1.28,0.39,0.012,0.02
512500,2017-12-25,3.053,3.038,3.086,3.024,2853,866309.0,2.03,-0.49,-0.015,0.02
512500,2017-12-26,3.038,3.033,3.084,3.011,1054,319944.0,2.4,-0.16,-0.005,0.01
512500,2017-12-27,3.034,3.029,3.039,3.029,1354,410612.0,0.33,-0.13,-0.004,0.01
512500,2017-12-28,3.029,3.037,3.044,3.029,462,140027.0,0.5,0.26,0.008,0.0
512500,2017-12-29,3.037,3.042,3.075,3.031,1103,335329.0,1.45,0.16,0.005,0.01
512500,2018-01-02,3.042,3.086,3.1,3.042,1805,555174.0,1.91,1.45,0.044,0.01
512500,2018-01-03,3.091,3.132,3.18,3.051,4891,1522356.0,4.18,1.49,0.046,0.03
512500,2018-01-04,3.132,3.14,3.145,3.104,2730,854194.0,1.31,0.26,0.008,0.02
512500,2018-01-05,3.143,3.139,3.143,3.12,1260,394989.0,0.73,-0.03,-0.001,0.01
512500,2018-01-08,3.122,3.148,3.15,3.122,1114,350306.0,0.89,0.29,0.009,0.01
512500,2018-01-09,3.114,3.135,3.15,3.113,1545,485388.0,1.18,-0.41,-0.013,0.01
512500,2018-01-10,3.159,3.138,3.159,3.118,3012,946393.0,1.31,0.1,0.003,0.02
512500,2018-01-11,3.138,3.135,3.154,3.121,1263,396382.0,1.05,-0.1,-0.003,0.01
512500,2018-01-12,3.145,3.122,3.145,3.119,1555,487240.0,0.83,-0.41,-0.013,0.01
512500,2018-01-15,3.122,3.127,3.143,3.0,1529,474201.0,4.58,0.16,0.005,0.01
512500,2018-01-16,3.097,3.115,3.118,3.065,1236,383786.0,1.69,-0.38,-0.012,0.01
512500,2018-01-17,3.115,3.118,3.118,3.1,886,275862.0,0.58,0.1,0.003,0.01
512500,2018-01-18,3.118,3.123,3.138,3.118,686,214506.0,0.64,0.16,0.005,0.0
512500,2018-01-19,3.123,3.084,3.126,3.081,1852,574286.0,1.44,-1.25,-0.039,0.01
512500,2018-01-22,3.083,3.127,3.127,3.065,3593,1111437.0,2.01,1.39,0.043,0.02
512500,2018-01-23,3.128,3.139,3.14,3.12,4648,1455801.0,0.64,0.38,0.012,0.03
512500,2018-01-24,3.157,3.15,3.166,3.132,2222,700835.0,1.08,0.35,0.011,0.01
512500,2018-01-25,3.151,3.158,3.181,3.14,6412,2030094.0,1.3,0.25,0.008,0.04
512500,2018-01-26,3.161,3.118,3.223,3.118,10840,3406771.0,3.32,-1.27,-0.04,0.07
512500,2018-01-29,3.12,3.09,3.136,3.08,4725,1468621.0,1.8,-0.9,-0.028,0.03
512500,2018-01-30,3.121,3.081,3.121,3.08,3070,948370.0,1.33,-0.29,-0.009,0.02
512500,2018-01-31,3.098,3.039,3.099,3.037,6889,2106847.0,2.01,-1.36,-0.042,0.04
512500,2018-02-01,3.049,2.959,3.073,2.921,16592,4948374.0,5.0,-2.63,-0.08,0.1
512500,2018-02-02,2.967,2.93,2.967,2.896,19926,5817733.0,2.4,-0.98,-0.029,0.12
512500,2018-02-05,2.933,2.93,2.948,2.843,8130,2374182.0,3.58,0.0,0.0,0.05
512500,2018-02-06,2.912,2.82,2.923,2.81,18372,5277564.0,3.86,-3.75,-0.11,0.11
512500,2018-02-07,2.899,2.84,2.899,2.796,18103,5126927.0,3.65,0.71,0.02,0.11
512500,2018-02-08,2.839,2.9,2.902,2.801,6201,1776082.0,3.56,2.11,0.06,0.04
512500,2018-02-09,2.898,2.781,2.898,2.711,24420,6776183.0,6.45,-4.1,-0.119,0.15
512500,2018-02-12,2.781,2.811,2.825,2.781,11482,3221701.0,1.58,1.08,0.03,0.07
512500,2018-02-13,2.811,2.817,2.843,2.806,13168,3725997.0,1.32,0.21,0.006,0.08
512500,2018-02-14,2.816,2.821,2.826,2.799,5558,1562330.0,0.96,0.14,0.004,0.03
512500,2018-02-22,2.848,2.859,2.86,2.828,10420,2961619.0,1.13,1.35,0.038,0.06
512500,2018-02-23,2.86,2.862,2.865,2.835,5838,1669374.0,1.05,0.1,0.003,0.04
512500,2018-02-26,2.864,2.925,2.93,2.864,12858,3723758.0,2.31,2.2,0.063,0.08
512500,2018-02-27,2.947,2.926,2.947,2.924,6354,1862722.0,0.79,0.03,0.001,0.04
512500,2018-02-28,2.926,2.932,2.943,2.898,4602,1344496.0,1.54,0.21,0.006,0.03
512500,2018-03-01,2.932,2.961,2.961,2.909,7102,2088512.0,1.77,0.99,0.029,0.04
512500,2018-03-02,2.94,2.941,2.959,2.94,4212,1240475.0,0.64,-0.68,-0.02,0.03
512500,2018-03-05,2.959,2.94,2.959,2.928,2297,675368.0,1.05,-0.03,-0.001,0.01
512500,2018-03-06,2.94,2.971,2.972,2.94,2738,808902.0,1.09,1.05,0.031,0.02
512500,2018-03-07,2.983,2.961,2.983,2.961,5215,1548985.0,0.74,-0.34,-0.01,0.03
512500,2018-03-08,2.961,2.966,2.968,2.954,4546,1345365.0,0.47,0.17,0.005,0.03
512500,2018-03-09,2.966,3.009,3.017,2.966,5674,1693920.0,1.72,1.45,0.043,0.04
512500,2018-03-12,3.01,3.048,3.05,3.01,9499,2890581.0,1.33,1.3,0.039,0.06
512500,2018-03-13,3.052,3.04,3.052,3.031,4110,1250885.0,0.69,-0.26,-0.008,0.03
512500,2018-03-14,3.04,3.006,3.04,3.004,2181,659120.0,1.18,-1.12,-0.034,0.01
512500,2018-03-15,3.006,2.994,3.035,2.977,5511,1653113.0,1.93,-0.4,-0.012,0.03
512500,2018-03-16,2.994,3.0,3.015,2.994,2408,722962.0,0.7,0.2,0.006,0.01
512500,2018-03-19,2.995,2.995,3.021,2.969,3523,1055302.0,1.73,-0.17,-0.005,0.02
512500,2018-03-20,2.995,2.992,2.998,2.962,3314,987215.0,1.2,-0.1,-0.003,0.02
512500,2018-03-21,2.992,2.988,3.018,2.985,6106,1835582.0,1.1,-0.13,-0.004,0.04
512500,2018-03-22,2.988,2.976,3.002,2.957,2229,663937.0,1.51,-0.4,-0.012,0.01
512500,2018-03-23,2.945,2.835,2.945,2.798,14763,4210245.0,4.94,-4.74,-0.141,0.09
512500,2018-03-26,2.849,2.908,2.938,2.752,10399,2947715.0,6.56,2.57,0.073,0.06
512500,2018-03-27,2.954,2.933,2.954,2.922,2933,859689.0,1.1,0.86,0.025,0.02
512500,2018-03-28,2.93,2.915,2.949,2.881,3566,1037544.0,2.32,-0.61,-0.018,0.02
512500,2018-03-29,2.911,2.93,2.968,2.911,8759,2574704.0,1.96,0.51,0.015,0.05
512500,2018-03-30,2.955,2.996,2.999,2.943,11849,3512423.0,1.91,2.25,0.066,0.07
512500,2018-04-02,2.999,3.005,3.02,2.975,7281,2190360.0,1.5,0.3,0.009,0.04
512500,2018-04-03,2.974,2.969,2.974,2.906,6264,1849183.0,2.26,-1.2,-0.036,0.04
512500,2018-04-04,2.989,2.961,2.994,2.95,3833,1140763.0,1.48,-0.27,-0.008,0.02
512500,2018-04-09,2.957,2.947,2.961,2.911,4734,1396963.0,1.69,-0.47,-0.014,0.03
512500,2018-04-10,2.96,2.96,2.968,2.934,1767,520807.0,1.15,0.44,0.013,0.01
512500,2018-04-11,2.989,2.981,2.995,2.972,5123,1529312.0,0.78,0.71,0.021,0.03
512500,2018-04-12,2.984,2.978,2.988,2.959,1918,569563.0,0.97,-0.1,-0.003,0.01
512500,2018-04-13,2.986,2.965,2.986,2.951,1696,503177.0,1.18,-0.44,-0.013,0.01
512500,2018-04-16,2.96,2.945,2.972,2.936,1662,490525.0,1.21,-0.67,-0.02,0.01
512500,2018-04-17,2.938,2.905,2.951,2.9,2215,648096.0,1.73,-1.36,-0.04,0.01
512500,2018-04-18,2.9,2.932,2.957,2.88,1712,497950.0,2.65,0.93,0.027,0.01
512500,2018-04-19,2.923,2.944,2.956,2.923,2963,871483.0,1.13,0.41,0.012,0.02
512500,2018-04-20,2.944,2.898,2.948,2.892,4846,1406669.0,1.9,-1.56,-0.046,0.03
512500,2018-04-23,2.892,2.878,2.918,2.841,11406,3254361.0,2.66,-0.69,-0.02,0.07
512500,2018-04-24,2.877,2.911,2.919,2.839,3269,942623.0,2.78,1.15,0.033,0.02
512500,2018-04-25,2.911,2.912,2.918,2.905,6488,1887984.0,0.45,0.03,0.001,0.04
512500,2018-04-26,2.929,2.863,2.929,2.862,5492,1582808.0,2.3,-1.68,-0.049,0.03
512500,2018-04-27,2.887,2.875,2.887,2.85,2738,783041.0,1.29,0.42,0.012,0.02
512500,2018-05-02,2.875,2.872,2.886,2.854,2625,753424.0,1.11,-0.1,-0.003,0.02
512500,2018-05-03,2.864,2.9,2.9,2.835,22686,6465498.0,2.26,0.97,0.028,0.14
512500,2018-05-04,2.9,2.895,2.9,2.88,2350,679653.0,0.69,-0.17,-0.005,0.01
512500,2018-05-07,2.907,2.935,2.944,2.898,6150,1798751.0,1.59,1.38,0.04,0.04
512500,2018-05-08,2.937,2.948,2.95,2.937,4814,1418296.0,0.44,0.44,0.013,0.03
512500,2018-05-09,2.949,2.952,2.955,2.94,2235,658448.0,0.51,0.14,0.004,0.01
512500,2018-05-10,2.952,2.963,2.969,2.95,12470,3692000.0,0.64,0.37,0.011,0.08
512500,2018-05-11,2.976,2.939,2.976,2.938,3164,932282.0,1.28,-0.81,-0.024,0.02
512500,2018-05-14,2.94,2.925,2.956,2.92,6427,1883316.0,1.22,-0.48,-0.014,0.04
512500,2018-05-15,2.948,2.953,2.953,2.92,2840,832422.0,1.13,0.96,0.028,0.02
512500,2018-05-16,2.953,2.959,2.969,2.938,3857,1139802.0,1.05,0.2,0.006,0.02
512500,2018-05-17,2.933,2.967,2.97,2.933,1498,440828.0,1.25,0.27,0.008,0.01
512500,2018-05-18,2.953,2.965,2.965,2.94,1081,319123.0,0.84,-0.07,-0.002,0.01
512500,2018-05-21,2.965,2.988,2.988,2.965,2036,606521.0,0.78,0.78,0.023,0.01
512500,2018-05-22,2.97,2.987,2.988,2.969,2093,623873.0,0.64,-0.03,-0.001,0.01
512500,2018-05-23,2.985,2.95,2.985,2.948,2756,817850.0,1.24,-1.24,-0.037,0.02
512500,2018-05-24,2.96,2.948,2.968,2.946,1572,463915.0,0.75,-0.07,-0.002,0.01
512500,2018-05-25,2.948,2.96,2.96,2.933,2760,813048.0,0.92,0.41,0.012,0.02
512500,2018-05-28,2.933,2.925,2.959,2.925,3803,1115211.0,1.15,-1.18,-0.035,0.02
512500,2018-05-29,2.925,2.94,2.953,2.915,1518,447051.0,1.3,0.51,0.015,0.01
512500,2018-05-30,2.93,2.89,2.954,2.835,13497,3867033.0,4.05,-1.7,-0.05,0.08
512500,2018-05-31,2.89,2.88,2.89,2.791,13505,3813803.0,3.43,-0.35,-0.01,0.08
512500,2018-06-01,2.83,2.785,2.85,2.77,27230,7631790.0,2.78,-3.3,-0.095,0.17
512500,2018-06-04,2.802,2.79,2.804,2.772,24285,6757906.0,1.15,0.18,0.005,0.15
512500,2018-06-05,2.793,2.827,2.843,2.786,21915,6198895.0,2.04,1.33,0.037,0.14
512500,2018-06-06,2.837,2.833,2.846,2.826,13293,3770480.0,0.71,0.21,0.006,0.08
512500,2018-06-07,2.834,2.822,2.843,2.817,9130,2580181.0,0.92,-0.39,-0.011,0.06
512500,2018-06-08,2.818,2.801,2.822,2.778,15807,4419970.0,1.56,-0.74,-0.021,0.1
512500,2018-06-11,2.786,2.787,2.799,2.756,22785,6333095.0,1.54,-0.5,-0.014,0.14
512500,2018-06-12,2.774,2.794,2.796,2.756,26973,7494438.0,1.44,0.25,0.007,0.17
512500,2018-06-13,2.794,2.758,2.794,2.755,18471,5137016.0,1.4,-1.29,-0.036,0.11
512500,2018-06-14,2.754,2.746,2.77,2.74,18523,5101770.0,1.09,-0.44,-0.012,0.11
512500,2018-06-15,2.749,2.707,2.75,2.685,34507,9363323.0,2.37,-1.42,-0.039,0.21
512500,2018-06-19,2.664,2.543,2.668,2.501,55517,14404530.0,6.17,-6.06,-0.164,0.34
512500,2018-06-20,2.526,2.551,2.568,2.506,379359,96145857.0,2.44,0.31,0.008,2.34
512500,2018-06-21,2.555,2.517,2.576,2.503,483853,123987045.0,2.86,-1.33,-0.034,2.99
512500,2018-06-22,2.52,2.539,2.544,2.485,49933,12610566.0,2.34,0.87,0.022,0.31
512500,2018-06-25,2.543,2.515,2.569,2.513,50923,13010960.0,2.21,-0.95,-0.024,0.31
512500,2018-06-26,2.496,2.531,2.545,2.489,12233,3074764.0,2.23,0.64,0.016,0.08
512500,2018-06-27,2.526,2.52,2.549,2.506,15317,3876544.0,1.7,-0.43,-0.011,0.09
512500,2018-06-28,2.517,2.49,2.538,2.488,44059,11098957.0,1.98,-1.19,-0.03,0.27
512500,2018-06-29,2.495,2.567,2.568,2.494,25782,6491706.0,2.97,3.09,0.077,0.16
512500,2018-07-02,2.567,2.546,2.576,2.504,10516,2686068.0,2.8,-0.82,-0.021,0.06
512500,2018-07-03,2.535,2.558,2.565,2.495,24274,6158163.0,2.75,0.47,0.012,0.15
512500,2018-07-04,2.543,2.531,2.555,2.518,11703,2973146.0,1.45,-1.06,-0.027,0.07
512500,2018-07-05,2.531,2.457,2.532,2.456,34883,8672183.0,3.0,-2.92,-0.074,0.22
512500,2018-07-06,2.46,2.461,2.493,2.415,191988,47435545.0,3.17,0.16,0.004,1.19
512500,2018-07-09,2.461,2.513,2.515,2.461,12606,3153346.0,2.19,2.11,0.052,0.08
512500,2018-07-10,2.513,2.53,2.534,2.51,17999,4535628.0,0.96,0.68,0.017,0.11
512500,2018-07-11,2.506,2.485,2.506,2.461,330995,81755157.0,1.78,-1.78,-0.045,2.05
512500,2018-07-12,2.487,2.546,2.61,2.48,108773,27685376.0,5.23,2.45,0.061,0.67
512500,2018-07-13,2.547,2.569,2.571,2.547,23524,6018859.0,0.94,0.9,0.023,0.15
512500,2018-07-16,2.569,2.57,2.579,2.55,14928,3824899.0,1.13,0.04,0.001,0.09
512500,2018-07-17,2.563,2.565,2.568,2.541,12382,3158734.0,1.05,-0.19,-0.005,0.08
512500,2018-07-18,2.567,2.554,2.59,2.553,22564,5800682.0,1.44,-0.43,-0.011,0.14
512500,2018-07-19,2.553,2.525,2.563,2.512,17567,4453661.0,2.0,-1.14,-0.029,0.11
512500,2018-07-20,2.53,2.56,2.561,2.509,10034,2554081.0,2.06,1.39,0.035,0.06
512500,2018-07-23,2.554,2.575,2.58,2.54,23846,6114471.0,1.56,0.59,0.015,0.15
512500,2018-07-24,2.58,2.616,2.62,2.58,18863,4924903.0,1.55,1.59,0.041,0.12
512500,2018-07-25,2.617,2.622,2.634,2.615,16837,4415501.0,0.73,0.23,0.006,0.1
512500,2018-07-26,2.628,2.61,2.628,2.601,13330,3477986.0,1.03,-0.46,-0.012,0.08
512500,2018-07-27,2.61,2.598,2.61,2.588,33068,8579639.0,0.84,-0.46,-0.012,0.2
512500,2018-07-30,2.588,2.561,2.597,2.555,16138,4146450.0,1.62,-1.42,-0.037,0.1
512500,2018-07-31,2.559,2.557,2.572,2.552,30623,7846676.0,0.78,-0.16,-0.004,0.19
512500,2018-08-01,2.57,2.52,2.583,2.519,25142,6429624.0,2.5,-1.45,-0.037,0.16
512500,2018-08-02,2.519,2.467,2.519,2.421,83910,20737756.0,3.89,-2.1,-0.053,0.52
512500,2018-08-03,2.467,2.459,2.473,2.44,74335,18252179.0,1.34,-0.32,-0.008,0.46
512500,2018-08-06,2.445,2.387,2.445,2.378,65225,15711334.0,2.72,-2.93,-0.072,0.4
512500,2018-08-07,2.397,2.444,2.445,2.373,37392,8998587.0,3.02,2.39,0.057,0.23
512500,2018-08-08,2.436,2.426,2.44,2.42,44523,10820774.0,0.82,-0.74,-0.018,0.28
512500,2018-08-09,2.401,2.47,2.489,2.401,88560,21756794.0,3.63,1.81,0.044,0.55
512500,2018-08-10,2.47,2.484,2.485,2.462,17346,4290916.0,0.93,0.57,0.014,0.11
512500,2018-08-13,2.469,2.495,2.504,2.453,31961,7910345.0,2.05,0.44,0.011,0.2
512500,2018-08-14,2.496,2.492,2.499,2.48,23283,5799525.0,0.76,-0.12,-0.003,0.14
512500,2018-08-15,2.496,2.44,2.496,2.436,30253,7418631.0,2.41,-2.09,-0.052,0.19
512500,2018-08-16,2.421,2.44,2.442,2.39,88523,21422286.0,2.13,0.0,0.0,0.55
512500,2018-08-17,2.433,2.38,2.438,2.37,97368,23470062.0,2.79,-2.46,-0.06,0.6
512500,2018-08-20,2.379,2.386,2.387,2.345,101440,24007150.0,1.76,0.25,0.006,0.63
512500,2018-08-21,2.386,2.421,2.424,2.379,129888,31168483.0,1.89,1.47,0.035,0.8
512500,2018-08-22,2.416,2.398,2.416,2.388,186882,44908334.0,1.16,-0.95,-0.023,1.15
512500,2018-08-23,2.398,2.404,2.413,2.385,136681,32810995.0,1.17,0.25,0.006,0.84
512500,2018-08-24,2.406,2.399,2.414,2.388,120679,28961506.0,1.08,-0.21,-0.005,0.75
512500,2018-08-27,2.4,2.451,2.454,2.394,80114,19443852.0,2.5,2.17,0.052,0.5
512500,2018-08-28,2.45,2.458,2.464,2.45,200619,49294012.0,0.57,0.29,0.007,1.24
512500,2018-08-29,2.461,2.444,2.461,2.439,78971,19334043.0,0.9,-0.57,-0.014,0.49
512500,2018-08-30,2.447,2.409,2.447,2.405,108472,26334665.0,1.72,-1.43,-0.035,0.67
512500,2018-08-31,2.409,2.38,2.409,2.376,71645,17122186.0,1.37,-1.2,-0.029,0.44
512500,2018-09-03,2.381,2.392,2.393,2.35,72515,17159276.0,1.81,0.5,0.012,0.45
512500,2018-09-04,2.392,2.415,2.425,2.387,63223,15209075.0,1.59,0.96,0.023,0.39
512500,2018-09-05,2.415,2.384,2.417,2.382,102503,24623022.0,1.45,-1.28,-0.031,0.63
512500,2018-09-06,2.375,2.371,2.398,2.361,75759,18038079.0,1.55,-0.55,-0.013,0.47
512500,2018-09-07,2.374,2.371,2.405,2.355,98127,23399410.0,2.11,0.0,0.0,0.61
512500,2018-09-10,2.369,2.326,2.371,2.326,101314,23771107.0,1.9,-1.9,-0.045,0.63
512500,2018-09-11,2.329,2.326,2.345,2.313,92626,21545424.0,1.38,0.0,0.0,0.57
512500,2018-09-12,2.327,2.322,2.342,2.315,149985,34949066.0,1.16,-0.17,-0.004,0.93
512500,2018-09-13,2.338,2.334,2.361,2.303,199839,46598104.0,2.5,0.52,0.012,1.23
512500,2018-09-14,2.336,2.313,2.336,2.309,49945,11607884.0,1.16,-0.9,-0.021,0.31
512500,2018-09-17,2.293,2.279,2.311,2.272,149251,34122643.0,1.69,-1.47,-0.034,0.92
512500,2018-09-18,2.278,2.315,2.318,2.27,154010,35369439.0,2.11,1.58,0.036,0.95
512500,2018-09-19,2.315,2.34,2.363,2.309,161979,37766654.0,2.33,1.08,0.025,1.0
512500,2018-09-20,2.34,2.344,2.357,2.339,126087,29619165.0,0.77,0.17,0.004,0.78
512500,2018-09-21,2.344,2.381,2.383,2.337,175182,41393404.0,1.96,1.58,0.037,1.08
512500,2018-09-25,2.372,2.375,2.383,2.361,121412,28803695.0,0.92,-0.25,-0.006,0.75
512500,2018-09-26,2.376,2.38,2.398,2.368,127931,30510079.0,1.26,0.21,0.005,0.79
512500,2018-09-27,2.376,2.357,2.386,2.353,54793,12982164.0,1.39,-0.97,-0.023,0.34
512500,2018-09-28,2.36,2.381,2.381,2.352,176590,41765885.0,1.23,1.02,0.024,1.09
512500,2018-10-08,2.337,2.302,2.347,2.301,117999,27458948.0,1.93,-3.32,-0.079,0.73
512500,2018-10-09,2.306,2.293,2.32,2.285,122662,28216562.0,1.52,-0.39,-0.009,0.76
512500,2018-10-10,2.293,2.291,2.308,2.272,144952,33225148.0,1.57,-0.09,-0.002,0.9
512500,2018-10-11,2.234,2.135,2.234,2.117,277166,60421775.0,5.11,-6.81,-0.156,1.71
512500,2018-10-12,2.12,2.123,2.131,2.055,380049,79674283.0,3.56,-0.56,-0.012,2.35
512500,2018-10-15,2.141,2.079,2.143,2.077,165944,35047957.0,3.11,-2.07,-0.044,1.03
512500,2018-10-16,2.079,2.036,2.094,2.025,258952,53425869.0,3.32,-2.07,-0.043,1.6
512500,2018-10-17,2.053,2.048,2.073,2.006,124147,25293770.0,3.29,0.59,0.012,0.77
512500,2018-10-18,2.039,2.0,2.039,1.998,300961,60720865.0,2.0,-2.34,-0.048,1.86
512500,2018-10-19,1.98,2.048,2.053,1.967,354439,71002299.0,4.3,2.4,0.048,2.19
512500,2018-10-22,2.074,2.153,2.17,2.072,541529,114837090.0,4.79,5.13,0.105,3.35
512500,2018-10-23,2.153,2.111,2.16,2.094,367129,78250514.0,3.07,-1.95,-0.042,2.27
512500,2018-10-24,2.105,2.106,2.132,2.086,313195,65877924.0,2.18,-0.24,-0.005,1.94
512500,2018-10-25,2.058,2.102,2.104,2.035,321010,66158371.0,3.28,-0.19,-0.004,1.98
512500,2018-10-26,2.11,2.1,2.13,2.088,183017,38494348.0,2.0,-0.1,-0.002,1.13
512500,2018-10-29,2.096,2.068,2.098,2.053,249250,51793871.0,2.14,-1.52,-0.032,1.54
512500,2018-10-30,2.05,2.086,2.102,2.031,328200,67825272.0,3.43,0.87,0.018,2.03
512500,2018-10-31,2.086,2.116,2.134,2.086,413602,87405827.0,2.3,1.44,0.03,2.56
512500,2018-11-01,2.132,2.133,2.168,2.13,460031,98761301.0,1.8,0.8,0.017,2.84
512500,2018-11-02,2.21,2.202,2.23,2.164,762759,166431419.0,3.09,3.23,0.069,4.71
512500,2018-11-05,2.197,2.202,2.219,2.168,808937,177791138.0,2.32,0.0,0.0,5.0
512500,2018-11-06,2.189,2.203,2.205,2.172,326630,71403452.0,1.5,0.05,0.001,2.02
512500,2018-11-07,2.204,2.189,2.224,2.189,312429,68970056.0,1.59,-0.64,-0.014,1.93
512500,2018-11-08,2.197,2.174,2.21,2.171,189472,41517621.0,1.78,-0.69,-0.015,1.17
512500,2018-11-09,2.165,2.171,2.185,2.16,305020,66321436.0,1.15,-0.14,-0.003,1.88
512500,2018-11-12,2.172,2.225,2.235,2.167,572393,126641893.0,3.13,2.49,0.054,3.54
512500,2018-11-13,2.201,2.266,2.285,2.201,890661,200672114.0,3.78,1.84,0.041,5.5
512500,2018-11-14,2.27,2.259,2.285,2.25,362461,82204790.0,1.54,-0.31,-0.007,2.24
512500,2018-11-15,2.251,2.299,2.301,2.251,562919,128363086.0,2.21,1.77,0.04,3.48
512500,2018-11-16,2.3,2.313,2.334,2.289,459703,106361128.0,1.96,0.61,0.014,2.84
512500,2018-11-19,2.312,2.317,2.324,2.29,397249,91499582.0,1.47,0.17,0.004,2.45
512500,2018-11-20,2.31,2.259,2.31,2.253,536514,122464639.0,2.46,-2.5,-0.058,3.32
512500,2018-11-21,2.23,2.259,2.271,2.225,714635,160823021.0,2.04,0.0,0.0,4.42
512500,2018-11-22,2.268,2.261,2.278,2.247,336560,76109811.0,1.37,0.09,0.002,2.08
512500,2018-11-23,2.258,2.178,2.259,2.17,438056,96567973.0,3.94,-3.67,-0.083,2.71
512500,2018-11-26,2.163,2.17,2.191,2.16,364040,79256458.0,1.42,-0.37,-0.008,2.25
512500,2018-11-27,2.172,2.183,2.195,2.171,326143,71215327.0,1.11,0.6,0.013,2.02
512500,2018-11-28,2.183,2.207,2.211,2.154,317679,69654007.0,2.61,1.1,0.024,1.96
512500,2018-11-29,2.223,2.159,2.224,2.159,430270,94446084.0,2.95,-2.17,-0.048,2.66
512500,2018-11-30,2.16,2.175,2.182,2.136,280006,60425444.0,2.13,0.74,0.016,1.73
512500,2018-12-03,2.234,2.245,2.258,2.219,745697,166925257.0,1.79,3.22,0.07,4.61
512500,2018-12-04,2.245,2.258,2.26,2.233,440746,98902717.0,1.2,0.58,0.013,2.72
512500,2018-12-05,2.214,2.238,2.26,2.214,522007,116741762.0,2.04,-0.89,-0.02,3.23
512500,2018-12-06,2.224,2.195,2.231,2.192,616792,136503328.0,1.74,-1.92,-0.043,3.81
512500,2018-12-07,2.196,2.193,2.209,2.191,279752,61496917.0,0.82,-0.09,-0.002,1.73
512500,2018-12-10,2.177,2.172,2.189,2.168,344906,75103713.0,0.96,-0.96,-0.021,2.13
512500,2018-12-11,2.178,2.192,2.197,2.174,344526,75329008.0,1.06,0.92,0.02,2.13
512500,2018-12-12,2.204,2.19,2.204,2.182,315218,69133333.0,1.0,-0.09,-0.002,1.95
512500,2018-12-13,2.197,2.215,2.233,2.181,510670,113123761.0,2.37,1.14,0.025,3.16
512500,2018-12-14,2.215,2.169,2.215,2.162,379091,82973838.0,2.39,-2.08,-0.046,2.34
512500,2018-12-17,2.159,2.156,2.166,2.136,502085,108183579.0,1.38,-0.6,-0.013,3.1
512500,2018-12-18,2.152,2.145,2.162,2.123,449776,96370559.0,1.81,-0.51,-0.011,2.78
512500,2018-12-19,2.145,2.117,2.149,2.115,311628,66434745.0,1.59,-1.31,-0.028,1.93
512500,2018-12-20,2.115,2.123,2.128,2.105,343383,72661846.0,1.09,0.28,0.006,2.12
512500,2018-12-21,2.115,2.111,2.125,2.093,386708,81545072.0,1.51,-0.57,-0.012,2.39
512500,2018-12-24,2.108,2.13,2.135,2.1,460499,97808296.0,1.66,0.9,0.019,2.85
512500,2018-12-25,2.107,2.102,2.12,2.055,744191,155372205.0,3.05,-1.31,-0.028,4.6
512500,2018-12-26,2.1,2.096,2.116,2.088,326731,68580707.0,1.33,-0.29,-0.006,2.02
512500,2018-12-27,2.13,2.072,2.136,2.07,259346,54424790.0,3.15,-1.15,-0.024,1.6
512500,2018-12-28,2.073,2.079,2.092,2.064,370798,76988543.0,1.35,0.34,0.007,2.29
512500,2019-01-02,2.081,2.061,2.083,2.059,450116,93091155.0,1.15,-0.87,-0.018,2.78
512500,2019-01-03,2.058,2.05,2.085,2.047,345258,71174820.0,1.84,-0.53,-0.011,2.13
512500,2019-01-04,2.03,2.1,2.102,2.03,638498,132254731.0,3.51,2.44,0.05,3.95
512500,2019-01-07,2.114,2.132,2.143,2.103,798319,169876399.0,1.9,1.52,0.032,4.93
512500,2019-01-08,2.127,2.133,2.139,2.125,522104,111326435.0,0.66,0.05,0.001,3.23
512500,2019-01-09,2.132,2.132,2.17,2.13,1104463,237556696.0,1.88,-0.05,-0.001,6.82
512500,2019-01-10,2.135,2.136,2.154,2.129,481421,103085797.0,1.17,0.19,0.004,2.97
512500,2019-01-11,2.136,2.145,2.152,2.123,571818,122470697.0,1.36,0.42,0.009,3.53
512500,2019-01-14,2.15,2.135,2.155,2.13,479769,102641798.0,1.17,-0.47,-0.01,2.96
512500,2019-01-15,2.126,2.164,2.17,2.126,897236,193193870.0,2.06,1.36,0.029,5.54
512500,2019-01-16,2.162,2.161,2.176,2.153,612772,132485756.0,1.06,-0.14,-0.003,3.79
512500,2019-01-17,2.161,2.145,2.166,2.141,385792,83031745.0,1.16,-0.74,-0.016,2.38
512500,2019-01-18,2.145,2.163,2.166,2.138,460133,99157152.0,1.31,0.84,0.018,2.84
512500,2019-01-21,2.165,2.172,2.19,2.163,724908,157626057.0,1.25,0.42,0.009,4.48
512500,2019-01-22,2.166,2.145,2.17,2.135,365069,78598448.0,1.61,-1.24,-0.027,2.26
512500,2019-01-23,2.145,2.143,2.151,2.135,309014,66171174.0,0.75,-0.09,-0.002,1.91
512500,2019-01-24,2.142,2.16,2.172,2.135,516562,111343439.0,1.73,0.79,0.017,3.19
512500,2019-01-25,2.16,2.149,2.171,2.149,557617,120462675.0,1.02,-0.51,-0.011,3.45
512500,2019-01-28,2.155,2.143,2.18,2.141,551546,119143000.0,1.81,-0.28,-0.006,3.41
512500,2019-01-29,2.135,2.118,2.14,2.088,675370,142718377.0,2.43,-1.17,-0.025,4.17
512500,2019-01-30,2.102,2.1,2.124,2.1,559133,118067614.0,1.13,-0.85,-0.018,3.45
512500,2019-01-31,2.096,2.083,2.113,2.065,805355,168352188.0,2.29,-0.81,-0.017,4.98
512500,2019-02-01,2.085,2.142,2.143,2.085,1343387,284988688.0,2.78,2.83,0.059,8.3
512500,2019-02-11,2.14,2.192,2.196,2.14,1344866,292649360.0,2.61,2.33,0.05,8.31
512500,2019-02-12,2.193,2.207,2.219,2.191,880792,194458281.0,1.28,0.68,0.015,5.44
512500,2019-02-13,2.206,2.242,2.254,2.204,600476,133817941.0,2.27,1.59,0.035,3.71
512500,2019-02-14,2.242,2.253,2.267,2.234,645013,144823374.0,1.47,0.49,0.011,3.99
512500,2019-02-15,2.243,2.241,2.262,2.236,738867,166181867.0,1.15,-0.53,-0.012,4.57
512500,2019-02-18,2.25,2.322,2.325,2.25,941903,215449004.0,3.35,3.61,0.081,5.82
512500,2019-02-19,2.337,2.317,2.343,2.292,1114078,258227662.0,2.2,-0.22,-0.005,6.88
512500,2019-02-20,2.317,2.313,2.322,2.295,735925,170055004.0,1.17,-0.17,-0.004,4.55
512500,2019-02-21,2.313,2.319,2.364,2.304,1116570,259738693.0,2.59,0.26,0.006,6.9
512500,2019-02-22,2.316,2.386,2.387,2.31,953514,222492795.0,3.32,2.89,0.067,5.89
512500,2019-02-25,2.415,2.573,2.6,2.407,2213813,543333680.0,8.09,7.84,0.187,13.68
512500,2019-02-26,2.571,2.512,2.571,2.489,2273525,573046048.0,3.19,-2.37,-0.061,14.05
512500,2019-02-27,2.509,2.487,2.527,2.462,833883,208684843.0,2.59,-1.0,-0.025,5.15
512500,2019-02-28,2.488,2.492,2.517,2.477,670835,167311791.0,1.61,0.2,0.005,4.15
512500,2019-03-01,2.494,2.519,2.521,2.472,1342664,334287824.0,1.97,1.08,0.027,8.3
512500,2019-03-04,2.53,2.554,2.605,2.53,1544727,396128688.0,2.98,1.39,0.035,9.54
512500,2019-03-05,2.545,2.63,2.635,2.543,1186096,306807968.0,3.6,2.98,0.076,7.33
512500,2019-03-06,2.643,2.696,2.698,2.606,1418871,375567984.0,3.5,2.51,0.066,8.77
512500,2019-03-07,2.686,2.71,2.745,2.664,1340842,360608496.0,3.0,0.52,0.014,8.28
512500,2019-03-08,2.6,2.617,2.716,2.6,1487112,395976752.0,4.28,-3.43,-0.093,9.19
512500,2019-03-11,2.616,2.705,2.71,2.615,873023,232791832.0,3.63,3.36,0.088,5.39
512500,2019-03-12,2.718,2.751,2.774,2.71,979906,268562448.0,2.37,1.7,0.046,6.05
512500,2019-03-13,2.754,2.695,2.755,2.68,886795,241697368.0,2.73,-2.04,-0.056,5.48
512500,2019-03-14,2.69,2.633,2.694,2.605,909955,240761772.0,3.3,-2.3,-0.062,5.62
512500,2019-03-15,2.661,2.66,2.695,2.631,789173,210344396.0,2.43,1.03,0.027,4.88
512500,2019-03-18,2.66,2.74,2.741,2.645,867180,232731298.0,3.61,3.01,0.08,5.36
512500,2019-03-19,2.74,2.736,2.755,2.72,711783,194681879.0,1.28,-0.15,-0.004,4.4
512500,2019-03-20,2.731,2.732,2.741,2.688,439864,119646530.0,1.94,-0.15,-0.004,2.72
512500,2019-03-21,2.732,2.779,2.8,2.732,509631,141295102.0,2.49,1.72,0.047,3.15
512500,2019-03-22,2.78,2.798,2.799,2.735,535387,148051493.0,2.3,0.68,0.019,3.31
512500,2019-03-25,2.751,2.759,2.794,2.741,571736,158619593.0,1.89,-1.39,-0.039,3.53
512500,2019-03-26,2.76,2.684,2.78,2.674,702849,191812235.0,3.84,-2.72,-0.075,4.34
512500,2019-03-27,2.688,2.704,2.706,2.652,352958,94693594.0,2.01,0.75,0.02,2.18
512500,2019-03-28,2.689,2.671,2.72,2.669,406863,109459447.0,1.89,-1.22,-0.033,2.51
512500,2019-03-29,2.672,2.757,2.766,2.661,1273008,345773648.0,3.93,3.22,0.086,7.87
512500,2019-04-01,2.761,2.866,2.867,2.761,766783,217488574.0,3.84,3.95,0.109,4.74
512500,2019-04-02,2.867,2.864,2.898,2.85,633656,182218240.0,1.67,-0.07,-0.002,3.92
512500,2019-04-03,2.85,2.898,2.908,2.845,513736,147833209.0,2.2,1.19,0.034,3.17
512500,2019-04-04,2.92,2.926,2.931,2.884,662475,192738048.0,1.62,0.97,0.028,4.09
512500,2019-04-08,2.95,2.893,2.962,2.86,728511,211522934.0,3.49,-1.13,-0.033,4.5
512500,2019-04-09,2.888,2.904,2.915,2.875,412525,119377997.0,1.38,0.38,0.011,2.55
512500,2019-04-10,2.886,2.899,2.938,2.863,645971,186881212.0,2.58,-0.17,-0.005,3.99
512500,2019-04-11,2.899,2.848,2.905,2.843,542132,155683400.0,2.14,-1.76,-0.051,3.35
512500,2019-04-12,2.85,2.841,2.856,2.818,419910,119185940.0,1.33,-0.25,-0.007,2.59
512500,2019-04-15,2.88,2.811,2.889,2.808,845893,241378602.0,2.85,-1.06,-0.03,5.23
512500,2019-04-16,2.804,2.868,2.869,2.772,593080,167236520.0,3.45,2.03,0.057,3.66
512500,2019-04-17,2.865,2.874,2.896,2.853,419339,120550574.0,1.5,0.21,0.006,2.59
512500,2019-04-18,2.875,2.869,2.886,2.855,481741,138421127.0,1.08,-0.17,-0.005,2.98
512500,2019-04-19,2.869,2.884,2.885,2.836,360904,103340063.0,1.71,0.52,0.015,2.23
512500,2019-04-22,2.886,2.843,2.888,2.831,374067,107092768.0,1.98,-1.42,-0.041,2.31
512500,2019-04-23,2.828,2.798,2.843,2.79,367936,103432667.0,1.86,-1.58,-0.045,2.27
512500,2019-04-24,2.797,2.813,2.826,2.763,645387,180751307.0,2.25,0.54,0.015,3.99
512500,2019-04-25,2.81,2.714,2.81,2.711,636098,176166027.0,3.52,-3.52,-0.099,3.93
512500,2019-04-26,2.713,2.691,2.734,2.689,657814,178218365.0,1.66,-0.85,-0.023,4.06
512500,2019-04-29,2.692,2.623,2.696,2.615,827411,219166693.0,3.01,-2.53,-0.068,5.11
512500,2019-04-30,2.627,2.633,2.66,2.607,825721,217603087.0,2.02,0.38,0.01,5.1
512500,2019-05-06,2.537,2.437,2.58,2.42,1102559,276099840.0,6.08,-7.44,-0.196,6.81
512500,2019-05-07,2.46,2.466,2.479,2.426,2337395,573219472.0,2.17,1.19,0.029,14.44
512500,2019-05-08,2.409,2.458,2.502,2.409,811215,199786647.0,3.77,-0.32,-0.008,5.01
512500,2019-05-09,2.451,2.431,2.463,2.423,565069,138141574.0,1.63,-1.1,-0.027,3.49
512500,2019-05-10,2.454,2.518,2.521,2.401,783447,194016166.0,4.94,3.58,0.087,4.84
512500,2019-05-13,2.47,2.479,2.5,2.469,515136,128013551.0,1.23,-1.55,-0.039,3.18
512500,2019-05-14,2.459,2.47,2.492,2.455,438387,108656381.0,1.49,-0.36,-0.009,2.71
512500,2019-05-15,2.49,2.519,2.53,2.484,246238,61748688.0,1.86,1.98,0.049,1.52
512500,2019-05-16,2.521,2.539,2.542,2.512,240750,60849412.0,1.19,0.79,0.02,1.49
512500,2019-05-17,2.54,2.462,2.544,2.445,432132,107929558.0,3.9,-3.03,-0.077,2.67
512500,2019-05-20,2.464,2.445,2.467,2.409,519995,126559128.0,2.36,-0.69,-0.017,3.21
512500,2019-05-21,2.45,2.484,2.507,2.444,496542,123338537.0,2.58,1.6,0.039,3.07
512500,2019-05-22,2.48,2.479,2.492,2.453,649627,160794288.0,1.57,-0.2,-0.005,4.01
512500,2019-05-23,2.47,2.431,2.47,2.423,308204,75325457.0,1.9,-1.94,-0.048,1.9
512500,2019-05-24,2.425,2.414,2.441,2.409,404501,98040205.0,1.32,-0.7,-0.017,2.5
512500,2019-05-27,2.418,2.474,2.48,2.406,613451,150102062.0,3.07,2.49,0.06,3.79
512500,2019-05-28,2.475,2.468,2.491,2.459,409649,101529027.0,1.29,-0.24,-0.006,2.53
512500,2019-05-29,2.462,2.464,2.485,2.453,279241,68910322.0,1.3,-0.16,-0.004,1.73
512500,2019-05-30,2.46,2.458,2.46,2.423,455588,111110143.0,1.5,-0.24,-0.006,2.82
512500,2019-05-31,2.453,2.445,2.48,2.44,374122,91946675.0,1.63,-0.53,-0.013,2.31
512500,2019-06-03,2.452,2.426,2.467,2.416,619672,150730080.0,2.09,-0.78,-0.019,3.83
512500,2019-06-04,2.426,2.397,2.428,2.384,752564,181137886.0,1.81,-1.2,-0.029,4.65
512500,2019-06-05,2.414,2.388,2.425,2.386,311130,74743546.0,1.63,-0.38,-0.009,1.92
512500,2019-06-06,2.388,2.337,2.395,2.335,576365,135754754.0,2.51,-2.14,-0.051,3.56
512500,2019-06-10,2.339,2.358,2.378,2.33,602497,142274663.0,2.05,0.9,0.021,3.72
512500,2019-06-11,2.358,2.451,2.452,2.358,892968,216171249.0,3.99,3.94,0.093,5.52
512500,2019-06-12,2.455,2.43,2.455,2.423,573103,139811394.0,1.31,-0.86,-0.021,3.54
512500,2019-06-13,2.43,2.437,2.449,2.415,302734,73713991.0,1.4,0.29,0.007,1.87
512500,2019-06-14,2.44,2.401,2.448,2.392,351065,85015710.0,2.3,-1.48,-0.036,2.17
512500,2019-06-17,2.401,2.399,2.411,2.387,243504,58406961.0,1.0,-0.08,-0.002,1.5
512500,2019-06-18,2.4,2.395,2.409,2.38,349736,83660221.0,1.21,-0.17,-0.004,2.16
512500,2019-06-19,2.47,2.422,2.47,2.419,797935,194778498.0,2.13,1.13,0.027,4.93
512500,2019-06-20,2.42,2.471,2.495,2.413,897963,220884205.0,3.39,2.02,0.049,5.55
512500,2019-06-21,2.504,2.504,2.525,2.493,817665,205039726.0,1.3,1.34,0.033,5.05
512500,2019-06-24,2.507,2.51,2.515,2.498,2301921,577058416.0,0.68,0.24,0.006,14.22
512500,2019-06-25,2.513,2.484,2.515,2.454,2820868,699916064.0,2.43,-1.04,-0.026,17.43
512500,2019-06-26,2.475,2.481,2.497,2.467,2250191,559086544.0,1.21,-0.12,-0.003,13.9
512500,2019-06-27,2.488,2.5,2.517,2.482,808459,202402453.0,1.41,0.77,0.019,5.0
512500,2019-06-28,2.496,2.48,2.498,2.46,674018,166825311.0,1.52,-0.8,-0.02,4.16
512500,2019-07-01,2.53,2.546,2.552,2.506,1346374,341657440.0,1.85,2.66,0.066,8.32
512500,2019-07-02,2.545,2.537,2.548,2.528,609607,154816673.0,0.79,-0.35,-0.009,3.77
512500,2019-07-03,2.531,2.523,2.531,2.515,481664,121469354.0,0.63,-0.55,-0.014,2.98
512500,2019-07-04,2.524,2.515,2.537,2.499,371909,93555818.0,1.51,-0.32,-0.008,2.3
512500,2019-07-05,2.511,2.526,2.532,2.505,442027,111301105.0,1.07,0.44,0.011,2.73
512500,2019-07-08,2.524,2.441,2.524,2.429,541963,133303928.0,3.76,-3.37,-0.085,3.35
512500,2019-07-09,2.44,2.439,2.449,2.424,375303,91446870.0,1.02,-0.08,-0.002,2.32
512500,2019-07-10,2.443,2.426,2.452,2.42,281163,68411205.0,1.31,-0.53,-0.013,1.74
512500,2019-07-11,2.435,2.425,2.457,2.411,447080,109028772.0,1.9,-0.04,-0.001,2.76
512500,2019-07-12,2.426,2.435,2.444,2.416,343753,83641977.0,1.15,0.41,0.01,2.12
512500,2019-07-15,2.436,2.464,2.481,2.394,842943,205654860.0,3.57,1.19,0.029,5.21
512500,2019-07-16,2.461,2.47,2.477,2.457,395848,97734712.0,0.81,0.24,0.006,2.45
512500,2019-07-17,2.47,2.466,2.483,2.461,447344,110558402.0,0.89,-0.16,-0.004,2.76
512500,2019-07-18,2.462,2.432,2.462,2.431,553766,135219475.0,1.26,-1.38,-0.034,3.42
512500,2019-07-19,2.436,2.449,2.47,2.436,771343,189377293.0,1.4,0.7,0.017,4.77
512500,2019-07-22,2.45,2.401,2.452,2.393,1155145,278716976.0,2.41,-1.96,-0.048,7.14
512500,2019-07-23,2.403,2.421,2.426,2.402,794153,191848041.0,1.0,0.83,0.02,4.91
512500,2019-07-24,2.426,2.443,2.463,2.426,861876,210939287.0,1.53,0.91,0.022,5.33
512500,2019-07-25,2.441,2.455,2.461,2.439,544935,133454295.0,0.9,0.49,0.012,3.37
512500,2019-07-26,2.446,2.461,2.465,2.442,611818,149998296.0,0.94,0.24,0.006,3.78
512500,2019-07-29,2.455,2.46,2.471,2.445,595316,146212629.0,1.06,-0.04,-0.001,3.68
512500,2019-07-30,2.458,2.473,2.494,2.458,1182610,293550352.0,1.46,0.53,0.013,7.31
512500,2019-07-31,2.474,2.466,2.476,2.46,865586,213671928.0,0.65,-0.28,-0.007,5.35
512500,2019-08-01,2.46,2.451,2.465,2.44,819086,200628878.0,1.01,-0.61,-0.015,5.06
512500,2019-08-02,2.4,2.417,2.42,2.388,594412,143285479.0,1.31,-1.39,-0.034,3.67
512500,2019-08-05,2.41,2.391,2.43,2.388,537020,129370875.0,1.74,-1.08,-0.026,3.32
512500,2019-08-06,2.347,2.338,2.36,2.297,1614341,376753424.0,2.63,-2.22,-0.053,9.97
512500,2019-08-07,2.353,2.326,2.353,2.322,682933,159641369.0,1.33,-0.51,-0.012,4.22
512500,2019-08-08,2.337,2.339,2.344,2.33,388792,90855983.0,0.6,0.56,0.013,2.4
512500,2019-08-09,2.35,2.314,2.355,2.311,573745,133622136.0,1.88,-1.07,-0.025,3.55
512500,2019-08-12,2.318,2.356,2.356,2.311,777786,181036671.0,1.94,1.82,0.042,4.81
512500,2019-08-13,2.339,2.343,2.346,2.329,344418,80494802.0,0.72,-0.55,-0.013,2.13
512500,2019-08-14,2.37,2.353,2.38,2.349,641755,151791670.0,1.32,0.43,0.01,3.97
512500,2019-08-15,2.312,2.365,2.37,2.302,898643,210349794.0,2.89,0.51,0.012,5.55
512500,2019-08-16,2.358,2.372,2.391,2.355,628988,149454678.0,1.52,0.3,0.007,3.89
512500,2019-08-19,2.404,2.455,2.456,2.394,1045502,253768961.0,2.61,3.5,0.083,6.46
512500,2019-08-20,2.456,2.445,2.474,2.443,556419,136779093.0,1.26,-0.41,-0.01,3.44
512500,2019-08-21,2.444,2.453,2.459,2.44,513554,125758362.0,0.78,0.33,0.008,3.17
512500,2019-08-22,2.455,2.454,2.458,2.439,554040,135662120.0,0.77,0.04,0.001,3.42
512500,2019-08-23,2.452,2.455,2.466,2.442,482961,118574415.0,0.98,0.04,0.001,2.98
512500,2019-08-26,2.42,2.437,2.446,2.411,457875,111414203.0,1.43,-0.73,-0.018,2.83
512500,2019-08-27,2.444,2.473,2.507,2.444,896499,222394872.0,2.59,1.48,0.036,5.54
512500,2019-08-28,2.475,2.475,2.484,2.465,488349,120818418.0,0.77,0.08,0.002,3.02
512500,2019-08-29,2.479,2.482,2.49,2.466,602564,149304996.0,0.97,0.28,0.007,3.72
512500,2019-08-30,2.487,2.463,2.506,2.448,563234,139476530.0,2.34,-0.77,-0.019,3.48
512500,2019-09-02,2.465,2.518,2.528,2.458,636658,158830883.0,2.84,2.23,0.055,3.93
512500,2019-09-03,2.517,2.534,2.534,2.511,472518,119196241.0,0.91,0.64,0.016,2.92
512500,2019-09-04,2.53,2.567,2.57,2.524,770545,196029062.0,1.82,1.3,0.033,4.76
512500,2019-09-05,2.577,2.584,2.62,2.572,1356872,352588976.0,1.87,0.66,0.017,8.38
512500,2019-09-06,2.586,2.592,2.6,2.573,747778,193464726.0,1.04,0.31,0.008,4.62
512500,2019-09-09,2.609,2.641,2.642,2.595,1095244,286523520.0,1.81,1.89,0.049,6.77
512500,2019-09-10,2.648,2.638,2.648,2.616,622204,163703212.0,1.21,-0.11,-0.003,3.84
512500,2019-09-11,2.641,2.629,2.655,2.616,715737,188370211.0,1.48,-0.34,-0.009,4.42
512500,2019-09-12,2.633,2.636,2.648,2.615,1203821,316709648.0,1.26,0.27,0.007,7.44
512500,2019-09-16,2.655,2.636,2.656,2.624,836348,220783050.0,1.21,0.0,0.0,5.17
512500,2019-09-17,2.631,2.584,2.631,2.577,751398,195447872.0,2.05,-1.97,-0.052,4.64
512500,2019-09-18,2.588,2.581,2.593,2.577,746405,193002058.0,0.62,-0.12,-0.003,4.61
512500,2019-09-19,2.584,2.606,2.607,2.574,603529,156286134.0,1.28,0.97,0.025,3.73
512500,2019-09-20,2.607,2.61,2.621,2.601,662436,172991380.0,0.77,0.15,0.004,4.09
512500,2019-09-23,2.611,2.599,2.611,2.579,748681,193684970.0,1.23,-0.42,-0.011,4.63
512500,2019-09-24,2.594,2.601,2.636,2.593,1077128,281111984.0,1.65,0.08,0.002,6.66
512500,2019-09-25,2.591,2.554,2.599,2.553,733123,188409595.0,1.77,-1.81,-0.047,4.53
512500,2019-09-26,2.561,2.501,2.567,2.5,945186,238812308.0,2.62,-2.08,-0.053,5.84
512500,2019-09-27,2.501,2.51,2.528,2.501,667968,168025733.0,1.08,0.36,0.009,4.13
512500,2019-09-30,2.511,2.483,2.521,2.481,758031,189353451.0,1.59,-1.08,-0.027,4.68
512500,2019-10-08,2.49,2.482,2.512,2.48,453733,113324003.0,1.29,-0.04,-0.001,2.8
512500,2019-10-09,2.48,2.502,2.508,2.464,452458,112567846.0,1.77,0.81,0.02,2.8
512500,2019-10-10,2.503,2.532,2.539,2.5,556248,140038653.0,1.56,1.2,0.03,3.44
512500,2019-10-11,2.534,2.545,2.553,2.517,530558,134487201.0,1.42,0.51,0.013,3.28
512500,2019-10-14,2.561,2.572,2.588,2.557,765616,197116521.0,1.22,1.06,0.027,4.73
512500,2019-10-15,2.571,2.544,2.571,2.543,520260,132643547.0,1.09,-1.09,-0.028,3.21
512500,2019-10-16,2.544,2.531,2.559,2.529,600749,152873195.0,1.18,-0.51,-0.013,3.71
512500,2019-10-17,2.531,2.53,2.54,2.518,549315,138988644.0,0.87,-0.04,-0.001,3.39
512500,2019-10-18,2.528,2.493,2.544,2.488,621074,156364012.0,2.21,-1.46,-0.037,3.84
512500,2019-10-21,2.492,2.486,2.492,2.464,596132,147716024.0,1.12,-0.28,-0.007,3.68
512500,2019-10-22,2.489,2.513,2.522,2.488,720968,180355562.0,1.37,1.09,0.027,4.45
512500,2019-10-23,2.513,2.497,2.52,2.489,649056,162445300.0,1.23,-0.64,-0.016,4.01
512500,2019-10-24,2.497,2.493,2.501,2.475,965167,240301675.0,1.04,-0.16,-0.004,5.96
512500,2019-10-25,2.493,2.516,2.518,2.47,822685,205244124.0,1.93,0.92,0.023,5.08
512500,2019-10-28,2.534,2.549,2.55,2.521,4863939,1234038496.0,1.15,1.31,0.033,30.05
512500,2019-10-29,2.547,2.517,2.547,2.516,782823,198055748.0,1.22,-1.26,-0.032,4.84
512500,2019-10-30,2.51,2.483,2.51,2.481,1104380,274970480.0,1.15,-1.35,-0.034,6.82
512500,2019-10-31,2.486,2.468,2.494,2.466,531406,131898703.0,1.13,-0.6,-0.015,3.28
512500,2019-11-01,2.468,2.495,2.498,2.457,827030,205536084.0,1.66,1.09,0.027,5.11
512500,2019-11-04,2.496,2.502,2.518,2.496,816267,204629546.0,0.88,0.28,0.007,5.04
512500,2019-11-05,2.503,2.521,2.534,2.494,865642,217923414.0,1.6,0.76,0.019,5.35
512500,2019-11-06,2.52,2.501,2.525,2.485,1085327,271546096.0,1.59,-0.79,-0.02,6.71
512500,2019-11-07,2.499,2.513,2.524,2.493,815735,204811285.0,1.24,0.48,0.012,5.04
512500,2019-11-08,2.525,2.506,2.541,2.505,1076315,271738000.0,1.43,-0.28,-0.007,6.65
512500,2019-11-11,2.505,2.45,2.505,2.447,977521,241724675.0,2.31,-2.23,-0.056,6.04
512500,2019-11-12,2.45,2.451,2.459,2.424,945323,231130199.0,1.43,0.04,0.001,5.84
512500,2019-11-13,2.45,2.453,2.453,2.437,594153,145273968.0,0.65,0.08,0.002,3.67
512500,2019-11-14,2.449,2.466,2.471,2.447,535668,131799054.0,0.98,0.53,0.013,3.31
512500,2019-11-15,2.466,2.452,2.483,2.45,582460,143444044.0,1.34,-0.57,-0.014,3.6
512500,2019-11-18,2.45,2.459,2.465,2.441,784622,192468924.0,0.98,0.29,0.007,4.85
512500,2019-11-19,2.46,2.497,2.5,2.455,819317,203615958.0,1.83,1.55,0.038,5.06
512500,2019-11-20,2.5,2.483,2.506,2.482,757060,188875050.0,0.96,-0.56,-0.014,4.68
512500,2019-11-21,2.481,2.487,2.497,2.468,629727,156255144.0,1.17,0.16,0.004,3.89
512500,2019-11-22,2.486,2.465,2.523,2.45,1289119,320684720.0,2.94,-0.88,-0.022,7.97
512500,2019-11-25,2.465,2.463,2.469,2.44,760464,186912814.0,1.18,-0.08,-0.002,4.7
512500,2019-11-26,2.468,2.46,2.477,2.451,544158,133973820.0,1.06,-0.12,-0.003,3.36
512500,2019-11-27,2.455,2.466,2.483,2.45,889561,219460066.0,1.34,0.24,0.006,5.5
512500,2019-11-28,2.463,2.461,2.473,2.453,632521,155833404.0,0.81,-0.2,-0.005,3.91
512500,2019-11-29,2.46,2.462,2.47,2.436,833343,204613986.0,1.38,0.04,0.001,5.15
512500,2019-12-02,2.462,2.467,2.48,2.456,693133,171107370.0,0.97,0.2,0.005,4.28
512500,2019-12-03,2.462,2.48,2.48,2.445,663970,163246504.0,1.42,0.53,0.013,4.1
512500,2019-12-04,2.466,2.474,2.481,2.464,848700,209778351.0,0.69,-0.24,-0.006,5.24
512500,2019-12-05,2.477,2.497,2.504,2.475,1081251,269435536.0,1.17,0.93,0.023,6.68
512500,2019-12-06,2.497,2.519,2.52,2.489,904918,226191899.0,1.24,0.88,0.022,5.59
512500,2019-12-09,2.524,2.526,2.535,2.515,890001,224615832.0,0.79,0.28,0.007,5.5
512500,2019-12-10,2.523,2.538,2.543,2.513,865777,218984338.0,1.19,0.48,0.012,5.35
512500,2019-12-11,2.538,2.529,2.538,2.517,716426,181068400.0,0.83,-0.35,-0.009,4.43
512500,2019-12-12,2.523,2.524,2.54,2.521,765826,193741798.0,0.75,-0.2,-0.005,4.73
512500,2019-12-13,2.532,2.56,2.566,2.532,1191047,303238816.0,1.35,1.43,0.036,7.36
512500,2019-12-16,2.563,2.597,2.602,2.557,738855,190346749.0,1.76,1.45,0.037,4.57
512500,2019-12-17,2.593,2.634,2.648,2.593,964424,252907512.0,2.12,1.42,0.037,5.96
512500,2019-12-18,2.633,2.635,2.651,2.628,1109611,293018032.0,0.87,0.04,0.001,6.86
512500,2019-12-19,2.633,2.641,2.647,2.626,878777,231380182.0,0.8,0.23,0.006,5.43
512500,2019-12-20,2.641,2.617,2.651,2.612,970772,255721601.0,1.48,-0.91,-0.024,6.0
512500,2019-12-23,2.607,2.556,2.614,2.553,980231,253672772.0,2.33,-2.33,-0.061,6.06
512500,2019-12-24,2.557,2.591,2.598,2.557,613314,157995294.0,1.6,1.37,0.035,3.79
512500,2019-12-25,2.591,2.608,2.612,2.587,862454,224195616.0,0.96,0.66,0.017,5.33
512500,2019-12-26,2.599,2.624,2.625,2.598,594883,155246381.0,1.04,0.61,0.016,3.68
512500,2019-12-27,2.628,2.603,2.643,2.602,699504,183747486.0,1.56,-0.8,-0.021,4.32
512500,2019-12-30,2.604,2.639,2.643,2.58,711108,186348572.0,2.42,1.38,0.036,4.39
512500,2019-12-31,2.636,2.651,2.654,2.627,624688,165060141.0,1.02,0.45,0.012,3.86
512500,2020-01-02,2.666,2.696,2.708,2.657,881096,237069144.0,1.92,1.7,0.045,5.44
512500,2020-01-03,2.7,2.703,2.715,2.693,733720,198225556.0,0.82,0.26,0.007,4.53
512500,2020-01-06,2.695,2.73,2.761,2.694,1144176,312352080.0,2.48,1.0,0.027,7.07
512500,2020-01-07,2.732,2.767,2.769,2.732,920537,253229025.0,1.36,1.36,0.037,5.69
512500,2020-01-08,2.745,2.734,2.767,2.723,1065323,292443440.0,1.59,-1.19,-0.033,6.58
512500,2020-01-09,2.755,2.765,2.767,2.745,1092139,300896368.0,0.8,1.13,0.031,6.75
512500,2020-01-10,2.771,2.755,2.777,2.743,589256,162521529.0,1.23,-0.36,-0.01,3.64
512500,2020-01-13,2.752,2.804,2.805,2.739,797175,220600796.0,2.4,1.78,0.049,4.93
512500,2020-01-14,2.812,2.791,2.813,2.787,785339,219797743.0,0.93,-0.46,-0.013,4.85
512500,2020-01-15,2.791,2.782,2.794,2.764,680518,189132456.0,1.07,-0.32,-0.009,4.2
512500,2020-01-16,2.782,2.787,2.795,2.777,507053,141193934.0,0.65,0.18,0.005,3.13
512500,2020-01-17,2.787,2.772,2.798,2.765,629818,175212748.0,1.18,-0.54,-0.015,3.89
512500,2020-01-20,2.777,2.817,2.818,2.765,923464,257832821.0,1.91,1.62,0.045,5.71
512500,2020-01-21,2.811,2.781,2.811,2.773,879623,245496318.0,1.35,-1.28,-0.036,5.44
512500,2020-01-22,2.771,2.814,2.823,2.738,1489478,412390592.0,3.06,1.19,0.033,9.2
512500,2020-01-23,2.774,2.708,2.795,2.686,1305712,358248448.0,3.87,-3.77,-0.106,8.07
512500,2020-02-03,2.446,2.437,2.495,2.437,997782,245803729.0,2.14,-10.01,-0.271,6.17
512500,2020-02-04,2.38,2.516,2.534,2.38,885072,220304655.0,6.32,3.24,0.079,5.47
512500,2020-02-05,2.52,2.578,2.599,2.515,967176,248217016.0,3.34,2.46,0.062,5.98
512500,2020-02-06,2.575,2.654,2.669,2.562,676636,177372560.0,4.15,2.95,0.076,4.18
512500,2020-02-07,2.654,2.682,2.682,2.636,699516,186025702.0,1.73,1.06,0.028,4.32
512500,2020-02-10,2.682,2.707,2.708,2.66,697847,187407186.0,1.79,0.93,0.025,4.31
512500,2020-02-11,2.707,2.698,2.714,2.683,468283,126336496.0,1.15,-0.33,-0.009,2.89
512500,2020-02-12,2.696,2.747,2.749,2.686,784219,213006758.0,2.34,1.82,0.049,4.85
512500,2020-02-13,2.738,2.727,2.755,2.719,548518,149920422.0,1.31,-0.73,-0.02,3.39
512500,2020-02-14,2.726,2.728,2.756,2.708,498155,136048107.0,1.76,0.04,0.001,3.08
512500,2020-02-17,2.739,2.821,2.822,2.739,887565,247375858.0,3.04,3.41,0.093,5.48
512500,2020-02-18,2.822,2.847,2.848,2.805,886676,250903758.0,1.52,0.92,0.026,5.48
512500,2020-02-19,2.866,2.826,2.866,2.819,631225,179188641.0,1.65,-0.74,-0.021,3.9
512500,2020-02-20,2.825,2.879,2.886,2.81,701857,199549374.0,2.69,1.88,0.053,4.34
512500,2020-02-21,2.866,2.924,2.937,2.865,662435,192175053.0,2.5,1.56,0.045,4.09
512500,2020-02-24,2.912,2.95,2.965,2.898,675049,197656298.0,2.29,0.89,0.026,4.17
512500,2020-02-25,2.894,2.965,2.974,2.846,1098369,320903856.0,4.34,0.51,0.015,6.79
512500,2020-02-26,2.938,2.899,2.956,2.89,1174579,344033936.0,2.23,-2.23,-0.066,7.26
512500,2020-02-27,2.907,2.9,2.928,2.873,510640,148253465.0,1.9,0.03,0.001,3.16
512500,2020-02-28,2.83,2.76,2.848,2.748,907955,253613670.0,3.45,-4.83,-0.14,5.61
512500,2020-03-02,2.771,2.842,2.869,2.771,858685,242414201.0,3.55,2.97,0.082,5.31
512500,2020-03-03,2.9,2.869,2.935,2.847,1109944,320798416.0,3.1,0.95,0.027,6.86
512500,2020-03-04,2.871,2.876,2.879,2.82,613833,175289108.0,2.06,0.24,0.007,3.79
512500,2020-03-05,2.919,2.92,2.93,2.884,633119,183984649.0,1.6,1.53,0.044,3.91
512500,2020-03-06,2.896,2.901,2.92,2.886,460339,133716710.0,1.16,-0.65,-0.019,2.84
512500,2020-03-09,2.876,2.788,2.876,2.788,1028154,291283696.0,3.03,-3.9,-0.113,6.35
512500,2020-03-10,2.788,2.85,2.852,2.737,1205787,338364672.0,4.12,2.22,0.062,7.45
512500,2020-03-11,2.856,2.814,2.87,2.814,1221461,348327808.0,1.96,-1.26,-0.036,7.55
512500,2020-03-12,2.777,2.773,2.8,2.748,748908,207689417.0,1.85,-1.46,-0.041,4.63
512500,2020-03-13,2.68,2.752,2.773,2.635,1200405,324268032.0,4.98,-0.76,-0.021,7.42
512500,2020-03-16,2.763,2.623,2.763,2.618,962631,259485328.0,5.27,-4.69,-0.129,5.95
512500,2020-03-17,2.643,2.624,2.69,2.55,1449004,378933856.0,5.34,0.04,0.001,8.95
512500,2020-03-18,2.64,2.583,2.686,2.582,1051415,277703376.0,3.96,-1.56,-0.041,6.5
512500,2020-03-19,2.585,2.601,2.619,2.527,1785833,460424560.0,3.56,0.7,0.018,11.03
512500,2020-03-20,2.624,2.629,2.634,2.584,681400,178133161.0,1.92,1.08,0.028,4.21
512500,2020-03-23,2.58,2.524,2.59,2.512,870532,222188539.0,2.97,-3.99,-0.105,5.38
512500,2020-03-24,2.56,2.561,2.584,2.505,1155208,294900320.0,3.13,1.47,0.037,7.14
512500,2020-03-25,2.613,2.626,2.637,2.595,992667,259841520.0,1.64,2.54,0.065,6.13
512500,2020-03-26,2.614,2.599,2.63,2.598,674759,176321413.0,1.22,-1.03,-0.027,4.17
512500,2020-03-27,2.622,2.591,2.636,2.589,1237725,323553376.0,1.81,-0.31,-0.008,7.65
512500,2020-03-30,2.575,2.54,2.575,2.509,700213,177426479.0,2.55,-1.97,-0.051,4.33
512500,2020-03-31,2.559,2.535,2.568,2.532,793994,202537412.0,1.42,-0.2,-0.005,4.91
512500,2020-04-01,2.528,2.527,2.575,2.524,642570,163843283.0,2.01,-0.32,-0.008,3.97
512500,2020-04-02,2.52,2.604,2.608,2.519,660873,168900029.0,3.52,3.05,0.077,4.08
512500,2020-04-03,2.606,2.576,2.606,2.563,792868,204486044.0,1.65,-1.08,-0.028,4.9
512500,2020-04-07,2.62,2.649,2.656,2.62,728903,192446936.0,1.4,2.83,0.073,4.5
512500,2020-04-08,2.641,2.66,2.67,2.633,837541,221877233.0,1.4,0.42,0.011,5.18
512500,2020-04-09,2.67,2.678,2.688,2.667,627580,167926477.0,0.79,0.68,0.018,3.88
512500,2020-04-10,2.676,2.632,2.677,2.62,910467,240770261.0,2.13,-1.72,-0.046,5.63
512500,2020-04-13,2.62,2.605,2.622,2.595,923690,240832872.0,1.03,-1.03,-0.027,5.71
512500,2020-04-14,2.615,2.66,2.662,2.615,744217,196536605.0,1.8,2.11,0.055,4.6
512500,2020-04-15,2.661,2.651,2.678,2.651,726107,193653338.0,1.02,-0.34,-0.009,4.49
512500,2020-04-16,2.648,2.68,2.687,2.642,885930,236357472.0,1.7,1.09,0.029,5.47
512500,2020-04-17,2.687,2.679,2.714,2.673,757873,204608928.0,1.53,-0.04,-0.001,4.68
512500,2020-04-20,2.686,2.709,2.71,2.674,696663,187918415.0,1.34,1.12,0.03,4.3
512500,2020-04-21,2.698,2.691,2.705,2.662,771800,206798873.0,1.59,-0.66,-0.018,4.77
512500,2020-04-22,2.675,2.718,2.719,2.667,842817,227111643.0,1.93,1.0,0.027,5.21
512500,2020-04-23,2.718,2.705,2.724,2.699,840844,227887513.0,0.92,-0.48,-0.013,5.2
512500,2020-04-24,2.695,2.663,2.702,2.652,549295,146979376.0,1.85,-1.55,-0.042,3.39
512500,2020-04-27,2.666,2.654,2.677,2.649,738105,196664762.0,1.05,-0.34,-0.009,4.56
512500,2020-04-28,2.657,2.633,2.658,2.576,1301371,341975136.0,3.09,-0.79,-0.021,8.04
512500,2020-04-29,2.624,2.64,2.656,2.62,661323,174790428.0,1.37,0.27,0.007,4.09
512500,2020-04-30,2.648,2.707,2.714,2.648,915616,246410656.0,2.5,2.54,0.067,5.66
512500,2020-05-06,2.68,2.747,2.753,2.68,871617,236941460.0,2.7,1.48,0.04,5.39
512500,2020-05-07,2.747,2.746,2.756,2.732,1041451,285981312.0,0.87,-0.04,-0.001,6.44
512500,2020-05-08,2.755,2.774,2.79,2.755,1027362,284795152.0,1.27,1.02,0.028,6.35
512500,2020-05-11,2.775,2.768,2.801,2.757,634223,176313608.0,1.59,-0.22,-0.006,3.92
512500,2020-05-12,2.768,2.777,2.782,2.748,826271,228497205.0,1.23,0.33,0.009,5.11
512500,2020-05-13,2.777,2.791,2.795,2.761,753523,209244686.0,1.22,0.5,0.014,4.66
512500,2020-05-14,2.788,2.774,2.789,2.769,1232005,342086368.0,0.72,-0.61,-0.017,7.61
512500,2020-05-15,2.776,2.775,2.799,2.77,1090773,303547168.0,1.05,0.04,0.001,6.74
512500,2020-05-18,2.775,2.762,2.791,2.757,693664,192406119.0,1.23,-0.47,-0.013,4.29
512500,2020-05-19,2.775,2.797,2.797,2.775,685256,191099337.0,0.8,1.27,0.035,4.23
512500,2020-05-20,2.798,2.776,2.798,2.765,792462,220665557.0,1.18,-0.75,-0.021,4.9
512500,2020-05-21,2.775,2.739,2.783,2.737,595161,164339367.0,1.66,-1.33,-0.037,3.68
512500,2020-05-22,2.738,2.697,2.741,2.685,868916,235769820.0,2.04,-1.53,-0.042,5.37
512500,2020-05-25,2.697,2.683,2.701,2.673,679685,182585796.0,1.04,-0.52,-0.014,4.2
512500,2020-05-26,2.695,2.735,2.739,2.695,956411,260240761.0,1.64,1.94,0.052,5.91
512500,2020-05-27,2.735,2.718,2.737,2.708,798469,217327774.0,1.06,-0.62,-0.017,4.93
512500,2020-05-28,2.718,2.703,2.726,2.675,645031,174342949.0,1.88,-0.55,-0.015,3.99
512500,2020-05-29,2.7,2.73,2.736,2.693,723429,197064139.0,1.59,1.0,0.027,4.47
512500,2020-06-01,2.741,2.821,2.823,2.741,644141,180127725.0,3.0,3.33,0.091,3.98
512500,2020-06-02,2.823,2.817,2.836,2.805,570624,160705481.0,1.1,-0.14,-0.004,3.53
512500,2020-06-03,2.819,2.816,2.841,2.814,705398,199353823.0,0.96,-0.04,-0.001,4.36
512500,2020-06-04,2.817,2.818,2.828,2.803,500959,141216003.0,0.89,0.07,0.002,3.1
512500,2020-06-05,2.817,2.827,2.827,2.804,769158,216761483.0,0.82,0.32,0.009,4.75
512500,2020-06-08,2.833,2.821,2.849,2.815,852925,241156079.0,1.2,-0.21,-0.006,5.27
512500,2020-06-09,2.821,2.836,2.841,2.813,1122095,317407408.0,0.99,0.53,0.015,6.93
512500,2020-06-10,2.834,2.838,2.843,2.82,1023743,289911824.0,0.81,0.07,0.002,6.33
512500,2020-06-11,2.837,2.833,2.877,2.815,1167504,331785984.0,2.18,-0.18,-0.005,7.21
512500,2020-06-12,2.808,2.836,2.854,2.792,850660,240382628.0,2.19,0.11,0.003,5.26
512500,2020-06-15,2.838,2.838,2.872,2.833,1233698,351557024.0,1.38,0.07,0.002,7.62
512500,2020-06-16,2.852,2.888,2.889,2.851,827649,237580480.0,1.34,1.76,0.05,5.11
512500,2020-06-17,2.888,2.908,2.912,2.88,586273,169619604.0,1.11,0.69,0.02,3.62
512500,2020-06-18,2.905,2.913,2.918,2.896,646043,187756273.0,0.76,0.17,0.005,3.99
512500,2020-06-19,2.913,2.934,2.949,2.912,741466,217345149.0,1.27,0.72,0.021,4.58
512500,2020-06-22,2.936,2.936,2.957,2.933,931394,274420704.0,0.82,0.07,0.002,5.75
512500,2020-06-23,2.93,2.944,2.948,2.918,782649,229583774.0,1.02,0.27,0.008,4.84
512500,2020-06-24,2.946,2.948,2.957,2.932,1046856,308053376.0,0.85,0.14,0.004,6.47
512500,2020-06-29,2.938,2.932,2.947,2.915,767082,224632735.0,1.09,-0.54,-0.016,4.74
512500,2020-06-30,2.943,2.978,2.993,2.939,947289,281797584.0,1.84,1.57,0.046,5.85
512500,2020-07-01,2.996,2.989,2.996,2.958,662597,197507195.0,1.28,0.37,0.011,4.09
512500,2020-07-02,2.989,3.044,3.049,2.981,1136795,343586432.0,2.28,1.84,0.055,7.02
512500,2020-07-03,3.045,3.082,3.083,3.034,1316826,402760032.0,1.61,1.25,0.038,8.14
512500,2020-07-06,3.111,3.222,3.246,3.109,1885403,598629632.0,4.45,4.54,0.14,11.65
512500,2020-07-07,3.253,3.254,3.304,3.221,1605386,524946448.0,2.58,0.99,0.032,9.92
512500,2020-07-08,3.251,3.32,3.333,3.241,1120261,367922432.0,2.83,2.03,0.066,6.92
512500,2020-07-09,3.321,3.417,3.425,3.321,1273015,430922784.0,3.13,2.92,0.097,7.87
512500,2020-07-10,3.414,3.403,3.444,3.385,1198964,409614176.0,1.73,-0.41,-0.014,7.41
512500,2020-07-13,3.412,3.512,3.516,3.412,1111522,386317184.0,3.06,3.2,0.109,6.87
512500,2020-07-14,3.512,3.466,3.512,3.4,1553558,539023616.0,3.19,-1.31,-0.046,9.6
512500,2020-07-15,3.467,3.395,3.493,3.368,1406796,482976608.0,3.61,-2.05,-0.071,8.69
512500,2020-07-16,3.395,3.233,3.432,3.218,1645487,550819808.0,6.3,-4.77,-0.162,10.17
512500,2020-07-17,3.236,3.229,3.29,3.202,1331322,431892240.0,2.72,-0.12,-0.004,8.23
512500,2020-07-20,3.249,3.325,3.326,3.23,1380243,452928224.0,2.97,2.97,0.096,8.53
512500,2020-07-21,3.338,3.343,3.361,3.317,594098,198423122.0,1.32,0.54,0.018,3.67
512500,2020-07-22,3.341,3.372,3.428,3.333,815394,276117824.0,2.84,0.87,0.029,5.04
512500,2020-07-23,3.344,3.376,3.387,3.289,1001693,334809024.0,2.91,0.12,0.004,6.19
512500,2020-07-24,3.366,3.215,3.368,3.206,1086173,357967456.0,4.8,-4.77,-0.161,6.71
512500,2020-07-27,3.22,3.213,3.239,3.181,745301,239694156.0,1.8,-0.06,-0.002,4.61
512500,2020-07-28,3.23,3.24,3.258,3.215,985066,318837584.0,1.34,0.84,0.027,6.09
512500,2020-07-29,3.228,3.343,3.345,3.225,816610,268876816.0,3.7,3.18,0.103,5.05
512500,2020-07-30,3.366,3.324,3.367,3.316,747074,248945938.0,1.53,-0.57,-0.019,4.62
512500,2020-07-31,3.328,3.354,3.388,3.295,1060482,354795312.0,2.8,0.9,0.03,6.55
512500,2020-08-03,3.381,3.436,3.438,3.378,923443,315019440.0,1.79,2.44,0.082,5.71
512500,2020-08-04,3.449,3.433,3.45,3.412,844776,290008640.0,1.11,-0.09,-0.003,5.22
512500,2020-08-05,3.433,3.46,3.467,3.398,619662,213134125.0,2.01,0.79,0.027,3.83
512500,2020-08-06,3.46,3.465,3.475,3.4,462859,159572749.0,2.17,0.14,0.005,2.86
512500,2020-08-07,3.455,3.412,3.455,3.365,610128,208379124.0,2.6,-1.53,-0.053,3.77
512500,2020-08-10,3.402,3.437,3.462,3.39,626241,214312391.0,2.11,0.73,0.025,3.87
512500,2020-08-11,3.436,3.367,3.456,3.366,541891,185577126.0,2.62,-2.04,-0.07,3.35
512500,2020-08-12,3.367,3.328,3.368,3.273,920892,304978864.0,2.82,-1.16,-0.039,5.69
512500,2020-08-13,3.335,3.342,3.364,3.33,530399,177586905.0,1.02,0.42,0.014,3.28
512500,2020-08-14,3.344,3.391,3.395,3.325,786294,264509695.0,2.09,1.47,0.049,4.86
512500,2020-08-17,3.412,3.442,3.45,3.38,816239,279142880.0,2.06,1.5,0.051,5.04
512500,2020-08-18,3.438,3.466,3.481,3.438,644833,223317498.0,1.25,0.7,0.024,3.98
512500,2020-08-19,3.477,3.406,3.477,3.405,663224,227841567.0,2.08,-1.73,-0.06,4.1
512500,2020-08-20,3.388,3.379,3.414,3.363,668010,226003951.0,1.5,-0.79,-0.027,4.13
512500,2020-08-21,3.38,3.398,3.422,3.371,589531,200467337.0,1.51,0.56,0.019,3.64
512500,2020-08-24,3.401,3.41,3.423,3.369,766044,261028888.0,1.59,0.35,0.012,4.73
512500,2020-08-25,3.417,3.393,3.443,3.387,584857,199596517.0,1.64,-0.5,-0.017,3.61
512500,2020-08-26,3.393,3.342,3.403,3.326,652256,218909115.0,2.27,-1.5,-0.051,4.03
512500,2020-08-27,3.334,3.368,3.368,3.322,451656,151115487.0,1.38,0.78,0.026,2.79
512500,2020-08-28,3.36,3.425,3.431,3.348,837381,284242992.0,2.46,1.69,0.057,5.17
512500,2020-08-31,3.445,3.407,3.462,3.403,922894,317340528.0,1.72,-0.53,-0.018,5.7
512500,2020-09-01,3.407,3.435,3.435,3.396,480549,164003610.0,1.14,0.82,0.028,2.97
512500,2020-09-02,3.434,3.429,3.445,3.395,714438,244319008.0,1.46,-0.17,-0.006,4.41
512500,2020-09-03,3.429,3.41,3.44,3.392,293121,100274774.0,1.4,-0.55,-0.019,1.81
512500,2020-09-04,3.353,3.39,3.404,3.35,871376,293213440.0,1.58,-0.59,-0.02,5.38
512500,2020-09-07,3.381,3.316,3.413,3.3,769891,257929003.0,3.33,-2.18,-0.074,4.76
512500,2020-09-08,3.321,3.335,3.35,3.293,814243,270118304.0,1.72,0.57,0.019,5.03
512500,2020-09-09,3.31,3.252,3.314,3.229,1091697,357104864.0,2.55,-2.49,-0.083,6.75
512500,2020-09-10,3.266,3.196,3.281,3.182,636438,205880212.0,3.04,-1.72,-0.056,3.93
512500,2020-09-11,3.182,3.222,3.23,3.181,755555,242341919.0,1.53,0.81,0.026,4.67
512500,2020-09-14,3.24,3.251,3.26,3.219,748578,242627654.0,1.27,0.9,0.029,4.63
512500,2020-09-15,3.24,3.262,3.269,3.235,390109,126810091.0,1.05,0.34,0.011,2.41
512500,2020-09-16,3.263,3.253,3.264,3.237,547968,178324341.0,0.83,-0.28,-0.009,3.39
512500,2020-09-17,3.252,3.258,3.288,3.22,869993,283166944.0,2.09,0.15,0.005,5.38
512500,2020-09-18,3.26,3.318,3.318,3.25,822991,270085120.0,2.09,1.84,0.06,5.09
512500,2020-09-21,3.338,3.3,3.338,3.29,741694,245078249.0,1.45,-0.54,-0.018,4.58
512500,2020-09-22,3.287,3.256,3.31,3.238,775203,254113336.0,2.18,-1.33,-0.044,4.79
512500,2020-09-23,3.255,3.27,3.28,3.251,410524,134046263.0,0.89,0.43,0.014,2.54
512500,2020-09-24,3.25,3.204,3.256,3.196,453882,146110645.0,1.83,-2.02,-0.066,2.8
512500,2020-09-25,3.206,3.2,3.222,3.181,647542,207120403.0,1.28,-0.12,-0.004,4.0
512500,2020-09-28,3.2,3.168,3.211,3.159,617894,196571838.0,1.63,-1.0,-0.032,3.82
512500,2020-09-29,3.18,3.187,3.219,3.169,1194841,382467168.0,1.58,0.6,0.019,7.38
512500,2020-09-30,3.19,3.168,3.214,3.146,1152250,365642288.0,2.13,-0.6,-0.019,7.12
512500,2020-10-09,3.213,3.249,3.263,3.213,483370,157133101.0,1.58,2.56,0.081,2.99
512500,2020-10-12,3.268,3.351,3.351,3.268,683504,227186159.0,2.55,3.14,0.102,4.22
512500,2020-10-13,3.37,3.351,3.37,3.315,695805,231926723.0,1.64,0.0,0.0,4.3
512500,2020-10-14,3.351,3.335,3.351,3.327,479075,159810889.0,0.72,-0.48,-0.016,2.96
512500,2020-10-15,3.336,3.312,3.34,3.307,506618,168067364.0,0.99,-0.69,-0.023,3.13
512500,2020-10-16,3.314,3.292,3.321,3.267,514377,169414155.0,1.63,-0.6,-0.02,3.18
512500,2020-10-19,3.305,3.256,3.325,3.246,903815,296361168.0,2.4,-1.09,-0.036,5.58
512500,2020-10-20,3.248,3.284,3.287,3.241,617871,201106038.0,1.41,0.86,0.028,3.82
512500,2020-10-21,3.281,3.255,3.288,3.236,876809,285475824.0,1.58,-0.88,-0.029,5.42
512500,2020-10-22,3.25,3.238,3.25,3.205,652430,210378662.0,1.38,-0.52,-0.017,4.03
512500,2020-10-23,3.236,3.188,3.262,3.179,709624,228494773.0,2.56,-1.54,-0.05,4.38
512500,2020-10-26,3.176,3.186,3.2,3.137,698933,221919745.0,1.98,-0.06,-0.002,4.32
512500,2020-10-27,3.17,3.182,3.192,3.163,579371,184179014.0,0.91,-0.13,-0.004,3.58
512500,2020-10-28,3.185,3.201,3.204,3.156,551022,175466369.0,1.51,0.6,0.019,3.4
512500,2020-10-29,3.15,3.205,3.224,3.15,1715270,550518256.0,2.31,0.12,0.004,10.6
512500,2020-10-30,3.205,3.136,3.219,3.131,823506,261103159.0,2.75,-2.15,-0.069,5.09
512500,2020-11-02,3.138,3.146,3.164,3.13,637697,200769956.0,1.08,0.32,0.01,3.94
512500,2020-11-03,3.157,3.194,3.203,3.152,622857,198238985.0,1.62,1.53,0.048,3.85
512500,2020-11-04,3.204,3.191,3.207,3.164,893607,284656240.0,1.35,-0.09,-0.003,5.52
512500,2020-11-05,3.223,3.257,3.263,3.209,709783,229896358.0,1.69,2.07,0.066,4.39
512500,2020-11-06,3.265,3.233,3.265,3.202,531225,171356217.0,1.93,-0.74,-0.024,3.28
512500,2020-11-09,3.236,3.285,3.31,3.236,1409976,463555904.0,2.29,1.61,0.052,8.71
512500,2020-11-10,3.3,3.262,3.3,3.244,682932,223124762.0,1.7,-0.7,-0.023,4.22
512500,2020-11-11,3.252,3.223,3.269,3.222,525741,170901429.0,1.44,-1.2,-0.039,3.25
512500,2020-11-12,3.223,3.232,3.249,3.217,549007,177429175.0,0.99,0.28,0.009,3.39
512500,2020-11-13,3.23,3.233,3.24,3.196,856344,274888896.0,1.36,0.03,0.001,5.29
512500,2020-11-16,3.243,3.272,3.277,3.228,689710,224999996.0,1.52,1.21,0.039,4.26
512500,2020-11-17,3.27,3.249,3.27,3.234,369584,120006779.0,1.1,-0.7,-0.023,2.28
512500,2020-11-18,3.245,3.244,3.276,3.236,586377,191123799.0,1.23,-0.15,-0.005,3.62
512500,2020-11-19,3.238,3.266,3.27,3.223,485316,158055045.0,1.45,0.68,0.022,3.0
512500,2020-11-20,3.262,3.291,3.3,3.26,691937,226998274.0,1.22,0.77,0.025,4.28
512500,2020-11-23,3.291,3.315,3.345,3.278,675969,223838325.0,2.04,0.73,0.024,4.18
512500,2020-11-24,3.313,3.311,3.325,3.304,432064,143270892.0,0.63,-0.12,-0.004,2.67
512500,2020-11-25,3.319,3.26,3.327,3.259,541705,178266534.0,2.05,-1.54,-0.051,3.35
512500,2020-11-26,3.252,3.249,3.264,3.228,659278,213656825.0,1.1,-0.34,-0.011,4.07
512500,2020-11-27,3.249,3.26,3.262,3.213,727357,235810299.0,1.51,0.34,0.011,4.49
512500,2020-11-30,3.261,3.239,3.284,3.23,768985,250737965.0,1.66,-0.64,-0.021,4.75
512500,2020-12-01,3.239,3.291,3.305,3.234,1385796,454237280.0,2.19,1.61,0.052,8.56
512500,2020-12-02,3.296,3.292,3.3,3.272,771524,253547202.0,0.85,0.03,0.001,4.77
512500,2020-12-03,3.29,3.305,3.315,3.271,1070541,351999952.0,1.34,0.39,0.013,6.61
512500,2020-12-04,3.295,3.316,3.319,3.28,592596,195369434.0,1.18,0.33,0.011,3.66
512500,2020-12-07,3.316,3.293,3.323,3.284,755858,249538182.0,1.18,-0.69,-0.023,4.67
512500,2020-12-08,3.293,3.291,3.312,3.288,598825,197625155.0,0.73,-0.06,-0.002,3.7
512500,2020-12-09,3.294,3.238,3.299,3.235,803741,263030334.0,1.94,-1.61,-0.053,4.97
512500,2020-12-10,3.238,3.249,3.261,3.218,525742,170549293.0,1.33,0.34,0.011,3.25
512500,2020-12-11,3.243,3.197,3.26,3.171,680245,218417271.0,2.74,-1.6,-0.052,4.2
512500,2020-12-14,3.197,3.219,3.228,3.181,635644,203814512.0,1.47,0.69,0.022,3.93
512500,2020-12-15,3.219,3.224,3.228,3.204,409833,131807404.0,0.75,0.16,0.005,2.53
512500,2020-12-16,3.254,3.213,3.254,3.201,316992,101889878.0,1.64,-0.34,-0.011,1.96
512500,2020-12-17,3.213,3.25,3.254,3.185,859281,277417264.0,2.15,1.15,0.037,5.31
512500,2020-12-18,3.25,3.239,3.259,3.225,693809,225009074.0,1.05,-0.34,-0.011,4.29
512500,2020-12-21,3.23,3.289,3.3,3.23,575829,189103759.0,2.16,1.54,0.05,3.56
512500,2020-12-22,3.28,3.227,3.288,3.22,937486,305043504.0,2.07,-1.89,-0.062,5.79
512500,2020-12-23,3.27,3.244,3.27,3.217,700037,226972114.0,1.64,0.53,0.017,4.33
512500,2020-12-24,3.245,3.203,3.245,3.193,820958,264225752.0,1.6,-1.26,-0.041,5.07
512500,2020-12-25,3.203,3.234,3.241,3.19,724383,233128222.0,1.59,0.97,0.031,4.48
512500,2020-12-28,3.23,3.213,3.241,3.202,918378,295420512.0,1.21,-0.65,-0.021,5.67
512500,2020-12-29,3.211,3.198,3.24,3.191,796617,255783452.0,1.53,-0.47,-0.015,4.92
512500,2020-12-30,3.196,3.224,3.243,3.186,539515,173968876.0,1.78,0.81,0.026,3.33
512500,2020-12-31,3.225,3.276,3.28,3.225,1597321,520963152.0,1.71,1.61,0.052,9.87
512500,2021-01-04,3.282,3.327,3.351,3.269,1166488,386898208.0,2.5,1.56,0.051,7.21
512500,2021-01-05,3.326,3.36,3.366,3.313,868234,289875120.0,1.59,0.99,0.033,5.36
512500,2021-01-06,3.357,3.356,3.388,3.33,724786,242930598.0,1.73,-0.12,-0.004,4.48
512500,2021-01-07,3.351,3.374,3.382,3.339,377735,126790047.0,1.28,0.54,0.018,2.33
512500,2021-01-08,3.374,3.38,3.402,3.343,717057,241654479.0,1.75,0.18,0.006,4.43
512500,2021-01-11,3.378,3.334,3.382,3.3,921011,308485152.0,2.43,-1.36,-0.046,5.69
512500,2021-01-12,3.329,3.363,3.368,3.316,1375080,460512928.0,1.56,0.87,0.029,8.5
512500,2021-01-13,3.37,3.347,3.37,3.327,1005042,337002576.0,1.28,-0.48,-0.016,6.21
512500,2021-01-14,3.345,3.325,3.361,3.301,724205,241148493.0,1.79,-0.66,-0.022,4.47
512500,2021-01-15,3.341,3.301,3.341,3.27,774087,255822661.0,2.14,-0.72,-0.024,4.78
512500,2021-01-18,3.299,3.354,3.362,3.29,1216909,406808512.0,2.18,1.61,0.053,7.52
512500,2021-01-19,3.354,3.335,3.367,3.33,567731,190106419.0,1.1,-0.57,-0.019,3.51
512500,2021-01-20,3.338,3.363,3.368,3.325,591977,198451217.0,1.29,0.84,0.028,3.66
512500,2021-01-21,3.366,3.41,3.427,3.366,467508,159175891.0,1.81,1.4,0.047,2.89
512500,2021-01-22,3.41,3.416,3.422,3.386,617897,210116007.0,1.06,0.18,0.006,3.82
512500,2021-01-25,3.415,3.426,3.455,3.4,463050,158774286.0,1.61,0.29,0.01,2.86
512500,2021-01-26,3.42,3.368,3.42,3.356,354442,119614485.0,1.87,-1.69,-0.058,2.19
512500,2021-01-27,3.36,3.376,3.383,3.346,440788,148415405.0,1.1,0.24,0.008,2.72
512500,2021-01-28,3.361,3.315,3.361,3.307,396960,132048588.0,1.6,-1.81,-0.061,2.45
512500,2021-01-29,3.321,3.268,3.337,3.22,710890,234235638.0,3.53,-1.42,-0.047,4.39
512500,2021-02-01,3.283,3.291,3.295,3.265,621534,204139284.0,0.92,0.7,0.023,3.84
512500,2021-02-02,3.292,3.321,3.327,3.277,685237,226953214.0,1.52,0.91,0.03,4.23
512500,2021-02-03,3.316,3.303,3.337,3.302,438735,145462860.0,1.05,-0.54,-0.018,2.71
512500,2021-02-04,3.301,3.265,3.302,3.226,590648,192494151.0,2.3,-1.15,-0.038,3.65
512500,2021-02-05,3.261,3.221,3.286,3.217,435478,141576628.0,2.11,-1.35,-0.044,2.69
512500,2021-02-08,3.221,3.26,3.274,3.208,578902,187969514.0,2.05,1.21,0.039,3.58
512500,2021-02-09,3.267,3.324,3.335,3.261,466038,153985863.0,2.27,1.96,0.064,2.88
512500,2021-02-10,3.325,3.363,3.373,3.31,1082838,361688336.0,1.9,1.17,0.039,6.69
512500,2021-02-18,3.416,3.41,3.453,3.38,352224,120373162.0,2.17,1.4,0.047,2.18
512500,2021-02-19,3.406,3.459,3.46,3.379,856710,292414832.0,2.38,1.44,0.049,5.29
512500,2021-02-22,3.465,3.434,3.522,3.433,814266,283575344.0,2.57,-0.72,-0.025,5.03
512500,2021-02-23,3.433,3.42,3.449,3.408,912006,312690688.0,1.19,-0.41,-0.014,5.64
512500,2021-02-24,3.418,3.369,3.436,3.344,981031,333100656.0,2.69,-1.49,-0.051,6.06
512500,2021-02-25,3.385,3.359,3.409,3.338,529251,178000150.0,2.11,-0.3,-0.01,3.27
512500,2021-02-26,3.309,3.281,3.335,3.268,682649,225076882.0,1.99,-2.32,-0.078,4.22
512500,2021-03-01,3.287,3.344,3.345,3.287,622944,207296198.0,1.77,1.92,0.063,3.85
512500,2021-03-02,3.35,3.316,3.35,3.295,565045,187892690.0,1.64,-0.84,-0.028,3.49
512500,2021-03-03,3.322,3.36,3.364,3.315,377942,126409288.0,1.48,1.33,0.044,2.34
512500,2021-03-04,3.35,3.307,3.35,3.29,627998,207962343.0,1.79,-1.58,-0.053,3.88
512500,2021-03-05,3.29,3.31,3.327,3.265,983577,324175344.0,1.87,0.09,0.003,6.08
512500,2021-03-08,3.315,3.232,3.354,3.224,732677,239886268.0,3.93,-2.36,-0.078,4.53
512500,2021-03-09,3.231,3.157,3.231,3.118,1901949,603680704.0,3.5,-2.32,-0.075,11.75
512500,2021-03-10,3.183,3.121,3.193,3.118,786527,247588198.0,2.38,-1.14,-0.036,4.86
512500,2021-03-11,3.133,3.209,3.21,3.112,813375,258376334.0,3.14,2.82,0.088,5.03
512500,2021-03-12,3.228,3.209,3.228,3.161,1104153,352002256.0,2.09,0.0,0.0,6.82
512500,2021-03-15,3.185,3.191,3.213,3.153,607746,193662430.0,1.87,-0.56,-0.018,3.76
512500,2021-03-16,3.19,3.189,3.212,3.162,574048,182755208.0,1.57,-0.06,-0.002,3.55
512500,2021-03-17,3.183,3.207,3.214,3.153,454404,145009694.0,1.91,0.56,0.018,2.81
512500,2021-03-18,3.207,3.229,3.25,3.205,514538,166054012.0,1.4,0.69,0.022,3.18
512500,2021-03-19,3.2,3.208,3.228,3.182,620821,198795531.0,1.42,-0.65,-0.021,3.84
512500,2021-03-22,3.209,3.244,3.254,3.201,590322,191264699.0,1.65,1.12,0.036,3.65
512500,2021-03-23,3.245,3.213,3.256,3.195,683123,219700962.0,1.88,-0.96,-0.031,4.22
512500,2021-03-24,3.201,3.176,3.22,3.167,467527,149016408.0,1.65,-1.15,-0.037,2.89
512500,2021-03-25,3.17,3.183,3.2,3.153,531697,169006928.0,1.48,0.22,0.007,3.29
512500,2021-03-26,3.185,3.222,3.233,3.185,509606,163719659.0,1.51,1.23,0.039,3.15
512500,2021-03-29,3.222,3.225,3.236,3.203,631230,203354347.0,1.02,0.09,0.003,3.9
512500,2021-03-30,3.224,3.235,3.243,3.207,323804,104564304.0,1.12,0.31,0.01,2.0
512500,2021-03-31,3.236,3.231,3.236,3.198,447946,144107435.0,1.17,-0.12,-0.004,2.77
512500,2021-04-01,3.23,3.253,3.264,3.218,321616,104165334.0,1.42,0.68,0.022,1.99
512500,2021-04-02,3.254,3.261,3.271,3.242,505181,164522642.0,0.89,0.25,0.008,3.12
512500,2021-04-06,3.266,3.267,3.29,3.257,479912,156977775.0,1.01,0.18,0.006,2.97
512500,2021-04-07,3.267,3.271,3.277,3.242,397000,129315657.0,1.07,0.12,0.004,2.45
512500,2021-04-08,3.271,3.284,3.294,3.252,250765,82210409.0,1.28,0.4,0.013,1.55
512500,2021-04-09,3.279,3.274,3.285,3.257,417417,136518174.0,0.85,-0.3,-0.01,2.58
512500,2021-04-12,3.27,3.222,3.274,3.207,490008,158184804.0,2.05,-1.59,-0.052,3.03
512500,2021-04-13,3.218,3.21,3.232,3.201,266053,85552483.0,0.96,-0.37,-0.012,1.64
512500,2021-04-14,3.209,3.236,3.247,3.207,358164,115828631.0,1.25,0.81,0.026,2.21
512500,2021-04-15,3.237,3.236,3.246,3.204,273154,88099791.0,1.3,0.0,0.0,1.69
512500,2021-04-16,3.24,3.283,3.284,3.24,584937,190802920.0,1.36,1.45,0.047,3.61
512500,2021-04-19,3.281,3.313,3.323,3.263,522847,173013533.0,1.83,0.91,0.03,3.23
512500,2021-04-20,3.31,3.322,3.336,3.303,362843,120730848.0,1.0,0.27,0.009,2.24
512500,2021-04-21,3.311,3.315,3.325,3.29,220742,73115159.0,1.05,-0.21,-0.007,1.36
512500,2021-04-22,3.326,3.325,3.34,3.313,391690,130265495.0,0.81,0.3,0.01,2.42
512500,2021-04-23,3.325,3.34,3.343,3.307,332101,110353522.0,1.08,0.45,0.015,2.05
512500,2021-04-26,3.34,3.327,3.382,3.324,339633,113956832.0,1.74,-0.39,-0.013,2.1
512500,2021-04-27,3.322,3.325,3.343,3.309,405297,134801569.0,1.02,-0.06,-0.002,2.5
512500,2021-04-28,3.324,3.351,3.355,3.305,253038,84402529.0,1.5,0.78,0.026,1.56
512500,2021-04-29,3.348,3.351,3.358,3.334,280822,94048905.0,0.72,0.0,0.0,1.74
512500,2021-04-30,3.352,3.355,3.364,3.322,302530,101092426.0,1.25,0.12,0.004,1.87
512500,2021-05-06,3.354,3.343,3.384,3.326,243891,81910405.0,1.73,-0.36,-0.012,1.51
512500,2021-05-07,3.346,3.335,3.375,3.33,247419,83027042.0,1.35,-0.24,-0.008,1.53
512500,2021-05-10,3.335,3.342,3.358,3.325,315735,105438392.0,0.99,0.21,0.007,1.95
512500,2021-05-11,3.336,3.335,3.343,3.283,264441,87712070.0,1.8,-0.21,-0.007,1.63
512500,2021-05-12,3.329,3.37,3.376,3.315,317932,106245840.0,1.83,1.05,0.035,1.96
512500,2021-05-13,3.348,3.33,3.363,3.323,454335,151904300.0,1.19,-1.19,-0.04,2.81
512500,2021-05-14,3.336,3.384,3.386,3.325,637876,214562000.0,1.83,1.62,0.054,3.94
512500,2021-05-17,3.372,3.4,3.422,3.372,845471,287828768.0,1.48,0.47,0.016,5.22
512500,2021-05-18,3.395,3.411,3.419,3.395,523670,178399201.0,0.71,0.32,0.011,3.24
512500,2021-05-19,3.411,3.412,3.413,3.384,594556,202286153.0,0.85,0.03,0.001,3.67
512500,2021-05-20,3.403,3.393,3.409,3.366,438174,148512153.0,1.26,-0.56,-0.019,2.71
512500,2021-05-21,3.393,3.38,3.403,3.37,326299,110366030.0,0.97,-0.38,-0.013,2.02
512500,2021-05-24,3.38,3.389,3.403,3.361,346319,117095842.0,1.24,0.27,0.009,2.14
512500,2021-05-25,3.389,3.428,3.438,3.384,464295,158375561.0,1.59,1.15,0.039,2.87
512500,2021-05-26,3.435,3.43,3.437,3.42,319682,109608577.0,0.5,0.06,0.002,1.98
512500,2021-05-27,3.43,3.457,3.463,3.425,565726,195075059.0,1.11,0.79,0.027,3.5
512500,2021-05-28,3.457,3.459,3.476,3.44,593935,205606983.0,1.04,0.06,0.002,3.67
512500,2021-05-31,3.456,3.48,3.485,3.45,423829,147311838.0,1.01,0.61,0.021,2.62
512500,2021-06-01,3.477,3.487,3.492,3.444,918337,318511200.0,1.38,0.2,0.007,5.67
512500,2021-06-02,3.485,3.469,3.494,3.459,420518,146249213.0,1.0,-0.52,-0.018,2.6
512500,2021-06-03,3.467,3.45,3.494,3.45,329548,114342346.0,1.27,-0.55,-0.019,2.04
512500,2021-06-04,3.444,3.474,3.49,3.435,330696,114502954.0,1.59,0.7,0.024,2.04
512500,2021-06-07,3.474,3.482,3.491,3.464,652706,227060417.0,0.78,0.23,0.008,4.03
512500,2021-06-08,3.487,3.468,3.504,3.451,446266,155027822.0,1.52,-0.4,-0.014,2.76
512500,2021-06-09,3.468,3.473,3.484,3.459,222465,77250454.0,0.72,0.14,0.005,1.37
512500,2021-06-10,3.472,3.513,3.52,3.472,375143,131411286.0,1.38,1.15,0.04,2.32
512500,2021-06-11,3.514,3.498,3.522,3.491,218410,76483818.0,0.88,-0.43,-0.015,1.35
512500,2021-06-15,3.496,3.46,3.51,3.452,215945,74853190.0,1.66,-1.09,-0.038,1.33
512500,2021-06-16,3.46,3.411,3.46,3.406,884392,302570000.0,1.56,-1.42,-0.049,5.46
512500,2021-06-17,3.4,3.43,3.438,3.398,237481,81420523.0,1.17,0.56,0.019,1.47
512500,2021-06-18,3.434,3.468,3.471,3.424,346340,119289278.0,1.37,1.11,0.038,2.14
512500,2021-06-21,3.452,3.481,3.496,3.452,325549,113308617.0,1.27,0.37,0.013,2.01
512500,2021-06-22,3.49,3.501,3.505,3.477,335014,117036162.0,0.8,0.57,0.02,2.07
512500,2021-06-23,3.501,3.535,3.54,3.495,394215,138744597.0,1.29,0.97,0.034,2.44
512500,2021-06-24,3.535,3.521,3.535,3.51,419156,147559468.0,0.71,-0.4,-0.014,2.59
512500,2021-06-25,3.52,3.549,3.558,3.513,599301,211857852.0,1.28,0.8,0.028,3.7
512500,2021-06-28,3.559,3.545,3.564,3.536,345932,122784974.0,0.79,-0.11,-0.004,2.14
512500,2021-06-29,3.542,3.525,3.557,3.513,337998,119456528.0,1.24,-0.56,-0.02,2.09
512500,2021-06-30,3.522,3.537,3.549,3.519,316693,111893111.0,0.85,0.34,0.012,1.96
512500,2021-07-01,3.547,3.506,3.56,3.498,403881,142561954.0,1.75,-0.88,-0.031,2.5
512500,2021-07-02,3.5,3.472,3.503,3.468,356466,124182789.0,1.0,-0.97,-0.034,2.2
512500,2021-07-05,3.474,3.492,3.501,3.473,397760,138796259.0,0.81,0.58,0.02,2.46
512500,2021-07-06,3.492,3.494,3.512,3.46,365644,127679385.0,1.49,0.06,0.002,2.26
512500,2021-07-07,3.487,3.525,3.53,3.47,297506,104361373.0,1.72,0.89,0.031,1.84
512500,2021-07-08,3.537,3.519,3.543,3.515,222890,78674589.0,0.79,-0.17,-0.006,1.38
512500,2021-07-09,3.517,3.55,3.553,3.493,269884,95089829.0,1.71,0.88,0.031,1.67
512500,2021-07-12,3.56,3.599,3.616,3.558,317070,113873528.0,1.63,1.38,0.049,1.96
512500,2021-07-13,3.6,3.634,3.638,3.592,330763,119689914.0,1.28,0.97,0.035,2.04
512500,2021-07-14,3.636,3.612,3.637,3.598,454810,164544569.0,1.07,-0.61,-0.022,2.81
512500,2021-07-15,3.603,3.619,3.622,3.574,382105,137571484.0,1.33,0.19,0.007,2.36
512500,2021-07-16,3.617,3.626,3.65,3.61,743966,270428880.0,1.11,0.19,0.007,4.6
512500,2021-07-19,3.619,3.606,3.626,3.568,290173,104717879.0,1.6,-0.55,-0.02,1.79
512500,2021-07-20,3.591,3.604,3.61,3.578,394902,141779991.0,0.89,-0.06,-0.002,2.44
512500,2021-07-21,3.604,3.647,3.656,3.604,404541,147033502.0,1.44,1.19,0.043,2.5
512500,2021-07-22,3.66,3.669,3.672,3.64,298028,108996589.0,0.88,0.6,0.022,1.84
512500,2021-07-23,3.663,3.664,3.69,3.643,331079,121451131.0,1.28,-0.14,-0.005,2.05
512500,2021-07-26,3.661,3.602,3.661,3.556,551953,198605482.0,2.87,-1.69,-0.062,3.41
512500,2021-07-27,3.599,3.524,3.62,3.518,755835,269892016.0,2.83,-2.17,-0.078,4.67
512500,2021-07-28,3.517,3.472,3.517,3.428,1476426,512165824.0,2.53,-1.48,-0.052,9.12
512500,2021-07-29,3.49,3.531,3.539,3.49,884194,311423264.0,1.41,1.7,0.059,5.46
512500,2021-07-30,3.521,3.543,3.544,3.504,583999,205672375.0,1.13,0.34,0.012,3.61
512500,2021-08-02,3.554,3.589,3.598,3.53,917626,326567936.0,1.92,1.3,0.046,5.67
512500,2021-08-03,3.567,3.567,3.594,3.559,538923,192735851.0,0.98,-0.61,-0.022,3.33
512500,2021-08-04,3.554,3.616,3.62,3.554,363767,131259755.0,1.85,1.37,0.049,2.25
512500,2021-08-05,3.6,3.615,3.631,3.598,420532,152079584.0,0.91,-0.03,-0.001,2.6
512500,2021-08-06,3.626,3.628,3.634,3.604,343191,124226809.0,0.83,0.36,0.013,2.12
512500,2021-08-09,3.626,3.645,3.654,3.602,245523,89108035.0,1.43,0.47,0.017,1.52
512500,2021-08-10,3.645,3.671,3.672,3.638,220470,80667783.0,0.93,0.71,0.026,1.36
512500,2021-08-11,3.672,3.696,3.7,3.661,193006,71158546.0,1.06,0.68,0.025,1.19
512500,2021-08-12,3.692,3.72,3.73,3.683,229200,85139477.0,1.27,0.65,0.024,1.42
512500,2021-08-13,3.705,3.718,3.732,3.692,303040,112514466.0,1.08,-0.05,-0.002,1.87
512500,2021-08-16,3.709,3.697,3.722,3.689,591307,218693003.0,0.89,-0.56,-0.021,3.65
512500,2021-08-17,3.696,3.613,3.699,3.604,469268,171453093.0,2.57,-2.27,-0.084,2.9
512500,2021-08-18,3.609,3.627,3.639,3.598,446939,161853657.0,1.13,0.39,0.014,2.76
512500,2021-08-19,3.627,3.635,3.652,3.591,521532,188815644.0,1.68,0.22,0.008,3.22
512500,2021-08-20,3.63,3.622,3.638,3.587,619970,224218243.0,1.4,-0.36,-0.013,3.83
512500,2021-08-23,3.622,3.679,3.687,3.622,511349,187438695.0,1.79,1.57,0.057,3.16
512500,2021-08-24,3.683,3.713,3.727,3.664,404263,149863856.0,1.71,0.92,0.034,2.5
512500,2021-08-25,3.713,3.742,3.742,3.695,190015,70636906.0,1.27,0.78,0.029,1.17
512500,2021-08-26,3.74,3.728,3.755,3.724,606480,226664452.0,0.83,-0.37,-0.014,3.75
512500,2021-08-27,3.725,3.754,3.764,3.712,349576,130947297.0,1.39,0.7,0.026,2.16
512500,2021-08-30,3.756,3.777,3.795,3.755,330780,124942333.0,1.07,0.61,0.023,2.04
512500,2021-08-31,3.78,3.794,3.795,3.732,333915,125901661.0,1.67,0.45,0.017,2.06
512500,2021-09-01,3.797,3.769,3.809,3.722,812973,306509824.0,2.29,-0.66,-0.025,5.02
512500,2021-09-02,3.763,3.832,3.842,3.754,506867,193099975.0,2.33,1.67,0.063,3.13
512500,2021-09-03,3.847,3.814,3.865,3.786,374112,143217379.0,2.06,-0.47,-0.018,2.31
512500,2021-09-06,3.802,3.838,3.85,3.789,373147,142519071.0,1.6,0.63,0.024,2.31
512500,2021-09-07,3.836,3.925,3.935,3.836,338647,131965413.0,2.58,2.27,0.087,2.09
512500,2021-09-08,3.927,3.948,3.955,3.925,377707,148826719.0,0.76,0.59,0.023,2.33
512500,2021-09-09,3.94,3.988,3.995,3.935,491799,195029367.0,1.52,1.01,0.04,3.04
512500,2021-09-10,3.988,3.987,4.015,3.963,424146,169341508.0,1.3,-0.03,-0.001,2.62
512500,2021-09-13,3.969,3.998,4.006,3.957,448554,178622562.0,1.23,0.28,0.011,2.77
512500,2021-09-14,3.997,3.958,4.034,3.944,581909,232252849.0,2.25,-1.0,-0.04,3.6
512500,2021-09-15,3.931,3.972,3.995,3.931,445426,176757609.0,1.62,0.35,0.014,2.75
512500,2021-09-16,3.971,3.898,4.005,3.894,543149,214921719.0,2.79,-1.86,-0.074,3.36
512500,2021-09-17,3.885,3.865,3.918,3.815,487477,188383051.0,2.64,-0.85,-0.033,3.01
512500,2021-09-22,3.808,3.904,3.906,3.808,477290,184304904.0,2.54,1.01,0.039,2.95
512500,2021-09-23,3.92,3.923,3.944,3.903,474226,186224383.0,1.05,0.49,0.019,2.93
512500,2021-09-24,3.92,3.871,3.926,3.866,863168,335665184.0,1.53,-1.33,-0.052,5.33
512500,2021-09-27,3.871,3.762,3.882,3.74,1322494,500934512.0,3.67,-2.82,-0.109,8.17
512500,2021-09-28,3.756,3.764,3.785,3.749,854820,321874800.0,0.96,0.05,0.002,5.28
512500,2021-09-29,3.735,3.68,3.76,3.666,1103567,407629632.0,2.5,-2.23,-0.084,6.82
512500,2021-09-30,3.695,3.715,3.729,3.683,641370,237521688.0,1.25,0.95,0.035,3.96
512500,2021-10-08,3.729,3.707,3.766,3.689,415922,154438726.0,2.07,-0.22,-0.008,2.57
512500,2021-10-11,3.706,3.706,3.725,3.685,459927,170615798.0,1.08,-0.03,-0.001,2.84
512500,2021-10-12,3.702,3.634,3.705,3.606,713527,260080000.0,2.67,-1.94,-0.072,4.41
512500,2021-10-13,3.631,3.65,3.659,3.607,455740,165637638.0,1.43,0.44,0.016,2.82
512500,2021-10-14,3.623,3.664,3.673,3.623,308619,112977072.0,1.37,0.38,0.014,1.91
512500,2021-10-15,3.657,3.68,3.682,3.648,339069,124466733.0,0.93,0.44,0.016,2.1
512500,2021-10-18,3.676,3.693,3.695,3.651,946870,348348000.0,1.2,0.35,0.013,5.85
512500,2021-10-19,3.695,3.723,3.728,3.682,566922,210267336.0,1.25,0.81,0.03,3.5
512500,2021-10-20,3.709,3.721,3.741,3.694,539864,200756325.0,1.26,-0.05,-0.002,3.34
512500,2021-10-21,3.722,3.712,3.735,3.694,403974,150352175.0,1.1,-0.24,-0.009,2.5
512500,2021-10-22,3.702,3.683,3.721,3.677,305441,112940625.0,1.19,-0.78,-0.029,1.89
512500,2021-10-25,3.683,3.711,3.712,3.669,351352,130060209.0,1.17,0.76,0.028,2.17
512500,2021-10-26,3.712,3.717,3.743,3.703,493841,183763513.0,1.08,0.16,0.006,3.05
512500,2021-10-27,3.716,3.685,3.716,3.668,313259,115490262.0,1.29,-0.86,-0.032,1.94
512500,2021-10-28,3.669,3.641,3.686,3.631,493259,179845621.0,1.49,-1.19,-0.044,3.05
512500,2021-10-29,3.641,3.678,3.678,3.626,430368,157161023.0,1.43,1.02,0.037,2.66
512500,2021-11-01,3.664,3.693,3.705,3.662,397006,146331409.0,1.17,0.41,0.015,2.45
512500,2021-11-02,3.689,3.658,3.716,3.623,623283,228765813.0,2.52,-0.95,-0.035,3.85
512500,2021-11-03,3.656,3.669,3.684,3.648,608216,222836673.0,0.98,0.3,0.011,3.76
512500,2021-11-04,3.664,3.695,3.699,3.664,412426,152096581.0,0.95,0.71,0.026,2.55
512500,2021-11-05,3.692,3.665,3.7,3.661,486352,178880246.0,1.06,-0.81,-0.03,3.01
512500,2021-11-08,3.66,3.674,3.683,3.65,413230,151580707.0,0.9,0.25,0.009,2.55
512500,2021-11-09,3.671,3.7,3.706,3.671,368444,135965742.0,0.95,0.71,0.026,2.28
512500,2021-11-10,3.696,3.692,3.696,3.639,746692,273801536.0,1.54,-0.22,-0.008,4.61
512500,2021-11-11,3.676,3.723,3.724,3.676,297772,110346522.0,1.3,0.84,0.031,1.84
512500,2021-11-12,3.723,3.744,3.751,3.723,307279,114877274.0,0.75,0.56,0.021,1.9
512500,2021-11-15,3.737,3.715,3.762,3.704,264050,98232704.0,1.55,-0.77,-0.029,1.63
512500,2021-11-16,3.717,3.689,3.726,3.684,279689,103668281.0,1.13,-0.7,-0.026,1.73
512500,2021-11-17,3.689,3.711,3.713,3.683,293015,108481478.0,0.81,0.6,0.022,1.81
512500,2021-11-18,3.706,3.709,3.732,3.692,502542,186354121.0,1.08,-0.05,-0.002,3.11
512500,2021-11-19,3.7,3.757,3.76,3.699,339067,126698323.0,1.64,1.29,0.048,2.1
512500,2021-11-22,3.762,3.788,3.794,3.759,368175,139225710.0,0.93,0.83,0.031,2.27
512500,2021-11-23,3.787,3.797,3.812,3.751,435491,165380632.0,1.61,0.24,0.009,2.69
512500,2021-11-24,3.782,3.791,3.806,3.782,252205,95700001.0,0.63,-0.16,-0.006,1.56
512500,2021-11-25,3.795,3.791,3.799,3.783,217612,82485752.0,0.42,0.0,0.0,1.34
512500,2021-11-26,3.79,3.781,3.799,3.766,289326,109528068.0,0.87,-0.26,-0.01,1.79
512500,2021-11-29,3.756,3.782,3.786,3.75,424703,160066119.0,0.95,0.03,0.001,2.62
512500,2021-11-30,3.786,3.79,3.807,3.773,404842,153735411.0,0.9,0.21,0.008,2.5
512500,2021-12-01,3.79,3.811,3.815,3.779,236210,89677237.0,0.95,0.55,0.021,1.46
512500,2021-12-02,3.808,3.788,3.81,3.776,382938,145069956.0,0.89,-0.6,-0.023,2.37
512500,2021-12-03,3.791,3.822,3.822,3.785,302814,115143826.0,0.98,0.9,0.034,1.87
512500,2021-12-06,3.824,3.79,3.835,3.788,487854,186320179.0,1.23,-0.84,-0.032,3.01
512500,2021-12-07,3.8,3.771,3.808,3.746,293328,110492453.0,1.64,-0.5,-0.019,1.81
512500,2021-12-08,3.783,3.819,3.821,3.772,308194,117084486.0,1.3,1.27,0.048,1.9
512500,2021-12-09,3.818,3.833,3.839,3.815,470535,180170207.0,0.63,0.37,0.014,2.91
512500,2021-12-10,3.822,3.829,3.838,3.815,506983,194019698.0,0.6,-0.1,-0.004,3.13
512500,2021-12-13,3.826,3.838,3.85,3.823,434921,166891076.0,0.71,0.24,0.009,2.69
512500,2021-12-14,3.822,3.831,3.843,3.822,301688,115699502.0,0.55,-0.18,-0.007,1.86
512500,2021-12-15,3.829,3.819,3.842,3.812,700213,268276596.0,0.78,-0.31,-0.012,4.33
512500,2021-12-16,3.823,3.856,3.857,3.823,428512,164667836.0,0.89,0.97,0.037,2.65
512500,2021-12-17,3.851,3.83,3.855,3.824,657528,252128634.0,0.8,-0.67,-0.026,4.06
512500,2021-12-20,3.818,3.77,3.828,3.766,1096368,414287952.0,1.62,-1.57,-0.06,6.77
512500,2021-12-21,3.766,3.797,3.81,3.762,733256,277692240.0,1.27,0.72,0.027,4.53
512500,2021-12-22,3.801,3.813,3.82,3.796,674842,257020149.0,0.63,0.42,0.016,4.17
512500,2021-12-23,3.82,3.831,3.841,3.806,240974,92237656.0,0.92,0.47,0.018,1.49
512500,2021-12-24,3.832,3.812,3.832,3.793,553893,210881864.0,1.02,-0.5,-0.019,3.42
512500,2021-12-27,3.812,3.803,3.832,3.797,1182610,450397440.0,0.92,-0.24,-0.009,7.31
512500,2021-12-28,3.803,3.805,3.811,3.781,416986,158366536.0,0.79,0.05,0.002,2.58
512500,2021-12-29,3.805,3.796,3.808,3.788,525826,199592638.0,0.53,-0.24,-0.009,3.25
512500,2021-12-30,3.796,3.822,3.828,3.79,721142,275046256.0,1.0,0.68,0.026,4.46
512500,2021-12-31,3.821,3.842,3.855,3.821,686123,263732210.0,0.89,0.52,0.02,4.24
512500,2022-01-04,3.851,3.845,3.856,3.818,802622,307750576.0,0.99,0.08,0.003,4.96
512500,2022-01-05,3.847,3.767,3.847,3.764,806841,305673216.0,2.16,-2.03,-0.078,4.99
512500,2022-01-06,3.759,3.772,3.779,3.741,636939,239772381.0,1.01,0.13,0.005,3.94
512500,2022-01-07,3.772,3.754,3.788,3.747,861672,325339472.0,1.09,-0.48,-0.018,5.32
512500,2022-01-10,3.74,3.754,3.759,3.726,377770,141528102.0,0.88,0.0,0.0,2.33
512500,2022-01-11,3.754,3.732,3.766,3.717,561586,209690121.0,1.31,-0.59,-0.022,3.47
512500,2022-01-12,3.731,3.754,3.758,3.731,330663,123782958.0,0.72,0.59,0.022,2.04
512500,2022-01-13,3.755,3.712,3.758,3.708,759113,282918016.0,1.33,-1.12,-0.042,4.69
512500,2022-01-14,3.695,3.697,3.726,3.686,531914,197157532.0,1.08,-0.4,-0.015,3.29
512500,2022-01-17,3.695,3.732,3.745,3.695,499116,186181019.0,1.35,0.95,0.035,3.08
512500,2022-01-18,3.733,3.741,3.752,3.721,424452,158629739.0,0.83,0.24,0.009,2.62
512500,2022-01-19,3.74,3.714,3.752,3.697,656818,244503291.0,1.47,-0.72,-0.027,4.06
512500,2022-01-20,3.718,3.689,3.728,3.678,675315,249626046.0,1.35,-0.67,-0.025,4.17
512500,2022-01-21,3.684,3.65,3.684,3.641,845304,308914528.0,1.17,-1.06,-0.039,5.22
512500,2022-01-24,3.634,3.644,3.657,3.617,868120,316392624.0,1.1,-0.16,-0.006,5.36
512500,2022-01-25,3.633,3.527,3.641,3.522,846047,302490000.0,3.27,-3.21,-0.117,5.23
512500,2022-01-26,3.53,3.538,3.55,3.517,924641,327043904.0,0.94,0.31,0.011,5.71
512500,2022-01-27,3.528,3.459,3.541,3.451,991449,346036560.0,2.54,-2.23,-0.079,6.13
512500,2022-01-28,3.47,3.434,3.487,3.396,783258,269815056.0,2.63,-0.72,-0.025,4.84
512500,2022-02-07,3.446,3.482,3.498,3.446,342496,119335004.0,1.51,1.4,0.048,2.12
512500,2022-02-08,3.483,3.522,3.525,3.446,557206,194162407.0,2.27,1.15,0.04,3.44
512500,2022-02-09,3.533,3.571,3.576,3.516,471409,167283381.0,1.7,1.39,0.049,2.91
512500,2022-02-10,3.571,3.573,3.585,3.553,563748,201230518.0,0.9,0.06,0.002,3.48
512500,2022-02-11,3.57,3.528,3.576,3.519,635429,225861206.0,1.6,-1.26,-0.045,3.93
512500,2022-02-14,3.508,3.501,3.538,3.487,693503,243766743.0,1.45,-0.77,-0.027,4.29
512500,2022-02-15,3.499,3.527,3.53,3.493,451888,158816450.0,1.06,0.74,0.026,2.79
512500,2022-02-16,3.533,3.534,3.544,3.521,368844,130299034.0,0.65,0.2,0.007,2.28
512500,2022-02-17,3.53,3.533,3.552,3.511,478216,168916999.0,1.16,-0.03,-0.001,2.95
512500,2022-02-18,3.525,3.567,3.569,3.506,449129,159541881.0,1.78,0.96,0.034,2.78
512500,2022-02-21,3.568,3.582,3.584,3.559,849091,303267792.0,0.7,0.42,0.015,5.25
512500,2022-02-22,3.574,3.547,3.574,3.52,442690,156765918.0,1.51,-0.98,-0.035,2.74
512500,2022-02-23,3.548,3.594,3.595,3.548,320338,114759631.0,1.33,1.33,0.047,1.98
512500,2022-02-24,3.594,3.535,3.599,3.497,773352,274405744.0,2.84,-1.64,-0.059,4.78
512500,2022-02-25,3.545,3.56,3.604,3.545,560251,200418588.0,1.67,0.71,0.025,3.46
512500,2022-02-28,3.563,3.575,3.579,3.535,350670,124770109.0,1.24,0.42,0.015,2.17
512500,2022-03-01,3.576,3.585,3.596,3.565,960914,343540560.0,0.87,0.28,0.01,5.94
512500,2022-03-02,3.567,3.586,3.592,3.562,339936,121637543.0,0.84,0.03,0.001,2.1
512500,2022-03-03,3.593,3.581,3.608,3.569,325842,116893796.0,1.09,-0.14,-0.005,2.01
512500,2022-03-04,3.564,3.558,3.59,3.543,396852,141466925.0,1.31,-0.64,-0.023,2.45
512500,2022-03-07,3.555,3.478,3.555,3.461,428375,149960311.0,2.64,-2.25,-0.08,2.65
512500,2022-03-08,3.477,3.358,3.479,3.349,1001623,341034464.0,3.74,-3.45,-0.12,6.19
512500,2022-03-09,3.36,3.292,3.382,3.169,751421,248497472.0,6.34,-1.97,-0.066,4.64
512500,2022-03-10,3.345,3.344,3.378,3.327,634552,212846709.0,1.55,1.58,0.052,3.92
512500,2022-03-11,3.31,3.393,3.397,3.272,816915,271658768.0,3.74,1.47,0.049,5.05
512500,2022-03-14,3.36,3.302,3.395,3.301,672390,225790220.0,2.77,-2.68,-0.091,4.15
512500,2022-03-15,3.28,3.109,3.283,3.107,1094290,352238624.0,5.33,-5.84,-0.193,6.76
512500,2022-03-16,3.148,3.214,3.23,3.036,1194031,374630336.0,6.24,3.38,0.105,7.38
512500,2022-03-17,3.255,3.267,3.327,3.25,547992,179505567.0,2.4,1.65,0.053,3.39
512500,2022-03-18,3.266,3.299,3.311,3.249,437652,143467347.0,1.9,0.98,0.032,2.7
512500,2022-03-21,3.3,3.322,3.333,3.275,543391,179664764.0,1.76,0.7,0.023,3.36
512500,2022-03-22,3.311,3.323,3.35,3.293,214552,71269785.0,1.72,0.03,0.001,1.33
512500,2022-03-23,3.343,3.338,3.356,3.316,193421,64579987.0,1.2,0.45,0.015,1.2
512500,2022-03-24,3.322,3.315,3.334,3.3,192286,63716692.0,1.02,-0.69,-0.023,1.19
512500,2022-03-25,3.32,3.271,3.33,3.27,319731,105474792.0,1.81,-1.33,-0.044,1.98
512500,2022-03-28,3.27,3.291,3.307,3.223,397810,129730033.0,2.57,0.61,0.02,2.46
512500,2022-03-29,3.296,3.265,3.301,3.255,255830,83836757.0,1.4,-0.79,-0.026,1.58
512500,2022-03-30,3.282,3.336,3.337,3.276,345827,114231517.0,1.87,2.17,0.071,2.14
512500,2022-03-31,3.336,3.305,3.336,3.298,257854,85472692.0,1.14,-0.93,-0.031,1.59
512500,2022-04-01,3.282,3.327,3.332,3.28,386423,128148328.0,1.57,0.67,0.022,2.39
512500,2022-04-06,3.317,3.321,3.323,3.274,387677,127681694.0,1.47,-0.18,-0.006,2.4
512500,2022-04-07,3.296,3.246,3.322,3.243,727372,237726980.0,2.38,-2.26,-0.075,4.49
512500,2022-04-08,3.25,3.257,3.257,3.189,396469,128056458.0,2.09,0.34,0.011,2.45
512500,2022-04-11,3.24,3.155,3.24,3.14,345526,109843903.0,3.07,-3.13,-0.102,2.13
512500,2022-04-12,3.152,3.207,3.209,3.115,591909,187256649.0,2.98,1.65,0.052,3.66
512500,2022-04-13,3.179,3.155,3.198,3.153,402145,127593047.0,1.4,-1.62,-0.052,2.48
512500,2022-04-14,3.181,3.195,3.219,3.166,307250,97995222.0,1.68,1.27,0.04,1.9
512500,2022-04-15,3.183,3.168,3.195,3.155,418044,132778009.0,1.25,-0.85,-0.027,2.58
512500,2022-04-18,3.16,3.172,3.188,3.114,392544,124024095.0,2.34,0.13,0.004,2.43
512500,2022-04-19,3.162,3.181,3.191,3.161,285493,90658804.0,0.95,0.28,0.009,1.76
512500,2022-04-20,3.19,3.105,3.19,3.104,388649,122338729.0,2.7,-2.39,-0.076,2.4
512500,2022-04-21,3.099,3.008,3.117,2.998,523584,160360683.0,3.83,-3.12,-0.097,3.24
512500,2022-04-22,3.008,2.992,3.03,2.955,479814,143375905.0,2.49,-0.53,-0.016,2.96
512500,2022-04-25,2.96,2.829,2.96,2.806,996278,287043504.0,5.15,-5.45,-0.163,6.16
512500,2022-04-26,2.836,2.749,2.843,2.733,768997,214274585.0,3.89,-2.83,-0.08,4.75
512500,2022-04-27,2.721,2.843,2.845,2.7,1205505,331472768.0,5.27,3.42,0.094,7.45
512500,2022-04-28,2.821,2.834,2.853,2.784,827342,233500092.0,2.43,-0.32,-0.009,5.11
512500,2022-04-29,2.849,2.948,2.95,2.84,1179345,343269184.0,3.88,4.02,0.114,7.29
512500,2022-05-05,2.933,2.966,2.99,2.925,780327,231030769.0,2.2,0.61,0.018,4.82
512500,2022-05-06,2.918,2.904,2.937,2.893,849002,247628859.0,1.48,-2.09,-0.062,5.25
512500,2022-05-09,2.9,2.929,2.94,2.887,420127,122705934.0,1.83,0.86,0.025,2.6
512500,2022-05-10,2.892,2.974,2.983,2.876,429917,126583208.0,3.65,1.54,0.045,2.66
512500,2022-05-11,2.976,2.995,3.06,2.975,860927,259828466.0,2.86,0.71,0.021,5.32
512500,2022-05-12,2.994,2.999,3.022,2.969,535636,160468087.0,1.77,0.13,0.004,3.31
512500,2022-05-13,3.01,3.038,3.039,2.992,740902,223970316.0,1.57,1.3,0.039,4.58
512500,2022-05-16,3.041,3.025,3.064,3.019,787209,239436805.0,1.48,-0.43,-0.013,4.86
512500,2022-05-17,3.027,3.041,3.042,2.998,380618,115113851.0,1.45,0.53,0.016,2.35
512500,2022-05-18,3.042,3.031,3.061,3.022,360850,109609026.0,1.28,-0.33,-0.01,2.23
512500,2022-05-19,2.996,3.057,3.058,2.99,530171,159936024.0,2.24,0.86,0.026,3.28
512500,2022-05-20,3.057,3.108,3.11,3.056,543074,167170666.0,1.77,1.67,0.051,3.36
512500,2022-05-23,3.114,3.113,3.124,3.09,325427,101088074.0,1.09,0.16,0.005,2.01
512500,2022-05-24,3.113,3.008,3.121,3.007,487178,150424221.0,3.66,-3.37,-0.105,3.01
512500,2022-05-25,3.008,3.065,3.065,3.008,352008,106836999.0,1.89,1.89,0.057,2.18
512500,2022-05-26,3.069,3.096,3.109,3.021,392893,120851335.0,2.87,1.01,0.031,2.43
512500,2022-05-27,3.101,3.092,3.123,3.071,373574,115773064.0,1.68,-0.13,-0.004,2.31
512500,2022-05-30,3.105,3.11,3.113,3.074,265913,82404023.0,1.26,0.58,0.018,1.64
512500,2022-05-31,3.106,3.155,3.168,3.087,530096,166034186.0,2.6,1.45,0.045,3.28
512500,2022-06-01,3.158,3.155,3.17,3.129,446161,140884386.0,1.3,0.0,0.0,2.76
512500,2022-06-02,3.146,3.189,3.196,3.135,505286,160658875.0,1.93,1.08,0.034,3.12
512500,2022-06-06,3.2,3.243,3.254,3.183,870796,281390400.0,2.23,1.69,0.054,5.38
512500,2022-06-07,3.24,3.246,3.255,3.228,778220,252477918.0,0.83,0.09,0.003,4.81
512500,2022-06-08,3.246,3.268,3.278,3.214,659030,214163850.0,1.97,0.68,0.022,4.07
512500,2022-06-09,3.265,3.231,3.268,3.201,445413,144189792.0,2.05,-1.13,-0.037,2.75
512500,2022-06-10,3.22,3.294,3.3,3.211,541600,177190313.0,2.75,1.95,0.063,3.35
512500,2022-06-13,3.28,3.28,3.293,3.249,556599,182056772.0,1.34,-0.43,-0.014,3.44
512500,2022-06-14,3.245,3.312,3.316,3.198,689325,224285564.0,3.6,0.98,0.032,4.26
512500,2022-06-15,3.31,3.302,3.379,3.297,552278,184076383.0,2.48,-0.3,-0.01,3.41
512500,2022-06-16,3.303,3.3,3.342,3.295,561075,186308693.0,1.42,-0.06,-0.002,3.47
512500,2022-06-17,3.285,3.334,3.343,3.254,606159,200229387.0,2.7,1.03,0.034,3.75
512500,2022-06-20,3.334,3.333,3.356,3.307,530141,176767415.0,1.47,-0.03,-0.001,3.28
512500,2022-06-21,3.332,3.311,3.342,3.286,432783,143811976.0,1.68,-0.66,-0.022,2.67
512500,2022-06-22,3.309,3.26,3.32,3.258,399826,131777232.0,1.87,-1.54,-0.051,2.47
512500,2022-06-23,3.26,3.336,3.336,3.25,363788,119912678.0,2.64,2.33,0.076,2.25
512500,2022-06-24,3.339,3.371,3.377,3.33,516217,173666946.0,1.41,1.05,0.035,3.19
512500,2022-06-27,3.371,3.386,3.415,3.371,499711,169773129.0,1.31,0.44,0.015,3.09
512500,2022-06-28,3.384,3.437,3.447,3.378,414148,141048896.0,2.04,1.51,0.051,2.56
512500,2022-06-29,3.43,3.386,3.441,3.376,403765,137642796.0,1.89,-1.48,-0.051,2.49
512500,2022-06-30,3.381,3.414,3.434,3.381,1061185,362749072.0,1.57,0.83,0.028,6.56
512500,2022-07-01,3.408,3.405,3.43,3.398,311819,106400864.0,0.94,-0.26,-0.009,1.93
512500,2022-07-04,3.404,3.449,3.452,3.384,497926,170637223.0,2.0,1.29,0.044,3.08
512500,2022-07-05,3.453,3.44,3.466,3.404,362116,124412004.0,1.8,-0.26,-0.009,2.24
512500,2022-07-06,3.438,3.4,3.441,3.367,613028,208905038.0,2.15,-1.16,-0.04,3.79
512500,2022-07-07,3.403,3.413,3.435,3.383,528794,180408157.0,1.53,0.38,0.013,3.27
512500,2022-07-08,3.425,3.392,3.434,3.39,374593,127817114.0,1.29,-0.62,-0.021,2.31
512500,2022-07-11,3.388,3.348,3.388,3.326,434196,145449852.0,1.83,-1.3,-0.044,2.68
512500,2022-07-12,3.331,3.305,3.363,3.303,494740,164617726.0,1.79,-1.28,-0.043,3.06
512500,2022-07-13,3.302,3.319,3.33,3.292,589957,195512673.0,1.15,0.42,0.014,3.65
512500,2022-07-14,3.311,3.345,3.364,3.311,329726,110192787.0,1.6,0.78,0.026,2.04
512500,2022-07-15,3.349,3.293,3.358,3.286,409494,136562876.0,2.15,-1.55,-0.052,2.53
512500,2022-07-18,3.29,3.349,3.358,3.29,361135,120035186.0,2.06,1.7,0.056,2.23
512500,2022-07-19,3.349,3.36,3.369,3.332,364525,122124801.0,1.1,0.33,0.011,2.25
512500,2022-07-20,3.37,3.404,3.41,3.369,342864,116412235.0,1.22,1.31,0.044,2.12
512500,2022-07-21,3.405,3.367,3.405,3.365,317893,107685809.0,1.18,-1.09,-0.037,1.96
512500,2022-07-22,3.368,3.342,3.384,3.307,471793,157866594.0,2.29,-0.74,-0.025,2.92
512500,2022-07-25,3.331,3.312,3.353,3.3,419548,139708244.0,1.59,-0.9,-0.03,2.59
512500,2022-07-26,3.31,3.351,3.361,3.301,421596,140708663.0,1.81,1.18,0.039,2.61
512500,2022-07-27,3.351,3.366,3.372,3.333,370868,124226072.0,1.16,0.45,0.015,2.29
512500,2022-07-28,3.371,3.372,3.405,3.364,297351,100586298.0,1.22,0.18,0.006,1.84
512500,2022-07-29,3.381,3.34,3.384,3.334,528503,177150091.0,1.48,-0.95,-0.032,3.27
512500,2022-08-01,3.331,3.369,3.371,3.32,349034,116767653.0,1.53,0.87,0.029,2.16
512500,2022-08-02,3.351,3.289,3.351,3.243,839631,276569945.0,3.21,-2.37,-0.08,5.19
512500,2022-08-03,3.292,3.258,3.335,3.245,647253,214003998.0,2.74,-0.94,-0.031,4.0
512500,2022-08-04,3.283,3.273,3.285,3.227,674039,219576660.0,1.78,0.46,0.015,4.16
512500,2022-08-05,3.273,3.336,3.341,3.272,505257,166223949.0,2.11,1.92,0.063,3.12
512500,2022-08-08,3.327,3.357,3.365,3.327,309849,103735147.0,1.14,0.63,0.021,1.91
512500,2022-08-09,3.357,3.368,3.37,3.34,292919,98301535.0,0.89,0.33,0.011,1.81
512500,2022-08-10,3.366,3.362,3.38,3.345,253179,85194839.0,1.04,-0.18,-0.006,1.56
512500,2022-08-11,3.378,3.425,3.426,3.37,463683,157732459.0,1.67,1.87,0.063,2.87
512500,2022-08-12,3.42,3.422,3.436,3.411,241794,82810920.0,0.73,-0.09,-0.003,1.49
512500,2022-08-15,3.402,3.423,3.442,3.402,255302,87450641.0,1.17,0.03,0.001,1.58
512500,2022-08-16,3.423,3.437,3.458,3.423,250952,86404455.0,1.02,0.41,0.014,1.55
512500,2022-08-17,3.437,3.459,3.466,3.418,294260,101262926.0,1.4,0.64,0.022,1.82
512500,2022-08-18,3.464,3.445,3.464,3.432,229977,79177783.0,0.93,-0.4,-0.014,1.42
512500,2022-08-19,3.446,3.405,3.453,3.402,369067,126375561.0,1.48,-1.16,-0.04,2.28
512500,2022-08-22,3.4,3.44,3.453,3.386,470170,161369009.0,1.97,1.03,0.035,2.91
512500,2022-08-23,3.432,3.443,3.445,3.422,245240,84178580.0,0.67,0.09,0.003,1.52
512500,2022-08-24,3.439,3.351,3.446,3.341,427569,145074725.0,3.05,-2.67,-0.092,2.64
512500,2022-08-25,3.355,3.37,3.371,3.321,421561,141093204.0,1.49,0.57,0.019,2.6
512500,2022-08-26,3.357,3.361,3.396,3.346,255916,86406789.0,1.48,-0.27,-0.009,1.58
512500,2022-08-29,3.32,3.36,3.366,3.314,485157,162020658.0,1.55,-0.03,-0.001,3.0
512500,2022-08-30,3.353,3.353,3.361,3.326,300407,100581130.0,1.04,-0.21,-0.007,1.86
512500,2022-08-31,3.34,3.28,3.349,3.272,448487,148162200.0,2.3,-2.18,-0.073,2.77
512500,2022-09-01,3.28,3.268,3.307,3.258,284736,93616480.0,1.49,-0.37,-0.012,1.76
512500,2022-09-02,3.275,3.278,3.292,3.263,313481,102706466.0,0.89,0.31,0.01,1.94
512500,2022-09-05,3.273,3.289,3.294,3.259,347269,113875488.0,1.07,0.34,0.011,2.15
512500,2022-09-06,3.294,3.347,3.35,3.294,246764,81935916.0,1.7,1.76,0.058,1.52
512500,2022-09-07,3.337,3.354,3.36,3.333,253565,84932284.0,0.81,0.21,0.007,1.57
512500,2022-09-08,3.347,3.342,3.361,3.34,180649,60495419.0,0.63,-0.36,-0.012,1.12
512500,2022-09-09,3.342,3.361,3.372,3.335,290467,97460594.0,1.11,0.57,0.019,1.79
512500,2022-09-13,3.372,3.352,3.381,3.349,210554,70792990.0,0.95,-0.27,-0.009,1.3
512500,2022-09-14,3.339,3.329,3.341,3.313,309203,102848360.0,0.84,-0.69,-0.023,1.91
512500,2022-09-15,3.332,3.252,3.342,3.227,387198,127234820.0,3.45,-2.31,-0.077,2.39
512500,2022-09-16,3.244,3.176,3.251,3.169,469266,151163247.0,2.52,-2.34,-0.076,2.9
512500,2022-09-19,3.175,3.155,3.175,3.132,377643,119150254.0,1.35,-0.66,-0.021,2.33
512500,2022-09-20,3.157,3.169,3.2,3.157,306903,97470794.0,1.36,0.44,0.014,1.9
512500,2022-09-21,3.169,3.183,3.194,3.133,391472,123802831.0,1.92,0.44,0.014,2.42
512500,2022-09-22,3.168,3.178,3.202,3.161,263932,84089125.0,1.29,-0.16,-0.005,1.63
512500,2022-09-23,3.17,3.142,3.185,3.106,416942,131431779.0,2.49,-1.13,-0.036,2.58
512500,2022-09-26,3.128,3.094,3.158,3.092,552237,172637860.0,2.1,-1.53,-0.048,3.41
512500,2022-09-27,3.094,3.15,3.156,3.094,494838,154458961.0,2.0,1.81,0.056,3.06
512500,2022-09-28,3.14,3.078,3.148,3.075,370529,115014608.0,2.32,-2.29,-0.072,2.29
512500,2022-09-29,3.098,3.084,3.124,3.059,465297,144275874.0,2.11,0.19,0.006,2.88
512500,2022-09-30,3.082,3.042,3.094,3.04,366596,112507643.0,1.75,-1.36,-0.042,2.27
512500,2022-10-10,3.042,3.004,3.07,2.993,372836,113361412.0,2.53,-1.25,-0.038,2.3
512500,2022-10-11,3.003,3.026,3.039,2.992,389389,117489756.0,1.56,0.73,0.022,2.41
512500,2022-10-12,3.02,3.097,3.099,2.976,476103,143726669.0,4.06,2.35,0.071,2.94
512500,2022-10-13,3.082,3.102,3.126,3.081,321779,99860853.0,1.45,0.16,0.005,1.99
512500,2022-10-14,3.118,3.186,3.199,3.118,578952,183160158.0,2.61,2.71,0.084,3.58
512500,2022-10-17,3.178,3.198,3.209,3.168,298650,95075119.0,1.29,0.38,0.012,1.85
512500,2022-10-18,3.204,3.21,3.232,3.19,338406,108534994.0,1.31,0.38,0.012,2.09
512500,2022-10-19,3.211,3.185,3.216,3.179,247006,79041436.0,1.15,-0.78,-0.025,1.53
512500,2022-10-20,3.18,3.173,3.217,3.132,515630,163720181.0,2.67,-0.38,-0.012,3.19
512500,2022-10-21,3.175,3.176,3.193,3.149,465265,147366891.0,1.39,0.09,0.003,2.87
512500,2022-10-24,3.174,3.15,3.235,3.115,558803,177678524.0,3.78,-0.82,-0.026,3.45
512500,2022-10-25,3.14,3.126,3.16,3.082,883144,276246759.0,2.48,-0.76,-0.024,5.46
512500,2022-10-26,3.126,3.182,3.209,3.126,473577,150169975.0,2.66,1.79,0.056,2.93
512500,2022-10-27,3.185,3.178,3.21,3.176,476549,152229660.0,1.07,-0.13,-0.004,2.94
512500,2022-10-28,3.173,3.078,3.173,3.075,746148,232556145.0,3.08,-3.15,-0.1,4.61
512500,2022-10-31,3.068,3.092,3.126,3.06,594859,183631418.0,2.14,0.45,0.014,3.68
512500,2022-11-01,3.102,3.167,3.173,3.081,826463,258601531.0,2.98,2.43,0.075,5.11
512500,2022-11-02,3.159,3.193,3.211,3.156,832937,265565434.0,1.74,0.82,0.026,5.15
512500,2022-11-03,3.181,3.192,3.205,3.176,589705,188267251.0,0.91,-0.03,-0.001,3.64
512500,2022-11-04,3.193,3.272,3.284,3.193,482677,156642545.0,2.85,2.51,0.08,2.98
512500,2022-11-07,3.282,3.267,3.287,3.247,368748,120494591.0,1.22,-0.15,-0.005,2.28
512500,2022-11-08,3.257,3.267,3.268,3.25,238530,77721844.0,0.55,0.0,0.0,1.47
512500,2022-11-09,3.26,3.259,3.291,3.255,407164,133027764.0,1.1,-0.24,-0.008,2.52
512500,2022-11-10,3.243,3.246,3.258,3.228,362863,117635705.0,0.92,-0.4,-0.013,2.24
512500,2022-11-11,3.316,3.268,3.334,3.267,613664,202546899.0,2.06,0.68,0.022,3.79
512500,2022-11-14,3.263,3.263,3.301,3.255,504077,165458705.0,1.41,-0.15,-0.005,3.11
512500,2022-11-15,3.261,3.317,3.323,3.259,457984,151402818.0,1.96,1.65,0.054,2.83
512500,2022-11-16,3.316,3.301,3.332,3.296,278250,92203642.0,1.09,-0.48,-0.016,1.72
512500,2022-11-17,3.301,3.31,3.311,3.272,492986,161882591.0,1.18,0.27,0.009,3.05
512500,2022-11-18,3.313,3.304,3.33,3.296,471342,156233893.0,1.03,-0.18,-0.006,2.91
512500,2022-11-21,3.294,3.298,3.303,3.265,275241,90314654.0,1.15,-0.18,-0.006,1.7
512500,2022-11-22,3.297,3.266,3.298,3.252,442377,144699739.0,1.39,-0.97,-0.032,2.73
512500,2022-11-23,3.257,3.258,3.273,3.22,381691,123877653.0,1.62,-0.24,-0.008,2.36
512500,2022-11-24,3.261,3.261,3.279,3.246,334231,109226337.0,1.01,0.09,0.003,2.07
512500,2022-11-25,3.258,3.243,3.258,3.226,517902,167880960.0,0.98,-0.55,-0.018,3.2
512500,2022-11-28,3.223,3.226,3.231,3.178,367550,117890032.0,1.63,-0.52,-0.017,2.27
512500,2022-11-29,3.232,3.28,3.293,3.23,365776,119559045.0,1.95,1.67,0.054,2.26
512500,2022-11-30,3.273,3.272,3.293,3.258,228217,74828543.0,1.07,-0.24,-0.008,1.41
512500,2022-12-01,3.29,3.291,3.322,3.29,299002,98945910.0,0.98,0.58,0.019,1.85
512500,2022-12-02,3.284,3.285,3.31,3.28,320187,105537774.0,0.91,-0.18,-0.006,1.98
512500,2022-12-05,3.3,3.303,3.313,3.291,316949,104670387.0,0.67,0.55,0.018,1.96
512500,2022-12-06,3.297,3.304,3.328,3.289,350033,115775573.0,1.18,0.03,0.001,2.16
512500,2022-12-07,3.3,3.299,3.324,3.288,208182,68754128.0,1.09,-0.15,-0.005,1.29
512500,2022-12-08,3.3,3.291,3.301,3.28,246534,81103002.0,0.64,-0.24,-0.008,1.52
512500,2022-12-09,3.291,3.295,3.308,3.274,350994,115477663.0,1.03,0.12,0.004,2.17
512500,2022-12-12,3.295,3.282,3.295,3.273,720478,236506079.0,0.67,-0.39,-0.013,4.45
512500,2022-12-13,3.283,3.265,3.284,3.258,615310,200904264.0,0.79,-0.52,-0.017,3.8
512500,2022-12-14,3.257,3.25,3.274,3.238,564159,183618110.0,1.1,-0.46,-0.015,3.49
512500,2022-12-15,3.25,3.254,3.258,3.236,489782,159129188.0,0.68,0.12,0.004,3.03
512500,2022-12-16,3.24,3.242,3.246,3.223,722703,233855708.0,0.71,-0.37,-0.012,4.47
512500,2022-12-19,3.247,3.172,3.247,3.157,523509,167021484.0,2.78,-2.16,-0.07,3.23
512500,2022-12-20,3.17,3.14,3.17,3.125,536023,168571950.0,1.42,-1.01,-0.032,3.31
512500,2022-12-21,3.136,3.118,3.146,3.1,374478,116928411.0,1.46,-0.7,-0.022,2.31
512500,2022-12-22,3.127,3.085,3.133,3.067,430517,133591990.0,2.12,-1.06,-0.033,2.66
512500,2022-12-23,3.078,3.076,3.1,3.054,496916,152813350.0,1.49,-0.29,-0.009,3.07
512500,2022-12-26,3.091,3.115,3.122,3.076,440396,136864569.0,1.5,1.27,0.039,2.72
512500,2022-12-27,3.126,3.136,3.138,3.108,295365,92371011.0,0.96,0.67,0.021,1.83
512500,2022-12-28,3.133,3.127,3.137,3.117,304369,95131000.0,0.64,-0.29,-0.009,1.88
512500,2022-12-29,3.124,3.122,3.146,3.11,227938,71280784.0,1.15,-0.16,-0.005,1.41
512500,2022-12-30,3.131,3.124,3.138,3.114,407168,127191847.0,0.77,0.06,0.002,2.52
512500,2023-01-03,3.123,3.17,3.178,3.112,469583,148199708.0,2.11,1.47,0.046,2.9
512500,2023-01-04,3.17,3.17,3.179,3.155,253298,80305900.0,0.76,0.0,0.0,1.57
512500,2023-01-05,3.174,3.204,3.212,3.171,533355,170697905.0,1.29,1.07,0.034,3.3
512500,2023-01-06,3.204,3.206,3.227,3.197,250096,80312098.0,0.94,0.06,0.002,1.55
512500,2023-01-09,3.207,3.216,3.236,3.207,319491,102956801.0,0.9,0.31,0.01,1.97
512500,2023-01-10,3.211,3.219,3.225,3.207,167243,53789674.0,0.56,0.09,0.003,1.03
512500,2023-01-11,3.219,3.208,3.235,3.201,275923,88816950.0,1.06,-0.34,-0.011,1.7
512500,2023-01-12,3.204,3.205,3.225,3.197,184537,59204068.0,0.87,-0.09,-0.003,1.14
512500,2023-01-13,3.206,3.232,3.234,3.206,273747,88079669.0,0.87,0.84,0.027,1.69
512500,2023-01-16,3.235,3.263,3.291,3.235,346228,113302819.0,1.73,0.96,0.031,2.14
512500,2023-01-17,3.264,3.267,3.276,3.259,261611,85504252.0,0.52,0.12,0.004,1.62
512500,2023-01-18,3.269,3.277,3.291,3.269,292883,96158237.0,0.67,0.31,0.01,1.81
512500,2023-01-19,3.277,3.312,3.312,3.267,281279,92565698.0,1.37,1.07,0.035,1.74
512500,2023-01-20,3.309,3.335,3.338,3.308,351141,116938139.0,0.91,0.69,0.023,2.17
512500,2023-01-30,3.35,3.345,3.39,3.342,315105,106090396.0,1.44,0.3,0.01,1.95
512500,2023-01-31,3.348,3.351,3.365,3.337,286145,96002097.0,0.84,0.18,0.006,1.77
512500,2023-02-01,3.35,3.385,3.39,3.35,313177,105704364.0,1.19,1.01,0.034,1.94
512500,2023-02-02,3.394,3.391,3.41,3.377,252051,85526671.0,0.97,0.18,0.006,1.56
512500,2023-02-03,3.381,3.378,3.387,3.34,384371,129342719.0,1.39,-0.38,-0.013,2.37
512500,2023-02-06,3.361,3.359,3.37,3.341,270760,90815963.0,0.86,-0.56,-0.019,1.67
512500,2023-02-07,3.36,3.362,3.366,3.338,435559,146097310.0,0.83,0.09,0.003,2.69
512500,2023-02-08,3.362,3.338,3.369,3.333,479975,160863743.0,1.07,-0.71,-0.024,2.97
512500,2023-02-09,3.331,3.387,3.389,3.33,242568,81706325.0,1.77,1.47,0.049,1.5
512500,2023-02-10,3.386,3.38,3.389,3.352,413034,139244601.0,1.09,-0.21,-0.007,2.55
512500,2023-02-13,3.372,3.4,3.4,3.369,467140,158485125.0,0.92,0.59,0.02,2.89
512500,2023-02-14,3.398,3.407,3.415,3.391,159997,54445609.0,0.71,0.21,0.007,0.99
512500,2023-02-15,3.407,3.399,3.415,3.389,168916,57417484.0,0.76,-0.23,-0.008,1.04
512500,2023-02-16,3.397,3.353,3.428,3.333,417776,141463807.0,2.79,-1.35,-0.046,2.58
512500,2023-02-17,3.352,3.324,3.362,3.318,461393,154323760.0,1.31,-0.86,-0.029,2.85
512500,2023-02-20,3.33,3.378,3.383,3.312,414871,138629554.0,2.14,1.62,0.054,2.56
512500,2023-02-21,3.38,3.398,3.409,3.373,541698,183808111.0,1.07,0.59,0.02,3.35
512500,2023-02-22,3.389,3.4,3.408,3.38,584279,198158292.0,0.82,0.06,0.002,3.61
512500,2023-02-23,3.396,3.39,3.405,3.367,670668,227354477.0,1.12,-0.29,-0.01,4.14
512500,2023-02-24,3.383,3.381,3.396,3.357,354601,119640271.0,1.15,-0.27,-0.009,2.19
512500,2023-02-27,3.364,3.363,3.38,3.346,307073,103274292.0,1.01,-0.53,-0.018,1.9
512500,2023-02-28,3.367,3.386,3.39,3.35,406304,136997105.0,1.19,0.68,0.023,2.51
512500,2023-03-01,3.384,3.407,3.414,3.379,303909,103253693.0,1.03,0.62,0.021,1.88
512500,2023-03-02,3.4,3.4,3.415,3.393,438079,148987086.0,0.65,-0.21,-0.007,2.71
512500,2023-03-03,3.406,3.4,3.409,3.377,691730,234954279.0,0.94,0.0,0.0,4.27
512500,2023-03-06,3.4,3.402,3.413,3.385,307794,104594207.0,0.82,0.06,0.002,1.9
512500,2023-03-07,3.396,3.348,3.403,3.347,523697,176972051.0,1.65,-1.59,-0.054,3.24
512500,2023-03-08,3.344,3.354,3.36,3.336,259367,86890944.0,0.72,0.18,0.006,1.6
512500,2023-03-09,3.364,3.35,3.364,3.332,219936,73626409.0,0.95,-0.12,-0.004,1.36
512500,2023-03-10,3.342,3.31,3.342,3.305,244963,81324589.0,1.1,-1.19,-0.04,1.51
512500,2023-03-13,3.304,3.327,3.328,3.297,220026,72872056.0,0.94,0.51,0.017,1.36
512500,2023-03-14,3.327,3.298,3.327,3.27,361071,118950374.0,1.71,-0.87,-0.029,2.23
512500,2023-03-15,3.314,3.316,3.333,3.311,210831,70059639.0,0.67,0.55,0.018,1.3
512500,2023-03-16,3.32,3.275,3.32,3.268,311784,102719975.0,1.57,-1.24,-0.041,1.93
512500,2023-03-17,3.304,3.295,3.324,3.285,639423,211403441.0,1.19,0.61,0.02,3.95
512500,2023-03-20,3.3,3.284,3.307,3.277,286349,94255356.0,0.91,-0.33,-0.011,1.77
512500,2023-03-21,3.306,3.319,3.321,3.293,454564,150456012.0,0.85,1.07,0.035,2.81
512500,2023-03-22,3.324,3.334,3.338,3.324,360018,120011330.0,0.42,0.45,0.015,2.22
512500,2023-03-23,3.338,3.355,3.355,3.327,241066,80603126.0,0.84,0.63,0.021,1.49
512500,2023-03-24,3.355,3.358,3.36,3.343,365690,122649129.0,0.51,0.09,0.003,2.26
512500,2023-03-27,3.357,3.357,3.363,3.334,395046,132519720.0,0.86,-0.03,-0.001,2.44
512500,2023-03-28,3.351,3.35,3.367,3.343,270628,90825498.0,0.71,-0.21,-0.007,1.67
512500,2023-03-29,3.345,3.336,3.359,3.327,213669,71344311.0,0.96,-0.42,-0.014,1.32
512500,2023-03-30,3.33,3.354,3.355,3.315,295548,98668347.0,1.2,0.54,0.018,1.83
512500,2023-03-31,3.354,3.377,3.378,3.351,238599,80252980.0,0.81,0.69,0.023,1.47
512500,2023-04-03,3.383,3.411,3.42,3.383,381838,129805953.0,1.1,1.01,0.034,2.36
512500,2023-04-04,3.412,3.415,3.417,3.397,174962,59652576.0,0.59,0.12,0.004,1.08
512500,2023-04-06,3.411,3.414,3.42,3.403,204684,69866843.0,0.5,-0.03,-0.001,1.26
512500,2023-04-07,3.414,3.439,3.444,3.414,250835,86133478.0,0.88,0.73,0.025,1.55
512500,2023-04-10,3.439,3.416,3.443,3.411,271459,93064977.0,0.93,-0.67,-0.023,1.68
512500,2023-04-11,3.415,3.416,3.43,3.404,784498,268199835.0,0.76,0.0,0.0,4.85
512500,2023-04-12,3.414,3.428,3.43,3.413,714014,244287596.0,0.5,0.35,0.012,4.41
512500,2023-04-13,3.429,3.411,3.43,3.409,176301,60261682.0,0.61,-0.5,-0.017,1.09
512500,2023-04-14,3.411,3.422,3.432,3.407,190285,65071273.0,0.73,0.32,0.011,1.18
512500,2023-04-17,3.412,3.437,3.438,3.412,161208,55296824.0,0.76,0.44,0.015,1.0
512500,2023-04-18,3.434,3.431,3.437,3.414,163831,56152350.0,0.67,-0.17,-0.006,1.01
512500,2023-04-19,3.429,3.416,3.435,3.408,103402,35409150.0,0.79,-0.44,-0.015,0.64
512500,2023-04-20,3.412,3.41,3.412,3.397,377842,128593408.0,0.44,-0.18,-0.006,2.33
512500,2023-04-21,3.41,3.335,3.41,3.331,325903,109829011.0,2.32,-2.2,-0.075,2.01
512500,2023-04-24,3.336,3.312,3.338,3.297,248811,82548193.0,1.23,-0.69,-0.023,1.54
512500,2023-04-25,3.315,3.257,3.315,3.223,479300,156396927.0,2.78,-1.66,-0.055,2.96
512500,2023-04-26,3.249,3.272,3.285,3.248,384817,125720635.0,1.14,0.46,0.015,2.38
512500,2023-04-27,3.271,3.285,3.301,3.264,363453,119269102.0,1.13,0.4,0.013,2.25
512500,2023-04-28,3.286,3.332,3.335,3.279,705413,234272764.0,1.7,1.43,0.047,4.36
512500,2023-05-04,3.311,3.332,3.334,3.309,176395,58694209.0,0.75,0.0,0.0,1.09
512500,2023-05-05,3.328,3.304,3.332,3.288,237183,78254346.0,1.32,-0.84,-0.028,1.47
512500,2023-05-08,3.303,3.324,3.336,3.302,192581,63921458.0,1.03,0.61,0.02,1.19
512500,2023-05-09,3.325,3.291,3.339,3.291,275295,91201495.0,1.44,-0.99,-0.033,1.7
512500,2023-05-10,3.291,3.286,3.307,3.274,176142,57917009.0,1.0,-0.15,-0.005,1.09
512500,2023-05-11,3.3,3.277,3.3,3.275,128228,42138404.0,0.76,-0.27,-0.009,0.79
512500,2023-05-12,3.276,3.243,3.294,3.242,349767,114120618.0,1.59,-1.04,-0.034,2.16
512500,2023-05-15,3.248,3.282,3.286,3.224,403635,131301421.0,1.91,1.2,0.039,2.49
512500,2023-05-16,3.279,3.26,3.282,3.252,196198,64167627.0,0.91,-0.67,-0.022,1.21
512500,2023-05-17,3.26,3.261,3.275,3.248,258071,84115605.0,0.83,0.03,0.001,1.59
512500,2023-05-18,3.261,3.267,3.281,3.252,238880,78077712.0,0.89,0.18,0.006,1.48
512500,2023-05-19,3.269,3.27,3.287,3.247,339139,110729928.0,1.22,0.09,0.003,2.1
512500,2023-05-22,3.27,3.268,3.28,3.25,237484,77532903.0,0.92,-0.06,-0.002,1.47
512500,2023-05-23,3.268,3.233,3.27,3.232,569231,185357641.0,1.16,-1.07,-0.035,3.52
512500,2023-05-24,3.225,3.208,3.239,3.204,375230,120866052.0,1.08,-0.77,-0.025,2.32
512500,2023-05-25,3.201,3.207,3.223,3.164,507502,161778397.0,1.84,-0.03,-0.001,3.14
512500,2023-05-26,3.2,3.222,3.233,3.184,384154,123333890.0,1.53,0.47,0.015,2.37
512500,2023-05-29,3.222,3.223,3.239,3.212,459463,148195134.0,0.84,0.03,0.001,2.84
512500,2023-05-30,3.223,3.239,3.242,3.19,464051,149251489.0,1.61,0.5,0.016,2.87
512500,2023-05-31,3.239,3.24,3.243,3.218,794377,256683699.0,0.77,0.03,0.001,4.91
512500,2023-06-01,3.247,3.239,3.262,3.217,391235,126910439.0,1.39,-0.03,-0.001,2.42
512500,2023-06-02,3.25,3.266,3.276,3.243,448010,146388778.0,1.02,0.83,0.027,2.77
512500,2023-06-05,3.268,3.26,3.268,3.252,178025,58061929.0,0.49,-0.18,-0.006,1.1
512500,2023-06-06,3.25,3.198,3.259,3.195,240694,77661388.0,1.96,-1.9,-0.062,1.49
512500,2023-06-07,3.208,3.203,3.22,3.199,267388,85774645.0,0.66,0.16,0.005,1.65
512500,2023-06-08,3.203,3.199,3.213,3.175,371359,118519784.0,1.19,-0.12,-0.004,2.29
512500,2023-06-09,3.202,3.221,3.23,3.198,420616,135188635.0,1.0,0.69,0.022,2.6
512500,2023-06-12,3.215,3.233,3.244,3.215,436756,141280286.0,0.9,0.37,0.012,2.7
512500,2023-06-13,3.24,3.241,3.249,3.225,393665,127611232.0,0.74,0.25,0.008,2.43
512500,2023-06-14,3.249,3.249,3.261,3.242,566971,184277703.0,0.59,0.25,0.008,3.5
512500,2023-06-15,3.248,3.28,3.283,3.248,257151,84053800.0,1.08,0.95,0.031,1.59
512500,2023-06-16,3.275,3.304,3.314,3.27,455543,150255635.0,1.34,0.73,0.024,2.81
512500,2023-06-19,3.316,3.295,3.316,3.29,426228,140529906.0,0.79,-0.27,-0.009,2.63
512500,2023-06-20,3.295,3.294,3.305,3.282,474912,156386922.0,0.7,-0.03,-0.001,2.93
512500,2023-06-21,3.281,3.226,3.284,3.224,662878,215545260.0,1.82,-2.06,-0.068,4.1
512500,2023-06-26,3.213,3.17,3.217,3.166,821898,261543819.0,1.58,-1.74,-0.056,5.08
512500,2023-06-27,3.181,3.198,3.202,3.173,404100,128902994.0,0.91,0.88,0.028,2.5
512500,2023-06-28,3.2,3.202,3.203,3.153,497631,157942557.0,1.56,0.13,0.004,3.07
512500,2023-06-29,3.202,3.2,3.211,3.188,309159,98856459.0,0.72,-0.06,-0.002,1.91
512500,2023-06-30,3.191,3.235,3.241,3.191,398885,128738488.0,1.56,1.09,0.035,2.46
512500,2023-07-03,3.245,3.253,3.263,3.233,526711,171134945.0,0.93,0.56,0.018,3.25
512500,2023-07-04,3.251,3.259,3.261,3.249,326436,106300682.0,0.37,0.18,0.006,2.02
512500,2023-07-05,3.25,3.246,3.262,3.237,444208,144414391.0,0.77,-0.4,-0.013,2.74
512500,2023-07-06,3.23,3.225,3.258,3.223,605748,196119290.0,1.08,-0.65,-0.021,3.74
512500,2023-07-07,3.212,3.22,3.23,3.202,457144,146934486.0,0.87,-0.16,-0.005,2.82
512500,2023-07-10,3.226,3.228,3.243,3.213,324961,104919265.0,0.93,0.25,0.008,2.01
512500,2023-07-11,3.227,3.254,3.256,3.225,369508,119728454.0,0.96,0.81,0.026,2.28
512500,2023-07-12,3.256,3.222,3.257,3.219,304922,98821983.0,1.17,-0.98,-0.032,1.88
512500,2023-07-13,3.225,3.265,3.267,3.225,340792,110914057.0,1.3,1.33,0.043,2.11
512500,2023-07-14,3.269,3.255,3.271,3.254,278647,90909403.0,0.52,-0.31,-0.01,1.72
512500,2023-07-17,3.251,3.246,3.255,3.229,459221,148608328.0,0.8,-0.28,-0.009,2.84
512500,2023-07-18,3.241,3.242,3.252,3.229,546589,176846290.0,0.71,-0.12,-0.004,3.38
512500,2023-07-19,3.238,3.238,3.25,3.221,396753,128258595.0,0.89,-0.12,-0.004,2.45
512500,2023-07-20,3.24,3.201,3.248,3.197,706887,228458404.0,1.58,-1.14,-0.037,4.37
512500,2023-07-21,3.203,3.203,3.225,3.193,421218,135244430.0,1.0,0.06,0.002,2.6
512500,2023-07-24,3.197,3.199,3.221,3.188,595311,190802011.0,1.03,-0.12,-0.004,3.68
512500,2023-07-25,3.234,3.249,3.253,3.23,485097,157233330.0,0.72,1.56,0.05,3.0
512500,2023-07-26,3.238,3.243,3.251,3.233,440969,143013589.0,0.55,-0.18,-0.006,2.72
512500,2023-07-27,3.242,3.222,3.25,3.216,511669,165734843.0,1.05,-0.65,-0.021,3.16
512500,2023-07-28,3.212,3.269,3.274,3.206,519507,168638580.0,2.11,1.46,0.047,3.21
512500,2023-07-31,3.269,3.288,3.322,3.269,746714,246631481.0,1.62,0.58,0.019,4.61
512500,2023-08-01,3.284,3.292,3.306,3.284,539090,177725067.0,0.67,0.12,0.004,3.33
512500,2023-08-02,3.289,3.281,3.302,3.271,589047,193676031.0,0.94,-0.33,-0.011,3.64
512500,2023-08-03,3.274,3.292,3.293,3.265,424135,139074468.0,0.85,0.34,0.011,2.62
512500,2023-08-04,3.31,3.309,3.331,3.296,577511,191356704.0,1.06,0.52,0.017,3.57
512500,2023-08-07,3.308,3.293,3.31,3.287,825897,271920483.0,0.7,-0.48,-0.016,5.1
512500,2023-08-08,3.28,3.281,3.293,3.266,405957,133059733.0,0.82,-0.36,-0.012,2.51
512500,2023-08-09,3.261,3.257,3.28,3.254,863110,281942185.0,0.79,-0.73,-0.024,5.33
512500,2023-08-10,3.257,3.256,3.269,3.245,1189378,387481343.0,0.74,-0.03,-0.001,7.35
512500,2023-08-11,3.258,3.199,3.258,3.197,1077780,347425641.0,1.87,-1.75,-0.057,6.66
512500,2023-08-14,3.185,3.199,3.203,3.154,704730,224246687.0,1.53,0.0,0.0,4.35
512500,2023-08-15,3.199,3.18,3.208,3.155,602395,191495470.0,1.66,-0.59,-0.019,3.72
512500,2023-08-16,3.18,3.156,3.183,3.156,833012,263705498.0,0.85,-0.75,-0.024,5.15
512500,2023-08-17,3.153,3.175,3.182,3.127,718378,226720853.0,1.74,0.6,0.019,4.44
512500,2023-08-18,3.189,3.128,3.192,3.125,553202,174667675.0,2.11,-1.48,-0.047,3.42
512500,2023-08-21,3.123,3.088,3.14,3.085,628269,195972447.0,1.76,-1.28,-0.04,3.88
512500,2023-08-22,3.096,3.101,3.112,3.053,685496,211626947.0,1.91,0.42,0.013,4.24
512500,2023-08-23,3.095,3.044,3.095,3.038,634195,194342904.0,1.84,-1.84,-0.057,3.92
512500,2023-08-24,3.055,3.053,3.083,3.039,579542,177141478.0,1.45,0.3,0.009,3.58
512500,2023-08-25,3.041,3.017,3.057,3.002,783523,237389872.0,1.8,-1.18,-0.036,4.84
512500,2023-08-28,3.225,3.055,3.225,3.04,1017123,314425526.0,6.13,1.26,0.038,6.28
512500,2023-08-29,3.042,3.116,3.134,3.041,2732606,844553257.0,3.04,2.0,0.061,16.88
512500,2023-08-30,3.129,3.119,3.145,3.11,1127604,352429051.0,1.12,0.1,0.003,6.97
512500,2023-08-31,3.11,3.105,3.126,3.097,920109,286169125.0,0.93,-0.45,-0.014,5.69
512500,2023-09-01,3.116,3.109,3.123,3.099,619624,192689027.0,0.77,0.13,0.004,3.83
512500,2023-09-04,3.125,3.149,3.154,3.112,1384838,435181893.0,1.35,1.29,0.04,8.56
512500,2023-09-05,3.139,3.129,3.149,3.123,1454874,455268278.0,0.83,-0.64,-0.02,8.99
512500,2023-09-06,3.126,3.128,3.137,3.107,1380006,430871924.0,0.96,-0.03,-0.001,8.53
512500,2023-09-07,3.115,3.084,3.124,3.08,1025650,318187777.0,1.41,-1.41,-0.044,6.34
512500,2023-09-08,3.07,3.08,3.095,3.07,1272004,392150076.0,0.81,-0.13,-0.004,7.86
512500,2023-09-11,3.082,3.117,3.136,3.081,1287309,400482353.0,1.79,1.2,0.037,7.95
512500,2023-09-12,3.12,3.119,3.129,3.113,983687,307068996.0,0.51,0.06,0.002,6.08
512500,2023-09-13,3.119,3.089,3.119,3.072,1456177,450854466.0,1.51,-0.96,-0.03,9.0
512500,2023-09-14,3.083,3.085,3.089,3.067,955985,294314517.0,0.71,-0.13,-0.004,5.91
512500,2023-09-15,3.087,3.088,3.106,3.071,1023059,315777870.0,1.13,0.1,0.003,6.32
512500,2023-09-18,3.08,3.092,3.103,3.064,3073506,949998530.0,1.26,0.13,0.004,18.99
512500,2023-09-19,3.092,3.079,3.092,3.068,1521963,468151344.0,0.78,-0.42,-0.013,9.4
512500,2023-09-20,3.071,3.06,3.079,3.058,1475663,452689250.0,0.68,-0.62,-0.019,9.12
512500,2023-09-21,3.06,3.033,3.066,3.031,1445639,439972798.0,1.14,-0.88,-0.027,8.93
512500,2023-09-22,3.033,3.086,3.086,3.032,1891650,578859857.0,1.78,1.75,0.053,11.69
512500,2023-09-25,3.089,3.068,3.089,3.059,1487635,455951036.0,0.97,-0.58,-0.018,9.19
512500,2023-09-26,3.066,3.057,3.074,3.056,1772833,542972789.0,0.59,-0.36,-0.011,10.95
512500,2023-09-27,3.056,3.071,3.085,3.056,2362498,726126964.0,0.95,0.46,0.014,14.6
512500,2023-09-28,3.073,3.075,3.081,3.067,1890127,581261565.0,0.46,0.13,0.004,11.68
512500,2023-10-09,3.068,3.056,3.074,3.042,1761667,537695080.0,1.04,-0.62,-0.019,10.89
512500,2023-10-10,3.058,3.044,3.074,3.04,1443269,439926378.0,1.11,-0.39,-0.012,8.92
512500,2023-10-11,3.044,3.041,3.071,3.033,1349285,411392890.0,1.25,-0.1,-0.003,8.34
512500,2023-10-12,3.057,3.061,3.066,3.048,1258495,385101033.0,0.59,0.66,0.02,7.78
512500,2023-10-13,3.05,3.048,3.051,3.037,1056383,321417389.0,0.46,-0.42,-0.013,6.53
512500,2023-10-16,3.044,3.019,3.05,3.006,1177353,355562332.0,1.44,-0.95,-0.029,7.27
512500,2023-10-17,3.02,3.024,3.026,3.004,1511273,455468423.0,0.73,0.17,0.005,9.34
512500,2023-10-18,3.015,2.988,3.021,2.981,1007852,301884298.0,1.32,-1.19,-0.036,6.23
512500,2023-10-19,2.982,2.952,2.989,2.95,1330229,395012606.0,1.31,-1.2,-0.036,8.22
512500,2023-10-20,2.95,2.932,2.959,2.922,1441516,423932531.0,1.25,-0.68,-0.02,8.91
512500,2023-10-23,2.929,2.857,2.929,2.845,1583704,456238077.0,2.86,-2.56,-0.075,9.79
512500,2023-10-24,2.87,2.887,2.895,2.855,1826057,525086731.0,1.4,1.05,0.03,11.28
512500,2023-10-25,2.902,2.899,2.931,2.898,1358354,395775187.0,1.14,0.42,0.012,8.39
512500,2023-10-26,2.898,2.915,2.923,2.883,1095081,317204597.0,1.38,0.55,0.016,6.77
512500,2023-10-27,2.905,2.97,2.984,2.905,1221451,360583672.0,2.71,1.89,0.055,7.55
512500,2023-10-30,2.962,2.994,3.006,2.962,931970,278387157.0,1.48,0.81,0.024,5.76
512500,2023-10-31,2.989,2.99,2.999,2.973,1388624,414309330.0,0.87,-0.13,-0.004,8.58
512500,2023-11-01,2.995,2.98,2.995,2.968,972780,289590553.0,0.9,-0.33,-0.01,6.01
512500,2023-11-02,2.98,2.954,2.99,2.95,721263,213843199.0,1.34,-0.87,-0.026,4.46
512500,2023-11-03,2.957,2.976,2.996,2.955,2065324,615551594.0,1.39,0.74,0.022,12.76
512500,2023-11-06,2.991,3.025,3.03,2.991,1723979,520539346.0,1.31,1.65,0.049,10.65
512500,2023-11-07,3.024,3.029,3.043,3.013,1046311,316769806.0,0.99,0.13,0.004,6.47
512500,2023-11-08,3.024,3.027,3.042,3.01,1180679,357727790.0,1.06,-0.07,-0.002,7.3
512500,2023-11-09,3.029,3.022,3.048,3.013,1361550,411630767.0,1.16,-0.17,-0.005,8.41
512500,2023-11-10,3.019,3.009,3.019,2.997,1468005,441427460.0,0.73,-0.43,-0.013,9.07
512500,2023-11-13,3.009,3.024,3.027,3.002,1547039,465888462.0,0.83,0.5,0.015,9.56
512500,2023-11-14,3.024,3.04,3.045,3.023,1590239,482619770.0,0.73,0.53,0.016,9.83
512500,2023-11-15,3.07,3.057,3.072,3.048,1725950,527727630.0,0.79,0.56,0.017,10.66
512500,2023-11-16,3.054,3.03,3.054,3.029,991172,301250540.0,0.82,-0.88,-0.027,6.12
512500,2023-11-17,3.025,3.038,3.039,3.02,1222156,370534848.0,0.63,0.26,0.008,7.55
512500,2023-11-20,3.038,3.056,3.064,3.026,1283405,390396822.0,1.25,0.59,0.018,7.93
512500,2023-11-21,3.059,3.048,3.08,3.042,868247,266088990.0,1.24,-0.26,-0.008,5.36
512500,2023-11-22,3.032,3.01,3.047,3.008,1165611,353355859.0,1.28,-1.25,-0.038,7.2
512500,2023-11-23,3.007,3.037,3.041,2.994,1450972,438294395.0,1.56,0.9,0.027,8.97
512500,2023-11-24,3.037,3.01,3.037,2.999,1866356,562443290.0,1.25,-0.89,-0.027,11.53
512500,2023-11-27,3.01,3.005,3.014,2.986,1251884,375303708.0,0.93,-0.17,-0.005,7.74
512500,2023-11-28,3.005,3.021,3.024,2.982,998296,299904256.0,1.4,0.53,0.016,6.17
512500,2023-11-29,3.018,3.006,3.018,2.997,729455,219588765.0,0.7,-0.5,-0.015,4.51
512500,2023-11-30,2.999,2.994,3.006,2.976,659807,197416035.0,1.0,-0.4,-0.012,4.08
512500,2023-12-01,2.986,3.007,3.014,2.98,817935,244887248.0,1.14,0.43,0.013,5.05
512500,2023-12-04,3.02,3.0,3.021,3.0,690965,207859217.0,0.7,-0.23,-0.007,4.27
512500,2023-12-05,2.994,2.95,2.996,2.947,613704,182533434.0,1.63,-1.67,-0.05,3.79
512500,2023-12-06,2.951,2.958,2.98,2.941,872951,258377503.0,1.32,0.27,0.008,5.39
512500,2023-12-07,2.95,2.963,2.973,2.938,1398125,413494356.0,1.18,0.17,0.005,8.64
512500,2023-12-08,2.965,2.968,2.983,2.96,1481006,440408431.0,0.78,0.17,0.005,9.15
512500,2023-12-11,2.964,3.008,3.014,2.937,2137663,637855395.0,2.59,1.35,0.04,13.21
512500,2023-12-12,3.017,3.006,3.017,2.994,1053391,316201834.0,0.76,-0.07,-0.002,6.51
512500,2023-12-13,3.001,2.974,3.001,2.97,1498930,447548969.0,1.03,-1.06,-0.032,9.26
512500,2023-12-14,2.981,2.965,3.001,2.959,967318,288593221.0,1.41,-0.3,-0.009,5.98
512500,2023-12-15,2.977,2.942,2.979,2.935,1648295,486257763.0,1.48,-0.78,-0.023,10.18
512500,2023-12-18,2.943,2.911,2.943,2.902,1066825,311749606.0,1.39,-1.05,-0.031,6.59
512500,2023-12-19,2.909,2.904,2.92,2.886,1471730,427400328.0,1.17,-0.24,-0.007,9.09
512500,2023-12-20,2.904,2.872,2.911,2.868,1198927,345747028.0,1.48,-1.1,-0.032,7.41
512500,2023-12-21,2.864,2.879,2.892,2.837,1630026,466399395.0,1.92,0.24,0.007,10.07
512500,2023-12-22,2.879,2.869,2.897,2.855,1679646,481886728.0,1.46,-0.35,-0.01,10.38
512500,2023-12-25,2.861,2.865,2.884,2.855,1494902,428745734.0,1.01,-0.14,-0.004,9.24
512500,2023-12-26,2.873,2.841,2.873,2.829,2275270,646646092.0,1.54,-0.84,-0.024,14.06
512500,2023-12-27,2.839,2.848,2.859,2.824,1328336,377402644.0,1.23,0.25,0.007,8.21
512500,2023-12-28,2.842,2.904,2.917,2.842,2593814,750135985.0,2.63,1.97,0.056,16.03
512500,2023-12-29,2.904,2.932,2.937,2.898,1708808,500276702.0,1.34,0.96,0.028,10.56
512500,2024-01-02,2.928,2.917,2.933,2.916,1816837,531689604.0,0.58,-0.51,-0.015,11.23
512500,2024-01-03,2.919,2.917,2.927,2.897,1169034,340455105.0,1.03,0.0,0.0,7.22
512500,2024-01-04,2.905,2.894,2.907,2.875,1800244,519794453.0,1.1,-0.79,-0.023,11.12
512500,2024-01-05,2.891,2.851,2.897,2.84,993771,285747585.0,1.97,-1.49,-0.043,6.14
512500,2024-01-08,2.84,2.781,2.854,2.78,1540131,432253980.0,2.6,-2.46,-0.07,9.52
512500,2024-01-09,2.785,2.801,2.816,2.777,1369198,382865424.0,1.4,0.72,0.02,8.46
512500,2024-01-10,2.79,2.782,2.814,2.759,1026851,286625950.0,1.96,-0.68,-0.019,6.34
512500,2024-01-11,2.774,2.819,2.831,2.774,1398260,392718048.0,2.05,1.33,0.037,8.64
512500,2024-01-12,2.816,2.804,2.842,2.803,1508259,426352608.0,1.38,-0.53,-0.015,9.32
512500,2024-01-15,2.8,2.8,2.828,2.78,702654,197214677.0,1.71,-0.14,-0.004,4.34
512500,2024-01-16,2.789,2.799,2.814,2.764,1051431,294334315.0,1.79,-0.04,-0.001,6.5
512500,2024-01-17,2.778,2.732,2.792,2.73,591819,164131930.0,2.22,-2.39,-0.067,3.66
512500,2024-01-18,2.728,2.735,2.738,2.655,1034379,279391828.0,3.04,0.11,0.003,6.39
512500,2024-01-19,2.717,2.715,2.74,2.707,940265,256000928.0,1.21,-0.73,-0.02,5.81
512500,2024-01-22,2.714,2.586,2.714,2.567,730791,193641729.0,5.41,-4.75,-0.129,4.52
512500,2024-01-23,2.578,2.627,2.641,2.546,952644,248407845.0,3.67,1.59,0.041,5.89
512500,2024-01-24,2.639,2.662,2.67,2.568,996163,260549113.0,3.88,1.33,0.035,6.16
512500,2024-01-25,2.66,2.74,2.742,2.644,1695203,458580230.0,3.68,2.93,0.078,10.47
512500,2024-01-26,2.73,2.713,2.742,2.7,944772,257286320.0,1.53,-0.99,-0.027,5.84
512500,2024-01-29,2.724,2.662,2.727,2.661,602198,161687503.0,2.43,-1.88,-0.051,3.72
512500,2024-01-30,2.657,2.599,2.667,2.593,697162,184110933.0,2.78,-2.37,-0.063,4.31
512500,2024-01-31,2.595,2.538,2.608,2.533,843200,216125127.0,2.89,-2.35,-0.061,5.21
512500,2024-02-01,2.531,2.53,2.577,2.495,1012278,256621679.0,3.23,-0.32,-0.008,6.25
512500,2024-02-02,2.533,2.46,2.553,2.388,1175836,292120354.0,6.52,-2.77,-0.07,7.27
512500,2024-02-05,2.442,2.404,2.484,2.312,1572950,377289595.0,6.99,-2.28,-0.056,9.72
512500,2024-02-06,2.393,2.602,2.613,2.373,3243572,809699214.0,9.98,8.24,0.198,20.04
512500,2024-02-07,2.601,2.77,2.775,2.596,1974681,537513957.0,6.88,6.46,0.168,12.2
512500,2024-02-08,2.81,2.792,2.909,2.769,6535424,1845824717.0,5.05,0.79,0.022,40.38
512500,2024-02-19,2.798,2.765,2.822,2.739,13075274,3630507770.0,2.97,-0.97,-0.027,80.79
512500,2024-02-20,2.756,2.768,2.775,2.731,1110720,306299953.0,1.59,0.11,0.003,6.86
512500,2024-02-21,2.76,2.765,2.834,2.742,1514905,422182389.0,3.32,-0.11,-0.003,9.36
512500,2024-02-22,2.766,2.786,2.797,2.758,1144591,317793504.0,1.41,0.76,0.021,7.07
512500,2024-02-23,2.783,2.8,2.803,2.757,1288843,358167435.0,1.65,0.5,0.014,7.96
512500,2024-02-26,2.792,2.8,2.834,2.782,1443608,405325919.0,1.86,0.0,0.0,8.92
512500,2024-02-27,2.795,2.866,2.869,2.784,1162564,327902391.0,3.04,2.36,0.066,7.18
512500,2024-02-28,2.866,2.793,2.905,2.791,1716763,490795733.0,3.98,-2.55,-0.073,10.61
512500,2024-02-29,2.779,2.882,2.888,2.779,3445903,985433861.0,3.9,3.19,0.089,21.29
512500,2024-03-01,2.885,2.901,2.909,2.87,2603068,752670055.0,1.35,0.66,0.019,16.08
512500,2024-03-04,2.901,2.9,2.913,2.869,970089,280603738.0,1.52,-0.03,-0.001,5.99
512500,2024-03-05,2.88,2.883,2.904,2.875,6991971,2022206844.0,1.0,-0.59,-0.017,43.2
512500,2024-03-06,2.878,2.882,2.917,2.857,2190801,631553452.0,2.08,-0.03,-0.001,13.54
512500,2024-03-07,2.879,2.845,2.904,2.843,966883,278318254.0,2.12,-1.28,-0.037,5.97
512500,2024-03-08,2.855,2.884,2.894,2.84,1505724,431763119.0,1.9,1.37,0.039,9.3
512500,2024-03-11,2.881,2.936,2.939,2.877,1897332,548630190.0,2.15,1.8,0.052,11.72
512500,2024-03-12,2.936,2.923,2.954,2.905,1308919,382780798.0,1.67,-0.44,-0.013,8.09
512500,2024-03-13,2.923,2.918,2.946,2.905,683230,199768757.0,1.4,-0.17,-0.005,4.22
512500,2024-03-14,2.916,2.905,2.937,2.885,1495860,435751206.0,1.78,-0.45,-0.013,9.24
512500,2024-03-15,2.907,2.945,2.945,2.886,1642471,477474880.0,2.03,1.38,0.04,10.15
512500,2024-03-18,2.945,2.985,2.986,2.942,844249,250177314.0,1.49,1.36,0.04,5.22
512500,2024-03-19,2.985,2.953,2.985,2.949,1073600,318627569.0,1.21,-1.07,-0.032,6.63
512500,2024-03-20,2.954,2.958,2.967,2.942,940666,277875154.0,0.85,0.17,0.005,5.81
512500,2024-03-21,2.967,2.945,2.971,2.938,1638188,483530559.0,1.12,-0.44,-0.013,10.12
512500,2024-03-22,2.941,2.902,2.946,2.885,1014537,295196428.0,2.07,-1.46,-0.043,6.27
512500,2024-03-25,2.89,2.859,2.913,2.851,1163425,335938067.0,2.14,-1.48,-0.043,7.19
512500,2024-03-26,2.858,2.844,2.869,2.826,1331028,379639828.0,1.5,-0.52,-0.015,8.22
512500,2024-03-27,2.837,2.78,2.846,2.778,2054533,579363350.0,2.39,-2.25,-0.064,12.69
512500,2024-03-28,2.784,2.815,2.846,2.784,1507927,425054407.0,2.23,1.26,0.035,9.32
512500,2024-03-29,2.807,2.85,2.853,2.806,1541298,435576199.0,1.67,1.24,0.035,9.52
512500,2024-04-01,2.855,2.91,2.915,2.855,1267465,366697882.0,2.11,2.11,0.06,7.83
512500,2024-04-02,2.904,2.898,2.912,2.883,1709255,495039348.0,1.0,-0.41,-0.012,10.56
512500,2024-04-03,2.898,2.896,2.901,2.88,1376519,397780930.0,0.72,-0.07,-0.002,8.51
512500,2024-04-08,2.894,2.855,2.901,2.853,1401406,403360521.0,1.66,-1.42,-0.041,8.66
512500,2024-04-09,2.855,2.879,2.88,2.852,635881,182173738.0,0.98,0.84,0.024,3.93
512500,2024-04-10,2.874,2.844,2.874,2.823,1042589,296932316.0,1.77,-1.22,-0.035,6.44
512500,2024-04-11,2.825,2.859,2.887,2.824,1240170,355183129.0,2.22,0.53,0.015,7.66
512500,2024-04-12,2.858,2.843,2.877,2.837,1318543,376812674.0,1.4,-0.56,-0.016,8.15
512500,2024-04-15,2.843,2.88,2.898,2.814,1562242,447149970.0,2.95,1.3,0.037,9.65
512500,2024-04-16,2.86,2.804,2.883,2.792,1579034,448478997.0,3.16,-2.64,-0.076,9.76
512500,2024-04-17,2.808,2.878,2.879,2.806,1312222,374109632.0,2.6,2.64,0.074,8.11
512500,2024-04-18,2.863,2.881,2.919,2.855,2157837,623950694.0,2.22,0.1,0.003,13.33
512500,2024-04-19,2.869,2.861,2.893,2.85,1547778,443433445.0,1.49,-0.69,-0.02,9.56
512500,2024-04-22,2.86,2.84,2.881,2.833,1285380,367067268.0,1.68,-0.73,-0.021,7.94
512500,2024-04-23,2.844,2.808,2.853,2.801,1220949,344179725.0,1.83,-1.13,-0.032,7.54
512500,2024-04-24,2.803,2.838,2.839,2.791,1591594,448333332.0,1.71,1.07,0.03,9.83
512500,2024-04-25,2.83,2.834,2.857,2.818,1127790,320101036.0,1.37,-0.14,-0.004,6.97
512500,2024-04-26,2.837,2.894,2.903,2.837,2488023,715082375.0,2.33,2.12,0.06,15.37
512500,2024-04-29,2.899,2.953,2.963,2.899,1751279,515339048.0,2.21,2.04,0.059,10.82
512500,2024-04-30,2.952,2.933,2.96,2.931,875603,257517177.0,0.98,-0.68,-0.02,5.41
512500,2024-05-06,2.956,2.976,2.987,2.955,1837445,546935113.0,1.09,1.47,0.043,11.35
512500,2024-05-07,2.974,2.976,2.99,2.966,937497,279058886.0,0.81,0.0,0.0,5.79
512500,2024-05-08,2.975,2.94,2.975,2.937,1343415,396073395.0,1.28,-1.21,-0.036,8.3
512500,2024-05-09,2.95,2.994,3.002,2.948,1301253,388343920.0,1.84,1.84,0.054,8.04
512500,2024-05-10,2.995,2.983,3.006,2.961,1779879,529263827.0,1.5,-0.37,-0.011,11.0
512500,2024-05-13,2.962,2.967,2.981,2.942,1033085,305557874.0,1.31,-0.54,-0.016,6.38
512500,2024-05-14,2.961,2.964,2.989,2.955,1220391,362073044.0,1.15,-0.1,-0.003,7.54
512500,2024-05-15,2.965,2.938,2.965,2.933,626751,184817172.0,1.08,-0.88,-0.026,3.87
512500,2024-05-16,2.944,2.929,2.958,2.916,1088020,320181329.0,1.43,-0.31,-0.009,6.72
512500,2024-05-17,2.93,2.963,2.967,2.92,1410871,414878291.0,1.6,1.16,0.034,8.72
512500,2024-05-20,2.975,2.979,2.99,2.958,1838733,547332879.0,1.08,0.54,0.016,11.36
512500,2024-05-21,2.965,2.958,2.975,2.948,770864,228296758.0,0.91,-0.7,-0.021,4.76
512500,2024-05-22,2.953,2.951,2.962,2.947,382018,112892526.0,0.51,-0.24,-0.007,2.36
512500,2024-05-23,2.95,2.9,2.95,2.889,1018244,295850541.0,2.07,-1.73,-0.051,6.29
512500,2024-05-24,2.895,2.871,2.92,2.869,1134965,328203824.0,1.76,-1.0,-0.029,7.01
512500,2024-05-27,2.873,2.902,2.904,2.854,696134,200101574.0,1.74,1.08,0.031,4.3
512500,2024-05-28,2.898,2.875,2.899,2.869,713593,206062994.0,1.03,-0.93,-0.027,4.41
512500,2024-05-29,2.876,2.88,2.902,2.87,1268530,366642730.0,1.11,0.17,0.005,7.84
512500,2024-05-30,2.886,2.877,2.898,2.863,795697,229189488.0,1.22,-0.1,-0.003,4.92
512500,2024-05-31,2.877,2.875,2.903,2.874,980228,282936654.0,1.01,-0.07,-0.002,6.06
512500,2024-06-03,2.873,2.853,2.879,2.831,1014821,289893966.0,1.67,-0.77,-0.022,6.27
512500,2024-06-04,2.846,2.892,2.9,2.842,752188,215742043.0,2.03,1.37,0.039,4.65
512500,2024-06-05,2.888,2.86,2.895,2.858,706899,203855909.0,1.28,-1.11,-0.032,4.37
512500,2024-06-06,2.868,2.839,2.878,2.828,1039695,297155448.0,1.75,-0.73,-0.021,6.42
512500,2024-06-07,2.851,2.824,2.859,2.808,742333,210207154.0,1.8,-0.53,-0.015,4.59
512500,2024-06-11,2.807,2.833,2.841,2.801,693075,195145142.0,1.42,0.32,0.009,4.28
512500,2024-06-12,2.833,2.84,2.85,2.827,421345,119636582.0,0.81,0.25,0.007,2.6
512500,2024-06-13,2.845,2.826,2.846,2.815,361866,102369483.0,1.09,-0.49,-0.014,2.24
512500,2024-06-14,2.824,2.839,2.85,2.809,880933,249139832.0,1.45,0.46,0.013,5.44
512500,2024-06-17,2.834,2.831,2.841,2.823,497731,141052564.0,0.63,-0.28,-0.008,3.08
512500,2024-06-18,2.835,2.843,2.854,2.831,639478,181939452.0,0.81,0.42,0.012,3.95
512500,2024-06-19,2.847,2.814,2.852,2.812,791405,223109556.0,1.41,-1.02,-0.029,4.89
512500,2024-06-20,2.814,2.771,2.822,2.77,776344,216516900.0,1.85,-1.53,-0.043,4.8
512500,2024-06-21,2.771,2.777,2.792,2.762,657479,182689149.0,1.08,0.22,0.006,4.06
512500,2024-06-24,2.769,2.721,2.77,2.715,630847,172807183.0,1.98,-2.02,-0.056,3.9
512500,2024-06-25,2.725,2.7,2.73,2.678,983132,266416375.0,1.91,-0.77,-0.021,6.07
512500,2024-06-26,2.699,2.734,2.74,2.679,514870,138950914.0,2.26,1.26,0.034,3.18
512500,2024-06-27,2.731,2.689,2.731,2.682,711545,192109825.0,1.79,-1.65,-0.045,4.4
512500,2024-06-28,2.681,2.693,2.731,2.681,737236,199943565.0,1.86,0.15,0.004,4.56
512500,2024-07-01,2.697,2.724,2.738,2.685,683565,185085289.0,1.97,1.15,0.031,4.22
512500,2024-07-02,2.724,2.699,2.727,2.689,525967,142493389.0,1.4,-0.92,-0.025,3.25
512500,2024-07-03,2.698,2.675,2.703,2.673,749260,201239890.0,1.11,-0.89,-0.024,4.63
512500,2024-07-04,2.685,2.636,2.689,2.632,692413,184256148.0,2.13,-1.46,-0.039,4.28
512500,2024-07-05,2.635,2.659,2.665,2.618,1039353,274256310.0,1.78,0.87,0.023,6.42
512500,2024-07-08,2.657,2.615,2.657,2.603,426364,111936407.0,2.03,-1.65,-0.044,2.63
512500,2024-07-09,2.605,2.662,2.673,2.594,887880,233778329.0,3.02,1.8,0.047,5.49
512500,2024-07-10,2.66,2.645,2.673,2.643,592841,157573941.0,1.13,-0.64,-0.017,3.66
512500,2024-07-11,2.669,2.697,2.702,2.66,825349,221915333.0,1.59,1.97,0.052,5.1
512500,2024-07-12,2.697,2.685,2.698,2.679,450405,121095193.0,0.7,-0.44,-0.012,2.78
512500,2024-07-15,2.68,2.666,2.68,2.659,688421,183698604.0,0.78,-0.71,-0.019,4.25
512500,2024-07-16,2.666,2.675,2.683,2.65,571840,152419395.0,1.24,0.34,0.009,3.53
512500,2024-07-17,2.669,2.655,2.677,2.652,456494,121488485.0,0.93,-0.75,-0.02,2.82
512500,2024-07-18,2.646,2.67,2.671,2.621,699146,184622307.0,1.88,0.56,0.015,4.32
512500,2024-07-19,2.656,2.67,2.682,2.648,647862,172748107.0,1.27,0.0,0.0,4.0
512500,2024-07-22,2.668,2.657,2.677,2.645,351319,93500815.0,1.2,-0.49,-0.013,2.17
512500,2024-07-23,2.656,2.582,2.668,2.581,437422,114601144.0,3.27,-2.82,-0.075,2.7
512500,2024-07-24,2.584,2.552,2.592,2.548,463861,119302188.0,1.7,-1.16,-0.03,2.87
512500,2024-07-25,2.547,2.55,2.58,2.536,464577,118552439.0,1.72,-0.08,-0.002,2.87
512500,2024-07-26,2.551,2.589,2.599,2.551,489605,126476046.0,1.88,1.53,0.039,3.03
512500,2024-07-29,2.59,2.574,2.595,2.573,403788,104176290.0,0.85,-0.58,-0.015,2.49
512500,2024-07-30,2.571,2.571,2.581,2.544,567048,145446641.0,1.44,-0.12,-0.003,3.5
512500,2024-07-31,2.575,2.68,2.681,2.564,1600743,423543870.0,4.55,4.24,0.109,9.89
512500,2024-08-01,2.677,2.657,2.699,2.645,717922,191302745.0,2.01,-0.86,-0.023,4.44
512500,2024-08-02,2.64,2.622,2.67,2.617,587159,155071124.0,1.99,-1.32,-0.035,3.63
512500,2024-08-05,2.613,2.574,2.656,2.569,825928,215870774.0,3.32,-1.83,-0.048,5.1
512500,2024-08-06,2.6,2.597,2.617,2.569,517195,133985901.0,1.86,0.89,0.023,3.2
512500,2024-08-07,2.597,2.599,2.62,2.58,568625,147863957.0,1.54,0.08,0.002,3.51
512500,2024-08-08,2.59,2.605,2.625,2.573,530127,137489548.0,2.0,0.23,0.006,3.28
512500,2024-08-09,2.61,2.583,2.632,2.582,502794,130841608.0,1.92,-0.84,-0.022,3.11
512500,2024-08-12,2.584,2.582,2.596,2.57,757540,195637464.0,1.01,-0.04,-0.001,4.68
512500,2024-08-13,2.584,2.588,2.59,2.561,966369,248674401.0,1.12,0.23,0.006,5.97
512500,2024-08-14,2.59,2.552,2.59,2.552,1042765,267250460.0,1.47,-1.39,-0.036,6.44
512500,2024-08-15,2.551,2.57,2.6,2.545,846062,217553094.0,2.16,0.71,0.018,5.23
512500,2024-08-16,2.571,2.556,2.578,2.554,581024,148988487.0,0.93,-0.54,-0.014,3.59
512500,2024-08-19,2.557,2.563,2.592,2.555,845324,217574324.0,1.45,0.27,0.007,5.22
512500,2024-08-20,2.563,2.519,2.567,2.512,920977,232965111.0,2.15,-1.72,-0.044,5.69
512500,2024-08-21,2.513,2.513,2.526,2.51,333892,83992372.0,0.64,-0.24,-0.006,2.06
512500,2024-08-22,2.514,2.487,2.519,2.479,855236,213602935.0,1.59,-1.03,-0.026,5.28
512500,2024-08-23,2.482,2.485,2.495,2.474,727720,180753994.0,0.84,-0.08,-0.002,4.5
512500,2024-08-26,2.485,2.486,2.498,2.477,734590,182399987.0,0.85,0.04,0.001,4.54
512500,2024-08-27,2.48,2.459,2.481,2.456,806742,198794448.0,1.01,-1.09,-0.027,4.98
512500,2024-08-28,2.452,2.462,2.481,2.452,219348,54075069.0,1.18,0.12,0.003,1.36
512500,2024-08-29,2.451,2.497,2.509,2.45,541490,134368279.0,2.4,1.42,0.035,3.35
512500,2024-08-30,2.496,2.54,2.579,2.493,993801,253096364.0,3.44,1.72,0.043,6.14
512500,2024-09-02,2.541,2.49,2.541,2.486,720224,180746898.0,2.17,-1.97,-0.05,4.45
512500,2024-09-03,2.487,2.515,2.527,2.487,599633,150566408.0,1.61,1.0,0.025,3.71
512500,2024-09-04,2.509,2.509,2.533,2.49,465488,116868326.0,1.71,-0.24,-0.006,2.88
512500,2024-09-05,2.507,2.519,2.538,2.507,456353,115121517.0,1.24,0.4,0.01,2.82
512500,2024-09-06,2.525,2.488,2.528,2.481,1218921,304516381.0,1.87,-1.23,-0.031,7.53
512500,2024-09-09,2.482,2.468,2.49,2.458,420432,104089951.0,1.29,-0.8,-0.02,2.6
512500,2024-09-10,2.468,2.468,2.481,2.425,723057,177302091.0,2.27,0.0,0.0,4.47
512500,2024-09-11,2.464,2.474,2.481,2.452,410382,101286948.0,1.18,0.24,0.006,2.54
512500,2024-09-12,2.477,2.465,2.503,2.461,503740,124878564.0,1.7,-0.36,-0.009,3.11
512500,2024-09-13,2.464,2.438,2.471,2.437,526801,129240320.0,1.38,-1.1,-0.027,3.26
512500,2024-09-18,2.438,2.445,2.453,2.404,702489,170670792.0,2.01,0.29,0.007,4.34
512500,2024-09-19,2.45,2.481,2.503,2.427,742588,183222412.0,3.11,1.47,0.036,4.59
512500,2024-09-20,2.475,2.463,2.475,2.451,1252998,308319009.0,0.97,-0.73,-0.018,7.74
512500,2024-09-23,2.462,2.462,2.493,2.451,1363197,337605961.0,1.71,-0.04,-0.001,8.42
512500,2024-09-24,2.49,2.578,2.579,2.468,2588592,656878525.0,4.51,4.71,0.116,15.99
512500,2024-09-25,2.599,2.594,2.658,2.588,1253674,328707867.0,2.72,0.62,0.016,7.75
512500,2024-09-26,2.582,2.724,2.724,2.582,1436870,380269038.0,5.47,5.01,0.13,8.88
512500,2024-09-27,2.757,2.89,2.928,2.752,1020358,287792513.0,6.46,6.09,0.166,6.3
512500,2024-09-30,3.041,3.179,3.179,2.966,1573814,484149872.0,7.37,10.0,0.289,9.72
512500,2024-10-08,3.497,3.368,3.497,3.18,1687292,572026535.0,9.97,5.95,0.189,10.43
512500,2024-10-09,3.33,3.154,3.7,3.068,1960544,631669696.0,18.76,-6.35,-0.214,12.11
512500,2024-10-10,3.16,3.124,3.22,3.076,1305937,410264103.0,4.57,-0.95,-0.03,8.07
512500,2024-10-11,3.121,2.997,3.121,2.958,1049051,317214424.0,5.22,-4.07,-0.127,6.48
512500,2024-10-14,3.01,3.066,3.081,2.961,1080412,325472917.0,4.0,2.3,0.069,6.68
512500,2024-10-15,3.063,2.997,3.101,2.993,833473,254516049.0,3.52,-2.25,-0.069,5.15
512500,2024-10-16,2.97,2.99,3.041,2.961,687125,205904542.0,2.67,-0.23,-0.007,4.25
512500,2024-10-17,3.002,2.966,3.038,2.964,1468835,440364482.0,2.47,-0.8,-0.024,9.08
512500,2024-10-18,2.96,3.087,3.193,2.96,1476384,452720463.0,7.86,4.08,0.121,9.12
512500,2024-10-21,3.096,3.12,3.178,3.082,1176245,368137142.0,3.11,1.07,0.033,7.27
512500,2024-10-22,3.122,3.15,3.163,3.104,850130,266427850.0,1.89,0.96,0.03,5.25
512500,2024-10-23,3.142,3.163,3.209,3.138,958160,303942209.0,2.25,0.41,0.013,5.92
512500,2024-10-24,3.15,3.135,3.154,3.117,625247,196037088.0,1.17,-0.89,-0.028,3.86
512500,2024-10-25,3.146,3.184,3.206,3.136,707485,224804115.0,2.23,1.56,0.049,4.37
512500,2024-10-28,3.184,3.22,3.227,3.169,642422,205930339.0,1.82,1.13,0.036,3.97
512500,2024-10-29,3.221,3.189,3.245,3.181,1640357,526483949.0,1.99,-0.96,-0.031,10.14
512500,2024-10-30,3.188,3.204,3.224,3.168,3386866,1084341633.0,1.76,0.47,0.015,20.93
512500,2024-10-31,3.202,3.233,3.257,3.183,1517732,490314535.0,2.31,0.91,0.029,9.38
512500,2024-11-01,3.22,3.203,3.248,3.179,1121900,360902020.0,2.13,-0.93,-0.03,6.93
512500,2024-11-04,3.203,3.251,3.252,3.2,826876,266604430.0,1.62,1.5,0.048,5.11
512500,2024-11-05,3.25,3.363,3.368,3.235,3660882,1217531736.0,4.09,3.45,0.112,22.62
512500,2024-11-06,3.363,3.351,3.399,3.333,1566500,527641695.0,1.96,-0.36,-0.012,9.68
512500,2024-11-07,3.319,3.419,3.42,3.313,852888,287420532.0,3.19,2.03,0.068,5.27
512500,2024-11-08,3.445,3.408,3.468,3.399,1154306,396905659.0,2.02,-0.32,-0.011,7.13
512500,2024-11-11,3.38,3.467,3.474,3.376,1212119,417306698.0,2.88,1.73,0.059,7.49
512500,2024-11-12,3.47,3.426,3.493,3.401,2793403,970403223.0,2.65,-1.18,-0.041,17.26
512500,2024-11-13,3.401,3.424,3.446,3.377,1080763,369322870.0,2.01,-0.06,-0.002,6.68
512500,2024-11-14,3.422,3.337,3.422,3.323,2449548,821176282.0,2.89,-2.54,-0.087,15.14
512500,2024-11-15,3.323,3.245,3.339,3.244,1755862,579793201.0,2.85,-2.76,-0.092,10.85
512500,2024-11-18,3.247,3.197,3.271,3.175,1384150,446941119.0,2.96,-1.48,-0.048,8.55
512500,2024-11-19,3.204,3.245,3.25,3.165,1441244,462954927.0,2.66,1.5,0.048,8.91
512500,2024-11-20,3.249,3.282,3.294,3.231,972935,317028079.0,1.94,1.14,0.037,6.01
512500,2024-11-21,3.283,3.274,3.291,3.255,729502,238644790.0,1.1,-0.24,-0.008,4.51
512500,2024-11-22,3.27,3.153,3.273,3.149,739827,238843810.0,3.79,-3.7,-0.121,4.57
512500,2024-11-25,3.151,3.139,3.162,3.1,1489602,467117443.0,1.97,-0.44,-0.014,9.2
512500,2024-11-26,3.133,3.118,3.159,3.115,663277,208100904.0,1.4,-0.67,-0.021,4.1
512500,2024-11-27,3.106,3.174,3.18,3.073,1173764,366270273.0,3.43,1.8,0.056,7.25
512500,2024-11-28,3.176,3.157,3.188,3.147,792653,251325525.0,1.29,-0.54,-0.017,4.9
512500,2024-11-29,3.155,3.205,3.235,3.143,1178019,376515353.0,2.91,1.52,0.048,7.28
512500,2024-12-02,3.206,3.251,3.267,3.203,770878,250111802.0,2.0,1.44,0.046,4.76
512500,2024-12-03,3.254,3.247,3.265,3.222,837567,271343941.0,1.32,-0.12,-0.004,5.18
512500,2024-12-04,3.245,3.221,3.254,3.204,782202,252640667.0,1.54,-0.8,-0.026,4.83
512500,2024-12-05,3.2,3.231,3.247,3.2,492288,158884028.0,1.46,0.31,0.01,3.04
512500,2024-12-06,3.23,3.273,3.294,3.216,1186114,386566179.0,2.41,1.3,0.042,7.33
512500,2024-12-09,3.275,3.257,3.285,3.235,943863,307518627.0,1.53,-0.49,-0.016,5.83
512500,2024-12-10,3.457,3.28,3.457,3.273,1588922,527553002.0,5.65,0.71,0.023,9.82
512500,2024-12-11,3.278,3.307,3.311,3.271,1749848,577650468.0,1.22,0.82,0.027,10.81
512500,2024-12-12,3.308,3.337,3.345,3.297,784011,260151821.0,1.45,0.91,0.03,4.84
512500,2024-12-13,3.316,3.29,3.326,3.278,1687347,555575466.0,1.44,-1.41,-0.047,10.43
512500,2024-12-16,3.279,3.238,3.285,3.227,605482,196603474.0,1.76,-1.58,-0.052,3.74
512500,2024-12-17,3.227,3.205,3.248,3.199,795004,255694671.0,1.51,-1.02,-0.033,4.91
512500,2024-12-18,3.21,3.227,3.247,3.206,825882,266693564.0,1.28,0.69,0.022,5.1
512500,2024-12-19,3.198,3.237,3.245,3.19,851589,273782758.0,1.7,0.31,0.01,5.26
512500,2024-12-20,3.231,3.242,3.266,3.226,578471,187771520.0,1.24,0.15,0.005,3.57
512500,2024-12-23,3.231,3.19,3.25,3.187,717979,231059792.0,1.94,-1.6,-0.052,4.44
512500,2024-12-24,3.186,3.229,3.231,3.186,868902,278785538.0,1.41,1.22,0.039,5.37
512500,2024-12-25,3.234,3.202,3.234,3.173,739730,236583431.0,1.89,-0.84,-0.027,4.57
512500,2024-12-26,3.2,3.224,3.231,3.197,665444,214292510.0,1.06,0.69,0.022,4.11
512500,2024-12-27,3.229,3.233,3.278,3.219,659624,214100232.0,1.83,0.28,0.009,4.08
512500,2024-12-30,3.231,3.231,3.248,3.214,521678,168616529.0,1.05,-0.06,-0.002,3.22
512500,2024-12-31,3.231,3.139,3.237,3.135,950478,302222966.0,3.16,-2.85,-0.092,5.87
512500,2025-01-02,3.128,3.045,3.136,3.013,816271,251810610.0,3.92,-2.99,-0.094,5.04
512500,2025-01-03,3.044,2.979,3.057,2.973,1192990,359200512.0,2.76,-2.17,-0.066,7.37
512500,2025-01-06,2.978,2.974,3.006,2.953,924525,275209324.0,1.78,-0.17,-0.005,5.71
512500,2025-01-07,2.979,3.005,3.007,2.963,619176,185095788.0,1.48,1.04,0.031,3.83
512500,2025-01-08,2.995,2.993,3.018,2.919,808718,240448195.0,3.29,-0.4,-0.012,5.0
512500,2025-01-09,2.981,2.99,3.011,2.981,669342,200719214.0,1.0,-0.1,-0.003,4.14
512500,2025-01-10,2.985,2.948,3.015,2.947,772787,230656176.0,2.27,-1.4,-0.042,4.77
512500,2025-01-13,2.922,2.951,2.974,2.921,572086,168378859.0,1.8,0.1,0.003,3.53
512500,2025-01-14,2.956,3.052,3.061,2.946,1641275,496408310.0,3.9,3.42,0.101,10.14
512500,2025-01-15,3.051,3.029,3.051,3.021,769832,233505948.0,0.98,-0.75,-0.023,4.76
512500,2025-01-16,3.033,3.038,3.089,3.017,697340,212687614.0,2.38,0.3,0.009,4.31
512500,2025-01-17,3.041,3.062,3.082,3.024,622492,189980237.0,1.91,0.79,0.024,3.85
512500,2025-01-20,3.073,3.077,3.107,3.067,637037,196659332.0,1.31,0.49,0.015,3.94
512500,2025-01-21,3.086,3.087,3.096,3.053,579124,177950261.0,1.4,0.32,0.01,3.58
512500,2025-01-22,3.082,3.076,3.083,3.049,730219,223926499.0,1.1,-0.36,-0.011,4.51
512500,2025-01-23,3.096,3.06,3.136,3.058,912274,282889737.0,2.54,-0.52,-0.016,5.64
512500,2025-01-24,3.058,3.102,3.105,3.057,961311,296839844.0,1.57,1.37,0.042,5.94
512500,2025-01-27,3.115,3.059,3.115,3.057,732653,226022853.0,1.87,-1.39,-0.043,4.53
512500,2025-02-05,3.094,3.075,3.094,3.062,533417,164059102.0,1.05,0.52,0.016,3.3
512500,2025-02-06,3.075,3.146,3.153,3.067,668679,208725928.0,2.8,2.31,0.071,4.13
512500,2025-02-07,3.146,3.2,3.231,3.144,1872045,597103921.0,2.77,1.72,0.054,11.57
512500,2025-02-10,3.201,3.227,3.238,3.2,685059,220456146.0,1.19,0.84,0.027,4.23
512500,2025-02-11,3.226,3.212,3.227,3.194,462785,148593628.0,1.02,-0.46,-0.015,2.86
512500,2025-02-12,3.211,3.254,3.261,3.203,440383,142248176.0,1.81,1.31,0.042,2.72
512500,2025-02-13,3.254,3.241,3.265,3.229,485726,157644182.0,1.11,-0.4,-0.013,3.0
512500,2025-02-14,3.228,3.263,3.269,3.228,354601,115186820.0,1.27,0.68,0.022,2.19
512500,2025-02-17,3.276,3.259,3.284,3.235,583977,190247085.0,1.5,-0.12,-0.004,3.61
512500,2025-02-18,3.254,3.206,3.26,3.188,685136,221357803.0,2.21,-1.63,-0.053,4.23
512500,2025-02-19,3.204,3.254,3.261,3.196,371568,120372839.0,2.03,1.5,0.048,2.3
512500,2025-02-20,3.254,3.264,3.278,3.243,608724,198407414.0,1.08,0.31,0.01,3.76
512500,2025-02-21,3.263,3.317,3.326,3.257,515935,170040745.0,2.11,1.62,0.053,3.19
512500,2025-02-24,3.317,3.313,3.328,3.29,816568,270472543.0,1.15,-0.12,-0.004,5.05
512500,2025-02-25,3.267,3.279,3.308,3.261,426955,140241403.0,1.42,-1.03,-0.034,2.64
512500,2025-02-26,3.28,3.313,3.322,3.271,1464532,483566843.0,1.56,1.04,0.034,9.05
512500,2025-02-27,3.312,3.305,3.321,3.256,756151,249006298.0,1.96,-0.24,-0.008,4.67
512500,2025-02-28,3.281,3.221,3.292,3.206,931064,301084752.0,2.6,-2.54,-0.084,5.75
512500,2025-03-03,3.222,3.224,3.271,3.209,628502,203819837.0,1.92,0.09,0.003,3.88
512500,2025-03-04,3.208,3.252,3.258,3.204,431922,139861962.0,1.67,0.87,0.028,2.67
512500,2025-03-05,3.252,3.259,3.266,3.225,984320,318560273.0,1.26,0.22,0.007,6.08
512500,2025-03-06,3.268,3.314,3.325,3.268,495346,163412794.0,1.75,1.69,0.055,3.06
512500,2025-03-07,3.305,3.296,3.323,3.285,979519,323481746.0,1.15,-0.54,-0.018,6.05
512500,2025-03-10,3.295,3.294,3.307,3.271,1053512,346043753.0,1.09,-0.06,-0.002,6.51
512500,2025-03-11,3.252,3.311,3.312,3.252,810723,265949396.0,1.82,0.52,0.017,5.01
512500,2025-03-12,3.317,3.312,3.345,3.307,600630,199298140.0,1.15,0.03,0.001,3.71
512500,2025-03-13,3.308,3.284,3.316,3.26,480267,157680494.0,1.69,-0.85,-0.028,2.97
512500,2025-03-14,3.283,3.341,3.345,3.276,794441,264167998.0,2.1,1.74,0.057,4.91
512500,2025-03-17,3.355,3.344,3.357,3.339,662831,221865810.0,0.54,0.09,0.003,4.1
512500,2025-03-18,3.357,3.36,3.379,3.35,751414,252658130.0,0.87,0.48,0.016,4.64
512500,2025-03-19,3.352,3.347,3.358,3.328,833090,278498142.0,0.89,-0.39,-0.013,5.15
512500,2025-03-20,3.344,3.323,3.347,3.32,676302,225476333.0,0.81,-0.72,-0.024,4.18
512500,2025-03-21,3.311,3.274,3.327,3.261,635118,209363754.0,1.99,-1.47,-0.049,3.92
512500,2025-03-24,3.272,3.268,3.28,3.223,671999,218844302.0,1.74,-0.18,-0.006,4.15
512500,2025-03-25,3.27,3.259,3.282,3.247,523726,170909595.0,1.07,-0.28,-0.009,3.24
512500,2025-03-26,3.253,3.258,3.282,3.253,1737626,566975108.0,0.89,-0.03,-0.001,10.74
512500,2025-03-27,3.25,3.265,3.29,3.227,674683,219785029.0,1.93,0.21,0.007,4.17
512500,2025-03-28,3.266,3.242,3.274,3.234,615301,200165723.0,1.23,-0.7,-0.023,3.8
512500,2025-03-31,3.228,3.211,3.239,3.178,493912,158448238.0,1.88,-0.96,-0.031,3.05
512500,2025-04-01,3.207,3.229,3.251,3.207,408019,131860432.0,1.37,0.56,0.018,2.52
512500,2025-04-02,3.227,3.233,3.256,3.225,431759,139809688.0,0.96,0.12,0.004,2.67
512500,2025-04-03,3.205,3.205,3.24,3.19,633463,203342735.0,1.55,-0.87,-0.028,3.91
512500,2025-04-07,3.04,2.888,3.09,2.885,1063728,316799423.0,6.4,-9.89,-0.317,6.57
512500,2025-04-08,2.895,2.918,2.941,2.869,844768,245065396.0,2.49,1.04,0.03,5.22
512500,2025-04-09,2.879,2.975,2.995,2.82,707279,206387704.0,6.0,1.95,0.057,4.37
512500,2025-04-10,3.018,3.036,3.079,3.018,683616,208519961.0,2.05,2.05,0.061,4.22
512500,2025-04-11,3.029,3.055,3.088,3.026,419158,128065686.0,2.04,0.63,0.019,2.59
512500,2025-04-14,3.077,3.082,3.102,3.071,411650,126948339.0,1.01,0.88,0.027,2.54
512500,2025-04-15,3.082,3.069,3.084,3.051,429769,131698362.0,1.07,-0.42,-0.013,2.66
512500,2025-04-16,3.052,3.041,3.062,3.014,395292,120104407.0,1.56,-0.91,-0.028,2.44
512500,2025-04-17,3.023,3.044,3.073,3.023,255115,78061708.0,1.64,0.1,0.003,1.58
512500,2025-04-18,3.044,3.043,3.058,3.029,311396,94782674.0,0.95,-0.03,-0.001,1.92
512500,2025-04-21,3.045,3.09,3.095,3.031,399107,122736923.0,2.1,1.54,0.047,2.47
512500,2025-04-22,3.089,3.082,3.097,3.077,226350,69827567.0,0.65,-0.26,-0.008,1.4
512500,2025-04-23,3.095,3.087,3.115,3.077,399230,123504047.0,1.23,0.16,0.005,2.47
512500,2025-04-24,3.087,3.075,3.097,3.059,159489,49062598.0,1.23,-0.39,-0.012,0.99
512500,2025-04-25,3.077,3.083,3.107,3.067,186744,57662633.0,1.3,0.26,0.008,1.15
512500,2025-04-28,3.091,3.071,3.091,3.061,331500,101757050.0,0.97,-0.39,-0.012,2.05
512500,2025-04-29,3.069,3.073,3.085,3.054,503902,154803416.0,1.01,0.07,0.002,3.11
512500,2025-04-30,3.079,3.085,3.095,3.07,388633,119931929.0,0.81,0.39,0.012,2.4
512500,2025-05-06,3.097,3.145,3.146,3.097,350720,109792856.0,1.59,1.94,0.06,2.17
512500,2025-05-07,3.173,3.149,3.196,3.131,350234,110598594.0,2.07,0.13,0.004,2.16
512500,2025-05-08,3.14,3.166,3.174,3.14,261060,82500344.0,1.08,0.54,0.017,1.61
512500,2025-05-09,3.161,3.141,3.163,3.125,432243,135668162.0,1.2,-0.79,-0.025,2.67
512500,2025-05-12,3.158,3.178,3.18,3.147,673109,213234031.0,1.05,1.18,0.037,4.16
512500,2025-05-13,3.195,3.169,3.202,3.163,394126,125130409.0,1.23,-0.28,-0.009,2.44
512500,2025-05-14,3.169,3.181,3.204,3.152,448816,142363387.0,1.64,0.38,0.012,2.77
512500,2025-05-15,3.18,3.138,3.18,3.134,546981,172156550.0,1.45,-1.35,-0.043,3.38
512500,2025-05-16,3.128,3.131,3.146,3.128,641722,201285687.0,0.57,-0.22,-0.007,3.97
512500,2025-05-19,3.13,3.139,3.144,3.107,275145,85979952.0,1.18,0.26,0.008,1.7
512500,2025-05-20,3.14,3.153,3.16,3.128,222180,69830780.0,1.02,0.45,0.014,1.37
512500,2025-05-21,3.153,3.156,3.16,3.145,235877,74399859.0,0.48,0.1,0.003,1.46
512500,2025-05-22,3.146,3.131,3.164,3.13,277601,87259178.0,1.08,-0.79,-0.025,1.72
512500,2025-05-23,3.128,3.106,3.154,3.104,505001,157985503.0,1.6,-0.8,-0.025,3.12
512500,2025-05-26,3.112,3.113,3.13,3.097,242256,75439395.0,1.06,0.23,0.007,1.5
512500,2025-05-27,3.111,3.104,3.115,3.092,212381,65904373.0,0.74,-0.29,-0.009,1.31
512500,2025-05-28,3.105,3.101,3.112,3.093,268066,83091499.0,0.61,-0.1,-0.003,1.66
512500,2025-05-29,3.101,3.143,3.149,3.1,454618,142170408.0,1.58,1.35,0.042,2.81
512500,2025-05-30,3.13,3.125,3.137,3.113,584534,182502826.0,0.76,-0.57,-0.018,3.61
512500,2025-06-03,3.109,3.128,3.143,3.109,355014,111060654.0,1.09,0.1,0.003,2.19
512500,2025-06-04,3.142,3.156,3.162,3.13,394913,124199360.0,1.02,0.9,0.028,2.44
512500,2025-06-05,3.156,3.171,3.18,3.146,167247,52899283.0,1.08,0.48,0.015,1.03
512500,2025-06-06,3.184,3.175,3.184,3.167,233842,74194672.0,0.54,0.13,0.004,1.44
512500,2025-06-09,3.175,3.195,3.21,3.175,637972,204305977.0,1.1,0.63,0.02,3.94
512500,2025-06-10,3.199,3.169,3.199,3.151,393269,124965767.0,1.5,-0.81,-0.026,2.43
512500,2025-06-11,3.177,3.19,3.208,3.171,496548,158637807.0,1.17,0.66,0.021,3.07
512500,2025-06-12,3.178,3.195,3.2,3.173,351985,112296459.0,0.85,0.16,0.005,2.17
512500,2025-06-13,3.193,3.169,3.193,3.157,610917,193907811.0,1.13,-0.81,-0.026,3.77
512500,2025-06-16,3.164,3.183,3.19,3.161,1261037,401158879.0,0.92,0.44,0.014,7.79
512500,2025-06-17,3.189,3.174,3.189,3.165,998251,316775503.0,0.75,-0.28,-0.009,6.17
512500,2025-06-18,3.166,3.171,3.177,3.151,159291,50413454.0,0.82,-0.09,-0.003,0.98
512500,2025-06-19,3.168,3.138,3.174,3.126,329753,103581003.0,1.51,-1.04,-0.033,2.04
512500,2025-06-20,3.131,3.12,3.143,3.116,309798,96748525.0,0.86,-0.57,-0.018,1.91
512500,2025-06-23,3.116,3.134,3.142,3.107,326685,102123265.0,1.12,0.45,0.014,2.02
512500,2025-06-24,3.137,3.184,3.186,3.136,384751,122209343.0,1.6,1.6,0.05,2.38
512500,2025-06-25,3.195,3.245,3.247,3.187,496072,159583461.0,1.88,1.92,0.061,3.07
512500,2025-06-26,3.24,3.229,3.251,3.228,430426,139394697.0,0.71,-0.49,-0.016,2.66
512500,2025-06-27,3.233,3.243,3.269,3.229,611949,198705177.0,1.24,0.43,0.014,3.78
512500,2025-06-30,3.253,3.272,3.274,3.246,748289,244256208.0,0.86,0.89,0.029,4.62
512500,2025-07-01,3.27,3.282,3.285,3.257,271019,88563662.0,0.86,0.31,0.01,1.67
512500,2025-07-02,3.279,3.265,3.279,3.251,387109,126232078.0,0.85,-0.52,-0.017,2.39
512500,2025-07-03,3.262,3.275,3.281,3.255,1220903,398390077.0,0.8,0.31,0.01,7.54
512500,2025-07-04,3.275,3.272,3.304,3.26,1175922,385654071.0,1.34,-0.09,-0.003,7.27
512500,2025-07-07,3.261,3.263,3.272,3.259,222800,72758338.0,0.4,-0.28,-0.009,1.38
512500,2025-07-08,3.26,3.31,3.313,3.26,188405,62128950.0,1.62,1.44,0.047,1.16
512500,2025-07-09,3.31,3.297,3.316,3.293,160258,53011217.0,0.69,-0.39,-0.013,0.99
512500,2025-07-10,3.298,3.311,3.326,3.291,172019,56868659.0,1.06,0.42,0.014,1.06
512500,2025-07-11,3.311,3.341,3.362,3.301,640068,213855521.0,1.84,0.91,0.03,3.95
512500,2025-07-14,3.34,3.335,3.347,3.331,428821,143208470.0,0.48,-0.18,-0.006,2.65
512500,2025-07-15,3.335,3.335,3.354,3.308,453424,150943413.0,1.38,0.0,0.0,2.8
512500,2025-07-16,3.334,3.333,3.361,3.321,446927,149206908.0,1.2,-0.06,-0.002,2.76
512500,2025-07-17,3.327,3.372,3.374,3.327,301566,101196332.0,1.41,1.17,0.039,1.86
512500,2025-07-18,3.373,3.384,3.392,3.368,400544,135419315.0,0.71,0.36,0.012,2.47
512500,2025-07-21,3.408,3.414,3.416,3.39,374602,127595451.0,0.77,0.89,0.03,2.31
512500,2025-07-22,3.416,3.453,3.459,3.411,441462,151470376.0,1.41,1.14,0.039,2.73
512500,2025-07-23,3.453,3.44,3.475,3.43,422040,145663421.0,1.3,-0.38,-0.013,2.61
512500,2025-07-24,3.433,3.486,3.495,3.433,502930,174581681.0,1.8,1.34,0.046,3.11
512500,2025-07-25,3.492,3.492,3.5,3.478,917338,320401808.0,0.63,0.17,0.006,5.67
512500,2025-07-28,3.487,3.504,3.513,3.478,317608,111205657.0,1.0,0.34,0.012,1.96
512500,2025-07-29,3.495,3.529,3.531,3.476,272229,95208287.0,1.57,0.71,0.025,1.68
512500,2025-07-30,3.521,3.503,3.537,3.481,539261,189794773.0,1.59,-0.74,-0.026,3.33
512500,2025-07-31,3.487,3.454,3.504,3.441,520602,181133958.0,1.8,-1.4,-0.049,3.22
512500,2025-08-01,3.448,3.446,3.471,3.428,232972,80440215.0,1.24,-0.23,-0.008,1.44
512500,2025-08-04,3.44,3.476,3.478,3.431,225731,77925355.0,1.36,0.87,0.03,1.39
512500,2025-08-05,3.476,3.498,3.499,3.476,501783,175015484.0,0.66,0.63,0.022,3.1
512500,2025-08-06,3.498,3.527,3.53,3.489,703228,247490917.0,1.17,0.83,0.029,4.35
512500,2025-08-07,3.527,3.514,3.535,3.492,534189,187467719.0,1.22,-0.37,-0.013,3.3
512500,2025-08-08,3.508,3.51,3.526,3.497,279605,98118400.0,0.83,-0.11,-0.004,1.73
512500,2025-08-11,3.517,3.545,3.557,3.516,427344,151362129.0,1.17,1.0,0.035,2.64
512500,2025-08-12,3.545,3.562,3.563,3.531,352169,124925950.0,0.9,0.48,0.017,2.18
512500,2025-08-13,3.569,3.613,3.619,3.565,338344,121429577.0,1.52,1.43,0.051,2.09
512500,2025-08-14,3.624,3.574,3.624,3.562,514740,185193933.0,1.72,-1.08,-0.039,3.18
512500,2025-08-15,3.558,3.653,3.654,3.558,406329,147361877.0,2.69,2.21,0.079,2.51
512500,2025-08-18,3.67,3.7,3.727,3.652,505560,186777362.0,2.05,1.29,0.047,3.12
512500,2025-08-19,3.699,3.693,3.722,3.683,437391,161860184.0,1.05,-0.19,-0.007,2.7
512500,2025-08-20,3.683,3.742,3.743,3.657,594926,219827791.0,2.33,1.33,0.049,3.68
512500,2025-08-21,3.742,3.726,3.757,3.708,400289,149267500.0,1.31,-0.43,-0.016,2.47
512500,2025-08-22,3.714,3.793,3.795,3.714,704010,265116031.0,2.17,1.8,0.067,4.35
512500,2025-08-25,3.88,3.858,3.88,3.812,559106,214717402.0,1.79,1.71,0.065,3.45
512500,2025-08-26,3.854,3.866,3.894,3.835,529094,204515712.0,1.53,0.21,0.008,3.27
512500,2025-08-27,3.859,3.81,3.927,3.805,500994,193988514.0,3.16,-1.45,-0.056,3.1
512500,2025-08-28,3.8,3.897,3.897,3.775,598461,229238923.0,3.2,2.28,0.087,3.7
512500,2025-08-29,3.897,3.926,3.937,3.876,884137,344969999.0,1.57,0.74,0.029,5.46
512500,2025-09-01,3.934,3.947,3.951,3.904,301883,118586328.0,1.2,0.53,0.021,1.87
512500,2025-09-02,3.942,3.877,3.943,3.835,371632,144192222.0,2.74,-1.77,-0.07,2.3
512500,2025-09-03,3.877,3.813,3.886,3.795,268960,103552038.0,2.35,-1.65,-0.064,1.66
512500,2025-09-04,3.813,3.724,3.836,3.67,464757,174252501.0,4.35,-2.33,-0.089,2.87
512500,2025-09-05,3.727,3.843,3.856,3.707,514087,194254859.0,4.0,3.2,0.119,3.18
512500,2025-09-08,3.842,3.882,3.884,3.822,377232,145198885.0,1.61,1.01,0.039,2.33
512500,2025-09-09,3.879,3.843,3.883,3.824,253579,97790132.0,1.52,-1.0,-0.039,1.57
512500,2025-09-10,3.828,3.842,3.876,3.814,363925,140208510.0,1.61,-0.03,-0.001,2.25
512500,2025-09-11,3.842,3.96,3.964,3.821,497045,195238612.0,3.72,3.07,0.118,3.07
512500,2025-09-12,3.96,3.972,4.0,3.951,405219,161080818.0,1.24,0.3,0.012,2.5
512500,2025-09-15,3.968,3.961,3.987,3.954,452536,179709163.0,0.83,-0.28,-0.011,2.8
512500,2025-09-16,3.96,3.994,4.0,3.934,324395,128866419.0,1.67,0.83,0.033,2.0
512500,2025-09-17,3.987,4.038,4.04,3.974,426385,171260413.0,1.65,1.1,0.044,2.63
512500,2025-09-18,4.027,4.009,4.087,3.959,412427,166337603.0,3.17,-0.72,-0.029,2.55
512500,2025-09-19,4.011,3.985,4.02,3.968,271299,108499796.0,1.3,-0.6,-0.024,1.68
512500,2025-09-22,4.015,4.015,4.019,3.965,222002,88515359.0,1.36,0.75,0.03,1.37
512500,2025-09-23,4.012,3.992,4.024,3.914,493905,195723507.0,2.74,-0.57,-0.023,3.05
512500,2025-09-24,3.968,4.074,4.078,3.963,318793,128733914.0,2.88,2.05,0.082,1.97
512500,2025-09-25,4.074,4.086,4.104,4.067,267213,109134465.0,0.91,0.29,0.012,1.65
512500,2025-09-26,4.068,4.026,4.089,4.025,382408,155162195.0,1.57,-1.47,-0.06,2.36
512500,2025-09-29,4.023,4.094,4.106,4.012,391940,159405208.0,2.33,1.69,0.068,2.42
512500,2025-09-30,4.097,4.124,4.135,4.095,518456,213125265.0,0.98,0.73,0.03,3.2
512500,2025-10-09,4.15,4.198,4.208,4.134,397057,166263332.0,1.79,1.79,0.074,2.45
512500,2025-10-10,4.198,4.113,4.198,4.104,543550,224810005.0,2.24,-2.02,-0.085,3.36
512500,2025-10-13,3.98,4.093,4.111,3.98,832435,337826575.0,3.19,-0.49,-0.02,5.14
512500,2025-10-14,4.13,4.002,4.142,3.983,547056,222280360.0,3.88,-2.22,-0.091,3.38
512500,2025-10-15,3.995,4.059,4.059,3.976,298292,119823135.0,2.07,1.42,0.057,1.84
512500,2025-10-16,4.055,4.022,4.06,4.006,487073,196622178.0,1.33,-0.91,-0.037,3.01
512500,2025-10-17,4.022,3.905,4.035,3.9,269396,106428977.0,3.36,-2.91,-0.117,1.66
512500,2025-10-20,3.935,3.926,3.965,3.91,311541,122790371.0,1.41,0.54,0.021,1.92
512500,2025-10-21,3.935,3.992,4.003,3.935,281176,111875602.0,1.73,1.68,0.066,1.74
512500,2025-10-22,3.955,3.964,3.993,3.948,192743,76438214.0,1.13,-0.7,-0.028,1.19
512500,2025-10-23,3.961,3.973,3.978,3.902,593608,234118245.0,1.92,0.23,0.009,3.67
512500,2025-10-24,3.988,4.041,4.042,3.977,414281,166196601.0,1.64,1.71,0.068,2.56
512500,2025-10-27,4.068,4.101,4.107,4.061,366617,150045659.0,1.14,1.48,0.06,2.27
512500,2025-10-28,4.085,4.081,4.12,4.062,292643,119665115.0,1.41,-0.49,-0.02,1.81
512500,2025-10-29,4.077,4.162,4.166,4.075,236024,97570885.0,2.23,1.98,0.081,1.46
512500,2025-10-30,4.162,4.113,4.162,4.102,357391,147538095.0,1.44,-1.18,-0.049,2.21
512500,2025-10-31,4.117,4.079,4.136,4.076,478548,196116050.0,1.46,-0.83,-0.034,2.96
512500,2025-11-03,4.069,4.086,4.086,4.011,540474,218397473.0,1.84,0.17,0.007,3.34
512500,2025-11-04,4.075,4.016,4.075,3.986,384830,154957146.0,2.18,-1.71,-0.07,2.38
512500,2025-11-05,3.971,4.019,4.036,3.96,259616,103742297.0,1.89,0.07,0.003,1.6
512500,2025-11-06,4.033,4.086,4.093,4.025,301971,122654800.0,1.69,1.67,0.067,1.87
512500,2025-11-07,4.066,4.078,4.1,4.05,284148,115886221.0,1.22,-0.2,-0.008,1.76
512500,2025-11-10,4.092,4.084,4.112,4.053,200552,81712054.0,1.45,0.15,0.006,1.24
512500,2025-11-11,4.106,4.055,4.112,4.049,233638,95132158.0,1.54,-0.71,-0.029,1.44
512500,2025-11-12,4.047,4.035,4.07,4.0,222182,89628545.0,1.73,-0.49,-0.02,1.37
512500,2025-11-13,4.025,4.094,4.102,4.025,310439,126497498.0,1.91,1.46,0.059,1.92
512500,2025-11-14,4.069,4.027,4.078,4.025,288382,116978289.0,1.29,-1.64,-0.067,1.78
512500,2025-11-17,4.025,4.021,4.042,4.006,267402,107537845.0,0.89,-0.15,-0.006,1.65
512500,2025-11-18,4.02,3.985,4.022,3.961,319292,127421339.0,1.52,-0.9,-0.036,1.97
512500,2025-11-19,3.992,3.967,4.0,3.946,260163,103377500.0,1.36,-0.45,-0.018,1.61
512500,2025-11-20,3.999,3.936,4.002,3.93,220820,87476927.0,1.81,-0.78,-0.031,1.36
512500,2025-11-21,3.872,3.804,3.919,3.802,771704,295749351.0,2.97,-3.35,-0.132,4.77
512500,2025-11-24,3.799,3.826,3.848,3.787,498413,190224841.0,1.6,0.58,0.022,3.08
512500,2025-11-25,3.848,3.865,3.91,3.848,393929,152856776.0,1.62,1.02,0.039,2.43
512500,2025-11-26,3.869,3.876,3.909,3.861,370727,144228165.0,1.24,0.28,0.011,2.29
512500,2025-11-27,3.876,3.87,3.923,3.861,263002,102379267.0,1.6,-0.15,-0.006,1.63
512500,2025-11-28,3.868,3.909,3.916,3.863,773942,302167927.0,1.37,1.01,0.039,4.78
512500,2025-12-01,3.915,3.952,3.955,3.914,262693,103426206.0,1.05,1.1,0.043,1.62
512500,2025-12-02,3.947,3.92,3.947,3.909,172571,67681211.0,0.96,-0.81,-0.032,1.07
512500,2025-12-03,3.918,3.901,3.933,3.887,189680,74147649.0,1.17,-0.48,-0.019,1.17
512500,2025-12-04,3.912,3.907,3.923,3.876,181461,70840750.0,1.2,0.15,0.006,1.12
512500,2025-12-05,3.91,3.958,3.96,3.879,278400,109327946.0,2.07,1.31,0.051,1.72
512500,2025-12-08,3.962,3.993,4.006,3.962,266673,106331515.0,1.11,0.88,0.035,1.65
512500,2025-12-09,3.978,3.96,3.997,3.955,227539,90432560.0,1.05,-0.83,-0.033,1.41
512500,2025-12-10,3.96,3.98,3.991,3.933,269869,106694798.0,1.46,0.51,0.02,1.67
512500,2025-12-11,3.987,3.945,3.994,3.942,503342,199503527.0,1.31,-0.88,-0.035,3.11
512500,2025-12-12,3.96,3.996,4.006,3.939,665157,264987595.0,1.7,1.29,0.051,4.11
512500,2025-12-15,3.985,3.973,4.009,3.966,1047505,416849068.0,1.08,-0.58,-0.023,6.47
512500,2025-12-16,3.967,3.913,3.967,3.886,1572464,615308758.0,2.04,-1.51,-0.06,9.72
512500,2025-12-17,3.907,3.989,4.002,3.9,1111690,439484432.0,2.61,1.94,0.076,6.87
512500,2025-12-18,3.978,3.97,4.005,3.966,1075865,428549992.0,0.98,-0.48,-0.019,6.65
512500,2025-12-19,3.971,4.002,4.018,3.971,449507,179909102.0,1.18,0.81,0.032,2.78
512500,2025-12-22,4.059,4.048,4.061,4.019,344944,139634055.0,1.05,1.15,0.046,2.13
512500,2025-12-23,4.053,4.046,4.073,4.035,295854,119841673.0,0.94,-0.05,-0.002,1.83
512500,2025-12-24,4.046,4.1,4.113,4.044,711733,291381912.0,1.71,1.33,0.054,4.4
512500,2025-12-25,4.09,4.136,4.148,4.088,364832,150512165.0,1.46,0.88,0.036,2.25
512500,2025-12-26,4.158,4.161,4.18,4.132,588326,244848699.0,1.16,0.6,0.025,3.64
512500,2025-12-29,4.151,4.146,4.178,4.137,454738,189282824.0,0.99,-0.36,-0.015,2.81
512500,2025-12-30,4.116,4.163,4.187,4.116,361483,150367214.0,1.71,0.41,0.017,2.23
512500,2025-12-31,4.174,4.166,4.178,4.148,466332,194195015.0,0.72,0.07,0.003,2.88
512500,2026-01-05,4.179,4.28,4.282,4.179,455350,193483256.0,2.47,2.74,0.114,2.81
512500,2026-01-06,4.281,4.378,4.38,4.28,534984,231583741.0,2.34,2.29,0.098,3.31
512500,2026-01-07,4.385,4.391,4.415,4.37,560197,246115896.0,1.03,0.3,0.013,3.46
512500,2026-01-08,4.376,4.405,4.433,4.37,339690,149632472.0,1.43,0.32,0.014,2.1
512500,2026-01-09,4.408,4.513,4.515,4.408,820427,367514138.0,2.43,2.45,0.108,5.07
512500,2026-01-12,4.537,4.624,4.638,4.52,461773,211215899.0,2.61,2.46,0.111,2.85
512500,2026-01-13,4.626,4.56,4.63,4.534,462464,211512132.0,2.08,-1.38,-0.064,2.86
512500,2026-01-14,4.55,4.6,4.682,4.527,950107,438307229.0,3.4,0.88,0.04,5.87
512500,2026-01-15,4.567,4.593,4.613,4.544,939119,430474632.0,1.5,-0.15,-0.007,5.8
512500,2026-01-16,4.601,4.59,4.623,4.58,754135,347185923.0,0.94,-0.07,-0.003,4.66
512500,2026-01-19,4.569,4.626,4.647,4.569,687901,317816280.0,1.7,0.78,0.036,4.25
512500,2026-01-20,4.626,4.607,4.66,4.547,539579,247938668.0,2.44,-0.41,-0.019,3.33
512500,2026-01-21,4.576,4.664,4.668,4.576,380536,176837239.0,2.0,1.24,0.057,2.35
512500,2026-01-22,4.666,4.689,4.699,4.651,342694,160181570.0,1.03,0.54,0.025,2.12
512500,2026-01-23,4.695,4.819,4.822,4.695,845891,403689461.0,2.71,2.77,0.13,5.23
512500,2026-01-26,4.899,4.746,4.899,4.716,726957,347044831.0,3.8,-1.51,-0.073,4.49
512500,2026-01-27,4.707,4.778,4.794,4.673,661938,313849471.0,2.55,0.67,0.032,4.09
512500,2026-01-28,4.773,4.83,4.835,4.754,8466949,4043834288.0,1.7,1.09,0.052,52.32
512500,2026-01-29,4.796,4.755,4.839,4.741,1301873,623331775.0,2.03,-1.55,-0.075,8.04
512500,2026-01-30,4.718,4.665,4.747,4.551,1036520,479280614.0,4.12,-1.89,-0.09,6.4
512500,2026-02-02,4.603,4.472,4.648,4.448,1973762,896325477.0,4.29,-4.14,-0.193,12.2
512500,2026-02-03,4.532,4.627,4.629,4.496,1019799,466343949.0,2.97,3.47,0.155,6.3
512500,2026-02-04,4.606,4.639,4.645,4.564,1033432,475897999.0,1.75,0.26,0.012,6.39
512500,2026-02-05,4.579,4.545,4.595,4.506,850455,386519641.0,1.92,-2.03,-0.094,5.25
512500,2026-02-06,4.486,4.539,4.609,4.466,901471,410595835.0,3.15,-0.13,-0.006,5.57
512500,2026-02-09,4.598,4.643,4.645,4.594,545544,252463507.0,1.12,2.29,0.104,3.37
512500,2026-02-10,4.643,4.634,4.65,4.606,460830,213551329.0,0.95,-0.19,-0.009,2.85
512500,2026-02-11,4.63,4.654,4.677,4.625,245633,114480133.0,1.12,0.43,0.02,1.52
512500,2026-02-12,4.664,4.712,4.718,4.656,513622,241289840.0,1.33,1.25,0.058,3.17
512500,2026-02-13,4.672,4.64,4.702,4.626,749265,349590598.0,1.61,-1.53,-0.072,4.63
512500,2026-02-24,4.679,4.689,4.722,4.652,595593,279709134.0,1.51,1.06,0.049,3.68
512500,2026-02-25,4.685,4.762,4.777,4.685,763557,362445780.0,1.96,1.56,0.073,4.72
512500,2026-02-26,4.766,4.774,4.789,4.738,492249,234462003.0,1.07,0.25,0.012,3.04
512500,2026-02-27,4.747,4.838,4.839,4.736,888546,426844552.0,2.16,1.34,0.064,5.49
512500,2026-03-02,4.81,4.835,4.851,4.771,773173,372807016.0,1.65,-0.06,-0.003,4.78
512500,2026-03-03,4.822,4.629,4.833,4.621,1772250,836562329.0,4.38,-4.26,-0.206,10.95
512500,2026-03-04,4.517,4.598,4.683,4.517,704823,325546331.0,3.59,-0.67,-0.031,4.36
512500,2026-03-05,4.692,4.637,4.692,4.601,904998,419857298.0,1.98,0.85,0.039,5.59
512500,2026-03-06,4.619,4.665,4.69,4.606,431959,201046202.0,1.81,0.6,0.028,2.67
512500,2026-03-09,4.615,4.621,4.641,4.501,892110,406419654.0,3.0,-0.94,-0.044,5.51
512500,2026-03-10,4.661,4.693,4.698,4.647,1127827,527387748.0,1.1,1.56,0.072,6.97
512500,2026-03-11,4.691,4.684,4.712,4.673,726740,340917165.0,0.83,-0.19,-0.009,4.49
512500,2026-03-12,4.66,4.664,4.704,4.627,700784,326721270.0,1.64,-0.43,-0.02,4.33
512500,2026-03-13,4.642,4.606,4.678,4.586,438694,203209705.0,1.97,-1.24,-0.058,2.71
512500,2026-03-16,4.6,4.573,4.6,4.498,762184,346322600.0,2.21,-0.72,-0.033,4.71
512500,2026-03-17,4.56,4.472,4.584,4.471,1206618,545079715.0,2.47,-2.21,-0.101,7.46
512500,2026-03-18,4.485,4.516,4.522,4.44,938638,420871831.0,1.83,0.98,0.044,5.8
512500,2026-03-19,4.436,4.403,4.469,4.374,1061465,469196271.0,2.1,-2.5,-0.113,6.56
512500,2026-03-20,4.399,4.322,4.435,4.32,935722,410734606.0,2.61,-1.84,-0.081,5.78
512500,2026-03-23,4.27,4.159,4.309,4.131,663367,280419675.0,4.12,-3.77,-0.163,4.1
512500,2026-03-24,4.207,4.24,4.242,4.121,908200,380686262.0,2.91,1.95,0.081,5.61
512500,2026-03-25,4.27,4.348,4.365,4.27,1251623,542779459.0,2.24,2.55,0.108,7.73
512500,2026-03-26,4.323,4.265,4.34,4.255,635291,272825932.0,1.95,-1.91,-0.083,3.93
512500,2026-03-27,4.195,4.324,4.348,4.195,618863,266228706.0,3.59,1.38,0.059,3.82
512500,2026-03-30,4.27,4.329,4.337,4.244,543558,233153218.0,2.15,0.12,0.005,3.36
512500,2026-03-31,4.314,4.263,4.351,4.251,827795,355479802.0,2.31,-1.52,-0.066,5.11
512500,2026-04-01,4.316,4.323,4.346,4.294,844190,364703151.0,1.22,1.41,0.06,5.22
512500,2026-04-02,4.315,4.251,4.323,4.219,955246,406983533.0,2.41,-1.67,-0.072,5.9
512500,2026-04-03,4.253,4.211,4.265,4.198,477861,201703147.0,1.58,-0.94,-0.04,2.95
512500,2026-04-07,4.216,4.231,4.266,4.207,620084,262579235.0,1.4,0.47,0.02,3.83
512500,2026-04-08,4.326,4.445,4.449,4.323,2273559,997003275.0,2.98,5.06,0.214,14.05
512500,2026-04-09,4.4,4.41,4.436,4.379,1095911,483235906.0,1.28,-0.79,-0.035,6.77
512500,2026-04-10,4.43,4.45,4.512,4.43,802016,358987366.0,1.86,0.91,0.04,4.96
512500,2026-04-13,4.408,4.445,4.463,4.408,819688,364480614.0,1.24,-0.11,-0.005,5.06
512500,2026-04-14,4.48,4.516,4.519,4.465,947218,425339683.0,1.21,1.6,0.071,5.85
512500,2026-04-15,4.541,4.496,4.557,4.484,978859,442178734.0,1.62,-0.44,-0.02,6.05
512500,2026-04-16,4.498,4.569,4.579,4.498,811246,368740445.0,1.8,1.62,0.073,5.01
512500,2026-04-17,4.57,4.592,4.597,4.548,905330,414062366.0,1.07,0.5,0.023,5.59
512500,2026-04-20,4.58,4.623,4.648,4.58,1628839,753445801.0,1.48,0.68,0.031,10.06
512500,2026-04-21,4.618,4.613,4.62,4.572,1188861,546671831.0,1.04,-0.22,-0.01,7.35
512500,2026-04-22,4.581,4.679,4.681,4.581,1714116,796947761.0,2.17,1.43,0.066,10.59
512500,2026-04-23,4.68,4.638,4.692,4.593,2088445,967626282.0,2.12,-0.88,-0.041,12.9
512500,2026-04-24,4.606,4.604,4.639,4.561,1571634,722064983.0,1.68,-0.73,-0.034,9.71
512500,2026-04-27,4.606,4.633,4.65,4.591,2606105,1206920490.0,1.28,0.63,0.029,16.1
512500,2026-04-28,4.65,4.581,4.65,4.563,2884565,1325017087.0,1.88,-1.12,-0.052,17.82
512500,2026-04-29,4.564,4.662,4.668,4.56,4045989,1875299902.0,2.36,1.77,0.081,25.0
512500,2026-04-30,4.659,4.667,4.678,4.633,5271685,2450058635.0,0.97,0.11,0.005,32.57
512500,2026-05-06,4.691,4.794,4.818,4.691,4012295,1922459836.0,2.72,2.72,0.127,24.79
512500,2026-05-07,4.82,4.856,4.862,4.801,988543,477004907.0,1.27,1.29,0.062,6.11
512500,2026-05-08,4.825,4.853,4.867,4.812,1127858,546731448.0,1.13,-0.06,-0.003,6.97
512500,2026-05-11,4.875,4.931,4.952,4.867,1869799,918124052.0,1.75,1.61,0.078,11.55
512500,2026-05-12,4.933,4.908,4.947,4.883,2803709,1374006237.0,1.3,-0.47,-0.023,17.32
512500,2026-05-13,4.862,4.989,4.992,4.857,1412148,696507224.0,2.75,1.65,0.081,8.73
512500,2026-05-14,4.997,4.864,5.0,4.856,1965304,969603588.0,2.89,-2.51,-0.125,12.14
512500,2026-05-15,4.85,4.768,4.873,4.738,1556498,746382035.0,2.78,-1.97,-0.096,9.62
512500,2026-05-18,4.731,4.775,4.815,4.73,1442449,689652357.0,1.78,0.15,0.007,8.91
512500,2026-05-19,4.779,4.819,4.822,4.698,1083826,514224155.0,2.6,0.92,0.044,6.7
512500,2026-05-20,4.814,4.837,4.855,4.776,1019517,489991197.0,1.64,0.37,0.018,6.3
512500,2026-05-21,4.868,4.719,4.92,4.698,1453893,704944421.0,4.59,-2.44,-0.118,8.98
512500,2026-05-22,4.749,4.787,4.807,4.711,1624903,773020057.0,2.03,1.44,0.068,10.04
512500,2026-05-25,4.812,4.863,4.867,4.773,1256633,605229397.0,1.96,1.59,0.076,7.76
512500,2026-05-26,4.843,4.842,4.857,4.77,989286,476021009.0,1.79,-0.43,-0.021,6.11
512500,2026-05-27,4.83,4.769,4.887,4.75,1149942,554390181.0,2.83,-1.51,-0.073,7.11
512500,2026-05-28,4.756,4.785,4.813,4.712,1073101,509793495.0,2.12,0.34,0.016,6.63
512500,2026-05-29,4.785,4.678,4.808,4.644,1371382,647507338.0,3.43,-2.24,-0.107,8.47
512500,2026-06-01,4.677,4.637,4.727,4.628,1592273,743191757.0,2.12,-0.88,-0.041,9.84
512500,2026-06-02,4.645,4.655,4.697,4.562,1166819,540765338.0,2.91,0.39,0.018,7.21
512500,2026-06-03,4.659,4.683,4.747,4.644,1228402,577908834.0,2.21,0.6,0.028,7.59
