code,date,open,close,high,low,volume,amount,amplitude,pct_chg,price_change,turnover_rate
512500,2015-05-29,4.783,4.859,4.94,4.5,1482538.0,,,,,
512500,2015-06-01,4.82,5.134,5.135,4.82,567111.0,,6.482815394114006,5.659600740893196,0.27500000000000036,
512500,2015-06-02,5.134,5.302,5.306,5.1,279259.0,,4.012465913517733,3.2723022984027903,0.16799999999999926,
512500,2015-06-03,5.3,5.324,5.36,5.168,257514.0,,3.6212749905696,0.41493775933610416,0.02200000000000024,
512500,2015-06-04,5.3,5.325,5.354,5.01,305415.0,,6.461307287753574,0.018782870022545715,0.001000000000000334,
512500,2015-06-05,5.325,5.401,5.439,5.26,222955.0,,3.3615023474178454,1.4272300469483497,0.07599999999999962,
512500,2015-06-08,5.358,5.182,5.358,5.157,104649.0,,3.7215330494352825,-4.054804665802618,-0.21899999999999942,
512500,2015-06-09,5.182,5.247,5.328,5.15,193038.0,,3.4349671941335376,1.254341952913923,0.0649999999999995,
512500,2015-06-10,5.23,5.342,5.468,5.16,168297.0,,5.870020964360584,1.8105584143319944,0.09499999999999975,
512500,2015-06-11,5.332,5.438,5.451,5.332,99460.0,,2.227630101085732,1.7970797454137044,0.09600000000000009,
512500,2015-06-12,5.447,5.542,5.6,5.447,119178.0,,2.813534387642508,1.9124678190511235,0.10400000000000009,
512500,2015-06-15,5.542,5.451,5.58,5.405,67510.0,,3.1577047997112926,-1.6420064958498772,-0.09100000000000019,
512500,2015-06-16,5.445,5.224,5.445,5.1,66360.0,,6.329113924050644,-4.164373509447797,-0.22699999999999942,
512500,2015-06-17,5.221,5.321,5.358,5.05,100183.0,,5.895865237366,1.856814701378245,0.09699999999999953,
512500,2015-06-18,5.3,5.173,5.38,5.102,56675.0,,5.224581845517752,-2.7814320616425428,-0.1479999999999997,
512500,2015-06-19,5.169,4.809,5.169,4.803,112956.0,,7.075198144210317,-7.03653585926928,-0.3639999999999999,
512500,2015-06-23,4.804,4.8,4.869,4.496,99340.0,,7.756290289041366,-0.18714909544604577,-0.009000000000000341,
512500,2015-06-24,4.83,4.891,4.94,4.763,172806.0,,3.68750000000001,1.8958333333333375,0.09100000000000019,
512500,2015-06-25,4.9,4.818,4.955,4.8,71205.0,,3.169086076466985,-1.492537313432844,-0.0730000000000004,
512500,2015-06-26,4.812,4.348,4.812,4.337,47457.0,,9.858862598588637,-9.755085097550847,-0.46999999999999975,
512500,2015-06-29,4.501,4.1,4.559,3.913,60522.0,,14.857405703771859,-5.70377184912604,-0.24800000000000022,
512500,2015-06-30,4.1,4.429,4.43,3.76,131719.0,,16.34146341463415,8.024390243902454,0.3290000000000006,
512500,2015-07-01,4.2,3.998,4.406,3.986,104632.0,,9.482953262587479,-9.731316324226688,-0.43100000000000005,
512500,2015-07-02,4.008,3.749,4.13,3.688,101331.0,,11.055527763881933,-6.228114057028517,-0.2490000000000001,
512500,2015-07-03,3.824,3.417,3.824,3.374,519445.0,,12.003200853560942,-8.85569485196053,-0.3320000000000003,
512500,2015-07-06,3.759,3.516,3.759,3.306,177509.0,,13.257243195785772,2.897278314310805,0.0990000000000002,
512500,2015-07-07,3.538,3.164,3.538,3.164,144324.0,,10.637087599544929,-10.011376564277583,-0.35199999999999987,
512500,2015-07-08,2.848,2.85,3.024,2.848,201271.0,,5.562579013906452,-9.924146649810368,-0.31400000000000006,
512500,2015-07-09,2.811,3.135,3.135,2.811,74987.0,,11.368421052631573,9.99999999999999,0.2849999999999997,
512500,2015-07-10,3.333,3.449,3.449,3.33,57652.0,,3.7958532695374734,10.015948963317387,0.31400000000000006,
512500,2015-07-13,3.79,3.794,3.794,3.59,195340.0,,5.914757900840828,10.002899391127869,0.3450000000000002,
512500,2015-07-14,3.794,3.791,3.98,3.7,190571.0,,7.380073800738002,-0.0790722192936245,-0.0030000000000001137,
512500,2015-07-15,3.6,3.44,3.849,3.415,131505.0,,11.448166710630444,-9.258770772883144,-0.351,
512500,2015-07-16,3.395,3.559,3.664,3.15,72681.0,,14.941860465116285,3.4593023255814015,0.11900000000000022,
512500,2015-07-17,3.56,3.788,3.849,3.56,94580.0,,8.120258499578537,6.434391683057028,0.22899999999999965,
512500,2015-07-20,3.788,3.842,3.925,3.661,251554.0,,6.969376979936637,1.425554382259775,0.05400000000000027,
512500,2015-07-21,3.6,3.836,3.917,3.6,72879.0,,8.250910983862564,-0.15616866215513345,-0.006000000000000227,
512500,2015-07-22,3.835,3.874,3.922,3.75,63267.0,,4.483837330552663,0.9906152241918733,0.038000000000000256,
512500,2015-07-23,3.886,4.089,4.091,3.886,103256.0,,5.29168817759422,5.549819308208578,0.2150000000000003,
512500,2015-07-24,4.15,3.978,4.167,3.93,60242.0,,5.796038151137188,-2.714600146735148,-0.11100000000000021,
512500,2015-07-27,3.895,3.66,3.986,3.658,58678.0,,8.245349421820016,-7.99396681749623,-0.31800000000000006,
512500,2015-07-28,3.322,3.557,3.84,3.322,55731.0,,14.15300546448087,-2.8142076502732296,-0.1030000000000002,
512500,2015-07-29,3.61,3.792,3.796,3.45,56291.0,,9.72729828507168,6.606691031768341,0.23499999999999988,
512500,2015-07-30,3.78,3.663,3.85,3.636,45479.0,,5.643459915611814,-3.401898734177215,-0.129,
512500,2015-07-31,3.63,3.622,3.716,3.598,30536.0,,3.2214032214032304,-1.1193011193011173,-0.040999999999999925,
512500,2015-08-03,3.634,3.449,3.634,3.44,22622.0,,5.356156819436774,-4.77636664826063,-0.17300000000000004,
512500,2015-08-04,3.452,3.701,3.72,3.452,37845.0,,7.7703682226732464,7.306465642215142,0.2520000000000002,
512500,2015-08-05,3.701,3.65,3.749,3.6,25431.0,,4.025938935422859,-1.378005944339372,-0.051000000000000156,
512500,2015-08-06,3.523,3.644,3.717,3.523,25289.0,,5.315068493150683,-0.1643835616438297,-0.005999999999999783,
512500,2015-08-07,3.678,3.79,3.808,3.678,29036.0,,3.5675082327113037,4.006586169045002,0.1459999999999999,
512500,2015-08-10,3.85,4.014,4.08,3.8,62797.0,,7.38786279683378,5.910290237467024,0.2240000000000002,
512500,2015-08-11,4.02,3.96,4.02,3.931,37475.0,,2.217239661185838,-1.3452914798206344,-0.05400000000000027,
512500,2015-08-12,3.939,3.885,4.02,3.881,41625.0,,3.510101010101005,-1.8939393939393985,-0.07500000000000018,
512500,2015-08-13,3.904,3.999,4.01,3.88,38580.0,,3.3462033462033434,2.934362934362943,0.11400000000000032,
512500,2015-08-14,4.02,4.023,4.06,3.982,34217.0,,1.9504876219054617,0.6001500375093668,0.023999999999999577,
512500,2015-08-17,4.0,4.113,4.134,3.961,66900.0,,4.300273427790219,2.2371364653244035,0.09000000000000075,
512500,2015-08-18,4.113,3.796,4.15,3.72,72214.0,,10.454655968879166,-7.707269632871397,-0.3170000000000006,
512500,2015-08-19,3.719,3.92,4.1,3.661,43534.0,,11.564805057955734,3.266596417281352,0.12400000000000011,
512500,2015-08-20,3.901,3.832,3.945,3.822,53066.0,,3.1377551020408108,-2.2448979591836755,-0.08800000000000008,
512500,2015-08-21,3.832,3.665,3.832,3.581,24247.0,,6.5501043841336095,-4.358037578288096,-0.16699999999999982,
512500,2015-08-24,3.499,3.299,3.55,3.299,34499.0,,6.848567530695767,-9.986357435197819,-0.3660000000000001,
512500,2015-08-25,2.971,2.969,3.299,2.969,23182.0,,10.0030312215823,-10.0030312215823,-0.33000000000000007,
512500,2015-08-26,3.005,2.913,3.128,2.8,32733.0,,11.047490737622105,-1.886156955203774,-0.05600000000000005,
512500,2015-08-27,3.08,3.011,3.08,2.7,38115.0,,13.044970820460003,3.364229316855486,0.09800000000000031,
512500,2015-08-28,3.02,3.241,3.25,3.02,43284.0,,7.638658253072069,7.638658253072069,0.22999999999999998,
512500,2015-08-31,3.249,3.05,3.249,3.044,35289.0,,6.325208269052764,-5.8932428262881915,-0.19100000000000028,
512500,2015-09-01,3.03,2.864,3.03,2.85,29596.0,,5.9016393442622865,-6.098360655737704,-0.18599999999999994,
512500,2015-09-02,2.77,2.796,2.995,2.7,79547.0,,10.300279329608937,-2.374301675977656,-0.06800000000000006,
512500,2015-09-07,2.861,2.899,3.011,2.861,27154.0,,5.364806866952787,3.683834048640923,0.1030000000000002,
512500,2015-09-08,2.897,3.056,3.07,2.81,27388.0,,8.968609865470844,5.415660572611246,0.15700000000000003,
512500,2015-09-09,3.056,3.098,3.149,3.05,56389.0,,3.239528795811525,1.374345549738214,0.041999999999999815,
512500,2015-09-10,3.07,3.055,3.076,2.99,33324.0,,2.7759845061329846,-1.387992253066485,-0.042999999999999705,
512500,2015-09-11,3.02,3.065,3.091,3.02,14825.0,,2.324058919803606,0.3273322422258522,0.009999999999999787,
512500,2015-09-14,3.068,2.826,3.089,2.78,37360.0,,10.081566068515503,-7.797716150081563,-0.23899999999999988,
512500,2015-09-15,2.78,2.7,2.816,2.684,23856.0,,4.6709129511677165,-4.458598726114646,-0.1259999999999999,
512500,2015-09-16,2.74,2.893,2.94,2.702,88465.0,,8.814814814814815,7.148148148148134,0.19299999999999962,
512500,2015-09-17,2.87,2.798,2.909,2.786,48206.0,,4.251641894227438,-3.2837884548911083,-0.09499999999999975,
512500,2015-09-18,2.8,2.828,2.845,2.785,13334.0,,2.144388849177986,1.0721944245889852,0.029999999999999805,
512500,2015-09-21,2.77,2.924,2.936,2.76,33497.0,,6.22347949080623,3.394625176803398,0.09600000000000009,
512500,2015-09-22,2.928,2.939,2.962,2.896,36834.0,,2.2571819425444692,0.512995896032836,0.015000000000000124,
512500,2015-09-23,2.903,2.9,2.922,2.86,29995.0,,2.1095610751956544,-1.32698196665533,-0.039000000000000146,
512500,2015-09-24,2.956,2.931,2.956,2.869,20610.0,,2.999999999999991,1.0689655172413841,0.03100000000000014,
512500,2015-09-25,2.95,2.853,2.952,2.83,6965.0,,4.1624019106107095,-2.661207778915041,-0.07799999999999985,
512500,2015-09-28,2.853,2.905,2.91,2.836,7536.0,,2.5937609533824144,1.8226428321065402,0.0519999999999996,
512500,2015-09-29,2.891,2.862,2.894,2.825,9758.0,,2.375215146299482,-1.4802065404474942,-0.042999999999999705,
512500,2015-09-30,2.864,2.866,2.907,2.838,5097.0,,2.4109014675052394,0.13976240391334743,0.0040000000000000036,
512500,2015-10-08,2.97,2.97,3.012,2.923,14201.0,,3.1053733426378214,3.6287508722958854,0.10400000000000009,
512500,2015-10-09,2.998,3.034,3.1,2.962,20801.0,,4.6464646464646435,2.154882154882142,0.06399999999999961,
512500,2015-10-12,3.074,3.169,3.197,3.034,28508.0,,5.372445616348064,4.449571522742262,0.13500000000000023,
512500,2015-10-13,3.14,3.166,3.168,3.132,10944.0,,1.1360050489113296,-0.09466708740928095,-0.0030000000000001137,
512500,2015-10-14,3.166,3.14,3.186,3.139,9244.0,,1.4845230574857915,-0.8212255211623437,-0.0259999999999998,
512500,2015-10-15,3.111,3.257,3.26,3.111,17787.0,,4.7452229299362925,3.7261146496815285,0.11699999999999999,
512500,2015-10-16,3.29,3.27,3.29,3.214,28974.0,,2.3334356770033793,0.39914031317162724,0.0129999999999999,
512500,2015-10-19,3.279,3.33,3.358,3.25,310456.0,,3.3027522935779845,1.8348623853211024,0.06000000000000005,
512500,2015-10-20,3.3,3.331,3.346,3.261,8413.0,,2.5525525525525516,0.030030030030026723,0.0009999999999998899,
512500,2015-10-21,3.358,3.26,3.358,3.23,265566.0,,3.8426898829180463,-2.131492044431107,-0.07100000000000017,
512500,2015-10-22,3.199,3.279,3.284,3.198,5447.0,,2.638036809815947,0.5828220858895745,0.019000000000000128,
512500,2015-10-23,3.27,3.32,3.342,3.27,7560.0,,2.1957913998170193,1.2503812137846884,0.040999999999999925,
512500,2015-10-26,3.339,3.329,3.373,3.302,6744.0,,2.138554216867475,0.27108433734940784,0.009000000000000341,
512500,2015-10-27,3.328,3.352,3.372,3.231,6437.0,,4.235506158005407,0.6908981676178938,0.022999999999999687,
512500,2015-10-28,3.341,3.29,3.363,3.28,6932.0,,2.476133651551318,-1.8496420047732647,-0.06199999999999983,
512500,2015-10-29,3.319,3.301,3.329,3.278,8296.0,,1.5501519756838953,0.33434650455927417,0.01100000000000012,
512500,2015-10-30,3.301,3.392,3.45,3.267,362971.0,,5.543774613753416,2.7567403817025067,0.09099999999999975,
512500,2015-11-02,3.361,3.342,3.443,3.32,3638.0,,3.6261792452830255,-1.4740566037735796,-0.04999999999999982,
512500,2015-11-03,3.342,3.315,3.369,3.301,4635.0,,2.034709754637943,-0.8078994614003632,-0.027000000000000135,
512500,2015-11-04,3.315,3.431,3.433,3.315,8545.0,,3.5595776772247323,3.4992458521870313,0.1160000000000001,
512500,2015-11-05,3.433,3.412,3.468,3.401,9147.0,,1.9527834450597543,-0.5537744097930669,-0.019000000000000128,
512500,2015-11-06,3.396,3.488,3.51,3.395,17569.0,,3.3704572098475905,2.227432590855805,0.07600000000000007,
512500,2015-11-09,3.449,3.506,3.535,3.44,11501.0,,2.7236238532110146,0.5160550458715538,0.017999999999999794,
512500,2015-11-10,3.498,3.533,3.61,3.465,16666.0,,4.135767256132345,0.7701083856246473,0.027000000000000135,
512500,2015-11-11,3.53,3.578,3.598,3.517,3610.0,,2.2926691197282754,1.273705066515707,0.04499999999999993,
512500,2015-11-12,3.537,3.615,3.64,3.537,16969.0,,2.8787031861375127,1.0340972610396972,0.037000000000000366,
512500,2015-11-13,3.553,3.55,3.609,3.527,5792.0,,2.268326417704007,-1.7980636237897756,-0.06500000000000039,
512500,2015-11-16,3.495,3.6,3.626,3.418,10043.0,,5.859154929577458,1.4084507042253596,0.050000000000000266,
512500,2015-11-17,3.65,3.574,3.659,3.569,4898.0,,2.499999999999996,-0.7222222222222291,-0.026000000000000245,
512500,2015-11-18,3.575,3.531,3.596,3.53,4289.0,,1.846670397313942,-1.2031337437045244,-0.042999999999999705,
512500,2015-11-19,3.568,3.598,3.6,3.505,18675.0,,2.690455961484004,1.8974794675729176,0.06699999999999973,
512500,2015-11-20,3.55,3.652,3.698,3.55,37876.0,,4.113396331295168,1.5008337965536485,0.05400000000000027,
512500,2015-11-23,3.652,3.68,3.71,3.652,30727.0,,1.5881708652792943,0.7667031763417312,0.028000000000000025,
512500,2015-11-24,3.68,3.694,3.729,3.641,4822.0,,2.391304347826089,0.38043478260868996,0.01399999999999979,
512500,2015-11-25,3.69,3.736,3.8,3.69,1845.0,,2.977801840822953,1.136978884677863,0.04200000000000026,
512500,2015-11-26,3.765,3.754,3.765,3.723,1756.0,,1.1241970021413346,0.48179871520342055,0.017999999999999794,
512500,2015-11-27,3.72,3.561,3.74,3.556,3698.0,,4.901438465636659,-5.141182738412361,-0.19300000000000006,
512500,2015-11-30,3.558,3.49,3.561,3.403,4000.0,,4.436955911260879,-1.9938219601235534,-0.07099999999999973,
512500,2015-12-01,3.49,3.49,3.544,3.427,4871.0,,3.3524355300859594,0.0,0.0,
512500,2015-12-02,3.536,3.509,3.536,3.43,4582.0,,3.037249283667618,0.5444126074498477,0.018999999999999684,
512500,2015-12-03,3.52,3.605,3.638,3.519,9531.0,,3.3912795668281497,2.735822171558851,0.09600000000000009,
512500,2015-12-04,3.6,3.578,3.6,3.561,1407.0,,1.0818307905686588,-0.7489597780859955,-0.027000000000000135,
512500,2015-12-07,3.596,3.609,3.623,3.56,2885.0,,1.760760201229742,0.8664058133035254,0.03100000000000014,
512500,2015-12-08,3.46,3.55,3.607,3.46,3175.0,,4.073150457190365,-1.6348018841784475,-0.05900000000000016,
512500,2015-12-09,3.55,3.51,3.55,3.475,2146.0,,2.112676056338021,-1.1267605633802829,-0.040000000000000036,
512500,2015-12-10,3.539,3.496,3.55,3.491,40262.0,,1.680911680911673,-0.39886039886039293,-0.01399999999999979,
512500,2015-12-11,3.492,3.466,3.524,3.466,3073.0,,1.6590389016018257,-0.8581235697940448,-0.029999999999999805,
512500,2015-12-14,3.46,3.505,3.52,3.45,2277.0,,2.0196191575302893,1.1252163877668695,0.0389999999999997,
512500,2015-12-15,3.518,3.534,3.63,3.511,1936.0,,3.395149786019965,0.8273894436519235,0.028999999999999915,
512500,2015-12-16,3.54,3.542,3.568,3.53,2139.0,,1.0752688172043086,0.22637238256932676,0.008000000000000007,
512500,2015-12-17,3.53,3.622,3.622,3.53,16602.0,,2.5974025974026,2.2586109542631303,0.08000000000000007,
512500,2015-12-18,3.622,3.631,3.666,3.621,160753.0,,1.2424075096631677,0.24848150193263105,0.008999999999999897,
512500,2015-12-21,3.601,3.668,3.669,3.601,4176.0,,1.8727623244285336,1.0190030294684762,0.037000000000000366,
512500,2015-12-22,3.668,3.682,3.71,3.655,202560.0,,1.4994547437295571,0.38167938931297135,0.01399999999999979,
512500,2015-12-23,3.671,3.67,3.699,3.655,1923.0,,1.1950027159152645,-0.325909831613254,-0.01200000000000001,
512500,2015-12-24,3.656,3.67,3.67,3.6,4433.0,,1.9073569482288784,0.0,0.0,
512500,2015-12-25,3.696,3.679,3.696,3.622,1125.0,,2.01634877384197,0.245231607629425,0.008999999999999897,
512500,2015-12-28,3.717,3.601,3.717,3.58,5290.0,,3.7238379994563746,-2.1201413427561797,-0.07799999999999985,
512500,2015-12-29,3.625,3.616,3.628,3.55,14664.0,,2.1660649819494666,0.416550958067207,0.015000000000000124,
512500,2015-12-30,3.624,3.644,3.66,3.591,45464.0,,1.908185840707963,0.7743362831858414,0.028000000000000025,
512500,2015-12-31,3.65,3.617,3.674,3.6,9742.0,,2.0307354555433546,-0.7409440175631211,-0.027000000000000135,
512500,2016-01-04,3.56,3.449,3.622,3.44,5319.0,,5.0317943046723785,-4.6447332043129705,-0.16800000000000015,
512500,2016-01-05,3.305,3.317,3.439,3.22,12573.0,,6.3496665700202914,-3.827196288779347,-0.13199999999999967,
512500,2016-01-06,3.31,3.329,3.329,3.288,5745.0,,1.236056677720843,0.36177268616219505,0.01200000000000001,
512500,2016-01-07,3.329,3.201,3.329,3.2,590.0,,3.875037548813457,-3.8449984980474654,-0.1280000000000001,
512500,2016-01-08,3.31,3.15,3.31,3.001,47746.0,,9.653233364573575,-1.5932521087160312,-0.051000000000000156,
512500,2016-01-11,3.051,3.0,3.11,2.95,29653.0,,5.079365079365069,-4.761904761904759,-0.1499999999999999,
512500,2016-01-12,3.0,2.93,3.0,2.901,10524.0,,3.3000000000000065,-2.3333333333333277,-0.06999999999999984,
512500,2016-01-13,2.93,2.861,2.999,2.855,2095.0,,4.914675767918093,-2.354948805460749,-0.06899999999999995,
512500,2016-01-14,2.856,2.938,2.938,2.8,5401.0,,4.823488290807422,2.691366655015727,0.07699999999999996,
512500,2016-01-15,2.935,2.862,2.935,2.827,4731.0,,3.6759700476514667,-2.586793737236217,-0.07600000000000007,
512500,2016-01-18,2.862,2.867,2.893,2.812,26415.0,,2.8301886792452815,0.17470300489168042,0.004999999999999893,
512500,2016-01-19,2.895,2.96,2.964,2.862,4360.0,,3.5577258458318752,3.243808859434948,0.09299999999999997,
512500,2016-01-20,2.96,2.957,2.968,2.919,23866.0,,1.655405405405403,-0.1013513513513552,-0.0030000000000001137,
512500,2016-01-21,2.878,2.889,2.955,2.878,3702.0,,2.6039905309435225,-2.299628001352725,-0.06800000000000006,
512500,2016-01-22,2.93,2.879,2.93,2.82,3439.0,,3.8075458636206414,-0.3461405330564135,-0.009999999999999787,
512500,2016-01-25,2.86,2.876,2.919,2.845,1368.0,,2.570336922542544,-0.10420284821118839,-0.0030000000000001137,
512500,2016-01-26,2.855,2.729,2.868,2.701,5817.0,,5.806675938803888,-5.111265646731565,-0.1469999999999998,
512500,2016-01-27,2.75,2.643,2.75,2.55,20400.0,,7.328691828508617,-3.1513374862587136,-0.0860000000000003,
512500,2016-01-28,2.6,2.551,2.634,2.546,5030.0,,3.3295497540673504,-3.480892924706759,-0.09199999999999964,
512500,2016-01-29,2.6,2.628,2.639,2.545,7570.0,,3.684829478635823,3.018424147393177,0.07699999999999996,
512500,2016-02-01,2.628,2.599,2.635,2.588,2127.0,,1.7884322678843114,-1.1035007610350043,-0.028999999999999915,
512500,2016-02-02,2.629,2.675,2.675,2.62,3762.0,,2.116198537899181,2.9242016160061413,0.07599999999999962,
512500,2016-02-03,2.628,2.689,2.69,2.625,1938.0,,2.429906542056073,0.5233644859813172,0.014000000000000234,
512500,2016-02-04,2.82,2.732,2.82,2.702,1041.0,,4.388248419486794,1.599107474897737,0.04300000000000015,
512500,2016-02-05,2.732,2.705,2.741,2.7,2753.0,,1.5007320644216662,-0.9882869692532992,-0.027000000000000135,
512500,2016-02-15,2.67,2.688,2.7,2.62,1610.0,,2.957486136783736,-0.6284658040665398,-0.016999999999999904,
512500,2016-02-16,2.704,2.8,2.8,2.704,4084.0,,3.571428571428558,4.166666666666654,0.11199999999999966,
512500,2016-02-17,2.805,2.822,2.823,2.778,2610.0,,1.6071428571428545,0.7857142857142945,0.02200000000000024,
512500,2016-02-18,2.825,2.843,2.867,2.825,3591.0,,1.4883061658398233,0.7441530829199117,0.020999999999999908,
512500,2016-02-19,2.843,2.832,2.853,2.826,2011.0,,0.9497010200492486,-0.3869152303904369,-0.01100000000000012,
512500,2016-02-22,2.86,2.89,2.915,2.86,3935.0,,1.9420903954802318,2.0480225988700664,0.058000000000000274,
512500,2016-02-23,2.892,2.879,2.918,2.862,4046.0,,1.93771626297578,-0.3806228373702464,-0.01100000000000012,
512500,2016-02-24,2.879,2.891,2.904,2.854,4026.0,,1.7367141368530676,0.41681139284473817,0.01200000000000001,
512500,2016-02-25,2.913,2.718,2.913,2.718,10840.0,,6.745070909719815,-5.9840885506745085,-0.17300000000000004,
512500,2016-02-26,2.73,2.735,2.738,2.715,2105.0,,0.8462104488594604,0.6254598969830722,0.016999999999999904,
512500,2016-02-29,2.721,2.631,2.721,2.6,4711.0,,4.424131627056673,-3.802559414990863,-0.10400000000000009,
512500,2016-03-01,2.7,2.693,2.7,2.65,1649.0,,1.9004180919802458,2.356518434055503,0.06200000000000028,
512500,2016-03-02,2.635,2.788,2.788,2.635,9048.0,,5.681396212402526,3.5276643148904476,0.09499999999999975,
512500,2016-03-03,2.788,2.739,2.812,2.732,5425.0,,2.8694404591104603,-1.7575322812051628,-0.04899999999999993,
512500,2016-03-04,2.773,2.73,2.787,2.68,2752.0,,3.9065352318364286,-0.32858707557502365,-0.008999999999999897,
512500,2016-03-07,2.73,2.74,2.784,2.73,1681.0,,1.9780219780219717,0.36630036630037477,0.010000000000000231,
512500,2016-03-08,2.708,2.762,2.765,2.674,5626.0,,3.3211678832116855,0.8029197080291897,0.021999999999999797,
512500,2016-03-09,2.7,2.72,2.746,2.7,858.0,,1.6654598117306234,-1.5206372194062205,-0.041999999999999815,
512500,2016-03-10,2.749,2.67,2.749,2.66,3527.0,,3.2720588235294104,-1.8382352941176567,-0.050000000000000266,
512500,2016-03-11,2.55,2.666,2.7,2.55,1850.0,,5.617977528089901,-0.14981273408239715,-0.0040000000000000036,
512500,2016-03-14,2.71,2.723,2.753,2.685,4138.0,,2.550637659414856,2.138034508627155,0.05699999999999994,
512500,2016-03-15,2.724,2.71,2.734,2.702,1590.0,,1.175174439955932,-0.47741461623209336,-0.0129999999999999,
512500,2016-03-16,2.75,2.696,2.75,2.675,2542.0,,2.7675276752767592,-0.5166051660516529,-0.01399999999999979,
512500,2016-03-17,2.67,2.727,2.745,2.67,9275.0,,2.7818991097922914,1.1498516320474663,0.030999999999999694,
512500,2016-03-18,2.759,2.839,2.85,2.75,10780.0,,3.6670333700036704,4.107077374404112,0.1120000000000001,
512500,2016-03-21,2.88,2.905,2.92,2.876,6100.0,,1.5498414934836224,2.3247622402254255,0.06599999999999984,
512500,2016-03-22,2.897,2.9,2.918,2.84,6289.0,,2.6850258175559483,-0.17211703958691543,-0.004999999999999893,
512500,2016-03-23,2.9,2.914,2.919,2.886,3688.0,,1.1379310344827558,0.48275862068966324,0.014000000000000234,
512500,2016-03-24,2.887,2.9,2.953,2.878,8600.0,,2.573781743308158,-0.4804392587508659,-0.014000000000000234,
512500,2016-03-25,2.899,2.9,3.0,2.883,2586.0,,4.0344827586206895,0.0,0.0,
512500,2016-03-28,2.9,2.885,2.961,2.885,2717.0,,2.6206896551724164,-0.5172413793103492,-0.015000000000000124,
512500,2016-03-29,2.886,2.84,2.886,2.831,1545.0,,1.9064124783362275,-1.5597920277296335,-0.04499999999999993,
512500,2016-03-30,2.849,2.927,2.93,2.849,2725.0,,2.8521126760563367,3.0633802816901476,0.08700000000000019,
512500,2016-03-31,2.948,2.938,2.959,2.934,4611.0,,0.8541168431841445,0.37581141100102905,0.01100000000000012,
512500,2016-04-01,2.938,2.944,2.944,2.89,1438.0,,1.8379850238257258,0.2042205582028517,0.005999999999999783,
512500,2016-04-05,2.936,3.0,3.004,2.929,3750.0,,2.547554347826093,1.90217391304348,0.05600000000000005,
512500,2016-04-06,3.004,3.013,3.018,2.991,3084.0,,0.8999999999999897,0.43333333333333,0.0129999999999999,
512500,2016-04-07,3.018,2.981,3.031,2.981,2339.0,,1.659475605708605,-1.0620643876535025,-0.03200000000000003,
512500,2016-04-08,2.951,2.94,2.963,2.902,2009.0,,2.0462931902046275,-1.3753773901375352,-0.040999999999999925,
512500,2016-04-11,2.94,3.01,3.029,2.94,2213.0,,3.0272108843537406,2.3809523809523756,0.06999999999999984,
512500,2016-04-12,3.015,2.986,3.015,2.974,3019.0,,1.3621262458471737,-0.7973421926910159,-0.023999999999999577,
512500,2016-04-13,2.999,3.035,3.06,2.9,6954.0,,5.358338914936374,1.640991292699261,0.04899999999999993,
512500,2016-04-14,3.049,3.047,3.052,3.023,4239.0,,0.9555189456342641,0.395387149917628,0.01200000000000001,
512500,2016-04-15,3.048,3.049,3.067,3.041,6459.0,,0.853298326222522,0.06563833278633999,0.0019999999999997797,
512500,2016-04-18,3.0,3.007,3.021,2.995,6326.0,,0.8527386028205904,-1.3775008199409582,-0.041999999999999815,
512500,2016-04-19,2.997,3.003,3.03,2.997,1201.0,,1.0974393082806757,-0.13302294645826418,-0.0040000000000000036,
512500,2016-04-20,3.015,2.89,3.017,2.847,6631.0,,5.6610056610056585,-3.7629037629037625,-0.11299999999999999,
512500,2016-04-21,2.869,2.882,2.92,2.869,2449.0,,1.7647058823529311,-0.27681660899654004,-0.008000000000000007,
512500,2016-04-22,2.882,2.879,2.884,2.84,2379.0,,1.5267175572519098,-0.10409437890354314,-0.0030000000000001137,
512500,2016-04-25,2.855,2.86,2.878,2.831,1048.0,,1.6325112886418949,-0.6599513720041725,-0.019000000000000128,
512500,2016-04-26,2.885,2.872,2.885,2.853,2166.0,,1.1188811188811045,0.41958041958042,0.01200000000000001,
512500,2016-04-27,2.867,2.889,2.897,2.867,901.0,,1.0445682451253415,0.5919220055710274,0.016999999999999904,
512500,2016-04-28,2.879,2.869,2.879,2.831,1662.0,,1.661474558670822,-0.692281066112827,-0.019999999999999574,
512500,2016-04-29,2.864,2.876,2.883,2.843,2526.0,,1.3942140118508202,0.24398745207388192,0.006999999999999673,
512500,2016-05-03,2.88,2.929,2.939,2.875,3687.0,,2.2253129346314346,1.842837273991653,0.052999999999999936,
512500,2016-05-04,2.939,2.94,2.96,2.939,1497.0,,0.7169682485489898,0.3755547968590004,0.01100000000000012,
512500,2016-05-05,2.948,2.948,2.96,2.932,1193.0,,0.9523809523809532,0.2721088435374152,0.008000000000000007,
512500,2016-05-06,2.958,2.885,2.967,2.86,5417.0,,3.6295793758480395,-2.1370420624152024,-0.06300000000000017,
512500,2016-05-09,2.885,2.794,2.885,2.792,6849.0,,3.2235701906412473,-3.1542461005199223,-0.09099999999999975,
512500,2016-05-10,2.798,2.78,2.798,2.75,34678.0,,1.7179670722977824,-0.5010737294201946,-0.014000000000000234,
512500,2016-05-11,2.775,2.753,2.86,2.74,32030.0,,4.316546762589916,-0.9712230215827228,-0.02699999999999969,
512500,2016-05-12,2.703,2.756,2.766,2.668,1385.0,,3.559752996730834,0.10897203051215654,0.0029999999999996696,
512500,2016-05-13,2.721,2.734,2.778,2.721,1792.0,,2.068214804063859,-0.7982583454281494,-0.021999999999999797,
512500,2016-05-16,2.723,2.79,2.794,2.723,6790.0,,2.5969275786393626,2.048280907095832,0.05600000000000005,
512500,2016-05-17,2.77,2.771,2.795,2.767,1242.0,,1.0035842293906818,-0.6810035842293952,-0.019000000000000128,
512500,2016-05-18,2.767,2.71,2.767,2.702,1320.0,,2.3457235654998176,-2.201371346084444,-0.06099999999999994,
512500,2016-05-19,2.731,2.719,2.745,2.708,1730.0,,1.3653136531365284,0.3321033210332065,0.008999999999999897,
512500,2016-05-20,2.719,2.732,2.733,2.707,414.0,,0.9562339095255699,0.4781169547627931,0.013000000000000345,
512500,2016-05-23,2.718,2.769,2.78,2.718,2278.0,,2.2693997071742253,1.354319180087845,0.03699999999999992,
512500,2016-05-24,2.743,2.76,2.76,2.725,1372.0,,1.2639942217406896,-0.3250270855904782,-0.009000000000000341,
512500,2016-05-25,2.763,2.757,2.778,2.74,857.0,,1.3768115942028918,-0.10869565217390108,-0.0029999999999996696,
512500,2016-05-26,2.737,2.748,2.75,2.702,1562.0,,1.74102285092492,-0.32644178454841843,-0.008999999999999897,
512500,2016-05-27,2.745,2.75,2.785,2.732,33987.0,,1.9286754002911184,0.07278020378456258,0.0019999999999997797,
512500,2016-05-30,2.724,2.724,2.764,2.72,993.0,,1.5999999999999852,-0.9454545454545382,-0.0259999999999998,
512500,2016-05-31,2.75,2.834,2.835,2.75,4842.0,,3.120411160058736,4.038179148311302,0.10999999999999988,
512500,2016-06-01,2.834,2.848,2.863,2.834,6275.0,,1.0232886379675339,0.4940014114325967,0.01399999999999979,
512500,2016-06-02,2.847,2.867,2.875,2.847,1156.0,,0.9831460674157312,0.6671348314606786,0.019000000000000128,
512500,2016-06-03,2.864,2.88,2.9,2.864,3863.0,,1.2556679455877235,0.45343564701778516,0.0129999999999999,
512500,2016-06-06,2.899,2.886,2.902,2.88,3007.0,,0.7638888888888973,0.20833333333334123,0.006000000000000227,
512500,2016-06-07,2.899,2.889,2.899,2.87,2673.0,,1.004851004851002,0.1039501039500925,0.0029999999999996696,
512500,2016-06-08,2.863,2.889,2.893,2.86,2430.0,,1.1422637590861862,0.0,0.0,
512500,2016-06-13,2.865,2.781,2.87,2.771,4557.0,,3.4267912772585745,-3.7383177570093338,-0.10799999999999965,
512500,2016-06-14,2.77,2.772,2.784,2.757,3447.0,,0.9708737864077558,-0.3236245954692679,-0.009000000000000341,
512500,2016-06-15,2.758,2.841,2.854,2.758,3490.0,,3.4632034632034667,2.4891774891775036,0.0690000000000004,
512500,2016-06-16,2.85,2.836,2.85,2.836,1156.0,,0.4927842309046193,-0.1759943681802301,-0.0050000000000003375,
512500,2016-06-17,2.836,2.845,2.87,2.836,831.0,,1.1988716502115744,0.3173483779971912,0.009000000000000341,
512500,2016-06-20,2.845,2.855,2.872,2.834,1823.0,,1.3356766256590442,0.35149384885763746,0.009999999999999787,
512500,2016-06-21,2.858,2.84,2.913,2.812,2105.0,,3.537653239929947,-0.5253940455341549,-0.015000000000000124,
512500,2016-06-22,2.846,2.867,2.868,2.827,3535.0,,1.4436619718309833,0.9507042253521175,0.027000000000000135,
512500,2016-06-23,2.867,2.873,2.874,2.841,1493.0,,1.1510289501220758,0.20927799093129498,0.006000000000000227,
512500,2016-06-24,2.872,2.826,2.872,2.81,2226.0,,2.1580229725026046,-1.6359206404455324,-0.04700000000000015,
512500,2016-06-27,2.82,2.886,2.888,2.819,10846.0,,2.4416135881104015,2.1231422505307873,0.06000000000000005,
512500,2016-06-28,2.879,2.923,2.923,2.877,12964.0,,1.5939015939016028,1.2820512820512793,0.03699999999999992,
512500,2016-06-29,2.925,2.918,2.935,2.918,2115.0,,0.5815942524803251,-0.17105713308244588,-0.004999999999999893,
512500,2016-06-30,2.917,2.928,2.935,2.916,1671.0,,0.6511309115832806,0.34270047978066437,0.009999999999999787,
512500,2016-07-01,2.948,2.938,2.948,2.929,1880.0,,0.6489071038251409,0.3415300546448166,0.010000000000000231,
512500,2016-07-04,2.93,2.972,2.98,2.93,6385.0,,1.7018379850238197,1.1572498298161948,0.03399999999999981,
512500,2016-07-05,2.986,2.998,3.013,2.98,5876.0,,1.110363391655448,0.8748317631224847,0.026000000000000245,
512500,2016-07-06,2.998,3.009,3.01,2.98,2538.0,,1.0006671114075985,0.3669112741827777,0.010999999999999677,
512500,2016-07-07,2.983,3.019,3.03,2.983,3946.0,,1.5619807244931774,0.3323363243602603,0.010000000000000231,
512500,2016-07-08,3.015,3.014,3.031,3.009,1776.0,,0.7287181185823199,-0.1656177542232639,-0.0050000000000003375,
512500,2016-07-11,3.015,3.026,3.055,3.015,2708.0,,1.3271400132714015,0.3981420039814204,0.01200000000000001,
512500,2016-07-12,3.026,3.045,3.048,3.0,5401.0,,1.5862524785194991,0.6278916060806388,0.019000000000000128,
512500,2016-07-13,3.059,3.079,3.084,3.059,4871.0,,0.8210180623973699,1.1165845648604353,0.03400000000000025,
512500,2016-07-14,3.079,3.08,3.08,3.073,2872.0,,0.2273465410847716,0.03247807729782039,0.0009999999999998899,
512500,2016-07-15,3.137,3.088,3.138,3.069,1202.0,,2.2402597402597384,0.25974025974025994,0.008000000000000007,
512500,2016-07-18,3.1,3.07,3.1,3.06,1631.0,,1.2953367875647679,-0.5829015544041528,-0.018000000000000238,
512500,2016-07-19,3.06,3.071,3.071,3.049,1967.0,,0.7166123778501707,0.03257328990229101,0.001000000000000334,
512500,2016-07-20,3.076,3.069,3.086,3.063,2172.0,,0.7489417127971243,-0.06512536633019289,-0.002000000000000224,
512500,2016-07-21,3.073,3.083,3.095,3.063,2064.0,,1.0426849136526564,0.45617464972304445,0.014000000000000234,
512500,2016-07-22,3.069,3.052,3.08,3.051,1955.0,,0.9406422315926017,-1.0055141096334783,-0.03100000000000014,
512500,2016-07-25,3.05,3.065,3.075,3.05,1441.0,,0.8191349934469316,0.4259501965923952,0.0129999999999999,
512500,2016-07-26,3.061,3.093,3.1,3.061,1541.0,,1.2724306688417666,0.9135399673735735,0.028000000000000025,
512500,2016-07-27,3.108,3.002,3.114,2.95,46366.0,,5.302295505981238,-2.9421273844164304,-0.09100000000000019,
512500,2016-07-28,3.0,2.994,3.028,2.985,16833.0,,1.4323784143904115,-0.26648900732843317,-0.007999999999999563,
512500,2016-07-29,2.968,2.986,2.997,2.968,5496.0,,0.9686038744154947,-0.26720106880427547,-0.008000000000000007,
512500,2016-08-01,2.972,2.945,2.972,2.929,2189.0,,1.4400535833891543,-1.3730743469524571,-0.04100000000000037,
512500,2016-08-02,2.945,2.956,2.957,2.941,493.0,,0.5432937181663843,0.3735144312393929,0.01100000000000012,
512500,2016-08-03,2.955,2.963,2.98,2.954,2348.0,,0.8795669824086536,0.23680649526387404,0.007000000000000117,
512500,2016-08-04,2.964,2.986,2.987,2.96,1853.0,,0.9112386095173854,0.7762402969962919,0.02300000000000013,
512500,2016-08-05,2.994,2.98,2.995,2.98,541.0,,0.5023442732752889,-0.20093770931012148,-0.006000000000000227,
512500,2016-08-08,2.98,3.004,3.01,2.963,1609.0,,1.5771812080536816,0.8053691275167794,0.02400000000000002,
512500,2016-08-09,3.01,3.027,3.03,3.008,4619.0,,0.7323568575232955,0.7656458055925477,0.02300000000000013,
512500,2016-08-10,3.029,3.036,3.04,3.029,3740.0,,0.36339610175091247,0.2973240832507399,0.008999999999999897,
512500,2016-08-11,3.006,3.011,3.026,3.005,1073.0,,0.69169960474308,-0.8234519104084292,-0.02499999999999991,
512500,2016-08-12,3.007,3.01,3.033,2.984,2059.0,,1.6273663234805689,-0.03321155762206356,-0.001000000000000334,
512500,2016-08-15,3.072,3.089,3.097,3.011,5619.0,,2.8571428571428523,2.6245847176079797,0.07900000000000018,
512500,2016-08-16,3.089,3.094,3.101,3.084,3694.0,,0.5503399158303627,0.16186468112657473,0.004999999999999893,
512500,2016-08-17,3.1,3.103,3.115,3.09,2984.0,,0.8080155138978784,0.2908855850032431,0.009000000000000341,
512500,2016-08-18,3.11,3.104,3.121,3.1,1243.0,,0.676764421527551,0.03222687721559425,0.0009999999999998899,
512500,2016-08-19,3.103,3.134,3.137,3.094,4615.0,,1.3853092783505203,0.9664948453608183,0.029999999999999805,
512500,2016-08-22,3.134,3.107,3.14,3.102,6869.0,,1.2125079770261729,-0.8615188257817387,-0.02699999999999969,
512500,2016-08-23,3.099,3.074,3.099,3.067,1125.0,,1.0299324106855496,-1.0621177985194838,-0.03300000000000036,
512500,2016-08-24,3.074,3.084,3.092,3.074,2612.0,,0.585556278464549,0.3253090435914194,0.010000000000000231,
512500,2016-08-25,3.052,3.072,3.073,3.034,1423.0,,1.2645914396887206,-0.3891050583657591,-0.01200000000000001,
512500,2016-08-26,3.062,3.08,3.1,3.062,596.0,,1.236979166666675,0.2604166666666669,0.008000000000000007,
512500,2016-08-29,3.078,3.068,3.086,3.067,741.0,,0.6168831168831066,-0.38961038961038996,-0.01200000000000001,
512500,2016-08-30,3.078,3.078,3.096,3.078,856.0,,0.5867014341590691,0.3259452411994715,0.009999999999999787,
512500,2016-08-31,3.079,3.087,3.095,3.068,733.0,,0.8771929824561449,0.29239766081872454,0.009000000000000341,
512500,2016-09-01,3.092,3.064,3.098,3.064,919.0,,1.1013929381276257,-0.7450599287334023,-0.02300000000000013,
512500,2016-09-02,3.057,3.051,3.074,3.04,1141.0,,1.1096605744125263,-0.4242819843342004,-0.0129999999999999,
512500,2016-09-05,3.04,3.061,3.079,3.04,534.0,,1.278269419862345,0.3277613897082854,0.009999999999999787,
512500,2016-09-06,3.05,3.118,3.128,3.05,15967.0,,2.5481868670369257,1.8621365566808212,0.05699999999999994,
512500,2016-09-07,3.13,3.116,3.131,3.114,1615.0,,0.5452212957023703,-0.06414368184733098,-0.0019999999999997797,
512500,2016-09-08,3.108,3.123,3.123,3.108,4396.0,,0.48138639281130047,0.2246469833119421,0.007000000000000117,
512500,2016-09-09,3.125,3.123,3.14,3.12,1299.0,,0.6404098623118801,0.0,0.0,
512500,2016-09-12,3.022,3.037,3.078,3.022,10076.0,,1.7931476144732645,-2.7537624079410916,-0.0860000000000003,
512500,2016-09-13,3.052,3.038,3.056,3.031,966.0,,0.8231807704971983,0.032927230819884426,0.0009999999999998899,
512500,2016-09-14,3.03,3.031,3.04,3.025,424.0,,0.49374588545095865,-0.23041474654376803,-0.006999999999999673,
512500,2016-09-19,3.053,3.05,3.054,3.023,2454.0,,1.0227647641042459,0.6268558231606626,0.018999999999999684,
512500,2016-09-20,3.034,3.044,3.049,3.034,230.0,,0.4918032786885287,-0.19672131147540273,-0.005999999999999783,
512500,2016-09-21,3.03,3.053,3.063,3.03,2075.0,,1.0840998685939673,0.2956636005256208,0.008999999999999897,
512500,2016-09-22,3.064,3.061,3.078,3.058,2468.0,,0.6550933508024899,0.26203734032099596,0.008000000000000007,
512500,2016-09-23,3.06,3.058,3.069,3.057,1116.0,,0.39202874877491045,-0.09800718719373126,-0.0030000000000001137,
512500,2016-09-26,3.044,2.988,3.047,2.986,859.0,,1.9947678221059497,-2.289077828646169,-0.06999999999999984,
512500,2016-09-27,2.981,3.025,3.026,2.98,1719.0,,1.5394912985274372,1.238286479250332,0.03699999999999992,
512500,2016-09-28,3.012,3.02,3.037,3.006,1405.0,,1.0247933884297566,-0.1652892561983436,-0.004999999999999893,
512500,2016-09-29,3.021,3.029,3.037,3.018,352.0,,0.6291390728476864,0.29801324503310916,0.008999999999999897,
512500,2016-09-30,3.029,3.041,3.05,3.029,547.0,,0.693298118190819,0.3961703532518987,0.01200000000000001,
512500,2016-10-10,3.045,3.084,3.1,3.045,1526.0,,1.808615586977973,1.4140085498191435,0.04300000000000015,
512500,2016-10-11,3.081,3.109,3.11,3.081,1708.0,,0.9403372243839142,0.8106355382619945,0.02499999999999991,
512500,2016-10-12,3.101,3.094,3.106,3.058,835.0,,1.543904792537795,-0.48247024766806446,-0.015000000000000124,
512500,2016-10-13,3.094,3.108,3.114,3.094,3967.0,,0.6464124111182941,0.45248868778281304,0.014000000000000234,
512500,2016-10-14,3.105,3.105,3.105,3.09,2547.0,,0.4826254826254866,-0.09652509652510018,-0.0030000000000001137,
512500,2016-10-17,3.1,3.08,3.11,3.077,3540.0,,1.0628019323671472,-0.8051529790660197,-0.02499999999999991,
512500,2016-10-18,3.08,3.113,3.114,3.074,2220.0,,1.2987012987012998,1.0714285714285687,0.03299999999999992,
512500,2016-10-19,3.114,3.107,3.128,3.102,3870.0,,0.8352071956312318,-0.192740122068737,-0.005999999999999783,
512500,2016-10-20,3.112,3.11,3.12,3.105,841.0,,0.482780817508855,0.09655616350175955,0.0029999999999996696,
512500,2016-10-21,3.115,3.1,3.12,3.088,662.0,,1.0289389067524124,-0.32154340836012174,-0.009999999999999787,
512500,2016-10-24,3.1,3.129,3.132,3.1,1266.0,,1.03225806451613,0.9354838709677392,0.028999999999999915,
512500,2016-10-25,3.131,3.137,3.137,3.131,2126.0,,0.19175455417066883,0.2556727388942156,0.008000000000000007,
512500,2016-10-26,3.136,3.124,3.136,3.12,667.0,,0.5100414408670709,-0.41440867070449156,-0.0129999999999999,
512500,2016-10-27,3.119,3.123,3.123,3.109,462.0,,0.44814340588989227,-0.032010243277845386,-0.0009999999999998899,
512500,2016-10-28,3.117,3.105,3.124,3.103,429.0,,0.6724303554274706,-0.5763688760806992,-0.018000000000000238,
512500,2016-10-31,3.102,3.092,3.103,3.08,1171.0,,0.740740740740745,-0.4186795491143285,-0.0129999999999999,
512500,2016-11-01,3.089,3.116,3.116,3.088,974.0,,0.9055627425614496,0.7761966364812425,0.02400000000000002,
512500,2016-11-02,3.128,3.102,3.137,3.1,1491.0,,1.187419768934529,-0.4492939666238842,-0.014000000000000234,
512500,2016-11-03,3.101,3.103,3.12,3.09,581.0,,0.9671179883945922,0.032237266279830236,0.001000000000000334,
512500,2016-11-04,3.103,3.092,3.114,3.092,369.0,,0.7089912987431451,-0.35449564937157974,-0.01100000000000012,
512500,2016-11-07,3.1,3.1,3.101,3.087,1048.0,,0.45278137128071766,0.2587322121604142,0.008000000000000007,
512500,2016-11-08,3.138,3.106,3.138,3.101,1578.0,,1.1935483870967716,0.1935483870967672,0.005999999999999783,
512500,2016-11-09,3.105,3.09,3.115,3.08,1019.0,,1.126851255634261,-0.5151320025756605,-0.016000000000000014,
512500,2016-11-10,3.104,3.125,3.131,3.104,3183.0,,0.8737864077669802,1.1326860841423994,0.03500000000000014,
512500,2016-11-11,3.125,3.149,3.15,3.122,4865.0,,0.8960000000000008,0.7680000000000007,0.02400000000000002,
512500,2016-11-14,3.145,3.168,3.177,3.144,2096.0,,1.0479517307081587,0.6033661479834909,0.019000000000000128,
512500,2016-11-15,3.168,3.173,3.179,3.162,1909.0,,0.5366161616161585,0.15782828282827946,0.004999999999999893,
512500,2016-11-16,3.185,3.179,3.189,3.176,949.0,,0.4097069019854995,0.18909549322407132,0.005999999999999783,
512500,2016-11-17,3.194,3.168,3.194,3.16,1020.0,,1.0695187165775342,-0.3460207612456646,-0.010999999999999677,
512500,2016-11-18,3.181,3.16,3.181,3.155,908.0,,0.8207070707070784,-0.2525252525252527,-0.008000000000000007,
512500,2016-11-21,3.158,3.163,3.179,3.158,920.0,,0.6645569620253134,0.09493670886074904,0.0029999999999996696,
512500,2016-11-22,3.183,3.183,3.184,3.171,859.0,,0.41100221308885065,0.632311097059754,0.020000000000000018,
512500,2016-11-23,3.184,3.18,3.195,3.178,1138.0,,0.5340873389883727,-0.09425070688029122,-0.0029999999999996696,
512500,2016-11-24,3.182,3.169,3.183,3.169,2098.0,,0.44025157232703743,-0.3459119496855384,-0.01100000000000012,
512500,2016-11-25,3.178,3.207,3.21,3.145,55954.0,,2.051120227201008,1.1991164405175074,0.03799999999999981,
512500,2016-11-28,3.25,3.212,3.25,3.208,8397.0,,1.309635173058928,0.1559089491736931,0.0050000000000003375,
512500,2016-11-29,3.21,3.198,3.219,3.198,1814.0,,0.6537982565379796,-0.43586550435866234,-0.014000000000000234,
512500,2016-11-30,3.199,3.17,3.199,3.165,964.0,,1.0631644777986182,-0.8755472170106325,-0.028000000000000025,
512500,2016-12-01,3.188,3.21,3.225,3.188,1308.0,,1.1671924290220796,1.2618296529968467,0.040000000000000036,
512500,2016-12-02,3.204,3.172,3.204,3.169,713.0,,1.0903426791277304,-1.1838006230529536,-0.03799999999999981,
512500,2016-12-05,3.17,3.141,3.17,3.14,7320.0,,0.9457755359394641,-0.9773013871374571,-0.03100000000000014,
512500,2016-12-06,3.141,3.15,3.157,3.114,511.0,,1.3689907672715744,0.28653295128939504,0.008999999999999897,
512500,2016-12-07,3.111,3.157,3.157,3.108,875.0,,1.5555555555555534,0.22222222222222596,0.007000000000000117,
512500,2016-12-08,3.156,3.149,3.157,3.141,304.0,,0.5068102629078243,-0.25340513145391214,-0.008000000000000007,
512500,2016-12-09,3.156,3.14,3.156,3.13,555.0,,0.8256589393458318,-0.2858050174658589,-0.008999999999999897,
512500,2016-12-12,3.127,3.06,3.127,3.06,1482.0,,2.133757961783431,-2.5477707006369448,-0.08000000000000007,
512500,2016-12-13,3.09,3.065,3.09,3.052,447.0,,1.241830065359471,0.16339869281045402,0.004999999999999893,
512500,2016-12-14,3.06,3.066,3.149,3.05,923.0,,3.23001631321371,0.032626427406195424,0.0009999999999998899,
512500,2016-12-15,3.119,3.095,3.119,3.021,956.0,,3.1963470319634806,0.9458577951728754,0.02900000000000036,
512500,2016-12-16,3.054,3.075,3.096,3.054,301.0,,1.3570274636510584,-0.6462035541195482,-0.020000000000000018,
512500,2016-12-19,3.035,3.052,3.087,3.033,416.0,,1.7560975609756186,-0.747967479674801,-0.02300000000000013,
512500,2016-12-20,3.003,3.042,3.088,3.003,175.0,,2.785058977719527,-0.3276539973787756,-0.010000000000000231,
512500,2016-12-21,3.076,3.07,3.077,3.042,819.0,,1.1505588428665399,0.9204470742932289,0.028000000000000025,
512500,2016-12-22,3.088,3.071,3.088,3.052,108.0,,1.1726384364820859,0.03257328990229101,0.001000000000000334,
512500,2016-12-23,3.067,3.065,3.067,3.03,222.0,,1.2048192771084456,-0.19537609899056418,-0.006000000000000227,
512500,2016-12-26,3.004,3.05,3.05,3.004,328.0,,1.500815660685149,-0.48939641109298937,-0.015000000000000124,
512500,2016-12-27,3.05,3.026,3.06,3.023,111.0,,1.213114754098358,-0.78688524590164,-0.02400000000000002,
512500,2016-12-28,3.02,3.03,3.047,3.007,731.0,,1.321877065432916,0.1321877065432916,0.0040000000000000036,
512500,2016-12-29,3.015,3.017,3.029,3.015,382.0,,0.4620462046204552,-0.42904290429042574,-0.0129999999999999,
512500,2016-12-30,3.011,3.028,3.03,3.011,578.0,,0.6297646668876263,0.36460059661916217,0.01100000000000012,
512500,2018-05-21,2.965,2.988,2.988,2.965,2035.0,,0.7595772787318406,-1.3210039630118902,-0.040000000000000036,
512500,2018-05-22,2.97,2.987,2.988,2.969,2092.0,,0.635876840696122,-0.03346720214189725,-0.0009999999999998899,
512500,2018-05-23,2.985,2.95,2.985,2.948,2755.0,,1.2387010378305967,-1.2387010378305967,-0.03699999999999992,
512500,2018-05-24,2.96,2.948,2.968,2.946,1571.0,,0.7457627118643999,-0.0677966101694991,-0.002000000000000224,
512500,2018-05-25,2.948,2.96,2.96,2.933,2760.0,,0.9158751696065176,0.4070556309362284,0.01200000000000001,
512500,2018-05-28,2.933,2.925,2.959,2.925,3803.0,,1.1486486486486571,-1.1824324324324371,-0.03500000000000014,
512500,2018-05-29,2.925,2.94,2.953,2.915,1517.0,,1.2991452991452928,0.5128205128205171,0.015000000000000124,
512500,2018-05-30,2.93,2.89,2.954,2.835,13496.0,,4.0476190476190546,-1.7006802721088374,-0.04999999999999982,
512500,2018-05-31,2.89,2.88,2.89,2.791,13504.0,,3.4256055363321867,-0.3460207612456827,-0.010000000000000231,
512500,2018-06-01,2.83,2.785,2.85,2.77,27230.0,,2.7777777777777803,-3.2986111111111027,-0.09499999999999975,
512500,2018-06-04,2.802,2.79,2.804,2.772,24285.0,,1.149012567324956,0.1795332136445204,0.004999999999999893,
512500,2018-06-05,2.793,2.827,2.843,2.786,21915.0,,2.04301075268817,1.3261648745519685,0.03699999999999992,
512500,2018-06-06,2.837,2.833,2.846,2.826,13292.0,,0.7074637424831984,0.21223912274496737,0.006000000000000227,
512500,2018-06-07,2.834,2.822,2.843,2.817,9129.0,,0.9177550300035228,-0.3882809742322669,-0.01100000000000012,
512500,2018-06-08,2.818,2.801,2.822,2.778,15807.0,,1.5591778880226803,-0.7441530829199117,-0.020999999999999908,
512500,2018-06-11,2.786,2.787,2.799,2.756,22785.0,,1.535166012138527,-0.4998214923241783,-0.014000000000000234,
512500,2018-06-12,2.774,2.794,2.796,2.756,26973.0,,1.4352350197344828,0.2511661284535385,0.007000000000000117,
512500,2018-06-13,2.794,2.758,2.794,2.755,18471.0,,1.3958482462419521,-1.2884753042233368,-0.03600000000000003,
512500,2018-06-14,2.754,2.746,2.77,2.74,18523.0,,1.0877447425670705,-0.43509789702683144,-0.01200000000000001,
512500,2018-06-15,2.749,2.707,2.75,2.685,34507.0,,2.3670793882010175,-1.420247632920617,-0.039000000000000146,
512500,2018-06-19,2.664,2.543,2.668,2.501,55517.0,,6.169190986331743,-6.058367196158098,-0.1639999999999997,
512500,2018-06-20,2.526,2.551,2.568,2.506,379358.0,,2.438065277231627,0.31458906802988623,0.008000000000000007,
512500,2018-06-21,2.555,2.517,2.576,2.503,483853.0,,2.8616228929831418,-1.3328106624853098,-0.03400000000000025,
512500,2018-06-22,2.52,2.539,2.544,2.485,49933.0,,2.34406038935241,0.8740564163687025,0.02200000000000024,
512500,2018-06-25,2.543,2.515,2.569,2.513,50923.0,,2.2055927530523847,-0.9452540370224506,-0.02400000000000002,
512500,2018-06-26,2.496,2.531,2.545,2.489,12232.0,,2.2266401590457274,0.6361829025844936,0.016000000000000014,
512500,2018-06-27,2.526,2.52,2.549,2.506,15317.0,,1.698933227973139,-0.43461082576057364,-0.01100000000000012,
512500,2018-06-28,2.517,2.49,2.538,2.488,44058.0,,1.984126984126977,-1.1904761904761827,-0.029999999999999805,
512500,2018-06-29,2.495,2.567,2.568,2.494,25782.0,,2.9718875502007966,3.0923694779116446,0.07699999999999996,
512500,2018-07-02,2.567,2.546,2.576,2.504,10516.0,,2.804830541488121,-0.8180755746007148,-0.02100000000000035,
512500,2018-07-03,2.535,2.558,2.565,2.495,24274.0,,2.749410840534165,0.47132757266300124,0.01200000000000001,
512500,2018-07-04,2.543,2.531,2.555,2.518,11703.0,,1.4464425332290995,-1.055512118842834,-0.02699999999999969,
512500,2018-07-05,2.531,2.457,2.532,2.456,34883.0,,3.002765705254842,-2.923745555116566,-0.07400000000000029,
512500,2018-07-06,2.46,2.461,2.493,2.415,191988.0,,3.1746031746031687,0.16280016280016293,0.0040000000000000036,
512500,2018-07-09,2.461,2.513,2.515,2.461,12606.0,,2.1942299878098446,2.1129622104835453,0.052000000000000046,
512500,2018-07-10,2.513,2.53,2.534,2.51,17999.0,,0.9550338241146049,0.676482292081174,0.016999999999999904,
512500,2018-07-11,2.506,2.485,2.506,2.461,330995.0,,1.7786561264822107,-1.7786561264822107,-0.04499999999999993,
512500,2018-07-12,2.487,2.546,2.61,2.48,108773.0,,5.231388329979875,2.454728370221326,0.06099999999999994,
512500,2018-07-13,2.547,2.569,2.571,2.547,23524.0,,0.9426551453260025,0.90337784760409,0.02300000000000013,
512500,2018-07-16,2.569,2.57,2.579,2.55,14927.0,,1.128843908135475,0.03892565200466679,0.0009999999999998899,
512500,2018-07-17,2.563,2.565,2.568,2.541,12382.0,,1.050583657587554,-0.19455252918287524,-0.004999999999999893,
512500,2018-07-18,2.567,2.554,2.59,2.553,22564.0,,1.44249512670565,-0.42884990253411776,-0.01100000000000012,
512500,2018-07-19,2.553,2.525,2.563,2.512,17566.0,,1.9968676585747909,-1.1354737666405605,-0.028999999999999915,
512500,2018-07-20,2.53,2.56,2.561,2.509,10033.0,,2.0594059405940612,1.3861386138613918,0.03500000000000014,
512500,2018-07-23,2.554,2.575,2.58,2.54,23846.0,,1.5625000000000013,0.5859375000000049,0.015000000000000124,
512500,2018-07-24,2.58,2.616,2.62,2.58,18862.0,,1.5533980582524285,1.5922330097087347,0.040999999999999925,
512500,2018-07-25,2.617,2.622,2.634,2.615,16837.0,,0.7262996941895903,0.2293577981651293,0.005999999999999783,
512500,2018-07-26,2.628,2.61,2.628,2.601,13330.0,,1.0297482837528655,-0.4576659038901606,-0.01200000000000001,
512500,2018-07-27,2.61,2.598,2.61,2.588,33068.0,,0.8429118773946284,-0.4597701149425292,-0.01200000000000001,
512500,2018-07-30,2.588,2.561,2.597,2.555,16137.0,,1.6166281755196232,-1.4241724403387193,-0.03699999999999992,
512500,2018-07-31,2.559,2.557,2.572,2.552,30623.0,,0.7809449433814922,-0.15618898867629846,-0.0040000000000000036,
512500,2018-08-01,2.57,2.52,2.583,2.519,25141.0,,2.5029331247555753,-1.4470082127493127,-0.03699999999999992,
512500,2018-08-02,2.519,2.467,2.519,2.421,83910.0,,3.8888888888889013,-2.1031746031746006,-0.052999999999999936,
512500,2018-08-03,2.467,2.459,2.473,2.44,74334.0,,1.3376570733684603,-0.32428050263477937,-0.008000000000000007,
512500,2018-08-06,2.445,2.387,2.445,2.378,65225.0,,2.724684831232197,-2.9280195201301367,-0.07200000000000006,
512500,2018-08-07,2.397,2.444,2.445,2.373,37392.0,,3.016338500209452,2.3879346459991595,0.05699999999999994,
512500,2018-08-08,2.436,2.426,2.44,2.42,44523.0,,0.8183306055646489,-0.7364975450081749,-0.017999999999999794,
512500,2018-08-09,2.401,2.47,2.489,2.401,88560.0,,3.627370156636442,1.813685078318221,0.04400000000000004,
512500,2018-08-10,2.47,2.484,2.485,2.462,17346.0,,0.9311740890688132,0.5668016194331899,0.01399999999999979,
512500,2018-08-13,2.469,2.495,2.504,2.453,31961.0,,2.053140096618364,0.44283413848631725,0.01100000000000012,
512500,2018-08-14,2.496,2.492,2.499,2.48,23283.0,,0.7615230460921895,-0.1202404809619284,-0.0030000000000001137,
512500,2018-08-15,2.496,2.44,2.496,2.436,30253.0,,2.407704654895668,-2.086677367576246,-0.052000000000000046,
512500,2018-08-16,2.421,2.44,2.442,2.39,88523.0,,2.1311475409836085,0.0,0.0,
512500,2018-08-17,2.433,2.38,2.438,2.37,97368.0,,2.786885245901642,-2.4590163934426252,-0.06000000000000005,
512500,2018-08-20,2.379,2.386,2.387,2.345,101440.0,,1.7647058823529336,0.252100840336144,0.006000000000000227,
512500,2018-08-21,2.386,2.421,2.424,2.379,129888.0,,1.8860016764459315,1.4668901927912699,0.0349999999999997,
512500,2018-08-22,2.416,2.398,2.416,2.388,186882.0,,1.1565468814539457,-0.9500206526228702,-0.022999999999999687,
512500,2018-08-23,2.398,2.404,2.413,2.385,136681.0,,1.1676396997497924,0.250208507089232,0.005999999999999783,
512500,2018-08-24,2.406,2.399,2.414,2.388,120679.0,,1.0815307820299604,-0.20798668885190905,-0.004999999999999893,
512500,2018-08-27,2.4,2.451,2.454,2.394,80113.0,,2.5010421008753667,2.1675698207586516,0.052000000000000046,
512500,2018-08-28,2.45,2.458,2.464,2.45,200619.0,,0.5711954304365479,0.28559771521828303,0.007000000000000117,
512500,2018-08-29,2.461,2.444,2.461,2.439,78970.0,,0.8950366151342471,-0.5695687550854448,-0.014000000000000234,
512500,2018-08-30,2.447,2.409,2.447,2.405,108472.0,,1.7184942716857716,-1.43207855973814,-0.03500000000000014,
512500,2018-08-31,2.409,2.38,2.409,2.376,71645.0,,1.369863013698627,-1.2038190120381866,-0.028999999999999915,
512500,2018-09-03,2.381,2.392,2.393,2.35,72514.0,,1.8067226890756178,0.5042016806722693,0.01200000000000001,
512500,2018-09-04,2.392,2.415,2.425,2.387,63222.0,,1.5886287625417983,0.9615384615384671,0.02300000000000013,
512500,2018-09-05,2.415,2.384,2.417,2.382,102503.0,,1.4492753623188281,-1.2836438923395503,-0.03100000000000014,
512500,2018-09-06,2.375,2.371,2.398,2.361,75758.0,,1.5520134228187887,-0.5453020134228146,-0.0129999999999999,
512500,2018-09-07,2.374,2.371,2.405,2.355,98127.0,,2.1088148460565086,0.0,0.0,
512500,2018-09-10,2.369,2.326,2.371,2.326,101314.0,,1.8979333614508616,-1.8979333614508616,-0.04499999999999993,
512500,2018-09-11,2.329,2.326,2.345,2.313,92626.0,,1.3757523645743779,0.0,0.0,
512500,2018-09-12,2.327,2.322,2.342,2.315,149984.0,,1.160791057609636,-0.17196904557179724,-0.0040000000000000036,
512500,2018-09-13,2.338,2.334,2.361,2.303,199839.0,,2.497846683893207,0.5167958656330753,0.01200000000000001,
512500,2018-09-14,2.336,2.313,2.336,2.309,49944.0,,1.1568123393316063,-0.8997429305912557,-0.020999999999999908,
512500,2018-09-17,2.293,2.279,2.311,2.272,149251.0,,1.6861219195849608,-1.4699524427150994,-0.03400000000000025,
512500,2018-09-18,2.278,2.315,2.318,2.27,154010.0,,2.106186924089515,1.579640193067136,0.03600000000000003,
512500,2018-09-19,2.315,2.34,2.363,2.309,161979.0,,2.332613390928718,1.0799136069114432,0.02499999999999991,
512500,2018-09-20,2.34,2.344,2.357,2.339,126086.0,,0.7692307692307794,0.17094017094017108,0.0040000000000000036,
512500,2018-09-21,2.344,2.381,2.383,2.337,175181.0,,1.9624573378839514,1.578498293515355,0.03699999999999992,
512500,2018-09-25,2.372,2.375,2.383,2.361,121412.0,,0.9239815203695841,-0.25199496010078887,-0.005999999999999783,
512500,2018-09-26,2.376,2.38,2.398,2.368,127931.0,,1.2631578947368527,0.2105263157894692,0.004999999999999893,
512500,2018-09-27,2.376,2.357,2.386,2.353,54793.0,,1.3865546218487361,-0.9663865546218355,-0.022999999999999687,
512500,2018-09-28,2.36,2.381,2.381,2.352,176590.0,,1.2303775986423382,1.0182435299108856,0.023999999999999577,
512500,2018-10-08,2.337,2.302,2.347,2.301,117999.0,,1.931961360772777,-3.317933641327163,-0.07899999999999974,
512500,2018-10-09,2.306,2.293,2.32,2.285,122662.0,,1.520417028670708,-0.39096437880103807,-0.008999999999999897,
512500,2018-10-10,2.293,2.291,2.308,2.272,144951.0,,1.5699956389010044,-0.08722197993895438,-0.002000000000000224,
512500,2018-10-11,2.234,2.135,2.234,2.117,277166.0,,5.106940200785683,-6.809253601047584,-0.15600000000000014,
512500,2018-10-12,2.12,2.123,2.131,2.055,380049.0,,3.559718969555018,-0.5620608899297221,-0.011999999999999567,
512500,2018-10-15,2.141,2.079,2.143,2.077,165944.0,,3.1088082901554324,-2.0725388601036285,-0.04400000000000004,
512500,2018-10-16,2.079,2.036,2.094,2.025,258952.0,,3.3189033189033164,-2.0683020683020756,-0.04300000000000015,
512500,2018-10-17,2.053,2.048,2.073,2.006,124147.0,,3.290766208251482,0.5893909626719063,0.01200000000000001,
512500,2018-10-18,2.039,2.0,2.039,1.998,300960.0,,2.001953125000007,-2.343750000000002,-0.04800000000000004,
512500,2018-10-19,1.98,2.048,2.053,1.967,354439.0,,4.299999999999993,2.400000000000002,0.04800000000000004,
512500,2018-10-22,2.074,2.153,2.17,2.072,541528.0,,4.785156249999993,5.126953124999999,0.10499999999999998,
512500,2018-10-23,2.153,2.111,2.16,2.094,367129.0,,3.065490013934059,-1.950766372503475,-0.041999999999999815,
512500,2018-10-24,2.105,2.106,2.132,2.086,313195.0,,2.179062055897691,-0.23685457129324194,-0.0050000000000003375,
512500,2018-10-25,2.058,2.102,2.104,2.035,321010.0,,3.2763532763532743,-0.18993352326685678,-0.0040000000000000036,
512500,2018-10-26,2.11,2.1,2.13,2.088,183016.0,,1.9980970504281552,-0.09514747859180685,-0.0019999999999997797,
512500,2018-10-29,2.096,2.068,2.098,2.053,249250.0,,2.1428571428571392,-1.523809523809525,-0.03200000000000003,
512500,2018-10-30,2.05,2.086,2.102,2.031,328199.0,,3.4332688588007607,0.8704061895551156,0.017999999999999794,
512500,2018-10-31,2.086,2.116,2.134,2.086,413602.0,,2.301054650047941,1.4381591562799736,0.03000000000000025,
512500,2018-11-01,2.132,2.133,2.168,2.13,460031.0,,1.7958412098298797,0.8034026465028309,0.016999999999999904,
512500,2018-11-02,2.21,2.202,2.23,2.164,762759.0,,3.0942334739803017,3.234880450070321,0.06899999999999995,
512500,2018-11-05,2.197,2.202,2.219,2.168,808937.0,,2.316076294277916,0.0,0.0,
512500,2018-11-06,2.189,2.203,2.205,2.172,326630.0,,1.4986376021798329,0.04541326067211126,0.0009999999999998899,
512500,2018-11-07,2.204,2.189,2.224,2.189,312429.0,,1.5887426236949678,-0.635497049477975,-0.01399999999999979,
512500,2018-11-08,2.197,2.174,2.21,2.171,189472.0,,1.7816354499771652,-0.6852444038373744,-0.015000000000000124,
512500,2018-11-09,2.165,2.171,2.185,2.16,305020.0,,1.1499540018399224,-0.1379944802207964,-0.0030000000000001137,
512500,2018-11-12,2.172,2.225,2.235,2.167,572392.0,,3.1321971441731953,2.4873330262551945,0.05400000000000027,
512500,2018-11-13,2.201,2.266,2.285,2.201,890661.0,,3.7752808988764075,1.8426966292134799,0.040999999999999925,
512500,2018-11-14,2.27,2.259,2.285,2.25,362460.0,,1.5445719329214538,-0.30891438658429465,-0.007000000000000117,
512500,2018-11-15,2.251,2.299,2.301,2.251,562919.0,,2.213368747233301,1.7706949977866329,0.040000000000000036,
512500,2018-11-16,2.3,2.313,2.334,2.289,459702.0,,1.9573727707698967,0.608960417572868,0.014000000000000234,
512500,2018-11-19,2.312,2.317,2.324,2.29,397248.0,,1.4699524427150803,0.17293558149589291,0.0040000000000000036,
512500,2018-11-20,2.31,2.259,2.31,2.253,536514.0,,2.460077686663787,-2.5032369443245694,-0.058000000000000274,
512500,2018-11-21,2.23,2.259,2.271,2.225,714635.0,,2.036299247454618,0.0,0.0,
512500,2018-11-22,2.268,2.261,2.278,2.247,336559.0,,1.3722886232846454,0.08853474988934147,0.002000000000000224,
512500,2018-11-23,2.258,2.178,2.259,2.17,438055.0,,3.936311366651922,-3.670942061034949,-0.08300000000000018,
512500,2018-11-26,2.163,2.17,2.191,2.16,364039.0,,1.423324150596864,-0.3673094582185495,-0.008000000000000007,
512500,2018-11-27,2.172,2.183,2.195,2.171,326143.0,,1.1059907834101392,0.5990783410138203,0.0129999999999999,
512500,2018-11-28,2.183,2.207,2.211,2.154,317678.0,,2.6110856619331173,1.0994044892349988,0.02400000000000002,
512500,2018-11-29,2.223,2.159,2.224,2.159,430270.0,,2.9451744449479107,-2.1748980516538308,-0.04800000000000004,
512500,2018-11-30,2.16,2.175,2.182,2.136,280005.0,,2.130616025937926,0.7410838351088473,0.016000000000000014,
512500,2018-12-03,2.234,2.245,2.258,2.219,745697.0,,1.793103448275869,3.218390804597714,0.07000000000000028,
512500,2018-12-04,2.245,2.258,2.26,2.233,440746.0,,1.202672605790632,0.5790645879732695,0.0129999999999999,
512500,2018-12-05,2.214,2.238,2.26,2.214,522007.0,,2.0372010628875032,-0.8857395925597882,-0.020000000000000018,
512500,2018-12-06,2.224,2.195,2.231,2.192,616792.0,,1.7426273458444905,-1.9213583556747162,-0.04300000000000015,
512500,2018-12-07,2.196,2.193,2.209,2.191,279752.0,,0.8200455580865712,-0.0911161731207189,-0.0019999999999997797,
512500,2018-12-10,2.177,2.172,2.189,2.168,344905.0,,0.9575923392612817,-0.9575923392612817,-0.020999999999999908,
512500,2018-12-11,2.178,2.192,2.197,2.174,344525.0,,1.0589318600368385,0.9208103130755072,0.020000000000000018,
512500,2018-12-12,2.204,2.19,2.204,2.182,315218.0,,1.0036496350365072,-0.09124087591241896,-0.002000000000000224,
512500,2018-12-13,2.197,2.215,2.233,2.181,510670.0,,2.3744292237442943,1.1415525114155212,0.02499999999999991,
512500,2018-12-14,2.215,2.169,2.215,2.162,379090.0,,2.392776523702029,-2.076749435665906,-0.04599999999999982,
512500,2018-12-17,2.159,2.156,2.166,2.136,502085.0,,1.3831258644536562,-0.5993545412632504,-0.0129999999999999,
512500,2018-12-18,2.152,2.145,2.162,2.123,449776.0,,1.8089053803339379,-0.5102040816326586,-0.01100000000000012,
512500,2018-12-19,2.145,2.117,2.149,2.115,311628.0,,1.5850815850815763,-1.3053613053613067,-0.028000000000000025,
512500,2018-12-20,2.115,2.123,2.128,2.105,343383.0,,1.0864430798299543,0.2834199338686928,0.006000000000000227,
512500,2018-12-21,2.115,2.111,2.125,2.093,386708.0,,1.5073009891662752,-0.5652378709373532,-0.01200000000000001,
512500,2018-12-24,2.108,2.13,2.135,2.1,460498.0,,1.657981999052567,0.9000473709142436,0.018999999999999684,
512500,2018-12-25,2.107,2.102,2.12,2.055,744190.0,,3.0516431924882603,-1.3145539906103298,-0.028000000000000025,
512500,2018-12-26,2.1,2.096,2.116,2.088,326731.0,,1.3320647002854438,-0.28544243577544165,-0.005999999999999783,
512500,2018-12-27,2.13,2.072,2.136,2.07,259346.0,,3.1488549618320745,-1.1450381679389323,-0.02400000000000002,
512500,2018-12-28,2.073,2.079,2.092,2.064,370797.0,,1.3513513513513524,0.3378378378378435,0.007000000000000117,
512500,2019-01-02,2.081,2.061,2.083,2.059,450116.0,,1.1544011544011552,-0.8658008658008772,-0.018000000000000238,
512500,2019-01-03,2.058,2.05,2.085,2.047,345258.0,,1.843765162542446,-0.5337214944201902,-0.01100000000000012,
512500,2019-01-04,2.03,2.1,2.102,2.03,638497.0,,3.5121951219512226,2.4390243902439157,0.050000000000000266,
512500,2019-01-07,2.114,2.132,2.143,2.103,798319.0,,1.9047619047618851,1.523809523809525,0.03200000000000003,
512500,2019-01-08,2.127,2.133,2.139,2.125,522104.0,,0.6566604127579639,0.04690431519699296,0.0009999999999998899,
512500,2019-01-09,2.132,2.132,2.17,2.13,1104462.0,,1.8752930145335225,-0.04688232536333286,-0.0009999999999998899,
512500,2019-01-10,2.135,2.136,2.154,2.129,481421.0,,1.1726078799249489,0.18761726078799265,0.0040000000000000036,
512500,2019-01-11,2.136,2.145,2.152,2.123,571818.0,,1.3576779026217187,0.4213483146067367,0.008999999999999897,
512500,2019-01-14,2.15,2.135,2.155,2.13,479769.0,,1.1655011655011613,-0.46620046620047695,-0.010000000000000231,
512500,2019-01-15,2.126,2.164,2.17,2.126,897236.0,,2.060889929742391,1.3583138173302276,0.02900000000000036,
512500,2019-01-16,2.162,2.161,2.176,2.153,612772.0,,1.0628465804066602,-0.13863216266174277,-0.0030000000000001137,
512500,2019-01-17,2.161,2.145,2.166,2.141,385792.0,,1.1568718186024947,-0.7403979639055999,-0.016000000000000014,
512500,2019-01-18,2.145,2.163,2.166,2.138,460133.0,,1.3053613053613067,0.8391608391608296,0.017999999999999794,
512500,2019-01-21,2.165,2.172,2.19,2.163,724907.0,,1.2482662968099925,0.4160887656033445,0.009000000000000341,
512500,2019-01-22,2.166,2.145,2.17,2.135,365069.0,,1.6114180478821425,-1.24309392265194,-0.027000000000000135,
512500,2019-01-23,2.145,2.143,2.151,2.135,309014.0,,0.7459207459207466,-0.09324009324010367,-0.002000000000000224,
512500,2019-01-24,2.142,2.16,2.172,2.135,516562.0,,1.7265515632291353,0.7932804479701516,0.017000000000000348,
512500,2019-01-25,2.16,2.149,2.171,2.149,557617.0,,1.018518518518509,-0.5092592592592649,-0.01100000000000012,
512500,2019-01-28,2.155,2.143,2.18,2.141,551546.0,,1.8147975802698997,-0.27919962773384027,-0.006000000000000227,
512500,2019-01-29,2.135,2.118,2.14,2.088,675370.0,,2.4265048996733576,-1.1665888940737243,-0.02499999999999991,
512500,2019-01-30,2.102,2.1,2.124,2.1,559133.0,,1.133144475920681,-0.8498583569405003,-0.017999999999999794,
512500,2019-01-31,2.096,2.083,2.113,2.065,805354.0,,2.285714285714288,-0.809523809523805,-0.016999999999999904,
512500,2019-02-01,2.085,2.142,2.143,2.085,1343387.0,,2.7844455112817967,2.832453192510788,0.05899999999999972,
512500,2019-02-11,2.14,2.192,2.196,2.14,1344866.0,,2.614379084967323,2.3342670401494057,0.050000000000000266,
512500,2019-02-12,2.193,2.207,2.219,2.191,880792.0,,1.2773722627737236,0.6843065693430511,0.01499999999999968,
512500,2019-02-13,2.206,2.242,2.254,2.204,600476.0,,2.2655188038060636,1.5858631626642565,0.03500000000000014,
512500,2019-02-14,2.242,2.253,2.267,2.234,645013.0,,1.4719000892060625,0.4906333630686941,0.01100000000000012,
512500,2019-02-15,2.243,2.241,2.262,2.236,738867.0,,1.154016866400346,-0.5326231691078567,-0.01200000000000001,
512500,2019-02-18,2.25,2.322,2.325,2.25,941902.0,,3.346720214190101,3.614457831325299,0.08099999999999996,
512500,2019-02-19,2.337,2.317,2.343,2.292,1114078.0,,2.1963824289405753,-0.21533161068044332,-0.004999999999999893,
512500,2019-02-20,2.317,2.313,2.322,2.295,735924.0,,1.165299956840748,-0.17263703064307306,-0.0040000000000000036,
512500,2019-02-21,2.313,2.319,2.364,2.304,1116569.0,,2.594033722438394,0.2594033722438298,0.005999999999999783,
512500,2019-02-22,2.316,2.386,2.387,2.31,953514.0,,3.3203967227253104,2.88917636912463,0.06700000000000017,
512500,2019-02-25,2.415,2.573,2.6,2.407,2213812.0,,8.088851634534787,7.837384744341988,0.18699999999999983,
512500,2019-02-26,2.571,2.512,2.571,2.489,2273525.0,,3.1869413136416753,-2.3707734162456253,-0.06099999999999994,
512500,2019-02-27,2.509,2.487,2.527,2.462,833883.0,,2.587579617834393,-0.9952229299363022,-0.02499999999999991,
512500,2019-02-28,2.488,2.492,2.517,2.477,670835.0,,1.6083634901487749,0.2010454362685924,0.004999999999999893,
512500,2019-03-01,2.494,2.519,2.521,2.472,1342663.0,,1.966292134831458,1.0834670947030551,0.027000000000000135,
512500,2019-03-04,2.53,2.554,2.605,2.53,1544727.0,,2.9773719730051678,1.389440254069063,0.0349999999999997,
512500,2019-03-05,2.545,2.63,2.635,2.543,1186095.0,,3.6021926389976366,2.975724353954584,0.07600000000000007,
512500,2019-03-06,2.643,2.696,2.698,2.606,1418870.0,,3.4980988593155926,2.509505703422064,0.06600000000000028,
512500,2019-03-07,2.686,2.71,2.745,2.664,1340842.0,,3.0044510385756658,0.5192878338278853,0.01399999999999979,
512500,2019-03-08,2.6,2.617,2.716,2.6,1487111.0,,4.2804428044280485,-3.4317343173431727,-0.09299999999999997,
512500,2019-03-11,2.616,2.705,2.71,2.615,873023.0,,3.6301108139090466,3.362628964463129,0.08800000000000008,
512500,2019-03-12,2.718,2.751,2.774,2.71,979906.0,,2.365988909426989,1.7005545286506403,0.04599999999999982,
512500,2019-03-13,2.754,2.695,2.755,2.68,886794.0,,2.7262813522355414,-2.035623409669213,-0.05600000000000005,
512500,2019-03-14,2.69,2.633,2.694,2.605,909954.0,,3.3024118738404438,-2.300556586270866,-0.06199999999999983,
512500,2019-03-15,2.661,2.66,2.695,2.631,789173.0,,2.430687428788456,1.0254462590201343,0.027000000000000135,
512500,2019-03-18,2.66,2.74,2.741,2.645,867180.0,,3.6090225563909804,3.0075187969924837,0.08000000000000007,
512500,2019-03-19,2.74,2.736,2.755,2.72,711783.0,,1.2773722627737116,-0.14598540145985414,-0.0040000000000000036,
512500,2019-03-20,2.731,2.732,2.741,2.688,439863.0,,1.9371345029239742,-0.14619883040935686,-0.0040000000000000036,
512500,2019-03-21,2.732,2.779,2.8,2.732,509631.0,,2.4890190336749494,1.7203513909223904,0.04699999999999971,
512500,2019-03-22,2.78,2.798,2.799,2.735,535387.0,,2.3029866858582246,0.6836991723641643,0.019000000000000128,
512500,2019-03-25,2.751,2.759,2.794,2.741,571735.0,,1.8942101501072173,-1.3938527519656951,-0.039000000000000146,
512500,2019-03-26,2.76,2.684,2.78,2.674,702849.0,,3.8419717288872737,-2.718376223269291,-0.07499999999999973,
512500,2019-03-27,2.688,2.704,2.706,2.652,352957.0,,2.0119225037257755,0.7451564828614015,0.020000000000000018,
512500,2019-03-28,2.689,2.671,2.72,2.669,406862.0,,1.8860946745562188,-1.2204142011834453,-0.03300000000000036,
512500,2019-03-29,2.672,2.757,2.766,2.661,1273008.0,,3.931111943092475,3.219767877199562,0.0860000000000003,
512500,2019-04-01,2.761,2.866,2.867,2.761,766782.0,,3.844758795792523,3.953572723975335,0.10899999999999999,
512500,2019-04-02,2.867,2.864,2.898,2.85,633656.0,,1.6748080949057935,-0.06978367062108248,-0.002000000000000224,
512500,2019-04-03,2.85,2.898,2.908,2.845,513735.0,,2.1997206703910517,1.1871508379888356,0.03400000000000025,
512500,2019-04-04,2.92,2.926,2.931,2.884,662475.0,,1.621808143547279,0.9661835748792279,0.028000000000000025,
512500,2019-04-08,2.95,2.893,2.962,2.86,728510.0,,3.485987696514023,-1.1278195488721927,-0.03300000000000036,
512500,2019-04-09,2.888,2.904,2.915,2.875,412524.0,,1.3826477704804714,0.38022813688213347,0.01100000000000012,
512500,2019-04-10,2.886,2.899,2.938,2.863,645971.0,,2.58264462809918,-0.17217630853994123,-0.004999999999999893,
512500,2019-04-11,2.899,2.848,2.905,2.843,542132.0,,2.1386685063815047,-1.7592273197654416,-0.051000000000000156,
512500,2019-04-12,2.85,2.841,2.856,2.818,419910.0,,1.3342696629213417,-0.24578651685392114,-0.006999999999999673,
512500,2019-04-15,2.88,2.811,2.889,2.808,845893.0,,2.851108764519534,-1.055966209081318,-0.03000000000000025,
512500,2019-04-16,2.804,2.868,2.869,2.772,593079.0,,3.4507292778370835,2.027748132337244,0.05699999999999994,
512500,2019-04-17,2.865,2.874,2.896,2.853,419339.0,,1.4993026499302549,0.20920502092051002,0.006000000000000227,
512500,2019-04-18,2.875,2.869,2.886,2.855,481741.0,,1.078636047320812,-0.1739735560194813,-0.004999999999999893,
512500,2019-04-19,2.869,2.884,2.885,2.836,360903.0,,1.7079121645172508,0.522830254444046,0.01499999999999968,
512500,2019-04-22,2.886,2.843,2.888,2.831,374067.0,,1.9764216366158094,-1.4216366158113705,-0.040999999999999925,
512500,2019-04-23,2.828,2.798,2.843,2.79,367935.0,,1.8642279282448098,-1.582835033415404,-0.04499999999999993,
512500,2019-04-24,2.797,2.813,2.826,2.763,645387.0,,2.2516082916368894,0.5360972122945005,0.015000000000000124,
512500,2019-04-25,2.81,2.714,2.81,2.711,636098.0,,3.5193743334518377,-3.5193743334518377,-0.0990000000000002,
512500,2019-04-26,2.713,2.691,2.734,2.689,657813.0,,1.6580692704495186,-0.8474576271186489,-0.02300000000000013,
512500,2019-04-29,2.692,2.623,2.696,2.615,827411.0,,3.0100334448160524,-2.5269416573764256,-0.06799999999999962,
512500,2019-04-30,2.627,2.633,2.66,2.607,825721.0,,2.02058711399161,0.38124285169652256,0.009999999999999787,
512500,2019-05-06,2.537,2.437,2.58,2.42,1102559.0,,6.076718571971141,-7.443980250664647,-0.19600000000000017,
512500,2019-05-07,2.46,2.466,2.479,2.426,2337394.0,,2.174805088223223,1.1899876897825343,0.02900000000000036,
512500,2019-05-08,2.409,2.458,2.502,2.409,811214.0,,3.771289537712894,-0.3244120032441203,-0.008000000000000007,
512500,2019-05-09,2.451,2.431,2.463,2.423,565068.0,,1.6273393002441023,-1.0984540276647736,-0.027000000000000135,
512500,2019-05-10,2.454,2.518,2.521,2.401,783447.0,,4.936240230357882,3.5787741670094504,0.08699999999999974,
512500,2019-05-13,2.47,2.479,2.5,2.469,515136.0,,1.2311358220810222,-1.5488482922954607,-0.0389999999999997,
512500,2019-05-14,2.459,2.47,2.492,2.455,438387.0,,1.4925373134328326,-0.3630496167809559,-0.008999999999999897,
512500,2019-05-15,2.49,2.519,2.53,2.484,246238.0,,1.8623481781376443,1.9838056680161915,0.04899999999999993,
512500,2019-05-16,2.521,2.539,2.542,2.512,240749.0,,1.1909487892020565,0.7939658594680435,0.020000000000000018,
512500,2019-05-17,2.54,2.462,2.544,2.445,432132.0,,3.899172902717613,-3.0326900354470245,-0.07699999999999996,
512500,2019-05-20,2.464,2.445,2.467,2.409,519995.0,,2.355808285946396,-0.6904955320877476,-0.017000000000000348,
512500,2019-05-21,2.45,2.484,2.507,2.444,496542.0,,2.576687116564424,1.5950920245398834,0.039000000000000146,
512500,2019-05-22,2.48,2.479,2.492,2.453,649626.0,,1.5700483091787498,-0.2012882447665013,-0.004999999999999893,
512500,2019-05-23,2.47,2.431,2.47,2.423,308204.0,,1.8959257765227975,-1.9362646228317886,-0.04800000000000004,
512500,2019-05-24,2.425,2.414,2.441,2.409,404501.0,,1.316330728095435,-0.6993006993006953,-0.016999999999999904,
512500,2019-05-27,2.418,2.474,2.48,2.406,613451.0,,3.0654515327257594,2.4855012427506233,0.06000000000000005,
512500,2019-05-28,2.475,2.468,2.491,2.459,409649.0,,1.2934518997574787,-0.24252223120453625,-0.006000000000000227,
512500,2019-05-29,2.462,2.464,2.485,2.453,279240.0,,1.2965964343598066,-0.16207455429497583,-0.0040000000000000036,
512500,2019-05-30,2.46,2.458,2.46,2.423,455588.0,,1.5016233766233735,-0.2435064935064847,-0.005999999999999783,
512500,2019-05-31,2.453,2.445,2.48,2.44,374122.0,,1.6273393002441023,-0.5288852725793468,-0.013000000000000345,
512500,2019-06-03,2.452,2.426,2.467,2.416,619672.0,,2.085889570552154,-0.7770961145194145,-0.018999999999999684,
512500,2019-06-04,2.426,2.397,2.428,2.384,752564.0,,1.813685078318221,-1.1953833470733866,-0.02900000000000036,
512500,2019-06-05,2.414,2.388,2.425,2.386,311129.0,,1.627033792240288,-0.37546933667083426,-0.008999999999999897,
512500,2019-06-06,2.388,2.337,2.395,2.335,576365.0,,2.5125628140703538,-2.1356783919597873,-0.05099999999999971,
512500,2019-06-10,2.339,2.358,2.378,2.33,602496.0,,2.053915275994867,0.8985879332477495,0.020999999999999908,
512500,2019-06-11,2.358,2.451,2.452,2.358,892968.0,,3.986429177268866,3.944020356234095,0.09299999999999997,
512500,2019-06-12,2.455,2.43,2.455,2.423,573102.0,,1.3055895552835588,-0.856793145654831,-0.020999999999999908,
512500,2019-06-13,2.43,2.437,2.449,2.415,302733.0,,1.3991769547325024,0.2880658436213857,0.006999999999999673,
512500,2019-06-14,2.44,2.401,2.448,2.392,351065.0,,2.297907263028316,-1.47722609766106,-0.03600000000000003,
512500,2019-06-17,2.401,2.399,2.411,2.387,243504.0,,0.9995835068721376,-0.08329862557266889,-0.0019999999999997797,
512500,2019-06-18,2.4,2.395,2.409,2.38,349736.0,,1.2088370154230894,-0.1667361400583578,-0.0040000000000000036,
512500,2019-06-19,2.47,2.422,2.47,2.419,797934.0,,2.1294363256785034,1.1273486430062687,0.027000000000000135,
512500,2019-06-20,2.42,2.471,2.495,2.413,897962.0,,3.385631709331143,2.023121387283234,0.04899999999999993,
512500,2019-06-21,2.504,2.504,2.525,2.493,817665.0,,1.295022258195064,1.3354917037636551,0.03299999999999992,
512500,2019-06-24,2.507,2.51,2.515,2.498,2301921.0,,0.6789137380191654,0.23961661341852172,0.005999999999999783,
512500,2019-06-25,2.513,2.484,2.515,2.454,2820868.0,,2.4302788844621492,-1.0358565737051715,-0.0259999999999998,
512500,2019-06-26,2.475,2.481,2.497,2.467,2250191.0,,1.207729468599026,-0.12077294685990796,-0.0030000000000001137,
512500,2019-06-27,2.488,2.5,2.517,2.482,808459.0,,1.4107214832728616,0.7658202337767082,0.019000000000000128,
512500,2019-06-28,2.496,2.48,2.498,2.46,674018.0,,1.5200000000000102,-0.8000000000000007,-0.020000000000000018,
512500,2019-07-01,2.53,2.546,2.552,2.506,1346373.0,,1.85483870967743,2.6612903225806384,0.06599999999999984,
512500,2019-07-02,2.545,2.537,2.548,2.528,609606.0,,0.7855459544383355,-0.3534956794972466,-0.008999999999999897,
512500,2019-07-03,2.531,2.523,2.531,2.515,481663.0,,0.6306661411115496,-0.5518328734725972,-0.01399999999999979,
512500,2019-07-04,2.524,2.515,2.537,2.499,371909.0,,1.5061434799841382,-0.3170828378913994,-0.008000000000000007,
512500,2019-07-05,2.511,2.526,2.532,2.505,442026.0,,1.0735586481113373,0.4373757455268261,0.010999999999999677,
512500,2019-07-08,2.524,2.441,2.524,2.429,541962.0,,3.7608867775138637,-3.365003958828186,-0.08499999999999996,
512500,2019-07-09,2.44,2.439,2.449,2.424,375303.0,,1.0241704219582104,-0.08193363375664808,-0.0019999999999997797,
512500,2019-07-10,2.443,2.426,2.452,2.42,281162.0,,1.3120131201312024,-0.5330053300532964,-0.0129999999999999,
512500,2019-07-11,2.435,2.425,2.457,2.411,447079.0,,1.8961253091508579,-0.04122011541633693,-0.001000000000000334,
512500,2019-07-12,2.426,2.435,2.444,2.416,343753.0,,1.154639175257733,0.4123711340206281,0.010000000000000231,
512500,2019-07-15,2.436,2.464,2.481,2.394,842943.0,,3.5728952772073814,1.1909650924024606,0.028999999999999915,
512500,2019-07-16,2.461,2.47,2.477,2.457,395847.0,,0.8116883116883125,0.24350649350650275,0.006000000000000227,
512500,2019-07-17,2.47,2.466,2.483,2.461,447344.0,,0.8906882591093214,-0.1619433198380568,-0.0040000000000000036,
512500,2019-07-18,2.462,2.432,2.462,2.431,553766.0,,1.2570965125709705,-1.3787510137875203,-0.03400000000000025,
512500,2019-07-19,2.436,2.449,2.47,2.436,771343.0,,1.398026315789484,0.699013157894733,0.016999999999999904,
512500,2019-07-22,2.45,2.401,2.452,2.393,1155145.0,,2.4091465904450864,-1.9599836668027786,-0.04800000000000004,
512500,2019-07-23,2.403,2.421,2.426,2.402,794152.0,,0.9995835068721376,0.8329862557267814,0.020000000000000018,
512500,2019-07-24,2.426,2.443,2.463,2.426,861875.0,,1.5282940933498523,0.9087154068566808,0.02200000000000024,
512500,2019-07-25,2.441,2.455,2.461,2.439,544935.0,,0.9005321326238148,0.4911993450675403,0.01200000000000001,
512500,2019-07-26,2.446,2.461,2.465,2.442,611818.0,,0.9368635437881747,0.24439918533604005,0.005999999999999783,
512500,2019-07-29,2.455,2.46,2.471,2.445,595315.0,,1.0564811052417817,-0.04063388866314059,-0.0009999999999998899,
512500,2019-07-30,2.458,2.473,2.494,2.458,1182610.0,,1.4634146341463428,0.5284552845528415,0.0129999999999999,
512500,2019-07-31,2.474,2.466,2.476,2.46,865586.0,,0.6469874646178736,-0.28305701577030623,-0.006999999999999673,
512500,2019-08-01,2.46,2.451,2.465,2.44,819085.0,,1.0137875101378713,-0.6082725060827301,-0.015000000000000124,
512500,2019-08-02,2.4,2.417,2.42,2.388,594412.0,,1.3055895552835588,-1.3871889024887902,-0.03400000000000025,
512500,2019-08-05,2.41,2.391,2.43,2.388,537020.0,,1.7376913529168498,-1.075713694662797,-0.0259999999999998,
512500,2019-08-06,2.347,2.338,2.36,2.297,1614341.0,,2.6348808030112805,-2.216645754914259,-0.052999999999999936,
512500,2019-08-07,2.353,2.326,2.353,2.322,682933.0,,1.3259195893926492,-0.5132591958939269,-0.01200000000000001,
512500,2019-08-08,2.337,2.339,2.344,2.33,388792.0,,0.6018916595012808,0.5588993981083362,0.0129999999999999,
512500,2019-08-09,2.35,2.314,2.355,2.311,573745.0,,1.8811457887986338,-1.0688328345446734,-0.02499999999999991,
512500,2019-08-12,2.318,2.356,2.356,2.311,777785.0,,1.9446845289541888,1.8150388936905708,0.041999999999999815,
512500,2019-08-13,2.339,2.343,2.346,2.329,344418.0,,0.7215619694397243,-0.5517826825127293,-0.0129999999999999,
512500,2019-08-14,2.37,2.353,2.38,2.349,641754.0,,1.3230900554844085,0.426803243704662,0.010000000000000231,
512500,2019-08-15,2.312,2.365,2.37,2.302,898643.0,,2.889927751806207,0.5099872503187424,0.01200000000000001,
512500,2019-08-16,2.358,2.372,2.391,2.355,628988.0,,1.5221987315010583,0.29598308668074724,0.006999999999999673,
512500,2019-08-19,2.404,2.455,2.456,2.394,1045501.0,,2.61382799325463,3.4991568296796034,0.08300000000000018,
512500,2019-08-20,2.456,2.445,2.474,2.443,556419.0,,1.2627291242362582,-0.4073319755600909,-0.010000000000000231,
512500,2019-08-21,2.444,2.453,2.459,2.44,513553.0,,0.7770961145194327,0.32719836400818025,0.008000000000000007,
512500,2019-08-22,2.455,2.454,2.458,2.439,554040.0,,0.7745617611088516,0.04076640847942658,0.001000000000000334,
512500,2019-08-23,2.452,2.455,2.466,2.442,482961.0,,0.9779951100244507,0.040749796251014256,0.0009999999999998899,
512500,2019-08-26,2.42,2.437,2.446,2.411,457874.0,,1.425661914460291,-0.7331975560081563,-0.018000000000000238,
512500,2019-08-27,2.444,2.473,2.507,2.444,896498.0,,2.5851456709068596,1.47722609766106,0.03600000000000003,
512500,2019-08-28,2.475,2.475,2.484,2.465,488349.0,,0.7682976142337294,0.08087343307724319,0.002000000000000224,
512500,2019-08-29,2.479,2.482,2.49,2.466,602564.0,,0.9696969696969706,0.28282828282828754,0.007000000000000117,
512500,2019-08-30,2.487,2.463,2.506,2.448,563233.0,,2.336825141015303,-0.7655116841257101,-0.019000000000000128,
512500,2019-09-02,2.465,2.518,2.528,2.458,636657.0,,2.842062525375552,2.2330491270807844,0.054999999999999716,
512500,2019-09-03,2.517,2.534,2.534,2.511,472518.0,,0.9134233518665484,0.6354249404289125,0.016000000000000014,
512500,2019-09-04,2.53,2.567,2.57,2.524,770545.0,,1.8153117600631343,1.3022888713496592,0.03300000000000036,
512500,2019-09-05,2.577,2.584,2.62,2.572,1356872.0,,1.8698870276587471,0.6622516556291352,0.016999999999999904,
512500,2019-09-06,2.586,2.592,2.6,2.573,747778.0,,1.0448916408668782,0.30959752321981454,0.008000000000000007,
512500,2019-09-09,2.609,2.641,2.642,2.595,1095244.0,,1.8132716049382602,1.8904320987654293,0.04899999999999993,
512500,2019-09-10,2.648,2.638,2.648,2.616,622204.0,,1.211662249148051,-0.11359333585763398,-0.0030000000000001137,
512500,2019-09-11,2.641,2.629,2.655,2.616,715737.0,,1.478392721758897,-0.3411675511751288,-0.008999999999999897,
512500,2019-09-12,2.633,2.636,2.648,2.615,1203820.0,,1.2552301255230094,0.2662609357170071,0.007000000000000117,
512500,2019-09-16,2.655,2.636,2.656,2.624,836347.0,,1.213960546282247,0.0,0.0,
512500,2019-09-17,2.631,2.584,2.631,2.577,751398.0,,2.048558421851283,-1.972685887708651,-0.052000000000000046,
512500,2019-09-18,2.588,2.581,2.593,2.577,746404.0,,0.6191950464396291,-0.11609907120743473,-0.0030000000000001137,
512500,2019-09-19,2.584,2.606,2.607,2.574,603529.0,,1.2785741960480574,0.9686168151879082,0.02499999999999991,
512500,2019-09-20,2.607,2.61,2.621,2.601,662436.0,,0.7674597083653115,0.15349194167306232,0.0040000000000000036,
512500,2019-09-23,2.611,2.599,2.611,2.579,748680.0,,1.2260536398467443,-0.42145593869730563,-0.010999999999999677,
512500,2019-09-24,2.594,2.601,2.636,2.593,1077127.0,,1.6544824932666469,0.07695267410541667,0.0019999999999997797,
512500,2019-09-25,2.591,2.554,2.599,2.553,733122.0,,1.7685505574779035,-1.8069973087274185,-0.04700000000000015,
512500,2019-09-26,2.561,2.501,2.567,2.5,945186.0,,2.623335943617861,-2.075176194205166,-0.052999999999999936,
512500,2019-09-27,2.501,2.51,2.528,2.501,667967.0,,1.0795681727309132,0.3598560575769651,0.008999999999999897,
512500,2019-09-30,2.511,2.483,2.521,2.481,758031.0,,1.5936254980079698,-1.0756972111553662,-0.02699999999999969,
512500,2019-10-08,2.49,2.482,2.512,2.48,453732.0,,1.288763592428515,-0.04027386226338662,-0.0009999999999998899,
512500,2019-10-09,2.48,2.502,2.508,2.464,452458.0,,1.7727639000805817,0.8058017727638829,0.019999999999999574,
512500,2019-10-10,2.503,2.532,2.539,2.5,556247.0,,1.5587529976019243,1.1990407673861012,0.03000000000000025,
512500,2019-10-11,2.534,2.545,2.553,2.517,530558.0,,1.4218009478673,0.5134281200631873,0.0129999999999999,
512500,2019-10-14,2.561,2.572,2.588,2.557,765615.0,,1.2180746561886107,1.0609037328094355,0.027000000000000135,
512500,2019-10-15,2.571,2.544,2.571,2.543,520260.0,,1.0886469673405919,-1.0886469673405919,-0.028000000000000025,
512500,2019-10-16,2.544,2.531,2.559,2.529,600748.0,,1.1792452830188778,-0.5110062893081722,-0.0129999999999999,
512500,2019-10-17,2.531,2.53,2.54,2.518,549314.0,,0.8692216515211473,-0.039510075069155826,-0.001000000000000334,
512500,2019-10-18,2.528,2.493,2.544,2.488,621073.0,,2.213438735177868,-1.4624505928853726,-0.03699999999999992,
512500,2019-10-21,2.492,2.486,2.492,2.464,596131.0,,1.1231448054552757,-0.2807862013638056,-0.006999999999999673,
512500,2019-10-22,2.489,2.513,2.522,2.488,720968.0,,1.3676588897827757,1.0860820595333744,0.02699999999999969,
512500,2019-10-23,2.513,2.497,2.52,2.489,649056.0,,1.2335853561480359,-0.6366892160764033,-0.016000000000000014,
512500,2019-10-24,2.497,2.493,2.501,2.475,965167.0,,1.0412494993992711,-0.16019223067681232,-0.0040000000000000036,
512500,2019-10-25,2.493,2.516,2.518,2.47,822684.0,,1.9253910950661695,0.9225832330525525,0.02300000000000013,
512500,2019-10-28,2.534,2.549,2.55,2.521,4863939.0,,1.1526232114467374,1.311605723370426,0.03299999999999992,
512500,2019-10-29,2.547,2.517,2.547,2.516,782823.0,,1.2161632012553998,-1.255394272263634,-0.03200000000000003,
512500,2019-10-30,2.51,2.483,2.51,2.481,1104379.0,,1.1521652761223644,-1.3508144616606996,-0.03399999999999981,
512500,2019-10-31,2.486,2.468,2.494,2.466,531405.0,,1.1276681433749507,-0.6041079339508709,-0.015000000000000124,
512500,2019-11-01,2.468,2.495,2.498,2.457,827030.0,,1.6612641815235158,1.0940032414910914,0.027000000000000135,
512500,2019-11-04,2.496,2.502,2.518,2.496,816267.0,,0.8817635270541,0.2805611222444759,0.006999999999999673,
512500,2019-11-05,2.503,2.521,2.534,2.494,865641.0,,1.5987210231814386,0.7593924860111961,0.019000000000000128,
512500,2019-11-06,2.52,2.501,2.525,2.485,1085326.0,,1.5866719555731867,-0.7933359777865934,-0.020000000000000018,
512500,2019-11-07,2.499,2.513,2.524,2.493,815735.0,,1.2395041983206774,0.4798080767692927,0.01200000000000001,
512500,2019-11-08,2.525,2.506,2.541,2.505,1076315.0,,1.4325507361719074,-0.27855153203343086,-0.007000000000000117,
512500,2019-11-11,2.505,2.45,2.505,2.447,977521.0,,2.314445331205101,-2.234636871508364,-0.055999999999999606,
512500,2019-11-12,2.45,2.451,2.459,2.424,945323.0,,1.4285714285714342,0.040816326530607745,0.0009999999999998899,
512500,2019-11-13,2.45,2.453,2.453,2.437,594153.0,,0.6527947776417794,0.08159934720521338,0.0019999999999997797,
512500,2019-11-14,2.449,2.466,2.471,2.447,535667.0,,0.9783938035059121,0.5299633102323826,0.013000000000000345,
512500,2019-11-15,2.466,2.452,2.483,2.45,582460.0,,1.3381995133819917,-0.5677210056772195,-0.014000000000000234,
512500,2019-11-18,2.45,2.459,2.465,2.441,784622.0,,0.9787928221859716,0.2854812398042462,0.007000000000000117,
512500,2019-11-19,2.46,2.497,2.5,2.455,819317.0,,1.830012200081331,1.5453436356242298,0.03799999999999981,
512500,2019-11-20,2.5,2.483,2.506,2.482,757060.0,,0.9611533840608563,-0.5606728073688343,-0.01399999999999979,
512500,2019-11-21,2.481,2.487,2.497,2.468,629727.0,,1.1679420056383374,0.16109544905356438,0.0040000000000000036,
512500,2019-11-22,2.486,2.465,2.523,2.45,1289118.0,,2.9352633695215102,-0.8845999195818351,-0.02200000000000024,
512500,2019-11-25,2.465,2.463,2.469,2.44,760464.0,,1.1764705882352908,-0.0811359026369079,-0.0019999999999997797,
512500,2019-11-26,2.468,2.46,2.477,2.451,544157.0,,1.0556232237109135,-0.12180267965895711,-0.0030000000000001137,
512500,2019-11-27,2.455,2.466,2.483,2.45,889560.0,,1.341463414634143,0.24390243902439948,0.006000000000000227,
512500,2019-11-28,2.463,2.461,2.473,2.453,632521.0,,0.8110300081103007,-0.20275750202758872,-0.0050000000000003375,
512500,2019-11-29,2.46,2.462,2.47,2.436,833343.0,,1.3815522145469425,0.04063388866315864,0.001000000000000334,
512500,2019-12-02,2.462,2.467,2.48,2.456,693133.0,,0.9748172217709187,0.2030869212022702,0.004999999999999893,
512500,2019-12-03,2.462,2.48,2.48,2.445,663969.0,,1.4187271990271642,0.526955816781512,0.0129999999999999,
512500,2019-12-04,2.466,2.474,2.481,2.464,848700.0,,0.685483870967738,-0.24193548387095898,-0.005999999999999783,
512500,2019-12-05,2.477,2.497,2.504,2.475,1081251.0,,1.1721907841552108,0.9296685529506745,0.022999999999999687,
512500,2019-12-06,2.497,2.519,2.52,2.489,904917.0,,1.2414897877453,0.8810572687224768,0.02200000000000024,
512500,2019-12-09,2.524,2.526,2.535,2.515,890000.0,,0.7939658594680435,0.277888050813802,0.006999999999999673,
512500,2019-12-10,2.523,2.538,2.543,2.513,865776.0,,1.187648456057017,0.4750593824228033,0.01200000000000001,
512500,2019-12-11,2.538,2.529,2.538,2.517,716425.0,,0.8274231678486961,-0.35460992907801014,-0.008999999999999897,
512500,2019-12-12,2.523,2.524,2.54,2.521,765826.0,,0.7512850929221087,-0.19770660340054938,-0.004999999999999893,
512500,2019-12-13,2.532,2.56,2.566,2.532,1191047.0,,1.3470681458003093,1.4263074484944545,0.03600000000000003,
512500,2019-12-16,2.563,2.597,2.602,2.557,738854.0,,1.7578124999999973,1.445312499999997,0.03699999999999992,
512500,2019-12-17,2.593,2.634,2.648,2.593,964423.0,,2.11782826338083,1.424720831728915,0.03699999999999992,
512500,2019-12-18,2.633,2.635,2.651,2.628,1109610.0,,0.8731966590736403,0.03796507213363288,0.0009999999999998899,
512500,2019-12-19,2.633,2.641,2.647,2.626,878776.0,,0.7969639468690668,0.227703984819743,0.006000000000000227,
512500,2019-12-20,2.641,2.617,2.651,2.612,970772.0,,1.4767133661491747,-0.9087466868610382,-0.02400000000000002,
512500,2019-12-23,2.607,2.556,2.614,2.553,980231.0,,2.330913259457392,-2.330913259457392,-0.06099999999999994,
512500,2019-12-24,2.557,2.591,2.598,2.557,613313.0,,1.6040688575899815,1.3693270735524312,0.03500000000000014,
512500,2019-12-25,2.591,2.608,2.612,2.587,862454.0,,0.9648784253184064,0.656117329216515,0.016999999999999904,
512500,2019-12-26,2.599,2.624,2.625,2.598,594883.0,,1.0352760736196371,0.613496932515338,0.016000000000000014,
512500,2019-12-27,2.628,2.603,2.643,2.602,699503.0,,1.5624999999999971,-0.8003048780487768,-0.020999999999999908,
512500,2019-12-30,2.604,2.639,2.643,2.58,711107.0,,2.420284287360727,1.3830195927775484,0.03599999999999959,
512500,2019-12-31,2.636,2.651,2.654,2.627,624688.0,,1.0231148162182697,0.4547176960970069,0.01200000000000001,
512500,2020-01-02,2.666,2.696,2.708,2.657,881096.0,,1.9238023387401042,1.6974726518295125,0.04500000000000037,
512500,2020-01-03,2.7,2.703,2.715,2.693,733719.0,,0.816023738872396,0.25964391691393446,0.006999999999999673,
512500,2020-01-06,2.695,2.73,2.761,2.694,1144176.0,,2.4787273399926075,0.9988901220865756,0.027000000000000135,
512500,2020-01-07,2.732,2.767,2.769,2.732,920537.0,,1.3553113553113525,1.3553113553113525,0.03699999999999992,
512500,2020-01-08,2.745,2.734,2.767,2.723,1065322.0,,1.5901698590531275,-1.1926273942898418,-0.03299999999999992,
512500,2020-01-09,2.755,2.765,2.767,2.745,1092139.0,,0.8046817849304974,1.1338697878566255,0.03100000000000014,
512500,2020-01-10,2.771,2.755,2.777,2.743,589256.0,,1.2296564195298463,-0.36166365280290164,-0.010000000000000231,
512500,2020-01-13,2.752,2.804,2.805,2.739,797174.0,,2.3956442831216074,1.7785843920145168,0.04899999999999993,
512500,2020-01-14,2.812,2.791,2.813,2.787,785339.0,,0.9272467902995808,-0.4636233951497825,-0.0129999999999999,
512500,2020-01-15,2.791,2.782,2.794,2.764,680518.0,,1.0748835542816284,-0.3224650662844821,-0.008999999999999897,
512500,2020-01-16,2.782,2.787,2.795,2.777,507052.0,,0.6470165348669947,0.1797268152408301,0.004999999999999893,
512500,2020-01-17,2.787,2.772,2.798,2.765,629817.0,,1.1840688912809443,-0.538213132400435,-0.015000000000000124,
512500,2020-01-20,2.777,2.817,2.818,2.765,923463.0,,1.9119769119769099,1.6233766233766371,0.04500000000000037,
512500,2020-01-21,2.811,2.781,2.811,2.773,879622.0,,1.3489527866524602,-1.2779552715654963,-0.03600000000000003,
512500,2020-01-22,2.771,2.814,2.823,2.738,1489477.0,,3.0564545127651908,1.186623516720601,0.03299999999999992,
512500,2020-01-23,2.774,2.708,2.795,2.686,1305711.0,,3.873489694385216,-3.7668798862828665,-0.10599999999999987,
512500,2020-02-03,2.446,2.437,2.495,2.437,997781.0,,2.141802067946834,-10.007385524372243,-0.27100000000000035,
512500,2020-02-04,2.38,2.516,2.534,2.38,885071.0,,6.319244973327859,3.2416906032006643,0.07900000000000018,
512500,2020-02-05,2.52,2.578,2.599,2.515,967176.0,,3.3386327503974593,2.4642289348171635,0.06199999999999983,
512500,2020-02-06,2.575,2.654,2.669,2.562,676635.0,,4.150504266873554,2.9480217222653247,0.07600000000000007,
512500,2020-02-07,2.654,2.682,2.682,2.636,699516.0,,1.7332328560663084,1.0550113036925406,0.028000000000000025,
512500,2020-02-10,2.682,2.707,2.708,2.66,697847.0,,1.7897091722595095,0.9321401938851571,0.02499999999999991,
512500,2020-02-11,2.707,2.698,2.714,2.683,468283.0,,1.1451791651274525,-0.332471370520868,-0.008999999999999897,
512500,2020-02-12,2.696,2.747,2.749,2.686,784219.0,,2.335063009636774,1.8161601186063727,0.04899999999999993,
512500,2020-02-13,2.738,2.727,2.755,2.719,548518.0,,1.3105205678922474,-0.7280669821623597,-0.020000000000000018,
512500,2020-02-14,2.726,2.728,2.756,2.708,498155.0,,1.7601760176017456,0.036670333700048914,0.001000000000000334,
512500,2020-02-17,2.739,2.821,2.822,2.739,887564.0,,3.042521994134904,3.4090909090909074,0.09299999999999997,
512500,2020-02-18,2.822,2.847,2.848,2.805,886676.0,,1.5242821694434492,0.9216589861751081,0.0259999999999998,
512500,2020-02-19,2.866,2.826,2.866,2.819,631224.0,,1.6508605549701496,-0.7376185458377207,-0.020999999999999908,
512500,2020-02-20,2.825,2.879,2.886,2.81,701856.0,,2.6893135173389973,1.8754423213021916,0.052999999999999936,
512500,2020-02-21,2.866,2.924,2.937,2.865,662434.0,,2.500868357068413,1.5630427231677642,0.04499999999999993,
512500,2020-02-24,2.912,2.95,2.965,2.898,675049.0,,2.291381668946639,0.8891928864569169,0.026000000000000245,
512500,2020-02-25,2.894,2.965,2.974,2.846,1098368.0,,4.338983050847461,0.5084745762711755,0.01499999999999968,
512500,2020-02-26,2.938,2.899,2.956,2.89,1174579.0,,2.22596964586846,-2.22596964586846,-0.06599999999999984,
512500,2020-02-27,2.907,2.9,2.928,2.873,510639.0,,1.8972059330803628,0.034494653328730245,0.0009999999999998899,
512500,2020-02-28,2.83,2.76,2.848,2.748,907955.0,,3.4482758620689538,-4.827586206896556,-0.14000000000000012,
512500,2020-03-02,2.771,2.842,2.869,2.771,858684.0,,3.5507246376811707,2.971014492753634,0.0820000000000003,
512500,2020-03-03,2.9,2.869,2.935,2.847,1109944.0,,3.09641097818438,0.9500351864883932,0.027000000000000135,
512500,2020-03-04,2.871,2.876,2.879,2.82,613832.0,,2.0564656674799635,0.24398745207388192,0.006999999999999673,
512500,2020-03-05,2.919,2.92,2.93,2.884,633119.0,,1.5994436717663514,1.5299026425591113,0.04400000000000004,
512500,2020-03-06,2.896,2.901,2.92,2.886,460339.0,,1.1643835616438292,-0.6506849315068537,-0.019000000000000128,
512500,2020-03-09,2.876,2.788,2.876,2.788,1028154.0,,3.0334367459496754,-3.895208548776284,-0.11299999999999999,
512500,2020-03-10,2.788,2.85,2.852,2.737,1205787.0,,4.124820659971298,2.223816355810627,0.06200000000000028,
512500,2020-03-11,2.856,2.814,2.87,2.814,1221461.0,,1.9649122807017563,-1.2631578947368431,-0.03600000000000003,
512500,2020-03-12,2.777,2.773,2.8,2.748,748908.0,,1.8479033404406395,-1.4570007107320513,-0.040999999999999925,
512500,2020-03-13,2.68,2.752,2.773,2.635,1200405.0,,4.976559682654178,-0.7573025604039074,-0.02100000000000035,
512500,2020-03-16,2.763,2.623,2.763,2.618,962631.0,,5.26889534883721,-4.687499999999984,-0.12899999999999956,
512500,2020-03-17,2.643,2.624,2.69,2.55,1449004.0,,5.337399923751434,0.038124285169648865,0.0009999999999998899,
512500,2020-03-18,2.64,2.583,2.686,2.582,1051415.0,,3.963414634146345,-1.5624999999999971,-0.040999999999999925,
512500,2020-03-19,2.585,2.601,2.619,2.527,1785833.0,,3.561749903213321,0.6968641114982498,0.017999999999999794,
512500,2020-03-20,2.624,2.629,2.634,2.584,681400.0,,1.922337562475964,1.0765090349865445,0.028000000000000025,
512500,2020-03-23,2.58,2.524,2.59,2.512,870532.0,,2.966907569418024,-3.993914035755039,-0.10499999999999998,
512500,2020-03-24,2.56,2.561,2.584,2.505,1155208.0,,3.129952456418391,1.4659270998415181,0.03699999999999992,
512500,2020-03-25,2.613,2.626,2.637,2.595,992667.0,,1.6399843811011252,2.5380710659898456,0.06499999999999995,
512500,2020-03-26,2.614,2.599,2.63,2.598,674759.0,,1.2185833968012196,-1.0281797410510165,-0.02699999999999969,
512500,2020-03-27,2.622,2.591,2.636,2.589,1237725.0,,1.8083878414774972,-0.3078106964217009,-0.008000000000000007,
512500,2020-03-30,2.575,2.54,2.575,2.509,700213.0,,2.547279042840613,-1.9683519876495619,-0.051000000000000156,
512500,2020-03-31,2.559,2.535,2.568,2.532,793994.0,,1.4173228346456705,-0.1968503937007832,-0.004999999999999893,
512500,2020-04-01,2.528,2.527,2.575,2.524,642570.0,,2.011834319526633,-0.31558185404339273,-0.008000000000000007,
512500,2020-04-02,2.52,2.604,2.608,2.519,660873.0,,3.5219628017411937,3.0470914127423807,0.07699999999999996,
512500,2020-04-03,2.606,2.576,2.606,2.563,792868.0,,1.6513056835637367,-1.0752688172043021,-0.028000000000000025,
512500,2020-04-07,2.62,2.649,2.656,2.62,728903.0,,1.3975155279503118,2.833850931677017,0.07299999999999995,
512500,2020-04-08,2.641,2.66,2.67,2.633,837541.0,,1.3967534918837268,0.41525103812759984,0.01100000000000012,
512500,2020-04-09,2.67,2.678,2.688,2.667,627580.0,,0.7894736842105395,0.6766917293233005,0.017999999999999794,
512500,2020-04-10,2.676,2.632,2.677,2.62,910467.0,,2.1284540702016406,-1.7176997759521966,-0.04599999999999982,
512500,2020-04-13,2.62,2.605,2.622,2.595,923690.0,,1.0258358662613865,-1.025835866261403,-0.027000000000000135,
512500,2020-04-14,2.615,2.66,2.662,2.615,744217.0,,1.804222648752388,2.1113243761996223,0.05500000000000016,
512500,2020-04-15,2.661,2.651,2.678,2.651,726107.0,,1.0150375939849674,-0.33834586466166694,-0.009000000000000341,
512500,2020-04-16,2.648,2.68,2.687,2.642,885930.0,,1.6974726518294958,1.0939268200679124,0.02900000000000036,
512500,2020-04-17,2.687,2.679,2.714,2.673,757873.0,,1.5298507462686537,-0.037313432835833354,-0.001000000000000334,
512500,2020-04-20,2.686,2.709,2.71,2.674,696663.0,,1.3437849944008973,1.1198208286674225,0.03000000000000025,
512500,2020-04-21,2.698,2.691,2.705,2.662,771800.0,,1.5873015873015928,-0.6644518272425337,-0.018000000000000238,
512500,2020-04-22,2.675,2.718,2.719,2.667,842817.0,,1.932367149758456,1.0033444816053563,0.027000000000000135,
512500,2020-04-23,2.718,2.705,2.724,2.699,840844.0,,0.9197939661515951,-0.47829286239881896,-0.0129999999999999,
512500,2020-04-24,2.695,2.663,2.702,2.652,549295.0,,1.8484288354898273,-1.5526802218114697,-0.04200000000000026,
512500,2020-04-27,2.666,2.654,2.677,2.649,738105.0,,1.0514457378895992,-0.33796470146450985,-0.008999999999999897,
512500,2020-04-28,2.657,2.633,2.658,2.576,1301371.0,,3.0896759608138606,-0.7912584777694012,-0.020999999999999908,
512500,2020-04-29,2.624,2.64,2.656,2.62,661323.0,,1.3672616786935068,0.2658564375237416,0.007000000000000117,
512500,2020-04-30,2.648,2.707,2.714,2.648,915616.0,,2.4999999999999933,2.5378787878787774,0.06699999999999973,
512500,2020-05-06,2.68,2.747,2.753,2.68,871617.0,,2.696712227558181,1.4776505356483207,0.040000000000000036,
512500,2020-05-07,2.747,2.746,2.756,2.732,1041451.0,,0.8736803785948153,-0.036403349108113936,-0.0009999999999998899,
512500,2020-05-08,2.755,2.774,2.79,2.755,1027362.0,,1.2745812090313235,1.0196649672250555,0.028000000000000025,
512500,2020-05-11,2.775,2.768,2.801,2.757,634223.0,,1.5861571737563098,-0.21629416005768662,-0.006000000000000227,
512500,2020-05-12,2.768,2.777,2.782,2.748,826271.0,,1.2283236994219584,0.3251445086705326,0.009000000000000341,
512500,2020-05-13,2.777,2.791,2.795,2.761,753523.0,,1.2243428159884697,0.5041411595246593,0.01399999999999979,
512500,2020-05-14,2.788,2.774,2.789,2.769,1232005.0,,0.716589036187747,-0.6091006807595809,-0.016999999999999904,
512500,2020-05-15,2.776,2.775,2.799,2.77,1090773.0,,1.0454217736121094,0.03604902667627577,0.0009999999999998899,
512500,2020-05-18,2.775,2.762,2.791,2.757,693664.0,,1.2252252252252185,-0.4684684684684649,-0.0129999999999999,
512500,2020-05-19,2.775,2.797,2.797,2.775,685256.0,,0.7965242577842232,1.267197682838528,0.03500000000000014,
512500,2020-05-20,2.798,2.776,2.798,2.765,792462.0,,1.1798355380765075,-0.7508044333214283,-0.02100000000000035,
512500,2020-05-21,2.775,2.739,2.783,2.737,595161.0,,1.6570605187319822,-1.3328530259365967,-0.03699999999999992,
512500,2020-05-22,2.738,2.697,2.741,2.685,868916.0,,2.04454180357795,-1.5334063526834545,-0.041999999999999815,
512500,2020-05-25,2.697,2.683,2.701,2.673,679685.0,,1.0381905821282915,-0.519095291064154,-0.014000000000000234,
512500,2020-05-26,2.695,2.735,2.739,2.695,956411.0,,1.6399552739470757,1.9381289601192713,0.052000000000000046,
512500,2020-05-27,2.735,2.718,2.737,2.708,798469.0,,1.0603290676416788,-0.62157221206581,-0.016999999999999904,
512500,2020-05-28,2.718,2.703,2.726,2.675,645031.0,,1.8763796909492332,-0.5518763796909538,-0.015000000000000124,
512500,2020-05-29,2.7,2.73,2.736,2.693,723429.0,,1.5908250092489882,0.9988901220865756,0.027000000000000135,
512500,2020-06-01,2.741,2.821,2.823,2.741,644141.0,,3.0036630036629983,3.33333333333334,0.09100000000000019,
512500,2020-06-02,2.823,2.817,2.836,2.805,570624.0,,1.0989010989010881,-0.14179369018078705,-0.0040000000000000036,
512500,2020-06-03,2.819,2.816,2.841,2.814,705398.0,,0.9584664536741262,-0.035498757543497836,-0.001000000000000334,
512500,2020-06-04,2.817,2.818,2.828,2.803,500959.0,,0.8877840909090878,0.07102272727273522,0.002000000000000224,
512500,2020-06-05,2.817,2.827,2.827,2.804,769158.0,,0.8161816891412396,0.3193754435770013,0.008999999999999897,
512500,2020-06-08,2.833,2.821,2.849,2.815,852925.0,,1.202688362221445,-0.21223912274495166,-0.005999999999999783,
512500,2020-06-09,2.821,2.836,2.841,2.813,1122095.0,,0.9925558312655095,0.5317263381779397,0.01499999999999968,
512500,2020-06-10,2.834,2.838,2.843,2.82,1023743.0,,0.8110014104372402,0.07052186177715881,0.002000000000000224,
512500,2020-06-11,2.837,2.833,2.877,2.815,1167504.0,,2.1846370683579925,-0.17618040873854451,-0.004999999999999893,
512500,2020-06-12,2.808,2.836,2.854,2.792,850660.0,,2.188492763854581,0.10589481115424178,0.0029999999999996696,
512500,2020-06-15,2.838,2.838,2.872,2.833,1233698.0,,1.3751763046544325,0.07052186177715881,0.002000000000000224,
512500,2020-06-16,2.852,2.888,2.889,2.851,827649.0,,1.3389711064129601,1.7618040873854763,0.04999999999999982,
512500,2020-06-17,2.888,2.908,2.912,2.88,586273.0,,1.1080332409972309,0.6925207756232694,0.020000000000000018,
512500,2020-06-18,2.905,2.913,2.918,2.896,646043.0,,0.7565337001375599,0.17193947730398534,0.004999999999999893,
512500,2020-06-19,2.913,2.934,2.949,2.912,741466.0,,1.2701682114658401,0.7209062821833283,0.02100000000000035,
512500,2020-06-22,2.936,2.936,2.957,2.933,931394.0,,0.8179959100204505,0.06816632583502998,0.0019999999999997797,
512500,2020-06-23,2.93,2.944,2.948,2.918,782649.0,,1.0217983651226092,0.2724795640326978,0.008000000000000007,
512500,2020-06-24,2.946,2.948,2.957,2.932,1046856.0,,0.8491847826086927,0.13586956521739144,0.0040000000000000036,
512500,2020-06-29,2.938,2.932,2.947,2.915,767082.0,,1.085481682496609,-0.5427408412483045,-0.016000000000000014,
512500,2020-06-30,2.943,2.978,2.993,2.939,947289.0,,1.8417462482946734,1.568894952251032,0.04600000000000026,
512500,2020-07-01,2.996,2.989,2.996,2.958,662597.0,,1.276024177300195,0.3693754197447843,0.010999999999999677,
512500,2020-07-02,2.989,3.044,3.049,2.981,1136795.0,,2.2750083640013403,1.8400802944128527,0.05500000000000016,
512500,2020-07-03,3.045,3.082,3.083,3.034,1316826.0,,1.6097240473061885,1.248357424441518,0.03799999999999981,
512500,2020-07-06,3.111,3.222,3.246,3.109,1885403.0,,4.445165476963012,4.542504866969504,0.14000000000000012,
512500,2020-07-07,3.253,3.254,3.304,3.221,1605386.0,,2.576039726877708,0.9931719428926141,0.03200000000000003,
512500,2020-07-08,3.251,3.32,3.333,3.241,1120261.0,,2.827289489858638,2.0282728948985813,0.06599999999999984,
512500,2020-07-09,3.321,3.417,3.425,3.321,1273015.0,,3.1325301204819174,2.9216867469879513,0.09699999999999998,
512500,2020-07-10,3.414,3.403,3.444,3.385,1198964.0,,1.726660813579168,-0.40971612525606643,-0.01399999999999979,
512500,2020-07-13,3.412,3.512,3.516,3.412,1111522.0,,3.0561269468116397,3.2030561269468114,0.10899999999999999,
512500,2020-07-14,3.512,3.466,3.512,3.4,1553558.0,,3.1890660592255156,-1.3097949886104732,-0.04599999999999982,
512500,2020-07-15,3.467,3.395,3.493,3.368,1406796.0,,3.606462781304097,-2.048470859780732,-0.07100000000000017,
512500,2020-07-16,3.395,3.233,3.432,3.218,1645487.0,,6.303387334315167,-4.771723122238583,-0.16199999999999992,
512500,2020-07-17,3.236,3.229,3.29,3.202,1331322.0,,2.7219300958861763,-0.12372409526755347,-0.0040000000000000036,
512500,2020-07-20,3.249,3.325,3.326,3.23,1380243.0,,2.973056673892849,2.973056673892849,0.09600000000000009,
512500,2020-07-21,3.338,3.343,3.361,3.317,594098.0,,1.3233082706766928,0.5413533834586404,0.017999999999999794,
512500,2020-07-22,3.341,3.372,3.428,3.333,815394.0,,2.841758899192335,0.867484295542923,0.028999999999999915,
512500,2020-07-23,3.344,3.376,3.387,3.289,1001693.0,,2.906287069988134,0.11862396204033226,0.0040000000000000036,
512500,2020-07-24,3.366,3.215,3.368,3.206,1086173.0,,4.79857819905213,-4.7689573459715655,-0.16100000000000003,
512500,2020-07-27,3.22,3.213,3.239,3.181,745301.0,,1.8040435458786883,-0.06220839813374121,-0.0019999999999997797,
512500,2020-07-28,3.23,3.24,3.258,3.215,985066.0,,1.33831310301899,0.8403361344537856,0.027000000000000135,
512500,2020-07-29,3.228,3.343,3.345,3.225,816610.0,,3.703703703703707,3.1790123456790047,0.10299999999999976,
512500,2020-07-30,3.366,3.324,3.367,3.316,747074.0,,1.5255758300927358,-0.5683517798384723,-0.019000000000000128,
512500,2020-07-31,3.328,3.354,3.388,3.295,1060482.0,,2.79783393501805,0.9025270758122819,0.03000000000000025,
512500,2020-08-03,3.381,3.436,3.438,3.378,923443.0,,1.7889087656529534,2.444841979725696,0.08199999999999985,
512500,2020-08-04,3.449,3.433,3.45,3.412,844776.0,,1.1059371362048969,-0.08731082654249457,-0.0030000000000001137,
512500,2020-08-05,3.433,3.46,3.467,3.398,619662.0,,2.0099038741625384,0.7864841246723023,0.027000000000000135,
512500,2020-08-06,3.46,3.465,3.475,3.4,462859.0,,2.1676300578034735,0.14450867052022812,0.004999999999999893,
512500,2020-08-07,3.455,3.412,3.455,3.365,610128.0,,2.5974025974025934,-1.5295815295815278,-0.052999999999999936,
512500,2020-08-10,3.402,3.437,3.462,3.39,626241.0,,2.1101992966002365,0.732708089097301,0.02499999999999991,
512500,2020-08-11,3.436,3.367,3.456,3.366,541891.0,,2.6185627000290914,-2.036659877800403,-0.06999999999999984,
512500,2020-08-12,3.367,3.328,3.368,3.273,920892.0,,2.821502821502814,-1.1583011583011626,-0.039000000000000146,
512500,2020-08-13,3.335,3.342,3.364,3.33,530399.0,,1.0216346153846096,0.42067307692308403,0.014000000000000234,
512500,2020-08-14,3.344,3.391,3.395,3.325,786294.0,,2.0945541591861114,1.4661879114302792,0.04899999999999993,
512500,2020-08-17,3.412,3.442,3.45,3.38,816239.0,,2.0642878207018662,1.5039811265113583,0.051000000000000156,
512500,2020-08-18,3.438,3.466,3.481,3.438,644833.0,,1.2492736780941227,0.6972690296339343,0.02400000000000002,
512500,2020-08-19,3.477,3.406,3.477,3.405,663224.0,,2.0773225620311617,-1.7311021350259679,-0.06000000000000005,
512500,2020-08-20,3.388,3.379,3.414,3.363,668010.0,,1.4973576042278378,-0.7927187316500334,-0.027000000000000135,
512500,2020-08-21,3.379,3.397,3.421,3.37,589531.0,,1.5093222846996066,0.5327019828351522,0.017999999999999794,
512500,2020-08-24,3.4,3.409,3.422,3.368,766044.0,,1.5896379158080738,0.3532528701795705,0.01200000000000001,
512500,2020-08-25,3.416,3.392,3.442,3.386,584857.0,,1.6427104722792623,-0.4986799647990585,-0.016999999999999904,
512500,2020-08-26,3.392,3.341,3.402,3.325,652256.0,,2.2700471698113196,-1.503537735849048,-0.05099999999999971,
512500,2020-08-27,3.333,3.367,3.367,3.321,451656.0,,1.3768332834480639,0.7782101167315115,0.0259999999999998,
512500,2020-08-28,3.36,3.425,3.431,3.348,837381.0,,2.4651024651024707,1.7226017226017176,0.05799999999999983,
512500,2020-08-31,3.445,3.407,3.462,3.403,922894.0,,1.7226277372262824,-0.5255474452554685,-0.017999999999999794,
512500,2020-09-01,3.407,3.435,3.435,3.396,480549.0,,1.1447020839448236,0.8218373936014095,0.028000000000000025,
512500,2020-09-02,3.434,3.429,3.445,3.395,714438.0,,1.4556040756914068,-0.17467248908297606,-0.006000000000000227,
512500,2020-09-03,3.429,3.41,3.44,3.392,293121.0,,1.3998250218722672,-0.5540974044910961,-0.018999999999999684,
512500,2020-09-04,3.353,3.39,3.404,3.35,871376.0,,1.5835777126099653,-0.5865102639296192,-0.020000000000000018,
512500,2020-09-07,3.381,3.316,3.413,3.3,769891.0,,3.3333333333333326,-2.1828908554572353,-0.07400000000000029,
512500,2020-09-08,3.321,3.335,3.35,3.293,814243.0,,1.7189384800965002,0.5729794933655045,0.019000000000000128,
512500,2020-09-09,3.31,3.252,3.314,3.229,1091697.0,,2.548725637181408,-2.488755622188911,-0.08300000000000018,
512500,2020-09-10,3.266,3.196,3.281,3.182,636438.0,,3.0442804428044345,-1.72201722017219,-0.055999999999999606,
512500,2020-09-11,3.182,3.222,3.23,3.181,755555.0,,1.5331664580725886,0.813516896120144,0.0259999999999998,
512500,2020-09-14,3.24,3.251,3.26,3.219,748578.0,,1.2725015518311584,0.9000620732464281,0.028999999999999915,
512500,2020-09-15,3.24,3.262,3.269,3.235,390109.0,,1.045832051676415,0.3383574284835472,0.01100000000000012,
512500,2020-09-16,3.263,3.253,3.264,3.237,547968.0,,0.8277130594727067,-0.2759043531575689,-0.008999999999999897,
512500,2020-09-17,3.252,3.258,3.288,3.22,869993.0,,2.090378112511516,0.15370427297878553,0.004999999999999893,
512500,2020-09-18,3.26,3.318,3.318,3.25,822991.0,,2.0871700429711497,1.8416206261510144,0.06000000000000005,
512500,2020-09-21,3.338,3.3,3.338,3.29,741694.0,,1.4466546112115746,-0.5424954792043472,-0.018000000000000238,
512500,2020-09-22,3.287,3.256,3.31,3.238,775203.0,,2.181818181818184,-1.3333333333333346,-0.04400000000000004,
512500,2020-09-23,3.255,3.27,3.28,3.251,410524.0,,0.8906633906633882,0.4299754299754372,0.014000000000000234,
512500,2020-09-24,3.25,3.204,3.256,3.196,453882.0,,1.8348623853210888,-2.018348623853206,-0.06599999999999984,
512500,2020-09-25,3.206,3.2,3.222,3.181,647542.0,,1.2796504369538053,-0.12484394506866428,-0.0040000000000000036,
512500,2020-09-28,3.2,3.168,3.211,3.159,617894.0,,1.6250000000000013,-1.0000000000000009,-0.03200000000000003,
512500,2020-09-29,3.18,3.187,3.219,3.169,1194841.0,,1.5782828282828225,0.5997474747474647,0.018999999999999684,
512500,2020-09-30,3.19,3.168,3.214,3.146,1152250.0,,2.1336680263570775,-0.5961719485409378,-0.018999999999999684,
512500,2020-10-09,3.213,3.249,3.263,3.213,483370.0,,1.5782828282828225,2.5568181818181808,0.08099999999999996,
512500,2020-10-12,3.268,3.351,3.351,3.268,683504.0,,2.5546321945213966,3.139427516158814,0.10199999999999987,
512500,2020-10-13,3.37,3.351,3.37,3.315,695805.0,,1.6413011041480203,0.0,0.0,
512500,2020-10-14,3.351,3.335,3.351,3.327,479075.0,,0.7162041181736801,-0.4774694121157868,-0.016000000000000014,
512500,2020-10-15,3.336,3.312,3.34,3.307,506618.0,,0.9895052473763094,-0.689655172413797,-0.02300000000000013,
512500,2020-10-16,3.314,3.292,3.321,3.267,514377.0,,1.630434782608704,-0.6038647342995175,-0.020000000000000018,
512500,2020-10-19,3.305,3.256,3.325,3.246,903815.0,,2.3997569866342707,-1.0935601458080206,-0.03600000000000003,
512500,2020-10-20,3.248,3.284,3.287,3.241,617871.0,,1.4127764127764073,0.8599508599508608,0.028000000000000025,
512500,2020-10-21,3.281,3.255,3.288,3.236,876809.0,,1.5834348355663705,-0.8830694275274031,-0.028999999999999915,
512500,2020-10-22,3.25,3.238,3.25,3.205,652430.0,,1.3824884792626706,-0.522273425499229,-0.016999999999999904,
512500,2020-10-23,3.236,3.188,3.262,3.179,709624.0,,2.563310685608406,-1.5441630636195127,-0.04999999999999982,
512500,2020-10-26,3.176,3.186,3.2,3.137,698933.0,,1.9761606022584743,-0.06273525721456161,-0.002000000000000224,
512500,2020-10-27,3.17,3.182,3.192,3.163,579371.0,,0.9102322661644808,-0.1255492780916511,-0.0040000000000000036,
512500,2020-10-28,3.185,3.201,3.204,3.156,551022.0,,1.5084852294154634,0.5971087366436244,0.019000000000000128,
512500,2020-10-29,3.15,3.205,3.224,3.15,1715270.0,,2.3117775695095375,0.12496094970321785,0.0040000000000000036,
512500,2020-10-30,3.205,3.136,3.219,3.131,823506.0,,2.7457098283931383,-2.152886115444616,-0.06899999999999995,
512500,2020-11-02,3.138,3.146,3.164,3.13,637697.0,,1.0841836734693957,0.3188775510204014,0.009999999999999787,
512500,2020-11-03,3.157,3.194,3.203,3.152,622857.0,,1.621106166560703,1.5257469802924362,0.04800000000000004,
512500,2020-11-04,3.204,3.191,3.207,3.164,893607.0,,1.346274264245451,-0.09392611145898916,-0.0030000000000001137,
512500,2020-11-05,3.223,3.257,3.263,3.209,709783.0,,1.6922594797868955,2.0683171419617765,0.06600000000000028,
512500,2020-11-06,3.265,3.233,3.265,3.202,531225.0,,1.934295363831752,-0.7368744243168566,-0.02400000000000002,
512500,2020-11-09,3.236,3.285,3.31,3.236,1409976.0,,2.2888957624497324,1.608413238478195,0.052000000000000046,
512500,2020-11-10,3.3,3.262,3.3,3.244,682932.0,,1.704718417047172,-0.700152207001526,-0.02300000000000013,
512500,2020-11-11,3.252,3.223,3.269,3.222,525741.0,,1.4408338442673254,-1.1955855303494833,-0.039000000000000146,
512500,2020-11-12,3.223,3.232,3.249,3.217,549007.0,,0.9928637914986047,0.2792429413589929,0.009000000000000341,
512500,2020-11-13,3.23,3.233,3.24,3.196,856344.0,,1.3613861386138624,0.03094059405940253,0.0009999999999998899,
512500,2020-11-16,3.243,3.272,3.277,3.228,689710.0,,1.5156201670275264,1.206309928858636,0.0389999999999997,
512500,2020-11-17,3.27,3.249,3.27,3.234,369584.0,,1.1002444987775073,-0.7029339853300638,-0.022999999999999687,
512500,2020-11-18,3.245,3.244,3.276,3.236,586377.0,,1.231148045552465,-0.1538935056940564,-0.004999999999999893,
512500,2020-11-19,3.238,3.266,3.27,3.223,485316.0,,1.448828606658451,0.6781750924784155,0.021999999999999797,
512500,2020-11-20,3.262,3.291,3.3,3.26,691937.0,,1.2247397428046551,0.7654623392529061,0.02499999999999991,
512500,2020-11-23,3.291,3.315,3.345,3.278,675969.0,,2.0358553631115215,0.729261622607111,0.02400000000000002,
512500,2020-11-24,3.313,3.311,3.325,3.304,432064.0,,0.6334841628959382,-0.1206636500754149,-0.0040000000000000036,
512500,2020-11-25,3.319,3.26,3.327,3.259,541705.0,,2.053760193295079,-1.5403201449713124,-0.051000000000000156,
512500,2020-11-26,3.252,3.249,3.264,3.228,659278.0,,1.1042944785275948,-0.3374233128834257,-0.010999999999999677,
512500,2020-11-27,3.249,3.26,3.262,3.213,727357.0,,1.508156355801783,0.3385657125269214,0.010999999999999677,
512500,2020-11-30,3.261,3.239,3.284,3.23,768985.0,,1.6564417177914057,-0.6441717791411016,-0.020999999999999908,
512500,2020-12-01,3.239,3.291,3.305,3.234,1385796.0,,2.1920345785736393,1.6054337758567474,0.052000000000000046,
512500,2020-12-02,3.296,3.292,3.3,3.272,771524.0,,0.8508052263749628,0.03038590094195958,0.0009999999999998899,
512500,2020-12-03,3.29,3.305,3.315,3.271,1070541.0,,1.336573511543136,0.39489671931957304,0.013000000000000345,
512500,2020-12-04,3.295,3.316,3.319,3.28,592596.0,,1.1800302571860861,0.33282904689862863,0.010999999999999677,
512500,2020-12-07,3.316,3.293,3.323,3.284,755858.0,,1.1761158021712952,-0.6936067551266493,-0.022999999999999687,
512500,2020-12-08,3.293,3.291,3.312,3.288,598825.0,,0.7288187063467968,-0.06073489219557315,-0.002000000000000224,
512500,2020-12-09,3.294,3.238,3.299,3.235,803741.0,,1.9446976602856294,-1.6104527499240333,-0.052999999999999936,
512500,2020-12-10,3.238,3.249,3.261,3.218,525742.0,,1.3279802347127903,0.33971587399629777,0.01100000000000012,
512500,2020-12-11,3.243,3.197,3.26,3.171,680245.0,,2.7393044013542616,-1.6004924592182224,-0.052000000000000046,
512500,2020-12-14,3.197,3.219,3.228,3.181,635644.0,,1.4701282452299078,0.6881451360650546,0.021999999999999797,
512500,2020-12-15,3.219,3.224,3.228,3.204,409833.0,,0.7455731593662634,0.15532774153464857,0.0050000000000003375,
512500,2020-12-16,3.254,3.213,3.254,3.201,316992.0,,1.6439205955334966,-0.34119106699752233,-0.01100000000000012,
512500,2020-12-17,3.213,3.25,3.254,3.185,859281.0,,2.14752567693744,1.1515717398070315,0.03699999999999992,
512500,2020-12-18,3.25,3.239,3.259,3.225,693809.0,,1.0461538461538402,-0.33846153846154214,-0.01100000000000012,
512500,2020-12-21,3.23,3.289,3.3,3.23,575829.0,,2.1611608521148455,1.543686322939187,0.050000000000000266,
512500,2020-12-22,3.28,3.227,3.288,3.22,937486.0,,2.067497719671621,-1.88507145028885,-0.06200000000000028,
512500,2020-12-23,3.27,3.244,3.27,3.217,700037.0,,1.642392314843506,0.5268050821196265,0.017000000000000348,
512500,2020-12-24,3.245,3.203,3.245,3.193,820958.0,,1.6029593094944525,-1.2638717632552519,-0.04100000000000037,
512500,2020-12-25,3.203,3.234,3.241,3.19,724383.0,,1.5922572588198614,0.9678426475179562,0.03100000000000014,
512500,2020-12-28,3.23,3.213,3.241,3.202,918378.0,,1.205936920222639,-0.6493506493506466,-0.020999999999999908,
512500,2020-12-29,3.211,3.198,3.24,3.191,796617.0,,1.5250544662309484,-0.4668534080298825,-0.015000000000000124,
512500,2020-12-30,3.196,3.224,3.243,3.186,539515.0,,1.782363977485927,0.8130081300813086,0.026000000000000245,
512500,2020-12-31,3.225,3.276,3.28,3.225,1597321.0,,1.7059553349875842,1.612903225806439,0.0519999999999996,
512500,2022-05-18,3.042,3.031,3.061,3.022,360850.0,,1.190476190476195,-7.478632478632469,-0.24499999999999966,
512500,2022-05-19,2.996,3.057,3.058,2.99,530171.0,,2.243483998680291,0.8578027053777566,0.0259999999999998,
512500,2022-05-20,3.057,3.108,3.11,3.056,543074.0,,1.7664376840039198,1.6683022571148236,0.051000000000000156,
512500,2022-05-23,3.114,3.113,3.124,3.09,325427.0,,1.0939510939511021,0.16087516087515744,0.004999999999999893,
512500,2022-05-24,3.113,3.008,3.121,3.007,487178.0,,3.6620623193061315,-3.372952136203019,-0.10499999999999998,
512500,2022-05-25,3.008,3.065,3.065,3.008,352008.0,,1.8949468085106362,1.8949468085106362,0.05699999999999994,
512500,2022-05-26,3.069,3.096,3.109,3.021,392893.0,,2.8711256117455166,1.011419249592174,0.03100000000000014,
512500,2022-05-27,3.101,3.092,3.123,3.071,373574.0,,1.6795865633074951,-0.12919896640826883,-0.0040000000000000036,
512500,2022-05-30,3.105,3.11,3.113,3.074,265913.0,,1.2613195342820227,0.5821474773609248,0.017999999999999794,
512500,2022-05-31,3.106,3.155,3.168,3.087,530096.0,,2.6045016077170406,1.4469453376205765,0.04499999999999993,
512500,2022-06-01,3.158,3.155,3.17,3.129,446161.0,,1.2995245641838329,0.0,0.0,
512500,2022-06-02,3.146,3.189,3.196,3.135,505286.0,,1.933438985736938,1.0776545166402616,0.03400000000000025,
512500,2022-06-06,3.2,3.243,3.254,3.183,870796.0,,2.2264032612104163,1.6933207902163634,0.053999999999999826,
512500,2022-06-07,3.24,3.246,3.255,3.228,778220.0,,0.8325624421831542,0.09250693802035503,0.0030000000000001137,
512500,2022-06-08,3.246,3.268,3.278,3.214,659030.0,,1.971657424522491,0.6777572396795994,0.021999999999999797,
512500,2022-06-09,3.265,3.231,3.268,3.201,445413.0,,2.050183598531204,-1.1321909424724579,-0.03699999999999992,
512500,2022-06-10,3.22,3.294,3.3,3.211,541600.0,,2.754565150108325,1.9498607242339885,0.06300000000000017,
512500,2022-06-13,3.28,3.28,3.293,3.249,556599.0,,1.3357619914996974,-0.42501517911354686,-0.014000000000000234,
512500,2022-06-14,3.245,3.312,3.316,3.198,689325.0,,3.597560975609753,0.9756097560975618,0.03200000000000003,
512500,2022-06-15,3.31,3.302,3.379,3.297,552278.0,,2.475845410628015,-0.301932367149752,-0.009999999999999787,
512500,2022-06-16,3.303,3.3,3.342,3.295,561075.0,,1.4233797698364672,-0.06056935190794136,-0.002000000000000224,
512500,2022-06-17,3.285,3.334,3.343,3.254,606159.0,,2.6969696969696964,1.030303030303038,0.03400000000000025,
512500,2022-06-20,3.334,3.333,3.356,3.307,530141.0,,1.4697060587882402,-0.029994001199756745,-0.0009999999999998899,
512500,2022-06-21,3.332,3.311,3.342,3.286,432783.0,,1.6801680168016815,-0.6600660066006673,-0.02200000000000024,
512500,2022-06-22,3.309,3.26,3.32,3.258,399826.0,,1.872546058592565,-1.5403201449713124,-0.051000000000000156,
512500,2022-06-23,3.26,3.336,3.336,3.25,363788.0,,2.638036809815947,2.3312883435582843,0.07600000000000007,
512500,2022-06-24,3.339,3.371,3.377,3.33,516217.0,,1.4088729016786485,1.0491606714628339,0.03500000000000014,
512500,2022-06-27,3.371,3.386,3.415,3.371,499711.0,,1.3052506674577289,0.4449718184515018,0.015000000000000124,
512500,2022-06-28,3.384,3.437,3.447,3.378,414148.0,,2.0378027170702877,1.5062020082693357,0.05099999999999971,
512500,2022-06-29,3.43,3.386,3.441,3.376,403765.0,,1.8911841722432339,-1.4838521966831455,-0.05099999999999971,
512500,2022-06-30,3.381,3.414,3.434,3.381,1061185.0,,1.565268753691683,0.8269344359125819,0.028000000000000025,
512500,2022-07-01,3.408,3.405,3.43,3.398,311819.0,,0.9373169302870542,-0.2636203866432437,-0.009000000000000341,
512500,2022-07-04,3.404,3.449,3.452,3.384,497926.0,,1.9970631424375935,1.2922173274596196,0.04400000000000004,
512500,2022-07-05,3.453,3.44,3.466,3.404,362116.0,,1.7976224992751602,-0.2609452015076804,-0.008999999999999897,
512500,2022-07-06,3.438,3.4,3.441,3.367,613028.0,,2.1511627906976702,-1.1627906976744196,-0.040000000000000036,
512500,2022-07-07,3.403,3.413,3.435,3.383,528794.0,,1.5294117647058838,0.3823529411764677,0.0129999999999999,
512500,2022-07-08,3.425,3.392,3.434,3.39,374593.0,,1.2891883973044254,-0.6152944623498362,-0.020999999999999908,
512500,2022-07-11,3.388,3.348,3.388,3.326,434196.0,,1.8278301886792403,-1.297169811320756,-0.04400000000000004,
512500,2022-07-12,3.331,3.305,3.363,3.303,494740.0,,1.7921146953405034,-1.2843488649940176,-0.042999999999999705,
512500,2022-07-13,3.302,3.319,3.33,3.292,589957.0,,1.149773071104395,0.4236006051437153,0.01399999999999979,
512500,2022-07-14,3.311,3.345,3.364,3.311,329726.0,,1.596866526062065,0.7833684844832856,0.026000000000000245,
512500,2022-07-15,3.349,3.293,3.358,3.286,409494.0,,2.1524663677130063,-1.5545590433482823,-0.052000000000000046,
512500,2022-07-18,3.29,3.349,3.358,3.29,361135.0,,2.064986334649258,1.7005769814758593,0.05600000000000005,
512500,2022-07-19,3.349,3.36,3.369,3.332,364525.0,,1.1048074051955916,0.32845625559867647,0.010999999999999677,
512500,2022-07-20,3.37,3.404,3.41,3.369,342864.0,,1.220238095238093,1.3095238095238109,0.04400000000000004,
512500,2022-07-21,3.405,3.367,3.405,3.365,317893.0,,1.1750881316098587,-1.0869565217391282,-0.03699999999999992,
512500,2022-07-22,3.368,3.342,3.384,3.307,471793.0,,2.2869022869022855,-0.7425007425007399,-0.02499999999999991,
512500,2022-07-25,3.331,3.312,3.353,3.3,419548.0,,1.5858767205266422,-0.8976660682226287,-0.03000000000000025,
512500,2022-07-26,3.31,3.351,3.361,3.301,421596.0,,1.8115942028985526,1.1775362318840625,0.039000000000000146,
512500,2022-07-27,3.351,3.366,3.372,3.333,370868.0,,1.1638316920322203,0.4476275738585534,0.015000000000000124,
512500,2022-07-28,3.371,3.372,3.405,3.364,297351.0,,1.2180629827688627,0.17825311942958358,0.005999999999999783,
512500,2022-07-29,3.381,3.34,3.384,3.334,528503.0,,1.4827995255041466,-0.9489916963226581,-0.03200000000000003,
512500,2022-08-01,3.331,3.369,3.371,3.32,349034.0,,1.526946107784436,0.8682634730539031,0.02900000000000036,
512500,2022-08-02,3.351,3.289,3.351,3.243,839631.0,,3.2056990204808575,-2.3745918670228576,-0.08000000000000007,
512500,2022-08-03,3.292,3.258,3.335,3.245,647253.0,,2.736394040741862,-0.942535725144425,-0.03100000000000014,
512500,2022-08-04,3.283,3.273,3.285,3.227,674039.0,,1.7802332719459875,0.4604051565377571,0.015000000000000124,
512500,2022-08-05,3.273,3.336,3.341,3.272,505257.0,,2.1081576535288846,1.9248395967002663,0.06299999999999972,
512500,2022-08-08,3.327,3.357,3.365,3.327,309849.0,,1.1390887290167941,0.6294964028777084,0.02100000000000035,
512500,2022-08-09,3.357,3.368,3.37,3.34,292919.0,,0.8936550491510351,0.32767351802203387,0.010999999999999677,
512500,2022-08-10,3.366,3.362,3.38,3.345,253179.0,,1.0391923990498724,-0.17814726840854464,-0.005999999999999783,
512500,2022-08-11,3.378,3.425,3.426,3.37,463683.0,,1.6656751933373009,1.8738845925044534,0.06299999999999972,
512500,2022-08-12,3.42,3.422,3.436,3.411,241794.0,,0.7299270072992675,-0.08759124087590277,-0.0029999999999996696,
512500,2022-08-15,3.402,3.423,3.442,3.402,255302.0,,1.1689070718877859,0.029222676797191403,0.0009999999999998899,
512500,2022-08-16,3.423,3.437,3.458,3.423,250952.0,,1.0224948875255666,0.40899795501021885,0.01399999999999979,
512500,2022-08-17,3.437,3.459,3.466,3.418,294260.0,,1.396566773348852,0.6400931044515636,0.02200000000000024,
512500,2022-08-18,3.464,3.445,3.464,3.432,229977.0,,0.9251228678808912,-0.40474125469789635,-0.014000000000000234,
512500,2022-08-19,3.446,3.405,3.453,3.402,369067.0,,1.4804063860667551,-1.1611030478955018,-0.040000000000000036,
512500,2022-08-22,3.4,3.44,3.453,3.386,470170.0,,1.9676945668135017,1.0279001468428823,0.03500000000000014,
512500,2022-08-23,3.432,3.443,3.445,3.422,245240.0,,0.6686046511627816,0.0872093023255847,0.0030000000000001137,
512500,2022-08-24,3.439,3.351,3.446,3.341,427569.0,,3.0496659889631133,-2.6720882950914926,-0.09200000000000008,
512500,2022-08-25,3.355,3.37,3.371,3.321,421561.0,,1.492091912861827,0.5669949268875001,0.019000000000000128,
512500,2022-08-26,3.357,3.361,3.396,3.346,255916.0,,1.4836795252225465,-0.26706231454005624,-0.008999999999999897,
512500,2022-08-29,3.32,3.36,3.366,3.314,485157.0,,1.5471585837548363,-0.029753049687602916,-0.001000000000000334,
512500,2022-08-30,3.353,3.353,3.361,3.326,300407.0,,1.041666666666671,-0.20833333333332363,-0.006999999999999673,
512500,2022-08-31,3.34,3.28,3.349,3.272,448487.0,,2.2964509394572143,-2.177154786758139,-0.0730000000000004,
512500,2022-09-01,3.28,3.268,3.307,3.258,284736.0,,1.4939024390243882,-0.36585365853658575,-0.01200000000000001,
512500,2022-09-02,3.275,3.278,3.292,3.263,313481.0,,0.8873929008567906,0.30599755201959095,0.010000000000000231,
512500,2022-09-05,3.273,3.289,3.294,3.259,347269.0,,1.0677242220866425,0.3355704697986614,0.01100000000000012,
512500,2022-09-06,3.294,3.347,3.35,3.294,246764.0,,1.7026451809060519,1.7634539373669755,0.05799999999999983,
512500,2022-09-07,3.337,3.354,3.36,3.333,253565.0,,0.8066925605019328,0.20914251568569217,0.007000000000000117,
512500,2022-09-08,3.347,3.342,3.361,3.34,180649.0,,0.6261180679785435,-0.35778175313059063,-0.01200000000000001,
512500,2022-09-09,3.342,3.361,3.372,3.335,290467.0,,1.1071214841412305,0.5685218432076639,0.019000000000000128,
512500,2022-09-13,3.372,3.352,3.381,3.349,210554.0,,0.9520975900029628,-0.26777744718834695,-0.009000000000000341,
512500,2022-09-14,3.339,3.329,3.341,3.313,309203.0,,0.835322195704058,-0.6861575178997521,-0.022999999999999687,
512500,2022-09-15,3.332,3.252,3.342,3.227,387198.0,,3.4544908380895225,-2.3130069089816883,-0.0770000000000004,
512500,2022-09-16,3.244,3.176,3.251,3.169,469266.0,,2.521525215252148,-2.3370233702336907,-0.07599999999999962,
512500,2022-09-19,3.175,3.155,3.175,3.132,377643.0,,1.3539042821158598,-0.6612090680100866,-0.02100000000000035,
512500,2022-09-20,3.157,3.169,3.2,3.157,306903.0,,1.362916006339149,0.4437400950871707,0.014000000000000234,
512500,2022-09-21,3.169,3.183,3.194,3.133,391472.0,,1.9248974439886384,0.4417797412432878,0.01399999999999979,
512500,2022-09-22,3.168,3.178,3.202,3.161,263932.0,,1.2880929940307861,-0.15708451146716598,-0.004999999999999893,
512500,2022-09-23,3.17,3.142,3.185,3.106,416942.0,,2.4858401510383947,-1.1327879169288873,-0.03600000000000003,
512500,2022-09-26,3.128,3.094,3.158,3.092,552237.0,,2.1005728835136805,-1.5276893698281362,-0.04800000000000004,
512500,2022-09-27,3.094,3.15,3.156,3.094,494838.0,,2.003878474466719,1.8099547511312233,0.05600000000000005,
512500,2022-09-28,3.14,3.078,3.148,3.075,370529.0,,2.317460317460316,-2.285714285714288,-0.07200000000000006,
512500,2022-09-29,3.098,3.084,3.124,3.059,465297.0,,2.1117608836907067,0.1949317738791497,0.006000000000000227,
512500,2022-09-30,3.082,3.042,3.094,3.04,366596.0,,1.7509727626459088,-1.361867704280164,-0.04200000000000026,
512500,2022-10-10,3.042,3.004,3.07,2.993,372836.0,,2.531229454306376,-1.2491781722550892,-0.03799999999999981,
512500,2022-10-11,3.003,3.026,3.039,2.992,389389.0,,1.5645805592543325,0.7323568575232955,0.021999999999999797,
512500,2022-10-12,3.02,3.097,3.099,2.976,476103.0,,4.06477197620622,2.3463317911434296,0.07100000000000017,
512500,2022-10-13,3.082,3.102,3.126,3.081,321779.0,,1.453019050694218,0.16144656118824324,0.004999999999999893,
512500,2022-10-14,3.118,3.186,3.199,3.118,578952.0,,2.611218568665376,2.7079303675048383,0.08400000000000007,
512500,2022-10-17,3.178,3.198,3.209,3.168,298650.0,,1.2868801004394201,0.37664783427495324,0.01200000000000001,
512500,2022-10-18,3.204,3.21,3.232,3.19,338406.0,,1.3133208255159556,0.37523452157598536,0.01200000000000001,
512500,2022-10-19,3.211,3.185,3.216,3.179,247006.0,,1.1526479750778929,-0.7788161993769442,-0.02499999999999991,
512500,2022-10-20,3.18,3.173,3.217,3.132,515630.0,,2.6687598116169533,-0.3767660910518057,-0.01200000000000001,
512500,2022-10-21,3.175,3.176,3.193,3.149,465265.0,,1.3867002836432412,0.09454774661204267,0.0030000000000001137,
512500,2022-10-24,3.174,3.15,3.235,3.115,558803.0,,3.778337531486135,-0.8186397984886727,-0.026000000000000245,
512500,2022-10-25,3.14,3.126,3.16,3.082,883144.0,,2.4761904761904856,-0.7619047619047626,-0.02400000000000002,
512500,2022-10-26,3.126,3.182,3.209,3.126,473577.0,,2.6551503518874022,1.7914267434421,0.05600000000000005,
512500,2022-10-27,3.185,3.178,3.21,3.176,476549.0,,1.0685103708359462,-0.1257071024512886,-0.0040000000000000036,
512500,2022-10-28,3.173,3.078,3.173,3.075,746148.0,,3.0837004405286303,-3.146633102580242,-0.10000000000000009,
512500,2022-10-31,3.068,3.092,3.126,3.06,594859.0,,2.14424951267056,0.45484080571800634,0.014000000000000234,
512500,2022-11-01,3.102,3.167,3.173,3.081,826463.0,,2.975420439844763,2.4256144890038724,0.07499999999999973,
512500,2022-11-02,3.159,3.193,3.211,3.156,832937.0,,1.736659299021147,0.820966214082736,0.026000000000000245,
512500,2022-11-03,3.181,3.192,3.205,3.176,589705.0,,0.9082367679298438,-0.03131850923895677,-0.0009999999999998899,
512500,2022-11-04,3.193,3.272,3.284,3.193,482677.0,,2.850877192982448,2.506265664160389,0.07999999999999963,
512500,2022-11-07,3.282,3.267,3.287,3.247,368748.0,,1.2224938875305635,-0.15281173594131706,-0.004999999999999893,
512500,2022-11-08,3.257,3.267,3.268,3.25,238530.0,,0.5509641873278174,0.0,0.0,
512500,2022-11-09,3.26,3.259,3.291,3.255,407164.0,,1.1019283746556485,-0.24487297214569964,-0.008000000000000007,
512500,2022-11-10,3.243,3.246,3.258,3.228,362863.0,,0.9205277692543666,-0.3988953666768917,-0.0129999999999999,
512500,2022-11-11,3.316,3.268,3.334,3.267,613664.0,,2.0640788662969864,0.6777572396795994,0.021999999999999797,
512500,2022-11-14,3.263,3.263,3.301,3.255,504077.0,,1.4075887392900939,-0.15299877600978867,-0.004999999999999893,
512500,2022-11-15,3.261,3.317,3.323,3.259,457984.0,,1.9613852283175008,1.6549187863928985,0.05400000000000027,
512500,2022-11-16,3.316,3.301,3.332,3.296,278250.0,,1.0853180584865851,-0.48236358154959347,-0.016000000000000014,
512500,2022-11-17,3.301,3.31,3.311,3.272,492986.0,,1.181460163586796,0.2726446531354104,0.008999999999999897,
512500,2022-11-18,3.313,3.304,3.33,3.296,471342.0,,1.0271903323262914,-0.18126888217523346,-0.006000000000000227,
512500,2022-11-21,3.294,3.298,3.303,3.265,275241.0,,1.150121065375297,-0.18159806295398861,-0.005999999999999783,
512500,2022-11-22,3.297,3.266,3.298,3.252,442377.0,,1.3947847180109236,-0.9702850212249857,-0.03200000000000003,
512500,2022-11-23,3.257,3.258,3.273,3.22,381691.0,,1.6227801592161646,-0.24494794856093102,-0.008000000000000007,
512500,2022-11-24,3.261,3.261,3.279,3.246,334231.0,,1.0128913443830545,0.09208103130755414,0.0030000000000001137,
512500,2022-11-25,3.258,3.243,3.258,3.226,517902.0,,0.9812940815700715,-0.5519779208831719,-0.018000000000000238,
512500,2022-11-28,3.223,3.226,3.231,3.178,367550.0,,1.6342892383595418,-0.5242059821153224,-0.016999999999999904,
512500,2022-11-29,3.232,3.28,3.293,3.23,365776.0,,1.9528828270303833,1.6738995660260332,0.053999999999999826,
512500,2022-11-30,3.273,3.272,3.293,3.258,228217.0,,1.0670731707317118,-0.24390243902439046,-0.008000000000000007,
512500,2022-12-01,3.29,3.291,3.322,3.29,299002.0,,0.9779951100244507,0.5806845965770211,0.019000000000000128,
512500,2022-12-02,3.284,3.285,3.31,3.28,320187.0,,0.9115770282588954,-0.182315405651771,-0.005999999999999783,
512500,2022-12-05,3.3,3.303,3.313,3.291,316949.0,,0.6697108066971154,0.5479452054794457,0.017999999999999794,
512500,2022-12-06,3.297,3.304,3.328,3.289,350033.0,,1.1807447774750137,0.03027550711474084,0.0009999999999998899,
512500,2022-12-07,3.3,3.299,3.324,3.288,208182.0,,1.0895883777239719,-0.15133171912832608,-0.004999999999999893,
512500,2022-12-08,3.3,3.291,3.301,3.28,246534.0,,0.6365565322825205,-0.2424977265838135,-0.008000000000000007,
512500,2022-12-09,3.291,3.295,3.308,3.274,350994.0,,1.0331206320267339,0.12154360376785184,0.0040000000000000036,
512500,2022-12-12,3.295,3.282,3.295,3.273,720478.0,,0.667678300455229,-0.3945371775417269,-0.0129999999999999,
512500,2022-12-13,3.283,3.265,3.284,3.258,615310.0,,0.7921998781230896,-0.5179768433881751,-0.016999999999999904,
512500,2022-12-14,3.257,3.25,3.274,3.238,564159.0,,1.102603369065851,-0.45941807044410793,-0.015000000000000124,
512500,2022-12-15,3.25,3.254,3.258,3.236,489782.0,,0.6769230769230707,0.1230769230769232,0.0040000000000000036,
512500,2022-12-16,3.24,3.242,3.246,3.223,722703.0,,0.706822372464663,-0.3687768899815615,-0.01200000000000001,
512500,2022-12-19,3.247,3.172,3.247,3.157,523509.0,,2.776064157927201,-2.159161011721155,-0.06999999999999984,
512500,2022-12-20,3.17,3.14,3.17,3.125,536023.0,,1.4186633039092031,-1.008827238335436,-0.03200000000000003,
512500,2022-12-21,3.136,3.118,3.146,3.1,374478.0,,1.4649681528662362,-0.7006369426751669,-0.02200000000000024,
512500,2022-12-22,3.127,3.085,3.133,3.067,430517.0,,2.11674150096215,-1.058370750481075,-0.03299999999999992,
512500,2022-12-23,3.078,3.076,3.1,3.054,496916.0,,1.4910858995137848,-0.2917341977309529,-0.008999999999999897,
512500,2022-12-26,3.091,3.115,3.122,3.076,440396.0,,1.495448634590371,1.2678803641092373,0.039000000000000146,
512500,2022-12-27,3.126,3.136,3.138,3.108,295365.0,,0.9630818619582602,0.6741573033707835,0.020999999999999908,
512500,2022-12-28,3.133,3.127,3.137,3.117,304369.0,,0.6377551020408169,-0.2869897959183782,-0.009000000000000341,
512500,2022-12-29,3.124,3.122,3.146,3.11,227938.0,,1.1512631915574045,-0.15989766549408038,-0.004999999999999893,
512500,2022-12-30,3.131,3.124,3.138,3.114,407168.0,,0.7687379884689309,0.06406149903908469,0.002000000000000224,
512500,2023-01-03,3.123,3.17,3.178,3.112,469583.0,,2.112676056338023,1.4724711907810442,0.04599999999999982,
512500,2023-01-04,3.17,3.17,3.179,3.155,253298.0,,0.757097791798108,0.0,0.0,
512500,2023-01-05,3.174,3.204,3.212,3.171,533355.0,,1.2933753943217783,1.0725552050473266,0.03400000000000025,
512500,2023-01-06,3.204,3.206,3.227,3.197,250096.0,,0.936329588014975,0.062421972534325215,0.0019999999999997797,
512500,2023-01-09,3.207,3.216,3.236,3.207,319491.0,,0.9045539613225314,0.31191515907673834,0.010000000000000231,
512500,2023-01-10,3.211,3.219,3.225,3.207,167243.0,,0.5597014925373208,0.09328358208954196,0.0029999999999996696,
512500,2023-01-11,3.219,3.208,3.235,3.201,275923.0,,1.0562286424355332,-0.3417210313761938,-0.010999999999999677,
512500,2023-01-12,3.204,3.205,3.225,3.197,184537.0,,0.8728179551122203,-0.09351620947631277,-0.0030000000000001137,
512500,2023-01-13,3.206,3.232,3.234,3.206,273747.0,,0.8736349453978167,0.8424336973478981,0.027000000000000135,
512500,2023-01-16,3.235,3.263,3.291,3.235,346228.0,,1.7326732673267342,0.9591584158415746,0.030999999999999694,
512500,2023-01-17,3.264,3.267,3.276,3.259,261611.0,,0.5209929512718328,0.1225865767698438,0.0040000000000000036,
512500,2023-01-18,3.269,3.277,3.291,3.269,292883.0,,0.6734006734006672,0.30609121518213134,0.010000000000000231,
512500,2023-01-19,3.277,3.312,3.312,3.267,281279.0,,1.373207201708878,1.0680500457735642,0.0349999999999997,
512500,2023-01-20,3.309,3.335,3.338,3.308,351141.0,,0.9057971014492828,0.6944444444444485,0.02300000000000013,
512500,2023-01-30,3.35,3.345,3.39,3.342,315105.0,,1.4392803598200914,0.2998500749625257,0.010000000000000231,
512500,2023-01-31,3.348,3.351,3.365,3.337,286145.0,,0.8370702541106136,0.17937219730941056,0.005999999999999783,
512500,2023-02-01,3.35,3.385,3.39,3.35,313177.0,,1.193673530289467,1.0146225007460403,0.03399999999999981,
512500,2023-02-02,3.394,3.391,3.41,3.377,252051.0,,0.9748892171344272,0.17725258493353702,0.006000000000000227,
512500,2023-02-03,3.381,3.378,3.387,3.34,384371.0,,1.386021822471252,-0.3833677381303421,-0.0129999999999999,
512500,2023-02-06,3.361,3.359,3.37,3.341,270760.0,,0.8584961515689733,-0.5624629958555396,-0.019000000000000128,
512500,2023-02-07,3.36,3.362,3.366,3.338,435559.0,,0.8335814230425729,0.08931229532599327,0.0030000000000001137,
512500,2023-02-08,3.362,3.338,3.369,3.333,479975.0,,1.0707911957168361,-0.7138607971445574,-0.02400000000000002,
512500,2023-02-09,3.331,3.387,3.389,3.33,242568.0,,1.7675254643499017,1.4679448771719572,0.04899999999999993,
512500,2023-02-10,3.386,3.38,3.389,3.352,413034.0,,1.092412164157069,-0.2066725715972872,-0.007000000000000117,
512500,2023-02-13,3.372,3.4,3.4,3.369,467140.0,,0.9171597633136004,0.5917159763313614,0.020000000000000018,
512500,2023-02-14,3.398,3.407,3.415,3.391,159997.0,,0.7058823529411771,0.2058823529411799,0.007000000000000117,
512500,2023-02-15,3.407,3.399,3.415,3.389,168916.0,,0.7631347226298869,-0.234810683886117,-0.008000000000000007,
512500,2023-02-16,3.397,3.353,3.428,3.333,417776.0,,2.7949396881435646,-1.353339217416882,-0.04599999999999982,
512500,2023-02-17,3.352,3.324,3.362,3.318,461393.0,,1.312257679689831,-0.8648971070683078,-0.02900000000000036,
512500,2023-02-20,3.33,3.378,3.383,3.312,414871.0,,2.1359807460890545,1.624548736462102,0.05400000000000027,
512500,2023-02-21,3.38,3.398,3.409,3.373,541698.0,,1.0657193605683715,0.5920663114268804,0.020000000000000018,
512500,2023-02-22,3.389,3.4,3.408,3.38,584279.0,,0.8240141259564456,0.0588581518540253,0.0019999999999997797,
512500,2023-02-23,3.396,3.39,3.405,3.367,670668.0,,1.1176470588235239,-0.29411764705881727,-0.009999999999999787,
512500,2023-02-24,3.383,3.381,3.396,3.357,354601.0,,1.1504424778760973,-0.2654867256637269,-0.009000000000000341,
512500,2023-02-27,3.364,3.363,3.38,3.346,307073.0,,1.0056196391600063,-0.5323868677905884,-0.017999999999999794,
512500,2023-02-28,3.367,3.386,3.39,3.35,406304.0,,1.1894142134998524,0.6839131727624184,0.02300000000000013,
512500,2023-03-01,3.384,3.407,3.414,3.379,303909.0,,1.0336680448907307,0.6202008269344331,0.020999999999999908,
512500,2023-03-02,3.4,3.4,3.415,3.393,438079.0,,0.6457293806868283,-0.20545934840035562,-0.007000000000000117,
512500,2023-03-03,3.406,3.4,3.409,3.377,691730.0,,0.9411764705882361,0.0,0.0,
512500,2023-03-06,3.4,3.402,3.413,3.385,307794.0,,0.8235294117647066,0.05882352941177129,0.002000000000000224,
512500,2023-03-07,3.396,3.348,3.403,3.347,523697.0,,1.6460905349794255,-1.5873015873015952,-0.05400000000000027,
512500,2023-03-08,3.344,3.354,3.36,3.336,259367.0,,0.7168458781362014,0.17921146953405698,0.006000000000000227,
512500,2023-03-09,3.364,3.35,3.364,3.332,219936.0,,0.9540846750149083,-0.11926058437686354,-0.0040000000000000036,
512500,2023-03-10,3.342,3.31,3.342,3.305,244963.0,,1.1044776119402961,-1.1940298507462697,-0.040000000000000036,
512500,2023-03-13,3.304,3.327,3.328,3.297,220026.0,,0.9365558912386613,0.513595166163139,0.016999999999999904,
512500,2023-03-14,3.327,3.298,3.327,3.27,361071.0,,1.7132551848512156,-0.8716561466786868,-0.028999999999999915,
512500,2023-03-15,3.314,3.316,3.333,3.311,210831.0,,0.6670709520921845,0.5457853244390477,0.017999999999999794,
512500,2023-03-16,3.32,3.275,3.32,3.268,311784.0,,1.5681544028950556,-1.2364294330518675,-0.040999999999999925,
512500,2023-03-17,3.304,3.295,3.324,3.285,639423.0,,1.1908396946564794,0.6106870229007639,0.020000000000000018,
512500,2023-03-20,3.3,3.284,3.307,3.277,286349.0,,0.9104704097116785,-0.3338391502276213,-0.01100000000000012,
512500,2023-03-21,3.306,3.319,3.321,3.293,454564.0,,0.8526187576126683,1.0657734470158389,0.03500000000000014,
512500,2023-03-22,3.324,3.334,3.338,3.324,360018.0,,0.42181379933715685,0.45194335643266415,0.015000000000000124,
512500,2023-03-23,3.338,3.355,3.355,3.327,241066.0,,0.8398320335932821,0.6298740251949583,0.020999999999999908,
512500,2023-03-24,3.355,3.358,3.36,3.343,365690.0,,0.5067064083457498,0.0894187779433715,0.0030000000000001137,
512500,2023-03-27,3.357,3.357,3.363,3.334,395046.0,,0.863609291244786,-0.029779630732575633,-0.0009999999999998899,
512500,2023-03-28,3.351,3.35,3.367,3.343,270628.0,,0.7149240393208227,-0.20851951146857664,-0.007000000000000117,
512500,2023-03-29,3.345,3.336,3.359,3.327,213669.0,,0.9552238805970158,-0.417910447761201,-0.014000000000000234,
512500,2023-03-30,3.33,3.354,3.355,3.315,295548.0,,1.199040767386092,0.5395683453237482,0.018000000000000238,
512500,2023-03-31,3.354,3.377,3.378,3.351,238599.0,,0.8050089445438323,0.6857483601669555,0.022999999999999687,
512500,2023-04-03,3.383,3.411,3.42,3.383,381838.0,,1.095647023985784,1.006810778797757,0.03400000000000025,
512500,2023-04-04,3.412,3.415,3.417,3.397,174962.0,,0.5863383172090301,0.11726766344180603,0.0040000000000000036,
512500,2023-04-06,3.411,3.414,3.42,3.403,204684.0,,0.49780380673498986,-0.02928257686676105,-0.0009999999999998899,
512500,2023-04-07,3.414,3.439,3.444,3.414,250835.0,,0.8787346221441067,0.7322788517867578,0.02499999999999991,
512500,2023-04-10,3.439,3.416,3.443,3.411,271459.0,,0.9305030532131442,-0.6687990694969506,-0.02300000000000013,
512500,2023-04-11,3.415,3.416,3.43,3.404,784498.0,,0.7611241217798667,0.0,0.0,
512500,2023-04-12,3.414,3.428,3.43,3.413,714014.0,,0.4976580796253029,0.35128805620608927,0.01200000000000001,
512500,2023-04-13,3.429,3.411,3.43,3.409,176301.0,,0.6126021003500687,-0.49591598599766346,-0.016999999999999904,
512500,2023-04-14,3.411,3.422,3.432,3.407,190285.0,,0.7329228965112844,0.3224860744649698,0.01100000000000012,
512500,2023-04-17,3.412,3.437,3.438,3.412,161208.0,,0.7597895967270674,0.43834015195791,0.01499999999999968,
512500,2023-04-18,3.434,3.431,3.437,3.414,163831.0,,0.669188245562982,-0.17457084666860004,-0.005999999999999783,
512500,2023-04-19,3.429,3.416,3.435,3.408,103402.0,,0.7869425823375149,-0.43719032352084297,-0.015000000000000124,
512500,2023-04-20,3.412,3.41,3.412,3.397,377842.0,,0.43911007025761484,-0.17564402810303817,-0.005999999999999783,
512500,2023-04-21,3.41,3.335,3.41,3.331,325903.0,,2.316715542521999,-2.1994134897360755,-0.07500000000000018,
512500,2023-04-24,3.336,3.312,3.338,3.297,248811.0,,1.2293853073463246,-0.689655172413797,-0.02300000000000013,
512500,2023-04-25,3.315,3.257,3.315,3.223,479300.0,,2.7777777777777803,-1.6606280193236629,-0.054999999999999716,
512500,2023-04-26,3.249,3.272,3.285,3.248,384817.0,,1.136014737488484,0.4605465151980252,0.01499999999999968,
512500,2023-04-27,3.271,3.285,3.301,3.264,363453.0,,1.1308068459657814,0.39731051344744334,0.013000000000000345,
512500,2023-04-28,3.286,3.332,3.335,3.279,705413.0,,1.7047184170471856,1.4307458143074492,0.04699999999999971,
512500,2023-05-04,3.311,3.332,3.334,3.309,176395.0,,0.7503001200480166,0.0,0.0,
512500,2023-05-05,3.328,3.304,3.332,3.288,237183.0,,1.3205282112845151,-0.8403361344537823,-0.028000000000000025,
512500,2023-05-08,3.303,3.324,3.336,3.302,192581.0,,1.0290556900726335,0.6053268765133177,0.020000000000000018,
512500,2023-05-09,3.325,3.291,3.339,3.291,275295.0,,1.4440433212996402,-0.9927797833934995,-0.03299999999999992,
512500,2023-05-10,3.291,3.286,3.307,3.274,176142.0,,1.0027347310847743,-0.15192950470981142,-0.004999999999999893,
512500,2023-05-11,3.3,3.277,3.3,3.275,128228.0,,0.760803408399267,-0.2738892270237339,-0.008999999999999897,
512500,2023-05-12,3.276,3.243,3.294,3.242,349767.0,,1.586817210863596,-1.0375343301800504,-0.03400000000000025,
512500,2023-05-15,3.248,3.282,3.286,3.224,403635.0,,1.9118100524205932,1.2025901942645743,0.039000000000000146,
512500,2023-05-16,3.279,3.26,3.282,3.252,196198.0,,0.9140767824497334,-0.6703229737964729,-0.02200000000000024,
512500,2023-05-17,3.26,3.261,3.275,3.248,258071.0,,0.8282208588956961,0.03067484662577712,0.001000000000000334,
512500,2023-05-18,3.261,3.267,3.281,3.252,238880.0,,0.8892977614228874,0.18399264029438156,0.005999999999999783,
512500,2023-05-19,3.269,3.27,3.287,3.247,339139.0,,1.2243648607284983,0.09182736455464076,0.0030000000000001137,
512500,2023-05-22,3.27,3.268,3.28,3.25,237484.0,,0.9174311926605444,-0.06116207951071021,-0.002000000000000224,
512500,2023-05-23,3.268,3.233,3.27,3.232,569231.0,,1.162790697674413,-1.0709914320685343,-0.0349999999999997,
512500,2023-05-24,3.225,3.208,3.239,3.204,375230.0,,1.0825858335910825,-0.7732755954222057,-0.02499999999999991,
512500,2023-05-25,3.201,3.207,3.223,3.164,507502.0,,1.8391521197007394,-0.031172069825446815,-0.001000000000000334,
512500,2023-05-26,3.2,3.222,3.233,3.184,384154.0,,1.5279077019020872,0.4677268475210516,0.015000000000000124,
512500,2023-05-29,3.222,3.223,3.239,3.212,459463.0,,0.8379888268156329,0.03103662321539075,0.0009999999999998899,
512500,2023-05-30,3.223,3.239,3.242,3.19,464051.0,,1.6134036611852327,0.49643189574930235,0.016000000000000014,
512500,2023-05-31,3.239,3.24,3.243,3.218,794377.0,,0.7718431614695866,0.030873726458793885,0.001000000000000334,
512500,2023-06-01,3.247,3.239,3.262,3.217,391235.0,,1.3888888888888866,-0.030864197530874504,-0.001000000000000334,
512500,2023-06-02,3.25,3.266,3.276,3.243,448010.0,,1.0188329731398555,0.8335906143871608,0.027000000000000135,
512500,2023-06-05,3.268,3.26,3.268,3.252,178025.0,,0.48989589712186205,-0.18371096142070506,-0.006000000000000227,
512500,2023-06-06,3.25,3.198,3.259,3.195,240694.0,,1.9631901840490815,-1.901840490797541,-0.06199999999999983,
512500,2023-06-07,3.208,3.203,3.22,3.199,267388.0,,0.6566604127579847,0.15634771732332375,0.004999999999999893,
512500,2023-06-08,3.203,3.199,3.213,3.175,371359.0,,1.1863877614736265,-0.124882922260381,-0.0040000000000000036,
512500,2023-06-09,3.202,3.221,3.23,3.198,420616.0,,1.0003125976867782,0.6877149109096669,0.02200000000000024,
512500,2023-06-12,3.215,3.233,3.244,3.215,436756.0,,0.900341508848195,0.3725551071095936,0.01200000000000001,
512500,2023-06-13,3.24,3.241,3.249,3.225,393665.0,,0.7423445716053207,0.24744819053510694,0.008000000000000007,
512500,2023-06-14,3.249,3.249,3.261,3.242,566971.0,,0.5862388151805038,0.24683739586547382,0.008000000000000007,
512500,2023-06-15,3.248,3.28,3.283,3.248,257151.0,,1.0772545398584088,0.9541397353031608,0.030999999999999694,
512500,2023-06-16,3.275,3.304,3.314,3.27,455543.0,,1.3414634146341475,0.7317073170731715,0.02400000000000002,
512500,2023-06-19,3.316,3.295,3.316,3.29,426228.0,,0.7869249394673064,-0.27239709443098964,-0.008999999999999897,
512500,2023-06-20,3.295,3.294,3.305,3.282,474912.0,,0.6980273141122953,-0.030349013657052806,-0.0009999999999998899,
512500,2023-06-21,3.281,3.226,3.284,3.224,662878.0,,1.8214936247723013,-2.0643594414086235,-0.06800000000000006,
512500,2023-06-26,3.213,3.17,3.217,3.166,821898.0,,1.5809051456912633,-1.7358958462492267,-0.05600000000000005,
512500,2023-06-27,3.181,3.198,3.202,3.173,404100.0,,0.9148264984227102,0.8832807570977926,0.028000000000000025,
512500,2023-06-28,3.2,3.202,3.203,3.153,497631.0,,1.563477173233265,0.12507817385866177,0.0040000000000000036,
512500,2023-06-29,3.202,3.2,3.211,3.188,309159.0,,0.7183010618363426,-0.062460961898806365,-0.0019999999999997797,
512500,2023-06-30,3.191,3.235,3.241,3.191,398885.0,,1.5625000000000084,1.0937499999999907,0.0349999999999997,
512500,2023-07-03,3.245,3.253,3.263,3.233,526711.0,,0.9273570324574901,0.5564142194745051,0.018000000000000238,
512500,2023-07-04,3.251,3.259,3.261,3.249,326436.0,,0.36889025514909346,0.1844451275745399,0.005999999999999783,
512500,2023-07-05,3.25,3.246,3.262,3.237,444208.0,,0.7671064743786411,-0.3988953666768917,-0.0129999999999999,
512500,2023-07-06,3.23,3.225,3.258,3.223,605748.0,,1.0782501540357405,-0.646950092421439,-0.020999999999999908,
512500,2023-07-07,3.212,3.22,3.23,3.202,457144.0,,0.8682170542635667,-0.15503875968991915,-0.004999999999999893,
512500,2023-07-10,3.226,3.228,3.243,3.213,324961.0,,0.9316770186335344,0.24844720496894432,0.008000000000000007,
512500,2023-07-11,3.227,3.254,3.256,3.225,369508.0,,0.9603469640644267,0.8054522924411339,0.0259999999999998,
512500,2023-07-12,3.256,3.222,3.257,3.219,304922.0,,1.1677934849416183,-0.9834050399508305,-0.03200000000000003,
512500,2023-07-13,3.225,3.265,3.267,3.225,340792.0,,1.3035381750465491,1.3345747982619538,0.04300000000000015,
512500,2023-07-14,3.269,3.255,3.271,3.254,278647.0,,0.5206738131699817,-0.30627871362940984,-0.010000000000000231,
512500,2023-07-17,3.251,3.246,3.255,3.229,459221.0,,0.7987711213517604,-0.2764976958525314,-0.008999999999999897,
512500,2023-07-18,3.241,3.242,3.252,3.229,546589.0,,0.7085643869377599,-0.12322858903265568,-0.0040000000000000036,
512500,2023-07-19,3.238,3.238,3.25,3.221,396753.0,,0.8945095619987636,-0.12338062924120924,-0.0040000000000000036,
512500,2023-07-20,3.24,3.201,3.248,3.197,706887.0,,1.5750463248919135,-1.142680667078441,-0.03699999999999992,
512500,2023-07-21,3.203,3.203,3.225,3.193,421218.0,,0.9996875976257428,0.062480474851601984,0.0019999999999997797,
512500,2023-07-24,3.197,3.199,3.221,3.188,595311.0,,1.0302841086481398,-0.124882922260381,-0.0040000000000000036,
512500,2023-07-25,3.234,3.249,3.253,3.23,485097.0,,0.7189746795873752,1.5629884338855977,0.050000000000000266,
512500,2023-07-26,3.238,3.243,3.251,3.233,440969.0,,0.5540166204986087,-0.18467220683287866,-0.006000000000000227,
512500,2023-07-27,3.242,3.222,3.25,3.216,511669.0,,1.0484119642306449,-0.6475485661424579,-0.020999999999999908,
512500,2023-07-28,3.212,3.269,3.274,3.206,519507.0,,2.110490378646805,1.4587212911235306,0.04700000000000015,
512500,2023-07-31,3.269,3.288,3.322,3.269,746714.0,,1.6212909146527972,0.5812174977057107,0.018999999999999684,
512500,2023-08-01,3.284,3.292,3.306,3.284,539090.0,,0.669099756691005,0.12165450121654513,0.0040000000000000036,
512500,2023-08-02,3.289,3.281,3.302,3.271,589047.0,,0.9416767922235767,-0.3341433778857739,-0.010999999999999677,
512500,2023-08-03,3.274,3.292,3.293,3.265,424135.0,,0.8533983541603177,0.3352636391344004,0.010999999999999677,
512500,2023-08-04,3.31,3.309,3.331,3.296,577511.0,,1.0631834750911344,0.5164034021871309,0.017000000000000348,
512500,2023-08-07,3.308,3.293,3.31,3.287,825897.0,,0.6950740404956219,-0.48352976730129993,-0.016000000000000014,
512500,2023-08-08,3.28,3.281,3.293,3.266,405957.0,,0.8199210446401497,-0.3644093531733984,-0.01200000000000001,
512500,2023-08-09,3.261,3.257,3.28,3.254,863110.0,,0.7924413288631453,-0.7314843035659866,-0.02400000000000002,
512500,2023-08-10,3.257,3.256,3.269,3.245,1189378.0,,0.7368744243168566,-0.030703101013212587,-0.001000000000000334,
512500,2023-08-11,3.258,3.199,3.258,3.197,1077780.0,,1.873464373464372,-1.7506142506142488,-0.05699999999999994,
512500,2023-08-14,3.185,3.199,3.203,3.154,704730.0,,1.5317286652078754,0.0,0.0,
512500,2023-08-15,3.199,3.18,3.208,3.155,602395.0,,1.6567677399187366,-0.593935604876514,-0.018999999999999684,
512500,2023-08-16,3.18,3.156,3.183,3.156,833012.0,,0.8490566037735752,-0.7547169811320761,-0.02400000000000002,
512500,2023-08-17,3.153,3.175,3.182,3.127,718378.0,,1.7427122940430977,0.6020278833966947,0.018999999999999684,
512500,2023-08-18,3.189,3.128,3.192,3.125,553202.0,,2.1102362204724465,-1.4803149606299122,-0.04699999999999971,
512500,2023-08-21,3.123,3.088,3.14,3.085,628269.0,,1.758312020460363,-1.278772378516625,-0.040000000000000036,
512500,2023-08-22,3.096,3.101,3.112,3.053,685496.0,,1.9106217616580365,0.42098445595854594,0.0129999999999999,
512500,2023-08-23,3.095,3.044,3.095,3.038,634195.0,,1.8381167365366133,-1.8381167365365991,-0.05699999999999994,
512500,2023-08-24,3.055,3.053,3.083,3.039,579542.0,,1.4454664914586084,0.2956636005256208,0.008999999999999897,
512500,2023-08-25,3.041,3.017,3.057,3.002,783523.0,,1.8015067147068509,-1.179168031444482,-0.03600000000000003,
512500,2023-08-28,3.225,3.055,3.225,3.04,1017123.0,,6.1319191249585705,1.259529333775282,0.038000000000000256,
512500,2023-08-29,3.042,3.116,3.134,3.041,2732606.0,,3.04418985270049,1.9967266775777395,0.06099999999999994,
512500,2023-08-30,3.129,3.119,3.145,3.11,1127604.0,,1.1232349165596964,0.09627727856226295,0.0030000000000001137,
512500,2023-08-31,3.11,3.105,3.126,3.097,920109.0,,0.9297851875601125,-0.44886181468420117,-0.014000000000000234,
512500,2023-09-01,3.116,3.109,3.123,3.099,619624.0,,0.7729468599033823,0.1288244766505637,0.0040000000000000036,
512500,2023-09-04,3.125,3.149,3.154,3.112,1384838.0,,1.3509166934705634,1.2865873271148291,0.040000000000000036,
512500,2023-09-05,3.139,3.129,3.149,3.123,1454874.0,,0.8256589393458178,-0.6351222610352498,-0.020000000000000018,
512500,2023-09-06,3.126,3.128,3.137,3.107,1380006.0,,0.9587727708533016,-0.031959092361773404,-0.0009999999999998899,
512500,2023-09-07,3.115,3.084,3.124,3.08,1025650.0,,1.4066496163682876,-1.4066496163682876,-0.04400000000000004,
512500,2023-09-08,3.07,3.08,3.095,3.07,1272004.0,,0.810635538262009,-0.12970168612191968,-0.0040000000000000036,
512500,2023-09-11,3.082,3.117,3.136,3.081,1287309.0,,1.785714285714291,1.2012987012986986,0.03699999999999992,
512500,2023-09-12,3.12,3.119,3.129,3.113,983687.0,,0.5133140840551818,0.06416426050690484,0.002000000000000224,
512500,2023-09-13,3.119,3.089,3.119,3.072,1456177.0,,1.5068932350112263,-0.9618467457518515,-0.03000000000000025,
512500,2023-09-14,3.083,3.085,3.089,3.067,955985.0,,0.7122045969569375,-0.12949174490126267,-0.0040000000000000036,
512500,2023-09-15,3.087,3.088,3.106,3.071,1023059.0,,1.13452188006482,0.0972447325769891,0.0030000000000001137,
512500,2023-09-18,3.08,3.092,3.103,3.064,3073506.0,,1.2629533678756524,0.1295336787564768,0.0040000000000000036,
512500,2023-09-19,3.092,3.079,3.092,3.068,1521963.0,,0.7761966364812425,-0.4204398447606695,-0.0129999999999999,
512500,2023-09-20,3.071,3.06,3.079,3.058,1475663.0,,0.6820396232543148,-0.6170834686586595,-0.019000000000000128,
512500,2023-09-21,3.06,3.033,3.066,3.031,1445639.0,,1.1437908496731926,-0.8823529411764749,-0.027000000000000135,
512500,2023-09-22,3.033,3.086,3.086,3.032,1891650.0,,1.7804154302670565,1.7474447741510035,0.052999999999999936,
512500,2023-09-25,3.089,3.068,3.089,3.059,1487635.0,,0.972132209980551,-0.5832793259883278,-0.017999999999999794,
512500,2023-09-26,3.066,3.057,3.074,3.056,1772833.0,,0.5867014341590545,-0.35853976531943027,-0.01100000000000012,
512500,2023-09-27,3.056,3.071,3.085,3.056,2362498.0,,0.9486424599280313,0.45796532548250685,0.014000000000000234,
512500,2023-09-28,3.073,3.075,3.081,3.067,1890127.0,,0.4558775643112924,0.13025073266037132,0.0040000000000000036,
512500,2023-10-09,3.068,3.056,3.074,3.042,1761667.0,,1.0406504065040658,-0.6178861788617928,-0.019000000000000128,
512500,2023-10-10,3.058,3.044,3.074,3.04,1443269.0,,1.1125654450261717,-0.39267015706806313,-0.01200000000000001,
512500,2023-10-11,3.044,3.041,3.071,3.033,1349285.0,,1.2483574244415327,-0.09855453350854514,-0.0030000000000001137,
512500,2023-10-12,3.057,3.061,3.066,3.048,1258495.0,,0.5919105557382373,0.6576783952647162,0.020000000000000018,
512500,2023-10-13,3.05,3.048,3.051,3.037,1056383.0,,0.4573668735707362,-0.4246978111728161,-0.0129999999999999,
512500,2023-10-16,3.044,3.019,3.05,3.006,1177353.0,,1.4435695538057756,-0.9514435695538029,-0.028999999999999915,
512500,2023-10-17,3.02,3.024,3.026,3.004,1511273.0,,0.7287181185823053,0.1656177542232492,0.004999999999999893,
512500,2023-10-18,3.015,2.988,3.021,2.981,1007852.0,,1.322751322751324,-1.1904761904761914,-0.03600000000000003,
512500,2023-10-19,2.982,2.952,2.989,2.95,1330229.0,,1.3052208835341266,-1.204819277108435,-0.03600000000000003,
512500,2023-10-20,2.95,2.932,2.959,2.922,1441516.0,,1.2533875338753362,-0.6775067750677514,-0.020000000000000018,
512500,2023-10-23,2.929,2.857,2.929,2.845,1583704.0,,2.8649386084583774,-2.5579809004092677,-0.07499999999999973,
512500,2023-10-24,2.87,2.887,2.895,2.855,1826057.0,,1.400070003500176,1.0500525026251242,0.029999999999999805,
512500,2023-10-25,2.902,2.899,2.931,2.898,1358354.0,,1.1430550744717671,0.4156563907170076,0.01200000000000001,
512500,2023-10-26,2.898,2.915,2.923,2.883,1095081.0,,1.379786133149363,0.5519144532597452,0.016000000000000014,
512500,2023-10-27,2.905,2.97,2.984,2.905,1221451.0,,2.7101200686106406,1.8867924528301943,0.05500000000000016,
512500,2023-10-30,2.962,2.994,3.006,2.962,931970.0,,1.4814814814814679,0.8080808080808087,0.02400000000000002,
512500,2023-10-31,2.989,2.99,2.999,2.973,1388624.0,,0.8684034736139027,-0.13360053440213773,-0.0040000000000000036,
512500,2023-11-01,2.995,2.98,2.995,2.968,972780.0,,0.9030100334448204,-0.33444816053512477,-0.010000000000000231,
512500,2023-11-02,2.98,2.954,2.99,2.95,721263.0,,1.342281879194632,-0.8724832214765034,-0.0259999999999998,
512500,2023-11-03,2.957,2.976,2.996,2.955,2065324.0,,1.387948544346646,0.7447528774542924,0.021999999999999797,
512500,2023-11-06,2.991,3.025,3.03,2.991,1723979.0,,1.310483870967732,1.6465053763440838,0.04899999999999993,
512500,2023-11-07,3.024,3.029,3.043,3.013,1046311.0,,0.9917355371900909,0.1322314049586778,0.0040000000000000036,
512500,2023-11-08,3.024,3.027,3.042,3.01,1180679.0,,1.0564542753383965,-0.06602839220864244,-0.0019999999999997797,
512500,2023-11-09,3.029,3.022,3.048,3.013,1361550.0,,1.1562603237528952,-0.1651800462504241,-0.0050000000000003375,
512500,2023-11-10,3.019,3.009,3.019,2.997,1468005.0,,0.727994705493059,-0.4301786896095268,-0.0129999999999999,
512500,2023-11-13,3.009,3.024,3.027,3.002,1547039.0,,0.8308408109006432,0.49850448654038304,0.015000000000000124,
512500,2023-11-14,3.024,3.04,3.045,3.023,1590239.0,,0.7275132275132208,0.5291005291005296,0.016000000000000014,
512500,2023-11-15,3.07,3.057,3.072,3.048,1725950.0,,0.789473684210527,0.5592105263157864,0.016999999999999904,
512500,2023-11-16,3.054,3.03,3.054,3.029,991172.0,,0.8177952240758886,-0.8832188420019671,-0.027000000000000135,
512500,2023-11-17,3.025,3.038,3.039,3.02,1222156.0,,0.6270627062706313,0.2640264026402643,0.008000000000000007,
512500,2023-11-20,3.038,3.056,3.064,3.026,1283405.0,,1.2508229098090933,0.5924950625411534,0.018000000000000238,
512500,2023-11-21,3.059,3.048,3.08,3.042,868247.0,,1.2434554973822074,-0.2617801047120421,-0.008000000000000007,
512500,2023-11-22,3.032,3.01,3.047,3.008,1165611.0,,1.279527559055123,-1.2467191601049952,-0.038000000000000256,
512500,2023-11-23,3.007,3.037,3.041,2.994,1450972.0,,1.561461794019924,0.8970099667774132,0.027000000000000135,
512500,2023-11-24,3.037,3.01,3.037,2.999,1866356.0,,1.2512347711557397,-0.8890352321369817,-0.027000000000000135,
512500,2023-11-27,3.01,3.005,3.014,2.986,1251884.0,,0.930232558139521,-0.1661129568106277,-0.004999999999999893,
512500,2023-11-28,3.005,3.021,3.024,2.982,998296.0,,1.3976705490848524,0.532445923460899,0.016000000000000014,
512500,2023-11-29,3.018,3.006,3.018,2.997,729455.0,,0.6951340615690138,-0.4965243296921591,-0.015000000000000124,
512500,2023-11-30,2.999,2.994,3.006,2.976,659807.0,,0.9980039920159617,-0.3992015968063728,-0.011999999999999567,
512500,2023-12-01,2.986,3.007,3.014,2.98,817935.0,,1.135604542418163,0.43420173680694385,0.0129999999999999,
512500,2023-12-04,3.02,3.0,3.021,3.0,690965.0,,0.6983704689058832,-0.23279015630196598,-0.007000000000000117,
512500,2023-12-05,2.994,2.95,2.996,2.947,613704.0,,1.633333333333331,-1.6666666666666607,-0.04999999999999982,
512500,2023-12-06,2.951,2.958,2.98,2.941,872951.0,,1.3220338983050897,0.2711864406779663,0.008000000000000007,
512500,2023-12-07,2.95,2.963,2.973,2.938,1398125.0,,1.1832319134550269,0.16903313049357313,0.004999999999999893,
512500,2023-12-08,2.965,2.968,2.983,2.96,1481006.0,,0.7762402969962919,0.16874789065136325,0.004999999999999893,
512500,2023-12-11,2.964,3.008,3.014,2.937,2137663.0,,2.5943396226415083,1.3477088948787075,0.040000000000000036,
512500,2023-12-12,3.017,3.006,3.017,2.994,1053391.0,,0.7646276595744577,-0.0664893617021351,-0.002000000000000224,
512500,2023-12-13,3.001,2.974,3.001,2.97,1498930.0,,1.0312707917498236,-1.0645375914836857,-0.031999999999999584,
512500,2023-12-14,2.981,2.965,3.001,2.959,967318.0,,1.412239408204432,-0.30262273032953396,-0.009000000000000341,
512500,2023-12-15,2.977,2.942,2.979,2.935,1648295.0,,1.4839797639123118,-0.7757166947723335,-0.022999999999999687,
512500,2023-12-18,2.943,2.911,2.943,2.902,1066825.0,,1.393609789259005,-1.0537049626104737,-0.03100000000000014,
512500,2023-12-19,2.909,2.904,2.92,2.886,1471730.0,,1.167983510821017,-0.24046719340433242,-0.007000000000000117,
512500,2023-12-20,2.904,2.872,2.911,2.868,1198927.0,,1.4807162534435314,-1.1019283746556485,-0.03200000000000003,
512500,2023-12-21,2.864,2.879,2.892,2.837,1630026.0,,1.9150417827297952,0.243732590529252,0.007000000000000117,
512500,2023-12-22,2.879,2.869,2.897,2.855,1679646.0,,1.4588398749565756,-0.3473428273706074,-0.009999999999999787,
512500,2023-12-25,2.861,2.865,2.884,2.855,1494902.0,,1.0108051585918407,-0.139421401185082,-0.0040000000000000036,
512500,2023-12-26,2.873,2.841,2.873,2.829,2275270.0,,1.535776614310647,-0.8376963350785347,-0.02400000000000002,
512500,2023-12-27,2.839,2.848,2.859,2.824,1328336.0,,1.2319605772615325,0.246392115452294,0.006999999999999673,
512500,2023-12-28,2.842,2.904,2.917,2.842,2593814.0,,2.6334269662921255,1.9662921348314624,0.05600000000000005,
512500,2023-12-29,2.904,2.932,2.937,2.898,1708808.0,,1.3429752066115601,0.9641873278236923,0.028000000000000025,
512500,2024-01-02,2.928,2.917,2.933,2.916,1816837.0,,0.5798090040927661,-0.5115961800818597,-0.015000000000000124,
512500,2024-01-03,2.919,2.917,2.927,2.897,1169034.0,,1.0284538909838963,0.0,0.0,
512500,2024-01-04,2.905,2.894,2.907,2.875,1800244.0,,1.0970174837161477,-0.7884813164209697,-0.022999999999999687,
512500,2024-01-05,2.891,2.851,2.897,2.84,993771.0,,1.969592259847959,-1.4858327574291688,-0.04300000000000015,
512500,2024-01-08,2.84,2.781,2.854,2.78,1540131.0,,2.5955804980708623,-2.455278849526476,-0.06999999999999984,
512500,2024-01-09,2.785,2.801,2.816,2.777,1369198.0,,1.4023732470334302,0.7191657677094576,0.020000000000000018,
512500,2024-01-10,2.79,2.782,2.814,2.759,1026851.0,,1.9635844341306732,-0.6783291681542352,-0.019000000000000128,
512500,2024-01-11,2.774,2.819,2.831,2.774,1398260.0,,2.048885693745505,1.3299784327821684,0.03699999999999992,
512500,2024-01-12,2.816,2.804,2.842,2.803,1508259.0,,1.383469315360062,-0.5321035828307955,-0.015000000000000124,
512500,2024-01-15,2.8,2.8,2.828,2.78,702654.0,,1.7118402282453655,-0.14265335235378046,-0.0040000000000000036,
512500,2024-01-16,2.789,2.799,2.814,2.764,1051431.0,,1.7857142857142954,-0.035714285714281785,-0.0009999999999998899,
512500,2024-01-17,2.778,2.732,2.792,2.73,591819.0,,2.215076813147547,-2.393712040014281,-0.06699999999999973,
512500,2024-01-18,2.728,2.735,2.738,2.655,1034379.0,,3.0380673499268003,0.10980966325035393,0.0029999999999996696,
512500,2024-01-19,2.717,2.715,2.74,2.707,940265.0,,1.2065813528336513,-0.7312614259597813,-0.020000000000000018,
512500,2024-01-22,2.714,2.586,2.714,2.567,730791.0,,5.414364640883971,-4.751381215469613,-0.129,
512500,2024-01-23,2.578,2.627,2.641,2.546,952644.0,,3.673627223511222,1.5854601701469424,0.040999999999999925,
512500,2024-01-24,2.639,2.662,2.67,2.568,996163.0,,3.8827559954320465,1.33231823372669,0.03500000000000014,
512500,2024-01-25,2.66,2.74,2.742,2.644,1695203.0,,3.681442524417726,2.9301277235161645,0.07800000000000029,
512500,2024-01-26,2.73,2.713,2.742,2.7,944772.0,,1.5328467153284602,-0.9854014598540194,-0.027000000000000135,
512500,2024-01-29,2.724,2.662,2.727,2.661,602198.0,,2.4327312937707273,-1.8798378179137543,-0.051000000000000156,
512500,2024-01-30,2.657,2.599,2.667,2.593,697162.0,,2.7798647633358318,-2.3666416228399596,-0.06299999999999972,
512500,2024-01-31,2.595,2.538,2.608,2.533,843200.0,,2.8857252789534504,-2.3470565602154823,-0.06100000000000039,
512500,2024-02-01,2.531,2.53,2.577,2.495,1012278.0,,3.2308904649330126,-0.31520882584712406,-0.008000000000000007,
512500,2024-02-02,2.533,2.46,2.553,2.388,1175836.0,,6.521739130434785,-2.766798418972326,-0.06999999999999984,
512500,2024-02-05,2.442,2.404,2.484,2.312,1572950.0,,6.9918699186991935,-2.276422764227644,-0.05600000000000005,
512500,2024-02-06,2.393,2.602,2.613,2.373,3243572.0,,9.983361064891838,8.236272878535772,0.19799999999999995,
512500,2024-02-07,2.601,2.77,2.775,2.596,1974681.0,,6.879323597232892,6.45657186779401,0.16800000000000015,
512500,2024-02-08,2.81,2.792,2.909,2.769,6535424.0,,5.054151624548725,0.7942238267147942,0.021999999999999797,
512500,2024-02-19,2.798,2.765,2.822,2.739,13075274.0,,2.972779369627514,-0.9670487106017083,-0.02699999999999969,
512500,2024-02-20,2.756,2.768,2.775,2.731,1110720.0,,1.591320072332732,0.10849909584085603,0.0029999999999996696,
512500,2024-02-21,2.76,2.765,2.834,2.742,1514905.0,,3.3236994219653213,-0.10838150289016148,-0.0029999999999996696,
512500,2024-02-22,2.766,2.786,2.797,2.758,1144591.0,,1.410488245931289,0.7594936708860726,0.020999999999999908,
512500,2024-02-23,2.783,2.8,2.803,2.757,1288843.0,,1.6511127063890816,0.5025125628140628,0.01399999999999979,
512500,2024-02-26,2.792,2.8,2.834,2.782,1443608.0,,1.857142857142859,0.0,0.0,
512500,2024-02-27,2.795,2.866,2.869,2.784,1162564.0,,3.0357142857143007,2.3571428571428674,0.06600000000000028,
512500,2024-02-28,2.866,2.793,2.905,2.791,1716763.0,,3.9776692254012516,-2.5471039776692237,-0.07299999999999995,
512500,2024-02-29,2.779,2.882,2.888,2.779,3445903.0,,3.902613677049767,3.186537773003937,0.08899999999999997,
512500,2024-03-01,2.885,2.901,2.909,2.87,2603068.0,,1.3532269257459995,0.659264399722404,0.018999999999999684,
512500,2024-03-04,2.901,2.9,2.913,2.869,970089.0,,1.5167183729748224,-0.034470872113060665,-0.0009999999999998899,
512500,2024-03-05,2.88,2.883,2.904,2.875,6991971.0,,0.9999999999999971,-0.5862068965517209,-0.016999999999999904,
512500,2024-03-06,2.878,2.882,2.917,2.857,2190801.0,,2.0811654526534724,-0.034686090877554275,-0.0009999999999998899,
512500,2024-03-07,2.879,2.845,2.904,2.843,966883.0,,2.116585704371962,-1.2838306731436475,-0.03699999999999992,
512500,2024-03-08,2.855,2.884,2.894,2.84,1505724.0,,1.8980667838312921,1.370826010544805,0.0389999999999997,
512500,2024-03-11,2.881,2.936,2.939,2.877,1897332.0,,2.149791955617208,1.803051317614426,0.052000000000000046,
512500,2024-03-12,2.936,2.923,2.954,2.905,1308919.0,,1.6689373297002854,-0.44277929155313017,-0.0129999999999999,
512500,2024-03-13,2.923,2.918,2.946,2.905,683230.0,,1.4026684912760987,-0.17105713308244588,-0.004999999999999893,
512500,2024-03-14,2.916,2.905,2.937,2.885,1495860.0,,1.7820424948594944,-0.4455106237148849,-0.013000000000000345,
512500,2024-03-15,2.907,2.945,2.945,2.886,1642471.0,,2.030981067125636,1.376936316695354,0.040000000000000036,
512500,2024-03-18,2.945,2.985,2.986,2.942,844249.0,,1.4940577249575564,1.3582342954159605,0.040000000000000036,
512500,2024-03-19,2.985,2.953,2.985,2.949,1073600.0,,1.20603015075377,-1.0720268006700178,-0.03200000000000003,
512500,2024-03-20,2.954,2.958,2.967,2.942,940666.0,,0.8465966813410062,0.16931933626821327,0.0050000000000003375,
512500,2024-03-21,2.967,2.945,2.971,2.938,1638188.0,,1.1156186612576038,-0.43948613928331115,-0.013000000000000345,
512500,2024-03-22,2.941,2.902,2.946,2.885,1014537.0,,2.071307300509351,-1.4601018675721464,-0.042999999999999705,
512500,2024-03-25,2.89,2.859,2.913,2.851,1163425.0,,2.1364576154376236,-1.4817367332873932,-0.04300000000000015,
512500,2024-03-26,2.858,2.844,2.869,2.826,1331028.0,,1.5040223854494632,-0.5246589716684198,-0.015000000000000124,
512500,2024-03-27,2.837,2.78,2.846,2.778,2054533.0,,2.3909985935302416,-2.250351617440227,-0.06400000000000006,
512500,2024-03-28,2.784,2.815,2.846,2.784,1507927.0,,2.2302158273381396,1.258992805755401,0.03500000000000014,
512500,2024-03-29,2.807,2.85,2.853,2.806,1541298.0,,1.6696269982238066,1.2433392539964525,0.03500000000000014,
512500,2024-04-01,2.855,2.91,2.915,2.855,1267465.0,,2.1052631578947385,2.1052631578947385,0.06000000000000005,
512500,2024-04-02,2.904,2.898,2.912,2.883,1709255.0,,0.9965635738831585,-0.4123711340206189,-0.01200000000000001,
512500,2024-04-03,2.898,2.896,2.901,2.88,1376519.0,,0.7246376811594171,-0.06901311249138108,-0.002000000000000224,
512500,2024-04-08,2.894,2.855,2.901,2.853,1401406.0,,1.6574585635358976,-1.4157458563535885,-0.040999999999999925,
512500,2024-04-09,2.855,2.879,2.88,2.852,635881.0,,0.9807355516637486,0.8406304728546418,0.02400000000000002,
512500,2024-04-10,2.874,2.844,2.874,2.823,1042589.0,,1.7714484195901408,-1.2156998957971568,-0.03500000000000014,
512500,2024-04-11,2.825,2.859,2.887,2.824,1240170.0,,2.2151898734177276,0.5274261603375572,0.015000000000000124,
512500,2024-04-12,2.858,2.843,2.877,2.837,1318543.0,,1.3990905911157603,-0.5596362364463104,-0.016000000000000014,
512500,2024-04-15,2.843,2.88,2.898,2.814,1562242.0,,2.954625395708761,1.301442138585998,0.03699999999999992,
512500,2024-04-16,2.86,2.804,2.883,2.792,1579034.0,,3.159722222222229,-2.6388888888888915,-0.07600000000000007,
512500,2024-04-17,2.808,2.878,2.879,2.806,1312222.0,,2.603423680456489,2.639087018544946,0.07400000000000029,
512500,2024-04-18,2.863,2.881,2.919,2.855,2157837.0,,2.2237665045170276,0.1042390548992241,0.0029999999999996696,
512500,2024-04-19,2.869,2.861,2.893,2.85,1547778.0,,1.4925373134328257,-0.6942034015966531,-0.019999999999999574,
512500,2024-04-22,2.86,2.84,2.881,2.833,1285380.0,,1.6777350576721286,-0.7340090877315747,-0.02100000000000035,
512500,2024-04-23,2.844,2.808,2.853,2.801,1220949.0,,1.8309859154929595,-1.1267605633802829,-0.03200000000000003,
512500,2024-04-24,2.803,2.838,2.839,2.791,1591594.0,,1.7094017094017109,1.0683760683760772,0.03000000000000025,
512500,2024-04-25,2.83,2.834,2.857,2.818,1127790.0,,1.3742071881606817,-0.14094432699083873,-0.0040000000000000036,
512500,2024-04-26,2.837,2.894,2.903,2.837,2488023.0,,2.328863796753699,2.1171489061397337,0.06000000000000005,
512500,2024-04-29,2.899,2.953,2.963,2.899,1751279.0,,2.2114720110573622,2.0387007601934943,0.05899999999999972,
512500,2024-04-30,2.952,2.933,2.96,2.931,875603.0,,0.9820521503555678,-0.6772773450728079,-0.020000000000000018,
512500,2024-05-06,2.956,2.976,2.987,2.955,1837445.0,,1.091033071939994,1.466075690419371,0.04300000000000015,
512500,2024-05-07,2.974,2.976,2.99,2.966,937497.0,,0.8064516129032264,0.0,0.0,
512500,2024-05-08,2.975,2.94,2.975,2.937,1343415.0,,1.2768817204301162,-1.2096774193548396,-0.03600000000000003,
512500,2024-05-09,2.95,2.994,3.002,2.948,1301253.0,,1.8367346938775453,1.8367346938775602,0.05400000000000027,
512500,2024-05-10,2.995,2.983,3.006,2.961,1779879.0,,1.5030060120240456,-0.36740146960588244,-0.01100000000000012,
512500,2024-05-13,2.962,2.967,2.981,2.942,1033085.0,,1.3074086490110528,-0.5363727790814621,-0.016000000000000014,
512500,2024-05-14,2.961,2.964,2.989,2.955,1220391.0,,1.1459386585776814,-0.10111223458038805,-0.0030000000000001137,
512500,2024-05-15,2.965,2.938,2.965,2.933,626751.0,,1.0796221322537123,-0.8771929824561338,-0.0259999999999998,
512500,2024-05-16,2.944,2.929,2.958,2.916,1088020.0,,1.4295439074200225,-0.3063308373043002,-0.009000000000000341,
512500,2024-05-17,2.93,2.963,2.967,2.92,1410871.0,,1.6046432229429892,1.160805735745997,0.03400000000000025,
512500,2024-05-20,2.975,2.979,2.99,2.958,1838733.0,,1.0799865001687488,0.5399932500843744,0.016000000000000014,
512500,2024-05-21,2.965,2.958,2.975,2.948,770864.0,,0.9063444108761374,-0.7049345417925447,-0.020999999999999908,
512500,2024-05-22,2.953,2.951,2.962,2.947,382018.0,,0.5070993914807344,-0.23664638269101138,-0.007000000000000117,
512500,2024-05-23,2.95,2.9,2.95,2.889,1018244.0,,2.0670958996950315,-1.728227719417152,-0.051000000000000156,
512500,2024-05-24,2.895,2.871,2.92,2.869,1134965.0,,1.7586206896551624,-0.9999999999999971,-0.028999999999999915,
512500,2024-05-27,2.873,2.902,2.904,2.854,696134.0,,1.7415534656913905,1.0797631487286707,0.03100000000000014,
512500,2024-05-28,2.898,2.875,2.899,2.869,713593.0,,1.0337698139214269,-0.9303928325292948,-0.027000000000000135,
512500,2024-05-29,2.876,2.88,2.902,2.87,1268530.0,,1.1130434782608705,0.17391304347825717,0.004999999999999893,
512500,2024-05-30,2.886,2.877,2.898,2.863,795697.0,,1.2152777777777828,-0.10416666666667061,-0.0030000000000001137,
512500,2024-05-31,2.877,2.875,2.903,2.874,980228.0,,1.00799443865137,-0.06951685783801807,-0.0019999999999997797,
512500,2024-06-03,2.873,2.853,2.879,2.831,1014821.0,,1.669565217391306,-0.7652173913043409,-0.021999999999999797,
512500,2024-06-04,2.846,2.892,2.9,2.842,752188.0,,2.032947774272689,1.3669821240799054,0.0389999999999997,
512500,2024-06-05,2.888,2.86,2.895,2.858,706899.0,,1.2793914246196378,-1.1065006915629334,-0.03200000000000003,
512500,2024-06-06,2.868,2.839,2.878,2.828,1039695.0,,1.7482517482517577,-0.734265734265731,-0.020999999999999908,
512500,2024-06-07,2.851,2.824,2.859,2.808,742333.0,,1.796407185628748,-0.5283550545966934,-0.015000000000000124,
512500,2024-06-11,2.807,2.833,2.841,2.801,693075.0,,1.4164305949008513,0.3186968838527033,0.009000000000000341,
512500,2024-06-12,2.833,2.84,2.85,2.827,421345.0,,0.811860218849281,0.2470878926932465,0.006999999999999673,
512500,2024-06-13,2.845,2.826,2.846,2.815,361866.0,,1.0915492957746529,-0.4929577464788659,-0.01399999999999979,
512500,2024-06-14,2.824,2.839,2.85,2.809,880933.0,,1.450813871196034,0.4600141542816667,0.0129999999999999,
512500,2024-06-17,2.834,2.831,2.841,2.823,497731.0,,0.6340260655160351,-0.2817893624515677,-0.008000000000000007,
512500,2024-06-18,2.835,2.843,2.854,2.831,639478.0,,0.8124337689862285,0.4238784881667259,0.01200000000000001,
512500,2024-06-19,2.847,2.814,2.852,2.812,791405.0,,1.406964474147029,-1.0200492437565922,-0.028999999999999915,
512500,2024-06-20,2.814,2.771,2.822,2.77,776344.0,,1.8479033404406555,-1.528073916133623,-0.04300000000000015,
512500,2024-06-21,2.771,2.777,2.792,2.762,657479.0,,1.0826416456152943,0.21652832912306846,0.006000000000000227,
512500,2024-06-24,2.769,2.721,2.77,2.715,630847.0,,1.9805545552754829,-2.0165646380986693,-0.05600000000000005,
512500,2024-06-25,2.725,2.7,2.73,2.678,983132.0,,1.9110621095185611,-0.771775082690184,-0.020999999999999908,
512500,2024-06-26,2.699,2.734,2.74,2.679,514870.0,,2.2592592592592733,1.259259259259252,0.03399999999999981,
512500,2024-06-27,2.731,2.689,2.731,2.682,711545.0,,1.792245793708849,-1.6459400146305754,-0.04499999999999993,
512500,2024-06-28,2.681,2.693,2.731,2.681,737236.0,,1.8594272963927043,0.14875418371141702,0.0040000000000000036,
512500,2024-07-01,2.697,2.724,2.738,2.685,683565.0,,1.9680653546230946,1.1511325659116278,0.03100000000000014,
512500,2024-07-02,2.724,2.699,2.727,2.689,525967.0,,1.395007342143899,-0.9177679882525828,-0.025000000000000355,
512500,2024-07-03,2.698,2.675,2.703,2.673,749260.0,,1.1115227862171102,-0.8892182289736948,-0.02400000000000002,
512500,2024-07-04,2.685,2.636,2.689,2.632,692413.0,,2.130841121495325,-1.4579439252336337,-0.0389999999999997,
512500,2024-07-05,2.635,2.659,2.665,2.618,1039353.0,,1.7830045523520541,0.8725341426403523,0.022999999999999687,
512500,2024-07-08,2.657,2.615,2.657,2.603,426364.0,,2.0308386611508022,-1.6547574276043475,-0.043999999999999595,
512500,2024-07-09,2.605,2.662,2.673,2.594,887880.0,,3.021032504780121,1.797323135755247,0.04699999999999971,
512500,2024-07-10,2.66,2.645,2.673,2.643,592841.0,,1.126972201352376,-0.6386175807663376,-0.016999999999999904,
512500,2024-07-11,2.669,2.697,2.702,2.66,825349.0,,1.5879017013232446,1.965973534971646,0.052000000000000046,
512500,2024-07-12,2.697,2.685,2.698,2.679,450405.0,,0.704486466444202,-0.44493882091212494,-0.01200000000000001,
512500,2024-07-15,2.68,2.666,2.68,2.659,688421.0,,0.782122905027946,-0.7076350093109917,-0.019000000000000128,
512500,2024-07-16,2.666,2.675,2.683,2.65,571840.0,,1.2378094523630878,0.3375843960990209,0.008999999999999897,
512500,2024-07-17,2.669,2.655,2.677,2.652,456494.0,,0.9345794392523332,-0.7476635514018699,-0.020000000000000018,
512500,2024-07-18,2.646,2.67,2.671,2.621,699146.0,,1.8832391713747578,0.564971751412434,0.015000000000000124,
512500,2024-07-19,2.656,2.67,2.682,2.648,647862.0,,1.2734082397003674,0.0,0.0,
512500,2024-07-22,2.668,2.657,2.677,2.645,351319.0,,1.1985018726591772,-0.4868913857677865,-0.0129999999999999,
512500,2024-07-23,2.656,2.582,2.668,2.581,437422.0,,3.2743695897628973,-2.822732404968016,-0.07500000000000018,
512500,2024-07-24,2.584,2.552,2.592,2.548,463861.0,,1.7041053446940375,-1.161890007745926,-0.029999999999999805,
512500,2024-07-25,2.547,2.55,2.58,2.536,464577.0,,1.7241379310344842,-0.07836990595612162,-0.002000000000000224,
512500,2024-07-26,2.551,2.589,2.599,2.551,489605.0,,1.8823529411764726,1.5294117647058882,0.039000000000000146,
512500,2024-07-29,2.59,2.574,2.595,2.573,403788.0,,0.849748937813837,-0.57937427578216,-0.015000000000000124,
512500,2024-07-30,2.571,2.571,2.581,2.544,567048.0,,1.4374514374514344,-0.11655011655010371,-0.0029999999999996696,
512500,2024-07-31,2.575,2.68,2.681,2.564,1600743.0,,4.55075845974329,4.239595488136911,0.10899999999999999,
512500,2024-08-01,2.677,2.657,2.699,2.645,717922.0,,2.014925373134322,-0.8582089552238855,-0.02300000000000013,
512500,2024-08-02,2.64,2.622,2.67,2.617,587159.0,,1.994730899510724,-1.3172751223184096,-0.03500000000000014,
512500,2024-08-05,2.613,2.574,2.656,2.569,825928.0,,3.3180778032036686,-1.8306636155606424,-0.04800000000000004,
512500,2024-08-06,2.6,2.597,2.617,2.569,517195.0,,1.8648018648018665,0.8935508935508988,0.02300000000000013,
512500,2024-08-07,2.597,2.599,2.62,2.58,568625.0,,1.540238737004237,0.0770119368502204,0.002000000000000224,
512500,2024-08-08,2.59,2.605,2.625,2.573,530127.0,,2.0007695267410557,0.23085802231626712,0.005999999999999783,
512500,2024-08-09,2.61,2.583,2.632,2.582,502794.0,,1.9193857965451158,-0.8445297504798386,-0.021999999999999797,
512500,2024-08-12,2.584,2.582,2.596,2.57,757540.0,,1.0065814943863818,-0.03871467286102725,-0.001000000000000334,
512500,2024-08-13,2.584,2.588,2.59,2.561,966369.0,,1.1231603408210658,0.2323780015491955,0.006000000000000227,
512500,2024-08-14,2.59,2.552,2.59,2.552,1042765.0,,1.4683153013910282,-1.3910355486862453,-0.03600000000000003,
512500,2024-08-15,2.551,2.57,2.6,2.545,846062.0,,2.15517241379311,0.7053291536050076,0.017999999999999794,
512500,2024-08-16,2.571,2.556,2.578,2.554,581024.0,,0.9338521400778219,-0.5447470817120542,-0.01399999999999979,
512500,2024-08-19,2.557,2.563,2.592,2.555,845324.0,,1.4475743348982755,0.2738654147104897,0.007000000000000117,
512500,2024-08-20,2.563,2.519,2.567,2.512,920977.0,,2.145922746781122,-1.716738197424894,-0.04400000000000004,
512500,2024-08-21,2.513,2.513,2.526,2.51,333892.0,,0.6351726875744348,-0.23818975784042187,-0.006000000000000227,
512500,2024-08-22,2.514,2.487,2.519,2.479,855236.0,,1.5917230401910083,-1.0346199761241466,-0.0259999999999998,
512500,2024-08-23,2.482,2.485,2.495,2.474,727720.0,,0.8443908323281023,-0.08041817450744768,-0.002000000000000224,
512500,2024-08-26,2.485,2.486,2.498,2.477,734590.0,,0.8450704225352255,0.04024144869216636,0.001000000000000334,
512500,2024-08-27,2.48,2.459,2.481,2.456,806742.0,,1.0056315366049844,-1.0860820595333922,-0.027000000000000135,
512500,2024-08-28,2.452,2.462,2.481,2.452,219348.0,,1.1793411956079671,0.1220008133387602,0.0030000000000001137,
512500,2024-08-29,2.451,2.497,2.509,2.45,541490.0,,2.3964256701868285,1.4216084484159097,0.0349999999999997,
512500,2024-08-30,2.496,2.54,2.579,2.493,993801.0,,3.444132959551474,1.722066479775737,0.04300000000000015,
512500,2024-09-02,2.541,2.49,2.541,2.486,720224.0,,2.1653543307086505,-1.968503937007867,-0.04999999999999982,
512500,2024-09-03,2.487,2.515,2.527,2.487,599633.0,,1.6064257028112463,1.0040160642570244,0.02499999999999991,
512500,2024-09-04,2.509,2.509,2.533,2.49,465488.0,,1.7097415506958134,-0.23856858846919393,-0.006000000000000227,
512500,2024-09-05,2.507,2.519,2.538,2.507,456353.0,,1.2355520127540731,0.39856516540455283,0.010000000000000231,
512500,2024-09-06,2.525,2.488,2.528,2.481,1218921.0,,1.8658197697499066,-1.230647082175472,-0.03100000000000014,
512500,2024-09-09,2.482,2.468,2.49,2.458,420432.0,,1.2861736334405156,-0.8038585209003222,-0.020000000000000018,
512500,2024-09-10,2.468,2.468,2.481,2.425,723057.0,,2.269043760129662,0.0,0.0,
512500,2024-09-11,2.464,2.474,2.481,2.452,410382.0,,1.1750405186385702,0.24311183144247275,0.006000000000000227,
512500,2024-09-12,2.477,2.465,2.503,2.461,503740.0,,1.6976556184317,-0.3637833468068044,-0.009000000000000341,
512500,2024-09-13,2.464,2.438,2.471,2.437,526801.0,,1.3793103448275965,-1.0953346855983648,-0.02699999999999969,
512500,2024-09-18,2.438,2.445,2.453,2.404,702489.0,,2.009844134536502,0.2871205906480588,0.006999999999999673,
512500,2024-09-19,2.45,2.481,2.503,2.427,742588.0,,3.1083844580777127,1.4723926380368113,0.03600000000000003,
512500,2024-09-20,2.475,2.463,2.475,2.451,1252998.0,,0.9673518742442574,-0.7255139056831841,-0.017999999999999794,
512500,2024-09-23,2.462,2.462,2.493,2.451,1363197.0,,1.7052375152253274,-0.04060089321964636,-0.0009999999999998899,
512500,2024-09-24,2.49,2.578,2.579,2.468,2588592.0,,4.5085296506905035,4.711616571892756,0.11599999999999966,
512500,2024-09-25,2.599,2.594,2.658,2.588,1253674.0,,2.7152831652443696,0.6206361520558579,0.016000000000000014,
512500,2024-09-26,2.582,2.724,2.724,2.582,1436870.0,,5.474171164225148,5.011565150346968,0.13000000000000034,
512500,2024-09-27,2.757,2.89,2.928,2.752,1020358.0,,6.461086637298097,6.093979441997059,0.16599999999999993,
512500,2024-09-30,3.041,3.179,3.179,2.966,1573814.0,,7.370242214532858,9.99999999999999,0.2889999999999997,
512500,2024-10-08,3.497,3.368,3.497,3.18,1687292.0,,9.971689210443529,5.945265806857504,0.18900000000000006,
512500,2024-10-09,3.33,3.154,3.7,3.068,1960544.0,,18.764845605700717,-6.353919239904987,-0.21399999999999997,
512500,2024-10-10,3.16,3.124,3.22,3.076,1305937.0,,4.565630944831963,-0.9511731135066521,-0.029999999999999805,
512500,2024-10-11,3.121,2.997,3.121,2.958,1049051.0,,5.217669654289367,-4.065300896286819,-0.12700000000000022,
512500,2024-10-14,3.01,3.066,3.081,2.961,1080412.0,,4.004004004004007,2.3023023023023006,0.06899999999999995,
512500,2024-10-15,3.063,2.997,3.101,2.993,833473.0,,3.5225048923679094,-2.2504892367906053,-0.06899999999999995,
512500,2024-10-16,2.97,2.99,3.041,2.961,687125.0,,2.6693360026693385,-0.233566900233556,-0.006999999999999673,
512500,2024-10-17,3.002,2.966,3.038,2.964,1468835.0,,2.4749163879598606,-0.8026755852842815,-0.02400000000000002,
512500,2024-10-18,2.96,3.087,3.193,2.96,1476384.0,,7.855697909642618,4.079568442346594,0.121,
512500,2024-10-21,3.096,3.12,3.178,3.082,1176245.0,,3.1098153547133167,1.0689990281826989,0.03299999999999992,
512500,2024-10-22,3.122,3.15,3.163,3.104,850130.0,,1.8910256410256319,0.9615384615384551,0.029999999999999805,
512500,2024-10-23,3.142,3.163,3.209,3.138,958160.0,,2.2539682539682597,0.4126984126984095,0.0129999999999999,
512500,2024-10-24,3.15,3.135,3.154,3.117,625247.0,,1.1697755295605414,-0.8852355358836556,-0.028000000000000025,
512500,2024-10-25,3.146,3.184,3.206,3.136,707485.0,,2.232854864433807,1.5629984051036803,0.04900000000000038,
512500,2024-10-28,3.184,3.22,3.227,3.169,642422.0,,1.8216080402009998,1.1306532663316593,0.03600000000000003,
512500,2024-10-29,3.221,3.189,3.245,3.181,1640357.0,,1.9875776397515545,-0.9627329192546626,-0.03100000000000014,
512500,2024-10-30,3.188,3.204,3.224,3.168,3386866.0,,1.7560363750391987,0.4703668861712174,0.015000000000000124,
512500,2024-10-31,3.202,3.233,3.257,3.183,1517732.0,,2.309612983770296,0.9051186017478126,0.028999999999999915,
512500,2024-11-01,3.22,3.203,3.248,3.179,1121900.0,,2.134240643365308,-0.9279307145066579,-0.03000000000000025,
512500,2024-11-04,3.203,3.251,3.252,3.2,826876.0,,1.6234779893849391,1.4985950671245722,0.04800000000000004,
512500,2024-11-05,3.25,3.363,3.368,3.235,3660882.0,,4.0910489080282995,3.445093817286992,0.1120000000000001,
512500,2024-11-06,3.363,3.351,3.399,3.333,1566500.0,,1.96253345227475,-0.3568242640499557,-0.01200000000000001,
512500,2024-11-07,3.319,3.419,3.42,3.313,852888.0,,3.193076693524314,2.0292450014920935,0.06800000000000006,
512500,2024-11-08,3.445,3.408,3.468,3.399,1154306.0,,2.018133957297454,-0.32173150043872834,-0.01100000000000012,
512500,2024-11-11,3.38,3.467,3.474,3.376,1212119.0,,2.8755868544601033,1.7312206572770001,0.05900000000000016,
512500,2024-11-12,3.47,3.426,3.493,3.401,2793403.0,,2.6535910008653034,-1.1825785982117083,-0.040999999999999925,
512500,2024-11-13,3.401,3.424,3.446,3.377,1080763.0,,2.014010507880922,-0.05837711617046771,-0.002000000000000224,
512500,2024-11-14,3.422,3.337,3.422,3.323,2449548.0,,2.891355140186922,-2.5408878504672825,-0.08699999999999974,
512500,2024-11-15,3.323,3.245,3.339,3.244,1755862.0,,2.8468684447108106,-2.7569673359304785,-0.09200000000000008,
512500,2024-11-18,3.247,3.197,3.271,3.175,1384150.0,,2.9583975346687237,-1.4791987673343618,-0.04800000000000004,
512500,2024-11-19,3.204,3.245,3.25,3.165,1441244.0,,2.6587425711604618,1.501407569596498,0.04800000000000004,
512500,2024-11-20,3.249,3.282,3.294,3.231,972935.0,,1.9414483821263533,1.1402157164869005,0.03699999999999992,
512500,2024-11-21,3.283,3.274,3.291,3.255,729502.0,,1.096892138939672,-0.24375380865326043,-0.008000000000000007,
512500,2024-11-22,3.27,3.153,3.273,3.149,739827.0,,3.787416004886992,-3.69578497251069,-0.121,
512500,2024-11-25,3.151,3.139,3.162,3.1,1489602.0,,1.966381224230886,-0.4440215667618216,-0.014000000000000234,
512500,2024-11-26,3.133,3.118,3.159,3.115,663277.0,,1.4017202930869574,-0.669002867155142,-0.020999999999999908,
512500,2024-11-27,3.106,3.174,3.18,3.073,1173764.0,,3.431686978832592,1.796023091725467,0.05600000000000005,
512500,2024-11-28,3.176,3.157,3.188,3.147,792653.0,,1.2917454316320216,-0.5356017643352207,-0.016999999999999904,
512500,2024-11-29,3.155,3.205,3.235,3.143,1178019.0,,2.9141590117199896,1.520430788723473,0.04800000000000004,
512500,2024-12-02,3.206,3.251,3.267,3.203,770878.0,,1.9968798751950096,1.4352574102964062,0.04599999999999982,
512500,2024-12-03,3.254,3.247,3.265,3.222,837567.0,,1.322669947708402,-0.12303906490310686,-0.0040000000000000036,
512500,2024-12-04,3.245,3.221,3.254,3.204,782202.0,,1.5398829688943585,-0.8007391438250633,-0.0259999999999998,
512500,2024-12-05,3.2,3.231,3.247,3.2,492288.0,,1.4591741695125646,0.31046258925798775,0.009999999999999787,
512500,2024-12-06,3.23,3.273,3.294,3.216,1186114.0,,2.4141132776230223,1.2999071494893302,0.04200000000000026,
512500,2024-12-09,3.275,3.257,3.285,3.235,943863.0,,1.5276504735716547,-0.4888481515429274,-0.016000000000000014,
512500,2024-12-10,3.457,3.28,3.457,3.273,1588922.0,,5.649370586429221,0.7061713233036441,0.022999999999999687,
512500,2024-12-11,3.278,3.307,3.311,3.271,1749848.0,,1.2195121951219523,0.8231707317073212,0.027000000000000135,
512500,2024-12-12,3.308,3.337,3.345,3.297,784011.0,,1.4514665860296354,0.9071666162685288,0.03000000000000025,
512500,2024-12-13,3.316,3.29,3.326,3.278,1687347.0,,1.4384177404854672,-1.4084507042253567,-0.04700000000000015,
512500,2024-12-16,3.279,3.238,3.285,3.227,605482.0,,1.7629179331307074,-1.5805471124620076,-0.052000000000000046,
512500,2024-12-17,3.227,3.205,3.248,3.199,795004.0,,1.5132798023471394,-1.0191476219888795,-0.03299999999999992,
512500,2024-12-18,3.21,3.227,3.247,3.206,825882.0,,1.2792511700467997,0.6864274570982776,0.021999999999999797,
512500,2024-12-19,3.198,3.237,3.245,3.19,851589.0,,1.7043693833281737,0.30988534242331056,0.010000000000000231,
512500,2024-12-20,3.231,3.242,3.266,3.226,578471.0,,1.235712079085574,0.15446400988569334,0.004999999999999893,
512500,2024-12-23,3.231,3.19,3.25,3.187,717979.0,,1.9432449105490488,-1.60394818013572,-0.052000000000000046,
512500,2024-12-24,3.186,3.229,3.231,3.186,868902.0,,1.4106583072100292,1.222570532915365,0.039000000000000146,
512500,2024-12-25,3.234,3.202,3.234,3.173,739730.0,,1.8891297615360774,-0.8361721895323672,-0.027000000000000135,
512500,2024-12-26,3.2,3.224,3.231,3.197,665444.0,,1.061836352279819,0.6870705808869533,0.02200000000000024,
512500,2024-12-27,3.229,3.233,3.278,3.219,659624.0,,1.8300248138957869,0.2791563275434211,0.008999999999999897,
512500,2024-12-30,3.231,3.231,3.248,3.214,521678.0,,1.0516548097742113,-0.0618620476337836,-0.002000000000000224,
512500,2024-12-31,3.231,3.139,3.237,3.135,950478.0,,3.156917363045506,-2.8474156607861367,-0.09200000000000008,
512500,2025-01-02,3.128,3.045,3.136,3.013,816271.0,,3.918445364765856,-2.9945842625039782,-0.09399999999999986,
512500,2025-01-03,3.044,2.979,3.057,2.973,1192990.0,,2.758620689655175,-2.1674876847290587,-0.06599999999999984,
512500,2025-01-06,2.978,2.974,3.006,2.953,924525.0,,1.7791205102383327,-0.16784155756965066,-0.004999999999999893,
512500,2025-01-07,2.979,3.005,3.007,2.963,619176.0,,1.4794889038332224,1.042367182246123,0.030999999999999694,
512500,2025-01-08,2.995,2.993,3.018,2.919,808718.0,,3.2945091514143017,-0.39933444259567424,-0.01200000000000001,
512500,2025-01-09,2.981,2.99,3.011,2.981,669342.0,,1.0023387905112011,-0.10023387905110824,-0.0029999999999996696,
512500,2025-01-10,2.985,2.948,3.015,2.947,772787.0,,2.274247491638798,-1.4046822742475003,-0.04200000000000026,
512500,2025-01-13,2.922,2.951,2.974,2.921,572086.0,,1.7978290366350198,0.10176390773406084,0.0030000000000001137,
512500,2025-01-14,2.956,3.052,3.061,2.946,1641275.0,,3.8969840731955188,3.422568620806506,0.10099999999999998,
512500,2025-01-15,3.051,3.029,3.051,3.021,769832.0,,0.9829619921363122,-0.7536041939711707,-0.02300000000000013,
512500,2025-01-16,3.033,3.038,3.089,3.017,697340.0,,2.377022119511392,0.29712776493892035,0.008999999999999897,
512500,2025-01-17,3.041,3.062,3.082,3.024,622492.0,,1.9091507570770188,0.7899934167215281,0.02400000000000002,
512500,2025-01-20,3.073,3.077,3.107,3.067,637037.0,,1.3063357282821697,0.4898758981058173,0.015000000000000124,
512500,2025-01-21,3.086,3.087,3.096,3.053,579124.0,,1.3974650633734205,0.3249918752031274,0.010000000000000231,
512500,2025-01-22,3.082,3.076,3.083,3.049,730219.0,,1.1013929381276402,-0.3563330093942378,-0.01100000000000012,
512500,2025-01-23,3.096,3.06,3.136,3.058,912274.0,,2.5357607282184746,-0.5201560468140447,-0.016000000000000014,
512500,2025-01-24,3.058,3.102,3.105,3.057,961311.0,,1.5686274509803935,1.3725490196078372,0.041999999999999815,
512500,2025-01-27,3.115,3.059,3.115,3.057,732653.0,,1.8697614442295383,-1.3862024500322279,-0.042999999999999705,
512500,2025-02-05,3.094,3.075,3.094,3.062,533417.0,,1.0460934946060814,0.5230467473030407,0.016000000000000014,
512500,2025-02-06,3.075,3.146,3.153,3.067,668679.0,,2.7967479674796696,2.3089430894308856,0.07099999999999973,
512500,2025-02-07,3.146,3.2,3.231,3.144,1872045.0,,2.7654164017800302,1.716465352828998,0.05400000000000027,
512500,2025-02-10,3.201,3.227,3.238,3.2,685059.0,,1.1874999999999942,0.8437499999999903,0.02699999999999969,
512500,2025-02-11,3.226,3.212,3.227,3.194,462785.0,,1.0226216299968987,-0.4648280136349452,-0.01499999999999968,
512500,2025-02-12,3.211,3.254,3.261,3.203,440383.0,,1.8057285180572935,1.3075965130759593,0.041999999999999815,
512500,2025-02-13,3.254,3.241,3.265,3.229,485726.0,,1.1063306699446844,-0.3995082974800215,-0.0129999999999999,
512500,2025-02-14,3.228,3.263,3.269,3.228,354601.0,,1.2650416538105498,0.6788028386300462,0.021999999999999797,
512500,2025-02-17,3.276,3.259,3.284,3.235,583977.0,,1.5016855654305832,-0.1225865767698438,-0.0040000000000000036,
512500,2025-02-18,3.254,3.206,3.26,3.188,685136.0,,2.2092666462104824,-1.6262657256827229,-0.052999999999999936,
512500,2025-02-19,3.204,3.254,3.261,3.196,371568.0,,2.0274485339987507,1.4971927635683109,0.04800000000000004,
512500,2025-02-20,3.254,3.264,3.278,3.243,608724.0,,1.0755992624462245,0.3073140749846277,0.009999999999999787,
512500,2025-02-21,3.263,3.317,3.326,3.257,515935.0,,2.113970588235293,1.6237745098039331,0.05300000000000038,
512500,2025-02-24,3.317,3.313,3.328,3.29,816568.0,,1.1456135061802775,-0.12059089538739837,-0.0040000000000000036,
512500,2025-02-25,3.267,3.279,3.308,3.261,426955.0,,1.4186537881074466,-1.026260187141571,-0.03400000000000025,
512500,2025-02-26,3.28,3.313,3.322,3.271,1464532.0,,1.5553522415370586,1.0369014943580437,0.03400000000000025,
512500,2025-02-27,3.312,3.305,3.321,3.256,756151.0,,1.9619680048294712,-0.24147298520977986,-0.008000000000000007,
512500,2025-02-28,3.281,3.221,3.292,3.206,931064.0,,2.6021180030257143,-2.541603630862332,-0.08400000000000007,
512500,2025-03-03,3.222,3.224,3.271,3.209,628502.0,,1.9248680533995601,0.09313877677740184,0.0030000000000001137,
512500,2025-03-04,3.208,3.252,3.258,3.204,431922.0,,1.6749379652605405,0.868486352357307,0.02799999999999958,
512500,2025-03-05,3.252,3.259,3.266,3.225,984320.0,,1.260762607626074,0.21525215252152885,0.007000000000000117,
512500,2025-03-06,3.268,3.314,3.325,3.268,495346.0,,1.7490027615833195,1.687634243633021,0.05500000000000016,
512500,2025-03-07,3.305,3.296,3.323,3.285,979519.0,,1.146650573325281,-0.543150271575143,-0.018000000000000238,
512500,2025-03-10,3.295,3.294,3.307,3.271,1053512.0,,1.092233009708739,-0.060679611650478756,-0.0019999999999997797,
512500,2025-03-11,3.252,3.311,3.312,3.252,810723.0,,1.8214936247723148,0.5160898603521525,0.016999999999999904,
512500,2025-03-12,3.317,3.312,3.345,3.307,600630.0,,1.147689519782551,0.03020235578374781,0.0009999999999998899,
512500,2025-03-13,3.308,3.284,3.316,3.26,480267.0,,1.6908212560386489,-0.8454106280193244,-0.028000000000000025,
512500,2025-03-14,3.283,3.341,3.345,3.276,794441.0,,2.1010962241169424,1.735688185140085,0.057000000000000384,
512500,2025-03-17,3.355,3.344,3.357,3.339,662831.0,,0.5387608500449038,0.0897934750074729,0.0029999999999996696,
512500,2025-03-18,3.357,3.36,3.379,3.35,751414.0,,0.8672248803827726,0.4784688995215315,0.016000000000000014,
512500,2025-03-19,3.352,3.347,3.358,3.328,833090.0,,0.8928571428571502,-0.386904761904759,-0.0129999999999999,
512500,2025-03-20,3.344,3.323,3.347,3.32,676302.0,,0.806692560501946,-0.7170600537795047,-0.02400000000000002,
512500,2025-03-21,3.311,3.274,3.327,3.261,635118.0,,1.9861570869696008,-1.4745711706289477,-0.04899999999999993,
512500,2025-03-24,3.272,3.268,3.28,3.223,671999.0,,1.7409896151496622,-0.18326206475260315,-0.006000000000000227,
512500,2025-03-25,3.27,3.259,3.282,3.247,523726.0,,1.0709914320685479,-0.27539779681762233,-0.008999999999999897,
512500,2025-03-26,3.253,3.258,3.282,3.253,1737626.0,,0.8898435102792241,-0.030684258975142372,-0.0009999999999998899,
512500,2025-03-27,3.25,3.265,3.29,3.227,674683.0,,1.9337016574585686,0.21485573971762179,0.007000000000000117,
512500,2025-03-28,3.266,3.242,3.274,3.234,615301.0,,1.225114854517612,-0.7044410413476304,-0.02300000000000013,
512500,2025-03-31,3.228,3.211,3.239,3.178,493912.0,,1.8815545959284374,-0.9561998766193751,-0.03100000000000014,
512500,2025-04-01,3.207,3.229,3.251,3.207,408019.0,,1.3702896293989424,0.5605730302086651,0.018000000000000238,
512500,2025-04-02,3.227,3.233,3.256,3.225,431759.0,,0.9600495509445554,0.12387736141220203,0.0040000000000000036,
512500,2025-04-03,3.205,3.205,3.24,3.19,633463.0,,1.5465511908444252,-0.8660686668728742,-0.028000000000000025,
512500,2025-04-07,3.04,2.888,3.09,2.885,1063728.0,,6.396255850234011,-9.890795631825277,-0.31700000000000017,
512500,2025-04-08,2.895,2.918,2.941,2.869,844768.0,,2.493074792243754,1.0387811634349118,0.03000000000000025,
512500,2025-04-09,2.879,2.975,2.995,2.82,707279.0,,5.997258396161763,1.9533927347498266,0.05699999999999994,
512500,2025-04-10,3.018,3.036,3.079,3.018,683616.0,,2.05042016806724,2.050420168067225,0.06099999999999994,
512500,2025-04-11,3.029,3.055,3.088,3.026,419158.0,,2.042160737812921,0.6258234519104127,0.019000000000000128,
512500,2025-04-14,3.077,3.082,3.102,3.071,411650.0,,1.0147299509001535,0.8837970540098099,0.02699999999999969,
512500,2025-04-15,3.082,3.069,3.084,3.051,429769.0,,1.0707332900713797,-0.4218040233614504,-0.0129999999999999,
512500,2025-04-16,3.052,3.041,3.062,3.014,395292.0,,1.5640273704789847,-0.9123492994460745,-0.028000000000000025,
512500,2025-04-17,3.023,3.044,3.073,3.023,255115.0,,1.644195988161783,0.09865175928971107,0.0030000000000001137,
512500,2025-04-18,3.044,3.043,3.058,3.029,311396.0,,0.9526938239158973,-0.03285151116951018,-0.0009999999999998899,
512500,2025-04-21,3.045,3.09,3.095,3.031,399107.0,,2.103187643772595,1.544528425895488,0.04699999999999971,
512500,2025-04-22,3.089,3.082,3.097,3.077,226350.0,,0.647249190938512,-0.25889967637540473,-0.008000000000000007,
512500,2025-04-23,3.095,3.087,3.115,3.077,399230.0,,1.2329656067488728,0.1622323166774931,0.0050000000000003375,
512500,2025-04-24,3.087,3.075,3.097,3.059,159489.0,,1.2309685779073474,-0.3887269193391646,-0.01200000000000001,
512500,2025-04-25,3.077,3.083,3.107,3.067,186744.0,,1.3008130081300824,0.26016260162601645,0.008000000000000007,
512500,2025-04-28,3.091,3.071,3.091,3.061,331500.0,,0.9730781706130472,-0.38923126824521603,-0.01200000000000001,
512500,2025-04-29,3.069,3.073,3.085,3.054,503902.0,,1.0094431781178814,0.06512536633017843,0.0019999999999997797,
512500,2025-04-30,3.079,3.085,3.095,3.07,388633.0,,0.8135372600065199,0.3904978848031243,0.01200000000000001,
512500,2025-05-06,3.097,3.145,3.146,3.097,350720.0,,1.5883306320907595,1.94489465153971,0.06000000000000005,
512500,2025-05-07,3.173,3.149,3.196,3.131,350234.0,,2.0667726550079615,0.12718600953895082,0.0040000000000000036,
512500,2025-05-08,3.14,3.166,3.174,3.14,261060.0,,1.0797078437599177,0.5398539218799588,0.016999999999999904,
512500,2025-05-09,3.161,3.141,3.163,3.125,432243.0,,1.2002526847757364,-0.7896399241945644,-0.02499999999999991,
512500,2025-05-12,3.158,3.178,3.18,3.147,673109.0,,1.0506208213944719,1.1779687997453014,0.03699999999999992,
512500,2025-05-13,3.195,3.169,3.202,3.163,394126.0,,1.2271869100062978,-0.28319697923221826,-0.008999999999999897,
512500,2025-05-14,3.169,3.181,3.204,3.152,448816.0,,1.6408961817608092,0.3786683496371098,0.01200000000000001,
512500,2025-05-15,3.18,3.138,3.18,3.134,546981.0,,1.4460861364350917,-1.3517761710154086,-0.04300000000000015,
512500,2025-05-16,3.128,3.131,3.146,3.128,641722.0,,0.573613766730395,-0.2230720203951599,-0.007000000000000117,
512500,2025-05-19,3.13,3.139,3.144,3.107,275145.0,,1.1817310763334374,0.2555094219099332,0.008000000000000007,
512500,2025-05-20,3.14,3.153,3.16,3.128,222180.0,,1.0194329404268887,0.4460019114367708,0.014000000000000234,
512500,2025-05-21,3.153,3.156,3.16,3.145,235877.0,,0.47573739295909057,0.09514747859182092,0.0030000000000001137,
512500,2025-05-22,3.146,3.131,3.164,3.13,277601.0,,1.077313054499374,-0.7921419518377805,-0.025000000000000355,
512500,2025-05-23,3.128,3.106,3.154,3.104,505001.0,,1.5969338869370753,-0.7984669434685376,-0.02499999999999991,
512500,2025-05-26,3.112,3.113,3.13,3.097,242256.0,,1.062459755312296,0.22537025112685502,0.007000000000000117,
512500,2025-05-27,3.111,3.104,3.115,3.092,212381.0,,0.7388371345968562,-0.28911018310311265,-0.008999999999999897,
512500,2025-05-28,3.105,3.101,3.112,3.093,268066.0,,0.6121134020618597,-0.09664948453608613,-0.0030000000000001137,
512500,2025-05-29,3.101,3.143,3.149,3.1,454618.0,,1.580135440180585,1.3544018058690686,0.041999999999999815,
512500,2025-05-30,3.13,3.125,3.137,3.113,584534.0,,0.7636016544702521,-0.572701240852682,-0.017999999999999794,
512500,2025-06-03,3.109,3.128,3.143,3.109,355014.0,,1.0879999999999939,0.09600000000000364,0.0030000000000001137,
512500,2025-06-04,3.142,3.156,3.162,3.13,394913.0,,1.0230179028133002,0.8951406649616377,0.028000000000000025,
512500,2025-06-05,3.156,3.171,3.18,3.146,167247.0,,1.077313054499374,0.47528517110265145,0.01499999999999968,
512500,2025-06-06,3.184,3.175,3.184,3.167,233842.0,,0.5361084831283617,0.12614317250078852,0.0040000000000000036,
512500,2025-06-09,3.175,3.195,3.21,3.175,637972.0,,1.102362204724414,0.6299212598425202,0.020000000000000018,
512500,2025-06-10,3.199,3.169,3.199,3.151,393269.0,,1.5023474178403768,-0.8137715179968639,-0.0259999999999998,
512500,2025-06-11,3.177,3.19,3.208,3.171,496548.0,,1.1675607447144325,0.6626696118649387,0.020999999999999908,
512500,2025-06-12,3.178,3.195,3.2,3.173,351985.0,,0.8463949843260231,0.15673981191222236,0.004999999999999893,
512500,2025-06-13,3.193,3.169,3.193,3.157,610917.0,,1.1267605633802829,-0.8137715179968639,-0.0259999999999998,
512500,2025-06-16,3.164,3.183,3.19,3.161,1261037.0,,0.9151151782896785,0.4417797412432878,0.01399999999999979,
512500,2025-06-17,3.189,3.174,3.189,3.165,998251.0,,0.7540056550424135,-0.28275212064090155,-0.008999999999999897,
512500,2025-06-18,3.166,3.171,3.177,3.151,159291.0,,0.8191556395715264,-0.09451795841210188,-0.0030000000000001137,
512500,2025-06-19,3.168,3.138,3.174,3.126,329753.0,,1.5137180700094621,-1.0406811731315018,-0.03299999999999992,
512500,2025-06-20,3.131,3.12,3.143,3.116,309798.0,,0.8604206500955924,-0.573613766730395,-0.017999999999999794,
512500,2025-06-23,3.116,3.134,3.142,3.107,326685.0,,1.121794871794862,0.448717948717942,0.01399999999999979,
512500,2025-06-24,3.137,3.184,3.186,3.136,384751.0,,1.5954052329291584,1.5954052329291726,0.050000000000000266,
512500,2025-06-25,3.195,3.245,3.247,3.187,496072.0,,1.8844221105527654,1.9158291457286414,0.06099999999999994,
512500,2025-06-26,3.24,3.229,3.251,3.228,430426.0,,0.7087827426810381,-0.49306625577812063,-0.016000000000000014,
512500,2025-06-27,3.233,3.243,3.269,3.229,611949.0,,1.2387736141220203,0.4335707649427002,0.01399999999999979,
512500,2025-06-30,3.253,3.272,3.274,3.246,748289.0,,0.8633980881899483,0.8942337341967288,0.028999999999999915,
512500,2025-07-01,3.27,3.282,3.285,3.257,271019.0,,0.8557457212713945,0.30562347188264766,0.010000000000000231,
512500,2025-07-02,3.279,3.265,3.279,3.251,387109.0,,0.8531383302864114,-0.5179768433881751,-0.016999999999999904,
512500,2025-07-03,3.262,3.275,3.281,3.255,1220903.0,,0.7963246554364546,0.30627871362939624,0.009999999999999787,
512500,2025-07-04,3.275,3.272,3.304,3.26,1175922.0,,1.3435114503816805,-0.09160305343511799,-0.0030000000000001137,
512500,2025-07-07,3.261,3.263,3.272,3.259,222800.0,,0.39731051344742974,-0.27506112469437344,-0.008999999999999897,
512500,2025-07-08,3.26,3.31,3.313,3.26,188405.0,,1.624272142200441,1.4403922770456683,0.04700000000000015,
512500,2025-07-09,3.31,3.297,3.316,3.293,160258.0,,0.6948640483383591,-0.39274924471298794,-0.0129999999999999,
512500,2025-07-10,3.298,3.311,3.326,3.291,172019.0,,1.061571125265397,0.4246284501061508,0.01399999999999979,
512500,2025-07-11,3.311,3.341,3.362,3.301,640068.0,,1.8423437028088174,0.9060706735125416,0.03000000000000025,
512500,2025-07-14,3.34,3.335,3.347,3.331,428821.0,,0.47889853337324195,-0.17958695001497238,-0.006000000000000227,
512500,2025-07-15,3.335,3.335,3.354,3.308,453424.0,,1.379310344827594,0.0,0.0,
512500,2025-07-16,3.334,3.333,3.361,3.321,446927.0,,1.199400299850076,-0.05997001499249714,-0.0019999999999997797,
512500,2025-07-17,3.327,3.372,3.374,3.327,301566.0,,1.4101410141014146,1.170117011701161,0.0389999999999997,
512500,2025-07-18,3.373,3.384,3.392,3.368,400544.0,,0.7117437722419936,0.3558718861209968,0.01200000000000001,
512500,2025-07-21,3.408,3.414,3.416,3.39,374602.0,,0.7683215130023582,0.8865248226950428,0.03000000000000025,
512500,2025-07-22,3.416,3.453,3.459,3.411,441462.0,,1.4059753954305811,1.1423550087873375,0.0389999999999997,
512500,2025-07-23,3.453,3.44,3.475,3.43,422040.0,,1.3032145960034733,-0.37648421662322334,-0.0129999999999999,
512500,2025-07-24,3.433,3.486,3.495,3.433,502930.0,,1.802325581395357,1.337209302325589,0.04600000000000026,
512500,2025-07-25,3.492,3.492,3.5,3.478,917338.0,,0.6310958118186976,0.17211703958691288,0.005999999999999783,
512500,2025-07-28,3.487,3.504,3.513,3.478,317608.0,,1.0022909507445503,0.3436426116838491,0.01200000000000001,
512500,2025-07-29,3.495,3.529,3.531,3.476,272229.0,,1.5696347031963516,0.7134703196347006,0.02499999999999991,
512500,2025-07-30,3.521,3.503,3.537,3.481,539261.0,,1.5868517993765954,-0.7367526211391273,-0.0259999999999998,
512500,2025-07-31,3.487,3.454,3.504,3.441,520602.0,,1.7984584641735701,-1.398801027690549,-0.04899999999999993,
512500,2025-08-01,3.448,3.446,3.471,3.428,232972.0,,1.2449334105385104,-0.23161551823972226,-0.008000000000000007,
512500,2025-08-04,3.44,3.476,3.478,3.431,225731.0,,1.3639001741149201,0.8705745792222811,0.029999999999999805,
512500,2025-08-05,3.476,3.498,3.499,3.476,501783.0,,0.6616800920598427,0.6329113924050702,0.02200000000000024,
512500,2025-08-06,3.498,3.527,3.53,3.489,703228.0,,1.1720983419096604,0.8290451686678076,0.028999999999999915,
512500,2025-08-07,3.527,3.514,3.535,3.492,534189.0,,1.2191664303941068,-0.36858519988659894,-0.013000000000000345,
512500,2025-08-08,3.508,3.51,3.526,3.497,279605.0,,0.8252703471826954,-0.11383039271485498,-0.0040000000000000036,
512500,2025-08-11,3.517,3.545,3.557,3.516,427344.0,,1.168091168091166,0.9971509971510013,0.03500000000000014,
512500,2025-08-12,3.545,3.562,3.563,3.531,352169.0,,0.9026798307475326,0.47954866008462355,0.016999999999999904,
512500,2025-08-13,3.569,3.613,3.619,3.565,338344.0,,1.516002245929261,1.431779898933188,0.051000000000000156,
512500,2025-08-14,3.624,3.574,3.624,3.562,514740.0,,1.7160254636036611,-1.0794353722668184,-0.039000000000000146,
512500,2025-08-15,3.558,3.653,3.654,3.558,406329.0,,2.6860660324566337,2.2104085058757748,0.07900000000000018,
512500,2025-08-18,3.67,3.7,3.727,3.652,505560.0,,2.0531070353134337,1.2866137421297605,0.04700000000000015,
512500,2025-08-19,3.699,3.693,3.722,3.683,437391.0,,1.054054054054058,-0.18918918918919236,-0.007000000000000117,
512500,2025-08-20,3.683,3.742,3.743,3.657,594926.0,,2.328730029786078,1.3268345518548588,0.04899999999999993,
512500,2025-08-21,3.742,3.726,3.757,3.708,400289.0,,1.309460181721003,-0.42757883484767545,-0.016000000000000014,
512500,2025-08-22,3.714,3.793,3.795,3.714,704010.0,,2.17391304347826,1.7981749865807881,0.06700000000000017,
512500,2025-08-25,3.88,3.858,3.88,3.812,559106.0,,1.7927761666227275,1.7136831004481927,0.06499999999999995,
512500,2025-08-26,3.854,3.866,3.894,3.835,529094.0,,1.5292897874546438,0.2073613271124937,0.008000000000000007,
512500,2025-08-27,3.859,3.81,3.927,3.805,500994.0,,3.1557165028453156,-1.4485256078634259,-0.05600000000000005,
512500,2025-08-28,3.8,3.897,3.897,3.775,598461.0,,3.2020997375328055,2.283464566929127,0.08699999999999974,
512500,2025-08-29,3.897,3.926,3.937,3.876,884137.0,,1.5653066461380534,0.744162176032855,0.02900000000000036,
512500,2025-09-01,3.934,3.947,3.951,3.904,301883.0,,1.1971472236372938,0.5348955680081484,0.020999999999999908,
512500,2025-09-02,3.942,3.877,3.943,3.835,371632.0,,2.736255383835827,-1.7734988598935975,-0.07000000000000028,
512500,2025-09-03,3.877,3.813,3.886,3.795,268960.0,,2.3471756512767654,-1.6507608976012282,-0.06399999999999961,
512500,2025-09-04,3.813,3.724,3.836,3.67,464757.0,,4.353527406241802,-2.3341201153947013,-0.08899999999999997,
512500,2025-09-05,3.727,3.843,3.856,3.707,514087.0,,4.0010741138560695,3.1954887218045047,0.11899999999999977,
512500,2025-09-08,3.842,3.882,3.884,3.822,377232.0,,1.6133229247983303,1.0148321623731498,0.039000000000000146,
512500,2025-09-09,3.879,3.843,3.883,3.824,253579.0,,1.5198351365275673,-1.0046367851622913,-0.039000000000000146,
512500,2025-09-10,3.828,3.842,3.876,3.814,363925.0,,1.6133229247983303,-0.026021337496744464,-0.0009999999999998899,
512500,2025-09-11,3.842,3.96,3.964,3.821,497045.0,,3.7220197813638674,3.071317022384172,0.11799999999999988,
512500,2025-09-12,3.96,3.972,4.0,3.951,405219.0,,1.2373737373737357,0.3030303030303033,0.01200000000000001,
512500,2025-09-15,3.968,3.961,3.987,3.954,452536.0,,0.8308157099697865,-0.27693856998993255,-0.01100000000000012,
512500,2025-09-16,3.96,3.994,4.0,3.934,324395.0,,1.6662458975006271,0.8331229487503247,0.03300000000000036,
512500,2025-09-17,3.987,4.038,4.04,3.974,426385.0,,1.6524787180771117,1.1016524787180781,0.04400000000000004,
512500,2025-09-18,4.027,4.009,4.087,3.959,412427.0,,3.1698860822189117,-0.718177315502722,-0.028999999999999915,
512500,2025-09-19,4.011,3.985,4.02,3.968,271299.0,,1.2970815664754203,-0.5986530306809794,-0.024000000000000465,
512500,2025-09-22,4.015,4.015,4.019,3.965,222002.0,,1.3550815558343858,0.7528230865746501,0.029999999999999805,
512500,2025-09-23,4.012,3.992,4.024,3.914,493905.0,,2.7397260273972575,-0.5728518057285104,-0.022999999999999687,
512500,2025-09-24,3.968,4.074,4.078,3.963,318793.0,,2.8807615230460977,2.0541082164328617,0.08199999999999985,
512500,2025-09-25,4.074,4.086,4.104,4.067,267213.0,,0.9081983308787414,0.2945508100147387,0.012000000000000455,
512500,2025-09-26,4.068,4.026,4.089,4.025,382408.0,,1.5663240332843869,-1.4684287812041237,-0.0600000000000005,
512500,2025-09-29,4.023,4.094,4.106,4.012,391940.0,,2.3348236462990637,1.6890213611525213,0.0680000000000005,
512500,2025-09-30,4.097,4.124,4.135,4.095,518456.0,,0.97703957010259,0.7327796775769262,0.02999999999999936,
512500,2025-10-09,4.15,4.198,4.208,4.134,397057.0,,1.794374393792431,1.7943743937924523,0.07400000000000073,
512500,2025-10-10,4.198,4.113,4.198,4.104,543550.0,,2.2391615054788065,-2.024773701762743,-0.08499999999999996,
512500,2025-10-13,3.98,4.093,4.111,3.98,832435.0,,3.185023097495739,-0.4862630683199723,-0.020000000000000462,
512500,2025-10-14,4.13,4.002,4.142,3.983,547056.0,,3.8846811629611593,-2.223308086977772,-0.09100000000000019,
512500,2025-10-15,3.995,4.059,4.059,3.976,298292.0,,2.0739630184907596,1.4242878560719736,0.057000000000000384,
512500,2025-10-16,4.055,4.022,4.06,4.006,487073.0,,1.3303769401330223,-0.9115545700911535,-0.03699999999999992,
512500,2025-10-17,4.022,3.905,4.035,3.9,269396.0,,3.3565390353058238,-2.909000497265053,-0.11700000000000044,
512500,2025-10-20,3.935,3.926,3.965,3.91,311541.0,,1.408450704225345,0.5377720870678708,0.02100000000000035,
512500,2025-10-21,3.935,3.992,4.003,3.935,281176.0,,1.7320427916454422,1.681100356597041,0.06599999999999984,
512500,2025-10-22,3.955,3.964,3.993,3.948,192743.0,,1.1272545090180341,-0.701402805611223,-0.028000000000000025,
512500,2025-10-23,3.961,3.973,3.978,3.902,593608.0,,1.9172552976791137,0.2270433905146291,0.008999999999999897,
512500,2025-10-24,3.988,4.041,4.042,3.977,414281.0,,1.6360432922225006,1.711552982632784,0.0680000000000005,
512500,2025-10-27,4.068,4.101,4.107,4.061,366617.0,,1.138332096015844,1.4847809948032566,0.05999999999999961,
512500,2025-10-28,4.085,4.081,4.12,4.062,292643.0,,1.4142891977566405,-0.48768593026090157,-0.019999999999999574,
512500,2025-10-29,4.077,4.162,4.166,4.075,236024.0,,2.229845626072046,1.9848076451849919,0.08099999999999952,
512500,2025-10-30,4.162,4.113,4.162,4.102,357391.0,,1.4416146083613552,-1.1773185968284356,-0.04899999999999949,
512500,2025-10-31,4.117,4.079,4.136,4.076,478548.0,,1.4587892049598952,-0.8266472161439506,-0.034000000000000696,
512500,2025-11-03,4.069,4.086,4.086,4.011,540474.0,,1.8386859524393278,0.17161068889435063,0.007000000000000561,
512500,2025-11-04,4.075,4.016,4.075,3.986,384830.0,,2.178169358786098,-1.7131669114048038,-0.07000000000000028,
512500,2025-11-05,3.971,4.019,4.036,3.96,259616.0,,1.892430278884453,0.07470119521912634,0.0030000000000001137,
512500,2025-11-06,4.033,4.086,4.093,4.025,301971.0,,1.6919631749191244,1.6670813635232686,0.06700000000000017,
512500,2025-11-07,4.066,4.078,4.1,4.05,284148.0,,1.2236906510034218,-0.19579050416054836,-0.008000000000000007,
512500,2025-11-10,4.092,4.084,4.112,4.053,200552.0,,1.4467876410004945,0.14713094654240655,0.005999999999999339,
512500,2025-11-11,4.106,4.055,4.112,4.049,233638.0,,1.5426052889324127,-0.7100881488736512,-0.028999999999999915,
512500,2025-11-12,4.047,4.035,4.07,4.0,222182.0,,1.7262638717632623,-0.4932182490752053,-0.019999999999999574,
512500,2025-11-13,4.025,4.094,4.102,4.025,310439.0,,1.9083023543990076,1.4622057001239197,0.05900000000000016,
512500,2025-11-14,4.069,4.027,4.078,4.025,288382.0,,1.294577430385929,-1.636541279921841,-0.06700000000000017,
512500,2025-11-17,4.025,4.021,4.042,4.006,267402.0,,0.8939657313136227,-0.1489942885522778,-0.006000000000000227,
512500,2025-11-18,4.02,3.985,4.022,3.961,319292.0,,1.517035563292723,-0.8952996766973398,-0.03600000000000003,
512500,2025-11-19,3.992,3.967,4.0,3.946,260163.0,,1.3550815558343745,-0.4516938519447878,-0.017999999999999794,
512500,2025-11-20,3.999,3.936,4.002,3.93,220820.0,,1.8149735316359872,-0.7814469372321688,-0.03100000000000014,
512500,2025-11-21,3.872,3.804,3.919,3.802,771704.0,,2.972560975609756,-3.353658536585369,-0.13200000000000012,
512500,2025-11-24,3.799,3.826,3.848,3.787,498413.0,,1.603575184016823,0.5783385909568939,0.02200000000000024,
512500,2025-11-25,3.848,3.865,3.91,3.848,393929.0,,1.6204913748039802,1.0193413486670189,0.039000000000000146,
512500,2025-11-26,3.869,3.876,3.909,3.861,370727.0,,1.2419146183699765,0.284605433376447,0.010999999999999677,
512500,2025-11-27,3.876,3.87,3.923,3.861,263002.0,,1.5995872033023693,-0.15479876160990153,-0.005999999999999783,
512500,2025-11-28,3.868,3.909,3.916,3.863,773942.0,,1.369509043927647,1.0077519379844884,0.0389999999999997,
512500,2025-12-01,3.915,3.952,3.955,3.914,262693.0,,1.0488616014325896,1.1000255819902827,0.04300000000000015,
512500,2025-12-02,3.947,3.92,3.947,3.909,172571.0,,0.961538461538468,-0.8097165991902842,-0.03200000000000003,
512500,2025-12-03,3.918,3.901,3.933,3.887,189680.0,,1.1734693877550975,-0.4846938775510237,-0.019000000000000128,
512500,2025-12-04,3.912,3.907,3.923,3.876,181461.0,,1.2048192771084378,0.1538067162266144,0.006000000000000227,
512500,2025-12-05,3.91,3.958,3.96,3.879,278400.0,,2.0732019452265154,1.3053493729204033,0.051000000000000156,
512500,2025-12-08,3.962,3.993,4.006,3.962,266673.0,,1.1116725618999503,0.8842849924204067,0.0349999999999997,
512500,2025-12-09,3.978,3.96,3.997,3.955,227539.0,,1.0518407212622043,-0.8264462809917335,-0.03299999999999992,
512500,2025-12-10,3.96,3.98,3.991,3.933,269869.0,,1.4646464646464716,0.5050505050505055,0.020000000000000018,
512500,2025-12-11,3.987,3.945,3.994,3.942,503342.0,,1.3065326633165841,-0.8793969849246267,-0.03500000000000014,
512500,2025-12-12,3.96,3.996,4.006,3.939,665157.0,,1.6983523447401818,1.2927756653992435,0.051000000000000156,
512500,2025-12-15,3.985,3.973,4.009,3.966,1047505.0,,1.0760760760760797,-0.5755755755755788,-0.02300000000000013,
512500,2025-12-16,3.967,3.913,3.967,3.886,1572464.0,,2.038761641077271,-1.5101938082053878,-0.06000000000000005,
512500,2025-12-17,3.907,3.989,4.002,3.9,1111690.0,,2.6066956299514406,1.942243802708921,0.07600000000000007,
512500,2025-12-18,3.978,3.97,4.005,3.966,1075865.0,,0.9776886437703611,-0.4763098520932486,-0.018999999999999684,
512500,2025-12-19,3.971,4.002,4.018,3.971,449507.0,,1.183879093198985,0.8060453400503674,0.031999999999999584,
512500,2025-12-22,4.059,4.048,4.061,4.019,344944.0,,1.049475262368811,1.1494252873563284,0.04600000000000026,
512500,2025-12-23,4.053,4.046,4.073,4.035,295854.0,,0.938735177865619,-0.04940711462450048,-0.0019999999999997797,
512500,2025-12-24,4.046,4.1,4.113,4.044,711733.0,,1.705388037567989,1.3346515076618728,0.05399999999999938,
512500,2025-12-25,4.09,4.136,4.148,4.088,364832.0,,1.463414634146332,0.8780487804878165,0.036000000000000476,
512500,2025-12-26,4.158,4.161,4.18,4.132,588326.0,,1.160541586073502,0.6044487427466022,0.024999999999999467,
512500,2025-12-29,4.151,4.146,4.178,4.137,454738.0,,0.9853400624849885,-0.3604902667627897,-0.01499999999999968,
512500,2025-12-30,4.116,4.163,4.187,4.116,361483.0,,1.7124939700916695,0.4100337674867426,0.017000000000000348,
512500,2025-12-31,4.174,4.166,4.178,4.148,466332.0,,0.7206341580590979,0.07206341580591193,0.0030000000000001137,
512500,2026-01-05,4.179,4.28,4.282,4.179,455350.0,,2.472395583293321,2.736437830052805,0.11399999999999988,
512500,2026-01-06,4.281,4.378,4.38,4.28,534984.0,,2.3364485981308327,2.2897196261682207,0.09799999999999986,
512500,2026-01-07,4.385,4.391,4.415,4.37,560197.0,,1.0278666057560515,0.2969392416628575,0.0129999999999999,
512500,2026-01-08,4.376,4.405,4.433,4.37,339690.0,,1.4347529036665845,0.31883397859258106,0.014000000000000234,
512500,2026-01-09,4.408,4.513,4.515,4.408,820427.0,,2.4290578887627543,2.4517593643586753,0.10799999999999965,
512500,2026-01-12,4.537,4.624,4.638,4.52,461773.0,,2.6146687347662385,2.459561267449585,0.11099999999999977,
512500,2026-01-13,4.626,4.56,4.63,4.534,462464.0,,2.0761245674740505,-1.3840830449827002,-0.06400000000000006,
512500,2026-01-14,4.55,4.6,4.682,4.527,950107.0,,3.3991228070175494,0.8771929824561412,0.040000000000000036,
512500,2026-01-15,4.567,4.593,4.613,4.544,939119.0,,1.5000000000000184,-0.15217391304347117,-0.006999999999999673,
512500,2026-01-16,4.601,4.59,4.623,4.58,754135.0,,0.9362072719355574,-0.0653167864141109,-0.0030000000000001137,
512500,2026-01-19,4.569,4.626,4.647,4.569,687901.0,,1.6993464052287646,0.7843137254902065,0.036000000000000476,
512500,2026-01-20,4.626,4.607,4.66,4.547,539579.0,,2.442715088629495,-0.41072200605274806,-0.019000000000000128,
512500,2026-01-21,4.576,4.664,4.668,4.576,380536.0,,1.9969611460820602,1.237247666594302,0.056999999999999496,
512500,2026-01-22,4.666,4.689,4.699,4.651,342694.0,,1.0291595197255583,0.5360205831904021,0.025000000000000355,
512500,2026-01-23,4.695,4.819,4.822,4.695,845891.0,,2.7084666240136444,2.77244615056515,0.1299999999999999,
512500,2026-01-26,4.899,4.746,4.899,4.716,726957.0,,3.7974683544303764,-1.51483710313342,-0.07299999999999951,
512500,2026-01-27,4.707,4.778,4.794,4.673,661938.0,,2.5495153813737788,0.6742520016856118,0.03199999999999914,
512500,2026-01-28,4.773,4.83,4.835,4.754,8466949.0,,1.695269987442453,1.0883214734198514,0.05200000000000049,
512500,2026-01-29,4.796,4.755,4.839,4.741,1301873.0,,2.0289855072463925,-1.5527950310559042,-0.07500000000000018,
512500,2026-01-30,4.718,4.665,4.747,4.551,1036520.0,,4.121976866456356,-1.892744479495265,-0.08999999999999986,
512500,2026-02-02,4.603,4.472,4.648,4.448,1973762.0,,4.2872454448017,-4.137191854233647,-0.19299999999999962,
512500,2026-02-03,4.532,4.627,4.629,4.496,1019799.0,,2.974060822898012,3.4660107334525794,0.15499999999999936,
512500,2026-02-04,4.606,4.639,4.645,4.564,1033432.0,,1.7505943375837372,0.25934730927167615,0.012000000000000455,
512500,2026-02-05,4.579,4.545,4.595,4.506,850455.0,,1.918516921750367,-2.026298771286922,-0.0940000000000003,
512500,2026-02-06,4.486,4.539,4.609,4.466,901471.0,,3.1463146314631416,-0.13201320132013702,-0.006000000000000227,
512500,2026-02-09,4.598,4.643,4.645,4.594,545544.0,,1.1235955056179616,2.291253580083721,0.10400000000000009,
512500,2026-02-10,4.643,4.634,4.65,4.606,460830.0,,0.9476631488262005,-0.193840189532618,-0.008999999999999453,
512500,2026-02-11,4.63,4.654,4.677,4.625,245633.0,,1.1221406991799654,0.43159257660767314,0.019999999999999574,
512500,2026-02-12,4.664,4.712,4.718,4.656,513622.0,,1.3321873657069248,1.2462397937258236,0.05799999999999983,
512500,2026-02-13,4.672,4.64,4.702,4.626,749265.0,,1.6129032258064435,-1.5280135823429555,-0.07200000000000006,
512500,2026-02-24,4.679,4.689,4.722,4.652,595593.0,,1.5086206896551788,1.0560344827586288,0.04900000000000038,
512500,2026-02-25,4.685,4.762,4.777,4.685,763557.0,,1.9620388142461191,1.556835146086575,0.07299999999999951,
512500,2026-02-26,4.766,4.774,4.789,4.738,492249.0,,1.0709785804283762,0.2519949601008075,0.012000000000000455,
512500,2026-02-27,4.747,4.838,4.839,4.736,888546.0,,2.1575198994553966,1.340594888981987,0.06400000000000006,
512500,2026-03-02,4.81,4.835,4.851,4.771,773173.0,,1.6535758577924775,-0.06200909466722021,-0.0030000000000001137,
512500,2026-03-03,4.822,4.629,4.833,4.621,1772250.0,,4.384694932781795,-4.260599793174776,-0.2060000000000004,
512500,2026-03-04,4.517,4.598,4.683,4.517,704823.0,,3.5860877079282676,-0.6696910779865997,-0.030999999999999694,
512500,2026-03-05,4.692,4.637,4.692,4.601,904998.0,,1.9791213571117918,0.8481948673336168,0.0389999999999997,
512500,2026-03-06,4.619,4.665,4.69,4.606,431959.0,,1.8115160664222671,0.6038386888074287,0.02800000000000047,
512500,2026-03-09,4.615,4.621,4.641,4.501,892110.0,,3.0010718113611934,-0.9431939978563685,-0.043999999999999595,
512500,2026-03-10,4.661,4.693,4.698,4.647,1127827.0,,1.1036572170525893,1.5581043064271622,0.07199999999999918,
512500,2026-03-11,4.691,4.684,4.712,4.673,726740.0,,0.8310249307479161,-0.19177498401873969,-0.008999999999999453,
512500,2026-03-12,4.66,4.664,4.704,4.627,700784.0,,1.6438941076003406,-0.4269854824936051,-0.020000000000000462,
512500,2026-03-13,4.642,4.606,4.678,4.586,438694.0,,1.9725557461406442,-1.2435677530017115,-0.05799999999999983,
512500,2026-03-16,4.6,4.573,4.6,4.498,762184.0,,2.2145028224055454,-0.7164567954841397,-0.032999999999999474,
512500,2026-03-17,4.56,4.472,4.584,4.471,1206618.0,,2.4710255849551612,-2.2086157883227635,-0.10099999999999998,
512500,2026-03-18,4.485,4.516,4.522,4.44,938638.0,,1.8336314847942718,0.9838998211091142,0.043999999999999595,
512500,2026-03-19,4.436,4.403,4.469,4.374,1061465.0,,2.1036315323295094,-2.502214348981409,-0.11300000000000043,
512500,2026-03-20,4.399,4.322,4.435,4.32,935722.0,,2.6118555530320084,-1.8396547808312407,-0.08099999999999952,
512500,2026-03-23,4.27,4.159,4.309,4.131,663367.0,,4.118463674224895,-3.7714021286441524,-0.16300000000000026,
512500,2026-03-24,4.207,4.24,4.242,4.121,908200.0,,2.909353209906217,1.9475835537388895,0.0810000000000004,
512500,2026-03-25,4.27,4.348,4.365,4.27,1251623.0,,2.240566037735864,2.5471698113207464,0.10799999999999965,
512500,2026-03-26,4.323,4.265,4.34,4.255,635291.0,,1.9549218031278741,-1.9089236430542822,-0.08300000000000018,
512500,2026-03-27,4.195,4.324,4.348,4.195,618863.0,,3.5873388042203893,1.3833528722157131,0.05900000000000016,
512500,2026-03-30,4.27,4.329,4.337,4.244,543558.0,,2.1507863089731725,0.11563367252543696,0.004999999999999893,
512500,2026-03-31,4.314,4.263,4.351,4.251,827795.0,,2.310002310002302,-1.524601524601521,-0.06599999999999984,
512500,2026-04-01,4.316,4.323,4.346,4.294,844190.0,,1.2197982641332512,1.407459535538365,0.0600000000000005,
512500,2026-04-02,4.315,4.251,4.323,4.219,955246.0,,2.405736756881797,-1.6655100624566286,-0.07200000000000006,
512500,2026-04-03,4.253,4.211,4.265,4.198,477861.0,,1.5760997412373388,-0.940955069395437,-0.040000000000000036,
512500,2026-04-07,4.216,4.231,4.266,4.207,620084.0,,1.4010923771075792,0.4749465685110323,0.019999999999999574,
512500,2026-04-08,4.326,4.445,4.449,4.323,2273559.0,,2.9780193807610362,5.057905932403696,0.2140000000000004,
512500,2026-04-09,4.4,4.41,4.436,4.379,1095911.0,,1.2823397075365666,-0.7874015748031528,-0.03500000000000014,
512500,2026-04-10,4.43,4.45,4.512,4.43,802016.0,,1.8594104308389987,0.9070294784580506,0.040000000000000036,
512500,2026-04-13,4.408,4.445,4.463,4.408,819688.0,,1.235955056179769,-0.11235955056179536,-0.004999999999999893,
512500,2026-04-14,4.48,4.516,4.519,4.465,947218.0,,1.2148481439820082,1.5973003374578114,0.07099999999999973,
512500,2026-04-15,4.541,4.496,4.557,4.484,978859.0,,1.6164747564216209,-0.4428697962798843,-0.019999999999999574,
512500,2026-04-16,4.498,4.569,4.579,4.498,811246.0,,1.8016014234875335,1.6236654804270352,0.07299999999999951,
512500,2026-04-17,4.57,4.592,4.597,4.548,905330.0,,1.0724447362661496,0.5033924272269574,0.022999999999999687,
512500,2026-04-20,4.58,4.623,4.648,4.58,1628839.0,,1.4808362369337897,0.67508710801395,0.031000000000000583,
512500,2026-04-21,4.618,4.613,4.62,4.572,1188861.0,,1.0382868267358867,-0.2163097555699716,-0.009999999999999787,
512500,2026-04-22,4.581,4.679,4.681,4.581,1714116.0,,2.167786689789717,1.4307392152612146,0.06599999999999984,
512500,2026-04-23,4.68,4.638,4.692,4.593,2088445.0,,2.115836717247279,-0.8762556101731218,-0.04100000000000037,
512500,2026-04-24,4.606,4.604,4.639,4.561,1571634.0,,1.6817593790426972,-0.7330746011211687,-0.03399999999999981,
512500,2026-04-27,4.606,4.633,4.65,4.591,2606105.0,,1.2814943527367542,0.6298870547350112,0.028999999999999915,
512500,2026-04-28,4.65,4.581,4.65,4.563,2884565.0,,1.8778329376214253,-1.1223829052449732,-0.0519999999999996,
512500,2026-04-29,4.564,4.662,4.668,4.56,4045989.0,,2.3575638506876344,1.7681728880157062,0.08099999999999952,
512500,2026-04-30,4.659,4.667,4.678,4.633,5271685.0,,0.9652509652509637,0.10725010725010496,0.004999999999999893,
512500,2026-05-06,4.691,4.794,4.818,4.691,4012295.0,,2.7212341975573127,2.7212341975573127,0.12699999999999978,
512500,2026-05-07,4.82,4.856,4.862,4.801,988543.0,,1.2724238631622853,1.2932832707551165,0.06200000000000028,
512500,2026-05-08,4.825,4.853,4.867,4.812,1127858.0,,1.1326194398681984,-0.061779242174631675,-0.0030000000000001137,
512500,2026-05-11,4.875,4.931,4.952,4.867,1869799.0,,1.751493921285802,1.6072532454152133,0.07800000000000029,
512500,2026-05-12,4.933,4.908,4.947,4.883,2803709.0,,1.2979111742040166,-0.4664368282295617,-0.022999999999999687,
512500,2026-05-13,4.862,4.989,4.992,4.857,1412148.0,,2.7506112469437607,1.6503667481662492,0.08099999999999952,
512500,2026-05-14,4.997,4.864,5.0,4.856,1965304.0,,2.886349969933857,-2.5055121266786933,-0.125,
512500,2026-05-15,4.85,4.768,4.873,4.738,1556498.0,,2.7754934210526274,-1.9736842105263177,-0.09600000000000009,
512500,2026-05-18,4.731,4.775,4.815,4.73,1442449.0,,1.7827181208053684,0.14681208053692454,0.007000000000000561,
512500,2026-05-19,4.779,4.819,4.822,4.698,1083826.0,,2.596858638743448,0.921465968586379,0.043999999999999595,
512500,2026-05-20,4.814,4.837,4.855,4.776,1019517.0,,1.639344262295095,0.3735214774849511,0.017999999999999794,
512500,2026-05-21,4.868,4.719,4.92,4.698,1453893.0,,4.589621666322091,-2.439528633450474,-0.11799999999999944,
512500,2026-05-22,4.749,4.787,4.807,4.711,1624903.0,,2.0343293070565815,1.440983259165069,0.06799999999999962,
512500,2026-05-25,4.812,4.863,4.867,4.773,1256633.0,,1.9636515562983143,1.5876331731773659,0.07600000000000051,
512500,2026-05-26,4.843,4.842,4.857,4.77,989286.0,,1.7890191239975453,-0.43183220234424824,-0.021000000000000796,
512500,2026-05-27,4.83,4.769,4.887,4.75,1149942.0,,2.8294093349855345,-1.5076414704667391,-0.07299999999999951,
512500,2026-05-28,4.756,4.785,4.813,4.712,1073101.0,,2.117844411826378,0.33550010484378306,0.016000000000000014,
512500,2026-05-29,4.785,4.678,4.808,4.644,1371382.0,,3.4273772204806625,-2.236154649947758,-0.1070000000000002,
512500,2026-06-01,4.677,4.637,4.727,4.628,1592273.0,,2.1162890123984655,-0.8764429243266432,-0.04100000000000037,
512500,2026-06-02,4.645,4.655,4.697,4.562,1166819.0,,2.9113651067500497,0.3881820142333553,0.018000000000000682,
512500,2026-06-03,4.659,4.683,4.747,4.644,1228402.0,,2.2126745435016058,0.6015037593984872,0.02799999999999958,
