code,date,open,close,high,low,volume,amount,amplitude,pct_chg,price_change,turnover_rate
512500,2019-05-21,2.45,2.484,2.507,2.444,496542.0,,,,,
512500,2019-05-22,2.48,2.479,2.492,2.453,649626.0,,1.5700483091787498,-0.2012882447665013,-0.004999999999999893,
512500,2019-05-23,2.47,2.431,2.47,2.423,308204.0,,1.8959257765227975,-1.9362646228317886,-0.04800000000000004,
512500,2019-05-24,2.425,2.414,2.441,2.409,404501.0,,1.316330728095435,-0.6993006993006953,-0.016999999999999904,
512500,2019-05-27,2.418,2.474,2.48,2.406,613451.0,,3.0654515327257594,2.4855012427506233,0.06000000000000005,
512500,2019-05-28,2.475,2.468,2.491,2.459,409649.0,,1.2934518997574787,-0.24252223120453625,-0.006000000000000227,
512500,2019-05-29,2.462,2.464,2.485,2.453,279240.0,,1.2965964343598066,-0.16207455429497583,-0.0040000000000000036,
512500,2019-05-30,2.46,2.458,2.46,2.423,455588.0,,1.5016233766233735,-0.2435064935064847,-0.005999999999999783,
512500,2019-05-31,2.453,2.445,2.48,2.44,374122.0,,1.6273393002441023,-0.5288852725793468,-0.013000000000000345,
512500,2019-06-03,2.452,2.426,2.467,2.416,619672.0,,2.085889570552154,-0.7770961145194145,-0.018999999999999684,
512500,2019-06-04,2.426,2.397,2.428,2.384,752564.0,,1.813685078318221,-1.1953833470733866,-0.02900000000000036,
512500,2019-06-05,2.414,2.388,2.425,2.386,311129.0,,1.627033792240288,-0.37546933667083426,-0.008999999999999897,
512500,2019-06-06,2.388,2.337,2.395,2.335,576365.0,,2.5125628140703538,-2.1356783919597873,-0.05099999999999971,
512500,2019-06-10,2.339,2.358,2.378,2.33,602496.0,,2.053915275994867,0.8985879332477495,0.020999999999999908,
512500,2019-06-11,2.358,2.451,2.452,2.358,892968.0,,3.986429177268866,3.944020356234095,0.09299999999999997,
512500,2019-06-12,2.455,2.43,2.455,2.423,573102.0,,1.3055895552835588,-0.856793145654831,-0.020999999999999908,
512500,2019-06-13,2.43,2.437,2.449,2.415,302733.0,,1.3991769547325024,0.2880658436213857,0.006999999999999673,
512500,2019-06-14,2.44,2.401,2.448,2.392,351065.0,,2.297907263028316,-1.47722609766106,-0.03600000000000003,
512500,2019-06-17,2.401,2.399,2.411,2.387,243504.0,,0.9995835068721376,-0.08329862557266889,-0.0019999999999997797,
512500,2019-06-18,2.4,2.395,2.409,2.38,349736.0,,1.2088370154230894,-0.1667361400583578,-0.0040000000000000036,
512500,2019-06-19,2.47,2.422,2.47,2.419,797934.0,,2.1294363256785034,1.1273486430062687,0.027000000000000135,
512500,2019-06-20,2.42,2.471,2.495,2.413,897962.0,,3.385631709331143,2.023121387283234,0.04899999999999993,
512500,2019-06-21,2.504,2.504,2.525,2.493,817665.0,,1.295022258195064,1.3354917037636551,0.03299999999999992,
512500,2019-06-24,2.507,2.51,2.515,2.498,2301921.0,,0.6789137380191654,0.23961661341852172,0.005999999999999783,
512500,2019-06-25,2.513,2.484,2.515,2.454,2820868.0,,2.4302788844621492,-1.0358565737051715,-0.0259999999999998,
512500,2019-06-26,2.475,2.481,2.497,2.467,2250191.0,,1.207729468599026,-0.12077294685990796,-0.0030000000000001137,
512500,2019-06-27,2.488,2.5,2.517,2.482,808459.0,,1.4107214832728616,0.7658202337767082,0.019000000000000128,
512500,2019-06-28,2.496,2.48,2.498,2.46,674018.0,,1.5200000000000102,-0.8000000000000007,-0.020000000000000018,
512500,2019-07-01,2.53,2.546,2.552,2.506,1346373.0,,1.85483870967743,2.6612903225806384,0.06599999999999984,
512500,2019-07-02,2.545,2.537,2.548,2.528,609606.0,,0.7855459544383355,-0.3534956794972466,-0.008999999999999897,
512500,2019-07-03,2.531,2.523,2.531,2.515,481663.0,,0.6306661411115496,-0.5518328734725972,-0.01399999999999979,
512500,2019-07-04,2.524,2.515,2.537,2.499,371909.0,,1.5061434799841382,-0.3170828378913994,-0.008000000000000007,
512500,2019-07-05,2.511,2.526,2.532,2.505,442026.0,,1.0735586481113373,0.4373757455268261,0.010999999999999677,
512500,2019-07-08,2.524,2.441,2.524,2.429,541962.0,,3.7608867775138637,-3.365003958828186,-0.08499999999999996,
512500,2019-07-09,2.44,2.439,2.449,2.424,375303.0,,1.0241704219582104,-0.08193363375664808,-0.0019999999999997797,
512500,2019-07-10,2.443,2.426,2.452,2.42,281162.0,,1.3120131201312024,-0.5330053300532964,-0.0129999999999999,
512500,2019-07-11,2.435,2.425,2.457,2.411,447079.0,,1.8961253091508579,-0.04122011541633693,-0.001000000000000334,
512500,2019-07-12,2.426,2.435,2.444,2.416,343753.0,,1.154639175257733,0.4123711340206281,0.010000000000000231,
512500,2019-07-15,2.436,2.464,2.481,2.394,842943.0,,3.5728952772073814,1.1909650924024606,0.028999999999999915,
512500,2019-07-16,2.461,2.47,2.477,2.457,395847.0,,0.8116883116883125,0.24350649350650275,0.006000000000000227,
512500,2019-07-17,2.47,2.466,2.483,2.461,447344.0,,0.8906882591093214,-0.1619433198380568,-0.0040000000000000036,
512500,2019-07-18,2.462,2.432,2.462,2.431,553766.0,,1.2570965125709705,-1.3787510137875203,-0.03400000000000025,
512500,2019-07-19,2.436,2.449,2.47,2.436,771343.0,,1.398026315789484,0.699013157894733,0.016999999999999904,
512500,2019-07-22,2.45,2.401,2.452,2.393,1155145.0,,2.4091465904450864,-1.9599836668027786,-0.04800000000000004,
512500,2019-07-23,2.403,2.421,2.426,2.402,794152.0,,0.9995835068721376,0.8329862557267814,0.020000000000000018,
512500,2019-07-24,2.426,2.443,2.463,2.426,861875.0,,1.5282940933498523,0.9087154068566808,0.02200000000000024,
512500,2019-07-25,2.441,2.455,2.461,2.439,544935.0,,0.9005321326238148,0.4911993450675403,0.01200000000000001,
512500,2019-07-26,2.446,2.461,2.465,2.442,611818.0,,0.9368635437881747,0.24439918533604005,0.005999999999999783,
512500,2019-07-29,2.455,2.46,2.471,2.445,595315.0,,1.0564811052417817,-0.04063388866314059,-0.0009999999999998899,
512500,2019-07-30,2.458,2.473,2.494,2.458,1182610.0,,1.4634146341463428,0.5284552845528415,0.0129999999999999,
512500,2019-07-31,2.474,2.466,2.476,2.46,865586.0,,0.6469874646178736,-0.28305701577030623,-0.006999999999999673,
512500,2019-08-01,2.46,2.451,2.465,2.44,819085.0,,1.0137875101378713,-0.6082725060827301,-0.015000000000000124,
512500,2019-08-02,2.4,2.417,2.42,2.388,594412.0,,1.3055895552835588,-1.3871889024887902,-0.03400000000000025,
512500,2019-08-05,2.41,2.391,2.43,2.388,537020.0,,1.7376913529168498,-1.075713694662797,-0.0259999999999998,
512500,2019-08-06,2.347,2.338,2.36,2.297,1614341.0,,2.6348808030112805,-2.216645754914259,-0.052999999999999936,
512500,2019-08-07,2.353,2.326,2.353,2.322,682933.0,,1.3259195893926492,-0.5132591958939269,-0.01200000000000001,
512500,2019-08-08,2.337,2.339,2.344,2.33,388792.0,,0.6018916595012808,0.5588993981083362,0.0129999999999999,
512500,2019-08-09,2.35,2.314,2.355,2.311,573745.0,,1.8811457887986338,-1.0688328345446734,-0.02499999999999991,
512500,2019-08-12,2.318,2.356,2.356,2.311,777785.0,,1.9446845289541888,1.8150388936905708,0.041999999999999815,
512500,2019-08-13,2.339,2.343,2.346,2.329,344418.0,,0.7215619694397243,-0.5517826825127293,-0.0129999999999999,
512500,2019-08-14,2.37,2.353,2.38,2.349,641754.0,,1.3230900554844085,0.426803243704662,0.010000000000000231,
512500,2019-08-15,2.312,2.365,2.37,2.302,898643.0,,2.889927751806207,0.5099872503187424,0.01200000000000001,
512500,2019-08-16,2.358,2.372,2.391,2.355,628988.0,,1.5221987315010583,0.29598308668074724,0.006999999999999673,
512500,2019-08-19,2.404,2.455,2.456,2.394,1045501.0,,2.61382799325463,3.4991568296796034,0.08300000000000018,
512500,2019-08-20,2.456,2.445,2.474,2.443,556419.0,,1.2627291242362582,-0.4073319755600909,-0.010000000000000231,
512500,2019-08-21,2.444,2.453,2.459,2.44,513553.0,,0.7770961145194327,0.32719836400818025,0.008000000000000007,
512500,2019-08-22,2.455,2.454,2.458,2.439,554040.0,,0.7745617611088516,0.04076640847942658,0.001000000000000334,
512500,2019-08-23,2.452,2.455,2.466,2.442,482961.0,,0.9779951100244507,0.040749796251014256,0.0009999999999998899,
512500,2019-08-26,2.42,2.437,2.446,2.411,457874.0,,1.425661914460291,-0.7331975560081563,-0.018000000000000238,
512500,2019-08-27,2.444,2.473,2.507,2.444,896498.0,,2.5851456709068596,1.47722609766106,0.03600000000000003,
512500,2019-08-28,2.475,2.475,2.484,2.465,488349.0,,0.7682976142337294,0.08087343307724319,0.002000000000000224,
512500,2019-08-29,2.479,2.482,2.49,2.466,602564.0,,0.9696969696969706,0.28282828282828754,0.007000000000000117,
512500,2019-08-30,2.487,2.463,2.506,2.448,563233.0,,2.336825141015303,-0.7655116841257101,-0.019000000000000128,
512500,2019-09-02,2.465,2.518,2.528,2.458,636657.0,,2.842062525375552,2.2330491270807844,0.054999999999999716,
512500,2019-09-03,2.517,2.534,2.534,2.511,472518.0,,0.9134233518665484,0.6354249404289125,0.016000000000000014,
512500,2019-09-04,2.53,2.567,2.57,2.524,770545.0,,1.8153117600631343,1.3022888713496592,0.03300000000000036,
512500,2019-09-05,2.577,2.584,2.62,2.572,1356872.0,,1.8698870276587471,0.6622516556291352,0.016999999999999904,
512500,2019-09-06,2.586,2.592,2.6,2.573,747778.0,,1.0448916408668782,0.30959752321981454,0.008000000000000007,
512500,2019-09-09,2.609,2.641,2.642,2.595,1095244.0,,1.8132716049382602,1.8904320987654293,0.04899999999999993,
512500,2019-09-10,2.648,2.638,2.648,2.616,622204.0,,1.211662249148051,-0.11359333585763398,-0.0030000000000001137,
512500,2019-09-11,2.641,2.629,2.655,2.616,715737.0,,1.478392721758897,-0.3411675511751288,-0.008999999999999897,
512500,2019-09-12,2.633,2.636,2.648,2.615,1203820.0,,1.2552301255230094,0.2662609357170071,0.007000000000000117,
512500,2019-09-16,2.655,2.636,2.656,2.624,836347.0,,1.213960546282247,0.0,0.0,
512500,2019-09-17,2.631,2.584,2.631,2.577,751398.0,,2.048558421851283,-1.972685887708651,-0.052000000000000046,
512500,2019-09-18,2.588,2.581,2.593,2.577,746404.0,,0.6191950464396291,-0.11609907120743473,-0.0030000000000001137,
512500,2019-09-19,2.584,2.606,2.607,2.574,603529.0,,1.2785741960480574,0.9686168151879082,0.02499999999999991,
512500,2019-09-20,2.607,2.61,2.621,2.601,662436.0,,0.7674597083653115,0.15349194167306232,0.0040000000000000036,
512500,2019-09-23,2.611,2.599,2.611,2.579,748680.0,,1.2260536398467443,-0.42145593869730563,-0.010999999999999677,
512500,2019-09-24,2.594,2.601,2.636,2.593,1077127.0,,1.6544824932666469,0.07695267410541667,0.0019999999999997797,
512500,2019-09-25,2.591,2.554,2.599,2.553,733122.0,,1.7685505574779035,-1.8069973087274185,-0.04700000000000015,
512500,2019-09-26,2.561,2.501,2.567,2.5,945186.0,,2.623335943617861,-2.075176194205166,-0.052999999999999936,
512500,2019-09-27,2.501,2.51,2.528,2.501,667967.0,,1.0795681727309132,0.3598560575769651,0.008999999999999897,
512500,2019-09-30,2.511,2.483,2.521,2.481,758031.0,,1.5936254980079698,-1.0756972111553662,-0.02699999999999969,
512500,2019-10-08,2.49,2.482,2.512,2.48,453732.0,,1.288763592428515,-0.04027386226338662,-0.0009999999999998899,
512500,2019-10-09,2.48,2.502,2.508,2.464,452458.0,,1.7727639000805817,0.8058017727638829,0.019999999999999574,
512500,2019-10-10,2.503,2.532,2.539,2.5,556247.0,,1.5587529976019243,1.1990407673861012,0.03000000000000025,
512500,2019-10-11,2.534,2.545,2.553,2.517,530558.0,,1.4218009478673,0.5134281200631873,0.0129999999999999,
512500,2019-10-14,2.561,2.572,2.588,2.557,765615.0,,1.2180746561886107,1.0609037328094355,0.027000000000000135,
512500,2019-10-15,2.571,2.544,2.571,2.543,520260.0,,1.0886469673405919,-1.0886469673405919,-0.028000000000000025,
512500,2019-10-16,2.544,2.531,2.559,2.529,600748.0,,1.1792452830188778,-0.5110062893081722,-0.0129999999999999,
512500,2019-10-17,2.531,2.53,2.54,2.518,549314.0,,0.8692216515211473,-0.039510075069155826,-0.001000000000000334,
512500,2019-10-18,2.528,2.493,2.544,2.488,621073.0,,2.213438735177868,-1.4624505928853726,-0.03699999999999992,
512500,2019-10-21,2.492,2.486,2.492,2.464,596131.0,,1.1231448054552757,-0.2807862013638056,-0.006999999999999673,
512500,2019-10-22,2.489,2.513,2.522,2.488,720968.0,,1.3676588897827757,1.0860820595333744,0.02699999999999969,
512500,2019-10-23,2.513,2.497,2.52,2.489,649056.0,,1.2335853561480359,-0.6366892160764033,-0.016000000000000014,
512500,2019-10-24,2.497,2.493,2.501,2.475,965167.0,,1.0412494993992711,-0.16019223067681232,-0.0040000000000000036,
512500,2019-10-25,2.493,2.516,2.518,2.47,822684.0,,1.9253910950661695,0.9225832330525525,0.02300000000000013,
512500,2019-10-28,2.534,2.549,2.55,2.521,4863939.0,,1.1526232114467374,1.311605723370426,0.03299999999999992,
512500,2019-10-29,2.547,2.517,2.547,2.516,782823.0,,1.2161632012553998,-1.255394272263634,-0.03200000000000003,
512500,2019-10-30,2.51,2.483,2.51,2.481,1104379.0,,1.1521652761223644,-1.3508144616606996,-0.03399999999999981,
512500,2019-10-31,2.486,2.468,2.494,2.466,531405.0,,1.1276681433749507,-0.6041079339508709,-0.015000000000000124,
512500,2019-11-01,2.468,2.495,2.498,2.457,827030.0,,1.6612641815235158,1.0940032414910914,0.027000000000000135,
512500,2019-11-04,2.496,2.502,2.518,2.496,816267.0,,0.8817635270541,0.2805611222444759,0.006999999999999673,
512500,2019-11-05,2.503,2.521,2.534,2.494,865641.0,,1.5987210231814386,0.7593924860111961,0.019000000000000128,
512500,2019-11-06,2.52,2.501,2.525,2.485,1085326.0,,1.5866719555731867,-0.7933359777865934,-0.020000000000000018,
512500,2019-11-07,2.499,2.513,2.524,2.493,815735.0,,1.2395041983206774,0.4798080767692927,0.01200000000000001,
512500,2019-11-08,2.525,2.506,2.541,2.505,1076315.0,,1.4325507361719074,-0.27855153203343086,-0.007000000000000117,
512500,2019-11-11,2.505,2.45,2.505,2.447,977521.0,,2.314445331205101,-2.234636871508364,-0.055999999999999606,
512500,2019-11-12,2.45,2.451,2.459,2.424,945323.0,,1.4285714285714342,0.040816326530607745,0.0009999999999998899,
512500,2019-11-13,2.45,2.453,2.453,2.437,594153.0,,0.6527947776417794,0.08159934720521338,0.0019999999999997797,
512500,2019-11-14,2.449,2.466,2.471,2.447,535667.0,,0.9783938035059121,0.5299633102323826,0.013000000000000345,
512500,2019-11-15,2.466,2.452,2.483,2.45,582460.0,,1.3381995133819917,-0.5677210056772195,-0.014000000000000234,
512500,2019-11-18,2.45,2.459,2.465,2.441,784622.0,,0.9787928221859716,0.2854812398042462,0.007000000000000117,
512500,2019-11-19,2.46,2.497,2.5,2.455,819317.0,,1.830012200081331,1.5453436356242298,0.03799999999999981,
512500,2019-11-20,2.5,2.483,2.506,2.482,757060.0,,0.9611533840608563,-0.5606728073688343,-0.01399999999999979,
512500,2019-11-21,2.481,2.487,2.497,2.468,629727.0,,1.1679420056383374,0.16109544905356438,0.0040000000000000036,
512500,2019-11-22,2.486,2.465,2.523,2.45,1289118.0,,2.9352633695215102,-0.8845999195818351,-0.02200000000000024,
512500,2019-11-25,2.465,2.463,2.469,2.44,760464.0,,1.1764705882352908,-0.0811359026369079,-0.0019999999999997797,
512500,2019-11-26,2.468,2.46,2.477,2.451,544157.0,,1.0556232237109135,-0.12180267965895711,-0.0030000000000001137,
512500,2019-11-27,2.455,2.466,2.483,2.45,889560.0,,1.341463414634143,0.24390243902439948,0.006000000000000227,
512500,2019-11-28,2.463,2.461,2.473,2.453,632521.0,,0.8110300081103007,-0.20275750202758872,-0.0050000000000003375,
512500,2019-11-29,2.46,2.462,2.47,2.436,833343.0,,1.3815522145469425,0.04063388866315864,0.001000000000000334,
512500,2019-12-02,2.462,2.467,2.48,2.456,693133.0,,0.9748172217709187,0.2030869212022702,0.004999999999999893,
512500,2019-12-03,2.462,2.48,2.48,2.445,663969.0,,1.4187271990271642,0.526955816781512,0.0129999999999999,
512500,2019-12-04,2.466,2.474,2.481,2.464,848700.0,,0.685483870967738,-0.24193548387095898,-0.005999999999999783,
512500,2019-12-05,2.477,2.497,2.504,2.475,1081251.0,,1.1721907841552108,0.9296685529506745,0.022999999999999687,
512500,2019-12-06,2.497,2.519,2.52,2.489,904917.0,,1.2414897877453,0.8810572687224768,0.02200000000000024,
512500,2019-12-09,2.524,2.526,2.535,2.515,890000.0,,0.7939658594680435,0.277888050813802,0.006999999999999673,
512500,2019-12-10,2.523,2.538,2.543,2.513,865776.0,,1.187648456057017,0.4750593824228033,0.01200000000000001,
512500,2019-12-11,2.538,2.529,2.538,2.517,716425.0,,0.8274231678486961,-0.35460992907801014,-0.008999999999999897,
512500,2019-12-12,2.523,2.524,2.54,2.521,765826.0,,0.7512850929221087,-0.19770660340054938,-0.004999999999999893,
512500,2019-12-13,2.532,2.56,2.566,2.532,1191047.0,,1.3470681458003093,1.4263074484944545,0.03600000000000003,
512500,2019-12-16,2.563,2.597,2.602,2.557,738854.0,,1.7578124999999973,1.445312499999997,0.03699999999999992,
512500,2019-12-17,2.593,2.634,2.648,2.593,964423.0,,2.11782826338083,1.424720831728915,0.03699999999999992,
512500,2019-12-18,2.633,2.635,2.651,2.628,1109610.0,,0.8731966590736403,0.03796507213363288,0.0009999999999998899,
512500,2019-12-19,2.633,2.641,2.647,2.626,878776.0,,0.7969639468690668,0.227703984819743,0.006000000000000227,
512500,2019-12-20,2.641,2.617,2.651,2.612,970772.0,,1.4767133661491747,-0.9087466868610382,-0.02400000000000002,
512500,2019-12-23,2.607,2.556,2.614,2.553,980231.0,,2.330913259457392,-2.330913259457392,-0.06099999999999994,
512500,2019-12-24,2.557,2.591,2.598,2.557,613313.0,,1.6040688575899815,1.3693270735524312,0.03500000000000014,
512500,2019-12-25,2.591,2.608,2.612,2.587,862454.0,,0.9648784253184064,0.656117329216515,0.016999999999999904,
512500,2019-12-26,2.599,2.624,2.625,2.598,594883.0,,1.0352760736196371,0.613496932515338,0.016000000000000014,
512500,2019-12-27,2.628,2.603,2.643,2.602,699503.0,,1.5624999999999971,-0.8003048780487768,-0.020999999999999908,
512500,2019-12-30,2.604,2.639,2.643,2.58,711107.0,,2.420284287360727,1.3830195927775484,0.03599999999999959,
512500,2019-12-31,2.636,2.651,2.654,2.627,624688.0,,1.0231148162182697,0.4547176960970069,0.01200000000000001,
512500,2020-01-02,2.666,2.696,2.708,2.657,881096.0,,1.9238023387401042,1.6974726518295125,0.04500000000000037,
512500,2020-01-03,2.7,2.703,2.715,2.693,733719.0,,0.816023738872396,0.25964391691393446,0.006999999999999673,
512500,2020-01-06,2.695,2.73,2.761,2.694,1144176.0,,2.4787273399926075,0.9988901220865756,0.027000000000000135,
512500,2020-01-07,2.732,2.767,2.769,2.732,920537.0,,1.3553113553113525,1.3553113553113525,0.03699999999999992,
512500,2020-01-08,2.745,2.734,2.767,2.723,1065322.0,,1.5901698590531275,-1.1926273942898418,-0.03299999999999992,
512500,2020-01-09,2.755,2.765,2.767,2.745,1092139.0,,0.8046817849304974,1.1338697878566255,0.03100000000000014,
512500,2020-01-10,2.771,2.755,2.777,2.743,589256.0,,1.2296564195298463,-0.36166365280290164,-0.010000000000000231,
512500,2020-01-13,2.752,2.804,2.805,2.739,797174.0,,2.3956442831216074,1.7785843920145168,0.04899999999999993,
512500,2020-01-14,2.812,2.791,2.813,2.787,785339.0,,0.9272467902995808,-0.4636233951497825,-0.0129999999999999,
512500,2020-01-15,2.791,2.782,2.794,2.764,680518.0,,1.0748835542816284,-0.3224650662844821,-0.008999999999999897,
512500,2020-01-16,2.782,2.787,2.795,2.777,507052.0,,0.6470165348669947,0.1797268152408301,0.004999999999999893,
512500,2020-01-17,2.787,2.772,2.798,2.765,629817.0,,1.1840688912809443,-0.538213132400435,-0.015000000000000124,
512500,2020-01-20,2.777,2.817,2.818,2.765,923463.0,,1.9119769119769099,1.6233766233766371,0.04500000000000037,
512500,2020-01-21,2.811,2.781,2.811,2.773,879622.0,,1.3489527866524602,-1.2779552715654963,-0.03600000000000003,
512500,2020-01-22,2.771,2.814,2.823,2.738,1489477.0,,3.0564545127651908,1.186623516720601,0.03299999999999992,
512500,2020-01-23,2.774,2.708,2.795,2.686,1305711.0,,3.873489694385216,-3.7668798862828665,-0.10599999999999987,
512500,2020-02-03,2.446,2.437,2.495,2.437,997781.0,,2.141802067946834,-10.007385524372243,-0.27100000000000035,
512500,2020-02-04,2.38,2.516,2.534,2.38,885071.0,,6.319244973327859,3.2416906032006643,0.07900000000000018,
512500,2020-02-05,2.52,2.578,2.599,2.515,967176.0,,3.3386327503974593,2.4642289348171635,0.06199999999999983,
512500,2020-02-06,2.575,2.654,2.669,2.562,676635.0,,4.150504266873554,2.9480217222653247,0.07600000000000007,
512500,2020-02-07,2.654,2.682,2.682,2.636,699516.0,,1.7332328560663084,1.0550113036925406,0.028000000000000025,
512500,2020-02-10,2.682,2.707,2.708,2.66,697847.0,,1.7897091722595095,0.9321401938851571,0.02499999999999991,
512500,2020-02-11,2.707,2.698,2.714,2.683,468283.0,,1.1451791651274525,-0.332471370520868,-0.008999999999999897,
512500,2020-02-12,2.696,2.747,2.749,2.686,784219.0,,2.335063009636774,1.8161601186063727,0.04899999999999993,
512500,2020-02-13,2.738,2.727,2.755,2.719,548518.0,,1.3105205678922474,-0.7280669821623597,-0.020000000000000018,
512500,2020-02-14,2.726,2.728,2.756,2.708,498155.0,,1.7601760176017456,0.036670333700048914,0.001000000000000334,
512500,2020-02-17,2.739,2.821,2.822,2.739,887564.0,,3.042521994134904,3.4090909090909074,0.09299999999999997,
512500,2020-02-18,2.822,2.847,2.848,2.805,886676.0,,1.5242821694434492,0.9216589861751081,0.0259999999999998,
512500,2020-02-19,2.866,2.826,2.866,2.819,631224.0,,1.6508605549701496,-0.7376185458377207,-0.020999999999999908,
512500,2020-02-20,2.825,2.879,2.886,2.81,701856.0,,2.6893135173389973,1.8754423213021916,0.052999999999999936,
512500,2020-02-21,2.866,2.924,2.937,2.865,662434.0,,2.500868357068413,1.5630427231677642,0.04499999999999993,
512500,2020-02-24,2.912,2.95,2.965,2.898,675049.0,,2.291381668946639,0.8891928864569169,0.026000000000000245,
512500,2020-02-25,2.894,2.965,2.974,2.846,1098368.0,,4.338983050847461,0.5084745762711755,0.01499999999999968,
512500,2020-02-26,2.938,2.899,2.956,2.89,1174579.0,,2.22596964586846,-2.22596964586846,-0.06599999999999984,
512500,2020-02-27,2.907,2.9,2.928,2.873,510639.0,,1.8972059330803628,0.034494653328730245,0.0009999999999998899,
512500,2020-02-28,2.83,2.76,2.848,2.748,907955.0,,3.4482758620689538,-4.827586206896556,-0.14000000000000012,
512500,2020-03-02,2.771,2.842,2.869,2.771,858684.0,,3.5507246376811707,2.971014492753634,0.0820000000000003,
512500,2020-03-03,2.9,2.869,2.935,2.847,1109944.0,,3.09641097818438,0.9500351864883932,0.027000000000000135,
512500,2020-03-04,2.871,2.876,2.879,2.82,613832.0,,2.0564656674799635,0.24398745207388192,0.006999999999999673,
512500,2020-03-05,2.919,2.92,2.93,2.884,633119.0,,1.5994436717663514,1.5299026425591113,0.04400000000000004,
512500,2020-03-06,2.896,2.901,2.92,2.886,460339.0,,1.1643835616438292,-0.6506849315068537,-0.019000000000000128,
512500,2020-03-09,2.876,2.788,2.876,2.788,1028154.0,,3.0334367459496754,-3.895208548776284,-0.11299999999999999,
512500,2020-03-10,2.788,2.85,2.852,2.737,1205787.0,,4.124820659971298,2.223816355810627,0.06200000000000028,
512500,2020-03-11,2.856,2.814,2.87,2.814,1221461.0,,1.9649122807017563,-1.2631578947368431,-0.03600000000000003,
512500,2020-03-12,2.777,2.773,2.8,2.748,748908.0,,1.8479033404406395,-1.4570007107320513,-0.040999999999999925,
512500,2020-03-13,2.68,2.752,2.773,2.635,1200405.0,,4.976559682654178,-0.7573025604039074,-0.02100000000000035,
512500,2020-03-16,2.763,2.623,2.763,2.618,962631.0,,5.26889534883721,-4.687499999999984,-0.12899999999999956,
512500,2020-03-17,2.643,2.624,2.69,2.55,1449004.0,,5.337399923751434,0.038124285169648865,0.0009999999999998899,
512500,2020-03-18,2.64,2.583,2.686,2.582,1051415.0,,3.963414634146345,-1.5624999999999971,-0.040999999999999925,
512500,2020-03-19,2.585,2.601,2.619,2.527,1785833.0,,3.561749903213321,0.6968641114982498,0.017999999999999794,
512500,2020-03-20,2.624,2.629,2.634,2.584,681400.0,,1.922337562475964,1.0765090349865445,0.028000000000000025,
512500,2020-03-23,2.58,2.524,2.59,2.512,870532.0,,2.966907569418024,-3.993914035755039,-0.10499999999999998,
512500,2020-03-24,2.56,2.561,2.584,2.505,1155208.0,,3.129952456418391,1.4659270998415181,0.03699999999999992,
512500,2020-03-25,2.613,2.626,2.637,2.595,992667.0,,1.6399843811011252,2.5380710659898456,0.06499999999999995,
512500,2020-03-26,2.614,2.599,2.63,2.598,674759.0,,1.2185833968012196,-1.0281797410510165,-0.02699999999999969,
512500,2020-03-27,2.622,2.591,2.636,2.589,1237725.0,,1.8083878414774972,-0.3078106964217009,-0.008000000000000007,
512500,2020-03-30,2.575,2.54,2.575,2.509,700213.0,,2.547279042840613,-1.9683519876495619,-0.051000000000000156,
512500,2020-03-31,2.559,2.535,2.568,2.532,793994.0,,1.4173228346456705,-0.1968503937007832,-0.004999999999999893,
512500,2020-04-01,2.528,2.527,2.575,2.524,642570.0,,2.011834319526633,-0.31558185404339273,-0.008000000000000007,
512500,2020-04-02,2.52,2.604,2.608,2.519,660873.0,,3.5219628017411937,3.0470914127423807,0.07699999999999996,
512500,2020-04-03,2.606,2.576,2.606,2.563,792868.0,,1.6513056835637367,-1.0752688172043021,-0.028000000000000025,
512500,2020-04-07,2.62,2.649,2.656,2.62,728903.0,,1.3975155279503118,2.833850931677017,0.07299999999999995,
512500,2020-04-08,2.641,2.66,2.67,2.633,837541.0,,1.3967534918837268,0.41525103812759984,0.01100000000000012,
512500,2020-04-09,2.67,2.678,2.688,2.667,627580.0,,0.7894736842105395,0.6766917293233005,0.017999999999999794,
512500,2020-04-10,2.676,2.632,2.677,2.62,910467.0,,2.1284540702016406,-1.7176997759521966,-0.04599999999999982,
512500,2020-04-13,2.62,2.605,2.622,2.595,923690.0,,1.0258358662613865,-1.025835866261403,-0.027000000000000135,
512500,2020-04-14,2.615,2.66,2.662,2.615,744217.0,,1.804222648752388,2.1113243761996223,0.05500000000000016,
512500,2020-04-15,2.661,2.651,2.678,2.651,726107.0,,1.0150375939849674,-0.33834586466166694,-0.009000000000000341,
512500,2020-04-16,2.648,2.68,2.687,2.642,885930.0,,1.6974726518294958,1.0939268200679124,0.02900000000000036,
512500,2020-04-17,2.687,2.679,2.714,2.673,757873.0,,1.5298507462686537,-0.037313432835833354,-0.001000000000000334,
512500,2020-04-20,2.686,2.709,2.71,2.674,696663.0,,1.3437849944008973,1.1198208286674225,0.03000000000000025,
512500,2020-04-21,2.698,2.691,2.705,2.662,771800.0,,1.5873015873015928,-0.6644518272425337,-0.018000000000000238,
512500,2020-04-22,2.675,2.718,2.719,2.667,842817.0,,1.932367149758456,1.0033444816053563,0.027000000000000135,
512500,2020-04-23,2.718,2.705,2.724,2.699,840844.0,,0.9197939661515951,-0.47829286239881896,-0.0129999999999999,
512500,2020-04-24,2.695,2.663,2.702,2.652,549295.0,,1.8484288354898273,-1.5526802218114697,-0.04200000000000026,
512500,2020-04-27,2.666,2.654,2.677,2.649,738105.0,,1.0514457378895992,-0.33796470146450985,-0.008999999999999897,
512500,2020-04-28,2.657,2.633,2.658,2.576,1301371.0,,3.0896759608138606,-0.7912584777694012,-0.020999999999999908,
512500,2020-04-29,2.624,2.64,2.656,2.62,661323.0,,1.3672616786935068,0.2658564375237416,0.007000000000000117,
512500,2020-04-30,2.648,2.707,2.714,2.648,915616.0,,2.4999999999999933,2.5378787878787774,0.06699999999999973,
512500,2020-05-06,2.68,2.747,2.753,2.68,871617.0,,2.696712227558181,1.4776505356483207,0.040000000000000036,
512500,2020-05-07,2.747,2.746,2.756,2.732,1041451.0,,0.8736803785948153,-0.036403349108113936,-0.0009999999999998899,
512500,2020-05-08,2.755,2.774,2.79,2.755,1027362.0,,1.2745812090313235,1.0196649672250555,0.028000000000000025,
512500,2020-05-11,2.775,2.768,2.801,2.757,634223.0,,1.5861571737563098,-0.21629416005768662,-0.006000000000000227,
512500,2020-05-12,2.768,2.777,2.782,2.748,826271.0,,1.2283236994219584,0.3251445086705326,0.009000000000000341,
512500,2020-05-13,2.777,2.791,2.795,2.761,753523.0,,1.2243428159884697,0.5041411595246593,0.01399999999999979,
512500,2020-05-14,2.788,2.774,2.789,2.769,1232005.0,,0.716589036187747,-0.6091006807595809,-0.016999999999999904,
512500,2020-05-15,2.776,2.775,2.799,2.77,1090773.0,,1.0454217736121094,0.03604902667627577,0.0009999999999998899,
512500,2020-05-18,2.775,2.762,2.791,2.757,693664.0,,1.2252252252252185,-0.4684684684684649,-0.0129999999999999,
512500,2020-05-19,2.775,2.797,2.797,2.775,685256.0,,0.7965242577842232,1.267197682838528,0.03500000000000014,
512500,2020-05-20,2.798,2.776,2.798,2.765,792462.0,,1.1798355380765075,-0.7508044333214283,-0.02100000000000035,
512500,2020-05-21,2.775,2.739,2.783,2.737,595161.0,,1.6570605187319822,-1.3328530259365967,-0.03699999999999992,
512500,2020-05-22,2.738,2.697,2.741,2.685,868916.0,,2.04454180357795,-1.5334063526834545,-0.041999999999999815,
512500,2020-05-25,2.697,2.683,2.701,2.673,679685.0,,1.0381905821282915,-0.519095291064154,-0.014000000000000234,
512500,2020-05-26,2.695,2.735,2.739,2.695,956411.0,,1.6399552739470757,1.9381289601192713,0.052000000000000046,
512500,2020-05-27,2.735,2.718,2.737,2.708,798469.0,,1.0603290676416788,-0.62157221206581,-0.016999999999999904,
512500,2020-05-28,2.718,2.703,2.726,2.675,645031.0,,1.8763796909492332,-0.5518763796909538,-0.015000000000000124,
512500,2020-05-29,2.7,2.73,2.736,2.693,723429.0,,1.5908250092489882,0.9988901220865756,0.027000000000000135,
512500,2020-06-01,2.741,2.821,2.823,2.741,644141.0,,3.0036630036629983,3.33333333333334,0.09100000000000019,
512500,2020-06-02,2.823,2.817,2.836,2.805,570624.0,,1.0989010989010881,-0.14179369018078705,-0.0040000000000000036,
512500,2020-06-03,2.819,2.816,2.841,2.814,705398.0,,0.9584664536741262,-0.035498757543497836,-0.001000000000000334,
512500,2020-06-04,2.817,2.818,2.828,2.803,500959.0,,0.8877840909090878,0.07102272727273522,0.002000000000000224,
512500,2020-06-05,2.817,2.827,2.827,2.804,769158.0,,0.8161816891412396,0.3193754435770013,0.008999999999999897,
512500,2020-06-08,2.833,2.821,2.849,2.815,852925.0,,1.202688362221445,-0.21223912274495166,-0.005999999999999783,
512500,2020-06-09,2.821,2.836,2.841,2.813,1122095.0,,0.9925558312655095,0.5317263381779397,0.01499999999999968,
512500,2020-06-10,2.834,2.838,2.843,2.82,1023743.0,,0.8110014104372402,0.07052186177715881,0.002000000000000224,
512500,2020-06-11,2.837,2.833,2.877,2.815,1167504.0,,2.1846370683579925,-0.17618040873854451,-0.004999999999999893,
512500,2020-06-12,2.808,2.836,2.854,2.792,850660.0,,2.188492763854581,0.10589481115424178,0.0029999999999996696,
512500,2020-06-15,2.838,2.838,2.872,2.833,1233698.0,,1.3751763046544325,0.07052186177715881,0.002000000000000224,
512500,2020-06-16,2.852,2.888,2.889,2.851,827649.0,,1.3389711064129601,1.7618040873854763,0.04999999999999982,
512500,2020-06-17,2.888,2.908,2.912,2.88,586273.0,,1.1080332409972309,0.6925207756232694,0.020000000000000018,
512500,2020-06-18,2.905,2.913,2.918,2.896,646043.0,,0.7565337001375599,0.17193947730398534,0.004999999999999893,
512500,2020-06-19,2.913,2.934,2.949,2.912,741466.0,,1.2701682114658401,0.7209062821833283,0.02100000000000035,
512500,2020-06-22,2.936,2.936,2.957,2.933,931394.0,,0.8179959100204505,0.06816632583502998,0.0019999999999997797,
512500,2020-06-23,2.93,2.944,2.948,2.918,782649.0,,1.0217983651226092,0.2724795640326978,0.008000000000000007,
512500,2020-06-24,2.946,2.948,2.957,2.932,1046856.0,,0.8491847826086927,0.13586956521739144,0.0040000000000000036,
512500,2020-06-29,2.938,2.932,2.947,2.915,767082.0,,1.085481682496609,-0.5427408412483045,-0.016000000000000014,
512500,2020-06-30,2.943,2.978,2.993,2.939,947289.0,,1.8417462482946734,1.568894952251032,0.04600000000000026,
512500,2020-07-01,2.996,2.989,2.996,2.958,662597.0,,1.276024177300195,0.3693754197447843,0.010999999999999677,
512500,2020-07-02,2.989,3.044,3.049,2.981,1136795.0,,2.2750083640013403,1.8400802944128527,0.05500000000000016,
512500,2020-07-03,3.045,3.082,3.083,3.034,1316826.0,,1.6097240473061885,1.248357424441518,0.03799999999999981,
512500,2020-07-06,3.111,3.222,3.246,3.109,1885403.0,,4.445165476963012,4.542504866969504,0.14000000000000012,
512500,2020-07-07,3.253,3.254,3.304,3.221,1605386.0,,2.576039726877708,0.9931719428926141,0.03200000000000003,
512500,2020-07-08,3.251,3.32,3.333,3.241,1120261.0,,2.827289489858638,2.0282728948985813,0.06599999999999984,
512500,2020-07-09,3.321,3.417,3.425,3.321,1273015.0,,3.1325301204819174,2.9216867469879513,0.09699999999999998,
512500,2020-07-10,3.414,3.403,3.444,3.385,1198964.0,,1.726660813579168,-0.40971612525606643,-0.01399999999999979,
512500,2020-07-13,3.412,3.512,3.516,3.412,1111522.0,,3.0561269468116397,3.2030561269468114,0.10899999999999999,
512500,2020-07-14,3.512,3.466,3.512,3.4,1553558.0,,3.1890660592255156,-1.3097949886104732,-0.04599999999999982,
512500,2020-07-15,3.467,3.395,3.493,3.368,1406796.0,,3.606462781304097,-2.048470859780732,-0.07100000000000017,
512500,2020-07-16,3.395,3.233,3.432,3.218,1645487.0,,6.303387334315167,-4.771723122238583,-0.16199999999999992,
512500,2020-07-17,3.236,3.229,3.29,3.202,1331322.0,,2.7219300958861763,-0.12372409526755347,-0.0040000000000000036,
512500,2020-07-20,3.249,3.325,3.326,3.23,1380243.0,,2.973056673892849,2.973056673892849,0.09600000000000009,
512500,2020-07-21,3.338,3.343,3.361,3.317,594098.0,,1.3233082706766928,0.5413533834586404,0.017999999999999794,
512500,2020-07-22,3.341,3.372,3.428,3.333,815394.0,,2.841758899192335,0.867484295542923,0.028999999999999915,
512500,2020-07-23,3.344,3.376,3.387,3.289,1001693.0,,2.906287069988134,0.11862396204033226,0.0040000000000000036,
512500,2020-07-24,3.366,3.215,3.368,3.206,1086173.0,,4.79857819905213,-4.7689573459715655,-0.16100000000000003,
512500,2020-07-27,3.22,3.213,3.239,3.181,745301.0,,1.8040435458786883,-0.06220839813374121,-0.0019999999999997797,
512500,2020-07-28,3.23,3.24,3.258,3.215,985066.0,,1.33831310301899,0.8403361344537856,0.027000000000000135,
512500,2020-07-29,3.228,3.343,3.345,3.225,816610.0,,3.703703703703707,3.1790123456790047,0.10299999999999976,
512500,2020-07-30,3.366,3.324,3.367,3.316,747074.0,,1.5255758300927358,-0.5683517798384723,-0.019000000000000128,
512500,2020-07-31,3.328,3.354,3.388,3.295,1060482.0,,2.79783393501805,0.9025270758122819,0.03000000000000025,
512500,2020-08-03,3.381,3.436,3.438,3.378,923443.0,,1.7889087656529534,2.444841979725696,0.08199999999999985,
512500,2020-08-04,3.449,3.433,3.45,3.412,844776.0,,1.1059371362048969,-0.08731082654249457,-0.0030000000000001137,
512500,2020-08-05,3.433,3.46,3.467,3.398,619662.0,,2.0099038741625384,0.7864841246723023,0.027000000000000135,
512500,2020-08-06,3.46,3.465,3.475,3.4,462859.0,,2.1676300578034735,0.14450867052022812,0.004999999999999893,
512500,2020-08-07,3.455,3.412,3.455,3.365,610128.0,,2.5974025974025934,-1.5295815295815278,-0.052999999999999936,
512500,2020-08-10,3.402,3.437,3.462,3.39,626241.0,,2.1101992966002365,0.732708089097301,0.02499999999999991,
512500,2020-08-11,3.436,3.367,3.456,3.366,541891.0,,2.6185627000290914,-2.036659877800403,-0.06999999999999984,
512500,2020-08-12,3.367,3.328,3.368,3.273,920892.0,,2.821502821502814,-1.1583011583011626,-0.039000000000000146,
512500,2020-08-13,3.335,3.342,3.364,3.33,530399.0,,1.0216346153846096,0.42067307692308403,0.014000000000000234,
512500,2020-08-14,3.344,3.391,3.395,3.325,786294.0,,2.0945541591861114,1.4661879114302792,0.04899999999999993,
512500,2020-08-17,3.412,3.442,3.45,3.38,816239.0,,2.0642878207018662,1.5039811265113583,0.051000000000000156,
512500,2020-08-18,3.438,3.466,3.481,3.438,644833.0,,1.2492736780941227,0.6972690296339343,0.02400000000000002,
512500,2020-08-19,3.477,3.406,3.477,3.405,663224.0,,2.0773225620311617,-1.7311021350259679,-0.06000000000000005,
512500,2020-08-20,3.388,3.379,3.414,3.363,668010.0,,1.4973576042278378,-0.7927187316500334,-0.027000000000000135,
512500,2020-08-21,3.379,3.397,3.421,3.37,589531.0,,1.5093222846996066,0.5327019828351522,0.017999999999999794,
512500,2020-08-24,3.4,3.409,3.422,3.368,766044.0,,1.5896379158080738,0.3532528701795705,0.01200000000000001,
512500,2020-08-25,3.416,3.392,3.442,3.386,584857.0,,1.6427104722792623,-0.4986799647990585,-0.016999999999999904,
512500,2020-08-26,3.392,3.341,3.402,3.325,652256.0,,2.2700471698113196,-1.503537735849048,-0.05099999999999971,
512500,2020-08-27,3.333,3.367,3.367,3.321,451656.0,,1.3768332834480639,0.7782101167315115,0.0259999999999998,
512500,2020-08-28,3.36,3.425,3.431,3.348,837381.0,,2.4651024651024707,1.7226017226017176,0.05799999999999983,
512500,2020-08-31,3.445,3.407,3.462,3.403,922894.0,,1.7226277372262824,-0.5255474452554685,-0.017999999999999794,
512500,2020-09-01,3.407,3.435,3.435,3.396,480549.0,,1.1447020839448236,0.8218373936014095,0.028000000000000025,
512500,2020-09-02,3.434,3.429,3.445,3.395,714438.0,,1.4556040756914068,-0.17467248908297606,-0.006000000000000227,
512500,2020-09-03,3.429,3.41,3.44,3.392,293121.0,,1.3998250218722672,-0.5540974044910961,-0.018999999999999684,
512500,2020-09-04,3.353,3.39,3.404,3.35,871376.0,,1.5835777126099653,-0.5865102639296192,-0.020000000000000018,
512500,2020-09-07,3.381,3.316,3.413,3.3,769891.0,,3.3333333333333326,-2.1828908554572353,-0.07400000000000029,
512500,2020-09-08,3.321,3.335,3.35,3.293,814243.0,,1.7189384800965002,0.5729794933655045,0.019000000000000128,
512500,2020-09-09,3.31,3.252,3.314,3.229,1091697.0,,2.548725637181408,-2.488755622188911,-0.08300000000000018,
512500,2020-09-10,3.266,3.196,3.281,3.182,636438.0,,3.0442804428044345,-1.72201722017219,-0.055999999999999606,
512500,2020-09-11,3.182,3.222,3.23,3.181,755555.0,,1.5331664580725886,0.813516896120144,0.0259999999999998,
512500,2020-09-14,3.24,3.251,3.26,3.219,748578.0,,1.2725015518311584,0.9000620732464281,0.028999999999999915,
512500,2020-09-15,3.24,3.262,3.269,3.235,390109.0,,1.045832051676415,0.3383574284835472,0.01100000000000012,
512500,2020-09-16,3.263,3.253,3.264,3.237,547968.0,,0.8277130594727067,-0.2759043531575689,-0.008999999999999897,
512500,2020-09-17,3.252,3.258,3.288,3.22,869993.0,,2.090378112511516,0.15370427297878553,0.004999999999999893,
512500,2020-09-18,3.26,3.318,3.318,3.25,822991.0,,2.0871700429711497,1.8416206261510144,0.06000000000000005,
512500,2020-09-21,3.338,3.3,3.338,3.29,741694.0,,1.4466546112115746,-0.5424954792043472,-0.018000000000000238,
512500,2020-09-22,3.287,3.256,3.31,3.238,775203.0,,2.181818181818184,-1.3333333333333346,-0.04400000000000004,
512500,2020-09-23,3.255,3.27,3.28,3.251,410524.0,,0.8906633906633882,0.4299754299754372,0.014000000000000234,
512500,2020-09-24,3.25,3.204,3.256,3.196,453882.0,,1.8348623853210888,-2.018348623853206,-0.06599999999999984,
512500,2020-09-25,3.206,3.2,3.222,3.181,647542.0,,1.2796504369538053,-0.12484394506866428,-0.0040000000000000036,
512500,2020-09-28,3.2,3.168,3.211,3.159,617894.0,,1.6250000000000013,-1.0000000000000009,-0.03200000000000003,
512500,2020-09-29,3.18,3.187,3.219,3.169,1194841.0,,1.5782828282828225,0.5997474747474647,0.018999999999999684,
512500,2020-09-30,3.19,3.168,3.214,3.146,1152250.0,,2.1336680263570775,-0.5961719485409378,-0.018999999999999684,
512500,2020-10-09,3.213,3.249,3.263,3.213,483370.0,,1.5782828282828225,2.5568181818181808,0.08099999999999996,
512500,2020-10-12,3.268,3.351,3.351,3.268,683504.0,,2.5546321945213966,3.139427516158814,0.10199999999999987,
512500,2020-10-13,3.37,3.351,3.37,3.315,695805.0,,1.6413011041480203,0.0,0.0,
512500,2020-10-14,3.351,3.335,3.351,3.327,479075.0,,0.7162041181736801,-0.4774694121157868,-0.016000000000000014,
512500,2020-10-15,3.336,3.312,3.34,3.307,506618.0,,0.9895052473763094,-0.689655172413797,-0.02300000000000013,
512500,2020-10-16,3.314,3.292,3.321,3.267,514377.0,,1.630434782608704,-0.6038647342995175,-0.020000000000000018,
512500,2020-10-19,3.305,3.256,3.325,3.246,903815.0,,2.3997569866342707,-1.0935601458080206,-0.03600000000000003,
512500,2020-10-20,3.248,3.284,3.287,3.241,617871.0,,1.4127764127764073,0.8599508599508608,0.028000000000000025,
512500,2020-10-21,3.281,3.255,3.288,3.236,876809.0,,1.5834348355663705,-0.8830694275274031,-0.028999999999999915,
512500,2020-10-22,3.25,3.238,3.25,3.205,652430.0,,1.3824884792626706,-0.522273425499229,-0.016999999999999904,
512500,2020-10-23,3.236,3.188,3.262,3.179,709624.0,,2.563310685608406,-1.5441630636195127,-0.04999999999999982,
512500,2020-10-26,3.176,3.186,3.2,3.137,698933.0,,1.9761606022584743,-0.06273525721456161,-0.002000000000000224,
512500,2020-10-27,3.17,3.182,3.192,3.163,579371.0,,0.9102322661644808,-0.1255492780916511,-0.0040000000000000036,
512500,2020-10-28,3.185,3.201,3.204,3.156,551022.0,,1.5084852294154634,0.5971087366436244,0.019000000000000128,
512500,2020-10-29,3.15,3.205,3.224,3.15,1715270.0,,2.3117775695095375,0.12496094970321785,0.0040000000000000036,
512500,2020-10-30,3.205,3.136,3.219,3.131,823506.0,,2.7457098283931383,-2.152886115444616,-0.06899999999999995,
512500,2020-11-02,3.138,3.146,3.164,3.13,637697.0,,1.0841836734693957,0.3188775510204014,0.009999999999999787,
512500,2020-11-03,3.157,3.194,3.203,3.152,622857.0,,1.621106166560703,1.5257469802924362,0.04800000000000004,
512500,2020-11-04,3.204,3.191,3.207,3.164,893607.0,,1.346274264245451,-0.09392611145898916,-0.0030000000000001137,
512500,2020-11-05,3.223,3.257,3.263,3.209,709783.0,,1.6922594797868955,2.0683171419617765,0.06600000000000028,
512500,2020-11-06,3.265,3.233,3.265,3.202,531225.0,,1.934295363831752,-0.7368744243168566,-0.02400000000000002,
512500,2020-11-09,3.236,3.285,3.31,3.236,1409976.0,,2.2888957624497324,1.608413238478195,0.052000000000000046,
512500,2020-11-10,3.3,3.262,3.3,3.244,682932.0,,1.704718417047172,-0.700152207001526,-0.02300000000000013,
512500,2020-11-11,3.252,3.223,3.269,3.222,525741.0,,1.4408338442673254,-1.1955855303494833,-0.039000000000000146,
512500,2020-11-12,3.223,3.232,3.249,3.217,549007.0,,0.9928637914986047,0.2792429413589929,0.009000000000000341,
512500,2020-11-13,3.23,3.233,3.24,3.196,856344.0,,1.3613861386138624,0.03094059405940253,0.0009999999999998899,
512500,2020-11-16,3.243,3.272,3.277,3.228,689710.0,,1.5156201670275264,1.206309928858636,0.0389999999999997,
512500,2020-11-17,3.27,3.249,3.27,3.234,369584.0,,1.1002444987775073,-0.7029339853300638,-0.022999999999999687,
512500,2020-11-18,3.245,3.244,3.276,3.236,586377.0,,1.231148045552465,-0.1538935056940564,-0.004999999999999893,
512500,2020-11-19,3.238,3.266,3.27,3.223,485316.0,,1.448828606658451,0.6781750924784155,0.021999999999999797,
512500,2020-11-20,3.262,3.291,3.3,3.26,691937.0,,1.2247397428046551,0.7654623392529061,0.02499999999999991,
512500,2020-11-23,3.291,3.315,3.345,3.278,675969.0,,2.0358553631115215,0.729261622607111,0.02400000000000002,
512500,2020-11-24,3.313,3.311,3.325,3.304,432064.0,,0.6334841628959382,-0.1206636500754149,-0.0040000000000000036,
512500,2020-11-25,3.319,3.26,3.327,3.259,541705.0,,2.053760193295079,-1.5403201449713124,-0.051000000000000156,
512500,2020-11-26,3.252,3.249,3.264,3.228,659278.0,,1.1042944785275948,-0.3374233128834257,-0.010999999999999677,
512500,2020-11-27,3.249,3.26,3.262,3.213,727357.0,,1.508156355801783,0.3385657125269214,0.010999999999999677,
512500,2020-11-30,3.261,3.239,3.284,3.23,768985.0,,1.6564417177914057,-0.6441717791411016,-0.020999999999999908,
512500,2020-12-01,3.239,3.291,3.305,3.234,1385796.0,,2.1920345785736393,1.6054337758567474,0.052000000000000046,
512500,2020-12-02,3.296,3.292,3.3,3.272,771524.0,,0.8508052263749628,0.03038590094195958,0.0009999999999998899,
512500,2020-12-03,3.29,3.305,3.315,3.271,1070541.0,,1.336573511543136,0.39489671931957304,0.013000000000000345,
512500,2020-12-04,3.295,3.316,3.319,3.28,592596.0,,1.1800302571860861,0.33282904689862863,0.010999999999999677,
512500,2020-12-07,3.316,3.293,3.323,3.284,755858.0,,1.1761158021712952,-0.6936067551266493,-0.022999999999999687,
512500,2020-12-08,3.293,3.291,3.312,3.288,598825.0,,0.7288187063467968,-0.06073489219557315,-0.002000000000000224,
512500,2020-12-09,3.294,3.238,3.299,3.235,803741.0,,1.9446976602856294,-1.6104527499240333,-0.052999999999999936,
512500,2020-12-10,3.238,3.249,3.261,3.218,525742.0,,1.3279802347127903,0.33971587399629777,0.01100000000000012,
512500,2020-12-11,3.243,3.197,3.26,3.171,680245.0,,2.7393044013542616,-1.6004924592182224,-0.052000000000000046,
512500,2020-12-14,3.197,3.219,3.228,3.181,635644.0,,1.4701282452299078,0.6881451360650546,0.021999999999999797,
512500,2020-12-15,3.219,3.224,3.228,3.204,409833.0,,0.7455731593662634,0.15532774153464857,0.0050000000000003375,
512500,2020-12-16,3.254,3.213,3.254,3.201,316992.0,,1.6439205955334966,-0.34119106699752233,-0.01100000000000012,
512500,2020-12-17,3.213,3.25,3.254,3.185,859281.0,,2.14752567693744,1.1515717398070315,0.03699999999999992,
512500,2020-12-18,3.25,3.239,3.259,3.225,693809.0,,1.0461538461538402,-0.33846153846154214,-0.01100000000000012,
512500,2020-12-21,3.23,3.289,3.3,3.23,575829.0,,2.1611608521148455,1.543686322939187,0.050000000000000266,
512500,2020-12-22,3.28,3.227,3.288,3.22,937486.0,,2.067497719671621,-1.88507145028885,-0.06200000000000028,
512500,2020-12-23,3.27,3.244,3.27,3.217,700037.0,,1.642392314843506,0.5268050821196265,0.017000000000000348,
512500,2020-12-24,3.245,3.203,3.245,3.193,820958.0,,1.6029593094944525,-1.2638717632552519,-0.04100000000000037,
512500,2020-12-25,3.203,3.234,3.241,3.19,724383.0,,1.5922572588198614,0.9678426475179562,0.03100000000000014,
512500,2020-12-28,3.23,3.213,3.241,3.202,918378.0,,1.205936920222639,-0.6493506493506466,-0.020999999999999908,
512500,2020-12-29,3.211,3.198,3.24,3.191,796617.0,,1.5250544662309484,-0.4668534080298825,-0.015000000000000124,
512500,2020-12-30,3.196,3.224,3.243,3.186,539515.0,,1.782363977485927,0.8130081300813086,0.026000000000000245,
512500,2020-12-31,3.225,3.276,3.28,3.225,1597321.0,,1.7059553349875842,1.612903225806439,0.0519999999999996,
512500,2021-01-04,3.282,3.327,3.351,3.269,1166488.0,,2.5030525030524986,1.5567765567765617,0.051000000000000156,
512500,2021-01-05,3.326,3.36,3.366,3.313,868234.0,,1.5930267508265685,0.9918845807033339,0.03299999999999992,
512500,2021-01-06,3.357,3.356,3.388,3.33,724786.0,,1.7261904761904712,-0.11904761904761917,-0.0040000000000000036,
512500,2021-01-07,3.351,3.374,3.382,3.339,377735.0,,1.281287246722293,0.5363528009535232,0.018000000000000238,
512500,2021-01-08,3.374,3.38,3.402,3.343,717057.0,,1.7486662714878531,0.1778304682868934,0.005999999999999783,
512500,2021-01-11,3.378,3.334,3.382,3.3,921011.0,,2.4260355029585887,-1.360946745562125,-0.04599999999999982,
512500,2021-01-12,3.329,3.363,3.368,3.316,1375080.0,,1.5596880623875238,0.8698260347930389,0.028999999999999915,
512500,2021-01-13,3.37,3.347,3.37,3.327,1005042.0,,1.2786202795123447,-0.4757656853999409,-0.016000000000000014,
512500,2021-01-14,3.345,3.325,3.361,3.301,724205.0,,1.7926501344487615,-0.6573050492978727,-0.021999999999999797,
512500,2021-01-15,3.341,3.301,3.341,3.27,774087.0,,2.135338345864667,-0.7218045112781961,-0.02400000000000002,
512500,2021-01-18,3.299,3.354,3.362,3.29,1216909.0,,2.18115722508331,1.6055740684641,0.052999999999999936,
512500,2021-01-19,3.354,3.335,3.367,3.33,567731.0,,1.1031604054859845,-0.5664877757901051,-0.019000000000000128,
512500,2021-01-20,3.338,3.363,3.368,3.325,591977.0,,1.2893553223388219,0.8395802098950532,0.028000000000000025,
512500,2021-01-21,3.366,3.41,3.427,3.366,467508.0,,1.8138566755872716,1.39756170086233,0.04700000000000015,
512500,2021-01-22,3.41,3.416,3.422,3.386,617897.0,,1.0557184750733146,0.17595307917887928,0.005999999999999783,
512500,2021-01-25,3.415,3.426,3.455,3.4,463050.0,,1.6100702576112458,0.29274004683841426,0.010000000000000231,
512500,2021-01-26,3.42,3.368,3.42,3.356,354442.0,,1.868067717454759,-1.6929363689433823,-0.058000000000000274,
512500,2021-01-27,3.36,3.376,3.383,3.346,440788.0,,1.0985748218527294,0.23752969121140166,0.008000000000000007,
512500,2021-01-28,3.361,3.315,3.361,3.307,396960.0,,1.5995260663507191,-1.8068720379146905,-0.06099999999999994,
512500,2021-01-29,3.321,3.268,3.337,3.22,710890.0,,3.5294117647058822,-1.4177978883861284,-0.04700000000000015,
512500,2021-02-01,3.283,3.291,3.295,3.265,621534.0,,0.9179926560587457,0.7037943696450469,0.02300000000000013,
512500,2021-02-02,3.292,3.321,3.327,3.277,685237.0,,1.519295047098141,0.9115770282588954,0.03000000000000025,
512500,2021-02-03,3.316,3.303,3.337,3.302,438735.0,,1.053899427883172,-0.5420054200542077,-0.018000000000000238,
512500,2021-02-04,3.301,3.265,3.302,3.226,590648.0,,2.3009385407205594,-1.1504692703602728,-0.03799999999999981,
512500,2021-02-05,3.261,3.221,3.286,3.217,435478.0,,2.113323124042877,-1.3476263399693733,-0.04400000000000004,
512500,2021-02-08,3.221,3.26,3.274,3.208,578902.0,,2.0490530891027583,1.210804098106169,0.0389999999999997,
512500,2021-02-09,3.267,3.324,3.335,3.261,466038.0,,2.269938650306744,1.9631901840490815,0.06400000000000006,
512500,2021-02-10,3.325,3.363,3.373,3.31,1082838.0,,1.8953068592057813,1.1732851985559611,0.039000000000000146,
512500,2021-02-18,3.416,3.41,3.453,3.38,352224.0,,2.170680939637227,1.39756170086233,0.04700000000000015,
512500,2021-02-19,3.406,3.459,3.46,3.379,856710.0,,2.375366568914955,1.436950146627564,0.04899999999999993,
512500,2021-02-22,3.465,3.434,3.522,3.433,814266.0,,2.5729979762937254,-0.7227522405319431,-0.02499999999999991,
512500,2021-02-23,3.433,3.42,3.449,3.408,912006.0,,1.1939429237041328,-0.40768782760629685,-0.014000000000000234,
512500,2021-02-24,3.418,3.369,3.436,3.344,981031.0,,2.690058479532166,-1.4912280701754301,-0.05099999999999971,
512500,2021-02-25,3.385,3.359,3.409,3.338,529251.0,,2.107450281982776,-0.2968239833778638,-0.010000000000000231,
512500,2021-02-26,3.309,3.281,3.335,3.268,682649.0,,1.9946412622804457,-2.3221196784757323,-0.07799999999999985,
512500,2021-03-01,3.287,3.344,3.345,3.287,622944.0,,1.7677537336178077,1.9201462968607048,0.06299999999999972,
512500,2021-03-02,3.35,3.316,3.35,3.295,565045.0,,1.644736842105268,-0.8373205741626801,-0.028000000000000025,
512500,2021-03-03,3.322,3.36,3.364,3.315,377942.0,,1.477683956574184,1.3268998793727396,0.04400000000000004,
512500,2021-03-04,3.35,3.307,3.35,3.29,627998.0,,1.7857142857142874,-1.5773809523809506,-0.052999999999999936,
512500,2021-03-05,3.29,3.31,3.327,3.265,983577.0,,1.8748110069549389,0.09071666162685557,0.0030000000000001137,
512500,2021-03-08,3.315,3.232,3.354,3.224,732677.0,,3.927492447129906,-2.3564954682779407,-0.07799999999999985,
512500,2021-03-09,3.231,3.157,3.231,3.118,1901949.0,,3.4962871287128707,-2.320544554455451,-0.07500000000000018,
512500,2021-03-10,3.183,3.121,3.193,3.118,786527.0,,2.37567310738043,-1.1403230915426048,-0.03600000000000003,
512500,2021-03-11,3.133,3.209,3.21,3.112,813375.0,,3.140019224607493,2.8196090996475514,0.08800000000000008,
512500,2021-03-12,3.228,3.209,3.228,3.161,1104153.0,,2.087877843564979,0.0,0.0,
512500,2021-03-15,3.185,3.191,3.213,3.153,607746.0,,1.8697413524462465,-0.5609224057338809,-0.018000000000000238,
512500,2021-03-16,3.19,3.189,3.212,3.162,574048.0,,1.56690692572862,-0.06267627702913757,-0.0019999999999997797,
512500,2021-03-17,3.183,3.207,3.214,3.153,454404.0,,1.9128253370962665,0.5644402634054498,0.017999999999999794,
512500,2021-03-18,3.207,3.229,3.25,3.205,514538.0,,1.403180542563141,0.6859993763642108,0.02200000000000024,
512500,2021-03-19,3.2,3.208,3.228,3.182,620821.0,,1.4245896562403302,-0.6503561474140572,-0.020999999999999908,
512500,2021-03-22,3.209,3.244,3.254,3.201,590322.0,,1.6521197007481276,1.1221945137157117,0.03600000000000003,
512500,2021-03-23,3.245,3.213,3.256,3.195,683123.0,,1.8803945745992583,-0.9556103575832349,-0.03100000000000014,
512500,2021-03-24,3.201,3.176,3.22,3.167,467527.0,,1.6495487083722498,-1.1515717398070315,-0.03699999999999992,
512500,2021-03-25,3.17,3.183,3.2,3.153,531697.0,,1.4798488664987453,0.22040302267001488,0.006999999999999673,
512500,2021-03-26,3.185,3.222,3.233,3.185,509606.0,,1.508011310084827,1.2252591894439255,0.039000000000000146,
512500,2021-03-29,3.222,3.225,3.236,3.203,631230.0,,1.0242085661080187,0.09310986964618603,0.0030000000000001137,
512500,2021-03-30,3.224,3.235,3.243,3.207,323804.0,,1.1162790697674427,0.3100775193798383,0.009999999999999787,
512500,2021-03-31,3.236,3.231,3.236,3.198,447946.0,,1.1746522411128364,-0.12364760432766626,-0.0040000000000000036,
512500,2021-04-01,3.23,3.253,3.264,3.218,321616.0,,1.4237078303930615,0.6809037449706048,0.02200000000000024,
512500,2021-04-02,3.254,3.261,3.271,3.242,505181.0,,0.8914847832769724,0.2459268367660623,0.008000000000000007,
512500,2021-04-06,3.266,3.267,3.29,3.257,479912.0,,1.0119595216191328,0.18399264029438156,0.005999999999999783,
512500,2021-04-07,3.267,3.271,3.277,3.242,397000.0,,1.0713192531374394,0.12243648607284982,0.0040000000000000036,
512500,2021-04-08,3.271,3.284,3.294,3.252,250765.0,,1.2840110058086291,0.3974319779883797,0.0129999999999999,
512500,2021-04-09,3.279,3.274,3.285,3.257,417417.0,,0.8526187576126683,-0.30450669914737477,-0.009999999999999787,
512500,2021-04-12,3.27,3.222,3.274,3.207,490008.0,,2.04642638973733,-1.5882712278558353,-0.052000000000000046,
512500,2021-04-13,3.218,3.21,3.232,3.201,266053.0,,0.9621353196772234,-0.3724394785847303,-0.01200000000000001,
512500,2021-04-14,3.209,3.236,3.247,3.207,358164.0,,1.2461059190031165,0.8099688473520326,0.026000000000000245,
512500,2021-04-15,3.237,3.236,3.246,3.204,273154.0,,1.2978986402966568,0.0,0.0,
512500,2021-04-16,3.24,3.283,3.284,3.24,584937.0,,1.3597033374536338,1.4524103831891133,0.04699999999999971,
512500,2021-04-19,3.281,3.313,3.323,3.263,522847.0,,1.8275967103259232,0.9137983551629684,0.03000000000000025,
512500,2021-04-20,3.31,3.322,3.336,3.303,362843.0,,0.9960760639903387,0.271657108360999,0.008999999999999897,
512500,2021-04-21,3.311,3.315,3.325,3.29,220742.0,,1.0535821794099982,-0.2107164358820023,-0.007000000000000117,
512500,2021-04-22,3.326,3.325,3.34,3.313,391690.0,,0.8144796380090404,0.30165912518854393,0.010000000000000231,
512500,2021-04-23,3.325,3.34,3.343,3.307,332101.0,,1.0827067669172943,0.4511278195488626,0.01499999999999968,
512500,2021-04-26,3.34,3.327,3.382,3.324,339633.0,,1.7365269461077928,-0.3892215568862246,-0.0129999999999999,
512500,2021-04-27,3.322,3.325,3.343,3.309,405297.0,,1.0219416892094924,-0.0601142170123168,-0.0019999999999997797,
512500,2021-04-28,3.324,3.351,3.355,3.305,253038.0,,1.5037593984962352,0.7819548872180391,0.0259999999999998,
512500,2021-04-29,3.348,3.351,3.358,3.334,280822.0,,0.7162041181736801,0.0,0.0,
512500,2021-04-30,3.352,3.355,3.364,3.322,302530.0,,1.2533572068039336,0.1193673530289467,0.0040000000000000036,
512500,2021-05-06,3.354,3.343,3.384,3.326,243891.0,,1.728763040238445,-0.3576751117734727,-0.01200000000000001,
512500,2021-05-07,3.346,3.335,3.375,3.33,247419.0,,1.3460963206700547,-0.23930601256356587,-0.008000000000000007,
512500,2021-05-10,3.335,3.342,3.358,3.325,315735.0,,0.9895052473763094,0.20989505247376666,0.007000000000000117,
512500,2021-05-11,3.336,3.335,3.343,3.283,264441.0,,1.795332136445244,-0.2094554159186151,-0.007000000000000117,
512500,2021-05-12,3.329,3.37,3.376,3.315,317932.0,,1.8290854572713626,1.0494752623688197,0.03500000000000014,
512500,2021-05-13,3.348,3.33,3.363,3.323,454335.0,,1.1869436201780426,-1.1869436201780426,-0.040000000000000036,
512500,2021-05-14,3.336,3.384,3.386,3.325,637876.0,,1.8318318318318303,1.6216216216216166,0.053999999999999826,
512500,2021-05-17,3.372,3.4,3.422,3.372,845471.0,,1.4775413711584002,0.472813238770686,0.016000000000000014,
512500,2021-05-18,3.395,3.411,3.419,3.395,523670.0,,0.7058823529411771,0.32352941176470945,0.01100000000000012,
512500,2021-05-19,3.411,3.412,3.413,3.384,594556.0,,0.8501905599530905,0.02931691586044825,0.0009999999999998899,
512500,2021-05-20,3.403,3.393,3.409,3.366,438174.0,,1.2602579132473537,-0.5568581477139545,-0.019000000000000128,
512500,2021-05-21,3.393,3.38,3.403,3.37,326299.0,,0.9725906277630392,-0.38314176245210435,-0.0129999999999999,
512500,2021-05-24,3.38,3.389,3.403,3.361,346319.0,,1.2426035502958526,0.2662721893491094,0.008999999999999897,
512500,2021-05-25,3.389,3.428,3.438,3.384,464295.0,,1.5933903806432657,1.1507819415756904,0.039000000000000146,
512500,2021-05-26,3.435,3.43,3.437,3.42,319682.0,,0.49591598599766346,0.05834305717620256,0.002000000000000224,
512500,2021-05-27,3.43,3.457,3.463,3.425,565726.0,,1.1078717201166255,0.7871720116617985,0.02699999999999969,
512500,2021-05-28,3.457,3.459,3.476,3.44,593935.0,,1.0413653456754421,0.05785363031530876,0.002000000000000224,
512500,2021-05-31,3.456,3.48,3.485,3.45,423829.0,,1.011853136744715,0.6071118820468316,0.020999999999999908,
512500,2021-06-01,3.477,3.487,3.492,3.444,918337.0,,1.3793103448275874,0.2011494252873597,0.007000000000000117,
512500,2021-06-02,3.485,3.469,3.494,3.459,420518.0,,1.0037281330656767,-0.5162030398623526,-0.018000000000000238,
512500,2021-06-03,3.467,3.45,3.494,3.45,329548.0,,1.268377053906026,-0.5477082732775925,-0.018999999999999684,
512500,2021-06-04,3.444,3.474,3.49,3.435,330696.0,,1.594202898550729,0.695652173913044,0.02400000000000002,
512500,2021-06-07,3.474,3.482,3.491,3.464,652706.0,,0.7772020725388639,0.23028209556706986,0.008000000000000007,
512500,2021-06-08,3.487,3.468,3.504,3.451,446266.0,,1.5221137277426748,-0.40206777713958164,-0.014000000000000234,
512500,2021-06-09,3.468,3.473,3.484,3.459,222465.0,,0.7208765859284866,0.14417531718569473,0.004999999999999893,
512500,2021-06-10,3.472,3.513,3.52,3.472,375143.0,,1.3820904117477697,1.1517420097898081,0.040000000000000036,
512500,2021-06-11,3.514,3.498,3.522,3.491,218410.0,,0.8824366638200881,-0.4269854824935861,-0.01499999999999968,
512500,2021-06-15,3.496,3.46,3.51,3.452,215945.0,,1.6580903373356153,-1.086335048599207,-0.038000000000000256,
512500,2021-06-16,3.46,3.411,3.46,3.406,884392.0,,1.5606936416184922,-1.416184971098264,-0.04899999999999993,
512500,2021-06-17,3.4,3.43,3.438,3.398,237481.0,,1.1726766344180601,0.5570214013485819,0.019000000000000128,
512500,2021-06-18,3.434,3.468,3.471,3.424,346340.0,,1.3702623906705582,1.1078717201166126,0.03799999999999981,
512500,2021-06-21,3.452,3.481,3.496,3.452,325549.0,,1.2687427912341418,0.3748558246828114,0.0129999999999999,
512500,2021-06-22,3.49,3.501,3.505,3.477,335014.0,,0.804366561332951,0.5745475438092508,0.020000000000000018,
512500,2021-06-23,3.501,3.535,3.54,3.495,394215.0,,1.2853470437017975,0.9711510996858113,0.03400000000000025,
512500,2021-06-24,3.535,3.521,3.535,3.51,419156.0,,0.7072135785007172,-0.3960396039604026,-0.014000000000000234,
512500,2021-06-25,3.52,3.549,3.558,3.513,599301.0,,1.2780460096563455,0.7952286282306171,0.028000000000000025,
512500,2021-06-28,3.559,3.545,3.564,3.536,345932.0,,0.788954635108482,-0.11270780501549743,-0.0040000000000000036,
512500,2021-06-29,3.542,3.525,3.557,3.513,337998.0,,1.2411847672778573,-0.5641748942172078,-0.020000000000000018,
512500,2021-06-30,3.522,3.537,3.549,3.519,316693.0,,0.8510638297872285,0.34042553191489394,0.01200000000000001,
512500,2021-07-01,3.547,3.506,3.56,3.498,403881.0,,1.7528979361040382,-0.8764489680520255,-0.03100000000000014,
512500,2021-07-02,3.5,3.472,3.503,3.468,356466.0,,0.9982886480319494,-0.9697661152310272,-0.03399999999999981,
512500,2021-07-05,3.474,3.492,3.501,3.473,397760.0,,0.8064516129032264,0.5760368663594475,0.020000000000000018,
512500,2021-07-06,3.492,3.494,3.512,3.46,365644.0,,1.4891179839633462,0.05727376861398121,0.002000000000000224,
512500,2021-07-07,3.487,3.525,3.53,3.47,297506.0,,1.717229536348014,0.8872352604464709,0.030999999999999694,
512500,2021-07-08,3.537,3.519,3.543,3.515,222890.0,,0.7943262411347525,-0.17021276595744067,-0.005999999999999783,
512500,2021-07-09,3.517,3.55,3.553,3.493,269884.0,,1.705029838022167,0.88093208297811,0.030999999999999694,
512500,2021-07-12,3.56,3.599,3.616,3.558,317070.0,,1.633802816901416,1.3802816901408559,0.04900000000000038,
512500,2021-07-13,3.6,3.634,3.638,3.592,330763.0,,1.278132814670737,0.9724923589885995,0.0349999999999997,
512500,2021-07-14,3.636,3.612,3.637,3.598,454810.0,,1.0731975784259808,-0.6053935057787506,-0.021999999999999797,
512500,2021-07-15,3.603,3.619,3.622,3.574,382105.0,,1.328903654485051,0.19379844961240636,0.007000000000000117,
512500,2021-07-16,3.617,3.626,3.65,3.61,743966.0,,1.1052777010223829,0.1934235976789078,0.006999999999999673,
512500,2021-07-19,3.619,3.606,3.626,3.568,290173.0,,1.5995587424158808,-0.5515719801434092,-0.020000000000000018,
512500,2021-07-20,3.591,3.604,3.61,3.578,394902.0,,0.8874098724348316,-0.05546311702717082,-0.0019999999999997797,
512500,2021-07-21,3.604,3.647,3.656,3.604,404541.0,,1.4428412874583807,1.1931187569367288,0.042999999999999705,
512500,2021-07-22,3.66,3.669,3.672,3.64,298028.0,,0.877433506992049,0.6032355360570398,0.02200000000000024,
512500,2021-07-23,3.663,3.664,3.69,3.643,331079.0,,1.2810029980921274,-0.1362769146906485,-0.004999999999999893,
512500,2021-07-26,3.661,3.602,3.661,3.556,551953.0,,2.865720524017467,-1.6921397379912737,-0.06200000000000028,
512500,2021-07-27,3.599,3.524,3.62,3.518,755835.0,,2.8317601332593094,-2.1654636313159314,-0.07799999999999985,
512500,2021-07-28,3.517,3.472,3.517,3.428,1476426.0,,2.525539160045402,-1.4755959137343941,-0.052000000000000046,
512500,2021-07-29,3.49,3.531,3.539,3.49,884194.0,,1.4112903225806432,1.6993087557603734,0.05900000000000016,
512500,2021-07-30,3.521,3.543,3.544,3.504,583999.0,,1.1328235627301058,0.33984706881903176,0.01200000000000001,
512500,2021-08-02,3.554,3.589,3.598,3.53,917626.0,,1.9192774484899817,1.2983347445667461,0.04599999999999982,
512500,2021-08-03,3.567,3.567,3.594,3.559,538923.0,,0.9752020061298328,-0.6129841181387516,-0.021999999999999797,
512500,2021-08-04,3.554,3.616,3.62,3.554,363767.0,,1.8502943650126236,1.373703392206334,0.04899999999999993,
512500,2021-08-05,3.6,3.615,3.631,3.598,420532.0,,0.9126106194690243,-0.02765486725663412,-0.0009999999999998899,
512500,2021-08-06,3.626,3.628,3.634,3.604,343191.0,,0.8298755186721938,0.3596127247579502,0.0129999999999999,
512500,2021-08-09,3.626,3.645,3.654,3.602,245523.0,,1.4332965821389207,0.4685777287761826,0.016999999999999904,
512500,2021-08-10,3.645,3.671,3.672,3.638,220470.0,,0.9327846364883472,0.7133058984910783,0.0259999999999998,
512500,2021-08-11,3.672,3.696,3.7,3.661,193006.0,,1.0623808226641283,0.6810133478616278,0.025000000000000355,
512500,2021-08-12,3.692,3.72,3.73,3.683,229200.0,,1.2716450216450257,0.6493506493506499,0.02400000000000002,
512500,2021-08-13,3.705,3.718,3.732,3.692,303040.0,,1.0752688172043021,-0.05376344086022107,-0.002000000000000224,
512500,2021-08-16,3.709,3.697,3.722,3.689,591307.0,,0.8875739644970392,-0.564819795589024,-0.020999999999999908,
512500,2021-08-17,3.696,3.613,3.699,3.604,469268.0,,2.5696510684338585,-2.2721125236678406,-0.08400000000000007,
512500,2021-08-18,3.609,3.627,3.639,3.598,446939.0,,1.1347910323830592,0.3874896208137224,0.01399999999999979,
512500,2021-08-19,3.627,3.635,3.652,3.591,521532.0,,1.6818307140887772,0.2205679625034466,0.008000000000000007,
512500,2021-08-20,3.63,3.622,3.638,3.587,619970.0,,1.4030261348005424,-0.3576341127922944,-0.0129999999999999,
512500,2021-08-23,3.622,3.679,3.687,3.622,511349.0,,1.7945886250690213,1.5737161789066798,0.05699999999999994,
512500,2021-08-24,3.683,3.713,3.727,3.664,404263.0,,1.7124218537646025,0.9241641750475742,0.03400000000000025,
512500,2021-08-25,3.713,3.742,3.742,3.695,190015.0,,1.2658227848101307,0.7810395906275226,0.028999999999999915,
512500,2021-08-26,3.74,3.728,3.755,3.724,606480.0,,0.8284339925173622,-0.3741314804917101,-0.01399999999999979,
512500,2021-08-27,3.725,3.754,3.764,3.712,349576.0,,1.3948497854077146,0.6974248927038573,0.0259999999999998,
512500,2021-08-30,3.756,3.777,3.795,3.755,330780.0,,1.0655301012253604,0.6126798082045853,0.02300000000000013,
512500,2021-08-31,3.78,3.794,3.795,3.732,333915.0,,1.6679904686258862,0.4500926661371433,0.016999999999999904,
512500,2021-09-01,3.797,3.769,3.809,3.722,812973.0,,2.2930943595150284,-0.6589351607801769,-0.02499999999999991,
512500,2021-09-02,3.763,3.832,3.842,3.754,506867.0,,2.3348368267444966,1.67153091005571,0.06299999999999972,
512500,2021-09-03,3.847,3.814,3.865,3.786,374112.0,,2.0615866388309025,-0.4697286012526043,-0.017999999999999794,
512500,2021-09-06,3.802,3.838,3.85,3.789,373147.0,,1.5993707393812255,0.6292606187729424,0.02400000000000002,
512500,2021-09-07,3.836,3.925,3.935,3.836,338647.0,,2.579468473163111,2.2668056279312077,0.08699999999999974,
512500,2021-09-08,3.927,3.948,3.955,3.925,377707.0,,0.7643312101910892,0.5859872611465002,0.02300000000000013,
512500,2021-09-09,3.94,3.988,3.995,3.935,491799.0,,1.5197568389057765,1.0131712259371843,0.040000000000000036,
512500,2021-09-10,3.988,3.987,4.015,3.963,424146.0,,1.3039117352056069,-0.025075225677028336,-0.0009999999999998899,
512500,2021-09-13,3.969,3.998,4.006,3.957,448554.0,,1.228994231251577,0.2758966641585182,0.01100000000000012,
512500,2021-09-14,3.997,3.958,4.034,3.944,581909.0,,2.2511255627813873,-1.0005002501250633,-0.040000000000000036,
512500,2021-09-15,3.931,3.972,3.995,3.931,445426.0,,1.6169782718544734,0.35371399696816047,0.01399999999999979,
512500,2021-09-16,3.971,3.898,4.005,3.894,543149.0,,2.7945619335347374,-1.8630412890231582,-0.07399999999999984,
512500,2021-09-17,3.885,3.865,3.918,3.815,487477.0,,2.642380708055418,-0.8465879938429942,-0.03299999999999992,
512500,2021-09-22,3.808,3.904,3.906,3.808,477290.0,,2.535575679172065,1.0090556274256066,0.0389999999999997,
512500,2021-09-23,3.92,3.923,3.944,3.903,474226.0,,1.0502049180327848,0.4866803278688558,0.019000000000000128,
512500,2021-09-24,3.92,3.871,3.926,3.866,863168.0,,1.529441753759879,-1.3255161865918952,-0.052000000000000046,
512500,2021-09-27,3.871,3.762,3.882,3.74,1322494.0,,3.66830276414363,-2.8158098682510975,-0.10899999999999999,
512500,2021-09-28,3.756,3.764,3.785,3.749,854820.0,,0.956937799043063,0.05316321105794205,0.0019999999999997797,
512500,2021-09-29,3.735,3.68,3.76,3.666,1103567.0,,2.49734325185972,-2.231668437832084,-0.08399999999999963,
512500,2021-09-30,3.695,3.715,3.729,3.683,641370.0,,1.250000000000007,0.9510869565217308,0.0349999999999997,
512500,2021-10-08,3.729,3.707,3.766,3.689,415922.0,,2.072678331090174,-0.21534320323014824,-0.008000000000000007,
512500,2021-10-11,3.706,3.706,3.725,3.685,459927.0,,1.0790396547073116,-0.02697599136767979,-0.0009999999999998899,
512500,2021-10-12,3.702,3.634,3.705,3.606,713527.0,,2.6713437668645494,-1.942795466810579,-0.07200000000000006,
512500,2021-10-13,3.631,3.65,3.659,3.607,455740.0,,1.4309301045679583,0.440286186020914,0.016000000000000014,
512500,2021-10-14,3.623,3.664,3.673,3.623,308619.0,,1.3698630136986254,0.38356164383562286,0.014000000000000234,
512500,2021-10-15,3.657,3.68,3.682,3.648,339069.0,,0.9279475982532698,0.436681222707424,0.016000000000000014,
512500,2021-10-18,3.676,3.693,3.695,3.651,946870.0,,1.1956521739130446,0.35326086956521463,0.0129999999999999,
512500,2021-10-19,3.695,3.723,3.728,3.682,566922.0,,1.2455997833739578,0.812347684809093,0.029999999999999805,
512500,2021-10-20,3.709,3.721,3.741,3.694,539864.0,,1.2624227773301142,-0.05372011818425409,-0.0019999999999997797,
512500,2021-10-21,3.722,3.712,3.735,3.694,403974.0,,1.1018543402311187,-0.24187046492877984,-0.008999999999999897,
512500,2021-10-22,3.702,3.683,3.721,3.677,305441.0,,1.185344827586208,-0.7812500000000095,-0.02900000000000036,
512500,2021-10-25,3.683,3.711,3.712,3.669,351352.0,,1.1675264729839845,0.7602497963616623,0.028000000000000025,
512500,2021-10-26,3.712,3.717,3.743,3.703,493841.0,,1.0778765831312325,0.16168148746969085,0.006000000000000227,
512500,2021-10-27,3.716,3.685,3.716,3.668,313259.0,,1.2913640032284113,-0.8609093354856076,-0.03200000000000003,
512500,2021-10-28,3.669,3.641,3.686,3.631,493259.0,,1.4925373134328401,-1.1940298507462697,-0.04400000000000004,
512500,2021-10-29,3.641,3.678,3.678,3.626,430368.0,,1.4281790716836047,1.0162043394671771,0.03699999999999992,
512500,2021-11-01,3.664,3.693,3.705,3.662,397006.0,,1.1691136487221356,0.4078303425774911,0.015000000000000124,
512500,2021-11-02,3.689,3.658,3.716,3.623,623283.0,,2.5182778229082037,-0.9477389656106184,-0.03500000000000014,
512500,2021-11-03,3.656,3.669,3.684,3.648,608216.0,,0.9841443411700391,0.3007107709130706,0.01100000000000012,
512500,2021-11-04,3.664,3.695,3.699,3.664,412426.0,,0.9539384028345517,0.7086399563913819,0.0259999999999998,
512500,2021-11-05,3.692,3.665,3.7,3.661,486352.0,,1.0554803788903964,-0.811907983761835,-0.029999999999999805,
512500,2021-11-08,3.66,3.674,3.683,3.65,413230.0,,0.9004092769440633,0.24556616643928775,0.008999999999999897,
512500,2021-11-09,3.671,3.7,3.706,3.671,368444.0,,0.9526401741970644,0.7076755579749658,0.026000000000000245,
512500,2021-11-10,3.696,3.692,3.696,3.639,746692.0,,1.5405405405405508,-0.2162162162162164,-0.008000000000000007,
512500,2021-11-11,3.676,3.723,3.724,3.676,297772.0,,1.3001083423618645,0.8396533044420285,0.030999999999999694,
512500,2021-11-12,3.723,3.744,3.751,3.723,307279.0,,0.7520816545796407,0.5640612409347395,0.02100000000000035,
512500,2021-11-15,3.737,3.715,3.762,3.704,264050.0,,1.5491452991452945,-0.7745726495726591,-0.02900000000000036,
512500,2021-11-16,3.717,3.689,3.726,3.684,279689.0,,1.1305518169582722,-0.6998654104979758,-0.0259999999999998,
512500,2021-11-17,3.689,3.711,3.713,3.683,293015.0,,0.8132285172133438,0.5963675792897749,0.021999999999999797,
512500,2021-11-18,3.706,3.709,3.732,3.692,502542.0,,1.0778765831312325,-0.05389382915655564,-0.0019999999999997797,
512500,2021-11-19,3.7,3.757,3.76,3.699,339067.0,,1.6446481531410067,1.2941493664060406,0.04800000000000004,
512500,2021-11-22,3.762,3.788,3.794,3.759,368175.0,,0.9315943571998972,0.8251264306627547,0.030999999999999694,
512500,2021-11-23,3.787,3.797,3.812,3.751,435491.0,,1.6103484688489953,0.23759239704330362,0.009000000000000341,
512500,2021-11-24,3.782,3.791,3.806,3.782,252205.0,,0.6320779562812753,-0.15801948907032465,-0.006000000000000227,
512500,2021-11-25,3.795,3.791,3.799,3.783,217612.0,,0.4220522289633346,0.0,0.0,
512500,2021-11-26,3.79,3.781,3.799,3.766,289326.0,,0.8704827222368747,-0.2637826431020783,-0.009999999999999787,
512500,2021-11-29,3.756,3.782,3.786,3.75,424703.0,,0.9521290663845552,0.026448029621790263,0.0009999999999998899,
512500,2021-11-30,3.786,3.79,3.807,3.773,404842.0,,0.898995240613427,0.21152829190904301,0.008000000000000007,
512500,2021-12-01,3.79,3.811,3.815,3.779,236210.0,,0.9498680738786288,0.5540897097625306,0.020999999999999908,
512500,2021-12-02,3.808,3.788,3.81,3.776,382938.0,,0.8921542902125493,-0.6035161374967235,-0.02300000000000013,
512500,2021-12-03,3.791,3.822,3.822,3.785,302814.0,,0.9767687434002091,0.8975712777191197,0.03400000000000025,
512500,2021-12-06,3.824,3.79,3.835,3.788,487854.0,,1.2297226582940908,-0.8372579801151238,-0.03200000000000003,
512500,2021-12-07,3.8,3.771,3.808,3.746,293328.0,,1.6358839050131881,-0.5013192612137237,-0.019000000000000128,
512500,2021-12-08,3.783,3.819,3.821,3.772,308194.0,,1.2993900822063214,1.2728719172633265,0.04800000000000004,
512500,2021-12-09,3.818,3.833,3.839,3.815,470535.0,,0.6284367635506682,0.366588112071229,0.014000000000000234,
512500,2021-12-10,3.822,3.829,3.838,3.815,506983.0,,0.6000521784503035,-0.10435690060005226,-0.0040000000000000036,
512500,2021-12-13,3.826,3.838,3.85,3.823,434921.0,,0.7051449464612205,0.23504831548706967,0.008999999999999897,
512500,2021-12-14,3.822,3.831,3.843,3.822,301688.0,,0.5471599791558079,-0.1823866597186065,-0.007000000000000117,
512500,2021-12-15,3.829,3.819,3.842,3.812,700213.0,,0.7830853563038436,-0.31323414252153514,-0.01200000000000001,
512500,2021-12-16,3.823,3.856,3.857,3.823,428512.0,,0.8902854150301192,0.9688400104739441,0.03699999999999992,
512500,2021-12-17,3.851,3.83,3.855,3.824,657528.0,,0.8039419087136965,-0.6742738589211567,-0.0259999999999998,
512500,2021-12-20,3.818,3.77,3.828,3.766,1096368.0,,1.6187989556135727,-1.5665796344647531,-0.06000000000000005,
512500,2021-12-21,3.766,3.797,3.81,3.762,733256.0,,1.2732095490716193,0.7161803713527888,0.027000000000000135,
512500,2021-12-22,3.801,3.813,3.82,3.796,674842.0,,0.6320779562812753,0.42138530418751685,0.016000000000000014,
512500,2021-12-23,3.82,3.831,3.841,3.806,240974.0,,0.9179124049305046,0.472069236821395,0.017999999999999794,
512500,2021-12-24,3.832,3.812,3.832,3.793,553893.0,,1.0180109631949805,-0.4959540589924335,-0.019000000000000128,
512500,2021-12-27,3.812,3.803,3.832,3.797,1182610.0,,0.9181532004197193,-0.2360965372507843,-0.008999999999999897,
512500,2021-12-28,3.803,3.805,3.811,3.781,416986.0,,0.7888509071785381,0.05259006047857544,0.002000000000000224,
512500,2021-12-29,3.805,3.796,3.808,3.788,525826.0,,0.5256241787122212,-0.23653088042050832,-0.009000000000000341,
512500,2021-12-30,3.796,3.822,3.828,3.79,721142.0,,1.0010537407797633,0.6849315068493216,0.026000000000000245,
512500,2021-12-31,3.821,3.842,3.855,3.821,686123.0,,0.8895866038723131,0.5232862375719523,0.020000000000000018,
512500,2023-05-17,3.26,3.261,3.275,3.248,258071.0,,0.7027589796980659,-15.122332118688181,-0.581,
512500,2023-05-18,3.261,3.267,3.281,3.252,238880.0,,0.8892977614228874,0.18399264029438156,0.005999999999999783,
512500,2023-05-19,3.269,3.27,3.287,3.247,339139.0,,1.2243648607284983,0.09182736455464076,0.0030000000000001137,
512500,2023-05-22,3.27,3.268,3.28,3.25,237484.0,,0.9174311926605444,-0.06116207951071021,-0.002000000000000224,
512500,2023-05-23,3.268,3.233,3.27,3.232,569231.0,,1.162790697674413,-1.0709914320685343,-0.0349999999999997,
512500,2023-05-24,3.225,3.208,3.239,3.204,375230.0,,1.0825858335910825,-0.7732755954222057,-0.02499999999999991,
512500,2023-05-25,3.201,3.207,3.223,3.164,507502.0,,1.8391521197007394,-0.031172069825446815,-0.001000000000000334,
512500,2023-05-26,3.2,3.222,3.233,3.184,384154.0,,1.5279077019020872,0.4677268475210516,0.015000000000000124,
512500,2023-05-29,3.222,3.223,3.239,3.212,459463.0,,0.8379888268156329,0.03103662321539075,0.0009999999999998899,
512500,2023-05-30,3.223,3.239,3.242,3.19,464051.0,,1.6134036611852327,0.49643189574930235,0.016000000000000014,
512500,2023-05-31,3.239,3.24,3.243,3.218,794377.0,,0.7718431614695866,0.030873726458793885,0.001000000000000334,
512500,2023-06-01,3.247,3.239,3.262,3.217,391235.0,,1.3888888888888866,-0.030864197530874504,-0.001000000000000334,
512500,2023-06-02,3.25,3.266,3.276,3.243,448010.0,,1.0188329731398555,0.8335906143871608,0.027000000000000135,
512500,2023-06-05,3.268,3.26,3.268,3.252,178025.0,,0.48989589712186205,-0.18371096142070506,-0.006000000000000227,
512500,2023-06-06,3.25,3.198,3.259,3.195,240694.0,,1.9631901840490815,-1.901840490797541,-0.06199999999999983,
512500,2023-06-07,3.208,3.203,3.22,3.199,267388.0,,0.6566604127579847,0.15634771732332375,0.004999999999999893,
512500,2023-06-08,3.203,3.199,3.213,3.175,371359.0,,1.1863877614736265,-0.124882922260381,-0.0040000000000000036,
512500,2023-06-09,3.202,3.221,3.23,3.198,420616.0,,1.0003125976867782,0.6877149109096669,0.02200000000000024,
512500,2023-06-12,3.215,3.233,3.244,3.215,436756.0,,0.900341508848195,0.3725551071095936,0.01200000000000001,
512500,2023-06-13,3.24,3.241,3.249,3.225,393665.0,,0.7423445716053207,0.24744819053510694,0.008000000000000007,
512500,2023-06-14,3.249,3.249,3.261,3.242,566971.0,,0.5862388151805038,0.24683739586547382,0.008000000000000007,
512500,2023-06-15,3.248,3.28,3.283,3.248,257151.0,,1.0772545398584088,0.9541397353031608,0.030999999999999694,
512500,2023-06-16,3.275,3.304,3.314,3.27,455543.0,,1.3414634146341475,0.7317073170731715,0.02400000000000002,
512500,2023-06-19,3.316,3.295,3.316,3.29,426228.0,,0.7869249394673064,-0.27239709443098964,-0.008999999999999897,
512500,2023-06-20,3.295,3.294,3.305,3.282,474912.0,,0.6980273141122953,-0.030349013657052806,-0.0009999999999998899,
512500,2023-06-21,3.281,3.226,3.284,3.224,662878.0,,1.8214936247723013,-2.0643594414086235,-0.06800000000000006,
512500,2023-06-26,3.213,3.17,3.217,3.166,821898.0,,1.5809051456912633,-1.7358958462492267,-0.05600000000000005,
512500,2023-06-27,3.181,3.198,3.202,3.173,404100.0,,0.9148264984227102,0.8832807570977926,0.028000000000000025,
512500,2023-06-28,3.2,3.202,3.203,3.153,497631.0,,1.563477173233265,0.12507817385866177,0.0040000000000000036,
512500,2023-06-29,3.202,3.2,3.211,3.188,309159.0,,0.7183010618363426,-0.062460961898806365,-0.0019999999999997797,
512500,2023-06-30,3.191,3.235,3.241,3.191,398885.0,,1.5625000000000084,1.0937499999999907,0.0349999999999997,
512500,2023-07-03,3.245,3.253,3.263,3.233,526711.0,,0.9273570324574901,0.5564142194745051,0.018000000000000238,
512500,2023-07-04,3.251,3.259,3.261,3.249,326436.0,,0.36889025514909346,0.1844451275745399,0.005999999999999783,
512500,2023-07-05,3.25,3.246,3.262,3.237,444208.0,,0.7671064743786411,-0.3988953666768917,-0.0129999999999999,
512500,2023-07-06,3.23,3.225,3.258,3.223,605748.0,,1.0782501540357405,-0.646950092421439,-0.020999999999999908,
512500,2023-07-07,3.212,3.22,3.23,3.202,457144.0,,0.8682170542635667,-0.15503875968991915,-0.004999999999999893,
512500,2023-07-10,3.226,3.228,3.243,3.213,324961.0,,0.9316770186335344,0.24844720496894432,0.008000000000000007,
512500,2023-07-11,3.227,3.254,3.256,3.225,369508.0,,0.9603469640644267,0.8054522924411339,0.0259999999999998,
512500,2023-07-12,3.256,3.222,3.257,3.219,304922.0,,1.1677934849416183,-0.9834050399508305,-0.03200000000000003,
512500,2023-07-13,3.225,3.265,3.267,3.225,340792.0,,1.3035381750465491,1.3345747982619538,0.04300000000000015,
512500,2023-07-14,3.269,3.255,3.271,3.254,278647.0,,0.5206738131699817,-0.30627871362940984,-0.010000000000000231,
512500,2023-07-17,3.251,3.246,3.255,3.229,459221.0,,0.7987711213517604,-0.2764976958525314,-0.008999999999999897,
512500,2023-07-18,3.241,3.242,3.252,3.229,546589.0,,0.7085643869377599,-0.12322858903265568,-0.0040000000000000036,
512500,2023-07-19,3.238,3.238,3.25,3.221,396753.0,,0.8945095619987636,-0.12338062924120924,-0.0040000000000000036,
512500,2023-07-20,3.24,3.201,3.248,3.197,706887.0,,1.5750463248919135,-1.142680667078441,-0.03699999999999992,
512500,2023-07-21,3.203,3.203,3.225,3.193,421218.0,,0.9996875976257428,0.062480474851601984,0.0019999999999997797,
512500,2023-07-24,3.197,3.199,3.221,3.188,595311.0,,1.0302841086481398,-0.124882922260381,-0.0040000000000000036,
512500,2023-07-25,3.234,3.249,3.253,3.23,485097.0,,0.7189746795873752,1.5629884338855977,0.050000000000000266,
512500,2023-07-26,3.238,3.243,3.251,3.233,440969.0,,0.5540166204986087,-0.18467220683287866,-0.006000000000000227,
512500,2023-07-27,3.242,3.222,3.25,3.216,511669.0,,1.0484119642306449,-0.6475485661424579,-0.020999999999999908,
512500,2023-07-28,3.212,3.269,3.274,3.206,519507.0,,2.110490378646805,1.4587212911235306,0.04700000000000015,
512500,2023-07-31,3.269,3.288,3.322,3.269,746714.0,,1.6212909146527972,0.5812174977057107,0.018999999999999684,
512500,2023-08-01,3.284,3.292,3.306,3.284,539090.0,,0.669099756691005,0.12165450121654513,0.0040000000000000036,
512500,2023-08-02,3.289,3.281,3.302,3.271,589047.0,,0.9416767922235767,-0.3341433778857739,-0.010999999999999677,
512500,2023-08-03,3.274,3.292,3.293,3.265,424135.0,,0.8533983541603177,0.3352636391344004,0.010999999999999677,
512500,2023-08-04,3.31,3.309,3.331,3.296,577511.0,,1.0631834750911344,0.5164034021871309,0.017000000000000348,
512500,2023-08-07,3.308,3.293,3.31,3.287,825897.0,,0.6950740404956219,-0.48352976730129993,-0.016000000000000014,
512500,2023-08-08,3.28,3.281,3.293,3.266,405957.0,,0.8199210446401497,-0.3644093531733984,-0.01200000000000001,
512500,2023-08-09,3.261,3.257,3.28,3.254,863110.0,,0.7924413288631453,-0.7314843035659866,-0.02400000000000002,
512500,2023-08-10,3.257,3.256,3.269,3.245,1189378.0,,0.7368744243168566,-0.030703101013212587,-0.001000000000000334,
512500,2023-08-11,3.258,3.199,3.258,3.197,1077780.0,,1.873464373464372,-1.7506142506142488,-0.05699999999999994,
512500,2023-08-14,3.185,3.199,3.203,3.154,704730.0,,1.5317286652078754,0.0,0.0,
512500,2023-08-15,3.199,3.18,3.208,3.155,602395.0,,1.6567677399187366,-0.593935604876514,-0.018999999999999684,
512500,2023-08-16,3.18,3.156,3.183,3.156,833012.0,,0.8490566037735752,-0.7547169811320761,-0.02400000000000002,
512500,2023-08-17,3.153,3.175,3.182,3.127,718378.0,,1.7427122940430977,0.6020278833966947,0.018999999999999684,
512500,2023-08-18,3.189,3.128,3.192,3.125,553202.0,,2.1102362204724465,-1.4803149606299122,-0.04699999999999971,
512500,2023-08-21,3.123,3.088,3.14,3.085,628269.0,,1.758312020460363,-1.278772378516625,-0.040000000000000036,
512500,2023-08-22,3.096,3.101,3.112,3.053,685496.0,,1.9106217616580365,0.42098445595854594,0.0129999999999999,
512500,2023-08-23,3.095,3.044,3.095,3.038,634195.0,,1.8381167365366133,-1.8381167365365991,-0.05699999999999994,
512500,2023-08-24,3.055,3.053,3.083,3.039,579542.0,,1.4454664914586084,0.2956636005256208,0.008999999999999897,
512500,2023-08-25,3.041,3.017,3.057,3.002,783523.0,,1.8015067147068509,-1.179168031444482,-0.03600000000000003,
512500,2023-08-28,3.225,3.055,3.225,3.04,1017123.0,,6.1319191249585705,1.259529333775282,0.038000000000000256,
512500,2023-08-29,3.042,3.116,3.134,3.041,2732606.0,,3.04418985270049,1.9967266775777395,0.06099999999999994,
512500,2023-08-30,3.129,3.119,3.145,3.11,1127604.0,,1.1232349165596964,0.09627727856226295,0.0030000000000001137,
512500,2023-08-31,3.11,3.105,3.126,3.097,920109.0,,0.9297851875601125,-0.44886181468420117,-0.014000000000000234,
512500,2023-09-01,3.116,3.109,3.123,3.099,619624.0,,0.7729468599033823,0.1288244766505637,0.0040000000000000036,
512500,2023-09-04,3.125,3.149,3.154,3.112,1384838.0,,1.3509166934705634,1.2865873271148291,0.040000000000000036,
512500,2023-09-05,3.139,3.129,3.149,3.123,1454874.0,,0.8256589393458178,-0.6351222610352498,-0.020000000000000018,
512500,2023-09-06,3.126,3.128,3.137,3.107,1380006.0,,0.9587727708533016,-0.031959092361773404,-0.0009999999999998899,
512500,2023-09-07,3.115,3.084,3.124,3.08,1025650.0,,1.4066496163682876,-1.4066496163682876,-0.04400000000000004,
512500,2023-09-08,3.07,3.08,3.095,3.07,1272004.0,,0.810635538262009,-0.12970168612191968,-0.0040000000000000036,
512500,2023-09-11,3.082,3.117,3.136,3.081,1287309.0,,1.785714285714291,1.2012987012986986,0.03699999999999992,
512500,2023-09-12,3.12,3.119,3.129,3.113,983687.0,,0.5133140840551818,0.06416426050690484,0.002000000000000224,
512500,2023-09-13,3.119,3.089,3.119,3.072,1456177.0,,1.5068932350112263,-0.9618467457518515,-0.03000000000000025,
512500,2023-09-14,3.083,3.085,3.089,3.067,955985.0,,0.7122045969569375,-0.12949174490126267,-0.0040000000000000036,
512500,2023-09-15,3.087,3.088,3.106,3.071,1023059.0,,1.13452188006482,0.0972447325769891,0.0030000000000001137,
512500,2023-09-18,3.08,3.092,3.103,3.064,3073506.0,,1.2629533678756524,0.1295336787564768,0.0040000000000000036,
512500,2023-09-19,3.092,3.079,3.092,3.068,1521963.0,,0.7761966364812425,-0.4204398447606695,-0.0129999999999999,
512500,2023-09-20,3.071,3.06,3.079,3.058,1475663.0,,0.6820396232543148,-0.6170834686586595,-0.019000000000000128,
512500,2023-09-21,3.06,3.033,3.066,3.031,1445639.0,,1.1437908496731926,-0.8823529411764749,-0.027000000000000135,
512500,2023-09-22,3.033,3.086,3.086,3.032,1891650.0,,1.7804154302670565,1.7474447741510035,0.052999999999999936,
512500,2023-09-25,3.089,3.068,3.089,3.059,1487635.0,,0.972132209980551,-0.5832793259883278,-0.017999999999999794,
512500,2023-09-26,3.066,3.057,3.074,3.056,1772833.0,,0.5867014341590545,-0.35853976531943027,-0.01100000000000012,
512500,2023-09-27,3.056,3.071,3.085,3.056,2362498.0,,0.9486424599280313,0.45796532548250685,0.014000000000000234,
512500,2023-09-28,3.073,3.075,3.081,3.067,1890127.0,,0.4558775643112924,0.13025073266037132,0.0040000000000000036,
512500,2023-10-09,3.068,3.056,3.074,3.042,1761667.0,,1.0406504065040658,-0.6178861788617928,-0.019000000000000128,
512500,2023-10-10,3.058,3.044,3.074,3.04,1443269.0,,1.1125654450261717,-0.39267015706806313,-0.01200000000000001,
512500,2023-10-11,3.044,3.041,3.071,3.033,1349285.0,,1.2483574244415327,-0.09855453350854514,-0.0030000000000001137,
512500,2023-10-12,3.057,3.061,3.066,3.048,1258495.0,,0.5919105557382373,0.6576783952647162,0.020000000000000018,
512500,2023-10-13,3.05,3.048,3.051,3.037,1056383.0,,0.4573668735707362,-0.4246978111728161,-0.0129999999999999,
512500,2023-10-16,3.044,3.019,3.05,3.006,1177353.0,,1.4435695538057756,-0.9514435695538029,-0.028999999999999915,
512500,2023-10-17,3.02,3.024,3.026,3.004,1511273.0,,0.7287181185823053,0.1656177542232492,0.004999999999999893,
512500,2023-10-18,3.015,2.988,3.021,2.981,1007852.0,,1.322751322751324,-1.1904761904761914,-0.03600000000000003,
512500,2023-10-19,2.982,2.952,2.989,2.95,1330229.0,,1.3052208835341266,-1.204819277108435,-0.03600000000000003,
512500,2023-10-20,2.95,2.932,2.959,2.922,1441516.0,,1.2533875338753362,-0.6775067750677514,-0.020000000000000018,
512500,2023-10-23,2.929,2.857,2.929,2.845,1583704.0,,2.8649386084583774,-2.5579809004092677,-0.07499999999999973,
512500,2023-10-24,2.87,2.887,2.895,2.855,1826057.0,,1.400070003500176,1.0500525026251242,0.029999999999999805,
512500,2023-10-25,2.902,2.899,2.931,2.898,1358354.0,,1.1430550744717671,0.4156563907170076,0.01200000000000001,
512500,2023-10-26,2.898,2.915,2.923,2.883,1095081.0,,1.379786133149363,0.5519144532597452,0.016000000000000014,
512500,2023-10-27,2.905,2.97,2.984,2.905,1221451.0,,2.7101200686106406,1.8867924528301943,0.05500000000000016,
512500,2023-10-30,2.962,2.994,3.006,2.962,931970.0,,1.4814814814814679,0.8080808080808087,0.02400000000000002,
512500,2023-10-31,2.989,2.99,2.999,2.973,1388624.0,,0.8684034736139027,-0.13360053440213773,-0.0040000000000000036,
512500,2023-11-01,2.995,2.98,2.995,2.968,972780.0,,0.9030100334448204,-0.33444816053512477,-0.010000000000000231,
512500,2023-11-02,2.98,2.954,2.99,2.95,721263.0,,1.342281879194632,-0.8724832214765034,-0.0259999999999998,
512500,2023-11-03,2.957,2.976,2.996,2.955,2065324.0,,1.387948544346646,0.7447528774542924,0.021999999999999797,
512500,2023-11-06,2.991,3.025,3.03,2.991,1723979.0,,1.310483870967732,1.6465053763440838,0.04899999999999993,
512500,2023-11-07,3.024,3.029,3.043,3.013,1046311.0,,0.9917355371900909,0.1322314049586778,0.0040000000000000036,
512500,2023-11-08,3.024,3.027,3.042,3.01,1180679.0,,1.0564542753383965,-0.06602839220864244,-0.0019999999999997797,
512500,2023-11-09,3.029,3.022,3.048,3.013,1361550.0,,1.1562603237528952,-0.1651800462504241,-0.0050000000000003375,
512500,2023-11-10,3.019,3.009,3.019,2.997,1468005.0,,0.727994705493059,-0.4301786896095268,-0.0129999999999999,
512500,2023-11-13,3.009,3.024,3.027,3.002,1547039.0,,0.8308408109006432,0.49850448654038304,0.015000000000000124,
512500,2023-11-14,3.024,3.04,3.045,3.023,1590239.0,,0.7275132275132208,0.5291005291005296,0.016000000000000014,
512500,2023-11-15,3.07,3.057,3.072,3.048,1725950.0,,0.789473684210527,0.5592105263157864,0.016999999999999904,
512500,2023-11-16,3.054,3.03,3.054,3.029,991172.0,,0.8177952240758886,-0.8832188420019671,-0.027000000000000135,
512500,2023-11-17,3.025,3.038,3.039,3.02,1222156.0,,0.6270627062706313,0.2640264026402643,0.008000000000000007,
512500,2023-11-20,3.038,3.056,3.064,3.026,1283405.0,,1.2508229098090933,0.5924950625411534,0.018000000000000238,
512500,2023-11-21,3.059,3.048,3.08,3.042,868247.0,,1.2434554973822074,-0.2617801047120421,-0.008000000000000007,
512500,2023-11-22,3.032,3.01,3.047,3.008,1165611.0,,1.279527559055123,-1.2467191601049952,-0.038000000000000256,
512500,2023-11-23,3.007,3.037,3.041,2.994,1450972.0,,1.561461794019924,0.8970099667774132,0.027000000000000135,
512500,2023-11-24,3.037,3.01,3.037,2.999,1866356.0,,1.2512347711557397,-0.8890352321369817,-0.027000000000000135,
512500,2023-11-27,3.01,3.005,3.014,2.986,1251884.0,,0.930232558139521,-0.1661129568106277,-0.004999999999999893,
512500,2023-11-28,3.005,3.021,3.024,2.982,998296.0,,1.3976705490848524,0.532445923460899,0.016000000000000014,
512500,2023-11-29,3.018,3.006,3.018,2.997,729455.0,,0.6951340615690138,-0.4965243296921591,-0.015000000000000124,
512500,2023-11-30,2.999,2.994,3.006,2.976,659807.0,,0.9980039920159617,-0.3992015968063728,-0.011999999999999567,
512500,2023-12-01,2.986,3.007,3.014,2.98,817935.0,,1.135604542418163,0.43420173680694385,0.0129999999999999,
512500,2023-12-04,3.02,3.0,3.021,3.0,690965.0,,0.6983704689058832,-0.23279015630196598,-0.007000000000000117,
512500,2023-12-05,2.994,2.95,2.996,2.947,613704.0,,1.633333333333331,-1.6666666666666607,-0.04999999999999982,
512500,2023-12-06,2.951,2.958,2.98,2.941,872951.0,,1.3220338983050897,0.2711864406779663,0.008000000000000007,
512500,2023-12-07,2.95,2.963,2.973,2.938,1398125.0,,1.1832319134550269,0.16903313049357313,0.004999999999999893,
512500,2023-12-08,2.965,2.968,2.983,2.96,1481006.0,,0.7762402969962919,0.16874789065136325,0.004999999999999893,
512500,2023-12-11,2.964,3.008,3.014,2.937,2137663.0,,2.5943396226415083,1.3477088948787075,0.040000000000000036,
512500,2023-12-12,3.017,3.006,3.017,2.994,1053391.0,,0.7646276595744577,-0.0664893617021351,-0.002000000000000224,
512500,2023-12-13,3.001,2.974,3.001,2.97,1498930.0,,1.0312707917498236,-1.0645375914836857,-0.031999999999999584,
512500,2023-12-14,2.981,2.965,3.001,2.959,967318.0,,1.412239408204432,-0.30262273032953396,-0.009000000000000341,
512500,2023-12-15,2.977,2.942,2.979,2.935,1648295.0,,1.4839797639123118,-0.7757166947723335,-0.022999999999999687,
512500,2023-12-18,2.943,2.911,2.943,2.902,1066825.0,,1.393609789259005,-1.0537049626104737,-0.03100000000000014,
512500,2023-12-19,2.909,2.904,2.92,2.886,1471730.0,,1.167983510821017,-0.24046719340433242,-0.007000000000000117,
512500,2023-12-20,2.904,2.872,2.911,2.868,1198927.0,,1.4807162534435314,-1.1019283746556485,-0.03200000000000003,
512500,2023-12-21,2.864,2.879,2.892,2.837,1630026.0,,1.9150417827297952,0.243732590529252,0.007000000000000117,
512500,2023-12-22,2.879,2.869,2.897,2.855,1679646.0,,1.4588398749565756,-0.3473428273706074,-0.009999999999999787,
512500,2023-12-25,2.861,2.865,2.884,2.855,1494902.0,,1.0108051585918407,-0.139421401185082,-0.0040000000000000036,
512500,2023-12-26,2.873,2.841,2.873,2.829,2275270.0,,1.535776614310647,-0.8376963350785347,-0.02400000000000002,
512500,2023-12-27,2.839,2.848,2.859,2.824,1328336.0,,1.2319605772615325,0.246392115452294,0.006999999999999673,
512500,2023-12-28,2.842,2.904,2.917,2.842,2593814.0,,2.6334269662921255,1.9662921348314624,0.05600000000000005,
512500,2023-12-29,2.904,2.932,2.937,2.898,1708808.0,,1.3429752066115601,0.9641873278236923,0.028000000000000025,
512500,2024-01-02,2.928,2.917,2.933,2.916,1816837.0,,0.5798090040927661,-0.5115961800818597,-0.015000000000000124,
512500,2024-01-03,2.919,2.917,2.927,2.897,1169034.0,,1.0284538909838963,0.0,0.0,
512500,2024-01-04,2.905,2.894,2.907,2.875,1800244.0,,1.0970174837161477,-0.7884813164209697,-0.022999999999999687,
512500,2024-01-05,2.891,2.851,2.897,2.84,993771.0,,1.969592259847959,-1.4858327574291688,-0.04300000000000015,
512500,2024-01-08,2.84,2.781,2.854,2.78,1540131.0,,2.5955804980708623,-2.455278849526476,-0.06999999999999984,
512500,2024-01-09,2.785,2.801,2.816,2.777,1369198.0,,1.4023732470334302,0.7191657677094576,0.020000000000000018,
512500,2024-01-10,2.79,2.782,2.814,2.759,1026851.0,,1.9635844341306732,-0.6783291681542352,-0.019000000000000128,
512500,2024-01-11,2.774,2.819,2.831,2.774,1398260.0,,2.048885693745505,1.3299784327821684,0.03699999999999992,
512500,2024-01-12,2.816,2.804,2.842,2.803,1508259.0,,1.383469315360062,-0.5321035828307955,-0.015000000000000124,
512500,2024-01-15,2.8,2.8,2.828,2.78,702654.0,,1.7118402282453655,-0.14265335235378046,-0.0040000000000000036,
512500,2024-01-16,2.789,2.799,2.814,2.764,1051431.0,,1.7857142857142954,-0.035714285714281785,-0.0009999999999998899,
512500,2024-01-17,2.778,2.732,2.792,2.73,591819.0,,2.215076813147547,-2.393712040014281,-0.06699999999999973,
512500,2024-01-18,2.728,2.735,2.738,2.655,1034379.0,,3.0380673499268003,0.10980966325035393,0.0029999999999996696,
512500,2024-01-19,2.717,2.715,2.74,2.707,940265.0,,1.2065813528336513,-0.7312614259597813,-0.020000000000000018,
512500,2024-01-22,2.714,2.586,2.714,2.567,730791.0,,5.414364640883971,-4.751381215469613,-0.129,
512500,2024-01-23,2.578,2.627,2.641,2.546,952644.0,,3.673627223511222,1.5854601701469424,0.040999999999999925,
512500,2024-01-24,2.639,2.662,2.67,2.568,996163.0,,3.8827559954320465,1.33231823372669,0.03500000000000014,
512500,2024-01-25,2.66,2.74,2.742,2.644,1695203.0,,3.681442524417726,2.9301277235161645,0.07800000000000029,
512500,2024-01-26,2.73,2.713,2.742,2.7,944772.0,,1.5328467153284602,-0.9854014598540194,-0.027000000000000135,
512500,2024-01-29,2.724,2.662,2.727,2.661,602198.0,,2.4327312937707273,-1.8798378179137543,-0.051000000000000156,
512500,2024-01-30,2.657,2.599,2.667,2.593,697162.0,,2.7798647633358318,-2.3666416228399596,-0.06299999999999972,
512500,2024-01-31,2.595,2.538,2.608,2.533,843200.0,,2.8857252789534504,-2.3470565602154823,-0.06100000000000039,
512500,2024-02-01,2.531,2.53,2.577,2.495,1012278.0,,3.2308904649330126,-0.31520882584712406,-0.008000000000000007,
512500,2024-02-02,2.533,2.46,2.553,2.388,1175836.0,,6.521739130434785,-2.766798418972326,-0.06999999999999984,
512500,2024-02-05,2.442,2.404,2.484,2.312,1572950.0,,6.9918699186991935,-2.276422764227644,-0.05600000000000005,
512500,2024-02-06,2.393,2.602,2.613,2.373,3243572.0,,9.983361064891838,8.236272878535772,0.19799999999999995,
512500,2024-02-07,2.601,2.77,2.775,2.596,1974681.0,,6.879323597232892,6.45657186779401,0.16800000000000015,
512500,2024-02-08,2.81,2.792,2.909,2.769,6535424.0,,5.054151624548725,0.7942238267147942,0.021999999999999797,
512500,2024-02-19,2.798,2.765,2.822,2.739,13075274.0,,2.972779369627514,-0.9670487106017083,-0.02699999999999969,
512500,2024-02-20,2.756,2.768,2.775,2.731,1110720.0,,1.591320072332732,0.10849909584085603,0.0029999999999996696,
512500,2024-02-21,2.76,2.765,2.834,2.742,1514905.0,,3.3236994219653213,-0.10838150289016148,-0.0029999999999996696,
512500,2024-02-22,2.766,2.786,2.797,2.758,1144591.0,,1.410488245931289,0.7594936708860726,0.020999999999999908,
512500,2024-02-23,2.783,2.8,2.803,2.757,1288843.0,,1.6511127063890816,0.5025125628140628,0.01399999999999979,
512500,2024-02-26,2.792,2.8,2.834,2.782,1443608.0,,1.857142857142859,0.0,0.0,
512500,2024-02-27,2.795,2.866,2.869,2.784,1162564.0,,3.0357142857143007,2.3571428571428674,0.06600000000000028,
512500,2024-02-28,2.866,2.793,2.905,2.791,1716763.0,,3.9776692254012516,-2.5471039776692237,-0.07299999999999995,
512500,2024-02-29,2.779,2.882,2.888,2.779,3445903.0,,3.902613677049767,3.186537773003937,0.08899999999999997,
512500,2024-03-01,2.885,2.901,2.909,2.87,2603068.0,,1.3532269257459995,0.659264399722404,0.018999999999999684,
512500,2024-03-04,2.901,2.9,2.913,2.869,970089.0,,1.5167183729748224,-0.034470872113060665,-0.0009999999999998899,
512500,2024-03-05,2.88,2.883,2.904,2.875,6991971.0,,0.9999999999999971,-0.5862068965517209,-0.016999999999999904,
512500,2024-03-06,2.878,2.882,2.917,2.857,2190801.0,,2.0811654526534724,-0.034686090877554275,-0.0009999999999998899,
512500,2024-03-07,2.879,2.845,2.904,2.843,966883.0,,2.116585704371962,-1.2838306731436475,-0.03699999999999992,
512500,2024-03-08,2.855,2.884,2.894,2.84,1505724.0,,1.8980667838312921,1.370826010544805,0.0389999999999997,
512500,2024-03-11,2.881,2.936,2.939,2.877,1897332.0,,2.149791955617208,1.803051317614426,0.052000000000000046,
512500,2024-03-12,2.936,2.923,2.954,2.905,1308919.0,,1.6689373297002854,-0.44277929155313017,-0.0129999999999999,
512500,2024-03-13,2.923,2.918,2.946,2.905,683230.0,,1.4026684912760987,-0.17105713308244588,-0.004999999999999893,
512500,2024-03-14,2.916,2.905,2.937,2.885,1495860.0,,1.7820424948594944,-0.4455106237148849,-0.013000000000000345,
512500,2024-03-15,2.907,2.945,2.945,2.886,1642471.0,,2.030981067125636,1.376936316695354,0.040000000000000036,
512500,2024-03-18,2.945,2.985,2.986,2.942,844249.0,,1.4940577249575564,1.3582342954159605,0.040000000000000036,
512500,2024-03-19,2.985,2.953,2.985,2.949,1073600.0,,1.20603015075377,-1.0720268006700178,-0.03200000000000003,
512500,2024-03-20,2.954,2.958,2.967,2.942,940666.0,,0.8465966813410062,0.16931933626821327,0.0050000000000003375,
512500,2024-03-21,2.967,2.945,2.971,2.938,1638188.0,,1.1156186612576038,-0.43948613928331115,-0.013000000000000345,
512500,2024-03-22,2.941,2.902,2.946,2.885,1014537.0,,2.071307300509351,-1.4601018675721464,-0.042999999999999705,
512500,2024-03-25,2.89,2.859,2.913,2.851,1163425.0,,2.1364576154376236,-1.4817367332873932,-0.04300000000000015,
512500,2024-03-26,2.858,2.844,2.869,2.826,1331028.0,,1.5040223854494632,-0.5246589716684198,-0.015000000000000124,
512500,2024-03-27,2.837,2.78,2.846,2.778,2054533.0,,2.3909985935302416,-2.250351617440227,-0.06400000000000006,
512500,2024-03-28,2.784,2.815,2.846,2.784,1507927.0,,2.2302158273381396,1.258992805755401,0.03500000000000014,
512500,2024-03-29,2.807,2.85,2.853,2.806,1541298.0,,1.6696269982238066,1.2433392539964525,0.03500000000000014,
512500,2024-04-01,2.855,2.91,2.915,2.855,1267465.0,,2.1052631578947385,2.1052631578947385,0.06000000000000005,
512500,2024-04-02,2.904,2.898,2.912,2.883,1709255.0,,0.9965635738831585,-0.4123711340206189,-0.01200000000000001,
512500,2024-04-03,2.898,2.896,2.901,2.88,1376519.0,,0.7246376811594171,-0.06901311249138108,-0.002000000000000224,
512500,2024-04-08,2.894,2.855,2.901,2.853,1401406.0,,1.6574585635358976,-1.4157458563535885,-0.040999999999999925,
512500,2024-04-09,2.855,2.879,2.88,2.852,635881.0,,0.9807355516637486,0.8406304728546418,0.02400000000000002,
512500,2024-04-10,2.874,2.844,2.874,2.823,1042589.0,,1.7714484195901408,-1.2156998957971568,-0.03500000000000014,
512500,2024-04-11,2.825,2.859,2.887,2.824,1240170.0,,2.2151898734177276,0.5274261603375572,0.015000000000000124,
512500,2024-04-12,2.858,2.843,2.877,2.837,1318543.0,,1.3990905911157603,-0.5596362364463104,-0.016000000000000014,
512500,2024-04-15,2.843,2.88,2.898,2.814,1562242.0,,2.954625395708761,1.301442138585998,0.03699999999999992,
512500,2024-04-16,2.86,2.804,2.883,2.792,1579034.0,,3.159722222222229,-2.6388888888888915,-0.07600000000000007,
512500,2024-04-17,2.808,2.878,2.879,2.806,1312222.0,,2.603423680456489,2.639087018544946,0.07400000000000029,
512500,2024-04-18,2.863,2.881,2.919,2.855,2157837.0,,2.2237665045170276,0.1042390548992241,0.0029999999999996696,
512500,2024-04-19,2.869,2.861,2.893,2.85,1547778.0,,1.4925373134328257,-0.6942034015966531,-0.019999999999999574,
512500,2024-04-22,2.86,2.84,2.881,2.833,1285380.0,,1.6777350576721286,-0.7340090877315747,-0.02100000000000035,
512500,2024-04-23,2.844,2.808,2.853,2.801,1220949.0,,1.8309859154929595,-1.1267605633802829,-0.03200000000000003,
512500,2024-04-24,2.803,2.838,2.839,2.791,1591594.0,,1.7094017094017109,1.0683760683760772,0.03000000000000025,
512500,2024-04-25,2.83,2.834,2.857,2.818,1127790.0,,1.3742071881606817,-0.14094432699083873,-0.0040000000000000036,
512500,2024-04-26,2.837,2.894,2.903,2.837,2488023.0,,2.328863796753699,2.1171489061397337,0.06000000000000005,
512500,2024-04-29,2.899,2.953,2.963,2.899,1751279.0,,2.2114720110573622,2.0387007601934943,0.05899999999999972,
512500,2024-04-30,2.952,2.933,2.96,2.931,875603.0,,0.9820521503555678,-0.6772773450728079,-0.020000000000000018,
512500,2024-05-06,2.956,2.976,2.987,2.955,1837445.0,,1.091033071939994,1.466075690419371,0.04300000000000015,
512500,2024-05-07,2.974,2.976,2.99,2.966,937497.0,,0.8064516129032264,0.0,0.0,
512500,2024-05-08,2.975,2.94,2.975,2.937,1343415.0,,1.2768817204301162,-1.2096774193548396,-0.03600000000000003,
512500,2024-05-09,2.95,2.994,3.002,2.948,1301253.0,,1.8367346938775453,1.8367346938775602,0.05400000000000027,
512500,2024-05-10,2.995,2.983,3.006,2.961,1779879.0,,1.5030060120240456,-0.36740146960588244,-0.01100000000000012,
512500,2024-05-13,2.962,2.967,2.981,2.942,1033085.0,,1.3074086490110528,-0.5363727790814621,-0.016000000000000014,
512500,2024-05-14,2.961,2.964,2.989,2.955,1220391.0,,1.1459386585776814,-0.10111223458038805,-0.0030000000000001137,
512500,2024-05-15,2.965,2.938,2.965,2.933,626751.0,,1.0796221322537123,-0.8771929824561338,-0.0259999999999998,
512500,2024-05-16,2.944,2.929,2.958,2.916,1088020.0,,1.4295439074200225,-0.3063308373043002,-0.009000000000000341,
512500,2024-05-17,2.93,2.963,2.967,2.92,1410871.0,,1.6046432229429892,1.160805735745997,0.03400000000000025,
512500,2024-05-20,2.975,2.979,2.99,2.958,1838733.0,,1.0799865001687488,0.5399932500843744,0.016000000000000014,
512500,2024-05-21,2.965,2.958,2.975,2.948,770864.0,,0.9063444108761374,-0.7049345417925447,-0.020999999999999908,
512500,2024-05-22,2.953,2.951,2.962,2.947,382018.0,,0.5070993914807344,-0.23664638269101138,-0.007000000000000117,
512500,2024-05-23,2.95,2.9,2.95,2.889,1018244.0,,2.0670958996950315,-1.728227719417152,-0.051000000000000156,
512500,2024-05-24,2.895,2.871,2.92,2.869,1134965.0,,1.7586206896551624,-0.9999999999999971,-0.028999999999999915,
512500,2024-05-27,2.873,2.902,2.904,2.854,696134.0,,1.7415534656913905,1.0797631487286707,0.03100000000000014,
512500,2024-05-28,2.898,2.875,2.899,2.869,713593.0,,1.0337698139214269,-0.9303928325292948,-0.027000000000000135,
512500,2024-05-29,2.876,2.88,2.902,2.87,1268530.0,,1.1130434782608705,0.17391304347825717,0.004999999999999893,
512500,2024-05-30,2.886,2.877,2.898,2.863,795697.0,,1.2152777777777828,-0.10416666666667061,-0.0030000000000001137,
512500,2024-05-31,2.877,2.875,2.903,2.874,980228.0,,1.00799443865137,-0.06951685783801807,-0.0019999999999997797,
512500,2024-06-03,2.873,2.853,2.879,2.831,1014821.0,,1.669565217391306,-0.7652173913043409,-0.021999999999999797,
512500,2024-06-04,2.846,2.892,2.9,2.842,752188.0,,2.032947774272689,1.3669821240799054,0.0389999999999997,
512500,2024-06-05,2.888,2.86,2.895,2.858,706899.0,,1.2793914246196378,-1.1065006915629334,-0.03200000000000003,
512500,2024-06-06,2.868,2.839,2.878,2.828,1039695.0,,1.7482517482517577,-0.734265734265731,-0.020999999999999908,
512500,2024-06-07,2.851,2.824,2.859,2.808,742333.0,,1.796407185628748,-0.5283550545966934,-0.015000000000000124,
512500,2024-06-11,2.807,2.833,2.841,2.801,693075.0,,1.4164305949008513,0.3186968838527033,0.009000000000000341,
512500,2024-06-12,2.833,2.84,2.85,2.827,421345.0,,0.811860218849281,0.2470878926932465,0.006999999999999673,
512500,2024-06-13,2.845,2.826,2.846,2.815,361866.0,,1.0915492957746529,-0.4929577464788659,-0.01399999999999979,
512500,2024-06-14,2.824,2.839,2.85,2.809,880933.0,,1.450813871196034,0.4600141542816667,0.0129999999999999,
512500,2024-06-17,2.834,2.831,2.841,2.823,497731.0,,0.6340260655160351,-0.2817893624515677,-0.008000000000000007,
512500,2024-06-18,2.835,2.843,2.854,2.831,639478.0,,0.8124337689862285,0.4238784881667259,0.01200000000000001,
512500,2024-06-19,2.847,2.814,2.852,2.812,791405.0,,1.406964474147029,-1.0200492437565922,-0.028999999999999915,
512500,2024-06-20,2.814,2.771,2.822,2.77,776344.0,,1.8479033404406555,-1.528073916133623,-0.04300000000000015,
512500,2024-06-21,2.771,2.777,2.792,2.762,657479.0,,1.0826416456152943,0.21652832912306846,0.006000000000000227,
512500,2024-06-24,2.769,2.721,2.77,2.715,630847.0,,1.9805545552754829,-2.0165646380986693,-0.05600000000000005,
512500,2024-06-25,2.725,2.7,2.73,2.678,983132.0,,1.9110621095185611,-0.771775082690184,-0.020999999999999908,
512500,2024-06-26,2.699,2.734,2.74,2.679,514870.0,,2.2592592592592733,1.259259259259252,0.03399999999999981,
512500,2024-06-27,2.731,2.689,2.731,2.682,711545.0,,1.792245793708849,-1.6459400146305754,-0.04499999999999993,
512500,2024-06-28,2.681,2.693,2.731,2.681,737236.0,,1.8594272963927043,0.14875418371141702,0.0040000000000000036,
512500,2024-07-01,2.697,2.724,2.738,2.685,683565.0,,1.9680653546230946,1.1511325659116278,0.03100000000000014,
512500,2024-07-02,2.724,2.699,2.727,2.689,525967.0,,1.395007342143899,-0.9177679882525828,-0.025000000000000355,
512500,2024-07-03,2.698,2.675,2.703,2.673,749260.0,,1.1115227862171102,-0.8892182289736948,-0.02400000000000002,
512500,2024-07-04,2.685,2.636,2.689,2.632,692413.0,,2.130841121495325,-1.4579439252336337,-0.0389999999999997,
512500,2024-07-05,2.635,2.659,2.665,2.618,1039353.0,,1.7830045523520541,0.8725341426403523,0.022999999999999687,
512500,2024-07-08,2.657,2.615,2.657,2.603,426364.0,,2.0308386611508022,-1.6547574276043475,-0.043999999999999595,
512500,2024-07-09,2.605,2.662,2.673,2.594,887880.0,,3.021032504780121,1.797323135755247,0.04699999999999971,
512500,2024-07-10,2.66,2.645,2.673,2.643,592841.0,,1.126972201352376,-0.6386175807663376,-0.016999999999999904,
512500,2024-07-11,2.669,2.697,2.702,2.66,825349.0,,1.5879017013232446,1.965973534971646,0.052000000000000046,
512500,2024-07-12,2.697,2.685,2.698,2.679,450405.0,,0.704486466444202,-0.44493882091212494,-0.01200000000000001,
512500,2024-07-15,2.68,2.666,2.68,2.659,688421.0,,0.782122905027946,-0.7076350093109917,-0.019000000000000128,
512500,2024-07-16,2.666,2.675,2.683,2.65,571840.0,,1.2378094523630878,0.3375843960990209,0.008999999999999897,
512500,2024-07-17,2.669,2.655,2.677,2.652,456494.0,,0.9345794392523332,-0.7476635514018699,-0.020000000000000018,
512500,2024-07-18,2.646,2.67,2.671,2.621,699146.0,,1.8832391713747578,0.564971751412434,0.015000000000000124,
512500,2024-07-19,2.656,2.67,2.682,2.648,647862.0,,1.2734082397003674,0.0,0.0,
512500,2024-07-22,2.668,2.657,2.677,2.645,351319.0,,1.1985018726591772,-0.4868913857677865,-0.0129999999999999,
512500,2024-07-23,2.656,2.582,2.668,2.581,437422.0,,3.2743695897628973,-2.822732404968016,-0.07500000000000018,
512500,2024-07-24,2.584,2.552,2.592,2.548,463861.0,,1.7041053446940375,-1.161890007745926,-0.029999999999999805,
512500,2024-07-25,2.547,2.55,2.58,2.536,464577.0,,1.7241379310344842,-0.07836990595612162,-0.002000000000000224,
512500,2024-07-26,2.551,2.589,2.599,2.551,489605.0,,1.8823529411764726,1.5294117647058882,0.039000000000000146,
512500,2024-07-29,2.59,2.574,2.595,2.573,403788.0,,0.849748937813837,-0.57937427578216,-0.015000000000000124,
512500,2024-07-30,2.571,2.571,2.581,2.544,567048.0,,1.4374514374514344,-0.11655011655010371,-0.0029999999999996696,
512500,2024-07-31,2.575,2.68,2.681,2.564,1600743.0,,4.55075845974329,4.239595488136911,0.10899999999999999,
512500,2024-08-01,2.677,2.657,2.699,2.645,717922.0,,2.014925373134322,-0.8582089552238855,-0.02300000000000013,
512500,2024-08-02,2.64,2.622,2.67,2.617,587159.0,,1.994730899510724,-1.3172751223184096,-0.03500000000000014,
512500,2024-08-05,2.613,2.574,2.656,2.569,825928.0,,3.3180778032036686,-1.8306636155606424,-0.04800000000000004,
512500,2024-08-06,2.6,2.597,2.617,2.569,517195.0,,1.8648018648018665,0.8935508935508988,0.02300000000000013,
512500,2024-08-07,2.597,2.599,2.62,2.58,568625.0,,1.540238737004237,0.0770119368502204,0.002000000000000224,
512500,2024-08-08,2.59,2.605,2.625,2.573,530127.0,,2.0007695267410557,0.23085802231626712,0.005999999999999783,
512500,2024-08-09,2.61,2.583,2.632,2.582,502794.0,,1.9193857965451158,-0.8445297504798386,-0.021999999999999797,
512500,2024-08-12,2.584,2.582,2.596,2.57,757540.0,,1.0065814943863818,-0.03871467286102725,-0.001000000000000334,
512500,2024-08-13,2.584,2.588,2.59,2.561,966369.0,,1.1231603408210658,0.2323780015491955,0.006000000000000227,
512500,2024-08-14,2.59,2.552,2.59,2.552,1042765.0,,1.4683153013910282,-1.3910355486862453,-0.03600000000000003,
512500,2024-08-15,2.551,2.57,2.6,2.545,846062.0,,2.15517241379311,0.7053291536050076,0.017999999999999794,
512500,2024-08-16,2.571,2.556,2.578,2.554,581024.0,,0.9338521400778219,-0.5447470817120542,-0.01399999999999979,
512500,2024-08-19,2.557,2.563,2.592,2.555,845324.0,,1.4475743348982755,0.2738654147104897,0.007000000000000117,
512500,2024-08-20,2.563,2.519,2.567,2.512,920977.0,,2.145922746781122,-1.716738197424894,-0.04400000000000004,
512500,2024-08-21,2.513,2.513,2.526,2.51,333892.0,,0.6351726875744348,-0.23818975784042187,-0.006000000000000227,
512500,2024-08-22,2.514,2.487,2.519,2.479,855236.0,,1.5917230401910083,-1.0346199761241466,-0.0259999999999998,
512500,2024-08-23,2.482,2.485,2.495,2.474,727720.0,,0.8443908323281023,-0.08041817450744768,-0.002000000000000224,
512500,2024-08-26,2.485,2.486,2.498,2.477,734590.0,,0.8450704225352255,0.04024144869216636,0.001000000000000334,
512500,2024-08-27,2.48,2.459,2.481,2.456,806742.0,,1.0056315366049844,-1.0860820595333922,-0.027000000000000135,
512500,2024-08-28,2.452,2.462,2.481,2.452,219348.0,,1.1793411956079671,0.1220008133387602,0.0030000000000001137,
512500,2024-08-29,2.451,2.497,2.509,2.45,541490.0,,2.3964256701868285,1.4216084484159097,0.0349999999999997,
512500,2024-08-30,2.496,2.54,2.579,2.493,993801.0,,3.444132959551474,1.722066479775737,0.04300000000000015,
512500,2024-09-02,2.541,2.49,2.541,2.486,720224.0,,2.1653543307086505,-1.968503937007867,-0.04999999999999982,
512500,2024-09-03,2.487,2.515,2.527,2.487,599633.0,,1.6064257028112463,1.0040160642570244,0.02499999999999991,
512500,2024-09-04,2.509,2.509,2.533,2.49,465488.0,,1.7097415506958134,-0.23856858846919393,-0.006000000000000227,
512500,2024-09-05,2.507,2.519,2.538,2.507,456353.0,,1.2355520127540731,0.39856516540455283,0.010000000000000231,
512500,2024-09-06,2.525,2.488,2.528,2.481,1218921.0,,1.8658197697499066,-1.230647082175472,-0.03100000000000014,
512500,2024-09-09,2.482,2.468,2.49,2.458,420432.0,,1.2861736334405156,-0.8038585209003222,-0.020000000000000018,
512500,2024-09-10,2.468,2.468,2.481,2.425,723057.0,,2.269043760129662,0.0,0.0,
512500,2024-09-11,2.464,2.474,2.481,2.452,410382.0,,1.1750405186385702,0.24311183144247275,0.006000000000000227,
512500,2024-09-12,2.477,2.465,2.503,2.461,503740.0,,1.6976556184317,-0.3637833468068044,-0.009000000000000341,
512500,2024-09-13,2.464,2.438,2.471,2.437,526801.0,,1.3793103448275965,-1.0953346855983648,-0.02699999999999969,
512500,2024-09-18,2.438,2.445,2.453,2.404,702489.0,,2.009844134536502,0.2871205906480588,0.006999999999999673,
512500,2024-09-19,2.45,2.481,2.503,2.427,742588.0,,3.1083844580777127,1.4723926380368113,0.03600000000000003,
512500,2024-09-20,2.475,2.463,2.475,2.451,1252998.0,,0.9673518742442574,-0.7255139056831841,-0.017999999999999794,
512500,2024-09-23,2.462,2.462,2.493,2.451,1363197.0,,1.7052375152253274,-0.04060089321964636,-0.0009999999999998899,
512500,2024-09-24,2.49,2.578,2.579,2.468,2588592.0,,4.5085296506905035,4.711616571892756,0.11599999999999966,
512500,2024-09-25,2.599,2.594,2.658,2.588,1253674.0,,2.7152831652443696,0.6206361520558579,0.016000000000000014,
512500,2024-09-26,2.582,2.724,2.724,2.582,1436870.0,,5.474171164225148,5.011565150346968,0.13000000000000034,
512500,2024-09-27,2.757,2.89,2.928,2.752,1020358.0,,6.461086637298097,6.093979441997059,0.16599999999999993,
512500,2024-09-30,3.041,3.179,3.179,2.966,1573814.0,,7.370242214532858,9.99999999999999,0.2889999999999997,
512500,2024-10-08,3.497,3.368,3.497,3.18,1687292.0,,9.971689210443529,5.945265806857504,0.18900000000000006,
512500,2024-10-09,3.33,3.154,3.7,3.068,1960544.0,,18.764845605700717,-6.353919239904987,-0.21399999999999997,
512500,2024-10-10,3.16,3.124,3.22,3.076,1305937.0,,4.565630944831963,-0.9511731135066521,-0.029999999999999805,
512500,2024-10-11,3.121,2.997,3.121,2.958,1049051.0,,5.217669654289367,-4.065300896286819,-0.12700000000000022,
512500,2024-10-14,3.01,3.066,3.081,2.961,1080412.0,,4.004004004004007,2.3023023023023006,0.06899999999999995,
512500,2024-10-15,3.063,2.997,3.101,2.993,833473.0,,3.5225048923679094,-2.2504892367906053,-0.06899999999999995,
512500,2024-10-16,2.97,2.99,3.041,2.961,687125.0,,2.6693360026693385,-0.233566900233556,-0.006999999999999673,
512500,2024-10-17,3.002,2.966,3.038,2.964,1468835.0,,2.4749163879598606,-0.8026755852842815,-0.02400000000000002,
512500,2024-10-18,2.96,3.087,3.193,2.96,1476384.0,,7.855697909642618,4.079568442346594,0.121,
512500,2024-10-21,3.096,3.12,3.178,3.082,1176245.0,,3.1098153547133167,1.0689990281826989,0.03299999999999992,
512500,2024-10-22,3.122,3.15,3.163,3.104,850130.0,,1.8910256410256319,0.9615384615384551,0.029999999999999805,
512500,2024-10-23,3.142,3.163,3.209,3.138,958160.0,,2.2539682539682597,0.4126984126984095,0.0129999999999999,
512500,2024-10-24,3.15,3.135,3.154,3.117,625247.0,,1.1697755295605414,-0.8852355358836556,-0.028000000000000025,
512500,2024-10-25,3.146,3.184,3.206,3.136,707485.0,,2.232854864433807,1.5629984051036803,0.04900000000000038,
512500,2024-10-28,3.184,3.22,3.227,3.169,642422.0,,1.8216080402009998,1.1306532663316593,0.03600000000000003,
512500,2024-10-29,3.221,3.189,3.245,3.181,1640357.0,,1.9875776397515545,-0.9627329192546626,-0.03100000000000014,
512500,2024-10-30,3.188,3.204,3.224,3.168,3386866.0,,1.7560363750391987,0.4703668861712174,0.015000000000000124,
512500,2024-10-31,3.202,3.233,3.257,3.183,1517732.0,,2.309612983770296,0.9051186017478126,0.028999999999999915,
512500,2024-11-01,3.22,3.203,3.248,3.179,1121900.0,,2.134240643365308,-0.9279307145066579,-0.03000000000000025,
512500,2024-11-04,3.203,3.251,3.252,3.2,826876.0,,1.6234779893849391,1.4985950671245722,0.04800000000000004,
512500,2024-11-05,3.25,3.363,3.368,3.235,3660882.0,,4.0910489080282995,3.445093817286992,0.1120000000000001,
512500,2024-11-06,3.363,3.351,3.399,3.333,1566500.0,,1.96253345227475,-0.3568242640499557,-0.01200000000000001,
512500,2024-11-07,3.319,3.419,3.42,3.313,852888.0,,3.193076693524314,2.0292450014920935,0.06800000000000006,
512500,2024-11-08,3.445,3.408,3.468,3.399,1154306.0,,2.018133957297454,-0.32173150043872834,-0.01100000000000012,
512500,2024-11-11,3.38,3.467,3.474,3.376,1212119.0,,2.8755868544601033,1.7312206572770001,0.05900000000000016,
512500,2024-11-12,3.47,3.426,3.493,3.401,2793403.0,,2.6535910008653034,-1.1825785982117083,-0.040999999999999925,
512500,2024-11-13,3.401,3.424,3.446,3.377,1080763.0,,2.014010507880922,-0.05837711617046771,-0.002000000000000224,
512500,2024-11-14,3.422,3.337,3.422,3.323,2449548.0,,2.891355140186922,-2.5408878504672825,-0.08699999999999974,
512500,2024-11-15,3.323,3.245,3.339,3.244,1755862.0,,2.8468684447108106,-2.7569673359304785,-0.09200000000000008,
512500,2024-11-18,3.247,3.197,3.271,3.175,1384150.0,,2.9583975346687237,-1.4791987673343618,-0.04800000000000004,
512500,2024-11-19,3.204,3.245,3.25,3.165,1441244.0,,2.6587425711604618,1.501407569596498,0.04800000000000004,
512500,2024-11-20,3.249,3.282,3.294,3.231,972935.0,,1.9414483821263533,1.1402157164869005,0.03699999999999992,
512500,2024-11-21,3.283,3.274,3.291,3.255,729502.0,,1.096892138939672,-0.24375380865326043,-0.008000000000000007,
512500,2024-11-22,3.27,3.153,3.273,3.149,739827.0,,3.787416004886992,-3.69578497251069,-0.121,
512500,2024-11-25,3.151,3.139,3.162,3.1,1489602.0,,1.966381224230886,-0.4440215667618216,-0.014000000000000234,
512500,2024-11-26,3.133,3.118,3.159,3.115,663277.0,,1.4017202930869574,-0.669002867155142,-0.020999999999999908,
512500,2024-11-27,3.106,3.174,3.18,3.073,1173764.0,,3.431686978832592,1.796023091725467,0.05600000000000005,
512500,2024-11-28,3.176,3.157,3.188,3.147,792653.0,,1.2917454316320216,-0.5356017643352207,-0.016999999999999904,
512500,2024-11-29,3.155,3.205,3.235,3.143,1178019.0,,2.9141590117199896,1.520430788723473,0.04800000000000004,
512500,2024-12-02,3.206,3.251,3.267,3.203,770878.0,,1.9968798751950096,1.4352574102964062,0.04599999999999982,
512500,2024-12-03,3.254,3.247,3.265,3.222,837567.0,,1.322669947708402,-0.12303906490310686,-0.0040000000000000036,
512500,2024-12-04,3.245,3.221,3.254,3.204,782202.0,,1.5398829688943585,-0.8007391438250633,-0.0259999999999998,
512500,2024-12-05,3.2,3.231,3.247,3.2,492288.0,,1.4591741695125646,0.31046258925798775,0.009999999999999787,
512500,2024-12-06,3.23,3.273,3.294,3.216,1186114.0,,2.4141132776230223,1.2999071494893302,0.04200000000000026,
512500,2024-12-09,3.275,3.257,3.285,3.235,943863.0,,1.5276504735716547,-0.4888481515429274,-0.016000000000000014,
512500,2024-12-10,3.457,3.28,3.457,3.273,1588922.0,,5.649370586429221,0.7061713233036441,0.022999999999999687,
512500,2024-12-11,3.278,3.307,3.311,3.271,1749848.0,,1.2195121951219523,0.8231707317073212,0.027000000000000135,
512500,2024-12-12,3.308,3.337,3.345,3.297,784011.0,,1.4514665860296354,0.9071666162685288,0.03000000000000025,
512500,2024-12-13,3.316,3.29,3.326,3.278,1687347.0,,1.4384177404854672,-1.4084507042253567,-0.04700000000000015,
512500,2024-12-16,3.279,3.238,3.285,3.227,605482.0,,1.7629179331307074,-1.5805471124620076,-0.052000000000000046,
512500,2024-12-17,3.227,3.205,3.248,3.199,795004.0,,1.5132798023471394,-1.0191476219888795,-0.03299999999999992,
512500,2024-12-18,3.21,3.227,3.247,3.206,825882.0,,1.2792511700467997,0.6864274570982776,0.021999999999999797,
512500,2024-12-19,3.198,3.237,3.245,3.19,851589.0,,1.7043693833281737,0.30988534242331056,0.010000000000000231,
512500,2024-12-20,3.231,3.242,3.266,3.226,578471.0,,1.235712079085574,0.15446400988569334,0.004999999999999893,
512500,2024-12-23,3.231,3.19,3.25,3.187,717979.0,,1.9432449105490488,-1.60394818013572,-0.052000000000000046,
512500,2024-12-24,3.186,3.229,3.231,3.186,868902.0,,1.4106583072100292,1.222570532915365,0.039000000000000146,
512500,2024-12-25,3.234,3.202,3.234,3.173,739730.0,,1.8891297615360774,-0.8361721895323672,-0.027000000000000135,
512500,2024-12-26,3.2,3.224,3.231,3.197,665444.0,,1.061836352279819,0.6870705808869533,0.02200000000000024,
512500,2024-12-27,3.229,3.233,3.278,3.219,659624.0,,1.8300248138957869,0.2791563275434211,0.008999999999999897,
512500,2024-12-30,3.231,3.231,3.248,3.214,521678.0,,1.0516548097742113,-0.0618620476337836,-0.002000000000000224,
512500,2024-12-31,3.231,3.139,3.237,3.135,950478.0,,3.156917363045506,-2.8474156607861367,-0.09200000000000008,
512500,2025-01-02,3.128,3.045,3.136,3.013,816271.0,,3.918445364765856,-2.9945842625039782,-0.09399999999999986,
512500,2025-01-03,3.044,2.979,3.057,2.973,1192990.0,,2.758620689655175,-2.1674876847290587,-0.06599999999999984,
512500,2025-01-06,2.978,2.974,3.006,2.953,924525.0,,1.7791205102383327,-0.16784155756965066,-0.004999999999999893,
512500,2025-01-07,2.979,3.005,3.007,2.963,619176.0,,1.4794889038332224,1.042367182246123,0.030999999999999694,
512500,2025-01-08,2.995,2.993,3.018,2.919,808718.0,,3.2945091514143017,-0.39933444259567424,-0.01200000000000001,
512500,2025-01-09,2.981,2.99,3.011,2.981,669342.0,,1.0023387905112011,-0.10023387905110824,-0.0029999999999996696,
512500,2025-01-10,2.985,2.948,3.015,2.947,772787.0,,2.274247491638798,-1.4046822742475003,-0.04200000000000026,
512500,2025-01-13,2.922,2.951,2.974,2.921,572086.0,,1.7978290366350198,0.10176390773406084,0.0030000000000001137,
512500,2025-01-14,2.956,3.052,3.061,2.946,1641275.0,,3.8969840731955188,3.422568620806506,0.10099999999999998,
512500,2025-01-15,3.051,3.029,3.051,3.021,769832.0,,0.9829619921363122,-0.7536041939711707,-0.02300000000000013,
512500,2025-01-16,3.033,3.038,3.089,3.017,697340.0,,2.377022119511392,0.29712776493892035,0.008999999999999897,
512500,2025-01-17,3.041,3.062,3.082,3.024,622492.0,,1.9091507570770188,0.7899934167215281,0.02400000000000002,
512500,2025-01-20,3.073,3.077,3.107,3.067,637037.0,,1.3063357282821697,0.4898758981058173,0.015000000000000124,
512500,2025-01-21,3.086,3.087,3.096,3.053,579124.0,,1.3974650633734205,0.3249918752031274,0.010000000000000231,
512500,2025-01-22,3.082,3.076,3.083,3.049,730219.0,,1.1013929381276402,-0.3563330093942378,-0.01100000000000012,
512500,2025-01-23,3.096,3.06,3.136,3.058,912274.0,,2.5357607282184746,-0.5201560468140447,-0.016000000000000014,
512500,2025-01-24,3.058,3.102,3.105,3.057,961311.0,,1.5686274509803935,1.3725490196078372,0.041999999999999815,
512500,2025-01-27,3.115,3.059,3.115,3.057,732653.0,,1.8697614442295383,-1.3862024500322279,-0.042999999999999705,
512500,2025-02-05,3.094,3.075,3.094,3.062,533417.0,,1.0460934946060814,0.5230467473030407,0.016000000000000014,
512500,2025-02-06,3.075,3.146,3.153,3.067,668679.0,,2.7967479674796696,2.3089430894308856,0.07099999999999973,
512500,2025-02-07,3.146,3.2,3.231,3.144,1872045.0,,2.7654164017800302,1.716465352828998,0.05400000000000027,
512500,2025-02-10,3.201,3.227,3.238,3.2,685059.0,,1.1874999999999942,0.8437499999999903,0.02699999999999969,
512500,2025-02-11,3.226,3.212,3.227,3.194,462785.0,,1.0226216299968987,-0.4648280136349452,-0.01499999999999968,
512500,2025-02-12,3.211,3.254,3.261,3.203,440383.0,,1.8057285180572935,1.3075965130759593,0.041999999999999815,
512500,2025-02-13,3.254,3.241,3.265,3.229,485726.0,,1.1063306699446844,-0.3995082974800215,-0.0129999999999999,
512500,2025-02-14,3.228,3.263,3.269,3.228,354601.0,,1.2650416538105498,0.6788028386300462,0.021999999999999797,
512500,2025-02-17,3.276,3.259,3.284,3.235,583977.0,,1.5016855654305832,-0.1225865767698438,-0.0040000000000000036,
512500,2025-02-18,3.254,3.206,3.26,3.188,685136.0,,2.2092666462104824,-1.6262657256827229,-0.052999999999999936,
512500,2025-02-19,3.204,3.254,3.261,3.196,371568.0,,2.0274485339987507,1.4971927635683109,0.04800000000000004,
512500,2025-02-20,3.254,3.264,3.278,3.243,608724.0,,1.0755992624462245,0.3073140749846277,0.009999999999999787,
512500,2025-02-21,3.263,3.317,3.326,3.257,515935.0,,2.113970588235293,1.6237745098039331,0.05300000000000038,
512500,2025-02-24,3.317,3.313,3.328,3.29,816568.0,,1.1456135061802775,-0.12059089538739837,-0.0040000000000000036,
512500,2025-02-25,3.267,3.279,3.308,3.261,426955.0,,1.4186537881074466,-1.026260187141571,-0.03400000000000025,
512500,2025-02-26,3.28,3.313,3.322,3.271,1464532.0,,1.5553522415370586,1.0369014943580437,0.03400000000000025,
512500,2025-02-27,3.312,3.305,3.321,3.256,756151.0,,1.9619680048294712,-0.24147298520977986,-0.008000000000000007,
512500,2025-02-28,3.281,3.221,3.292,3.206,931064.0,,2.6021180030257143,-2.541603630862332,-0.08400000000000007,
512500,2025-03-03,3.222,3.224,3.271,3.209,628502.0,,1.9248680533995601,0.09313877677740184,0.0030000000000001137,
512500,2025-03-04,3.208,3.252,3.258,3.204,431922.0,,1.6749379652605405,0.868486352357307,0.02799999999999958,
512500,2025-03-05,3.252,3.259,3.266,3.225,984320.0,,1.260762607626074,0.21525215252152885,0.007000000000000117,
512500,2025-03-06,3.268,3.314,3.325,3.268,495346.0,,1.7490027615833195,1.687634243633021,0.05500000000000016,
512500,2025-03-07,3.305,3.296,3.323,3.285,979519.0,,1.146650573325281,-0.543150271575143,-0.018000000000000238,
512500,2025-03-10,3.295,3.294,3.307,3.271,1053512.0,,1.092233009708739,-0.060679611650478756,-0.0019999999999997797,
512500,2025-03-11,3.252,3.311,3.312,3.252,810723.0,,1.8214936247723148,0.5160898603521525,0.016999999999999904,
512500,2025-03-12,3.317,3.312,3.345,3.307,600630.0,,1.147689519782551,0.03020235578374781,0.0009999999999998899,
512500,2025-03-13,3.308,3.284,3.316,3.26,480267.0,,1.6908212560386489,-0.8454106280193244,-0.028000000000000025,
512500,2025-03-14,3.283,3.341,3.345,3.276,794441.0,,2.1010962241169424,1.735688185140085,0.057000000000000384,
512500,2025-03-17,3.355,3.344,3.357,3.339,662831.0,,0.5387608500449038,0.0897934750074729,0.0029999999999996696,
512500,2025-03-18,3.357,3.36,3.379,3.35,751414.0,,0.8672248803827726,0.4784688995215315,0.016000000000000014,
512500,2025-03-19,3.352,3.347,3.358,3.328,833090.0,,0.8928571428571502,-0.386904761904759,-0.0129999999999999,
512500,2025-03-20,3.344,3.323,3.347,3.32,676302.0,,0.806692560501946,-0.7170600537795047,-0.02400000000000002,
512500,2025-03-21,3.311,3.274,3.327,3.261,635118.0,,1.9861570869696008,-1.4745711706289477,-0.04899999999999993,
512500,2025-03-24,3.272,3.268,3.28,3.223,671999.0,,1.7409896151496622,-0.18326206475260315,-0.006000000000000227,
512500,2025-03-25,3.27,3.259,3.282,3.247,523726.0,,1.0709914320685479,-0.27539779681762233,-0.008999999999999897,
512500,2025-03-26,3.253,3.258,3.282,3.253,1737626.0,,0.8898435102792241,-0.030684258975142372,-0.0009999999999998899,
512500,2025-03-27,3.25,3.265,3.29,3.227,674683.0,,1.9337016574585686,0.21485573971762179,0.007000000000000117,
512500,2025-03-28,3.266,3.242,3.274,3.234,615301.0,,1.225114854517612,-0.7044410413476304,-0.02300000000000013,
512500,2025-03-31,3.228,3.211,3.239,3.178,493912.0,,1.8815545959284374,-0.9561998766193751,-0.03100000000000014,
512500,2025-04-01,3.207,3.229,3.251,3.207,408019.0,,1.3702896293989424,0.5605730302086651,0.018000000000000238,
512500,2025-04-02,3.227,3.233,3.256,3.225,431759.0,,0.9600495509445554,0.12387736141220203,0.0040000000000000036,
512500,2025-04-03,3.205,3.205,3.24,3.19,633463.0,,1.5465511908444252,-0.8660686668728742,-0.028000000000000025,
512500,2025-04-07,3.04,2.888,3.09,2.885,1063728.0,,6.396255850234011,-9.890795631825277,-0.31700000000000017,
512500,2025-04-08,2.895,2.918,2.941,2.869,844768.0,,2.493074792243754,1.0387811634349118,0.03000000000000025,
512500,2025-04-09,2.879,2.975,2.995,2.82,707279.0,,5.997258396161763,1.9533927347498266,0.05699999999999994,
512500,2025-04-10,3.018,3.036,3.079,3.018,683616.0,,2.05042016806724,2.050420168067225,0.06099999999999994,
512500,2025-04-11,3.029,3.055,3.088,3.026,419158.0,,2.042160737812921,0.6258234519104127,0.019000000000000128,
512500,2025-04-14,3.077,3.082,3.102,3.071,411650.0,,1.0147299509001535,0.8837970540098099,0.02699999999999969,
512500,2025-04-15,3.082,3.069,3.084,3.051,429769.0,,1.0707332900713797,-0.4218040233614504,-0.0129999999999999,
512500,2025-04-16,3.052,3.041,3.062,3.014,395292.0,,1.5640273704789847,-0.9123492994460745,-0.028000000000000025,
512500,2025-04-17,3.023,3.044,3.073,3.023,255115.0,,1.644195988161783,0.09865175928971107,0.0030000000000001137,
512500,2025-04-18,3.044,3.043,3.058,3.029,311396.0,,0.9526938239158973,-0.03285151116951018,-0.0009999999999998899,
512500,2025-04-21,3.045,3.09,3.095,3.031,399107.0,,2.103187643772595,1.544528425895488,0.04699999999999971,
512500,2025-04-22,3.089,3.082,3.097,3.077,226350.0,,0.647249190938512,-0.25889967637540473,-0.008000000000000007,
512500,2025-04-23,3.095,3.087,3.115,3.077,399230.0,,1.2329656067488728,0.1622323166774931,0.0050000000000003375,
512500,2025-04-24,3.087,3.075,3.097,3.059,159489.0,,1.2309685779073474,-0.3887269193391646,-0.01200000000000001,
512500,2025-04-25,3.077,3.083,3.107,3.067,186744.0,,1.3008130081300824,0.26016260162601645,0.008000000000000007,
512500,2025-04-28,3.091,3.071,3.091,3.061,331500.0,,0.9730781706130472,-0.38923126824521603,-0.01200000000000001,
512500,2025-04-29,3.069,3.073,3.085,3.054,503902.0,,1.0094431781178814,0.06512536633017843,0.0019999999999997797,
512500,2025-04-30,3.079,3.085,3.095,3.07,388633.0,,0.8135372600065199,0.3904978848031243,0.01200000000000001,
512500,2025-05-06,3.097,3.145,3.146,3.097,350720.0,,1.5883306320907595,1.94489465153971,0.06000000000000005,
512500,2025-05-07,3.173,3.149,3.196,3.131,350234.0,,2.0667726550079615,0.12718600953895082,0.0040000000000000036,
512500,2025-05-08,3.14,3.166,3.174,3.14,261060.0,,1.0797078437599177,0.5398539218799588,0.016999999999999904,
512500,2025-05-09,3.161,3.141,3.163,3.125,432243.0,,1.2002526847757364,-0.7896399241945644,-0.02499999999999991,
512500,2025-05-12,3.158,3.178,3.18,3.147,673109.0,,1.0506208213944719,1.1779687997453014,0.03699999999999992,
512500,2025-05-13,3.195,3.169,3.202,3.163,394126.0,,1.2271869100062978,-0.28319697923221826,-0.008999999999999897,
512500,2025-05-14,3.169,3.181,3.204,3.152,448816.0,,1.6408961817608092,0.3786683496371098,0.01200000000000001,
512500,2025-05-15,3.18,3.138,3.18,3.134,546981.0,,1.4460861364350917,-1.3517761710154086,-0.04300000000000015,
512500,2025-05-16,3.128,3.131,3.146,3.128,641722.0,,0.573613766730395,-0.2230720203951599,-0.007000000000000117,
512500,2025-05-19,3.13,3.139,3.144,3.107,275145.0,,1.1817310763334374,0.2555094219099332,0.008000000000000007,
512500,2025-05-20,3.14,3.153,3.16,3.128,222180.0,,1.0194329404268887,0.4460019114367708,0.014000000000000234,
512500,2025-05-21,3.153,3.156,3.16,3.145,235877.0,,0.47573739295909057,0.09514747859182092,0.0030000000000001137,
512500,2025-05-22,3.146,3.131,3.164,3.13,277601.0,,1.077313054499374,-0.7921419518377805,-0.025000000000000355,
512500,2025-05-23,3.128,3.106,3.154,3.104,505001.0,,1.5969338869370753,-0.7984669434685376,-0.02499999999999991,
512500,2025-05-26,3.112,3.113,3.13,3.097,242256.0,,1.062459755312296,0.22537025112685502,0.007000000000000117,
512500,2025-05-27,3.111,3.104,3.115,3.092,212381.0,,0.7388371345968562,-0.28911018310311265,-0.008999999999999897,
512500,2025-05-28,3.105,3.101,3.112,3.093,268066.0,,0.6121134020618597,-0.09664948453608613,-0.0030000000000001137,
512500,2025-05-29,3.101,3.143,3.149,3.1,454618.0,,1.580135440180585,1.3544018058690686,0.041999999999999815,
512500,2025-05-30,3.13,3.125,3.137,3.113,584534.0,,0.7636016544702521,-0.572701240852682,-0.017999999999999794,
512500,2025-06-03,3.109,3.128,3.143,3.109,355014.0,,1.0879999999999939,0.09600000000000364,0.0030000000000001137,
512500,2025-06-04,3.142,3.156,3.162,3.13,394913.0,,1.0230179028133002,0.8951406649616377,0.028000000000000025,
512500,2025-06-05,3.156,3.171,3.18,3.146,167247.0,,1.077313054499374,0.47528517110265145,0.01499999999999968,
512500,2025-06-06,3.184,3.175,3.184,3.167,233842.0,,0.5361084831283617,0.12614317250078852,0.0040000000000000036,
512500,2025-06-09,3.175,3.195,3.21,3.175,637972.0,,1.102362204724414,0.6299212598425202,0.020000000000000018,
512500,2025-06-10,3.199,3.169,3.199,3.151,393269.0,,1.5023474178403768,-0.8137715179968639,-0.0259999999999998,
512500,2025-06-11,3.177,3.19,3.208,3.171,496548.0,,1.1675607447144325,0.6626696118649387,0.020999999999999908,
512500,2025-06-12,3.178,3.195,3.2,3.173,351985.0,,0.8463949843260231,0.15673981191222236,0.004999999999999893,
512500,2025-06-13,3.193,3.169,3.193,3.157,610917.0,,1.1267605633802829,-0.8137715179968639,-0.0259999999999998,
512500,2025-06-16,3.164,3.183,3.19,3.161,1261037.0,,0.9151151782896785,0.4417797412432878,0.01399999999999979,
512500,2025-06-17,3.189,3.174,3.189,3.165,998251.0,,0.7540056550424135,-0.28275212064090155,-0.008999999999999897,
512500,2025-06-18,3.166,3.171,3.177,3.151,159291.0,,0.8191556395715264,-0.09451795841210188,-0.0030000000000001137,
512500,2025-06-19,3.168,3.138,3.174,3.126,329753.0,,1.5137180700094621,-1.0406811731315018,-0.03299999999999992,
512500,2025-06-20,3.131,3.12,3.143,3.116,309798.0,,0.8604206500955924,-0.573613766730395,-0.017999999999999794,
512500,2025-06-23,3.116,3.134,3.142,3.107,326685.0,,1.121794871794862,0.448717948717942,0.01399999999999979,
512500,2025-06-24,3.137,3.184,3.186,3.136,384751.0,,1.5954052329291584,1.5954052329291726,0.050000000000000266,
512500,2025-06-25,3.195,3.245,3.247,3.187,496072.0,,1.8844221105527654,1.9158291457286414,0.06099999999999994,
512500,2025-06-26,3.24,3.229,3.251,3.228,430426.0,,0.7087827426810381,-0.49306625577812063,-0.016000000000000014,
512500,2025-06-27,3.233,3.243,3.269,3.229,611949.0,,1.2387736141220203,0.4335707649427002,0.01399999999999979,
512500,2025-06-30,3.253,3.272,3.274,3.246,748289.0,,0.8633980881899483,0.8942337341967288,0.028999999999999915,
512500,2025-07-01,3.27,3.282,3.285,3.257,271019.0,,0.8557457212713945,0.30562347188264766,0.010000000000000231,
512500,2025-07-02,3.279,3.265,3.279,3.251,387109.0,,0.8531383302864114,-0.5179768433881751,-0.016999999999999904,
512500,2025-07-03,3.262,3.275,3.281,3.255,1220903.0,,0.7963246554364546,0.30627871362939624,0.009999999999999787,
512500,2025-07-04,3.275,3.272,3.304,3.26,1175922.0,,1.3435114503816805,-0.09160305343511799,-0.0030000000000001137,
512500,2025-07-07,3.261,3.263,3.272,3.259,222800.0,,0.39731051344742974,-0.27506112469437344,-0.008999999999999897,
512500,2025-07-08,3.26,3.31,3.313,3.26,188405.0,,1.624272142200441,1.4403922770456683,0.04700000000000015,
512500,2025-07-09,3.31,3.297,3.316,3.293,160258.0,,0.6948640483383591,-0.39274924471298794,-0.0129999999999999,
512500,2025-07-10,3.298,3.311,3.326,3.291,172019.0,,1.061571125265397,0.4246284501061508,0.01399999999999979,
512500,2025-07-11,3.311,3.341,3.362,3.301,640068.0,,1.8423437028088174,0.9060706735125416,0.03000000000000025,
512500,2025-07-14,3.34,3.335,3.347,3.331,428821.0,,0.47889853337324195,-0.17958695001497238,-0.006000000000000227,
512500,2025-07-15,3.335,3.335,3.354,3.308,453424.0,,1.379310344827594,0.0,0.0,
512500,2025-07-16,3.334,3.333,3.361,3.321,446927.0,,1.199400299850076,-0.05997001499249714,-0.0019999999999997797,
512500,2025-07-17,3.327,3.372,3.374,3.327,301566.0,,1.4101410141014146,1.170117011701161,0.0389999999999997,
512500,2025-07-18,3.373,3.384,3.392,3.368,400544.0,,0.7117437722419936,0.3558718861209968,0.01200000000000001,
512500,2025-07-21,3.408,3.414,3.416,3.39,374602.0,,0.7683215130023582,0.8865248226950428,0.03000000000000025,
512500,2025-07-22,3.416,3.453,3.459,3.411,441462.0,,1.4059753954305811,1.1423550087873375,0.0389999999999997,
512500,2025-07-23,3.453,3.44,3.475,3.43,422040.0,,1.3032145960034733,-0.37648421662322334,-0.0129999999999999,
512500,2025-07-24,3.433,3.486,3.495,3.433,502930.0,,1.802325581395357,1.337209302325589,0.04600000000000026,
512500,2025-07-25,3.492,3.492,3.5,3.478,917338.0,,0.6310958118186976,0.17211703958691288,0.005999999999999783,
512500,2025-07-28,3.487,3.504,3.513,3.478,317608.0,,1.0022909507445503,0.3436426116838491,0.01200000000000001,
512500,2025-07-29,3.495,3.529,3.531,3.476,272229.0,,1.5696347031963516,0.7134703196347006,0.02499999999999991,
512500,2025-07-30,3.521,3.503,3.537,3.481,539261.0,,1.5868517993765954,-0.7367526211391273,-0.0259999999999998,
512500,2025-07-31,3.487,3.454,3.504,3.441,520602.0,,1.7984584641735701,-1.398801027690549,-0.04899999999999993,
512500,2025-08-01,3.448,3.446,3.471,3.428,232972.0,,1.2449334105385104,-0.23161551823972226,-0.008000000000000007,
512500,2025-08-04,3.44,3.476,3.478,3.431,225731.0,,1.3639001741149201,0.8705745792222811,0.029999999999999805,
512500,2025-08-05,3.476,3.498,3.499,3.476,501783.0,,0.6616800920598427,0.6329113924050702,0.02200000000000024,
512500,2025-08-06,3.498,3.527,3.53,3.489,703228.0,,1.1720983419096604,0.8290451686678076,0.028999999999999915,
512500,2025-08-07,3.527,3.514,3.535,3.492,534189.0,,1.2191664303941068,-0.36858519988659894,-0.013000000000000345,
512500,2025-08-08,3.508,3.51,3.526,3.497,279605.0,,0.8252703471826954,-0.11383039271485498,-0.0040000000000000036,
512500,2025-08-11,3.517,3.545,3.557,3.516,427344.0,,1.168091168091166,0.9971509971510013,0.03500000000000014,
512500,2025-08-12,3.545,3.562,3.563,3.531,352169.0,,0.9026798307475326,0.47954866008462355,0.016999999999999904,
512500,2025-08-13,3.569,3.613,3.619,3.565,338344.0,,1.516002245929261,1.431779898933188,0.051000000000000156,
512500,2025-08-14,3.624,3.574,3.624,3.562,514740.0,,1.7160254636036611,-1.0794353722668184,-0.039000000000000146,
512500,2025-08-15,3.558,3.653,3.654,3.558,406329.0,,2.6860660324566337,2.2104085058757748,0.07900000000000018,
512500,2025-08-18,3.67,3.7,3.727,3.652,505560.0,,2.0531070353134337,1.2866137421297605,0.04700000000000015,
512500,2025-08-19,3.699,3.693,3.722,3.683,437391.0,,1.054054054054058,-0.18918918918919236,-0.007000000000000117,
512500,2025-08-20,3.683,3.742,3.743,3.657,594926.0,,2.328730029786078,1.3268345518548588,0.04899999999999993,
512500,2025-08-21,3.742,3.726,3.757,3.708,400289.0,,1.309460181721003,-0.42757883484767545,-0.016000000000000014,
512500,2025-08-22,3.714,3.793,3.795,3.714,704010.0,,2.17391304347826,1.7981749865807881,0.06700000000000017,
512500,2025-08-25,3.88,3.858,3.88,3.812,559106.0,,1.7927761666227275,1.7136831004481927,0.06499999999999995,
512500,2025-08-26,3.854,3.866,3.894,3.835,529094.0,,1.5292897874546438,0.2073613271124937,0.008000000000000007,
512500,2025-08-27,3.859,3.81,3.927,3.805,500994.0,,3.1557165028453156,-1.4485256078634259,-0.05600000000000005,
512500,2025-08-28,3.8,3.897,3.897,3.775,598461.0,,3.2020997375328055,2.283464566929127,0.08699999999999974,
512500,2025-08-29,3.897,3.926,3.937,3.876,884137.0,,1.5653066461380534,0.744162176032855,0.02900000000000036,
512500,2025-09-01,3.934,3.947,3.951,3.904,301883.0,,1.1971472236372938,0.5348955680081484,0.020999999999999908,
512500,2025-09-02,3.942,3.877,3.943,3.835,371632.0,,2.736255383835827,-1.7734988598935975,-0.07000000000000028,
512500,2025-09-03,3.877,3.813,3.886,3.795,268960.0,,2.3471756512767654,-1.6507608976012282,-0.06399999999999961,
512500,2025-09-04,3.813,3.724,3.836,3.67,464757.0,,4.353527406241802,-2.3341201153947013,-0.08899999999999997,
512500,2025-09-05,3.727,3.843,3.856,3.707,514087.0,,4.0010741138560695,3.1954887218045047,0.11899999999999977,
512500,2025-09-08,3.842,3.882,3.884,3.822,377232.0,,1.6133229247983303,1.0148321623731498,0.039000000000000146,
512500,2025-09-09,3.879,3.843,3.883,3.824,253579.0,,1.5198351365275673,-1.0046367851622913,-0.039000000000000146,
512500,2025-09-10,3.828,3.842,3.876,3.814,363925.0,,1.6133229247983303,-0.026021337496744464,-0.0009999999999998899,
512500,2025-09-11,3.842,3.96,3.964,3.821,497045.0,,3.7220197813638674,3.071317022384172,0.11799999999999988,
512500,2025-09-12,3.96,3.972,4.0,3.951,405219.0,,1.2373737373737357,0.3030303030303033,0.01200000000000001,
512500,2025-09-15,3.968,3.961,3.987,3.954,452536.0,,0.8308157099697865,-0.27693856998993255,-0.01100000000000012,
512500,2025-09-16,3.96,3.994,4.0,3.934,324395.0,,1.6662458975006271,0.8331229487503247,0.03300000000000036,
512500,2025-09-17,3.987,4.038,4.04,3.974,426385.0,,1.6524787180771117,1.1016524787180781,0.04400000000000004,
512500,2025-09-18,4.027,4.009,4.087,3.959,412427.0,,3.1698860822189117,-0.718177315502722,-0.028999999999999915,
512500,2025-09-19,4.011,3.985,4.02,3.968,271299.0,,1.2970815664754203,-0.5986530306809794,-0.024000000000000465,
512500,2025-09-22,4.015,4.015,4.019,3.965,222002.0,,1.3550815558343858,0.7528230865746501,0.029999999999999805,
512500,2025-09-23,4.012,3.992,4.024,3.914,493905.0,,2.7397260273972575,-0.5728518057285104,-0.022999999999999687,
512500,2025-09-24,3.968,4.074,4.078,3.963,318793.0,,2.8807615230460977,2.0541082164328617,0.08199999999999985,
512500,2025-09-25,4.074,4.086,4.104,4.067,267213.0,,0.9081983308787414,0.2945508100147387,0.012000000000000455,
512500,2025-09-26,4.068,4.026,4.089,4.025,382408.0,,1.5663240332843869,-1.4684287812041237,-0.0600000000000005,
512500,2025-09-29,4.023,4.094,4.106,4.012,391940.0,,2.3348236462990637,1.6890213611525213,0.0680000000000005,
512500,2025-09-30,4.097,4.124,4.135,4.095,518456.0,,0.97703957010259,0.7327796775769262,0.02999999999999936,
512500,2025-10-09,4.15,4.198,4.208,4.134,397057.0,,1.794374393792431,1.7943743937924523,0.07400000000000073,
512500,2025-10-10,4.198,4.113,4.198,4.104,543550.0,,2.2391615054788065,-2.024773701762743,-0.08499999999999996,
512500,2025-10-13,3.98,4.093,4.111,3.98,832435.0,,3.185023097495739,-0.4862630683199723,-0.020000000000000462,
512500,2025-10-14,4.13,4.002,4.142,3.983,547056.0,,3.8846811629611593,-2.223308086977772,-0.09100000000000019,
512500,2025-10-15,3.995,4.059,4.059,3.976,298292.0,,2.0739630184907596,1.4242878560719736,0.057000000000000384,
512500,2025-10-16,4.055,4.022,4.06,4.006,487073.0,,1.3303769401330223,-0.9115545700911535,-0.03699999999999992,
512500,2025-10-17,4.022,3.905,4.035,3.9,269396.0,,3.3565390353058238,-2.909000497265053,-0.11700000000000044,
512500,2025-10-20,3.935,3.926,3.965,3.91,311541.0,,1.408450704225345,0.5377720870678708,0.02100000000000035,
512500,2025-10-21,3.935,3.992,4.003,3.935,281176.0,,1.7320427916454422,1.681100356597041,0.06599999999999984,
512500,2025-10-22,3.955,3.964,3.993,3.948,192743.0,,1.1272545090180341,-0.701402805611223,-0.028000000000000025,
512500,2025-10-23,3.961,3.973,3.978,3.902,593608.0,,1.9172552976791137,0.2270433905146291,0.008999999999999897,
512500,2025-10-24,3.988,4.041,4.042,3.977,414281.0,,1.6360432922225006,1.711552982632784,0.0680000000000005,
512500,2025-10-27,4.068,4.101,4.107,4.061,366617.0,,1.138332096015844,1.4847809948032566,0.05999999999999961,
512500,2025-10-28,4.085,4.081,4.12,4.062,292643.0,,1.4142891977566405,-0.48768593026090157,-0.019999999999999574,
512500,2025-10-29,4.077,4.162,4.166,4.075,236024.0,,2.229845626072046,1.9848076451849919,0.08099999999999952,
512500,2025-10-30,4.162,4.113,4.162,4.102,357391.0,,1.4416146083613552,-1.1773185968284356,-0.04899999999999949,
512500,2025-10-31,4.117,4.079,4.136,4.076,478548.0,,1.4587892049598952,-0.8266472161439506,-0.034000000000000696,
512500,2025-11-03,4.069,4.086,4.086,4.011,540474.0,,1.8386859524393278,0.17161068889435063,0.007000000000000561,
512500,2025-11-04,4.075,4.016,4.075,3.986,384830.0,,2.178169358786098,-1.7131669114048038,-0.07000000000000028,
512500,2025-11-05,3.971,4.019,4.036,3.96,259616.0,,1.892430278884453,0.07470119521912634,0.0030000000000001137,
512500,2025-11-06,4.033,4.086,4.093,4.025,301971.0,,1.6919631749191244,1.6670813635232686,0.06700000000000017,
512500,2025-11-07,4.066,4.078,4.1,4.05,284148.0,,1.2236906510034218,-0.19579050416054836,-0.008000000000000007,
512500,2025-11-10,4.092,4.084,4.112,4.053,200552.0,,1.4467876410004945,0.14713094654240655,0.005999999999999339,
512500,2025-11-11,4.106,4.055,4.112,4.049,233638.0,,1.5426052889324127,-0.7100881488736512,-0.028999999999999915,
512500,2025-11-12,4.047,4.035,4.07,4.0,222182.0,,1.7262638717632623,-0.4932182490752053,-0.019999999999999574,
512500,2025-11-13,4.025,4.094,4.102,4.025,310439.0,,1.9083023543990076,1.4622057001239197,0.05900000000000016,
512500,2025-11-14,4.069,4.027,4.078,4.025,288382.0,,1.294577430385929,-1.636541279921841,-0.06700000000000017,
512500,2025-11-17,4.025,4.021,4.042,4.006,267402.0,,0.8939657313136227,-0.1489942885522778,-0.006000000000000227,
512500,2025-11-18,4.02,3.985,4.022,3.961,319292.0,,1.517035563292723,-0.8952996766973398,-0.03600000000000003,
512500,2025-11-19,3.992,3.967,4.0,3.946,260163.0,,1.3550815558343745,-0.4516938519447878,-0.017999999999999794,
512500,2025-11-20,3.999,3.936,4.002,3.93,220820.0,,1.8149735316359872,-0.7814469372321688,-0.03100000000000014,
512500,2025-11-21,3.872,3.804,3.919,3.802,771704.0,,2.972560975609756,-3.353658536585369,-0.13200000000000012,
512500,2025-11-24,3.799,3.826,3.848,3.787,498413.0,,1.603575184016823,0.5783385909568939,0.02200000000000024,
512500,2025-11-25,3.848,3.865,3.91,3.848,393929.0,,1.6204913748039802,1.0193413486670189,0.039000000000000146,
512500,2025-11-26,3.869,3.876,3.909,3.861,370727.0,,1.2419146183699765,0.284605433376447,0.010999999999999677,
512500,2025-11-27,3.876,3.87,3.923,3.861,263002.0,,1.5995872033023693,-0.15479876160990153,-0.005999999999999783,
512500,2025-11-28,3.868,3.909,3.916,3.863,773942.0,,1.369509043927647,1.0077519379844884,0.0389999999999997,
512500,2025-12-01,3.915,3.952,3.955,3.914,262693.0,,1.0488616014325896,1.1000255819902827,0.04300000000000015,
512500,2025-12-02,3.947,3.92,3.947,3.909,172571.0,,0.961538461538468,-0.8097165991902842,-0.03200000000000003,
512500,2025-12-03,3.918,3.901,3.933,3.887,189680.0,,1.1734693877550975,-0.4846938775510237,-0.019000000000000128,
512500,2025-12-04,3.912,3.907,3.923,3.876,181461.0,,1.2048192771084378,0.1538067162266144,0.006000000000000227,
512500,2025-12-05,3.91,3.958,3.96,3.879,278400.0,,2.0732019452265154,1.3053493729204033,0.051000000000000156,
512500,2025-12-08,3.962,3.993,4.006,3.962,266673.0,,1.1116725618999503,0.8842849924204067,0.0349999999999997,
512500,2025-12-09,3.978,3.96,3.997,3.955,227539.0,,1.0518407212622043,-0.8264462809917335,-0.03299999999999992,
512500,2025-12-10,3.96,3.98,3.991,3.933,269869.0,,1.4646464646464716,0.5050505050505055,0.020000000000000018,
512500,2025-12-11,3.987,3.945,3.994,3.942,503342.0,,1.3065326633165841,-0.8793969849246267,-0.03500000000000014,
512500,2025-12-12,3.96,3.996,4.006,3.939,665157.0,,1.6983523447401818,1.2927756653992435,0.051000000000000156,
512500,2025-12-15,3.985,3.973,4.009,3.966,1047505.0,,1.0760760760760797,-0.5755755755755788,-0.02300000000000013,
512500,2025-12-16,3.967,3.913,3.967,3.886,1572464.0,,2.038761641077271,-1.5101938082053878,-0.06000000000000005,
512500,2025-12-17,3.907,3.989,4.002,3.9,1111690.0,,2.6066956299514406,1.942243802708921,0.07600000000000007,
512500,2025-12-18,3.978,3.97,4.005,3.966,1075865.0,,0.9776886437703611,-0.4763098520932486,-0.018999999999999684,
512500,2025-12-19,3.971,4.002,4.018,3.971,449507.0,,1.183879093198985,0.8060453400503674,0.031999999999999584,
512500,2025-12-22,4.059,4.048,4.061,4.019,344944.0,,1.049475262368811,1.1494252873563284,0.04600000000000026,
512500,2025-12-23,4.053,4.046,4.073,4.035,295854.0,,0.938735177865619,-0.04940711462450048,-0.0019999999999997797,
512500,2025-12-24,4.046,4.1,4.113,4.044,711733.0,,1.705388037567989,1.3346515076618728,0.05399999999999938,
512500,2025-12-25,4.09,4.136,4.148,4.088,364832.0,,1.463414634146332,0.8780487804878165,0.036000000000000476,
512500,2025-12-26,4.158,4.161,4.18,4.132,588326.0,,1.160541586073502,0.6044487427466022,0.024999999999999467,
512500,2025-12-29,4.151,4.146,4.178,4.137,454738.0,,0.9853400624849885,-0.3604902667627897,-0.01499999999999968,
512500,2025-12-30,4.116,4.163,4.187,4.116,361483.0,,1.7124939700916695,0.4100337674867426,0.017000000000000348,
512500,2025-12-31,4.174,4.166,4.178,4.148,466332.0,,0.7206341580590979,0.07206341580591193,0.0030000000000001137,
512500,2026-01-05,4.179,4.28,4.282,4.179,455350.0,,2.472395583293321,2.736437830052805,0.11399999999999988,
512500,2026-01-06,4.281,4.378,4.38,4.28,534984.0,,2.3364485981308327,2.2897196261682207,0.09799999999999986,
512500,2026-01-07,4.385,4.391,4.415,4.37,560197.0,,1.0278666057560515,0.2969392416628575,0.0129999999999999,
512500,2026-01-08,4.376,4.405,4.433,4.37,339690.0,,1.4347529036665845,0.31883397859258106,0.014000000000000234,
512500,2026-01-09,4.408,4.513,4.515,4.408,820427.0,,2.4290578887627543,2.4517593643586753,0.10799999999999965,
512500,2026-01-12,4.537,4.624,4.638,4.52,461773.0,,2.6146687347662385,2.459561267449585,0.11099999999999977,
512500,2026-01-13,4.626,4.56,4.63,4.534,462464.0,,2.0761245674740505,-1.3840830449827002,-0.06400000000000006,
512500,2026-01-14,4.55,4.6,4.682,4.527,950107.0,,3.3991228070175494,0.8771929824561412,0.040000000000000036,
512500,2026-01-15,4.567,4.593,4.613,4.544,939119.0,,1.5000000000000184,-0.15217391304347117,-0.006999999999999673,
512500,2026-01-16,4.601,4.59,4.623,4.58,754135.0,,0.9362072719355574,-0.0653167864141109,-0.0030000000000001137,
512500,2026-01-19,4.569,4.626,4.647,4.569,687901.0,,1.6993464052287646,0.7843137254902065,0.036000000000000476,
512500,2026-01-20,4.626,4.607,4.66,4.547,539579.0,,2.442715088629495,-0.41072200605274806,-0.019000000000000128,
512500,2026-01-21,4.576,4.664,4.668,4.576,380536.0,,1.9969611460820602,1.237247666594302,0.056999999999999496,
512500,2026-01-22,4.666,4.689,4.699,4.651,342694.0,,1.0291595197255583,0.5360205831904021,0.025000000000000355,
512500,2026-01-23,4.695,4.819,4.822,4.695,845891.0,,2.7084666240136444,2.77244615056515,0.1299999999999999,
512500,2026-01-26,4.899,4.746,4.899,4.716,726957.0,,3.7974683544303764,-1.51483710313342,-0.07299999999999951,
512500,2026-01-27,4.707,4.778,4.794,4.673,661938.0,,2.5495153813737788,0.6742520016856118,0.03199999999999914,
512500,2026-01-28,4.773,4.83,4.835,4.754,8466949.0,,1.695269987442453,1.0883214734198514,0.05200000000000049,
512500,2026-01-29,4.796,4.755,4.839,4.741,1301873.0,,2.0289855072463925,-1.5527950310559042,-0.07500000000000018,
512500,2026-01-30,4.718,4.665,4.747,4.551,1036520.0,,4.121976866456356,-1.892744479495265,-0.08999999999999986,
512500,2026-02-02,4.603,4.472,4.648,4.448,1973762.0,,4.2872454448017,-4.137191854233647,-0.19299999999999962,
512500,2026-02-03,4.532,4.627,4.629,4.496,1019799.0,,2.974060822898012,3.4660107334525794,0.15499999999999936,
512500,2026-02-04,4.606,4.639,4.645,4.564,1033432.0,,1.7505943375837372,0.25934730927167615,0.012000000000000455,
512500,2026-02-05,4.579,4.545,4.595,4.506,850455.0,,1.918516921750367,-2.026298771286922,-0.0940000000000003,
512500,2026-02-06,4.486,4.539,4.609,4.466,901471.0,,3.1463146314631416,-0.13201320132013702,-0.006000000000000227,
512500,2026-02-09,4.598,4.643,4.645,4.594,545544.0,,1.1235955056179616,2.291253580083721,0.10400000000000009,
512500,2026-02-10,4.643,4.634,4.65,4.606,460830.0,,0.9476631488262005,-0.193840189532618,-0.008999999999999453,
512500,2026-02-11,4.63,4.654,4.677,4.625,245633.0,,1.1221406991799654,0.43159257660767314,0.019999999999999574,
512500,2026-02-12,4.664,4.712,4.718,4.656,513622.0,,1.3321873657069248,1.2462397937258236,0.05799999999999983,
512500,2026-02-13,4.672,4.64,4.702,4.626,749265.0,,1.6129032258064435,-1.5280135823429555,-0.07200000000000006,
512500,2026-02-24,4.679,4.689,4.722,4.652,595593.0,,1.5086206896551788,1.0560344827586288,0.04900000000000038,
512500,2026-02-25,4.685,4.762,4.777,4.685,763557.0,,1.9620388142461191,1.556835146086575,0.07299999999999951,
512500,2026-02-26,4.766,4.774,4.789,4.738,492249.0,,1.0709785804283762,0.2519949601008075,0.012000000000000455,
512500,2026-02-27,4.747,4.838,4.839,4.736,888546.0,,2.1575198994553966,1.340594888981987,0.06400000000000006,
512500,2026-03-02,4.81,4.835,4.851,4.771,773173.0,,1.6535758577924775,-0.06200909466722021,-0.0030000000000001137,
512500,2026-03-03,4.822,4.629,4.833,4.621,1772250.0,,4.384694932781795,-4.260599793174776,-0.2060000000000004,
512500,2026-03-04,4.517,4.598,4.683,4.517,704823.0,,3.5860877079282676,-0.6696910779865997,-0.030999999999999694,
512500,2026-03-05,4.692,4.637,4.692,4.601,904998.0,,1.9791213571117918,0.8481948673336168,0.0389999999999997,
512500,2026-03-06,4.619,4.665,4.69,4.606,431959.0,,1.8115160664222671,0.6038386888074287,0.02800000000000047,
512500,2026-03-09,4.615,4.621,4.641,4.501,892110.0,,3.0010718113611934,-0.9431939978563685,-0.043999999999999595,
512500,2026-03-10,4.661,4.693,4.698,4.647,1127827.0,,1.1036572170525893,1.5581043064271622,0.07199999999999918,
512500,2026-03-11,4.691,4.684,4.712,4.673,726740.0,,0.8310249307479161,-0.19177498401873969,-0.008999999999999453,
512500,2026-03-12,4.66,4.664,4.704,4.627,700784.0,,1.6438941076003406,-0.4269854824936051,-0.020000000000000462,
512500,2026-03-13,4.642,4.606,4.678,4.586,438694.0,,1.9725557461406442,-1.2435677530017115,-0.05799999999999983,
512500,2026-03-16,4.6,4.573,4.6,4.498,762184.0,,2.2145028224055454,-0.7164567954841397,-0.032999999999999474,
512500,2026-03-17,4.56,4.472,4.584,4.471,1206618.0,,2.4710255849551612,-2.2086157883227635,-0.10099999999999998,
512500,2026-03-18,4.485,4.516,4.522,4.44,938638.0,,1.8336314847942718,0.9838998211091142,0.043999999999999595,
512500,2026-03-19,4.436,4.403,4.469,4.374,1061465.0,,2.1036315323295094,-2.502214348981409,-0.11300000000000043,
512500,2026-03-20,4.399,4.322,4.435,4.32,935722.0,,2.6118555530320084,-1.8396547808312407,-0.08099999999999952,
512500,2026-03-23,4.27,4.159,4.309,4.131,663367.0,,4.118463674224895,-3.7714021286441524,-0.16300000000000026,
512500,2026-03-24,4.207,4.24,4.242,4.121,908200.0,,2.909353209906217,1.9475835537388895,0.0810000000000004,
512500,2026-03-25,4.27,4.348,4.365,4.27,1251623.0,,2.240566037735864,2.5471698113207464,0.10799999999999965,
512500,2026-03-26,4.323,4.265,4.34,4.255,635291.0,,1.9549218031278741,-1.9089236430542822,-0.08300000000000018,
512500,2026-03-27,4.195,4.324,4.348,4.195,618863.0,,3.5873388042203893,1.3833528722157131,0.05900000000000016,
512500,2026-03-30,4.27,4.329,4.337,4.244,543558.0,,2.1507863089731725,0.11563367252543696,0.004999999999999893,
512500,2026-03-31,4.314,4.263,4.351,4.251,827795.0,,2.310002310002302,-1.524601524601521,-0.06599999999999984,
512500,2026-04-01,4.316,4.323,4.346,4.294,844190.0,,1.2197982641332512,1.407459535538365,0.0600000000000005,
512500,2026-04-02,4.315,4.251,4.323,4.219,955246.0,,2.405736756881797,-1.6655100624566286,-0.07200000000000006,
512500,2026-04-03,4.253,4.211,4.265,4.198,477861.0,,1.5760997412373388,-0.940955069395437,-0.040000000000000036,
512500,2026-04-07,4.216,4.231,4.266,4.207,620084.0,,1.4010923771075792,0.4749465685110323,0.019999999999999574,
512500,2026-04-08,4.326,4.445,4.449,4.323,2273559.0,,2.9780193807610362,5.057905932403696,0.2140000000000004,
512500,2026-04-09,4.4,4.41,4.436,4.379,1095911.0,,1.2823397075365666,-0.7874015748031528,-0.03500000000000014,
512500,2026-04-10,4.43,4.45,4.512,4.43,802016.0,,1.8594104308389987,0.9070294784580506,0.040000000000000036,
512500,2026-04-13,4.408,4.445,4.463,4.408,819688.0,,1.235955056179769,-0.11235955056179536,-0.004999999999999893,
512500,2026-04-14,4.48,4.516,4.519,4.465,947218.0,,1.2148481439820082,1.5973003374578114,0.07099999999999973,
512500,2026-04-15,4.541,4.496,4.557,4.484,978859.0,,1.6164747564216209,-0.4428697962798843,-0.019999999999999574,
512500,2026-04-16,4.498,4.569,4.579,4.498,811246.0,,1.8016014234875335,1.6236654804270352,0.07299999999999951,
512500,2026-04-17,4.57,4.592,4.597,4.548,905330.0,,1.0724447362661496,0.5033924272269574,0.022999999999999687,
512500,2026-04-20,4.58,4.623,4.648,4.58,1628839.0,,1.4808362369337897,0.67508710801395,0.031000000000000583,
512500,2026-04-21,4.618,4.613,4.62,4.572,1188861.0,,1.0382868267358867,-0.2163097555699716,-0.009999999999999787,
512500,2026-04-22,4.581,4.679,4.681,4.581,1714116.0,,2.167786689789717,1.4307392152612146,0.06599999999999984,
512500,2026-04-23,4.68,4.638,4.692,4.593,2088445.0,,2.115836717247279,-0.8762556101731218,-0.04100000000000037,
512500,2026-04-24,4.606,4.604,4.639,4.561,1571634.0,,1.6817593790426972,-0.7330746011211687,-0.03399999999999981,
512500,2026-04-27,4.606,4.633,4.65,4.591,2606105.0,,1.2814943527367542,0.6298870547350112,0.028999999999999915,
512500,2026-04-28,4.65,4.581,4.65,4.563,2884565.0,,1.8778329376214253,-1.1223829052449732,-0.0519999999999996,
512500,2026-04-29,4.564,4.662,4.668,4.56,4045989.0,,2.3575638506876344,1.7681728880157062,0.08099999999999952,
512500,2026-04-30,4.659,4.667,4.678,4.633,5271685.0,,0.9652509652509637,0.10725010725010496,0.004999999999999893,
512500,2026-05-06,4.691,4.794,4.818,4.691,4012295.0,,2.7212341975573127,2.7212341975573127,0.12699999999999978,
512500,2026-05-07,4.82,4.856,4.862,4.801,988543.0,,1.2724238631622853,1.2932832707551165,0.06200000000000028,
512500,2026-05-08,4.825,4.853,4.867,4.812,1127858.0,,1.1326194398681984,-0.061779242174631675,-0.0030000000000001137,
512500,2026-05-11,4.875,4.931,4.952,4.867,1869799.0,,1.751493921285802,1.6072532454152133,0.07800000000000029,
512500,2026-05-12,4.933,4.908,4.947,4.883,2803709.0,,1.2979111742040166,-0.4664368282295617,-0.022999999999999687,
512500,2026-05-13,4.862,4.989,4.992,4.857,1412148.0,,2.7506112469437607,1.6503667481662492,0.08099999999999952,
512500,2026-05-14,4.997,4.864,5.0,4.856,1965304.0,,2.886349969933857,-2.5055121266786933,-0.125,
512500,2026-05-15,4.85,4.768,4.873,4.738,1556498.0,,2.7754934210526274,-1.9736842105263177,-0.09600000000000009,
512500,2026-05-18,4.731,4.775,4.815,4.73,1442449.0,,1.7827181208053684,0.14681208053692454,0.007000000000000561,
512500,2026-05-19,4.779,4.819,4.822,4.698,1083826.0,,2.596858638743448,0.921465968586379,0.043999999999999595,
512500,2026-05-20,4.814,4.837,4.855,4.776,1019517.0,,1.639344262295095,0.3735214774849511,0.017999999999999794,
512500,2026-05-21,4.868,4.719,4.92,4.698,1453893.0,,4.589621666322091,-2.439528633450474,-0.11799999999999944,
512500,2026-05-22,4.749,4.787,4.807,4.711,1624903.0,,2.0343293070565815,1.440983259165069,0.06799999999999962,
512500,2026-05-25,4.812,4.863,4.867,4.773,1256633.0,,1.9636515562983143,1.5876331731773659,0.07600000000000051,
512500,2026-05-26,4.843,4.842,4.857,4.77,989286.0,,1.7890191239975453,-0.43183220234424824,-0.021000000000000796,
512500,2026-05-27,4.83,4.769,4.887,4.75,1149942.0,,2.8294093349855345,-1.5076414704667391,-0.07299999999999951,
512500,2026-05-28,4.756,4.785,4.813,4.712,1073101.0,,2.117844411826378,0.33550010484378306,0.016000000000000014,
512500,2026-05-29,4.785,4.678,4.808,4.644,1371382.0,,3.4273772204806625,-2.236154649947758,-0.1070000000000002,
512500,2026-06-01,4.677,4.637,4.727,4.628,1592273.0,,2.1162890123984655,-0.8764429243266432,-0.04100000000000037,
512500,2026-06-02,4.645,4.655,4.697,4.562,1166819.0,,2.9113651067500497,0.3881820142333553,0.018000000000000682,
512500,2026-06-03,4.659,4.683,4.747,4.644,1228402.0,,2.2126745435016058,0.6015037593984872,0.02799999999999958,
512500,2026-06-04,4.632,4.68,4.702,4.632,1233199.0,,1.4947683109118148,-0.06406149903907994,-0.0030000000000001137,
512500,2026-06-05,4.666,4.617,4.709,4.608,1724446.0,,2.1581196581196576,-1.3461538461538403,-0.06299999999999972,
