code,date,open,close,high,low,volume,amount,amplitude,pct_chg,price_change,turnover_rate
515330,2019-12-26,1.0,1.008,1.009,1.0,2000688.0,,,,,
515330,2019-12-27,1.009,1.01,1.021,1.009,554923.0,,1.1904761904761914,0.19841269841269857,0.0020000000000000018,
515330,2019-12-30,1.01,1.022,1.026,1.005,210485.0,,2.079207920792092,1.1881188118811892,0.01200000000000001,
515330,2019-12-31,1.022,1.028,1.03,1.021,163291.0,,0.8806262230919881,0.5870841487279849,0.006000000000000005,
515330,2020-01-02,1.031,1.042,1.048,1.031,196744.0,,1.6536964980544868,1.3618677042801568,0.014000000000000012,
515330,2020-01-03,1.042,1.039,1.046,1.038,131406.0,,0.7677543186180429,-0.2879078694817767,-0.0030000000000001137,
515330,2020-01-06,1.029,1.035,1.047,1.012,172378.0,,3.3686236766121196,-0.3849855630413863,-0.0040000000000000036,
515330,2020-01-07,1.039,1.042,1.043,1.037,172035.0,,0.5797101449275368,0.6763285024154704,0.007000000000000117,
515330,2020-01-08,1.036,1.032,1.04,1.028,125345.0,,1.1516314779270642,-0.9596928982725536,-0.010000000000000009,
515330,2020-01-09,1.042,1.044,1.045,1.04,135848.0,,0.4844961240309974,1.1627906976744196,0.01200000000000001,
515330,2020-01-10,1.035,1.044,1.052,1.035,141211.0,,1.628352490421468,0.0,0.0,
515330,2020-01-13,1.045,1.053,1.055,1.04,137655.0,,1.4367816091953929,0.8620689655172314,0.008999999999999897,
515330,2020-01-14,1.056,1.052,1.06,1.051,115557.0,,0.8547008547008661,-0.09496676163341784,-0.0009999999999998899,
515330,2020-01-15,1.053,1.045,1.053,1.042,106215.0,,1.045627376425846,-0.6653992395437374,-0.007000000000000117,
515330,2020-01-16,1.045,1.044,1.046,1.041,179048.0,,0.4784688995215422,-0.09569377990429569,-0.0009999999999998899,
515330,2020-01-17,1.046,1.043,1.049,1.04,109563.0,,0.8620689655172314,-0.09578544061303754,-0.001000000000000112,
515330,2020-01-20,1.044,1.05,1.052,1.043,147491.0,,0.8628954937679885,0.6711409395973267,0.007000000000000117,
515330,2020-01-21,1.05,1.034,1.05,1.034,191339.0,,1.523809523809525,-1.523809523809525,-0.016000000000000014,
515330,2020-01-22,1.034,1.037,1.039,1.016,147003.0,,2.2243713733075343,0.2901353965183648,0.0029999999999998916,
515330,2020-01-23,1.037,1.008,1.038,1.002,162252.0,,3.471552555448412,-2.7965284474445435,-0.028999999999999915,
515330,2020-02-03,0.95,0.907,0.95,0.907,76307.0,,4.265873015873009,-10.019841269841267,-0.10099999999999998,
515330,2020-02-04,0.916,0.947,0.952,0.916,83378.0,,3.9691289966923837,4.410143329658205,0.039999999999999925,
515330,2020-02-05,0.955,0.957,0.968,0.95,102311.0,,1.9007391763463586,1.0559662090813104,0.010000000000000009,
515330,2020-02-06,0.954,0.983,0.984,0.954,122198.0,,3.134796238244517,2.7168234064785817,0.026000000000000023,
515330,2020-02-07,0.983,0.978,0.983,0.967,106121.0,,1.6276703967446606,-0.5086469989827065,-0.0050000000000000044,
515330,2020-02-10,0.974,0.979,0.981,0.969,144267.0,,1.226993865030676,0.10224948875255634,0.0010000000000000009,
515330,2020-02-11,0.985,0.992,0.996,0.984,140244.0,,1.2257405515832493,1.32788559754852,0.013000000000000012,
515330,2020-02-12,0.992,1.001,1.002,0.988,267126.0,,1.4112903225806466,0.9072580645161187,0.008999999999999897,
515330,2020-02-13,0.999,0.996,1.006,0.994,352834.0,,1.1988011988012,-0.4995004995004889,-0.004999999999999893,
515330,2020-02-14,0.994,1.0,1.006,0.994,446169.0,,1.204819277108435,0.40160642570281163,0.0040000000000000036,
515330,2020-02-17,1.0,1.024,1.024,1.0,149530.0,,2.400000000000002,2.400000000000002,0.02400000000000002,
515330,2020-02-18,1.024,1.016,1.024,1.011,173187.0,,1.269531250000012,-0.7812500000000007,-0.008000000000000007,
515330,2020-02-19,1.015,1.016,1.025,1.015,173003.0,,0.9842519685039378,0.0,0.0,
515330,2020-02-20,1.019,1.042,1.043,1.017,159201.0,,2.559055118110239,2.559055118110239,0.026000000000000023,
515330,2020-02-21,1.037,1.043,1.049,1.036,156116.0,,1.247600767754309,0.0959692898272447,0.0009999999999998899,
515330,2020-02-24,1.042,1.037,1.042,1.028,180612.0,,1.3422818791946323,-0.5752636625119852,-0.006000000000000005,
515330,2020-02-25,1.027,1.033,1.034,1.008,221944.0,,2.5072324011571867,-0.3857280617164902,-0.0040000000000000036,
515330,2020-02-26,1.023,1.024,1.035,1.018,250795.0,,1.6456921587608815,-0.8712487899322262,-0.008999999999999897,
515330,2020-02-27,1.027,1.024,1.029,1.021,197495.0,,0.7812500000000007,0.0,0.0,
515330,2020-02-28,1.014,0.991,1.014,0.983,164952.0,,3.0273437500000027,-3.2226562500000027,-0.03300000000000003,
515330,2020-03-02,1.001,1.025,1.029,0.991,225902.0,,3.8345105953582164,3.430877901109982,0.03399999999999992,
515330,2020-03-03,1.035,1.025,1.041,1.021,156407.0,,1.9512195121951237,0.0,0.0,
515330,2020-03-04,1.028,1.031,1.032,1.019,133229.0,,1.2682926829268413,0.5853658536585372,0.006000000000000005,
515330,2020-03-05,1.031,1.056,1.059,1.031,159980.0,,2.715809893307471,2.4248302618816813,0.025000000000000133,
515330,2020-03-06,1.045,1.038,1.048,1.038,140721.0,,0.9469696969696977,-1.704545454545456,-0.018000000000000016,
515330,2020-03-09,1.038,1.009,1.038,1.0,109937.0,,3.66088631984586,-2.793834296724483,-0.029000000000000137,
515330,2020-03-10,1.017,1.026,1.028,0.994,168839.0,,3.3696729435084274,1.6848364717542248,0.017000000000000126,
515330,2020-03-11,1.035,1.015,1.035,1.013,324041.0,,2.144249512670567,-1.0721247563352945,-0.01100000000000012,
515330,2020-03-12,1.013,0.993,1.013,0.986,495961.0,,2.6600985221674796,-2.167487684729055,-0.02199999999999991,
515330,2020-03-13,0.983,0.977,0.986,0.942,260170.0,,4.4310171198388755,-1.6112789526686822,-0.016000000000000014,
515330,2020-03-16,0.987,0.935,0.987,0.93,355994.0,,5.8341862845445185,-4.298874104401221,-0.041999999999999926,
515330,2020-03-17,0.934,0.93,0.955,0.907,202656.0,,5.133689839572185,-0.5347593582887704,-0.0050000000000000044,
515330,2020-03-18,0.939,0.916,0.949,0.911,279827.0,,4.086021505376335,-1.5053763440860228,-0.014000000000000012,
515330,2020-03-19,0.916,0.906,0.92,0.88,461380.0,,4.36681222707424,-1.09170305676856,-0.010000000000000009,
515330,2020-03-20,0.903,0.92,0.92,0.9,214918.0,,2.207505518763799,1.545253863134659,0.014000000000000012,
515330,2020-03-23,0.906,0.886,0.906,0.884,435772.0,,2.391304347826089,-3.6956521739130466,-0.03400000000000003,
515330,2020-03-24,0.893,0.908,0.911,0.89,192704.0,,2.3702031602708824,2.4830699774266387,0.02200000000000002,
515330,2020-03-25,0.918,0.937,0.938,0.918,431114.0,,2.202643171806157,3.193832599118945,0.029000000000000026,
515330,2020-03-26,0.928,0.93,0.938,0.923,193882.0,,1.6008537886872893,-0.7470651013874072,-0.007000000000000006,
515330,2020-03-27,0.939,0.932,0.945,0.931,136365.0,,1.5053763440860108,0.21505376344086038,0.0020000000000000018,
515330,2020-03-30,0.941,0.923,0.941,0.913,168178.0,,3.0042918454935528,-0.9656652360515029,-0.009000000000000008,
515330,2020-03-31,0.932,0.93,0.932,0.923,252966.0,,0.9750812567713985,0.758396533044421,0.007000000000000006,
515330,2020-04-01,0.924,0.923,0.938,0.922,293793.0,,1.7204301075268713,-0.7526881720430114,-0.007000000000000006,
515330,2020-04-02,0.92,0.937,0.937,0.918,307905.0,,2.0585048754062854,1.516793066088842,0.014000000000000012,
515330,2020-04-03,0.931,0.931,0.938,0.929,192521.0,,0.9605122732123689,-0.6403415154749205,-0.006000000000000005,
515330,2020-04-07,0.94,0.953,0.956,0.94,278742.0,,1.7185821697099906,2.363050483351225,0.02199999999999991,
515330,2020-04-08,0.947,0.947,0.952,0.945,267833.0,,0.7345225603357824,-0.6295907660020993,-0.006000000000000005,
515330,2020-04-09,0.947,0.95,0.955,0.947,254545.0,,0.8447729672650484,0.3167898627243931,0.0030000000000000027,
515330,2020-04-10,0.949,0.947,0.961,0.943,286892.0,,1.894736842105265,-0.31578947368421084,-0.0030000000000000027,
515330,2020-04-13,0.946,0.942,0.947,0.94,382905.0,,0.7391763463569173,-0.5279831045406552,-0.0050000000000000044,
515330,2020-04-14,0.949,0.96,0.96,0.946,284751.0,,1.4861995753715513,1.9108280254777086,0.018000000000000016,
515330,2020-04-15,0.96,0.953,0.96,0.952,149273.0,,0.8333333333333341,-0.7291666666666674,-0.007000000000000006,
515330,2020-04-16,0.953,0.952,0.956,0.947,475031.0,,0.9443861490031489,-0.1049317943336832,-0.0010000000000000009,
515330,2020-04-17,0.961,0.961,0.968,0.959,157699.0,,0.9453781512605051,0.9453781512605051,0.009000000000000008,
515330,2020-04-20,0.961,0.965,0.966,0.955,261427.0,,1.1446409989594184,0.41623309053069757,0.0040000000000000036,
515330,2020-04-21,0.96,0.954,0.962,0.948,187636.0,,1.4507772020725402,-1.1398963730569958,-0.01100000000000001,
515330,2020-04-22,0.948,0.963,0.963,0.948,455334.0,,1.5723270440251587,0.9433962264150951,0.009000000000000008,
515330,2020-04-23,0.965,0.96,0.968,0.96,456485.0,,0.830737279335411,-0.31152647975077913,-0.0030000000000000027,
515330,2020-04-24,0.962,0.953,0.962,0.951,231961.0,,1.1458333333333344,-0.7291666666666674,-0.007000000000000006,
515330,2020-04-27,0.958,0.959,0.965,0.952,347767.0,,1.3641133263378817,0.6295907660020993,0.006000000000000005,
515330,2020-04-28,0.964,0.965,0.97,0.946,397159.0,,2.5026068821689282,0.6256517205422321,0.006000000000000005,
515330,2020-04-29,0.965,0.969,0.973,0.965,211805.0,,0.8290155440414516,0.4145077720207258,0.0040000000000000036,
515330,2020-04-30,0.975,0.983,0.985,0.975,237567.0,,1.0319917440660484,1.444788441692468,0.014000000000000012,
515330,2020-05-06,0.983,0.987,0.989,0.973,239739.0,,1.6276703967446606,0.40691759918616516,0.0040000000000000036,
515330,2020-05-07,0.988,0.986,0.988,0.984,172147.0,,0.4052684903748737,-0.10131712259371843,-0.0010000000000000009,
515330,2020-05-08,0.991,0.995,1.0,0.99,231418.0,,1.0141987829614614,0.9127789046653153,0.009000000000000008,
515330,2020-05-11,0.995,0.994,1.005,0.99,210142.0,,1.5075376884422014,-0.10050251256281417,-0.0010000000000000009,
515330,2020-05-12,0.986,0.993,0.996,0.986,228371.0,,1.0060362173038238,-0.10060362173038238,-0.0010000000000000009,
515330,2020-05-13,0.99,0.996,0.998,0.987,163858.0,,1.1077542799597189,0.3021148036253779,0.0030000000000000027,
515330,2020-05-14,0.99,0.987,0.992,0.986,331116.0,,0.6024096385542175,-0.9036144578313261,-0.009000000000000008,
515330,2020-05-15,0.991,0.983,0.991,0.982,189597.0,,0.9118541033434658,-0.4052684903748737,-0.0040000000000000036,
515330,2020-05-18,0.985,0.985,0.99,0.979,184868.0,,1.1190233977619541,0.20345879959308258,0.0020000000000000018,
515330,2020-05-19,0.992,0.993,0.996,0.991,200681.0,,0.5076142131979701,0.812182741116752,0.008000000000000007,
515330,2020-05-20,0.994,0.988,0.994,0.986,194013.0,,0.8056394763343411,-0.5035246727089632,-0.0050000000000000044,
515330,2020-05-21,0.991,0.983,0.991,0.982,151778.0,,0.9109311740890697,-0.5060728744939276,-0.0050000000000000044,
515330,2020-05-22,0.979,0.962,0.979,0.96,241549.0,,1.9328585961342843,-2.1363173957273673,-0.02100000000000002,
515330,2020-05-25,0.952,0.963,0.964,0.952,426413.0,,1.2474012474012486,0.10395010395010404,0.0010000000000000009,
515330,2020-05-26,0.968,0.975,0.975,0.967,350713.0,,0.830737279335411,1.2461059190031165,0.01200000000000001,
515330,2020-05-27,0.975,0.968,0.975,0.966,392938.0,,0.9230769230769239,-0.7179487179487186,-0.007000000000000006,
515330,2020-05-28,0.969,0.969,0.976,0.962,156475.0,,1.4462809917355384,0.10330578512396703,0.0010000000000000009,
515330,2020-05-29,0.967,0.972,0.974,0.966,184543.0,,0.8255933952528388,0.30959752321981454,0.0030000000000000027,
515330,2020-06-01,0.982,0.998,1.0,0.982,176639.0,,1.8518518518518534,2.674897119341566,0.026000000000000023,
515330,2020-06-02,0.998,1.002,1.004,0.997,151658.0,,0.701402805611223,0.4008016032064131,0.0040000000000000036,
515330,2020-06-03,1.012,1.002,1.012,1.002,188400.0,,0.9980039920159689,0.0,0.0,
515330,2020-06-04,1.01,1.003,1.01,1.0,148167.0,,0.9980039920159689,0.0998003992015858,0.0009999999999998899,
515330,2020-06-05,1.002,1.007,1.007,1.0,249869.0,,0.6979062811565201,0.39880358923230347,0.0040000000000000036,
515330,2020-06-08,1.017,1.012,1.019,1.011,152413.0,,0.7944389275074487,0.4965243296921665,0.0050000000000001155,
515330,2020-06-09,1.011,1.019,1.02,1.011,182771.0,,0.8893280632411185,0.6916996047430727,0.006999999999999895,
515330,2020-06-10,1.019,1.018,1.019,1.015,197867.0,,0.39254170755642825,-0.09813542688909616,-0.0009999999999998899,
515330,2020-06-11,1.015,1.007,1.019,1.004,184463.0,,1.4734774066797547,-1.0805500982318388,-0.01100000000000012,
515330,2020-06-12,1.0,1.008,1.012,0.996,152011.0,,1.5888778550148974,0.09930486593844211,0.001000000000000112,
515330,2020-06-15,1.007,0.996,1.01,0.996,192647.0,,1.38888888888889,-1.1904761904761914,-0.01200000000000001,
515330,2020-06-16,0.998,1.01,1.011,0.998,231806.0,,1.3052208835341266,1.4056224899598406,0.014000000000000012,
515330,2020-06-17,1.009,1.012,1.012,1.008,191717.0,,0.3960396039603964,0.1980198019801982,0.0020000000000000018,
515330,2020-06-18,1.012,1.022,1.022,1.009,198877.0,,1.2845849802371663,0.9881422924901194,0.010000000000000009,
515330,2020-06-19,1.012,1.034,1.037,1.012,229204.0,,2.4461839530332594,1.1741682974559697,0.01200000000000001,
515330,2020-06-22,1.034,1.034,1.043,1.033,263480.0,,0.9671179883945848,0.0,0.0,
515330,2020-06-23,1.032,1.041,1.042,1.03,172169.0,,1.160541586073502,0.6769825918761988,0.006999999999999895,
515330,2020-06-24,1.042,1.047,1.048,1.042,200694.0,,0.5763688760806922,0.5763688760806922,0.006000000000000005,
515330,2020-06-29,1.047,1.04,1.047,1.034,197757.0,,1.2416427889207164,-0.6685768863419194,-0.006999999999999895,
515330,2020-06-30,1.048,1.054,1.056,1.046,236030.0,,0.9615384615384623,1.3461538461538474,0.014000000000000012,
515330,2020-07-01,1.076,1.075,1.082,1.053,210458.0,,2.7514231499051363,1.9924098671726664,0.020999999999999908,
515330,2020-07-02,1.075,1.099,1.1,1.075,162780.0,,2.32558139534885,2.232558139534886,0.02400000000000002,
515330,2020-07-03,1.1,1.121,1.121,1.1,266441.0,,1.9108280254776986,2.0018198362147426,0.02200000000000002,
515330,2020-07-06,1.178,1.19,1.19,1.137,201603.0,,4.727921498661904,6.155218554861727,0.06899999999999995,
515330,2020-07-07,1.196,1.193,1.22,1.189,335265.0,,2.6050420168067157,0.252100840336144,0.0030000000000001137,
515330,2020-07-08,1.195,1.209,1.218,1.185,239802.0,,2.7661357921206973,1.3411567476948878,0.016000000000000014,
515330,2020-07-09,1.209,1.226,1.23,1.207,238529.0,,1.9023986765922172,1.4061207609594626,0.016999999999999904,
515330,2020-07-10,1.229,1.209,1.23,1.202,191689.0,,2.283849918433934,-1.3866231647634506,-0.016999999999999904,
515330,2020-07-13,1.202,1.234,1.24,1.202,207588.0,,3.1430934656741134,2.067824648469802,0.02499999999999991,
515330,2020-07-14,1.234,1.221,1.235,1.203,173898.0,,2.5931928687196133,-1.053484602917334,-0.0129999999999999,
515330,2020-07-15,1.221,1.208,1.232,1.205,147490.0,,2.211302211302204,-1.0647010647010746,-0.013000000000000123,
515330,2020-07-16,1.21,1.157,1.222,1.155,136858.0,,5.546357615894036,-4.221854304635756,-0.050999999999999934,
515330,2020-07-17,1.157,1.163,1.179,1.149,188166.0,,2.592912705272258,0.5185825410544516,0.006000000000000005,
515330,2020-07-20,1.203,1.196,1.203,1.162,170439.0,,3.5253654342218526,2.837489251934645,0.03299999999999992,
515330,2020-07-21,1.208,1.202,1.208,1.193,133060.0,,1.2541806020066808,0.501672240802676,0.006000000000000005,
515330,2020-07-22,1.202,1.209,1.228,1.198,160269.0,,2.495840266222964,0.5823627287853675,0.007000000000000117,
515330,2020-07-23,1.209,1.209,1.213,1.183,187901.0,,2.481389578163774,0.0,0.0,
515330,2020-07-24,1.208,1.157,1.208,1.15,181009.0,,4.797353184449962,-4.3010752688172085,-0.052000000000000046,
515330,2020-07-27,1.158,1.161,1.17,1.151,206741.0,,1.6421780466724205,0.3457216940363011,0.0040000000000000036,
515330,2020-07-28,1.163,1.17,1.178,1.163,339024.0,,1.291989664082679,0.7751937984496036,0.008999999999999897,
515330,2020-07-29,1.146,1.2,1.201,1.146,164080.0,,4.700854700854714,2.5641025641025665,0.030000000000000027,
515330,2020-07-30,1.201,1.196,1.206,1.192,136563.0,,1.1666666666666679,-0.33333333333333365,-0.0040000000000000036,
515330,2020-07-31,1.193,1.204,1.217,1.184,183879.0,,2.7591973244147274,0.6688963210702347,0.008000000000000007,
515330,2020-08-03,1.203,1.222,1.224,1.199,143216.0,,2.076411960132883,1.4950166112956824,0.018000000000000016,
515330,2020-08-04,1.222,1.224,1.231,1.217,161413.0,,1.1456628477905084,0.16366612111292977,0.0020000000000000018,
515330,2020-08-05,1.225,1.225,1.227,1.207,202774.0,,1.6339869281045767,0.0816993464052379,0.001000000000000112,
515330,2020-08-06,1.223,1.223,1.225,1.204,159453.0,,1.7142857142857248,-0.1632653061224491,-0.0020000000000000018,
515330,2020-08-07,1.213,1.209,1.222,1.19,110890.0,,2.616516762060509,-1.1447260834014727,-0.014000000000000012,
515330,2020-08-10,1.209,1.211,1.22,1.194,254892.0,,2.1505376344086042,0.1654259718775849,0.0020000000000000018,
515330,2020-08-11,1.212,1.202,1.229,1.199,170489.0,,2.4772914946325373,-0.7431874483897702,-0.009000000000000119,
515330,2020-08-12,1.2,1.192,1.202,1.172,141293.0,,2.495840266222964,-0.8319467554076547,-0.010000000000000009,
515330,2020-08-13,1.198,1.191,1.198,1.188,328663.0,,0.838926174496645,-0.08389261744965519,-0.0009999999999998899,
515330,2020-08-14,1.187,1.212,1.212,1.187,174309.0,,2.099076406381185,1.7632241813601937,0.020999999999999908,
515330,2020-08-17,1.213,1.235,1.243,1.213,196909.0,,2.4752475247524774,1.8976897689769086,0.02300000000000013,
515330,2020-08-18,1.235,1.236,1.239,1.23,195604.0,,0.7287449392712647,0.08097165991901942,0.0009999999999998899,
515330,2020-08-19,1.236,1.218,1.236,1.218,168542.0,,1.4563106796116518,-1.4563106796116518,-0.018000000000000016,
515330,2020-08-20,1.218,1.203,1.218,1.198,182669.0,,1.642036124794747,-1.2315270935960512,-0.014999999999999902,
515330,2020-08-21,1.203,1.214,1.22,1.203,345949.0,,1.4131338320864426,0.9143807148794595,0.010999999999999899,
515330,2020-08-24,1.214,1.222,1.239,1.18,225493.0,,4.8599670510708535,0.6589785831960467,0.008000000000000007,
515330,2020-08-25,1.222,1.224,1.236,1.222,134755.0,,1.1456628477905084,0.16366612111292977,0.0020000000000000018,
515330,2020-08-26,1.224,1.21,1.23,1.207,150778.0,,1.879084967320254,-1.1437908496732037,-0.014000000000000012,
515330,2020-08-27,1.21,1.215,1.215,1.203,173660.0,,0.9917355371900836,0.41322314049587733,0.0050000000000001155,
515330,2020-08-28,1.215,1.244,1.246,1.213,161921.0,,2.7160493827160423,2.3868312757201573,0.028999999999999915,
515330,2020-08-31,1.244,1.238,1.26,1.238,107897.0,,1.7684887459807088,-0.4823151125401934,-0.006000000000000005,
515330,2020-09-01,1.237,1.246,1.246,1.233,125992.0,,1.050080775444257,0.6462035541195482,0.008000000000000007,
515330,2020-09-02,1.246,1.247,1.25,1.234,96987.0,,1.2841091492776897,0.08025682182986452,0.001000000000000112,
515330,2020-09-03,1.248,1.24,1.254,1.234,147579.0,,1.6038492381716132,-0.5613472333600735,-0.007000000000000117,
515330,2020-09-04,1.24,1.226,1.24,1.213,89815.0,,2.177419354838703,-1.1290322580645171,-0.014000000000000012,
515330,2020-09-07,1.236,1.202,1.237,1.2,363880.0,,3.017944535073421,-1.9575856443719433,-0.02400000000000002,
515330,2020-09-08,1.203,1.212,1.229,1.195,362858.0,,2.828618968386026,0.8319467554076547,0.010000000000000009,
515330,2020-09-09,1.21,1.18,1.21,1.174,113487.0,,2.970297029702973,-2.640264026402643,-0.03200000000000003,
515330,2020-09-10,1.182,1.18,1.199,1.178,777761.0,,1.7796610169491638,0.0,0.0,
515330,2020-09-11,1.182,1.191,1.193,1.175,486249.0,,1.5254237288135608,0.9322033898305188,0.01100000000000012,
515330,2020-09-14,1.195,1.197,1.2,1.189,107484.0,,0.923593618807716,0.5037783375314866,0.006000000000000005,
515330,2020-09-15,1.198,1.209,1.237,1.192,400600.0,,3.759398496240614,1.0025062656641612,0.01200000000000001,
515330,2020-09-16,1.209,1.197,1.233,1.194,94764.0,,3.225806451612915,-0.9925558312655095,-0.01200000000000001,
515330,2020-09-17,1.197,1.192,1.2,1.184,111238.0,,1.3366750208855482,-0.4177109440267431,-0.0050000000000001155,
515330,2020-09-18,1.191,1.22,1.22,1.191,166994.0,,2.4328859060402617,2.348993288590606,0.028000000000000025,
515330,2020-09-21,1.221,1.21,1.225,1.209,157272.0,,1.3114754098360668,-0.8196721311475417,-0.010000000000000009,
515330,2020-09-22,1.205,1.194,1.213,1.193,494452.0,,1.6528925619834725,-1.322314049586778,-0.016000000000000014,
515330,2020-09-23,1.195,1.197,1.205,1.192,470610.0,,1.088777219430496,0.2512562814070447,0.0030000000000001137,
515330,2020-09-24,1.198,1.176,1.198,1.175,159719.0,,1.9214703425229664,-1.7543859649122913,-0.02100000000000013,
515330,2020-09-25,1.172,1.179,1.186,1.171,455505.0,,1.2755102040816244,0.25510204081633625,0.0030000000000001137,
515330,2020-09-28,1.179,1.181,1.19,1.179,195268.0,,0.9329940627650465,0.1696352841391011,0.0020000000000000018,
515330,2020-09-29,1.182,1.185,1.19,1.182,160334.0,,0.677392040643523,0.3386960203217615,0.0040000000000000036,
515330,2020-09-30,1.186,1.18,1.193,1.175,173708.0,,1.5189873417721533,-0.421940928270052,-0.0050000000000001155,
515330,2020-10-09,1.185,1.204,1.209,1.185,108111.0,,2.033898305084748,2.033898305084748,0.02400000000000002,
515330,2020-10-12,1.204,1.242,1.244,1.204,433773.0,,3.3222591362126277,3.156146179401996,0.038000000000000034,
515330,2020-10-13,1.242,1.245,1.248,1.234,142050.0,,1.1272141706924326,0.2415458937198159,0.0030000000000001137,
515330,2020-10-14,1.245,1.237,1.245,1.234,166031.0,,0.8835341365461944,-0.6425702811244985,-0.008000000000000007,
515330,2020-10-15,1.236,1.237,1.244,1.235,142768.0,,0.7275666936135728,0.0,0.0,
515330,2020-10-16,1.242,1.234,1.262,1.226,286155.0,,2.9102667744543274,-0.24252223120453625,-0.0030000000000001137,
515330,2020-10-19,1.235,1.226,1.25,1.223,101307.0,,2.1880064829821646,-0.6482982171799033,-0.008000000000000007,
515330,2020-10-20,1.226,1.234,1.235,1.221,108274.0,,1.141924959216967,0.652528548123981,0.008000000000000007,
515330,2020-10-21,1.235,1.234,1.236,1.226,115149.0,,0.8103727714748791,0.0,0.0,
515330,2020-10-22,1.23,1.231,1.234,1.218,113664.0,,1.2965964343598066,-0.24311183144245474,-0.0029999999999998916,
515330,2020-10-23,1.231,1.218,1.239,1.215,376955.0,,1.9496344435418373,-1.0560519902518377,-0.013000000000000123,
515330,2020-10-26,1.219,1.212,1.243,1.197,428237.0,,3.7766830870279184,-0.4926108374384241,-0.006000000000000005,
515330,2020-10-27,1.211,1.213,1.216,1.205,502504.0,,0.9075907590758994,0.08250825082509175,0.001000000000000112,
515330,2020-10-28,1.213,1.221,1.224,1.208,81366.0,,1.3190436933223424,0.6595218466611712,0.008000000000000007,
515330,2020-10-29,1.22,1.232,1.236,1.206,129981.0,,2.457002457002459,0.9009009009008926,0.010999999999999899,
515330,2020-10-30,1.233,1.21,1.233,1.205,127430.0,,2.2727272727272747,-1.7857142857142874,-0.02200000000000002,
515330,2020-11-02,1.211,1.218,1.223,1.211,372476.0,,0.9917355371900836,0.661157024793389,0.008000000000000007,
515330,2020-11-03,1.218,1.229,1.236,1.218,308000.0,,1.4778325123152722,0.90311986863712,0.01100000000000012,
515330,2020-11-04,1.23,1.239,1.242,1.227,120585.0,,1.2205044751830676,0.8136696501220512,0.010000000000000009,
515330,2020-11-05,1.247,1.259,1.26,1.245,127998.0,,1.2106537530266264,1.614205004035496,0.019999999999999796,
515330,2020-11-06,1.26,1.257,1.26,1.248,151647.0,,0.9531374106433687,-0.15885623510722813,-0.0020000000000000018,
515330,2020-11-09,1.257,1.285,1.288,1.256,118676.0,,2.5457438345266534,2.2275258552108217,0.028000000000000025,
515330,2020-11-10,1.311,1.278,1.311,1.272,252915.0,,3.0350194552529124,-0.5447470817120542,-0.006999999999999895,
515330,2020-11-11,1.279,1.265,1.279,1.263,161384.0,,1.2519561815336473,-1.0172143974960972,-0.013000000000000123,
515330,2020-11-12,1.256,1.265,1.271,1.256,147474.0,,1.1857707509881346,0.0,0.0,
515330,2020-11-13,1.265,1.251,1.265,1.243,139196.0,,1.7391304347825927,-1.106719367588934,-0.014000000000000012,
515330,2020-11-16,1.252,1.264,1.265,1.25,218623.0,,1.1990407673860835,1.0391686650679557,0.013000000000000123,
515330,2020-11-17,1.264,1.26,1.265,1.254,325061.0,,0.870253164556954,-0.31645569620253194,-0.0040000000000000036,
515330,2020-11-18,1.26,1.26,1.285,1.255,143118.0,,2.3809523809523827,0.0,0.0,
515330,2020-11-19,1.26,1.27,1.275,1.255,203417.0,,1.5873015873015885,0.7936507936507943,0.010000000000000009,
515330,2020-11-20,1.273,1.273,1.278,1.269,257386.0,,0.708661417322844,0.23622047244093633,0.0029999999999998916,
515330,2020-11-23,1.273,1.289,1.296,1.273,90639.0,,1.80675569520818,1.2568735271013365,0.016000000000000014,
515330,2020-11-24,1.293,1.282,1.293,1.28,120073.0,,1.0085337470907605,-0.543056633048867,-0.006999999999999895,
515330,2020-11-25,1.282,1.268,1.291,1.267,75094.0,,1.8720748829953213,-1.0920436817472707,-0.014000000000000012,
515330,2020-11-26,1.268,1.268,1.27,1.256,92360.0,,1.1041009463722407,0.0,0.0,
515330,2020-11-27,1.268,1.284,1.284,1.268,74451.0,,1.2618296529968467,1.2618296529968467,0.016000000000000014,
515330,2020-11-30,1.276,1.283,1.307,1.276,238484.0,,2.414330218068529,-0.07788161993770341,-0.001000000000000112,
515330,2020-12-01,1.283,1.307,1.309,1.28,133528.0,,2.260327357755255,1.8706157443491835,0.02400000000000002,
515330,2020-12-02,1.307,1.308,1.313,1.301,122444.0,,0.91813312930375,0.07651109410865431,0.001000000000000112,
515330,2020-12-03,1.308,1.306,1.309,1.298,121519.0,,0.8409785932721635,-0.15290519877675854,-0.0020000000000000018,
515330,2020-12-04,1.305,1.306,1.307,1.294,114657.0,,0.9954058192955513,0.0,0.0,
515330,2020-12-07,1.306,1.296,1.307,1.292,119743.0,,1.148545176110253,-0.7656967840735075,-0.010000000000000009,
515330,2020-12-08,1.296,1.292,1.302,1.29,335495.0,,0.9259259259259267,-0.30864197530864224,-0.0040000000000000036,
515330,2020-12-09,1.293,1.275,1.299,1.275,142069.0,,1.8575851393188871,-1.3157894736842202,-0.017000000000000126,
515330,2020-12-10,1.275,1.274,1.279,1.27,180978.0,,0.7058823529411684,-0.07843137254901097,-0.0009999999999998899,
515330,2020-12-11,1.274,1.26,1.279,1.254,657494.0,,1.9623233908948126,-1.0989010989010999,-0.014000000000000012,
515330,2020-12-14,1.262,1.272,1.275,1.258,622268.0,,1.3492063492063417,0.9523809523809532,0.01200000000000001,
515330,2020-12-15,1.272,1.275,1.278,1.266,393241.0,,0.9433962264150951,0.23584905660376507,0.0029999999999998916,
515330,2020-12-16,1.275,1.279,1.282,1.274,202981.0,,0.6274509803921574,0.3137254901960787,0.0040000000000000036,
515330,2020-12-17,1.28,1.294,1.295,1.277,129468.0,,1.4073494917904625,1.1727912431587275,0.015000000000000124,
515330,2020-12-18,1.294,1.285,1.296,1.283,140080.0,,1.0046367851622968,-0.6955177743431313,-0.009000000000000119,
515330,2020-12-21,1.287,1.299,1.3,1.279,107518.0,,1.634241245136197,1.0894941634241255,0.014000000000000012,
515330,2020-12-22,1.298,1.279,1.301,1.277,111853.0,,1.8475750577367223,-1.5396458814472687,-0.020000000000000018,
515330,2020-12-23,1.28,1.289,1.294,1.28,136440.0,,1.094605160281471,0.7818608287724793,0.010000000000000009,
515330,2020-12-24,1.289,1.288,1.296,1.282,109007.0,,1.0861132660977513,-0.07757951900697362,-0.0009999999999998899,
515330,2020-12-25,1.288,1.299,1.299,1.282,81844.0,,1.3198757763975082,0.8540372670807375,0.010999999999999899,
515330,2020-12-28,1.298,1.303,1.35,1.288,70290.0,,4.7729022324865324,0.3079291762894537,0.0040000000000000036,
515330,2020-12-29,1.302,1.299,1.309,1.298,111558.0,,0.8442056792018341,-0.30698388334612464,-0.0040000000000000036,
515330,2020-12-30,1.298,1.315,1.316,1.298,137852.0,,1.3856812933025418,1.2317167051578148,0.016000000000000014,
515330,2020-12-31,1.323,1.341,1.343,1.323,107178.0,,1.5209125475285186,1.977186311787074,0.026000000000000023,
515330,2021-01-04,1.342,1.357,1.368,1.337,133735.0,,2.311707680835208,1.1931394481730064,0.016000000000000014,
515330,2021-01-05,1.363,1.381,1.382,1.345,165009.0,,2.726602800294762,1.768607221812824,0.02400000000000002,
515330,2021-01-06,1.381,1.393,1.399,1.376,88336.0,,1.6654598117306394,0.8689355539464163,0.01200000000000001,
515330,2021-01-07,1.393,1.42,1.42,1.393,131535.0,,1.9382627422828365,1.9382627422828365,0.026999999999999913,
515330,2021-01-08,1.42,1.416,1.428,1.402,97014.0,,1.8309859154929595,-0.2816901408450707,-0.0040000000000000036,
515330,2021-01-11,1.419,1.402,1.43,1.393,153694.0,,2.6129943502824804,-0.9887005649717524,-0.014000000000000012,
515330,2021-01-12,1.373,1.44,1.441,1.373,101311.0,,4.850213980028535,2.7104136947218285,0.038000000000000034,
515330,2021-01-13,1.44,1.438,1.454,1.426,145200.0,,1.9444444444444462,-0.13888888888888903,-0.0020000000000000018,
515330,2021-01-14,1.428,1.41,1.434,1.409,455673.0,,1.7385257301808006,-1.9471488178025051,-0.028000000000000025,
515330,2021-01-15,1.41,1.407,1.425,1.388,154903.0,,2.624113475177315,-0.21276595744680082,-0.0029999999999998916,
515330,2021-01-18,1.407,1.425,1.429,1.395,456374.0,,2.416488983653165,1.2793176972281461,0.018000000000000016,
515330,2021-01-19,1.425,1.401,1.428,1.396,111801.0,,2.2456140350877214,-1.6842105263157907,-0.02400000000000002,
515330,2021-01-20,1.401,1.408,1.415,1.396,105560.0,,1.3561741613133567,0.4996431120628048,0.006999999999999895,
515330,2021-01-21,1.408,1.432,1.442,1.408,203254.0,,2.4147727272727297,1.7045454545454561,0.02400000000000002,
515330,2021-01-22,1.433,1.433,1.443,1.419,96630.0,,1.6759776536312867,0.0698324022346447,0.001000000000000112,
515330,2021-01-25,1.437,1.45,1.457,1.426,170710.0,,2.1632937892533244,1.1863224005582627,0.016999999999999904,
515330,2021-01-26,1.45,1.42,1.45,1.417,143943.0,,2.2758620689655116,-2.0689655172413812,-0.030000000000000027,
515330,2021-01-27,1.42,1.428,1.429,1.406,462963.0,,1.6197183098591643,0.5633802816901414,0.008000000000000007,
515330,2021-01-28,1.421,1.386,1.421,1.382,128581.0,,2.7310924369748,-2.941176470588238,-0.04200000000000004,
515330,2021-01-29,1.388,1.383,1.4,1.363,170466.0,,2.669552669552664,-0.21645021645020865,-0.0029999999999998916,
515330,2021-02-01,1.384,1.401,1.401,1.376,305562.0,,1.8076644974692795,1.3015184381778753,0.018000000000000016,
515330,2021-02-02,1.404,1.417,1.419,1.396,100665.0,,1.6416845110635354,1.1420413990007148,0.016000000000000014,
515330,2021-02-03,1.417,1.41,1.423,1.409,160021.0,,0.9880028228652091,-0.49400141143261234,-0.007000000000000117,
515330,2021-02-04,1.408,1.412,1.418,1.393,121816.0,,1.7730496453900648,0.14184397163120582,0.0020000000000000018,
515330,2021-02-05,1.415,1.413,1.428,1.412,113346.0,,1.133144475920681,0.07082152974505042,0.001000000000000112,
515330,2021-02-08,1.414,1.431,1.436,1.412,136465.0,,1.6985138004246298,1.2738853503184724,0.018000000000000016,
515330,2021-02-09,1.431,1.462,1.463,1.43,126663.0,,2.30607966457024,2.1663172606568772,0.030999999999999917,
515330,2021-02-10,1.464,1.495,1.5,1.464,157515.0,,2.462380300957595,2.2571819425444692,0.03300000000000014,
515330,2021-02-18,1.511,1.485,1.535,1.48,150340.0,,3.678929765886283,-0.6688963210702347,-0.010000000000000009,
515330,2021-02-19,1.489,1.49,1.501,1.461,166900.0,,2.693602693602681,0.3367003367003295,0.004999999999999893,
515330,2021-02-22,1.49,1.455,1.49,1.446,219412.0,,2.9530201342281908,-2.3489932885905986,-0.03499999999999992,
515330,2021-02-23,1.444,1.441,1.456,1.431,159325.0,,1.7182130584192379,-0.9621993127147774,-0.014000000000000012,
515330,2021-02-24,1.441,1.402,1.443,1.387,229659.0,,3.886190145732134,-2.706453851492029,-0.039000000000000146,
515330,2021-02-25,1.403,1.411,1.425,1.403,118634.0,,1.5691868758915848,0.64194008559202,0.009000000000000119,
515330,2021-02-26,1.396,1.378,1.398,1.373,214530.0,,1.7717930545712197,-2.338766832034028,-0.03300000000000014,
515330,2021-03-01,1.379,1.398,1.398,1.379,61311.0,,1.3788098693759003,1.4513788098693774,0.020000000000000018,
515330,2021-03-02,1.398,1.38,1.406,1.367,74515.0,,2.7896995708154453,-1.2875536480686707,-0.018000000000000016,
515330,2021-03-03,1.38,1.403,1.403,1.37,65324.0,,2.391304347826081,1.6666666666666763,0.02300000000000013,
515330,2021-03-04,1.4,1.364,1.4,1.357,163122.0,,3.064861012116887,-2.779757662152525,-0.038999999999999924,
515330,2021-03-05,1.352,1.359,1.368,1.339,54739.0,,2.126099706744878,-0.3665689149560202,-0.0050000000000001155,
515330,2021-03-08,1.359,1.313,1.374,1.31,161975.0,,4.709345106696104,-3.3848417954378247,-0.04600000000000004,
515330,2021-03-09,1.313,1.283,1.314,1.27,85885.0,,3.3511043412033543,-2.284843869002287,-0.030000000000000027,
515330,2021-03-10,1.289,1.29,1.303,1.284,49510.0,,1.4809041309430948,0.5455962587685205,0.007000000000000117,
515330,2021-03-11,1.291,1.32,1.323,1.291,60793.0,,2.480620155038762,2.325581395348839,0.030000000000000027,
515330,2021-03-12,1.321,1.328,1.33,1.311,120848.0,,1.439393939393949,0.6060606060606066,0.008000000000000007,
515330,2021-03-15,1.325,1.301,1.325,1.286,198440.0,,2.9367469879518016,-2.033132530120492,-0.027000000000000135,
515330,2021-03-16,1.301,1.309,1.314,1.294,115814.0,,1.5372790161414311,0.6149116064565725,0.008000000000000007,
515330,2021-03-17,1.306,1.314,1.322,1.292,91664.0,,2.291825821237588,0.38197097020627313,0.0050000000000001155,
515330,2021-03-18,1.315,1.325,1.33,1.315,66351.0,,1.1415525114155345,0.8371385083713774,0.010999999999999899,
515330,2021-03-19,1.319,1.291,1.319,1.283,58252.0,,2.716981132075474,-2.566037735849059,-0.03400000000000003,
515330,2021-03-22,1.29,1.302,1.307,1.287,56371.0,,1.5491866769945792,0.8520526723470272,0.01100000000000012,
515330,2021-03-23,1.301,1.291,1.305,1.279,70652.0,,1.996927803379418,-0.8448540706605315,-0.01100000000000012,
515330,2021-03-24,1.29,1.273,1.297,1.269,72073.0,,2.168861347792411,-1.3942680092951214,-0.018000000000000016,
515330,2021-03-25,1.27,1.273,1.279,1.261,172867.0,,1.4139827179890037,0.0,0.0,
515330,2021-03-26,1.274,1.299,1.305,1.274,143677.0,,2.4351924587588307,2.042419481539672,0.026000000000000023,
515330,2021-03-29,1.305,1.302,1.313,1.293,105876.0,,1.5396458814472687,0.23094688221709883,0.0030000000000001137,
515330,2021-03-30,1.302,1.311,1.316,1.298,72880.0,,1.382488479262674,0.6912442396313284,0.008999999999999897,
515330,2021-03-31,1.312,1.301,1.313,1.291,67240.0,,1.6781083142639222,-0.7627765064836011,-0.010000000000000009,
515330,2021-04-01,1.301,1.315,1.319,1.301,73213.0,,1.383551114527288,1.076095311299002,0.014000000000000012,
515330,2021-04-02,1.316,1.33,1.332,1.316,75020.0,,1.2167300380228148,1.1406844106463974,0.015000000000000124,
515330,2021-04-06,1.33,1.322,1.335,1.319,67937.0,,1.2030075187969935,-0.6015037593984968,-0.008000000000000007,
515330,2021-04-07,1.322,1.314,1.323,1.305,97316.0,,1.3615733736762492,-0.6051437216338886,-0.008000000000000007,
515330,2021-04-08,1.316,1.315,1.32,1.304,62735.0,,1.2176560121765612,0.07610350076102662,0.0009999999999998899,
515330,2021-04-09,1.315,1.3,1.315,1.296,148034.0,,1.444866920152084,-1.1406844106463805,-0.014999999999999902,
515330,2021-04-12,1.3,1.279,1.303,1.275,142497.0,,2.153846153846156,-1.6153846153846254,-0.02100000000000013,
515330,2021-04-13,1.279,1.28,1.289,1.272,115888.0,,1.329163408913206,0.0781860828772566,0.001000000000000112,
515330,2021-04-14,1.281,1.286,1.289,1.275,105250.0,,1.0937500000000009,0.46875000000000044,0.006000000000000005,
515330,2021-04-15,1.296,1.28,1.296,1.265,134033.0,,2.4105754276827476,-0.4665629860031108,-0.006000000000000005,
515330,2021-04-16,1.279,1.284,1.286,1.271,131531.0,,1.1718750000000098,0.3125000000000003,0.0040000000000000036,
515330,2021-04-19,1.285,1.314,1.317,1.276,159365.0,,3.193146417445477,2.336448598130843,0.030000000000000027,
515330,2021-04-20,1.314,1.31,1.319,1.305,55172.0,,1.0654490106544912,-0.3044140030441403,-0.0040000000000000036,
515330,2021-04-21,1.301,1.314,1.317,1.3,70276.0,,1.2977099236641148,0.3053435114503819,0.0040000000000000036,
515330,2021-04-22,1.315,1.311,1.32,1.307,74849.0,,0.9893455098934644,-0.22831050228311367,-0.0030000000000001137,
515330,2021-04-23,1.311,1.323,1.328,1.31,53084.0,,1.372997711670482,0.9153318077803212,0.01200000000000001,
515330,2021-04-26,1.322,1.31,1.337,1.307,74709.0,,2.267573696145127,-0.9826152683295465,-0.0129999999999999,
515330,2021-04-27,1.311,1.313,1.316,1.302,49920.0,,1.0687022900763368,0.22900763358777798,0.0029999999999998916,
515330,2021-04-28,1.313,1.321,1.322,1.304,28519.0,,1.3709063214013721,0.6092916984006098,0.008000000000000007,
515330,2021-04-29,1.32,1.334,1.336,1.32,64643.0,,1.2112036336109018,0.9841029523088662,0.013000000000000123,
515330,2021-04-30,1.328,1.324,1.334,1.315,110923.0,,1.4242878560719734,-0.7496251874062975,-0.010000000000000009,
515330,2021-05-06,1.323,1.307,1.326,1.3,72873.0,,1.9637462235649563,-1.2839879154078644,-0.017000000000000126,
515330,2021-05-07,1.308,1.291,1.315,1.29,64301.0,,1.9127773527161371,-1.2241775057383333,-0.016000000000000014,
515330,2021-05-10,1.291,1.293,1.297,1.278,77762.0,,1.4717273431448419,0.15491866769945792,0.0020000000000000018,
515330,2021-05-11,1.284,1.299,1.302,1.273,168350.0,,2.2428460943542254,0.464037122969838,0.006000000000000005,
515330,2021-05-12,1.297,1.304,1.306,1.29,159343.0,,1.2317167051578148,0.38491147036182566,0.0050000000000001155,
515330,2021-05-13,1.3,1.294,1.3,1.285,71745.0,,1.1503067484662672,-0.7668711656441725,-0.010000000000000009,
515330,2021-05-14,1.295,1.321,1.326,1.287,168282.0,,3.0139103554868734,2.0865533230293596,0.026999999999999913,
515330,2021-05-17,1.319,1.337,1.344,1.31,51648.0,,2.5738077214231665,1.2112036336109018,0.016000000000000014,
515330,2021-05-18,1.338,1.341,1.343,1.333,53463.0,,0.7479431563201203,0.2991772625280481,0.0040000000000000036,
515330,2021-05-19,1.342,1.337,1.342,1.332,76773.0,,0.7457121551081289,-0.2982848620432516,-0.0040000000000000036,
515330,2021-05-20,1.337,1.34,1.344,1.331,57905.0,,0.9723261032161647,0.2243829468960444,0.0030000000000001137,
515330,2021-05-21,1.345,1.329,1.35,1.324,79327.0,,1.9402985074626882,-0.8208955223880687,-0.01100000000000012,
515330,2021-05-24,1.33,1.333,1.334,1.316,126557.0,,1.3544018058690757,0.30097817908201685,0.0040000000000000036,
515330,2021-05-25,1.335,1.375,1.379,1.333,166226.0,,3.4508627156789227,3.1507876969242337,0.04200000000000004,
515330,2021-05-26,1.374,1.374,1.383,1.371,74654.0,,0.8727272727272735,-0.07272727272726472,-0.0009999999999998899,
515330,2021-05-27,1.372,1.379,1.392,1.365,63867.0,,1.9650655021833996,0.3639010189228452,0.004999999999999893,
515330,2021-05-28,1.378,1.375,1.386,1.366,150014.0,,1.4503263234227552,-0.2900652646845543,-0.0040000000000000036,
515330,2021-05-31,1.371,1.379,1.379,1.364,125095.0,,1.090909090909084,0.2909090909090912,0.0040000000000000036,
515330,2021-06-01,1.378,1.38,1.381,1.36,71968.0,,1.5228426395939019,0.07251631617113052,0.0009999999999998899,
515330,2021-06-02,1.384,1.369,1.384,1.362,133952.0,,1.59420289855071,-0.797101449275355,-0.010999999999999899,
515330,2021-06-03,1.369,1.359,1.373,1.357,92899.0,,1.16873630387144,-0.73046018991965,-0.010000000000000009,
515330,2021-06-04,1.365,1.367,1.381,1.351,100961.0,,2.207505518763799,0.588668138337013,0.008000000000000007,
515330,2021-06-07,1.367,1.366,1.367,1.356,82032.0,,0.8046817849304974,-0.07315288953912874,-0.0009999999999998899,
515330,2021-06-08,1.362,1.361,1.377,1.347,181152.0,,2.1961932650073224,-0.3660322108345619,-0.0050000000000001155,
515330,2021-06-09,1.362,1.355,1.362,1.35,81749.0,,0.8817046289493027,-0.44085231447465134,-0.006000000000000005,
515330,2021-06-10,1.355,1.368,1.374,1.355,163850.0,,1.4022140221402308,0.95940959409595,0.013000000000000123,
515330,2021-06-11,1.368,1.355,1.368,1.352,54230.0,,1.1695906432748548,-0.9502923976608277,-0.013000000000000123,
515330,2021-06-15,1.354,1.339,1.354,1.332,75799.0,,1.6236162361623632,-1.1808118081180823,-0.016000000000000014,
515330,2021-06-16,1.339,1.322,1.339,1.317,70472.0,,1.643017176997761,-1.2696041822255344,-0.016999999999999904,
515330,2021-06-17,1.325,1.328,1.337,1.317,128654.0,,1.5128593040847214,0.4538577912254164,0.006000000000000005,
515330,2021-06-18,1.336,1.324,1.336,1.313,42808.0,,1.7319277108433833,-0.3012048192771087,-0.0040000000000000036,
515330,2021-06-21,1.323,1.324,1.328,1.311,66753.0,,1.2839879154078644,0.0,0.0,
515330,2021-06-22,1.326,1.327,1.329,1.317,65502.0,,0.9063444108761337,0.22658610271902505,0.0029999999999998916,
515330,2021-06-23,1.327,1.335,1.342,1.322,67791.0,,1.5071590052750579,0.6028636021100231,0.008000000000000007,
515330,2021-06-24,1.335,1.337,1.338,1.328,68233.0,,0.7490636704119857,0.14981273408239715,0.0020000000000000018,
515330,2021-06-25,1.34,1.359,1.363,1.338,72636.0,,1.8698578908002927,1.6454749439042646,0.02200000000000002,
515330,2021-06-28,1.359,1.361,1.364,1.356,85746.0,,0.588668138337013,0.14716703458425326,0.0020000000000000018,
515330,2021-06-29,1.36,1.348,1.363,1.345,52811.0,,1.3225569434239541,-0.9551800146950699,-0.0129999999999999,
515330,2021-06-30,1.347,1.355,1.359,1.347,46172.0,,0.8902077151335319,0.5192878338278853,0.006999999999999895,
515330,2021-07-01,1.356,1.353,1.361,1.346,64831.0,,1.1070110701106939,-0.14760147601476029,-0.0020000000000000018,
515330,2021-07-02,1.35,1.321,1.35,1.32,90644.0,,2.2172949002217313,-2.3651145602365133,-0.03200000000000003,
515330,2021-07-05,1.32,1.321,1.326,1.312,85964.0,,1.0598031794095393,0.0,0.0,
515330,2021-07-06,1.321,1.323,1.324,1.31,85142.0,,1.0598031794095393,0.15140045420136272,0.0020000000000000018,
515330,2021-07-07,1.321,1.336,1.341,1.319,53388.0,,1.6628873771730932,0.9826152683295633,0.013000000000000123,
515330,2021-07-08,1.336,1.325,1.34,1.321,63475.0,,1.422155688622764,-0.8233532934131825,-0.01100000000000012,
515330,2021-07-09,1.324,1.32,1.324,1.304,79785.0,,1.5094339622641524,-0.3773584905660297,-0.004999999999999893,
515330,2021-07-12,1.322,1.335,1.342,1.32,47994.0,,1.666666666666668,1.136363636363629,0.014999999999999902,
515330,2021-07-13,1.335,1.338,1.343,1.332,44548.0,,0.8239700374531759,0.22471910112360402,0.0030000000000001137,
515330,2021-07-14,1.339,1.326,1.339,1.322,37579.0,,1.27055306427503,-0.8968609865470859,-0.01200000000000001,
515330,2021-07-15,1.33,1.342,1.344,1.323,27982.0,,1.5837104072398287,1.2066365007541489,0.016000000000000014,
515330,2021-07-16,1.343,1.331,1.343,1.329,37572.0,,1.043219076005962,-0.8196721311475499,-0.01100000000000012,
515330,2021-07-19,1.33,1.338,1.339,1.319,51024.0,,1.5026296018031569,0.5259203606311132,0.007000000000000117,
515330,2021-07-20,1.336,1.333,1.336,1.325,43868.0,,0.8221225710015037,-0.37369207772796076,-0.0050000000000001155,
515330,2021-07-21,1.338,1.342,1.348,1.338,46980.0,,0.7501875468867224,0.6751687921980585,0.009000000000000119,
515330,2021-07-22,1.347,1.344,1.349,1.341,41509.0,,0.5961251862891213,0.14903129657228031,0.0020000000000000018,
515330,2021-07-23,1.344,1.331,1.344,1.328,23824.0,,1.1904761904761914,-0.9672619047619138,-0.013000000000000123,
515330,2021-07-26,1.331,1.289,1.331,1.272,59394.0,,4.432757325319304,-3.1555221637866295,-0.04200000000000004,
515330,2021-07-27,1.296,1.246,1.296,1.244,55285.0,,4.034134988363076,-3.3359193173002275,-0.04299999999999993,
515330,2021-07-28,1.228,1.248,1.272,1.223,42826.0,,3.932584269662916,0.1605136436597112,0.0020000000000000018,
515330,2021-07-29,1.256,1.267,1.27,1.256,38681.0,,1.121794871794873,1.52243589743589,0.018999999999999906,
515330,2021-07-30,1.265,1.259,1.265,1.247,37900.0,,1.420678768745051,-0.6314127861089193,-0.008000000000000007,
515330,2021-08-02,1.262,1.287,1.29,1.246,52273.0,,3.4948371723590186,2.2239872915011936,0.028000000000000025,
515330,2021-08-03,1.289,1.291,1.296,1.28,54738.0,,1.2432012432012445,0.3108003108003111,0.0040000000000000036,
515330,2021-08-04,1.291,1.302,1.303,1.288,36908.0,,1.161890007745926,0.8520526723470272,0.01100000000000012,
515330,2021-08-05,1.303,1.297,1.308,1.289,32639.0,,1.4592933947772755,-0.38402457757297354,-0.0050000000000001155,
515330,2021-08-06,1.295,1.29,1.297,1.283,33713.0,,1.079414032382422,-0.5397070161912024,-0.006999999999999895,
515330,2021-08-09,1.285,1.305,1.309,1.281,37587.0,,2.1705426356589164,1.162790697674411,0.014999999999999902,
515330,2021-08-10,1.313,1.317,1.32,1.295,49952.0,,1.9157088122605466,0.9195402298850583,0.01200000000000001,
515330,2021-08-11,1.317,1.311,1.324,1.311,44919.0,,0.9870918754745727,-0.4555808656036451,-0.006000000000000005,
515330,2021-08-12,1.305,1.301,1.313,1.301,33289.0,,0.9153318077803212,-0.7627765064836011,-0.010000000000000009,
515330,2021-08-13,1.296,1.296,1.308,1.289,46887.0,,1.4604150653343682,-0.38431975403534924,-0.004999999999999893,
515330,2021-08-16,1.296,1.296,1.302,1.292,37960.0,,0.7716049382716056,0.0,0.0,
515330,2021-08-17,1.296,1.275,1.301,1.265,42783.0,,2.77777777777778,-1.6203703703703805,-0.02100000000000013,
515330,2021-08-18,1.275,1.282,1.287,1.264,42108.0,,1.8039215686274441,0.5490196078431464,0.007000000000000117,
515330,2021-08-19,1.279,1.274,1.28,1.268,30107.0,,0.9360374414976607,-0.6240249609984405,-0.008000000000000007,
515330,2021-08-20,1.267,1.255,1.268,1.24,40306.0,,2.1978021978021998,-1.4913657770800728,-0.019000000000000128,
515330,2021-08-23,1.259,1.269,1.27,1.251,39939.0,,1.51394422310758,1.115537848605579,0.014000000000000012,
515330,2021-08-24,1.271,1.281,1.286,1.271,44049.0,,1.1820330969267239,0.945626477541372,0.01200000000000001,
515330,2021-08-25,1.279,1.282,1.285,1.276,36256.0,,0.70257611241217,0.07806401249025073,0.001000000000000112,
515330,2021-08-26,1.28,1.26,1.285,1.26,45709.0,,1.950078003120118,-1.7160686427457112,-0.02200000000000002,
515330,2021-08-27,1.26,1.268,1.277,1.26,28929.0,,1.3492063492063417,0.6349206349206354,0.008000000000000007,
515330,2021-08-30,1.271,1.263,1.271,1.258,45468.0,,1.025236593059929,-0.3943217665615233,-0.0050000000000001155,
515330,2021-08-31,1.263,1.263,1.265,1.245,44543.0,,1.58353127474266,0.0,0.0,
515330,2021-09-01,1.263,1.279,1.288,1.25,49902.0,,3.0087094220110875,1.2668250197941422,0.016000000000000014,
515330,2021-09-02,1.281,1.279,1.284,1.271,38404.0,,1.0164190774042317,0.0,0.0,
515330,2021-09-03,1.28,1.272,1.282,1.269,44696.0,,1.0164190774042317,-0.5473025801407269,-0.006999999999999895,
515330,2021-09-06,1.267,1.293,1.295,1.267,67721.0,,2.201257861635222,1.6509433962264077,0.020999999999999908,
515330,2021-09-07,1.293,1.309,1.311,1.288,53375.0,,1.7788089713843707,1.237432327919568,0.016000000000000014,
515330,2021-09-08,1.31,1.304,1.314,1.301,44423.0,,0.9931245225362966,-0.3819709702062562,-0.004999999999999893,
515330,2021-09-09,1.304,1.302,1.304,1.292,43231.0,,0.9202453987730069,-0.1533742331288345,-0.0020000000000000018,
515330,2021-09-10,1.297,1.314,1.32,1.297,41906.0,,1.7665130568356475,0.9216589861751161,0.01200000000000001,
515330,2021-09-13,1.31,1.309,1.319,1.302,37859.0,,1.2937595129375878,-0.38051750380518384,-0.0050000000000001155,
515330,2021-09-14,1.308,1.3,1.312,1.288,34209.0,,1.8334606569900707,-0.687547746371268,-0.008999999999999897,
515330,2021-09-15,1.295,1.277,1.295,1.272,36521.0,,1.7692307692307623,-1.7692307692307792,-0.02300000000000013,
515330,2021-09-16,1.279,1.265,1.282,1.261,54271.0,,1.6444792482380683,-0.9397024275646055,-0.01200000000000001,
515330,2021-09-17,1.265,1.273,1.275,1.258,30239.0,,1.343873517786554,0.6324110671936765,0.008000000000000007,
515330,2021-09-22,1.264,1.267,1.269,1.256,34319.0,,1.0212097407698273,-0.47132757266300124,-0.006000000000000005,
515330,2021-09-23,1.267,1.272,1.28,1.267,21127.0,,1.0260457774270026,0.3946329913180833,0.0050000000000001155,
515330,2021-09-24,1.273,1.274,1.284,1.271,31415.0,,1.0220125786163619,0.15723270440251585,0.0020000000000000018,
515330,2021-09-27,1.274,1.281,1.292,1.272,39340.0,,1.5698587127158568,0.5494505494505413,0.006999999999999895,
515330,2021-09-28,1.281,1.281,1.287,1.275,33992.0,,0.9367681498829048,0.0,0.0,
515330,2021-09-29,1.281,1.273,1.281,1.261,44028.0,,1.5612802498048415,-0.6245120999219366,-0.008000000000000007,
515330,2021-09-30,1.277,1.277,1.28,1.273,31470.0,,0.5498821681068435,0.3142183817753341,0.0040000000000000036,
515330,2021-10-08,1.281,1.293,1.296,1.281,24178.0,,1.1746280344557654,1.2529365700861406,0.016000000000000014,
515330,2021-10-11,1.293,1.296,1.307,1.293,30027.0,,1.0827532869296221,0.23201856148492758,0.0030000000000001137,
515330,2021-10-12,1.296,1.286,1.296,1.272,41517.0,,1.8518518518518534,-0.7716049382716056,-0.010000000000000009,
515330,2021-10-13,1.284,1.296,1.299,1.278,35910.0,,1.6329704510108793,0.7776049766718514,0.010000000000000009,
515330,2021-10-14,1.295,1.29,1.3,1.288,40160.0,,0.9259259259259267,-0.46296296296296335,-0.006000000000000005,
515330,2021-10-15,1.285,1.293,1.297,1.283,41301.0,,1.0852713178294582,0.2325581395348753,0.0029999999999998916,
515330,2021-10-18,1.294,1.28,1.294,1.272,39531.0,,1.7014694508894062,-1.0054137664346405,-0.0129999999999999,
515330,2021-10-19,1.28,1.29,1.293,1.28,35992.0,,1.0156249999999922,0.7812500000000007,0.010000000000000009,
515330,2021-10-20,1.29,1.287,1.299,1.284,29442.0,,1.162790697674411,-0.23255813953489252,-0.0030000000000001137,
515330,2021-10-21,1.288,1.294,1.298,1.285,37379.0,,1.0101010101010197,0.543900543900553,0.007000000000000117,
515330,2021-10-22,1.294,1.302,1.311,1.289,34045.0,,1.700154559505411,0.6182380216383313,0.008000000000000007,
515330,2021-10-25,1.305,1.308,1.308,1.295,30427.0,,0.9984639016897174,0.46082949308755805,0.006000000000000005,
515330,2021-10-26,1.309,1.303,1.313,1.301,34092.0,,0.9174311926605512,-0.3822629969419048,-0.0050000000000001155,
515330,2021-10-27,1.3,1.288,1.302,1.284,23678.0,,1.3814274750575608,-1.1511895625479587,-0.014999999999999902,
515330,2021-10-28,1.289,1.285,1.29,1.274,30094.0,,1.2422360248447217,-0.23291925465839391,-0.0030000000000001137,
515330,2021-10-29,1.284,1.288,1.288,1.277,23393.0,,0.8560311284046787,0.23346303501946408,0.0030000000000001137,
515330,2021-11-01,1.286,1.286,1.29,1.278,21851.0,,0.9316770186335411,-0.15527950310559022,-0.0020000000000000018,
515330,2021-11-02,1.286,1.278,1.291,1.263,66194.0,,2.1772939346811837,-0.6220839813374811,-0.008000000000000007,
515330,2021-11-03,1.271,1.266,1.275,1.263,39246.0,,0.9389671361502356,-0.9389671361502356,-0.01200000000000001,
515330,2021-11-04,1.271,1.277,1.279,1.27,35013.0,,0.7109004739336411,0.8688783570300078,0.010999999999999899,
515330,2021-11-05,1.276,1.272,1.284,1.272,20938.0,,0.9397024275646055,-0.39154267815191024,-0.004999999999999893,
515330,2021-11-08,1.276,1.273,1.279,1.268,179577.0,,0.8647798742138285,0.0786163522012492,0.0009999999999998899,
515330,2021-11-09,1.275,1.273,1.281,1.266,425210.0,,1.1783189316574945,0.0,0.0,
515330,2021-11-10,1.272,1.266,1.272,1.251,539717.0,,1.6496465043205133,-0.5498821681068261,-0.006999999999999895,
515330,2021-11-11,1.264,1.286,1.286,1.261,57054.0,,1.9747235387045918,1.5797788309636664,0.020000000000000018,
515330,2021-11-12,1.285,1.284,1.288,1.281,939275.0,,0.5443234836703046,-0.15552099533437028,-0.0020000000000000018,
515330,2021-11-15,1.284,1.282,1.289,1.278,32093.0,,0.8566978193146338,-0.15576323987538954,-0.0020000000000000018,
515330,2021-11-16,1.285,1.283,1.29,1.279,393227.0,,0.8580343213728643,0.07800312012479639,0.0009999999999998899,
515330,2021-11-17,1.28,1.283,1.285,1.279,44271.0,,0.4676539360872959,0.0,0.0,
515330,2021-11-18,1.278,1.272,1.28,1.269,298473.0,,0.8573655494933843,-0.857365549493367,-0.010999999999999899,
515330,2021-11-19,1.271,1.284,1.286,1.269,359074.0,,1.3364779874213937,0.9433962264150951,0.01200000000000001,
515330,2021-11-22,1.283,1.288,1.291,1.281,59581.0,,0.7788161993769477,0.3115264797507791,0.0040000000000000036,
515330,2021-11-23,1.285,1.288,1.293,1.285,13769.0,,0.6211180124223609,0.0,0.0,
515330,2021-11-24,1.289,1.29,1.295,1.286,38146.0,,0.6987577639751472,0.15527950310559022,0.0020000000000000018,
515330,2021-11-25,1.29,1.285,1.29,1.284,30388.0,,0.4651162790697679,-0.3875968992248151,-0.0050000000000001155,
515330,2021-11-26,1.283,1.276,1.283,1.272,32234.0,,0.8560311284046613,-0.7003891050583578,-0.008999999999999897,
515330,2021-11-29,1.27,1.273,1.276,1.267,39812.0,,0.705329153605025,-0.23510971786834747,-0.0030000000000001137,
515330,2021-11-30,1.274,1.269,1.278,1.264,47036.0,,1.0997643362136695,-0.3142183817753341,-0.0040000000000000036,
515330,2021-12-01,1.269,1.272,1.273,1.267,36331.0,,0.472813238770686,0.23640661938535176,0.0030000000000001137,
515330,2021-12-02,1.268,1.275,1.278,1.268,39211.0,,0.7861635220125793,0.23584905660376507,0.0029999999999998916,
515330,2021-12-03,1.278,1.285,1.287,1.275,26522.0,,0.9411764705882363,0.7843137254901967,0.010000000000000009,
515330,2021-12-06,1.287,1.285,1.298,1.285,32908.0,,1.0116731517509823,0.0,0.0,
515330,2021-12-07,1.284,1.292,1.296,1.284,27379.0,,0.9338521400778219,0.5447470817120714,0.007000000000000117,
515330,2021-12-08,1.289,1.311,1.311,1.289,34545.0,,1.70278637770898,1.4705882352941104,0.018999999999999906,
515330,2021-12-09,1.31,1.331,1.341,1.31,49159.0,,2.3646071700991547,1.5255530129672021,0.020000000000000018,
515330,2021-12-10,1.331,1.326,1.331,1.322,25224.0,,0.6761833208114122,-0.3756574004507809,-0.004999999999999893,
515330,2021-12-13,1.327,1.332,1.348,1.327,55780.0,,1.5837104072398287,0.4524886877828058,0.006000000000000005,
515330,2021-12-14,1.332,1.325,1.332,1.323,32699.0,,0.6756756756756845,-0.5255255255255343,-0.007000000000000117,
515330,2021-12-15,1.324,1.313,1.328,1.312,30733.0,,1.2075471698113218,-0.9056603773584915,-0.01200000000000001,
515330,2021-12-16,1.316,1.32,1.32,1.309,21935.0,,0.8377760853008471,0.533130236100542,0.007000000000000117,
515330,2021-12-17,1.322,1.304,1.322,1.301,60603.0,,1.5909090909091008,-1.2121212121212133,-0.016000000000000014,
515330,2021-12-20,1.302,1.285,1.306,1.281,42091.0,,1.9171779141104395,-1.4570552147239362,-0.019000000000000128,
515330,2021-12-21,1.285,1.29,1.29,1.282,29778.0,,0.6225680933852146,0.3891050583657678,0.0050000000000001155,
515330,2021-12-22,1.291,1.29,1.297,1.288,23278.0,,0.6976744186046432,0.0,0.0,
515330,2021-12-23,1.291,1.298,1.298,1.29,22351.0,,0.6201550387596905,0.6201550387596905,0.008000000000000007,
515330,2021-12-24,1.299,1.294,1.302,1.289,16276.0,,1.001540832049316,-0.3081664098613254,-0.0040000000000000036,
515330,2021-12-27,1.294,1.293,1.299,1.287,23105.0,,0.9273570324574969,-0.07727975270479999,-0.001000000000000112,
515330,2021-12-28,1.293,1.302,1.303,1.291,21749.0,,0.928074245939676,0.6960556844547656,0.009000000000000119,
515330,2021-12-29,1.301,1.284,1.303,1.284,23103.0,,1.4592933947772586,-1.382488479262674,-0.018000000000000016,
515330,2021-12-30,1.287,1.292,1.295,1.281,23166.0,,1.0903426791277269,0.6230529595015581,0.008000000000000007,
515330,2021-12-31,1.296,1.296,1.299,1.293,27307.0,,0.4643962848297218,0.30959752321981454,0.0040000000000000036,
515330,2022-01-04,1.296,1.291,1.3,1.28,23440.0,,1.5432098765432112,-0.3858024691358114,-0.0050000000000001155,
515330,2022-01-05,1.293,1.281,1.293,1.275,27808.0,,1.3942680092951214,-0.7745933384972896,-0.010000000000000009,
515330,2022-01-06,1.276,1.272,1.277,1.259,32455.0,,1.4051522248243573,-0.70257611241217,-0.008999999999999897,
515330,2022-01-07,1.273,1.267,1.276,1.266,21201.0,,0.7861635220125793,-0.39308176100629844,-0.0050000000000001155,
515330,2022-01-10,1.269,1.271,1.272,1.257,35465.0,,1.1838989739542325,0.31570639305445963,0.0040000000000000036,
515330,2022-01-11,1.27,1.261,1.272,1.26,26519.0,,0.9441384736428018,-0.7867820613690015,-0.010000000000000009,
515330,2022-01-12,1.265,1.271,1.274,1.264,23452.0,,0.7930214115781135,0.7930214115781135,0.010000000000000009,
515330,2022-01-13,1.272,1.256,1.275,1.254,34055.0,,1.6522423288748946,-1.1801730920534936,-0.014999999999999902,
515330,2022-01-14,1.255,1.245,1.255,1.241,71258.0,,1.1146496815286457,-0.8757961783439411,-0.010999999999999899,
515330,2022-01-17,1.245,1.251,1.253,1.241,45969.0,,0.9638554216867299,0.481927710843356,0.005999999999999783,
515330,2022-01-18,1.25,1.262,1.265,1.246,70861.0,,1.5187849720223747,0.8792965627498098,0.01100000000000012,
515330,2022-01-19,1.262,1.254,1.266,1.248,37423.0,,1.4263074484944545,-0.6339144215530909,-0.008000000000000007,
515330,2022-01-20,1.255,1.264,1.269,1.253,40228.0,,1.2759170653907506,0.7974481658692192,0.010000000000000009,
515330,2022-01-21,1.264,1.257,1.268,1.252,52930.0,,1.2658227848101278,-0.5537974683544397,-0.007000000000000117,
515330,2022-01-24,1.257,1.255,1.26,1.248,21751.0,,0.954653937947495,-0.15910898965791584,-0.0020000000000000018,
515330,2022-01-25,1.252,1.237,1.253,1.235,56828.0,,1.434262948207155,-1.434262948207155,-0.017999999999999794,
515330,2022-01-26,1.236,1.236,1.24,1.223,28478.0,,1.3742926434923122,-0.0808407437348514,-0.001000000000000112,
515330,2022-01-27,1.235,1.221,1.235,1.212,67594.0,,1.8608414239482305,-1.2135922330097009,-0.014999999999999902,
515330,2022-01-28,1.223,1.213,1.223,1.2,51801.0,,1.8837018837018944,-0.6552006552006557,-0.008000000000000007,
515330,2022-02-07,1.213,1.217,1.225,1.212,23223.0,,1.0717230008244123,0.3297609233305856,0.0040000000000000036,
515330,2022-02-08,1.215,1.211,1.215,1.189,36753.0,,2.136400986031226,-0.49301561216105216,-0.006000000000000005,
515330,2022-02-09,1.211,1.22,1.223,1.207,17832.0,,1.3212221304706866,0.743187448389752,0.008999999999999897,
515330,2022-02-10,1.223,1.218,1.223,1.212,27268.0,,0.9016393442623051,-0.16393442622950835,-0.0020000000000000018,
515330,2022-02-11,1.216,1.207,1.224,1.207,26499.0,,1.395730706075526,-0.9031198686371018,-0.010999999999999899,
515330,2022-02-14,1.21,1.196,1.21,1.19,22995.0,,1.6570008285004156,-0.9113504556752379,-0.01100000000000012,
515330,2022-02-15,1.198,1.205,1.207,1.196,35594.0,,0.9197324414715821,0.7525083612040234,0.009000000000000119,
515330,2022-02-16,1.207,1.209,1.217,1.203,27869.0,,1.1618257261410798,0.33195020746888,0.0040000000000000036,
515330,2022-02-17,1.212,1.214,1.219,1.208,871057.0,,0.9098428453267262,0.4135649296939531,0.004999999999999893,
515330,2022-02-18,1.212,1.22,1.22,1.207,113167.0,,1.0708401976935666,0.4942339373970351,0.006000000000000005,
515330,2022-02-21,1.219,1.217,1.221,1.21,93771.0,,0.9016393442623051,-0.24590163934425344,-0.0029999999999998916,
515330,2022-02-22,1.213,1.2,1.213,1.191,282741.0,,1.8077239112571912,-1.396877567789657,-0.017000000000000126,
515330,2022-02-23,1.199,1.212,1.213,1.199,92324.0,,1.1666666666666679,1.0000000000000009,0.01200000000000001,
515330,2022-02-24,1.209,1.194,1.209,1.181,70510.0,,2.3102310231023124,-1.4851485148514865,-0.018000000000000016,
515330,2022-02-25,1.196,1.199,1.212,1.196,55783.0,,1.3400335008375222,0.41876046901173497,0.0050000000000001155,
515330,2022-02-28,1.197,1.2,1.203,1.189,40169.0,,1.1676396997497924,0.0834028356964045,0.0009999999999998899,
515330,2022-03-01,1.201,1.212,1.213,1.201,38366.0,,1.0000000000000009,1.0000000000000009,0.01200000000000001,
515330,2022-03-02,1.212,1.202,1.212,1.197,31151.0,,1.2376237623762296,-0.8250825082508259,-0.010000000000000009,
515330,2022-03-03,1.204,1.197,1.208,1.194,33548.0,,1.1647254575707164,-0.4159733777038181,-0.004999999999999893,
515330,2022-03-04,1.197,1.183,1.197,1.179,29456.0,,1.5037593984962419,-1.1695906432748548,-0.014000000000000012,
515330,2022-03-07,1.187,1.147,1.187,1.144,51965.0,,3.6348267117498008,-3.04311073541843,-0.03600000000000003,
515330,2022-03-08,1.147,1.126,1.158,1.122,31507.0,,3.1386224934611864,-1.8308631211857131,-0.02100000000000013,
515330,2022-03-09,1.133,1.114,1.133,1.069,60835.0,,5.683836589698052,-1.065719360568365,-0.011999999999999789,
515330,2022-03-10,1.13,1.127,1.14,1.115,38759.0,,2.2441651705565446,1.1669658886893985,0.0129999999999999,
515330,2022-03-11,1.123,1.131,1.133,1.099,48252.0,,3.016858917480038,0.35492457852706333,0.0040000000000000036,
515330,2022-03-14,1.12,1.098,1.123,1.098,509468.0,,2.2104332449159956,-2.9177718832891175,-0.03299999999999992,
515330,2022-03-15,1.093,1.059,1.093,1.051,48968.0,,3.825136612021861,-3.5519125683060238,-0.039000000000000146,
515330,2022-03-16,1.08,1.085,1.091,1.035,997590.0,,5.288007554296511,2.4551463644948086,0.026000000000000023,
515330,2022-03-17,1.086,1.108,1.127,1.086,58122.0,,3.7788018433179658,2.119815668202777,0.02300000000000013,
515330,2022-03-18,1.108,1.12,1.121,1.1,36124.0,,1.8953068592057678,1.08303249097473,0.01200000000000001,
515330,2022-03-21,1.123,1.118,1.123,1.108,37669.0,,1.3392857142857053,-0.17857142857142871,-0.0020000000000000018,
515330,2022-03-22,1.117,1.115,1.123,1.111,35030.0,,1.0733452593917718,-0.2683363148479529,-0.0030000000000001137,
515330,2022-03-23,1.117,1.122,1.125,1.112,34772.0,,1.165919282511202,0.6278026905829702,0.007000000000000117,
515330,2022-03-24,1.115,1.114,1.122,1.106,29062.0,,1.4260249554367213,-0.7130124777183606,-0.008000000000000007,
515330,2022-03-25,1.116,1.097,1.117,1.097,27558.0,,1.795332136445244,-1.5260323159784672,-0.017000000000000126,
515330,2022-03-28,1.095,1.089,1.097,1.074,38848.0,,2.096627164995434,-0.729261622607111,-0.008000000000000007,
515330,2022-03-29,1.089,1.087,1.097,1.081,38245.0,,1.469237832874198,-0.18365472910927474,-0.0020000000000000018,
515330,2022-03-30,1.09,1.114,1.115,1.09,30949.0,,2.2999080036798447,2.4839006439742533,0.027000000000000135,
515330,2022-03-31,1.11,1.108,1.113,1.105,19738.0,,0.7181328545780975,-0.5385996409335732,-0.006000000000000005,
515330,2022-04-01,1.103,1.119,1.125,1.1,22054.0,,2.2563176895306776,0.9927797833934925,0.010999999999999899,
515330,2022-04-06,1.11,1.117,1.12,1.11,17165.0,,0.8936550491510286,-0.1787310098302057,-0.0020000000000000018,
515330,2022-04-07,1.112,1.108,1.121,1.104,49160.0,,1.5219337511190603,-0.8057296329453802,-0.008999999999999897,
515330,2022-04-08,1.107,1.111,1.114,1.097,16870.0,,1.5342960288808776,0.2707581227436725,0.0029999999999998916,
515330,2022-04-11,1.11,1.08,1.11,1.076,32038.0,,3.060306030603063,-2.7902790279027827,-0.030999999999999917,
515330,2022-04-12,1.084,1.098,1.098,1.071,23122.0,,2.5000000000000124,1.666666666666668,0.018000000000000016,
515330,2022-04-13,1.091,1.09,1.1,1.086,20215.0,,1.2750455373406202,-0.7285974499089259,-0.008000000000000007,
515330,2022-04-14,1.095,1.099,1.105,1.092,29601.0,,1.1926605504587064,0.8256880733944859,0.008999999999999897,
515330,2022-04-15,1.096,1.1,1.104,1.091,41634.0,,1.1828935395814488,0.09099181073704385,0.001000000000000112,
515330,2022-04-18,1.098,1.095,1.098,1.081,27456.0,,1.5454545454545567,-0.454545454545465,-0.0050000000000001155,
515330,2022-04-19,1.095,1.086,1.098,1.08,22693.0,,1.6438356164383578,-0.8219178082191686,-0.008999999999999897,
515330,2022-04-20,1.082,1.073,1.091,1.067,69781.0,,2.209944751381217,-1.1970534069981695,-0.013000000000000123,
515330,2022-04-21,1.069,1.053,1.071,1.048,39158.0,,2.143522833177997,-1.8639328984156587,-0.020000000000000018,
515330,2022-04-22,1.053,1.058,1.061,1.04,25253.0,,1.9943019943019855,0.4748338081671525,0.0050000000000001155,
515330,2022-04-25,1.053,1.028,1.053,1.012,97591.0,,3.875236294896023,-2.8355387523629516,-0.030000000000000027,
515330,2022-04-26,1.025,1.0,1.031,0.997,63375.0,,3.307392996108941,-2.7237354085603136,-0.028000000000000025,
515330,2022-04-27,0.985,1.02,1.02,0.985,83249.0,,3.500000000000003,2.0000000000000018,0.020000000000000018,
515330,2022-04-28,1.017,1.027,1.032,1.016,45821.0,,1.5686274509803935,0.6862745098039114,0.006999999999999895,
515330,2022-04-29,1.029,1.053,1.054,1.023,90283.0,,3.018500486854931,2.5316455696202556,0.026000000000000023,
515330,2022-05-05,1.056,1.052,1.059,1.045,67577.0,,1.3295346628679974,-0.09496676163341784,-0.0009999999999998899,
515330,2022-05-06,1.026,1.025,1.045,1.023,61963.0,,2.091254752851713,-2.566539923954385,-0.027000000000000135,
515330,2022-05-09,1.02,1.016,1.027,1.01,67225.0,,1.6585365853658445,-0.8780487804877949,-0.008999999999999897,
515330,2022-05-10,1.01,1.029,1.032,1.0,46654.0,,3.1496062992126013,1.2795275590551083,0.0129999999999999,
515330,2022-05-11,1.037,1.043,1.057,1.027,65371.0,,2.9154518950437347,1.3605442176870761,0.014000000000000012,
515330,2022-05-12,1.042,1.039,1.045,1.033,50199.0,,1.1505273250239705,-0.38350910834132346,-0.0040000000000000036,
515330,2022-05-13,1.039,1.045,1.05,1.038,67159.0,,1.154956689124159,0.5774783445620795,0.006000000000000005,
515330,2022-05-16,1.049,1.038,1.054,1.035,43516.0,,1.8181818181818306,-0.6698564593301336,-0.006999999999999895,
515330,2022-05-17,1.038,1.05,1.051,1.038,36440.0,,1.2524084778419942,1.1560693641618507,0.01200000000000001,
515330,2022-05-18,1.051,1.048,1.054,1.039,39326.0,,1.4285714285714404,-0.19047619047619063,-0.0020000000000000018,
515330,2022-05-19,1.045,1.049,1.05,1.035,54997.0,,1.4312977099236759,0.09541984732823376,0.0009999999999998899,
515330,2022-05-20,1.049,1.068,1.069,1.049,92264.0,,1.9065776930409932,1.811248808388954,0.019000000000000128,
515330,2022-05-23,1.065,1.063,1.067,1.057,44355.0,,0.936329588014982,-0.4681647940075014,-0.0050000000000001155,
515330,2022-05-24,1.061,1.041,1.063,1.039,45553.0,,2.2577610536218273,-2.0696142991533417,-0.02200000000000002,
515330,2022-05-25,1.041,1.046,1.046,1.038,43439.0,,0.7684918347742563,0.48030739673392087,0.0050000000000001155,
515330,2022-05-26,1.046,1.05,1.055,1.033,55034.0,,2.103250478011474,0.382409177820268,0.0040000000000000036,
515330,2022-05-27,1.052,1.052,1.065,1.048,39247.0,,1.61904761904761,0.19047619047619063,0.0020000000000000018,
515330,2022-05-30,1.052,1.058,1.061,1.052,26442.0,,0.855513307984781,0.5703422053231944,0.006000000000000005,
515330,2022-05-31,1.056,1.073,1.076,1.053,71824.0,,2.173913043478273,1.4177693761814651,0.014999999999999902,
515330,2022-06-01,1.073,1.072,1.076,1.066,45048.0,,0.9319664492078293,-0.09319664492077259,-0.0009999999999998899,
515330,2022-06-02,1.071,1.075,1.077,1.068,43394.0,,0.8395522388059604,0.2798507462686466,0.0029999999999998916,
515330,2022-06-06,1.075,1.095,1.096,1.066,76100.0,,2.7906976744186074,1.8604651162790715,0.020000000000000018,
515330,2022-06-07,1.098,1.098,1.103,1.087,56498.0,,1.4611872146118734,0.27397260273973645,0.0030000000000001137,
515330,2022-06-08,1.095,1.11,1.111,1.095,557796.0,,1.4571948998178519,1.0928961748633887,0.01200000000000001,
515330,2022-06-09,1.111,1.099,1.112,1.097,168211.0,,1.3513513513513624,-0.9909909909910019,-0.01100000000000012,
515330,2022-06-10,1.094,1.118,1.121,1.094,144254.0,,2.4567788898999012,1.7288444040036512,0.019000000000000128,
515330,2022-06-13,1.115,1.104,1.115,1.097,141316.0,,1.6100178890876577,-1.252236135957067,-0.014000000000000012,
515330,2022-06-14,1.098,1.114,1.115,1.083,162810.0,,2.898550724637684,0.905797101449276,0.010000000000000009,
515330,2022-06-15,1.114,1.126,1.147,1.114,228409.0,,2.9622980251346425,1.0771992818671263,0.011999999999999789,
515330,2022-06-16,1.132,1.12,1.134,1.118,172229.0,,1.4209591474244931,-0.5328596802841726,-0.005999999999999783,
515330,2022-06-17,1.121,1.136,1.138,1.114,191270.0,,2.142857142857125,1.42857142857141,0.015999999999999792,
515330,2022-06-20,1.136,1.143,1.152,1.131,242520.0,,1.8485915492957665,0.6161971830986019,0.007000000000000117,
515330,2022-06-21,1.143,1.143,1.15,1.133,139566.0,,1.4873140857392741,0.0,0.0,
515330,2022-06-22,1.14,1.129,1.142,1.127,68994.0,,1.3123359580052407,-1.2248468941382338,-0.014000000000000012,
515330,2022-06-23,1.133,1.148,1.148,1.127,81285.0,,1.8600531443755453,1.6829052258635877,0.018999999999999906,
515330,2022-06-24,1.148,1.16,1.163,1.147,190102.0,,1.393728222996517,1.0452961672473877,0.01200000000000001,
515330,2022-06-27,1.16,1.173,1.183,1.16,174798.0,,1.9827586206896668,1.1206896551724244,0.013000000000000123,
515330,2022-06-28,1.171,1.186,1.189,1.166,153193.0,,1.9607843137255012,1.108269394714399,0.0129999999999999,
515330,2022-06-29,1.18,1.172,1.19,1.168,169214.0,,1.8549747048903897,-1.1804384485666115,-0.014000000000000012,
515330,2022-06-30,1.171,1.186,1.194,1.171,193656.0,,1.9624573378839514,1.1945392491467588,0.014000000000000012,
515330,2022-07-01,1.186,1.181,1.19,1.176,158641.0,,1.1804384485666115,-0.4215851602023519,-0.004999999999999893,
515330,2022-07-04,1.175,1.187,1.188,1.168,188584.0,,1.6934801016088075,0.5080440304826422,0.006000000000000005,
515330,2022-07-05,1.183,1.188,1.199,1.173,166500.0,,2.1903959561920825,0.08424599831507075,0.0009999999999998899,
515330,2022-07-06,1.187,1.172,1.187,1.164,146603.0,,1.9360269360269473,-1.3468013468013482,-0.016000000000000014,
515330,2022-07-07,1.169,1.176,1.18,1.163,112135.0,,1.4505119453924833,0.34129692832764535,0.0040000000000000036,
515330,2022-07-08,1.176,1.173,1.186,1.172,49189.0,,1.1904761904761916,-0.2551020408163173,-0.0029999999999998916,
515330,2022-07-11,1.173,1.155,1.177,1.149,65492.0,,2.3870417732310334,-1.5345268542199502,-0.018000000000000016,
515330,2022-07-12,1.151,1.144,1.159,1.141,86230.0,,1.5584415584415598,-0.9523809523809629,-0.01100000000000012,
515330,2022-07-13,1.146,1.147,1.151,1.137,46182.0,,1.223776223776225,0.2622377622377722,0.0030000000000001137,
515330,2022-07-14,1.149,1.146,1.155,1.14,56778.0,,1.307759372275512,-0.08718395815170983,-0.001000000000000112,
515330,2022-07-15,1.148,1.129,1.157,1.129,95875.0,,2.4432809773123934,-1.4834205933682292,-0.016999999999999904,
515330,2022-07-18,1.135,1.142,1.145,1.123,71505.0,,1.948627103631534,1.1514614703277148,0.0129999999999999,
515330,2022-07-19,1.14,1.137,1.141,1.129,62119.0,,1.0507880910683023,-0.4378283712784496,-0.004999999999999893,
515330,2022-07-20,1.14,1.14,1.147,1.137,83953.0,,0.8795074758135452,0.2638522427440538,0.0029999999999998916,
515330,2022-07-21,1.139,1.128,1.141,1.127,47809.0,,1.2280701754385976,-1.0526315789473695,-0.01200000000000001,
515330,2022-07-22,1.133,1.13,1.139,1.12,90116.0,,1.684397163120559,0.17730496453900726,0.0020000000000000018,
515330,2022-07-25,1.125,1.123,1.127,1.12,76795.0,,0.6194690265486633,-0.6194690265486633,-0.006999999999999895,
515330,2022-07-26,1.122,1.131,1.137,1.122,78602.0,,1.3357079252003474,0.7123775601068573,0.008000000000000007,
515330,2022-07-27,1.128,1.125,1.129,1.124,77649.0,,0.4420866489831913,-0.5305039787798413,-0.006000000000000005,
515330,2022-07-28,1.127,1.125,1.139,1.125,90851.0,,1.2444444444444456,0.0,0.0,
515330,2022-07-29,1.13,1.111,1.132,1.108,145652.0,,2.1333333333333155,-1.2444444444444456,-0.014000000000000012,
515330,2022-08-01,1.107,1.116,1.119,1.101,122872.0,,1.6201620162016217,0.4500450045004605,0.0050000000000001155,
515330,2022-08-02,1.111,1.097,1.111,1.087,145692.0,,2.150537634408604,-1.702508960573488,-0.019000000000000128,
515330,2022-08-03,1.096,1.086,1.109,1.083,141779.0,,2.3701002734731107,-1.0027347310847674,-0.010999999999999899,
515330,2022-08-04,1.091,1.094,1.095,1.086,142458.0,,0.8287292817679462,0.7366482504604058,0.008000000000000007,
515330,2022-08-05,1.092,1.11,1.112,1.092,142724.0,,1.828153564899453,1.4625228519195625,0.016000000000000014,
515330,2022-08-08,1.108,1.107,1.11,1.103,101450.0,,0.6306306306306411,-0.2702702702702805,-0.0030000000000001137,
515330,2022-08-09,1.106,1.108,1.11,1.104,119147.0,,0.542005420054201,0.09033423667571021,0.001000000000000112,
515330,2022-08-10,1.107,1.097,1.109,1.092,121037.0,,1.5342960288808576,-0.9927797833935126,-0.01100000000000012,
515330,2022-08-11,1.098,1.12,1.121,1.098,126705.0,,2.096627164995434,2.0966271649954544,0.02300000000000013,
515330,2022-08-12,1.121,1.121,1.123,1.116,105188.0,,0.6249999999999906,0.08928571428570445,0.0009999999999998899,
515330,2022-08-15,1.119,1.117,1.128,1.115,99823.0,,1.159678858162346,-0.3568242640499557,-0.0040000000000000036,
515330,2022-08-16,1.118,1.115,1.124,1.113,127168.0,,0.9847806624888201,-0.17905102954342003,-0.0020000000000000018,
515330,2022-08-17,1.115,1.127,1.128,1.109,217593.0,,1.7040358744394535,1.0762331838565031,0.01200000000000001,
515330,2022-08-18,1.126,1.116,1.126,1.114,119099.0,,1.0647737355811702,-0.9760425909494143,-0.010999999999999899,
515330,2022-08-19,1.117,1.111,1.119,1.11,126099.0,,0.8064516129032164,-0.4480286738351357,-0.0050000000000001155,
515330,2022-08-22,1.111,1.117,1.119,1.105,62578.0,,1.2601260126012612,0.5400540054005406,0.006000000000000005,
515330,2022-08-23,1.116,1.111,1.119,1.106,72513.0,,1.1638316920322203,-0.5371530886302601,-0.006000000000000005,
515330,2022-08-24,1.112,1.092,1.116,1.09,74135.0,,2.3402340234023424,-1.7101710171017015,-0.018999999999999906,
515330,2022-08-25,1.095,1.102,1.103,1.086,152157.0,,1.556776556776548,0.9157509157509165,0.010000000000000009,
515330,2022-08-26,1.102,1.101,1.107,1.099,125854.0,,0.7259528130671512,-0.09074410163340398,-0.001000000000000112,
515330,2022-08-29,1.102,1.093,1.102,1.087,120690.0,,1.362397820163499,-0.7266121707538608,-0.008000000000000007,
515330,2022-08-30,1.092,1.09,1.096,1.082,199006.0,,1.280878316559928,-0.2744739249771173,-0.0029999999999998916,
515330,2022-08-31,1.087,1.092,1.101,1.085,133215.0,,1.467889908256882,0.18348623853211024,0.0020000000000000018,
515330,2022-09-01,1.092,1.083,1.095,1.083,216972.0,,1.0989010989010999,-0.8241758241758349,-0.009000000000000119,
515330,2022-09-02,1.084,1.076,1.084,1.073,179254.0,,1.0156971375808053,-0.6463527239150412,-0.006999999999999895,
515330,2022-09-05,1.08,1.075,1.08,1.065,236507.0,,1.394052044609677,-0.09293680297398808,-0.001000000000000112,
515330,2022-09-06,1.076,1.083,1.085,1.073,196881.0,,1.116279069767443,0.7441860465116286,0.008000000000000007,
515330,2022-09-07,1.081,1.084,1.088,1.079,142854.0,,0.8310249307479334,0.09233610341644617,0.001000000000000112,
515330,2022-09-08,1.086,1.082,1.087,1.08,87885.0,,0.6457564575645659,-0.18450184501845032,-0.0020000000000000018,
515330,2022-09-09,1.08,1.096,1.098,1.08,106004.0,,1.6635859519408516,1.2939001848428846,0.014000000000000012,
515330,2022-09-13,1.095,1.099,1.104,1.095,73168.0,,0.8211678832116897,0.27372262773721634,0.0029999999999998916,
515330,2022-09-14,1.098,1.087,1.098,1.083,144710.0,,1.3648771610555164,-1.0919017288444048,-0.01200000000000001,
515330,2022-09-15,1.089,1.077,1.092,1.071,158282.0,,1.9319227230910883,-0.9199632014719419,-0.010000000000000009,
515330,2022-09-16,1.077,1.057,1.077,1.055,332820.0,,2.042711234911794,-1.8570102135561761,-0.020000000000000018,
515330,2022-09-19,1.056,1.051,1.057,1.047,125593.0,,0.9460737937559138,-0.5676442762535483,-0.006000000000000005,
515330,2022-09-20,1.053,1.052,1.06,1.051,242762.0,,0.8563273073263673,0.09514747859182797,0.001000000000000112,
515330,2022-09-21,1.048,1.044,1.051,1.039,146233.0,,1.1406844106463887,-0.7604562737642592,-0.008000000000000007,
515330,2022-09-22,1.041,1.036,1.044,1.032,105910.0,,1.1494252873563229,-0.7662835249042153,-0.008000000000000007,
515330,2022-09-23,1.038,1.033,1.042,1.026,343166.0,,1.5444015444015458,-0.28957528957530054,-0.0030000000000001137,
515330,2022-09-26,1.031,1.027,1.042,1.026,290502.0,,1.5488867376573103,-0.5808325266214913,-0.006000000000000005,
515330,2022-09-27,1.029,1.041,1.042,1.025,167967.0,,1.6553067185978703,1.3631937682570607,0.014000000000000012,
515330,2022-09-28,1.037,1.025,1.037,1.024,160154.0,,1.2487992315081557,-1.5369836695485126,-0.016000000000000014,
515330,2022-09-29,1.028,1.027,1.038,1.021,270780.0,,1.6585365853658662,0.1951219512195124,0.0020000000000000018,
515330,2022-09-30,1.026,1.018,1.03,1.018,142120.0,,1.168451801363195,-0.8763388510223853,-0.008999999999999897,
515330,2022-10-10,1.021,0.997,1.021,0.996,227767.0,,2.4557956777995984,-2.062868369351672,-0.02100000000000002,
515330,2022-10-11,0.999,0.996,1.002,0.992,313117.0,,1.0030090270812446,-0.10030090270812446,-0.0010000000000000009,
515330,2022-10-12,0.996,1.01,1.011,0.977,170466.0,,3.4136546184738874,1.4056224899598406,0.014000000000000012,
515330,2022-10-13,1.006,1.004,1.011,1.001,135101.0,,0.990099009900991,-0.5940594059405946,-0.006000000000000005,
515330,2022-10-14,1.008,1.027,1.032,1.008,112226.0,,2.390438247011954,2.290836653386445,0.02299999999999991,
515330,2022-10-17,1.023,1.027,1.028,1.018,121721.0,,0.9737098344693291,0.0,0.0,
515330,2022-10-18,1.031,1.027,1.033,1.023,85501.0,,0.9737098344693291,0.0,0.0,
515330,2022-10-19,1.027,1.011,1.028,1.01,141729.0,,1.7526777020447926,-1.5579357351509264,-0.016000000000000014,
515330,2022-10-20,1.006,1.005,1.023,0.999,366378.0,,2.3738872403560745,-0.5934718100890214,-0.006000000000000005,
515330,2022-10-21,1.01,1.001,1.01,0.996,105326.0,,1.3930348258706482,-0.3980099502487566,-0.0040000000000000036,
515330,2022-10-24,1.001,0.973,1.009,0.972,259885.0,,3.6963036963036893,-2.797202797202789,-0.027999999999999914,
515330,2022-10-25,0.975,0.971,0.986,0.963,364916.0,,2.3638232271325816,-0.2055498458376158,-0.0020000000000000018,
515330,2022-10-26,0.972,0.978,0.992,0.971,261428.0,,2.1627188465499505,0.7209062821833168,0.007000000000000006,
515330,2022-10-27,0.98,0.972,0.987,0.972,196640.0,,1.533742331288345,-0.613496932515338,-0.006000000000000005,
515330,2022-10-28,0.967,0.95,0.972,0.946,169579.0,,2.674897119341566,-2.26337448559671,-0.02200000000000002,
515330,2022-10-31,0.95,0.941,0.951,0.935,317709.0,,1.6842105263157794,-0.9473684210526325,-0.009000000000000008,
515330,2022-11-01,0.941,0.973,0.975,0.941,169031.0,,3.613177470775774,3.4006376195536694,0.03200000000000003,
515330,2022-11-02,0.973,0.984,0.99,0.969,166326.0,,2.1582733812949657,1.130524152106887,0.01100000000000001,
515330,2022-11-03,0.98,0.977,0.982,0.973,318546.0,,0.9146341463414642,-0.7113821138211389,-0.007000000000000006,
515330,2022-11-04,0.976,1.008,1.014,0.976,229725.0,,3.8894575230296864,3.1729785056294806,0.031000000000000028,
515330,2022-11-07,1.003,1.009,1.014,1.002,159340.0,,1.1904761904761914,0.09920634920633828,0.0009999999999998899,
515330,2022-11-08,1.011,1.001,1.011,0.994,259392.0,,1.6848364717542026,-0.792864222001983,-0.008000000000000007,
515330,2022-11-09,1.002,0.992,1.005,0.992,157662.0,,1.298701298701289,-0.899100899100889,-0.008999999999999897,
515330,2022-11-10,0.987,0.985,0.99,0.98,161096.0,,1.0080645161290331,-0.7056451612903233,-0.007000000000000006,
515330,2022-11-11,1.002,1.012,1.024,1.002,202852.0,,2.233502538071068,2.741116751269038,0.027000000000000024,
515330,2022-11-14,1.018,1.013,1.029,1.011,248124.0,,1.778656126482215,0.09881422924900096,0.0009999999999998899,
515330,2022-11-15,1.01,1.032,1.035,1.01,169959.0,,2.467917077986171,1.8756169792695094,0.019000000000000128,
515330,2022-11-16,1.032,1.026,1.036,1.024,206454.0,,1.1627906976744196,-0.5813953488372098,-0.006000000000000005,
515330,2022-11-17,1.023,1.022,1.023,1.01,139888.0,,1.2670565302144152,-0.3898635477582849,-0.0040000000000000036,
515330,2022-11-18,1.025,1.018,1.028,1.016,110260.0,,1.1741682974559697,-0.3913894324853232,-0.0040000000000000036,
515330,2022-11-21,1.018,1.012,1.018,0.998,229137.0,,1.9646365422396874,-0.5893909626719063,-0.006000000000000005,
515330,2022-11-22,1.009,1.011,1.022,1.005,89965.0,,1.679841897233214,-0.09881422924902292,-0.001000000000000112,
515330,2022-11-23,1.009,1.012,1.017,1.007,90862.0,,0.9891196834817022,0.09891196834818121,0.001000000000000112,
515330,2022-11-24,1.017,1.006,1.021,1.005,188821.0,,1.581027667984191,-0.5928853754940716,-0.006000000000000005,
515330,2022-11-25,1.009,1.01,1.014,1.003,188873.0,,1.0934393638171094,0.39761431411530856,0.0040000000000000036,
515330,2022-11-28,1.005,0.999,1.005,0.981,148033.0,,2.3762376237623672,-1.08910891089109,-0.01100000000000001,
515330,2022-11-29,1.002,1.029,1.033,1.002,205997.0,,3.1031031031030945,3.003003003002995,0.029999999999999916,
515330,2022-11-30,1.029,1.03,1.035,1.026,182937.0,,0.8746355685131096,0.09718172983480194,0.001000000000000112,
515330,2022-12-01,1.043,1.041,1.056,1.04,246052.0,,1.5533980582524285,1.067961165048534,0.010999999999999899,
515330,2022-12-02,1.04,1.034,1.043,1.034,129988.0,,0.8645533141210276,-0.6724303554274635,-0.006999999999999895,
515330,2022-12-05,1.037,1.052,1.054,1.037,307581.0,,1.644100580270805,1.7408123791102528,0.018000000000000016,
515330,2022-12-06,1.05,1.059,1.065,1.046,168859.0,,1.806083650190105,0.6653992395437163,0.006999999999999895,
515330,2022-12-07,1.056,1.057,1.07,1.053,164475.0,,1.6052880075543083,-0.18885741265344683,-0.0020000000000000018,
515330,2022-12-08,1.057,1.057,1.061,1.053,308082.0,,0.7568590350047311,0.0,0.0,
515330,2022-12-09,1.057,1.066,1.069,1.054,146333.0,,1.4191106906338604,0.851466414380333,0.009000000000000119,
515330,2022-12-12,1.066,1.057,1.066,1.055,158793.0,,1.03189493433397,-0.8442776735459774,-0.009000000000000119,
515330,2022-12-13,1.055,1.054,1.058,1.05,288238.0,,0.7568590350047311,-0.28382213812676366,-0.0029999999999998916,
515330,2022-12-14,1.054,1.056,1.06,1.05,150438.0,,0.9487666034155606,0.1897533206831121,0.0020000000000000018,
515330,2022-12-15,1.06,1.056,1.06,1.049,114590.0,,1.041666666666678,0.0,0.0,
515330,2022-12-16,1.059,1.056,1.059,1.05,135858.0,,0.8522727272727175,0.0,0.0,
515330,2022-12-19,1.058,1.042,1.061,1.037,201600.0,,2.2727272727272747,-1.3257575757575768,-0.014000000000000012,
515330,2022-12-20,1.04,1.026,1.04,1.019,162386.0,,2.0153550863723733,-1.5355086372360858,-0.016000000000000014,
515330,2022-12-21,1.026,1.025,1.029,1.022,135374.0,,0.6822612085769878,-0.09746588693958205,-0.001000000000000112,
515330,2022-12-22,1.027,1.027,1.037,1.022,106025.0,,1.463414634146332,0.1951219512195124,0.0020000000000000018,
515330,2022-12-23,1.024,1.024,1.03,1.019,81306.0,,1.0710808179162727,-0.29211295034078794,-0.0029999999999998916,
515330,2022-12-26,1.023,1.027,1.033,1.023,167073.0,,0.9765625000000009,0.2929687499999894,0.0029999999999998916,
515330,2022-12-27,1.03,1.039,1.041,1.03,90921.0,,1.0710808179162512,1.168451801363195,0.01200000000000001,
515330,2022-12-28,1.039,1.036,1.039,1.03,128773.0,,0.8662175168431084,-0.288739172281029,-0.0029999999999998916,
515330,2022-12-29,1.033,1.032,1.04,1.025,114037.0,,1.4478764478764599,-0.38610038610038644,-0.0040000000000000036,
515330,2022-12-30,1.035,1.037,1.04,1.035,30963.0,,0.48449612403101894,0.4844961240309974,0.004999999999999893,
515330,2023-01-03,1.037,1.041,1.043,1.023,76409.0,,1.928640308582451,0.3857280617164902,0.0040000000000000036,
515330,2023-01-04,1.04,1.041,1.045,1.036,90013.0,,0.8645533141210276,0.0,0.0,
515330,2023-01-05,1.041,1.062,1.063,1.041,79251.0,,2.113352545629205,2.017291066282433,0.02100000000000013,
515330,2023-01-06,1.061,1.066,1.069,1.06,87246.0,,0.8474576271186344,0.37664783427495324,0.0040000000000000036,
515330,2023-01-09,1.069,1.072,1.075,1.067,233223.0,,0.7504690431519706,0.5628517823639779,0.006000000000000005,
515330,2023-01-10,1.071,1.073,1.076,1.068,183243.0,,0.7462686567164185,0.09328358208954196,0.0009999999999998899,
515330,2023-01-11,1.073,1.072,1.081,1.071,212284.0,,0.9319664492078293,-0.09319664492077259,-0.0009999999999998899,
515330,2023-01-12,1.072,1.074,1.077,1.069,221661.0,,0.7462686567164185,0.18656716417910463,0.0020000000000000018,
515330,2023-01-13,1.074,1.09,1.09,1.074,325281.0,,1.489757914338921,1.489757914338921,0.016000000000000014,
515330,2023-01-16,1.09,1.106,1.119,1.085,126415.0,,3.119266055045874,1.467889908256882,0.016000000000000014,
515330,2023-01-17,1.107,1.105,1.109,1.101,100329.0,,0.7233273056057872,-0.09041591320073344,-0.001000000000000112,
515330,2023-01-18,1.105,1.104,1.108,1.102,177011.0,,0.542986425339367,-0.09049773755655112,-0.0009999999999998899,
515330,2023-01-19,1.1,1.111,1.111,1.096,109215.0,,1.3586956521739042,0.6340579710144831,0.006999999999999895,
515330,2023-01-20,1.111,1.117,1.121,1.111,101168.0,,0.900090009000901,0.5400540054005406,0.006000000000000005,
515330,2023-01-30,1.128,1.122,1.14,1.121,87646.0,,1.7009847806624803,0.44762757385856,0.0050000000000001155,
515330,2023-01-31,1.122,1.111,1.126,1.109,84159.0,,1.5151515151515065,-0.9803921568627558,-0.01100000000000012,
515330,2023-02-01,1.111,1.12,1.12,1.105,130290.0,,1.3501350135013614,0.8100810081008208,0.009000000000000119,
515330,2023-02-02,1.12,1.118,1.122,1.113,97500.0,,0.803571428571439,-0.17857142857142871,-0.0020000000000000018,
515330,2023-02-03,1.117,1.107,1.117,1.096,97230.0,,1.8783542039355907,-0.9838998211091342,-0.01100000000000012,
515330,2023-02-06,1.104,1.092,1.104,1.087,92140.0,,1.5356820234869129,-1.3550135501354925,-0.014999999999999902,
515330,2023-02-07,1.091,1.097,1.098,1.091,60349.0,,0.6410256410256516,0.4578754578754481,0.004999999999999893,
515330,2023-02-08,1.097,1.093,1.1,1.091,87445.0,,0.8204193254330099,-0.3646308113035555,-0.0040000000000000036,
515330,2023-02-09,1.092,1.104,1.105,1.089,78989.0,,1.4638609332113461,1.0064043915828107,0.01100000000000012,
515330,2023-02-10,1.106,1.099,1.106,1.093,100169.0,,1.177536231884069,-0.45289855072464813,-0.0050000000000001155,
515330,2023-02-13,1.098,1.11,1.11,1.092,78761.0,,1.6378525932666075,1.0009099181073813,0.01100000000000012,
515330,2023-02-14,1.111,1.109,1.111,1.103,34895.0,,0.7207207207207214,-0.09009009009010016,-0.001000000000000112,
515330,2023-02-15,1.11,1.105,1.111,1.103,33421.0,,0.7213706041478817,-0.36068530207394084,-0.0040000000000000036,
515330,2023-02-16,1.105,1.098,1.116,1.089,60110.0,,2.4434389140271615,-0.6334841628959181,-0.006999999999999895,
515330,2023-02-17,1.098,1.08,1.1,1.079,67328.0,,1.9125683060109404,-1.6393442622950833,-0.018000000000000016,
515330,2023-02-20,1.085,1.106,1.107,1.079,45738.0,,2.592592592592595,2.4074074074074097,0.026000000000000023,
515330,2023-02-21,1.106,1.108,1.113,1.103,182826.0,,0.904159132007234,0.1808318264014468,0.0020000000000000018,
515330,2023-02-22,1.111,1.099,1.111,1.097,46037.0,,1.263537906137185,-0.8122743682310576,-0.009000000000000119,
515330,2023-02-23,1.099,1.096,1.104,1.091,85423.0,,1.1828935395814488,-0.2729754322110911,-0.0029999999999998916,
515330,2023-02-24,1.095,1.086,1.095,1.082,75193.0,,1.1861313868613046,-0.9124087591240884,-0.010000000000000009,
515330,2023-02-27,1.082,1.084,1.088,1.08,41595.0,,0.7366482504604058,-0.18416206261510146,-0.0020000000000000018,
515330,2023-02-28,1.083,1.089,1.091,1.08,161602.0,,1.0147601476014667,0.46125461254611555,0.004999999999999893,
515330,2023-03-01,1.089,1.104,1.106,1.086,70944.0,,1.8365472910927474,1.3774104683195707,0.015000000000000124,
515330,2023-03-02,1.104,1.103,1.106,1.1,72761.0,,0.5434782608695656,-0.09057971014493767,-0.001000000000000112,
515330,2023-03-03,1.104,1.104,1.108,1.097,46805.0,,0.9972801450589411,0.0906618313690038,0.001000000000000112,
515330,2023-03-06,1.104,1.097,1.104,1.092,99981.0,,1.0869565217391313,-0.6340579710145033,-0.007000000000000117,
515330,2023-03-07,1.095,1.082,1.102,1.08,125401.0,,2.0054694621695552,-1.3673655423883229,-0.014999999999999902,
515330,2023-03-08,1.081,1.078,1.081,1.073,81820.0,,0.739371534195934,-0.369685767097967,-0.0040000000000000036,
515330,2023-03-09,1.076,1.075,1.081,1.068,160142.0,,1.205936920222625,-0.2782931354360031,-0.0030000000000001137,
515330,2023-03-10,1.072,1.061,1.072,1.059,104766.0,,1.2093023255814068,-1.30232558139535,-0.014000000000000012,
515330,2023-03-13,1.061,1.071,1.073,1.055,74278.0,,1.6965127238454305,0.942507068803017,0.010000000000000009,
515330,2023-03-14,1.074,1.065,1.074,1.057,83877.0,,1.587301587301599,-0.5602240896358549,-0.006000000000000005,
515330,2023-03-15,1.067,1.067,1.076,1.065,65346.0,,1.0328638497652696,0.1877934272300471,0.0020000000000000018,
515330,2023-03-16,1.064,1.054,1.064,1.053,153834.0,,1.0309278350515578,-1.2183692596063638,-0.0129999999999999,
515330,2023-03-17,1.057,1.058,1.072,1.057,167420.0,,1.4231499051233514,0.3795066413662242,0.0040000000000000036,
515330,2023-03-20,1.062,1.056,1.064,1.053,91617.0,,1.0396975425330925,-0.18903591682419676,-0.0020000000000000018,
515330,2023-03-21,1.057,1.065,1.065,1.057,62011.0,,0.7575757575757582,0.8522727272727175,0.008999999999999897,
515330,2023-03-22,1.065,1.069,1.073,1.063,23445.0,,0.9389671361502356,0.3755868544600942,0.0040000000000000036,
515330,2023-03-23,1.069,1.078,1.08,1.066,29082.0,,1.3096351730589348,0.8419083255378971,0.009000000000000119,
515330,2023-03-24,1.079,1.078,1.08,1.075,20184.0,,0.46382189239333166,0.0,0.0,
515330,2023-03-27,1.078,1.071,1.078,1.067,93305.0,,1.0204081632653172,-0.6493506493506601,-0.007000000000000117,
515330,2023-03-28,1.07,1.07,1.074,1.068,43840.0,,0.5602240896358549,-0.09337068160596546,-0.0009999999999998899,
515330,2023-03-29,1.07,1.07,1.075,1.069,59325.0,,0.5607476635514024,0.0,0.0,
515330,2023-03-30,1.07,1.08,1.08,1.066,53907.0,,1.308411214953272,0.9345794392523372,0.010000000000000009,
515330,2023-03-31,1.08,1.085,1.088,1.08,34410.0,,0.7407407407407414,0.46296296296295303,0.004999999999999893,
515330,2023-04-03,1.082,1.091,1.094,1.081,83657.0,,1.1981566820276612,0.5529953917050696,0.006000000000000005,
515330,2023-04-04,1.091,1.097,1.097,1.089,44500.0,,0.7332722273143911,0.5499541704857933,0.006000000000000005,
515330,2023-04-06,1.093,1.092,1.095,1.089,171669.0,,0.5469462169553332,-0.4557885141294342,-0.004999999999999893,
515330,2023-04-07,1.093,1.102,1.104,1.093,27862.0,,1.0073260073260184,0.9157509157509165,0.010000000000000009,
515330,2023-04-10,1.102,1.095,1.102,1.094,153286.0,,0.7259528130671512,-0.6352087114337674,-0.007000000000000117,
515330,2023-04-11,1.096,1.095,1.099,1.091,34878.0,,0.7305936073059367,0.0,0.0,
515330,2023-04-12,1.094,1.094,1.096,1.092,62691.0,,0.36529680365296835,-0.09132420091323196,-0.0009999999999998899,
515330,2023-04-13,1.091,1.087,1.092,1.084,150446.0,,0.7312614259597813,-0.6398537477148187,-0.007000000000000117,
515330,2023-04-14,1.09,1.093,1.095,1.09,29835.0,,0.4599816007359607,0.5519779208831651,0.006000000000000005,
515330,2023-04-17,1.091,1.109,1.11,1.091,308152.0,,1.7383348581884839,1.4638609332113461,0.016000000000000014,
515330,2023-04-18,1.107,1.112,1.113,1.104,9612.0,,0.8115419296663567,0.2705139765554656,0.0030000000000001137,
515330,2023-04-19,1.112,1.102,1.112,1.099,117601.0,,1.1690647482014498,-0.899280575539569,-0.010000000000000009,
515330,2023-04-20,1.1,1.097,1.102,1.094,33891.0,,0.7259528130671512,-0.45372050816697956,-0.0050000000000001155,
515330,2023-04-21,1.097,1.078,1.097,1.077,65390.0,,1.8231540565177773,-1.7319963536918785,-0.018999999999999906,
515330,2023-04-24,1.077,1.065,1.079,1.061,58275.0,,1.6697588126159568,-1.2059369202226458,-0.013000000000000123,
515330,2023-04-25,1.067,1.062,1.068,1.053,49698.0,,1.408450704225364,-0.2816901408450602,-0.0029999999999998916,
515330,2023-04-26,1.063,1.06,1.063,1.054,49240.0,,0.8474576271186344,-0.18832391713747662,-0.0020000000000000018,
515330,2023-04-27,1.058,1.067,1.069,1.058,54426.0,,1.0377358490565942,0.6603773584905561,0.006999999999999895,
515330,2023-04-28,1.067,1.08,1.08,1.067,89396.0,,1.2183692596063844,1.2183692596063844,0.013000000000000123,
515330,2023-05-04,1.08,1.078,1.084,1.071,159781.0,,1.203703703703715,-0.18518518518518534,-0.0020000000000000018,
515330,2023-05-05,1.076,1.075,1.081,1.069,55193.0,,1.113172541743971,-0.2782931354360031,-0.0030000000000001137,
515330,2023-05-08,1.073,1.085,1.087,1.073,33889.0,,1.30232558139535,0.9302325581395358,0.010000000000000009,
515330,2023-05-09,1.085,1.075,1.093,1.075,105055.0,,1.6589861751152088,-0.9216589861751161,-0.010000000000000009,
515330,2023-05-10,1.074,1.068,1.075,1.064,42216.0,,1.0232558139534789,-0.6511627906976647,-0.006999999999999895,
515330,2023-05-11,1.07,1.066,1.072,1.065,13157.0,,0.6554307116104978,-0.1872659176029964,-0.0020000000000000018,
515330,2023-05-12,1.066,1.054,1.069,1.054,49885.0,,1.4071294559099345,-1.1257035647279559,-0.01200000000000001,
515330,2023-05-15,1.056,1.071,1.072,1.052,145913.0,,1.8975332068311213,1.6129032258064426,0.016999999999999904,
515330,2023-05-16,1.071,1.066,1.071,1.062,34701.0,,0.840336134453772,-0.46685340802986874,-0.004999999999999893,
515330,2023-05-17,1.066,1.06,1.067,1.057,38178.0,,0.9380863039399633,-0.5628517823639779,-0.006000000000000005,
515330,2023-05-18,1.06,1.06,1.067,1.057,130615.0,,0.9433962264150951,0.0,0.0,
515330,2023-05-19,1.057,1.056,1.061,1.052,51742.0,,0.8490566037735752,-0.37735849056603804,-0.0040000000000000036,
515330,2023-05-22,1.058,1.061,1.067,1.053,94968.0,,1.3257575757575768,0.47348484848483835,0.004999999999999893,
515330,2023-05-23,1.064,1.048,1.064,1.047,35038.0,,1.6022620169651391,-1.2252591894439115,-0.0129999999999999,
515330,2023-05-24,1.048,1.035,1.049,1.033,56775.0,,1.5267175572519098,-1.2404580152671871,-0.013000000000000123,
515330,2023-05-25,1.031,1.029,1.044,1.023,175506.0,,2.0289855072463894,-0.5797101449275368,-0.006000000000000005,
515330,2023-05-26,1.03,1.031,1.033,1.021,83371.0,,1.1661807580174939,0.1943634596695823,0.0020000000000000018,
515330,2023-05-29,1.034,1.028,1.035,1.023,59809.0,,1.1639185257032019,-0.2909796314257897,-0.0029999999999998916,
515330,2023-05-30,1.028,1.028,1.031,1.017,141476.0,,1.3618677042801568,0.0,0.0,
515330,2023-05-31,1.025,1.02,1.025,1.014,131903.0,,1.0700389105058268,-0.7782101167315182,-0.008000000000000007,
515330,2023-06-01,1.019,1.021,1.03,1.018,137021.0,,1.176470588235295,0.09803921568626371,0.0009999999999998899,
515330,2023-06-02,1.022,1.038,1.038,1.022,106433.0,,1.5670910871694432,1.6650342801175444,0.017000000000000126,
515330,2023-06-05,1.036,1.032,1.036,1.028,20993.0,,0.7707129094412338,-0.5780346820809253,-0.006000000000000005,
515330,2023-06-06,1.03,1.021,1.038,1.019,18081.0,,1.8410852713178418,-1.0658914728682287,-0.01100000000000012,
515330,2023-06-07,1.022,1.018,1.026,1.015,25156.0,,1.0773751224290031,-0.29382957884425975,-0.0029999999999998916,
515330,2023-06-08,1.018,1.025,1.029,1.014,19192.0,,1.4734774066797547,0.6876227897838797,0.006999999999999895,
515330,2023-06-09,1.024,1.03,1.031,1.024,32287.0,,0.6829268292682825,0.48780487804879175,0.0050000000000001155,
515330,2023-06-12,1.028,1.033,1.036,1.025,36429.0,,1.0679611650485554,0.2912621359223196,0.0029999999999998916,
515330,2023-06-13,1.029,1.037,1.039,1.029,23715.0,,0.968054211035819,0.3872216844143276,0.0040000000000000036,
515330,2023-06-14,1.04,1.039,1.048,1.037,81240.0,,1.0607521697203588,0.1928640308582451,0.0020000000000000018,
515330,2023-06-15,1.04,1.055,1.056,1.04,51180.0,,1.5399422521655453,1.5399422521655453,0.016000000000000014,
515330,2023-06-16,1.054,1.065,1.068,1.054,34027.0,,1.32701421800948,0.9478672985782,0.010000000000000009,
515330,2023-06-19,1.065,1.057,1.065,1.053,75333.0,,1.1267605633802829,-0.7511737089201884,-0.008000000000000007,
515330,2023-06-20,1.055,1.057,1.06,1.053,106119.0,,0.6622516556291502,0.0,0.0,
515330,2023-06-21,1.053,1.04,1.054,1.039,33472.0,,1.4191106906338813,-1.6083254493850432,-0.016999999999999904,
515330,2023-06-26,1.039,1.028,1.039,1.025,46627.0,,1.3461538461538474,-1.1538461538461549,-0.01200000000000001,
515330,2023-06-27,1.027,1.036,1.039,1.027,37325.0,,1.1673151750972772,0.7782101167315182,0.008000000000000007,
515330,2023-06-28,1.036,1.037,1.037,1.028,23216.0,,0.8687258687258589,0.0965250965250859,0.0009999999999998899,
515330,2023-06-29,1.037,1.034,1.037,1.031,21178.0,,0.5785920925747354,-0.289296046287357,-0.0029999999999998916,
515330,2023-06-30,1.035,1.039,1.045,1.035,12976.0,,0.9671179883945848,0.48355899419728177,0.004999999999999893,
515330,2023-07-03,1.04,1.051,1.055,1.04,20022.0,,1.443695861405188,1.154956689124159,0.01200000000000001,
515330,2023-07-04,1.051,1.054,1.054,1.049,13543.0,,0.47573739295909756,0.2854424357754628,0.0030000000000001137,
515330,2023-07-05,1.054,1.047,1.054,1.045,13021.0,,0.8538899430740151,-0.664136622390903,-0.007000000000000117,
515330,2023-07-06,1.05,1.039,1.05,1.038,38290.0,,1.1461318051575944,-0.7640878701050628,-0.008000000000000007,
515330,2023-07-07,1.039,1.036,1.04,1.033,17179.0,,0.6737247353224367,-0.288739172281029,-0.0029999999999998916,
515330,2023-07-10,1.04,1.042,1.046,1.038,18049.0,,0.7722007722007729,0.5791505791505797,0.006000000000000005,
515330,2023-07-11,1.039,1.048,1.049,1.039,21077.0,,0.9596928982725536,0.5758157389635321,0.006000000000000005,
515330,2023-07-12,1.047,1.042,1.05,1.04,20172.0,,0.9541984732824437,-0.5725190839694662,-0.006000000000000005,
515330,2023-07-13,1.045,1.057,1.059,1.044,22252.0,,1.4395393474088196,1.4395393474088196,0.014999999999999902,
515330,2023-07-14,1.058,1.058,1.06,1.057,6311.0,,0.28382213812678464,0.09460737937560189,0.001000000000000112,
515330,2023-07-17,1.055,1.05,1.055,1.045,63539.0,,0.9451795841209839,-0.7561436672967871,-0.008000000000000007,
515330,2023-07-18,1.05,1.05,1.052,1.045,6119.0,,0.6666666666666778,0.0,0.0,
515330,2023-07-19,1.047,1.05,1.05,1.044,18457.0,,0.571428571428572,0.0,0.0,
515330,2023-07-20,1.05,1.042,1.055,1.041,20389.0,,1.3333333333333344,-0.7619047619047625,-0.008000000000000007,
515330,2023-07-21,1.042,1.044,1.051,1.038,202577.0,,1.247600767754309,0.19193857965451072,0.0020000000000000018,
515330,2023-07-24,1.041,1.038,1.044,1.035,87162.0,,0.8620689655172529,-0.5747126436781614,-0.006000000000000005,
515330,2023-07-25,1.047,1.066,1.066,1.047,54819.0,,1.830443159922941,2.6974951830443183,0.028000000000000025,
515330,2023-07-26,1.063,1.064,1.066,1.057,29355.0,,0.8442776735459774,-0.18761726078799265,-0.0020000000000000018,
515330,2023-07-27,1.064,1.063,1.07,1.06,37649.0,,0.9398496240601512,-0.09398496240602555,-0.001000000000000112,
515330,2023-07-28,1.059,1.088,1.091,1.059,39174.0,,3.0103480714957698,2.3518344308560803,0.025000000000000133,
515330,2023-07-31,1.093,1.093,1.108,1.091,48427.0,,1.5625000000000115,0.45955882352940197,0.004999999999999893,
515330,2023-08-01,1.094,1.088,1.099,1.087,1917823.0,,1.0978956999085097,-0.4574565416285355,-0.004999999999999893,
515330,2023-08-02,1.087,1.082,1.091,1.078,148738.0,,1.1948529411764612,-0.5514705882352946,-0.006000000000000005,
515330,2023-08-03,1.082,1.089,1.09,1.079,49021.0,,1.0166358595194196,0.646950092421432,0.006999999999999895,
515330,2023-08-04,1.099,1.096,1.106,1.092,53751.0,,1.285583103764923,0.6427915518824717,0.007000000000000117,
515330,2023-08-07,1.096,1.087,1.096,1.083,63209.0,,1.1861313868613248,-0.8211678832116897,-0.009000000000000119,
515330,2023-08-08,1.084,1.085,1.091,1.08,62739.0,,1.011959521619126,-0.1839926402943884,-0.0020000000000000018,
515330,2023-08-09,1.084,1.083,1.087,1.081,36706.0,,0.5529953917050696,-0.18433179723502321,-0.0020000000000000018,
515330,2023-08-10,1.083,1.083,1.085,1.075,39846.0,,0.9233610341643592,0.0,0.0,
515330,2023-08-11,1.083,1.059,1.083,1.059,62012.0,,2.2160664819944618,-2.2160664819944618,-0.02400000000000002,
515330,2023-08-14,1.058,1.053,1.058,1.041,55217.0,,1.6052880075543083,-0.5665722379603405,-0.006000000000000005,
515330,2023-08-15,1.053,1.052,1.054,1.042,48218.0,,1.1396011396011407,-0.09496676163341784,-0.0009999999999998899,
515330,2023-08-16,1.049,1.044,1.052,1.043,16796.0,,0.8555133079848022,-0.7604562737642592,-0.008000000000000007,
515330,2023-08-17,1.044,1.045,1.047,1.035,90392.0,,1.1494252873563229,0.09578544061301626,0.0009999999999998899,
515330,2023-08-18,1.045,1.033,1.049,1.032,43987.0,,1.6267942583731967,-1.1483253588516757,-0.01200000000000001,
515330,2023-08-21,1.035,1.019,1.036,1.019,42024.0,,1.645692158760903,-1.3552758954501465,-0.014000000000000012,
515330,2023-08-22,1.022,1.031,1.031,1.012,1193020.0,,1.8645731108930232,1.1776251226692849,0.01200000000000001,
515330,2023-08-23,1.029,1.01,1.029,1.008,93024.0,,2.0368574199805924,-2.0368574199805924,-0.020999999999999908,
515330,2023-08-24,1.013,1.017,1.023,1.011,67547.0,,1.1881188118811892,0.6930693069306827,0.006999999999999895,
515330,2023-08-25,1.014,1.014,1.02,1.01,37335.0,,0.983284169124878,-0.2949852507374525,-0.0029999999999998916,
515330,2023-08-28,1.08,1.024,1.081,1.02,137976.0,,6.015779092702164,0.9861932938856024,0.010000000000000009,
515330,2023-08-29,1.023,1.035,1.04,1.016,53298.0,,2.343750000000002,1.07421874999999,0.010999999999999899,
515330,2023-08-30,1.038,1.033,1.04,1.032,293610.0,,0.7729468599033824,-0.1932367149758456,-0.0020000000000000018,
515330,2023-08-31,1.032,1.029,1.036,1.027,43500.0,,0.8712487899322477,-0.3872216844143276,-0.0040000000000000036,
515330,2023-09-01,1.029,1.035,1.038,1.029,28674.0,,0.8746355685131312,0.5830903790087469,0.006000000000000005,
515330,2023-09-04,1.038,1.05,1.052,1.036,108757.0,,1.5458937198067648,1.4492753623188528,0.015000000000000124,
515330,2023-09-05,1.05,1.043,1.05,1.041,46737.0,,0.8571428571428684,-0.6666666666666778,-0.007000000000000117,
515330,2023-09-06,1.042,1.041,1.043,1.035,33706.0,,0.7670182166826469,-0.19175455417066173,-0.0020000000000000018,
515330,2023-09-07,1.04,1.027,1.04,1.026,54520.0,,1.3448607108549484,-1.3448607108549484,-0.014000000000000012,
515330,2023-09-08,1.027,1.022,1.027,1.018,47101.0,,0.8763388510223853,-0.4868549172346537,-0.004999999999999893,
515330,2023-09-11,1.029,1.029,1.035,1.019,41928.0,,1.5655577299412928,0.6849315068493048,0.006999999999999895,
515330,2023-09-12,1.029,1.027,1.031,1.025,17050.0,,0.5830903790087469,-0.1943634596695823,-0.0020000000000000018,
515330,2023-09-13,1.029,1.021,1.03,1.016,30729.0,,1.3631937682570607,-0.5842259006815975,-0.006000000000000005,
515330,2023-09-14,1.023,1.02,1.023,1.015,29100.0,,0.7835455435847216,-0.09794319294807934,-0.0009999999999998899,
515330,2023-09-15,1.027,1.016,1.027,1.012,42245.0,,1.470588235294108,-0.39215686274509837,-0.0040000000000000036,
515330,2023-09-18,1.017,1.019,1.022,1.01,28723.0,,1.1811023622047254,0.2952755905511704,0.0029999999999998916,
515330,2023-09-19,1.017,1.018,1.018,1.011,8575.0,,0.6869479882237604,-0.09813542688909616,-0.0009999999999998899,
515330,2023-09-20,1.017,1.014,1.017,1.012,15300.0,,0.4911591355599109,-0.39292730844793744,-0.0040000000000000036,
515330,2023-09-21,1.014,1.004,1.015,1.004,40013.0,,1.0848126232741517,-0.9861932938856024,-0.010000000000000009,
515330,2023-09-22,1.004,1.023,1.023,1.003,41506.0,,1.992031872509962,1.892430278884453,0.018999999999999906,
515330,2023-09-25,1.022,1.017,1.022,1.014,20840.0,,0.7820136852394923,-0.5865102639296194,-0.006000000000000005,
515330,2023-09-26,1.017,1.011,1.019,1.009,17393.0,,0.983284169124878,-0.5899705014749268,-0.006000000000000005,
515330,2023-09-27,1.011,1.013,1.02,1.01,27970.0,,0.9891196834817022,0.19782393669634046,0.0020000000000000018,
515330,2023-09-28,1.013,1.011,1.015,1.009,32072.0,,0.5923000987166838,-0.19743336623889457,-0.0020000000000000018,
515330,2023-10-09,1.011,1.007,1.014,0.996,67635.0,,1.780415430267064,-0.3956478733926809,-0.0040000000000000036,
515330,2023-10-10,1.007,1.0,1.011,0.999,44071.0,,1.191658391261162,-0.6951340615690065,-0.006999999999999895,
515330,2023-10-11,1.003,1.003,1.009,1.0,29584.0,,0.8999999999999897,0.29999999999998916,0.0029999999999998916,
515330,2023-10-12,1.007,1.011,1.013,1.006,31390.0,,0.6979062811565201,0.7976071784646069,0.008000000000000007,
515330,2023-10-13,1.004,1.002,1.006,0.999,54134.0,,0.6923837784371916,-0.8902077151335211,-0.008999999999999897,
515330,2023-10-16,1.002,0.99,1.006,0.989,73687.0,,1.6966067864271472,-1.1976047904191627,-0.01200000000000001,
515330,2023-10-17,0.992,0.994,0.996,0.99,31275.0,,0.6060606060606066,0.40404040404040437,0.0040000000000000036,
515330,2023-10-18,0.99,0.987,0.994,0.986,58179.0,,0.8048289738430591,-0.7042253521126767,-0.007000000000000006,
515330,2023-10-19,0.983,0.968,0.987,0.966,94408.0,,2.1276595744680873,-1.9250253292806503,-0.019000000000000017,
515330,2023-10-20,0.966,0.963,0.97,0.956,125605.0,,1.4462809917355384,-0.5165289256198352,-0.0050000000000000044,
515330,2023-10-23,0.963,0.955,0.963,0.943,104031.0,,2.076843198338527,-0.830737279335411,-0.008000000000000007,
515330,2023-10-24,0.962,0.953,0.964,0.944,667072.0,,2.094240837696337,-0.2094240837696337,-0.0020000000000000018,
515330,2023-10-25,0.962,0.956,0.965,0.956,102243.0,,0.9443861490031489,0.31479538300104964,0.0030000000000000027,
515330,2023-10-26,0.954,0.961,0.961,0.951,40942.0,,1.0460251046025115,0.5230125523012558,0.0050000000000000044,
515330,2023-10-27,0.956,0.975,0.978,0.956,88803.0,,2.289281997918837,1.4568158168574414,0.014000000000000012,
515330,2023-10-30,0.975,0.98,0.981,0.971,138014.0,,1.0256410256410264,0.5128205128205132,0.0050000000000000044,
515330,2023-10-31,0.98,0.976,0.98,0.971,58807.0,,0.9183673469387763,-0.40816326530612285,-0.0040000000000000036,
515330,2023-11-01,0.978,0.977,0.983,0.973,80988.0,,1.0245901639344273,0.10245901639344271,0.0010000000000000009,
515330,2023-11-02,0.977,0.971,0.983,0.971,47180.0,,1.2282497441146378,-0.6141248720573189,-0.006000000000000005,
515330,2023-11-03,0.974,0.977,0.982,0.973,83585.0,,0.9268795056642645,0.617919670442843,0.006000000000000005,
515330,2023-11-06,0.983,0.99,0.992,0.982,128204.0,,1.0235414534288647,1.3306038894575243,0.013000000000000012,
515330,2023-11-07,0.987,0.989,0.993,0.985,43947.0,,0.8080808080808087,-0.10101010101010109,-0.0010000000000000009,
515330,2023-11-08,0.985,0.986,0.99,0.98,60937.0,,1.0111223458038432,-0.30333670374115296,-0.0030000000000000027,
515330,2023-11-09,0.985,0.985,0.989,0.983,40290.0,,0.6085192697768768,-0.10141987829614613,-0.0010000000000000009,
515330,2023-11-10,0.981,0.98,0.982,0.976,44467.0,,0.609137055837564,-0.5076142131979701,-0.0050000000000000044,
515330,2023-11-13,0.982,0.978,0.982,0.972,18962.0,,1.020408163265307,-0.20408163265306142,-0.0020000000000000018,
515330,2023-11-14,0.977,0.978,0.983,0.974,34991.0,,0.9202453987730069,0.0,0.0,
515330,2023-11-15,0.982,0.984,0.989,0.982,33284.0,,0.7157464212678942,0.613496932515338,0.006000000000000005,
515330,2023-11-16,0.986,0.976,0.986,0.975,65623.0,,1.1178861788617898,-0.8130081300813016,-0.008000000000000007,
515330,2023-11-17,0.976,0.974,0.976,0.969,38634.0,,0.717213114754099,-0.20491803278688542,-0.0020000000000000018,
515330,2023-11-20,0.974,0.977,0.98,0.968,79826.0,,1.2320328542094467,0.3080082135523617,0.0030000000000000027,
515330,2023-11-21,0.977,0.978,0.988,0.975,41939.0,,1.3306038894575243,0.10235414534288648,0.0010000000000000009,
515330,2023-11-22,0.978,0.969,0.978,0.967,36146.0,,1.1247443762781197,-0.9202453987730069,-0.009000000000000008,
515330,2023-11-23,0.969,0.973,0.973,0.964,68060.0,,0.9287925696594436,0.4127966976264194,0.0040000000000000036,
515330,2023-11-24,0.973,0.966,0.973,0.964,61607.0,,0.9249743062692711,-0.7194244604316553,-0.007000000000000006,
515330,2023-11-27,0.965,0.96,0.965,0.954,61118.0,,1.1387163561076614,-0.6211180124223609,-0.006000000000000005,
515330,2023-11-28,0.959,0.962,0.963,0.956,67878.0,,0.7291666666666674,0.20833333333333354,0.0020000000000000018,
515330,2023-11-29,0.964,0.954,0.964,0.951,29035.0,,1.3513513513513526,-0.8316008316008323,-0.008000000000000007,
515330,2023-11-30,0.954,0.956,0.957,0.952,31505.0,,0.5241090146750529,0.20964360587002115,0.0020000000000000018,
515330,2023-12-01,0.956,0.953,0.958,0.944,104557.0,,1.4644351464435161,-0.31380753138075346,-0.0030000000000000027,
515330,2023-12-04,0.953,0.946,0.953,0.945,56803.0,,0.8394543546694656,-0.7345225603357824,-0.007000000000000006,
515330,2023-12-05,0.944,0.937,0.944,0.93,75311.0,,1.4799154334037952,-0.9513742071881498,-0.008999999999999897,
515330,2023-12-06,0.936,0.93,0.936,0.923,410258.0,,1.3874066168623278,-0.7470651013874072,-0.007000000000000006,
515330,2023-12-07,0.931,0.927,0.931,0.92,70482.0,,1.1827956989247321,-0.3225806451612906,-0.0030000000000000027,
515330,2023-12-08,0.928,0.928,0.931,0.926,43327.0,,0.5393743257820932,0.10787486515641866,0.0010000000000000009,
515330,2023-12-11,0.92,0.933,0.938,0.916,59811.0,,2.370689655172404,0.5387931034482764,0.0050000000000000044,
515330,2023-12-12,0.931,0.937,0.937,0.923,28509.0,,1.5005359056806014,0.42872454448017183,0.0040000000000000036,
515330,2023-12-13,0.928,0.922,0.933,0.921,40808.0,,1.280683030949841,-1.6008537886873013,-0.015000000000000013,
515330,2023-12-14,0.925,0.919,0.929,0.917,34570.0,,1.3015184381778753,-0.3253796095444688,-0.0030000000000000027,
515330,2023-12-15,0.924,0.917,0.928,0.914,58268.0,,1.5233949945593048,-0.217627856365615,-0.0020000000000000018,
515330,2023-12-18,0.919,0.911,0.919,0.908,601174.0,,1.1995637949836433,-0.6543075245365327,-0.006000000000000005,
515330,2023-12-19,0.908,0.911,0.916,0.907,99948.0,,0.9879253567508242,0.0,0.0,
515330,2023-12-20,0.911,0.904,0.914,0.903,65733.0,,1.207464324917674,-0.7683863885839742,-0.007000000000000006,
515330,2023-12-21,0.906,0.911,0.916,0.9,98252.0,,1.7699115044247802,0.7743362831858414,0.007000000000000006,
515330,2023-12-22,0.911,0.914,0.919,0.907,86761.0,,1.3172338090010989,0.3293084522502747,0.0030000000000000027,
515330,2023-12-25,0.913,0.916,0.918,0.911,48015.0,,0.7658643326039394,0.21881838074398266,0.0020000000000000018,
515330,2023-12-26,0.916,0.911,0.92,0.907,56561.0,,1.4192139737991278,-0.54585152838428,-0.0050000000000000044,
515330,2023-12-27,0.909,0.913,0.915,0.906,468806.0,,0.9879253567508242,0.21953896816684978,0.0020000000000000018,
515330,2023-12-28,0.913,0.935,0.937,0.912,197435.0,,2.738225629791897,2.40963855421687,0.02200000000000002,
515330,2023-12-29,0.935,0.937,0.939,0.931,73311.0,,0.855614973262021,0.2139037433155082,0.0020000000000000018,
515330,2024-01-02,0.938,0.926,0.938,0.925,53306.0,,1.3874066168623158,-1.1739594450373543,-0.01100000000000001,
515330,2024-01-03,0.923,0.923,0.927,0.918,73877.0,,0.9719222462203032,-0.32397408207343437,-0.0030000000000000027,
515330,2024-01-04,0.923,0.915,0.924,0.908,153547.0,,1.7334777898158193,-0.8667388949079097,-0.008000000000000007,
515330,2024-01-05,0.915,0.911,0.921,0.906,68160.0,,1.6393442622950833,-0.43715846994535557,-0.0040000000000000036,
515330,2024-01-08,0.911,0.901,0.912,0.899,126250.0,,1.4270032930845238,-1.097694840834249,-0.010000000000000009,
515330,2024-01-09,0.896,0.9,0.905,0.896,81171.0,,0.9988901220865712,-0.11098779134295236,-0.0010000000000000009,
515330,2024-01-10,0.9,0.897,0.906,0.894,83786.0,,1.3333333333333344,-0.3333333333333336,-0.0030000000000000027,
515330,2024-01-11,0.898,0.902,0.907,0.895,104324.0,,1.3377926421404693,0.5574136008918622,0.0050000000000000044,
515330,2024-01-12,0.899,0.898,0.906,0.897,60375.0,,0.9977827050997791,-0.44345898004434625,-0.0040000000000000036,
515330,2024-01-15,0.897,0.897,0.904,0.892,61175.0,,1.336302895322941,-0.11135857461024509,-0.0010000000000000009,
515330,2024-01-16,0.896,0.902,0.903,0.892,77401.0,,1.226309921962097,0.5574136008918622,0.0050000000000000044,
515330,2024-01-17,0.9,0.886,0.9,0.883,103739.0,,1.8847006651884717,-1.773835920177385,-0.016000000000000014,
515330,2024-01-18,0.886,0.895,0.896,0.868,223269.0,,3.1602708803611765,1.0158013544018067,0.009000000000000008,
515330,2024-01-19,0.892,0.894,0.897,0.887,102375.0,,1.1173184357541908,-0.1117318435754191,-0.0010000000000000009,
515330,2024-01-22,0.895,0.889,0.897,0.875,100758.0,,2.4608501118568253,-0.5592841163310966,-0.0050000000000000044,
515330,2024-01-23,0.887,0.883,0.889,0.873,833575.0,,1.7997750281214864,-0.6749156355455574,-0.006000000000000005,
515330,2024-01-24,0.885,0.896,0.897,0.872,184606.0,,2.8312570781426976,1.472253680634203,0.013000000000000012,
515330,2024-01-25,0.896,0.913,0.915,0.89,3974602.0,,2.790178571428574,1.8973214285714302,0.017000000000000015,
515330,2024-01-26,0.913,0.912,0.916,0.907,204197.0,,0.9857612267250829,-0.10952902519167587,-0.0010000000000000009,
515330,2024-01-29,0.914,0.902,0.915,0.902,3402647.0,,1.4254385964912293,-1.0964912280701764,-0.010000000000000009,
515330,2024-01-30,0.9,0.889,0.901,0.888,150820.0,,1.4412416851441254,-1.4412416851441254,-0.013000000000000012,
515330,2024-01-31,0.89,0.88,0.89,0.874,139258.0,,1.7997750281214864,-1.0123734533183362,-0.009000000000000008,
515330,2024-02-01,0.879,0.882,0.897,0.873,2960025.0,,2.7272727272727297,0.2272727272727275,0.0020000000000000018,
515330,2024-02-02,0.89,0.874,0.89,0.85,202047.0,,4.535147392290254,-0.9070294784580506,-0.008000000000000007,
515330,2024-02-05,0.863,0.877,0.885,0.851,216071.0,,3.890160183066365,0.3432494279176205,0.0030000000000000027,
515330,2024-02-06,0.877,0.903,0.906,0.87,196965.0,,4.104903078677313,2.9646522234891703,0.026000000000000023,
515330,2024-02-07,0.902,0.916,0.917,0.902,1389550.0,,1.6611295681063138,1.4396456256921386,0.013000000000000012,
515330,2024-02-08,0.921,0.924,0.936,0.911,1033899.0,,2.7292576419213996,0.873362445414848,0.008000000000000007,
515330,2024-02-19,0.924,0.926,0.928,0.918,232973.0,,1.0822510822510834,0.21645021645021661,0.0020000000000000018,
515330,2024-02-20,0.926,0.93,0.932,0.921,198884.0,,1.1879049676025928,0.4319654427645792,0.0040000000000000036,
515330,2024-02-21,0.923,0.943,0.957,0.923,251075.0,,3.6559139784946146,1.3978494623655806,0.0129999999999999,
515330,2024-02-22,0.943,0.953,0.953,0.942,66969.0,,1.166489925768824,1.0604453870625672,0.010000000000000009,
515330,2024-02-23,0.954,0.953,0.958,0.948,557139.0,,1.049317943336832,0.0,0.0,
515330,2024-02-26,0.951,0.941,0.953,0.94,106384.0,,1.3641133263378817,-1.2591815320041986,-0.01200000000000001,
515330,2024-02-27,0.941,0.953,0.954,0.938,90851.0,,1.7003188097768347,1.275239107332626,0.01200000000000001,
515330,2024-02-28,0.952,0.944,0.962,0.944,111108.0,,1.8887722980062978,-0.9443861490031489,-0.009000000000000008,
515330,2024-02-29,0.945,0.96,0.96,0.944,68013.0,,1.6949152542372898,1.6949152542372898,0.016000000000000014,
515330,2024-03-01,0.96,0.967,0.968,0.955,216796.0,,1.3541666666666679,0.7291666666666674,0.007000000000000006,
515330,2024-03-04,0.966,0.965,0.968,0.96,3016207.0,,0.8273009307135478,-0.20682523267838696,-0.0020000000000000018,
515330,2024-03-05,0.962,0.972,0.974,0.96,198874.0,,1.4507772020725402,0.7253886010362701,0.007000000000000006,
515330,2024-03-06,0.972,0.971,0.978,0.969,67596.0,,0.9259259259259267,-0.10288065843621409,-0.0010000000000000009,
515330,2024-03-07,0.97,0.964,0.975,0.962,138055.0,,1.3388259526261599,-0.7209062821833168,-0.007000000000000006,
515330,2024-03-08,0.962,0.968,0.969,0.959,82664.0,,1.03734439834025,0.41493775933609994,0.0040000000000000036,
515330,2024-03-11,0.968,0.979,0.98,0.962,119662.0,,1.8595041322314068,1.1363636363636374,0.01100000000000001,
515330,2024-03-12,0.981,0.983,0.985,0.977,62125.0,,0.8171603677221662,0.4085801838610831,0.0040000000000000036,
515330,2024-03-13,0.983,0.977,0.983,0.974,41379.0,,0.9155645981688717,-0.6103763987792478,-0.006000000000000005,
515330,2024-03-14,0.976,0.973,0.982,0.968,73032.0,,1.4329580348004107,-0.4094165813715459,-0.0040000000000000036,
515330,2024-03-15,0.972,0.975,0.976,0.965,1638034.0,,1.130524152106887,0.2055498458376158,0.0020000000000000018,
515330,2024-03-18,0.974,0.984,0.984,0.974,2502041.0,,1.0256410256410264,0.9230769230769239,0.009000000000000008,
515330,2024-03-19,0.984,0.978,0.986,0.977,25315.0,,0.9146341463414642,-0.6097560975609762,-0.006000000000000005,
515330,2024-03-20,0.978,0.979,0.981,0.975,142017.0,,0.613496932515338,0.10224948875255634,0.0010000000000000009,
515330,2024-03-21,0.979,0.978,0.983,0.976,34427.0,,0.7150153217568954,-0.10214504596527077,-0.0010000000000000009,
515330,2024-03-22,0.976,0.969,0.976,0.962,93873.0,,1.4314928425357885,-0.9202453987730069,-0.009000000000000008,
515330,2024-03-25,0.968,0.965,0.973,0.963,38718.0,,1.0319917440660484,-0.4127966976264194,-0.0040000000000000036,
515330,2024-03-26,0.964,0.967,0.969,0.961,82288.0,,0.8290155440414516,0.2072538860103629,0.0020000000000000018,
515330,2024-03-27,0.963,0.958,0.968,0.957,51673.0,,1.1375387797311283,-0.9307135470527413,-0.009000000000000008,
515330,2024-03-28,0.958,0.962,0.97,0.954,144930.0,,1.670146137787058,0.4175365344467645,0.0040000000000000036,
515330,2024-03-29,0.96,0.965,0.967,0.96,20511.0,,0.7276507276507282,0.31185031185031215,0.0030000000000000027,
515330,2024-04-01,0.967,0.982,0.984,0.967,79577.0,,1.7616580310880845,1.7616580310880845,0.017000000000000015,
515330,2024-04-02,0.983,0.979,0.983,0.976,25434.0,,0.7128309572301432,-0.3054989816700614,-0.0030000000000000027,
515330,2024-04-03,0.978,0.975,0.978,0.972,16905.0,,0.6128702757916247,-0.4085801838610831,-0.0040000000000000036,
515330,2024-04-08,0.975,0.967,0.975,0.965,63793.0,,1.0256410256410264,-0.8205128205128212,-0.008000000000000007,
515330,2024-04-09,0.969,0.966,0.969,0.962,40398.0,,0.7238883143743544,-0.10341261633919348,-0.0010000000000000009,
515330,2024-04-10,0.965,0.957,0.966,0.953,44653.0,,1.3457556935817818,-0.9316770186335412,-0.009000000000000008,
515330,2024-04-11,0.955,0.958,0.961,0.952,49844.0,,0.9404388714733551,0.1044932079414839,0.0010000000000000009,
515330,2024-04-12,0.959,0.95,0.96,0.946,33869.0,,1.4613778705636757,-0.835073068893529,-0.008000000000000007,
515330,2024-04-15,0.948,0.969,0.97,0.948,65022.0,,2.315789473684213,2.0000000000000018,0.019000000000000017,
515330,2024-04-16,0.969,0.96,0.969,0.956,62811.0,,1.341589267285863,-0.9287925696594436,-0.009000000000000008,
515330,2024-04-17,0.96,0.972,0.974,0.955,818128.0,,1.9791666666666687,1.250000000000001,0.01200000000000001,
515330,2024-04-18,0.971,0.975,0.983,0.97,158701.0,,1.337448559670783,0.30864197530864224,0.0030000000000000027,
515330,2024-04-19,0.973,0.968,0.974,0.964,31656.0,,1.0256410256410264,-0.7179487179487186,-0.007000000000000006,
515330,2024-04-22,0.968,0.965,0.973,0.963,21593.0,,1.0330578512396704,-0.30991735537190107,-0.0030000000000000027,
515330,2024-04-23,0.965,0.958,0.966,0.957,35415.0,,0.9326424870466329,-0.7253886010362701,-0.007000000000000006,
515330,2024-04-24,0.961,0.962,0.963,0.956,61483.0,,0.7306889352818379,0.4175365344467645,0.0040000000000000036,
515330,2024-04-25,0.96,0.965,0.968,0.957,18448.0,,1.1434511434511445,0.31185031185031215,0.0030000000000000027,
515330,2024-04-26,0.964,0.978,0.981,0.964,407670.0,,1.7616580310880845,1.3471502590673587,0.013000000000000012,
515330,2024-04-29,0.984,0.99,0.996,0.978,93344.0,,1.8404907975460139,1.226993865030676,0.01200000000000001,
515330,2024-04-30,0.99,0.985,0.992,0.985,41283.0,,0.7070707070707077,-0.5050505050505055,-0.0050000000000000044,
515330,2024-05-06,0.998,0.999,1.003,0.989,168596.0,,1.4213197969543048,1.4213197969543159,0.014000000000000012,
515330,2024-05-07,0.999,1.001,1.003,0.996,1083112.0,,0.7007007007006902,0.20020020020018928,0.0019999999999998908,
515330,2024-05-08,1.0,0.992,1.0,0.991,37607.0,,0.8991008991009001,-0.899100899100889,-0.008999999999999897,
515330,2024-05-09,0.995,1.001,1.003,0.993,54257.0,,1.008064516129022,0.9072580645161187,0.008999999999999897,
515330,2024-05-10,1.001,1.002,1.005,0.994,52998.0,,1.098901098901089,0.09990009990011109,0.001000000000000112,
515330,2024-05-13,0.998,1.001,1.004,0.992,43136.0,,1.1976047904191627,-0.09980039920160796,-0.001000000000000112,
515330,2024-05-14,1.001,1.001,1.005,0.997,47303.0,,0.799200799200789,0.0,0.0,
515330,2024-05-15,0.999,0.993,0.999,0.992,37172.0,,0.6993006993007,-0.799200799200789,-0.007999999999999896,
515330,2024-05-16,0.994,0.997,1.002,0.991,1041193.0,,1.1077542799597189,0.40281973816717054,0.0040000000000000036,
515330,2024-05-17,0.997,1.005,1.007,0.993,1187372.0,,1.4042126379137314,0.8024072216649846,0.007999999999999896,
515330,2024-05-20,1.007,1.008,1.013,1.005,186236.0,,0.7960199004975133,0.2985074626865785,0.0030000000000001137,
515330,2024-05-21,1.008,1.005,1.009,1.003,1106472.0,,0.5952380952380957,-0.2976190476190589,-0.0030000000000001137,
515330,2024-05-22,1.007,1.009,1.011,1.004,1087266.0,,0.696517412935313,0.3980099502487566,0.0040000000000000036,
515330,2024-05-23,1.008,0.997,1.008,0.996,612610.0,,1.1892963330029744,-1.1892963330029636,-0.0119999999999999,
515330,2024-05-24,0.995,0.986,1.0,0.986,272020.0,,1.4042126379137425,-1.1033099297893691,-0.01100000000000001,
515330,2024-05-27,0.987,0.994,0.996,0.987,38339.0,,0.9127789046653153,0.811359026369169,0.008000000000000007,
515330,2024-05-28,0.995,0.989,0.995,0.987,29203.0,,0.8048289738430591,-0.5030181086519119,-0.0050000000000000044,
515330,2024-05-29,0.989,0.989,0.994,0.986,24132.0,,0.8088978766430746,0.0,0.0,
515330,2024-05-30,0.988,0.986,0.992,0.984,51719.0,,0.8088978766430746,-0.30333670374115296,-0.0030000000000000027,
515330,2024-05-31,0.986,0.982,0.99,0.981,37213.0,,0.9127789046653153,-0.4056795131845845,-0.0040000000000000036,
515330,2024-06-03,0.981,0.981,0.987,0.977,47456.0,,1.0183299389002045,-0.10183299389002047,-0.0010000000000000009,
515330,2024-06-04,0.981,0.991,0.992,0.981,45526.0,,1.1213047910295628,1.0193679918450569,0.010000000000000009,
515330,2024-06-05,0.991,0.986,0.992,0.985,35902.0,,0.7063572149344103,-0.5045408678102931,-0.0050000000000000044,
515330,2024-06-06,0.987,0.985,0.993,0.982,50081.0,,1.1156186612576076,-0.10141987829614613,-0.0010000000000000009,
515330,2024-06-07,0.988,0.98,0.988,0.974,115073.0,,1.4213197969543159,-0.5076142131979701,-0.0050000000000000044,
515330,2024-06-11,0.979,0.973,0.979,0.968,48336.0,,1.1224489795918378,-0.714285714285715,-0.007000000000000006,
515330,2024-06-12,0.971,0.972,0.974,0.969,33624.0,,0.5138746145940396,-0.1027749229188079,-0.0010000000000000009,
515330,2024-06-13,0.973,0.968,0.973,0.966,37373.0,,0.7201646090534986,-0.41152263374485637,-0.0040000000000000036,
515330,2024-06-14,0.966,0.973,0.975,0.964,46767.0,,1.1363636363636374,0.5165289256198352,0.0050000000000000044,
515330,2024-06-17,0.972,0.971,0.973,0.968,28882.0,,0.5138746145940396,-0.2055498458376158,-0.0020000000000000018,
515330,2024-06-18,0.971,0.974,0.976,0.971,46634.0,,0.5149330587023692,0.3089598352214215,0.0030000000000000027,
515330,2024-06-19,0.975,0.97,0.975,0.97,229858.0,,0.5133470225872695,-0.41067761806981556,-0.0040000000000000036,
515330,2024-06-20,0.97,0.965,0.972,0.963,164587.0,,0.9278350515463927,-0.5154639175257737,-0.0050000000000000044,
515330,2024-06-21,0.965,0.962,0.965,0.956,85294.0,,0.9326424870466329,-0.3108808290155443,-0.0030000000000000027,
515330,2024-06-24,0.957,0.957,0.965,0.955,93791.0,,1.0395010395010404,-0.5197505197505202,-0.0050000000000000044,
515330,2024-06-25,0.958,0.954,0.96,0.947,66369.0,,1.3584117032392908,-0.3134796238244517,-0.0030000000000000027,
515330,2024-06-26,0.946,0.958,0.961,0.946,61424.0,,1.5723270440251587,0.4192872117400423,0.0040000000000000036,
515330,2024-06-27,0.957,0.953,0.957,0.951,62285.0,,0.6263048016701467,-0.5219206680584556,-0.0050000000000000044,
515330,2024-06-28,0.953,0.955,0.961,0.951,52158.0,,1.049317943336832,0.2098635886673664,0.0020000000000000018,
515330,2024-07-01,0.957,0.958,0.962,0.95,65798.0,,1.2565445026178022,0.31413612565445054,0.0030000000000000027,
515330,2024-07-02,0.957,0.959,0.961,0.955,46723.0,,0.6263048016701467,0.10438413361169112,0.0010000000000000009,
515330,2024-07-03,0.957,0.956,0.959,0.953,41129.0,,0.6256517205422321,-0.31282586027111603,-0.0030000000000000027,
515330,2024-07-04,0.956,0.951,0.961,0.95,53052.0,,1.1506276150627626,-0.5230125523012558,-0.0050000000000000044,
515330,2024-07-05,0.953,0.949,0.953,0.938,1169700.0,,1.5772870662460585,-0.21030494216614112,-0.0020000000000000018,
515330,2024-07-08,0.947,0.94,0.947,0.939,67064.0,,0.8429926238145424,-0.9483667017913602,-0.009000000000000008,
515330,2024-07-09,0.938,0.95,0.954,0.936,48186.0,,1.9148936170212665,1.0638297872340436,0.010000000000000009,
515330,2024-07-10,0.95,0.949,0.954,0.948,20241.0,,0.6315789473684217,-0.10526315789473695,-0.0010000000000000009,
515330,2024-07-11,0.952,0.961,0.963,0.952,52651.0,,1.159114857744996,1.2644889357218136,0.01200000000000001,
515330,2024-07-12,0.961,0.963,0.965,0.956,56897.0,,0.9365244536940696,0.20811654526534878,0.0020000000000000018,
515330,2024-07-15,0.963,0.964,0.966,0.96,157333.0,,0.6230529595015583,0.10384215991692637,0.0010000000000000009,
515330,2024-07-16,0.964,0.97,0.971,0.961,118485.0,,1.03734439834025,0.6224066390041499,0.006000000000000005,
515330,2024-07-17,0.969,0.973,0.977,0.965,325196.0,,1.2371134020618568,0.3092783505154642,0.0030000000000000027,
515330,2024-07-18,0.97,0.978,0.979,0.965,174887.0,,1.4388489208633106,0.5138746145940396,0.0050000000000000044,
515330,2024-07-19,0.976,0.984,0.986,0.972,105018.0,,1.4314928425357885,0.613496932515338,0.006000000000000005,
515330,2024-07-22,0.985,0.977,0.985,0.973,45730.0,,1.2195121951219523,-0.7113821138211389,-0.007000000000000006,
515330,2024-07-23,0.972,0.96,0.978,0.959,68557.0,,1.9447287615148432,-1.7400204708290703,-0.017000000000000015,
515330,2024-07-24,0.959,0.953,0.962,0.95,102048.0,,1.250000000000001,-0.7291666666666674,-0.007000000000000006,
515330,2024-07-25,0.956,0.947,0.956,0.943,120548.0,,1.3641133263378817,-0.6295907660020993,-0.006000000000000005,
515330,2024-07-26,0.947,0.951,0.954,0.945,78812.0,,0.9503695881731793,0.4223864836325242,0.0040000000000000036,
515330,2024-07-29,0.951,0.946,0.951,0.946,69952.0,,0.5257623554153528,-0.5257623554153528,-0.0050000000000000044,
515330,2024-07-30,0.946,0.941,0.946,0.935,91287.0,,1.162790697674408,-0.5285412262156454,-0.0050000000000000044,
515330,2024-07-31,0.941,0.961,0.962,0.939,105327.0,,2.4442082890542,2.1253985122210435,0.020000000000000018,
515330,2024-08-01,0.961,0.954,0.963,0.953,57866.0,,1.0405827263267438,-0.7284079084287207,-0.007000000000000006,
515330,2024-08-02,0.952,0.945,0.954,0.943,53746.0,,1.1530398322851163,-0.9433962264150951,-0.009000000000000008,
515330,2024-08-05,0.942,0.937,0.951,0.933,187227.0,,1.9047619047618949,-0.8465608465608356,-0.007999999999999896,
515330,2024-08-06,0.941,0.934,0.943,0.926,339469.0,,1.8143009605122626,-0.32017075773746023,-0.0030000000000000027,
515330,2024-08-07,0.934,0.933,0.938,0.929,177194.0,,0.9635974304068411,-0.107066381156317,-0.0010000000000000009,
515330,2024-08-08,0.932,0.933,0.939,0.927,178969.0,,1.2861736334405036,0.0,0.0,
515330,2024-08-09,0.935,0.93,0.94,0.929,56836.0,,1.1789924973204609,-0.32154340836012885,-0.0030000000000000027,
515330,2024-08-12,0.929,0.928,0.932,0.926,100672.0,,0.6451612903225812,-0.21505376344086038,-0.0020000000000000018,
515330,2024-08-13,0.929,0.929,0.931,0.924,55749.0,,0.7543103448275869,0.10775862068965526,0.0010000000000000009,
515330,2024-08-14,0.929,0.923,0.929,0.923,66354.0,,0.6458557588805173,-0.6458557588805173,-0.006000000000000005,
515330,2024-08-15,0.925,0.933,0.937,0.92,106604.0,,1.8418201516793082,1.0834236186348871,0.010000000000000009,
515330,2024-08-16,0.932,0.934,0.937,0.931,88469.0,,0.6430868167202577,0.10718113612004296,0.0010000000000000009,
515330,2024-08-19,0.937,0.937,0.943,0.935,58798.0,,0.8565310492505241,0.321199143468951,0.0030000000000000027,
515330,2024-08-20,0.934,0.931,0.938,0.928,79099.0,,1.0672358591248556,-0.6403415154749205,-0.006000000000000005,
515330,2024-08-21,0.928,0.928,0.931,0.924,51229.0,,0.7518796992481209,-0.3222341568206233,-0.0030000000000000027,
515330,2024-08-22,0.927,0.926,0.93,0.923,53188.0,,0.7543103448275869,-0.21551724137931053,-0.0020000000000000018,
515330,2024-08-23,0.922,0.931,0.933,0.922,65217.0,,1.1879049676025928,0.539956803455724,0.0050000000000000044,
515330,2024-08-26,0.931,0.93,0.933,0.925,49046.0,,0.8592910848549953,-0.10741138560687441,-0.0010000000000000009,
515330,2024-08-27,0.926,0.925,0.928,0.922,48712.0,,0.6451612903225812,-0.5376344086021511,-0.0050000000000000044,
515330,2024-08-28,0.925,0.919,0.925,0.916,80519.0,,0.9729729729729738,-0.6486486486486492,-0.006000000000000005,
515330,2024-08-29,0.918,0.917,0.921,0.914,63201.0,,0.7616974972796524,-0.217627856365615,-0.0020000000000000018,
515330,2024-08-30,0.916,0.928,0.937,0.915,92151.0,,2.3991275899672866,1.1995637949836433,0.01100000000000001,
515330,2024-09-02,0.93,0.913,0.93,0.912,73163.0,,1.939655172413795,-1.6163793103448292,-0.015000000000000013,
515330,2024-09-03,0.913,0.915,0.917,0.911,40697.0,,0.6571741511500554,0.21905805038335174,0.0020000000000000018,
515330,2024-09-04,0.911,0.91,0.915,0.908,43210.0,,0.7650273224043722,-0.5464480874316944,-0.0050000000000000044,
515330,2024-09-05,0.913,0.911,0.914,0.907,180231.0,,0.7692307692307698,0.10989010989010997,0.0010000000000000009,
515330,2024-09-06,0.911,0.902,0.917,0.902,603477.0,,1.6465422612513734,-0.9879253567508242,-0.009000000000000008,
515330,2024-09-09,0.901,0.894,0.903,0.889,121182.0,,1.5521064301552119,-0.8869179600886925,-0.008000000000000007,
515330,2024-09-10,0.894,0.894,0.897,0.887,262833.0,,1.1185682326621933,0.0,0.0,
515330,2024-09-11,0.893,0.891,0.894,0.888,105471.0,,0.671140939597316,-0.335570469798658,-0.0030000000000000027,
515330,2024-09-12,0.891,0.888,0.896,0.887,72579.0,,1.010101010101011,-0.336700336700337,-0.0030000000000000027,
515330,2024-09-13,0.888,0.884,0.892,0.883,100155.0,,1.0135135135135145,-0.4504504504504509,-0.0040000000000000036,
515330,2024-09-18,0.881,0.888,0.889,0.88,137492.0,,1.018099547511313,0.4524886877828058,0.0040000000000000036,
515330,2024-09-19,0.887,0.894,0.9,0.881,90403.0,,2.1396396396396415,0.6756756756756762,0.006000000000000005,
515330,2024-09-20,0.894,0.896,0.897,0.887,2466414.0,,1.1185682326621933,0.2237136465324387,0.0020000000000000018,
515330,2024-09-23,0.894,0.899,0.903,0.894,227565.0,,1.0044642857142867,0.3348214285714289,0.0030000000000000027,
515330,2024-09-24,0.902,0.937,0.938,0.901,5016216.0,,4.115684093437143,4.226918798665187,0.038000000000000034,
515330,2024-09-25,0.946,0.951,0.971,0.946,984142.0,,2.6680896478121685,1.4941302027748027,0.013999999999999901,
515330,2024-09-26,0.951,0.996,0.997,0.949,1801638.0,,5.047318611987387,4.731861198738175,0.04500000000000004,
515330,2024-09-27,1.017,1.039,1.045,1.009,240904.0,,3.6144578313253044,4.317269076305213,0.04299999999999993,
515330,2024-09-30,1.122,1.143,1.143,1.064,965333.0,,7.60346487006737,10.009624639076044,0.10400000000000009,
515330,2024-10-08,1.257,1.257,1.257,1.177,664465.0,,6.999125109361317,9.973753280839883,0.11399999999999988,
515330,2024-10-09,1.24,1.131,1.24,1.131,947613.0,,8.671439936356403,-10.02386634844868,-0.1259999999999999,
515330,2024-10-10,1.131,1.117,1.145,1.096,1531170.0,,4.3324491600353605,-1.237842617152963,-0.014000000000000012,
515330,2024-10-11,1.12,1.089,1.12,1.074,442217.0,,4.1181736794986605,-2.5067144136078805,-0.028000000000000025,
515330,2024-10-14,1.085,1.107,1.112,1.081,332787.0,,2.846648301193768,1.6528925619834725,0.018000000000000016,
515330,2024-10-15,1.1,1.079,1.109,1.077,344321.0,,2.8906955736224056,-2.529358626919605,-0.028000000000000025,
515330,2024-10-16,1.074,1.072,1.085,1.064,336971.0,,1.9462465245597689,-0.6487488415199162,-0.006999999999999895,
515330,2024-10-17,1.075,1.057,1.085,1.056,281635.0,,2.7052238805970066,-1.3992537313432951,-0.015000000000000124,
515330,2024-10-18,1.057,1.101,1.128,1.053,475932.0,,7.095553453169344,4.162724692526021,0.04400000000000004,
515330,2024-10-21,1.113,1.103,1.113,1.09,2210403.0,,2.0890099909173396,0.1816530426884652,0.0020000000000000018,
515330,2024-10-22,1.102,1.108,1.108,1.096,336902.0,,1.0879419764279248,0.45330915684497874,0.0050000000000001155,
515330,2024-10-23,1.105,1.111,1.122,1.101,226740.0,,1.8953068592057878,0.2707581227436725,0.0029999999999998916,
515330,2024-10-24,1.108,1.099,1.108,1.094,143433.0,,1.2601260126012612,-1.0801080108010812,-0.01200000000000001,
515330,2024-10-25,1.103,1.106,1.117,1.098,226708.0,,1.728844404003631,0.6369426751592464,0.007000000000000117,
515330,2024-10-28,1.103,1.109,1.109,1.096,208612.0,,1.1754068716093942,0.2712477396021602,0.0029999999999998916,
515330,2024-10-29,1.109,1.1,1.117,1.097,1185608.0,,1.803426510369704,-0.8115419296663567,-0.008999999999999897,
515330,2024-10-30,1.099,1.088,1.102,1.082,2057433.0,,1.8181818181818195,-1.090909090909092,-0.01200000000000001,
515330,2024-10-31,1.086,1.087,1.098,1.079,729618.0,,1.7463235294117763,-0.09191176470589263,-0.001000000000000112,
515330,2024-11-01,1.085,1.092,1.101,1.085,587066.0,,1.471941122355107,0.4599816007359812,0.0050000000000001155,
515330,2024-11-04,1.091,1.106,1.106,1.088,477348.0,,1.6483516483516498,1.282051282051283,0.014000000000000012,
515330,2024-11-05,1.104,1.132,1.133,1.096,318686.0,,3.3453887884267557,2.3508137432187883,0.0259999999999998,
515330,2024-11-06,1.135,1.128,1.145,1.12,1107465.0,,2.2084805653710173,-0.3533568904593643,-0.0040000000000000036,
515330,2024-11-07,1.117,1.163,1.164,1.116,998955.0,,4.255319148936155,3.102836879432637,0.03500000000000014,
515330,2024-11-08,1.18,1.148,1.18,1.145,1071900.0,,3.009458297506442,-1.2897678417884888,-0.015000000000000124,
515330,2024-11-11,1.145,1.156,1.157,1.133,377522.0,,2.0905923344947754,0.6968641114982586,0.008000000000000007,
515330,2024-11-12,1.156,1.142,1.169,1.137,445492.0,,2.7681660899654004,-1.2110726643598628,-0.014000000000000012,
515330,2024-11-13,1.14,1.148,1.153,1.138,262268.0,,1.3134851138353876,0.5253940455341511,0.006000000000000005,
515330,2024-11-14,1.148,1.133,1.153,1.13,626737.0,,2.003484320557503,-1.306620209059225,-0.014999999999999902,
515330,2024-11-15,1.128,1.11,1.133,1.11,773546.0,,2.030008826125323,-2.030008826125323,-0.02299999999999991,
515330,2024-11-18,1.115,1.107,1.13,1.101,436655.0,,2.6126126126126046,-0.2702702702702805,-0.0030000000000001137,
515330,2024-11-19,1.108,1.112,1.114,1.091,216378.0,,2.0776874435411137,0.4516711833785109,0.0050000000000001155,
515330,2024-11-20,1.116,1.114,1.12,1.106,141147.0,,1.2589928057553967,0.1798561151079138,0.0020000000000000018,
515330,2024-11-21,1.112,1.116,1.118,1.11,135781.0,,0.7181328545780975,0.17953321364452438,0.0020000000000000018,
515330,2024-11-22,1.116,1.085,1.12,1.082,169651.0,,3.4050179211469564,-2.7777777777777897,-0.03100000000000014,
515330,2024-11-25,1.081,1.076,1.09,1.067,135738.0,,2.119815668202777,-0.8294930875575942,-0.008999999999999897,
515330,2024-11-26,1.072,1.077,1.084,1.072,221778.0,,1.1152416356877333,0.09293680297396746,0.0009999999999998899,
515330,2024-11-27,1.075,1.096,1.096,1.069,198069.0,,2.5069637883008484,1.764159702878378,0.019000000000000128,
515330,2024-11-28,1.091,1.084,1.095,1.083,174633.0,,1.094890510948906,-1.094890510948906,-0.01200000000000001,
515330,2024-11-29,1.08,1.095,1.109,1.08,190702.0,,2.6752767527675196,1.0147601476014667,0.010999999999999899,
515330,2024-12-02,1.097,1.104,1.107,1.092,110308.0,,1.3698630136986212,0.8219178082191889,0.009000000000000119,
515330,2024-12-03,1.104,1.105,1.11,1.098,126464.0,,1.0869565217391313,0.09057971014491756,0.0009999999999998899,
515330,2024-12-04,1.104,1.101,1.108,1.098,141149.0,,0.9049773755656116,-0.36199095022624467,-0.0040000000000000036,
515330,2024-12-05,1.1,1.097,1.101,1.094,1936174.0,,0.6357856494096181,-0.3633060853769304,-0.0040000000000000036,
515330,2024-12-06,1.097,1.112,1.119,1.097,332013.0,,2.0054694621695552,1.367365542388343,0.015000000000000124,
515330,2024-12-09,1.113,1.111,1.118,1.105,166496.0,,1.1690647482014498,-0.08992805755396689,-0.001000000000000112,
515330,2024-12-10,1.15,1.121,1.151,1.117,263920.0,,3.060306030603063,0.900090009000901,0.010000000000000009,
515330,2024-12-11,1.121,1.118,1.123,1.115,99516.0,,0.7136485280999114,-0.2676181980374569,-0.0029999999999998916,
515330,2024-12-12,1.115,1.129,1.13,1.115,131558.0,,1.3416815742397048,0.9838998211091142,0.010999999999999899,
515330,2024-12-13,1.126,1.103,1.126,1.1,190009.0,,2.3029229406554297,-2.3029229406554492,-0.026000000000000023,
515330,2024-12-16,1.1,1.096,1.103,1.093,121708.0,,0.9066183136899374,-0.6346328195829462,-0.006999999999999895,
515330,2024-12-17,1.095,1.099,1.108,1.095,138862.0,,1.1861313868613248,0.27372262773721634,0.0029999999999998916,
515330,2024-12-18,1.103,1.102,1.108,1.101,121527.0,,0.6369426751592464,0.27297543221111137,0.0030000000000001137,
515330,2024-12-19,1.099,1.104,1.107,1.092,95480.0,,1.3611615245008983,0.1814882032667878,0.0020000000000000018,
515330,2024-12-20,1.103,1.1,1.109,1.1,821682.0,,0.8152173913043385,-0.3623188405797105,-0.0040000000000000036,
515330,2024-12-23,1.101,1.102,1.111,1.101,701550.0,,0.9090909090909097,0.18181818181818196,0.0020000000000000018,
515330,2024-12-24,1.101,1.115,1.117,1.101,177373.0,,1.4519056261343024,1.1796733212341106,0.0129999999999999,
515330,2024-12-25,1.115,1.116,1.121,1.112,700576.0,,0.8071748878923676,0.08968609865471856,0.001000000000000112,
515330,2024-12-26,1.115,1.117,1.118,1.111,170997.0,,0.6272401433691861,0.08960573476701521,0.0009999999999998899,
515330,2024-12-27,1.117,1.115,1.123,1.113,643345.0,,0.8952551477171002,-0.17905102954342003,-0.0020000000000000018,
515330,2024-12-30,1.115,1.121,1.123,1.113,177544.0,,0.896860986547086,0.5381165919282516,0.006000000000000005,
515330,2024-12-31,1.12,1.106,1.122,1.103,357769.0,,1.6949152542372996,-1.3380909901873241,-0.014999999999999902,
515330,2025-01-02,1.106,1.071,1.106,1.065,225625.0,,3.7070524412296697,-3.1645569620253293,-0.03500000000000014,
515330,2025-01-03,1.07,1.062,1.075,1.056,141765.0,,1.77404295051353,-0.840336134453772,-0.008999999999999897,
515330,2025-01-06,1.058,1.057,1.062,1.05,130408.0,,1.1299435028248597,-0.47080979284370195,-0.0050000000000001155,
515330,2025-01-07,1.057,1.064,1.064,1.052,100551.0,,1.1352885525070966,0.6622516556291502,0.007000000000000117,
515330,2025-01-08,1.064,1.062,1.07,1.046,2272813.0,,2.2556390977443628,-0.18796992481203023,-0.0020000000000000018,
515330,2025-01-09,1.06,1.06,1.065,1.057,2157940.0,,0.7532956685499065,-0.18832391713747662,-0.0020000000000000018,
515330,2025-01-10,1.06,1.048,1.063,1.047,1248155.0,,1.5094339622641522,-1.132075471698114,-0.01200000000000001,
515330,2025-01-13,1.047,1.044,1.049,1.04,160697.0,,0.8587786259541886,-0.38167938931297746,-0.0040000000000000036,
515330,2025-01-14,1.043,1.071,1.073,1.043,204288.0,,2.873563218390807,2.5862068965517158,0.026999999999999913,
515330,2025-01-15,1.067,1.064,1.069,1.062,221779.0,,0.6535947712418203,-0.6535947712418203,-0.006999999999999895,
515330,2025-01-16,1.066,1.065,1.077,1.059,218947.0,,1.691729323308272,0.09398496240600468,0.0009999999999998899,
515330,2025-01-17,1.062,1.068,1.074,1.06,99549.0,,1.3145539906103298,0.2816901408450811,0.0030000000000001137,
515330,2025-01-20,1.075,1.073,1.082,1.071,113130.0,,1.0299625468164906,0.46816479400748057,0.004999999999999893,
515330,2025-01-21,1.076,1.075,1.08,1.07,86292.0,,0.9319664492078293,0.18639328984156586,0.0020000000000000018,
515330,2025-01-22,1.071,1.064,1.072,1.06,246480.0,,1.116279069767443,-1.0232558139534789,-0.010999999999999899,
515330,2025-01-23,1.076,1.066,1.084,1.066,128862.0,,1.691729323308272,0.18796992481203023,0.0020000000000000018,
515330,2025-01-24,1.065,1.075,1.08,1.065,162609.0,,1.4071294559099552,0.8442776735459565,0.008999999999999897,
515330,2025-01-27,1.075,1.072,1.08,1.071,129056.0,,0.8372093023255925,-0.2790697674418504,-0.0029999999999998916,
515330,2025-02-05,1.074,1.064,1.078,1.061,276527.0,,1.5858208955223996,-0.7462686567164185,-0.008000000000000007,
515330,2025-02-06,1.065,1.078,1.079,1.062,396857.0,,1.5977443609022466,1.3157894736842117,0.014000000000000012,
515330,2025-02-07,1.078,1.092,1.1,1.075,232734.0,,2.319109461966617,1.2987012987012998,0.014000000000000012,
515330,2025-02-10,1.092,1.093,1.095,1.087,126990.0,,0.7326007326007332,0.09157509157508148,0.0009999999999998899,
515330,2025-02-11,1.093,1.09,1.094,1.086,620423.0,,0.7319304666056731,-0.2744739249771173,-0.0029999999999998916,
515330,2025-02-12,1.089,1.1,1.101,1.086,110593.0,,1.3761467889908165,0.9174311926605512,0.010000000000000009,
515330,2025-02-13,1.1,1.097,1.105,1.095,137582.0,,0.9090909090909097,-0.27272727272728303,-0.0030000000000001137,
515330,2025-02-14,1.095,1.105,1.106,1.095,118108.0,,1.0027347310847878,0.729261622607111,0.008000000000000007,
515330,2025-02-17,1.107,1.108,1.109,1.099,256298.0,,0.9049773755656116,0.27149321266969356,0.0030000000000001137,
515330,2025-02-18,1.109,1.098,1.111,1.096,184738.0,,1.3537906137184026,-0.9025270758122751,-0.010000000000000009,
515330,2025-02-19,1.097,1.105,1.106,1.095,62074.0,,1.0018214936247831,0.6375227686703001,0.006999999999999895,
515330,2025-02-20,1.105,1.103,1.105,1.098,554439.0,,0.6334841628959181,-0.18099547511312233,-0.0020000000000000018,
515330,2025-02-21,1.106,1.115,1.117,1.102,126873.0,,1.359927470534896,1.0879419764279248,0.01200000000000001,
515330,2025-02-24,1.113,1.113,1.12,1.108,78084.0,,1.0762331838565031,-0.1793721973094172,-0.0020000000000000018,
515330,2025-02-25,1.105,1.101,1.109,1.098,122190.0,,0.9883198562443753,-1.078167115902966,-0.01200000000000001,
515330,2025-02-26,1.102,1.11,1.111,1.1,74547.0,,0.9990917347865484,0.8174386920981035,0.009000000000000119,
515330,2025-02-27,1.109,1.113,1.114,1.104,89164.0,,0.9009009009009016,0.27027027027026046,0.0029999999999998916,
515330,2025-02-28,1.109,1.092,1.114,1.09,171202.0,,2.156334231805932,-1.8867924528301803,-0.020999999999999908,
515330,2025-03-03,1.094,1.09,1.102,1.085,1447385.0,,1.5567765567765683,-0.1831501831501833,-0.0020000000000000018,
515330,2025-03-04,1.089,1.091,1.091,1.082,179005.0,,0.8256880733944859,0.09174311926604493,0.0009999999999998899,
515330,2025-03-05,1.092,1.095,1.095,1.086,1029192.0,,0.8249312557286799,0.36663611365719556,0.0040000000000000036,
515330,2025-03-06,1.097,1.11,1.111,1.097,1095521.0,,1.2785388127853892,1.3698630136986416,0.015000000000000124,
515330,2025-03-07,1.108,1.107,1.112,1.103,1095748.0,,0.8108108108108214,-0.2702702702702805,-0.0030000000000001137,
515330,2025-03-10,1.107,1.102,1.107,1.095,2727394.0,,1.084010840108402,-0.45167118337849077,-0.004999999999999893,
515330,2025-03-11,1.101,1.104,1.105,1.093,1949703.0,,1.0889292196007267,0.1814882032667878,0.0020000000000000018,
515330,2025-03-12,1.104,1.103,1.11,1.1,119661.0,,0.905797101449276,-0.09057971014493767,-0.001000000000000112,
515330,2025-03-13,1.101,1.097,1.105,1.092,105283.0,,1.1786038077969085,-0.5439709882139624,-0.006000000000000005,
515330,2025-03-14,1.1,1.125,1.126,1.097,212849.0,,2.6435733819507674,2.5524156791248886,0.028000000000000025,
515330,2025-03-17,1.128,1.122,1.128,1.119,205764.0,,0.7999999999999908,-0.266666666666657,-0.0029999999999998916,
515330,2025-03-18,1.124,1.123,1.126,1.121,101279.0,,0.44563279857396554,0.08912655971478518,0.0009999999999998899,
515330,2025-03-19,1.122,1.124,1.128,1.119,245022.0,,0.8014247551202046,0.08904719501336704,0.001000000000000112,
515330,2025-03-20,1.125,1.115,1.125,1.114,311883.0,,0.9786476868327312,-0.8007117437722524,-0.009000000000000119,
515330,2025-03-21,1.114,1.098,1.117,1.095,199728.0,,1.9730941704035891,-1.5246636771300364,-0.016999999999999904,
515330,2025-03-24,1.098,1.105,1.105,1.096,190233.0,,0.8196721311475315,0.6375227686703001,0.006999999999999895,
515330,2025-03-25,1.105,1.104,1.106,1.099,89284.0,,0.6334841628959382,-0.09049773755655112,-0.0009999999999998899,
515330,2025-03-26,1.104,1.099,1.106,1.098,209056.0,,0.724637681159421,-0.45289855072464813,-0.0050000000000001155,
515330,2025-03-27,1.098,1.102,1.108,1.094,51152.0,,1.2738853503184724,0.27297543221111137,0.0030000000000001137,
515330,2025-03-28,1.104,1.098,1.104,1.095,396908.0,,0.8166969147005552,-0.3629764065335756,-0.0040000000000000036,
515330,2025-03-31,1.097,1.091,1.101,1.086,209227.0,,1.3661202185792258,-0.6375227686703203,-0.007000000000000117,
515330,2025-04-01,1.091,1.092,1.096,1.089,78223.0,,0.6416131989001025,0.09165902841430906,0.001000000000000112,
515330,2025-04-02,1.09,1.09,1.094,1.087,90036.0,,0.6410256410256516,-0.1831501831501833,-0.0020000000000000018,
515330,2025-04-03,1.084,1.084,1.089,1.079,142107.0,,0.9174311926605512,-0.5504587155963307,-0.006000000000000005,
515330,2025-04-07,1.03,1.005,1.045,0.985,292499.0,,5.5350553505535,-7.287822878228798,-0.07900000000000018,
515330,2025-04-08,1.007,1.023,1.024,1.005,164620.0,,1.8905472636816052,1.7910447761194048,0.018000000000000016,
515330,2025-04-09,1.018,1.03,1.034,1.008,173971.0,,2.5415444770283506,0.6842619745845667,0.007000000000000117,
515330,2025-04-10,1.04,1.045,1.053,1.04,130173.0,,1.2621359223300874,1.456310679611641,0.014999999999999902,
515330,2025-04-11,1.04,1.05,1.055,1.04,101013.0,,1.435406698564584,0.4784688995215422,0.0050000000000001155,
515330,2025-04-14,1.051,1.053,1.059,1.051,88631.0,,0.7619047619047625,0.2857142857142754,0.0029999999999998916,
515330,2025-04-15,1.053,1.053,1.055,1.047,1186002.0,,0.7597340930674271,0.0,0.0,
515330,2025-04-16,1.053,1.056,1.057,1.044,93788.0,,1.2345679012345585,0.28490028490029573,0.0030000000000001137,
515330,2025-04-17,1.05,1.058,1.06,1.049,72309.0,,1.041666666666678,0.18939393939393956,0.0020000000000000018,
515330,2025-04-18,1.058,1.059,1.06,1.053,35720.0,,0.6616257088846992,0.09451795841208788,0.0009999999999998899,
515330,2025-04-21,1.059,1.062,1.063,1.057,100996.0,,0.5665722379603405,0.28328611898018075,0.0030000000000001137,
515330,2025-04-22,1.062,1.062,1.066,1.059,45944.0,,0.6591337099811787,0.0,0.0,
515330,2025-04-23,1.064,1.062,1.068,1.06,55021.0,,0.7532956685499065,0.0,0.0,
515330,2025-04-24,1.062,1.062,1.068,1.06,36321.0,,0.7532956685499065,0.0,0.0,
515330,2025-04-25,1.062,1.064,1.067,1.061,1017908.0,,0.5649717514124298,0.18832391713747662,0.0020000000000000018,
515330,2025-04-28,1.064,1.061,1.064,1.059,49323.0,,0.469924812030086,-0.2819548872180558,-0.0030000000000001137,
515330,2025-04-29,1.062,1.06,1.063,1.058,1509124.0,,0.471253534401498,-0.09425070688029122,-0.0009999999999998899,
515330,2025-04-30,1.06,1.057,1.063,1.057,56497.0,,0.566037735849057,-0.283018867924539,-0.0030000000000001137,
515330,2025-05-06,1.062,1.069,1.07,1.061,1721705.0,,0.851466414380333,1.1352885525070966,0.01200000000000001,
515330,2025-05-07,1.08,1.075,1.084,1.071,109273.0,,1.2160898035547354,0.5612722170252578,0.006000000000000005,
515330,2025-05-08,1.073,1.082,1.086,1.072,1005171.0,,1.30232558139535,0.6511627906976853,0.007000000000000117,
515330,2025-05-09,1.082,1.081,1.082,1.077,986531.0,,0.46210720887246903,-0.09242144177450203,-0.001000000000000112,
515330,2025-05-12,1.085,1.092,1.093,1.084,998249.0,,0.8325624421831542,1.017576318223878,0.01100000000000012,
515330,2025-05-13,1.096,1.093,1.098,1.092,89730.0,,0.5494505494505499,0.09157509157508148,0.0009999999999998899,
515330,2025-05-14,1.093,1.107,1.111,1.092,121645.0,,1.7383348581884634,1.280878316559928,0.014000000000000012,
515330,2025-05-15,1.108,1.097,1.108,1.096,154953.0,,1.084010840108402,-0.9033423667570017,-0.010000000000000009,
515330,2025-05-16,1.097,1.093,1.097,1.088,104590.0,,0.8204193254329898,-0.3646308113035555,-0.0040000000000000036,
515330,2025-05-19,1.093,1.091,1.093,1.085,486972.0,,0.7319304666056731,-0.18298261665141827,-0.0020000000000000018,
515330,2025-05-20,1.091,1.096,1.099,1.09,1033616.0,,0.8249312557286799,0.4582951420715046,0.0050000000000001155,
515330,2025-05-21,1.095,1.101,1.104,1.095,145031.0,,0.8211678832116897,0.456204379562034,0.004999999999999893,
515330,2025-05-22,1.101,1.1,1.102,1.097,63218.0,,0.4541326067211731,-0.09082652134422252,-0.0009999999999998899,
515330,2025-05-23,1.1,1.091,1.105,1.09,170427.0,,1.3636363636363547,-0.818181818181829,-0.009000000000000119,
515330,2025-05-26,1.091,1.085,1.092,1.083,153155.0,,0.8249312557287001,-0.5499541704857933,-0.006000000000000005,
515330,2025-05-27,1.086,1.08,1.086,1.078,96382.0,,0.7373271889400929,-0.4608294930875478,-0.004999999999999893,
515330,2025-05-28,1.081,1.08,1.082,1.078,209185.0,,0.3703703703703707,0.0,0.0,
515330,2025-05-29,1.079,1.086,1.09,1.079,245869.0,,1.0185185185185297,0.555555555555556,0.006000000000000005,
515330,2025-05-30,1.084,1.082,1.084,1.077,63835.0,,0.6445672191528653,-0.3683241252302029,-0.0040000000000000036,
515330,2025-06-03,1.082,1.082,1.086,1.079,199050.0,,0.6469500924214525,0.0,0.0,
515330,2025-06-04,1.084,1.088,1.09,1.084,67676.0,,0.5545286506469506,0.5545286506469506,0.006000000000000005,
515330,2025-06-05,1.091,1.09,1.093,1.086,122294.0,,0.6433823529411669,0.18382352941176486,0.0020000000000000018,
515330,2025-06-06,1.091,1.091,1.094,1.089,80745.0,,0.45871559633028575,0.09174311926604493,0.0009999999999998899,
515330,2025-06-09,1.091,1.093,1.096,1.09,286003.0,,0.5499541704857933,0.18331805682859778,0.0020000000000000018,
515330,2025-06-10,1.095,1.086,1.096,1.084,154931.0,,1.0978956999085097,-0.6404391582799538,-0.006999999999999895,
515330,2025-06-11,1.089,1.097,1.101,1.089,1123718.0,,1.1049723756906085,1.0128913443830478,0.010999999999999899,
515330,2025-06-12,1.094,1.096,1.099,1.09,166409.0,,0.8204193254329898,-0.09115770282587875,-0.0009999999999998899,
515330,2025-06-13,1.094,1.09,1.095,1.086,132726.0,,0.8211678832116693,-0.547445255474453,-0.006000000000000005,
515330,2025-06-16,1.09,1.092,1.093,1.088,51315.0,,0.45871559633026543,0.18348623853211024,0.0020000000000000018,
515330,2025-06-17,1.091,1.092,1.094,1.088,102725.0,,0.5494505494505499,0.0,0.0,
515330,2025-06-18,1.092,1.093,1.094,1.088,80076.0,,0.5494505494505499,0.09157509157508148,0.0009999999999998899,
515330,2025-06-19,1.091,1.084,1.091,1.082,118797.0,,0.823421774931372,-0.823421774931372,-0.008999999999999897,
515330,2025-06-20,1.085,1.086,1.088,1.084,134700.0,,0.36900369003690064,0.18450184501845032,0.0020000000000000018,
515330,2025-06-23,1.086,1.089,1.092,1.08,116142.0,,1.1049723756906085,0.27624309392264196,0.0029999999999998916,
515330,2025-06-24,1.091,1.102,1.108,1.089,1290256.0,,1.7447199265381204,1.193755739210296,0.013000000000000123,
515330,2025-06-25,1.102,1.12,1.121,1.102,510178.0,,1.724137931034474,1.6333938294010901,0.018000000000000016,
515330,2025-06-26,1.12,1.12,1.125,1.116,1467628.0,,0.8035714285714193,0.0,0.0,
515330,2025-06-27,1.118,1.111,1.124,1.108,578493.0,,1.4285714285714297,-0.803571428571439,-0.009000000000000119,
515330,2025-06-30,1.112,1.115,1.12,1.109,776047.0,,0.9900990099010011,0.36003600360036037,0.0040000000000000036,
515330,2025-07-01,1.115,1.116,1.118,1.112,680200.0,,0.5381165919282516,0.08968609865471856,0.001000000000000112,
515330,2025-07-02,1.116,1.117,1.119,1.113,664219.0,,0.537634408602151,0.08960573476701521,0.0009999999999998899,
515330,2025-07-03,1.117,1.125,1.125,1.117,285436.0,,0.7162041181736801,0.7162041181736801,0.008000000000000007,
515330,2025-07-04,1.125,1.129,1.138,1.121,620104.0,,1.5111111111111026,0.3555555555555559,0.0040000000000000036,
515330,2025-07-07,1.126,1.124,1.128,1.121,323834.0,,0.6200177147918419,-0.4428697962798843,-0.004999999999999893,
515330,2025-07-08,1.124,1.132,1.135,1.124,293228.0,,0.9786476868327312,0.7117437722419737,0.007999999999999785,
515330,2025-07-09,1.136,1.132,1.139,1.131,357060.0,,0.7067137809187286,0.0,0.0,
515330,2025-07-10,1.133,1.139,1.144,1.133,496842.0,,0.971731448763242,0.6183745583038973,0.007000000000000117,
515330,2025-07-11,1.138,1.143,1.156,1.138,263450.0,,1.58033362598771,0.3511852502194911,0.0040000000000000036,
515330,2025-07-14,1.143,1.142,1.145,1.141,314575.0,,0.3499562554680668,-0.08748906386702641,-0.001000000000000112,
515330,2025-07-15,1.143,1.143,1.148,1.134,299683.0,,1.225919439579686,0.08756567425570157,0.001000000000000112,
515330,2025-07-16,1.141,1.138,1.145,1.135,86757.0,,0.8748906386701669,-0.4374453193350932,-0.0050000000000001155,
515330,2025-07-17,1.138,1.148,1.148,1.138,112962.0,,0.8787346221441132,0.8787346221441132,0.010000000000000009,
515330,2025-07-18,1.148,1.156,1.158,1.148,214208.0,,0.8710801393728231,0.6968641114982586,0.008000000000000007,
515330,2025-07-21,1.157,1.164,1.164,1.157,111682.0,,0.6055363321799218,0.6920415224913501,0.008000000000000007,
515330,2025-07-22,1.161,1.174,1.174,1.159,118308.0,,1.2886597938144246,0.8591065292096227,0.010000000000000009,
515330,2025-07-23,1.175,1.173,1.185,1.171,195492.0,,1.192504258943783,-0.0851788756388322,-0.0009999999999998899,
515330,2025-07-24,1.178,1.182,1.183,1.173,158078.0,,0.8525149190110834,0.7672634271099656,0.008999999999999897,
515330,2025-07-25,1.183,1.176,1.183,1.174,166561.0,,0.7614213197969644,-0.5076142131979701,-0.006000000000000005,
515330,2025-07-28,1.177,1.18,1.182,1.171,198278.0,,0.9353741496598554,0.34013605442176903,0.0040000000000000036,
515330,2025-07-29,1.18,1.184,1.185,1.174,163617.0,,0.9322033898305188,0.33898305084745795,0.0040000000000000036,
515330,2025-07-30,1.184,1.184,1.194,1.177,190568.0,,1.4358108108108028,0.0,0.0,
515330,2025-07-31,1.185,1.164,1.185,1.158,179014.0,,2.280405405405417,-1.6891891891891906,-0.020000000000000018,
515330,2025-08-01,1.167,1.157,1.167,1.152,94554.0,,1.2886597938144437,-0.6013745704467264,-0.006999999999999895,
515330,2025-08-04,1.155,1.16,1.161,1.152,85992.0,,0.777873811581687,0.2592912705272162,0.0029999999999998916,
515330,2025-08-05,1.16,1.171,1.171,1.16,115891.0,,0.948275862068976,0.948275862068976,0.01100000000000012,
515330,2025-08-06,1.171,1.172,1.174,1.169,80388.0,,0.4269854824935861,0.08539709649870963,0.0009999999999998899,
515330,2025-08-07,1.176,1.173,1.177,1.168,99918.0,,0.7679180887372116,0.08532423208192082,0.001000000000000112,
515330,2025-08-08,1.172,1.171,1.176,1.169,97324.0,,0.5967604433077489,-0.17050298380221668,-0.0020000000000000018,
515330,2025-08-11,1.171,1.176,1.18,1.171,134046.0,,0.7685738684884625,0.4269854824935861,0.004999999999999893,
515330,2025-08-12,1.176,1.182,1.185,1.175,103655.0,,0.8503401360544225,0.5102040816326535,0.006000000000000005,
515330,2025-08-13,1.183,1.19,1.194,1.183,165019.0,,0.9306260575296023,0.6768189509306267,0.008000000000000007,
515330,2025-08-14,1.19,1.191,1.204,1.188,211982.0,,1.3445378151260516,0.08403361344538755,0.001000000000000112,
515330,2025-08-15,1.191,1.2,1.204,1.186,169295.0,,1.5113350125944598,0.7556675062972206,0.008999999999999897,
515330,2025-08-18,1.203,1.211,1.22,1.199,167179.0,,1.7499999999999925,0.9166666666666767,0.01100000000000012,
515330,2025-08-19,1.212,1.207,1.217,1.204,447896.0,,1.073492981007442,-0.33030553261767165,-0.0040000000000000036,
515330,2025-08-20,1.207,1.221,1.223,1.194,146219.0,,2.402651201325612,1.1599005799502908,0.014000000000000012,
515330,2025-08-21,1.222,1.223,1.231,1.22,422111.0,,0.9009009009009108,0.16380016380016393,0.0020000000000000018,
515330,2025-08-22,1.226,1.252,1.253,1.225,214951.0,,2.2894521668029273,2.371218315617327,0.028999999999999915,
515330,2025-08-25,1.252,1.277,1.278,1.252,201611.0,,2.0766773162939316,1.9968051118210792,0.02499999999999991,
515330,2025-08-26,1.275,1.273,1.28,1.267,178526.0,,1.018010963194998,-0.31323414252153514,-0.0040000000000000036,
515330,2025-08-27,1.272,1.256,1.282,1.255,205648.0,,2.120974076983514,-1.3354281225451614,-0.016999999999999904,
515330,2025-08-28,1.256,1.273,1.28,1.245,249478.0,,2.7866242038216495,1.3535031847133683,0.016999999999999904,
515330,2025-08-29,1.275,1.289,1.29,1.271,137019.0,,1.4925373134328461,1.2568735271013365,0.016000000000000014,
515330,2025-09-01,1.3,1.291,1.301,1.281,111650.0,,1.5515903801396447,0.15515903801396447,0.0020000000000000018,
515330,2025-09-02,1.295,1.284,1.298,1.272,109507.0,,2.0139426800929527,-0.5422153369480941,-0.006999999999999895,
515330,2025-09-03,1.289,1.269,1.289,1.262,129241.0,,2.1028037383177502,-1.1682242990654301,-0.015000000000000124,
515330,2025-09-04,1.272,1.243,1.274,1.234,204374.0,,3.1520882584712404,-2.048857368006289,-0.0259999999999998,
515330,2025-09-05,1.245,1.275,1.277,1.242,99012.0,,2.8157683024939595,2.574416733708753,0.031999999999999806,
515330,2025-09-08,1.275,1.276,1.28,1.265,137335.0,,1.176470588235304,0.07843137254902839,0.001000000000000112,
515330,2025-09-09,1.275,1.265,1.277,1.261,88621.0,,1.2539184952978069,-0.8620689655172509,-0.01100000000000012,
515330,2025-09-10,1.264,1.272,1.275,1.26,75509.0,,1.1857707509881346,0.5533596837944756,0.007000000000000117,
515330,2025-09-11,1.27,1.298,1.3,1.263,305304.0,,2.908805031446552,2.044025157232706,0.026000000000000023,
515330,2025-09-12,1.297,1.29,1.304,1.29,236548.0,,1.0785824345146389,-0.6163328197226507,-0.008000000000000007,
515330,2025-09-15,1.29,1.294,1.304,1.29,134706.0,,1.0852713178294582,0.31007751937984523,0.0040000000000000036,
515330,2025-09-16,1.295,1.289,1.3,1.283,144194.0,,1.3137557959814627,-0.3863987635239656,-0.0050000000000001155,
515330,2025-09-17,1.293,1.299,1.301,1.286,122642.0,,1.1636927851047247,0.7757951900698223,0.010000000000000009,
515330,2025-09-18,1.3,1.296,1.306,1.275,149990.0,,2.386451116243275,-0.23094688221708173,-0.0029999999999998916,
515330,2025-09-19,1.286,1.288,1.295,1.282,157172.0,,1.0030864197530787,-0.6172839506172845,-0.008000000000000007,
515330,2025-09-22,1.288,1.292,1.293,1.282,130520.0,,0.8540372670807375,0.31055900621118043,0.0040000000000000036,
515330,2025-09-23,1.289,1.291,1.301,1.274,182594.0,,2.089783281733739,-0.07739938080496221,-0.001000000000000112,
515330,2025-09-24,1.284,1.303,1.304,1.283,78503.0,,1.6266460108443168,0.9295120061967475,0.01200000000000001,
515330,2025-09-25,1.303,1.312,1.319,1.303,118191.0,,1.2279355333844986,0.690713737528789,0.009000000000000119,
515330,2025-09-26,1.312,1.3,1.313,1.3,102674.0,,0.9908536585365777,-0.9146341463414642,-0.01200000000000001,
515330,2025-09-29,1.3,1.324,1.331,1.297,140161.0,,2.6153846153846176,1.8461538461538478,0.02400000000000002,
515330,2025-09-30,1.324,1.325,1.329,1.32,214217.0,,0.6797583081570918,0.07552870090633608,0.0009999999999998899,
515330,2025-10-09,1.331,1.346,1.351,1.329,103947.0,,1.6603773584905674,1.5849056603773684,0.02100000000000013,
515330,2025-10-10,1.35,1.321,1.35,1.314,178638.0,,2.6745913818722165,-1.8573551263001582,-0.025000000000000133,
515330,2025-10-13,1.304,1.316,1.317,1.295,98829.0,,1.6654049962149902,-0.3785011355033984,-0.004999999999999893,
515330,2025-10-14,1.316,1.301,1.326,1.292,140335.0,,2.58358662613982,-1.1398176291793407,-0.015000000000000124,
515330,2025-10-15,1.301,1.316,1.318,1.294,70130.0,,1.8447348193697173,1.1529592621060818,0.015000000000000124,
515330,2025-10-16,1.313,1.318,1.327,1.311,84434.0,,1.2158054711246211,0.15197568389057764,0.0020000000000000018,
515330,2025-10-17,1.315,1.299,1.321,1.29,143352.0,,2.3520485584218447,-1.4415781487101766,-0.019000000000000128,
515330,2025-10-20,1.299,1.298,1.307,1.293,92006.0,,1.077752117013088,-0.07698229407235488,-0.0009999999999998899,
515330,2025-10-21,1.3,1.316,1.32,1.3,188507.0,,1.540832049306627,1.3867488443759644,0.018000000000000016,
515330,2025-10-22,1.316,1.312,1.316,1.306,102366.0,,0.7598784194528881,-0.3039513677811553,-0.0040000000000000036,
515330,2025-10-23,1.312,1.319,1.321,1.298,112288.0,,1.7530487804877977,0.5335365853658456,0.006999999999999895,
515330,2025-10-24,1.319,1.331,1.333,1.319,161866.0,,1.0614101592115248,0.9097801364670213,0.01200000000000001,
515330,2025-10-27,1.338,1.348,1.35,1.338,106452.0,,0.9015777610818941,1.2772351615326918,0.017000000000000126,
515330,2025-10-28,1.341,1.344,1.355,1.34,114528.0,,1.1127596439169065,-0.29673590504451064,-0.0040000000000000036,
515330,2025-10-29,1.348,1.359,1.36,1.345,129323.0,,1.1160714285714377,1.1160714285714213,0.014999999999999902,
515330,2025-10-30,1.36,1.351,1.362,1.346,133686.0,,1.177336276674026,-0.588668138337013,-0.008000000000000007,
515330,2025-10-31,1.346,1.335,1.348,1.33,146617.0,,1.3323464100666185,-1.1843079200592164,-0.016000000000000014,
515330,2025-11-03,1.335,1.333,1.335,1.316,167619.0,,1.4232209737827646,-0.14981273408239715,-0.0020000000000000018,
515330,2025-11-04,1.332,1.322,1.335,1.314,169190.0,,1.5753938484621084,-0.8252063015753862,-0.010999999999999899,
515330,2025-11-05,1.318,1.323,1.329,1.306,72437.0,,1.7397881996974212,0.07564296520422767,0.0009999999999998899,
515330,2025-11-06,1.324,1.342,1.344,1.324,155310.0,,1.5117157974300846,1.4361300075585888,0.019000000000000128,
515330,2025-11-07,1.342,1.34,1.344,1.334,95865.0,,0.7451564828614015,-0.14903129657228031,-0.0020000000000000018,
515330,2025-11-10,1.34,1.344,1.344,1.332,171225.0,,0.8955223880597022,0.2985074626865674,0.0040000000000000036,
515330,2025-11-11,1.344,1.332,1.348,1.33,80385.0,,1.3392857142857155,-0.8928571428571437,-0.01200000000000001,
515330,2025-11-12,1.332,1.332,1.337,1.322,87853.0,,1.1261261261261188,0.0,0.0,
515330,2025-11-13,1.331,1.344,1.346,1.329,91249.0,,1.2762762762762856,0.9009009009009016,0.01200000000000001,
515330,2025-11-14,1.35,1.327,1.35,1.324,95518.0,,1.934523809523811,-1.2648809523809619,-0.017000000000000126,
515330,2025-11-17,1.327,1.32,1.327,1.31,1673037.0,,1.281085154483791,-0.527505651846262,-0.006999999999999895,
515330,2025-11-18,1.316,1.31,1.319,1.305,149021.0,,1.0606060606060614,-0.7575757575757582,-0.010000000000000009,
515330,2025-11-19,1.31,1.311,1.318,1.307,168846.0,,0.8396946564885589,0.07633587786258701,0.0009999999999998899,
515330,2025-11-20,1.317,1.308,1.322,1.306,322444.0,,1.2204424103737617,-0.22883295194507186,-0.0029999999999998916,
515330,2025-11-21,1.296,1.279,1.3,1.277,184315.0,,1.7584097859327317,-2.2171253822630073,-0.029000000000000137,
515330,2025-11-24,1.28,1.276,1.283,1.268,148454.0,,1.1727912431587102,-0.2345582486317351,-0.0029999999999998916,
515330,2025-11-25,1.277,1.286,1.292,1.277,155472.0,,1.1755485893417026,0.7836990595611292,0.010000000000000009,
515330,2025-11-26,1.287,1.294,1.298,1.283,167216.0,,1.1664074650077856,0.6220839813374811,0.008000000000000007,
515330,2025-11-27,1.294,1.297,1.307,1.29,115277.0,,1.3137557959814454,0.23183925811436565,0.0029999999999998916,
515330,2025-11-28,1.294,1.294,1.296,1.286,112492.0,,0.7710100231303014,-0.23130300693908187,-0.0029999999999998916,
515330,2025-12-01,1.298,1.309,1.31,1.297,166334.0,,1.0046367851622968,1.1591962905718627,0.014999999999999902,
515330,2025-12-02,1.312,1.305,1.312,1.301,131366.0,,0.8403361344537909,-0.3055767761650118,-0.0040000000000000036,
515330,2025-12-03,1.304,1.298,1.309,1.296,60226.0,,0.9961685823754713,-0.5363984674329422,-0.006999999999999895,
515330,2025-12-04,1.3,1.3,1.305,1.293,80971.0,,0.9244992295839761,0.1540832049306627,0.0020000000000000018,
515330,2025-12-05,1.302,1.313,1.317,1.3,127373.0,,1.3076923076923004,0.9999999999999923,0.0129999999999999,
515330,2025-12-08,1.314,1.324,1.329,1.314,181321.0,,1.142421934501135,0.8377760853008471,0.01100000000000012,
515330,2025-12-09,1.326,1.317,1.326,1.311,150988.0,,1.1329305135951755,-0.5287009063444198,-0.007000000000000117,
515330,2025-12-10,1.314,1.313,1.316,1.302,147931.0,,1.0630220197418385,-0.3037205770690967,-0.0040000000000000036,
515330,2025-12-11,1.313,1.304,1.319,1.302,189250.0,,1.2947448591012873,-0.6854531607006776,-0.008999999999999897,
515330,2025-12-12,1.305,1.311,1.314,1.299,150726.0,,1.1503067484662672,0.5368098159509122,0.006999999999999895,
515330,2025-12-15,1.307,1.303,1.317,1.303,163966.0,,1.0678871090770414,-0.6102212051868808,-0.008000000000000007,
515330,2025-12-16,1.306,1.288,1.306,1.285,175841.0,,1.6116653875671627,-1.1511895625479587,-0.014999999999999902,
515330,2025-12-17,1.288,1.318,1.318,1.288,195474.0,,2.3291925465838528,2.3291925465838528,0.030000000000000027,
515330,2025-12-18,1.313,1.312,1.315,1.303,214679.0,,0.9104704097116851,-0.45523520485584257,-0.006000000000000005,
515330,2025-12-19,1.309,1.311,1.318,1.304,200574.0,,1.0670731707317083,-0.07621951219513047,-0.001000000000000112,
515330,2025-12-22,1.312,1.322,1.324,1.312,1536492.0,,0.9153318077803212,0.8390541571319696,0.01100000000000012,
515330,2025-12-23,1.32,1.324,1.332,1.32,112565.0,,0.9077155824508328,0.15128593040847216,0.0020000000000000018,
515330,2025-12-24,1.326,1.33,1.332,1.32,146423.0,,0.9063444108761337,0.45317220543806686,0.006000000000000005,
515330,2025-12-25,1.33,1.331,1.335,1.326,150951.0,,0.6766917293233005,0.07518796992480374,0.0009999999999998899,
515330,2025-12-26,1.331,1.336,1.343,1.33,78232.0,,0.9767092411720437,0.37565740045079754,0.0050000000000001155,
515330,2025-12-29,1.336,1.332,1.34,1.328,195338.0,,0.8982035928143719,-0.29940119760479067,-0.0040000000000000036,
515330,2025-12-30,1.321,1.335,1.339,1.321,231283.0,,1.3513513513513524,0.22522522522521707,0.0029999999999998916,
515330,2025-12-31,1.34,1.331,1.34,1.325,98635.0,,1.123595505617987,-0.2996254681647943,-0.0040000000000000036,
515330,2026-01-05,1.33,1.353,1.356,1.33,158284.0,,1.953418482344104,1.6528925619834725,0.02200000000000002,
515330,2026-01-06,1.352,1.375,1.376,1.352,230089.0,,1.7738359201773686,1.6260162601626031,0.02200000000000002,
515330,2026-01-07,1.374,1.37,1.377,1.363,147556.0,,1.0181818181818192,-0.3636363636363559,-0.004999999999999893,
515330,2026-01-08,1.369,1.359,1.369,1.352,82899.0,,1.240875912408752,-0.8029197080292058,-0.01100000000000012,
515330,2026-01-09,1.36,1.366,1.37,1.355,151278.0,,1.1037527593819076,0.5150846210448946,0.007000000000000117,
515330,2026-01-12,1.365,1.373,1.378,1.36,77417.0,,1.3177159590043772,0.5124450951683671,0.006999999999999895,
515330,2026-01-13,1.373,1.368,1.388,1.362,78773.0,,1.8936635105608013,-0.364166059723226,-0.004999999999999893,
515330,2026-01-14,1.365,1.358,1.384,1.356,153018.0,,2.0467836257309795,-0.7309941520467842,-0.010000000000000009,
515330,2026-01-15,1.351,1.363,1.368,1.351,118957.0,,1.2518409425626014,0.36818851251840157,0.004999999999999893,
515330,2026-01-16,1.366,1.36,1.376,1.354,75242.0,,1.6140865737343948,-0.2201027146001388,-0.0029999999999998916,
515330,2026-01-19,1.352,1.36,1.368,1.352,105558.0,,1.176470588235295,0.0,0.0,
515330,2026-01-20,1.365,1.356,1.365,1.344,73243.0,,1.5441176470588167,-0.29411764705882376,-0.0040000000000000036,
515330,2026-01-21,1.355,1.358,1.367,1.35,136944.0,,1.2536873156342112,0.1474926253687317,0.0020000000000000018,
515330,2026-01-22,1.356,1.354,1.367,1.351,119887.0,,1.178203240058911,-0.29455081001472777,-0.0040000000000000036,
515330,2026-01-23,1.356,1.353,1.36,1.348,238854.0,,0.8862629246676521,-0.07385524372231254,-0.001000000000000112,
515330,2026-01-26,1.353,1.355,1.366,1.349,189594.0,,1.256467110125656,0.14781966001478208,0.0020000000000000018,
515330,2026-01-27,1.353,1.352,1.359,1.344,58017.0,,1.1070110701106939,-0.22140221402213223,-0.0029999999999998916,
515330,2026-01-28,1.352,1.357,1.36,1.35,110516.0,,0.7396449704142017,0.36982248520709265,0.004999999999999893,
515330,2026-01-29,1.356,1.37,1.376,1.35,114465.0,,1.9159911569638761,0.9579955784819546,0.013000000000000123,
515330,2026-01-30,1.363,1.352,1.363,1.332,150808.0,,2.2627737226277307,-1.3138686131386872,-0.018000000000000016,
515330,2026-02-02,1.346,1.324,1.354,1.315,245139.0,,2.8846153846153952,-2.071005917159765,-0.028000000000000025,
515330,2026-02-03,1.324,1.338,1.339,1.314,137024.0,,1.8882175226586035,1.0574018126888227,0.014000000000000012,
515330,2026-02-04,1.337,1.348,1.35,1.331,99631.0,,1.4200298953662278,0.747384155455905,0.010000000000000009,
515330,2026-02-05,1.346,1.343,1.346,1.332,188159.0,,1.0385756676557871,-0.3709198813056465,-0.0050000000000001155,
515330,2026-02-06,1.337,1.336,1.345,1.322,72086.0,,1.7125837676842823,-0.521221146686515,-0.006999999999999895,
515330,2026-02-09,1.343,1.356,1.356,1.343,108084.0,,0.9730538922155779,1.4970059880239532,0.020000000000000018,
515330,2026-02-10,1.356,1.357,1.359,1.354,79401.0,,0.368731563421821,0.07374631268435766,0.0009999999999998899,
515330,2026-02-11,1.358,1.355,1.358,1.352,115617.0,,0.442151805453206,-0.14738393515106868,-0.0020000000000000018,
515330,2026-02-12,1.355,1.357,1.359,1.352,1666096.0,,0.5166051660516529,0.14760147601476029,0.0020000000000000018,
515330,2026-02-13,1.353,1.342,1.353,1.34,158200.0,,0.9579955784819381,-1.105379513633007,-0.014999999999999902,
515330,2026-02-24,1.347,1.353,1.358,1.342,45343.0,,1.1922503725782425,0.8196721311475333,0.010999999999999899,
515330,2026-02-25,1.353,1.359,1.37,1.353,83228.0,,1.256467110125656,0.4434589800443463,0.006000000000000005,
515330,2026-02-26,1.362,1.358,1.362,1.351,44227.0,,0.8094186902134012,-0.07358351729211847,-0.0009999999999998899,
515330,2026-02-27,1.358,1.357,1.358,1.347,63623.0,,0.8100147275405096,-0.07363770250369012,-0.001000000000000112,
515330,2026-03-02,1.345,1.355,1.36,1.34,80319.0,,1.4738393515106867,-0.14738393515106868,-0.0020000000000000018,
515330,2026-03-03,1.355,1.34,1.362,1.335,926766.0,,1.992619926199272,-1.1070110701106939,-0.014999999999999902,
515330,2026-03-04,1.333,1.322,1.333,1.315,311643.0,,1.3432835820895532,-1.3432835820895532,-0.018000000000000016,
515330,2026-03-05,1.326,1.335,1.341,1.326,138981.0,,1.1346444780635325,0.9833585476550605,0.0129999999999999,
515330,2026-03-06,1.334,1.338,1.341,1.325,64678.0,,1.1985018726591772,0.22471910112360402,0.0030000000000001137,
515330,2026-03-09,1.326,1.326,1.329,1.307,173985.0,,1.644245142002991,-0.8968609865470859,-0.01200000000000001,
515330,2026-03-10,1.329,1.342,1.344,1.329,91632.0,,1.1312217194570229,1.2066365007541489,0.016000000000000014,
515330,2026-03-11,1.343,1.351,1.353,1.342,145913.0,,0.8196721311475333,0.6706408345752531,0.008999999999999897,
515330,2026-03-12,1.35,1.344,1.35,1.337,110153.0,,0.9622501850481215,-0.5181347150258989,-0.006999999999999895,
515330,2026-03-13,1.343,1.343,1.352,1.338,97998.0,,1.0416666666666674,-0.07440476190477023,-0.001000000000000112,
515330,2026-03-16,1.343,1.342,1.344,1.329,62092.0,,1.1169024571854151,-0.0744601638123522,-0.0009999999999998899,
515330,2026-03-17,1.342,1.333,1.356,1.332,156001.0,,1.7883755588673635,-0.6706408345752696,-0.009000000000000119,
515330,2026-03-18,1.333,1.338,1.339,1.323,117929.0,,1.2003000750187558,0.3750937734433695,0.0050000000000001155,
515330,2026-03-19,1.328,1.319,1.33,1.314,154883.0,,1.1958146487294479,-1.4200298953662278,-0.019000000000000128,
515330,2026-03-20,1.32,1.312,1.33,1.31,193917.0,,1.5163002274450355,-0.530705079605754,-0.006999999999999895,
515330,2026-03-23,1.308,1.277,1.308,1.265,565442.0,,3.2774390243902554,-2.667682926829279,-0.03500000000000014,
515330,2026-03-24,1.278,1.284,1.285,1.263,239138.0,,1.7227877838684433,0.5481597494126953,0.007000000000000117,
515330,2026-03-25,1.288,1.303,1.304,1.288,225830.0,,1.2461059190031163,1.479750778816192,0.018999999999999906,
515330,2026-03-26,1.303,1.287,1.304,1.284,216860.0,,1.534919416730623,-1.2279355333844986,-0.016000000000000014,
515330,2026-03-27,1.282,1.292,1.299,1.274,370805.0,,1.9425019425019359,0.3885003885003975,0.0050000000000001155,
515330,2026-03-30,1.287,1.289,1.291,1.277,132939.0,,1.0835913312693508,-0.23219814241486947,-0.0030000000000001137,
515330,2026-03-31,1.291,1.28,1.3,1.279,128250.0,,1.6291698991466355,-0.6982156710628314,-0.008999999999999897,
515330,2026-04-01,1.291,1.3,1.301,1.29,162933.0,,0.8593749999999921,1.5625000000000013,0.020000000000000018,
515330,2026-04-02,1.295,1.286,1.298,1.28,116585.0,,1.384615384615386,-1.076923076923078,-0.014000000000000012,
515330,2026-04-03,1.288,1.278,1.29,1.274,73200.0,,1.2441679626749622,-0.6220839813374811,-0.008000000000000007,
515330,2026-04-07,1.28,1.274,1.282,1.27,1027958.0,,0.9389671361502356,-0.3129890453834118,-0.0040000000000000036,
515330,2026-04-08,1.295,1.32,1.32,1.294,196939.0,,2.040816326530614,3.6106750392464706,0.04600000000000004,
515330,2026-04-09,1.313,1.311,1.314,1.306,159863.0,,0.6060606060606066,-0.6818181818181908,-0.009000000000000119,
515330,2026-04-10,1.314,1.329,1.337,1.314,183615.0,,1.754385964912274,1.372997711670482,0.018000000000000016,
515330,2026-04-13,1.33,1.333,1.335,1.325,124530.0,,0.7524454477050421,0.30097817908201685,0.0040000000000000036,
515330,2026-04-14,1.338,1.349,1.351,1.337,151231.0,,1.0502625656414113,1.2003000750187558,0.016000000000000014,
515330,2026-04-15,1.352,1.344,1.36,1.342,124902.0,,1.33432171979244,-0.37064492216455847,-0.004999999999999893,
515330,2026-04-16,1.346,1.36,1.36,1.346,164751.0,,1.0416666666666674,1.1904761904761914,0.016000000000000014,
515330,2026-04-17,1.359,1.36,1.361,1.354,118947.0,,0.5147058823529335,0.0,0.0,
515330,2026-04-20,1.36,1.365,1.368,1.353,169544.0,,1.1029411764705974,0.36764705882352156,0.004999999999999893,
515330,2026-04-21,1.367,1.369,1.372,1.356,260953.0,,1.172161172161173,0.2930402930402933,0.0040000000000000036,
515330,2026-04-22,1.36,1.38,1.38,1.36,93342.0,,1.4609203798392838,0.803506208911607,0.010999999999999899,
515330,2026-04-23,1.382,1.376,1.385,1.368,191732.0,,1.2318840579710075,-0.2898550724637684,-0.0040000000000000036,
515330,2026-04-24,1.371,1.368,1.375,1.362,117752.0,,0.9447674418604579,-0.5813953488371938,-0.007999999999999785,
515330,2026-04-27,1.376,1.372,1.379,1.369,77879.0,,0.7309941520467842,0.2923976608187137,0.0040000000000000036,
515330,2026-04-28,1.368,1.367,1.372,1.364,139160.0,,0.5830903790087468,-0.3644314868804749,-0.0050000000000001155,
515330,2026-04-29,1.366,1.382,1.385,1.363,92067.0,,1.609363569861011,1.0972933430870448,0.014999999999999902,
515330,2026-04-30,1.387,1.383,1.388,1.379,105513.0,,0.6512301013024528,0.0723589001447259,0.001000000000000112,
515330,2026-05-06,1.385,1.402,1.409,1.385,192835.0,,1.7353579175705003,1.373825018076638,0.018999999999999906,
515330,2026-05-07,1.403,1.409,1.409,1.399,2012668.0,,0.7132667617689022,0.49928673323823947,0.007000000000000117,
515330,2026-05-08,1.408,1.4,1.408,1.394,204177.0,,0.9936124911284607,-0.6387508871540184,-0.009000000000000119,
515330,2026-05-11,1.402,1.426,1.427,1.402,242990.0,,1.7857142857142954,1.857142857142859,0.026000000000000023,
515330,2026-05-12,1.427,1.422,1.43,1.418,131360.0,,0.8415147265077147,-0.2805049088359049,-0.0040000000000000036,
515330,2026-05-13,1.425,1.438,1.44,1.417,142404.0,,1.6174402250351554,1.1251758087201136,0.016000000000000014,
515330,2026-05-14,1.44,1.415,1.447,1.412,86592.0,,2.4339360222531394,-1.599443671766336,-0.02299999999999991,
515330,2026-05-15,1.415,1.399,1.42,1.394,131102.0,,1.8374558303886943,-1.1307420494699656,-0.016000000000000014,
515330,2026-05-18,1.398,1.392,1.402,1.382,114938.0,,1.4295925661186573,-0.500357398141538,-0.007000000000000117,
515330,2026-05-19,1.398,1.396,1.398,1.374,114983.0,,1.7241379310344684,0.2873563218390807,0.0040000000000000036,
515330,2026-05-20,1.392,1.397,1.4,1.388,119679.0,,0.8595988538681957,0.07163323782235759,0.001000000000000112,
515330,2026-05-21,1.401,1.382,1.422,1.377,132155.0,,3.2211882605583346,-1.073729420186122,-0.015000000000000124,
515330,2026-05-22,1.379,1.394,1.397,1.379,173408.0,,1.3024602026049217,0.8683068017366143,0.01200000000000001,
515330,2026-05-25,1.395,1.414,1.415,1.395,215724.0,,1.4347202295552381,1.4347202295552381,0.020000000000000018,
515330,2026-05-26,1.415,1.425,1.425,1.405,150556.0,,1.4144271570014157,0.7779349363507865,0.01100000000000012,
515330,2026-05-27,1.423,1.412,1.431,1.409,159797.0,,1.5438596491228083,-0.9122807017543946,-0.013000000000000123,
515330,2026-05-28,1.412,1.414,1.417,1.395,120884.0,,1.5580736543909364,0.14164305949008513,0.0020000000000000018,
515330,2026-05-29,1.414,1.412,1.427,1.406,125779.0,,1.4851485148514945,-0.14144271570014158,-0.0020000000000000018,
515330,2026-06-01,1.412,1.401,1.417,1.393,112330.0,,1.6997167138810214,-0.7790368271954603,-0.010999999999999899,
515330,2026-06-02,1.401,1.415,1.421,1.392,129720.0,,2.0699500356888034,0.9992862241256254,0.014000000000000012,
515330,2026-06-03,1.415,1.422,1.438,1.413,164128.0,,1.7667844522968137,0.49469964664310206,0.006999999999999895,
