代码,日期,开盘价,收盘价,最高价,最低价,成交量,成交额,振幅,涨跌幅,涨跌额,换手率
515810,2019-10-25,0.932,0.939,0.949,0.93,555437.0,,,,,
515810,2019-10-28,0.939,0.95,0.951,0.939,1126300.0,,1.2779552715654965,1.1714589989350384,0.011,
515810,2019-10-29,0.95,0.945,0.95,0.945,667414.0,,0.5263157894736847,-0.5263157894736847,-0.005,
515810,2019-10-30,0.944,0.94,0.945,0.937,428998.0,,0.8465608465608356,-0.5291005291005296,-0.005,
515810,2019-10-31,0.94,0.938,0.944,0.937,633678.0,,0.7446808510638188,-0.2127659574468087,-0.002,
515810,2019-11-01,0.945,0.95,0.954,0.938,613728.0,,1.7057569296375283,1.279317697228146,0.012,
515810,2019-11-04,0.954,0.957,0.96,0.953,320536.0,,0.7368421052631585,0.7368421052631585,0.007,
515810,2019-11-05,0.958,0.962,0.969,0.956,966854.0,,1.3584117032392908,0.5224660397074194,0.005,
515810,2019-11-06,0.962,0.959,0.963,0.956,182611.0,,0.7276507276507282,-0.3118503118503121,-0.003,
515810,2019-11-07,0.958,0.961,0.964,0.957,198270.0,,0.7299270072992707,0.2085505735140773,0.002,
515810,2019-11-08,0.964,0.958,0.969,0.956,205081.0,,1.352757544224767,-0.3121748178980232,-0.003,
515810,2019-11-11,0.952,0.94,0.952,0.937,156924.0,,1.5657620041753553,-1.87891440501044,-0.018,
515810,2019-11-12,0.939,0.941,0.943,0.933,148999.0,,1.063829787234032,0.1063829787234043,0.001,
515810,2019-11-13,0.939,0.939,0.942,0.937,122391.0,,0.5313496280552491,-0.2125398512221043,-0.002,
515810,2019-11-14,0.942,0.944,0.946,0.94,99631.0,,0.6389776357827481,0.5324813631522902,0.005,
515810,2019-11-15,0.943,0.937,0.945,0.937,122799.0,,0.8474576271186331,-0.7415254237288025,-0.0069999999999998,
515810,2019-11-18,0.937,0.941,0.946,0.933,379701.0,,1.3874066168623158,0.4268943436499351,0.0039999999999998,
515810,2019-11-19,0.943,0.954,0.955,0.942,297692.0,,1.381509032943678,1.381509032943678,0.013,
515810,2019-11-20,0.952,0.948,0.953,0.946,227208.0,,0.7337526205450741,-0.6289308176100634,-0.006,
515810,2019-11-21,0.943,0.946,0.946,0.939,208509.0,,0.7383966244725746,-0.2109704641350213,-0.002,
515810,2019-11-22,0.946,0.935,0.951,0.93,223197.0,,2.2198731501056987,-1.162790697674408,-0.0109999999999998,
515810,2019-11-25,0.937,0.939,0.939,0.93,171005.0,,0.9625668449197752,0.4278074866310045,0.0039999999999998,
515810,2019-11-26,0.941,0.938,0.942,0.936,193860.0,,0.6389776357827364,-0.106496272630458,-0.001,
515810,2019-11-27,0.937,0.937,0.942,0.933,170309.0,,0.9594882729210978,-0.1066098081023336,-0.0009999999999998,
515810,2019-11-28,0.937,0.935,0.94,0.933,162267.0,,0.7470651013873955,-0.2134471718249735,-0.002,
515810,2019-11-29,0.935,0.93,0.936,0.923,220245.0,,1.3903743315508033,-0.5347593582887704,-0.005,
515810,2019-12-02,0.929,0.931,0.935,0.928,182304.0,,0.7526881720430114,0.1075268817204301,0.001,
515810,2019-12-03,0.929,0.934,0.935,0.926,164008.0,,0.96670247046187,0.3222341568206233,0.003,
515810,2019-12-04,0.931,0.934,0.934,0.929,141573.0,,0.5353319057815851,0.0,0.0,
515810,2019-12-05,0.935,0.941,0.943,0.935,195627.0,,0.8565310492505241,0.7494646680942072,0.0069999999999998,
515810,2019-12-06,0.941,0.947,0.947,0.94,197835.0,,0.7438894792773652,0.637619553666313,0.006,
515810,2019-12-09,0.948,0.947,0.951,0.944,178710.0,,0.7391763463569173,0.0,0.0,
515810,2019-12-10,0.944,0.947,0.948,0.943,156234.0,,0.5279831045406552,0.0,0.0,
515810,2019-12-11,0.948,0.948,0.949,0.945,190310.0,,0.4223864836325242,0.105596620908131,0.001,
515810,2019-12-12,0.949,0.947,0.949,0.946,237304.0,,0.3164556962025319,-0.1054852320675106,-0.001,
515810,2019-12-13,0.95,0.962,0.963,0.95,229828.0,,1.3727560718057037,1.5839493136219658,0.015,
515810,2019-12-16,0.962,0.969,0.97,0.96,259190.0,,1.0395010395010404,0.7276507276507282,0.007,
515810,2019-12-17,0.97,0.976,0.988,0.969,417645.0,,1.960784313725492,0.722394220846234,0.007,
515810,2019-12-18,0.98,0.979,0.985,0.978,265566.0,,0.717213114754099,0.3073770491803281,0.003,
515810,2019-12-19,0.98,0.981,0.982,0.977,281518.0,,0.5107252298263538,0.2042900919305415,0.002,
515810,2019-12-20,0.983,0.976,0.983,0.976,267517.0,,0.71355759429154,-0.5096839959225284,-0.005,
515810,2019-12-23,0.977,0.963,0.978,0.962,314518.0,,1.6393442622950831,-1.3319672131147553,-0.013,
515810,2019-12-24,0.967,0.972,0.972,0.964,212538.0,,0.830737279335411,0.9345794392523372,0.009,
515810,2019-12-25,0.971,0.971,0.975,0.967,194101.0,,0.8230452674897127,-0.102880658436214,-0.001,
515810,2019-12-26,0.97,0.98,0.98,0.97,145596.0,,1.0298661174047383,0.9268795056642644,0.009,
515810,2019-12-27,0.983,0.978,0.99,0.978,194428.0,,1.2244897959183685,-0.2040816326530614,-0.002,
515810,2019-12-30,0.975,0.99,0.993,0.973,211797.0,,2.0449897750511266,1.226993865030676,0.012,
515810,2019-12-31,0.99,0.995,0.997,0.989,226767.0,,0.8080808080808087,0.5050505050505055,0.005,
515810,2020-01-02,0.998,1.008,1.013,0.998,600554.0,,1.5075376884422014,1.306532663316584,0.013,
515810,2020-01-03,1.007,1.008,1.012,1.005,303468.0,,0.6944444444444561,0.0,0.0,
515810,2020-01-06,1.004,1.008,1.018,1.001,264269.0,,1.686507936507949,0.0,0.0,
515810,2020-01-07,1.008,1.018,1.018,1.008,458587.0,,0.9920634920634928,0.9920634920634928,0.01,
515810,2020-01-08,1.011,1.005,1.016,1.003,137750.0,,1.2770137524558076,-1.2770137524558076,-0.0130000000000001,
515810,2020-01-09,1.008,1.018,1.019,1.008,158928.0,,1.0945273631840695,1.29353233830847,0.0130000000000001,
515810,2020-01-10,1.021,1.016,1.022,1.014,82574.0,,0.7858546168958749,-0.1964636542239687,-0.002,
515810,2020-01-13,1.017,1.029,1.029,1.013,218728.0,,1.5748031496063006,1.2795275590551085,0.0129999999999999,
515810,2020-01-14,1.029,1.025,1.032,1.025,158857.0,,0.6802721088435488,-0.3887269193391646,-0.004,
515810,2020-01-15,1.023,1.019,1.025,1.016,108898.0,,0.8780487804877949,-0.5853658536585372,-0.006,
515810,2020-01-16,1.02,1.019,1.022,1.016,115744.0,,0.5888125613346424,0.0,0.0,
515810,2020-01-17,1.022,1.018,1.025,1.016,114565.0,,0.8832188420019528,-0.0981354268890961,-0.0009999999999998,
515810,2020-01-20,1.018,1.027,1.028,1.018,100811.0,,0.9823182711198436,0.8840864440078484,0.0089999999999998,
515810,2020-01-21,1.026,1.016,1.026,1.014,135315.0,,1.168451801363195,-1.0710808179162512,-0.0109999999999998,
515810,2020-01-22,1.009,1.023,1.026,1.0,104762.0,,2.559055118110239,0.6889763779527456,0.0069999999999998,
515810,2020-01-23,1.013,0.993,1.019,0.983,194318.0,,3.519061583577705,-2.932551319648086,-0.0299999999999999,
515810,2020-02-03,0.895,0.895,0.94,0.895,68611.0,,4.531722054380658,-9.869083585095668,-0.0979999999999999,
515810,2020-02-04,0.895,0.936,0.937,0.895,120903.0,,4.692737430167602,4.581005586592183,0.041,
515810,2020-02-05,0.94,0.95,0.96,0.94,57809.0,,2.1367521367521385,1.495726495726485,0.0139999999999999,
515810,2020-02-06,0.95,0.973,0.976,0.949,52643.0,,2.8421052631578974,2.4210526315789496,0.023,
515810,2020-02-07,0.968,0.973,0.973,0.96,93270.0,,1.3360739979445029,0.0,0.0,
515810,2020-02-10,0.97,0.978,0.979,0.966,130501.0,,1.3360739979445029,0.5138746145940396,0.005,
515810,2020-02-11,0.979,0.986,0.989,0.977,103993.0,,1.226993865030676,0.8179959100204507,0.008,
515810,2020-02-12,0.986,0.995,0.996,0.984,141917.0,,1.2170385395537535,0.9127789046653152,0.009,
515810,2020-02-13,0.995,0.992,1.001,0.989,164621.0,,1.2060301507537587,-0.3015075376884425,-0.003,
515810,2020-02-14,0.994,0.998,1.002,0.993,90458.0,,0.9072580645161298,0.6048387096774198,0.006,
515810,2020-02-17,0.998,1.021,1.021,0.998,108529.0,,2.3046092184368647,2.3046092184368647,0.0229999999999999,
515810,2020-02-18,1.021,1.022,1.023,1.012,153567.0,,1.0773751224289814,0.097943192948101,0.0010000000000001,
515810,2020-02-19,1.02,1.017,1.026,1.017,90837.0,,0.8806262230919881,-0.4892367906066648,-0.0050000000000001,
515810,2020-02-20,1.022,1.037,1.04,1.018,177989.0,,2.163225172074732,1.966568338249756,0.02,
515810,2020-02-21,1.037,1.044,1.052,1.037,229492.0,,1.4464802314368492,0.6750241080038686,0.0070000000000001,
515810,2020-02-24,1.041,1.045,1.05,1.035,214476.0,,1.436781609195414,0.0957854406130162,0.0009999999999998,
515810,2020-02-25,1.035,1.044,1.045,1.016,172684.0,,2.7751196172248727,-0.0956937799042956,-0.0009999999999998,
515810,2020-02-26,1.034,1.03,1.047,1.029,280167.0,,1.7241379310344842,-1.3409961685823766,-0.014,
515810,2020-02-27,1.029,1.033,1.042,1.029,151070.0,,1.262135922330109,0.2912621359223196,0.0029999999999998,
515810,2020-02-28,1.023,0.993,1.023,0.992,199289.0,,3.000968054211028,-3.872216844143265,-0.0399999999999999,
515810,2020-03-02,1.003,1.029,1.036,1.003,148618.0,,3.323262839879168,3.625377643504524,0.0359999999999999,
515810,2020-03-03,1.039,1.035,1.05,1.029,151691.0,,2.0408163265306247,0.5830903790087469,0.006,
515810,2020-03-04,1.031,1.038,1.039,1.024,112579.0,,1.4492753623188313,0.2898550724637791,0.0030000000000001,
515810,2020-03-05,1.048,1.057,1.061,1.042,168488.0,,1.83044315992292,1.83044315992292,0.0189999999999999,
515810,2020-03-06,1.048,1.047,1.053,1.044,211092.0,,0.851466414380312,-0.9460737937559138,-0.01,
515810,2020-03-09,1.04,1.012,1.04,1.011,158908.0,,2.7698185291308635,-3.342884431709639,-0.0349999999999999,
515810,2020-03-10,1.01,1.033,1.036,1.002,185340.0,,3.359683794466406,2.07509881422924,0.0209999999999999,
515810,2020-03-11,1.034,1.019,1.034,1.019,161310.0,,1.4520813165537392,-1.3552758954501465,-0.014,
515810,2020-03-12,1.019,1.003,1.019,0.995,112927.0,,2.355250245338558,-1.570166830225713,-0.016,
515810,2020-03-13,0.983,0.987,0.999,0.954,121212.0,,4.486540378863414,-1.5952143569292028,-0.0159999999999999,
515810,2020-03-16,0.992,0.947,0.992,0.945,71979.0,,4.761904761904766,-4.052684903748737,-0.04,
515810,2020-03-17,0.945,0.942,0.962,0.92,139828.0,,4.435058078141492,-0.5279831045406552,-0.005,
515810,2020-03-18,0.95,0.925,0.958,0.924,139552.0,,3.609341825902327,-1.8046709129511576,-0.0169999999999999,
515810,2020-03-19,0.928,0.917,0.93,0.896,210284.0,,3.675675675675679,-0.8648648648648656,-0.008,
515810,2020-03-20,0.926,0.931,0.933,0.916,57263.0,,1.853871319520176,1.5267175572519098,0.014,
515810,2020-03-23,0.899,0.902,0.915,0.899,108227.0,,1.7185821697099906,-3.114930182599358,-0.029,
515810,2020-03-24,0.911,0.925,0.925,0.905,70937.0,,2.2172949002217317,2.549889135254991,0.023,
515810,2020-03-25,0.934,0.945,0.948,0.934,98272.0,,1.5135135135135027,2.162162162162152,0.0199999999999999,
515810,2020-03-26,0.936,0.94,0.949,0.93,104345.0,,2.010582010582001,-0.5291005291005296,-0.005,
515810,2020-03-27,0.949,0.94,0.953,0.94,73135.0,,1.3829787234042563,0.0,0.0,
515810,2020-03-30,0.926,0.93,0.935,0.922,112154.0,,1.3829787234042563,-1.063829787234032,-0.0099999999999998,
515810,2020-03-31,0.929,0.933,0.94,0.929,84877.0,,1.18279569892472,0.3225806451612906,0.003,
515810,2020-04-01,0.933,0.93,0.943,0.927,100913.0,,1.7148981779206756,-0.3215434083601288,-0.003,
515810,2020-04-02,0.929,0.945,0.945,0.926,81191.0,,2.043010752688162,1.612903225806441,0.0149999999999999,
515810,2020-04-03,0.943,0.94,0.945,0.937,118978.0,,0.8465608465608356,-0.5291005291005296,-0.005,
515810,2020-04-07,0.949,0.961,0.963,0.949,155764.0,,1.489361702127661,2.234042553191492,0.021,
515810,2020-04-08,0.952,0.96,0.962,0.952,84917.0,,1.0405827263267438,-0.1040582726326743,-0.001,
515810,2020-04-09,0.963,0.965,0.967,0.961,73280.0,,0.6250000000000006,0.5208333333333338,0.005,
515810,2020-04-10,0.965,0.957,0.973,0.955,85994.0,,1.8652849740932655,-0.8290155440414516,-0.008,
515810,2020-04-13,0.954,0.953,0.956,0.949,57329.0,,0.7314524555903873,-0.4179728317659356,-0.004,
515810,2020-04-14,0.957,0.968,0.969,0.957,62708.0,,1.2591815320041986,1.573976915005248,0.015,
515810,2020-04-15,0.968,0.964,0.972,0.964,53900.0,,0.8264462809917362,-0.4132231404958681,-0.004,
515810,2020-04-16,0.962,0.968,0.969,0.96,55359.0,,0.933609958506225,0.4149377593360999,0.004,
515810,2020-04-17,0.972,0.974,0.982,0.972,47839.0,,1.0330578512396704,0.6198347107438021,0.006,
515810,2020-04-20,0.973,0.982,0.984,0.973,166445.0,,1.1293634496919926,0.8213552361396311,0.008,
515810,2020-04-21,0.982,0.974,0.982,0.967,50976.0,,1.5274949083503069,-0.8146639511201638,-0.008,
515810,2020-04-22,0.968,0.982,0.982,0.968,64386.0,,1.4373716632443545,0.8213552361396311,0.008,
515810,2020-04-23,0.981,0.979,0.986,0.979,23313.0,,0.7128309572301432,-0.3054989816700614,-0.003,
515810,2020-04-24,0.978,0.969,0.978,0.969,56541.0,,0.919305413687437,-1.0214504596527076,-0.01,
515810,2020-04-27,0.974,0.975,0.983,0.97,54917.0,,1.341589267285863,0.6191950464396291,0.006,
515810,2020-04-28,0.978,0.978,0.982,0.961,121589.0,,2.153846153846156,0.3076923076923079,0.003,
515810,2020-04-29,0.981,0.981,0.987,0.979,43555.0,,0.8179959100204507,0.306748466257669,0.003,
515810,2020-04-30,0.988,0.999,0.999,0.988,77346.0,,1.1213047910295628,1.8348623853211024,0.018,
515810,2020-05-06,0.997,1.005,1.006,0.99,44164.0,,1.601601601601603,0.6006006006005901,0.0059999999999998,
515810,2020-05-07,1.0,1.003,1.008,1.0,79842.0,,0.7960199004975133,-0.1990049751243783,-0.002,
515810,2020-05-08,1.008,1.015,1.019,1.008,51565.0,,1.0967098703888236,1.1964107676969105,0.012,
515810,2020-05-11,1.02,1.016,1.025,1.012,106707.0,,1.2807881773398917,0.0985221674876957,0.0010000000000001,
515810,2020-05-12,1.013,1.015,1.018,1.008,65955.0,,0.9842519685039378,-0.0984251968504047,-0.0010000000000001,
515810,2020-05-13,1.011,1.018,1.019,1.009,67841.0,,0.9852216748768484,0.2955665024630654,0.0030000000000001,
515810,2020-05-14,1.012,1.008,1.015,1.008,73939.0,,0.6876227897838797,-0.9823182711198436,-0.01,
515810,2020-05-15,1.012,1.009,1.015,1.006,34651.0,,0.8928571428571326,0.0992063492063382,0.0009999999999998,
515810,2020-05-18,1.008,1.011,1.018,1.005,122816.0,,1.2884043607532334,0.1982160555004957,0.002,
515810,2020-05-19,1.012,1.021,1.024,1.012,48926.0,,1.1869436201780428,0.9891196834817022,0.01,
515810,2020-05-20,1.018,1.014,1.021,1.013,55721.0,,0.7835455435847216,-0.6856023506366206,-0.0069999999999998,
515810,2020-05-21,1.014,1.007,1.018,1.006,61373.0,,1.1834319526627228,-0.6903353057199327,-0.0070000000000001,
515810,2020-05-22,1.004,0.988,1.004,0.988,88328.0,,1.5888778550148974,-1.88679245283018,-0.0189999999999999,
515810,2020-05-25,0.984,0.989,0.99,0.984,35732.0,,0.6072874493927131,0.1012145748987855,0.001,
515810,2020-05-26,0.986,1.001,1.002,0.986,75236.0,,1.617795753286149,1.2133468149646005,0.0119999999999999,
515810,2020-05-27,0.998,0.994,1.0,0.992,40816.0,,0.7992007992008001,-0.6993006993006889,-0.0069999999999998,
515810,2020-05-28,0.996,0.996,1.003,0.987,80996.0,,1.609657947686107,0.2012072434607647,0.002,
515810,2020-05-29,0.993,1.002,1.002,0.993,83840.0,,0.903614457831326,0.6024096385542175,0.006,
515810,2020-06-01,1.013,1.029,1.032,1.013,40883.0,,1.896207584830352,2.694610778443105,0.0269999999999999,
515810,2020-06-02,1.025,1.032,1.035,1.025,73157.0,,0.9718172983479114,0.2915451895043842,0.0030000000000001,
515810,2020-06-03,1.039,1.034,1.041,1.033,69414.0,,0.7751937984496131,0.1937984496124032,0.002,
515810,2020-06-04,1.034,1.032,1.035,1.031,23606.0,,0.386847195357834,-0.193423597678917,-0.002,
515810,2020-06-05,1.033,1.038,1.038,1.031,39221.0,,0.6782945736434222,0.5813953488372098,0.006,
515810,2020-06-08,1.038,1.04,1.048,1.038,40588.0,,0.9633911368015422,0.1926782273603084,0.002,
515810,2020-06-09,1.043,1.048,1.049,1.043,26589.0,,0.5769230769230774,0.7692307692307698,0.008,
515810,2020-06-10,1.043,1.049,1.05,1.043,64130.0,,0.6679389312977211,0.0954198473282337,0.0009999999999998,
515810,2020-06-11,1.045,1.041,1.053,1.037,95072.0,,1.525262154432795,-0.7626310772163973,-0.008,
515810,2020-06-12,1.031,1.043,1.046,1.028,80585.0,,1.7291066282420764,0.192122958693564,0.002,
515810,2020-06-15,1.044,1.036,1.046,1.036,83646.0,,0.9587727708533088,-0.6711409395973055,-0.0069999999999998,
515810,2020-06-16,1.041,1.051,1.052,1.041,219955.0,,1.0617760617760734,1.4478764478764383,0.0149999999999999,
515810,2020-06-17,1.052,1.054,1.055,1.049,10830.0,,0.5708848715509044,0.2854424357754628,0.0030000000000001,
515810,2020-06-18,1.051,1.059,1.062,1.05,30734.0,,1.1385199240986728,0.4743833017077697,0.0049999999999998,
515810,2020-06-19,1.058,1.074,1.078,1.058,59180.0,,1.888574126534468,1.4164305949008618,0.0150000000000001,
515810,2020-06-22,1.075,1.08,1.085,1.074,60160.0,,1.024208566107998,0.5586592178770954,0.006,
515810,2020-06-23,1.072,1.085,1.086,1.072,25490.0,,1.2962962962962974,0.462962962962953,0.0049999999999998,
515810,2020-06-24,1.086,1.096,1.096,1.086,39646.0,,0.921658986175116,1.013824884792638,0.0110000000000001,
515810,2020-06-29,1.096,1.085,1.096,1.083,31202.0,,1.1861313868613248,-1.0036496350365072,-0.0110000000000001,
515810,2020-06-30,1.094,1.103,1.105,1.093,107757.0,,1.1059907834101392,1.6589861751152088,0.018,
515810,2020-07-01,1.102,1.119,1.119,1.102,155257.0,,1.541251133272883,1.4505893019038998,0.016,
515810,2020-07-02,1.112,1.14,1.143,1.112,42015.0,,2.7703306523681785,1.87667560321715,0.0209999999999999,
515810,2020-07-03,1.141,1.16,1.16,1.141,27341.0,,1.6666666666666587,1.7543859649122824,0.02,
515810,2020-07-06,1.157,1.227,1.228,1.157,28998.0,,6.12068965517241,5.775862068965532,0.0670000000000001,
515810,2020-07-07,1.224,1.229,1.288,1.224,61848.0,,5.215973920130403,0.1629991850040751,0.002,
515810,2020-07-08,1.23,1.259,1.263,1.228,50392.0,,2.84784377542717,2.441008950366135,0.0299999999999998,
515810,2020-07-09,1.259,1.281,1.282,1.259,60271.0,,1.826846703733132,1.7474185861795093,0.022,
515810,2020-07-10,1.279,1.268,1.282,1.264,75264.0,,1.4051522248243573,-1.0148321623731382,-0.0129999999999999,
515810,2020-07-13,1.268,1.301,1.305,1.261,89238.0,,3.470031545741328,2.6025236593059877,0.0329999999999999,
515810,2020-07-14,1.302,1.29,1.302,1.266,111380.0,,2.767102229054576,-0.8455034588777786,-0.0109999999999998,
515810,2020-07-15,1.291,1.27,1.298,1.268,118297.0,,2.325581395348839,-1.5503875968992262,-0.02,
515810,2020-07-16,1.265,1.224,1.284,1.213,99443.0,,5.590551181102359,-3.622047244094492,-0.046,
515810,2020-07-17,1.224,1.22,1.236,1.207,36769.0,,2.369281045751627,-0.3267973856209153,-0.004,
515810,2020-07-20,1.223,1.26,1.26,1.223,101259.0,,3.032786885245895,3.2786885245901667,0.04,
515810,2020-07-21,1.26,1.265,1.268,1.254,88736.0,,1.111111111111112,0.3968253968253883,0.0049999999999998,
515810,2020-07-22,1.265,1.277,1.295,1.265,27329.0,,2.371541501976287,0.9486166007905148,0.012,
515810,2020-07-23,1.276,1.282,1.284,1.253,51060.0,,2.427564604541906,0.3915426781519276,0.0050000000000001,
515810,2020-07-24,1.274,1.226,1.274,1.22,80454.0,,4.212168486739473,-4.368174726989083,-0.056,
515810,2020-07-27,1.233,1.226,1.235,1.219,38031.0,,1.305057096247962,0.0,0.0,
515810,2020-07-28,1.226,1.239,1.245,1.226,26727.0,,1.549755301794464,1.0603588907014785,0.0130000000000001,
515810,2020-07-29,1.239,1.269,1.27,1.236,47118.0,,2.7441485068603737,2.4213075060532527,0.0299999999999998,
515810,2020-07-30,1.27,1.269,1.279,1.267,58800.0,,0.945626477541372,0.0,0.0,
515810,2020-07-31,1.27,1.279,1.292,1.264,53921.0,,2.2064617809298683,0.7880220646178101,0.01,
515810,2020-08-03,1.281,1.305,1.305,1.281,62916.0,,1.8764659890539503,2.032838154808446,0.026,
515810,2020-08-04,1.305,1.304,1.31,1.296,44734.0,,1.0727969348659014,-0.076628352490413,-0.0009999999999998,
515810,2020-08-05,1.305,1.305,1.313,1.29,16723.0,,1.763803680981588,0.0766871165644087,0.0009999999999998,
515810,2020-08-06,1.307,1.305,1.312,1.287,24271.0,,1.9157088122605463,0.0,0.0,
515810,2020-08-07,1.298,1.293,1.303,1.277,17796.0,,1.99233716475096,-0.9195402298850583,-0.012,
515810,2020-08-10,1.292,1.298,1.306,1.284,56527.0,,1.7014694508894062,0.3866976024748736,0.0050000000000001,
515810,2020-08-11,1.299,1.286,1.315,1.286,33343.0,,2.2342064714946,-0.924499229583976,-0.012,
515810,2020-08-12,1.283,1.277,1.283,1.251,207051.0,,2.4883359253499244,-0.6998444790046748,-0.0090000000000001,
515810,2020-08-13,1.279,1.275,1.28,1.271,83805.0,,0.7047768206734628,-0.1566170712607675,-0.002,
515810,2020-08-14,1.275,1.294,1.294,1.274,23721.0,,1.5686274509803937,1.4901960784313826,0.0190000000000001,
515810,2020-08-17,1.302,1.322,1.325,1.298,11779.0,,2.08655332302936,2.16383307573416,0.028,
515810,2020-08-18,1.325,1.323,1.328,1.318,86797.0,,0.7564296520423607,0.0756429652042276,0.0009999999999998,
515810,2020-08-19,1.319,1.304,1.32,1.303,20964.0,,1.2849584278155803,-1.436130007558572,-0.0189999999999999,
515810,2020-08-20,1.302,1.287,1.302,1.282,22233.0,,1.533742331288345,-1.3036809815951016,-0.0170000000000001,
515810,2020-08-21,1.299,1.298,1.304,1.291,27254.0,,1.0101010101010195,0.8547008547008641,0.0110000000000001,
515810,2020-08-24,1.304,1.307,1.312,1.298,68987.0,,1.0785824345146389,0.6933744221879735,0.0089999999999998,
515810,2020-08-25,1.31,1.308,1.322,1.306,13450.0,,1.2241775057383333,0.0765110941086543,0.0010000000000001,
515810,2020-08-26,1.308,1.296,1.313,1.29,25933.0,,1.7584097859327148,-0.9174311926605512,-0.012,
515810,2020-08-27,1.296,1.302,1.302,1.288,17003.0,,1.080246913580248,0.4629629629629633,0.006,
515810,2020-08-28,1.301,1.336,1.338,1.3,46217.0,,2.918586789554534,2.611367127496162,0.034,
515810,2020-08-31,1.344,1.33,1.349,1.327,30645.0,,1.6467065868263489,-0.4491017964071859,-0.006,
515810,2020-09-01,1.33,1.335,1.335,1.325,38514.0,,0.7518796992481209,0.3759398496240521,0.0049999999999998,
515810,2020-09-02,1.336,1.34,1.345,1.325,61095.0,,1.4981273408239717,0.3745318352060012,0.0050000000000001,
515810,2020-09-03,1.34,1.334,1.348,1.328,9203.0,,1.492537313432837,-0.4477611940298511,-0.006,
515810,2020-09-04,1.33,1.324,1.33,1.309,42678.0,,1.574212893553233,-0.7496251874062975,-0.01,
515810,2020-09-07,1.324,1.294,1.325,1.294,77528.0,,2.3413897280966705,-2.265861027190334,-0.03,
515810,2020-09-08,1.3,1.3,1.303,1.287,39900.0,,1.2364760432766626,0.4636785162287484,0.006,
515810,2020-09-09,1.287,1.272,1.288,1.268,34057.0,,1.5384615384615397,-2.153846153846156,-0.028,
515810,2020-09-10,1.273,1.264,1.284,1.262,23758.0,,1.7295597484276743,-0.6289308176100634,-0.008,
515810,2020-09-11,1.264,1.276,1.277,1.258,22075.0,,1.5031645569620178,0.9493670886075958,0.012,
515810,2020-09-14,1.29,1.283,1.29,1.277,6855.0,,1.0188087774294767,0.5485893416927817,0.0069999999999998,
515810,2020-09-15,1.284,1.292,1.293,1.279,16289.0,,1.0911925175370236,0.7014809041309524,0.0090000000000001,
515810,2020-09-16,1.292,1.283,1.292,1.281,20919.0,,0.8513931888544984,-0.6965944272445912,-0.0090000000000001,
515810,2020-09-17,1.278,1.279,1.288,1.27,26562.0,,1.4029618082618875,-0.3117692907248639,-0.004,
515810,2020-09-18,1.283,1.307,1.307,1.282,30942.0,,1.9546520719311893,2.189210320562942,0.028,
515810,2020-09-21,1.31,1.296,1.311,1.295,14797.0,,1.2241775057383333,-0.8416220351950956,-0.0109999999999998,
515810,2020-09-22,1.29,1.282,1.3,1.281,60176.0,,1.4660493827160592,-1.080246913580248,-0.014,
515810,2020-09-23,1.283,1.288,1.292,1.283,36026.0,,0.7020280811232542,0.4680187207488303,0.006,
515810,2020-09-24,1.287,1.265,1.287,1.263,53296.0,,1.8633540372670825,-1.785714285714296,-0.0230000000000001,
515810,2020-09-25,1.272,1.266,1.272,1.261,30404.0,,0.8695652173913139,0.0790513833992183,0.0010000000000001,
515810,2020-09-28,1.267,1.267,1.275,1.264,63228.0,,0.8688783570300078,0.0789889415481745,0.0009999999999998,
515810,2020-09-29,1.27,1.273,1.28,1.27,21955.0,,0.7892659826361491,0.4735595895816895,0.006,
515810,2020-09-30,1.278,1.271,1.281,1.264,53049.0,,1.3354281225451614,-0.157109190887667,-0.002,
515810,2020-10-09,1.271,1.297,1.3,1.271,20753.0,,2.281667977970113,2.045633359559404,0.026,
515810,2020-10-12,1.298,1.337,1.337,1.298,68822.0,,3.006939090208167,3.0840400925212057,0.04,
515810,2020-10-13,1.336,1.338,1.34,1.327,21658.0,,0.9723261032161647,0.0747943156320203,0.0010000000000001,
515810,2020-10-14,1.336,1.333,1.336,1.329,13213.0,,0.5231689088191418,-0.3736920777279607,-0.0050000000000001,
515810,2020-10-15,1.33,1.327,1.333,1.327,4900.0,,0.4501125281320334,-0.4501125281320334,-0.006,
515810,2020-10-16,1.328,1.327,1.334,1.322,27778.0,,0.9042954031650348,0.0,0.0,
515810,2020-10-19,1.335,1.316,1.341,1.315,43436.0,,1.9593067068575751,-0.8289374529012735,-0.0109999999999998,
515810,2020-10-20,1.313,1.327,1.327,1.312,66268.0,,1.1398176291793238,0.8358662613981686,0.0109999999999998,
515810,2020-10-21,1.327,1.324,1.327,1.314,36233.0,,0.9796533534287792,-0.2260738507912503,-0.0029999999999998,
515810,2020-10-22,1.323,1.321,1.323,1.309,30924.0,,1.0574018126888227,-0.2265861027190418,-0.0030000000000001,
515810,2020-10-23,1.321,1.298,1.323,1.297,84550.0,,1.968205904617716,-1.7411052233156632,-0.0229999999999999,
515810,2020-10-26,1.298,1.29,1.3,1.281,13768.0,,1.463790446841304,-0.6163328197226507,-0.008,
515810,2020-10-27,1.29,1.3,1.3,1.29,23049.0,,0.7751937984496131,0.7751937984496131,0.01,
515810,2020-10-28,1.303,1.31,1.312,1.291,42118.0,,1.6153846153846254,0.7692307692307698,0.01,
515810,2020-10-29,1.308,1.319,1.322,1.294,58834.0,,2.137404580152673,0.6870229007633508,0.0089999999999998,
515810,2020-10-30,1.321,1.3,1.321,1.294,33817.0,,2.0470053070507896,-1.4404852160727752,-0.0189999999999999,
515810,2020-11-02,1.299,1.309,1.313,1.299,21461.0,,1.076923076923078,0.6923076923076843,0.0089999999999998,
515810,2020-11-03,1.312,1.327,1.327,1.312,30352.0,,1.1459129106187855,1.3750954927425527,0.018,
515810,2020-11-04,1.332,1.331,1.336,1.327,29905.0,,0.6782215523737845,0.3014318010550115,0.004,
515810,2020-11-05,1.332,1.356,1.356,1.332,32719.0,,1.8031555221637885,1.8782870022539544,0.0250000000000001,
515810,2020-11-06,1.356,1.351,1.356,1.343,39237.0,,0.958702064896764,-0.3687315634218374,-0.0050000000000001,
515810,2020-11-09,1.352,1.377,1.384,1.352,27737.0,,2.3686158401184163,1.9245003700962269,0.026,
515810,2020-11-10,1.381,1.372,1.381,1.368,7670.0,,0.9440813362381916,-0.3631082062454534,-0.0049999999999998,
515810,2020-11-11,1.367,1.362,1.374,1.362,40477.0,,0.8746355685131203,-0.7288629737609336,-0.01,
515810,2020-11-12,1.363,1.359,1.367,1.356,64621.0,,0.807635829662254,-0.220264317180625,-0.0030000000000001,
515810,2020-11-13,1.348,1.348,1.349,1.338,7343.0,,0.8094186902133849,-0.8094186902133849,-0.0109999999999998,
515810,2020-11-16,1.347,1.359,1.359,1.347,12544.0,,0.8902077151335319,0.816023738872396,0.0109999999999998,
515810,2020-11-17,1.362,1.359,1.362,1.352,13027.0,,0.7358351729212663,0.0,0.0,
515810,2020-11-18,1.357,1.357,1.365,1.354,3598.0,,0.8094186902133849,-0.1471670345842532,-0.002,
515810,2020-11-19,1.351,1.364,1.368,1.351,8564.0,,1.2527634487840915,0.5158437730287485,0.0070000000000001,
515810,2020-11-20,1.365,1.371,1.371,1.364,19303.0,,0.5131964809384086,0.5131964809384086,0.0069999999999998,
515810,2020-11-23,1.374,1.389,1.392,1.371,34618.0,,1.5317286652078708,1.3129102844638962,0.018,
515810,2020-11-24,1.384,1.382,1.387,1.378,11499.0,,0.6479481641468768,-0.5039596832253505,-0.0070000000000001,
515810,2020-11-25,1.386,1.365,1.39,1.364,5554.0,,1.8813314037626487,-1.2301013024601957,-0.0169999999999999,
515810,2020-11-26,1.362,1.362,1.364,1.352,44895.0,,0.87912087912088,-0.2197802197802118,-0.0029999999999998,
515810,2020-11-27,1.364,1.375,1.375,1.36,11536.0,,1.1013215859030765,0.9544787077826652,0.0129999999999999,
515810,2020-11-30,1.373,1.373,1.392,1.371,2396.0,,1.5272727272727205,-0.1454545454545456,-0.002,
515810,2020-12-01,1.373,1.398,1.4,1.373,44687.0,,1.966496722505456,1.8208302986161624,0.0249999999999999,
515810,2020-12-02,1.398,1.4,1.407,1.394,40862.0,,0.9298998569384924,0.1430615164520745,0.002,
515810,2020-12-03,1.4,1.399,1.404,1.397,15499.0,,0.4999999999999925,-0.0714285714285635,-0.0009999999999998,
515810,2020-12-04,1.398,1.401,1.403,1.39,15383.0,,0.9292351679771352,0.1429592566118657,0.002,
515810,2020-12-07,1.401,1.393,1.401,1.389,34557.0,,0.856531049250536,-0.5710206995003574,-0.008,
515810,2020-12-08,1.395,1.389,1.397,1.389,6680.0,,0.5743000717875095,-0.2871500358937547,-0.004,
515810,2020-12-09,1.393,1.372,1.393,1.371,3871.0,,1.5838732901367905,-1.2239020878329665,-0.0169999999999999,
515810,2020-12-10,1.366,1.37,1.376,1.365,12008.0,,0.8017492711370188,-0.1457725947521867,-0.002,
515810,2020-12-11,1.374,1.354,1.374,1.345,14066.0,,2.116788321167893,-1.1678832116788331,-0.016,
515810,2020-12-14,1.355,1.366,1.366,1.354,16941.0,,0.8862629246676521,0.8862629246676521,0.012,
515810,2020-12-15,1.367,1.367,1.372,1.358,3543.0,,1.0248901903367504,0.0732064421669026,0.0009999999999998,
515810,2020-12-16,1.37,1.37,1.374,1.366,11938.0,,0.5852231163130949,0.2194586686174187,0.0030000000000001,
515810,2020-12-17,1.37,1.387,1.389,1.37,36353.0,,1.386861313868606,1.240875912408752,0.0169999999999999,
515810,2020-12-18,1.386,1.384,1.39,1.38,11688.0,,0.7209805335255954,-0.2162941600576866,-0.0030000000000001,
515810,2020-12-21,1.376,1.395,1.395,1.375,37257.0,,1.4450867052023135,0.7947976878612805,0.0110000000000001,
515810,2020-12-22,1.393,1.375,1.396,1.373,52262.0,,1.6487455197132552,-1.4336917562724028,-0.02,
515810,2020-12-23,1.379,1.383,1.403,1.376,1544.0,,1.9636363636363732,0.5818181818181823,0.008,
515810,2020-12-24,1.382,1.38,1.388,1.375,26934.0,,0.939985538684013,-0.2169197396963205,-0.0030000000000001,
515810,2020-12-25,1.377,1.391,1.392,1.375,6960.0,,1.2318840579710075,0.7971014492753712,0.0110000000000001,
515810,2020-12-28,1.393,1.393,1.4,1.39,7984.0,,0.7189072609633363,0.1437814521926672,0.002,
515810,2020-12-29,1.401,1.39,1.401,1.386,808.0,,1.0768126346015885,-0.215362526920324,-0.0030000000000001,
515810,2020-12-30,1.388,1.405,1.405,1.388,20365.0,,1.2230215827338222,1.079136690647491,0.0150000000000001,
515810,2020-12-31,1.406,1.434,1.436,1.406,34914.0,,2.1352313167259807,2.064056939501773,0.0289999999999999,
515810,2021-01-04,1.435,1.454,1.457,1.435,15987.0,,1.534170153417017,1.3947001394700151,0.02,
515810,2021-01-05,1.443,1.475,1.477,1.443,18285.0,,2.3383768913342524,1.4442916093535163,0.0210000000000001,
515810,2021-01-06,1.487,1.482,1.489,1.47,15649.0,,1.2881355932203475,0.4745762711864335,0.0069999999999998,
515810,2021-01-07,1.481,1.503,1.503,1.481,32767.0,,1.4844804318488394,1.4170040485829898,0.0209999999999999,
515810,2021-01-08,1.512,1.496,1.512,1.489,12214.0,,1.5302727877578115,-0.4657351962741115,-0.0069999999999998,
515810,2021-01-11,1.496,1.483,1.51,1.477,13048.0,,2.205882352941171,-0.8689839572192447,-0.0129999999999999,
515810,2021-01-12,1.479,1.518,1.52,1.479,5320.0,,2.764666217127439,2.360080917060008,0.0349999999999999,
515810,2021-01-13,1.522,1.513,1.529,1.508,10498.0,,1.38339920948616,-0.3293807641633804,-0.0050000000000001,
515810,2021-01-14,1.509,1.489,1.509,1.485,3615.0,,1.5862524785194847,-1.5862524785194847,-0.0239999999999998,
515810,2021-01-15,1.485,1.484,1.496,1.467,8064.0,,1.94761584956346,-0.3357958361316396,-0.0050000000000001,
515810,2021-01-18,1.484,1.5,1.506,1.474,33902.0,,2.156334231805932,1.078167115902966,0.016,
515810,2021-01-19,1.503,1.48,1.503,1.477,10330.0,,1.73333333333332,-1.3333333333333344,-0.02,
515810,2021-01-20,1.486,1.494,1.498,1.486,2167.0,,0.8108108108108115,0.9459459459459468,0.014,
515810,2021-01-21,1.507,1.52,1.528,1.5,52433.0,,1.8741633199464545,1.7402945113788502,0.026,
515810,2021-01-22,1.517,1.521,1.521,1.509,4921.0,,0.789473684210527,0.0657894736842032,0.0009999999999998,
515810,2021-01-25,1.523,1.533,1.541,1.514,24181.0,,1.7751479289940773,0.788954635108482,0.012,
515810,2021-01-26,1.516,1.503,1.519,1.502,29315.0,,1.1089367253750757,-1.9569471624266164,-0.03,
515810,2021-01-27,1.503,1.504,1.507,1.49,11002.0,,1.1310711909514242,0.0665335994677386,0.0010000000000001,
515810,2021-01-28,1.484,1.467,1.489,1.463,7749.0,,1.7287234042553206,-2.460106382978718,-0.0369999999999999,
515810,2021-01-29,1.467,1.458,1.48,1.442,18768.0,,2.590320381731426,-0.6134969325153455,-0.0090000000000001,
515810,2021-02-01,1.467,1.475,1.475,1.461,18704.0,,0.9602194787379982,1.165980795610434,0.0170000000000001,
515810,2021-02-02,1.475,1.496,1.498,1.474,19102.0,,1.627118644067798,1.4237288135593158,0.0209999999999999,
515810,2021-02-03,1.496,1.494,1.505,1.493,3391.0,,0.802139037433141,-0.1336898395721926,-0.002,
515810,2021-02-04,1.495,1.485,1.495,1.468,12130.0,,1.8072289156626595,-0.6024096385542099,-0.0089999999999998,
515810,2021-02-05,1.497,1.483,1.498,1.482,1357.0,,1.0774410774410783,-0.1346801346801348,-0.002,
515810,2021-02-08,1.442,1.506,1.508,1.442,12106.0,,4.450438300741744,1.5509103169251457,0.0229999999999999,
515810,2021-02-09,1.53,1.536,1.537,1.504,10231.0,,2.1912350597609507,1.992031872509962,0.03,
515810,2021-02-10,1.542,1.565,1.57,1.542,14426.0,,1.822916666666668,1.888020833333328,0.0289999999999999,
515810,2021-02-18,1.57,1.561,1.597,1.555,21741.0,,2.6837060702875424,-0.2555910543130992,-0.004,
515810,2021-02-19,1.561,1.567,1.568,1.535,5911.0,,2.114029468289567,0.3843689942344654,0.006,
515810,2021-02-22,1.56,1.525,1.563,1.523,12553.0,,2.552648372686665,-2.6802807913209983,-0.042,
515810,2021-02-23,1.525,1.516,1.537,1.516,16974.0,,1.3770491803278628,-0.5901639344262228,-0.0089999999999998,
515810,2021-02-24,1.525,1.485,1.525,1.474,21202.0,,3.364116094986803,-2.044854881266485,-0.0309999999999999,
515810,2021-02-25,1.485,1.489,1.505,1.485,23203.0,,1.3468013468013331,0.2693602693602696,0.004,
515810,2021-02-26,1.486,1.457,1.486,1.453,3860.0,,2.216252518468765,-2.1490933512424464,-0.032,
515810,2021-03-01,1.457,1.48,1.48,1.457,19472.0,,1.5785861358956697,1.5785861358956697,0.0229999999999999,
515810,2021-03-02,1.481,1.463,1.488,1.45,5181.0,,2.5675675675675698,-1.148648648648642,-0.0169999999999999,
515810,2021-03-03,1.463,1.489,1.489,1.459,3759.0,,2.050580997949421,1.7771701982228314,0.026,
515810,2021-03-04,1.502,1.447,1.504,1.44,18529.0,,4.298186702484893,-2.820685023505711,-0.042,
515810,2021-03-05,1.432,1.441,1.452,1.42,18805.0,,2.2114720110573622,-0.4146510020732553,-0.006,
515810,2021-03-08,1.442,1.395,1.458,1.393,36979.0,,4.510756419153362,-3.192227619708538,-0.046,
515810,2021-03-09,1.38,1.366,1.395,1.351,53521.0,,3.1541218637992854,-2.078853046594976,-0.0289999999999999,
515810,2021-03-10,1.366,1.37,1.383,1.365,23149.0,,1.3177159590043934,0.292825768667643,0.004,
515810,2021-03-11,1.372,1.404,1.404,1.372,33090.0,,2.33576642335765,2.481751824817504,0.0339999999999998,
515810,2021-03-12,1.403,1.404,1.406,1.396,7008.0,,0.7122507122507129,0.0,0.0,
515810,2021-03-15,1.387,1.379,1.4,1.368,3948.0,,2.279202279202265,-1.7806267806267744,-0.0249999999999999,
515810,2021-03-16,1.387,1.388,1.389,1.383,4412.0,,0.4350978970268314,0.6526468455402391,0.0089999999999998,
515810,2021-03-17,1.388,1.392,1.398,1.376,6597.0,,1.5850144092219034,0.2881844380403461,0.004,
515810,2021-03-18,1.401,1.406,1.407,1.4,22235.0,,0.5028735632183993,1.0057471264367823,0.014,
515810,2021-03-19,1.405,1.375,1.405,1.369,10752.0,,2.5604551920341416,-2.2048364153627253,-0.0309999999999999,
515810,2021-03-22,1.375,1.389,1.393,1.375,3948.0,,1.3090909090909102,1.0181818181818192,0.014,
515810,2021-03-23,1.381,1.374,1.381,1.367,3874.0,,1.007919366450685,-1.07991360691144,-0.0149999999999999,
515810,2021-03-24,1.373,1.356,1.376,1.354,11515.0,,1.6011644832605385,-1.3100436681222718,-0.018,
515810,2021-03-25,1.356,1.36,1.364,1.348,36239.0,,1.1799410029498536,0.2949852507374634,0.004,
515810,2021-03-26,1.373,1.384,1.387,1.366,21588.0,,1.5441176470588167,1.7647058823529262,0.0239999999999998,
515810,2021-03-29,1.387,1.395,1.399,1.386,23734.0,,0.9393063583815118,0.7947976878612805,0.0110000000000001,
515810,2021-03-30,1.387,1.401,1.401,1.387,28266.0,,1.0035842293906818,0.4301075268817207,0.006,
515810,2021-03-31,1.391,1.382,1.393,1.381,2370.0,,0.856531049250536,-1.3561741613133569,-0.0190000000000001,
515810,2021-04-01,1.395,1.403,1.405,1.391,204.0,,1.0130246020260505,1.5195369030390833,0.0210000000000001,
515810,2021-04-02,1.409,1.418,1.418,1.403,1627.0,,1.0691375623663508,1.0691375623663508,0.0149999999999999,
515810,2021-04-06,1.447,1.411,1.447,1.41,297.0,,2.609308885754594,-0.493653032440049,-0.0069999999999998,
515810,2021-04-07,1.41,1.406,1.41,1.397,312.0,,0.9213323883770304,-0.3543586109142534,-0.0050000000000001,
515810,2021-04-08,1.394,1.411,1.411,1.394,8375.0,,1.209103840682797,0.3556187766714165,0.0050000000000001,
515810,2021-04-09,1.395,1.392,1.395,1.392,370.0,,0.2126151665485551,-1.3465627214741407,-0.0190000000000001,
515810,2021-04-12,1.391,1.366,1.391,1.364,2427.0,,1.939655172413787,-1.867816091954009,-0.0259999999999998,
515810,2021-04-13,1.37,1.365,1.372,1.36,3421.0,,0.878477306002929,-0.0732064421669188,-0.0010000000000001,
515810,2021-04-14,1.376,1.376,1.377,1.368,8044.0,,0.6593406593406518,0.8058608058607984,0.0109999999999998,
515810,2021-04-15,1.368,1.369,1.37,1.356,5532.0,,1.0174418604651172,-0.5087209302325505,-0.0069999999999998,
515810,2021-04-16,1.366,1.374,1.378,1.366,9383.0,,0.8765522279035638,0.3652300949598331,0.0050000000000001,
515810,2021-04-19,1.371,1.406,1.409,1.371,11395.0,,2.765647743813685,2.328966521106245,0.0319999999999998,
515810,2021-04-20,1.41,1.409,1.414,1.409,1710.0,,0.3556187766714007,0.213371266002853,0.0030000000000001,
515810,2021-04-21,1.4,1.409,1.41,1.4,1830.0,,0.7097232079489005,0.0,0.0,
515810,2021-04-22,1.406,1.409,1.41,1.406,495.0,,0.2838892831795602,0.0,0.0,
515810,2021-04-23,1.417,1.423,1.424,1.415,7781.0,,0.6387508871540026,0.9936124911284608,0.014,
515810,2021-04-26,1.428,1.41,1.434,1.406,8526.0,,1.9676739283204516,-0.913562895291646,-0.0130000000000001,
515810,2021-04-27,1.402,1.41,1.41,1.399,4417.0,,0.7801418439716241,0.0,0.0,
515810,2021-04-28,1.404,1.419,1.419,1.404,6666.0,,1.0638297872340514,0.638297872340434,0.0090000000000001,
515810,2021-04-29,1.42,1.423,1.429,1.419,5225.0,,0.7047216349541937,0.2818886539816774,0.004,
515810,2021-04-30,1.424,1.42,1.43,1.42,4122.0,,0.7027406886858755,-0.2108222066057704,-0.0030000000000001,
515810,2021-05-06,1.419,1.412,1.425,1.399,1124.0,,1.8309859154929595,-0.5633802816901414,-0.008,
515810,2021-05-07,1.407,1.394,1.409,1.391,1722.0,,1.274787535410766,-1.274787535410766,-0.018,
515810,2021-05-10,1.39,1.392,1.397,1.383,13641.0,,1.004304160688667,-0.1434720229555238,-0.002,
515810,2021-05-11,1.384,1.398,1.399,1.374,10970.0,,1.7959770114942466,0.4310344827586211,0.006,
515810,2021-05-12,1.398,1.404,1.405,1.393,17050.0,,0.8583690987124473,0.4291845493562236,0.006,
515810,2021-05-13,1.395,1.39,1.398,1.387,6014.0,,0.7834757834757763,-0.9971509971509982,-0.014,
515810,2021-05-14,1.391,1.42,1.421,1.391,8304.0,,2.158273381294966,2.158273381294966,0.03,
515810,2021-05-17,1.435,1.438,1.444,1.43,14878.0,,0.9859154929577474,1.267605633802818,0.018,
515810,2021-05-18,1.438,1.434,1.44,1.434,1491.0,,0.4172461752433939,-0.2781641168289293,-0.004,
515810,2021-05-19,1.432,1.438,1.438,1.432,15216.0,,0.4184100418410046,0.278940027894003,0.004,
515810,2021-05-20,1.433,1.437,1.443,1.43,8294.0,,0.904033379694028,-0.0695410292072246,-0.0009999999999998,
515810,2021-05-21,1.445,1.426,1.445,1.425,5218.0,,1.3917884481558815,-0.7654836464857425,-0.0110000000000001,
515810,2021-05-24,1.427,1.428,1.428,1.42,83.0,,0.5610098176718098,0.1402524544179524,0.002,
515810,2021-05-25,1.432,1.471,1.473,1.432,5114.0,,2.871148459383764,3.011204481792728,0.0430000000000001,
515810,2021-05-26,1.472,1.472,1.479,1.47,8411.0,,0.6118286879673772,0.0679809653297001,0.0009999999999998,
515810,2021-05-27,1.469,1.478,1.484,1.467,9700.0,,1.1548913043478195,0.4076086956521742,0.006,
515810,2021-05-28,1.478,1.474,1.481,1.468,8940.0,,0.8795669824086687,-0.2706359945872803,-0.004,
515810,2021-05-31,1.476,1.486,1.486,1.468,35212.0,,1.221166892808685,0.8141112618724567,0.012,
515810,2021-06-01,1.486,1.486,1.486,1.469,5238.0,,1.144010767160155,0.0,0.0,
515810,2021-06-02,1.486,1.476,1.486,1.47,16771.0,,1.0767160161507412,-0.6729475100942133,-0.01,
515810,2021-06-03,1.476,1.467,1.48,1.467,1264.0,,0.8807588075880692,-0.6097560975609686,-0.0089999999999998,
515810,2021-06-04,1.469,1.473,1.486,1.462,9186.0,,1.635991820040901,0.4089979550102252,0.006,
515810,2021-06-07,1.474,1.473,1.476,1.469,11851.0,,0.4752206381534212,0.0,0.0,
515810,2021-06-08,1.476,1.462,1.482,1.458,20655.0,,1.629327902240327,-0.7467752885268242,-0.0110000000000001,
515810,2021-06-09,1.466,1.468,1.468,1.463,1782.0,,0.3419972640218805,0.4103967168262657,0.006,
515810,2021-06-10,1.473,1.475,1.482,1.473,15128.0,,0.6130790190735624,0.4768392370572287,0.0070000000000001,
515810,2021-06-11,1.481,1.465,1.481,1.465,8925.0,,1.0847457627118653,-0.6779661016949159,-0.01,
515810,2021-06-15,1.466,1.45,1.466,1.445,4947.0,,1.4334470989761028,-1.0238907849829435,-0.0150000000000001,
515810,2021-06-16,1.448,1.427,1.449,1.427,11302.0,,1.5172413793103463,-1.586206896551718,-0.0229999999999999,
515810,2021-06-17,1.43,1.432,1.438,1.43,5766.0,,0.5606166783461813,0.3503854239663555,0.0049999999999998,
515810,2021-06-18,1.436,1.44,1.442,1.429,163.0,,0.9078212290502724,0.5586592178770955,0.008,
515810,2021-06-21,1.433,1.439,1.447,1.432,1136.0,,1.0416666666666752,-0.0694444444444368,-0.0009999999999998,
515810,2021-06-22,1.444,1.448,1.448,1.441,22298.0,,0.4864489228630921,0.6254343293954063,0.0089999999999998,
515810,2021-06-23,1.449,1.456,1.462,1.449,16227.0,,0.897790055248612,0.5524861878453043,0.008,
515810,2021-06-24,1.456,1.459,1.46,1.454,10556.0,,0.4120879120879124,0.2060439560439638,0.0030000000000001,
515810,2021-06-25,1.464,1.481,1.483,1.464,6280.0,,1.3022618231665612,1.5078821110349567,0.022,
515810,2021-06-28,1.483,1.484,1.485,1.478,4762.0,,0.4726536124240457,0.2025658338960088,0.0029999999999998,
515810,2021-06-29,1.488,1.469,1.488,1.469,4406.0,,1.280323450134765,-1.0107816711590232,-0.0149999999999999,
515810,2021-06-30,1.469,1.48,1.48,1.469,4189.0,,0.7488087134104764,0.7488087134104764,0.0109999999999998,
515810,2021-07-01,1.48,1.477,1.484,1.47,5175.0,,0.9459459459459468,-0.2027027027026954,-0.0029999999999998,
515810,2021-07-02,1.47,1.441,1.47,1.44,9833.0,,2.0311442112389995,-2.4373730534868,-0.036,
515810,2021-07-05,1.441,1.444,1.446,1.435,4167.0,,0.7633587786259471,0.2081887578070709,0.0029999999999998,
515810,2021-07-06,1.443,1.446,1.45,1.433,6865.0,,1.1772853185595502,0.1385041551246538,0.002,
515810,2021-07-07,1.448,1.458,1.463,1.441,2478.0,,1.521438450899033,0.8298755186721999,0.012,
515810,2021-07-08,1.463,1.448,1.463,1.448,2034.0,,1.0288065843621483,-0.6858710562414273,-0.01,
515810,2021-07-09,1.446,1.45,1.452,1.433,2799.0,,1.3121546961325905,0.138121546961326,0.002,
515810,2021-07-12,1.455,1.467,1.476,1.454,7365.0,,1.5172413793103463,1.172413793103457,0.0170000000000001,
515810,2021-07-13,1.467,1.475,1.476,1.467,5296.0,,0.6134969325153303,0.5453306066803004,0.008,
515810,2021-07-14,1.467,1.46,1.469,1.459,5799.0,,0.6779661016949159,-1.0169491525423813,-0.0150000000000001,
515810,2021-07-15,1.459,1.476,1.478,1.455,9441.0,,1.5753424657534183,1.0958904109589052,0.016,
515810,2021-07-16,1.471,1.466,1.477,1.466,531.0,,0.7452574525745339,-0.6775067750677514,-0.01,
515810,2021-07-19,1.46,1.469,1.47,1.455,1945.0,,1.023192360163704,0.2046384720327499,0.0030000000000001,
515810,2021-07-20,1.469,1.465,1.469,1.459,4512.0,,0.6807351940095309,-0.2722940776038123,-0.004,
515810,2021-07-21,1.473,1.477,1.481,1.473,3251.0,,0.5460750853242325,0.8191126279863489,0.012,
515810,2021-07-22,1.477,1.48,1.484,1.477,10816.0,,0.4739336492890924,0.2031144211238924,0.0029999999999998,
515810,2021-07-23,1.48,1.467,1.48,1.466,4587.0,,0.9459459459459468,-0.8783783783783716,-0.0129999999999999,
515810,2021-07-26,1.467,1.426,1.467,1.41,6148.0,,3.885480572597148,-2.7948193592365467,-0.0410000000000001,
515810,2021-07-27,1.429,1.381,1.43,1.38,9941.0,,3.5063113604488114,-3.155680224403922,-0.0449999999999999,
515810,2021-07-28,1.381,1.38,1.39,1.359,26133.0,,2.2447501810282344,-0.0724112961622094,-0.0010000000000001,
515810,2021-07-29,1.4,1.404,1.409,1.394,11517.0,,1.0869565217391397,1.7391304347826104,0.024,
515810,2021-07-30,1.396,1.401,1.401,1.388,4400.0,,0.9259259259259348,-0.2136752136752059,-0.0029999999999998,
515810,2021-08-02,1.397,1.427,1.429,1.392,62539.0,,2.640970735189161,1.855817273376161,0.026,
515810,2021-08-03,1.422,1.422,1.432,1.421,6606.0,,0.7708479327259915,-0.3503854239663711,-0.0050000000000001,
515810,2021-08-04,1.424,1.439,1.44,1.424,6709.0,,1.1251758087201136,1.1954992967651286,0.0170000000000001,
515810,2021-08-05,1.43,1.434,1.442,1.43,50102.0,,0.8339124391938852,-0.3474635163307933,-0.0050000000000001,
515810,2021-08-06,1.431,1.429,1.432,1.424,22121.0,,0.557880055788006,-0.348675034867496,-0.0049999999999998,
515810,2021-08-09,1.429,1.444,1.446,1.425,25284.0,,1.4695591322603154,1.0496850944716518,0.0149999999999999,
515810,2021-08-10,1.443,1.46,1.461,1.436,57517.0,,1.731301939058181,1.1080332409972309,0.016,
515810,2021-08-11,1.46,1.457,1.462,1.455,11918.0,,0.4794520547945133,-0.205479452054787,-0.0029999999999998,
515810,2021-08-12,1.453,1.448,1.456,1.447,4584.0,,0.6177076183939532,-0.6177076183939683,-0.0090000000000001,
515810,2021-08-13,1.445,1.445,1.454,1.439,13381.0,,1.0359116022099382,-0.2071823204419814,-0.0029999999999998,
515810,2021-08-16,1.441,1.44,1.444,1.437,16360.0,,0.4844290657439374,-0.3460207612456827,-0.0050000000000001,
515810,2021-08-17,1.44,1.41,1.445,1.407,15494.0,,2.6388888888888915,-2.0833333333333357,-0.03,
515810,2021-08-18,1.411,1.42,1.424,1.406,21762.0,,1.2765957446808522,0.7092198581560291,0.01,
515810,2021-08-19,1.424,1.417,1.424,1.413,14062.0,,0.7746478873239365,-0.2112676056337952,-0.0029999999999998,
515810,2021-08-20,1.404,1.398,1.411,1.383,31071.0,,1.9760056457304185,-1.3408609738885058,-0.0190000000000001,
515810,2021-08-23,1.408,1.42,1.425,1.408,48534.0,,1.2160228898426413,1.5736766809728198,0.022,
515810,2021-08-24,1.421,1.434,1.436,1.421,42190.0,,1.0563380281690071,0.9859154929577474,0.014,
515810,2021-08-25,1.433,1.436,1.436,1.43,43930.0,,0.4184100418410046,0.1394700139470015,0.002,
515810,2021-08-26,1.431,1.415,1.434,1.415,84327.0,,1.323119777158768,-1.4623955431754811,-0.0209999999999999,
515810,2021-08-27,1.414,1.425,1.432,1.414,125455.0,,1.2720848056537113,0.7067137809187285,0.01,
515810,2021-08-30,1.427,1.42,1.433,1.416,162682.0,,1.1929824561403597,-0.3508771929824642,-0.0050000000000001,
515810,2021-08-31,1.42,1.423,1.423,1.408,109633.0,,1.056338028169023,0.2112676056338108,0.0030000000000001,
515810,2021-09-01,1.42,1.435,1.451,1.415,182185.0,,2.529866479269152,0.8432888264230507,0.012,
515810,2021-09-02,1.437,1.44,1.44,1.431,118694.0,,0.6271777003484249,0.3484320557491214,0.0049999999999998,
515810,2021-09-03,1.44,1.432,1.443,1.43,109675.0,,0.9027777777777864,-0.5555555555555561,-0.008,
515810,2021-09-06,1.431,1.454,1.456,1.427,124661.0,,2.0251396648044637,1.5363128491620126,0.022,
515810,2021-09-07,1.454,1.477,1.478,1.451,90237.0,,1.8569463548830756,1.581843191196708,0.0230000000000001,
515810,2021-09-08,1.462,1.472,1.479,1.462,104607.0,,1.1509817197021073,-0.3385240352065074,-0.0050000000000001,
515810,2021-09-09,1.468,1.482,1.482,1.467,104576.0,,1.0190217391304282,0.6793478260869571,0.01,
515810,2021-09-10,1.482,1.482,1.492,1.475,106556.0,,1.1470985155195617,0.0,0.0,
515810,2021-09-13,1.482,1.482,1.489,1.478,92268.0,,0.7422402159244346,0.0,0.0,
515810,2021-09-14,1.485,1.461,1.485,1.459,102575.0,,1.7543859649122824,-1.4170040485829898,-0.0209999999999999,
515810,2021-09-15,1.457,1.453,1.463,1.448,86920.0,,1.0266940451745463,-0.5475701574264207,-0.008,
515810,2021-09-16,1.458,1.435,1.458,1.433,87570.0,,1.7205781142463803,-1.2388162422573996,-0.018,
515810,2021-09-17,1.436,1.442,1.442,1.427,103755.0,,1.04529616724738,0.4878048780487732,0.0069999999999998,
515810,2021-09-22,1.442,1.437,1.442,1.417,82514.0,,1.7337031900138635,-0.3467406380027665,-0.0049999999999998,
515810,2021-09-23,1.442,1.445,1.449,1.442,66809.0,,0.4871259568545662,0.5567153792623526,0.008,
515810,2021-09-24,1.446,1.443,1.455,1.443,133713.0,,0.8304498269896201,-0.13840830449827,-0.002,
515810,2021-09-27,1.441,1.439,1.457,1.433,112922.0,,1.6632016632016646,-0.2772002772002774,-0.004,
515810,2021-09-28,1.437,1.439,1.442,1.43,86413.0,,0.8339124391938852,0.0,0.0,
515810,2021-09-29,1.439,1.421,1.439,1.415,160861.0,,1.6678248783877705,-1.250868658790828,-0.018,
515810,2021-09-30,1.423,1.429,1.43,1.423,115422.0,,0.4926108374384162,0.5629838142153418,0.008,
515810,2021-10-08,1.45,1.442,1.45,1.439,68827.0,,0.7697690692792091,0.9097270818754304,0.0129999999999999,
515810,2021-10-11,1.447,1.441,1.451,1.441,108672.0,,0.6934812760055485,-0.0693481276005471,-0.0009999999999998,
515810,2021-10-12,1.438,1.426,1.438,1.416,142145.0,,1.5267175572519098,-1.0409437890354003,-0.0150000000000001,
515810,2021-10-13,1.423,1.438,1.439,1.421,161131.0,,1.262272089761572,0.8415147265077147,0.012,
515810,2021-10-14,1.438,1.435,1.44,1.434,114440.0,,0.4172461752433939,-0.2086230876216892,-0.0029999999999998,
515810,2021-10-15,1.43,1.44,1.44,1.43,115201.0,,0.6968641114982584,0.3484320557491214,0.0049999999999998,
515810,2021-10-18,1.438,1.429,1.438,1.425,88627.0,,0.9027777777777708,-0.763888888888882,-0.0109999999999998,
515810,2021-10-19,1.429,1.443,1.444,1.428,109741.0,,1.11966410076977,0.9797060881735488,0.014,
515810,2021-10-20,1.449,1.443,1.449,1.439,109238.0,,0.6930006930006936,0.0,0.0,
515810,2021-10-21,1.442,1.441,1.449,1.437,151548.0,,0.8316008316008323,-0.1386001386001387,-0.002,
515810,2021-10-22,1.441,1.445,1.454,1.441,153722.0,,0.9021512838306662,0.2775850104094381,0.004,
515810,2021-10-25,1.444,1.457,1.457,1.443,104653.0,,0.96885813148789,0.8304498269896201,0.012,
515810,2021-10-26,1.455,1.455,1.463,1.454,76124.0,,0.6177076183939683,-0.1372683596431023,-0.002,
515810,2021-10-27,1.445,1.434,1.446,1.431,105293.0,,1.0309278350515396,-1.4432989690721738,-0.0210000000000001,
515810,2021-10-28,1.434,1.423,1.434,1.422,87663.0,,0.8368200836820092,-0.7670850767085007,-0.0109999999999998,
515810,2021-10-29,1.423,1.433,1.434,1.421,88473.0,,0.9135628952916304,0.7027406886858755,0.01,
515810,2021-11-01,1.433,1.432,1.436,1.423,109364.0,,0.9071877180739638,-0.0697836706210824,-0.0010000000000001,
515810,2021-11-02,1.433,1.417,1.437,1.409,130989.0,,1.9553072625698344,-1.0474860335195462,-0.0149999999999999,
515810,2021-11-03,1.416,1.416,1.422,1.412,124631.0,,0.7057163020465779,-0.0705716302046656,-0.0010000000000001,
515810,2021-11-04,1.418,1.431,1.431,1.418,111276.0,,0.9180790960452064,1.0593220338983138,0.0150000000000001,
515810,2021-11-05,1.431,1.425,1.433,1.425,82552.0,,0.5590496156533897,-0.4192872117400423,-0.006,
515810,2021-11-08,1.426,1.426,1.426,1.42,105350.0,,0.4210526315789477,0.0701754385964835,0.0009999999999998,
515810,2021-11-09,1.426,1.424,1.428,1.42,105910.0,,0.5610098176718098,-0.1402524544179524,-0.002,
515810,2021-11-10,1.424,1.418,1.424,1.404,111975.0,,1.4044943820224731,-0.421348314606742,-0.006,
515810,2021-11-11,1.419,1.435,1.435,1.418,86009.0,,1.1988716502115744,1.1988716502115744,0.0170000000000001,
515810,2021-11-12,1.437,1.439,1.44,1.437,67795.0,,0.2090592334494698,0.2787456445993033,0.004,
515810,2021-11-15,1.442,1.436,1.442,1.434,106749.0,,0.5559416261292569,-0.208478109798479,-0.0030000000000001,
515810,2021-11-16,1.435,1.432,1.442,1.431,216238.0,,0.766016713091915,-0.2785515320334264,-0.004,
515810,2021-11-17,1.436,1.436,1.437,1.431,110511.0,,0.4189944134078217,0.2793296089385477,0.004,
515810,2021-11-18,1.44,1.429,1.44,1.422,132871.0,,1.253481894150419,-0.4874651810584886,-0.0069999999999998,
515810,2021-11-19,1.426,1.439,1.439,1.426,74938.0,,0.909727081875446,0.6997900629811062,0.01,
515810,2021-11-22,1.439,1.447,1.448,1.439,82918.0,,0.6254343293954063,0.5559416261292569,0.008,
515810,2021-11-23,1.438,1.451,1.452,1.438,52999.0,,0.9675190048375958,0.2764340013821703,0.004,
515810,2021-11-24,1.451,1.452,1.454,1.448,58988.0,,0.4135079255685737,0.0689179875947546,0.0009999999999998,
515810,2021-11-25,1.456,1.449,1.456,1.448,39508.0,,0.5509641873278243,-0.2066115702479264,-0.0029999999999998,
515810,2021-11-26,1.444,1.441,1.457,1.44,37127.0,,1.173222912353356,-0.5521048999309873,-0.008,
515810,2021-11-29,1.437,1.431,1.437,1.429,88870.0,,0.5551700208188762,-0.6939625260235953,-0.01,
515810,2021-11-30,1.436,1.435,1.442,1.431,84589.0,,0.768693221523403,0.2795248078266948,0.004,
515810,2021-12-01,1.43,1.437,1.438,1.43,35467.0,,0.5574912891986067,0.1393728222996516,0.002,
515810,2021-12-02,1.437,1.442,1.443,1.434,153669.0,,0.6263048016701545,0.3479471120389626,0.0049999999999998,
515810,2021-12-03,1.44,1.448,1.45,1.439,59678.0,,0.7628294036060956,0.4160887656033291,0.006,
515810,2021-12-06,1.449,1.449,1.46,1.449,162024.0,,0.7596685082872858,0.0690607734806707,0.0010000000000001,
515810,2021-12-07,1.453,1.448,1.456,1.447,109829.0,,0.6211180124223531,-0.069013112491381,-0.0010000000000001,
515810,2021-12-08,1.452,1.47,1.47,1.449,147076.0,,1.4502762430939165,1.519337016574587,0.022,
515810,2021-12-09,1.474,1.495,1.499,1.474,128587.0,,1.7006802721088528,1.7006802721088528,0.0250000000000001,
515810,2021-12-10,1.493,1.482,1.493,1.48,195587.0,,0.8695652173913125,-0.8695652173913125,-0.0130000000000001,
515810,2021-12-13,1.482,1.489,1.504,1.482,160067.0,,1.4844804318488545,0.4723346828610065,0.0070000000000001,
515810,2021-12-14,1.49,1.484,1.49,1.482,123533.0,,0.5372733378106116,-0.3357958361316396,-0.0050000000000001,
515810,2021-12-15,1.477,1.474,1.483,1.474,110351.0,,0.6064690026954258,-0.6738544474393537,-0.01,
515810,2021-12-16,1.423,1.478,1.508,1.423,81320.0,,5.766621438263226,0.2713704206241522,0.004,
515810,2021-12-17,1.478,1.465,1.478,1.464,91066.0,,0.9472259810554812,-0.8795669824086536,-0.0129999999999999,
515810,2021-12-20,1.454,1.443,1.464,1.442,124590.0,,1.5017064846416397,-1.5017064846416397,-0.022,
515810,2021-12-21,1.441,1.45,1.451,1.44,111640.0,,0.7623007623007706,0.4851004851004777,0.0069999999999998,
515810,2021-12-22,1.451,1.452,1.454,1.45,83264.0,,0.2758620689655174,0.1379310344827587,0.002,
515810,2021-12-23,1.452,1.462,1.462,1.452,99412.0,,0.6887052341597802,0.6887052341597802,0.01,
515810,2021-12-24,1.462,1.453,1.465,1.451,123152.0,,0.9575923392612868,-0.615595075239391,-0.0089999999999998,
515810,2021-12-27,1.458,1.452,1.458,1.449,39643.0,,0.619408121128692,-0.0688231245698631,-0.0010000000000001,
515810,2021-12-28,1.453,1.46,1.461,1.453,118651.0,,0.5509641873278243,0.5509641873278243,0.008,
515810,2021-12-29,1.456,1.448,1.459,1.448,86268.0,,0.7534246575342548,-0.8219178082191789,-0.012,
515810,2021-12-30,1.45,1.455,1.458,1.448,47442.0,,0.6906077348066305,0.483425414364649,0.0070000000000001,
515810,2021-12-31,1.46,1.463,1.464,1.459,76536.0,,0.3436426116838414,0.5498281786941586,0.008,
515810,2022-01-04,1.465,1.458,1.465,1.45,129288.0,,1.025290498974718,-0.3417634996582444,-0.0050000000000001,
515810,2022-01-05,1.45,1.441,1.453,1.434,190886.0,,1.3031550068587194,-1.165980795610419,-0.0169999999999999,
515810,2022-01-06,1.436,1.426,1.436,1.42,151532.0,,1.1103400416377525,-1.0409437890354003,-0.0150000000000001,
515810,2022-01-07,1.43,1.43,1.436,1.43,111418.0,,0.4207573632538574,0.2805049088359049,0.004,
515810,2022-01-10,1.425,1.429,1.433,1.416,113166.0,,1.1888111888111976,-0.0699300699300622,-0.0009999999999998,
515810,2022-01-11,1.431,1.422,1.435,1.421,73271.0,,0.9797060881735488,-0.4898530440867821,-0.0070000000000001,
515810,2022-01-12,1.427,1.432,1.433,1.425,88250.0,,0.5625879043600568,0.703234880450071,0.01,
515810,2022-01-13,1.436,1.411,1.436,1.411,96489.0,,1.7458100558659158,-1.4664804469273678,-0.0209999999999999,
515810,2022-01-14,1.406,1.399,1.41,1.399,102679.0,,0.7795889440113323,-0.8504606661941894,-0.012,
515810,2022-01-17,1.404,1.412,1.433,1.401,91729.0,,2.287348105789852,0.9292351679771194,0.0129999999999999,
515810,2022-01-18,1.412,1.425,1.427,1.409,103820.0,,1.274787535410766,0.9206798866855612,0.0130000000000001,
515810,2022-01-19,1.425,1.415,1.429,1.408,78427.0,,1.4736842105263248,-0.7017543859649129,-0.01,
515810,2022-01-20,1.415,1.421,1.428,1.415,90155.0,,0.9187279151943392,0.4240282685512371,0.006,
515810,2022-01-21,1.421,1.408,1.421,1.407,73090.0,,0.9852216748768482,-0.9148486980999382,-0.0130000000000001,
515810,2022-01-24,1.407,1.409,1.412,1.399,93990.0,,0.9232954545454476,0.0710227272727352,0.0010000000000001,
515810,2022-01-25,1.407,1.377,1.407,1.377,75174.0,,2.129169623846701,-2.271114265436481,-0.032,
515810,2022-01-26,1.378,1.384,1.386,1.37,95660.0,,1.1619462599854606,0.508351488743638,0.0069999999999998,
515810,2022-01-27,1.4,1.356,1.4,1.356,78829.0,,3.179190751445074,-2.023121387283223,-0.0279999999999998,
515810,2022-01-28,1.36,1.346,1.365,1.341,131640.0,,1.7699115044247802,-0.7374631268436584,-0.01,
515810,2022-02-07,1.362,1.361,1.368,1.355,96549.0,,0.9658246656760864,1.114413075780082,0.0149999999999999,
515810,2022-02-08,1.361,1.357,1.361,1.335,109523.0,,1.910360029390156,-0.2939015429831009,-0.004,
515810,2022-02-09,1.357,1.373,1.373,1.356,98111.0,,1.2527634487840755,1.1790714812085494,0.016,
515810,2022-02-10,1.371,1.368,1.374,1.363,66977.0,,0.8011653313911231,-0.364166059723226,-0.0049999999999998,
515810,2022-02-11,1.361,1.357,1.375,1.357,93863.0,,1.3157894736842115,-0.8040935672514707,-0.0110000000000001,
515810,2022-02-14,1.358,1.342,1.358,1.34,69198.0,,1.326455416359618,-1.105379513633007,-0.0149999999999999,
515810,2022-02-15,1.345,1.357,1.357,1.343,113065.0,,1.043219076005962,1.117734724292094,0.0149999999999999,
515810,2022-02-16,1.362,1.361,1.367,1.359,64087.0,,0.5895357406042747,0.2947678703021373,0.004,
515810,2022-02-17,1.362,1.362,1.368,1.359,105070.0,,0.6612784717119852,0.0734753857457833,0.0010000000000001,
515810,2022-02-18,1.359,1.37,1.372,1.356,85062.0,,1.1747430249632902,0.5873715124816451,0.008,
515810,2022-02-21,1.367,1.372,1.372,1.363,74710.0,,0.6569343065693517,0.1459854014598541,0.002,
515810,2022-02-22,1.372,1.35,1.372,1.347,69942.0,,1.822157434402342,-1.6034985422740538,-0.022,
515810,2022-02-23,1.358,1.368,1.368,1.356,63528.0,,0.8888888888888896,1.3333333333333344,0.018,
515810,2022-02-24,1.368,1.341,1.368,1.334,94061.0,,2.485380116959066,-1.9736842105263253,-0.0270000000000001,
515810,2022-02-25,1.36,1.354,1.364,1.353,114278.0,,0.8202833706189501,0.969425801640576,0.0130000000000001,
515810,2022-02-28,1.354,1.356,1.356,1.344,50825.0,,0.8862629246676521,0.1477104874446086,0.002,
515810,2022-03-01,1.364,1.367,1.367,1.358,112454.0,,0.6637168141592844,0.8112094395280162,0.0109999999999998,
515810,2022-03-02,1.362,1.358,1.362,1.353,63368.0,,0.6583760058522399,-0.6583760058522237,-0.0089999999999998,
515810,2022-03-03,1.358,1.352,1.361,1.351,45665.0,,0.7363770250368195,-0.4418262150220916,-0.006,
515810,2022-03-04,1.339,1.335,1.347,1.332,18331.0,,1.1094674556212945,-1.2573964497041512,-0.0170000000000001,
515810,2022-03-07,1.335,1.298,1.335,1.294,37215.0,,3.0711610486891328,-2.7715355805243385,-0.0369999999999999,
515810,2022-03-08,1.301,1.267,1.304,1.265,154485.0,,3.004622496147931,-2.388289676425281,-0.0310000000000001,
515810,2022-03-09,1.271,1.247,1.275,1.216,224146.0,,4.656669297553271,-1.578531965272281,-0.0199999999999997,
515810,2022-03-10,1.252,1.273,1.317,1.185,94684.0,,10.585404971932627,2.0850040096230797,0.0259999999999998,
515810,2022-03-11,1.261,1.279,1.28,1.231,155955.0,,3.849175176747835,0.4713275726630012,0.006,
515810,2022-03-14,1.261,1.244,1.272,1.244,80831.0,,2.189210320562942,-2.7365129007036684,-0.0349999999999999,
515810,2022-03-15,1.247,1.186,1.248,1.186,101308.0,,4.9839228295819975,-4.662379421221869,-0.058,
515810,2022-03-16,1.194,1.226,1.236,1.165,231936.0,,5.986509274873521,3.3726812816188905,0.04,
515810,2022-03-17,1.226,1.257,1.287,1.157,143669.0,,10.603588907014672,2.5285481239804177,0.0309999999999999,
515810,2022-03-18,1.252,1.262,1.32,1.226,69698.0,,7.4781225139220435,0.3977724741447984,0.0050000000000001,
515810,2022-03-21,1.26,1.261,1.266,1.252,72881.0,,1.109350237717909,-0.0792393026941451,-0.0010000000000001,
515810,2022-03-22,1.257,1.259,1.267,1.254,77239.0,,1.0309278350515385,-0.1586042823156226,-0.002,
515810,2022-03-23,1.259,1.266,1.269,1.258,40075.0,,0.8737092930897459,0.5559968228753073,0.0070000000000001,
515810,2022-03-24,1.257,1.26,1.263,1.25,53475.0,,1.0268562401263746,-0.4739336492890999,-0.006,
515810,2022-03-25,1.258,1.242,1.261,1.241,21576.0,,1.587301587301571,-1.42857142857143,-0.018,
515810,2022-03-28,1.221,1.23,1.239,1.217,68695.0,,1.7713365539452512,-0.966183574879228,-0.012,
515810,2022-03-29,1.23,1.23,1.239,1.227,34290.0,,0.9756097560975618,0.0,0.0,
515810,2022-03-30,1.234,1.257,1.257,1.234,52560.0,,1.8699186991869847,2.1951219512195053,0.0269999999999999,
515810,2022-03-31,1.259,1.256,1.26,1.254,34149.0,,0.4773269689737475,-0.079554494828949,-0.0009999999999998,
515810,2022-04-01,1.261,1.263,1.319,1.232,59185.0,,6.926751592356685,0.5573248407643229,0.0069999999999998,
515810,2022-04-06,1.265,1.26,1.265,1.258,67921.0,,0.5542359461599284,-0.2375296912113928,-0.0029999999999998,
515810,2022-04-07,1.265,1.249,1.27,1.247,38680.0,,1.8253968253968185,-0.873015873015865,-0.0109999999999998,
515810,2022-04-08,1.249,1.244,1.251,1.234,92694.0,,1.3610888710968696,-0.4003202562049731,-0.0050000000000001,
515810,2022-04-11,1.232,1.211,1.232,1.205,68687.0,,2.170418006430861,-2.6527331189710543,-0.0329999999999999,
515810,2022-04-12,1.211,1.234,1.237,1.203,118181.0,,2.807597027250209,1.8992568125516025,0.0229999999999999,
515810,2022-04-13,1.224,1.222,1.23,1.221,45609.0,,0.7293354943273823,-0.972447325769855,-0.012,
515810,2022-04-14,1.229,1.241,1.241,1.227,71847.0,,1.1456628477905084,1.554828150572842,0.0190000000000001,
515810,2022-04-15,1.232,1.232,1.237,1.226,64610.0,,0.8863819500402997,-0.7252215954875195,-0.0090000000000001,
515810,2022-04-18,1.227,1.225,1.227,1.215,54020.0,,0.9740259740259748,-0.5681818181818097,-0.0069999999999998,
515810,2022-04-19,1.23,1.221,1.23,1.216,7646.0,,1.1428571428571437,-0.3265306122448982,-0.004,
515810,2022-04-20,1.214,1.202,1.217,1.2,68682.0,,1.3923013923014027,-1.5561015561015663,-0.0190000000000001,
515810,2022-04-21,1.198,1.175,1.204,1.172,53427.0,,2.662229617304495,-2.2462562396006582,-0.0269999999999999,
515810,2022-04-22,1.165,1.18,1.183,1.164,38379.0,,1.6170212765957557,0.4255319148936079,0.0049999999999998,
515810,2022-04-25,1.157,1.12,1.158,1.116,93212.0,,3.55932203389829,-5.08474576271185,-0.0599999999999998,
515810,2022-04-26,1.12,1.1,1.13,1.1,74112.0,,2.6785714285714106,-1.785714285714287,-0.02,
515810,2022-04-27,1.1,1.136,1.14,1.098,69418.0,,3.818181818181801,3.2727272727272547,0.0359999999999998,
515810,2022-04-28,1.136,1.14,1.146,1.131,55518.0,,1.320422535211259,0.3521126760563384,0.004,
515810,2022-04-29,1.144,1.169,1.169,1.14,65708.0,,2.543859649122819,2.543859649122819,0.0290000000000001,
515810,2022-05-05,1.174,1.176,1.182,1.17,32306.0,,1.0265183917878538,0.5988023952095719,0.0069999999999998,
515810,2022-05-06,1.16,1.15,1.16,1.145,82653.0,,1.2755102040816244,-2.210884353741499,-0.026,
515810,2022-05-09,1.144,1.142,1.15,1.136,29428.0,,1.2173913043478273,-0.6956521739130441,-0.008,
515810,2022-05-10,1.142,1.15,1.151,1.125,33483.0,,2.2767075306479883,0.7005253940455348,0.008,
515810,2022-05-11,1.162,1.169,1.184,1.162,7646.0,,1.913043478260872,1.6521739130434896,0.0190000000000001,
515810,2022-05-12,1.164,1.168,1.171,1.157,23957.0,,1.197604790419163,-0.0855431993156639,-0.0010000000000001,
515810,2022-05-13,1.176,1.175,1.177,1.169,9478.0,,0.6849315068493157,0.5993150684931609,0.0070000000000001,
515810,2022-05-16,1.181,1.17,1.182,1.167,22009.0,,1.2765957446808427,-0.4255319148936268,-0.0050000000000001,
515810,2022-05-17,1.168,1.178,1.179,1.167,44054.0,,1.0256410256410269,0.6837606837606843,0.008,
515810,2022-05-18,1.178,1.177,1.183,1.171,40961.0,,1.0186757215619704,-0.0848896434634881,-0.0009999999999998,
515810,2022-05-19,1.164,1.178,1.178,1.164,10925.0,,1.189464740866611,0.0849617672047485,0.0009999999999998,
515810,2022-05-20,1.197,1.2,1.2,1.188,30170.0,,1.0186757215619704,1.8675721561969456,0.022,
515810,2022-05-23,1.2,1.198,1.2,1.191,29687.0,,0.7499999999999915,-0.1666666666666668,-0.002,
515810,2022-05-24,1.195,1.164,1.199,1.163,118374.0,,3.005008347245412,-2.838063439065111,-0.034,
515810,2022-05-25,1.17,1.177,1.177,1.167,40286.0,,0.8591065292096227,1.1168384879725193,0.0130000000000001,
515810,2022-05-26,1.176,1.185,1.187,1.165,60833.0,,1.8691588785046744,0.6796941376380635,0.008,
515810,2022-05-27,1.191,1.185,1.198,1.182,38804.0,,1.350210970464136,0.0,0.0,
515810,2022-05-30,1.19,1.192,1.194,1.187,37568.0,,0.5907172995780502,0.5907172995780502,0.0069999999999998,
515810,2022-05-31,1.195,1.21,1.21,1.192,32618.0,,1.5100671140939612,1.5100671140939612,0.018,
515810,2022-06-01,1.21,1.21,1.212,1.205,43900.0,,0.5785123966942063,0.0,0.0,
515810,2022-06-02,1.205,1.214,1.214,1.205,40082.0,,0.7438016528925535,0.3305785123966945,0.004,
515810,2022-06-06,1.214,1.232,1.233,1.209,88764.0,,1.9769357495881403,1.482701812191105,0.018,
515810,2022-06-07,1.235,1.245,1.245,1.233,79795.0,,0.9740259740259748,1.055194805194815,0.0130000000000001,
515810,2022-06-08,1.245,1.248,1.251,1.234,118832.0,,1.3654618473895506,0.240963855421678,0.0029999999999998,
515810,2022-06-09,1.246,1.238,1.252,1.233,43449.0,,1.52243589743589,-0.8012820512820521,-0.01,
515810,2022-06-10,1.233,1.259,1.259,1.232,31599.0,,2.1809369951534663,1.696284329563805,0.0209999999999999,
515810,2022-06-13,1.259,1.242,1.259,1.241,133733.0,,1.4297061159650353,-1.35027799841143,-0.0169999999999999,
515810,2022-06-14,1.244,1.254,1.254,1.22,31853.0,,2.737520128824479,0.966183574879228,0.012,
515810,2022-06-15,1.259,1.276,1.288,1.259,84739.0,,2.3125996810207448,1.7543859649122824,0.022,
515810,2022-06-16,1.281,1.259,1.281,1.259,159314.0,,1.7241379310344842,-1.3322884012539284,-0.0170000000000001,
515810,2022-06-17,1.253,1.278,1.278,1.253,90498.0,,1.98570293884036,1.509134233518676,0.0190000000000001,
515810,2022-06-20,1.282,1.286,1.294,1.274,104420.0,,1.5649452269170594,0.6259780907668236,0.008,
515810,2022-06-21,1.281,1.287,1.293,1.273,121285.0,,1.5552099533437027,0.0777604976671765,0.0009999999999998,
515810,2022-06-22,1.287,1.269,1.287,1.267,43888.0,,1.5540015540015557,-1.3986013986014,-0.018,
515810,2022-06-23,1.27,1.286,1.286,1.264,49893.0,,1.7336485421591823,1.339637509850286,0.0170000000000001,
515810,2022-06-24,1.29,1.303,1.304,1.29,10792.0,,1.088646967340592,1.3219284603421386,0.0169999999999999,
515810,2022-06-27,1.313,1.317,1.327,1.309,163270.0,,1.3814274750575608,1.074443591711436,0.014,
515810,2022-06-28,1.313,1.33,1.333,1.31,53784.0,,1.7463933181472977,0.9870918754745728,0.0130000000000001,
515810,2022-06-29,1.33,1.313,1.335,1.311,62840.0,,1.8045112781954904,-1.278195488721814,-0.0170000000000001,
515810,2022-06-30,1.319,1.33,1.337,1.319,78428.0,,1.370906321401372,1.2947448591013044,0.0170000000000001,
515810,2022-07-01,1.33,1.326,1.333,1.322,57202.0,,0.8270676691729246,-0.3007518796992484,-0.004,
515810,2022-07-04,1.322,1.334,1.335,1.322,28080.0,,0.9803921568627376,0.6033182503770744,0.008,
515810,2022-07-05,1.334,1.334,1.341,1.319,29704.0,,1.649175412293855,0.0,0.0,
515810,2022-07-06,1.334,1.314,1.334,1.305,27790.0,,2.173913043478271,-1.499250374812595,-0.02,
515810,2022-07-07,1.312,1.321,1.326,1.309,55097.0,,1.2937595129376045,0.532724505327237,0.0069999999999998,
515810,2022-07-08,1.324,1.318,1.33,1.317,60173.0,,0.9841029523088662,-0.2271006813020357,-0.0029999999999998,
515810,2022-07-11,1.31,1.299,1.31,1.291,65233.0,,1.4415781487101766,-1.4415781487101766,-0.0190000000000001,
515810,2022-07-12,1.299,1.285,1.302,1.283,74635.0,,1.4626635873749136,-1.077752117013088,-0.014,
515810,2022-07-13,1.285,1.288,1.292,1.279,70456.0,,1.0116731517509825,0.233463035019464,0.0030000000000001,
515810,2022-07-14,1.288,1.288,1.294,1.283,77203.0,,0.8540372670807548,0.0,0.0,
515810,2022-07-15,1.287,1.271,1.295,1.271,92493.0,,1.8633540372670825,-1.3198757763975253,-0.0170000000000001,
515810,2022-07-18,1.272,1.286,1.288,1.266,53128.0,,1.730920535011803,1.180173092053511,0.0150000000000001,
515810,2022-07-19,1.281,1.282,1.284,1.274,107050.0,,0.7776049766718514,-0.3110419906687405,-0.004,
515810,2022-07-20,1.289,1.286,1.292,1.283,66574.0,,0.7020280811232542,0.3120124804992202,0.004,
515810,2022-07-21,1.283,1.277,1.287,1.276,75476.0,,0.8553654743390279,-0.6998444790046748,-0.0090000000000001,
515810,2022-07-22,1.282,1.275,1.286,1.264,57762.0,,1.7227877838684431,-0.1566170712607675,-0.002,
515810,2022-07-25,1.274,1.268,1.274,1.264,64274.0,,0.7843137254901967,-0.5490196078431291,-0.0069999999999998,
515810,2022-07-26,1.271,1.276,1.279,1.268,56984.0,,0.8675078864353233,0.6309148264984233,0.008,
515810,2022-07-27,1.276,1.272,1.276,1.269,79818.0,,0.5485893416927992,-0.3134796238244517,-0.004,
515810,2022-07-28,1.279,1.276,1.286,1.275,69480.0,,0.864779874213846,0.3144654088050317,0.004,
515810,2022-07-29,1.277,1.261,1.281,1.258,154570.0,,1.8025078369905885,-1.1755485893417026,-0.0150000000000001,
515810,2022-08-01,1.251,1.264,1.265,1.25,101987.0,,1.1895321173671611,0.2379064234734428,0.0030000000000001,
515810,2022-08-02,1.264,1.239,1.264,1.228,78169.0,,2.848101265822787,-1.977848101265816,-0.0249999999999999,
515810,2022-08-03,1.239,1.229,1.252,1.227,111697.0,,2.0177562550443837,-0.8071025020177569,-0.01,
515810,2022-08-04,1.228,1.236,1.238,1.227,105304.0,,0.8950366151342471,0.5695687550854267,0.0069999999999998,
515810,2022-08-05,1.24,1.254,1.256,1.238,94054.0,,1.4563106796116518,1.4563106796116518,0.018,
515810,2022-08-08,1.254,1.256,1.257,1.253,38744.0,,0.3189792663476876,0.1594896331738438,0.002,
515810,2022-08-09,1.255,1.258,1.26,1.253,63704.0,,0.5573248407643405,0.159235668789809,0.002,
515810,2022-08-10,1.257,1.249,1.261,1.245,80724.0,,1.2718600953894903,-0.7154213036565895,-0.0089999999999998,
515810,2022-08-11,1.255,1.276,1.277,1.252,89503.0,,2.0016012810248127,2.161729383506798,0.0269999999999999,
515810,2022-08-12,1.273,1.275,1.277,1.272,107505.0,,0.3918495297805558,-0.0783699059561216,-0.0010000000000001,
515810,2022-08-15,1.273,1.272,1.28,1.271,67403.0,,0.7058823529411858,-0.2352941176470503,-0.0029999999999998,
515810,2022-08-16,1.267,1.272,1.279,1.267,58747.0,,0.9433962264150952,0.0,0.0,
515810,2022-08-17,1.272,1.282,1.283,1.265,87966.0,,1.4150943396226427,0.7861635220125793,0.01,
515810,2022-08-18,1.277,1.271,1.278,1.269,130720.0,,0.7020280811232542,-0.8580343213728643,-0.0110000000000001,
515810,2022-08-19,1.269,1.265,1.272,1.262,147906.0,,0.7867820613690015,-0.4720692368214009,-0.006,
515810,2022-08-22,1.258,1.271,1.272,1.257,60258.0,,1.1857707509881523,0.4743083003952574,0.006,
515810,2022-08-23,1.271,1.268,1.271,1.264,66865.0,,0.5507474429582924,-0.2360346184106917,-0.0029999999999998,
515810,2022-08-24,1.271,1.245,1.271,1.243,89644.0,,2.208201892744464,-1.8138801261829585,-0.0229999999999999,
515810,2022-08-25,1.247,1.25,1.252,1.235,148626.0,,1.3654618473895506,0.4016064257028026,0.0049999999999998,
515810,2022-08-26,1.252,1.249,1.257,1.247,81250.0,,0.7999999999999831,-0.0799999999999911,-0.0009999999999998,
515810,2022-08-29,1.25,1.244,1.25,1.237,74778.0,,1.0408326661328982,-0.4003202562049731,-0.0050000000000001,
515810,2022-08-30,1.243,1.241,1.245,1.233,69938.0,,0.9646302250803868,-0.2411575562700877,-0.0029999999999998,
515810,2022-08-31,1.238,1.235,1.247,1.23,81656.0,,1.36986301369864,-0.4834810636583404,-0.006,
515810,2022-09-01,1.235,1.227,1.24,1.226,94557.0,,1.1336032388663977,-0.6477732793522272,-0.008,
515810,2022-09-02,1.229,1.222,1.23,1.217,49980.0,,1.0594947025264791,-0.4074979625101967,-0.0050000000000001,
515810,2022-09-05,1.222,1.22,1.222,1.215,66278.0,,0.5728314238952451,-0.1636661211129297,-0.002,
515810,2022-09-06,1.224,1.233,1.235,1.221,77384.0,,1.1475409836065584,1.0655737704918131,0.0130000000000001,
515810,2022-09-07,1.229,1.235,1.239,1.229,106079.0,,0.8110300081103007,0.1622060016220601,0.002,
515810,2022-09-08,1.24,1.232,1.24,1.231,28412.0,,0.7287449392712466,-0.2429149797570942,-0.0030000000000001,
515810,2022-09-09,1.235,1.247,1.247,1.235,28952.0,,0.9740259740259748,1.2175324675324777,0.0150000000000001,
515810,2022-09-13,1.252,1.25,1.254,1.248,41223.0,,0.481154771451484,0.240577385725733,0.0029999999999998,
515810,2022-09-14,1.23,1.238,1.243,1.23,69420.0,,1.0400000000000098,-0.9600000000000009,-0.012,
515810,2022-09-15,1.242,1.224,1.243,1.217,96386.0,,2.100161550888532,-1.1308562197092094,-0.014,
515810,2022-09-16,1.219,1.194,1.219,1.192,76556.0,,2.2058823529411877,-2.450980392156865,-0.03,
515810,2022-09-19,1.198,1.19,1.199,1.186,79643.0,,1.088777219430496,-0.3350083752093805,-0.004,
515810,2022-09-20,1.195,1.191,1.198,1.189,66333.0,,0.7563025210083948,0.0840336134453875,0.0010000000000001,
515810,2022-09-21,1.187,1.188,1.193,1.181,48612.0,,1.0075566750629732,-0.2518891687657526,-0.0030000000000001,
515810,2022-09-22,1.18,1.179,1.187,1.176,77918.0,,0.925925925925936,-0.7575757575757489,-0.0089999999999998,
515810,2022-09-23,1.183,1.173,1.184,1.167,163978.0,,1.4418999151823495,-0.5089058524173032,-0.006,
515810,2022-09-26,1.173,1.162,1.177,1.161,80187.0,,1.3640238704177334,-0.9377664109122013,-0.0110000000000001,
515810,2022-09-27,1.168,1.18,1.18,1.163,76553.0,,1.462994836488804,1.5490533562822733,0.018,
515810,2022-09-28,1.176,1.16,1.176,1.16,64737.0,,1.3559322033898318,-1.6949152542372898,-0.02,
515810,2022-09-29,1.169,1.161,1.172,1.157,76567.0,,1.2931034482758537,0.0862068965517337,0.0010000000000001,
515810,2022-09-30,1.166,1.155,1.166,1.152,118516.0,,1.2058570198105092,-0.5167958656330753,-0.006,
515810,2022-10-10,1.155,1.131,1.155,1.128,77586.0,,2.337662337662349,-2.0779220779220795,-0.024,
515810,2022-10-11,1.132,1.133,1.136,1.127,81624.0,,0.7957559681697521,0.1768346595932804,0.002,
515810,2022-10-12,1.128,1.15,1.15,1.114,53616.0,,3.177405119152675,1.5004413062665405,0.0169999999999999,
515810,2022-10-13,1.145,1.146,1.153,1.143,63400.0,,0.8695652173913052,-0.347826086956522,-0.004,
515810,2022-10-14,1.156,1.173,1.178,1.155,62337.0,,2.006980802792313,2.3560209424083887,0.0270000000000001,
515810,2022-10-17,1.173,1.176,1.176,1.167,55493.0,,0.7672634271099656,0.2557544757033155,0.0029999999999998,
515810,2022-10-18,1.18,1.174,1.18,1.173,61930.0,,0.5952380952380864,-0.1700680272108845,-0.002,
515810,2022-10-19,1.172,1.161,1.176,1.16,83722.0,,1.3628620102214664,-1.107325383304932,-0.0129999999999999,
515810,2022-10-20,1.156,1.156,1.167,1.148,107002.0,,1.6365202411714148,-0.4306632213609057,-0.0050000000000001,
515810,2022-10-21,1.156,1.151,1.158,1.147,36478.0,,0.9515570934255968,-0.4325259515570843,-0.0049999999999998,
515810,2022-10-24,1.145,1.123,1.159,1.119,167718.0,,3.475238922675937,-2.432667245873156,-0.028,
515810,2022-10-25,1.124,1.117,1.128,1.105,305514.0,,2.0480854853072046,-0.5342831700801429,-0.006,
515810,2022-10-26,1.119,1.126,1.14,1.119,176725.0,,1.8800358102059005,0.8057296329453802,0.0089999999999998,
515810,2022-10-27,1.134,1.121,1.137,1.119,478811.0,,1.5985790408525773,-0.4440497335701505,-0.0049999999999998,
515810,2022-10-28,1.113,1.095,1.116,1.088,705730.0,,2.49776984834969,-2.319357716324712,-0.026,
515810,2022-10-31,1.09,1.085,1.097,1.08,137605.0,,1.5525114155251054,-0.9132420091324208,-0.01,
515810,2022-11-01,1.089,1.119,1.12,1.088,185799.0,,2.9493087557603714,3.1336405529953946,0.034,
515810,2022-11-02,1.114,1.133,1.139,1.113,288495.0,,2.323503127792674,1.25111706881144,0.014,
515810,2022-11-03,1.128,1.127,1.13,1.12,128864.0,,0.8826125330979512,-0.5295675198587825,-0.006,
515810,2022-11-04,1.133,1.162,1.166,1.133,78757.0,,2.928127772848262,3.1055900621117942,0.0349999999999999,
515810,2022-11-07,1.184,1.163,1.184,1.155,73976.0,,2.49569707401032,0.0860585197934692,0.0010000000000001,
515810,2022-11-08,1.162,1.157,1.164,1.15,82687.0,,1.2037833190025806,-0.5159071367153917,-0.006,
515810,2022-11-09,1.157,1.148,1.161,1.148,88857.0,,1.123595505617988,-0.777873811581687,-0.0090000000000001,
515810,2022-11-10,1.144,1.142,1.146,1.136,56164.0,,0.8710801393728231,-0.5226480836236939,-0.006,
515810,2022-11-11,1.144,1.169,1.182,1.144,94707.0,,3.3274956217162908,2.36427320490369,0.0270000000000001,
515810,2022-11-14,1.176,1.165,1.184,1.164,71232.0,,1.7108639863130894,-0.3421727972626179,-0.004,
515810,2022-11-15,1.159,1.187,1.188,1.159,51063.0,,2.489270386266087,1.8884120171673835,0.022,
515810,2022-11-16,1.187,1.181,1.192,1.18,48207.0,,1.0109519797809612,-0.5054759898904806,-0.006,
515810,2022-11-17,1.174,1.176,1.177,1.165,75725.0,,1.0160880609652845,-0.4233700254022113,-0.0050000000000001,
515810,2022-11-18,1.177,1.174,1.184,1.172,51439.0,,1.020408163265307,-0.1700680272108845,-0.002,
515810,2022-11-21,1.173,1.166,1.173,1.154,35913.0,,1.6183986371380008,-0.6814310051107332,-0.008,
515810,2022-11-22,1.165,1.164,1.173,1.16,93534.0,,1.1149228130360311,-0.1715265866209264,-0.002,
515810,2022-11-23,1.16,1.164,1.165,1.157,163726.0,,0.6872852233676983,0.0,0.0,
515810,2022-11-24,1.169,1.16,1.17,1.159,99334.0,,0.9450171821305756,-0.3436426116838491,-0.004,
515810,2022-11-25,1.157,1.164,1.167,1.155,62067.0,,1.0344827586206906,0.3448275862068969,0.004,
515810,2022-11-28,1.161,1.15,1.161,1.134,101358.0,,2.319587628865991,-1.2027491408934718,-0.014,
515810,2022-11-29,1.154,1.18,1.183,1.154,128866.0,,2.5217391304347947,2.608695652173916,0.03,
515810,2022-11-30,1.18,1.179,1.186,1.176,85095.0,,0.8474576271186449,-0.084745762711855,-0.0009999999999998,
515810,2022-12-01,1.184,1.194,1.206,1.184,93512.0,,1.865988125530112,1.2722646310432486,0.0149999999999999,
515810,2022-12-02,1.192,1.188,1.195,1.187,88693.0,,0.6700167504187611,-0.5025125628140708,-0.006,
515810,2022-12-05,1.19,1.207,1.208,1.19,68345.0,,1.5151515151515165,1.59932659932661,0.0190000000000001,
515810,2022-12-06,1.207,1.212,1.218,1.203,97778.0,,1.2427506213753026,0.4142502071250947,0.0049999999999998,
515810,2022-12-07,1.207,1.209,1.219,1.205,66739.0,,1.1551155115511562,-0.2475247524752385,-0.0029999999999998,
515810,2022-12-08,1.208,1.209,1.213,1.206,36172.0,,0.5789909015715564,0.0,0.0,
515810,2022-12-09,1.213,1.218,1.22,1.205,89004.0,,1.2406947890818776,0.7444168734491229,0.0089999999999998,
515810,2022-12-12,1.218,1.206,1.218,1.206,87013.0,,0.9852216748768482,-0.9852216748768482,-0.012,
515810,2022-12-13,1.21,1.205,1.21,1.203,80885.0,,0.5804311774460941,-0.0829187396351484,-0.0009999999999998,
515810,2022-12-14,1.205,1.204,1.209,1.203,43942.0,,0.4979253112033199,-0.0829875518672292,-0.0010000000000001,
515810,2022-12-15,1.206,1.204,1.208,1.199,37210.0,,0.747508305647832,0.0,0.0,
515810,2022-12-16,1.204,1.202,1.204,1.197,70138.0,,0.5813953488372006,-0.1661129568106313,-0.002,
515810,2022-12-19,1.202,1.183,1.202,1.178,60416.0,,1.9966722129783712,-1.5806988352745348,-0.0189999999999999,
515810,2022-12-20,1.176,1.166,1.176,1.16,74606.0,,1.352493660185969,-1.4370245139476014,-0.0170000000000001,
515810,2022-12-21,1.176,1.165,1.176,1.162,69084.0,,1.2006861063464849,-0.0857632933104536,-0.0009999999999998,
515810,2022-12-22,1.17,1.163,1.177,1.16,64070.0,,1.4592274678111696,-0.1716738197424894,-0.002,
515810,2022-12-23,1.163,1.161,1.167,1.157,52405.0,,0.8598452278589861,-0.1719690455717972,-0.002,
515810,2022-12-26,1.173,1.167,1.173,1.162,80023.0,,0.9474590869939812,0.5167958656330753,0.006,
515810,2022-12-27,1.174,1.181,1.181,1.172,48002.0,,0.7712082262210899,1.1996572407883472,0.014,
515810,2022-12-28,1.177,1.176,1.179,1.173,86779.0,,0.5080440304826422,-0.4233700254022113,-0.0050000000000001,
515810,2022-12-29,1.17,1.172,1.176,1.167,79507.0,,0.7653061224489709,-0.340136054421769,-0.004,
515810,2022-12-30,1.172,1.176,1.179,1.172,52012.0,,0.5972696245733888,0.3412969283276453,0.004,
515810,2023-01-03,1.176,1.185,1.186,1.167,83744.0,,1.6156462585033935,0.7653061224489898,0.0090000000000001,
515810,2023-01-04,1.19,1.184,1.19,1.18,36693.0,,0.8438818565400852,-0.0843881856540178,-0.0010000000000001,
515810,2023-01-05,1.179,1.204,1.205,1.179,54904.0,,2.1959459459459483,1.6891891891891906,0.02,
515810,2023-01-06,1.205,1.207,1.212,1.203,59410.0,,0.747508305647832,0.2491694352159562,0.0030000000000001,
515810,2023-01-09,1.207,1.215,1.22,1.207,59337.0,,1.077050538525261,0.6628003314001663,0.008,
515810,2023-01-10,1.212,1.217,1.219,1.212,62498.0,,0.5761316872428079,0.1646090534979425,0.002,
515810,2023-01-11,1.216,1.216,1.223,1.214,72872.0,,0.7395234182415874,-0.0821692686935178,-0.0010000000000001,
515810,2023-01-12,1.218,1.215,1.218,1.212,69546.0,,0.4934210526315794,-0.0822368421052541,-0.0009999999999998,
515810,2023-01-13,1.22,1.23,1.23,1.22,52745.0,,0.8230452674897125,1.2345679012345598,0.0149999999999999,
515810,2023-01-16,1.232,1.248,1.26,1.232,95301.0,,2.276422764227644,1.4634146341463428,0.018,
515810,2023-01-17,1.25,1.248,1.252,1.244,54649.0,,0.6410256410256416,0.0,0.0,
515810,2023-01-18,1.249,1.249,1.253,1.248,48589.0,,0.4006410256410171,0.080128205128214,0.0010000000000001,
515810,2023-01-19,1.244,1.257,1.257,1.244,35395.0,,1.0408326661328982,0.640512409927925,0.0079999999999997,
515810,2023-01-20,1.261,1.264,1.267,1.26,48054.0,,0.5568814638026965,0.5568814638027142,0.0070000000000001,
515810,2023-01-30,1.269,1.27,1.288,1.269,124436.0,,1.503164556962035,0.4746835443037979,0.006,
515810,2023-01-31,1.267,1.259,1.273,1.257,89939.0,,1.2598425196850405,-0.8661417322834741,-0.0110000000000001,
515810,2023-02-01,1.263,1.273,1.273,1.256,70183.0,,1.35027799841143,1.1119936457505968,0.014,
515810,2023-02-02,1.274,1.268,1.274,1.268,53634.0,,0.4713275726630012,-0.392772977219159,-0.0049999999999998,
515810,2023-02-03,1.263,1.26,1.263,1.247,22928.0,,1.2618296529968291,-0.6309148264984233,-0.008,
515810,2023-02-06,1.254,1.244,1.254,1.24,29098.0,,1.111111111111112,-1.2698412698412709,-0.016,
515810,2023-02-07,1.243,1.248,1.25,1.242,40158.0,,0.6430868167202578,0.3215434083601289,0.004,
515810,2023-02-08,1.25,1.242,1.252,1.242,29211.0,,0.8012820512820521,-0.4807692307692312,-0.006,
515810,2023-02-09,1.24,1.256,1.258,1.24,39017.0,,1.449275362318842,1.1272141706924326,0.014,
515810,2023-02-10,1.256,1.252,1.257,1.247,37838.0,,0.7961783439490275,-0.3184713375796181,-0.004,
515810,2023-02-13,1.253,1.262,1.264,1.25,49105.0,,1.1182108626198093,0.7987220447284351,0.01,
515810,2023-02-14,1.267,1.263,1.267,1.257,85891.0,,0.7923930269413636,0.0792393026941275,0.0009999999999998,
515810,2023-02-15,1.264,1.257,1.266,1.256,29494.0,,0.7917656373713389,-0.4750593824228033,-0.006,
515810,2023-02-16,1.258,1.246,1.27,1.242,39211.0,,2.2275258552108217,-0.8750994431185282,-0.0109999999999998,
515810,2023-02-17,1.248,1.234,1.25,1.234,101527.0,,1.2841091492776897,-0.9630818619582672,-0.012,
515810,2023-02-20,1.238,1.26,1.261,1.231,55298.0,,2.43111831442462,2.106969205834686,0.026,
515810,2023-02-21,1.26,1.262,1.266,1.255,35917.0,,0.8730158730158826,0.1587301587301588,0.002,
515810,2023-02-22,1.256,1.253,1.26,1.252,44704.0,,0.6339144215530909,-0.713153724247236,-0.0090000000000001,
515810,2023-02-23,1.256,1.253,1.261,1.249,19304.0,,0.9577015163607174,0.0,0.0,
515810,2023-02-24,1.248,1.243,1.25,1.237,43937.0,,1.0375099760574542,-0.7980845969672615,-0.0099999999999997,
515810,2023-02-27,1.243,1.238,1.243,1.235,49348.0,,0.6436041834271927,-0.4022526146420044,-0.0050000000000001,
515810,2023-02-28,1.233,1.245,1.246,1.233,62902.0,,1.050080775444257,0.5654281098546137,0.0070000000000001,
515810,2023-03-01,1.245,1.261,1.264,1.242,49871.0,,1.767068273092371,1.285140562248979,0.0159999999999997,
515810,2023-03-02,1.261,1.259,1.263,1.258,50039.0,,0.3965107057890478,-0.1586042823156226,-0.002,
515810,2023-03-03,1.261,1.262,1.263,1.253,34417.0,,0.7942811755361406,0.238284352660851,0.0030000000000001,
515810,2023-03-06,1.26,1.256,1.26,1.251,54132.0,,0.713153724247236,-0.4754358161648182,-0.006,
515810,2023-03-07,1.252,1.238,1.258,1.238,86659.0,,1.5923566878980906,-1.4331210191082815,-0.018,
515810,2023-03-08,1.233,1.236,1.237,1.23,81798.0,,0.5654281098546137,-0.161550888529887,-0.002,
515810,2023-03-09,1.236,1.232,1.237,1.226,54513.0,,0.8899676375404628,-0.3236245954692559,-0.004,
515810,2023-03-10,1.225,1.216,1.228,1.216,121548.0,,0.9740259740259748,-1.2987012987012998,-0.016,
515810,2023-03-13,1.222,1.226,1.227,1.217,86085.0,,0.8223684210526324,0.8223684210526324,0.01,
515810,2023-03-14,1.226,1.218,1.226,1.207,88747.0,,1.549755301794446,-0.652528548123981,-0.008,
515810,2023-03-15,1.218,1.22,1.228,1.218,97218.0,,0.8210180623973735,0.1642036124794746,0.002,
515810,2023-03-16,1.22,1.205,1.22,1.204,91338.0,,1.3114754098360668,-1.2295081967213035,-0.0149999999999999,
515810,2023-03-17,1.21,1.212,1.225,1.209,109862.0,,1.32780082987552,0.5809128630705307,0.0069999999999998,
515810,2023-03-20,1.215,1.206,1.217,1.205,71938.0,,0.990099009900991,-0.4950495049504955,-0.006,
515810,2023-03-21,1.211,1.219,1.22,1.211,85319.0,,0.7462686567164094,1.0779436152570585,0.0130000000000001,
515810,2023-03-22,1.224,1.226,1.23,1.222,66573.0,,0.6562756357670227,0.5742411812961358,0.0069999999999998,
515810,2023-03-23,1.225,1.236,1.236,1.224,47461.0,,0.9787928221859716,0.8156606851549764,0.01,
515810,2023-03-24,1.236,1.235,1.237,1.233,65532.0,,0.3236245954692559,-0.080906148867305,-0.0009999999999998,
515810,2023-03-27,1.232,1.23,1.232,1.225,64924.0,,0.5668016194331899,-0.4048582995951509,-0.0050000000000001,
515810,2023-03-28,1.23,1.227,1.234,1.226,75945.0,,0.6504065040650413,-0.2439024390243814,-0.0029999999999998,
515810,2023-03-29,1.232,1.229,1.232,1.224,86226.0,,0.6519967400163004,0.1629991850040751,0.002,
515810,2023-03-30,1.228,1.238,1.238,1.223,59871.0,,1.2205044751830676,0.732302685109837,0.0089999999999998,
515810,2023-03-31,1.24,1.243,1.244,1.239,60313.0,,0.4038772213247087,0.4038772213247266,0.0050000000000001,
515810,2023-04-03,1.246,1.253,1.254,1.245,54145.0,,0.724054706355583,0.8045052292839732,0.0099999999999997,
515810,2023-04-04,1.253,1.257,1.257,1.251,75920.0,,0.4788507581803675,0.3192338387869117,0.004,
515810,2023-04-06,1.252,1.257,1.257,1.25,88948.0,,0.5568814638026965,0.0,0.0,
515810,2023-04-07,1.252,1.266,1.267,1.252,49011.0,,1.19331742243436,0.7159904534606301,0.0090000000000001,
515810,2023-04-10,1.266,1.261,1.266,1.257,55062.0,,0.7109004739336587,-0.3949447077409253,-0.0050000000000001,
515810,2023-04-11,1.26,1.258,1.261,1.254,63813.0,,0.5551149881046705,-0.2379064234734252,-0.0029999999999998,
515810,2023-04-12,1.259,1.258,1.261,1.256,53182.0,,0.3974562798092125,0.0,0.0,
515810,2023-04-13,1.255,1.251,1.257,1.249,83557.0,,0.6359300476947365,-0.5564387917329187,-0.0070000000000001,
515810,2023-04-14,1.254,1.256,1.258,1.252,36497.0,,0.4796163069544369,0.399680255795373,0.0050000000000001,
515810,2023-04-17,1.258,1.27,1.272,1.258,82632.0,,1.1146496815286633,1.1146496815286633,0.014,
515810,2023-04-18,1.27,1.274,1.277,1.27,82655.0,,0.5511811023621965,0.3149606299212601,0.004,
515810,2023-04-19,1.275,1.26,1.275,1.26,82194.0,,1.1773940345368838,-1.0989010989011,-0.014,
515810,2023-04-20,1.261,1.258,1.262,1.254,82684.0,,0.6349206349206354,-0.1587301587301588,-0.002,
515810,2023-04-21,1.26,1.236,1.26,1.235,88821.0,,1.987281399046098,-1.748807631160574,-0.022,
515810,2023-04-24,1.234,1.221,1.234,1.216,118829.0,,1.4563106796116518,-1.2135922330097009,-0.0149999999999999,
515810,2023-04-25,1.223,1.211,1.223,1.2,72765.0,,1.8837018837018944,-0.8190008190008197,-0.01,
515810,2023-04-26,1.211,1.209,1.217,1.205,77951.0,,0.9909165978530148,-0.1651527663088358,-0.002,
515810,2023-04-27,1.212,1.22,1.224,1.209,74842.0,,1.2406947890818776,0.909842845326708,0.0109999999999998,
515810,2023-04-28,1.223,1.232,1.233,1.223,118936.0,,0.8196721311475417,0.9836065573770502,0.012,
515810,2023-05-04,1.22,1.235,1.236,1.22,80136.0,,1.2987012987012998,0.2435064935065027,0.0030000000000001,
515810,2023-05-05,1.235,1.229,1.237,1.224,76185.0,,1.0526315789473784,-0.4858299595141704,-0.006,
515810,2023-05-08,1.229,1.24,1.242,1.229,77589.0,,1.0577705451586574,0.8950366151342471,0.0109999999999998,
515810,2023-05-09,1.241,1.234,1.249,1.233,112928.0,,1.2903225806451626,-0.4838709677419359,-0.006,
515810,2023-05-10,1.229,1.222,1.229,1.22,81808.0,,0.7293354943274002,-0.972447325769855,-0.012,
515810,2023-05-11,1.222,1.221,1.227,1.22,51289.0,,0.5728314238952633,-0.0818330605564558,-0.0009999999999998,
515810,2023-05-12,1.219,1.207,1.224,1.207,41164.0,,1.3923013923013845,-1.1466011466011476,-0.014,
515810,2023-05-15,1.206,1.223,1.224,1.202,82074.0,,1.8227009113504573,1.3256006628003325,0.016,
515810,2023-05-16,1.224,1.216,1.224,1.213,60556.0,,0.8994276369582909,-0.5723630417007454,-0.0070000000000001,
515810,2023-05-17,1.215,1.212,1.216,1.209,53030.0,,0.5756578947368335,-0.3289473684210529,-0.004,
515810,2023-05-18,1.213,1.212,1.218,1.208,62441.0,,0.8250825082508259,0.0,0.0,
515810,2023-05-19,1.208,1.21,1.215,1.204,100722.0,,0.9075907590759176,-0.1650165016501651,-0.002,
515810,2023-05-22,1.224,1.216,1.224,1.208,57491.0,,1.322314049586778,0.4958677685950418,0.006,
515810,2023-05-23,1.216,1.2,1.216,1.2,32082.0,,1.3157894736842115,-1.3157894736842115,-0.016,
515810,2023-05-24,1.186,1.189,1.198,1.186,116346.0,,1.0000000000000009,-0.9166666666666584,-0.0109999999999998,
515810,2023-05-25,1.189,1.184,1.189,1.175,76236.0,,1.1774600504625743,-0.420521446593786,-0.0050000000000001,
515810,2023-05-26,1.184,1.187,1.188,1.175,84272.0,,1.0979729729729648,0.253378378378388,0.0030000000000001,
515810,2023-05-29,1.188,1.182,1.191,1.179,58703.0,,1.0109519797809612,-0.4212299915754098,-0.0050000000000001,
515810,2023-05-30,1.182,1.184,1.185,1.17,65296.0,,1.2690355329949343,0.1692047377326566,0.002,
515810,2023-05-31,1.176,1.177,1.181,1.171,55293.0,,0.8445945945945953,-0.5912162162162073,-0.0069999999999998,
515810,2023-06-01,1.174,1.179,1.185,1.172,44658.0,,1.1045029736618626,0.1699235344095158,0.002,
515810,2023-06-02,1.182,1.195,1.197,1.182,45675.0,,1.2722646310432677,1.3570822731128087,0.016,
515810,2023-06-05,1.195,1.191,1.195,1.187,18780.0,,0.6694560669456072,-0.3347280334728036,-0.004,
515810,2023-06-06,1.191,1.178,1.195,1.177,47760.0,,1.5113350125944598,-1.0915197313182303,-0.0130000000000001,
515810,2023-06-07,1.18,1.171,1.181,1.171,59817.0,,0.8488964346349752,-0.5942275042444733,-0.0069999999999998,
515810,2023-06-08,1.174,1.181,1.183,1.17,46338.0,,1.110162254483358,0.853970964987191,0.01,
515810,2023-06-09,1.182,1.186,1.186,1.179,41210.0,,0.5927180355630732,0.4233700254021925,0.0049999999999998,
515810,2023-06-12,1.186,1.19,1.193,1.183,33675.0,,0.8431703204047226,0.337268128161889,0.004,
515810,2023-06-13,1.187,1.193,1.195,1.187,53294.0,,0.6722689075630258,0.252100840336144,0.0030000000000001,
515810,2023-06-14,1.198,1.197,1.203,1.195,41390.0,,0.6705783738474439,0.3352891869237219,0.004,
515810,2023-06-15,1.195,1.213,1.213,1.195,61289.0,,1.503759398496242,1.3366750208855482,0.016,
515810,2023-06-16,1.214,1.225,1.226,1.214,57414.0,,0.9892827699917568,0.9892827699917568,0.012,
515810,2023-06-19,1.222,1.216,1.223,1.214,30904.0,,0.7346938775510301,-0.7346938775510301,-0.0090000000000001,
515810,2023-06-20,1.215,1.216,1.22,1.213,57037.0,,0.5756578947368335,0.0,0.0,
515810,2023-06-21,1.211,1.198,1.212,1.197,55780.0,,1.2335526315789394,-1.480263157894738,-0.018,
515810,2023-06-26,1.198,1.179,1.198,1.177,47635.0,,1.7529215358931476,-1.585976627712847,-0.0189999999999999,
515810,2023-06-27,1.179,1.192,1.192,1.179,38369.0,,1.1026293469041475,1.1026293469041475,0.0129999999999999,
515810,2023-06-28,1.186,1.189,1.191,1.178,43657.0,,1.090604026845648,-0.2516778523489842,-0.0029999999999998,
515810,2023-06-29,1.188,1.187,1.19,1.184,26658.0,,0.504625735912532,-0.1682085786375106,-0.002,
515810,2023-06-30,1.185,1.198,1.198,1.185,48107.0,,1.095197978096032,0.9267059814658718,0.0109999999999998,
515810,2023-07-03,1.199,1.21,1.212,1.199,33615.0,,1.085141903171945,1.001669449081804,0.012,
515810,2023-07-04,1.21,1.211,1.212,1.206,37148.0,,0.4958677685950418,0.0826446280991828,0.0010000000000001,
515810,2023-07-05,1.21,1.204,1.211,1.201,48099.0,,0.825763831544179,-0.5780346820809346,-0.0070000000000001,
515810,2023-07-06,1.204,1.195,1.205,1.193,46667.0,,0.9966777408637884,-0.747508305647832,-0.0089999999999998,
515810,2023-07-07,1.195,1.191,1.195,1.19,59461.0,,0.4184100418410139,-0.3347280334728036,-0.004,
515810,2023-07-10,1.196,1.196,1.202,1.193,59671.0,,0.7556675062972206,0.4198152812762295,0.0049999999999998,
515810,2023-07-11,1.199,1.204,1.204,1.195,59506.0,,0.7525083612040048,0.6688963210702347,0.008,
515810,2023-07-12,1.205,1.197,1.205,1.196,34950.0,,0.7475083056478504,-0.5813953488372006,-0.0069999999999998,
515810,2023-07-13,1.199,1.213,1.216,1.199,40511.0,,1.4202172096908858,1.3366750208855482,0.016,
515810,2023-07-14,1.217,1.215,1.218,1.214,35542.0,,0.3297609233305856,0.1648804616652928,0.002,
515810,2023-07-17,1.215,1.206,1.215,1.202,62474.0,,1.0699588477366355,-0.7407407407407505,-0.0090000000000001,
515810,2023-07-18,1.206,1.205,1.209,1.201,80153.0,,0.663349917081261,-0.0829187396351484,-0.0009999999999998,
515810,2023-07-19,1.206,1.203,1.206,1.198,49383.0,,0.66390041493776,-0.16597510373444,-0.002,
515810,2023-07-20,1.206,1.194,1.21,1.193,101134.0,,1.4131338320864426,-0.7481296758104837,-0.0090000000000001,
515810,2023-07-21,1.192,1.194,1.201,1.19,58091.0,,0.9212730318258058,0.0,0.0,
515810,2023-07-24,1.188,1.19,1.195,1.187,33468.0,,0.6700167504187611,-0.3350083752093805,-0.004,
515810,2023-07-25,1.19,1.222,1.222,1.19,74905.0,,2.6890756302521037,2.6890756302521037,0.032,
515810,2023-07-26,1.222,1.218,1.222,1.214,57481.0,,0.6546644844517191,-0.3273322422258595,-0.004,
515810,2023-07-27,1.219,1.216,1.224,1.214,57035.0,,0.8210180623973735,-0.1642036124794746,-0.002,
515810,2023-07-28,1.211,1.242,1.244,1.211,85455.0,,2.713815789473678,2.138157894736844,0.026,
515810,2023-07-31,1.251,1.246,1.261,1.244,107146.0,,1.3687600644122306,0.3220611916264093,0.004,
515810,2023-08-01,1.249,1.241,1.252,1.24,85348.0,,0.9630818619582672,-0.4012841091492691,-0.0049999999999998,
515810,2023-08-02,1.24,1.235,1.246,1.232,105627.0,,1.128122481869461,-0.4834810636583404,-0.006,
515810,2023-08-03,1.235,1.245,1.245,1.234,82175.0,,0.8906882591093214,0.8097165991902842,0.01,
515810,2023-08-04,1.253,1.25,1.262,1.247,96933.0,,1.2048192771084258,0.4016064257028026,0.0049999999999998,
515810,2023-08-07,1.25,1.244,1.25,1.241,151518.0,,0.7199999999999918,-0.4800000000000003,-0.006,
515810,2023-08-08,1.244,1.246,1.246,1.236,77288.0,,0.8038585209003222,0.1607717041800644,0.002,
515810,2023-08-09,1.237,1.236,1.24,1.234,62810.0,,0.4815409309791336,-0.8025682182985562,-0.01,
515810,2023-08-10,1.236,1.238,1.239,1.229,59550.0,,0.80906148867314,0.1618122977346279,0.002,
515810,2023-08-11,1.239,1.215,1.239,1.214,78955.0,,2.0193861066235974,-1.857835218093692,-0.0229999999999999,
515810,2023-08-14,1.203,1.206,1.209,1.193,53944.0,,1.3168724279835402,-0.7407407407407505,-0.0090000000000001,
515810,2023-08-15,1.208,1.202,1.209,1.193,62577.0,,1.326699834162522,-0.3316749585406305,-0.004,
515810,2023-08-16,1.202,1.197,1.207,1.195,61326.0,,0.9983361064891856,-0.4159733777038181,-0.0049999999999998,
515810,2023-08-17,1.193,1.201,1.204,1.186,52667.0,,1.503759398496242,0.334168755221387,0.004,
515810,2023-08-18,1.204,1.187,1.204,1.186,56598.0,,1.4987510407993352,-1.1656952539550385,-0.014,
515810,2023-08-21,1.187,1.172,1.187,1.172,64965.0,,1.263689974726211,-1.263689974726211,-0.0150000000000001,
515810,2023-08-22,1.172,1.182,1.183,1.164,68051.0,,1.621160409556325,0.8532423208191133,0.01,
515810,2023-08-23,1.182,1.159,1.182,1.158,78152.0,,2.0304568527918803,-1.9458544839255425,-0.0229999999999999,
515810,2023-08-24,1.164,1.167,1.173,1.161,60109.0,,1.0353753235547896,0.690250215703193,0.008,
515810,2023-08-25,1.167,1.167,1.168,1.157,63916.0,,0.9425878320479776,0.0,0.0,
515810,2023-08-28,1.258,1.18,1.265,1.176,84780.0,,7.626392459297341,1.1139674378748845,0.0129999999999999,
515810,2023-08-29,1.18,1.187,1.194,1.172,70808.0,,1.8644067796610189,0.5932203389830608,0.0070000000000001,
515810,2023-08-30,1.192,1.188,1.196,1.186,65630.0,,0.842459983150801,0.0842459983150707,0.0009999999999998,
515810,2023-08-31,1.187,1.182,1.19,1.18,69026.0,,0.8417508417508426,-0.5050505050505055,-0.006,
515810,2023-09-01,1.182,1.189,1.194,1.182,52728.0,,1.01522842639594,0.5922165820643078,0.0070000000000001,
515810,2023-09-04,1.195,1.205,1.208,1.193,133710.0,,1.2615643397813203,1.3456686291000852,0.016,
515810,2023-09-05,1.22,1.197,1.22,1.195,33358.0,,2.0746887966804906,-0.66390041493776,-0.008,
515810,2023-09-06,1.197,1.195,1.197,1.189,49145.0,,0.6683375104427741,-0.1670843776106935,-0.002,
515810,2023-09-07,1.195,1.18,1.195,1.178,62607.0,,1.4225941422594246,-1.255230125523023,-0.0150000000000001,
515810,2023-09-08,1.176,1.176,1.177,1.17,96592.0,,0.5932203389830608,-0.3389830508474579,-0.004,
515810,2023-09-11,1.167,1.184,1.19,1.167,94891.0,,1.9557823129251624,0.6802721088435381,0.008,
515810,2023-09-12,1.184,1.181,1.186,1.181,125606.0,,0.4222972972972883,-0.2533783783783692,-0.0029999999999998,
515810,2023-09-13,1.181,1.173,1.183,1.167,214595.0,,1.354784081287046,-0.677392040643523,-0.008,
515810,2023-09-14,1.174,1.173,1.176,1.169,109882.0,,0.5967604433077489,0.0,0.0,
515810,2023-09-15,1.174,1.169,1.177,1.164,118454.0,,1.1082693947144178,-0.3410059676044333,-0.004,
515810,2023-09-18,1.166,1.172,1.175,1.163,121561.0,,1.0265183917878538,0.2566295979469539,0.0029999999999998,
515810,2023-09-19,1.172,1.171,1.172,1.165,203348.0,,0.59726962457337,-0.0853242320819018,-0.0009999999999998,
515810,2023-09-20,1.171,1.166,1.171,1.166,60734.0,,0.4269854824936051,-0.4269854824936051,-0.0050000000000001,
515810,2023-09-21,1.163,1.156,1.167,1.156,81770.0,,0.9433962264151048,-0.8576329331046321,-0.01,
515810,2023-09-22,1.157,1.174,1.175,1.154,107448.0,,1.816608996539804,1.5570934256055378,0.018,
515810,2023-09-25,1.175,1.168,1.175,1.167,99391.0,,0.6814310051107332,-0.5110732538330499,-0.006,
515810,2023-09-26,1.168,1.162,1.169,1.161,94078.0,,0.6849315068493157,-0.5136986301369868,-0.006,
515810,2023-09-27,1.162,1.165,1.172,1.162,111139.0,,0.8605851979345963,0.2581755593803885,0.0030000000000001,
515810,2023-09-28,1.168,1.163,1.169,1.161,68763.0,,0.6866952789699576,-0.1716738197424894,-0.002,
515810,2023-10-09,1.163,1.16,1.163,1.148,109766.0,,1.2897678417884888,-0.2579535683577054,-0.0030000000000001,
515810,2023-10-10,1.156,1.154,1.166,1.152,113031.0,,1.2068965517241392,-0.5172413793103453,-0.006,
515810,2023-10-11,1.157,1.154,1.161,1.151,101425.0,,0.8665511265164653,0.0,0.0,
515810,2023-10-12,1.16,1.165,1.167,1.159,122803.0,,0.6932409012131723,0.9532062391681214,0.0110000000000001,
515810,2023-10-13,1.16,1.155,1.16,1.152,68063.0,,0.6866952789699576,-0.858369098712447,-0.01,
515810,2023-10-16,1.162,1.144,1.162,1.138,95856.0,,2.0779220779220795,-0.9523809523809628,-0.0110000000000001,
515810,2023-10-17,1.144,1.146,1.147,1.14,76610.0,,0.6118881118881222,0.174825174825175,0.002,
515810,2023-10-18,1.146,1.137,1.146,1.136,79575.0,,0.8726003490401405,-0.7853403141361168,-0.0089999999999998,
515810,2023-10-19,1.136,1.117,1.136,1.115,116351.0,,1.846965699208435,-1.7590149516270903,-0.02,
515810,2023-10-20,1.113,1.108,1.116,1.105,139237.0,,0.98478066248882,-0.8057296329453802,-0.0089999999999998,
515810,2023-10-23,1.108,1.095,1.119,1.088,125045.0,,2.797833935018043,-1.1732851985559676,-0.0130000000000001,
515810,2023-10-24,1.096,1.099,1.101,1.089,76683.0,,1.0958904109589052,0.3652968036529683,0.004,
515810,2023-10-25,1.106,1.105,1.114,1.105,94492.0,,0.8189262966333137,0.5459508644222024,0.006,
515810,2023-10-26,1.1,1.11,1.11,1.098,98799.0,,1.085972850678734,0.4524886877828158,0.0050000000000001,
515810,2023-10-27,1.11,1.125,1.127,1.103,99326.0,,2.162162162162164,1.3513513513513424,0.0149999999999999,
515810,2023-10-30,1.123,1.131,1.134,1.123,87036.0,,0.9777777777777688,0.5333333333333339,0.006,
515810,2023-10-31,1.131,1.132,1.132,1.122,114682.0,,0.8841732979663826,0.0884173297966304,0.0009999999999998,
515810,2023-11-01,1.134,1.129,1.137,1.126,67735.0,,0.9717314487632616,-0.2650176678445134,-0.0029999999999998,
515810,2023-11-02,1.131,1.124,1.136,1.123,72316.0,,1.1514614703277148,-0.4428697962798843,-0.0049999999999998,
515810,2023-11-03,1.124,1.132,1.135,1.122,70829.0,,1.1565836298932295,0.7117437722419737,0.0079999999999997,
515810,2023-11-06,1.133,1.147,1.148,1.133,79734.0,,1.3250883392226065,1.325088339222626,0.0150000000000001,
515810,2023-11-07,1.146,1.144,1.148,1.141,99008.0,,0.6102877070618915,-0.2615518744551101,-0.0030000000000001,
515810,2023-11-08,1.143,1.144,1.147,1.137,98707.0,,0.8741258741258751,0.0,0.0,
515810,2023-11-09,1.141,1.143,1.146,1.139,92035.0,,0.6118881118881028,-0.0874125874125777,-0.0009999999999998,
515810,2023-11-10,1.138,1.137,1.138,1.131,88727.0,,0.6124234470691072,-0.5249343832021002,-0.006,
515810,2023-11-13,1.139,1.135,1.139,1.129,72496.0,,0.8795074758135452,-0.175901495162709,-0.002,
515810,2023-11-14,1.135,1.136,1.141,1.133,72357.0,,0.7048458149779742,0.088105726872237,0.0009999999999998,
515810,2023-11-15,1.141,1.145,1.149,1.141,76932.0,,0.7042253521126768,0.7922535211267712,0.0090000000000001,
515810,2023-11-16,1.145,1.135,1.145,1.134,72907.0,,0.9606986899563424,-0.873362445414848,-0.01,
515810,2023-11-17,1.133,1.135,1.135,1.128,75290.0,,0.6167400881057372,0.0,0.0,
515810,2023-11-20,1.133,1.138,1.141,1.128,116651.0,,1.1453744493392175,0.2643171806167305,0.0029999999999998,
515810,2023-11-21,1.141,1.14,1.149,1.138,83735.0,,0.9666080843585344,0.1757469244288226,0.002,
515810,2023-11-22,1.136,1.128,1.137,1.128,84793.0,,0.7894736842105368,-1.0526315789473697,-0.012,
515810,2023-11-23,1.127,1.132,1.133,1.123,98523.0,,0.8865248226950364,0.3546099290780145,0.004,
515810,2023-11-24,1.132,1.127,1.132,1.123,114274.0,,0.7950530035335598,-0.4416961130741956,-0.0049999999999998,
515810,2023-11-27,1.125,1.118,1.125,1.111,101031.0,,1.2422360248447215,-0.7985803016858827,-0.0089999999999998,
515810,2023-11-28,1.118,1.12,1.121,1.113,71697.0,,0.7155635062611813,0.1788908765652953,0.002,
515810,2023-11-29,1.12,1.114,1.12,1.111,87307.0,,0.803571428571439,-0.5357142857142861,-0.006,
515810,2023-11-30,1.114,1.116,1.116,1.11,86256.0,,0.5385996409335732,0.1795332136445243,0.002,
515810,2023-12-01,1.116,1.113,1.116,1.104,82781.0,,1.075268817204302,-0.2688172043010854,-0.0030000000000001,
515810,2023-12-04,1.113,1.108,1.114,1.107,119919.0,,0.6289308176100734,-0.4492362982928924,-0.0049999999999998,
515810,2023-12-05,1.108,1.086,1.108,1.084,67615.0,,2.16606498194946,-1.9855595667870047,-0.022,
515810,2023-12-06,1.086,1.087,1.093,1.082,85843.0,,1.0128913443830478,0.0920810313075405,0.0009999999999998,
515810,2023-12-07,1.087,1.086,1.091,1.08,88076.0,,1.011959521619126,-0.0919963201471839,-0.0009999999999998,
515810,2023-12-08,1.088,1.09,1.093,1.086,98940.0,,0.6445672191528448,0.3683241252302029,0.004,
515810,2023-12-11,1.098,1.096,1.099,1.075,85940.0,,2.201834862385323,0.5504587155963307,0.006,
515810,2023-12-12,1.096,1.101,1.101,1.094,166789.0,,0.6386861313868517,0.456204379562034,0.0049999999999998,
515810,2023-12-13,1.099,1.085,1.099,1.082,94195.0,,1.5440508628519445,-1.4532243415077215,-0.016,
515810,2023-12-14,1.085,1.079,1.093,1.078,78563.0,,1.382488479262664,-0.5529953917050696,-0.006,
515810,2023-12-15,1.084,1.076,1.088,1.073,82009.0,,1.3901760889712813,-0.2780352177942439,-0.0029999999999998,
515810,2023-12-18,1.076,1.069,1.077,1.066,81471.0,,1.0223048327137452,-0.6505576208178547,-0.0070000000000001,
515810,2023-12-19,1.069,1.07,1.073,1.063,116322.0,,0.9354536950420964,0.09354536950422,0.0010000000000001,
515810,2023-12-20,1.071,1.059,1.071,1.059,113584.0,,1.1214953271028048,-1.0280373831775813,-0.0110000000000001,
515810,2023-12-21,1.056,1.066,1.071,1.054,107878.0,,1.6052880075542877,0.6610009442870743,0.0070000000000001,
515810,2023-12-22,1.066,1.07,1.075,1.062,93879.0,,1.219512195121942,0.3752345215759853,0.004,
515810,2023-12-25,1.067,1.07,1.072,1.064,105864.0,,0.7476635514018698,0.0,0.0,
515810,2023-12-26,1.068,1.064,1.068,1.059,70069.0,,0.8411214953271139,-0.5607476635514024,-0.006,
515810,2023-12-27,1.065,1.064,1.067,1.058,75602.0,,0.8458646616541255,0.0,0.0,
515810,2023-12-28,1.065,1.088,1.092,1.065,109685.0,,2.5375939849624185,2.2556390977443628,0.024,
515810,2023-12-29,1.091,1.097,1.097,1.091,115910.0,,0.5514705882352946,0.8272058823529317,0.0089999999999998,
515810,2024-01-02,1.099,1.086,1.099,1.086,126226.0,,1.1850501367365451,-1.0027347310847674,-0.0109999999999998,
515810,2024-01-03,1.086,1.085,1.088,1.078,143327.0,,0.9208103130755072,-0.0920810313075609,-0.0010000000000001,
515810,2024-01-04,1.083,1.073,1.083,1.067,132242.0,,1.4746543778801855,-1.1059907834101392,-0.012,
515810,2024-01-05,1.071,1.066,1.079,1.06,131312.0,,1.7707362534948656,-0.6523765144454703,-0.0069999999999998,
515810,2024-01-08,1.063,1.051,1.065,1.05,146907.0,,1.4071294559099343,-1.4071294559099552,-0.0150000000000001,
515810,2024-01-09,1.051,1.052,1.055,1.046,132588.0,,0.8563273073263461,0.0951474785918279,0.0010000000000001,
515810,2024-01-10,1.047,1.047,1.057,1.044,107184.0,,1.2357414448669106,-0.4752851711026725,-0.0050000000000001,
515810,2024-01-11,1.046,1.055,1.059,1.045,98665.0,,1.3371537726838598,0.7640878701050628,0.008,
515810,2024-01-12,1.052,1.052,1.059,1.05,114047.0,,0.8530805687203694,-0.2843601895734494,-0.0029999999999998,
515810,2024-01-15,1.045,1.048,1.058,1.044,105431.0,,1.3307984790874536,-0.3802281368821296,-0.004,
515810,2024-01-16,1.047,1.053,1.053,1.041,151039.0,,1.1450381679389323,0.4770992366412112,0.0049999999999998,
515810,2024-01-17,1.05,1.03,1.051,1.03,132832.0,,1.9943019943019853,-2.184235517568842,-0.0229999999999999,
515810,2024-01-18,1.027,1.037,1.044,1.01,153143.0,,3.3009708737864107,0.6796116504854267,0.0069999999999998,
515810,2024-01-19,1.037,1.038,1.041,1.033,128423.0,,0.7714561234329804,0.0964320154291332,0.0010000000000001,
515810,2024-01-22,1.039,1.018,1.039,1.007,216227.0,,3.0828516377649358,-1.9267822736030844,-0.02,
515810,2024-01-23,1.01,1.02,1.023,1.002,196011.0,,2.0628683693516607,0.1964636542239687,0.002,
515810,2024-01-24,1.023,1.032,1.038,1.005,275468.0,,3.235294117647072,1.176470588235295,0.012,
515810,2024-01-25,1.03,1.058,1.058,1.03,146482.0,,2.713178294573646,2.5193798449612426,0.026,
515810,2024-01-26,1.058,1.056,1.059,1.049,97807.0,,0.945179584120984,-0.1890359168241967,-0.002,
515810,2024-01-29,1.054,1.04,1.056,1.04,133987.0,,1.5151515151515165,-1.5151515151515165,-0.016,
515810,2024-01-30,1.029,1.02,1.038,1.02,101630.0,,1.7307692307692322,-1.923076923076925,-0.02,
515810,2024-01-31,1.018,1.009,1.022,1.004,173616.0,,1.7647058823529425,-1.078431372549031,-0.0110000000000001,
515810,2024-02-01,1.004,1.008,1.019,0.999,143615.0,,1.9821605550049464,-0.0991080277502368,-0.0009999999999998,
515810,2024-02-02,1.011,0.994,1.012,0.971,148474.0,,4.067460317460321,-1.38888888888889,-0.014,
515810,2024-02-05,0.993,0.992,1.003,0.961,132084.0,,4.225352112676049,-0.2012072434607647,-0.002,
515810,2024-02-06,0.985,1.034,1.036,0.983,136597.0,,5.342741935483876,4.23387096774194,0.042,
515810,2024-02-07,1.034,1.065,1.065,1.034,149063.0,,2.998065764023203,2.998065764023203,0.0309999999999999,
515810,2024-02-08,1.07,1.068,1.077,1.059,241947.0,,1.690140845070424,0.2816901408450811,0.0030000000000001,
515810,2024-02-19,1.069,1.074,1.079,1.066,170414.0,,1.2172284644194664,0.5617977528089892,0.006,
515810,2024-02-20,1.079,1.076,1.079,1.066,205358.0,,1.2104283054003633,0.1862197392923651,0.002,
515810,2024-02-21,1.071,1.089,1.104,1.068,152119.0,,3.3457249070632,1.2081784386617007,0.0129999999999999,
515810,2024-02-22,1.088,1.096,1.096,1.085,104521.0,,1.0101010101010213,0.6427915518824717,0.0070000000000001,
515810,2024-02-23,1.091,1.098,1.1,1.09,114383.0,,0.9124087591240884,0.1824817518248176,0.002,
515810,2024-02-26,1.097,1.088,1.1,1.087,91322.0,,1.1839708561020148,-0.9107468123861574,-0.01,
515810,2024-02-27,1.091,1.104,1.104,1.087,70574.0,,1.5625000000000115,1.4705882352941189,0.016,
515810,2024-02-28,1.107,1.091,1.115,1.09,162824.0,,2.26449275362318,-1.177536231884069,-0.0130000000000001,
515810,2024-02-29,1.086,1.113,1.114,1.086,268306.0,,2.566452795600369,2.016498625114576,0.022,
515810,2024-03-01,1.115,1.122,1.122,1.11,107371.0,,1.078167115902966,0.8086253369272344,0.0090000000000001,
515810,2024-03-04,1.123,1.121,1.124,1.113,82337.0,,0.9803921568627558,-0.0891265597148049,-0.0010000000000001,
515810,2024-03-05,1.116,1.123,1.126,1.116,137185.0,,0.8920606601248694,0.1784121320249778,0.002,
515810,2024-03-06,1.123,1.122,1.129,1.117,184794.0,,1.0685663401602858,-0.0890471950133472,-0.0009999999999998,
515810,2024-03-07,1.122,1.112,1.127,1.111,141342.0,,1.4260249554367213,-0.8912655971479508,-0.01,
515810,2024-03-08,1.116,1.12,1.122,1.109,65748.0,,1.1690647482014498,0.7194244604316552,0.008,
515810,2024-03-11,1.119,1.136,1.137,1.119,134686.0,,1.6071428571428583,1.42857142857141,0.0159999999999997,
515810,2024-03-12,1.141,1.138,1.141,1.13,111888.0,,0.9683098591549404,0.1760563380281692,0.002,
515810,2024-03-13,1.136,1.131,1.136,1.128,80264.0,,0.7029876977152907,-0.6151142355008696,-0.0069999999999998,
515810,2024-03-14,1.127,1.127,1.137,1.122,61393.0,,1.3262599469495937,-0.3536693191865609,-0.004,
515810,2024-03-15,1.129,1.133,1.133,1.117,235049.0,,1.419698314108253,0.532386867790595,0.006,
515810,2024-03-18,1.133,1.142,1.142,1.133,75513.0,,0.7943512797881639,0.7943512797881639,0.0089999999999998,
515810,2024-03-19,1.141,1.136,1.145,1.136,83766.0,,0.7880910683012363,-0.5253940455341511,-0.006,
515810,2024-03-20,1.136,1.138,1.139,1.134,91594.0,,0.4401408450704327,0.1760563380281692,0.002,
515810,2024-03-21,1.141,1.136,1.143,1.134,66951.0,,0.7908611599297118,-0.1757469244288226,-0.002,
515810,2024-03-22,1.135,1.124,1.135,1.117,117819.0,,1.5845070422535228,-1.0563380281689956,-0.0119999999999997,
515810,2024-03-25,1.125,1.115,1.128,1.115,118221.0,,1.1565836298932295,-0.8007117437722524,-0.0090000000000001,
515810,2024-03-26,1.117,1.118,1.12,1.11,228221.0,,0.896860986547086,0.2690582959641358,0.0030000000000001,
515810,2024-03-27,1.116,1.1,1.116,1.1,148113.0,,1.4311270125223623,-1.6100178890876575,-0.018,
515810,2024-03-28,1.099,1.108,1.118,1.098,130053.0,,1.8181818181818197,0.7272727272727278,0.008,
515810,2024-03-29,1.11,1.117,1.117,1.108,144058.0,,0.8122743682310375,0.8122743682310375,0.0089999999999998,
515810,2024-04-01,1.119,1.136,1.137,1.119,84121.0,,1.6114592658907805,1.7009847806624805,0.0189999999999999,
515810,2024-04-02,1.136,1.132,1.137,1.129,96428.0,,0.7042253521126768,-0.3521126760563384,-0.004,
515810,2024-04-03,1.131,1.13,1.133,1.126,127915.0,,0.6183745583038973,-0.1766784452296821,-0.002,
515810,2024-04-08,1.123,1.118,1.128,1.116,81261.0,,1.0619469026548487,-1.0619469026548487,-0.0119999999999997,
515810,2024-04-09,1.118,1.119,1.12,1.114,76700.0,,0.5366726296958859,0.0894454382826377,0.0009999999999998,
515810,2024-04-10,1.117,1.108,1.119,1.104,107168.0,,1.340482573726533,-0.9830205540661212,-0.0109999999999998,
515810,2024-04-11,1.104,1.109,1.116,1.103,59753.0,,1.1732851985559676,0.0902527075812174,0.0009999999999998,
515810,2024-04-12,1.112,1.102,1.113,1.101,68252.0,,1.0820559062218225,-0.6311992786293864,-0.0069999999999998,
515810,2024-04-15,1.103,1.122,1.125,1.103,132415.0,,1.996370235934666,1.814882032667878,0.02,
515810,2024-04-16,1.122,1.107,1.122,1.105,132708.0,,1.5151515151515262,-1.336898395721936,-0.0150000000000001,
515810,2024-04-17,1.109,1.127,1.127,1.106,68751.0,,1.8970189701896936,1.8066847335140035,0.02,
515810,2024-04-18,1.127,1.131,1.14,1.122,137881.0,,1.5971606033717654,0.3549245785270633,0.004,
515810,2024-04-19,1.125,1.121,1.128,1.117,85261.0,,0.9725906277630326,-0.8841732979664021,-0.01,
515810,2024-04-22,1.12,1.117,1.126,1.116,51325.0,,0.8920606601248694,-0.3568242640499557,-0.004,
515810,2024-04-23,1.116,1.108,1.118,1.104,140212.0,,1.2533572068039402,-0.8057296329453802,-0.0089999999999998,
515810,2024-04-24,1.111,1.114,1.114,1.105,73937.0,,0.8122743682310576,0.541516245487365,0.006,
515810,2024-04-25,1.114,1.115,1.119,1.109,74023.0,,0.897666068222622,0.0897666068222522,0.0009999999999998,
515810,2024-04-26,1.118,1.135,1.136,1.117,88355.0,,1.7040358744394537,1.793721973094172,0.02,
515810,2024-04-29,1.133,1.149,1.154,1.133,179417.0,,1.8502202643171723,1.233480176211455,0.014,
515810,2024-04-30,1.151,1.145,1.152,1.144,143173.0,,0.6962576153176682,-0.3481288076588341,-0.004,
515810,2024-05-06,1.156,1.161,1.165,1.156,87177.0,,0.7860262008733729,1.3973799126637567,0.016,
515810,2024-05-07,1.162,1.16,1.163,1.158,37710.0,,0.4306632213609057,-0.0861326442721888,-0.0010000000000001,
515810,2024-05-08,1.161,1.15,1.161,1.148,59508.0,,1.1206896551724244,-0.8620689655172422,-0.01,
515810,2024-05-09,1.153,1.164,1.165,1.152,51307.0,,1.1304347826087064,1.2173913043478273,0.014,
515810,2024-05-10,1.167,1.164,1.168,1.156,62367.0,,1.0309278350515474,0.0,0.0,
515810,2024-05-13,1.166,1.164,1.166,1.151,35503.0,,1.2886597938144246,0.0,0.0,
515810,2024-05-14,1.165,1.158,1.166,1.156,63518.0,,0.8591065292096227,-0.5154639175257737,-0.006,
515810,2024-05-15,1.16,1.15,1.16,1.149,60982.0,,0.9499136442141536,-0.6908462867012096,-0.008,
515810,2024-05-16,1.152,1.15,1.158,1.149,20436.0,,0.782608695652165,0.0,0.0,
515810,2024-05-17,1.153,1.166,1.167,1.15,54694.0,,1.4782608695652284,1.3913043478260885,0.016,
515810,2024-05-20,1.165,1.171,1.173,1.157,56714.0,,1.3722126929674112,0.4288164665523255,0.0050000000000001,
515810,2024-05-21,1.171,1.165,1.171,1.162,20933.0,,0.7685738684884815,-0.5123825789923148,-0.006,
515810,2024-05-22,1.164,1.167,1.168,1.164,26830.0,,0.3433476394849788,0.1716738197424894,0.002,
515810,2024-05-23,1.167,1.15,1.167,1.148,39155.0,,1.6281062553556234,-1.4567266495287168,-0.0170000000000001,
515810,2024-05-24,1.149,1.138,1.154,1.138,53708.0,,1.3913043478260885,-1.043478260869566,-0.012,
515810,2024-05-27,1.143,1.148,1.15,1.139,48051.0,,0.9666080843585148,0.8787346221441132,0.01,
515810,2024-05-28,1.149,1.14,1.149,1.139,25653.0,,0.8710801393728231,-0.6968641114982586,-0.008,
515810,2024-05-29,1.142,1.142,1.148,1.14,46924.0,,0.701754385964913,0.1754385964912282,0.002,
515810,2024-05-30,1.14,1.139,1.147,1.136,47531.0,,0.96322241681262,-0.2626970227670658,-0.0029999999999998,
515810,2024-05-31,1.141,1.139,1.144,1.133,223227.0,,0.9657594381035908,0.0,0.0,
515810,2024-06-03,1.133,1.133,1.139,1.127,87570.0,,1.0535557506584734,-0.5267778753292367,-0.006,
515810,2024-06-04,1.132,1.145,1.146,1.131,57252.0,,1.3239187996469464,1.059135039717565,0.012,
515810,2024-06-05,1.236,1.138,1.236,1.125,49325.0,,9.694323144104802,-0.6113537117904032,-0.0070000000000001,
515810,2024-06-06,1.136,1.136,1.146,1.132,68674.0,,1.2302284710017586,-0.1757469244288226,-0.002,
515810,2024-06-07,1.139,1.132,1.139,1.122,52732.0,,1.4964788732394283,-0.3521126760563384,-0.004,
515810,2024-06-11,1.123,1.124,1.126,1.118,42927.0,,0.706713780918709,-0.706713780918709,-0.0079999999999997,
515810,2024-06-12,1.123,1.125,1.125,1.121,27899.0,,0.3558718861209967,0.0889679715302393,0.0009999999999998,
515810,2024-06-13,1.125,1.117,1.126,1.117,44513.0,,0.7999999999999908,-0.7111111111111118,-0.008,
515810,2024-06-14,1.118,1.126,1.127,1.115,50183.0,,1.0743061772605202,0.8057296329453802,0.0089999999999998,
515810,2024-06-17,1.121,1.123,1.125,1.117,49319.0,,0.7104795737122565,-0.2664298401420863,-0.0029999999999998,
515810,2024-06-18,1.122,1.125,1.128,1.122,36427.0,,0.5342831700801232,0.1780943900267143,0.002,
515810,2024-06-19,1.127,1.121,1.128,1.118,49499.0,,0.88888888888887,-0.3555555555555559,-0.004,
515810,2024-06-20,1.12,1.111,1.121,1.109,65785.0,,1.0704727921498671,-0.8920606601248892,-0.01,
515810,2024-06-21,1.111,1.112,1.112,1.104,59156.0,,0.7200720072007207,0.0900090009001,0.0010000000000001,
515810,2024-06-24,1.104,1.1,1.109,1.099,65082.0,,0.899280575539569,-1.0791366906474829,-0.012,
515810,2024-06-25,1.101,1.094,1.102,1.088,80374.0,,1.2727272727272738,-0.545454545454546,-0.006,
515810,2024-06-26,1.092,1.103,1.104,1.088,63127.0,,1.4625228519195623,0.8226691042047438,0.0089999999999998,
515810,2024-06-27,1.103,1.094,1.104,1.092,80807.0,,1.0879419764279248,-0.8159564823209335,-0.0089999999999998,
515810,2024-06-28,1.091,1.095,1.104,1.091,46218.0,,1.1882998171846546,0.0914076782449625,0.0009999999999998,
515810,2024-07-01,1.095,1.101,1.102,1.09,62547.0,,1.0958904109589052,0.5479452054794526,0.006,
515810,2024-07-02,1.101,1.1,1.103,1.095,59627.0,,0.7266121707538608,-0.0908265213442225,-0.0009999999999998,
515810,2024-07-03,1.1,1.094,1.1,1.092,85282.0,,0.7272727272727278,-0.545454545454546,-0.006,
515810,2024-07-04,1.094,1.088,1.099,1.086,52835.0,,1.1882998171846344,-0.5484460694698359,-0.006,
515810,2024-07-05,1.087,1.085,1.087,1.074,73753.0,,1.1948529411764612,-0.2757352941176574,-0.0030000000000001,
515810,2024-07-08,1.081,1.075,1.081,1.072,48033.0,,0.8294930875575942,-0.921658986175116,-0.01,
515810,2024-07-09,1.074,1.089,1.09,1.069,76158.0,,1.9534883720930356,1.30232558139535,0.014,
515810,2024-07-10,1.089,1.084,1.092,1.084,70559.0,,0.734618916437099,-0.4591368227731767,-0.0049999999999998,
515810,2024-07-11,1.095,1.101,1.103,1.091,58848.0,,1.107011070110702,1.5682656826568175,0.0169999999999999,
515810,2024-07-12,1.104,1.102,1.104,1.099,55919.0,,0.4541326067211731,0.0908265213442426,0.0010000000000001,
515810,2024-07-15,1.1,1.102,1.103,1.099,34971.0,,0.3629764065335756,0.0,0.0,
515810,2024-07-16,1.1,1.108,1.109,1.099,56101.0,,0.907441016333939,0.5444646098003634,0.006,
515810,2024-07-17,1.11,1.108,1.112,1.106,53224.0,,0.541516245487365,0.0,0.0,
515810,2024-07-18,1.103,1.115,1.115,1.099,59089.0,,1.44404332129964,0.6317689530685826,0.0069999999999998,
515810,2024-07-19,1.109,1.12,1.12,1.107,64224.0,,1.1659192825112217,0.448430493273553,0.0050000000000001,
515810,2024-07-22,1.12,1.112,1.12,1.106,74284.0,,1.2500000000000009,-0.7142857142857149,-0.008,
515810,2024-07-23,1.113,1.09,1.113,1.088,77913.0,,2.2482014388489127,-1.978417266187052,-0.022,
515810,2024-07-24,1.086,1.079,1.09,1.077,83372.0,,1.1926605504587269,-1.0091743119266166,-0.0110000000000001,
515810,2024-07-25,1.074,1.078,1.078,1.07,86599.0,,0.7414272474513446,-0.0926784059314077,-0.0009999999999998,
515810,2024-07-26,1.078,1.08,1.085,1.076,69694.0,,0.8348794063079682,0.1855287569573285,0.002,
515810,2024-07-29,1.079,1.076,1.081,1.076,27365.0,,0.462962962962953,-0.3703703703703707,-0.004,
515810,2024-07-30,1.072,1.07,1.073,1.066,81880.0,,0.6505576208178341,-0.5576208178438666,-0.006,
515810,2024-07-31,1.071,1.099,1.101,1.069,61080.0,,2.990654205607479,2.710280373831768,0.0289999999999999,
515810,2024-08-01,1.102,1.095,1.103,1.092,46133.0,,1.000909918107361,-0.363967242948135,-0.004,
515810,2024-08-02,1.09,1.084,1.092,1.08,62654.0,,1.0958904109589052,-1.004566210045653,-0.0109999999999998,
515810,2024-08-05,1.074,1.067,1.088,1.067,58585.0,,1.937269372693739,-1.568265682656838,-0.0170000000000001,
515810,2024-08-06,1.075,1.068,1.077,1.06,47721.0,,1.5932521087160172,0.0937207122774238,0.0010000000000001,
515810,2024-08-07,1.065,1.068,1.075,1.064,46897.0,,1.02996254681647,0.0,0.0,
515810,2024-08-08,1.066,1.07,1.076,1.062,38246.0,,1.310861423220975,0.1872659176029964,0.002,
515810,2024-08-09,1.075,1.062,1.077,1.062,35363.0,,1.4018691588784955,-0.7476635514018698,-0.008,
515810,2024-08-12,1.063,1.062,1.066,1.062,33406.0,,0.3766478342749532,0.0,0.0,
515810,2024-08-13,1.063,1.066,1.066,1.057,37162.0,,0.8474576271186551,0.3766478342749532,0.004,
515810,2024-08-14,1.064,1.056,1.064,1.056,17339.0,,0.7504690431519706,-0.9380863039399632,-0.01,
515810,2024-08-15,1.056,1.065,1.071,1.054,75578.0,,1.6098484848484758,0.8522727272727175,0.0089999999999998,
515810,2024-08-16,1.067,1.067,1.069,1.064,64013.0,,0.4694835680751074,0.1877934272300471,0.002,
515810,2024-08-19,1.066,1.068,1.075,1.066,61880.0,,0.8434864104967101,0.0937207122774238,0.0010000000000001,
515810,2024-08-20,1.069,1.057,1.069,1.055,68413.0,,1.310861423220975,-1.0299625468164906,-0.0110000000000001,
515810,2024-08-21,1.055,1.056,1.059,1.052,42173.0,,0.6622516556291291,-0.0946073793755808,-0.0009999999999998,
515810,2024-08-22,1.057,1.051,1.057,1.049,74919.0,,0.7575757575757582,-0.4734848484848594,-0.0050000000000001,
515810,2024-08-23,1.051,1.055,1.056,1.049,40306.0,,0.6660323501427324,0.3805899143672696,0.004,
515810,2024-08-26,1.056,1.054,1.058,1.05,34076.0,,0.75829383886256,-0.0947867298578094,-0.0009999999999998,
515810,2024-08-27,1.054,1.048,1.054,1.046,38527.0,,0.7590132827324484,-0.5692599620493364,-0.006,
515810,2024-08-28,1.045,1.043,1.048,1.04,59987.0,,0.7633587786259549,-0.4770992366412324,-0.0050000000000001,
515810,2024-08-29,1.041,1.044,1.049,1.04,40886.0,,0.8628954937679671,0.0958772770853415,0.0010000000000001,
515810,2024-08-30,1.045,1.06,1.072,1.044,52332.0,,2.681992337164753,1.5325670498084305,0.016,
515810,2024-09-02,1.06,1.041,1.06,1.041,51140.0,,1.7924528301886913,-1.7924528301886913,-0.0190000000000001,
515810,2024-09-03,1.041,1.046,1.048,1.041,34820.0,,0.6724303554274849,0.4803073967339208,0.0050000000000001,
515810,2024-09-04,1.041,1.04,1.047,1.039,49372.0,,0.764818355640536,-0.573613766730402,-0.006,
515810,2024-09-05,1.041,1.044,1.046,1.04,35609.0,,0.5769230769230774,0.3846153846153849,0.004,
515810,2024-09-06,1.045,1.032,1.046,1.032,68953.0,,1.3409961685823766,-1.1494252873563229,-0.012,
515810,2024-09-09,1.029,1.021,1.031,1.018,76027.0,,1.2596899224806104,-1.0658914728682287,-0.0110000000000001,
515810,2024-09-10,1.023,1.022,1.025,1.014,58365.0,,1.0773751224289814,0.097943192948101,0.0010000000000001,
515810,2024-09-11,1.019,1.021,1.022,1.016,22821.0,,0.5870841487279849,-0.0978473581213416,-0.0010000000000001,
515810,2024-09-12,1.023,1.017,1.027,1.017,42512.0,,0.979431929480902,-0.3917727717923608,-0.004,
515810,2024-09-13,1.02,1.014,1.02,1.012,52370.0,,0.7866273352999024,-0.2949852507374525,-0.0029999999999998,
515810,2024-09-18,1.012,1.016,1.016,1.005,28223.0,,1.0848126232741735,0.1972386587771205,0.002,
515810,2024-09-19,1.015,1.023,1.029,1.007,167971.0,,2.165354330708664,0.6889763779527456,0.0069999999999998,
515810,2024-09-20,1.025,1.025,1.025,1.014,67431.0,,1.0752688172042912,0.195503421309873,0.002,
515810,2024-09-23,1.023,1.027,1.032,1.022,64939.0,,0.9756097560975618,0.1951219512195124,0.002,
515810,2024-09-24,1.038,1.069,1.07,1.03,129246.0,,3.894839337877317,4.089581304771182,0.042,
515810,2024-09-25,1.096,1.085,1.107,1.082,101784.0,,2.3386342376052305,1.4967259120673542,0.016,
515810,2024-09-26,1.085,1.14,1.14,1.084,131416.0,,5.161290322580629,5.069124423963128,0.0549999999999999,
515810,2024-09-27,1.147,1.197,1.199,1.147,54874.0,,4.561403508771934,5.000000000000015,0.0570000000000001,
515810,2024-09-30,1.29,1.317,1.317,1.228,84069.0,,7.435254803675853,10.025062656641596,0.1199999999999998,
515810,2024-10-08,1.449,1.439,1.449,1.357,119248.0,,6.985573272589224,9.26347760060745,0.1220000000000001,
515810,2024-10-09,1.44,1.311,1.44,1.295,118291.0,,10.076441973592772,-8.89506601806811,-0.1280000000000001,
515810,2024-10-10,1.338,1.29,1.338,1.183,133316.0,,11.823035850495806,-1.6018306636155537,-0.0209999999999999,
515810,2024-10-11,1.29,1.252,1.29,1.234,135405.0,,4.341085271317833,-2.9457364341085297,-0.038,
515810,2024-10-14,1.241,1.268,1.276,1.237,111084.0,,3.1150159744408885,1.2779552715654965,0.016,
515810,2024-10-15,1.265,1.238,1.27,1.238,92603.0,,2.5236593059936934,-2.365930599369088,-0.03,
515810,2024-10-16,1.237,1.233,1.245,1.201,69892.0,,3.554119547657516,-0.4038772213247087,-0.0049999999999998,
515810,2024-10-17,1.212,1.223,1.249,1.212,65509.0,,3.000811030008122,-0.8110300081103007,-0.01,
515810,2024-10-18,1.223,1.267,1.298,1.218,137059.0,,6.541291905151272,3.597710547833182,0.0439999999999998,
515810,2024-10-21,1.267,1.267,1.285,1.262,103392.0,,1.8153117600631343,0.0,0.0,
515810,2024-10-22,1.268,1.282,1.282,1.267,47114.0,,1.1838989739542325,1.1838989739542325,0.0150000000000001,
515810,2024-10-23,1.282,1.284,1.299,1.274,113270.0,,1.950078003120118,0.1560062402496101,0.002,
515810,2024-10-24,1.276,1.276,1.283,1.269,114084.0,,1.0903426791277269,-0.6230529595015581,-0.008,
515810,2024-10-25,1.276,1.288,1.296,1.276,49963.0,,1.5673981191222583,0.9404388714733548,0.012,
515810,2024-10-28,1.287,1.29,1.292,1.279,48461.0,,1.009316770186345,0.1552795031055902,0.002,
515810,2024-10-29,1.294,1.28,1.308,1.278,32833.0,,2.325581395348839,-0.7751937984496131,-0.01,
515810,2024-10-30,1.271,1.275,1.282,1.264,46701.0,,1.406250000000001,-0.390625000000009,-0.0050000000000001,
515810,2024-10-31,1.269,1.279,1.287,1.266,62377.0,,1.6470588235294046,0.3137254901960787,0.004,
515810,2024-11-01,1.278,1.276,1.289,1.271,34150.0,,1.4073494917904623,-0.2345582486317351,-0.0029999999999998,
515810,2024-11-04,1.274,1.289,1.292,1.274,77662.0,,1.4106583072100327,1.0188087774294592,0.0129999999999999,
515810,2024-11-05,1.289,1.326,1.327,1.284,60940.0,,3.3359193173002275,2.870442203258351,0.0370000000000001,
515810,2024-11-06,1.326,1.327,1.342,1.316,51802.0,,1.960784313725492,0.0754147812971259,0.0009999999999998,
515810,2024-11-07,1.316,1.36,1.362,1.311,67057.0,,3.8432554634514062,2.4868123587038538,0.0330000000000001,
515810,2024-11-08,1.364,1.352,1.38,1.342,82886.0,,2.7941176470588096,-0.5882352941176475,-0.008,
515810,2024-11-11,1.341,1.359,1.359,1.331,72464.0,,2.071005917159765,0.517751479289933,0.0069999999999998,
515810,2024-11-12,1.36,1.348,1.375,1.337,104834.0,,2.796173657100812,-0.8094186902133849,-0.0109999999999998,
515810,2024-11-13,1.336,1.348,1.352,1.335,79943.0,,1.2611275964391784,0.0,0.0,
515810,2024-11-14,1.348,1.325,1.348,1.323,88398.0,,1.8545994065282,-1.7062314540059444,-0.0230000000000001,
515810,2024-11-15,1.332,1.305,1.332,1.305,95865.0,,2.037735849056614,-1.5094339622641524,-0.02,
515810,2024-11-18,1.325,1.305,1.325,1.29,82491.0,,2.6819923371647447,0.0,0.0,
515810,2024-11-19,1.3,1.297,1.3,1.27,88587.0,,2.2988505747126458,-0.6130268199233722,-0.008,
515810,2024-11-20,1.297,1.308,1.31,1.293,80927.0,,1.310717039321521,0.8481110254433402,0.0110000000000001,
515810,2024-11-21,1.307,1.311,1.311,1.301,56988.0,,0.7645259938837927,0.2293577981651293,0.0029999999999998,
515810,2024-11-22,1.306,1.302,1.308,1.266,45094.0,,3.2036613272311243,-0.6864988558352324,-0.0089999999999998,
515810,2024-11-25,1.302,1.26,1.302,1.248,89078.0,,4.147465437788022,-3.2258064516129057,-0.042,
515810,2024-11-26,1.26,1.256,1.267,1.254,46965.0,,1.031746031746024,-0.3174603174603177,-0.004,
515810,2024-11-27,1.254,1.276,1.277,1.246,58006.0,,2.468152866242032,1.5923566878980906,0.02,
515810,2024-11-28,1.276,1.268,1.278,1.265,52231.0,,1.0188087774294767,-0.6269592476489034,-0.008,
515810,2024-11-29,1.272,1.282,1.296,1.27,72997.0,,2.050473186119876,1.1041009463722409,0.014,
515810,2024-12-02,1.282,1.298,1.3,1.282,69287.0,,1.404056162246491,1.248049921996881,0.016,
515810,2024-12-03,1.294,1.299,1.302,1.288,67699.0,,1.0785824345146389,0.0770416024653228,0.0009999999999998,
515810,2024-12-04,1.3,1.287,1.3,1.286,61525.0,,1.077752117013088,-0.9237875288683612,-0.012,
515810,2024-12-05,1.287,1.291,1.294,1.285,70535.0,,0.6993006993007086,0.3108003108003111,0.004,
515810,2024-12-06,1.274,1.309,1.332,1.188,66642.0,,11.154144074360971,1.3942680092951214,0.018,
515810,2024-12-09,1.31,1.306,1.313,1.298,95598.0,,1.1459129106187855,-0.2291825821237503,-0.0029999999999998,
515810,2024-12-10,1.332,1.315,1.407,1.312,62466.0,,7.274119448698313,0.6891271056661483,0.0089999999999998,
515810,2024-12-11,1.312,1.315,1.319,1.312,32363.0,,0.532319391634973,0.0,0.0,
515810,2024-12-12,1.316,1.33,1.33,1.315,47750.0,,1.1406844106463974,1.1406844106463974,0.0150000000000001,
515810,2024-12-13,1.327,1.303,1.327,1.301,65481.0,,1.9548872180451144,-2.030075187969935,-0.0270000000000001,
515810,2024-12-16,1.301,1.294,1.302,1.289,61908.0,,0.9976976208749134,-0.6907137375287719,-0.0089999999999998,
515810,2024-12-17,1.282,1.29,1.302,1.282,54328.0,,1.5455950540958283,-0.3091190108191656,-0.004,
515810,2024-12-18,1.29,1.3,1.303,1.29,73963.0,,1.0077519379844884,0.7751937984496131,0.01,
515810,2024-12-19,1.298,1.301,1.302,1.288,58328.0,,1.076923076923078,0.0769230769230684,0.0009999999999998,
515810,2024-12-20,1.298,1.299,1.305,1.296,37188.0,,0.6917755572636355,-0.1537279016141431,-0.002,
515810,2024-12-23,1.3,1.294,1.306,1.293,75106.0,,1.0007698229407331,-0.3849114703618086,-0.0049999999999998,
515810,2024-12-24,1.296,1.309,1.311,1.295,29480.0,,1.2364760432766626,1.159196290571863,0.0149999999999999,
515810,2024-12-25,1.308,1.308,1.314,1.302,14959.0,,0.9167303284950352,-0.0763941940412444,-0.0009999999999998,
515810,2024-12-26,1.306,1.312,1.312,1.304,34809.0,,0.6116207951070342,0.3058103975535171,0.004,
515810,2024-12-27,1.31,1.312,1.321,1.309,31778.0,,0.9146341463414642,0.0,0.0,
515810,2024-12-30,1.312,1.316,1.318,1.311,31300.0,,0.5335365853658626,0.3048780487804881,0.004,
515810,2024-12-31,1.313,1.29,1.316,1.29,315582.0,,1.9756838905775087,-1.9756838905775087,-0.026,
515810,2025-01-02,1.29,1.248,1.29,1.242,51581.0,,3.720930232558143,-3.2558139534883748,-0.042,
515810,2025-01-03,1.248,1.228,1.255,1.227,69888.0,,2.243589743589728,-1.6025641025641042,-0.02,
515810,2025-01-06,1.228,1.232,1.249,1.223,81655.0,,2.1172638436482103,0.3257328990228015,0.004,
515810,2025-01-07,1.232,1.239,1.24,1.227,28814.0,,1.0551948051947972,0.5681818181818278,0.0070000000000001,
515810,2025-01-08,1.226,1.239,1.246,1.217,63157.0,,2.340597255851486,0.0,0.0,
515810,2025-01-09,1.239,1.239,1.241,1.233,47240.0,,0.6456820016142055,0.0,0.0,
515810,2025-01-10,1.236,1.221,1.238,1.221,47295.0,,1.3720742534301775,-1.4527845036319624,-0.018,
515810,2025-01-13,1.219,1.217,1.225,1.213,38123.0,,0.9828009828009836,-0.3276003276003278,-0.004,
515810,2025-01-14,1.223,1.252,1.255,1.218,49745.0,,3.0402629416598126,2.875924404272795,0.0349999999999999,
515810,2025-01-15,1.248,1.246,1.256,1.244,70835.0,,0.9584664536741222,-0.4792332268370611,-0.006,
515810,2025-01-16,1.251,1.246,1.262,1.241,42889.0,,1.6853932584269589,0.0,0.0,
515810,2025-01-17,1.245,1.252,1.26,1.243,26070.0,,1.3643659711075364,0.4815409309791336,0.006,
515810,2025-01-20,1.264,1.26,1.269,1.256,31558.0,,1.038338658146957,0.6389776357827481,0.008,
515810,2025-01-21,1.257,1.26,1.263,1.254,45908.0,,0.7142857142857061,0.0,0.0,
515810,2025-01-22,1.249,1.249,1.253,1.244,30627.0,,0.7142857142857061,-0.873015873015865,-0.0109999999999998,
515810,2025-01-23,1.259,1.253,1.276,1.252,44542.0,,1.921537229783829,0.3202562049639536,0.0039999999999997,
515810,2025-01-24,1.254,1.264,1.268,1.253,18849.0,,1.197126895450928,0.8778930566640161,0.0110000000000001,
515810,2025-01-27,1.266,1.26,1.269,1.26,6273.0,,0.712025316455688,-0.3164556962025319,-0.004,
515810,2025-02-05,1.261,1.256,1.31,1.251,26061.0,,4.682539682539696,-0.3174603174603177,-0.004,
515810,2025-02-06,1.253,1.271,1.272,1.253,57945.0,,1.512738853503195,1.1942675159235592,0.0149999999999999,
515810,2025-02-07,1.271,1.29,1.3,1.271,69105.0,,2.281667977970113,1.4948859166011117,0.0190000000000001,
515810,2025-02-10,1.29,1.296,1.296,1.288,30245.0,,0.6201550387596905,0.4651162790697679,0.006,
515810,2025-02-11,1.291,1.285,1.293,1.285,61793.0,,0.6172839506172845,-0.8487654320987748,-0.0110000000000001,
515810,2025-02-12,1.286,1.301,1.301,1.286,77980.0,,1.1673151750972686,1.2451361867704291,0.016,
515810,2025-02-13,1.301,1.296,1.307,1.296,47669.0,,0.8455034588777786,-0.3843197540353492,-0.0049999999999998,
515810,2025-02-14,1.296,1.307,1.307,1.295,49399.0,,0.9259259259259268,0.8487654320987575,0.0109999999999998,
515810,2025-02-17,1.311,1.307,1.311,1.286,80109.0,,1.9127773527161367,0.0,0.0,
515810,2025-02-18,1.306,1.294,1.312,1.292,52060.0,,1.5302218821729163,-0.9946442234123872,-0.0129999999999999,
515810,2025-02-19,1.294,1.308,1.313,1.294,126887.0,,1.4683153013910282,1.08191653786708,0.014,
515810,2025-02-20,1.311,1.306,1.311,1.301,61385.0,,0.7645259938837927,-0.1529051987767585,-0.002,
515810,2025-02-21,1.313,1.326,1.327,1.306,112773.0,,1.6079632465543572,1.531393568147015,0.02,
515810,2025-02-24,1.316,1.318,1.328,1.313,103473.0,,1.1312217194570229,-0.6033182503770744,-0.008,
515810,2025-02-25,1.292,1.305,1.316,1.292,101431.0,,1.8209408194233705,-0.986342943854334,-0.0130000000000001,
515810,2025-02-26,1.31,1.316,1.318,1.307,120323.0,,0.8429118773946453,0.8429118773946453,0.0110000000000001,
515810,2025-02-27,1.318,1.319,1.323,1.306,58560.0,,1.2917933130699015,0.227963525835858,0.0029999999999998,
515810,2025-02-28,1.327,1.292,1.327,1.288,105326.0,,2.956785443517811,-2.0470053070507896,-0.0269999999999999,
515810,2025-03-03,1.294,1.291,1.307,1.284,73889.0,,1.780185758513925,-0.0773993808049622,-0.0010000000000001,
515810,2025-03-04,1.288,1.291,1.295,1.283,90563.0,,0.9295120061967476,0.0,0.0,
515810,2025-03-05,1.295,1.298,1.3,1.29,29962.0,,0.7745933384972896,0.5422153369481114,0.0070000000000001,
515810,2025-03-06,1.3,1.316,1.322,1.3,150944.0,,1.6949152542372896,1.3867488443759644,0.018,
515810,2025-03-07,1.316,1.312,1.321,1.31,68016.0,,0.8358662613981686,-0.3039513677811553,-0.004,
515810,2025-03-10,1.312,1.307,1.316,1.301,71342.0,,1.1432926829268388,-0.3810975609756185,-0.0050000000000001,
515810,2025-03-11,1.301,1.313,1.327,1.296,314421.0,,2.371843917368012,0.459066564651875,0.006,
515810,2025-03-12,1.302,1.312,1.325,1.302,42423.0,,1.7517136329017449,-0.0761614623000677,-0.0009999999999998,
515810,2025-03-13,1.309,1.307,1.326,1.277,48033.0,,3.7347560975609873,-0.3810975609756185,-0.0050000000000001,
515810,2025-03-14,1.308,1.332,1.337,1.308,33462.0,,2.2188217291507204,1.912777352716154,0.0250000000000001,
515810,2025-03-17,1.334,1.331,1.338,1.331,58817.0,,0.5255255255255343,-0.0750750750750834,-0.0010000000000001,
515810,2025-03-18,1.336,1.338,1.34,1.334,34256.0,,0.450788880540947,0.5259203606311132,0.0070000000000001,
515810,2025-03-19,1.336,1.335,1.342,1.33,73814.0,,0.8968609865470859,-0.2242152466367798,-0.0030000000000001,
515810,2025-03-20,1.334,1.326,1.334,1.324,44710.0,,0.7490636704119857,-0.6741573033707788,-0.0089999999999998,
515810,2025-03-21,1.327,1.308,1.327,1.304,131801.0,,1.7345399698340809,-1.3574660633484177,-0.018,
515810,2025-03-24,1.308,1.311,1.312,1.3,39245.0,,0.9174311926605512,0.2293577981651293,0.0029999999999998,
515810,2025-03-25,1.31,1.31,1.313,1.305,61199.0,,0.6102212051868808,-0.0762776506483516,-0.0009999999999998,
515810,2025-03-26,1.312,1.309,1.313,1.305,104918.0,,0.6106870229007638,-0.0763358778626039,-0.0010000000000001,
515810,2025-03-27,1.309,1.311,1.317,1.298,71845.0,,1.4514896867837972,0.1527883880825059,0.002,
515810,2025-03-28,1.311,1.304,1.311,1.301,74723.0,,0.7627765064836011,-0.5339435545385123,-0.0069999999999998,
515810,2025-03-31,1.301,1.293,1.304,1.287,67669.0,,1.3036809815951016,-0.8435582822085982,-0.0110000000000001,
515810,2025-04-01,1.296,1.294,1.301,1.293,49553.0,,0.618716163959784,0.0773395204949815,0.0010000000000001,
515810,2025-04-02,1.295,1.293,1.301,1.291,88754.0,,0.7727975270479142,-0.0772797527047999,-0.0010000000000001,
515810,2025-04-03,1.319,1.287,1.319,1.269,149663.0,,3.86697602474865,-0.464037122969838,-0.006,
515810,2025-04-07,1.264,1.171,1.264,1.159,134721.0,,8.158508158508157,-9.013209013209003,-0.1159999999999998,
515810,2025-04-08,1.24,1.202,1.24,1.177,54402.0,,5.380017079419295,2.647309991460283,0.0309999999999999,
515810,2025-04-09,1.19,1.211,1.24,1.177,102627.0,,5.241264559068215,0.7487520798668984,0.0090000000000001,
515810,2025-04-10,1.235,1.237,1.245,1.224,106266.0,,1.7341040462427852,2.146985962014865,0.026,
515810,2025-04-11,1.234,1.241,1.248,1.229,149117.0,,1.5359741309619972,0.3233629749393696,0.004,
515810,2025-04-14,1.244,1.248,1.264,1.22,64583.0,,3.5455278001611634,0.5640612409347215,0.0069999999999998,
515810,2025-04-15,1.249,1.246,1.249,1.242,68458.0,,0.5608974358974452,-0.1602564102564104,-0.002,
515810,2025-04-16,1.244,1.248,1.248,1.233,39402.0,,1.2038523274478252,0.1605136436597112,0.002,
515810,2025-04-17,1.243,1.246,1.252,1.243,120930.0,,0.7211538461538378,-0.1602564102564104,-0.002,
515810,2025-04-18,1.246,1.25,1.251,1.244,85244.0,,0.5617977528089804,0.3210272873194224,0.004,
515810,2025-04-21,1.249,1.255,1.257,1.249,98243.0,,0.6399999999999828,0.3999999999999915,0.0049999999999998,
515810,2025-04-22,1.255,1.259,1.261,1.255,78112.0,,0.4780876494023909,0.3187250996015939,0.004,
515810,2025-04-23,1.26,1.259,1.266,1.256,83745.0,,0.7942811755361406,0.0,0.0,
515810,2025-04-24,1.258,1.256,1.264,1.252,74324.0,,0.9531374106433688,-0.2382843526608333,-0.0029999999999998,
515810,2025-04-25,1.257,1.257,1.263,1.256,59704.0,,0.5573248407643229,0.0796178343948957,0.0009999999999998,
515810,2025-04-28,1.249,1.255,1.257,1.248,49686.0,,0.7159904534606124,-0.1591089896579158,-0.002,
515810,2025-04-29,1.255,1.253,1.257,1.252,42389.0,,0.3984063745019836,-0.1593625498007969,-0.002,
515810,2025-04-30,1.254,1.254,1.258,1.254,69099.0,,0.3192338387869117,0.0798084596967367,0.0010000000000001,
515810,2025-05-06,1.258,1.269,1.269,1.258,79020.0,,0.8771929824561323,1.19617224880382,0.0149999999999999,
515810,2025-05-07,1.273,1.275,1.288,1.271,77839.0,,1.339637509850286,0.472813238770686,0.006,
515810,2025-05-08,1.275,1.284,1.286,1.272,77210.0,,1.0980392156862755,0.7058823529411858,0.0090000000000001,
515810,2025-05-09,1.281,1.278,1.281,1.275,50637.0,,0.4672897196261686,-0.4672897196261686,-0.006,
515810,2025-05-12,1.287,1.294,1.294,1.284,74913.0,,0.7824726134585297,1.2519561815336473,0.016,
515810,2025-05-13,1.297,1.294,1.299,1.292,34873.0,,0.5409582689335313,0.0,0.0,
515810,2025-05-14,1.294,1.308,1.315,1.292,100722.0,,1.7774343122101937,1.08191653786708,0.014,
515810,2025-05-15,1.307,1.294,1.307,1.293,67608.0,,1.07033639143731,-1.07033639143731,-0.014,
515810,2025-05-16,1.293,1.29,1.294,1.287,64385.0,,0.5409582689335485,-0.3091190108191656,-0.004,
515810,2025-05-19,1.291,1.288,1.291,1.283,60062.0,,0.6201550387596905,-0.1550387596899226,-0.002,
515810,2025-05-20,1.29,1.294,1.298,1.288,78695.0,,0.776397515527951,0.4658385093167705,0.006,
515810,2025-05-21,1.299,1.299,1.302,1.296,79484.0,,0.4636785162287484,0.3863987635239485,0.0049999999999998,
515810,2025-05-22,1.312,1.297,1.312,1.288,84185.0,,1.8475750577367225,-0.1539645881447268,-0.002,
515810,2025-05-23,1.297,1.289,1.305,1.286,114915.0,,1.464919043947564,-0.6168080185042412,-0.008,
515810,2025-05-26,1.286,1.283,1.289,1.279,65345.0,,0.7757951900698223,-0.4654771140418933,-0.006,
515810,2025-05-27,1.299,1.277,1.299,1.275,65764.0,,1.8706157443491835,-0.4676539360872959,-0.006,
515810,2025-05-28,1.279,1.277,1.299,1.274,81799.0,,1.957713390759586,0.0,0.0,
515810,2025-05-29,1.277,1.286,1.289,1.274,87086.0,,1.174628034455748,0.7047768206734628,0.0090000000000001,
515810,2025-05-30,1.283,1.281,1.284,1.274,97240.0,,0.7776049766718514,-0.3888024883359343,-0.0050000000000001,
515810,2025-06-03,1.278,1.282,1.286,1.276,98637.0,,0.7806401249024207,0.0780640124902507,0.0010000000000001,
515810,2025-06-04,1.284,1.29,1.292,1.284,64167.0,,0.6240249609984405,0.6240249609984405,0.008,
515810,2025-06-05,1.291,1.295,1.296,1.288,78547.0,,0.6201550387596905,0.3875968992247979,0.0049999999999998,
515810,2025-06-06,1.294,1.296,1.299,1.293,71400.0,,0.4633204633204637,0.0772200772200858,0.0010000000000001,
515810,2025-06-09,1.295,1.299,1.303,1.295,71038.0,,0.6172839506172845,0.2314814814814731,0.0029999999999998,
515810,2025-06-10,1.298,1.292,1.301,1.285,116441.0,,1.2317167051578148,-0.5388760585065355,-0.0069999999999998,
515810,2025-06-11,1.292,1.3,1.306,1.292,78609.0,,1.0835913312693508,0.6191950464396291,0.008,
515810,2025-06-12,1.298,1.302,1.304,1.296,102847.0,,0.6153846153846159,0.1538461538461539,0.002,
515810,2025-06-13,1.3,1.293,1.301,1.29,104066.0,,0.8448540706605145,-0.6912442396313455,-0.0090000000000001,
515810,2025-06-16,1.293,1.296,1.298,1.292,60534.0,,0.464037122969838,0.2320185614849275,0.0030000000000001,
515810,2025-06-17,1.304,1.295,1.304,1.293,92552.0,,0.8487654320987748,-0.0771604938271691,-0.0010000000000001,
515810,2025-06-18,1.295,1.296,1.298,1.29,67651.0,,0.6177606177606184,0.0772200772200858,0.0010000000000001,
515810,2025-06-19,1.295,1.284,1.296,1.282,133682.0,,1.080246913580248,-0.9259259259259268,-0.012,
515810,2025-06-20,1.283,1.285,1.289,1.283,104278.0,,0.4672897196261686,0.0778816199376861,0.0009999999999998,
515810,2025-06-23,1.285,1.29,1.293,1.281,79110.0,,0.933852140077822,0.3891050583657678,0.0050000000000001,
515810,2025-06-24,1.283,1.306,1.31,1.283,91436.0,,2.093023255813964,1.240310077519381,0.016,
515810,2025-06-25,1.306,1.327,1.329,1.306,135077.0,,1.7611026033690589,1.6079632465543572,0.0209999999999999,
515810,2025-06-26,1.327,1.326,1.33,1.325,183456.0,,0.3767897513187728,-0.0753579502637445,-0.0009999999999998,
515810,2025-06-27,1.326,1.32,1.334,1.319,173693.0,,1.1312217194570229,-0.4524886877828058,-0.006,
515810,2025-06-30,1.323,1.328,1.329,1.319,107693.0,,0.7575757575757582,0.6060606060606066,0.008,
515810,2025-07-01,1.328,1.33,1.332,1.324,63947.0,,0.6024096385542174,0.1506024096385543,0.002,
515810,2025-07-02,1.33,1.33,1.333,1.326,127589.0,,0.5263157894736763,0.0,0.0,
515810,2025-07-03,1.332,1.336,1.338,1.329,90127.0,,0.6766917293233172,0.4511278195488725,0.006,
515810,2025-07-04,1.31,1.34,1.359,1.31,158524.0,,3.6676646706586777,0.2994011976047906,0.004,
515810,2025-07-07,1.336,1.337,1.339,1.333,89655.0,,0.4477611940298511,-0.2238805970149338,-0.0030000000000001,
515810,2025-07-08,1.339,1.348,1.351,1.337,171295.0,,1.0471204188481684,0.8227374719521406,0.0110000000000001,
515810,2025-07-09,1.349,1.347,1.355,1.347,111421.0,,0.5934718100890213,-0.0741839762611358,-0.0010000000000001,
515810,2025-07-10,1.349,1.354,1.36,1.348,163200.0,,0.8908685968819607,0.519673348181152,0.0070000000000001,
515810,2025-07-11,1.356,1.362,1.374,1.354,161786.0,,1.4771048744460868,0.5908419497784347,0.008,
515810,2025-07-14,1.36,1.36,1.364,1.36,80228.0,,0.2936857562408225,-0.1468428781204112,-0.002,
515810,2025-07-15,1.372,1.36,1.388,1.35,162799.0,,2.7941176470588096,0.0,0.0,
515810,2025-07-16,1.36,1.357,1.364,1.353,149099.0,,0.8088235294117735,-0.2205882352941259,-0.0030000000000001,
515810,2025-07-17,1.356,1.367,1.368,1.356,160125.0,,0.884303610906412,0.7369196757553433,0.01,
515810,2025-07-18,1.371,1.377,1.378,1.37,159577.0,,0.5852231163130786,0.7315288953913687,0.01,
515810,2025-07-21,1.382,1.388,1.388,1.38,148256.0,,0.5809731299927383,0.7988380537400073,0.0109999999999998,
515810,2025-07-22,1.389,1.4,1.4,1.382,151801.0,,1.2968299711815574,0.8645533141210382,0.012,
515810,2025-07-23,1.403,1.4,1.421,1.395,146538.0,,1.857142857142859,0.0,0.0,
515810,2025-07-24,1.397,1.411,1.412,1.397,178362.0,,1.0714285714285643,0.7857142857142945,0.0110000000000001,
515810,2025-07-25,1.405,1.409,1.432,1.404,132271.0,,1.9844082211197749,-0.1417434443656982,-0.002,
515810,2025-07-28,1.423,1.411,1.423,1.403,129215.0,,1.419446415897801,0.1419446415897801,0.002,
515810,2025-07-29,1.411,1.419,1.419,1.404,124716.0,,1.0630758327427443,0.5669737774627928,0.008,
515810,2025-07-30,1.414,1.416,1.428,1.406,182869.0,,1.5503875968992262,-0.2114164904862659,-0.0030000000000001,
515810,2025-07-31,1.416,1.389,1.416,1.386,127542.0,,2.118644067796612,-1.906779661016943,-0.0269999999999999,
515810,2025-08-01,1.396,1.4,1.4,1.38,165689.0,,1.439884809215264,0.7919366450683872,0.0109999999999998,
515810,2025-08-04,1.395,1.395,1.395,1.375,86684.0,,1.42857142857143,-0.3571428571428495,-0.0049999999999998,
515810,2025-08-05,1.395,1.405,1.405,1.395,95235.0,,0.7168458781362014,0.7168458781362014,0.01,
515810,2025-08-06,1.406,1.41,1.411,1.403,73216.0,,0.5693950177935948,0.3558718861209888,0.0049999999999998,
515810,2025-08-07,1.41,1.409,1.414,1.401,83311.0,,0.92198581560283,-0.070921985815595,-0.0009999999999998,
515810,2025-08-08,1.41,1.41,1.413,1.403,102191.0,,0.7097232079489005,0.0709723207948821,0.0009999999999998,
515810,2025-08-11,1.41,1.415,1.419,1.407,77395.0,,0.8510638297872349,0.3546099290780223,0.0050000000000001,
515810,2025-08-12,1.415,1.42,1.424,1.414,96045.0,,0.7067137809187285,0.3533568904593564,0.0049999999999998,
515810,2025-08-13,1.422,1.444,1.444,1.422,131184.0,,1.5492957746478888,1.690140845070424,0.024,
515810,2025-08-14,1.455,1.436,1.455,1.431,272730.0,,1.6620498614958463,-0.5540166204986154,-0.008,
515810,2025-08-15,1.438,1.449,1.451,1.409,88049.0,,2.9247910863509774,0.9052924791086436,0.0130000000000001,
515810,2025-08-18,1.451,1.462,1.473,1.448,108167.0,,1.725327812284343,0.8971704623878468,0.0129999999999999,
515810,2025-08-19,1.468,1.462,1.491,1.456,120264.0,,2.3939808481532245,0.0,0.0,
515810,2025-08-20,1.451,1.472,1.476,1.316,79635.0,,10.943912448700404,0.6839945280437763,0.01,
515810,2025-08-21,1.472,1.473,1.485,1.47,100197.0,,1.0190217391304432,0.0679347826087032,0.0010000000000001,
515810,2025-08-22,1.49,1.506,1.511,1.474,120699.0,,2.5118805159538304,2.2403258655804423,0.0329999999999999,
515810,2025-08-25,1.535,1.538,1.544,1.513,87543.0,,2.058432934926968,2.12483399734396,0.032,
515810,2025-08-26,1.538,1.536,1.67,1.527,104516.0,,9.29778933680104,-0.1300390117035111,-0.002,
515810,2025-08-27,1.538,1.517,1.551,1.516,106654.0,,2.278645833333328,-1.236979166666675,-0.0190000000000001,
515810,2025-08-28,1.517,1.543,1.545,1.504,99959.0,,2.702702702702698,1.7139090309822032,0.026,
515810,2025-08-29,1.543,1.557,1.56,1.538,58555.0,,1.4257939079714854,0.9073233959818544,0.014,
515810,2025-09-01,1.557,1.563,1.564,1.549,16598.0,,0.9633911368015496,0.3853564547206169,0.006,
515810,2025-09-02,1.563,1.543,1.565,1.532,57725.0,,2.1113243761996108,-1.2795905310300717,-0.02,
515810,2025-09-03,1.545,1.528,1.549,1.519,55899.0,,1.9442644199611163,-0.972132209980551,-0.0149999999999999,
515810,2025-09-04,1.525,1.498,1.539,1.481,70336.0,,3.795811518324596,-1.963350785340316,-0.03,
515810,2025-09-05,1.498,1.533,1.538,1.492,44957.0,,3.070761014686251,2.336448598130836,0.0349999999999999,
515810,2025-09-08,1.536,1.536,1.56,1.516,42941.0,,2.870189171559037,0.1956947162426688,0.0030000000000001,
515810,2025-09-09,1.535,1.529,1.539,1.52,55017.0,,1.2369791666666603,-0.4557291666666743,-0.0070000000000001,
515810,2025-09-10,1.533,1.53,1.537,1.518,60192.0,,1.2426422498364884,0.0654022236756123,0.0010000000000001,
515810,2025-09-11,1.53,1.568,1.569,1.524,90746.0,,2.9411764705882306,2.4836601307189565,0.038,
515810,2025-09-12,1.57,1.564,1.575,1.539,53632.0,,2.2959183673469408,-0.2551020408163267,-0.004,
515810,2025-09-15,1.569,1.564,1.576,1.564,71950.0,,0.7672634271099751,0.0,0.0,
515810,2025-09-16,1.588,1.564,1.588,1.537,68641.0,,3.260869565217401,0.0,0.0,
515810,2025-09-17,1.564,1.577,1.578,1.558,51884.0,,1.278772378516625,0.8312020460357993,0.0129999999999999,
515810,2025-09-18,1.577,1.566,1.588,1.545,84068.0,,2.7266962587190964,-0.6975269499048763,-0.0109999999999998,
515810,2025-09-19,1.566,1.559,1.57,1.555,83820.0,,0.957854406130276,-0.4469987228607993,-0.0070000000000001,
515810,2025-09-22,1.559,1.565,1.568,1.554,118975.0,,0.8980115458627335,0.3848620910840286,0.006,
515810,2025-09-23,1.583,1.563,1.583,1.544,36738.0,,2.492012779552711,-0.1277955271565496,-0.002,
515810,2025-09-24,1.563,1.582,1.583,1.56,25146.0,,1.4715291106845751,1.215611004478575,0.0190000000000001,
515810,2025-09-25,1.582,1.595,1.6,1.582,63136.0,,1.1378002528445017,0.8217446270543552,0.0129999999999999,
515810,2025-09-26,1.611,1.581,1.611,1.577,32521.0,,2.1316614420062714,-0.8777429467084646,-0.014,
515810,2025-09-29,1.58,1.603,1.611,1.577,31268.0,,2.150537634408604,1.3915243516761555,0.022,
515810,2025-09-30,1.633,1.61,1.762,1.578,46056.0,,11.478477854023703,0.4366812227074309,0.0070000000000001,
515810,2025-10-09,1.61,1.64,1.641,1.61,32673.0,,1.9254658385093115,1.8633540372670687,0.0299999999999998,
515810,2025-10-10,1.632,1.606,1.638,1.603,36396.0,,2.13414634146341,-2.0731707317073056,-0.0339999999999998,
515810,2025-10-13,1.55,1.603,1.631,1.55,68678.0,,5.043586550435863,-0.1867995018680021,-0.0030000000000001,
515810,2025-10-14,1.615,1.581,1.617,1.578,71116.0,,2.432938240798498,-1.3724266999376182,-0.022,
515810,2025-10-15,1.581,1.596,1.612,1.55,37320.0,,3.921568627450984,0.9487666034155676,0.0150000000000001,
515810,2025-10-16,1.6,1.598,1.605,1.59,45150.0,,0.9398496240601444,0.1253132832080201,0.002,
515810,2025-10-17,1.594,1.559,1.599,1.558,52554.0,,2.565707133917392,-2.44055068836046,-0.0390000000000001,
515810,2025-10-20,1.577,1.567,1.578,1.561,36490.0,,1.0904425914047549,0.5131494547787048,0.008,
515810,2025-10-21,1.57,1.593,1.595,1.57,22886.0,,1.5954052329291584,1.6592214422463325,0.026,
515810,2025-10-22,1.593,1.585,1.62,1.577,31905.0,,2.699309478970505,-0.5021971123666044,-0.008,
515810,2025-10-23,1.582,1.592,1.593,1.566,37917.0,,1.7034700315457358,0.4416403785489033,0.0070000000000001,
515810,2025-10-24,1.592,1.61,1.61,1.592,36553.0,,1.1306532663316593,1.1306532663316593,0.018,
515810,2025-10-27,1.615,1.632,1.635,1.615,52563.0,,1.2422360248447215,1.3664596273291798,0.0219999999999997,
515810,2025-10-28,1.628,1.626,1.64,1.62,43919.0,,1.2254901960784188,-0.3676470588235297,-0.006,
515810,2025-10-29,1.626,1.65,1.65,1.626,38323.0,,1.4760147601476028,1.4760147601476028,0.024,
515810,2025-10-30,1.651,1.634,1.652,1.631,44595.0,,1.2727272727272672,-0.9696969696969706,-0.016,
515810,2025-10-31,1.634,1.617,1.634,1.614,28399.0,,1.223990208078323,-1.0403916768665793,-0.0169999999999999,
515810,2025-11-03,1.614,1.617,1.618,1.596,32272.0,,1.360544217687076,0.0,0.0,
515810,2025-11-04,1.619,1.6,1.619,1.591,39024.0,,1.731601731601733,-1.0513296227581883,-0.0169999999999999,
515810,2025-11-05,1.586,1.605,1.61,1.581,31483.0,,1.8125000000000084,0.3124999999999933,0.0049999999999998,
515810,2025-11-06,1.61,1.629,1.631,1.61,29601.0,,1.3084112149532652,1.4953271028037396,0.024,
515810,2025-11-07,1.628,1.627,1.632,1.617,19784.0,,0.9208103130755004,-0.1227747084100676,-0.002,
515810,2025-11-10,1.631,1.631,1.631,1.616,19778.0,,0.9219422249538968,0.2458512599877076,0.004,
515810,2025-11-11,1.631,1.617,1.633,1.613,68729.0,,1.2262415695892102,-0.858369098712447,-0.014,
515810,2025-11-12,1.609,1.613,1.619,1.601,34920.0,,1.1131725417439713,-0.2473716759431047,-0.004,
515810,2025-11-13,1.615,1.63,1.632,1.611,31640.0,,1.3019218846869132,1.0539367637941663,0.0169999999999999,
515810,2025-11-14,1.62,1.606,1.625,1.606,37555.0,,1.1656441717791357,-1.4723926380367978,-0.0239999999999998,
515810,2025-11-17,1.606,1.599,1.607,1.592,44026.0,,0.933997509339969,-0.4358655043586623,-0.0070000000000001,
515810,2025-11-18,1.592,1.589,1.599,1.582,38622.0,,1.0631644777986182,-0.6253908692933089,-0.01,
515810,2025-11-19,1.589,1.589,1.596,1.584,83699.0,,0.7551919446192581,0.0,0.0,
515810,2025-11-20,1.598,1.583,1.598,1.581,18811.0,,1.0698552548772893,-0.377595972309629,-0.006,
515810,2025-11-21,1.573,1.54,1.573,1.54,51002.0,,2.0846493998736526,-2.716361339229307,-0.0429999999999999,
515810,2025-11-24,1.544,1.54,1.548,1.53,189737.0,,1.16883116883117,0.0,0.0,
515810,2025-11-25,1.539,1.555,1.566,1.539,50910.0,,1.7532467532467615,0.9740259740259676,0.0149999999999999,
515810,2025-11-26,1.558,1.563,1.571,1.553,35825.0,,1.157556270096464,0.5144694533762062,0.008,
515810,2025-11-27,1.563,1.56,1.579,1.56,189489.0,,1.2156110044785609,-0.1919385796545036,-0.0029999999999998,
515810,2025-11-28,1.559,1.57,1.573,1.555,228887.0,,1.1538461538461549,0.6410256410256416,0.01,
515810,2025-12-01,1.576,1.585,1.586,1.569,54989.0,,1.0828025477707086,0.9554140127388472,0.0149999999999999,
515810,2025-12-02,1.582,1.576,1.583,1.572,214692.0,,0.6940063091482586,-0.5678233438485739,-0.0089999999999998,
515810,2025-12-03,1.577,1.571,1.583,1.565,124819.0,,1.1421319796954326,-0.3172588832487383,-0.0050000000000001,
515810,2025-12-04,1.571,1.575,1.579,1.563,144524.0,,1.0184595798854243,0.2546148949713561,0.004,
515810,2025-12-05,1.573,1.59,1.6,1.571,191346.0,,1.8412698412698496,0.9523809523809604,0.0150000000000001,
515810,2025-12-08,1.596,1.603,1.609,1.595,59989.0,,0.8805031446540887,0.8176100628930755,0.0129999999999999,
515810,2025-12-09,1.603,1.598,1.605,1.592,111227.0,,0.8109794135994948,-0.3119151590767244,-0.0049999999999998,
515810,2025-12-10,1.599,1.597,1.602,1.582,275918.0,,1.251564455569463,-0.06257822277848,-0.0010000000000001,
515810,2025-12-11,1.599,1.583,1.601,1.581,37513.0,,1.252348152786476,-0.8766437069505331,-0.014,
515810,2025-12-12,1.584,1.595,1.598,1.58,179104.0,,1.1370814908401778,0.7580543272267852,0.012,
515810,2025-12-15,1.588,1.588,1.602,1.586,99946.0,,1.0031347962382455,-0.4388714733542254,-0.0069999999999998,
515810,2025-12-16,1.581,1.566,1.584,1.561,67484.0,,1.448362720403031,-1.385390428211588,-0.022,
515810,2025-12-17,1.567,1.596,1.602,1.566,65180.0,,2.2988505747126458,1.915708812260538,0.03,
515810,2025-12-18,1.596,1.589,1.598,1.587,53409.0,,0.6892230576441177,-0.4385964912280775,-0.0070000000000001,
515810,2025-12-19,1.592,1.596,1.602,1.588,37673.0,,0.8810572687224677,0.4405286343612409,0.0070000000000001,
515810,2025-12-22,1.604,1.61,1.613,1.603,59260.0,,0.6265664160401008,0.8771929824561412,0.014,
515810,2025-12-23,1.61,1.613,1.621,1.61,88964.0,,0.6832298136645899,0.1863354037267013,0.0029999999999998,
515810,2025-12-24,1.615,1.626,1.627,1.61,89456.0,,1.0539367637941663,0.8059516429014199,0.0129999999999999,
515810,2025-12-25,1.623,1.625,1.634,1.621,128982.0,,0.7995079950799446,-0.0615006150061432,-0.0009999999999998,
515810,2025-12-26,1.62,1.633,1.642,1.62,142861.0,,1.3538461538461417,0.4923076923076928,0.008,
515810,2025-12-29,1.634,1.628,1.639,1.624,104325.0,,0.9185548071034844,-0.3061849357011705,-0.0050000000000001,
515810,2025-12-30,1.621,1.634,1.639,1.621,209024.0,,1.1056511056511067,0.3685503685503689,0.006,
515810,2025-12-31,1.629,1.631,1.639,1.625,74848.0,,0.8567931456548356,-0.1835985312117437,-0.0029999999999998,
515810,2026-01-05,1.633,1.662,1.665,1.633,64541.0,,1.961986511342736,1.900674432863269,0.0309999999999999,
515810,2026-01-06,1.667,1.691,1.692,1.667,81953.0,,1.504211793020452,1.7448856799037389,0.0290000000000001,
515810,2026-01-07,1.692,1.691,1.7,1.684,67367.0,,0.9461856889414556,0.0,0.0,
515810,2026-01-08,1.688,1.682,1.693,1.675,70181.0,,1.0644589000591376,-0.5322294500295753,-0.0090000000000001,
515810,2026-01-09,1.684,1.7,1.705,1.682,55385.0,,1.3674197384066666,1.0701545778834731,0.018,
515810,2026-01-12,1.7,1.717,1.734,1.685,43026.0,,2.882352941176467,1.0000000000000075,0.0170000000000001,
515810,2026-01-13,1.717,1.719,1.731,1.698,36528.0,,1.9219569015725184,0.1164822364589401,0.002,
515810,2026-01-14,1.717,1.708,1.731,1.69,51826.0,,2.3851076207097237,-0.6399069226294427,-0.0110000000000001,
515810,2026-01-15,1.706,1.707,1.713,1.697,71338.0,,0.9367681498829048,-0.058548009367675,-0.0009999999999998,
515810,2026-01-16,1.721,1.705,1.721,1.695,69423.0,,1.5231400117164628,-0.1171646162858817,-0.002,
515810,2026-01-19,1.705,1.708,1.716,1.7,58159.0,,0.9384164222873908,0.1759530791788792,0.0029999999999998,
515810,2026-01-20,1.708,1.698,1.715,1.686,84713.0,,1.6978922716627716,-0.5854800936768155,-0.01,
515810,2026-01-21,1.698,1.703,1.714,1.697,58836.0,,1.0011778563015257,0.2944640753828101,0.0050000000000001,
515810,2026-01-22,1.717,1.709,1.72,1.7,63136.0,,1.1743981209630074,0.3523194362889023,0.006,
515810,2026-01-23,1.72,1.713,1.72,1.709,70559.0,,0.6436512580456348,0.2340550029256877,0.004,
515810,2026-01-26,1.715,1.711,1.735,1.704,32344.0,,1.8096906012843048,-0.1167542323409224,-0.002,
515810,2026-01-27,1.711,1.72,1.723,1.697,40534.0,,1.5195791934541216,0.5260081823494972,0.0089999999999998,
515810,2026-01-28,1.72,1.722,1.727,1.714,69767.0,,0.7558139534883792,0.1162790697674419,0.002,
515810,2026-01-29,1.721,1.731,1.734,1.706,39089.0,,1.6260162601626031,0.5226480836237003,0.0090000000000001,
515810,2026-01-30,1.73,1.705,1.73,1.678,91145.0,,3.0040439052570798,-1.5020219526285397,-0.026,
515810,2026-02-02,1.705,1.655,1.705,1.652,91185.0,,3.1085043988269887,-2.932551319648097,-0.05,
515810,2026-02-03,1.658,1.687,1.688,1.653,80482.0,,2.1148036253776388,1.9335347432024184,0.032,
515810,2026-02-04,1.688,1.7,1.7,1.678,107136.0,,1.3040901007705998,0.7705986959098933,0.0129999999999999,
515810,2026-02-05,1.68,1.685,1.69,1.669,65242.0,,1.235294117647053,-0.8823529411764649,-0.0149999999999999,
515810,2026-02-06,1.685,1.677,1.691,1.658,69510.0,,1.9584569732937769,-0.474777448071217,-0.008,
515810,2026-02-09,1.684,1.706,1.707,1.684,59929.0,,1.3714967203339374,1.7292784734645148,0.0289999999999999,
515810,2026-02-10,1.716,1.707,1.716,1.703,37958.0,,0.7620164126611899,0.0586166471277908,0.0010000000000001,
515810,2026-02-11,1.716,1.708,1.716,1.707,58473.0,,0.5272407732864615,0.0585823081429343,0.0009999999999998,
515810,2026-02-12,1.711,1.717,1.717,1.71,119904.0,,0.4098360655737774,0.5269320843091405,0.0090000000000001,
515810,2026-02-13,1.715,1.694,1.715,1.692,65489.0,,1.3395457192778175,-1.3395457192778175,-0.0230000000000001,
515810,2026-02-24,1.705,1.712,1.722,1.695,96112.0,,1.5938606847697705,1.062573789846518,0.018,
515810,2026-02-25,1.715,1.729,1.737,1.715,57341.0,,1.2850467289719638,0.9929906542056148,0.0170000000000001,
515810,2026-02-26,1.725,1.73,1.732,1.716,81148.0,,0.9253903990746104,0.0578368999421567,0.0009999999999998,
515810,2026-02-27,1.729,1.731,1.736,1.716,183708.0,,1.156069364161851,0.0578034682080989,0.0010000000000001,
515810,2026-03-02,1.729,1.734,1.738,1.713,29960.0,,1.4442518775274356,0.1733102253032866,0.0029999999999998,
515810,2026-03-03,1.735,1.7,1.735,1.692,90210.0,,2.479815455594011,-1.960784313725492,-0.034,
515810,2026-03-04,1.693,1.68,1.694,1.666,62921.0,,1.6470588235294132,-1.176470588235295,-0.02,
515810,2026-03-05,1.693,1.687,1.698,1.682,81240.0,,0.9523809523809532,0.4166666666666737,0.0070000000000001,
515810,2026-03-06,1.686,1.693,1.7,1.679,65893.0,,1.2448132780082932,0.3556609365737999,0.006,
515810,2026-03-09,1.677,1.681,1.685,1.65,92952.0,,2.067336089781461,-0.7088009450679273,-0.012,
515810,2026-03-10,1.69,1.702,1.704,1.69,60630.0,,0.8328375966686504,1.249256395002969,0.0209999999999999,
515810,2026-03-11,1.702,1.709,1.712,1.7,70930.0,,0.7050528789659231,0.4112808460634616,0.0070000000000001,
515810,2026-03-12,1.71,1.704,1.71,1.691,66113.0,,1.1117612638970102,-0.2925687536571161,-0.0050000000000001,
515810,2026-03-13,1.698,1.693,1.71,1.69,80678.0,,1.1737089201877946,-0.6455399061032805,-0.0109999999999998,
515810,2026-03-16,1.685,1.69,1.697,1.67,88046.0,,1.5948021264028431,-0.1772002362669884,-0.0030000000000001,
515810,2026-03-17,1.696,1.673,1.705,1.673,91409.0,,1.8934911242603567,-1.005917159763308,-0.0169999999999999,
515810,2026-03-18,1.677,1.68,1.681,1.66,72848.0,,1.2552301255230205,0.4184100418409979,0.0069999999999998,
515810,2026-03-19,1.664,1.65,1.672,1.642,84335.0,,1.7857142857142874,-1.7857142857142874,-0.03,
515810,2026-03-20,1.659,1.64,1.664,1.636,91282.0,,1.6969696969696986,-0.6060606060606066,-0.01,
515810,2026-03-23,1.63,1.578,1.673,1.572,112051.0,,6.1585365853658525,-3.780487804878039,-0.0619999999999998,
515810,2026-03-24,1.585,1.604,1.604,1.573,41894.0,,1.9645120405576768,1.6476552598225618,0.026,
515810,2026-03-25,1.608,1.633,1.635,1.608,61407.0,,1.6832917705735604,1.8079800498753065,0.0289999999999999,
515810,2026-03-26,1.639,1.61,1.639,1.606,89320.0,,2.020820575627674,-1.408450704225347,-0.0229999999999999,
515810,2026-03-27,1.592,1.622,1.627,1.592,54477.0,,2.1739130434782554,0.7453416149068329,0.012,
515810,2026-03-30,1.596,1.617,1.62,1.596,31698.0,,1.4796547472256485,-0.308261405672017,-0.0050000000000001,
515810,2026-03-31,1.62,1.601,1.628,1.6,54174.0,,1.7316017316017194,-0.989486703772419,-0.016,
515810,2026-04-01,1.621,1.628,1.63,1.619,63309.0,,0.6870705808869394,1.686445971267952,0.0269999999999999,
515810,2026-04-02,1.625,1.61,1.625,1.6,29968.0,,1.5356265356265304,-1.1056511056510931,-0.0179999999999997,
515810,2026-04-03,1.602,1.593,1.622,1.59,122910.0,,1.9875776397515543,-1.0559006211180202,-0.0170000000000001,
515810,2026-04-07,1.583,1.593,1.602,1.583,95339.0,,1.1927181418706922,0.0,0.0,
515810,2026-04-08,1.623,1.656,1.656,1.6,81401.0,,3.515379786566217,3.9548022598870025,0.0629999999999999,
515810,2026-04-09,1.656,1.65,1.656,1.643,139295.0,,0.7850241545893661,-0.3623188405797105,-0.006,
515810,2026-04-10,1.648,1.674,1.68,1.648,100005.0,,1.9393939393939408,1.454545454545456,0.024,
515810,2026-04-13,1.66,1.676,1.678,1.66,88391.0,,1.075268817204302,0.1194743130227002,0.002,
515810,2026-04-14,1.68,1.696,1.696,1.678,72702.0,,1.0739856801909318,1.1933174224343688,0.02,
515810,2026-04-15,1.7,1.687,1.707,1.684,72446.0,,1.356132075471706,-0.5306603773584845,-0.0089999999999998,
515810,2026-04-16,1.694,1.712,1.712,1.692,56740.0,,1.1855364552459997,1.4819205690574933,0.0249999999999999,
515810,2026-04-17,1.713,1.71,1.713,1.705,57338.0,,0.4672897196261686,-0.1168224299065421,-0.002,
515810,2026-04-20,1.711,1.721,1.726,1.709,123935.0,,0.99415204678362,0.6432748538011767,0.0110000000000001,
515810,2026-04-21,1.719,1.726,1.728,1.708,159521.0,,1.1621150493898906,0.2905287623474662,0.0049999999999998,
515810,2026-04-22,1.728,1.742,1.743,1.722,58520.0,,1.2166859791425335,0.9269988412514492,0.016,
515810,2026-04-23,1.746,1.736,1.747,1.724,209244.0,,1.3203214695752084,-0.3444316877152701,-0.006,
515810,2026-04-24,1.736,1.728,1.736,1.717,91524.0,,1.094470046082944,-0.460829493087558,-0.008,
515810,2026-04-27,1.727,1.734,1.74,1.709,49068.0,,1.7939814814814763,0.3472222222222225,0.006,
515810,2026-04-28,1.729,1.731,1.734,1.721,83516.0,,0.7497116493656228,-0.1730103806228311,-0.0029999999999998,
515810,2026-04-29,1.721,1.748,1.749,1.721,24292.0,,1.617562102830735,0.982091276718654,0.0169999999999999,
515810,2026-04-30,1.748,1.747,1.753,1.743,78259.0,,0.5720823798626881,-0.0572082379862637,-0.0009999999999998,
515810,2026-05-06,1.753,1.78,1.786,1.753,93886.0,,1.888952489982836,1.888952489982823,0.0329999999999999,
515810,2026-05-07,1.789,1.795,1.795,1.78,90190.0,,0.8426966292134775,0.8426966292134775,0.0149999999999999,
515810,2026-05-08,1.79,1.785,1.793,1.778,57928.0,,0.8356545961002733,-0.5571030640668528,-0.01,
515810,2026-05-11,1.789,1.815,1.82,1.789,122899.0,,1.736694677871156,1.6806722689075646,0.03,
515810,2026-05-12,1.82,1.812,1.823,1.804,152824.0,,1.04683195592286,-0.1652892561983411,-0.0029999999999998,
515810,2026-05-13,1.81,1.835,1.836,1.807,56158.0,,1.6004415011037605,1.2693156732891782,0.0229999999999999,
515810,2026-05-14,1.837,1.815,1.843,1.802,63285.0,,2.234332425068116,-1.0899182561307912,-0.02,
515810,2026-05-15,1.815,1.791,1.815,1.767,219563.0,,2.644628099173556,-1.322314049586778,-0.024,
515810,2026-05-18,1.773,1.769,1.781,1.759,160231.0,,1.2283640424343951,-1.2283640424343951,-0.022,
515810,2026-05-19,1.767,1.779,1.78,1.747,98020.0,,1.865460712266813,0.5652911249293392,0.01,
515810,2026-05-20,1.774,1.782,1.787,1.77,103596.0,,0.9555930297920128,0.1686340640809507,0.0030000000000001,
515810,2026-05-21,1.79,1.754,1.814,1.753,74799.0,,3.423120089786766,-1.571268237934906,-0.028,
515810,2026-05-22,1.766,1.777,1.78,1.753,113459.0,,1.5393386545039986,1.3112884834663574,0.0229999999999999,
515810,2026-05-25,1.788,1.805,1.805,1.78,142354.0,,1.4068655036578452,1.575689364096794,0.028,
515810,2026-05-26,1.806,1.813,1.817,1.787,115489.0,,1.6620498614958463,0.4432132963988923,0.008,
515810,2026-05-27,1.81,1.794,1.819,1.788,138492.0,,1.7098731384445625,-1.0479867622724717,-0.0189999999999999,
515810,2026-05-28,1.788,1.796,1.801,1.771,82252.0,,1.6722408026755866,0.1114827201783724,0.002,
515810,2026-05-29,1.8,1.801,1.808,1.778,113167.0,,1.6703786191536765,0.2783964365256065,0.0049999999999998,
515810,2026-06-01,1.8,1.765,1.8,1.761,71209.0,,2.165463631315944,-1.998889505830096,-0.036,
515810,2026-06-02,1.762,1.787,1.79,1.753,88700.0,,2.096317280453266,1.246458923512749,0.022,
515810,2026-06-03,1.785,1.793,1.81,1.782,81418.0,,1.5668718522663696,0.3357582540570792,0.006,
