code,date,open,close,high,low,volume,amount,amplitude,pct_chg,price_change,turnover_rate
560010,2022-08-04,2.768,2.779,2.791,2.743,26245245.0,,,,,
560010,2022-08-05,2.774,2.836,2.839,2.774,23635091.0,,2.338970852824755,2.0510975170924772,0.05699999999999994,
560010,2022-08-08,2.819,2.864,2.867,2.819,23073746.0,,1.6925246826516236,0.9873060648801137,0.028000000000000025,
560010,2022-08-09,2.859,2.876,2.881,2.845,20995088.0,,1.2569832402234493,0.4189944134078217,0.01200000000000001,
560010,2022-08-10,2.87,2.881,2.89,2.864,17577283.0,,0.9040333796940281,0.17385257301807697,0.004999999999999893,
560010,2022-08-11,2.881,2.918,2.921,2.881,18550561.0,,1.388406803193337,1.2842762929538483,0.037000000000000366,
560010,2022-08-12,2.913,2.893,2.927,2.89,17074721.0,,1.2679917751884826,-0.8567511994516913,-0.025000000000000355,
560010,2022-08-15,2.893,2.91,2.924,2.884,16760511.0,,1.3826477704804714,0.5876253024542119,0.017000000000000348,
560010,2022-08-16,2.904,2.924,2.947,2.904,16022214.0,,1.4776632302405548,0.48109965635738106,0.01399999999999979,
560010,2022-08-17,2.918,2.93,2.938,2.907,15623607.0,,1.0601915184678572,0.20519835841314046,0.006000000000000227,
560010,2022-08-18,2.918,2.941,2.947,2.915,15703038.0,,1.092150170648465,0.37542662116039854,0.010999999999999677,
560010,2022-08-19,2.938,2.893,2.949,2.893,14700038.0,,1.9041142468548131,-1.6320979258755541,-0.04800000000000004,
560010,2022-08-22,2.89,2.91,2.918,2.867,16417350.0,,1.762875907362605,0.5876253024542119,0.017000000000000348,
560010,2022-08-23,2.898,2.918,2.921,2.898,18291726.0,,0.7903780068728414,0.2749140893470793,0.008000000000000007,
560010,2022-08-24,2.913,2.816,2.921,2.811,20261966.0,,3.769705277587384,-3.495544893762862,-0.10200000000000031,
560010,2022-08-25,2.819,2.808,2.83,2.774,16739347.0,,1.9886363636363658,-0.28409090909090934,-0.008000000000000007,
560010,2022-08-26,2.805,2.794,2.839,2.782,15349209.0,,2.029914529914528,-0.4985754985754911,-0.01399999999999979,
560010,2022-08-29,2.762,2.802,2.811,2.751,16500901.0,,2.147458840372228,0.28632784538296374,0.008000000000000007,
560010,2022-08-30,2.799,2.788,2.808,2.777,18462623.0,,1.1063526052819306,-0.49964311206282064,-0.014000000000000234,
560010,2022-08-31,2.782,2.694,2.791,2.689,17257860.0,,3.6585365853658494,-3.3715925394548014,-0.09399999999999986,
560010,2022-09-01,2.692,2.686,2.726,2.675,19531568.0,,1.8930957683741707,-0.2969561989606536,-0.008000000000000007,
560010,2022-09-02,2.689,2.706,2.72,2.68,15009567.0,,1.489203276247209,0.7446016381236045,0.020000000000000018,
560010,2022-09-05,2.697,2.711,2.734,2.689,17482501.0,,1.6629711751662946,0.1847745750184735,0.004999999999999893,
560010,2022-09-06,2.711,2.762,2.765,2.709,14352603.0,,2.065658428624126,1.8812246403541188,0.051000000000000156,
560010,2022-09-07,2.76,2.779,2.794,2.751,15443269.0,,1.5568428674873336,0.6154960173787076,0.016999999999999904,
560010,2022-09-08,2.779,2.757,2.791,2.754,14773788.0,,1.331414177761782,-0.7916516732637567,-0.021999999999999797,
560010,2022-09-09,2.757,2.768,2.771,2.74,17093498.0,,1.1244105912223321,0.39898440333694873,0.010999999999999677,
560010,2022-09-14,2.73,2.728,2.74,2.711,6025205.0,,1.0476878612716893,-1.4450867052022975,-0.03999999999999959,
560010,2022-09-15,2.728,2.64,2.74,2.609,6554125.0,,4.802052785923762,-3.2258064516129057,-0.08800000000000008,
560010,2022-09-16,2.634,2.586,2.648,2.585,6833801.0,,2.386363636363643,-2.0454545454545556,-0.05400000000000027,
560010,2022-09-19,2.585,2.556,2.599,2.542,6054629.0,,2.2041763341067435,-1.1600928074245864,-0.029999999999999805,
560010,2022-09-20,2.557,2.589,2.618,2.557,5416082.0,,2.386541471048511,1.2910798122065696,0.03299999999999992,
560010,2022-09-21,2.582,2.588,2.602,2.551,5533630.0,,1.9698725376593167,-0.038624951718806096,-0.0009999999999998899,
560010,2022-09-22,2.576,2.596,2.624,2.572,5563981.0,,2.0092735703245768,0.30911901081916565,0.008000000000000007,
560010,2022-09-23,2.593,2.546,2.605,2.522,6504153.0,,3.1972265023112554,-1.9260400616332922,-0.050000000000000266,
560010,2022-09-26,2.535,2.512,2.561,2.51,6260097.0,,2.0031421838177597,-1.3354281225451614,-0.03399999999999981,
560010,2022-09-27,2.512,2.559,2.562,2.511,6224534.0,,2.030254777070052,1.871019108280261,0.04700000000000015,
560010,2022-09-28,2.551,2.486,2.558,2.485,5375833.0,,2.8526768268855003,-2.8526768268855003,-0.07299999999999995,
560010,2022-09-29,2.495,2.492,2.522,2.474,5769457.0,,1.9308125502815603,0.24135156878518838,0.005999999999999783,
560010,2022-09-30,2.492,2.447,2.498,2.444,5685200.0,,2.1669341894061103,-1.805778491171747,-0.04499999999999993,
560010,2022-10-10,2.447,2.392,2.459,2.38,6173033.0,,3.22844299141807,-2.247650183898658,-0.05500000000000016,
560010,2022-10-11,2.388,2.398,2.412,2.374,5798794.0,,1.5886287625417983,0.2508361204013473,0.006000000000000227,
560010,2022-10-12,2.398,2.471,2.472,2.363,6338490.0,,4.545454545454545,3.044203502919097,0.07299999999999995,
560010,2022-10-13,2.456,2.495,2.521,2.456,7183918.0,,2.630513961958719,0.9712666936462978,0.02400000000000002,
560010,2022-10-14,2.506,2.564,2.571,2.506,5289246.0,,2.605210420841699,2.7655310621242464,0.06899999999999995,
560010,2022-10-17,2.564,2.58,2.59,2.557,4783819.0,,1.287051482059279,0.6240249609984405,0.016000000000000014,
560010,2022-10-18,2.584,2.598,2.617,2.573,5156575.0,,1.7054263565891485,0.6976744186046432,0.017999999999999794,
560010,2022-10-19,2.593,2.583,2.615,2.581,5499712.0,,1.3086989992301867,-0.5773672055427128,-0.01499999999999968,
560010,2022-10-20,2.58,2.569,2.612,2.531,8011224.0,,3.135888501742159,-0.5420054200542096,-0.014000000000000234,
560010,2022-10-21,2.568,2.571,2.589,2.55,5433563.0,,1.5181004281821777,0.07785130400935086,0.002000000000000224,
560010,2022-10-24,2.567,2.557,2.629,2.528,7307587.0,,3.928432516530532,-0.5445352003111721,-0.014000000000000234,
560010,2022-10-25,2.537,2.546,2.562,2.498,5937749.0,,2.502933124755558,-0.43019163081736883,-0.01100000000000012,
560010,2022-10-26,2.545,2.598,2.623,2.541,6626693.0,,3.2207384131971843,2.042419481539672,0.052000000000000046,
560010,2022-10-27,2.603,2.586,2.62,2.58,5504794.0,,1.5396458814472687,-0.46189376443418056,-0.01200000000000001,
560010,2022-10-28,2.575,2.49,2.581,2.481,5945866.0,,3.86697602474865,-3.712296983758687,-0.09599999999999964,
560010,2022-10-31,2.469,2.516,2.542,2.469,5795670.0,,2.93172690763052,1.0441767068273011,0.0259999999999998,
560010,2022-11-01,2.526,2.582,2.582,2.508,6289720.0,,2.941176470588229,2.623211446740852,0.06599999999999984,
560010,2022-11-02,2.566,2.608,2.622,2.566,5768029.0,,2.168861347792411,1.0069713400464853,0.026000000000000245,
560010,2022-11-03,2.595,2.623,2.633,2.591,4904078.0,,1.6104294478527534,0.5751533742331336,0.015000000000000124,
560010,2022-11-04,2.62,2.69,2.691,2.62,6636067.0,,2.7068242470453576,2.554327106366745,0.06699999999999973,
560010,2022-11-07,2.688,2.679,2.703,2.659,4921347.0,,1.6356877323420087,-0.4089219330855064,-0.01100000000000012,
560010,2022-11-08,2.681,2.68,2.682,2.658,5341327.0,,0.8958566629339314,0.03732736095559291,0.001000000000000334,
560010,2022-11-09,2.676,2.667,2.694,2.66,5148372.0,,1.2686567164179032,-0.4850746268656845,-0.013000000000000345,
560010,2022-11-10,2.661,2.64,2.662,2.632,6215544.0,,1.124859392575921,-1.0123734533183237,-0.02699999999999969,
560010,2022-11-11,2.69,2.653,2.717,2.652,6542771.0,,2.46212121212121,0.49242424242423866,0.0129999999999999,
560010,2022-11-14,2.654,2.634,2.678,2.623,5685830.0,,2.0731247644176296,-0.7161703731624623,-0.019000000000000128,
560010,2022-11-15,2.626,2.696,2.697,2.626,4742242.0,,2.6955201214882374,2.353834472285508,0.06200000000000028,
560010,2022-11-16,2.689,2.676,2.705,2.673,4236970.0,,1.1869436201780426,-0.7418397626112766,-0.020000000000000018,
560010,2022-11-17,2.674,2.681,2.684,2.65,4847052.0,,1.2705530642750467,0.18684603886397208,0.004999999999999893,
560010,2022-11-18,2.681,2.662,2.699,2.655,4940913.0,,1.6411786646773605,-0.7086907870197735,-0.019000000000000128,
560010,2022-11-21,2.658,2.671,2.673,2.635,5050682.0,,1.4274981217130074,0.3380916604057061,0.008999999999999897,
560010,2022-11-22,2.666,2.632,2.672,2.617,6127313.0,,2.059153874953207,-1.4601272931486224,-0.0389999999999997,
560010,2022-11-23,2.63,2.625,2.636,2.575,4647251.0,,2.317629179331305,-0.2659574468085151,-0.007000000000000117,
560010,2022-11-24,2.625,2.632,2.643,2.615,4508897.0,,1.0666666666666507,0.2666666666666711,0.007000000000000117,
560010,2022-11-25,2.632,2.605,2.632,2.601,4154791.0,,1.1778115501519808,-1.025835866261403,-0.027000000000000135,
560010,2022-11-28,2.574,2.597,2.601,2.554,4277563.0,,1.8042226487524051,-0.30710172744721714,-0.008000000000000007,
560010,2022-11-29,2.597,2.635,2.648,2.597,4913044.0,,1.9638043896804065,1.4632268001540165,0.03799999999999981,
560010,2022-11-30,2.634,2.631,2.645,2.62,4796284.0,,0.9487666034155564,-0.15180265654648972,-0.0040000000000000036,
560010,2022-12-01,2.668,2.661,2.679,2.653,4318831.0,,0.988217407829715,1.140250855188151,0.03000000000000025,
560010,2022-12-02,2.66,2.668,2.691,2.657,4833664.0,,1.277715144682443,0.263059000375803,0.007000000000000117,
560010,2022-12-05,2.673,2.68,2.688,2.665,4160660.0,,0.8620689655172462,0.4497751124437785,0.01200000000000001,
560010,2022-12-06,2.669,2.678,2.694,2.661,4598314.0,,1.2313432835820866,-0.07462686567165014,-0.002000000000000224,
560010,2022-12-07,2.675,2.677,2.692,2.667,4346172.0,,0.9335324869305585,-0.0373412994772177,-0.0009999999999998899,
560010,2022-12-08,2.699,2.662,2.699,2.653,5029324.0,,1.7183414269704826,-0.5603287261860337,-0.015000000000000124,
560010,2022-12-09,2.662,2.671,2.676,2.645,4294889.0,,1.1645379413974508,0.3380916604057061,0.008999999999999897,
560010,2022-12-12,2.671,2.661,2.674,2.645,3878820.0,,1.0857356795207755,-0.3743916136278468,-0.009999999999999787,
560010,2022-12-13,2.66,2.639,2.661,2.633,3846282.0,,1.0522360015031953,-0.8267568583239473,-0.02200000000000024,
560010,2022-12-14,2.638,2.627,2.65,2.618,3955610.0,,1.2125805229253517,-0.4547176960970069,-0.01200000000000001,
560010,2022-12-15,2.626,2.634,2.639,2.616,4130741.0,,0.8755234107346666,0.2664636467453414,0.007000000000000117,
560010,2022-12-16,2.621,2.612,2.63,2.597,5494104.0,,1.2528473804100198,-0.8352315869400075,-0.021999999999999797,
560010,2022-12-19,2.6,2.558,2.619,2.547,5127937.0,,2.756508422664627,-2.067381316998479,-0.05400000000000027,
560010,2022-12-20,2.552,2.529,2.556,2.524,5639943.0,,1.250977326035967,-1.1336982017200907,-0.028999999999999915,
560010,2022-12-21,2.538,2.517,2.538,2.495,4979864.0,,1.7002767892447492,-0.47449584816132906,-0.01200000000000001,
560010,2022-12-22,2.517,2.477,2.524,2.463,4459467.0,,2.423520063567737,-1.5891934843067157,-0.040000000000000036,
560010,2022-12-23,2.466,2.457,2.48,2.442,5737728.0,,1.534113847396036,-0.8074283407347606,-0.020000000000000018,
560010,2022-12-26,2.455,2.503,2.509,2.455,3867671.0,,2.197802197802191,1.872201872201883,0.04600000000000026,
560010,2022-12-27,2.509,2.524,2.524,2.495,3632046.0,,1.158609668397919,0.838993208150216,0.020999999999999908,
560010,2022-12-28,2.515,2.505,2.516,2.497,4406851.0,,0.7527733755942998,-0.7527733755942998,-0.019000000000000128,
560010,2022-12-29,2.486,2.502,2.524,2.486,3708141.0,,1.516966067864264,-0.11976047904192072,-0.0030000000000001137,
560010,2022-12-30,2.52,2.508,2.52,2.498,4101100.0,,0.8792965627497922,0.2398081534772273,0.006000000000000227,
560010,2023-01-03,2.5,2.561,2.566,2.498,4880024.0,,2.7113237639553276,2.1132376395534265,0.052999999999999936,
560010,2023-01-04,2.551,2.56,2.569,2.545,4576858.0,,0.9371339320577907,-0.039047247169070286,-0.0009999999999998899,
560010,2023-01-05,2.561,2.589,2.589,2.558,3803736.0,,1.2109375000000053,1.1328124999999967,0.028999999999999915,
560010,2023-01-06,2.593,2.594,2.608,2.584,3465517.0,,0.9269988412514493,0.19312475859404762,0.004999999999999893,
560010,2023-01-09,2.6,2.601,2.619,2.598,6885991.0,,0.8095605242868293,0.2698535080956098,0.007000000000000117,
560010,2023-01-10,2.601,2.608,2.611,2.591,4245869.0,,0.768935024990389,0.26912725874664045,0.007000000000000117,
560010,2023-01-11,2.6,2.59,2.618,2.585,4556232.0,,1.2653374233128802,-0.6901840490797637,-0.018000000000000238,
560010,2023-01-12,2.59,2.589,2.608,2.582,3551807.0,,1.0038610038610134,-0.03861003861003436,-0.0009999999999998899,
560010,2023-01-13,2.59,2.605,2.606,2.583,4050275.0,,0.888373889532626,0.6179992275009663,0.016000000000000014,
560010,2023-01-16,2.602,2.626,2.647,2.602,5283672.0,,1.7274472168905923,0.8061420345489407,0.020999999999999908,
560010,2023-01-17,2.621,2.629,2.644,2.621,4044755.0,,0.8758568164508809,0.11424219345011859,0.0030000000000001137,
560010,2023-01-18,2.64,2.636,2.647,2.632,4043007.0,,0.5705591479649935,0.2662609357170071,0.007000000000000117,
560010,2023-01-19,2.652,2.666,2.667,2.624,3980145.0,,1.6312594840667567,1.138088012139598,0.029999999999999805,
560010,2023-01-20,2.666,2.69,2.691,2.666,3330413.0,,0.9377344336083988,0.9002250562640668,0.02400000000000002,
560010,2023-01-30,2.72,2.702,2.734,2.701,5330542.0,,1.2267657992565026,0.4460966542750934,0.01200000000000001,
560010,2023-01-31,2.699,2.709,2.722,2.694,3578947.0,,1.0362694300518145,0.25906735751295773,0.007000000000000117,
560010,2023-02-01,2.709,2.755,2.756,2.709,4924533.0,,1.7349575489110265,1.698043558508668,0.04599999999999982,
560010,2023-02-02,2.756,2.76,2.778,2.751,3923433.0,,0.9800362976406582,0.1814882032667838,0.004999999999999893,
560010,2023-02-03,2.761,2.758,2.762,2.721,3501965.0,,1.485507246376809,-0.07246376811593405,-0.0019999999999997797,
560010,2023-02-06,2.74,2.748,2.761,2.73,3705033.0,,1.124002900652652,-0.3625815808556848,-0.009999999999999787,
560010,2023-02-07,2.743,2.76,2.761,2.733,3716710.0,,1.0189228529839893,0.4366812227074078,0.011999999999999567,
560010,2023-02-08,2.755,2.741,2.764,2.736,3212839.0,,1.0144927536231731,-0.6884057971014379,-0.018999999999999684,
560010,2023-02-09,2.74,2.793,2.794,2.731,4167456.0,,2.2984312294782985,1.8971178402043067,0.052000000000000046,
560010,2023-02-10,2.79,2.782,2.795,2.758,3986961.0,,1.3247404224847805,-0.39384174722521015,-0.01100000000000012,
560010,2023-02-13,2.769,2.807,2.808,2.769,3536152.0,,1.401869158878494,0.8986340762041665,0.02499999999999991,
560010,2023-02-14,2.807,2.814,2.816,2.799,3267714.0,,0.6056287851799039,0.24937655860349547,0.007000000000000117,
560010,2023-02-15,2.811,2.814,2.82,2.804,3238881.0,,0.5685856432125094,0.0,0.0,
560010,2023-02-16,2.813,2.765,2.83,2.745,4564801.0,,3.0206112295664522,-1.741293532338306,-0.04899999999999993,
560010,2023-02-17,2.752,2.738,2.771,2.732,3654961.0,,1.410488245931273,-0.9764918625678168,-0.027000000000000135,
560010,2023-02-20,2.731,2.771,2.773,2.717,3640735.0,,2.0452885317750202,1.2052593133674185,0.03299999999999992,
560010,2023-02-21,2.771,2.781,2.795,2.761,2938528.0,,1.226993865030668,0.3608805485384421,0.010000000000000231,
560010,2023-02-22,2.781,2.789,2.797,2.768,2995984.0,,1.0427903631787254,0.28766630708378305,0.008000000000000007,
560010,2023-02-23,2.789,2.778,2.794,2.758,3001050.0,,1.2907852276801732,-0.39440659734672356,-0.01100000000000012,
560010,2023-02-24,2.778,2.77,2.786,2.75,2845403.0,,1.2958963282937377,-0.2879769618430528,-0.008000000000000007,
560010,2023-02-27,2.76,2.75,2.767,2.738,3451977.0,,1.0469314079422352,-0.7220216606498201,-0.020000000000000018,
560010,2023-02-28,2.75,2.772,2.774,2.737,3839483.0,,1.3454545454545426,0.7999999999999926,0.021999999999999797,
560010,2023-03-01,2.771,2.787,2.788,2.759,3057530.0,,1.0461760461760432,0.5411255411255456,0.015000000000000124,
560010,2023-03-02,2.787,2.779,2.799,2.773,3502680.0,,0.9329027628274058,-0.2870470039468966,-0.008000000000000007,
560010,2023-03-03,2.777,2.776,2.791,2.756,3563703.0,,1.2594458438287204,-0.10795250089960827,-0.0030000000000001137,
560010,2023-03-06,2.775,2.784,2.792,2.76,2866884.0,,1.1527377521613844,0.2881844380403461,0.008000000000000007,
560010,2023-03-07,2.78,2.733,2.785,2.732,3924068.0,,1.9037356321839056,-1.8318965517241277,-0.05099999999999971,
560010,2023-03-08,2.733,2.742,2.748,2.726,3286705.0,,0.8049762166117908,0.32930845225027067,0.008999999999999897,
560010,2023-03-09,2.742,2.745,2.75,2.728,3501851.0,,0.8023340627279284,0.10940919037199538,0.0030000000000001137,
560010,2023-03-10,2.741,2.711,2.741,2.707,4328071.0,,1.2386156648451823,-1.2386156648451823,-0.03400000000000025,
560010,2023-03-13,2.711,2.721,2.724,2.689,3272176.0,,1.291036517890083,0.36886757654003066,0.010000000000000231,
560010,2023-03-14,2.716,2.698,2.721,2.668,4304043.0,,1.9478133039323755,-0.8452774715178292,-0.02300000000000013,
560010,2023-03-15,2.703,2.709,2.729,2.703,3132718.0,,0.9636767976278816,0.4077094143810274,0.01100000000000012,
560010,2023-03-16,2.706,2.669,2.706,2.661,3459661.0,,1.6611295681063096,-1.4765596160945011,-0.040000000000000036,
560010,2023-03-17,2.678,2.684,2.704,2.673,4103849.0,,1.1614837017609645,0.5620082427875656,0.015000000000000124,
560010,2023-03-20,2.691,2.679,2.695,2.665,3819727.0,,1.1177347242920939,-0.18628912071536277,-0.0050000000000003375,
560010,2023-03-21,2.681,2.709,2.71,2.681,3138853.0,,1.0824934677118296,1.1198208286674225,0.03000000000000025,
560010,2023-03-22,2.74,2.722,2.74,2.712,2486698.0,,1.0335917312661507,0.4798818752307087,0.0129999999999999,
560010,2023-03-23,2.722,2.733,2.734,2.715,3274265.0,,0.6980161645848687,0.4041146216017678,0.01100000000000012,
560010,2023-03-24,2.736,2.735,2.74,2.725,2679953.0,,0.5488474204171286,0.07317965605560847,0.0019999999999997797,
560010,2023-03-27,2.736,2.74,2.747,2.72,2335011.0,,0.9872029250456925,0.1828153564899575,0.0050000000000003375,
560010,2023-03-28,2.737,2.723,2.741,2.718,5303112.0,,0.8394160583941653,-0.6204379562043922,-0.017000000000000348,
560010,2023-03-29,2.723,2.712,2.733,2.706,3993989.0,,0.9915534337128218,-0.40396621373483943,-0.010999999999999677,
560010,2023-03-30,2.733,2.715,2.733,2.693,4575770.0,,1.474926253687317,0.11061946902653648,0.0029999999999996696,
560010,2023-03-31,2.729,2.737,2.739,2.713,2837491.0,,0.9576427255985195,0.8103130755064546,0.02200000000000024,
560010,2023-04-03,2.737,2.766,2.774,2.737,5014885.0,,1.3518450858604283,1.0595542564851996,0.028999999999999915,
560010,2023-04-04,2.766,2.768,2.772,2.753,3472579.0,,0.6869125090383111,0.07230657989876282,0.0019999999999997797,
560010,2023-04-06,2.763,2.776,2.779,2.754,5201897.0,,0.9031791907514418,0.2890173410404627,0.008000000000000007,
560010,2023-04-07,2.771,2.801,2.803,2.771,2839264.0,,1.1527377521613844,0.9005763688760935,0.025000000000000355,
560010,2023-04-10,2.807,2.777,2.808,2.77,3396625.0,,1.3566583363084546,-0.856836843984292,-0.02400000000000002,
560010,2023-04-11,2.772,2.779,2.786,2.767,3215066.0,,0.684191573640624,0.07202016564637305,0.0019999999999997797,
560010,2023-04-12,2.779,2.792,2.795,2.778,3853661.0,,0.6117308384310869,0.4677941705649479,0.0129999999999999,
560010,2023-04-13,2.792,2.776,2.795,2.773,3185082.0,,0.7879656160458381,-0.5730659025787972,-0.016000000000000014,
560010,2023-04-14,2.776,2.79,2.795,2.769,3630957.0,,0.9365994236311168,0.5043227665706137,0.014000000000000234,
560010,2023-04-17,2.788,2.793,2.797,2.784,2494434.0,,0.4659498207885428,0.10752688172043419,0.0030000000000001137,
560010,2023-04-18,2.789,2.782,2.791,2.772,3214657.0,,0.680272108843542,-0.39384174722521015,-0.01100000000000012,
560010,2023-04-19,2.777,2.772,2.789,2.768,3289409.0,,0.7548526240115152,-0.35945363048167617,-0.010000000000000231,
560010,2023-04-20,2.775,2.772,2.775,2.755,3102137.0,,0.7215007215007222,0.0,0.0,
560010,2023-04-21,2.767,2.703,2.771,2.7,3600253.0,,2.561327561327552,-2.4891774891774876,-0.06899999999999995,
560010,2023-04-24,2.703,2.679,2.703,2.668,4344584.0,,1.2948575656677654,-0.8879023307436191,-0.02400000000000002,
560010,2023-04-25,2.678,2.633,2.678,2.597,4309145.0,,3.0235162374020144,-1.7170586039566935,-0.04599999999999982,
560010,2023-04-26,2.629,2.638,2.651,2.622,3276089.0,,1.1014052411697652,0.18989745537409394,0.004999999999999893,
560010,2023-04-27,2.626,2.644,2.66,2.626,3557062.0,,1.2888551933282886,0.22744503411676376,0.006000000000000227,
560010,2023-04-28,2.646,2.683,2.684,2.64,2853054.0,,1.6641452344931935,1.4750378214825908,0.0389999999999997,
560010,2023-05-04,2.679,2.679,2.684,2.664,2895078.0,,0.7454342154304889,-0.1490868430860978,-0.0040000000000000036,
560010,2023-05-05,2.679,2.65,2.679,2.633,3127086.0,,1.7170586039566935,-1.0824934677118296,-0.028999999999999915,
560010,2023-05-08,2.648,2.665,2.676,2.648,2577922.0,,1.0566037735849065,0.5660377358490614,0.015000000000000124,
560010,2023-05-09,2.671,2.635,2.671,2.633,2906286.0,,1.4258911819887359,-1.1257035647279643,-0.03000000000000025,
560010,2023-05-10,2.638,2.639,2.651,2.622,2857874.0,,1.1005692599620462,0.15180265654648972,0.0040000000000000036,
560010,2023-05-11,2.636,2.635,2.65,2.633,2672815.0,,0.6441834028040888,-0.15157256536566896,-0.0040000000000000036,
560010,2023-05-12,2.625,2.603,2.645,2.602,2746753.0,,1.6318785578747688,-1.214421252371901,-0.031999999999999584,
560010,2023-05-15,2.596,2.62,2.622,2.576,3158525.0,,1.7671917018824361,0.6530925854782905,0.016999999999999904,
560010,2023-05-16,2.618,2.597,2.622,2.588,2783727.0,,1.2977099236641148,-0.8778625954198522,-0.02300000000000013,
560010,2023-05-17,2.594,2.608,2.614,2.592,2785419.0,,0.8471313053523218,0.4235656526761695,0.01100000000000012,
560010,2023-05-18,2.604,2.621,2.625,2.603,3387732.0,,0.8435582822085811,0.49846625766870784,0.0129999999999999,
560010,2023-05-19,2.611,2.634,2.639,2.605,3096321.0,,1.2972148035101032,0.4959938954597444,0.0129999999999999,
560010,2023-05-22,2.628,2.629,2.637,2.612,2630519.0,,0.949126803340923,-0.18982536066818123,-0.004999999999999893,
560010,2023-05-23,2.624,2.605,2.634,2.604,2520727.0,,1.141118295930004,-0.91289463674401,-0.02400000000000002,
560010,2023-05-24,2.604,2.596,2.619,2.585,2681962.0,,1.3051823416506814,-0.34548944337811505,-0.008999999999999897,
560010,2023-05-25,2.612,2.591,2.612,2.56,3631680.0,,2.003081664098615,-0.19260400616332407,-0.004999999999999893,
560010,2023-05-26,2.586,2.612,2.618,2.572,2839349.0,,1.775376302585867,0.8104978772674607,0.020999999999999908,
560010,2023-05-29,2.623,2.609,2.627,2.598,2616641.0,,1.1102603369065818,-0.11485451761103038,-0.0030000000000001137,
560010,2023-05-30,2.598,2.62,2.623,2.58,3181089.0,,1.6481410502108145,0.4216174779609092,0.01100000000000012,
560010,2023-05-31,2.615,2.62,2.626,2.601,2549951.0,,0.9541984732824393,0.0,0.0,
560010,2023-06-01,2.615,2.627,2.642,2.603,2680400.0,,1.4885496183205993,0.2671755725190715,0.006999999999999673,
560010,2023-06-02,2.63,2.644,2.653,2.63,2540923.0,,0.8755234107346833,0.6471259992386886,0.017000000000000348,
560010,2023-06-05,2.655,2.647,2.655,2.639,2434960.0,,0.6051437216338886,0.1134644478063415,0.0029999999999996696,
560010,2023-06-06,2.647,2.591,2.647,2.586,2463676.0,,2.304495655459008,-2.115602568945962,-0.055999999999999606,
560010,2023-06-07,2.62,2.59,2.62,2.585,2728247.0,,1.3508297954457793,-0.03859513701274928,-0.001000000000000334,
560010,2023-06-08,2.599,2.578,2.599,2.558,2882822.0,,1.5830115830115974,-0.4633204633204637,-0.01200000000000001,
560010,2023-06-09,2.578,2.596,2.599,2.57,2651481.0,,1.1249030256012553,0.6982156710628488,0.018000000000000238,
560010,2023-06-12,2.594,2.607,2.616,2.591,2616142.0,,0.9630200308166375,0.42372881355932673,0.01100000000000012,
560010,2023-06-13,2.602,2.616,2.62,2.602,2713866.0,,0.6904487917146236,0.3452243958573033,0.008999999999999897,
560010,2023-06-14,2.615,2.626,2.631,2.614,2671690.0,,0.6498470948012196,0.38226299694188787,0.009999999999999787,
560010,2023-06-15,2.619,2.642,2.649,2.619,2718789.0,,1.142421934501135,0.6092916984006098,0.016000000000000014,
560010,2023-06-16,2.64,2.663,2.668,2.64,2925464.0,,1.0598031794095393,0.7948523845571502,0.020999999999999908,
560010,2023-06-19,2.663,2.673,2.678,2.66,2557622.0,,0.6759294029290197,0.3755163349605795,0.010000000000000231,
560010,2023-06-20,2.67,2.674,2.685,2.666,2117054.0,,0.7108118219229378,0.03741114852225551,0.0009999999999998899,
560010,2023-06-21,2.668,2.621,2.67,2.62,3154229.0,,1.8698578908002927,-1.9820493642483148,-0.052999999999999936,
560010,2023-06-26,2.609,2.576,2.621,2.568,3445401.0,,2.022128958412817,-1.7169019458222028,-0.04499999999999993,
560010,2023-06-27,2.577,2.601,2.608,2.577,2429264.0,,1.2034161490683284,0.9704968944099344,0.02499999999999991,
560010,2023-06-28,2.595,2.595,2.599,2.553,3024876.0,,1.7685505574779035,-0.23068050749710817,-0.005999999999999783,
560010,2023-06-29,2.588,2.609,2.616,2.588,2418393.0,,1.0789980732177273,0.539499036608855,0.01399999999999979,
560010,2023-06-30,2.601,2.646,2.651,2.601,3756379.0,,1.9164430816404683,1.4181678804139488,0.03699999999999992,
560010,2023-07-03,2.647,2.642,2.661,2.631,2718748.0,,1.1337868480725717,-0.15117157974300846,-0.0040000000000000036,
560010,2023-07-04,2.643,2.654,2.655,2.642,3040279.0,,0.4920514761544247,0.4542013626040882,0.01200000000000001,
560010,2023-07-05,2.65,2.635,2.655,2.63,2456850.0,,0.9419743782969069,-0.7159005275056567,-0.019000000000000128,
560010,2023-07-06,2.638,2.624,2.651,2.622,2987097.0,,1.1005692599620462,-0.41745730550283405,-0.010999999999999677,
560010,2023-07-07,2.626,2.615,2.626,2.598,2471130.0,,1.0670731707317083,-0.3429878048780448,-0.008999999999999897,
560010,2023-07-10,2.618,2.613,2.627,2.603,2247293.0,,0.9177820267686262,-0.07648183556406209,-0.002000000000000224,
560010,2023-07-11,2.615,2.633,2.636,2.608,2305093.0,,1.0715652506697293,0.765403750478378,0.020000000000000018,
560010,2023-07-12,2.622,2.597,2.636,2.595,2708497.0,,1.5571591340676005,-1.3672616786935068,-0.03600000000000003,
560010,2023-07-13,2.599,2.623,2.626,2.599,2794766.0,,1.0396611474778472,1.0011551790527626,0.026000000000000245,
560010,2023-07-14,2.623,2.619,2.631,2.619,2119136.0,,0.4574914220358202,-0.15249714067861242,-0.0040000000000000036,
560010,2023-07-17,2.614,2.609,2.614,2.593,2744306.0,,0.8018327605956437,-0.3818251240931741,-0.010000000000000231,
560010,2023-07-18,2.615,2.609,2.618,2.597,3008602.0,,0.8049060942889961,0.0,0.0,
560010,2023-07-19,2.608,2.601,2.615,2.588,2575907.0,,1.034879264085862,-0.3066308930624763,-0.008000000000000007,
560010,2023-07-20,2.601,2.567,2.611,2.564,3264127.0,,1.8069973087274185,-1.3071895424836528,-0.03399999999999981,
560010,2023-07-21,2.566,2.567,2.585,2.557,3618685.0,,1.0907674328009358,0.0,0.0,
560010,2023-07-24,2.561,2.561,2.58,2.555,2910082.0,,0.9738994935722598,-0.23373587845735205,-0.006000000000000227,
560010,2023-07-25,2.585,2.601,2.604,2.585,3739485.0,,0.7418976962124221,1.5618898867629845,0.040000000000000036,
560010,2023-07-26,2.601,2.589,2.601,2.58,3112828.0,,0.8073817762399041,-0.46136101499423343,-0.01200000000000001,
560010,2023-07-27,2.591,2.57,2.597,2.565,3682641.0,,1.2359984550019325,-0.7338740826574016,-0.019000000000000128,
560010,2023-07-28,2.566,2.591,2.596,2.554,3520459.0,,1.634241245136197,0.8171206225681071,0.02100000000000035,
560010,2023-07-31,2.592,2.609,2.627,2.592,2966402.0,,1.3508297954457622,0.6947124662292471,0.017999999999999794,
560010,2023-08-01,2.61,2.604,2.616,2.599,3706062.0,,0.6515906477577579,-0.19164430816404346,-0.004999999999999893,
560010,2023-08-02,2.604,2.599,2.61,2.591,3550141.0,,0.7296466973886206,-0.19201228878647825,-0.004999999999999893,
560010,2023-08-03,2.592,2.601,2.602,2.587,3393952.0,,0.5771450557906764,0.07695267410541667,0.0019999999999997797,
560010,2023-08-04,2.612,2.618,2.631,2.605,3453065.0,,0.9996155324874972,0.6535947712418264,0.016999999999999904,
560010,2023-08-07,2.621,2.606,2.622,2.601,3556223.0,,0.8021390374331515,-0.45836516424751766,-0.01200000000000001,
560010,2023-08-08,2.6,2.595,2.607,2.585,3312787.0,,0.8442056792018512,-0.42210283960090855,-0.010999999999999677,
560010,2023-08-09,2.59,2.575,2.592,2.57,3671962.0,,0.8477842003853656,-0.7707129094412337,-0.020000000000000018,
560010,2023-08-10,2.575,2.573,2.582,2.561,3522556.0,,0.8155339805825206,-0.07766990291263005,-0.002000000000000224,
560010,2023-08-11,2.574,2.527,2.577,2.526,3426125.0,,1.982122036533236,-1.7877963466770237,-0.04599999999999982,
560010,2023-08-14,2.519,2.531,2.535,2.49,3927054.0,,1.780767708745545,0.1582904629996044,0.0040000000000000036,
560010,2023-08-15,2.528,2.513,2.537,2.486,3692772.0,,2.015013828526263,-0.7111813512445767,-0.018000000000000238,
560010,2023-08-16,2.508,2.482,2.51,2.482,4030711.0,,1.1142061281336881,-1.2335853561480181,-0.030999999999999694,
560010,2023-08-17,2.468,2.503,2.51,2.456,5719148.0,,2.175664786462523,0.8460918614020914,0.020999999999999908,
560010,2023-08-18,2.504,2.454,2.513,2.452,3511232.0,,2.4370755093887313,-1.9576508190171766,-0.04899999999999993,
560010,2023-08-21,2.457,2.425,2.469,2.424,3635736.0,,1.8337408312958405,-1.181744091279558,-0.02900000000000036,
560010,2023-08-22,2.428,2.439,2.447,2.4,5069332.0,,1.9381443298969137,0.5773195876288757,0.014000000000000234,
560010,2023-08-23,2.428,2.397,2.434,2.396,5268999.0,,1.558015580155812,-1.7220172201722124,-0.04200000000000026,
560010,2023-08-24,2.39,2.401,2.427,2.385,6434570.0,,1.7521902377972576,0.1668752607425951,0.0040000000000000036,
560010,2023-08-25,2.397,2.36,2.4,2.347,6880230.0,,2.207413577675966,-1.707621824239897,-0.040999999999999925,
560010,2023-08-28,2.51,2.374,2.51,2.366,6443519.0,,6.101694915254225,0.5932203389830608,0.014000000000000234,
560010,2023-08-29,2.369,2.445,2.458,2.366,6131239.0,,3.875315922493685,2.9907329401853295,0.07099999999999973,
560010,2023-08-30,2.443,2.457,2.483,2.443,4179166.0,,1.6359918200409014,0.4907975460122704,0.01200000000000001,
560010,2023-08-31,2.448,2.448,2.459,2.437,3622357.0,,0.8954008954009054,-0.3663003663003621,-0.008999999999999897,
560010,2023-09-01,2.446,2.445,2.463,2.436,2766787.0,,1.1029411764705936,-0.12254901960784778,-0.0030000000000001137,
560010,2023-09-04,2.447,2.484,2.484,2.444,3511777.0,,1.6359918200409014,1.5950920245398834,0.039000000000000146,
560010,2023-09-05,2.48,2.47,2.487,2.464,3651090.0,,0.9259259259259313,-0.5636070853462074,-0.01399999999999979,
560010,2023-09-06,2.468,2.48,2.486,2.446,2692521.0,,1.6194331983805683,0.40485829959513303,0.009999999999999787,
560010,2023-09-07,2.479,2.439,2.479,2.435,3778684.0,,1.7741935483870985,-1.6532258064516099,-0.040999999999999925,
560010,2023-09-08,2.432,2.441,2.453,2.427,4355757.0,,1.0660106601065928,0.08200082000819105,0.0019999999999997797,
560010,2023-09-11,2.448,2.475,2.486,2.435,2823263.0,,2.0893076607947627,1.3928717738631813,0.03400000000000025,
560010,2023-09-12,2.473,2.476,2.487,2.469,2376697.0,,0.727272727272737,0.04040404040403595,0.0009999999999998899,
560010,2023-09-13,2.468,2.444,2.475,2.425,2949713.0,,2.0193861066235974,-1.2924071082390964,-0.03200000000000003,
560010,2023-09-14,2.442,2.435,2.443,2.416,2912946.0,,1.1047463175122805,-0.36824877250408744,-0.008999999999999897,
560010,2023-09-15,2.435,2.435,2.453,2.421,3419303.0,,1.31416837782341,0.0,0.0,
560010,2023-09-18,2.425,2.439,2.449,2.417,3141488.0,,1.31416837782341,0.16427104722792624,0.0040000000000000036,
560010,2023-09-19,2.439,2.42,2.439,2.409,2499851.0,,1.2300123001230114,-0.779007790077906,-0.019000000000000128,
560010,2023-09-20,2.44,2.399,2.44,2.398,3193740.0,,1.735537190082637,-0.8677685950413185,-0.020999999999999908,
560010,2023-09-21,2.42,2.38,2.42,2.375,2622277.0,,1.8757815756565206,-0.7919966652772041,-0.019000000000000128,
560010,2023-09-22,2.37,2.428,2.428,2.37,3538342.0,,2.4369747899159595,2.0168067226890773,0.04800000000000004,
560010,2023-09-25,2.428,2.417,2.429,2.408,2761396.0,,0.8649093904448066,-0.45304777594728673,-0.01100000000000012,
560010,2023-09-26,2.416,2.404,2.418,2.404,2577328.0,,0.5792304509722894,-0.5378568473313985,-0.0129999999999999,
560010,2023-09-27,2.402,2.419,2.431,2.4,3078416.0,,1.2895174708818693,0.6239600665557457,0.015000000000000124,
560010,2023-09-28,2.419,2.435,2.436,2.419,3060616.0,,0.7027697395617984,0.6614303431169911,0.016000000000000014,
560010,2023-10-09,2.384,2.427,2.435,2.384,4209772.0,,2.094455852156064,-0.3285420944558525,-0.008000000000000007,
560010,2023-10-10,2.427,2.419,2.44,2.416,3451099.0,,0.9888751545117437,-0.3296250515039146,-0.008000000000000007,
560010,2023-10-11,2.424,2.424,2.448,2.417,2784731.0,,1.2815212897891748,0.20669698222405514,0.004999999999999893,
560010,2023-10-12,2.433,2.445,2.445,2.426,3057475.0,,0.7838283828382707,0.8663366336633626,0.020999999999999908,
560010,2023-10-13,2.435,2.438,2.439,2.429,2350410.0,,0.40899795501023445,-0.28629856850714414,-0.006999999999999673,
560010,2023-10-16,2.436,2.412,2.439,2.403,4040885.0,,1.476620180475801,-1.066447908121421,-0.026000000000000245,
560010,2023-10-17,2.417,2.407,2.417,2.391,2213577.0,,1.0779436152570399,-0.20729684908788945,-0.004999999999999893,
560010,2023-10-18,2.402,2.368,2.402,2.363,3577085.0,,1.620274200249279,-1.620274200249279,-0.039000000000000146,
560010,2023-10-19,2.363,2.342,2.374,2.338,3075835.0,,1.5202702702702717,-1.0979729729729648,-0.0259999999999998,
560010,2023-10-20,2.339,2.315,2.347,2.307,3447424.0,,1.707941929974382,-1.1528608027327127,-0.027000000000000135,
560010,2023-10-23,2.305,2.253,2.313,2.243,3768233.0,,3.0237580993520643,-2.6781857451403814,-0.06199999999999983,
560010,2023-10-24,2.253,2.285,2.299,2.249,2907221.0,,2.2192632046160594,1.4203284509542844,0.03200000000000003,
560010,2023-10-25,2.296,2.31,2.327,2.293,2497233.0,,1.4879649890590725,1.0940919037199084,0.02499999999999991,
560010,2023-10-26,2.3,2.325,2.333,2.294,2147124.0,,1.6883116883116944,0.6493506493506547,0.015000000000000124,
560010,2023-10-27,2.321,2.372,2.38,2.311,2197719.0,,2.9677419354838688,2.0215053763440736,0.04699999999999971,
560010,2023-10-30,2.37,2.403,2.411,2.367,2043393.0,,1.8549747048903897,1.3069139966273247,0.03100000000000014,
560010,2023-10-31,2.402,2.393,2.406,2.379,2005709.0,,1.123595505617983,-0.4161464835622235,-0.010000000000000231,
560010,2023-11-01,2.389,2.389,2.398,2.379,1738522.0,,0.7939824488090318,-0.16715419974926887,-0.0040000000000000036,
560010,2023-11-02,2.393,2.361,2.4,2.36,2119152.0,,1.6743407283382183,-1.1720385098367343,-0.02799999999999958,
560010,2023-11-03,2.361,2.392,2.402,2.361,2755883.0,,1.7365523083439187,1.3130029648453914,0.030999999999999694,
560010,2023-11-06,2.411,2.44,2.441,2.397,2882066.0,,1.8394648829431453,2.006688963210704,0.04800000000000004,
560010,2023-11-07,2.435,2.449,2.458,2.43,3520611.0,,1.1475409836065584,0.36885245901638924,0.008999999999999897,
560010,2023-11-08,2.439,2.455,2.466,2.439,2284739.0,,1.1024908125765673,0.24499795835035637,0.006000000000000227,
560010,2023-11-09,2.448,2.444,2.468,2.436,1974741.0,,1.3034623217922618,-0.44806517311609456,-0.01100000000000012,
560010,2023-11-10,2.436,2.438,2.443,2.424,2010609.0,,0.777414075286421,-0.24549918166938559,-0.005999999999999783,
560010,2023-11-13,2.441,2.46,2.462,2.439,1918504.0,,0.9433962264150997,0.902378999179647,0.021999999999999797,
560010,2023-11-14,2.455,2.475,2.481,2.453,2190343.0,,1.138211382113822,0.6097560975609807,0.015000000000000124,
560010,2023-11-15,2.486,2.486,2.496,2.476,1937531.0,,0.8080808080808087,0.4444444444444493,0.01100000000000012,
560010,2023-11-16,2.484,2.46,2.484,2.457,1859106.0,,1.0860820595333922,-1.0458567980691973,-0.026000000000000245,
560010,2023-11-17,2.457,2.482,2.485,2.451,1748320.0,,1.3821138211382036,0.8943089430894406,0.02200000000000024,
560010,2023-11-20,2.479,2.505,2.507,2.473,2282782.0,,1.36986301369864,0.9266720386784725,0.022999999999999687,
560010,2023-11-21,2.505,2.488,2.512,2.483,1959404.0,,1.1576846307385196,-0.6786427145708545,-0.016999999999999904,
560010,2023-11-22,2.48,2.456,2.494,2.455,2231553.0,,1.5675241157556328,-1.2861736334405156,-0.03200000000000003,
560010,2023-11-23,2.451,2.483,2.485,2.446,2113058.0,,1.5879478827361442,1.09934853420196,0.027000000000000135,
560010,2023-11-24,2.478,2.45,2.482,2.443,2637191.0,,1.5706806282722572,-1.3290374546919015,-0.03299999999999992,
560010,2023-11-27,2.448,2.452,2.456,2.431,1938464.0,,1.0204081632653024,0.08163265306121549,0.0019999999999997797,
560010,2023-11-28,2.444,2.457,2.462,2.426,1950983.0,,1.4681892332789572,0.20391517128873954,0.004999999999999893,
560010,2023-11-29,2.457,2.451,2.463,2.443,1979741.0,,0.8140008140008148,-0.2442002442002354,-0.005999999999999783,
560010,2023-11-30,2.446,2.442,2.45,2.414,1942691.0,,1.4687882496940037,-0.3671970624234964,-0.008999999999999897,
560010,2023-12-01,2.437,2.454,2.463,2.422,1809012.0,,1.6789516789516759,0.4914004914004918,0.01200000000000001,
560010,2023-12-04,2.454,2.447,2.464,2.445,1671884.0,,0.7742461287693613,-0.28524857375713597,-0.007000000000000117,
560010,2023-12-05,2.443,2.403,2.443,2.402,1761211.0,,1.6755210461789916,-1.7981201471189225,-0.04400000000000004,
560010,2023-12-06,2.401,2.412,2.432,2.392,2382209.0,,1.6645859342488571,0.3745318352059882,0.008999999999999897,
560010,2023-12-07,2.411,2.412,2.423,2.394,2323903.0,,1.2023217247097808,0.0,0.0,
560010,2023-12-08,2.421,2.408,2.428,2.405,2546523.0,,0.9535655058043173,-0.16583747927031525,-0.0040000000000000036,
560010,2023-12-11,2.378,2.432,2.441,2.378,2471799.0,,2.6162790697674305,0.9966777408637884,0.02400000000000002,
560010,2023-12-12,2.43,2.437,2.44,2.427,3116099.0,,0.5345394736842065,0.2055921052631535,0.004999999999999893,
560010,2023-12-13,2.432,2.416,2.437,2.413,3147125.0,,0.9848173984407068,-0.8617152236356139,-0.020999999999999908,
560010,2023-12-14,2.428,2.404,2.437,2.4,2539925.0,,1.531456953642381,-0.49668874172185473,-0.01200000000000001,
560010,2023-12-15,2.404,2.387,2.415,2.378,2175764.0,,1.5391014975041564,-0.7071547420965019,-0.016999999999999904,
560010,2023-12-18,2.38,2.351,2.384,2.343,1656024.0,,1.717637201508166,-1.5081692501047355,-0.03600000000000003,
560010,2023-12-19,2.35,2.352,2.362,2.335,2349095.0,,1.1484474691620643,0.04253509145044194,0.0009999999999998899,
560010,2023-12-20,2.352,2.313,2.355,2.312,2295338.0,,1.8282312925170134,-1.6581632653061098,-0.0389999999999997,
560010,2023-12-21,2.311,2.325,2.332,2.281,1909772.0,,2.2049286640726202,0.5188067444876787,0.01200000000000001,
560010,2023-12-22,2.32,2.303,2.335,2.293,4507484.0,,1.8064516129032175,-0.9462365591397952,-0.02200000000000024,
560010,2023-12-25,2.303,2.299,2.31,2.286,2003262.0,,1.0421189752496753,-0.1736864958749459,-0.0040000000000000036,
560010,2023-12-26,2.297,2.268,2.297,2.26,3743079.0,,1.6093953892997115,-1.3484123531970482,-0.03100000000000014,
560010,2023-12-27,2.267,2.282,2.288,2.259,2385362.0,,1.2786596119929416,0.6172839506172944,0.014000000000000234,
560010,2023-12-28,2.281,2.331,2.337,2.269,4370387.0,,2.979842243645927,2.147239263803678,0.04899999999999993,
560010,2023-12-29,2.332,2.368,2.368,2.328,4004796.0,,1.7160017160017176,1.587301587301584,0.03699999999999992,
560010,2024-01-02,2.368,2.341,2.389,2.34,4333208.0,,2.069256756756754,-1.1402027027026898,-0.02699999999999969,
560010,2024-01-03,2.337,2.33,2.348,2.313,4853146.0,,1.495087569414767,-0.4698846646732217,-0.01100000000000012,
560010,2024-01-04,2.33,2.316,2.33,2.299,3946831.0,,1.3304721030042976,-0.6008583690987225,-0.014000000000000234,
560010,2024-01-05,2.314,2.274,2.321,2.266,3859333.0,,2.374784110535413,-1.8134715025906658,-0.041999999999999815,
560010,2024-01-08,2.266,2.216,2.267,2.205,4006802.0,,2.7264731750219804,-2.5505716798592712,-0.05799999999999983,
560010,2024-01-09,2.218,2.223,2.244,2.205,3915389.0,,1.7599277978339414,0.31588447653428126,0.006999999999999673,
560010,2024-01-10,2.22,2.208,2.238,2.187,2133568.0,,2.2941970310391433,-0.6747638326585551,-0.01499999999999968,
560010,2024-01-11,2.208,2.249,2.263,2.206,2409292.0,,2.5815217391304315,1.8568840579710109,0.040999999999999925,
560010,2024-01-12,2.248,2.234,2.265,2.231,2591707.0,,1.5117830146731992,-0.666963094708765,-0.015000000000000124,
560010,2024-01-15,2.23,2.226,2.25,2.212,1849507.0,,1.7009847806624803,-0.35810205908684006,-0.008000000000000007,
560010,2024-01-16,2.2,2.218,2.231,2.189,1815127.0,,1.8867924528301803,-0.359389038634322,-0.008000000000000007,
560010,2024-01-17,2.21,2.162,2.215,2.158,2191724.0,,2.569882777276823,-2.524797114517586,-0.05600000000000005,
560010,2024-01-18,2.15,2.151,2.166,2.087,2754857.0,,3.6540240518038734,-0.508788159111939,-0.01100000000000012,
560010,2024-01-19,2.136,2.121,2.16,2.12,2488406.0,,1.8596001859600204,-1.394700139470005,-0.029999999999999805,
560010,2024-01-22,2.12,2.006,2.121,1.988,2441502.0,,6.2706270627062715,-5.421970768505432,-0.11500000000000021,
560010,2024-01-23,2.005,2.032,2.042,1.974,2212581.0,,3.3898305084745686,1.2961116650049973,0.026000000000000245,
560010,2024-01-24,2.045,2.061,2.065,1.981,1731035.0,,4.133858267716528,1.4271653543307043,0.028999999999999915,
560010,2024-01-25,2.058,2.134,2.136,2.049,1710870.0,,4.221251819505103,3.5419699175157673,0.07299999999999995,
560010,2024-01-26,2.138,2.112,2.146,2.108,1445567.0,,1.780693533270844,-1.030927835051537,-0.021999999999999797,
560010,2024-01-29,2.092,2.054,2.127,2.051,1172007.0,,3.598484848484831,-2.746212121212134,-0.058000000000000274,
560010,2024-01-30,2.048,1.998,2.061,1.996,1402470.0,,3.164556962025314,-2.7263875365141104,-0.05599999999999983,
560010,2024-01-31,1.991,1.917,1.999,1.911,1992011.0,,4.404404404404408,-4.054054054054053,-0.08099999999999996,
560010,2024-02-01,1.911,1.903,1.95,1.877,2026053.0,,3.808033385498172,-0.7303077725612943,-0.014000000000000012,
560010,2024-02-02,1.903,1.834,1.93,1.78,2294474.0,,7.882291119285334,-3.6258539148712536,-0.06899999999999995,
560010,2024-02-05,1.794,1.721,1.81,1.675,2139684.0,,7.360959651035986,-6.161395856052343,-0.11299999999999999,
560010,2024-02-06,1.701,1.843,1.863,1.678,25069781.0,,10.749564206856482,7.088901801278319,0.12199999999999989,
560010,2024-02-07,1.843,1.932,1.948,1.843,11728945.0,,5.697232772653281,4.8290830168204,0.08899999999999997,
560010,2024-02-08,1.941,2.003,2.036,1.941,4831205.0,,4.91718426501035,3.6749482401656404,0.07100000000000017,
560010,2024-02-19,2.018,2.008,2.034,1.978,8714525.0,,2.795806290564145,0.2496255616575084,0.004999999999999893,
560010,2024-02-20,1.981,2.018,2.03,1.98,2383927.0,,2.4900398406374413,0.49800796812747944,0.009999999999999787,
560010,2024-02-21,2.003,2.026,2.087,1.995,4358149.0,,4.5589692765114025,0.3964321110009915,0.008000000000000007,
560010,2024-02-22,2.022,2.063,2.065,2.019,2654572.0,,2.2704837117472767,1.8262586377097914,0.037000000000000366,
560010,2024-02-23,2.066,2.098,2.099,2.046,2021166.0,,2.5690741638390873,1.6965584100823894,0.0349999999999997,
560010,2024-02-26,2.098,2.101,2.133,2.08,2443227.0,,2.5262154432793107,0.1429933269780798,0.0030000000000001137,
560010,2024-02-27,2.093,2.16,2.163,2.088,2513471.0,,3.5697287006187404,2.8081865778200936,0.05900000000000016,
560010,2024-02-28,2.161,2.058,2.194,2.056,4559426.0,,6.388888888888884,-4.7222222222222365,-0.10200000000000031,
560010,2024-02-29,2.053,2.14,2.144,2.052,3177719.0,,4.470359572400393,3.984450923226448,0.0820000000000003,
560010,2024-03-01,2.138,2.167,2.169,2.128,3582387.0,,1.915887850467286,1.2616822429906396,0.02699999999999969,
560010,2024-03-04,2.167,2.17,2.174,2.131,3499614.0,,1.9843101061375243,0.13844023996308785,0.0030000000000001137,
560010,2024-03-05,2.151,2.15,2.168,2.136,6272861.0,,1.4746543778801857,-0.9216589861751161,-0.020000000000000018,
560010,2024-03-06,2.141,2.15,2.177,2.126,2349082.0,,2.3720930232558213,0.0,0.0,
560010,2024-03-07,2.153,2.121,2.176,2.12,2796756.0,,2.6046511627907,-1.3488372093023215,-0.028999999999999915,
560010,2024-03-08,2.121,2.147,2.158,2.113,1685612.0,,2.121640735502118,1.2258368694012165,0.0259999999999998,
560010,2024-03-11,2.14,2.19,2.192,2.136,2264600.0,,2.6082906380996764,2.0027945971122567,0.04300000000000015,
560010,2024-03-12,2.189,2.199,2.215,2.177,2207140.0,,1.7351598173515896,0.4109589041095843,0.008999999999999897,
560010,2024-03-13,2.2,2.209,2.229,2.19,1582076.0,,1.7735334242837721,0.45475216007277086,0.010000000000000231,
560010,2024-03-14,2.204,2.196,2.219,2.175,2203822.0,,1.9918515165233155,-0.5885015844273381,-0.0129999999999999,
560010,2024-03-15,2.191,2.231,2.232,2.181,2244559.0,,2.3224043715847067,1.5938069216757604,0.0349999999999997,
560010,2024-03-18,2.23,2.263,2.265,2.223,1631210.0,,1.8825638727028355,1.4343343792021528,0.03200000000000003,
560010,2024-03-19,2.262,2.245,2.265,2.242,1302348.0,,1.016349977905441,-0.7954043305346794,-0.017999999999999794,
560010,2024-03-20,2.251,2.265,2.27,2.242,2557523.0,,1.247216035634745,0.8908685968819607,0.020000000000000018,
560010,2024-03-21,2.267,2.263,2.28,2.249,1723980.0,,1.3686534216335404,-0.08830022075056175,-0.002000000000000224,
560010,2024-03-22,2.256,2.239,2.263,2.221,1703250.0,,1.8559434379142652,-1.0605391073795856,-0.02400000000000002,
560010,2024-03-25,2.238,2.193,2.247,2.189,2350307.0,,2.590442161679314,-2.0544886109870397,-0.04599999999999982,
560010,2024-03-26,2.191,2.177,2.202,2.156,2008220.0,,2.097583219334237,-0.7295941632466946,-0.016000000000000014,
560010,2024-03-27,2.18,2.115,2.18,2.109,2133284.0,,3.26136885622417,-2.847955902618274,-0.06199999999999983,
560010,2024-03-28,2.111,2.156,2.178,2.107,1970441.0,,3.3569739952718542,1.938534278959807,0.040999999999999925,
560010,2024-03-29,2.156,2.18,2.181,2.139,2497564.0,,1.9480519480519598,1.113172541743971,0.02400000000000002,
560010,2024-04-01,2.181,2.225,2.229,2.181,2147015.0,,2.201834862385323,2.0642201834862353,0.04499999999999993,
560010,2024-04-02,2.226,2.214,2.226,2.198,1975684.0,,1.258426966292136,-0.49438202247191554,-0.01100000000000012,
560010,2024-04-03,2.214,2.204,2.214,2.183,1917283.0,,1.4001806684733578,-0.45167118337849077,-0.009999999999999787,
560010,2024-04-08,2.202,2.161,2.202,2.16,1229414.0,,1.905626134301262,-1.950998185117974,-0.04300000000000015,
560010,2024-04-09,2.162,2.188,2.191,2.158,1452186.0,,1.5270708005552946,1.249421564090705,0.027000000000000135,
560010,2024-04-10,2.187,2.15,2.187,2.133,1175153.0,,2.4680073126142514,-1.7367458866544905,-0.038000000000000256,
560010,2024-04-11,2.137,2.156,2.181,2.136,1689000.0,,2.0930232558139505,0.27906976744187106,0.006000000000000227,
560010,2024-04-12,2.157,2.137,2.167,2.135,1189851.0,,1.4842300556586283,-0.8812615955473156,-0.019000000000000128,
560010,2024-04-15,2.14,2.119,2.149,2.086,1644654.0,,2.9480580252690767,-0.84230229293401,-0.017999999999999794,
560010,2024-04-16,2.098,2.03,2.114,2.027,2627761.0,,4.105710240679553,-4.200094384143483,-0.08900000000000041,
560010,2024-04-17,2.042,2.12,2.121,2.042,1798988.0,,3.891625615763556,4.433497536945828,0.0900000000000003,
560010,2024-04-18,2.108,2.119,2.144,2.093,2126982.0,,2.4056603773584975,-0.047169811320749516,-0.0009999999999998899,
560010,2024-04-19,2.114,2.106,2.13,2.091,2141624.0,,1.8404907975459979,-0.6134969325153536,-0.013000000000000345,
560010,2024-04-22,2.085,2.099,2.127,2.077,1557698.0,,2.3741690408356995,-0.3323836657169836,-0.006999999999999673,
560010,2024-04-23,2.101,2.088,2.111,2.078,1612806.0,,1.572177227251089,-0.524059075750363,-0.01100000000000012,
560010,2024-04-24,2.093,2.129,2.131,2.083,1667321.0,,2.298850574712624,1.9636015325670462,0.040999999999999925,
560010,2024-04-25,2.129,2.128,2.149,2.114,1346035.0,,1.6439643024894381,-0.04697040864255002,-0.0009999999999998899,
560010,2024-04-26,2.128,2.169,2.176,2.128,2103298.0,,2.2556390977443628,1.9266917293233048,0.040999999999999925,
560010,2024-04-29,2.167,2.225,2.229,2.167,4018996.0,,2.858460119870921,2.5818349469801776,0.05600000000000005,
560010,2024-04-30,2.228,2.202,2.228,2.196,1351473.0,,1.4382022471910125,-1.0337078651685452,-0.02300000000000013,
560010,2024-05-06,2.243,2.242,2.253,2.231,2131306.0,,0.9990917347865687,1.8165304268846518,0.040000000000000036,
560010,2024-05-07,2.241,2.252,2.258,2.239,1722335.0,,0.8474576271186498,0.4460303300624347,0.009999999999999787,
560010,2024-05-08,2.249,2.22,2.249,2.215,1584034.0,,1.5097690941385549,-1.4209591474244931,-0.031999999999999584,
560010,2024-05-09,2.223,2.256,2.263,2.22,1701258.0,,1.9369369369369234,1.621621621621603,0.03599999999999959,
560010,2024-05-10,2.256,2.235,2.266,2.224,2453640.0,,1.8617021276595664,-0.9308510638297832,-0.020999999999999908,
560010,2024-05-13,2.225,2.214,2.232,2.195,1849139.0,,1.6554809843400613,-0.9395973154362376,-0.020999999999999908,
560010,2024-05-14,2.214,2.226,2.241,2.214,2192143.0,,1.2195121951219574,0.542005420054201,0.01200000000000001,
560010,2024-05-15,2.223,2.205,2.228,2.2,1191349.0,,1.2578616352201268,-0.9433962264150901,-0.020999999999999908,
560010,2024-05-16,2.21,2.203,2.224,2.194,1174887.0,,1.360544217687086,-0.09070294784581515,-0.002000000000000224,
560010,2024-05-17,2.205,2.235,2.236,2.197,1972321.0,,1.7703132092601066,1.452564684521109,0.03200000000000003,
560010,2024-05-20,2.236,2.241,2.255,2.228,3191401.0,,1.208053691275154,0.26845637583893633,0.006000000000000227,
560010,2024-05-21,2.241,2.222,2.241,2.213,1496077.0,,1.2494422132976362,-0.8478357875948294,-0.019000000000000128,
560010,2024-05-22,2.217,2.223,2.231,2.209,569924.0,,0.9900990099009809,0.04500450045004005,0.0009999999999998899,
560010,2024-05-23,2.219,2.176,2.219,2.166,1179641.0,,2.384165542060276,-2.114260008996838,-0.04699999999999971,
560010,2024-05-24,2.165,2.151,2.185,2.148,881880.0,,1.7003676470588198,-1.1488970588235456,-0.025000000000000355,
560010,2024-05-27,2.151,2.169,2.17,2.125,1014783.0,,2.0920502092050177,0.8368200836820195,0.018000000000000238,
560010,2024-05-28,2.162,2.149,2.175,2.147,803850.0,,1.2909174734900888,-0.9220839096357778,-0.020000000000000018,
560010,2024-05-29,2.141,2.152,2.168,2.139,739710.0,,1.3494648673801937,0.13959981386692014,0.0030000000000001137,
560010,2024-05-30,2.141,2.148,2.163,2.134,703656.0,,1.3475836431226726,-0.18587360594795554,-0.0040000000000000036,
560010,2024-05-31,2.15,2.155,2.167,2.15,945112.0,,0.7914338919925468,0.3258845437616235,0.006999999999999673,
560010,2024-06-03,2.156,2.125,2.156,2.11,1182355.0,,2.134570765661265,-1.392111368909504,-0.029999999999999805,
560010,2024-06-04,2.122,2.142,2.144,2.107,1030008.0,,1.7411764705882318,0.7999999999999955,0.016999999999999904,
560010,2024-06-05,2.136,2.112,2.147,2.112,613764.0,,1.633986928104561,-1.4005602240896267,-0.029999999999999805,
560010,2024-06-06,2.116,2.073,2.133,2.059,1444606.0,,3.5037878787878713,-1.8465909090909158,-0.039000000000000146,
560010,2024-06-07,2.085,2.075,2.097,2.055,887567.0,,2.02604920405209,0.0964785335263012,0.002000000000000224,
560010,2024-06-11,2.063,2.099,2.104,2.051,940771.0,,2.554216867469876,1.1566265060240972,0.02400000000000002,
560010,2024-06-12,2.098,2.102,2.11,2.094,869630.0,,0.7622677465459748,0.14292520247735443,0.0029999999999996696,
560010,2024-06-13,2.108,2.092,2.108,2.086,826076.0,,1.046622264510002,-0.4757373929590765,-0.009999999999999787,
560010,2024-06-14,2.092,2.094,2.1,2.077,1641257.0,,1.0994263862332758,0.09560229445505639,0.0019999999999997797,
560010,2024-06-17,2.093,2.092,2.104,2.082,921550.0,,1.0506208213944719,-0.09551098376312225,-0.0019999999999997797,
560010,2024-06-18,2.094,2.112,2.116,2.092,1466011.0,,1.147227533460804,0.95602294455067,0.020000000000000018,
560010,2024-06-19,2.114,2.084,2.119,2.082,1677194.0,,1.7518939393939565,-1.3257575757575768,-0.028000000000000025,
560010,2024-06-20,2.08,2.044,2.088,2.041,1335336.0,,2.255278310940506,-1.919385796545107,-0.040000000000000036,
560010,2024-06-21,2.041,2.04,2.054,2.029,1027330.0,,1.2230919765166297,-0.1956947162426616,-0.0040000000000000036,
560010,2024-06-24,2.031,1.976,2.032,1.974,918318.0,,2.843137254901963,-3.137254901960787,-0.06400000000000006,
560010,2024-06-25,1.974,1.961,1.987,1.947,1057806.0,,2.0242914979757103,-0.7591093117408857,-0.014999999999999902,
560010,2024-06-26,1.955,2.016,2.021,1.948,1252348.0,,3.7225905150433425,2.8046914839367636,0.05499999999999994,
560010,2024-06-27,2.016,1.973,2.016,1.967,1142421.0,,2.4305555555555522,-2.1329365079365044,-0.04299999999999993,
560010,2024-06-28,1.971,1.98,2.014,1.966,2287155.0,,2.4328433857070357,0.35478966041560545,0.006999999999999895,
560010,2024-07-01,1.98,1.998,2.007,1.957,1647743.0,,2.5252525252525277,0.90909090909091,0.018000000000000016,
560010,2024-07-02,1.995,1.984,2.004,1.976,1334398.0,,1.4014014014014027,-0.7007007007007013,-0.014000000000000012,
560010,2024-07-03,1.983,1.971,1.987,1.966,649884.0,,1.0584677419354904,-0.655241935483866,-0.0129999999999999,
560010,2024-07-04,1.971,1.928,1.978,1.92,3184308.0,,2.942668696093356,-2.181633688483011,-0.04300000000000015,
560010,2024-07-05,1.923,1.948,1.958,1.91,1848563.0,,2.4896265560165998,1.03734439834025,0.020000000000000018,
560010,2024-07-08,1.94,1.902,1.944,1.894,1024308.0,,2.5667351129363474,-2.3613963039014396,-0.04600000000000004,
560010,2024-07-09,1.901,1.943,1.952,1.884,2124065.0,,3.575184016824399,2.155625657202952,0.04100000000000015,
560010,2024-07-10,1.937,1.935,1.958,1.93,972918.0,,1.44107050952136,-0.41173443129181714,-0.008000000000000007,
560010,2024-07-11,1.959,1.984,1.986,1.954,1685065.0,,1.6537467700258415,2.532299741602064,0.04899999999999993,
560010,2024-07-12,1.98,1.977,1.987,1.968,891315.0,,0.9576612903225871,-0.352822580645156,-0.006999999999999895,
560010,2024-07-15,1.966,1.955,1.973,1.949,6786263.0,,1.213960546282247,-1.112797167425393,-0.02200000000000002,
560010,2024-07-16,1.95,1.959,1.965,1.939,2067574.0,,1.3299232736572901,0.20460358056266,0.0040000000000000036,
560010,2024-07-17,1.954,1.949,1.963,1.943,6785616.0,,1.0209290454313433,-0.5104645227156717,-0.010000000000000009,
560010,2024-07-18,1.941,1.952,1.957,1.915,6050288.0,,2.154951257054902,0.15392508978963015,0.0029999999999998916,
560010,2024-07-19,1.938,1.956,1.973,1.937,3123476.0,,1.844262295081969,0.20491803278688542,0.0040000000000000036,
560010,2024-07-22,1.955,1.955,1.967,1.945,1690697.0,,1.1247443762781197,-0.051124744376272485,-0.0009999999999998899,
560010,2024-07-23,1.954,1.906,1.959,1.903,961164.0,,2.8644501278772405,-2.5063938618925907,-0.049000000000000155,
560010,2024-07-24,1.906,1.879,1.911,1.875,2200226.0,,1.8887722980062978,-1.4165792235047174,-0.026999999999999913,
560010,2024-07-25,1.874,1.88,1.901,1.864,1962699.0,,1.9691325172964302,0.053219797764762634,0.0009999999999998899,
560010,2024-07-26,1.875,1.909,1.914,1.875,839670.0,,2.0744680851063793,1.542553191489369,0.029000000000000137,
560010,2024-07-29,1.91,1.9,1.913,1.894,687394.0,,0.9952854897852346,-0.47145102147721946,-0.009000000000000119,
560010,2024-07-30,1.9,1.909,1.917,1.88,731559.0,,1.9473684210526394,0.4736842105263221,0.009000000000000119,
560010,2024-07-31,1.906,1.989,1.991,1.904,2677526.0,,4.557359874279737,4.190675746464121,0.08000000000000007,
560010,2024-08-01,1.991,1.979,2.005,1.967,1251908.0,,1.9105077928607246,-0.502765208647562,-0.010000000000000009,
560010,2024-08-02,1.97,1.951,1.991,1.947,885786.0,,2.2233451237999007,-1.414855987872664,-0.028000000000000025,
560010,2024-08-05,1.944,1.9,1.973,1.898,2446185.0,,3.8441824705279433,-2.6140440799590032,-0.051000000000000156,
560010,2024-08-06,1.918,1.925,1.937,1.903,1086489.0,,1.7894736842105279,1.3157894736842175,0.025000000000000133,
560010,2024-08-07,1.919,1.921,1.936,1.911,1482717.0,,1.298701298701294,-0.20779220779220797,-0.0040000000000000036,
560010,2024-08-08,1.917,1.925,1.94,1.898,1293771.0,,2.1863612701717874,0.20822488287350355,0.0040000000000000036,
560010,2024-08-09,1.927,1.91,1.947,1.907,1112318.0,,2.0779220779220795,-0.7792207792207856,-0.015000000000000124,
560010,2024-08-12,1.904,1.9,1.911,1.892,884857.0,,0.9947643979057659,-0.5235602094240842,-0.010000000000000009,
560010,2024-08-13,1.9,1.906,1.909,1.887,1029969.0,,1.1578947368421064,0.31578947368421084,0.006000000000000005,
560010,2024-08-14,1.906,1.886,1.908,1.885,1263345.0,,1.206715634837351,-1.049317943336832,-0.020000000000000018,
560010,2024-08-15,1.885,1.902,1.928,1.878,2106175.0,,2.651113467656418,0.8483563096500538,0.016000000000000014,
560010,2024-08-16,1.905,1.889,1.911,1.888,1349445.0,,1.2092534174553171,-0.6834910620399527,-0.0129999999999999,
560010,2024-08-19,1.886,1.893,1.918,1.886,981368.0,,1.6940179989412403,0.21175224986765503,0.0040000000000000036,
560010,2024-08-20,1.894,1.859,1.894,1.851,3995827.0,,2.271526677231903,-1.7960908610670907,-0.03400000000000003,
560010,2024-08-21,1.848,1.849,1.865,1.847,924032.0,,0.968262506724046,-0.5379236148466923,-0.010000000000000009,
560010,2024-08-22,1.851,1.828,1.856,1.824,1267138.0,,1.7306652244456477,-1.1357490535424504,-0.020999999999999908,
560010,2024-08-23,1.825,1.829,1.834,1.816,1797285.0,,0.9846827133479221,0.054704595185989593,0.0009999999999998899,
560010,2024-08-26,1.828,1.835,1.845,1.822,1801163.0,,1.2575177692728219,0.32804811372334636,0.006000000000000005,
560010,2024-08-27,1.833,1.814,1.833,1.808,3640747.0,,1.362397820163483,-1.1444141689373248,-0.020999999999999908,
560010,2024-08-28,1.812,1.816,1.834,1.806,1936141.0,,1.5435501653803763,0.11025358324145544,0.0020000000000000018,
560010,2024-08-29,1.813,1.847,1.856,1.809,1386058.0,,2.588105726872255,1.707048458149775,0.030999999999999917,
560010,2024-08-30,1.847,1.88,1.911,1.845,3125977.0,,3.5733622089875507,1.7866811044937692,0.03299999999999992,
560010,2024-09-02,1.88,1.843,1.887,1.838,1923779.0,,2.6063829787234005,-1.9680851063829747,-0.03699999999999992,
560010,2024-09-03,1.843,1.857,1.87,1.839,1183897.0,,1.682040151926215,0.7596310363537717,0.014000000000000012,
560010,2024-09-04,1.849,1.85,1.868,1.839,1434298.0,,1.5616585891222474,-0.3769520732363972,-0.006999999999999895,
560010,2024-09-05,1.856,1.864,1.878,1.851,781733.0,,1.4594594594594545,0.7567567567567574,0.014000000000000012,
560010,2024-09-06,1.868,1.835,1.87,1.829,1212946.0,,2.1995708154506515,-1.5557939914163164,-0.029000000000000137,
560010,2024-09-09,1.827,1.817,1.841,1.812,767926.0,,1.580381471389641,-0.9809264305177121,-0.018000000000000016,
560010,2024-09-10,1.82,1.824,1.835,1.789,1147363.0,,2.5316455696202556,0.38525041276830585,0.007000000000000117,
560010,2024-09-11,1.818,1.828,1.832,1.812,3744421.0,,1.0964912280701764,0.2192982456140353,0.0040000000000000036,
560010,2024-09-12,1.829,1.818,1.849,1.816,1368186.0,,1.805251641137851,-0.5470459518599567,-0.010000000000000009,
560010,2024-09-13,1.821,1.796,1.823,1.796,943829.0,,1.4851485148514805,-1.2101210121012111,-0.02200000000000002,
560010,2024-09-18,1.798,1.792,1.8,1.766,829094.0,,1.8930957683741665,-0.22271714922049018,-0.0040000000000000036,
560010,2024-09-19,1.809,1.824,1.844,1.783,2205974.0,,3.4040178571428665,1.7857142857142874,0.03200000000000003,
560010,2024-09-20,1.819,1.815,1.825,1.799,7459702.0,,1.4254385964912293,-0.4934210526315854,-0.009000000000000119,
560010,2024-09-23,1.814,1.816,1.839,1.808,1166679.0,,1.707988980716249,0.05509641873278853,0.001000000000000112,
560010,2024-09-24,1.83,1.892,1.894,1.814,3955366.0,,4.405286343612326,4.185022026431709,0.07599999999999985,
560010,2024-09-25,1.931,1.906,1.952,1.901,2679655.0,,2.695560253699785,0.7399577167019034,0.014000000000000012,
560010,2024-09-26,1.897,1.997,1.998,1.897,3640984.0,,5.299055613850996,4.774396642182591,0.09100000000000019,
560010,2024-09-27,2.021,2.163,2.163,2.01,1114643.0,,7.661492238357537,8.312468703054567,0.1659999999999997,
560010,2024-09-30,2.27,2.364,2.378,2.165,7559128.0,,9.847434119278784,9.292649098474346,0.20100000000000007,
560010,2024-10-08,2.6,2.536,2.6,2.398,4261380.0,,8.544839255499152,7.275803722504238,0.17200000000000015,
560010,2024-10-09,2.4,2.329,2.489,2.312,3439866.0,,6.979495268138804,-8.162460567823338,-0.20699999999999985,
560010,2024-10-10,2.326,2.293,2.399,2.276,2882178.0,,5.281236582224139,-1.5457277801631615,-0.03600000000000003,
560010,2024-10-11,2.291,2.204,2.293,2.173,3474051.0,,5.233318796336682,-3.881378107283034,-0.08899999999999997,
560010,2024-10-14,2.205,2.286,2.287,2.171,3281580.0,,5.263157894736847,3.72050816696914,0.08199999999999985,
560010,2024-10-15,2.271,2.237,2.317,2.235,2362829.0,,3.5870516185476946,-2.1434820647419044,-0.04899999999999993,
560010,2024-10-16,2.216,2.246,2.282,2.21,2652344.0,,3.2185963343763992,0.40232454179704497,0.008999999999999897,
560010,2024-10-17,2.255,2.236,2.287,2.235,2485464.0,,2.3152270703472864,-0.4452359750667759,-0.009999999999999787,
560010,2024-10-18,2.234,2.339,2.413,2.231,5449908.0,,8.139534883720927,4.606440071556339,0.10299999999999976,
560010,2024-10-21,2.343,2.38,2.421,2.343,3019192.0,,3.3347584437793865,1.7528858486532672,0.040999999999999925,
560010,2024-10-22,2.37,2.391,2.417,2.362,2229038.0,,2.3109243697478874,0.46218487394958496,0.01100000000000012,
560010,2024-10-23,2.397,2.4,2.442,2.38,2991305.0,,2.593057298201601,0.3764115432873232,0.008999999999999897,
560010,2024-10-24,2.387,2.383,2.396,2.362,1388510.0,,1.4166666666666587,-0.7083333333333294,-0.016999999999999904,
560010,2024-10-25,2.381,2.433,2.45,2.381,2888339.0,,2.89550986151911,2.0981955518254227,0.04999999999999982,
560010,2024-10-28,2.436,2.475,2.475,2.422,1954778.0,,2.1783806000822006,1.7262638717632661,0.04200000000000026,
560010,2024-10-29,2.478,2.433,2.486,2.431,3754015.0,,2.2222222222222285,-1.6969696969697075,-0.04200000000000026,
560010,2024-10-30,2.429,2.446,2.457,2.415,4623139.0,,1.7262638717632477,0.534319769831498,0.013000000000000345,
560010,2024-10-31,2.447,2.488,2.51,2.437,1449626.0,,2.9844644317252635,1.7170891251021998,0.041999999999999815,
560010,2024-11-01,2.483,2.414,2.486,2.407,1750487.0,,3.175241157556277,-2.9742765273311838,-0.07399999999999984,
560010,2024-11-04,2.4,2.465,2.467,2.4,3698954.0,,2.775476387738201,2.112676056338016,0.05099999999999971,
560010,2024-11-05,2.456,2.549,2.562,2.456,2195072.0,,4.3002028397565875,3.4077079107505104,0.08400000000000007,
560010,2024-11-06,2.553,2.561,2.59,2.538,1416741.0,,2.040015692428405,0.47077285209886277,0.01200000000000001,
560010,2024-11-07,2.541,2.604,2.609,2.533,4002905.0,,2.967590784849671,1.679031628270213,0.04300000000000015,
560010,2024-11-08,2.61,2.614,2.654,2.604,2320454.0,,1.9201228878648164,0.3840245775729565,0.009999999999999787,
560010,2024-11-11,2.598,2.668,2.672,2.597,1313449.0,,2.8691660290742225,2.0657995409334458,0.05400000000000027,
560010,2024-11-12,2.66,2.635,2.691,2.612,2112143.0,,2.9610194902548628,-1.2368815592204032,-0.03300000000000036,
560010,2024-11-13,2.616,2.628,2.645,2.585,2141100.0,,2.2770398481973455,-0.2656546489563444,-0.006999999999999673,
560010,2024-11-14,2.621,2.557,2.626,2.548,3539021.0,,2.9680365296803592,-2.7016742770167492,-0.07100000000000017,
560010,2024-11-15,2.544,2.49,2.572,2.488,1662982.0,,3.2850997262416923,-2.62025811497848,-0.06699999999999973,
560010,2024-11-18,2.492,2.432,2.505,2.414,2866918.0,,3.654618473895572,-2.329317269076316,-0.058000000000000274,
560010,2024-11-19,2.432,2.49,2.491,2.416,2325185.0,,3.083881578947376,2.384868421052643,0.058000000000000274,
560010,2024-11-20,2.48,2.539,2.546,2.479,2002632.0,,2.6907630522088244,1.9678714859437723,0.04899999999999993,
560010,2024-11-21,2.539,2.543,2.556,2.516,1004971.0,,1.5754233950374175,0.15754233950374175,0.0040000000000000036,
560010,2024-11-22,2.532,2.45,2.549,2.449,1135536.0,,3.9323633503735778,-3.657097915847423,-0.09299999999999997,
560010,2024-11-25,2.454,2.458,2.467,2.416,588281.0,,2.081632653061231,0.3265306122448982,0.008000000000000007,
560010,2024-11-26,2.45,2.433,2.477,2.43,504731.0,,1.9121236777868065,-1.0170870626525774,-0.025000000000000355,
560010,2024-11-27,2.42,2.489,2.492,2.382,868453.0,,4.521167283189474,2.301685162351009,0.05600000000000005,
560010,2024-11-28,2.483,2.476,2.507,2.468,875639.0,,1.5668943350743332,-0.5222981116914384,-0.0129999999999999,
560010,2024-11-29,2.468,2.517,2.539,2.454,977141.0,,3.4329563812600954,1.655896607431338,0.040999999999999925,
560010,2024-12-02,2.52,2.562,2.574,2.51,778758.0,,2.5427095748907456,1.787842669845051,0.04499999999999993,
560010,2024-12-03,2.565,2.565,2.581,2.534,1106296.0,,1.8345042935206932,0.11709601873536744,0.0030000000000001137,
560010,2024-12-04,2.559,2.526,2.561,2.51,796466.0,,1.9883040935672576,-1.5204678362573156,-0.039000000000000146,
560010,2024-12-05,2.51,2.554,2.564,2.51,675022.0,,2.137767220902624,1.1084718923198744,0.028000000000000025,
560010,2024-12-06,2.552,2.583,2.598,2.529,1135756.0,,2.701644479248236,1.1354737666405779,0.02900000000000036,
560010,2024-12-09,2.579,2.559,2.59,2.541,755194.0,,1.8970189701896991,-0.9291521486643445,-0.02400000000000002,
560010,2024-12-10,2.66,2.588,2.66,2.582,1669346.0,,3.0480656506447943,1.1332551778038262,0.028999999999999915,
560010,2024-12-11,2.583,2.618,2.623,2.583,1082651.0,,1.5455950540958283,1.1591962905718627,0.029999999999999805,
560010,2024-12-12,2.619,2.639,2.642,2.597,1855779.0,,1.7188693659281866,0.8021390374331515,0.020999999999999908,
560010,2024-12-13,2.63,2.591,2.63,2.585,1382043.0,,1.7051913603637714,-1.8188707843880108,-0.0479999999999996,
560010,2024-12-16,2.591,2.554,2.591,2.546,705108.0,,1.7367811655731522,-1.4280200694712606,-0.037000000000000366,
560010,2024-12-17,2.548,2.502,2.549,2.496,1095649.0,,2.075176194205166,-2.0360219263899784,-0.052000000000000046,
560010,2024-12-18,2.507,2.518,2.538,2.491,484566.0,,1.8784972022381978,0.6394884092725825,0.016000000000000014,
560010,2024-12-19,2.502,2.527,2.533,2.482,830182.0,,2.025416997617145,0.35742652899127647,0.009000000000000341,
560010,2024-12-20,2.521,2.549,2.568,2.518,832167.0,,1.978630787495064,0.8705975464978154,0.021999999999999797,
560010,2024-12-23,2.541,2.484,2.549,2.478,1315277.0,,2.785406041584925,-2.550019615535502,-0.06499999999999995,
560010,2024-12-24,2.483,2.505,2.506,2.47,881529.0,,1.449275362318824,0.84541062801932,0.020999999999999908,
560010,2024-12-25,2.5,2.484,2.501,2.456,1559703.0,,1.7964071856287396,-0.8383233532934095,-0.020999999999999908,
560010,2024-12-26,2.483,2.504,2.514,2.477,1354040.0,,1.4895330112721386,0.8051529790660233,0.020000000000000018,
560010,2024-12-27,2.5,2.512,2.545,2.493,1100715.0,,2.0766773162939316,0.31948881789137407,0.008000000000000007,
560010,2024-12-30,2.503,2.502,2.52,2.482,905616.0,,1.5127388535031772,-0.3980891719745315,-0.010000000000000231,
560010,2024-12-31,2.502,2.423,2.516,2.421,859806.0,,3.7969624300559635,-3.157474020783363,-0.07899999999999974,
560010,2025-01-02,2.421,2.359,2.432,2.333,1526773.0,,4.085843995047451,-2.641353693768058,-0.06400000000000006,
560010,2025-01-03,2.36,2.293,2.365,2.284,1538175.0,,3.4336583298007803,-2.797795676133948,-0.06599999999999984,
560010,2025-01-06,2.293,2.28,2.313,2.264,2022216.0,,2.1369385085041595,-0.566942869603155,-0.013000000000000345,
560010,2025-01-07,2.279,2.314,2.314,2.269,1070984.0,,1.9736842105263128,1.49122807017545,0.03400000000000025,
560010,2025-01-08,2.303,2.302,2.321,2.237,2078010.0,,3.630077787381161,-0.5185825410544516,-0.01200000000000001,
560010,2025-01-09,2.281,2.313,2.323,2.281,1181267.0,,1.8245004344048572,0.47784535186794613,0.01100000000000012,
560010,2025-01-10,2.304,2.262,2.328,2.257,872939.0,,3.069606571552085,-2.2049286640726398,-0.051000000000000156,
560010,2025-01-13,2.236,2.261,2.279,2.223,883725.0,,2.475685234305926,-0.0442086648983152,-0.0009999999999998899,
560010,2025-01-14,2.272,2.364,2.368,2.262,1796954.0,,4.688191065900038,4.555506413091542,0.10299999999999976,
560010,2025-01-15,2.364,2.349,2.364,2.339,782986.0,,1.0575296108290995,-0.6345177664974485,-0.01499999999999968,
560010,2025-01-16,2.358,2.36,2.404,2.341,1168576.0,,2.681992337164739,0.46828437633033954,0.010999999999999677,
560010,2025-01-17,2.353,2.377,2.396,2.341,1185760.0,,2.330508474576259,0.7203389830508434,0.016999999999999904,
560010,2025-01-20,2.385,2.39,2.414,2.382,2059725.0,,1.3462347496844775,0.546907867059333,0.013000000000000345,
560010,2025-01-21,2.397,2.407,2.413,2.37,990437.0,,1.7991631799163057,0.7112970711297031,0.016999999999999904,
560010,2025-01-22,2.398,2.385,2.398,2.369,1434502.0,,1.20481927710843,-0.9140008309098563,-0.02200000000000024,
560010,2025-01-23,2.398,2.372,2.44,2.372,1656794.0,,2.8511530398322877,-0.5450733752620505,-0.0129999999999999,
560010,2025-01-24,2.363,2.42,2.421,2.363,1354259.0,,2.4451939291736857,2.023608768971334,0.04800000000000004,
560010,2025-01-27,2.422,2.377,2.428,2.376,1022782.0,,2.1487603305785146,-1.7768595041322377,-0.04300000000000015,
560010,2025-02-05,2.39,2.393,2.415,2.379,850525.0,,1.5145140933950374,0.6731173748422388,0.016000000000000014,
560010,2025-02-06,2.393,2.458,2.462,2.379,731240.0,,3.4684496447973334,2.7162557459256327,0.06500000000000039,
560010,2025-02-07,2.461,2.494,2.525,2.457,3426686.0,,2.7664768104149737,1.464605370219692,0.03600000000000003,
560010,2025-02-10,2.496,2.524,2.532,2.492,1013815.0,,1.6038492381716132,1.202886928628701,0.029999999999999805,
560010,2025-02-11,2.524,2.519,2.531,2.494,1072078.0,,1.4659270998415181,-0.1980982567353365,-0.004999999999999893,
560010,2025-02-12,2.514,2.556,2.557,2.513,723040.0,,1.7467248908296957,1.468836840015876,0.03699999999999992,
560010,2025-02-13,2.559,2.533,2.559,2.528,953344.0,,1.2128325508607252,-0.8998435054773135,-0.02300000000000013,
560010,2025-02-14,2.524,2.542,2.548,2.514,2195313.0,,1.342281879194641,0.35530990919857475,0.008999999999999897,
560010,2025-02-17,2.552,2.553,2.567,2.537,3416280.0,,1.180173092053511,0.43273013375295527,0.01100000000000012,
560010,2025-02-18,2.55,2.501,2.558,2.486,1727836.0,,2.820211515863675,-2.0368194281237777,-0.052000000000000046,
560010,2025-02-19,2.503,2.559,2.561,2.497,1804663.0,,2.558976409436228,2.31907237105159,0.058000000000000274,
560010,2025-02-20,2.558,2.575,2.585,2.55,1218951.0,,1.3677217663149723,0.6252442360296996,0.016000000000000014,
560010,2025-02-21,2.578,2.629,2.635,2.568,592428.0,,2.6019417475728046,2.0970873786407696,0.053999999999999826,
560010,2025-02-24,2.629,2.624,2.644,2.607,1534771.0,,1.407379231647011,-0.19018638265499785,-0.004999999999999893,
560010,2025-02-25,2.594,2.617,2.644,2.586,725697.0,,2.210365853658547,-0.2667682926829313,-0.007000000000000117,
560010,2025-02-26,2.619,2.653,2.659,2.609,964012.0,,1.9105846388994965,1.3756209400076436,0.03600000000000003,
560010,2025-02-27,2.65,2.64,2.664,2.604,717141.0,,2.2615906520919733,-0.49001130795325676,-0.0129999999999999,
560010,2025-02-28,2.63,2.559,2.63,2.546,2014908.0,,3.1818181818181843,-3.0681818181818166,-0.08099999999999996,
560010,2025-03-03,2.551,2.552,2.595,2.537,1304093.0,,2.26651035560767,-0.2735443532629979,-0.007000000000000117,
560010,2025-03-04,2.525,2.586,2.587,2.525,848669.0,,2.4294670846395094,1.332288401253911,0.03399999999999981,
560010,2025-03-05,2.585,2.598,2.605,2.567,1506980.0,,1.4694508894044784,0.464037122969838,0.01200000000000001,
560010,2025-03-06,2.606,2.658,2.668,2.606,484207.0,,2.386451116243275,2.3094688221709028,0.06000000000000005,
560010,2025-03-07,2.653,2.65,2.675,2.631,564004.0,,1.6553799849510924,-0.30097817908201685,-0.008000000000000007,
560010,2025-03-10,2.646,2.65,2.66,2.627,984284.0,,1.2452830188679382,0.0,0.0,
560010,2025-03-11,2.627,2.665,2.665,2.618,349080.0,,1.7735849056603832,0.5660377358490614,0.015000000000000124,
560010,2025-03-12,2.671,2.673,2.7,2.667,616906.0,,1.238273921200764,0.30018761726078824,0.008000000000000007,
560010,2025-03-13,2.667,2.632,2.673,2.604,578100.0,,2.5813692480359127,-1.5338570894126422,-0.040999999999999925,
560010,2025-03-14,2.63,2.677,2.678,2.613,1834403.0,,2.4696048632218823,1.709726443768994,0.04499999999999993,
560010,2025-03-17,2.681,2.677,2.687,2.665,1525156.0,,0.8218154650728351,0.0,0.0,
560010,2025-03-18,2.684,2.686,2.704,2.677,775723.0,,1.0085917071348574,0.3361972357116136,0.008999999999999897,
560010,2025-03-19,2.68,2.671,2.687,2.657,937650.0,,1.1169024571853985,-0.5584512285927076,-0.015000000000000124,
560010,2025-03-20,2.67,2.659,2.683,2.652,999282.0,,1.1606140022463383,-0.4492699363534261,-0.01200000000000001,
560010,2025-03-21,2.653,2.608,2.654,2.596,1843205.0,,2.181271154569381,-1.9180142910868643,-0.05099999999999971,
560010,2025-03-24,2.598,2.587,2.606,2.541,1659658.0,,2.492331288343556,-0.8052147239263767,-0.020999999999999908,
560010,2025-03-25,2.58,2.57,2.594,2.557,1135920.0,,1.4302280633938895,-0.6571318129107208,-0.017000000000000348,
560010,2025-03-26,2.562,2.572,2.593,2.561,1392931.0,,1.2451361867704291,0.07782101167316047,0.002000000000000224,
560010,2025-03-27,2.57,2.576,2.602,2.542,621015.0,,2.3328149300155543,0.15552099533437028,0.0040000000000000036,
560010,2025-03-28,2.575,2.55,2.586,2.546,457662.0,,1.552795031055902,-1.009316770186345,-0.026000000000000245,
560010,2025-03-31,2.54,2.535,2.549,2.502,1088009.0,,1.843137254901967,-0.5882352941176345,-0.01499999999999968,
560010,2025-04-01,2.534,2.544,2.563,2.534,796589.0,,1.1439842209073119,0.3550295857988125,0.008999999999999897,
560010,2025-04-02,2.544,2.553,2.571,2.54,744958.0,,1.2185534591195024,0.3537735849056563,0.008999999999999897,
560010,2025-04-03,2.529,2.524,2.564,2.511,1085355.0,,2.075989032510769,-1.1359185272228718,-0.028999999999999915,
560010,2025-04-07,2.394,2.272,2.445,2.272,1481208.0,,6.854199683042792,-9.984152139461182,-0.2520000000000002,
560010,2025-04-08,2.22,2.25,2.3,2.206,25323891.0,,4.137323943661967,-0.9683098591549208,-0.021999999999999797,
560010,2025-04-09,2.221,2.291,2.314,2.12,1924939.0,,8.62222222222222,1.8222222222222189,0.040999999999999925,
560010,2025-04-10,2.324,2.352,2.395,2.324,1557456.0,,3.099083369707559,2.662592754255781,0.06099999999999994,
560010,2025-04-11,2.34,2.383,2.413,2.337,1054914.0,,3.231292517006787,1.3180272108843598,0.03100000000000014,
560010,2025-04-14,2.41,2.41,2.433,2.404,870986.0,,1.216953420058746,1.133025597985738,0.027000000000000135,
560010,2025-04-15,2.412,2.405,2.419,2.39,652709.0,,1.2033195020746852,-0.2074688796680638,-0.0050000000000003375,
560010,2025-04-16,2.392,2.375,2.398,2.347,2222369.0,,2.120582120582127,-1.2474012474012393,-0.029999999999999805,
560010,2025-04-17,2.362,2.379,2.4,2.36,975212.0,,1.6842105263157907,0.16842105263157908,0.0040000000000000036,
560010,2025-04-18,2.379,2.373,2.385,2.356,1112145.0,,1.2189995796553137,-0.25220680958384967,-0.005999999999999783,
560010,2025-04-21,2.362,2.42,2.421,2.357,904186.0,,2.6970080067425033,1.9806152549515257,0.04699999999999971,
560010,2025-04-22,2.417,2.42,2.43,2.407,982586.0,,0.9504132231405014,0.0,0.0,
560010,2025-04-23,2.421,2.434,2.452,2.421,781065.0,,1.2809917355371958,0.5785123966942246,0.014000000000000234,
560010,2025-04-24,2.435,2.412,2.435,2.398,803376.0,,1.5201314708299063,-0.9038619556286048,-0.02200000000000024,
560010,2025-04-25,2.412,2.417,2.437,2.401,1145072.0,,1.4925373134328372,0.20729684908788945,0.004999999999999893,
560010,2025-04-28,2.41,2.392,2.417,2.386,990904.0,,1.2825817128671781,-1.0343400910219245,-0.02499999999999991,
560010,2025-04-29,2.384,2.403,2.412,2.377,631460.0,,1.4632107023411431,0.45986622073579103,0.01100000000000012,
560010,2025-04-30,2.403,2.422,2.43,2.403,1134359.0,,1.123595505617983,0.7906783187682117,0.019000000000000128,
560010,2025-05-06,2.431,2.482,2.483,2.431,968332.0,,2.1469859620148655,2.4772914946325373,0.06000000000000005,
560010,2025-05-07,2.509,2.486,2.532,2.467,1177714.0,,2.618855761482673,0.16116035455278013,0.0040000000000000036,
560010,2025-05-08,2.483,2.507,2.512,2.478,765658.0,,1.3676588897827757,0.8447304907481862,0.020999999999999908,
560010,2025-05-09,2.504,2.476,2.504,2.466,2555747.0,,1.5157558835261193,-1.23653769445553,-0.03100000000000014,
560010,2025-05-12,2.498,2.513,2.513,2.486,1301105.0,,1.0904684975767243,1.4943457189014508,0.03699999999999992,
560010,2025-05-13,2.525,2.502,2.53,2.498,836020.0,,1.273378432152789,-0.4377238360525316,-0.01100000000000012,
560010,2025-05-14,2.504,2.508,2.527,2.49,1494746.0,,1.4788169464428427,0.2398081534772273,0.006000000000000227,
560010,2025-05-15,2.506,2.47,2.506,2.465,1171043.0,,1.6347687400318949,-1.5151515151515076,-0.03799999999999981,
560010,2025-05-16,2.455,2.47,2.483,2.455,1782480.0,,1.1336032388663977,0.0,0.0,
560010,2025-05-19,2.465,2.482,2.485,2.445,545288.0,,1.6194331983805683,0.4858299595141704,0.01200000000000001,
560010,2025-05-20,2.482,2.503,2.507,2.472,422923.0,,1.4101531023368308,0.8460918614020914,0.020999999999999908,
560010,2025-05-21,2.504,2.497,2.504,2.487,309281.0,,0.6791849780263646,-0.23971234518578616,-0.006000000000000227,
560010,2025-05-22,2.49,2.473,2.508,2.47,511574.0,,1.5218261914297082,-0.9611533840608739,-0.02400000000000002,
560010,2025-05-23,2.468,2.44,2.488,2.439,608932.0,,1.9813991103922335,-1.33441164577436,-0.03299999999999992,
560010,2025-05-26,2.443,2.455,2.462,2.436,607856.0,,1.0655737704918133,0.6147540983606609,0.015000000000000124,
560010,2025-05-27,2.449,2.45,2.456,2.434,416138.0,,0.8961303462321709,-0.2036659877800364,-0.004999999999999893,
560010,2025-05-28,2.452,2.444,2.458,2.434,1144494.0,,0.9795918367346947,-0.24489795918368273,-0.006000000000000227,
560010,2025-05-29,2.442,2.487,2.488,2.441,588561.0,,1.9230769230769293,1.7594108019639996,0.04300000000000015,
560010,2025-05-30,2.488,2.462,2.488,2.456,877143.0,,1.2866907921190198,-1.0052271813429798,-0.02499999999999991,
560010,2025-06-03,2.462,2.475,2.486,2.454,501709.0,,1.2997562956945583,0.5280259951259099,0.0129999999999999,
560010,2025-06-04,2.472,2.499,2.503,2.472,1256472.0,,1.2525252525252581,0.9696969696969706,0.02400000000000002,
560010,2025-06-05,2.503,2.519,2.525,2.489,541687.0,,1.440576230492198,0.8003201280512212,0.020000000000000018,
560010,2025-06-06,2.519,2.516,2.523,2.508,418453.0,,0.5954743946010371,-0.11909487892021094,-0.0030000000000001137,
560010,2025-06-09,2.516,2.542,2.546,2.516,695522.0,,1.1923688394276553,1.0333863275039668,0.0259999999999998,
560010,2025-06-10,2.542,2.514,2.543,2.495,583696.0,,1.8882769472856036,-1.101494885916602,-0.028000000000000025,
560010,2025-06-11,2.514,2.527,2.545,2.514,871059.0,,1.233094669848852,0.5171042163882397,0.013000000000000345,
560010,2025-06-12,2.52,2.529,2.537,2.511,765433.0,,1.02888800949742,0.07914523149979343,0.0019999999999997797,
560010,2025-06-13,2.527,2.497,2.529,2.494,1187405.0,,1.3839462238038631,-1.2653222617635442,-0.03200000000000003,
560010,2025-06-16,2.496,2.512,2.518,2.492,468409.0,,1.0412494993992711,0.6007208650380507,0.015000000000000124,
560010,2025-06-17,2.512,2.51,2.522,2.503,532285.0,,0.7563694267515798,-0.07961783439491336,-0.002000000000000224,
560010,2025-06-18,2.51,2.508,2.514,2.492,1113844.0,,0.8764940239043746,-0.07968127490038963,-0.0019999999999997797,
560010,2025-06-19,2.504,2.48,2.512,2.468,1586782.0,,1.7543859649122824,-1.116427432216907,-0.028000000000000025,
560010,2025-06-20,2.477,2.456,2.482,2.455,755856.0,,1.0887096774193603,-0.9677419354838719,-0.02400000000000002,
560010,2025-06-23,2.451,2.485,2.489,2.45,779843.0,,1.5879478827361442,1.1807817589576513,0.028999999999999915,
560010,2025-06-24,2.486,2.534,2.534,2.486,954336.0,,1.931589537223324,1.9718309859154903,0.04899999999999993,
560010,2025-06-25,2.533,2.571,2.575,2.533,1507056.0,,1.657458563535922,1.460142067876889,0.037000000000000366,
560010,2025-06-26,2.571,2.56,2.583,2.559,1104630.0,,0.9334889148191373,-0.4278490859587755,-0.01100000000000012,
560010,2025-06-27,2.559,2.568,2.59,2.559,1260137.0,,1.210937499999988,0.3125000000000003,0.008000000000000007,
560010,2025-06-30,2.568,2.603,2.606,2.566,2359267.0,,1.5576323987538954,1.3629283489096629,0.03500000000000014,
560010,2025-07-01,2.602,2.61,2.61,2.581,1052455.0,,1.1140991164041456,0.2689204763734027,0.006999999999999673,
560010,2025-07-02,2.606,2.585,2.606,2.575,437874.0,,1.1877394636015208,-0.9578544061302648,-0.02499999999999991,
560010,2025-07-03,2.578,2.598,2.603,2.578,668551.0,,0.967117988394598,0.50290135396518,0.0129999999999999,
560010,2025-07-04,2.595,2.588,2.614,2.578,732044.0,,1.3856812933025418,-0.3849114703618086,-0.009999999999999787,
560010,2025-07-07,2.581,2.59,2.595,2.578,304212.0,,0.6568778979907398,0.07727975270478284,0.0019999999999997797,
560010,2025-07-08,2.587,2.626,2.628,2.585,466621.0,,1.660231660231666,1.3899613899613912,0.03600000000000003,
560010,2025-07-09,2.627,2.62,2.636,2.615,507957.0,,0.7996953541507963,-0.22848438690022027,-0.005999999999999783,
560010,2025-07-10,2.611,2.624,2.637,2.61,374817.0,,1.030534351145043,0.15267175572519096,0.0040000000000000036,
560010,2025-07-11,2.621,2.648,2.662,2.617,933304.0,,1.7149390243902412,0.9146341463414642,0.02400000000000002,
560010,2025-07-14,2.647,2.648,2.66,2.639,1367732.0,,0.7930513595166295,0.0,0.0,
560010,2025-07-15,2.645,2.64,2.655,2.615,867738.0,,1.5105740181268728,-0.3021148036253779,-0.008000000000000007,
560010,2025-07-16,2.638,2.647,2.662,2.636,591375.0,,0.9848484848484773,0.26515151515150276,0.006999999999999673,
560010,2025-07-17,2.641,2.681,2.681,2.641,414744.0,,1.5111446921042704,1.2844729882886383,0.03400000000000025,
560010,2025-07-18,2.681,2.686,2.694,2.672,420829.0,,0.820589332338672,0.1864975755315141,0.004999999999999893,
560010,2025-07-21,2.681,2.708,2.711,2.681,721971.0,,1.1169024571853985,0.8190618019359732,0.02200000000000024,
560010,2025-07-22,2.708,2.723,2.725,2.704,560925.0,,0.7754800590841915,0.5539143279172704,0.01499999999999968,
560010,2025-07-23,2.723,2.715,2.739,2.707,550810.0,,1.175174439955932,-0.293793609988983,-0.008000000000000007,
560010,2025-07-24,2.714,2.752,2.754,2.702,576228.0,,1.9152854511970554,1.3627992633517467,0.03699999999999992,
560010,2025-07-25,2.76,2.75,2.76,2.736,763940.0,,0.8720930232557986,-0.07267441860464316,-0.0019999999999997797,
560010,2025-07-28,2.747,2.758,2.766,2.736,887897.0,,1.090909090909084,0.2909090909090912,0.008000000000000007,
560010,2025-07-29,2.758,2.78,2.781,2.739,396428.0,,1.522842639593918,0.7976794778825163,0.021999999999999797,
560010,2025-07-30,2.779,2.757,2.779,2.736,308194.0,,1.546762589928047,-0.8273381294963917,-0.022999999999999687,
560010,2025-07-31,2.754,2.735,2.769,2.722,397070.0,,1.704751541530655,-0.7979688066739297,-0.02200000000000024,
560010,2025-08-01,2.729,2.735,2.75,2.717,627884.0,,1.206581352833635,0.0,0.0,
560010,2025-08-04,2.728,2.769,2.77,2.718,387159.0,,1.9012797074954315,1.2431444241316363,0.03400000000000025,
560010,2025-08-05,2.769,2.785,2.786,2.764,350231.0,,0.7945106536655919,0.5778259299386065,0.016000000000000014,
560010,2025-08-06,2.783,2.816,2.82,2.778,446957.0,,1.508078994613997,1.1131059245960393,0.030999999999999694,
560010,2025-08-07,2.816,2.814,2.827,2.795,755250.0,,1.1363636363636374,-0.07102272727271945,-0.0019999999999997797,
560010,2025-08-08,2.811,2.808,2.815,2.795,390256.0,,0.7107320540156367,-0.2132196162046989,-0.006000000000000227,
560010,2025-08-11,2.808,2.848,2.857,2.808,568525.0,,1.7450142450142585,1.4245014245014258,0.040000000000000036,
560010,2025-08-12,2.843,2.861,2.864,2.831,569544.0,,1.1587078651685365,0.4564606741573155,0.013000000000000345,
560010,2025-08-13,2.862,2.901,2.907,2.861,523736.0,,1.6078294302691303,1.3981125480601044,0.03999999999999959,
560010,2025-08-14,2.901,2.87,2.907,2.858,505398.0,,1.689072733540156,-1.0685970355049879,-0.030999999999999694,
560010,2025-08-15,2.866,2.926,2.927,2.856,572708.0,,2.4738675958188217,1.9512195121951237,0.05600000000000005,
560010,2025-08-18,2.936,2.968,2.988,2.929,1029985.0,,2.016404647983601,1.435406698564587,0.041999999999999815,
560010,2025-08-19,2.968,2.973,2.99,2.953,1001013.0,,1.2466307277628157,0.1684636118598347,0.004999999999999893,
560010,2025-08-20,2.965,3.004,3.006,2.939,800223.0,,2.253615876219298,1.0427177934746095,0.03100000000000014,
560010,2025-08-21,3.005,2.98,3.015,2.964,582473.0,,1.6977363515312969,-0.798934753661785,-0.02400000000000002,
560010,2025-08-22,2.977,3.026,3.033,2.977,654288.0,,1.8791946308724847,1.5436241610738195,0.04599999999999982,
560010,2025-08-25,3.021,3.072,3.087,3.021,1882596.0,,2.181097157964319,1.5201586252478607,0.04600000000000026,
560010,2025-08-26,3.056,3.067,3.091,3.049,593979.0,,1.3671875000000084,-0.16276041666666322,-0.004999999999999893,
560010,2025-08-27,3.057,3.017,3.105,3.012,742117.0,,3.0322791000978144,-1.6302575806977588,-0.050000000000000266,
560010,2025-08-28,3.016,3.056,3.058,2.962,1168736.0,,3.1819688432217315,1.2926748425588381,0.039000000000000146,
560010,2025-08-29,3.056,3.052,3.07,3.026,540326.0,,1.4397905759162315,-0.13089005235602105,-0.0040000000000000036,
560010,2025-09-01,3.052,3.076,3.078,3.044,407385.0,,1.114023591087805,0.7863695937090439,0.02400000000000002,
560010,2025-09-02,3.074,3.001,3.074,2.979,647347.0,,3.0884265279583794,-2.4382314694408382,-0.07500000000000018,
560010,2025-09-03,3.003,2.955,3.02,2.946,495502.0,,2.465844718427186,-1.5328223925358155,-0.04599999999999982,
560010,2025-09-04,2.95,2.889,2.979,2.849,806007.0,,4.399323181049065,-2.233502538071076,-0.06600000000000028,
560010,2025-09-05,2.889,2.975,2.979,2.885,375233.0,,3.253721010730368,2.9768085842852305,0.0860000000000003,
560010,2025-09-08,2.96,3.0,3.008,2.96,828711.0,,1.6134453781512619,0.8403361344537785,0.02499999999999991,
560010,2025-09-09,2.999,2.966,3.001,2.953,410577.0,,1.6000000000000014,-1.133333333333327,-0.03399999999999981,
560010,2025-09-10,2.965,2.963,2.998,2.948,328657.0,,1.6857720836143044,-0.10114632501686154,-0.0030000000000001137,
560010,2025-09-11,2.963,3.045,3.045,2.939,403793.0,,3.577455281808973,2.7674654066824114,0.08199999999999985,
560010,2025-09-12,3.045,3.05,3.07,3.031,324965.0,,1.2807881773398917,0.16420361247947104,0.004999999999999893,
560010,2025-09-15,3.048,3.042,3.061,3.039,353228.0,,0.7213114754098294,-0.26229508196721335,-0.008000000000000007,
560010,2025-09-16,3.04,3.075,3.078,3.021,394975.0,,1.873767258382641,1.0848126232741737,0.03300000000000036,
560010,2025-09-17,3.068,3.106,3.11,3.062,302410.0,,1.5609756097560987,1.008130081300803,0.030999999999999694,
560010,2025-09-18,3.107,3.065,3.148,3.048,785046.0,,3.219575016097878,-1.3200257566001266,-0.040999999999999925,
560010,2025-09-19,3.063,3.056,3.088,3.038,560529.0,,1.6313213703099598,-0.2936378466557878,-0.008999999999999897,
560010,2025-09-22,3.051,3.077,3.079,3.043,242084.0,,1.1780104712041894,0.687172774869107,0.020999999999999908,
560010,2025-09-23,3.077,3.042,3.078,2.983,446175.0,,3.087422814429631,-1.1374715632109245,-0.03500000000000014,
560010,2025-09-24,3.035,3.091,3.095,3.011,418688.0,,2.761341222879687,1.6107823800131618,0.04900000000000038,
560010,2025-09-25,3.098,3.083,3.108,3.075,319642.0,,1.0676156583629866,-0.25881591717890673,-0.008000000000000007,
560010,2025-09-26,3.073,3.044,3.089,3.042,467627.0,,1.5244891339604332,-1.2650016217969557,-0.039000000000000146,
560010,2025-09-29,3.041,3.084,3.097,3.03,610857.0,,2.2010512483574303,1.314060446780553,0.040000000000000036,
560010,2025-09-30,3.079,3.112,3.12,3.079,427710.0,,1.3294422827496732,0.9079118028534379,0.028000000000000025,
560010,2025-10-09,3.121,3.139,3.151,3.115,399314.0,,1.1568123393316063,0.8676092544987046,0.02699999999999969,
560010,2025-10-10,3.138,3.095,3.138,3.09,439887.0,,1.5291494106403327,-1.4017202930869574,-0.043999999999999595,
560010,2025-10-13,2.955,3.088,3.094,2.955,1166842.0,,4.491114701130849,-0.22617124394184546,-0.007000000000000117,
560010,2025-10-14,3.092,3.03,3.124,3.017,725441.0,,3.4650259067357583,-1.8782383419689206,-0.058000000000000274,
560010,2025-10-15,3.023,3.073,3.075,3.007,416217.0,,2.2442244224422465,1.419141914191424,0.04300000000000015,
560010,2025-10-16,3.06,3.054,3.073,3.033,651540.0,,1.3016596160104146,-0.6182883176049505,-0.019000000000000128,
560010,2025-10-17,3.036,2.959,3.054,2.952,377922.0,,3.3398821218074617,-3.110674525212828,-0.09499999999999975,
560010,2025-10-20,2.977,2.975,3.001,2.959,286403.0,,1.419398445420744,0.5407232173031434,0.016000000000000014,
560010,2025-10-21,2.983,3.018,3.024,2.975,681017.0,,1.6470588235294095,1.4453781512604942,0.042999999999999705,
560010,2025-10-22,3.01,3.004,3.019,2.989,398752.0,,0.9940357852882787,-0.4638833664678526,-0.01399999999999979,
560010,2025-10-23,2.991,3.007,3.012,2.955,375071.0,,1.8974700399467355,0.0998668442077268,0.0030000000000001137,
560010,2025-10-24,3.005,3.054,3.054,3.005,512441.0,,1.6295310941137324,1.563019620884593,0.04699999999999971,
560010,2025-10-27,3.061,3.082,3.089,3.056,772996.0,,1.0805500982318246,0.9168303863785209,0.028000000000000025,
560010,2025-10-28,3.075,3.078,3.101,3.058,278847.0,,1.3951979234263514,-0.12978585334198584,-0.0040000000000000036,
560010,2025-10-29,3.078,3.111,3.115,3.067,334872.0,,1.5594541910331399,1.0721247563352945,0.03300000000000036,
560010,2025-10-30,3.11,3.084,3.112,3.072,376624.0,,1.285760205721634,-0.8678881388621065,-0.027000000000000135,
560010,2025-10-31,3.085,3.083,3.123,3.078,278868.0,,1.4591439688716072,-0.032425421530476325,-0.0009999999999998899,
560010,2025-11-03,3.083,3.1,3.102,3.047,326973.0,,1.783976646123896,0.5514109633473857,0.016999999999999904,
560010,2025-11-04,3.094,3.058,3.094,3.038,205800.0,,1.8064516129032273,-1.3548387096774277,-0.04200000000000026,
560010,2025-11-05,3.04,3.067,3.078,3.023,245661.0,,1.7985611510791275,0.29431000654023354,0.009000000000000341,
560010,2025-11-06,3.067,3.103,3.106,3.065,262397.0,,1.3368112161721526,1.1737854581023812,0.03600000000000003,
560010,2025-11-07,3.097,3.102,3.118,3.077,250031.0,,1.3213019658395075,-0.03222687721560857,-0.001000000000000334,
560010,2025-11-10,3.105,3.107,3.122,3.088,258016.0,,1.096067053513856,0.16118633139910826,0.0050000000000003375,
560010,2025-11-11,3.118,3.098,3.128,3.093,260327.0,,1.1264885741873236,-0.28966849050532156,-0.009000000000000341,
560010,2025-11-12,3.096,3.083,3.101,3.053,176061.0,,1.5493867010974838,-0.48418334409295294,-0.01499999999999968,
560010,2025-11-13,3.072,3.122,3.128,3.071,284662.0,,1.8488485241647725,1.2650016217969413,0.0389999999999997,
560010,2025-11-14,3.102,3.085,3.119,3.084,248375.0,,1.121076233183861,-1.1851377322229315,-0.03699999999999992,
560010,2025-11-17,3.076,3.095,3.101,3.076,216367.0,,0.8103727714748756,0.3241491085899589,0.010000000000000231,
560010,2025-11-18,3.094,3.066,3.094,3.05,342108.0,,1.421647819063006,-0.9369951534733556,-0.02900000000000036,
560010,2025-11-19,3.064,3.04,3.077,3.022,333116.0,,1.7938682322244022,-0.8480104370515265,-0.0259999999999998,
560010,2025-11-20,3.054,3.02,3.059,3.018,201329.0,,1.348684210526328,-0.6578947368421059,-0.020000000000000018,
560010,2025-11-21,2.995,2.917,3.018,2.911,332809.0,,3.5430463576158857,-3.410596026490073,-0.1030000000000002,
560010,2025-11-24,2.91,2.941,2.955,2.907,395588.0,,1.6455262255742218,0.8227631127871109,0.02400000000000002,
560010,2025-11-25,2.949,2.977,3.005,2.949,459536.0,,1.9041142468548131,1.2240734444066657,0.03600000000000003,
560010,2025-11-26,2.97,2.989,3.004,2.967,372593.0,,1.2428619415518953,0.4030903594222375,0.01200000000000001,
560010,2025-11-27,2.989,2.983,3.025,2.98,641646.0,,1.5055202408832362,-0.2007360321177579,-0.005999999999999783,
560010,2025-11-28,2.984,3.014,3.014,2.974,214431.0,,1.3409319477036403,1.0392222594703218,0.030999999999999694,
560010,2025-12-01,3.015,3.033,3.038,3.015,168028.0,,0.7631055076310448,0.6303915063039194,0.019000000000000128,
560010,2025-12-02,3.033,3.006,3.033,3.0,152790.0,,1.0880316518298687,-0.8902077151335357,-0.027000000000000135,
560010,2025-12-03,2.992,2.983,3.014,2.971,164536.0,,1.4304723885562112,-0.7651363938788985,-0.022999999999999687,
560010,2025-12-04,2.973,2.986,2.992,2.957,235841.0,,1.173315454240702,0.10056989607777787,0.0030000000000001137,
560010,2025-12-05,2.983,3.024,3.026,2.96,224526.0,,2.2103148024112467,1.2726054922973815,0.03799999999999981,
560010,2025-12-08,3.025,3.052,3.06,3.025,255431.0,,1.157407407407412,0.9259259259259267,0.028000000000000025,
560010,2025-12-09,3.052,3.033,3.059,3.03,169258.0,,0.950196592398439,-0.6225425950196635,-0.019000000000000128,
560010,2025-12-10,3.032,3.044,3.05,3.013,304163.0,,1.2199142762940958,0.36267721727662783,0.01100000000000012,
560010,2025-12-11,3.043,3.014,3.051,3.012,289333.0,,1.2812089356110428,-0.9855453350854221,-0.03000000000000025,
560010,2025-12-12,3.013,3.033,3.04,3.001,320591.0,,1.29396151293962,0.6303915063039194,0.019000000000000128,
560010,2025-12-15,3.027,3.007,3.031,3.004,315085.0,,0.8902077151335357,-0.8572370590174679,-0.0259999999999998,
560010,2025-12-16,3.001,2.954,3.001,2.94,253376.0,,2.0285999334885245,-1.7625540405719964,-0.052999999999999936,
560010,2025-12-17,2.956,2.999,3.005,2.941,333891.0,,2.1665538253215995,1.523358158429246,0.04499999999999993,
560010,2025-12-18,2.98,2.989,3.017,2.975,433353.0,,1.400466822274085,-0.33344448149383893,-0.010000000000000231,
560010,2025-12-19,3.001,3.012,3.028,2.991,427060.0,,1.237872198059549,0.7694881231181041,0.02300000000000013,
560010,2025-12-22,3.024,3.046,3.055,3.024,684498.0,,1.029216467463484,1.128818061088971,0.03399999999999981,
560010,2025-12-23,3.046,3.037,3.06,3.029,193079.0,,1.017728168089302,-0.29546946815495395,-0.008999999999999897,
560010,2025-12-24,3.031,3.085,3.092,3.031,277249.0,,2.0085610800131692,1.5805070793546279,0.04800000000000004,
560010,2025-12-25,3.085,3.114,3.124,3.078,342655.0,,1.4910858995137848,0.9400324149108562,0.028999999999999915,
560010,2025-12-26,3.121,3.126,3.145,3.105,572249.0,,1.2845215157353898,0.3853564547206169,0.01200000000000001,
560010,2025-12-29,3.126,3.119,3.139,3.109,796202.0,,0.9596928982725467,-0.22392834293025188,-0.006999999999999673,
560010,2025-12-30,3.109,3.125,3.143,3.106,589983.0,,1.1862776530939378,0.19236934915036175,0.005999999999999783,
560010,2025-12-31,3.129,3.129,3.134,3.105,658430.0,,0.9279999999999973,0.1280000000000001,0.0040000000000000036,
560010,2026-01-05,3.12,3.193,3.194,3.12,637684.0,,2.364972834771488,2.045381911153725,0.06400000000000006,
560010,2026-01-06,3.193,3.237,3.238,3.184,631323.0,,1.6911994989038466,1.378014406514251,0.04400000000000004,
560010,2026-01-07,3.253,3.246,3.264,3.231,728506.0,,1.0194624652455953,0.2780352177942507,0.008999999999999897,
560010,2026-01-08,3.239,3.277,3.288,3.231,465712.0,,1.7560073937153402,0.9550215650030849,0.03100000000000014,
560010,2026-01-09,3.276,3.356,3.356,3.276,1385813.0,,2.4412572474824557,2.410741531888915,0.07899999999999974,
560010,2026-01-12,3.361,3.449,3.465,3.357,835966.0,,3.2181168057210865,2.7711561382598324,0.09299999999999997,
560010,2026-01-13,3.455,3.381,3.458,3.366,574614.0,,2.6674398376340993,-1.971585966946943,-0.06800000000000006,
560010,2026-01-14,3.366,3.389,3.468,3.345,1647141.0,,3.6379769299023894,0.2366163856847089,0.008000000000000007,
560010,2026-01-15,3.346,3.391,3.397,3.346,412513.0,,1.504868692829735,0.059014458542349484,0.002000000000000224,
560010,2026-01-16,3.409,3.383,3.419,3.357,2611263.0,,1.8283692126216406,-0.23591860808021256,-0.008000000000000007,
560010,2026-01-19,3.36,3.394,3.412,3.357,7630448.0,,1.6257759385161015,0.32515518770322555,0.01100000000000012,
560010,2026-01-20,3.383,3.36,3.411,3.33,2431130.0,,2.3865645256334695,-1.0017678255745506,-0.03400000000000025,
560010,2026-01-21,3.332,3.39,3.412,3.332,21783517.0,,2.380952380952383,0.8928571428571502,0.03000000000000025,
560010,2026-01-22,3.388,3.417,3.418,3.388,14293992.0,,0.8849557522123966,0.7964601769911412,0.02699999999999969,
560010,2026-01-23,3.416,3.499,3.5,3.416,24923928.0,,2.458296751536438,2.3997658764998624,0.0820000000000003,
560010,2026-01-26,3.488,3.432,3.509,3.41,12600741.0,,2.829379822806509,-1.9148328093741118,-0.06700000000000017,
560010,2026-01-27,3.42,3.445,3.458,3.364,5444653.0,,2.7389277389277478,0.3787878787878759,0.0129999999999999,
560010,2026-01-28,3.442,3.454,3.462,3.419,13370630.0,,1.2481857764876676,0.26124818577649755,0.009000000000000341,
560010,2026-01-29,3.437,3.428,3.483,3.411,4817024.0,,2.0845396641575005,-0.7527504342791038,-0.026000000000000245,
560010,2026-01-30,3.413,3.396,3.431,3.312,840522.0,,3.4714119019836702,-0.9334889148191373,-0.03200000000000003,
560010,2026-02-02,3.354,3.261,3.383,3.256,2283367.0,,3.7396937573616085,-3.975265017667838,-0.1349999999999998,
560010,2026-02-03,3.29,3.37,3.375,3.287,1034887.0,,2.6985587243176963,3.3425329653480524,0.10899999999999999,
560010,2026-02-04,3.35,3.374,3.379,3.323,1255217.0,,1.6617210682492598,0.11869436201780426,0.0040000000000000036,
560010,2026-02-05,3.355,3.313,3.355,3.291,1634499.0,,1.8968583283935998,-1.8079430942501462,-0.06099999999999994,
560010,2026-02-06,3.285,3.302,3.351,3.258,2758674.0,,2.8071234530636877,-0.3320253546634507,-0.01100000000000012,
560010,2026-02-09,3.339,3.386,3.387,3.329,1246404.0,,1.756511205330098,2.5439127801332546,0.08400000000000007,
560010,2026-02-10,3.39,3.387,3.398,3.366,834559.0,,0.9450679267572365,0.029533372711160362,0.0009999999999998899,
560010,2026-02-11,3.387,3.388,3.416,3.386,1283757.0,,0.8857395925597816,0.029524653085322997,0.0009999999999998899,
560010,2026-02-12,3.381,3.423,3.43,3.377,1547924.0,,1.5643447461629392,1.0330578512396735,0.03500000000000014,
560010,2026-02-13,3.403,3.369,3.418,3.367,2067755.0,,1.4899211218229669,-1.5775635407537199,-0.053999999999999826,
560010,2026-02-24,3.386,3.41,3.437,3.385,1302320.0,,1.5434847135648573,1.2169783318492111,0.040999999999999925,
560010,2026-02-25,3.41,3.458,3.469,3.41,1759112.0,,1.7302052785923672,1.4076246334310862,0.04800000000000004,
560010,2026-02-26,3.458,3.485,3.487,3.444,1408714.0,,1.2434933487565107,0.7807981492191929,0.02699999999999969,
560010,2026-02-27,3.464,3.517,3.517,3.46,1369685.0,,1.6355810616929682,0.9182209469153524,0.03200000000000003,
560010,2026-03-02,3.475,3.481,3.51,3.445,1814147.0,,1.848166050611315,-1.0235996588001146,-0.03600000000000003,
560010,2026-03-03,3.48,3.349,3.495,3.34,2095492.0,,4.452743464521697,-3.7920137891410426,-0.13199999999999967,
560010,2026-03-04,3.302,3.325,3.381,3.3,1960939.0,,2.418632427590324,-0.7166318303971341,-0.02400000000000002,
560010,2026-03-05,3.374,3.356,3.38,3.332,1852918.0,,1.4436090225563922,0.93233082706766,0.030999999999999694,
560010,2026-03-06,3.335,3.386,3.396,3.33,926355.0,,1.9666269368295544,0.8939213349225342,0.03000000000000025,
560010,2026-03-09,3.348,3.372,3.383,3.279,1756196.0,,3.071470761961019,-0.41346721795629754,-0.014000000000000234,
560010,2026-03-10,3.4,3.43,3.43,3.392,1351898.0,,1.126927639383163,1.7200474495848246,0.058000000000000274,
560010,2026-03-11,3.44,3.432,3.447,3.421,1033502.0,,0.7580174927113774,0.058309037900868214,0.0019999999999997797,
560010,2026-03-12,3.424,3.422,3.443,3.393,945597.0,,1.4568764568764647,-0.2913752913752852,-0.009999999999999787,
560010,2026-03-13,3.413,3.377,3.432,3.366,1160737.0,,1.9286966686148401,-1.3150204558737688,-0.04500000000000037,
560010,2026-03-16,3.352,3.37,3.379,3.319,1470135.0,,1.776724903760736,-0.20728457210540935,-0.006999999999999673,
560010,2026-03-17,3.37,3.295,3.381,3.294,1607958.0,,2.581602373887233,-2.2255192878338335,-0.07500000000000018,
560010,2026-03-18,3.292,3.326,3.326,3.273,2371625.0,,1.6084977238239737,0.9408194233687448,0.03100000000000014,
560010,2026-03-19,3.278,3.254,3.292,3.235,1969377.0,,1.713770294648224,-2.1647624774503926,-0.07200000000000006,
560010,2026-03-20,3.263,3.193,3.287,3.189,2196041.0,,3.011677934849412,-1.8746158574062675,-0.06099999999999994,
560010,2026-03-23,3.128,3.054,3.17,3.026,2204955.0,,4.5098653304102765,-4.353272784215479,-0.13900000000000023,
560010,2026-03-24,3.111,3.124,3.125,3.028,2200345.0,,3.176162409954158,2.2920759659463092,0.07000000000000028,
560010,2026-03-25,3.14,3.188,3.198,3.14,2981334.0,,1.8565941101152315,2.048655569782332,0.06400000000000006,
560010,2026-03-26,3.182,3.144,3.192,3.126,1508639.0,,2.0702634880803097,-1.3801756587202019,-0.04400000000000004,
560010,2026-03-27,3.085,3.185,3.2,3.083,1942447.0,,3.7213740458015265,1.304071246819336,0.040999999999999925,
560010,2026-03-30,3.131,3.191,3.194,3.126,1229849.0,,2.1350078492935656,0.18838304552589585,0.005999999999999783,
560010,2026-03-31,3.19,3.131,3.204,3.13,4475166.0,,2.319022250078355,-1.8802883108743358,-0.06000000000000005,
560010,2026-04-01,3.193,3.187,3.202,3.159,3196422.0,,1.3733631427658943,1.7885659533695322,0.05600000000000005,
560010,2026-04-02,3.174,3.136,3.191,3.113,3331894.0,,2.4474427361154643,-1.600251019767798,-0.05099999999999971,
560010,2026-04-03,3.137,3.1,3.147,3.09,1484361.0,,1.8176020408163245,-1.1479591836734704,-0.03600000000000003,
560010,2026-04-07,3.096,3.126,3.142,3.096,1662536.0,,1.4838709677419297,0.8387096774193483,0.0259999999999998,
560010,2026-04-08,3.189,3.27,3.272,3.183,3653716.0,,2.8470889315419057,4.606525911708258,0.14400000000000013,
560010,2026-04-09,3.244,3.255,3.267,3.235,2666363.0,,0.9785932721712546,-0.4587155963302791,-0.015000000000000124,
560010,2026-04-10,3.268,3.285,3.315,3.268,1613335.0,,1.443932411674352,0.9216589861751229,0.03000000000000025,
560010,2026-04-13,3.258,3.296,3.302,3.258,2517144.0,,1.3394216133942172,0.3348554033485442,0.010999999999999677,
560010,2026-04-14,3.32,3.346,3.347,3.308,1269386.0,,1.1832524271844704,1.516990291262144,0.050000000000000266,
560010,2026-04-15,3.374,3.33,3.374,3.324,1681112.0,,1.4943215780035943,-0.478182904961148,-0.016000000000000014,
560010,2026-04-16,3.33,3.384,3.389,3.33,1749802.0,,1.7717717717717634,1.6216216216216166,0.053999999999999826,
560010,2026-04-17,3.377,3.417,3.429,3.375,2118045.0,,1.595744680851059,0.9751773049645366,0.03299999999999992,
560010,2026-04-20,3.415,3.431,3.445,3.415,3704404.0,,0.8779631255487212,0.4097161252560795,0.014000000000000234,
560010,2026-04-21,3.422,3.433,3.435,3.398,2325949.0,,1.0784027980180684,0.0582920431361055,0.0019999999999997797,
560010,2026-04-22,3.406,3.49,3.491,3.406,2560003.0,,2.475968540635012,1.6603553743081965,0.057000000000000384,
560010,2026-04-23,3.489,3.442,3.493,3.416,3921522.0,,2.2063037249283655,-1.375358166189113,-0.04800000000000004,
560010,2026-04-24,3.41,3.412,3.441,3.394,3759817.0,,1.3654851830331116,-0.8715862870424245,-0.03000000000000025,
560010,2026-04-27,3.397,3.427,3.44,3.395,4706535.0,,1.3188745603751444,0.4396248534583858,0.015000000000000124,
560010,2026-04-28,3.406,3.383,3.421,3.367,2202771.0,,1.5757222060110834,-1.2839217974905175,-0.04400000000000004,
560010,2026-04-29,3.371,3.435,3.442,3.361,3096069.0,,2.394324563996452,1.537097250960687,0.052000000000000046,
560010,2026-04-30,3.422,3.447,3.455,3.422,2042586.0,,0.9606986899563295,0.3493449781659392,0.01200000000000001,
560010,2026-05-06,3.472,3.529,3.545,3.472,4197017.0,,2.117783579924571,2.378880185668693,0.08199999999999985,
560010,2026-05-07,3.537,3.583,3.587,3.526,2553820.0,,1.728534995749515,1.5301785208274374,0.05400000000000027,
560010,2026-05-08,3.553,3.594,3.604,3.553,2555420.0,,1.4233882221602052,0.30700530281885785,0.010999999999999677,
560010,2026-05-11,3.608,3.642,3.657,3.601,2815481.0,,1.558152476349473,1.3355592654424053,0.04800000000000004,
560010,2026-05-12,3.652,3.625,3.652,3.602,2211380.0,,1.3728720483251033,-0.46677649643053,-0.016999999999999904,
560010,2026-05-13,3.598,3.685,3.69,3.596,1472419.0,,2.5931034482758584,1.655172413793105,0.06000000000000005,
560010,2026-05-14,3.75,3.619,3.75,3.618,1723383.0,,3.5820895522388088,-1.7910447761193986,-0.06599999999999984,
560010,2026-05-15,3.607,3.578,3.64,3.547,2033365.0,,2.569770654877037,-1.1329096435479515,-0.04100000000000037,
560010,2026-05-18,3.534,3.59,3.609,3.534,1768881.0,,2.0961430967020735,0.33538289547233124,0.01200000000000001,
560010,2026-05-19,3.578,3.623,3.624,3.537,1787298.0,,2.423398328690813,0.9192200557103165,0.03300000000000036,
560010,2026-05-20,3.6,3.628,3.629,3.576,1928433.0,,1.462876069555615,0.13800717637316845,0.004999999999999893,
560010,2026-05-21,3.631,3.513,3.664,3.501,2449114.0,,4.492833517089313,-3.169790518191847,-0.11500000000000021,
560010,2026-05-22,3.515,3.579,3.592,3.512,2093054.0,,2.2772559066325098,1.8787361229718271,0.06600000000000028,
560010,2026-05-25,3.584,3.618,3.621,3.566,1927629.0,,1.536742106733729,1.0896898575020872,0.0389999999999997,
560010,2026-05-26,3.606,3.58,3.606,3.522,1471258.0,,2.3217247097844136,-1.050304035378657,-0.03799999999999981,
560010,2026-05-27,3.579,3.514,3.603,3.498,1739490.0,,2.932960893854748,-1.8435754189944211,-0.06600000000000028,
560010,2026-05-28,3.51,3.555,3.567,3.486,1489283.0,,2.30506545247581,1.166761525327273,0.04100000000000037,
560010,2026-05-29,3.555,3.469,3.571,3.448,1657281.0,,3.459915611814352,-2.4191279887482504,-0.0860000000000003,
560010,2026-06-01,3.446,3.446,3.506,3.441,1842051.0,,1.8737388296338988,-0.6630152781781404,-0.022999999999999687,
560010,2026-06-02,3.426,3.456,3.48,3.391,2289393.0,,2.5827045850261166,0.2901915264074227,0.009999999999999787,
560010,2026-06-03,3.434,3.475,3.522,3.434,1936190.0,,2.5462962962962856,0.5497685185185223,0.019000000000000128,
