code,date,open,close,high,low,volume,amount,amplitude,pct_chg,price_change,turnover_rate
561550,2021-12-10,0.993,0.995,0.999,0.99,2959807.0,,,,,
561550,2021-12-13,0.997,0.995,0.999,0.994,1987346.0,,0.5025125628140708,0.0,0.0,
561550,2021-12-14,0.993,0.993,0.996,0.991,1960707.0,,0.5025125628140708,-0.20100502512562834,-0.0020000000000000018,
561550,2021-12-15,0.991,0.988,0.994,0.986,1972003.0,,0.8056394763343411,-0.5035246727089632,-0.0050000000000000044,
561550,2021-12-16,0.99,0.995,0.996,0.988,1877279.0,,0.8097165991902842,0.7085020242914986,0.007000000000000006,
561550,2021-12-17,0.993,0.987,0.997,0.986,2179226.0,,1.1055276381909558,-0.8040201005025134,-0.008000000000000007,
561550,2021-12-20,0.987,0.973,0.989,0.97,1773380.0,,1.9250253292806503,-1.4184397163120581,-0.014000000000000012,
561550,2021-12-21,0.974,0.981,0.981,0.97,1648506.0,,1.130524152106887,0.8221993833504632,0.008000000000000007,
561550,2021-12-22,0.983,0.984,0.986,0.979,2184536.0,,0.71355759429154,0.3058103975535171,0.0030000000000000027,
561550,2021-12-23,0.986,0.989,0.991,0.983,1766430.0,,0.8130081300813016,0.5081300813008134,0.0050000000000000044,
561550,2021-12-24,0.991,0.984,0.991,0.978,1428893.0,,1.3144590495449961,-0.5055611729019216,-0.0050000000000000044,
561550,2021-12-27,0.981,0.983,0.988,0.981,1816611.0,,0.7113821138211389,-0.1016260162601627,-0.0010000000000000009,
561550,2021-12-28,0.983,0.984,0.987,0.979,1726823.0,,0.8138351983723303,0.10172939979654129,0.0010000000000000009,
561550,2021-12-29,0.984,0.983,0.987,0.982,1688832.0,,0.5081300813008134,-0.1016260162601627,-0.0010000000000000009,
561550,2021-12-30,0.983,0.99,0.991,0.983,1414810.0,,0.8138351983723303,0.712105798575789,0.007000000000000006,
561550,2021-12-31,0.991,0.996,0.999,0.991,1889194.0,,0.8080808080808087,0.6060606060606066,0.006000000000000005,
561550,2022-01-04,0.996,0.998,1.002,0.992,2184790.0,,1.004016064257029,0.20080321285140582,0.0020000000000000018,
561550,2022-01-05,0.997,0.98,0.997,0.979,1880967.0,,1.803607214428859,-1.803607214428859,-0.018000000000000016,
561550,2022-01-06,0.981,0.984,0.985,0.974,1902399.0,,1.1224489795918378,0.40816326530612285,0.0040000000000000036,
561550,2022-01-07,0.984,0.982,0.99,0.982,1887696.0,,0.8130081300813016,-0.2032520325203254,-0.0020000000000000018,
561550,2022-01-10,0.983,0.988,0.989,0.977,2208353.0,,1.2219959266802456,0.6109979633401228,0.006000000000000005,
561550,2022-01-11,0.987,0.986,0.993,0.984,1706993.0,,0.9109311740890697,-0.20242914979757104,-0.0020000000000000018,
561550,2022-01-12,0.986,0.993,0.993,0.986,1855077.0,,0.7099391480730229,0.7099391480730229,0.007000000000000006,
561550,2022-01-13,0.993,0.981,0.993,0.981,1915228.0,,1.2084592145015116,-1.2084592145015116,-0.01200000000000001,
561550,2022-01-14,0.98,0.979,0.983,0.974,1928434.0,,0.9174311926605512,-0.2038735983690114,-0.0020000000000000018,
561550,2022-01-17,0.98,0.986,0.988,0.978,1862181.0,,1.0214504596527076,0.7150153217568954,0.007000000000000006,
561550,2022-01-18,0.988,0.993,0.995,0.985,2453411.0,,1.0141987829614614,0.7099391480730229,0.007000000000000006,
561550,2022-01-19,0.992,0.989,0.998,0.984,1817857.0,,1.4098690835850969,-0.40281973816717054,-0.0040000000000000036,
561550,2022-01-20,0.989,0.986,0.994,0.981,2138345.0,,1.3144590495449961,-0.30333670374115296,-0.0030000000000000027,
561550,2022-01-21,0.985,0.973,0.985,0.971,2147203.0,,1.4198782961460459,-1.3184584178498997,-0.013000000000000012,
561550,2022-01-24,0.972,0.975,0.979,0.966,1997894.0,,1.3360739979445027,0.2055498458376158,0.0020000000000000018,
561550,2022-01-25,0.976,0.947,0.976,0.947,2046833.0,,2.974358974358977,-2.8717948717948745,-0.028000000000000025,
561550,2022-01-26,0.943,0.952,0.953,0.943,2024914.0,,1.0559662090813104,0.5279831045406552,0.0050000000000000044,
561550,2022-01-27,0.948,0.931,0.953,0.931,2287759.0,,2.3109243697478896,-2.205882352941167,-0.020999999999999908,
561550,2022-01-28,0.934,0.924,0.937,0.914,1979441.0,,2.4704618689581115,-0.7518796992481209,-0.007000000000000006,
561550,2022-02-07,0.94,0.941,0.944,0.934,2048343.0,,1.0822510822510711,1.8398268398268292,0.016999999999999904,
561550,2022-02-08,0.941,0.951,0.951,0.932,2318321.0,,2.0191285866099795,1.0626992561105217,0.010000000000000009,
561550,2022-02-09,0.951,0.962,0.964,0.95,2147786.0,,1.4721345951629878,1.1566771819137762,0.01100000000000001,
561550,2022-02-10,0.962,0.965,0.967,0.957,2024580.0,,1.0395010395010404,0.31185031185031215,0.0030000000000000027,
561550,2022-02-11,0.962,0.958,0.969,0.956,1915864.0,,1.3471502590673587,-0.7253886010362701,-0.007000000000000006,
561550,2022-02-14,0.955,0.95,0.958,0.945,2340214.0,,1.3569937369519847,-0.835073068893529,-0.008000000000000007,
561550,2022-02-15,0.947,0.956,0.957,0.946,2013556.0,,1.1578947368421064,0.6315789473684217,0.006000000000000005,
561550,2022-02-16,0.957,0.959,0.961,0.955,2022994.0,,0.6276150627615069,0.31380753138075346,0.0030000000000000027,
561550,2022-02-17,0.959,0.958,0.963,0.954,1971621.0,,0.9384775808133482,-0.10427528675703868,-0.0010000000000000009,
561550,2022-02-18,0.957,0.968,0.968,0.953,2145181.0,,1.5657620041753666,1.0438413361169112,0.010000000000000009,
561550,2022-02-21,0.968,0.971,0.972,0.964,2251712.0,,0.8264462809917362,0.30991735537190107,0.0030000000000000027,
561550,2022-02-22,0.97,0.961,0.97,0.956,2314754.0,,1.4418125643666335,-1.0298661174047383,-0.010000000000000009,
561550,2022-02-23,0.96,0.975,0.975,0.96,2036677.0,,1.5608740894901159,1.4568158168574414,0.014000000000000012,
561550,2022-02-24,0.973,0.956,0.975,0.945,2455127.0,,3.0769230769230798,-1.9487179487179505,-0.019000000000000017,
561550,2022-02-25,0.959,0.963,0.975,0.958,2161154.0,,1.7782426778242693,0.7322175732217581,0.007000000000000006,
561550,2022-02-28,0.962,0.968,0.969,0.956,2355377.0,,1.3499480789200429,0.5192107995846318,0.0050000000000000044,
561550,2022-03-01,0.967,0.972,0.973,0.966,2233807.0,,0.7231404958677692,0.4132231404958681,0.0040000000000000036,
561550,2022-03-02,0.97,0.973,0.974,0.965,2089741.0,,0.9259259259259267,0.10288065843621409,0.0010000000000000009,
561550,2022-03-03,0.975,0.974,0.98,0.971,2097426.0,,0.9249743062692711,0.1027749229188079,0.0010000000000000009,
561550,2022-03-04,0.973,0.967,0.978,0.965,2043117.0,,1.3347022587269006,-0.7186858316221773,-0.007000000000000006,
561550,2022-03-07,0.964,0.954,0.968,0.949,1884682.0,,1.9648397104446762,-1.3443640124095153,-0.013000000000000012,
561550,2022-03-08,0.954,0.92,0.954,0.916,2234488.0,,3.983228511530391,-3.563941299790348,-0.03399999999999992,
561550,2022-03-09,0.925,0.903,0.925,0.873,2340586.0,,5.652173913043483,-1.8478260869565233,-0.017000000000000015,
561550,2022-03-10,0.918,0.916,0.927,0.911,1918060.0,,1.7718715393134015,1.4396456256921386,0.013000000000000012,
561550,2022-03-11,0.913,0.927,0.929,0.897,2171920.0,,3.493449781659392,1.200873362445416,0.01100000000000001,
561550,2022-03-14,0.914,0.904,0.93,0.903,2356675.0,,2.9126213592233037,-2.481121898597629,-0.02300000000000002,
561550,2022-03-15,0.9,0.85,0.9,0.85,2666053.0,,5.530973451327438,-5.973451327433634,-0.05400000000000005,
561550,2022-03-16,0.862,0.876,0.882,0.829,2792697.0,,6.235294117647064,3.0588235294117676,0.026000000000000023,
561550,2022-03-17,0.886,0.892,0.906,0.88,2835011.0,,2.9680365296803677,1.8264840182648419,0.016000000000000014,
561550,2022-03-18,0.888,0.902,0.904,0.884,2305553.0,,2.242152466367715,1.1210762331838575,0.010000000000000009,
561550,2022-03-21,0.9,0.902,0.909,0.892,2157176.0,,1.8847006651884717,0.0,0.0,
561550,2022-03-22,0.903,0.906,0.915,0.899,1996476.0,,1.773835920177385,0.44345898004434625,0.0040000000000000036,
561550,2022-03-23,0.91,0.91,0.917,0.904,1579763.0,,1.4348785871964693,0.44150110375275975,0.0040000000000000036,
561550,2022-03-24,0.909,0.906,0.915,0.902,1711777.0,,1.4285714285714297,-0.4395604395604399,-0.0040000000000000036,
561550,2022-03-25,0.906,0.897,0.91,0.896,2027666.0,,1.545253863134659,-0.9933774834437095,-0.009000000000000008,
561550,2022-03-28,0.892,0.896,0.903,0.88,2114541.0,,2.5641025641025665,-0.11148272017837246,-0.0010000000000000009,
561550,2022-03-29,0.899,0.895,0.902,0.891,2453932.0,,1.2276785714285725,-0.11160714285714296,-0.0010000000000000009,
561550,2022-03-30,0.9,0.912,0.912,0.896,1879054.0,,1.7877094972067056,1.8994413407821247,0.017000000000000015,
561550,2022-03-31,0.911,0.905,0.913,0.904,2308657.0,,0.9868421052631587,-0.7675438596491234,-0.007000000000000006,
561550,2022-04-01,0.903,0.913,0.913,0.899,2251338.0,,1.5469613259668522,0.8839779005524869,0.008000000000000007,
561550,2022-04-06,0.908,0.912,0.912,0.897,2416970.0,,1.6429353778751383,-0.10952902519167587,-0.0010000000000000009,
561550,2022-04-07,0.91,0.894,0.911,0.893,2443911.0,,1.9736842105263175,-1.9736842105263175,-0.018000000000000016,
561550,2022-04-08,0.895,0.898,0.899,0.88,1996211.0,,2.1252796420581674,0.4474272930648774,0.0040000000000000036,
561550,2022-04-11,0.895,0.875,0.895,0.87,2934450.0,,2.783964365256127,-2.561247216035637,-0.02300000000000002,
561550,2022-04-12,0.869,0.886,0.886,0.864,2205613.0,,2.5142857142857165,1.2571428571428582,0.01100000000000001,
561550,2022-04-13,0.885,0.876,0.887,0.872,2092039.0,,1.6930022573363446,-1.128668171557563,-0.010000000000000009,
561550,2022-04-14,0.879,0.888,0.893,0.877,2283762.0,,1.8264840182648419,1.3698630136986312,0.01200000000000001,
561550,2022-04-15,0.883,0.879,0.89,0.878,2345318.0,,1.3513513513513524,-1.0135135135135145,-0.009000000000000008,
561550,2022-04-18,0.871,0.88,0.882,0.865,2450526.0,,1.9340159271899904,0.11376564277588179,0.0010000000000000009,
561550,2022-04-19,0.877,0.884,0.886,0.877,2290475.0,,1.0227272727272736,0.454545454545455,0.0040000000000000036,
561550,2022-04-20,0.882,0.862,0.886,0.861,2250428.0,,2.8280542986425363,-2.488687782805432,-0.02200000000000002,
561550,2022-04-21,0.857,0.835,0.862,0.832,2511639.0,,3.480278422273785,-3.1322505800464064,-0.027000000000000024,
561550,2022-04-22,0.835,0.837,0.845,0.823,2781758.0,,2.634730538922158,0.23952095808383256,0.0020000000000000018,
561550,2022-04-25,0.826,0.785,0.826,0.783,2629650.0,,5.137395459976097,-6.212664277180399,-0.051999999999999935,
561550,2022-04-26,0.786,0.767,0.794,0.765,2361234.0,,3.69426751592357,-2.29299363057325,-0.018000000000000016,
561550,2022-04-27,0.765,0.798,0.799,0.759,2746537.0,,5.21512385919166,4.041720990873537,0.031000000000000028,
561550,2022-04-28,0.793,0.804,0.807,0.789,2404181.0,,2.2556390977443628,0.7518796992481209,0.006000000000000005,
561550,2022-04-29,0.804,0.829,0.831,0.803,2452209.0,,3.482587064676606,3.1094527363183966,0.02499999999999991,
561550,2022-05-05,0.826,0.838,0.844,0.825,2031913.0,,2.2919179734620045,1.0856453558504233,0.009000000000000008,
561550,2022-05-06,0.836,0.819,0.836,0.8,2720382.0,,4.295942720763714,-2.2673031026253003,-0.019000000000000017,
561550,2022-05-09,0.818,0.824,0.827,0.815,2626289.0,,1.4652014652014667,0.6105006105006111,0.0050000000000000044,
561550,2022-05-10,0.823,0.836,0.837,0.809,2573246.0,,3.398058252427174,1.4563106796116518,0.01200000000000001,
561550,2022-05-11,0.839,0.84,0.856,0.834,2480647.0,,2.6315789473684235,0.4784688995215315,0.0040000000000000036,
561550,2022-05-12,0.84,0.84,0.846,0.831,2577449.0,,1.7857142857142874,0.0,0.0,
561550,2022-05-13,0.842,0.849,0.85,0.838,2253865.0,,1.42857142857143,1.0714285714285725,0.009000000000000008,
561550,2022-05-16,0.85,0.847,0.858,0.843,2295404.0,,1.7667844522968212,-0.23557126030624284,-0.0020000000000000018,
561550,2022-05-17,0.846,0.849,0.85,0.839,2235554.0,,1.2987012987012998,0.2361275088547818,0.0020000000000000018,
561550,2022-05-18,0.853,0.848,0.853,0.843,2488196.0,,1.1778563015312142,-0.11778563015312142,-0.0010000000000000009,
561550,2022-05-19,0.838,0.852,0.853,0.833,2650594.0,,2.358490566037738,0.47169811320754756,0.0040000000000000036,
561550,2022-05-20,0.851,0.87,0.87,0.851,2715969.0,,2.2300469483568097,2.1126760563380302,0.018000000000000016,
561550,2022-05-23,0.869,0.871,0.874,0.864,1873723.0,,1.1494252873563229,0.1149425287356323,0.0010000000000000009,
561550,2022-05-24,0.872,0.845,0.872,0.844,2973270.0,,3.2146957520091877,-2.9850746268656745,-0.026000000000000023,
561550,2022-05-25,0.843,0.857,0.857,0.842,2105699.0,,1.7751479289940846,1.4201183431952675,0.01200000000000001,
561550,2022-05-26,0.857,0.868,0.873,0.847,2438107.0,,3.0338389731621964,1.2835472578763139,0.01100000000000001,
561550,2022-05-27,0.869,0.869,0.877,0.863,2244012.0,,1.6129032258064528,0.11520737327188951,0.0010000000000000009,
561550,2022-05-30,0.867,0.871,0.873,0.862,2315208.0,,1.2658227848101278,0.23014959723820505,0.0020000000000000018,
561550,2022-05-31,0.871,0.882,0.885,0.866,2503545.0,,2.1814006888633775,1.2629161882893238,0.01100000000000001,
561550,2022-06-01,0.878,0.883,0.884,0.874,2291080.0,,1.1337868480725635,0.11337868480725632,0.0010000000000000009,
561550,2022-06-02,0.882,0.89,0.893,0.878,2222265.0,,1.6987542468856187,0.7927519818799553,0.007000000000000006,
561550,2022-06-06,0.889,0.906,0.908,0.889,2343139.0,,2.134831460674159,1.7977528089887655,0.016000000000000014,
561550,2022-06-07,0.906,0.907,0.911,0.902,2612359.0,,0.9933774834437095,0.11037527593818994,0.0010000000000000009,
561550,2022-06-08,0.906,0.914,0.917,0.9,2450771.0,,1.8743109151047426,0.7717750826901881,0.007000000000000006,
561550,2022-06-09,0.913,0.907,0.916,0.902,2457344.0,,1.5317286652078788,-0.7658643326039394,-0.007000000000000006,
561550,2022-06-10,0.903,0.926,0.928,0.9,2163940.0,,3.0871003307607525,2.094818081587653,0.019000000000000017,
561550,2022-06-13,0.919,0.918,0.924,0.911,2104673.0,,1.4038876889848824,-0.8639308855291584,-0.008000000000000007,
561550,2022-06-14,0.91,0.925,0.928,0.897,2578323.0,,3.3769063180827916,0.762527233115469,0.007000000000000006,
561550,2022-06-15,0.924,0.921,0.944,0.919,2689193.0,,2.7027027027026933,-0.4324324324324328,-0.0040000000000000036,
561550,2022-06-16,0.919,0.921,0.931,0.919,2324773.0,,1.3029315960912062,0.0,0.0,
561550,2022-06-17,0.917,0.93,0.931,0.908,2440009.0,,2.497285559174812,0.9771986970684047,0.009000000000000008,
561550,2022-06-20,0.928,0.927,0.933,0.92,2338280.0,,1.3978494623655924,-0.3225806451612906,-0.0030000000000000027,
561550,2022-06-21,0.927,0.923,0.93,0.915,2392799.0,,1.6181229773462795,-0.4314994606256746,-0.0040000000000000036,
561550,2022-06-22,0.921,0.907,0.923,0.907,2075444.0,,1.7334777898158193,-1.7334777898158193,-0.016000000000000014,
561550,2022-06-23,0.909,0.925,0.927,0.905,1945776.0,,2.42557883131202,1.984564498346198,0.018000000000000016,
561550,2022-06-24,0.925,0.938,0.939,0.925,2246252.0,,1.5135135135135027,1.4054054054053946,0.0129999999999999,
561550,2022-06-27,0.935,0.942,0.949,0.935,1630406.0,,1.4925373134328255,0.4264392324093821,0.0040000000000000036,
561550,2022-06-28,0.94,0.956,0.96,0.94,1891335.0,,2.1231422505307873,1.4861995753715513,0.014000000000000012,
561550,2022-06-29,0.954,0.94,0.957,0.939,2287978.0,,1.8828451882845205,-1.6736401673640184,-0.016000000000000014,
561550,2022-06-30,0.941,0.95,0.956,0.941,2036096.0,,1.5957446808510654,1.0638297872340436,0.010000000000000009,
561550,2022-07-01,0.949,0.951,0.955,0.946,1831336.0,,0.9473684210526325,0.10526315789473695,0.0010000000000000009,
561550,2022-07-04,0.947,0.964,0.964,0.947,2277502.0,,1.7875920084121995,1.3669821240799171,0.013000000000000012,
561550,2022-07-05,0.964,0.964,0.969,0.954,1963622.0,,1.5560165975103748,0.0,0.0,
561550,2022-07-06,0.961,0.952,0.962,0.943,1991189.0,,1.9709543568464747,-1.2448132780082999,-0.01200000000000001,
561550,2022-07-07,0.95,0.955,0.961,0.945,2002588.0,,1.6806722689075646,0.3151260504201684,0.0030000000000000027,
561550,2022-07-08,0.954,0.95,0.961,0.95,2136753.0,,1.1518324607329853,-0.5235602094240842,-0.0050000000000000044,
561550,2022-07-11,0.948,0.936,0.948,0.928,2369192.0,,2.105263157894727,-1.4736842105263055,-0.013999999999999901,
561550,2022-07-12,0.937,0.929,0.941,0.926,2127838.0,,1.602564102564092,-0.7478632478632485,-0.007000000000000006,
561550,2022-07-13,0.928,0.931,0.933,0.92,2090243.0,,1.3993541442411206,0.21528525296017242,0.0020000000000000018,
561550,2022-07-14,0.931,0.933,0.937,0.925,1976470.0,,1.2889366272824931,0.21482277121374882,0.0020000000000000018,
561550,2022-07-15,0.932,0.915,0.935,0.913,1988946.0,,2.3579849946409452,-1.9292604501607733,-0.018000000000000016,
561550,2022-07-18,0.917,0.93,0.933,0.915,2100858.0,,1.9672131147540999,1.6393442622950833,0.015000000000000013,
561550,2022-07-19,0.93,0.933,0.936,0.928,2374204.0,,0.8602150537634415,0.3225806451612906,0.0030000000000000027,
561550,2022-07-20,0.933,0.945,0.945,0.933,2087938.0,,1.2861736334405036,1.2861736334405036,0.0119999999999999,
561550,2022-07-21,0.944,0.933,0.944,0.931,2165363.0,,1.3756613756613654,-1.2698412698412593,-0.0119999999999999,
561550,2022-07-22,0.93,0.923,0.935,0.914,2155266.0,,2.2508038585209023,-1.0718113612004296,-0.010000000000000009,
561550,2022-07-25,0.921,0.914,0.927,0.911,1923018.0,,1.7334777898158193,-0.9750812567713985,-0.009000000000000008,
561550,2022-07-26,0.915,0.926,0.93,0.913,1981031.0,,1.8599562363238529,1.3129102844638962,0.01200000000000001,
561550,2022-07-27,0.925,0.927,0.93,0.922,2009972.0,,0.8639308855291584,0.1079913606911448,0.0010000000000000009,
561550,2022-07-28,0.929,0.93,0.937,0.928,1967745.0,,0.9708737864077678,0.3236245954692559,0.0030000000000000027,
561550,2022-07-29,0.932,0.922,0.934,0.92,2414795.0,,1.5053763440860228,-0.8602150537634415,-0.008000000000000007,
561550,2022-08-01,0.917,0.928,0.929,0.915,2248921.0,,1.5184381778741878,0.6507592190889376,0.006000000000000005,
561550,2022-08-02,0.925,0.903,0.925,0.894,2463582.0,,3.3405172413793127,-2.6939655172413817,-0.025000000000000022,
561550,2022-08-03,0.903,0.897,0.915,0.894,2288378.0,,2.325581395348839,-0.6644518272425255,-0.006000000000000005,
561550,2022-08-04,0.898,0.899,0.904,0.888,1813608.0,,1.7837235228539594,0.22296544035674493,0.0020000000000000018,
561550,2022-08-05,0.9,0.914,0.915,0.898,2202505.0,,1.8909899888765311,1.6685205784204686,0.015000000000000013,
561550,2022-08-08,0.914,0.922,0.924,0.912,1908642.0,,1.3129102844638962,0.8752735229759306,0.008000000000000007,
561550,2022-08-09,0.922,0.929,0.929,0.92,1974641.0,,0.9761388286334065,0.7592190889370939,0.007000000000000006,
561550,2022-08-10,0.926,0.926,0.932,0.922,2049456.0,,1.076426264800862,-0.32292787944025864,-0.0030000000000000027,
561550,2022-08-11,0.929,0.943,0.943,0.928,1733954.0,,1.61987041036716,1.8358531317494498,0.016999999999999904,
561550,2022-08-12,0.943,0.945,0.948,0.94,1877199.0,,0.8483563096500538,0.21208907741251345,0.0020000000000000018,
561550,2022-08-15,0.941,0.946,0.951,0.941,1994168.0,,1.0582010582010593,0.10582010582010591,0.0010000000000000009,
561550,2022-08-16,0.949,0.948,0.955,0.945,2097601.0,,1.0570824524312907,0.2114164904862581,0.0020000000000000018,
561550,2022-08-17,0.948,0.95,0.953,0.943,2123682.0,,1.0548523206751064,0.2109704641350213,0.0020000000000000018,
561550,2022-08-18,0.948,0.948,0.952,0.946,1872296.0,,0.6315789473684217,-0.2105263157894739,-0.0020000000000000018,
561550,2022-08-19,0.948,0.94,0.948,0.94,1999573.0,,0.8438818565400852,-0.8438818565400852,-0.008000000000000007,
561550,2022-08-22,0.94,0.951,0.953,0.934,1773189.0,,2.021276595744671,1.170212765957448,0.01100000000000001,
561550,2022-08-23,0.95,0.951,0.954,0.946,1795974.0,,0.8412197686645645,0.0,0.0,
561550,2022-08-24,0.953,0.926,0.953,0.926,1967721.0,,2.8391167192428934,-2.628811777076752,-0.02499999999999991,
561550,2022-08-25,0.929,0.935,0.936,0.921,1798678.0,,1.619870410367172,0.9719222462203032,0.009000000000000008,
561550,2022-08-26,0.935,0.932,0.942,0.929,1669470.0,,1.3903743315507915,-0.3208556149732623,-0.0030000000000000027,
561550,2022-08-29,0.927,0.929,0.93,0.917,1491295.0,,1.3948497854077264,-0.32188841201716767,-0.0030000000000000027,
561550,2022-08-30,0.929,0.926,0.93,0.92,1607907.0,,1.076426264800862,-0.32292787944025864,-0.0030000000000000027,
561550,2022-08-31,0.925,0.905,0.925,0.903,1972324.0,,2.3758099352051856,-2.267818574514041,-0.02100000000000002,
561550,2022-09-01,0.907,0.903,0.912,0.9,1699490.0,,1.3259668508287303,-0.22099447513812173,-0.0020000000000000018,
561550,2022-09-02,0.904,0.903,0.911,0.9,1441228.0,,1.2181616832779634,0.0,0.0,
561550,2022-09-05,0.903,0.907,0.91,0.898,1790775.0,,1.328903654485051,0.44296788482835037,0.0040000000000000036,
561550,2022-09-06,0.908,0.929,0.929,0.908,1641083.0,,2.315325248070564,2.42557883131202,0.02200000000000002,
561550,2022-09-07,0.926,0.929,0.932,0.921,1812885.0,,1.1840688912809483,0.0,0.0,
561550,2022-09-08,0.929,0.925,0.93,0.923,1616763.0,,0.7534983853606034,-0.43057050592034485,-0.0040000000000000036,
561550,2022-09-09,0.921,0.929,0.932,0.92,1543428.0,,1.2972972972972985,0.4324324324324328,0.0040000000000000036,
561550,2022-09-13,0.929,0.93,0.935,0.927,1729300.0,,0.8611410118406897,0.10764262648008621,0.0010000000000000009,
561550,2022-09-14,0.927,0.92,0.927,0.916,1692087.0,,1.1827956989247321,-1.0752688172043021,-0.010000000000000009,
561550,2022-09-15,0.919,0.9,0.926,0.894,1799014.0,,3.4782608695652204,-2.1739130434782625,-0.020000000000000018,
561550,2022-09-16,0.899,0.878,0.899,0.876,1861301.0,,2.5555555555555576,-2.444444444444447,-0.02200000000000002,
561550,2022-09-19,0.876,0.875,0.883,0.87,1765970.0,,1.4806378132118465,-0.3416856492027338,-0.0030000000000000027,
561550,2022-09-20,0.875,0.884,0.89,0.875,1616518.0,,1.7142857142857157,1.0285714285714296,0.009000000000000008,
561550,2022-09-21,0.885,0.885,0.889,0.873,1840202.0,,1.8099547511312233,0.11312217194570146,0.0010000000000000009,
561550,2022-09-22,0.878,0.887,0.891,0.878,1621622.0,,1.4689265536723177,0.22598870056497194,0.0020000000000000018,
561550,2022-09-23,0.891,0.875,0.891,0.867,1791669.0,,2.7057497181510732,-1.3528748590755366,-0.01200000000000001,
561550,2022-09-26,0.87,0.861,0.877,0.859,1854820.0,,2.057142857142859,-1.6000000000000014,-0.014000000000000012,
561550,2022-09-27,0.866,0.873,0.874,0.857,1369260.0,,1.9744483159117323,1.3937282229965169,0.01200000000000001,
561550,2022-09-28,0.873,0.854,0.874,0.853,1676437.0,,2.4054982817869437,-2.1764032073310444,-0.019000000000000017,
561550,2022-09-29,0.855,0.857,0.866,0.852,1696221.0,,1.6393442622950833,0.35128805620608927,0.0030000000000000027,
561550,2022-09-30,0.854,0.848,0.861,0.847,1802444.0,,1.6336056009334903,-1.0501750291715295,-0.009000000000000008,
561550,2022-10-10,0.847,0.84,0.855,0.837,1864570.0,,2.122641509433964,-0.9433962264150951,-0.008000000000000007,
561550,2022-10-11,0.84,0.846,0.849,0.836,1643315.0,,1.547619047619049,0.714285714285715,0.006000000000000005,
561550,2022-10-12,0.844,0.867,0.869,0.833,1795248.0,,4.255319148936175,2.4822695035461013,0.02100000000000002,
561550,2022-10-13,0.867,0.867,0.874,0.863,1843981.0,,1.2687427912341418,0.0,0.0,
561550,2022-10-14,0.877,0.886,0.89,0.872,1786874.0,,2.0761245674740505,2.1914648212226084,0.019000000000000017,
561550,2022-10-17,0.89,0.889,0.892,0.881,1638147.0,,1.2415349887133194,0.3386004514672689,0.0030000000000000027,
561550,2022-10-18,0.89,0.894,0.901,0.888,1765522.0,,1.4623172103487077,0.5624296962879645,0.0050000000000000044,
561550,2022-10-19,0.895,0.89,0.899,0.888,1662903.0,,1.2304250559284127,-0.4474272930648774,-0.0040000000000000036,
561550,2022-10-20,0.886,0.882,0.897,0.874,1809201.0,,2.5842696629213506,-0.8988764044943828,-0.008000000000000007,
561550,2022-10-21,0.884,0.886,0.891,0.881,1774467.0,,1.1337868480725635,0.4535147392290253,0.0040000000000000036,
561550,2022-10-24,0.885,0.879,0.902,0.873,1875356.0,,3.273137697516933,-0.7900677200902941,-0.007000000000000006,
561550,2022-10-25,0.884,0.872,0.884,0.86,1357830.0,,2.730375426621163,-0.7963594994311725,-0.007000000000000006,
561550,2022-10-26,0.872,0.884,0.892,0.867,1573375.0,,2.866972477064223,1.376146788990827,0.01200000000000001,
561550,2022-10-27,0.884,0.883,0.891,0.882,1838459.0,,1.018099547511313,-0.11312217194570146,-0.0010000000000000009,
561550,2022-10-28,0.882,0.856,0.882,0.853,1692300.0,,3.28425821064553,-3.0577576443941137,-0.027000000000000024,
561550,2022-10-31,0.853,0.856,0.865,0.849,1787854.0,,1.8691588785046744,0.0,0.0,
561550,2022-11-01,0.855,0.872,0.874,0.851,1878175.0,,2.6869158878504695,1.8691588785046744,0.016000000000000014,
561550,2022-11-02,0.874,0.88,0.885,0.869,1707504.0,,1.8348623853211024,0.9174311926605512,0.008000000000000007,
561550,2022-11-03,0.876,0.883,0.884,0.876,1690488.0,,0.90909090909091,0.3409090909090912,0.0030000000000000027,
561550,2022-11-04,0.886,0.902,0.906,0.882,1733794.0,,2.71800679501699,2.1517553793884505,0.019000000000000017,
561550,2022-11-07,0.897,0.899,0.907,0.895,1802499.0,,1.330376940133039,-0.33259423503325974,-0.0030000000000000027,
561550,2022-11-08,0.9,0.9,0.902,0.895,1557661.0,,0.7786429365962186,0.11123470522803124,0.0010000000000000009,
561550,2022-11-09,0.9,0.899,0.908,0.897,1776631.0,,1.2222222222222234,-0.1111111111111112,-0.0010000000000000009,
561550,2022-11-10,0.898,0.892,0.898,0.887,1887761.0,,1.2235817575083436,-0.7786429365962186,-0.007000000000000006,
561550,2022-11-11,0.916,0.902,0.916,0.899,1684982.0,,1.9058295964125578,1.1210762331838575,0.010000000000000009,
561550,2022-11-14,0.906,0.896,0.908,0.893,1709462.0,,1.6629711751662988,-0.6651884700665195,-0.006000000000000005,
561550,2022-11-15,0.894,0.913,0.913,0.894,1594842.0,,2.120535714285716,1.8973214285714302,0.017000000000000015,
561550,2022-11-16,0.912,0.906,0.915,0.905,1317697.0,,1.0952902519167589,-0.7667031763417312,-0.007000000000000006,
561550,2022-11-17,0.904,0.907,0.907,0.897,1620008.0,,1.1037527593818994,0.11037527593818994,0.0010000000000000009,
561550,2022-11-18,0.908,0.899,0.909,0.898,1566932.0,,1.21278941565601,-0.8820286659316435,-0.008000000000000007,
561550,2022-11-21,0.897,0.902,0.903,0.892,1488422.0,,1.2235817575083436,0.3337041156840937,0.0030000000000000027,
561550,2022-11-22,0.902,0.895,0.904,0.891,1707292.0,,1.4412416851441254,-0.7760532150776059,-0.007000000000000006,
561550,2022-11-23,0.898,0.894,0.898,0.884,1625601.0,,1.5642458100558674,-0.1117318435754191,-0.0010000000000000009,
561550,2022-11-24,0.894,0.896,0.901,0.893,2295790.0,,0.8948545861297548,0.2237136465324387,0.0020000000000000018,
561550,2022-11-25,0.897,0.892,0.897,0.889,1400312.0,,0.8928571428571437,-0.44642857142857184,-0.0040000000000000036,
561550,2022-11-28,0.874,0.888,0.889,0.873,1760953.0,,1.793721973094172,-0.448430493273543,-0.0040000000000000036,
561550,2022-11-29,0.89,0.899,0.901,0.888,1280385.0,,1.4639639639639652,1.2387387387387399,0.01100000000000001,
561550,2022-11-30,0.896,0.896,0.901,0.893,1435744.0,,0.8898776418242499,-0.3337041156840937,-0.0030000000000000027,
561550,2022-12-01,0.9,0.905,0.91,0.9,1235222.0,,1.1160714285714295,1.0044642857142867,0.009000000000000008,
561550,2022-12-02,0.902,0.9,0.906,0.898,1368920.0,,0.8839779005524869,-0.5524861878453043,-0.0050000000000000044,
561550,2022-12-05,0.901,0.909,0.909,0.901,1344300.0,,0.8888888888888896,1.0000000000000009,0.009000000000000008,
561550,2022-12-06,0.909,0.904,0.91,0.901,1583456.0,,0.990099009900991,-0.5500550055005505,-0.0050000000000000044,
561550,2022-12-07,0.905,0.904,0.909,0.901,1424035.0,,0.8849557522123901,0.0,0.0,
561550,2022-12-08,0.901,0.902,0.904,0.897,1726261.0,,0.7743362831858414,-0.22123893805309752,-0.0020000000000000018,
561550,2022-12-09,0.902,0.905,0.905,0.896,1579493.0,,0.9977827050997791,0.33259423503325974,0.0030000000000000027,
561550,2022-12-12,0.905,0.897,0.905,0.895,1550951.0,,1.1049723756906087,-0.8839779005524869,-0.008000000000000007,
561550,2022-12-13,0.892,0.894,0.9,0.889,1519757.0,,1.226309921962097,-0.33444816053511733,-0.0030000000000000027,
561550,2022-12-14,0.892,0.889,0.893,0.885,1650690.0,,0.8948545861297548,-0.5592841163310966,-0.0050000000000000044,
561550,2022-12-15,0.889,0.886,0.891,0.883,1632702.0,,0.8998875140607432,-0.3374578177727787,-0.0030000000000000027,
561550,2022-12-16,0.887,0.881,0.887,0.876,1446600.0,,1.2415349887133194,-0.5643340857787815,-0.0050000000000000044,
561550,2022-12-19,0.88,0.863,0.881,0.86,1511577.0,,2.383654937570944,-2.0431328036322376,-0.018000000000000016,
561550,2022-12-20,0.862,0.853,0.862,0.851,1433007.0,,1.2746234067207427,-1.1587485515643117,-0.010000000000000009,
561550,2022-12-21,0.855,0.851,0.856,0.846,1513296.0,,1.1723329425556868,-0.23446658851113736,-0.0020000000000000018,
561550,2022-12-22,0.852,0.84,0.854,0.836,1628748.0,,2.1151586368977693,-1.292596944770859,-0.01100000000000001,
561550,2022-12-23,0.834,0.84,0.844,0.833,1411290.0,,1.3095238095238109,0.0,0.0,
561550,2022-12-26,0.843,0.846,0.848,0.837,1469234.0,,1.3095238095238109,0.714285714285715,0.006000000000000005,
561550,2022-12-27,0.848,0.853,0.855,0.847,1317052.0,,0.945626477541372,0.8274231678487004,0.007000000000000006,
561550,2022-12-28,0.854,0.851,0.855,0.849,1333023.0,,0.7033997655334121,-0.23446658851113736,-0.0020000000000000018,
561550,2022-12-29,0.85,0.85,0.857,0.846,1114429.0,,1.292596944770859,-0.11750881316098719,-0.0010000000000000009,
561550,2022-12-30,0.849,0.854,0.855,0.846,1235879.0,,1.0588235294117656,0.47058823529411803,0.0040000000000000036,
561550,2023-01-03,0.855,0.867,0.869,0.851,1117479.0,,2.107728337236536,1.5222482435597202,0.013000000000000012,
561550,2023-01-04,0.868,0.868,0.872,0.865,1053222.0,,0.8073817762399085,0.11534025374855836,0.0010000000000000009,
561550,2023-01-05,0.87,0.876,0.879,0.87,1224613.0,,1.0368663594470056,0.9216589861751161,0.008000000000000007,
561550,2023-01-06,0.877,0.883,0.886,0.876,1018085.0,,1.141552511415526,0.7990867579908683,0.007000000000000006,
561550,2023-01-09,0.883,0.885,0.89,0.879,1383909.0,,1.2457531143827871,0.22650056625141582,0.0020000000000000018,
561550,2023-01-10,0.884,0.885,0.886,0.882,1059901.0,,0.4519774011299439,0.0,0.0,
561550,2023-01-11,0.885,0.884,0.89,0.883,1168489.0,,0.7909604519774018,-0.11299435028248597,-0.0010000000000000009,
561550,2023-01-12,0.883,0.882,0.888,0.88,1190614.0,,0.9049773755656116,-0.2262443438914029,-0.0020000000000000018,
561550,2023-01-13,0.882,0.889,0.89,0.882,858558.0,,0.9070294784580506,0.7936507936507943,0.007000000000000006,
561550,2023-01-16,0.889,0.896,0.904,0.885,819367.0,,2.137232845894265,0.7874015748031503,0.007000000000000006,
561550,2023-01-17,0.901,0.897,0.901,0.893,871748.0,,0.8928571428571437,0.11160714285714296,0.0010000000000000009,
561550,2023-01-18,0.895,0.901,0.905,0.895,770193.0,,1.1148272017837244,0.44593088071348985,0.0040000000000000036,
561550,2023-01-19,0.901,0.906,0.907,0.897,877466.0,,1.1098779134295238,0.5549389567147619,0.0050000000000000044,
561550,2023-01-20,0.907,0.914,0.915,0.907,782528.0,,0.8830022075055195,0.8830022075055195,0.008000000000000007,
561550,2023-01-30,0.93,0.917,0.932,0.915,777036.0,,1.8599562363238529,0.32822757111597406,0.0030000000000000027,
561550,2023-01-31,0.917,0.918,0.921,0.914,689598.0,,0.7633587786259549,0.10905125408942212,0.0010000000000000009,
561550,2023-02-01,0.919,0.929,0.93,0.918,775558.0,,1.3071895424836613,1.1982570806100228,0.01100000000000001,
561550,2023-02-02,0.928,0.93,0.934,0.926,404642.0,,0.8611410118406897,0.10764262648008621,0.0010000000000000009,
561550,2023-02-03,0.929,0.921,0.929,0.914,443398.0,,1.6129032258064528,-0.9677419354838717,-0.009000000000000008,
561550,2023-02-06,0.917,0.921,0.925,0.915,266956.0,,1.0857763300760053,0.0,0.0,
561550,2023-02-07,0.92,0.926,0.927,0.916,573116.0,,1.1943539630836058,0.5428881650380026,0.0050000000000000044,
561550,2023-02-08,0.927,0.919,0.927,0.917,260266.0,,1.079913606911448,-0.7559395248380136,-0.007000000000000006,
561550,2023-02-09,0.915,0.928,0.93,0.911,264541.0,,2.0674646354733426,0.9793253536452674,0.009000000000000008,
561550,2023-02-10,0.928,0.93,0.933,0.923,306320.0,,1.0775862068965527,0.21551724137931053,0.0020000000000000018,
561550,2023-02-13,0.93,0.936,0.937,0.928,350208.0,,0.9677419354838717,0.6451612903225812,0.006000000000000005,
561550,2023-02-14,0.936,0.939,0.941,0.935,232364.0,,0.6410256410256298,0.32051282051280894,0.0029999999999998916,
561550,2023-02-15,0.94,0.937,0.942,0.936,249175.0,,0.6389776357827364,-0.21299254526090428,-0.0019999999999998908,
561550,2023-02-16,0.939,0.925,0.944,0.92,331980.0,,2.5613660618996703,-1.280683030949841,-0.01200000000000001,
561550,2023-02-17,0.925,0.918,0.927,0.915,353368.0,,1.2972972972972985,-0.7567567567567574,-0.007000000000000006,
561550,2023-02-20,0.915,0.931,0.934,0.914,451226.0,,2.1786492374727686,1.4161220043572997,0.013000000000000012,
561550,2023-02-21,0.933,0.943,0.945,0.933,254054.0,,1.2889366272824812,1.2889366272824812,0.0119999999999999,
561550,2023-02-22,0.943,0.941,0.945,0.938,285442.0,,0.7423117709437971,-0.21208907741251345,-0.0020000000000000018,
561550,2023-02-23,0.943,0.94,0.944,0.936,199349.0,,0.8501594048884056,-0.10626992561105217,-0.0010000000000000009,
561550,2023-02-24,0.942,0.939,0.942,0.932,168849.0,,1.0638297872340319,-0.10638297872340437,-0.0010000000000000009,
561550,2023-02-27,0.93,0.936,0.94,0.929,203828.0,,1.1714589989350266,-0.3194888178913623,-0.0029999999999998916,
561550,2023-02-28,0.931,0.938,0.938,0.929,247807.0,,0.9615384615384505,0.21367521367520198,0.0019999999999998908,
561550,2023-03-01,0.942,0.948,0.948,0.937,437478.0,,1.172707889125789,1.0660980810234553,0.010000000000000009,
561550,2023-03-02,0.945,0.943,0.947,0.941,251984.0,,0.6329113924050639,-0.5274261603375532,-0.0050000000000000044,
561550,2023-03-03,0.943,0.94,0.944,0.935,211836.0,,0.9544008483562988,-0.3181336161187702,-0.0030000000000000027,
561550,2023-03-06,0.939,0.942,0.943,0.936,322712.0,,0.7446808510638188,0.21276595744680873,0.0020000000000000018,
561550,2023-03-07,0.943,0.925,0.943,0.924,338280.0,,2.0169851380042365,-1.8046709129511576,-0.016999999999999904,
561550,2023-03-08,0.924,0.928,0.93,0.923,358794.0,,0.7567567567567574,0.3243243243243246,0.0030000000000000027,
561550,2023-03-09,0.928,0.928,0.93,0.923,443574.0,,0.7543103448275869,0.0,0.0,
561550,2023-03-10,0.926,0.916,0.926,0.915,496215.0,,1.185344827586208,-1.293103448275863,-0.01200000000000001,
561550,2023-03-13,0.916,0.917,0.92,0.911,452560.0,,0.9825327510917039,0.109170305676856,0.0010000000000000009,
561550,2023-03-14,0.917,0.909,0.917,0.901,401688.0,,1.744820065430754,-0.872410032715377,-0.008000000000000007,
561550,2023-03-15,0.913,0.914,0.918,0.912,442150.0,,0.6600660066006606,0.5500550055005505,0.0050000000000000044,
561550,2023-03-16,0.914,0.901,0.914,0.899,474927.0,,1.64113785557987,-1.4223194748358874,-0.013000000000000012,
561550,2023-03-17,0.904,0.908,0.915,0.904,304450.0,,1.220865704772476,0.7769145394006666,0.007000000000000006,
561550,2023-03-20,0.908,0.904,0.91,0.902,437580.0,,0.8810572687224677,-0.44052863436123385,-0.0040000000000000036,
561550,2023-03-21,0.905,0.912,0.912,0.905,397387.0,,0.7743362831858414,0.8849557522123901,0.008000000000000007,
561550,2023-03-22,0.914,0.917,0.92,0.914,306570.0,,0.6578947368421059,0.5482456140350882,0.0050000000000000044,
561550,2023-03-23,0.915,0.926,0.926,0.915,261571.0,,1.1995637949836433,0.9814612868047992,0.009000000000000008,
561550,2023-03-24,0.927,0.926,0.928,0.923,406898.0,,0.539956803455724,0.0,0.0,
561550,2023-03-27,0.925,0.924,0.925,0.916,448733.0,,0.9719222462203032,-0.2159827213822896,-0.0020000000000000018,
561550,2023-03-28,0.924,0.919,0.924,0.918,405013.0,,0.6493506493506499,-0.5411255411255417,-0.0050000000000000044,
561550,2023-03-29,0.915,0.914,0.92,0.914,473542.0,,0.652883569096845,-0.5440696409140374,-0.0050000000000000044,
561550,2023-03-30,0.916,0.922,0.923,0.909,425718.0,,1.5317286652078788,0.8752735229759306,0.008000000000000007,
561550,2023-03-31,0.921,0.928,0.93,0.919,444492.0,,1.193058568329719,0.6507592190889376,0.006000000000000005,
561550,2023-04-03,0.926,0.936,0.942,0.926,519875.0,,1.7241379310344724,0.8620689655172421,0.008000000000000007,
561550,2023-04-04,0.936,0.933,0.936,0.93,309557.0,,0.6410256410256415,-0.32051282051282076,-0.0030000000000000027,
561550,2023-04-06,0.932,0.936,0.939,0.931,399181.0,,0.8574490889603319,0.32154340836012885,0.0030000000000000027,
561550,2023-04-07,0.936,0.941,0.944,0.935,400822.0,,0.9615384615384505,0.5341880341880227,0.004999999999999893,
561550,2023-04-10,0.947,0.943,0.95,0.942,364337.0,,0.8501594048884173,0.21253985122210434,0.0020000000000000018,
561550,2023-04-11,0.942,0.942,0.945,0.94,649161.0,,0.5302226935312836,-0.10604453870625673,-0.0010000000000000009,
561550,2023-04-12,0.945,0.946,0.948,0.939,493367.0,,0.9554140127388543,0.4246284501061575,0.0040000000000000036,
561550,2023-04-13,0.945,0.939,0.946,0.938,343938.0,,0.8456659619450324,-0.7399577167019034,-0.007000000000000006,
561550,2023-04-14,0.941,0.944,0.945,0.939,315599.0,,0.6389776357827481,0.5324813631522902,0.0050000000000000044,
561550,2023-04-17,0.942,0.953,0.953,0.942,462185.0,,1.1652542372881367,0.9533898305084755,0.009000000000000008,
561550,2023-04-18,0.953,0.954,0.956,0.95,421223.0,,0.6295907660020993,0.1049317943336832,0.0010000000000000009,
561550,2023-04-19,0.954,0.948,0.954,0.948,239016.0,,0.6289308176100634,-0.6289308176100634,-0.006000000000000005,
561550,2023-04-20,0.949,0.944,0.949,0.94,271607.0,,0.9493670886075958,-0.4219409282700426,-0.0040000000000000036,
561550,2023-04-21,0.944,0.923,0.944,0.921,327198.0,,2.436440677966092,-2.224576271186431,-0.020999999999999908,
561550,2023-04-24,0.923,0.911,0.923,0.907,319897.0,,1.7334777898158193,-1.3001083423618645,-0.01200000000000001,
561550,2023-04-25,0.915,0.897,0.915,0.887,372880.0,,3.073545554335897,-1.5367727771679485,-0.014000000000000012,
561550,2023-04-26,0.898,0.901,0.905,0.892,256880.0,,1.449275362318842,0.44593088071348985,0.0040000000000000036,
561550,2023-04-27,0.9,0.911,0.914,0.9,268714.0,,1.5538290788013331,1.1098779134295238,0.010000000000000009,
561550,2023-04-28,0.911,0.916,0.916,0.91,387777.0,,0.6586169045005494,0.5488474204171245,0.0050000000000000044,
561550,2023-05-04,0.915,0.914,0.915,0.908,222817.0,,0.7641921397379919,-0.218340611353712,-0.0020000000000000018,
561550,2023-05-05,0.915,0.905,0.915,0.9,250097.0,,1.64113785557987,-0.9846827133479221,-0.009000000000000008,
561550,2023-05-08,0.907,0.921,0.921,0.903,341085.0,,1.9889502762430955,1.7679558011049739,0.016000000000000014,
561550,2023-05-09,0.922,0.907,0.922,0.904,244185.0,,1.9543973941368094,-1.5200868621064074,-0.014000000000000012,
561550,2023-05-10,0.903,0.904,0.909,0.899,282692.0,,1.1025358324145544,-0.3307607497243663,-0.0030000000000000027,
561550,2023-05-11,0.905,0.902,0.907,0.902,225524.0,,0.5530973451327439,-0.22123893805309752,-0.0020000000000000018,
561550,2023-05-12,0.902,0.894,0.907,0.893,235058.0,,1.5521064301552119,-0.8869179600886925,-0.008000000000000007,
561550,2023-05-15,0.896,0.904,0.905,0.886,175855.0,,2.1252796420581674,1.1185682326621933,0.010000000000000009,
561550,2023-05-16,0.899,0.898,0.902,0.894,175935.0,,0.8849557522123901,-0.6637168141592926,-0.006000000000000005,
561550,2023-05-17,0.898,0.896,0.898,0.891,194210.0,,0.7795100222717155,-0.22271714922049018,-0.0020000000000000018,
561550,2023-05-18,0.897,0.893,0.899,0.888,158749.0,,1.2276785714285725,-0.3348214285714289,-0.0030000000000000027,
561550,2023-05-19,0.893,0.899,0.899,0.889,209582.0,,1.1198208286674143,0.6718924972004485,0.006000000000000005,
561550,2023-05-22,0.9,0.901,0.903,0.895,202247.0,,0.8898776418242499,0.22246941045606247,0.0020000000000000018,
561550,2023-05-23,0.901,0.893,0.903,0.892,185300.0,,1.220865704772476,-0.8879023307436189,-0.008000000000000007,
561550,2023-05-24,0.892,0.884,0.895,0.883,207123.0,,1.343784994400897,-1.0078387458006728,-0.009000000000000008,
561550,2023-05-25,0.884,0.885,0.887,0.874,375511.0,,1.470588235294119,0.11312217194570146,0.0010000000000000009,
561550,2023-05-26,0.884,0.884,0.886,0.875,370246.0,,1.2429378531073458,-0.11299435028248597,-0.0010000000000000009,
561550,2023-05-29,0.887,0.885,0.888,0.881,262884.0,,0.7918552036199101,0.11312217194570146,0.0010000000000000009,
561550,2023-05-30,0.885,0.887,0.887,0.873,248208.0,,1.5819209039548037,0.22598870056497194,0.0020000000000000018,
561550,2023-05-31,0.884,0.881,0.885,0.877,263439.0,,0.9019165727170245,-0.6764374295377683,-0.006000000000000005,
561550,2023-06-01,0.881,0.882,0.888,0.877,215052.0,,1.2485811577752566,0.11350737797956878,0.0010000000000000009,
561550,2023-06-02,0.882,0.89,0.892,0.882,201999.0,,1.1337868480725635,0.9070294784580506,0.008000000000000007,
561550,2023-06-05,0.89,0.89,0.891,0.888,237138.0,,0.3370786516853936,0.0,0.0,
561550,2023-06-06,0.891,0.875,0.893,0.872,237180.0,,2.359550561797755,-1.6853932584269677,-0.015000000000000013,
561550,2023-06-07,0.879,0.875,0.879,0.871,323503.0,,0.914285714285715,0.0,0.0,
561550,2023-06-08,0.873,0.875,0.879,0.869,306000.0,,1.142857142857144,0.0,0.0,
561550,2023-06-09,0.876,0.881,0.882,0.875,316561.0,,0.8000000000000007,0.6857142857142863,0.006000000000000005,
561550,2023-06-12,0.881,0.886,0.89,0.875,259393.0,,1.7026106696935315,0.5675368898978439,0.0050000000000000044,
561550,2023-06-13,0.89,0.888,0.89,0.885,286522.0,,0.5643340857787815,0.2257336343115126,0.0020000000000000018,
561550,2023-06-14,0.888,0.889,0.893,0.888,302619.0,,0.5630630630630635,0.11261261261261273,0.0010000000000000009,
561550,2023-06-15,0.889,0.898,0.899,0.889,309962.0,,1.124859392575929,1.0123734533183362,0.009000000000000008,
561550,2023-06-16,0.898,0.901,0.904,0.898,506553.0,,0.6681514476614705,0.33407572383073525,0.0030000000000000027,
561550,2023-06-19,0.901,0.895,0.901,0.895,265728.0,,0.6659267480577142,-0.6659267480577142,-0.006000000000000005,
561550,2023-06-20,0.897,0.895,0.898,0.893,317838.0,,0.5586592178770954,0.0,0.0,
561550,2023-06-21,0.895,0.883,0.895,0.879,297907.0,,1.7877094972067056,-1.3407821229050292,-0.01200000000000001,
561550,2023-06-26,0.882,0.875,0.882,0.87,521753.0,,1.359003397508495,-0.9060022650056633,-0.008000000000000007,
561550,2023-06-27,0.873,0.884,0.885,0.873,292193.0,,1.3714285714285726,1.0285714285714296,0.009000000000000008,
561550,2023-06-28,0.883,0.885,0.885,0.874,322084.0,,1.244343891402716,0.11312217194570146,0.0010000000000000009,
561550,2023-06-29,0.883,0.886,0.889,0.882,300439.0,,0.7909604519774018,0.11299435028248597,0.0010000000000000009,
561550,2023-06-30,0.884,0.895,0.9,0.884,255456.0,,1.8058690744921009,1.0158013544018067,0.009000000000000008,
561550,2023-07-03,0.896,0.905,0.907,0.896,261479.0,,1.22905027932961,1.1173184357541908,0.010000000000000009,
561550,2023-07-04,0.907,0.905,0.907,0.902,245216.0,,0.5524861878453043,0.0,0.0,
561550,2023-07-05,0.903,0.9,0.906,0.899,300855.0,,0.7734806629834261,-0.5524861878453043,-0.0050000000000000044,
561550,2023-07-06,0.9,0.896,0.905,0.894,235753.0,,1.2222222222222234,-0.4444444444444448,-0.0040000000000000036,
561550,2023-07-07,0.896,0.896,0.899,0.891,250325.0,,0.8928571428571437,0.0,0.0,
561550,2023-07-10,0.908,0.9,0.908,0.895,299731.0,,1.4508928571428583,0.44642857142857184,0.0040000000000000036,
561550,2023-07-11,0.896,0.905,0.907,0.896,282608.0,,1.2222222222222234,0.555555555555556,0.0050000000000000044,
561550,2023-07-12,0.906,0.901,0.906,0.898,616934.0,,0.8839779005524869,-0.44198895027624346,-0.0040000000000000036,
561550,2023-07-13,0.903,0.908,0.911,0.903,467135.0,,0.8879023307436189,0.7769145394006666,0.007000000000000006,
561550,2023-07-14,0.907,0.905,0.911,0.903,234348.0,,0.8810572687224677,-0.3303964757709254,-0.0030000000000000027,
561550,2023-07-17,0.908,0.9,0.913,0.896,294945.0,,1.8784530386740348,-0.5524861878453043,-0.0050000000000000044,
561550,2023-07-18,0.901,0.899,0.904,0.895,778366.0,,1.0000000000000009,-0.1111111111111112,-0.0010000000000000009,
561550,2023-07-19,0.899,0.9,0.901,0.894,314995.0,,0.7786429365962186,0.11123470522803124,0.0010000000000000009,
561550,2023-07-20,0.9,0.894,0.902,0.89,314239.0,,1.3333333333333344,-0.6666666666666672,-0.006000000000000005,
561550,2023-07-21,0.894,0.889,0.896,0.887,310092.0,,1.006711409395974,-0.5592841163310966,-0.0050000000000000044,
561550,2023-07-24,0.889,0.886,0.894,0.884,218795.0,,1.124859392575929,-0.3374578177727787,-0.0030000000000000027,
561550,2023-07-25,0.889,0.899,0.9,0.889,318535.0,,1.2415349887133194,1.467268623024832,0.013000000000000012,
561550,2023-07-26,0.899,0.9,0.903,0.897,667996.0,,0.6674082313681874,0.11123470522803124,0.0010000000000000009,
561550,2023-07-27,0.9,0.894,0.903,0.892,221145.0,,1.2222222222222234,-0.6666666666666672,-0.006000000000000005,
561550,2023-07-28,0.894,0.902,0.905,0.889,288535.0,,1.7897091722595095,0.8948545861297548,0.008000000000000007,
561550,2023-07-31,0.903,0.906,0.916,0.903,335290.0,,1.4412416851441254,0.44345898004434625,0.0040000000000000036,
561550,2023-08-01,0.907,0.909,0.912,0.907,306635.0,,0.5518763796909497,0.33112582781456984,0.0030000000000000027,
561550,2023-08-02,0.907,0.906,0.91,0.903,306977.0,,0.7700770077007707,-0.3300330033003303,-0.0030000000000000027,
561550,2023-08-03,0.906,0.911,0.912,0.903,310050.0,,0.9933774834437095,0.5518763796909497,0.0050000000000000044,
561550,2023-08-04,0.916,0.916,0.922,0.912,274940.0,,1.097694840834249,0.5488474204171245,0.0050000000000000044,
561550,2023-08-07,0.916,0.908,0.916,0.904,320420.0,,1.3100436681222718,-0.873362445414848,-0.008000000000000007,
561550,2023-08-08,0.908,0.904,0.908,0.9,340077.0,,0.8810572687224677,-0.44052863436123385,-0.0040000000000000036,
561550,2023-08-09,0.903,0.899,0.904,0.897,286094.0,,0.7743362831858414,-0.5530973451327439,-0.0050000000000000044,
561550,2023-08-10,0.898,0.901,0.903,0.897,274717.0,,0.6674082313681874,0.22246941045606247,0.0020000000000000018,
561550,2023-08-11,0.902,0.887,0.902,0.886,315302.0,,1.7758046614872378,-1.5538290788013331,-0.014000000000000012,
561550,2023-08-14,0.887,0.888,0.888,0.875,285582.0,,1.4656144306651648,0.11273957158962807,0.0010000000000000009,
561550,2023-08-15,0.887,0.887,0.888,0.878,618959.0,,1.126126126126127,-0.11261261261261273,-0.0010000000000000009,
561550,2023-08-16,0.887,0.88,0.887,0.877,326782.0,,1.1273957158962806,-0.7891770011273964,-0.007000000000000006,
561550,2023-08-17,0.877,0.883,0.884,0.87,275647.0,,1.5909090909090924,0.3409090909090912,0.0030000000000000027,
561550,2023-08-18,0.883,0.871,0.885,0.87,271393.0,,1.6987542468856187,-1.359003397508495,-0.01200000000000001,
561550,2023-08-21,0.871,0.86,0.874,0.858,332309.0,,1.8369690011481075,-1.2629161882893238,-0.01100000000000001,
561550,2023-08-22,0.86,0.862,0.865,0.85,286855.0,,1.7441860465116297,0.23255813953488394,0.0020000000000000018,
561550,2023-08-23,0.861,0.848,0.861,0.847,315454.0,,1.624129930394433,-1.624129930394433,-0.014000000000000012,
561550,2023-08-24,0.85,0.853,0.859,0.847,303431.0,,1.4150943396226427,0.5896226415094346,0.0050000000000000044,
561550,2023-08-25,0.853,0.846,0.854,0.841,260452.0,,1.524032825322393,-0.8206330597889808,-0.007000000000000006,
561550,2023-08-28,0.895,0.855,0.9,0.854,332971.0,,5.437352245862889,1.0638297872340436,0.009000000000000008,
561550,2023-08-29,0.855,0.874,0.876,0.852,253135.0,,2.8070175438596516,2.2222222222222245,0.019000000000000017,
561550,2023-08-30,0.877,0.878,0.882,0.873,280027.0,,1.0297482837528613,0.4576659038901606,0.0040000000000000036,
561550,2023-08-31,0.878,0.873,0.879,0.871,306227.0,,0.9111617312072902,-0.5694760820045562,-0.0050000000000000044,
561550,2023-09-01,0.874,0.874,0.878,0.872,504434.0,,0.6872852233676982,0.11454753722794969,0.0010000000000000009,
561550,2023-09-04,0.88,0.887,0.889,0.877,209775.0,,1.372997711670482,1.4874141876430218,0.013000000000000012,
561550,2023-09-05,0.887,0.884,0.887,0.881,210335.0,,0.6764374295377683,-0.33821871476888415,-0.0030000000000000027,
561550,2023-09-06,0.88,0.883,0.884,0.876,215750.0,,0.9049773755656116,-0.11312217194570146,-0.0010000000000000009,
561550,2023-09-07,0.883,0.87,0.883,0.869,213155.0,,1.5855039637599107,-1.472253680634203,-0.013000000000000012,
561550,2023-09-08,0.87,0.871,0.873,0.866,294431.0,,0.804597701149426,0.1149425287356323,0.0010000000000000009,
561550,2023-09-11,0.874,0.88,0.882,0.869,275341.0,,1.4925373134328372,1.0332950631458104,0.009000000000000008,
561550,2023-09-12,0.881,0.878,0.881,0.877,231531.0,,0.454545454545455,-0.2272727272727275,-0.0020000000000000018,
561550,2023-09-13,0.878,0.87,0.878,0.866,278910.0,,1.3667425968109352,-0.9111617312072902,-0.008000000000000007,
561550,2023-09-14,0.867,0.872,0.872,0.866,245731.0,,0.6896551724137937,0.2298850574712646,0.0020000000000000018,
561550,2023-09-15,0.872,0.87,0.876,0.868,483091.0,,0.9174311926605512,-0.2293577981651378,-0.0020000000000000018,
561550,2023-09-18,0.87,0.873,0.875,0.865,229737.0,,1.1494252873563229,0.34482758620689685,0.0030000000000000027,
561550,2023-09-19,0.873,0.871,0.873,0.867,246331.0,,0.6872852233676982,-0.22909507445589938,-0.0020000000000000018,
561550,2023-09-20,0.871,0.864,0.871,0.863,228532.0,,0.9184845005740537,-0.8036739380022969,-0.007000000000000006,
561550,2023-09-21,0.864,0.861,0.865,0.858,301283.0,,0.8101851851851858,-0.34722222222222254,-0.0030000000000000027,
561550,2023-09-22,0.858,0.871,0.873,0.857,299915.0,,1.8583042973286894,1.1614401858304308,0.010000000000000009,
561550,2023-09-25,0.871,0.867,0.871,0.864,273578.0,,0.8036739380022969,-0.45924225028702687,-0.0040000000000000036,
561550,2023-09-26,0.866,0.864,0.868,0.863,249470.0,,0.5767012687427918,-0.34602076124567505,-0.0030000000000000027,
561550,2023-09-27,0.865,0.868,0.871,0.864,255819.0,,0.8101851851851858,0.46296296296296335,0.0040000000000000036,
561550,2023-09-28,0.872,0.872,0.874,0.87,292385.0,,0.46082949308755805,0.46082949308755805,0.0040000000000000036,
561550,2023-10-09,0.871,0.869,0.871,0.864,267705.0,,0.8027522935779824,-0.34403669724770675,-0.0030000000000000027,
561550,2023-10-10,0.869,0.863,0.872,0.861,256983.0,,1.2658227848101278,-0.6904487917146152,-0.006000000000000005,
561550,2023-10-11,0.864,0.862,0.867,0.86,324179.0,,0.8111239860950182,-0.11587485515643116,-0.0010000000000000009,
561550,2023-10-12,0.864,0.868,0.868,0.863,256745.0,,0.5800464037122974,0.6960556844547571,0.006000000000000005,
561550,2023-10-13,0.866,0.86,0.866,0.859,298290.0,,0.8064516129032264,-0.9216589861751161,-0.008000000000000007,
561550,2023-10-16,0.858,0.854,0.863,0.85,286418.0,,1.5116279069767455,-0.6976744186046517,-0.006000000000000005,
561550,2023-10-17,0.852,0.856,0.856,0.85,334488.0,,0.7025761124121785,0.2341920374707262,0.0020000000000000018,
561550,2023-10-18,0.856,0.846,0.856,0.844,307447.0,,1.401869158878506,-1.1682242990654215,-0.010000000000000009,
561550,2023-10-19,0.846,0.836,0.846,0.835,263620.0,,1.3002364066193866,-1.182033096926715,-0.010000000000000009,
561550,2023-10-20,0.835,0.829,0.837,0.827,681666.0,,1.1961722488038289,-0.8373205741626801,-0.007000000000000006,
561550,2023-10-23,0.83,0.812,0.83,0.806,423989.0,,2.8950542822677816,-2.050663449939675,-0.016999999999999904,
561550,2023-10-24,0.817,0.816,0.818,0.808,369297.0,,1.2315270935960465,0.4926108374384104,0.0039999999999998925,
561550,2023-10-25,0.82,0.823,0.829,0.82,261580.0,,1.1029411764705894,0.8578431372549027,0.007000000000000006,
561550,2023-10-26,0.821,0.827,0.827,0.816,362140.0,,1.336573511543136,0.48602673147023134,0.0040000000000000036,
561550,2023-10-27,0.827,0.842,0.845,0.824,312267.0,,2.5392986698911755,1.8137847642079823,0.015000000000000013,
561550,2023-10-30,0.842,0.847,0.85,0.84,289158.0,,1.1876484560570084,0.5938242280285042,0.0050000000000000044,
561550,2023-10-31,0.847,0.845,0.848,0.841,282863.0,,0.8264462809917362,-0.2361275088547818,-0.0020000000000000018,
561550,2023-11-01,0.844,0.843,0.846,0.839,229770.0,,0.828402366863906,-0.2366863905325446,-0.0020000000000000018,
561550,2023-11-02,0.845,0.837,0.847,0.835,238122.0,,1.4234875444839872,-0.7117437722419936,-0.006000000000000005,
561550,2023-11-03,0.835,0.84,0.845,0.835,252521.0,,1.1947431302270024,0.3584229390681007,0.0030000000000000027,
561550,2023-11-06,0.844,0.853,0.854,0.844,233620.0,,1.1904761904761916,1.547619047619049,0.013000000000000012,
561550,2023-11-07,0.849,0.851,0.855,0.847,320138.0,,0.9378663540445494,-0.23446658851113736,-0.0020000000000000018,
561550,2023-11-08,0.851,0.849,0.854,0.844,367965.0,,1.1750881316098718,-0.23501762632197437,-0.0020000000000000018,
561550,2023-11-09,0.851,0.848,0.854,0.845,297251.0,,1.0600706713780927,-0.11778563015312142,-0.0010000000000000009,
561550,2023-11-10,0.848,0.845,0.848,0.841,254587.0,,0.8254716981132082,-0.3537735849056607,-0.0030000000000000027,
561550,2023-11-13,0.848,0.849,0.85,0.843,243929.0,,0.828402366863906,0.4733727810650892,0.0040000000000000036,
561550,2023-11-14,0.849,0.851,0.854,0.849,237760.0,,0.5889281507656071,0.23557126030624284,0.0020000000000000018,
561550,2023-11-15,0.855,0.859,0.861,0.855,330836.0,,0.7050528789659231,0.9400705052878975,0.008000000000000007,
561550,2023-11-16,0.859,0.851,0.859,0.849,272514.0,,1.1641443538998848,-0.9313154831199077,-0.008000000000000007,
561550,2023-11-17,0.849,0.854,0.854,0.848,296600.0,,0.7050528789659231,0.35252643948296153,0.0030000000000000027,
561550,2023-11-20,0.856,0.856,0.86,0.85,303962.0,,1.170960187353631,0.2341920374707262,0.0020000000000000018,
561550,2023-11-21,0.856,0.855,0.862,0.854,264242.0,,0.9345794392523372,-0.11682242990654215,-0.0010000000000000009,
561550,2023-11-22,0.853,0.845,0.855,0.843,272046.0,,1.4035087719298258,-1.1695906432748548,-0.010000000000000009,
561550,2023-11-23,0.845,0.853,0.855,0.841,323064.0,,1.656804733727812,0.9467455621301784,0.008000000000000007,
561550,2023-11-24,0.853,0.847,0.853,0.845,345138.0,,0.9378663540445494,-0.7033997655334121,-0.006000000000000005,
561550,2023-11-27,0.845,0.848,0.849,0.842,320865.0,,0.8264462809917362,0.1180637544273909,0.0010000000000000009,
561550,2023-11-28,0.848,0.852,0.852,0.843,291920.0,,1.061320754716982,0.47169811320754756,0.0040000000000000036,
561550,2023-11-29,0.852,0.848,0.852,0.846,290848.0,,0.7042253521126767,-0.4694835680751178,-0.0040000000000000036,
561550,2023-11-30,0.848,0.845,0.848,0.839,305662.0,,1.061320754716982,-0.3537735849056607,-0.0030000000000000027,
561550,2023-12-01,0.843,0.847,0.848,0.839,331095.0,,1.0650887573964507,0.2366863905325446,0.0020000000000000018,
561550,2023-12-04,0.847,0.846,0.848,0.843,303032.0,,0.5903187721369545,-0.1180637544273909,-0.0010000000000000009,
561550,2023-12-05,0.844,0.83,0.844,0.829,302024.0,,1.7730496453900724,-1.891252955082744,-0.016000000000000014,
561550,2023-12-06,0.83,0.834,0.838,0.827,256132.0,,1.3253012048192783,0.481927710843374,0.0040000000000000036,
561550,2023-12-07,0.833,0.834,0.836,0.827,315823.0,,1.0791366906474829,0.0,0.0,
561550,2023-12-08,0.834,0.833,0.837,0.832,261001.0,,0.599520383693046,-0.11990407673860923,-0.0010000000000000009,
561550,2023-12-11,0.833,0.842,0.844,0.821,320078.0,,2.761104441776713,1.0804321728691486,0.009000000000000008,
561550,2023-12-12,0.842,0.846,0.846,0.84,244910.0,,0.7125890736342049,0.4750593824228033,0.0040000000000000036,
561550,2023-12-13,0.843,0.838,0.844,0.836,272139.0,,0.945626477541372,-0.945626477541372,-0.008000000000000007,
561550,2023-12-14,0.837,0.837,0.845,0.834,306195.0,,1.3126491646778056,-0.11933174224343687,-0.0010000000000000009,
561550,2023-12-15,0.835,0.833,0.841,0.83,252481.0,,1.3142174432497025,-0.47789725209080086,-0.0040000000000000036,
561550,2023-12-18,0.833,0.821,0.833,0.82,309993.0,,1.5606242496998814,-1.4405762304921983,-0.01200000000000001,
561550,2023-12-19,0.821,0.822,0.825,0.816,305414.0,,1.0962241169305735,0.12180267965895263,0.0010000000000000009,
561550,2023-12-20,0.823,0.815,0.823,0.814,270366.0,,1.0948905109489062,-0.8515815085158159,-0.007000000000000006,
561550,2023-12-21,0.815,0.815,0.819,0.805,347731.0,,1.7177914110429329,0.0,0.0,
561550,2023-12-22,0.815,0.816,0.822,0.81,286106.0,,1.4723926380367978,0.1226993865030676,0.0010000000000000009,
561550,2023-12-25,0.812,0.814,0.817,0.81,280829.0,,0.8578431372548891,-0.2450980392156865,-0.0020000000000000018,
561550,2023-12-26,0.813,0.81,0.813,0.806,282241.0,,0.8599508599508471,-0.4914004914004782,-0.0039999999999998925,
561550,2023-12-27,0.81,0.812,0.814,0.805,257745.0,,1.1111111111110983,0.2469135802469138,0.0020000000000000018,
561550,2023-12-28,0.816,0.825,0.83,0.812,349509.0,,2.2167487684728946,1.6009852216748646,0.0129999999999999,
561550,2023-12-29,0.829,0.838,0.838,0.826,419178.0,,1.454545454545456,1.5757575757575772,0.013000000000000012,
561550,2024-01-02,0.838,0.835,0.84,0.834,295538.0,,0.7159904534606212,-0.3579952267303106,-0.0030000000000000027,
561550,2024-01-03,0.834,0.837,0.838,0.829,380407.0,,1.0778443113772467,0.23952095808383256,0.0020000000000000018,
561550,2024-01-04,0.831,0.831,0.833,0.825,210094.0,,0.9557945041816017,-0.7168458781362014,-0.006000000000000005,
561550,2024-01-05,0.829,0.824,0.833,0.819,326981.0,,1.6847172081829138,-0.8423586040914569,-0.007000000000000006,
561550,2024-01-08,0.823,0.809,0.823,0.807,618204.0,,1.9417475728155225,-1.8203883495145512,-0.014999999999999902,
561550,2024-01-09,0.809,0.808,0.814,0.803,371110.0,,1.3597033374536338,-0.12360939431396796,-0.0010000000000000009,
561550,2024-01-10,0.807,0.808,0.815,0.8,281735.0,,1.8564356435643443,0.0,0.0,
561550,2024-01-11,0.808,0.81,0.814,0.803,371203.0,,1.3613861386138488,0.24752475247524774,0.0020000000000000018,
561550,2024-01-12,0.814,0.81,0.818,0.808,355718.0,,1.2345679012345552,0.0,0.0,
561550,2024-01-15,0.808,0.81,0.815,0.805,345678.0,,1.2345679012345552,0.0,0.0,
561550,2024-01-16,0.806,0.812,0.813,0.802,624420.0,,1.358024691358012,0.2469135802469138,0.0020000000000000018,
561550,2024-01-17,0.81,0.801,0.81,0.796,347155.0,,1.7241379310344842,-1.3546798029556661,-0.01100000000000001,
561550,2024-01-18,0.8,0.794,0.8,0.771,447277.0,,3.6204744069912644,-0.87390761548065,-0.007000000000000006,
561550,2024-01-19,0.792,0.789,0.795,0.784,281633.0,,1.385390428211588,-0.6297229219143582,-0.0050000000000000044,
561550,2024-01-22,0.791,0.754,0.791,0.745,369370.0,,5.830164765525987,-4.435994930291512,-0.03500000000000003,
561550,2024-01-23,0.752,0.76,0.764,0.74,346401.0,,3.183023872679048,0.795755968169762,0.006000000000000005,
561550,2024-01-24,0.759,0.772,0.772,0.745,322258.0,,3.5526315789473717,1.578947368421054,0.01200000000000001,
561550,2024-01-25,0.771,0.793,0.795,0.766,379911.0,,3.756476683937827,2.720207253886013,0.02100000000000002,
561550,2024-01-26,0.794,0.787,0.796,0.785,393223.0,,1.3871374527112244,-0.7566204287515769,-0.006000000000000005,
561550,2024-01-29,0.786,0.777,0.794,0.776,386686.0,,2.287166454891997,-1.2706480304955536,-0.010000000000000009,
561550,2024-01-30,0.777,0.76,0.777,0.756,339608.0,,2.702702702702705,-2.18790218790219,-0.017000000000000015,
561550,2024-01-31,0.762,0.75,0.764,0.743,512910.0,,2.7631578947368443,-1.3157894736842117,-0.010000000000000009,
561550,2024-02-01,0.75,0.745,0.756,0.734,362967.0,,2.9333333333333362,-0.6666666666666672,-0.0050000000000000044,
561550,2024-02-02,0.747,0.731,0.752,0.706,442406.0,,6.174496644295307,-1.8791946308724847,-0.014000000000000012,
561550,2024-02-05,0.7,0.706,0.73,0.685,703137.0,,6.155950752393971,-3.4199726402188815,-0.025000000000000022,
561550,2024-02-06,0.705,0.76,0.774,0.7,700925.0,,10.481586402266299,7.648725212464597,0.05400000000000005,
561550,2024-02-07,0.769,0.806,0.81,0.75,678957.0,,7.89473684210527,6.052631578947374,0.04600000000000004,
561550,2024-02-08,0.815,0.805,0.838,0.802,1150545.0,,4.466501240694779,-0.12406947890818869,-0.0010000000000000009,
561550,2024-02-19,0.805,0.809,0.817,0.796,1014048.0,,2.6086956521739015,0.49689440993788864,0.0040000000000000036,
561550,2024-02-20,0.801,0.81,0.814,0.798,507578.0,,1.9777503090234738,0.12360939431396796,0.0010000000000000009,
561550,2024-02-21,0.805,0.812,0.829,0.804,502309.0,,3.0864197530864086,0.2469135802469138,0.0020000000000000018,
561550,2024-02-22,0.806,0.819,0.82,0.806,454124.0,,1.7241379310344707,0.8620689655172283,0.006999999999999895,
561550,2024-02-23,0.82,0.82,0.822,0.81,324116.0,,1.4652014652014531,0.12210012210012221,0.0010000000000000009,
561550,2024-02-26,0.82,0.818,0.828,0.815,439181.0,,1.585365853658538,-0.24390243902439046,-0.0020000000000000018,
561550,2024-02-27,0.816,0.834,0.835,0.814,465279.0,,2.5672371638141835,1.9559902200489014,0.016000000000000014,
561550,2024-02-28,0.835,0.818,0.845,0.817,579185.0,,3.3573141486810587,-1.9184652278177476,-0.016000000000000014,
561550,2024-02-29,0.818,0.839,0.842,0.815,487501.0,,3.300733496332522,2.5672371638141835,0.02100000000000002,
561550,2024-03-01,0.839,0.846,0.849,0.838,654722.0,,1.3110846245530405,0.8343265792610257,0.007000000000000006,
561550,2024-03-04,0.849,0.849,0.852,0.838,650590.0,,1.6548463356974008,0.35460992907801453,0.0030000000000000027,
561550,2024-03-05,0.847,0.844,0.849,0.841,650883.0,,0.9422850412249714,-0.5889281507656071,-0.0050000000000000044,
561550,2024-03-06,0.843,0.845,0.854,0.839,422397.0,,1.777251184834125,0.118483412322275,0.0010000000000000009,
561550,2024-03-07,0.845,0.837,0.853,0.836,354080.0,,2.011834319526629,-0.9467455621301784,-0.008000000000000007,
561550,2024-03-08,0.839,0.85,0.852,0.838,402594.0,,1.6726403823178033,1.5531660692951028,0.013000000000000012,
561550,2024-03-11,0.851,0.86,0.86,0.847,405576.0,,1.5294117647058838,1.176470588235295,0.010000000000000009,
561550,2024-03-12,0.861,0.855,0.862,0.849,468928.0,,1.5116279069767455,-0.5813953488372098,-0.0050000000000000044,
561550,2024-03-13,0.855,0.851,0.857,0.846,293067.0,,1.2865497076023402,-0.46783625730994194,-0.0040000000000000036,
561550,2024-03-14,0.85,0.849,0.857,0.844,333938.0,,1.5276145710928333,-0.23501762632197437,-0.0020000000000000018,
561550,2024-03-15,0.849,0.858,0.859,0.844,294693.0,,1.7667844522968212,1.0600706713780927,0.009000000000000008,
561550,2024-03-18,0.858,0.868,0.869,0.857,264122.0,,1.3986013986013999,1.1655011655011667,0.010000000000000009,
561550,2024-03-19,0.864,0.861,0.869,0.861,264580.0,,0.9216589861751161,-0.8064516129032264,-0.007000000000000006,
561550,2024-03-20,0.86,0.863,0.864,0.858,274337.0,,0.6968641114982584,0.23228803716608618,0.0020000000000000018,
561550,2024-03-21,0.863,0.86,0.866,0.856,322199.0,,1.1587485515643117,-0.34762456546929343,-0.0030000000000000027,
561550,2024-03-22,0.858,0.847,0.859,0.842,453690.0,,1.9767441860465134,-1.5116279069767455,-0.013000000000000012,
561550,2024-03-25,0.844,0.838,0.854,0.836,411337.0,,2.125147579693036,-1.062573789846518,-0.009000000000000008,
561550,2024-03-26,0.838,0.837,0.841,0.83,350002.0,,1.3126491646778056,-0.11933174224343687,-0.0010000000000000009,
561550,2024-03-27,0.837,0.821,0.837,0.82,342709.0,,2.031063321385904,-1.9115890083632034,-0.016000000000000014,
561550,2024-03-28,0.822,0.826,0.838,0.82,463329.0,,2.192448233861147,0.6090133982947631,0.0050000000000000044,
561550,2024-03-29,0.826,0.841,0.841,0.826,356835.0,,1.8159806295399532,1.8159806295399532,0.015000000000000013,
561550,2024-04-01,0.842,0.859,0.86,0.842,362497.0,,2.1403091557669462,2.1403091557669462,0.018000000000000016,
561550,2024-04-02,0.855,0.858,0.858,0.851,324434.0,,0.8149010477299193,-0.11641443538998847,-0.0010000000000000009,
561550,2024-04-03,0.854,0.858,0.859,0.851,256992.0,,0.9324009324009332,0.0,0.0,
561550,2024-04-08,0.857,0.847,0.86,0.846,255571.0,,1.6317016317016333,-1.2820512820512833,-0.01100000000000001,
561550,2024-04-09,0.847,0.852,0.852,0.846,229255.0,,0.7083825265643453,0.5903187721369545,0.0050000000000000044,
561550,2024-04-10,0.852,0.843,0.852,0.838,896745.0,,1.6431924882629123,-1.0563380281690151,-0.009000000000000008,
561550,2024-04-11,0.842,0.849,0.857,0.84,430168.0,,2.0166073546856484,0.7117437722419936,0.006000000000000005,
561550,2024-04-12,0.849,0.851,0.859,0.848,313323.0,,1.2956419316843357,0.23557126030624284,0.0020000000000000018,
561550,2024-04-15,0.852,0.866,0.868,0.844,401922.0,,2.8202115158636922,1.7626321974148078,0.015000000000000013,
561550,2024-04-16,0.861,0.846,0.867,0.843,420919.0,,2.7713625866050835,-2.3094688221709028,-0.020000000000000018,
561550,2024-04-17,0.847,0.865,0.866,0.845,539582.0,,2.4822695035461013,2.2458628841607586,0.019000000000000017,
561550,2024-04-18,0.86,0.869,0.875,0.859,487339.0,,1.849710982658961,0.46242774566474026,0.0040000000000000036,
561550,2024-04-19,0.869,0.865,0.872,0.86,385758.0,,1.3808975834292303,-0.4602991944764101,-0.0040000000000000036,
561550,2024-04-22,0.868,0.857,0.868,0.856,243073.0,,1.387283236994221,-0.9248554913294805,-0.008000000000000007,
561550,2024-04-23,0.857,0.844,0.857,0.841,252226.0,,1.8669778296382746,-1.5169194865810982,-0.013000000000000012,
561550,2024-04-24,0.843,0.851,0.853,0.838,1648596.0,,1.777251184834125,0.829383886255925,0.007000000000000006,
561550,2024-04-25,0.85,0.849,0.856,0.845,1556082.0,,1.292596944770859,-0.23501762632197437,-0.0020000000000000018,
561550,2024-04-26,0.852,0.866,0.867,0.851,305182.0,,1.8845700824499427,2.002355712603064,0.017000000000000015,
561550,2024-04-29,0.864,0.877,0.881,0.864,1646509.0,,1.9630484988452674,1.2702078521939966,0.01100000000000001,
561550,2024-04-30,0.876,0.871,0.878,0.87,340060.0,,0.9122006841505138,-0.6841505131128854,-0.006000000000000005,
561550,2024-05-06,0.882,0.886,0.887,0.879,290022.0,,0.9184845005740537,1.7221584385763506,0.015000000000000013,
561550,2024-05-07,0.885,0.885,0.888,0.882,248067.0,,0.6772009029345378,-0.1128668171557563,-0.0010000000000000009,
561550,2024-05-08,0.885,0.873,0.885,0.872,332411.0,,1.4689265536723177,-1.3559322033898318,-0.01200000000000001,
561550,2024-05-09,0.872,0.888,0.893,0.872,261590.0,,2.4054982817869437,1.7182130584192454,0.015000000000000013,
561550,2024-05-10,0.89,0.891,0.893,0.882,384033.0,,1.2387387387387399,0.3378378378378381,0.0030000000000000027,
561550,2024-05-13,0.889,0.89,0.893,0.879,247258.0,,1.571268237934906,-0.112233445566779,-0.0010000000000000009,
561550,2024-05-14,0.888,0.89,0.897,0.888,277078.0,,1.0112359550561805,0.0,0.0,
561550,2024-05-15,0.89,0.879,0.89,0.878,218638.0,,1.3483146067415743,-1.2359550561797763,-0.01100000000000001,
561550,2024-05-16,0.879,0.877,0.887,0.874,208049.0,,1.4789533560864632,-0.22753128555176358,-0.0020000000000000018,
561550,2024-05-17,0.876,0.89,0.891,0.875,201659.0,,1.8244013683010276,1.4823261117445852,0.013000000000000012,
561550,2024-05-20,0.89,0.895,0.897,0.889,242241.0,,0.8988764044943828,0.5617977528089892,0.0050000000000000044,
561550,2024-05-21,0.895,0.89,0.895,0.887,237576.0,,0.8938547486033528,-0.5586592178770954,-0.0050000000000000044,
561550,2024-05-22,0.889,0.886,0.892,0.885,256519.0,,0.786516853932585,-0.4494382022471914,-0.0040000000000000036,
561550,2024-05-23,0.885,0.873,0.885,0.868,271468.0,,1.9187358916478572,-1.467268623024832,-0.013000000000000012,
561550,2024-05-24,0.873,0.867,0.879,0.865,263026.0,,1.603665521191296,-0.6872852233676982,-0.006000000000000005,
561550,2024-05-27,0.869,0.877,0.878,0.863,219973.0,,1.7301038062283753,1.1534025374855836,0.010000000000000009,
561550,2024-05-28,0.877,0.869,0.877,0.868,211233.0,,1.0262257696693282,-0.9122006841505138,-0.008000000000000007,
561550,2024-05-29,0.868,0.871,0.876,0.867,203054.0,,1.0356731875719227,0.23014959723820505,0.0020000000000000018,
561550,2024-05-30,0.873,0.868,0.875,0.866,192699.0,,1.0332950631458104,-0.3444316877152701,-0.0030000000000000027,
561550,2024-05-31,0.865,0.868,0.874,0.865,246821.0,,1.0368663594470056,0.0,0.0,
561550,2024-06-03,0.868,0.862,0.869,0.856,294311.0,,1.4976958525345636,-0.6912442396313371,-0.006000000000000005,
561550,2024-06-04,0.862,0.875,0.877,0.858,240094.0,,2.2041763341067306,1.5081206496519735,0.013000000000000012,
561550,2024-06-05,0.873,0.862,0.874,0.862,279580.0,,1.3714285714285726,-1.485714285714287,-0.013000000000000012,
561550,2024-06-06,0.863,0.862,0.869,0.856,277290.0,,1.5081206496519735,0.0,0.0,
561550,2024-06-07,0.862,0.857,0.865,0.851,278006.0,,1.624129930394433,-0.5800464037122974,-0.0050000000000000044,
561550,2024-06-11,0.856,0.857,0.857,0.846,267127.0,,1.2835472578763139,0.0,0.0,
561550,2024-06-12,0.854,0.857,0.86,0.852,203935.0,,0.9334889148191373,0.0,0.0,
561550,2024-06-13,0.857,0.853,0.86,0.85,207079.0,,1.1668611435239218,-0.46674445740956866,-0.0040000000000000036,
561550,2024-06-14,0.854,0.861,0.863,0.846,210698.0,,1.9929660023446676,0.9378663540445494,0.008000000000000007,
561550,2024-06-17,0.861,0.86,0.863,0.857,176157.0,,0.6968641114982584,-0.11614401858304309,-0.0010000000000000009,
561550,2024-06-18,0.862,0.864,0.865,0.859,196961.0,,0.6976744186046517,0.4651162790697679,0.0040000000000000036,
561550,2024-06-19,0.864,0.856,0.865,0.855,166805.0,,1.1574074074074083,-0.9259259259259267,-0.008000000000000007,
561550,2024-06-20,0.855,0.848,0.859,0.845,256545.0,,1.6355140186915904,-0.9345794392523372,-0.008000000000000007,
561550,2024-06-21,0.842,0.845,0.851,0.842,252106.0,,1.061320754716982,-0.3537735849056607,-0.0030000000000000027,
561550,2024-06-24,0.84,0.828,0.849,0.827,331758.0,,2.6035502958579904,-2.011834319526629,-0.017000000000000015,
561550,2024-06-25,0.831,0.823,0.833,0.819,273976.0,,1.6908212560386489,-0.6038647342995175,-0.0050000000000000044,
561550,2024-06-26,0.825,0.836,0.84,0.818,240516.0,,2.673147023086272,1.579586877278252,0.013000000000000012,
561550,2024-06-27,0.835,0.82,0.835,0.818,331784.0,,2.033492822966509,-1.913875598086126,-0.016000000000000014,
561550,2024-06-28,0.819,0.825,0.835,0.818,421055.0,,2.073170731707319,0.6097560975609762,0.0050000000000000044,
561550,2024-07-01,0.825,0.838,0.841,0.825,195851.0,,1.9393939393939412,1.5757575757575772,0.013000000000000012,
561550,2024-07-02,0.838,0.829,0.838,0.825,166002.0,,1.5513126491646794,-1.0739856801909318,-0.009000000000000008,
561550,2024-07-03,0.829,0.821,0.829,0.819,243128.0,,1.2062726176115814,-0.9650180940892652,-0.008000000000000007,
561550,2024-07-04,0.822,0.807,0.825,0.806,260709.0,,2.314250913520086,-1.705237515225323,-0.013999999999999901,
561550,2024-07-05,0.803,0.815,0.815,0.801,254836.0,,1.7348203221809047,0.9913258983890825,0.007999999999999896,
561550,2024-07-08,0.814,0.803,0.814,0.799,193799.0,,1.8404907975460003,-1.4723926380367978,-0.0119999999999999,
561550,2024-07-09,0.802,0.816,0.82,0.796,248887.0,,2.988792029887909,1.6189290161892775,0.0129999999999999,
561550,2024-07-10,0.815,0.812,0.819,0.81,180481.0,,1.1029411764705757,-0.4901960784313594,-0.0039999999999998925,
561550,2024-07-11,0.82,0.825,0.826,0.814,324935.0,,1.477832512315272,1.6009852216748646,0.0129999999999999,
561550,2024-07-12,0.821,0.82,0.826,0.818,176726.0,,0.9696969696969706,-0.6060606060606066,-0.0050000000000000044,
561550,2024-07-15,0.819,0.815,0.82,0.814,229042.0,,0.7317073170731715,-0.6097560975609762,-0.0050000000000000044,
561550,2024-07-16,0.815,0.82,0.822,0.814,211364.0,,0.9815950920245408,0.6134969325153381,0.0050000000000000044,
561550,2024-07-17,0.82,0.813,0.82,0.81,213601.0,,1.2195121951219388,-0.8536585365853666,-0.007000000000000006,
561550,2024-07-18,0.809,0.812,0.813,0.799,359200.0,,1.72201722017219,-0.12300123001228658,-0.0009999999999998899,
561550,2024-07-19,0.809,0.81,0.815,0.805,317248.0,,1.2315270935960465,-0.24630541871921205,-0.0020000000000000018,
561550,2024-07-22,0.815,0.805,0.815,0.802,185448.0,,1.6049382716049259,-0.6172839506172845,-0.0050000000000000044,
561550,2024-07-23,0.808,0.783,0.808,0.782,242498.0,,3.229813664596276,-2.7329192546583876,-0.02200000000000002,
561550,2024-07-24,0.783,0.774,0.785,0.772,246124.0,,1.6602809706257997,-1.1494252873563229,-0.009000000000000008,
561550,2024-07-25,0.771,0.773,0.781,0.768,232711.0,,1.6795865633074951,-0.12919896640826883,-0.0010000000000000009,
561550,2024-07-26,0.775,0.783,0.784,0.773,223597.0,,1.423027166882278,1.2936610608020709,0.010000000000000009,
561550,2024-07-29,0.783,0.778,0.783,0.777,339841.0,,0.7662835249042153,-0.638569604086846,-0.0050000000000000044,
561550,2024-07-30,0.778,0.774,0.778,0.768,168133.0,,1.2853470437018006,-0.5141388174807203,-0.0040000000000000036,
561550,2024-07-31,0.774,0.805,0.805,0.772,255877.0,,4.263565891472871,4.005167958656334,0.031000000000000028,
561550,2024-08-01,0.806,0.8,0.811,0.795,201497.0,,1.9875776397515545,-0.6211180124223608,-0.0050000000000000044,
561550,2024-08-02,0.798,0.789,0.801,0.787,174484.0,,1.7500000000000016,-1.3750000000000013,-0.01100000000000001,
561550,2024-08-05,0.786,0.769,0.795,0.769,280146.0,,3.2953105196451236,-2.534854245880864,-0.020000000000000018,
561550,2024-08-06,0.772,0.779,0.783,0.772,230493.0,,1.4304291287386228,1.3003901170351118,0.010000000000000009,
561550,2024-08-07,0.779,0.78,0.785,0.774,235400.0,,1.412066752246471,0.12836970474967918,0.0010000000000000009,
561550,2024-08-08,0.78,0.781,0.787,0.77,229776.0,,2.1794871794871815,0.1282051282051283,0.0010000000000000009,
561550,2024-08-09,0.784,0.776,0.788,0.775,173683.0,,1.6645326504481448,-0.6402048655569789,-0.0050000000000000044,
561550,2024-08-12,0.778,0.775,0.779,0.77,155602.0,,1.1597938144329907,-0.1288659793814434,-0.0010000000000000009,
561550,2024-08-13,0.777,0.779,0.779,0.77,162690.0,,1.1612903225806461,0.516129032258065,0.0040000000000000036,
561550,2024-08-14,0.779,0.768,0.78,0.767,176400.0,,1.6688061617458294,-1.412066752246471,-0.01100000000000001,
561550,2024-08-15,0.77,0.772,0.779,0.764,193797.0,,1.9531250000000018,0.5208333333333338,0.0040000000000000036,
561550,2024-08-16,0.773,0.766,0.773,0.766,179457.0,,0.9067357512953376,-0.7772020725388608,-0.006000000000000005,
561550,2024-08-19,0.766,0.769,0.777,0.766,242188.0,,1.4360313315926905,0.3916449086161883,0.0030000000000000027,
561550,2024-08-20,0.77,0.755,0.77,0.754,254633.0,,2.080624187256179,-1.8205461638491565,-0.014000000000000012,
561550,2024-08-21,0.755,0.752,0.758,0.752,243580.0,,0.7947019867549676,-0.3973509933774838,-0.0030000000000000027,
561550,2024-08-22,0.754,0.747,0.754,0.745,203798.0,,1.1968085106382989,-0.6648936170212773,-0.0050000000000000044,
561550,2024-08-23,0.747,0.746,0.747,0.741,511730.0,,0.8032128514056233,-0.1338688085676039,-0.0010000000000000009,
561550,2024-08-26,0.745,0.744,0.747,0.742,416493.0,,0.6702412868632714,-0.26809651474530855,-0.0020000000000000018,
561550,2024-08-27,0.744,0.739,0.744,0.738,394515.0,,0.8064516129032264,-0.6720430107526888,-0.0050000000000000044,
561550,2024-08-28,0.741,0.739,0.743,0.737,453922.0,,0.811907983761841,0.0,0.0,
561550,2024-08-29,0.739,0.748,0.751,0.734,135033.0,,2.300405953991883,1.2178619756427618,0.009000000000000008,
561550,2024-08-30,0.748,0.761,0.772,0.747,167547.0,,3.342245989304816,1.737967914438504,0.013000000000000012,
561550,2024-09-02,0.757,0.746,0.759,0.744,101459.0,,1.9710906701708295,-1.9710906701708295,-0.015000000000000013,
561550,2024-09-03,0.746,0.751,0.754,0.746,104257.0,,1.0723860589812342,0.6702412868632714,0.0050000000000000044,
561550,2024-09-04,0.75,0.749,0.755,0.743,203419.0,,1.59786950732357,-0.26631158455392834,-0.0020000000000000018,
561550,2024-09-05,0.751,0.751,0.756,0.749,126189.0,,0.9345794392523372,0.26702269692923924,0.0020000000000000018,
561550,2024-09-06,0.753,0.743,0.753,0.741,141260.0,,1.59786950732357,-1.0652463382157134,-0.008000000000000007,
561550,2024-09-09,0.741,0.735,0.741,0.731,258044.0,,1.3458950201884265,-1.0767160161507412,-0.008000000000000007,
561550,2024-09-10,0.736,0.733,0.738,0.723,199368.0,,2.040816326530614,-0.2721088435374152,-0.0020000000000000018,
561550,2024-09-11,0.73,0.737,0.738,0.73,249194.0,,1.091405184174626,0.545702592087313,0.0040000000000000036,
561550,2024-09-12,0.735,0.733,0.744,0.733,280375.0,,1.4925373134328372,-0.5427408412483045,-0.0040000000000000036,
561550,2024-09-13,0.734,0.727,0.737,0.727,205016.0,,1.3642564802182824,-0.8185538881309694,-0.006000000000000005,
561550,2024-09-18,0.727,0.731,0.732,0.72,176906.0,,1.650618982118296,0.5502063273727653,0.0040000000000000036,
561550,2024-09-19,0.731,0.739,0.745,0.725,314050.0,,2.735978112175105,1.0943912448700421,0.008000000000000007,
561550,2024-09-20,0.739,0.734,0.739,0.731,203660.0,,1.0825439783491213,-0.6765899864682009,-0.0050000000000000044,
561550,2024-09-23,0.734,0.734,0.743,0.73,182511.0,,1.7711171662125356,0.0,0.0,
561550,2024-09-24,0.736,0.766,0.766,0.735,402227.0,,4.223433242506816,4.359673024523165,0.03200000000000003,
561550,2024-09-25,0.771,0.771,0.79,0.771,268397.0,,2.4804177545691926,0.6527415143603139,0.0050000000000000044,
561550,2024-09-26,0.773,0.804,0.805,0.769,466821.0,,4.669260700389109,4.28015564202335,0.03300000000000003,
561550,2024-09-27,0.814,0.856,0.866,0.814,264796.0,,6.467661691542294,6.46766169154228,0.051999999999999935,
561550,2024-09-30,0.879,0.941,0.942,0.872,546973.0,,8.177570093457938,9.92990654205607,0.08499999999999996,
561550,2024-10-08,1.035,1.021,1.035,0.966,673702.0,,7.332624867162588,8.501594048884161,0.07999999999999996,
561550,2024-10-09,0.99,0.919,0.99,0.919,440650.0,,6.953966699314394,-9.990205680705179,-0.10199999999999987,
561550,2024-10-10,0.919,0.915,0.944,0.898,346134.0,,5.005440696409132,-0.43525571273123,-0.0040000000000000036,
561550,2024-10-11,0.924,0.878,0.924,0.875,263178.0,,5.355191256830605,-4.043715846994539,-0.03700000000000003,
561550,2024-10-14,0.881,0.908,0.91,0.876,214449.0,,3.872437357630983,3.4168564920273377,0.030000000000000027,
561550,2024-10-15,0.905,0.885,0.916,0.885,145240.0,,3.4140969162995622,-2.5330396475770947,-0.02300000000000002,
561550,2024-10-16,0.866,0.882,0.896,0.866,221051.0,,3.3898305084745792,-0.33898305084745795,-0.0030000000000000027,
561550,2024-10-17,0.883,0.875,0.895,0.873,225789.0,,2.4943310657596394,-0.7936507936507943,-0.007000000000000006,
561550,2024-10-18,0.875,0.909,0.932,0.872,346531.0,,6.857142857142863,3.885714285714289,0.03400000000000003,
561550,2024-10-21,0.909,0.915,0.937,0.904,673662.0,,3.6303630363036334,0.6600660066006606,0.006000000000000005,
561550,2024-10-22,0.915,0.921,0.925,0.91,197207.0,,1.6393442622950833,0.6557377049180333,0.006000000000000005,
561550,2024-10-23,0.921,0.92,0.933,0.915,204640.0,,1.9543973941368094,-0.10857763300760052,-0.0010000000000000009,
561550,2024-10-24,0.914,0.912,0.918,0.909,236816.0,,0.9782608695652182,-0.8695652173913051,-0.008000000000000007,
561550,2024-10-25,0.912,0.924,0.93,0.912,253409.0,,1.9736842105263175,1.3157894736842117,0.01200000000000001,
561550,2024-10-28,0.927,0.932,0.932,0.918,286945.0,,1.5151515151515165,0.8658008658008665,0.008000000000000007,
561550,2024-10-29,0.932,0.923,0.937,0.918,268789.0,,2.0386266094420615,-0.9656652360515029,-0.009000000000000008,
561550,2024-10-30,0.917,0.919,0.926,0.907,293003.0,,2.0585048754062854,-0.43336944745395484,-0.0040000000000000036,
561550,2024-10-31,0.919,0.918,0.925,0.907,279068.0,,1.9586507072905348,-0.1088139281828075,-0.0010000000000000009,
561550,2024-11-01,0.916,0.908,0.922,0.904,303849.0,,1.960784313725492,-1.0893246187363843,-0.010000000000000009,
561550,2024-11-04,0.912,0.922,0.923,0.909,287565.0,,1.5418502202643185,1.5418502202643185,0.014000000000000012,
561550,2024-11-05,0.922,0.948,0.949,0.919,887766.0,,3.253796095444676,2.819956616052051,0.025999999999999912,
561550,2024-11-06,0.956,0.946,0.96,0.94,326639.0,,2.1097046413502127,-0.2109704641350213,-0.0020000000000000018,
561550,2024-11-07,0.941,0.966,0.966,0.935,1433249.0,,3.2769556025369893,2.1141649048625815,0.020000000000000018,
561550,2024-11-08,0.971,0.962,0.981,0.956,921860.0,,2.5879917184265033,-0.4140786749482405,-0.0040000000000000036,
561550,2024-11-11,0.95,0.971,0.972,0.947,298303.0,,2.598752598752601,0.9355509355509365,0.009000000000000008,
561550,2024-11-12,0.976,0.96,0.979,0.949,2750714.0,,3.089598352214215,-1.1328527291452122,-0.01100000000000001,
561550,2024-11-13,0.959,0.962,0.963,0.945,228079.0,,1.8750000000000018,0.20833333333333354,0.0020000000000000018,
561550,2024-11-14,0.961,0.942,0.961,0.936,229027.0,,2.5987525987525895,-2.079002079002081,-0.020000000000000018,
561550,2024-11-15,0.933,0.92,0.942,0.917,231348.0,,2.6539278131634725,-2.3354564755838547,-0.02199999999999991,
561550,2024-11-18,0.92,0.906,0.927,0.901,191825.0,,2.8260869565217415,-1.5217391304347838,-0.014000000000000012,
561550,2024-11-19,0.907,0.919,0.921,0.9,209032.0,,2.317880794701989,1.4348785871964693,0.013000000000000012,
561550,2024-11-20,0.919,0.926,0.93,0.916,153013.0,,1.5233949945593048,0.7616974972796524,0.007000000000000006,
561550,2024-11-21,0.927,0.924,0.928,0.917,158187.0,,1.1879049676025928,-0.2159827213822896,-0.0020000000000000018,
561550,2024-11-22,0.921,0.891,0.924,0.889,223906.0,,3.7878787878787907,-3.5714285714285747,-0.03300000000000003,
561550,2024-11-25,0.889,0.889,0.896,0.88,164369.0,,1.795735129068464,-0.224466891133558,-0.0020000000000000018,
561550,2024-11-26,0.889,0.884,0.896,0.884,185241.0,,1.349831271091115,-0.5624296962879645,-0.0050000000000000044,
561550,2024-11-27,0.884,0.903,0.903,0.872,208059.0,,3.5067873303167447,2.1493212669683275,0.019000000000000017,
561550,2024-11-28,0.901,0.892,0.904,0.891,178442.0,,1.4396456256921386,-1.2181616832779634,-0.01100000000000001,
561550,2024-11-29,0.894,0.908,0.917,0.891,273138.0,,2.9147982062780295,1.793721973094172,0.016000000000000014,
561550,2024-12-02,0.905,0.919,0.922,0.905,342126.0,,1.872246696035244,1.2114537444933933,0.01100000000000001,
561550,2024-12-03,0.918,0.917,0.92,0.91,265627.0,,1.0881392818280748,-0.217627856365615,-0.0020000000000000018,
561550,2024-12-04,0.917,0.906,0.917,0.903,238827.0,,1.5267175572519098,-1.1995637949836433,-0.01100000000000001,
561550,2024-12-05,0.906,0.909,0.913,0.903,272022.0,,1.1037527593818994,0.33112582781456984,0.0030000000000000027,
561550,2024-12-06,0.913,0.924,0.927,0.906,263854.0,,2.310231023102312,1.6501650165016517,0.015000000000000013,
561550,2024-12-09,0.924,0.918,0.927,0.912,317047.0,,1.6233766233766247,-0.6493506493506499,-0.006000000000000005,
561550,2024-12-10,0.942,0.928,0.95,0.923,316547.0,,2.9411764705882257,1.0893246187363843,0.010000000000000009,
561550,2024-12-11,0.927,0.934,0.935,0.923,288562.0,,1.293103448275863,0.6465517241379315,0.006000000000000005,
561550,2024-12-12,0.934,0.942,0.945,0.933,215459.0,,1.2847965738757923,0.8565310492505241,0.007999999999999896,
561550,2024-12-13,0.942,0.93,0.942,0.926,249381.0,,1.6985138004246183,-1.2738853503184608,-0.0119999999999999,
561550,2024-12-16,0.93,0.919,0.93,0.913,271093.0,,1.8279569892473133,-1.1827956989247321,-0.01100000000000001,
561550,2024-12-17,0.918,0.913,0.922,0.909,270020.0,,1.4145810663764973,-0.652883569096845,-0.006000000000000005,
561550,2024-12-18,0.913,0.914,0.92,0.91,274632.0,,1.0952902519167589,0.10952902519167587,0.0010000000000000009,
561550,2024-12-19,0.914,0.917,0.919,0.905,254956.0,,1.5317286652078788,0.32822757111597406,0.0030000000000000027,
561550,2024-12-20,0.913,0.919,0.926,0.913,225437.0,,1.4176663031624877,0.21810250817884425,0.0020000000000000018,
561550,2024-12-23,0.92,0.908,0.923,0.907,330057.0,,1.74102285092492,-1.1969532100108824,-0.01100000000000001,
561550,2024-12-24,0.909,0.921,0.922,0.909,331600.0,,1.43171806167401,1.43171806167401,0.013000000000000012,
561550,2024-12-25,0.921,0.915,0.921,0.906,422266.0,,1.628664495114008,-0.6514657980456031,-0.006000000000000005,
561550,2024-12-26,0.914,0.919,0.921,0.913,177541.0,,0.8743169398907111,0.43715846994535557,0.0040000000000000036,
561550,2024-12-27,0.92,0.92,0.931,0.918,248145.0,,1.4145810663764973,0.1088139281828075,0.0010000000000000009,
561550,2024-12-30,0.92,0.924,0.928,0.917,255305.0,,1.1956521739130446,0.43478260869565255,0.0040000000000000036,
561550,2024-12-31,0.92,0.904,0.925,0.9,241915.0,,2.705627705627708,-2.1645021645021667,-0.020000000000000018,
561550,2025-01-02,0.896,0.876,0.901,0.868,331880.0,,3.6504424778761093,-3.0973451327433654,-0.028000000000000025,
561550,2025-01-03,0.874,0.865,0.886,0.862,283278.0,,2.7397260273972623,-1.2557077625570787,-0.01100000000000001,
561550,2025-01-06,0.869,0.866,0.875,0.859,318861.0,,1.849710982658961,0.11560693641618507,0.0010000000000000009,
561550,2025-01-07,0.865,0.873,0.873,0.862,218997.0,,1.2702078521939966,0.808314087759816,0.007000000000000006,
561550,2025-01-08,0.871,0.874,0.88,0.852,258628.0,,3.207331042382592,0.11454753722794969,0.0010000000000000009,
561550,2025-01-09,0.87,0.874,0.878,0.869,191302.0,,1.0297482837528613,0.0,0.0,
561550,2025-01-10,0.873,0.861,0.877,0.858,240689.0,,2.173913043478263,-1.4874141876430218,-0.013000000000000012,
561550,2025-01-13,0.848,0.858,0.866,0.848,233447.0,,2.0905923344947754,-0.3484320557491292,-0.0030000000000000027,
561550,2025-01-14,0.86,0.887,0.889,0.857,271321.0,,3.729603729603733,3.379953379953383,0.029000000000000026,
561550,2025-01-15,0.887,0.879,0.887,0.878,198959.0,,1.0146561443066524,-0.9019165727170245,-0.008000000000000007,
561550,2025-01-16,0.882,0.883,0.896,0.876,214148.0,,2.275312855517636,0.45506257110352716,0.0040000000000000036,
561550,2025-01-17,0.877,0.895,0.9,0.877,243403.0,,2.604756511891282,1.359003397508495,0.01200000000000001,
561550,2025-01-20,0.898,0.898,0.907,0.894,262108.0,,1.4525139664804483,0.3351955307262573,0.0030000000000000027,
561550,2025-01-21,0.899,0.904,0.904,0.891,292966.0,,1.447661469933186,0.6681514476614705,0.006000000000000005,
561550,2025-01-22,0.901,0.898,0.901,0.89,361988.0,,1.2168141592920365,-0.6637168141592926,-0.006000000000000005,
561550,2025-01-23,0.904,0.897,0.916,0.896,306532.0,,2.227171492204902,-0.11135857461024509,-0.0010000000000000009,
561550,2025-01-24,0.896,0.907,0.909,0.895,231976.0,,1.5607580824972143,1.1148272017837244,0.010000000000000009,
561550,2025-01-27,0.908,0.902,0.91,0.902,255837.0,,0.8820286659316435,-0.5512679162072772,-0.0050000000000000044,
561550,2025-02-05,0.914,0.902,0.914,0.899,217064.0,,1.6629711751662988,0.0,0.0,
561550,2025-02-06,0.903,0.922,0.923,0.898,224722.0,,2.7716186252771644,2.2172949002217313,0.020000000000000018,
561550,2025-02-07,0.922,0.934,0.943,0.917,275347.0,,2.819956616052051,1.3015184381778753,0.01200000000000001,
561550,2025-02-10,0.934,0.938,0.939,0.93,244583.0,,0.9635974304068411,0.42826552462525613,0.0039999999999998925,
561550,2025-02-11,0.937,0.933,0.939,0.929,305195.0,,1.0660980810234433,-0.5330490405117158,-0.004999999999999893,
561550,2025-02-12,0.933,0.943,0.943,0.928,265923.0,,1.6077170418006326,1.0718113612004179,0.009999999999999898,
561550,2025-02-13,0.941,0.934,0.941,0.932,242738.0,,0.9544008483562988,-0.9544008483562988,-0.008999999999999897,
561550,2025-02-14,0.93,0.939,0.94,0.93,254568.0,,1.0706638115631582,0.5353319057815731,0.004999999999999893,
561550,2025-02-17,0.94,0.938,0.943,0.931,235512.0,,1.2779552715654845,-0.10649627263045804,-0.0010000000000000009,
561550,2025-02-18,0.94,0.924,0.941,0.921,269955.0,,2.1321961620468985,-1.4925373134328255,-0.013999999999999901,
561550,2025-02-19,0.924,0.939,0.941,0.924,228528.0,,1.8398268398268292,1.623376623376613,0.014999999999999902,
561550,2025-02-20,0.939,0.942,0.945,0.936,219840.0,,0.9584664536741104,0.31948881789137407,0.0030000000000000027,
561550,2025-02-21,0.942,0.957,0.959,0.94,290486.0,,2.016985138004248,1.5923566878980906,0.015000000000000013,
561550,2025-02-24,0.956,0.951,0.957,0.946,812911.0,,1.1494252873563229,-0.6269592476489034,-0.006000000000000005,
561550,2025-02-25,0.945,0.945,0.953,0.94,268242.0,,1.3669821240799171,-0.6309148264984233,-0.006000000000000005,
561550,2025-02-26,0.945,0.956,0.962,0.945,209305.0,,1.7989417989418006,1.164021164021165,0.01100000000000001,
561550,2025-02-27,0.956,0.956,0.96,0.941,157951.0,,1.9874476987447716,0.0,0.0,
561550,2025-02-28,0.956,0.932,0.956,0.928,221945.0,,2.9288702928870203,-2.5104602510460157,-0.02399999999999991,
561550,2025-03-03,0.933,0.94,0.954,0.932,217947.0,,2.3605150214592174,0.858369098712435,0.007999999999999896,
561550,2025-03-04,0.934,0.946,0.949,0.932,211654.0,,1.8085106382978622,0.6382978723404261,0.006000000000000005,
561550,2025-03-05,0.946,0.95,0.952,0.942,391126.0,,1.0570824524312907,0.4228329809725162,0.0040000000000000036,
561550,2025-03-06,0.954,0.963,0.97,0.954,278598.0,,1.6842105263157912,1.3684210526315803,0.013000000000000012,
561550,2025-03-07,0.963,0.964,0.97,0.958,238676.0,,1.2461059190031165,0.10384215991692637,0.0010000000000000009,
561550,2025-03-10,0.963,0.962,0.965,0.953,201685.0,,1.2448132780082999,-0.20746887966804997,-0.0020000000000000018,
561550,2025-03-11,0.952,0.961,0.963,0.95,191684.0,,1.3513513513513526,-0.10395010395010404,-0.0010000000000000009,
561550,2025-03-12,0.963,0.962,0.971,0.961,218052.0,,1.0405827263267438,0.10405827263267439,0.0010000000000000009,
561550,2025-03-13,0.961,0.957,0.965,0.949,226065.0,,1.6632016632016646,-0.5197505197505202,-0.0050000000000000044,
561550,2025-03-14,0.96,0.974,0.976,0.954,294496.0,,2.2988505747126458,1.776384535005226,0.017000000000000015,
561550,2025-03-17,0.975,0.975,0.977,0.972,225951.0,,0.5133470225872695,0.10266940451745389,0.0010000000000000009,
561550,2025-03-18,0.975,0.98,0.986,0.975,204721.0,,1.128205128205129,0.5128205128205132,0.0050000000000000044,
561550,2025-03-19,0.978,0.977,0.981,0.97,226310.0,,1.1224489795918378,-0.3061224489795921,-0.0030000000000000027,
561550,2025-03-20,0.976,0.974,0.982,0.972,216048.0,,1.0235414534288647,-0.30706243602865946,-0.0030000000000000027,
561550,2025-03-21,0.974,0.959,1.0,0.955,307830.0,,4.6201232032854245,-1.5400410677618084,-0.015000000000000013,
561550,2025-03-24,0.954,0.96,0.966,0.949,193331.0,,1.7726798748696575,0.10427528675703868,0.0010000000000000009,
561550,2025-03-25,0.96,0.959,0.968,0.955,171642.0,,1.3541666666666679,-0.10416666666666677,-0.0010000000000000009,
561550,2025-03-26,0.959,0.958,0.964,0.957,169129.0,,0.7299270072992707,-0.10427528675703868,-0.0010000000000000009,
561550,2025-03-27,0.956,0.962,0.971,0.95,185866.0,,2.1920668058455135,0.4175365344467645,0.0040000000000000036,
561550,2025-03-28,0.964,0.957,0.966,0.954,205873.0,,1.2474012474012486,-0.5197505197505202,-0.0050000000000000044,
561550,2025-03-31,0.955,0.951,0.958,0.939,223505.0,,1.985370950888194,-0.6269592476489034,-0.006000000000000005,
561550,2025-04-01,0.947,0.953,0.961,0.947,220108.0,,1.4721345951629878,0.21030494216614112,0.0020000000000000018,
561550,2025-04-02,0.949,0.954,0.962,0.949,132081.0,,1.3641133263378817,0.1049317943336832,0.0010000000000000009,
561550,2025-04-03,0.944,0.942,0.953,0.936,251840.0,,1.7819706498951684,-1.2578616352201268,-0.01200000000000001,
561550,2025-04-07,0.925,0.85,0.925,0.848,282152.0,,8.174097664543533,-9.766454352441611,-0.09199999999999997,
561550,2025-04-08,0.853,0.851,0.858,0.834,240005.0,,2.8235294117647083,0.11764705882352951,0.0010000000000000009,
561550,2025-04-09,0.832,0.86,0.865,0.813,215443.0,,6.110458284371333,1.0575793184488846,0.009000000000000008,
561550,2025-04-10,0.873,0.885,0.894,0.873,223510.0,,2.441860465116281,2.9069767441860495,0.025000000000000022,
561550,2025-04-11,0.872,0.888,0.896,0.869,208348.0,,3.050847457627121,0.33898305084745795,0.0030000000000000027,
561550,2025-04-14,0.896,0.895,0.9,0.889,193132.0,,1.2387387387387399,0.7882882882882889,0.007000000000000006,
561550,2025-04-15,0.892,0.892,0.895,0.885,178735.0,,1.1173184357541908,-0.3351955307262573,-0.0030000000000000027,
561550,2025-04-16,0.887,0.884,0.888,0.874,225162.0,,1.5695067264574005,-0.896860986547086,-0.008000000000000007,
561550,2025-04-17,0.882,0.883,0.89,0.882,213476.0,,0.9049773755656116,-0.11312217194570146,-0.0010000000000000009,
561550,2025-04-18,0.883,0.886,0.888,0.875,206595.0,,1.472253680634203,0.33975084937712374,0.0030000000000000027,
561550,2025-04-21,0.886,0.901,0.902,0.88,153361.0,,2.4830699774266387,1.6930022573363446,0.015000000000000013,
561550,2025-04-22,0.899,0.899,0.902,0.896,175889.0,,0.6659267480577142,-0.22197558268590473,-0.0020000000000000018,
561550,2025-04-23,0.905,0.9,0.907,0.898,184014.0,,1.0011123470522811,0.11123470522803124,0.0010000000000000009,
561550,2025-04-24,0.9,0.899,0.906,0.896,227986.0,,1.111111111111112,-0.1111111111111112,-0.0010000000000000009,
561550,2025-04-25,0.901,0.903,0.909,0.9,201579.0,,1.0011123470522811,0.44493882091212494,0.0040000000000000036,
561550,2025-04-28,0.903,0.9,0.903,0.896,193492.0,,0.7751937984496131,-0.33222591362126275,-0.0030000000000000027,
561550,2025-04-29,0.9,0.899,0.902,0.895,175904.0,,0.7777777777777785,-0.1111111111111112,-0.0010000000000000009,
561550,2025-04-30,0.903,0.899,0.904,0.898,172439.0,,0.6674082313681874,0.0,0.0,
561550,2025-05-06,0.904,0.916,0.916,0.904,442377.0,,1.3348164627363748,1.8909899888765311,0.017000000000000015,
561550,2025-05-07,0.924,0.918,0.93,0.912,169277.0,,1.9650655021834078,0.218340611353712,0.0020000000000000018,
561550,2025-05-08,0.918,0.922,0.923,0.914,206020.0,,0.980392156862746,0.4357298474945538,0.0040000000000000036,
561550,2025-05-09,0.922,0.913,0.922,0.909,230620.0,,1.4099783080260315,-0.9761388286334065,-0.009000000000000008,
561550,2025-05-12,0.917,0.923,0.925,0.916,240237.0,,0.9857612267250829,1.0952902519167589,0.010000000000000009,
561550,2025-05-13,0.932,0.921,0.932,0.92,194466.0,,1.3001083423618645,-0.21668472372697742,-0.0020000000000000018,
561550,2025-05-14,0.924,0.925,0.931,0.917,215215.0,,1.5200868621064074,0.4343105320304021,0.0040000000000000036,
561550,2025-05-15,0.926,0.914,0.926,0.912,182408.0,,1.5135135135135147,-1.1891891891891901,-0.01100000000000001,
561550,2025-05-16,0.912,0.914,0.916,0.911,195052.0,,0.5470459518599567,0.0,0.0,
561550,2025-05-19,0.91,0.915,0.917,0.907,135463.0,,1.0940919037199135,0.10940919037199133,0.0010000000000000009,
561550,2025-05-20,0.917,0.92,0.923,0.915,136355.0,,0.8743169398907111,0.5464480874316944,0.0050000000000000044,
561550,2025-05-21,0.921,0.921,0.924,0.92,120663.0,,0.43478260869565255,0.10869565217391314,0.0010000000000000009,
561550,2025-05-22,0.921,0.917,0.923,0.915,157131.0,,0.8686210640608042,-0.4343105320304021,-0.0040000000000000036,
561550,2025-05-23,0.918,0.91,0.921,0.909,178321.0,,1.3086150490730655,-0.7633587786259549,-0.007000000000000006,
561550,2025-05-26,0.908,0.912,0.915,0.907,151730.0,,0.8791208791208798,0.21978021978021994,0.0020000000000000018,
561550,2025-05-27,0.912,0.907,0.912,0.904,158573.0,,0.8771929824561412,-0.5482456140350882,-0.0050000000000000044,
561550,2025-05-28,0.908,0.906,0.91,0.905,66177.0,,0.5512679162072772,-0.11025358324145544,-0.0010000000000000009,
561550,2025-05-29,0.906,0.918,0.92,0.906,197953.0,,1.545253863134659,1.3245033112582794,0.01200000000000001,
561550,2025-05-30,0.916,0.915,0.917,0.911,171674.0,,0.6535947712418306,-0.3267973856209153,-0.0030000000000000027,
561550,2025-06-03,0.914,0.921,0.922,0.914,165049.0,,0.8743169398907111,0.6557377049180333,0.006000000000000005,
561550,2025-06-04,0.92,0.929,0.931,0.92,232396.0,,1.1943539630836058,0.8686210640608042,0.008000000000000007,
561550,2025-06-05,0.929,0.935,0.937,0.927,151706.0,,1.076426264800862,0.6458557588805173,0.006000000000000005,
561550,2025-06-06,0.935,0.936,0.937,0.933,151369.0,,0.4278074866310164,0.1069518716577541,0.0010000000000000009,
561550,2025-06-09,0.937,0.942,0.946,0.937,184223.0,,0.9615384615384505,0.6410256410256298,0.005999999999999894,
561550,2025-06-10,0.942,0.936,0.944,0.93,232424.0,,1.4861995753715396,-0.6369426751592245,-0.005999999999999894,
561550,2025-06-11,0.94,0.945,0.948,0.939,216771.0,,0.9615384615384623,0.9615384615384505,0.008999999999999897,
561550,2025-06-12,0.945,0.95,0.953,0.942,169288.0,,1.164021164021165,0.5291005291005296,0.0050000000000000044,
561550,2025-06-13,0.95,0.948,0.952,0.944,150702.0,,0.8421052631578956,-0.2105263157894739,-0.0020000000000000018,
561550,2025-06-16,0.948,0.949,0.955,0.947,140700.0,,0.8438818565400852,0.10548523206751065,0.0010000000000000009,
561550,2025-06-17,0.958,0.945,0.958,0.943,153756.0,,1.5806111696522671,-0.4214963119072712,-0.0040000000000000036,
561550,2025-06-18,0.946,0.948,0.948,0.94,135260.0,,0.8465608465608473,0.3174603174603178,0.0030000000000000027,
561550,2025-06-19,0.95,0.937,0.95,0.933,103060.0,,1.7932489451476692,-1.1603375527426054,-0.010999999999999899,
561550,2025-06-20,0.935,0.931,0.939,0.931,121599.0,,0.8537886872998821,-0.6403415154749205,-0.006000000000000005,
561550,2025-06-23,0.93,0.936,0.937,0.925,169887.0,,1.2889366272824931,0.5370569280343721,0.0050000000000000044,
561550,2025-06-24,0.936,0.95,0.95,0.936,163675.0,,1.495726495726485,1.495726495726485,0.013999999999999901,
561550,2025-06-25,0.95,0.968,0.969,0.95,197540.0,,2.0000000000000018,1.894736842105265,0.018000000000000016,
561550,2025-06-26,0.969,0.967,0.97,0.964,186971.0,,0.6198347107438021,-0.10330578512396703,-0.0010000000000000009,
561550,2025-06-27,0.967,0.969,0.975,0.965,310168.0,,1.0341261633919347,0.20682523267838696,0.0020000000000000018,
561550,2025-06-30,0.969,0.978,0.98,0.969,167504.0,,1.1351909184726532,0.9287925696594436,0.009000000000000008,
561550,2025-07-01,0.984,0.982,0.984,0.973,118749.0,,1.1247443762781197,0.40899795501022534,0.0040000000000000036,
561550,2025-07-02,0.981,0.979,0.982,0.976,114368.0,,0.6109979633401228,-0.3054989816700614,-0.0030000000000000027,
561550,2025-07-03,0.98,0.983,0.984,0.977,295624.0,,0.7150153217568954,0.4085801838610831,0.0040000000000000036,
561550,2025-07-04,0.983,0.98,0.99,0.978,203321.0,,1.2207527975584955,-0.3051881993896239,-0.0030000000000000027,
561550,2025-07-07,0.98,0.977,0.98,0.976,176209.0,,0.40816326530612285,-0.3061224489795921,-0.0030000000000000027,
561550,2025-07-08,0.978,0.992,0.994,0.978,169098.0,,1.6376663254861836,1.5353121801432972,0.015000000000000013,
561550,2025-07-09,0.994,0.991,0.998,0.99,195997.0,,0.8064516129032264,-0.1008064516129033,-0.0010000000000000009,
561550,2025-07-10,0.993,0.993,0.998,0.989,132663.0,,0.9081735620585276,0.20181634712411722,0.0020000000000000018,
561550,2025-07-11,0.995,1.001,1.006,0.993,272672.0,,1.3091641490433044,0.80563947633433,0.007999999999999896,
561550,2025-07-14,1.0,1.001,1.005,1.0,89583.0,,0.4995004995004889,0.0,0.0,
561550,2025-07-15,1.005,1.005,1.01,0.997,221533.0,,1.2987012987013,0.39960039960040006,0.0040000000000000036,
561550,2025-07-16,1.005,1.006,1.015,1.003,258893.0,,1.1940298507462699,0.09950248756220019,0.001000000000000112,
561550,2025-07-17,1.006,1.016,1.016,1.006,236227.0,,0.9940357852882713,0.9940357852882713,0.010000000000000009,
561550,2025-07-18,1.016,1.018,1.022,1.016,186119.0,,0.5905511811023627,0.19685039370078758,0.0020000000000000018,
561550,2025-07-21,1.02,1.032,1.032,1.02,236338.0,,1.1787819253438125,1.3752455795677812,0.014000000000000012,
561550,2025-07-22,1.032,1.043,1.043,1.032,304429.0,,1.0658914728682072,1.0658914728682072,0.010999999999999899,
561550,2025-07-23,1.043,1.04,1.051,1.037,308958.0,,1.3422818791946323,-0.28763183125598196,-0.0029999999999998916,
561550,2025-07-24,1.036,1.056,1.057,1.036,477577.0,,2.0192307692307603,1.5384615384615397,0.016000000000000014,
561550,2025-07-25,1.053,1.057,1.061,1.053,384013.0,,0.7575757575757582,0.09469696969695926,0.0009999999999998899,
561550,2025-07-28,1.054,1.066,1.068,1.052,277162.0,,1.5137180700094621,0.851466414380333,0.009000000000000119,
561550,2025-07-29,1.064,1.074,1.075,1.055,277075.0,,1.8761726078799266,0.7504690431519706,0.008000000000000007,
561550,2025-07-30,1.076,1.066,1.076,1.06,359030.0,,1.489757914338921,-0.7448789571694605,-0.008000000000000007,
561550,2025-07-31,1.064,1.051,1.068,1.048,204127.0,,1.8761726078799266,-1.4071294559099552,-0.015000000000000124,
561550,2025-08-01,1.051,1.055,1.058,1.043,249500.0,,1.4272121788772716,0.38058991436726963,0.0040000000000000036,
561550,2025-08-04,1.054,1.064,1.064,1.044,388902.0,,1.8957345971564,0.8530805687203905,0.009000000000000119,
561550,2025-08-05,1.065,1.07,1.07,1.062,183738.0,,0.7518796992481209,0.5639097744360907,0.006000000000000005,
561550,2025-08-06,1.067,1.077,1.08,1.067,231774.0,,1.2149532710280488,0.6542056074766257,0.006999999999999895,
561550,2025-08-07,1.081,1.076,1.083,1.068,190636.0,,1.3927576601671219,-0.09285051067779851,-0.0009999999999998899,
561550,2025-08-08,1.071,1.074,1.08,1.07,133086.0,,0.9293680297397777,-0.18587360594795554,-0.0020000000000000018,
561550,2025-08-11,1.073,1.086,1.088,1.073,184443.0,,1.396648044692749,1.1173184357541908,0.01200000000000001,
561550,2025-08-12,1.085,1.089,1.09,1.079,167260.0,,1.0128913443830683,0.27624309392264196,0.0029999999999998916,
561550,2025-08-13,1.088,1.111,1.113,1.088,241160.0,,2.295684113865924,2.020202020202022,0.02200000000000002,
561550,2025-08-14,1.114,1.093,1.114,1.091,290236.0,,2.070207020702082,-1.6201620162016217,-0.018000000000000016,
561550,2025-08-15,1.089,1.118,1.118,1.089,272456.0,,2.653247941445575,2.287282708142739,0.025000000000000133,
561550,2025-08-18,1.121,1.131,1.141,1.116,380668.0,,2.2361359570661814,1.1627906976744096,0.0129999999999999,
561550,2025-08-19,1.131,1.127,1.137,1.121,285110.0,,1.4146772767462437,-0.3536693191865609,-0.0040000000000000036,
561550,2025-08-20,1.121,1.142,1.144,1.114,192101.0,,2.661934338952955,1.3309671694764775,0.014999999999999902,
561550,2025-08-21,1.141,1.137,1.145,1.132,289431.0,,1.1383537653240037,-0.4378283712784496,-0.004999999999999893,
561550,2025-08-22,1.132,1.156,1.165,1.132,348362.0,,2.902374670184709,1.671064204045726,0.018999999999999906,
561550,2025-08-25,1.157,1.182,1.188,1.157,395292.0,,2.681660899653972,2.249134948096888,0.026000000000000023,
561550,2025-08-26,1.179,1.185,1.193,1.174,743838.0,,1.6074450084602478,0.2538071065989944,0.0030000000000001137,
561550,2025-08-27,1.18,1.169,1.203,1.166,1368588.0,,3.1223628691983243,-1.350210970464136,-0.016000000000000014,
561550,2025-08-28,1.16,1.2,1.201,1.156,1093391.0,,3.8494439692044606,2.6518391787852793,0.030999999999999917,
561550,2025-08-29,1.195,1.206,1.211,1.188,626433.0,,1.9166666666666776,0.5000000000000004,0.006000000000000005,
561550,2025-09-01,1.202,1.217,1.22,1.199,325373.0,,1.741293532338301,0.9121061359867431,0.01100000000000012,
561550,2025-09-02,1.218,1.193,1.221,1.181,678215.0,,3.286770747740348,-1.9720624486442087,-0.02400000000000002,
561550,2025-09-03,1.19,1.182,1.204,1.173,1048888.0,,2.598491198658836,-0.9220452640402449,-0.01100000000000012,
561550,2025-09-04,1.186,1.146,1.195,1.126,930909.0,,5.837563451776664,-3.04568527918782,-0.03600000000000003,
561550,2025-09-05,1.141,1.184,1.193,1.138,522348.0,,4.799301919720782,3.3158813263525335,0.038000000000000034,
561550,2025-09-08,1.185,1.195,1.198,1.179,597219.0,,1.604729729729722,0.9290540540540644,0.01100000000000012,
561550,2025-09-09,1.195,1.184,1.198,1.178,234084.0,,1.673640167364018,-0.9205020920502193,-0.01100000000000012,
561550,2025-09-10,1.184,1.188,1.196,1.177,160907.0,,1.604729729729722,0.33783783783783816,0.0040000000000000036,
561550,2025-09-11,1.185,1.225,1.228,1.178,432860.0,,4.208754208754213,3.1144781144781266,0.037000000000000144,
561550,2025-09-12,1.227,1.221,1.23,1.213,694186.0,,1.3877551020408083,-0.3265306122448982,-0.0040000000000000036,
561550,2025-09-15,1.221,1.217,1.224,1.215,291560.0,,0.7371007371007287,-0.32760032760032787,-0.0040000000000000036,
561550,2025-09-16,1.217,1.223,1.226,1.203,388627.0,,1.8898931799506908,0.49301561216105216,0.006000000000000005,
561550,2025-09-17,1.223,1.238,1.239,1.218,533588.0,,1.7170891251022182,1.2264922322158545,0.014999999999999902,
561550,2025-09-18,1.238,1.231,1.255,1.21,477245.0,,3.63489499192245,-0.5654281098545958,-0.006999999999999895,
561550,2025-09-19,1.232,1.224,1.236,1.218,216886.0,,1.462225832656378,-0.5686433793663782,-0.007000000000000117,
561550,2025-09-22,1.224,1.234,1.235,1.218,359691.0,,1.3888888888888993,0.8169934640522883,0.010000000000000009,
561550,2025-09-23,1.234,1.226,1.238,1.202,417646.0,,2.917341977309565,-0.6482982171799033,-0.008000000000000007,
561550,2025-09-24,1.219,1.256,1.256,1.216,319793.0,,3.2626427406199054,2.446982055464929,0.030000000000000027,
561550,2025-09-25,1.256,1.262,1.264,1.251,379382.0,,1.0350318471337678,0.47770700636942715,0.006000000000000005,
561550,2025-09-26,1.256,1.246,1.258,1.235,446825.0,,1.8225039619651278,-1.2678288431061817,-0.016000000000000014,
561550,2025-09-29,1.242,1.258,1.26,1.236,465645.0,,1.9261637239165346,0.9630818619582673,0.01200000000000001,
561550,2025-09-30,1.257,1.278,1.279,1.257,393048.0,,1.748807631160574,1.5898251192368853,0.020000000000000018,
561550,2025-10-09,1.281,1.297,1.298,1.276,450319.0,,1.7214397496087652,1.4866979655711976,0.018999999999999906,
561550,2025-10-10,1.296,1.271,1.296,1.26,504242.0,,2.775636083269085,-2.0046260601387837,-0.026000000000000023,
561550,2025-10-13,1.23,1.259,1.267,1.227,1029492.0,,3.1471282454759884,-0.9441384736428018,-0.01200000000000001,
561550,2025-10-14,1.259,1.229,1.277,1.223,654189.0,,4.289118347895141,-2.3828435266084043,-0.029999999999999805,
561550,2025-10-15,1.228,1.248,1.248,1.219,262241.0,,2.359641985353939,1.5459723352318882,0.018999999999999906,
561550,2025-10-16,1.247,1.235,1.249,1.229,326291.0,,1.6025641025641042,-1.0416666666666585,-0.0129999999999999,
561550,2025-10-17,1.23,1.204,1.239,1.197,352135.0,,3.400809716599193,-2.51012145748989,-0.03100000000000014,
561550,2025-10-20,1.213,1.208,1.221,1.202,170767.0,,1.5780730897010073,0.33222591362126275,0.0040000000000000036,
561550,2025-10-21,1.208,1.232,1.232,1.208,306851.0,,1.986754966887419,1.986754966887419,0.02400000000000002,
561550,2025-10-22,1.226,1.22,1.231,1.214,212659.0,,1.3798701298701401,-0.9740259740259749,-0.01200000000000001,
561550,2025-10-23,1.217,1.224,1.225,1.199,235813.0,,2.1311475409836085,0.3278688524590167,0.0040000000000000036,
561550,2025-10-24,1.226,1.252,1.255,1.226,341660.0,,2.369281045751627,2.2875816993464073,0.028000000000000025,
561550,2025-10-27,1.259,1.274,1.275,1.259,458445.0,,1.2779552715654963,1.7571884984025576,0.02200000000000002,
561550,2025-10-28,1.271,1.268,1.28,1.26,184306.0,,1.5698587127158568,-0.4709576138147571,-0.006000000000000005,
561550,2025-10-29,1.27,1.295,1.295,1.27,264186.0,,1.9716088328075638,2.1293375394321696,0.026999999999999913,
561550,2025-10-30,1.295,1.278,1.295,1.271,595712.0,,1.853281853281855,-1.3127413127413052,-0.016999999999999904,
561550,2025-10-31,1.272,1.258,1.279,1.257,264929.0,,1.7214397496087652,-1.5649452269170594,-0.020000000000000018,
561550,2025-11-03,1.257,1.253,1.258,1.23,333782.0,,2.2257551669316396,-0.39745627980923015,-0.0050000000000001155,
561550,2025-11-04,1.253,1.231,1.253,1.222,238449.0,,2.474062250598557,-1.7557861133279968,-0.021999999999999797,
561550,2025-11-05,1.219,1.234,1.236,1.212,272111.0,,1.9496344435418373,0.24370430544272065,0.0029999999999998916,
561550,2025-11-06,1.238,1.254,1.255,1.234,352378.0,,1.7017828200972374,1.6207455429497581,0.020000000000000018,
561550,2025-11-07,1.248,1.248,1.255,1.242,233301.0,,1.036682615629976,-0.4784688995215315,-0.006000000000000005,
561550,2025-11-10,1.248,1.245,1.255,1.233,864037.0,,1.7628205128204966,-0.24038461538460668,-0.0029999999999998916,
561550,2025-11-11,1.249,1.236,1.255,1.232,381960.0,,1.8473895582329245,-0.7228915662650697,-0.009000000000000119,
561550,2025-11-12,1.239,1.231,1.24,1.22,426615.0,,1.61812297734628,-0.40453074433656094,-0.004999999999999893,
561550,2025-11-13,1.229,1.248,1.249,1.227,260982.0,,1.7871649065800177,1.3809910641754592,0.016999999999999904,
561550,2025-11-14,1.243,1.226,1.243,1.225,139863.0,,1.4423076923076936,-1.7628205128205146,-0.02200000000000002,
561550,2025-11-17,1.223,1.216,1.228,1.212,138311.0,,1.305057096247962,-0.8156606851549764,-0.010000000000000009,
561550,2025-11-18,1.208,1.201,1.225,1.195,133166.0,,2.467105263157897,-1.2335526315789394,-0.014999999999999902,
561550,2025-11-19,1.202,1.204,1.209,1.192,213192.0,,1.4154870940882702,0.2497918401332133,0.0029999999999998916,
561550,2025-11-20,1.209,1.193,1.212,1.189,193713.0,,1.9102990033222516,-0.9136212624584633,-0.010999999999999899,
561550,2025-11-21,1.176,1.147,1.184,1.147,192025.0,,3.101424979044419,-3.855825649622803,-0.04600000000000004,
561550,2025-11-24,1.147,1.156,1.164,1.147,390362.0,,1.4821272885788932,0.7846556233652917,0.008999999999999897,
561550,2025-11-25,1.156,1.175,1.186,1.156,196778.0,,2.595155709342563,1.6435986159169662,0.019000000000000128,
561550,2025-11-26,1.172,1.18,1.187,1.17,394599.0,,1.4468085106383084,0.4255319148936079,0.004999999999999893,
561550,2025-11-27,1.18,1.178,1.195,1.176,139036.0,,1.6101694915254348,-0.16949152542372897,-0.0020000000000000018,
561550,2025-11-28,1.178,1.193,1.196,1.177,338742.0,,1.6129032258064435,1.2733446519524725,0.015000000000000124,
561550,2025-12-01,1.194,1.203,1.205,1.193,141691.0,,1.005867560771166,0.838222967309305,0.010000000000000009,
561550,2025-12-02,1.2,1.197,1.202,1.192,124288.0,,0.8312551953449716,-0.49875311720698295,-0.006000000000000005,
561550,2025-12-03,1.198,1.194,1.203,1.191,206209.0,,1.0025062656641612,-0.2506265664160496,-0.0030000000000001137,
561550,2025-12-04,1.197,1.2,1.205,1.19,179048.0,,1.2562814070351864,0.5025125628140708,0.006000000000000005,
561550,2025-12-05,1.199,1.218,1.22,1.195,234116.0,,2.083333333333326,1.5000000000000013,0.018000000000000016,
561550,2025-12-08,1.218,1.237,1.239,1.218,327738.0,,1.7241379310344935,1.5599343185550187,0.019000000000000128,
561550,2025-12-09,1.237,1.228,1.238,1.22,297060.0,,1.4551333872271637,-0.7275666936135908,-0.009000000000000119,
561550,2025-12-10,1.224,1.232,1.235,1.216,130673.0,,1.5472312703583166,0.32573289902280156,0.0040000000000000036,
561550,2025-12-11,1.23,1.219,1.236,1.218,170274.0,,1.4610389610389625,-1.0551948051947972,-0.0129999999999999,
561550,2025-12-12,1.219,1.227,1.234,1.213,327738.0,,1.7227235438884256,0.6562756357670227,0.008000000000000007,
561550,2025-12-15,1.226,1.221,1.233,1.219,122648.0,,1.1409942950285257,-0.48899755501222536,-0.006000000000000005,
561550,2025-12-16,1.219,1.207,1.224,1.199,144025.0,,2.0475020475020402,-1.1466011466011476,-0.014000000000000012,
561550,2025-12-17,1.206,1.232,1.236,1.205,443268.0,,2.568351284175635,2.0712510356255103,0.02499999999999991,
561550,2025-12-18,1.228,1.226,1.238,1.222,253265.0,,1.2987012987012998,-0.48701298701298745,-0.006000000000000005,
561550,2025-12-19,1.23,1.235,1.239,1.224,268980.0,,1.2234910277324733,0.7340946166394877,0.009000000000000119,
561550,2025-12-22,1.241,1.246,1.25,1.239,301513.0,,0.8906882591093035,0.8906882591093035,0.010999999999999899,
561550,2025-12-23,1.253,1.255,1.261,1.245,422045.0,,1.284109149277672,0.7223113964686916,0.008999999999999897,
561550,2025-12-24,1.256,1.272,1.272,1.251,376808.0,,1.673306772908377,1.354581673306783,0.017000000000000126,
561550,2025-12-25,1.27,1.278,1.281,1.264,347483.0,,1.3364779874213761,0.47169811320754756,0.006000000000000005,
561550,2025-12-26,1.278,1.285,1.292,1.276,472480.0,,1.2519561815336473,0.5477308294209621,0.006999999999999895,
561550,2025-12-29,1.292,1.276,1.292,1.272,452228.0,,1.5564202334630364,-0.7003891050583578,-0.008999999999999897,
561550,2025-12-30,1.276,1.284,1.288,1.269,246592.0,,1.4890282131661543,0.6269592476489034,0.008000000000000007,
561550,2025-12-31,1.289,1.278,1.289,1.276,382921.0,,1.0124610591900234,-0.4672897196261686,-0.006000000000000005,
561550,2026-01-05,1.289,1.313,1.313,1.287,459713.0,,2.034428794992177,2.738654147104845,0.03499999999999992,
561550,2026-01-06,1.314,1.338,1.339,1.314,456874.0,,1.9040365575018974,1.9040365575019143,0.025000000000000133,
561550,2026-01-07,1.337,1.338,1.346,1.33,339519.0,,1.1958146487294479,0.0,0.0,
561550,2026-01-08,1.337,1.331,1.341,1.324,192286.0,,1.27055306427503,-0.5231689088191418,-0.007000000000000117,
561550,2026-01-09,1.331,1.358,1.359,1.331,306074.0,,2.1036814425244197,2.02854996243427,0.027000000000000135,
561550,2026-01-12,1.36,1.382,1.384,1.353,325389.0,,2.282768777614132,1.7673048600883503,0.0239999999999998,
561550,2026-01-13,1.381,1.365,1.386,1.353,261547.0,,2.387843704775682,-1.2301013024601957,-0.016999999999999904,
561550,2026-01-14,1.361,1.371,1.4,1.352,284234.0,,3.516483516483503,0.43956043956044,0.006000000000000005,
561550,2026-01-15,1.362,1.375,1.381,1.283,257938.0,,7.1480671043034345,0.29175784099197694,0.0040000000000000036,
561550,2026-01-16,1.377,1.392,1.396,1.377,360818.0,,1.381818181818175,1.2363636363636294,0.016999999999999904,
561550,2026-01-19,1.385,1.398,1.402,1.381,295584.0,,1.508620689655166,0.4310344827586211,0.006000000000000005,
561550,2026-01-20,1.4,1.385,1.404,1.368,271017.0,,2.5751072961373254,-0.9298998569384764,-0.0129999999999999,
561550,2026-01-21,1.369,1.405,1.405,1.369,471703.0,,2.5992779783393525,1.4440433212996402,0.020000000000000018,
561550,2026-01-22,1.413,1.419,1.419,1.404,442881.0,,1.067615658362998,0.9964412811387909,0.014000000000000012,
561550,2026-01-23,1.422,1.442,1.442,1.42,329267.0,,1.5503875968992262,1.6208597603946377,0.02299999999999991,
561550,2026-01-26,1.449,1.432,1.453,1.411,394089.0,,2.9126213592233037,-0.6934812760055485,-0.010000000000000009,
561550,2026-01-27,1.426,1.443,1.448,1.406,338609.0,,2.9329608938547516,0.7681564245810141,0.01100000000000012,
561550,2026-01-28,1.438,1.45,1.452,1.432,232266.0,,1.3860013860013871,0.48510048510047776,0.006999999999999895,
561550,2026-01-29,1.449,1.433,1.458,1.43,170817.0,,1.9310344827586226,-1.1724137931034417,-0.016999999999999904,
561550,2026-01-30,1.41,1.409,1.425,1.37,466047.0,,3.8381018841591024,-1.6748080949057935,-0.02400000000000002,
561550,2026-02-02,1.378,1.346,1.401,1.343,933274.0,,4.116394606103623,-4.4712562100780655,-0.06299999999999994,
561550,2026-02-03,1.363,1.387,1.387,1.35,505193.0,,2.748885586924214,3.046062407132238,0.040999999999999925,
561550,2026-02-04,1.381,1.386,1.389,1.366,331036.0,,1.6582552271088613,-0.07209805335256755,-0.001000000000000112,
561550,2026-02-05,1.388,1.36,1.388,1.347,755197.0,,2.9581529581529526,-1.8759018759018617,-0.0259999999999998,
561550,2026-02-06,1.332,1.362,1.379,1.332,709510.0,,3.4558823529411713,0.14705882352941188,0.0020000000000000018,
561550,2026-02-09,1.38,1.391,1.393,1.373,270193.0,,1.4684287812041128,2.1292217327459553,0.028999999999999915,
561550,2026-02-10,1.391,1.39,1.395,1.382,380673.0,,0.9345794392523452,-0.07189072609634162,-0.001000000000000112,
561550,2026-02-11,1.388,1.4,1.407,1.388,476495.0,,1.3669064748201532,0.7194244604316554,0.010000000000000009,
561550,2026-02-12,1.402,1.424,1.424,1.402,980430.0,,1.571428571428573,1.7142857142857157,0.02400000000000002,
561550,2026-02-13,1.415,1.401,1.421,1.399,304689.0,,1.5449438202247205,-1.6151685393258366,-0.02299999999999991,
561550,2026-02-24,1.411,1.419,1.429,1.409,248223.0,,1.4275517487508933,1.2847965738758043,0.018000000000000016,
561550,2026-02-25,1.422,1.445,1.449,1.42,449123.0,,2.0436927413671695,1.8322762508809036,0.026000000000000023,
561550,2026-02-26,1.445,1.452,1.459,1.439,236491.0,,1.3840830449827002,0.4844290657439374,0.006999999999999895,
561550,2026-02-27,1.443,1.466,1.467,1.441,307042.0,,1.7906336088154289,0.9641873278236923,0.014000000000000012,
561550,2026-03-02,1.442,1.473,1.475,1.442,482781.0,,2.251023192360173,0.4774897680764063,0.007000000000000117,
561550,2026-03-03,1.47,1.408,1.47,1.403,758884.0,,4.548540393754239,-4.4127630685675605,-0.06500000000000017,
561550,2026-03-04,1.381,1.401,1.422,1.38,433862.0,,2.9829545454545485,-0.4971590909090835,-0.006999999999999895,
561550,2026-03-05,1.416,1.405,1.431,1.394,531889.0,,2.640970735189161,0.2855103497501787,0.0040000000000000036,
561550,2026-03-06,1.396,1.409,1.416,1.392,225652.0,,1.7081850533807845,0.2846975088967974,0.0040000000000000036,
561550,2026-03-09,1.393,1.398,1.399,1.356,425784.0,,3.051809794180264,-0.7806955287437984,-0.01100000000000012,
561550,2026-03-10,1.405,1.421,1.422,1.405,345061.0,,1.2160228898426255,1.6452074391988651,0.02300000000000013,
561550,2026-03-11,1.425,1.426,1.43,1.42,321430.0,,0.7037297677691772,0.3518648838845808,0.004999999999999893,
561550,2026-03-12,1.415,1.418,1.429,1.407,264108.0,,1.542776998597477,-0.5610098176718098,-0.008000000000000007,
561550,2026-03-13,1.414,1.399,1.422,1.396,289403.0,,1.8335684062059254,-1.339915373765861,-0.018999999999999906,
561550,2026-03-16,1.397,1.387,1.398,1.367,282528.0,,2.215868477483911,-0.8577555396711946,-0.01200000000000001,
561550,2026-03-17,1.387,1.359,1.393,1.359,275043.0,,2.4513338139870244,-2.018745493871667,-0.028000000000000025,
561550,2026-03-18,1.361,1.371,1.372,1.348,216912.0,,1.7660044150110392,0.8830022075055196,0.01200000000000001,
561550,2026-03-19,1.352,1.328,1.352,1.323,418343.0,,2.1152443471918407,-3.1363967906637438,-0.04299999999999993,
561550,2026-03-20,1.332,1.316,1.346,1.315,401734.0,,2.3343373493976007,-0.9036144578313261,-0.01200000000000001,
561550,2026-03-23,1.291,1.266,1.308,1.254,433344.0,,4.103343465045596,-3.799392097264441,-0.050000000000000044,
561550,2026-03-24,1.283,1.295,1.295,1.252,462071.0,,3.396524486571874,2.2906793048973078,0.028999999999999915,
561550,2026-03-25,1.316,1.322,1.327,1.3,418103.0,,2.0849420849420786,2.0849420849420954,0.027000000000000135,
561550,2026-03-26,1.323,1.309,1.327,1.298,562606.0,,2.1936459909228376,-0.9833585476550774,-0.013000000000000123,
561550,2026-03-27,1.289,1.325,1.33,1.285,293734.0,,3.4377387318563906,1.222307104660047,0.016000000000000014,
561550,2026-03-30,1.302,1.321,1.325,1.301,510573.0,,1.811320754716983,-0.30188679245283045,-0.0040000000000000036,
561550,2026-03-31,1.321,1.295,1.326,1.294,207696.0,,2.4224072672218036,-1.9682059046177158,-0.026000000000000023,
561550,2026-04-01,1.321,1.325,1.329,1.311,419891.0,,1.3899613899613912,2.316602316602319,0.030000000000000027,
561550,2026-04-02,1.313,1.3,1.323,1.291,270600.0,,2.4150943396226436,-1.886792452830182,-0.02499999999999991,
561550,2026-04-03,1.305,1.287,1.305,1.285,264668.0,,1.5384615384615397,-1.0000000000000093,-0.013000000000000123,
561550,2026-04-07,1.291,1.295,1.305,1.288,203070.0,,1.3209013209013136,0.6216006216006222,0.008000000000000007,
561550,2026-04-08,1.324,1.364,1.364,1.323,333907.0,,3.1660231660231775,5.3281853281853415,0.06900000000000017,
561550,2026-04-09,1.344,1.356,1.365,1.344,186827.0,,1.5395894428152423,-0.5865102639296192,-0.008000000000000007,
561550,2026-04-10,1.369,1.369,1.388,1.362,254877.0,,1.9174041297934954,0.9587020648967477,0.0129999999999999,
561550,2026-04-13,1.36,1.375,1.378,1.357,325018.0,,1.5339663988312568,0.43827611395179006,0.006000000000000005,
561550,2026-04-14,1.383,1.395,1.396,1.378,283203.0,,1.3090909090909102,1.4545454545454557,0.020000000000000018,
561550,2026-04-15,1.412,1.382,1.412,1.377,407761.0,,2.508960573476697,-0.9318996415770697,-0.013000000000000123,
561550,2026-04-16,1.383,1.416,1.42,1.383,398406.0,,2.677279305354553,2.4602026049204078,0.03400000000000003,
561550,2026-04-17,1.41,1.417,1.42,1.407,304695.0,,0.9180790960451909,0.07062146892656157,0.001000000000000112,
561550,2026-04-20,1.42,1.426,1.434,1.416,215724.0,,1.2702893436838403,0.6351446718419123,0.008999999999999897,
561550,2026-04-21,1.429,1.431,1.433,1.413,435345.0,,1.4025245441795244,0.3506311360448889,0.0050000000000001155,
561550,2026-04-22,1.424,1.449,1.45,1.424,208381.0,,1.8169112508735166,1.2578616352201268,0.018000000000000016,
561550,2026-04-23,1.449,1.439,1.454,1.423,517311.0,,2.1394064872325687,-0.6901311249137342,-0.010000000000000009,
561550,2026-04-24,1.438,1.435,1.444,1.417,220077.0,,1.8763029881862343,-0.27797081306462845,-0.0040000000000000036,
561550,2026-04-27,1.437,1.448,1.449,1.429,315687.0,,1.3937282229965169,0.9059233449477282,0.0129999999999999,
561550,2026-04-28,1.439,1.43,1.444,1.425,200651.0,,1.3121546961325903,-1.2430939226519349,-0.018000000000000016,
561550,2026-04-29,1.424,1.468,1.469,1.42,258166.0,,3.4265734265734378,2.6573426573426597,0.038000000000000034,
561550,2026-04-30,1.464,1.46,1.469,1.451,313516.0,,1.22615803814714,-0.5449591280653956,-0.008000000000000007,
561550,2026-05-06,1.468,1.496,1.501,1.464,559579.0,,2.5342465753424603,2.4657534246575366,0.03600000000000003,
561550,2026-05-07,1.496,1.512,1.512,1.493,456831.0,,1.2700534759358224,1.069518716577541,0.016000000000000014,
561550,2026-05-08,1.5,1.507,1.513,1.495,882652.0,,1.190476190476177,-0.3306878306878383,-0.0050000000000001155,
561550,2026-05-11,1.523,1.538,1.541,1.51,648238.0,,2.0570670205706647,2.0570670205706794,0.03100000000000014,
561550,2026-05-12,1.539,1.536,1.543,1.524,224944.0,,1.235370611183349,-0.13003901170351118,-0.0020000000000000018,
561550,2026-05-13,1.525,1.559,1.561,1.525,267437.0,,2.343750000000002,1.4973958333333273,0.02299999999999991,
561550,2026-05-14,1.567,1.521,1.567,1.517,395802.0,,3.207184092366905,-2.437459910198848,-0.038000000000000034,
561550,2026-05-15,1.515,1.496,1.533,1.484,607394.0,,3.221564760026294,-1.6436554898093303,-0.02499999999999991,
561550,2026-05-18,1.474,1.496,1.508,1.474,404865.0,,2.2727272727272747,0.0,0.0,
561550,2026-05-19,1.49,1.514,1.514,1.472,325377.0,,2.807486631016045,1.2032085561497337,0.018000000000000016,
561550,2026-05-20,1.498,1.522,1.526,1.498,417555.0,,1.8494055482166463,0.5284015852047561,0.008000000000000007,
561550,2026-05-21,1.53,1.49,1.555,1.48,372180.0,,4.927726675427067,-2.102496714848885,-0.03200000000000003,
561550,2026-05-22,1.5,1.514,1.518,1.484,221530.0,,2.2818791946308745,1.6107382550335587,0.02400000000000002,
561550,2026-05-25,1.516,1.524,1.527,1.505,258673.0,,1.4531043593130792,0.6605019815059451,0.010000000000000009,
561550,2026-05-26,1.517,1.524,1.524,1.493,325048.0,,2.034120734908131,0.0,0.0,
561550,2026-05-27,1.517,1.504,1.533,1.49,588398.0,,2.8215223097112814,-1.3123359580052505,-0.020000000000000018,
561550,2026-05-28,1.496,1.511,1.516,1.485,271022.0,,2.0611702127659517,0.46542553191488667,0.006999999999999895,
561550,2026-05-29,1.515,1.475,1.518,1.467,534226.0,,3.3752481800132323,-2.3825281270681544,-0.03599999999999981,
561550,2026-06-01,1.473,1.46,1.493,1.459,338739.0,,2.3050847457627137,-1.0169491525423813,-0.015000000000000124,
561550,2026-06-02,1.46,1.472,1.481,1.436,353725.0,,3.0821917808219284,0.8219178082191789,0.01200000000000001,
561550,2026-06-03,1.467,1.478,1.494,1.46,238755.0,,2.309782608695654,0.4076086956521742,0.006000000000000005,
