code,name,latest_price,pct_chg,price_change,volume,amount,high,low,open,prev_close,turnover_rate,fetched_at
511880,银华日利ETF,100.514,0.0,-0.002,1656052.0,16645775030.0,100.52,100.512,100.513,100.516,18.44,2026-06-09T15:37:48
513310,中韩半导体ETF华泰柏瑞,5.779,9.99,0.525,18299640.0,10288846116.0,5.779,5.411,5.432,5.254,81.21,2026-06-09T15:37:48
511990,华宝添益ETF,100.003,0.0,0.001,733059.0,7330672820.0,100.003,99.999,100.0,100.002,9.3,2026-06-09T15:37:48
159915,创业板ETF易方达,3.972,3.79,0.145,15787653.0,6169162413.896,3.975,3.836,3.877,3.827,14.58,2026-06-09T15:37:48
515880,通信ETF国泰,1.695,5.87,0.094,30816516.0,5113027527.0,1.696,1.618,1.632,1.601,12.92,2026-06-09T15:37:48
512100,中证1000ETF南方,3.341,2.55,0.083,15298071.0,5043848542.0,3.348,3.259,3.283,3.258,36.22,2026-06-09T15:37:48
588000,科创50ETF华夏,1.755,4.28,0.072,28793746.0,4978683139.0,1.76,1.696,1.721,1.683,8.37,2026-06-09T15:37:48
513090,香港证券ETF易方达,1.734,1.17,0.02,28645455.0,4939919089.0,1.737,1.707,1.718,1.714,25.57,2026-06-09T15:37:48
513120,港股创新药ETF广发,0.98,-0.61,-0.006,47009063.0,4577770233.0,0.991,0.958,0.985,0.986,21.28,2026-06-09T15:37:48
563360,A500ETF华泰柏瑞,1.34,2.06,0.027,32418440.0,4283493055.0,1.341,1.311,1.321,1.313,13.85,2026-06-09T15:37:48
588200,科创芯片ETF嘉实,3.483,5.58,0.184,12212207.0,4166467906.0,3.485,3.339,3.382,3.299,9.56,2026-06-09T15:37:48
159338,中证A500ETF国泰,1.268,2.01,0.025,32225279.0,4033589322.588,1.27,1.241,1.25,1.243,16.98,2026-06-09T15:37:48
513130,恒生科技ETF华泰柏瑞,0.599,1.18,0.007,67161677.0,4007707396.0,0.602,0.591,0.593,0.592,9.55,2026-06-09T15:37:48
159941,纳指ETF广发,1.632,4.02,0.063,19858182.0,3202566137.208,1.636,1.594,1.598,1.569,8.84,2026-06-09T15:37:48
513180,恒生科技ETF华夏,0.61,1.16,0.007,50993983.0,3096950907.0,0.612,0.602,0.604,0.603,6.75,2026-06-09T15:37:48
159516,半导体设备ETF国泰,1.262,8.23,0.096,24295758.0,2997204645.242,1.265,1.189,1.195,1.166,14.71,2026-06-09T15:37:48
159845,中证1000ETF华夏,3.432,2.48,0.083,8799684.0,2980475431.512,3.438,3.351,3.375,3.349,46.16,2026-06-09T15:37:48
510500,中证500ETF南方,8.27,2.5,0.202,3622747.0,2955254201.0,8.285,8.058,8.12,8.068,7.89,2026-06-09T15:37:48
159352,A500ETF南方,1.315,1.78,0.023,20701539.0,2692197329.15,1.32,1.291,1.297,1.292,9.41,2026-06-09T15:37:48
518880,黄金ETF华安,9.005,0.58,0.052,2870005.0,2589621005.0,9.046,9.004,9.01,8.953,2.63,2026-06-09T15:37:48
159949,创业板50ETF华安,1.929,4.16,0.077,13441852.0,2555329962.732,1.932,1.861,1.882,1.852,11.08,2026-06-09T15:37:48
510050,上证50ETF华夏,2.917,0.55,0.016,8253141.0,2393804682.0,2.918,2.888,2.904,2.901,10.17,2026-06-09T15:37:48
159131,港股通信息技术ETF华宝,1.082,5.77,0.059,22280194.0,2363455185.656,1.086,1.04,1.048,1.023,179.98,2026-06-09T15:37:48
513050,中概互联网ETF易方达,1.108,1.0,0.011,21012079.0,2327458703.0,1.117,1.092,1.097,1.097,6.35,2026-06-09T15:37:48
159792,港股通互联网ETF富国,0.61,1.67,0.01,37186504.0,2257264333.307,0.613,0.599,0.6,0.6,5.0,2026-06-09T15:37:48
159570,港股通创新药ETF汇添富,1.214,-0.08,-0.001,18591223.0,2244844080.92,1.231,1.185,1.217,1.215,11.26,2026-06-09T15:37:48
159687,亚太精选ETF南方,1.938,7.31,0.132,11434798.0,2183053999.553,1.974,1.837,1.837,1.806,74.55,2026-06-09T15:37:48
512050,A500ETF华夏,1.262,2.02,0.025,17293885.0,2153125854.0,1.263,1.235,1.244,1.237,11.72,2026-06-09T15:37:48
510300,沪深300ETF华泰柏瑞,4.826,1.84,0.087,4361645.0,2085593718.0,4.828,4.741,4.764,4.739,1.53,2026-06-09T15:37:48
513330,恒生互联网ETF华夏,0.393,0.77,0.003,52528007.0,2062178089.0,0.395,0.389,0.39,0.39,7.16,2026-06-09T15:37:48
588170,科创半导体ETF华夏,2.55,8.37,0.197,7717723.0,1916620944.0,2.553,2.39,2.402,2.353,19.79,2026-06-09T15:37:48
588080,科创50ETF易方达,1.701,4.1,0.067,10841118.0,1814798925.0,1.705,1.642,1.665,1.634,5.39,2026-06-09T15:37:48
512480,半导体ETF国联安,2.109,5.71,0.114,8309109.0,1720069024.0,2.113,2.019,2.048,1.995,9.83,2026-06-09T15:37:48
159363,创业板人工智能ETF华宝,1.42,4.72,0.064,11029735.0,1541745843.644,1.425,1.369,1.381,1.356,20.72,2026-06-09T15:37:48
512880,证券ETF国泰,1.005,0.4,0.004,15277820.0,1527536448.0,1.005,0.993,1.001,1.001,2.85,2026-06-09T15:37:48
513100,纳指ETF国泰,2.2,4.07,0.086,6945866.0,1506541070.0,2.203,2.144,2.15,2.114,7.34,2026-06-09T15:37:48
159361,A500ETF易方达,1.296,2.29,0.029,11761674.0,1499460611.684,1.296,1.265,1.272,1.267,6.01,2026-06-09T15:37:48
159530,机器人ETF易方达,1.674,0.48,0.008,9021001.0,1493318498.311,1.678,1.625,1.653,1.666,8.8,2026-06-09T15:37:48
513350,标普油气ETF富国,1.242,-6.48,-0.086,11723018.0,1477714455.0,1.287,1.237,1.261,1.328,136.35,2026-06-09T15:37:48
515050,通信ETF华夏,1.254,5.47,0.065,11934867.0,1466452737.0,1.254,1.196,1.213,1.189,8.58,2026-06-09T15:37:48
159740,恒生科技ETF大成,0.602,1.52,0.009,23958430.0,1432023845.518,0.603,0.592,0.594,0.593,7.91,2026-06-09T15:37:48
512800,银行ETF华宝,0.792,0.38,0.003,17928238.0,1421906301.0,0.798,0.784,0.785,0.789,12.64,2026-06-09T15:37:48
159326,电网设备ETF华夏,2.075,3.8,0.076,6655346.0,1363369980.384,2.077,2.005,2.034,1.999,4.93,2026-06-09T15:37:48
513010,恒生科技ETF易方达,0.629,1.45,0.009,21715486.0,1358405166.0,0.631,0.619,0.622,0.62,4.65,2026-06-09T15:37:48
159509,纳指科技ETF景顺,2.721,3.42,0.09,4903139.0,1326914173.931,2.743,2.668,2.675,2.631,7.4,2026-06-09T15:37:48
562500,机器人ETF华夏,1.179,0.94,0.011,10763535.0,1257040900.0,1.181,1.151,1.168,1.168,6.68,2026-06-09T15:37:48
159567,港股创新药ETF银华,0.588,0.0,0.0,20354351.0,1192563130.334,0.597,0.575,0.588,0.588,18.85,2026-06-09T15:37:48
159967,创业板成长ETF华夏,0.93,4.26,0.038,12921759.0,1179712788.879,0.931,0.89,0.9,0.892,20.36,2026-06-09T15:37:48
515220,煤炭ETF国泰,1.36,-2.09,-0.029,8704658.0,1178802453.0,1.376,1.332,1.343,1.389,7.34,2026-06-09T15:37:48
159995,芯片ETF华夏,2.41,5.1,0.117,4875131.0,1156505534.022,2.419,2.315,2.361,2.293,4.53,2026-06-09T15:37:48
513520,日经ETF华夏,2.352,5.38,0.12,4897695.0,1141488475.0,2.386,2.272,2.272,2.232,46.72,2026-06-09T15:37:48
512400,有色金属ETF南方,1.869,2.69,0.049,6040614.0,1101755024.0,1.874,1.792,1.829,1.82,4.56,2026-06-09T15:37:48
520500,恒生创新药ETF华泰柏瑞,1.188,-0.17,-0.002,9096202.0,1076140673.0,1.206,1.161,1.195,1.19,45.38,2026-06-09T15:37:48
159206,卫星ETF永赢,1.645,1.86,0.03,6564089.0,1062684828.131,1.646,1.592,1.62,1.615,6.04,2026-06-09T15:37:48
159892,恒生医药ETF华夏,0.613,-0.81,-0.005,16565188.0,1007113213.804,0.618,0.599,0.615,0.618,21.92,2026-06-09T15:37:48
159518,标普油气ETF嘉实,1.137,-5.49,-0.066,8424982.0,967780787.066,1.173,1.127,1.168,1.203,41.11,2026-06-09T15:37:48
513980,港股科技ETF景顺,0.613,2.0,0.012,15126635.0,916303731.0,0.615,0.598,0.604,0.601,5.73,2026-06-09T15:37:48
159611,电力ETF广发,1.159,1.22,0.014,7896087.0,901759439.4,1.159,1.122,1.146,1.145,8.24,2026-06-09T15:37:48
159316,港股通创新药ETF易方达,0.973,-0.1,-0.001,8469818.0,820630847.655,0.986,0.953,0.975,0.974,21.23,2026-06-09T15:37:48
510210,上证指数ETF富国,1.008,1.2,0.012,8183381.0,819720677.0,1.008,0.995,0.998,0.996,9.46,2026-06-09T15:37:48
159001,货币ETF易方达,100.0,0.0,0.0,80696.0,806958107.012,100.001,99.999,100.0,100.0,40.46,2026-06-09T15:37:48
512000,券商ETF华宝,0.48,0.63,0.003,16614461.0,793881329.0,0.481,0.474,0.478,0.477,2.24,2026-06-09T15:37:48
159381,创业板人工智能ETF华夏,1.344,4.35,0.056,5682768.0,750607780.1,1.349,1.295,1.309,1.288,33.48,2026-06-09T15:37:48
513300,纳斯达克ETF华夏,2.687,4.11,0.106,2807666.0,744817048.0,2.688,2.619,2.621,2.581,5.42,2026-06-09T15:37:48
159196,港股通信息技术ETF易方达,1.39,6.11,0.08,5488431.0,743997458.07,1.391,1.331,1.339,1.31,275.07,2026-06-09T15:37:48
560010,中证1000ETF广发,3.427,2.64,0.088,2150581.0,726999503.0,3.431,3.341,3.366,3.339,22.16,2026-06-09T15:37:48
513060,恒生医疗ETF博时,0.463,-0.64,-0.003,15383259.0,710031118.0,0.467,0.456,0.466,0.466,13.29,2026-06-09T15:37:48
159558,半导体设备ETF易方达,2.963,8.3,0.227,2400942.0,690849325.888,2.963,2.79,2.802,2.736,8.89,2026-06-09T15:37:48
159934,黄金ETF易方达,9.411,0.6,0.056,721105.0,679774976.019,9.452,9.407,9.407,9.355,1.81,2026-06-09T15:37:48
512890,红利低波ETF华泰柏瑞,1.164,-0.09,-0.001,5800056.0,675247414.0,1.169,1.157,1.163,1.165,2.04,2026-06-09T15:37:48
159632,纳斯达克ETF华安,2.427,3.67,0.086,2742850.0,658421589.2,2.435,2.373,2.376,2.341,5.68,2026-06-09T15:37:48
159781,科创创业ETF易方达,1.262,4.64,0.056,5129231.0,636631776.034,1.265,1.212,1.225,1.206,4.58,2026-06-09T15:37:48
513770,港股互联网ETF华宝,0.372,1.09,0.004,17067914.0,633143121.0,0.374,0.366,0.368,0.368,8.4,2026-06-09T15:37:48
513880,日经225ETF华安,2.159,4.6,0.095,2924835.0,622241250.0,2.178,2.088,2.098,2.064,23.11,2026-06-09T15:37:48
159583,通信ETF富国,1.969,4.9,0.092,3164035.0,612320273.001,1.969,1.891,1.918,1.877,20.62,2026-06-09T15:37:48
159217,港股通创新药ETF工银,0.985,0.2,0.002,6221677.0,609390181.8,0.998,0.962,0.983,0.983,12.66,2026-06-09T15:37:48
159819,人工智能ETF易方达,1.94,3.41,0.064,3153151.0,604693496.966,1.947,1.88,1.912,1.876,2.75,2026-06-09T15:37:48
513750,港股通非银ETF广发,1.469,0.82,0.012,4109159.0,600041149.0,1.471,1.451,1.451,1.457,3.46,2026-06-09T15:37:48
159937,黄金ETF博时,8.986,0.63,0.056,664182.0,597890503.113,9.025,8.985,8.985,8.93,1.35,2026-06-09T15:37:48
159633,中证1000ETF易方达,3.52,2.83,0.097,1721746.0,597287871.622,3.521,3.431,3.442,3.423,27.67,2026-06-09T15:37:48
518800,黄金ETF国泰,9.44,0.55,0.052,623120.0,589575777.0,9.484,9.429,9.429,9.388,1.63,2026-06-09T15:37:48
512010,医药ETF易方达,0.32,-0.62,-0.002,18365606.0,583628161.0,0.321,0.315,0.32,0.322,3.59,2026-06-09T15:37:48
513040,港股通互联网ETF易方达,0.993,1.22,0.012,5888427.0,583350621.0,0.998,0.977,0.981,0.981,8.87,2026-06-09T15:37:48
513190,港股通金融ETF华夏,1.749,0.29,0.005,3296190.0,575879077.0,1.758,1.734,1.738,1.744,29.15,2026-06-09T15:37:48
512690,酒ETF鹏华,0.421,-0.94,-0.004,13497649.0,567629508.0,0.425,0.418,0.425,0.425,3.93,2026-06-09T15:37:48
159351,A500ETF嘉实,1.27,1.68,0.021,4494776.0,565207567.1,1.274,1.244,1.251,1.249,7.72,2026-06-09T15:37:48
159636,港股通科技30ETF工银,0.519,1.37,0.007,10943248.0,563894720.863,0.521,0.509,0.511,0.512,2.31,2026-06-09T15:37:48
512170,医疗ETF华宝,0.292,-0.34,-0.001,18647787.0,540902577.0,0.293,0.288,0.292,0.293,2.16,2026-06-09T15:37:48
159732,消费电子ETF华夏,1.573,5.36,0.08,3463053.0,535111182.864,1.574,1.502,1.523,1.493,13.75,2026-06-09T15:37:48
512500,中证500ETF华夏,4.574,2.3,0.103,1182137.0,532208048.0,4.586,4.464,4.499,4.471,7.28,2026-06-09T15:37:48
159919,沪深300ETF嘉实,5.026,1.8,0.089,1061035.0,527744658.619,5.028,4.938,4.96,4.937,0.85,2026-06-09T15:37:48
159262,港股通科技ETF广发,0.913,2.47,0.022,5734563.0,518239074.333,0.915,0.891,0.893,0.891,6.18,2026-06-09T15:37:48
159870,化工ETF鹏华,0.804,1.64,0.013,6516010.0,517086196.766,0.805,0.782,0.795,0.791,3.31,2026-06-09T15:37:48
563300,中证2000ETF华泰柏瑞,1.545,2.25,0.034,3354560.0,512875390.0,1.549,1.508,1.518,1.511,13.96,2026-06-09T15:37:48
513160,港股科技ETF银华,1.013,2.22,0.022,5069041.0,508761126.0,1.017,0.992,0.995,0.991,12.61,2026-06-09T15:37:48
159866,日经ETF工银,1.7,4.29,0.07,3023366.0,506355328.175,1.701,1.647,1.655,1.63,40.21,2026-06-09T15:37:48
159755,电池ETF广发,1.069,2.79,0.029,4774396.0,503210850.693,1.075,1.034,1.052,1.04,4.84,2026-06-09T15:37:48
588220,科创100ETF鹏华,1.805,4.27,0.074,2802162.0,496619713.0,1.806,1.739,1.746,1.731,9.57,2026-06-09T15:37:48
513260,恒生科技ETF汇添富,1.171,1.65,0.019,4255284.0,495284840.0,1.174,1.153,1.153,1.152,7.52,2026-06-09T15:37:48
563220,A500ETF富国,1.319,2.01,0.026,3782866.0,492049474.0,1.32,1.29,1.298,1.293,6.56,2026-06-09T15:37:48
159992,创新药ETF银华,0.709,0.28,0.002,6983297.0,491012583.194,0.713,0.696,0.706,0.707,3.63,2026-06-09T15:37:48
512760,芯片ETF国泰,1.123,5.15,0.055,4250509.0,468104583.0,1.125,1.077,1.095,1.068,4.82,2026-06-09T15:37:48
520980,港股通科技ETF汇添富,0.921,2.45,0.022,5071287.0,462339887.0,0.924,0.9,0.901,0.899,11.97,2026-06-09T15:37:48
159952,创业板ETF广发,2.414,3.96,0.092,1936056.0,459252986.382,2.414,2.33,2.346,2.322,5.55,2026-06-09T15:37:48
511660,货币ETF建信,100.002,0.0,-0.002,45256.0,452574919.0,100.006,100.001,100.002,100.004,5.33,2026-06-09T15:37:48
512040,价值100ETF富国,1.193,0.93,0.011,3770466.0,448424757.0,1.197,1.182,1.184,1.182,10.92,2026-06-09T15:37:48
513110,纳指ETF华泰柏瑞,2.456,3.76,0.089,1832946.0,444855472.0,2.463,2.4,2.404,2.367,8.55,2026-06-09T15:37:48
159259,成长ETF易方达,1.535,5.72,0.083,2901997.0,436933711.8,1.538,1.462,1.472,1.452,14.91,2026-06-09T15:37:48
563800,A500ETF广发,1.263,1.85,0.023,3499529.0,436436522.0,1.267,1.238,1.246,1.24,4.92,2026-06-09T15:37:48
510310,沪深300ETF易方达,4.67,1.68,0.077,930252.0,430069060.0,4.671,4.588,4.607,4.593,0.42,2026-06-09T15:37:48
510330,沪深300ETF华夏,5.025,1.7,0.084,858292.0,426676607.0,5.026,4.934,4.948,4.941,0.6,2026-06-09T15:37:48
510100,上证50ETF易方达,2.854,0.39,0.011,1479110.0,420218620.0,2.857,2.828,2.844,2.843,11.94,2026-06-09T15:37:48
560780,半导体设备ETF广发,2.789,8.39,0.216,1522829.0,412948314.0,2.79,2.622,2.644,2.573,8.99,2026-06-09T15:37:48
159566,储能电池ETF易方达,2.195,3.64,0.077,1915119.0,412671507.159,2.197,2.128,2.141,2.118,6.63,2026-06-09T15:37:48
513500,标普500ETF博时,2.552,1.47,0.037,1620887.0,411308249.0,2.554,2.522,2.522,2.515,1.63,2026-06-09T15:37:48
159682,创业板50ETF景顺,1.874,4.05,0.073,2213309.0,408005486.89,1.878,1.808,1.827,1.801,9.86,2026-06-09T15:37:48
517520,黄金股ETF永赢,1.744,1.63,0.028,2345860.0,404166431.0,1.75,1.697,1.723,1.716,4.23,2026-06-09T15:37:48
520880,港股通创新药ETF华宝,0.383,-0.52,-0.002,10400991.0,398765264.0,0.39,0.377,0.385,0.385,16.67,2026-06-09T15:37:48
159185,港股通信息技术ETF鹏华,1.235,6.01,0.07,3282539.0,396632034.943,1.239,1.188,1.189,1.165,210.29,2026-06-09T15:37:48
588710,科创半导体设备ETF华泰柏瑞,2.635,8.3,0.202,1529674.0,391164055.0,2.636,2.472,2.481,2.433,19.45,2026-06-09T15:37:48
510880,红利ETF华泰柏瑞,3.291,-0.39,-0.013,1183731.0,388507413.0,3.3,3.266,3.28,3.304,2.01,2026-06-09T15:37:48
159387,创业板新能源ETF国泰,0.887,3.5,0.03,4438269.0,386211432.9,0.889,0.86,0.873,0.857,29.21,2026-06-09T15:37:48
159506,港股通创新药医疗ETF富国,1.045,-0.38,-0.004,3652264.0,379431339.1,1.058,1.022,1.048,1.049,16.42,2026-06-09T15:37:48
159875,新能源ETF嘉实,0.686,3.0,0.02,5560753.0,379139166.488,0.687,0.662,0.668,0.666,24.61,2026-06-09T15:37:48
512070,证券保险ETF易方达,0.746,0.54,0.004,5049418.0,375248971.0,0.747,0.737,0.74,0.742,3.21,2026-06-09T15:37:48
159659,纳斯达克100ETF招商,2.316,3.72,0.083,1633366.0,374557364.377,2.322,2.267,2.273,2.233,3.78,2026-06-09T15:37:48
562590,半导体设备ETF华夏,2.661,8.21,0.202,1442037.0,372092368.0,2.662,2.507,2.517,2.459,10.4,2026-06-09T15:37:48
159901,深证100ETF易方达,3.98,2.79,0.108,944917.0,369955579.658,3.983,3.873,3.9,3.872,9.86,2026-06-09T15:37:48
159922,中证500ETF嘉实,3.287,2.46,0.079,1132244.0,366785447.238,3.293,3.204,3.23,3.208,5.09,2026-06-09T15:37:48
159813,半导体ETF鹏华,1.545,5.25,0.077,2412459.0,365472413.111,1.547,1.48,1.507,1.468,7.21,2026-06-09T15:37:48
513000,日经225ETF易方达,2.32,3.43,0.077,1577080.0,363245621.0,2.332,2.268,2.291,2.243,16.19,2026-06-09T15:37:48
159667,工业母机ETF国泰,2.438,2.87,0.068,1444424.0,347736417.3,2.444,2.367,2.395,2.37,15.89,2026-06-09T15:37:48
513650,标普500ETF南方,1.89,1.72,0.032,1846094.0,346191728.0,1.893,1.858,1.867,1.858,4.58,2026-06-09T15:37:48
159852,软件ETF嘉实,0.721,1.84,0.013,4811212.0,344525314.136,0.723,0.704,0.712,0.708,4.1,2026-06-09T15:37:48
563230,卫星ETF富国,1.377,2.46,0.033,2504635.0,340025850.0,1.377,1.321,1.35,1.344,7.04,2026-06-09T15:37:48
159770,机器人ETF天弘,1.222,1.08,0.013,2752920.0,333076801.879,1.223,1.193,1.209,1.209,4.87,2026-06-09T15:37:48
588790,科创AIETF博时,0.896,2.99,0.026,3746420.0,330228571.0,0.898,0.87,0.883,0.87,11.96,2026-06-09T15:37:48
516150,稀土ETF嘉实,1.947,3.84,0.072,1704356.0,326468727.0,1.953,1.872,1.89,1.875,4.17,2026-06-09T15:37:48
560860,工业有色ETF万家,1.598,2.7,0.042,2072374.0,325298272.0,1.601,1.535,1.565,1.556,3.56,2026-06-09T15:37:48
588050,科创50ETF工银,1.706,3.96,0.065,1873555.0,314299646.0,1.712,1.65,1.666,1.641,4.2,2026-06-09T15:37:48
159920,恒生ETF华夏,1.453,0.41,0.006,2128901.0,308405822.9,1.455,1.439,1.447,1.447,3.21,2026-06-09T15:37:48
518850,黄金ETF华夏,9.089,0.54,0.049,335514.0,305562653.0,9.13,9.079,9.079,9.04,1.88,2026-06-09T15:37:48
562800,稀有金属ETF嘉实,1.035,4.76,0.047,3036615.0,305269743.0,1.038,0.984,0.996,0.988,5.49,2026-06-09T15:37:48
526000,港股通信息技术ETF华夏,1.334,5.79,0.073,2330632.0,303446152.0,1.335,1.28,1.299,1.261,255.71,2026-06-09T15:37:48
159977,创业板ETF天弘,2.067,3.87,0.077,1496226.0,303417609.9,2.068,1.996,2.013,1.99,5.12,2026-06-09T15:37:48
515980,人工智能ETF华富,1.129,3.58,0.039,2693102.0,300148522.0,1.132,1.093,1.104,1.09,4.64,2026-06-09T15:37:48
513780,港股创新药ETF景顺,1.262,-0.71,-0.009,2378495.0,297932122.0,1.276,1.232,1.275,1.271,12.99,2026-06-09T15:37:48
159796,电池ETF汇添富,1.022,2.92,0.029,2949005.0,296182919.242,1.025,0.987,1.002,0.993,4.49,2026-06-09T15:37:48
159101,港股通科技ETF华夏,0.739,1.37,0.01,4002744.0,294283659.4,0.741,0.727,0.731,0.729,11.38,2026-06-09T15:37:48
588060,科创50ETF广发,1.059,4.23,0.043,2829232.0,294151553.0,1.059,1.022,1.032,1.016,5.48,2026-06-09T15:37:48
588800,科创100ETF华夏,1.786,4.44,0.076,1679457.0,292947870.0,1.786,1.716,1.733,1.71,11.81,2026-06-09T15:37:48
561380,电网设备ETF国泰,2.266,3.75,0.082,1293903.0,289307447.0,2.268,2.174,2.199,2.184,4.0,2026-06-09T15:37:48
159869,游戏ETF华夏,1.107,1.0,0.011,2610390.0,288163468.208,1.114,1.095,1.105,1.096,3.66,2026-06-09T15:37:48
159201,自由现金流ETF华夏,1.171,-0.09,-0.001,2461092.0,287508497.316,1.176,1.162,1.173,1.172,1.76,2026-06-09T15:37:48
515790,光伏ETF华泰柏瑞,1.014,2.74,0.027,2861502.0,285613047.0,1.015,0.976,0.996,0.987,3.89,2026-06-09T15:37:48
513020,港股科技ETF国泰,0.957,2.03,0.019,2975389.0,282155540.0,0.959,0.934,0.94,0.938,8.05,2026-06-09T15:37:48
159263,价值ETF易方达,1.132,-0.53,-0.006,2492972.0,282060398.7,1.138,1.127,1.138,1.138,5.02,2026-06-09T15:37:48
515080,中证红利ETF招商,1.583,-0.06,-0.001,1786844.0,282021804.0,1.584,1.571,1.58,1.584,2.59,2026-06-09T15:37:48
561980,半导体设备ETF招商,3.103,6.71,0.195,915904.0,277818883.0,3.109,2.962,2.971,2.908,7.77,2026-06-09T15:37:48
515180,红利ETF易方达,1.414,-0.21,-0.003,1964518.0,277076257.0,1.417,1.403,1.412,1.417,1.66,2026-06-09T15:37:48
159513,纳斯达克100ETF大成,1.802,3.8,0.066,1511828.0,269753163.5,1.813,1.759,1.763,1.736,3.59,2026-06-09T15:37:48
520700,港股通创新药ETF万家,1.216,-0.82,-0.01,2218564.0,267679799.0,1.227,1.186,1.226,1.226,40.19,2026-06-09T15:37:48
515120,创新药ETF广发,0.532,0.38,0.002,5066347.0,267066417.0,0.534,0.52,0.528,0.53,3.05,2026-06-09T15:37:48
159842,券商ETF银华,0.955,0.32,0.003,2803870.0,266532869.365,0.956,0.944,0.953,0.952,2.78,2026-06-09T15:37:48
588290,科创芯片ETF华安,3.408,5.54,0.179,797983.0,266226691.0,3.411,3.271,3.31,3.229,6.51,2026-06-09T15:37:48
513400,道琼斯ETF鹏华,1.264,0.64,0.008,2108625.0,265580599.0,1.265,1.254,1.257,1.256,9.6,2026-06-09T15:37:48
516160,新能源ETF南方,2.902,3.24,0.091,901214.0,256205747.0,2.91,2.799,2.824,2.811,4.4,2026-06-09T15:37:48
159368,创业板新能源ETF华夏,1.608,3.41,0.053,1610697.0,254291037.3,1.611,1.557,1.574,1.555,24.81,2026-06-09T15:37:48
520920,恒生科技ETF天弘,0.713,1.28,0.009,3581926.0,254159220.0,0.716,0.703,0.709,0.704,1.75,2026-06-09T15:37:48
159851,金融科技ETF华宝,0.637,2.08,0.013,3996496.0,253215961.3,0.639,0.623,0.631,0.624,3.86,2026-06-09T15:37:48
159501,纳指ETF嘉实,2.079,3.13,0.063,1221342.0,251652488.4,2.082,2.046,2.05,2.016,1.94,2026-06-09T15:37:48
159994,通信ETF银华,1.536,5.79,0.084,1674251.0,250818220.06,1.536,1.464,1.483,1.452,7.06,2026-06-09T15:37:48
513380,恒生科技ETF广发,0.553,1.47,0.008,4555445.0,250595979.0,0.555,0.545,0.546,0.545,2.29,2026-06-09T15:37:48
515030,新能源车ETF华夏,1.87,2.75,0.05,1340465.0,245374022.0,1.877,1.804,1.825,1.82,7.68,2026-06-09T15:37:48
512660,军工ETF国泰,1.235,1.23,0.015,2000054.0,244614188.0,1.236,1.21,1.226,1.22,3.53,2026-06-09T15:37:48
159660,纳指ETF汇添富,2.351,3.25,0.074,1043550.0,244013908.513,2.363,2.306,2.312,2.277,4.93,2026-06-09T15:37:48
563020,红利低波ETF易方达,1.17,0.17,0.002,2084798.0,243808359.0,1.174,1.163,1.168,1.168,2.22,2026-06-09T15:37:48
159198,港股通信息技术ETF富国,1.392,5.94,0.078,1790763.0,243734966.2,1.395,1.335,1.342,1.314,240.87,2026-06-09T15:37:48
512710,军工龙头ETF富国,0.667,0.76,0.005,3669094.0,242490062.0,0.669,0.654,0.663,0.662,3.11,2026-06-09T15:37:48
511850,招商财富宝ETF,100.004,-0.01,-0.012,24018.0,240194378.0,100.012,100.001,100.011,100.016,27.21,2026-06-09T15:37:48
159278,机器人ETF鹏华,1.186,0.85,0.01,2045010.0,239180163.128,1.187,1.147,1.169,1.176,15.14,2026-06-09T15:37:48
589020,科创半导体设备ETF鹏华,2.054,8.16,0.155,1190427.0,237539868.0,2.054,1.928,1.94,1.899,26.32,2026-06-09T15:37:48
513910,港股通央企红利ETF华夏,1.558,0.13,0.002,1500754.0,233100745.0,1.559,1.547,1.559,1.556,6.4,2026-06-09T15:37:48
159227,航空航天ETF华夏,1.116,0.45,0.005,2107301.0,232833838.1,1.116,1.095,1.111,1.111,4.66,2026-06-09T15:37:48
513630,港股低波红利ETF摩根,1.607,-0.37,-0.006,1445980.0,232207814.0,1.613,1.6,1.612,1.613,1.58,2026-06-09T15:37:48
512980,传媒ETF广发,0.868,1.64,0.014,2679958.0,231535428.0,0.872,0.849,0.861,0.854,5.25,2026-06-09T15:37:48
159928,消费ETF汇添富,0.644,-0.31,-0.002,3574829.0,230357941.925,0.649,0.641,0.645,0.646,1.5,2026-06-09T15:37:48
561560,电力ETF华泰柏瑞,1.404,0.86,0.012,1634923.0,226892599.0,1.405,1.363,1.39,1.392,6.76,2026-06-09T15:37:48
588750,科创芯片ETF汇添富,2.323,5.54,0.122,981685.0,222695179.0,2.323,2.227,2.254,2.201,4.29,2026-06-09T15:37:48
159218,卫星ETF招商,1.678,2.32,0.038,1336020.0,221397919.7,1.681,1.615,1.646,1.64,5.48,2026-06-09T15:37:48
159629,中证1000ETF富国,3.429,2.79,0.093,652438.0,220329687.143,3.432,3.344,3.358,3.336,15.79,2026-06-09T15:37:48
159559,机器人ETF景顺,1.505,0.67,0.01,1471871.0,218400689.797,1.507,1.457,1.487,1.495,8.78,2026-06-09T15:37:48
159272,机器人ETF富国,1.007,0.7,0.007,2186746.0,217096822.538,1.007,0.975,0.997,1.0,9.96,2026-06-09T15:37:48
562550,绿电ETF华夏,1.263,1.12,0.014,1738839.0,216244710.0,1.263,1.222,1.252,1.249,8.93,2026-06-09T15:37:48
159783,科创创业50ETF华夏,1.269,5.05,0.061,1731838.0,214888506.372,1.269,1.216,1.227,1.208,3.94,2026-06-09T15:37:48
159605,中概互联ETF广发,0.819,0.74,0.006,2625950.0,214466242.211,0.822,0.81,0.811,0.813,5.92,2026-06-09T15:37:48
588090,科创50ETF华泰柏瑞,1.712,4.14,0.068,1272224.0,214142973.0,1.714,1.653,1.666,1.644,6.74,2026-06-09T15:37:48
512630,卫星ETF广发,1.376,2.38,0.032,1571529.0,213293843.0,1.378,1.324,1.345,1.344,9.37,2026-06-09T15:37:48
510760,上证指数ETF国泰,1.303,1.16,0.015,1613751.0,208891885.0,1.303,1.287,1.291,1.288,7.15,2026-06-09T15:37:48
159742,恒生科技ETF博时,0.618,1.48,0.009,3373624.0,207015644.3,0.619,0.608,0.609,0.609,4.65,2026-06-09T15:37:48
588780,科创芯片设计ETF国联安,1.034,4.66,0.046,2026984.0,206316639.0,1.038,1.0,1.009,0.988,22.42,2026-06-09T15:37:48
159801,芯片ETF广发,1.196,5.19,0.059,1756150.0,205618677.768,1.197,1.145,1.166,1.137,4.68,2026-06-09T15:37:48
511700,货币ETF平安,100.006,-0.01,-0.006,20527.0,205277070.0,100.009,100.001,100.007,100.012,13.86,2026-06-09T15:37:48
513690,港股红利ETF博时,1.141,-0.35,-0.004,1800847.0,205036816.0,1.144,1.135,1.144,1.145,4.34,2026-06-09T15:37:48
515070,人工智能ETF华夏,2.461,3.45,0.082,842006.0,204647440.0,2.466,2.383,2.411,2.379,2.19,2026-06-09T15:37:48
159691,港股红利ETF工银,1.232,0.33,0.004,1669411.0,204460201.236,1.232,1.218,1.228,1.228,3.95,2026-06-09T15:37:48
159232,自由现金流ETF南方,1.194,-0.42,-0.005,1708798.0,203522760.904,1.199,1.187,1.199,1.199,5.65,2026-06-09T15:37:48
513860,港股通科技ETF海富通,0.612,2.0,0.012,3351561.0,202857598.0,0.613,0.597,0.6,0.6,7.06,2026-06-09T15:37:48
510900,恒生中国企业ETF易方达,1.03,0.29,0.003,1948433.0,200581250.0,1.035,1.023,1.027,1.027,5.34,2026-06-09T15:37:48
159957,创业板ETF华夏,2.61,3.98,0.1,778122.0,198979819.3,2.61,2.517,2.534,2.51,10.02,2026-06-09T15:37:48
588030,科创100ETF博时,1.814,4.31,0.075,1113340.0,197930341.0,1.815,1.749,1.753,1.739,4.25,2026-06-09T15:37:48
520600,港股通汽车ETF广发,1.14,1.24,0.014,1748085.0,197540226.0,1.141,1.121,1.129,1.126,42.55,2026-06-09T15:37:48
516650,有色金属ETF华夏,1.792,2.52,0.044,1109782.0,194569893.0,1.798,1.722,1.755,1.748,1.95,2026-06-09T15:37:48
520510,港股通医疗ETF华夏,0.726,-0.68,-0.005,2694863.0,194286985.0,0.738,0.712,0.731,0.731,119.39,2026-06-09T15:37:48
510580,中证500ETF易方达,4.244,2.41,0.1,465224.0,194155869.0,4.253,4.136,4.16,4.144,4.82,2026-06-09T15:37:48
159841,证券ETF天弘,0.909,0.33,0.003,2122705.0,192344436.75,0.911,0.9,0.906,0.906,1.86,2026-06-09T15:37:48
561910,电池ETF招商,0.872,2.95,0.025,2218674.0,189881895.0,0.874,0.842,0.854,0.847,4.8,2026-06-09T15:37:48
159297,港股通创新药ETF南方,0.612,-0.16,-0.001,3108979.0,189349383.511,0.621,0.598,0.613,0.613,10.78,2026-06-09T15:37:48
515000,科技ETF华宝,1.387,4.6,0.061,1373468.0,187227560.0,1.391,1.336,1.348,1.326,6.16,2026-06-09T15:37:48
588760,科创人工智能ETF广发,0.85,3.03,0.025,2223160.0,185647844.0,0.85,0.824,0.834,0.825,10.17,2026-06-09T15:37:48
513870,纳指ETF富国,2.058,3.94,0.078,901315.0,183542249.0,2.061,2.011,2.013,1.98,7.31,2026-06-09T15:37:48
515100,红利低波100ETF景顺,1.409,-0.28,-0.004,1296503.0,182848871.0,1.417,1.405,1.413,1.413,3.09,2026-06-09T15:37:48
159382,创业板人工智能ETF南方,3.036,4.37,0.127,609213.0,181902202.6,3.048,2.928,2.957,2.909,7.72,2026-06-09T15:37:48
159696,纳指ETF易方达,2.016,3.07,0.06,898014.0,180228487.962,2.028,1.987,1.987,1.956,3.53,2026-06-09T15:37:48
513850,美国50ETF易方达,1.766,2.08,0.036,1025527.0,179910371.0,1.772,1.736,1.743,1.73,8.65,2026-06-09T15:37:48
513240,港股通信息技术ETF华安,1.142,5.84,0.063,1593942.0,178070880.0,1.147,1.098,1.105,1.079,166.91,2026-06-09T15:37:48
159323,港股通汽车ETF华夏,1.176,1.2,0.014,1512181.0,176274099.193,1.178,1.158,1.175,1.162,149.58,2026-06-09T15:37:48
516020,化工ETF华宝,0.857,1.78,0.015,2051299.0,173612876.0,0.859,0.834,0.844,0.842,5.12,2026-06-09T15:37:48
159780,科创创业50ETF南方,1.259,2.52,0.031,1398368.0,173308379.895,1.26,1.21,1.228,1.228,5.32,2026-06-09T15:37:48
513200,港股通医药ETF易方达,0.84,-0.36,-0.003,2071319.0,172746330.0,0.846,0.822,0.843,0.843,17.39,2026-06-09T15:37:48
159269,港股通科技ETF南方,0.865,1.76,0.015,1994180.0,171089740.6,0.868,0.847,0.856,0.85,9.47,2026-06-09T15:37:48
589720,科创创新药ETF国泰,0.742,1.23,0.009,2310979.0,170665515.0,0.754,0.723,0.734,0.733,11.8,2026-06-09T15:37:48
159655,标普500ETF华夏,1.898,1.71,0.032,899082.0,169423229.8,1.901,1.869,1.872,1.866,4.26,2026-06-09T15:37:48
516090,新能源ETF易方达,0.571,3.07,0.017,2997153.0,169232264.0,0.572,0.551,0.556,0.554,14.79,2026-06-09T15:37:48
563530,卫星ETF易方达,1.371,2.16,0.029,1246284.0,168470817.0,1.373,1.319,1.341,1.342,7.97,2026-06-09T15:37:48
159388,创业板人工智能ETF国泰,1.164,4.58,0.051,1470678.0,168300236.0,1.167,1.122,1.124,1.113,16.4,2026-06-09T15:37:48
159531,中证2000ETF南方,1.511,1.96,0.029,1117319.0,166999941.2,1.512,1.478,1.488,1.482,17.83,2026-06-09T15:37:48
518660,黄金ETF工银,9.028,0.57,0.051,183724.0,166181684.0,9.067,9.01,9.01,8.977,1.93,2026-06-09T15:37:48
516640,芯片ETF富国,1.486,5.02,0.071,1140078.0,165976395.0,1.488,1.426,1.448,1.415,9.5,2026-06-09T15:37:48
588730,科创人工智能ETF易方达,1.66,3.04,0.049,1014176.0,165879280.0,1.661,1.611,1.637,1.611,15.15,2026-06-09T15:37:48
516350,芯片ETF易方达,1.683,5.25,0.084,1000031.0,165274661.0,1.684,1.614,1.639,1.599,8.71,2026-06-09T15:37:48
515230,软件ETF国泰,0.737,1.8,0.013,2255729.0,165146318.0,0.738,0.719,0.73,0.724,3.23,2026-06-09T15:37:48
562950,消费电子ETF易方达,1.781,5.07,0.086,936496.0,163106189.0,1.786,1.7,1.719,1.695,9.22,2026-06-09T15:37:48
515450,红利低波50ETF南方,1.413,0.21,0.003,1149947.0,162176380.0,1.417,1.406,1.41,1.41,0.88,2026-06-09T15:37:48
518680,金ETF富国,9.423,0.54,0.051,171267.0,161688786.0,9.466,9.41,9.41,9.372,2.12,2026-06-09T15:37:48
159547,红利低波ETF华夏,1.201,0.17,0.002,1330269.0,159771363.5,1.205,1.194,1.2,1.199,11.55,2026-06-09T15:37:48
159930,能源ETF汇添富,1.756,-2.82,-0.051,899456.0,158080196.9,1.794,1.742,1.77,1.807,9.97,2026-06-09T15:37:48
512930,AI人工智能ETF平安,0.692,3.44,0.023,2311194.0,157778626.0,0.693,0.67,0.678,0.669,5.35,2026-06-09T15:37:48
159399,现金流ETF国泰,1.013,-0.39,-0.004,1552151.0,156803595.863,1.017,1.007,1.015,1.017,3.35,2026-06-09T15:37:48
159246,创业板人工智能ETF富国,1.339,4.77,0.061,1190033.0,156643156.5,1.343,1.29,1.304,1.278,4.14,2026-06-09T15:37:48
159599,芯片ETF东财,2.885,5.29,0.145,552800.0,156385464.2,2.888,2.763,2.81,2.74,10.75,2026-06-09T15:37:48
159652,有色ETF汇添富,1.586,2.65,0.041,1001549.0,155733964.3,1.593,1.526,1.553,1.545,4.99,2026-06-09T15:37:48
560390,电网设备ETF易方达,1.066,3.6,0.037,1477240.0,155201244.0,1.066,1.025,1.033,1.029,10.47,2026-06-09T15:37:48
520570,恒生科技ETF南方,0.771,1.31,0.01,2012996.0,154360078.0,0.774,0.76,0.761,0.761,5.58,2026-06-09T15:37:48
159327,半导体设备ETF万家,3.014,8.18,0.228,526764.0,154344795.1,3.016,2.8,2.858,2.786,13.35,2026-06-09T15:37:48
513580,恒生科技ETF华安,0.606,1.51,0.009,2533475.0,152608538.0,0.607,0.596,0.599,0.597,3.56,2026-06-09T15:37:48
589800,科创综指ETF易方达,1.621,3.51,0.055,933045.0,150295734.0,1.633,1.578,1.589,1.566,9.8,2026-06-09T15:37:48
513600,恒生指数ETF南方,2.698,0.52,0.014,558252.0,150132643.0,2.702,2.672,2.679,2.684,7.95,2026-06-09T15:37:48
512090,MSCIA股ETF易方达,2.026,1.81,0.036,749975.0,150131871.0,2.028,1.988,2.004,1.99,23.47,2026-06-09T15:37:48
159502,标普生物科技ETF嘉实,1.293,0.39,0.005,1157331.0,149024202.76,1.294,1.281,1.285,1.288,9.41,2026-06-09T15:37:48
520650,港股通互联网ETF南方,0.634,1.44,0.009,2354836.0,148949092.0,0.637,0.625,0.625,0.625,10.75,2026-06-09T15:37:48
513390,纳指100ETF博时,2.422,3.95,0.092,621757.0,148925785.0,2.428,2.353,2.373,2.33,3.37,2026-06-09T15:37:48
159607,中概互联网ETF嘉实,0.813,0.62,0.005,1804419.0,146351190.872,0.816,0.802,0.806,0.808,14.32,2026-06-09T15:37:48
516780,稀土ETF华泰柏瑞,0.943,3.63,0.033,1540211.0,143258614.0,0.947,0.908,0.917,0.91,6.17,2026-06-09T15:37:48
159615,恒生生物科技ETF南方,0.881,-0.68,-0.006,1605707.0,140636572.1,0.889,0.863,0.886,0.887,27.59,2026-06-09T15:37:48
588230,科创200ETF华泰柏瑞,1.967,4.13,0.078,718133.0,138898134.0,1.971,1.9,1.91,1.889,13.37,2026-06-09T15:37:48
588890,科创芯片ETF南方,3.921,5.46,0.203,358855.0,138140419.0,3.927,3.764,3.802,3.718,4.27,2026-06-09T15:37:48
518600,金ETF广发,9.384,0.58,0.054,146653.0,137895016.0,9.426,9.375,9.375,9.33,1.88,2026-06-09T15:37:48
588190,科创100ETF银华,1.801,4.53,0.078,775409.0,137027570.0,1.803,1.736,1.745,1.723,5.1,2026-06-09T15:37:48
520990,港股央企红利ETF景顺,1.025,-0.58,-0.006,1323888.0,135382821.0,1.031,1.018,1.031,1.031,3.1,2026-06-09T15:37:48
159157,有色金属ETF天弘,0.832,2.46,0.02,1645052.0,134127079.8,0.834,0.8,0.818,0.812,1.82,2026-06-09T15:37:48
512200,房地产ETF南方,1.263,0.08,0.001,1058741.0,132615432.0,1.275,1.244,1.266,1.262,3.11,2026-06-09T15:37:48
560610,A500ETF招商,1.242,1.8,0.022,1079794.0,132580148.0,1.242,1.215,1.223,1.22,2.66,2026-06-09T15:37:48
159050,机器人ETF广发,1.067,0.66,0.007,1257308.0,132333138.433,1.067,1.036,1.052,1.06,36.06,2026-06-09T15:37:48
159325,半导体ETF南方,2.11,4.98,0.1,634811.0,131823660.928,2.11,2.028,2.056,2.01,16.26,2026-06-09T15:37:48
510980,上证指数ETF汇添富,1.398,0.79,0.011,947163.0,131603275.0,1.399,1.38,1.384,1.387,16.54,2026-06-09T15:37:48
515020,银行ETF华夏,1.691,0.48,0.008,777142.0,131486002.0,1.701,1.67,1.68,1.683,18.44,2026-06-09T15:37:48
513150,港股通科技ETF华泰柏瑞,0.973,1.67,0.016,1358234.0,131294941.0,0.976,0.954,0.958,0.957,114.08,2026-06-09T15:37:48
515390,沪深300ETF华安,1.396,1.53,0.021,949005.0,131111731.0,1.398,1.373,1.377,1.375,10.7,2026-06-09T15:37:48
516310,银行ETF易方达,1.31,0.38,0.005,994552.0,130456058.0,1.318,1.297,1.299,1.305,6.08,2026-06-09T15:37:48
513530,港股通红利ETF华泰柏瑞,1.618,-0.25,-0.004,804859.0,129993369.0,1.622,1.611,1.622,1.622,3.41,2026-06-09T15:37:48
588020,科创成长ETF易方达,2.798,4.48,0.12,472681.0,129382692.0,2.8,2.68,2.73,2.678,11.53,2026-06-09T15:37:48
526050,港股通信息技术ETF招商,1.204,5.99,0.068,1096691.0,128890178.0,1.205,1.156,1.159,1.136,167.1,2026-06-09T15:37:48
159105,恒生生物科技ETF易方达,0.729,-0.41,-0.003,1769613.0,128142268.9,0.735,0.714,0.729,0.732,83.36,2026-06-09T15:37:48
159996,家电ETF国泰,1.481,0.82,0.012,853451.0,125438753.3,1.482,1.459,1.473,1.469,14.7,2026-06-09T15:37:48
159267,航天ETF华安,0.951,0.21,0.002,1311728.0,123667602.582,0.954,0.934,0.954,0.949,5.25,2026-06-09T15:37:48
512700,银行ETF南方,1.46,0.48,0.007,845572.0,123495699.0,1.468,1.443,1.445,1.453,11.98,2026-06-09T15:37:48
159741,恒生科技ETF嘉实,0.603,1.52,0.009,2031448.0,121755830.5,0.605,0.594,0.595,0.594,11.87,2026-06-09T15:37:48
512570,证券ETF易方达,1.009,0.2,0.002,1205536.0,121147371.0,1.01,0.998,1.005,1.007,4.16,2026-06-09T15:37:48
159766,旅游ETF富国,0.577,0.17,0.001,2095801.0,120275543.771,0.579,0.57,0.576,0.576,3.62,2026-06-09T15:37:48
159128,港股科技ETF天弘,0.722,1.55,0.011,1661908.0,119463786.84,0.725,0.71,0.717,0.711,6.97,2026-06-09T15:37:48
589130,科创芯片ETF易方达,1.377,5.6,0.073,873917.0,118008413.0,1.378,1.321,1.334,1.304,3.23,2026-06-09T15:37:48
516510,云计算ETF易方达,1.71,2.7,0.045,695679.0,117611427.0,1.712,1.67,1.678,1.665,4.99,2026-06-09T15:37:48
159663,机床ETF华夏,2.434,3.49,0.082,485188.0,115746064.2,2.434,2.356,2.383,2.352,23.49,2026-06-09T15:37:48
513930,恒生生物科技ETF华泰柏瑞,0.81,-0.74,-0.006,1425773.0,114914887.0,0.817,0.795,0.812,0.816,187.83,2026-06-09T15:37:48
159595,中证A50ETF大成,1.381,1.47,0.02,837687.0,114406459.963,1.381,1.358,1.368,1.361,8.56,2026-06-09T15:37:48
159353,中证A500ETF景顺,1.285,2.23,0.028,898557.0,113689666.8,1.287,1.257,1.263,1.257,3.1,2026-06-09T15:37:48
513800,日本东证指数ETF南方,1.794,1.13,0.02,635472.0,113338060.0,1.796,1.775,1.791,1.774,6.22,2026-06-09T15:37:48
159205,创业板ETF东财,1.943,3.85,0.072,591621.0,112914650.557,1.943,1.875,1.888,1.871,18.2,2026-06-09T15:37:48
515210,钢铁ETF国泰,1.235,0.41,0.005,918384.0,112612315.0,1.24,1.216,1.227,1.23,8.68,2026-06-09T15:37:48
513660,恒生ETF华夏,1.462,0.41,0.006,767435.0,111846080.0,1.465,1.449,1.451,1.456,2.96,2026-06-09T15:37:48
159608,稀有金属ETF广发,1.188,4.39,0.05,966637.0,111839873.636,1.193,1.133,1.149,1.138,2.79,2026-06-09T15:37:48
159561,德国ETF嘉实,1.287,0.94,0.012,869588.0,111803662.92,1.289,1.282,1.283,1.275,5.46,2026-06-09T15:37:48
560980,光伏龙头ETF广发,0.796,2.71,0.021,1411563.0,111620981.0,0.796,0.769,0.782,0.775,29.59,2026-06-09T15:37:48
159577,美国50ETF汇添富,1.588,1.86,0.029,704467.0,111231055.552,1.594,1.559,1.574,1.559,10.68,2026-06-09T15:37:48
563760,全指现金流ETF中银,1.174,-0.17,-0.002,940218.0,110095432.0,1.177,1.168,1.177,1.176,10.45,2026-06-09T15:37:48
159242,创业板人工智能ETF大成,2.393,4.63,0.106,466972.0,109845860.5,2.401,2.308,2.327,2.287,9.66,2026-06-09T15:37:48
159715,稀土ETF易方达,1.299,3.59,0.045,856525.0,109179885.0,1.299,1.248,1.267,1.254,13.86,2026-06-09T15:37:48
159507,通信ETF广发,1.065,5.45,0.055,1041847.0,108679663.7,1.065,1.02,1.034,1.01,18.19,2026-06-09T15:37:48
588380,科创创业ETF富国,1.288,4.63,0.057,858664.0,108597164.0,1.288,1.237,1.254,1.231,3.82,2026-06-09T15:37:48
512820,银行ETF汇添富,1.39,0.51,0.007,777943.0,108184432.0,1.398,1.373,1.381,1.383,16.96,2026-06-09T15:37:48
159859,生物医药ETF天弘,0.32,0.0,0.0,3401228.0,108101643.885,0.322,0.314,0.32,0.32,2.68,2026-06-09T15:37:48
159857,光伏ETF天弘,0.864,2.98,0.025,1276493.0,108090075.647,0.864,0.83,0.847,0.839,5.47,2026-06-09T15:37:48
560280,工程机械ETF广发,1.688,1.08,0.018,645538.0,107996760.0,1.693,1.652,1.677,1.67,3.22,2026-06-09T15:37:48
510720,红利国企ETF国泰,1.043,-0.57,-0.006,1037903.0,107860649.0,1.046,1.031,1.039,1.049,5.84,2026-06-09T15:37:48
560710,船舶ETF富国,0.935,0.43,0.004,1156798.0,106949408.0,0.937,0.917,0.933,0.931,7.11,2026-06-09T15:37:48
159202,恒生互联网ETF万家,0.845,1.32,0.011,1267182.0,106502460.6,0.846,0.832,0.834,0.834,10.35,2026-06-09T15:37:48
589000,科创综指ETF华夏,1.62,3.78,0.059,658040.0,104752235.0,1.624,1.573,1.574,1.561,7.95,2026-06-09T15:37:48
159887,银行ETF富国,1.293,0.54,0.007,806855.0,104317480.2,1.3,1.277,1.28,1.286,10.09,2026-06-09T15:37:48
513820,港股通红利ETF汇添富,1.244,-0.32,-0.004,840039.0,104215217.0,1.248,1.237,1.247,1.248,4.35,2026-06-09T15:37:48
516120,化工ETF富国,0.876,1.74,0.015,1208197.0,104165051.0,0.877,0.851,0.865,0.861,2.2,2026-06-09T15:37:48
513700,港股通医药ETF鹏华,0.505,-0.59,-0.003,2074482.0,104057678.0,0.509,0.494,0.506,0.508,21.11,2026-06-09T15:37:48
159141,科创创业人工智能ETF永赢,1.334,3.98,0.051,787367.0,103892851.9,1.336,1.286,1.301,1.283,8.53,2026-06-09T15:37:48
515970,工程机械ETF华夏,0.935,0.97,0.009,1123303.0,103828355.0,0.937,0.915,0.927,0.926,12.18,2026-06-09T15:37:48
561580,央企红利ETF华泰柏瑞,1.201,-0.83,-0.01,862429.0,103498185.0,1.209,1.196,1.209,1.211,4.63,2026-06-09T15:37:48
159948,创业板ETF南方,4.385,3.44,0.146,240243.0,103483229.4,4.391,4.239,4.266,4.239,2.37,2026-06-09T15:37:48
159681,创业板50ETF鹏华,1.894,3.95,0.072,550393.0,102414480.3,1.897,1.828,1.85,1.822,7.28,2026-06-09T15:37:48
159279,创业板人工智能ETF华安,1.611,4.54,0.07,644007.0,101964089.142,1.617,1.555,1.56,1.541,43.99,2026-06-09T15:37:48
563880,A500ETF汇添富,1.307,1.95,0.025,785462.0,101252194.0,1.308,1.281,1.288,1.282,7.36,2026-06-09T15:37:48
589680,科创综指ETF鹏华,1.591,4.05,0.062,648594.0,101078033.0,1.591,1.54,1.544,1.529,6.94,2026-06-09T15:37:48
159305,储能电池ETF广发,0.975,4.06,0.038,1058953.0,101076754.9,0.976,0.944,0.947,0.937,9.75,2026-06-09T15:37:48
520840,港股通恒生科技ETF华安,0.802,2.17,0.017,1268595.0,100893659.0,0.803,0.785,0.788,0.785,9.67,2026-06-09T15:37:48
159569,港股红利低波ETF景顺,1.442,-0.96,-0.014,698541.0,100593649.5,1.455,1.433,1.455,1.456,20.72,2026-06-09T15:37:48
561160,电池ETF富国,0.878,3.05,0.026,1162903.0,100174269.0,0.879,0.847,0.856,0.852,4.3,2026-06-09T15:37:48
159320,电网设备ETF广发,2.268,3.47,0.076,448351.0,100165227.96,2.27,2.184,2.204,2.192,8.94,2026-06-09T15:37:48
159568,港股互联网ETF博时,1.194,1.27,0.015,840225.0,99867146.0,1.198,1.175,1.186,1.179,24.94,2026-06-09T15:37:48
159688,恒生互联网ETF华安,0.8,1.27,0.01,1248298.0,99399069.4,0.802,0.788,0.793,0.79,7.83,2026-06-09T15:37:48
159339,A500ETF银华,1.276,2.0,0.025,786494.0,99367887.325,1.278,1.251,1.264,1.251,4.55,2026-06-09T15:37:48
516810,农业ETF华夏,0.707,0.14,0.001,1414018.0,99314003.0,0.709,0.7,0.707,0.706,27.48,2026-06-09T15:37:48
159971,创业板ETF富国,1.381,3.76,0.05,727396.0,99017016.7,1.382,1.334,1.343,1.331,5.55,2026-06-09T15:37:48
561550,中证500增强ETF华泰柏瑞,1.436,2.87,0.04,696229.0,98282823.0,1.44,1.396,1.403,1.396,6.85,2026-06-09T15:37:48
159557,恒生医疗ETF嘉实,1.173,-0.76,-0.009,840244.0,98278251.2,1.185,1.152,1.174,1.182,50.05,2026-06-09T15:37:48
159152,港股通科技ETF平安,0.808,2.41,0.019,1226749.0,98134793.497,0.81,0.79,0.794,0.789,13.36,2026-06-09T15:37:48
159366,港股医疗ETF永赢,1.108,-0.81,-0.009,877504.0,96248118.5,1.115,1.083,1.115,1.117,37.93,2026-06-09T15:37:48
159713,稀土ETF富国,1.417,3.96,0.054,692805.0,96054501.8,1.417,1.36,1.378,1.363,11.32,2026-06-09T15:37:48
560530,中证A500ETF摩根,1.277,2.0,0.025,752022.0,94884554.0,1.279,1.251,1.256,1.252,3.21,2026-06-09T15:37:48
513920,港股通央企红利ETF华安,1.6,0.19,0.003,595610.0,94763822.0,1.601,1.587,1.597,1.597,1.88,2026-06-09T15:37:48
159840,锂电池ETF工银,0.861,3.11,0.026,1122083.0,94697431.3,0.862,0.83,0.84,0.835,5.75,2026-06-09T15:37:48
589030,科创芯片设计ETF易方达,1.2,4.71,0.054,801300.0,94593948.0,1.203,1.161,1.175,1.146,25.35,2026-06-09T15:37:48
560090,证券ETF汇添富,1.076,0.28,0.003,876607.0,94026715.0,1.079,1.065,1.069,1.073,3.56,2026-06-09T15:37:48
561100,消费电子ETF富国,1.856,5.33,0.094,514116.0,93474210.0,1.858,1.767,1.802,1.762,10.65,2026-06-09T15:37:48
513890,恒生科技ETF摩根,0.931,1.53,0.014,1005282.0,93135124.0,0.934,0.918,0.919,0.917,10.29,2026-06-09T15:37:48
159307,红利低波100ETF博时,1.04,-0.29,-0.003,892611.0,92782285.9,1.044,1.036,1.043,1.043,1.49,2026-06-09T15:37:48
588010,科创新材料ETF博时,1.18,7.47,0.082,802685.0,92620538.0,1.188,1.102,1.116,1.098,36.01,2026-06-09T15:37:48
159209,红利质量ETF招商,1.104,-0.18,-0.002,837678.0,92134207.485,1.109,1.096,1.108,1.106,4.15,2026-06-09T15:37:48
513280,恒生生物科技ETF汇添富,0.868,-0.69,-0.006,1065912.0,92021301.0,0.877,0.852,0.871,0.874,25.19,2026-06-09T15:37:48
159997,电子ETF天弘,2.238,5.22,0.111,418768.0,91462584.106,2.241,2.147,2.174,2.127,6.2,2026-06-09T15:37:48
159865,养殖ETF国泰,0.513,-0.19,-0.001,1769977.0,90615838.2,0.515,0.509,0.511,0.514,1.59,2026-06-09T15:37:48
159562,黄金股ETF华夏,1.894,1.39,0.026,483214.0,90435382.835,1.898,1.846,1.873,1.868,2.05,2026-06-09T15:37:48
159750,港股科技50ETF招商,0.874,1.63,0.014,1026587.0,89017784.1,0.875,0.857,0.86,0.86,6.65,2026-06-09T15:37:48
159243,创业板人工智能ETF招商,1.443,4.95,0.068,617804.0,87401434.4,1.447,1.388,1.4,1.375,39.09,2026-06-09T15:37:48
159241,航空航天ETF天弘,1.143,0.53,0.006,770367.0,87246862.8,1.145,1.122,1.141,1.137,7.28,2026-06-09T15:37:48
159825,农业ETF富国,0.687,-0.43,-0.003,1270715.0,87003421.074,0.691,0.68,0.688,0.69,5.27,2026-06-09T15:37:48
159582,半导体ETF博时,3.416,6.58,0.211,258721.0,86512720.216,3.42,3.255,3.29,3.205,19.36,2026-06-09T15:37:48
588330,双创50ETF华宝,1.279,4.49,0.055,681860.0,85747358.0,1.28,1.23,1.242,1.224,7.8,2026-06-09T15:37:48
159747,香港科技ETF南方,1.191,1.62,0.019,724585.0,85496842.3,1.193,1.169,1.178,1.172,19.92,2026-06-09T15:37:48
159998,计算机ETF天弘,0.968,2.11,0.02,888464.0,84946280.0,0.968,0.948,0.955,0.948,5.17,2026-06-09T15:37:48
513730,东南亚科技ETF华泰柏瑞,1.148,1.06,0.012,730253.0,83891175.0,1.162,1.138,1.141,1.136,8.09,2026-06-09T15:37:48
515700,新能源车ETF平安,2.493,2.85,0.069,340610.0,83207089.0,2.501,2.407,2.438,2.424,5.18,2026-06-09T15:37:48
159529,标普消费ETF景顺,1.291,0.47,0.006,642767.0,83016320.353,1.298,1.286,1.296,1.285,7.92,2026-06-09T15:37:48
588830,科创新能源ETF鹏华,1.476,4.02,0.057,573190.0,82926189.0,1.478,1.416,1.426,1.419,9.13,2026-06-09T15:37:48
520690,港股创新药ETF博时,0.624,0.0,0.0,1328959.0,82518747.0,0.633,0.61,0.626,0.624,17.23,2026-06-09T15:37:48
159358,中证A500ETF大成,1.357,2.03,0.027,616179.0,82479561.5,1.359,1.329,1.337,1.33,9.31,2026-06-09T15:37:48
520900,港股通红利ETF广发,1.045,-0.38,-0.004,788729.0,82023597.0,1.048,1.036,1.047,1.049,4.59,2026-06-09T15:37:48
159876,有色ETF华宝,0.963,2.99,0.028,860658.0,80888222.128,0.964,0.923,0.938,0.935,5.82,2026-06-09T15:37:48
515300,300红利低波ETF嘉实,1.279,-0.62,-0.008,627477.0,80329091.0,1.287,1.275,1.282,1.287,1.56,2026-06-09T15:37:48
589850,科创50ETF东财,1.598,3.97,0.061,510888.0,80194162.0,1.6,1.544,1.554,1.537,13.27,2026-06-09T15:37:48
159207,高股息ETF广发,1.15,0.09,0.001,694831.0,79770227.802,1.154,1.144,1.148,1.149,4.2,2026-06-09T15:37:48
588990,科创芯片ETF博时,3.625,5.38,0.185,224905.0,79615823.0,3.63,3.484,3.523,3.44,12.37,2026-06-09T15:37:48
520660,港股通央企红利ETF南方,1.04,-0.19,-0.002,760460.0,78829348.0,1.044,1.031,1.043,1.042,3.19,2026-06-09T15:37:48
562960,绿色电力ETF易方达,1.262,1.12,0.014,634509.0,78808075.0,1.263,1.223,1.243,1.248,4.43,2026-06-09T15:37:48
159814,创业大盘ETF西部利得,0.837,3.46,0.028,946272.0,78483869.7,0.848,0.81,0.816,0.809,19.87,2026-06-09T15:37:48
159731,石化ETF华夏,0.896,0.34,0.003,880527.0,78092156.8,0.898,0.881,0.895,0.893,9.26,2026-06-09T15:37:48
159125,港股通科技ETF招商,0.715,1.27,0.009,1078356.0,76688570.148,0.717,0.704,0.712,0.706,10.7,2026-06-09T15:37:48
589010,科创人工智能ETF华夏,1.582,2.86,0.044,488726.0,76148870.0,1.584,1.537,1.551,1.538,4.94,2026-06-09T15:37:48
159671,稀有金属ETF工银,1.454,4.15,0.058,531203.0,76106877.398,1.461,1.386,1.399,1.396,5.76,2026-06-09T15:37:48
588460,科创50增强ETF鹏华,2.048,4.44,0.087,378604.0,75901715.0,2.048,1.975,2.001,1.961,5.61,2026-06-09T15:37:48
512020,A500ETF鹏华,1.335,1.91,0.025,573499.0,75677001.0,1.337,1.308,1.323,1.31,5.89,2026-06-09T15:37:48
159628,国证2000ETF万家,1.462,2.09,0.03,524202.0,75591654.4,1.466,1.426,1.437,1.432,22.19,2026-06-09T15:37:48
159350,深证50ETF富国,1.715,2.63,0.044,447573.0,75545529.2,1.715,1.669,1.675,1.671,39.6,2026-06-09T15:37:48
588810,科创芯片ETF富国,2.472,5.69,0.133,311168.0,75219746.0,2.475,2.372,2.398,2.339,7.2,2026-06-09T15:37:48
159908,创业板ETF博时,3.694,3.97,0.141,207255.0,75075335.1,3.694,3.565,3.584,3.553,6.2,2026-06-09T15:37:48
512290,生物医药ETF国泰,0.846,-0.35,-0.003,889231.0,74847324.0,0.851,0.833,0.849,0.849,2.2,2026-06-09T15:37:48
159519,港股国企ETF国泰,1.767,0.11,0.002,426010.0,74802908.4,1.768,1.749,1.759,1.765,59.87,2026-06-09T15:37:48
159142,科创创业人工智能ETF景顺,1.352,3.68,0.048,555726.0,73973494.3,1.355,1.307,1.325,1.304,6.05,2026-06-09T15:37:48
159256,创业板软件ETF华夏,0.863,2.01,0.017,862518.0,73762026.108,0.865,0.842,0.85,0.846,17.07,2026-06-09T15:37:48
560510,中证A500ETF泰康,1.24,1.89,0.023,599288.0,73444106.0,1.244,1.216,1.222,1.217,2.45,2026-06-09T15:37:48
513030,德国ETF华安,1.765,1.03,0.018,415340.0,73175743.0,1.767,1.755,1.76,1.747,4.11,2026-06-09T15:37:48
588870,科创50ETF汇添富,1.689,4.0,0.065,439214.0,72876356.0,1.692,1.634,1.645,1.624,15.44,2026-06-09T15:37:48
561360,石油ETF国泰,1.391,-1.49,-0.021,523928.0,72841640.0,1.411,1.38,1.399,1.412,3.34,2026-06-09T15:37:48
520720,港股汽车ETF国泰,0.842,0.96,0.008,868341.0,72508813.0,0.843,0.83,0.831,0.834,59.91,2026-06-09T15:37:48
159625,绿色电力ETF嘉实,1.324,1.07,0.014,553181.0,72479232.0,1.324,1.287,1.311,1.31,2.46,2026-06-09T15:37:48
515800,中证800ETF汇添富,1.326,2.24,0.029,548553.0,71759176.0,1.326,1.297,1.299,1.297,1.83,2026-06-09T15:37:48
512680,军工ETF广发,1.262,1.04,0.013,571841.0,71293392.0,1.263,1.236,1.257,1.249,1.67,2026-06-09T15:37:48
520970,港股通创新药ETF嘉实,0.679,-0.88,-0.006,1054956.0,71121200.0,0.693,0.664,0.684,0.685,7.81,2026-06-09T15:37:48
159222,自由现金流ETF易方达,1.249,-0.32,-0.004,560133.0,69667509.165,1.256,1.238,1.256,1.253,3.6,2026-06-09T15:37:48
516010,游戏ETF国泰,1.101,1.01,0.011,628032.0,68846200.0,1.107,1.089,1.095,1.09,2.95,2026-06-09T15:37:48
588300,科创创业50ETF招商,1.3,4.67,0.058,536299.0,68584080.0,1.3,1.248,1.259,1.242,4.06,2026-06-09T15:37:48
588120,科创100ETF国泰,1.825,4.41,0.077,381844.0,68300135.0,1.83,1.755,1.763,1.748,7.22,2026-06-09T15:37:48
516630,云计算ETF华夏,1.672,2.83,0.046,411485.0,68101523.0,1.673,1.632,1.636,1.626,7.78,2026-06-09T15:37:48
159929,医药ETF汇添富,1.155,-0.43,-0.005,586465.0,67419508.6,1.16,1.142,1.159,1.16,3.17,2026-06-09T15:37:48
588940,科创50ETF富国,1.723,4.23,0.07,398389.0,67412683.0,1.723,1.662,1.682,1.653,9.95,2026-06-09T15:37:48
530060,上证指数ETF易方达,0.987,0.41,0.004,679130.0,66722795.0,0.988,0.976,0.982,0.983,23.81,2026-06-09T15:37:48
516570,化工行业ETF易方达,0.974,0.1,0.001,688696.0,66627641.0,0.978,0.96,0.974,0.973,4.86,2026-06-09T15:37:48
159235,中证现金流ETF大成,1.223,-0.16,-0.002,545855.0,66531236.149,1.227,1.215,1.225,1.225,2.07,2026-06-09T15:37:48
510510,中证500ETF广发,2.619,2.5,0.064,255705.0,66270004.0,2.62,2.55,2.575,2.555,3.14,2026-06-09T15:37:48
513070,港股通消费ETF易方达,1.123,-0.09,-0.001,587028.0,66159073.0,1.133,1.122,1.124,1.124,4.14,2026-06-09T15:37:48
512670,国防ETF鹏华,0.829,1.22,0.01,803630.0,65965826.0,0.831,0.811,0.821,0.819,3.58,2026-06-09T15:37:48
159695,通信ETF嘉实,3.485,5.0,0.166,192454.0,65879183.4,3.488,3.353,3.385,3.319,7.86,2026-06-09T15:37:48
159758,红利质量ETF华夏,1.069,2.1,0.022,619207.0,65616437.7,1.071,1.05,1.05,1.047,5.28,2026-06-09T15:37:48
560050,中国A50ETF汇添富,1.116,1.82,0.02,593266.0,65377229.0,1.116,1.095,1.097,1.096,2.47,2026-06-09T15:37:48
510180,上证180ETF华安,3.971,1.2,0.047,166022.0,65366871.0,3.974,3.917,3.925,3.924,0.34,2026-06-09T15:37:48
159546,集成电路ETF国泰,2.533,5.1,0.123,261992.0,65165082.591,2.533,2.431,2.465,2.41,16.04,2026-06-09T15:37:48
159107,创业板软件ETF富国,0.782,2.09,0.016,837733.0,64846474.2,0.784,0.763,0.771,0.766,11.42,2026-06-09T15:37:48
159140,科创创业人工智能ETF易方达,1.408,3.99,0.054,468152.0,64795971.025,1.41,1.359,1.376,1.354,13.15,2026-06-09T15:37:48
159552,中证2000增强ETF招商,2.246,1.58,0.035,286051.0,63770650.9,2.251,2.209,2.223,2.211,7.01,2026-06-09T15:37:48
159993,证券ETF鹏华,1.092,0.46,0.005,585173.0,63641195.8,1.092,1.08,1.089,1.087,1.86,2026-06-09T15:37:48
159707,地产ETF华宝,0.479,-0.83,-0.004,1314492.0,62570478.0,0.486,0.472,0.484,0.483,11.37,2026-06-09T15:37:48
513140,港股通金融ETF华泰柏瑞,1.613,0.19,0.003,388741.0,62535796.0,1.616,1.601,1.601,1.61,46.35,2026-06-09T15:37:48
513560,香港科技ETF兴银,1.142,1.87,0.021,550619.0,62336608.0,1.145,1.118,1.123,1.121,9.17,2026-06-09T15:37:48
159356,A500ETF万家,1.335,1.99,0.026,469866.0,62056708.162,1.336,1.309,1.312,1.309,6.7,2026-06-09T15:37:48
515060,房地产ETF华夏,0.606,-0.33,-0.002,1025348.0,61841885.0,0.612,0.598,0.609,0.608,10.49,2026-06-09T15:37:48
159883,医疗器械ETF永赢,0.428,0.0,0.0,1444430.0,61723678.974,0.43,0.425,0.429,0.428,1.5,2026-06-09T15:37:48
515010,证券ETF华夏,1.154,0.35,0.004,538463.0,61708087.0,1.155,1.141,1.147,1.15,3.44,2026-06-09T15:37:48
159939,信息技术ETF广发,1.176,5.19,0.058,518855.0,60487853.7,1.18,1.128,1.139,1.118,6.41,2026-06-09T15:37:48
159871,有色ETF银华,0.936,2.74,0.025,660207.0,60380533.4,0.939,0.9,0.913,0.911,5.11,2026-06-09T15:37:48
589070,科创芯片设计ETF天弘,1.128,4.83,0.052,541670.0,60039723.0,1.13,1.09,1.101,1.076,14.21,2026-06-09T15:37:48
159360,A500ETF天弘,1.356,1.57,0.021,446744.0,59865671.52,1.358,1.329,1.337,1.335,3.73,2026-06-09T15:37:48
513080,法国ETF华安,1.717,1.06,0.018,346987.0,59593638.0,1.721,1.714,1.714,1.699,5.5,2026-06-09T15:37:48
159373,创业板50ETF嘉实,2.068,4.18,0.083,292590.0,59404772.2,2.068,1.995,1.995,1.985,21.91,2026-06-09T15:37:48
159601,A50ETF华夏,1.132,1.62,0.018,526787.0,59154783.4,1.135,1.114,1.12,1.114,3.83,2026-06-09T15:37:48
561170,绿色电力ETF富国,1.268,1.12,0.014,472875.0,59014483.0,1.269,1.228,1.251,1.254,6.6,2026-06-09T15:37:48
159592,A50ETF银华,1.358,1.34,0.018,439017.0,58950612.38,1.359,1.335,1.348,1.34,6.34,2026-06-09T15:37:48
520710,港股通信息技术ETF广发,1.015,5.73,0.055,587905.0,58570779.0,1.018,0.976,0.99,0.96,43.22,2026-06-09T15:37:48
516860,金融科技ETF博时,1.094,1.86,0.02,539299.0,58478460.0,1.096,1.069,1.082,1.074,4.52,2026-06-09T15:37:48
563790,卫星ETF鹏华,1.033,2.28,0.023,566567.0,57828570.0,1.035,0.997,1.016,1.01,5.19,2026-06-09T15:37:48
159903,深成ETF南方,1.856,2.94,0.053,315511.0,57726314.108,1.857,1.806,1.813,1.803,10.17,2026-06-09T15:37:48
159638,高端装备ETF嘉实,0.921,1.1,0.01,628744.0,57314678.282,0.922,0.902,0.913,0.911,4.25,2026-06-09T15:37:48
515400,大数据ETF富国,0.868,2.12,0.018,664618.0,57133882.0,0.868,0.848,0.856,0.85,4.77,2026-06-09T15:37:48
561330,矿业ETF国泰,1.867,3.04,0.055,311259.0,57009442.0,1.875,1.791,1.821,1.812,3.24,2026-06-09T15:37:48
159925,沪深300ETF南方,4.86,1.36,0.065,117612.0,56565736.875,4.863,4.774,4.795,4.795,2.28,2026-06-09T15:37:48
513550,港股通50ETF华泰柏瑞,1.093,0.46,0.005,516446.0,56382141.0,1.096,1.084,1.084,1.088,2.7,2026-06-09T15:37:48
589190,科创芯片ETF华宝,1.262,5.25,0.063,453878.0,56218399.0,1.265,1.213,1.226,1.199,3.85,2026-06-09T15:37:48
513290,纳指生物科技ETF汇添富,1.424,-0.21,-0.003,394082.0,55966252.0,1.426,1.41,1.42,1.427,4.13,2026-06-09T15:37:48
515260,电子ETF华宝,0.93,5.32,0.047,613324.0,55738000.0,0.93,0.888,0.899,0.883,7.47,2026-06-09T15:37:48
159055,稀有金属ETF富国,1.011,4.23,0.041,557240.0,55734695.473,1.014,0.967,0.977,0.97,19.88,2026-06-09T15:37:48
159545,恒生红利低波ETF易方达,1.363,0.07,0.001,402477.0,54720052.04,1.364,1.356,1.36,1.362,0.8,2026-06-09T15:37:48
562060,标普A股红利ETF华宝,0.611,-0.16,-0.001,883850.0,53958877.0,0.615,0.6,0.612,0.612,1.42,2026-06-09T15:37:48
159300,沪深300ETF富国,5.134,1.66,0.084,105646.0,53763795.6,5.139,5.046,5.059,5.05,6.18,2026-06-09T15:37:48
159697,石油ETF鹏华,1.291,-2.34,-0.031,414389.0,53676489.552,1.317,1.287,1.31,1.322,2.85,2026-06-09T15:37:48
563380,航空航天ETF华泰柏瑞,1.01,0.5,0.005,536834.0,53651087.0,1.011,0.992,1.003,1.005,6.05,2026-06-09T15:37:48
512220,TMTETF景顺,4.203,5.74,0.228,129877.0,53625277.0,4.207,4.023,4.072,3.975,7.4,2026-06-09T15:37:48
589100,科创芯片ETF国泰,2.232,5.48,0.116,245676.0,53619835.0,2.233,2.142,2.169,2.116,7.25,2026-06-09T15:37:48
562570,信创ETF华夏,1.403,3.01,0.041,382744.0,53437957.0,1.407,1.368,1.376,1.362,11.55,2026-06-09T15:37:48
515170,食品饮料ETF华夏,0.456,-0.22,-0.001,1173101.0,53411956.0,0.459,0.453,0.456,0.457,1.28,2026-06-09T15:37:48
589080,科创综指ETF汇添富,1.614,3.93,0.061,335447.0,53361115.0,1.615,1.563,1.568,1.553,23.45,2026-06-09T15:37:48
159139,科创创业人工智能ETF华泰柏瑞,1.405,4.15,0.056,384879.0,53150657.751,1.407,1.355,1.379,1.349,24.97,2026-06-09T15:37:48
159597,创业板成长ETF易方达,2.771,4.09,0.109,193497.0,52291653.2,2.771,2.656,2.661,2.662,7.68,2026-06-09T15:37:48
518890,上海金ETF中银,9.026,0.67,0.06,57736.0,52190114.0,9.059,8.99,8.99,8.966,1.4,2026-06-09T15:37:48
159213,机器人ETF汇添富,1.419,1.0,0.014,371625.0,52097758.864,1.42,1.386,1.404,1.405,8.46,2026-06-09T15:37:48
159680,中证1000增强ETF招商,1.737,1.88,0.032,303724.0,52088153.0,1.737,1.697,1.712,1.705,4.13,2026-06-09T15:37:48
516920,芯片ETF汇添富,1.443,5.17,0.071,367786.0,52034203.0,1.444,1.386,1.414,1.372,8.0,2026-06-09T15:37:48
159286,港股通创新药ETF鹏华,0.631,-0.16,-0.001,827775.0,52020488.568,0.639,0.618,0.632,0.632,10.45,2026-06-09T15:37:48
159692,证券ETF东财,1.121,0.27,0.003,460763.0,51409835.8,1.122,1.108,1.118,1.118,3.8,2026-06-09T15:37:48
512940,有色ETF华安,0.817,2.77,0.022,640000.0,51087277.0,0.82,0.784,0.796,0.795,3.05,2026-06-09T15:37:48
516080,创新药ETF易方达,0.563,0.18,0.001,903411.0,50553914.0,0.567,0.552,0.56,0.562,3.05,2026-06-09T15:37:48
563990,800现金流ETF富国,1.233,-0.08,-0.001,410957.0,50532725.0,1.239,1.224,1.239,1.234,8.57,2026-06-09T15:37:48
510360,沪深300ETF广发,1.832,1.55,0.028,274922.0,49930820.0,1.833,1.801,1.806,1.804,1.84,2026-06-09T15:37:48
159665,半导体龙头ETF工银,2.523,5.48,0.131,200527.0,49578266.3,2.526,2.414,2.454,2.392,11.83,2026-06-09T15:37:48
159807,科技ETF易方达,0.976,3.83,0.036,517259.0,49560852.362,0.977,0.94,0.95,0.94,6.24,2026-06-09T15:37:48
515630,证券保险ETF鹏华,1.179,0.43,0.005,421191.0,49476377.0,1.18,1.166,1.174,1.174,6.56,2026-06-09T15:37:48
589220,科创200ETF国泰,1.111,4.61,0.049,446844.0,48805204.0,1.115,1.07,1.07,1.062,10.91,2026-06-09T15:37:48
159905,红利ETF工银,1.68,0.24,0.004,291162.0,48646274.2,1.681,1.662,1.678,1.676,2.5,2026-06-09T15:37:48
159811,5GETF博时,3.559,6.18,0.207,138592.0,48143780.6,3.559,3.388,3.41,3.352,18.95,2026-06-09T15:37:48
159751,港股通科技ETF鹏华,0.895,1.82,0.016,541693.0,47969354.1,0.895,0.876,0.88,0.879,4.96,2026-06-09T15:37:48
159880,有色ETF鹏华,1.886,2.89,0.053,258777.0,47849790.9,1.891,1.813,1.839,1.833,3.61,2026-06-09T15:37:48
560830,电力ETF华夏,0.997,0.81,0.008,486319.0,47814599.0,0.997,0.968,0.988,0.989,6.09,2026-06-09T15:37:48
512560,军工ETF易方达,0.77,1.45,0.011,625169.0,47558230.0,0.77,0.754,0.761,0.759,7.68,2026-06-09T15:37:48
520910,港股通互联网ETF华夏,0.669,1.06,0.007,703446.0,47035927.0,0.674,0.66,0.661,0.662,8.64,2026-06-09T15:37:48
159158,电力ETF景顺,1.111,1.18,0.013,426637.0,46762248.094,1.111,1.078,1.099,1.098,3.96,2026-06-09T15:37:48
159622,创新药ETF东财,0.901,-0.44,-0.004,521022.0,46506937.9,0.905,0.884,0.902,0.905,4.86,2026-06-09T15:37:48
560770,机器人ETF招商,1.165,1.13,0.013,403547.0,46480915.0,1.166,1.138,1.15,1.152,2.68,2026-06-09T15:37:48
520550,港股红利低波ETF招商,1.142,0.09,0.001,406542.0,46293557.0,1.143,1.136,1.142,1.141,3.88,2026-06-09T15:37:48
560350,中证A50ETF摩根,1.302,1.17,0.015,354359.0,45848257.0,1.304,1.282,1.294,1.287,3.6,2026-06-09T15:37:48
159120,港股通科技ETF国联安,0.787,2.74,0.021,580710.0,45242957.206,0.788,0.766,0.766,0.766,33.76,2026-06-09T15:37:48
159137,港股通医疗ETF华宝,0.745,-0.67,-0.005,605940.0,44897011.506,0.754,0.73,0.753,0.75,32.29,2026-06-09T15:37:48
159711,港股通50ETF华夏,1.299,0.39,0.005,344214.0,44575972.0,1.317,1.272,1.272,1.294,71.02,2026-06-09T15:37:48
159526,机器人ETF嘉实,1.733,1.05,0.018,258659.0,44224333.2,1.733,1.691,1.72,1.715,4.41,2026-06-09T15:37:48
589960,科创新能源ETF易方达,1.033,4.24,0.042,434998.0,44032367.0,1.034,0.991,0.995,0.991,27.83,2026-06-09T15:37:48
159593,中证A50ETF平安,1.38,1.4,0.019,321618.0,43902419.718,1.38,1.357,1.37,1.361,1.62,2026-06-09T15:37:48
159782,双创50ETF银华,1.259,4.39,0.053,353630.0,43868491.88,1.262,1.212,1.225,1.206,7.01,2026-06-09T15:37:48
562310,沪深300成长ETF银华,1.131,2.45,0.027,390355.0,43850406.0,1.132,1.102,1.112,1.104,6.29,2026-06-09T15:37:48
563860,中证A500ETF海富通,1.34,2.29,0.03,329571.0,43547955.0,1.342,1.313,1.319,1.31,18.96,2026-06-09T15:37:48
159591,A50ETF富国,1.388,1.39,0.019,316084.0,43376740.5,1.389,1.356,1.37,1.369,8.51,2026-06-09T15:37:48
159698,粮食ETF鹏华,0.899,0.0,0.0,481405.0,42971347.9,0.902,0.886,0.899,0.899,4.6,2026-06-09T15:37:48
562510,旅游ETF华夏,0.585,-0.17,-0.001,733459.0,42788289.0,0.588,0.579,0.587,0.586,7.26,2026-06-09T15:37:48
588240,科创200ETF鹏华,1.811,4.5,0.078,241828.0,42762889.0,1.812,1.747,1.754,1.733,21.28,2026-06-09T15:37:48
589660,科创综指ETF南方,1.633,4.15,0.065,265650.0,42554038.0,1.633,1.57,1.583,1.568,10.32,2026-06-09T15:37:48
563390,全指现金流ETF华泰柏瑞,1.216,-0.33,-0.004,348474.0,42313910.0,1.221,1.21,1.22,1.22,1.41,2026-06-09T15:37:48
159309,油气ETF汇添富,1.34,-1.98,-0.027,314531.0,42078108.3,1.363,1.327,1.35,1.367,4.89,2026-06-09T15:37:48
520530,港股通科技ETF东财,0.826,1.85,0.015,512494.0,41980686.0,0.828,0.809,0.815,0.811,19.88,2026-06-09T15:37:48
562930,软件ETF易方达,0.748,2.19,0.016,566038.0,41931766.0,0.749,0.729,0.735,0.732,4.2,2026-06-09T15:37:48
563330,A股ETF华泰柏瑞,4.368,1.7,0.073,97167.0,41888442.0,4.372,4.285,4.304,4.295,30.31,2026-06-09T15:37:48
159673,沪深300ETF鹏华,1.32,1.62,0.021,320029.0,41831047.9,1.322,1.298,1.302,1.299,2.32,2026-06-09T15:37:48
516370,电力ETF汇添富,1.021,0.99,0.01,415301.0,41822401.0,1.021,0.99,1.012,1.011,13.04,2026-06-09T15:37:48
588400,科创创业ETF嘉实,1.274,4.51,0.055,330551.0,41435365.0,1.276,1.225,1.246,1.219,2.71,2026-06-09T15:37:48
159864,光伏ETF国泰,0.665,3.1,0.02,636743.0,41398573.0,0.665,0.64,0.65,0.645,8.95,2026-06-09T15:37:48
159590,软件ETF汇添富,0.94,1.95,0.018,443466.0,41295733.3,0.94,0.917,0.93,0.922,6.73,2026-06-09T15:37:48
159146,电力ETF华宝,1.119,0.9,0.01,373770.0,41237395.794,1.119,1.087,1.108,1.109,4.01,2026-06-09T15:37:48
515290,银行ETF天弘,1.422,0.57,0.008,289634.0,41141089.0,1.429,1.405,1.407,1.414,0.96,2026-06-09T15:37:48
515650,消费50ETF富国,1.009,-0.49,-0.005,404819.0,40879624.0,1.016,1.005,1.016,1.014,1.3,2026-06-09T15:37:48
159273,云计算ETF汇添富,1.464,3.39,0.048,282392.0,40860998.748,1.47,1.425,1.426,1.416,3.62,2026-06-09T15:37:48
516970,基建ETF广发,1.124,0.81,0.009,356458.0,39916101.0,1.128,1.113,1.115,1.115,3.01,2026-06-09T15:37:48
159690,有色矿业ETF招商,1.91,3.35,0.062,213365.0,39871259.6,1.915,1.83,1.854,1.848,6.52,2026-06-09T15:37:48
513970,恒生消费ETF景顺,0.821,0.12,0.001,484956.0,39867838.0,0.826,0.816,0.818,0.82,2.64,2026-06-09T15:37:48
561800,稀有金属ETF华富,1.119,4.97,0.053,368502.0,39824191.0,1.12,1.064,1.067,1.066,17.58,2026-06-09T15:37:48
513220,中概互联ETF招商,0.953,0.53,0.005,417364.0,39777784.0,0.958,0.944,0.948,0.948,7.15,2026-06-09T15:37:48
562080,300现金流ETF华宝,0.608,-0.82,-0.005,649967.0,39468083.0,0.612,0.604,0.612,0.613,8.43,2026-06-09T15:37:48
510630,消费ETF华夏,0.787,-0.63,-0.005,499246.0,39319791.0,0.793,0.782,0.789,0.792,8.89,2026-06-09T15:37:48
159828,医疗ETF国泰,0.363,-0.55,-0.002,1081504.0,39097471.7,0.365,0.359,0.365,0.365,1.87,2026-06-09T15:37:48
159362,A500ETF工银,1.347,2.12,0.028,292976.0,39014069.868,1.348,1.316,1.326,1.319,1.99,2026-06-09T15:37:48
159565,汽车零部件ETF易方达,1.546,1.51,0.023,254431.0,38799986.94,1.55,1.508,1.524,1.523,16.24,2026-06-09T15:37:48
588850,科创机械ETF嘉实,2.025,2.27,0.045,193378.0,38602524.0,2.031,1.952,1.98,1.98,28.12,2026-06-09T15:37:48
516110,汽车ETF国泰,1.214,0.41,0.005,319771.0,38528450.0,1.217,1.196,1.209,1.209,14.36,2026-06-09T15:37:48
159102,港股通生物科技ETF华安,0.643,-0.92,-0.006,597298.0,38305344.249,0.654,0.633,0.646,0.649,7.25,2026-06-09T15:37:48
560080,中药ETF汇添富,0.916,-0.43,-0.004,417811.0,38264539.0,0.922,0.912,0.921,0.92,1.56,2026-06-09T15:37:48
562660,中证2000ETF华夏,1.921,1.8,0.034,200601.0,38143075.0,1.927,1.879,1.891,1.887,7.35,2026-06-09T15:37:48
159221,现金流ETF嘉实,1.163,-0.17,-0.002,323659.0,37525469.316,1.17,1.154,1.17,1.165,1.91,2026-06-09T15:37:48
159699,恒生消费ETF广发,0.889,-0.11,-0.001,421077.0,37518582.8,0.895,0.883,0.891,0.89,6.53,2026-06-09T15:37:48
588360,科创创业ETF国泰,1.371,4.82,0.063,278067.0,37354563.0,1.372,1.318,1.335,1.308,12.86,2026-06-09T15:37:48
512720,计算机ETF国泰,1.164,2.11,0.024,317820.0,36583787.0,1.167,1.142,1.152,1.14,7.69,2026-06-09T15:37:48
562600,医疗器械ETF华夏,0.752,0.13,0.001,488229.0,36567876.0,0.754,0.745,0.749,0.751,10.22,2026-06-09T15:37:48
159053,稀有金属ETF华夏,0.994,4.52,0.043,375414.0,36561466.972,0.997,0.947,0.958,0.951,16.27,2026-06-09T15:37:48
515370,光伏ETF华夏,0.963,2.88,0.027,385098.0,36441408.0,0.964,0.927,0.94,0.936,3.62,2026-06-09T15:37:48
510230,金融ETF国泰,1.264,0.32,0.004,288718.0,36439146.0,1.267,1.252,1.256,1.26,1.32,2026-06-09T15:37:48
159938,医药ETF广发,0.562,-0.18,-0.001,649127.0,36287219.1,0.566,0.554,0.563,0.563,0.87,2026-06-09T15:37:48
560670,银行ETF华泰柏瑞,1.016,0.69,0.007,355488.0,36105833.0,1.022,1.003,1.003,1.009,22.29,2026-06-09T15:37:48
560450,电力ETF天弘,1.035,0.98,0.01,353997.0,36086675.0,1.035,1.006,1.027,1.025,13.33,2026-06-09T15:37:48
510150,消费ETF招商,0.463,-0.64,-0.003,781174.0,35939702.0,0.465,0.458,0.464,0.466,2.55,2026-06-09T15:37:48
563900,300自由现金流ETF摩根,1.149,-0.78,-0.009,310750.0,35668145.0,1.161,1.142,1.16,1.158,5.63,2026-06-09T15:37:48
159175,电池ETF易方达,1.083,3.34,0.035,336014.0,35627984.418,1.083,1.046,1.051,1.048,15.05,2026-06-09T15:37:48
563080,中证A50ETF易方达,1.39,1.16,0.016,257954.0,35520317.0,1.392,1.368,1.384,1.374,2.3,2026-06-09T15:37:48
159212,深100ETF南方,1.607,2.68,0.042,224302.0,35457359.1,1.61,1.563,1.568,1.565,28.32,2026-06-09T15:37:48
562880,电池ETF嘉实,0.896,2.99,0.026,403439.0,35433148.0,0.897,0.865,0.876,0.87,3.89,2026-06-09T15:37:48
588930,科创人工智能ETF银华,1.75,2.88,0.049,204070.0,35191944.0,1.755,1.702,1.715,1.701,3.94,2026-06-09T15:37:48
159735,港股消费ETF银华,0.682,0.89,0.006,514651.0,35075719.469,0.685,0.675,0.675,0.676,5.99,2026-06-09T15:37:48
159258,机器人ETF南方,1.324,1.07,0.014,265956.0,34816016.635,1.327,1.293,1.319,1.31,2.18,2026-06-09T15:37:48
159532,中证2000ETF易方达,1.75,1.92,0.033,201324.0,34727672.4,1.752,1.71,1.727,1.717,16.84,2026-06-09T15:37:48
516520,智能驾驶ETF华泰柏瑞,1.195,2.31,0.027,288414.0,34024712.0,1.196,1.164,1.177,1.168,3.43,2026-06-09T15:37:48
159233,自由现金流ETF平安,1.183,-0.17,-0.002,287962.0,33969733.2,1.185,1.176,1.185,1.185,6.02,2026-06-09T15:37:48
159551,机器人ETF国泰,1.528,1.26,0.019,224004.0,33849955.8,1.528,1.491,1.509,1.509,8.62,2026-06-09T15:37:48
515850,证券ETF富国,1.248,0.4,0.005,272035.0,33794561.0,1.25,1.234,1.248,1.243,8.91,2026-06-09T15:37:48
159170,港股通互联网ETF永赢,0.895,1.94,0.017,377209.0,33480088.361,0.906,0.876,0.905,0.878,9.3,2026-06-09T15:37:48
159100,巴西ETF华夏,1.058,0.19,0.002,313460.0,32986039.105,1.058,1.048,1.056,1.056,6.73,2026-06-09T15:37:48
159739,云计算ETF鹏华,1.623,2.92,0.046,205008.0,32973424.5,1.625,1.584,1.584,1.577,8.47,2026-06-09T15:37:48
588110,科创成长ETF广发,2.727,4.64,0.121,123715.0,32929780.0,2.73,2.615,2.639,2.606,8.15,2026-06-09T15:37:48
159109,恒生50ETF景顺,0.818,0.62,0.005,400356.0,32720037.6,0.826,0.81,0.813,0.813,7.21,2026-06-09T15:37:48
159330,沪深300ETF东财,1.484,1.64,0.024,221959.0,32669090.4,1.487,1.46,1.462,1.46,6.92,2026-06-09T15:37:48
159790,碳中和ETF华夏,0.778,2.37,0.018,424147.0,32500642.5,0.779,0.757,0.768,0.76,2.5,2026-06-09T15:37:48
562350,电力ETF银华,1.217,0.91,0.011,270549.0,32483963.0,1.234,1.18,1.206,1.206,20.13,2026-06-09T15:37:48
562820,集成电路ETF嘉实,3.134,4.75,0.142,105427.0,32449252.0,3.138,3.016,3.064,2.992,11.44,2026-06-09T15:37:48
589520,科创人工智能ETF华宝,0.678,2.88,0.019,484903.0,32414507.0,0.679,0.659,0.666,0.659,6.73,2026-06-09T15:37:48
517400,黄金股ETF国泰,1.375,1.18,0.016,237398.0,32305632.0,1.378,1.342,1.359,1.359,2.74,2026-06-09T15:37:48
520870,巴西ETF易方达,1.053,0.38,0.004,307254.0,32154087.0,1.054,1.042,1.045,1.049,5.67,2026-06-09T15:37:48
513950,恒生红利ETF富国,1.335,0.3,0.004,239861.0,31825632.0,1.335,1.322,1.331,1.331,1.13,2026-06-09T15:37:48
516820,医疗创新ETF平安,0.305,-0.65,-0.002,1042289.0,31669204.0,0.306,0.302,0.306,0.307,1.86,2026-06-09T15:37:48
159656,沪深300成长ETF万家,1.277,2.41,0.03,249817.0,31427069.9,1.278,1.245,1.253,1.247,8.32,2026-06-09T15:37:48
588950,科创50ETF景顺,1.729,3.97,0.066,183803.0,31251620.0,1.734,1.673,1.692,1.663,8.29,2026-06-09T15:37:48
159129,化工ETF嘉实,1.052,0.96,0.01,300460.0,31186785.626,1.055,1.026,1.034,1.042,2.21,2026-06-09T15:37:48
588920,科创芯片ETF鹏华,2.227,5.35,0.113,142393.0,31090707.0,2.229,2.14,2.165,2.114,11.31,2026-06-09T15:37:48
520860,港股通科技ETF富国,0.797,1.79,0.014,393427.0,31066284.0,0.8,0.781,0.785,0.783,10.16,2026-06-09T15:37:48
589120,科创创新药ETF汇添富,0.685,1.33,0.009,452951.0,30761301.0,0.695,0.667,0.681,0.676,6.44,2026-06-09T15:37:48
159839,生物医药ETF汇添富,0.298,0.0,0.0,1038479.0,30692753.08,0.299,0.292,0.298,0.298,3.08,2026-06-09T15:37:48
561600,消费电子ETF平安,1.703,5.19,0.084,183333.0,30611115.0,1.704,1.626,1.651,1.619,14.29,2026-06-09T15:37:48
159210,港股通汽车ETF汇添富,0.937,1.19,0.011,328257.0,30550726.4,0.939,0.924,0.926,0.926,97.26,2026-06-09T15:37:48
159540,信创ETF易方达,2.01,4.52,0.087,153329.0,30235276.55,2.012,1.943,1.951,1.923,15.41,2026-06-09T15:37:48
159943,深证成指ETF大成,1.672,2.77,0.045,182828.0,30095933.796,1.674,1.632,1.64,1.627,14.26,2026-06-09T15:37:48
159133,化工ETF天弘,1.082,1.41,0.015,279967.0,29877547.661,1.084,1.054,1.069,1.067,1.5,2026-06-09T15:37:48
588470,科创创业人工智能ETF华安,0.954,3.58,0.033,317664.0,29840207.0,0.955,0.923,0.931,0.921,5.93,2026-06-09T15:37:48
159847,医疗ETF易方达,0.345,-0.58,-0.002,865934.0,29755877.718,0.347,0.341,0.347,0.347,2.07,2026-06-09T15:37:48
516000,大数据ETF华夏,0.951,2.15,0.02,314591.0,29599310.0,0.951,0.929,0.942,0.931,9.15,2026-06-09T15:37:48
518860,上海金ETF建信,9.025,0.58,0.052,32592.0,29473220.0,9.065,9.014,9.014,8.973,0.65,2026-06-09T15:37:48
588700,科创医药ETF嘉实,0.889,0.34,0.003,333039.0,29465717.0,0.901,0.877,0.892,0.886,7.78,2026-06-09T15:37:48
159301,公用事业ETF华夏,1.041,0.48,0.005,284447.0,29281995.3,1.041,1.017,1.037,1.036,24.64,2026-06-09T15:37:48
512140,电力ETF华安,1.018,0.79,0.008,291436.0,29249486.0,1.018,0.99,1.01,1.01,18.92,2026-06-09T15:37:48
560170,央企科技ETF南方,1.288,3.54,0.044,229700.0,29168267.0,1.289,1.246,1.255,1.244,8.96,2026-06-09T15:37:48
159051,医疗器械ETF易方达,0.985,-0.1,-0.001,296380.0,29135864.593,0.989,0.977,0.981,0.986,10.25,2026-06-09T15:37:48
159738,云计算ETF华泰柏瑞,2.109,3.28,0.067,139642.0,29047698.65,2.116,2.054,2.055,2.042,10.05,2026-06-09T15:37:48
512900,证券ETF南方,0.992,0.1,0.001,293565.0,29029155.0,0.995,0.982,0.991,0.991,0.43,2026-06-09T15:37:48
159281,港股央企红利ETF天弘,0.957,0.21,0.002,304227.0,28987782.9,0.957,0.95,0.955,0.955,8.0,2026-06-09T15:37:48
159890,云计算ETF招商,1.742,2.96,0.05,164349.0,28317829.6,1.744,1.7,1.7,1.692,6.48,2026-06-09T15:37:48
516100,金融科技ETF华夏,1.057,1.73,0.018,268880.0,28143915.0,1.059,1.032,1.045,1.039,2.64,2026-06-09T15:37:48
513900,港股通100ETF华安,0.96,0.63,0.006,293416.0,28071010.0,0.962,0.949,0.949,0.954,23.11,2026-06-09T15:37:48
560110,中证1000ETF汇添富,1.239,2.82,0.034,228807.0,27992249.0,1.241,1.206,1.21,1.205,14.49,2026-06-09T15:37:48
516770,游戏ETF华泰柏瑞,1.157,0.96,0.011,240381.0,27710298.0,1.164,1.144,1.149,1.146,7.78,2026-06-09T15:37:48
561130,国货ETF富国,1.057,2.32,0.024,264448.0,27655696.0,1.057,1.032,1.043,1.033,24.05,2026-06-09T15:37:48
159888,智能汽车ETF华夏,1.174,2.26,0.026,238485.0,27576571.7,1.175,1.145,1.152,1.148,29.65,2026-06-09T15:37:48
159033,粮食ETF国泰,0.957,0.31,0.003,289087.0,27504090.15,0.959,0.943,0.957,0.954,12.39,2026-06-09T15:37:48
512810,军工ETF华宝,0.716,0.99,0.007,387206.0,27500357.0,0.718,0.703,0.71,0.709,4.21,2026-06-09T15:37:48
560460,电力ETF平安,0.994,0.4,0.004,278625.0,27480815.0,0.999,0.971,0.995,0.99,8.61,2026-06-09T15:37:48
159768,房地产ETF银华,0.429,-0.69,-0.003,644345.0,27480496.7,0.434,0.423,0.432,0.432,7.71,2026-06-09T15:37:48
159612,标普500ETF国泰,1.979,2.17,0.042,139572.0,27417972.24,1.98,1.945,1.949,1.937,3.14,2026-06-09T15:37:48
159321,黄金股ETF华安,1.338,1.36,0.018,204067.0,27020364.7,1.341,1.305,1.321,1.32,5.1,2026-06-09T15:37:48
159303,恒生医疗ETF大成,1.291,-0.84,-0.011,209417.0,26984602.7,1.305,1.272,1.303,1.302,33.78,2026-06-09T15:37:48
561300,沪深300增强ETF国泰,1.037,1.67,0.017,262390.0,26966894.0,1.038,1.018,1.036,1.02,8.12,2026-06-09T15:37:48
159786,VRETF银华,1.322,4.09,0.052,207247.0,26698121.3,1.322,1.272,1.296,1.27,23.9,2026-06-09T15:37:48
159378,通用航空ETF永赢,1.145,1.15,0.013,234833.0,26667817.8,1.147,1.123,1.133,1.132,4.24,2026-06-09T15:37:48
159248,人工智能ETF万家,1.919,3.73,0.069,140501.0,26577990.8,1.922,1.858,1.888,1.85,11.8,2026-06-09T15:37:48
159357,A500ETF博时,1.335,2.22,0.029,201968.0,26571403.552,1.335,1.306,1.312,1.306,1.7,2026-06-09T15:37:48
159806,新能源车ETF国泰,0.823,3.39,0.027,330458.0,26569502.9,0.824,0.792,0.801,0.796,3.76,2026-06-09T15:37:48
516220,化工ETF国泰,0.893,1.48,0.013,299433.0,26330279.0,0.896,0.869,0.882,0.88,8.83,2026-06-09T15:37:48
159573,创业板200ETF华夏,1.589,4.4,0.067,168914.0,26255892.1,1.59,1.535,1.535,1.522,19.77,2026-06-09T15:37:48
588820,科创200ETF华夏,2.107,4.46,0.09,126958.0,26205203.0,2.107,2.032,2.037,2.017,8.22,2026-06-09T15:37:48
560570,A500红利ETF国联安,0.982,0.0,0.0,266975.0,26191159.0,0.985,0.977,0.983,0.982,1.85,2026-06-09T15:37:48
560400,证券ETF华泰柏瑞,0.908,0.44,0.004,288200.0,26018781.0,0.913,0.897,0.904,0.904,11.93,2026-06-09T15:37:48
159635,基建ETF华夏,1.016,0.3,0.003,256784.0,25906624.3,1.018,1.005,1.018,1.013,19.18,2026-06-09T15:37:48
516670,畜牧养殖ETF招商,0.573,-0.17,-0.001,451032.0,25798341.0,0.576,0.569,0.575,0.574,1.45,2026-06-09T15:37:48
159867,养殖ETF鹏华,0.521,-0.19,-0.001,495157.0,25768530.76,0.524,0.517,0.521,0.522,2.93,2026-06-09T15:37:48
588150,科创50ETF南方,1.176,4.26,0.048,223674.0,25758038.0,1.176,1.135,1.143,1.128,7.73,2026-06-09T15:37:48
515710,食品饮料ETF华宝,0.487,-0.2,-0.001,526549.0,25614701.0,0.49,0.484,0.49,0.488,2.1,2026-06-09T15:37:48
589860,科创综指ETF天弘,1.613,3.66,0.057,161120.0,25528936.0,1.631,1.541,1.571,1.556,9.47,2026-06-09T15:37:48
159247,创业板ETF汇添富,1.189,3.39,0.039,217438.0,25480116.252,1.19,1.151,1.158,1.15,11.33,2026-06-09T15:37:48
516880,光伏ETF银华,0.857,3.0,0.025,303207.0,25396166.0,0.857,0.824,0.84,0.832,2.81,2026-06-09T15:37:48
159511,通信ETF南方,2.738,4.54,0.119,94076.0,25281547.6,2.74,2.642,2.665,2.619,7.13,2026-06-09T15:37:48
515310,沪深300ETF汇添富,1.434,1.7,0.024,176091.0,25000406.0,1.435,1.408,1.414,1.41,7.41,2026-06-09T15:37:48
159056,医疗器械ETF富国,0.985,0.1,0.001,254785.0,24998439.615,0.994,0.974,0.984,0.984,9.17,2026-06-09T15:37:48
159775,电池ETF建信,0.892,2.88,0.025,285714.0,24982435.7,0.894,0.86,0.872,0.867,7.77,2026-06-09T15:37:48
520890,港股通红利低波ETF华泰柏瑞,1.379,-0.29,-0.004,180119.0,24801920.0,1.383,1.374,1.383,1.383,24.34,2026-06-09T15:37:48
159745,建材ETF国泰,0.58,-0.17,-0.001,430347.0,24784816.788,0.588,0.572,0.588,0.581,2.64,2026-06-09T15:37:48
517900,银行AH优选ETF招商,1.483,0.27,0.004,166462.0,24722388.0,1.491,1.475,1.479,1.479,3.26,2026-06-09T15:37:48
513990,港股通ETF招商,1.089,0.74,0.008,226449.0,24544844.0,1.09,1.073,1.073,1.081,31.45,2026-06-09T15:37:48
515250,智能汽车ETF富国,1.064,2.41,0.025,233979.0,24506564.0,1.065,1.036,1.044,1.039,5.92,2026-06-09T15:37:48
588270,科创200ETF易方达,1.84,4.43,0.078,135995.0,24481702.0,1.841,1.777,1.779,1.762,4.56,2026-06-09T15:37:48
589230,科创人工智能ETF南方,0.967,2.33,0.022,256074.0,24478400.0,0.969,0.942,0.952,0.945,10.0,2026-06-09T15:37:48
159268,港股通消费ETF汇添富,0.804,0.12,0.001,303900.0,24470891.2,0.809,0.8,0.8,0.803,5.89,2026-06-09T15:37:48
510170,大宗商品ETF国联安,1.387,1.24,0.017,174394.0,23908272.0,1.391,1.356,1.368,1.37,4.35,2026-06-09T15:37:48
588770,科创信息ETF摩根,1.867,4.83,0.086,130054.0,23780851.0,1.867,1.795,1.804,1.781,4.34,2026-06-09T15:37:48
511620,货币ETF国泰,100.005,0.0,-0.004,2359.0,23594804.0,100.01,100.002,100.005,100.009,5.74,2026-06-09T15:37:48
159572,创业板200ETF易方达,1.583,4.14,0.063,151028.0,23424111.7,1.584,1.525,1.525,1.52,7.88,2026-06-09T15:37:48
589280,科创增强ETF华宝,0.948,3.83,0.035,249897.0,23343289.0,0.949,0.915,0.922,0.913,24.01,2026-06-09T15:37:48
560580,电力ETF南方,1.219,1.16,0.014,193430.0,23316181.0,1.219,1.182,1.205,1.205,4.34,2026-06-09T15:37:48
516130,消费龙头ETF华宝,0.666,-0.45,-0.003,349933.0,23265064.0,0.669,0.663,0.669,0.669,2.33,2026-06-09T15:37:48
561990,沪深300增强ETF招商,1.028,1.18,0.012,228483.0,23225697.0,1.029,1.012,1.019,1.016,6.48,2026-06-09T15:37:48
563000,中国A50ETF易方达,1.139,1.79,0.02,205958.0,23218320.0,1.139,1.118,1.121,1.119,1.21,2026-06-09T15:37:48
561930,沪深300ETF招商,1.606,1.71,0.027,146239.0,23170805.0,1.607,1.576,1.591,1.579,12.06,2026-06-09T15:37:48
560120,中证500现金流ETF华夏,1.202,0.17,0.002,194141.0,23168898.0,1.205,1.188,1.2,1.2,2.65,2026-06-09T15:37:48
159736,食品饮料ETF天弘,0.577,-0.17,-0.001,402079.0,23101275.94,0.58,0.572,0.578,0.578,0.53,2026-06-09T15:37:48
159560,芯片ETF景顺,2.33,5.14,0.114,100910.0,23087836.2,2.332,2.24,2.282,2.216,6.01,2026-06-09T15:37:48
560260,医疗ETF广发,0.734,-0.54,-0.004,315205.0,23030593.0,0.738,0.726,0.738,0.738,1.69,2026-06-09T15:37:48
562360,机器人ETF银华,1.272,0.95,0.012,183047.0,22995773.0,1.273,1.242,1.26,1.26,6.95,2026-06-09T15:37:48
159898,医疗器械ETF招商,0.475,0.0,0.0,484777.0,22991941.9,0.477,0.471,0.477,0.475,5.13,2026-06-09T15:37:48
562970,光伏ETF易方达,1.173,3.08,0.035,196654.0,22616872.0,1.175,1.129,1.149,1.138,4.74,2026-06-09T15:37:48
159147,电池ETF南方,1.023,3.02,0.03,225057.0,22616666.982,1.024,0.988,1.007,0.993,1.05,2026-06-09T15:37:48
159588,石油ETF景顺,1.218,-2.4,-0.03,184978.0,22600227.408,1.242,1.214,1.236,1.248,3.16,2026-06-09T15:37:48
563320,通用航空ETF华泰柏瑞,0.968,1.15,0.011,235712.0,22495647.0,0.968,0.941,0.961,0.957,10.72,2026-06-09T15:37:48
159718,港股医药ETF平安,0.706,-0.28,-0.002,318971.0,22378754.5,0.711,0.692,0.705,0.708,13.76,2026-06-09T15:37:48
512080,A500ETF中金,1.354,1.65,0.022,166109.0,22293863.0,1.354,1.327,1.35,1.332,3.51,2026-06-09T15:37:48
516850,新能源ETF华夏,1.068,3.39,0.035,213221.0,22260322.0,1.07,1.03,1.035,1.033,14.78,2026-06-09T15:37:48
159609,光伏ETF浦银,0.59,2.79,0.016,383130.0,22244762.0,0.591,0.568,0.576,0.574,11.37,2026-06-09T15:37:48
561350,中证500ETF国泰,1.291,2.62,0.033,173699.0,22112145.0,1.293,1.258,1.27,1.258,25.66,2026-06-09T15:37:48
563010,电信ETF易方达,2.369,3.09,0.071,94273.0,22086853.0,2.371,2.307,2.325,2.298,9.32,2026-06-09T15:37:48
589630,科创综指ETF国泰,1.632,3.88,0.061,137725.0,22064444.0,1.632,1.585,1.586,1.571,7.75,2026-06-09T15:37:48
589880,科创综指ETF建信,1.613,4.13,0.064,137353.0,21850269.0,1.614,1.564,1.564,1.549,3.09,2026-06-09T15:37:48
516290,光伏ETF汇添富,0.629,2.78,0.017,350498.0,21665913.0,0.631,0.607,0.618,0.612,4.5,2026-06-09T15:37:48
589160,科创芯片ETF广发,1.256,5.37,0.064,175100.0,21586559.0,1.258,1.206,1.222,1.192,9.3,2026-06-09T15:37:48
516300,中证1000ETF华泰柏瑞,3.45,2.89,0.097,62589.0,21433455.0,3.487,3.36,3.385,3.353,25.02,2026-06-09T15:37:48
159359,A500ETF华安,1.332,2.3,0.03,162268.0,21328599.39,1.334,1.302,1.31,1.302,2.35,2026-06-09T15:37:48
562700,汽车零部件ETF华夏,1.428,1.2,0.017,150576.0,21212170.0,1.428,1.395,1.412,1.411,14.51,2026-06-09T15:37:48
159310,芯片ETF天弘,2.915,5.62,0.155,74275.0,21162644.5,2.918,2.784,2.83,2.76,1.69,2026-06-09T15:37:48
159015,恒生港股通科技ETF国联,0.947,1.83,0.017,223425.0,21148012.418,0.956,0.935,0.944,0.93,16.75,2026-06-09T15:37:48
589900,科创综指ETF博时,1.628,3.63,0.057,131690.0,21028189.0,1.629,1.582,1.586,1.571,7.36,2026-06-09T15:37:48
159293,创业板综增强ETF建信,1.153,3.32,0.037,185735.0,21002664.1,1.153,1.117,1.117,1.116,37.78,2026-06-09T15:37:48
159299,金融科技ETF易方达,0.712,2.01,0.014,296847.0,20942838.1,0.713,0.695,0.704,0.698,6.58,2026-06-09T15:37:48
588160,科创新材料ETF南方,1.201,6.66,0.075,177553.0,20854884.0,1.202,1.127,1.141,1.126,11.1,2026-06-09T15:37:48
563520,沪深300ETF永赢,1.233,0.9,0.011,170988.0,20851743.0,1.252,1.211,1.252,1.222,4.51,2026-06-09T15:37:48
588180,科创50ETF国联安,1.078,4.05,0.042,195534.0,20744371.0,1.08,1.042,1.052,1.036,2.12,2026-06-09T15:37:48
159230,通用航空ETF华夏,1.073,1.32,0.014,195137.0,20703115.4,1.074,1.051,1.064,1.059,5.82,2026-06-09T15:37:48
520670,港股通科技ETF嘉实,0.816,2.51,0.02,255498.0,20664559.0,0.818,0.798,0.798,0.796,10.63,2026-06-09T15:37:48
563210,专精特新ETF富国,2.143,5.41,0.11,97996.0,20619255.0,2.143,2.06,2.076,2.033,10.88,2026-06-09T15:37:48
159805,传媒ETF鹏华,1.212,1.51,0.018,170578.0,20565662.7,1.217,1.189,1.203,1.194,6.24,2026-06-09T15:37:48
159549,红利低波ETF天弘,1.186,-0.34,-0.004,172171.0,20459708.2,1.196,1.182,1.188,1.19,0.37,2026-06-09T15:37:48
510320,沪深300ETF中金,1.293,1.65,0.021,158873.0,20388332.0,1.296,1.271,1.277,1.272,2.78,2026-06-09T15:37:48
513620,港股医疗ETF银华,0.841,-0.83,-0.007,243421.0,20380704.0,0.845,0.824,0.845,0.848,13.0,2026-06-09T15:37:48
520950,港股通50ETF摩根,0.839,0.84,0.007,242374.0,20302206.0,0.84,0.83,0.832,0.832,6.49,2026-06-09T15:37:48
159776,港股医药ETF银华,0.945,-0.53,-0.005,215673.0,20270066.4,0.952,0.926,0.95,0.95,24.52,2026-06-09T15:37:48
159837,生物科技ETF易方达,0.415,-0.24,-0.001,491829.0,20254380.2,0.416,0.408,0.416,0.416,1.55,2026-06-09T15:37:48
560630,机器人ETF万家,1.322,1.38,0.018,155141.0,20236165.0,1.322,1.289,1.305,1.304,11.54,2026-06-09T15:37:48
517380,创新药ETF天弘,0.636,0.0,0.0,320262.0,20200893.0,0.64,0.621,0.631,0.636,1.41,2026-06-09T15:37:48
159270,创业板200ETF南方,1.23,4.41,0.052,167381.0,20146542.336,1.231,1.182,1.184,1.178,16.61,2026-06-09T15:37:48
515460,红利质量ETF南方,0.874,-0.11,-0.001,231354.0,20115915.0,0.878,0.867,0.87,0.875,7.74,2026-06-09T15:37:48
511690,交易货币ETF大成,100.002,0.0,0.001,2004.0,20037777.0,100.002,99.999,99.999,100.001,2.98,2026-06-09T15:37:48
588420,科创创业人工智能ETF摩根,1.351,4.0,0.052,150637.0,20019389.0,1.352,1.305,1.311,1.299,10.07,2026-06-09T15:37:48
159153,消费电子ETF鹏华,1.369,5.23,0.068,148964.0,19966159.444,1.37,1.309,1.319,1.301,19.17,2026-06-09T15:37:48
589770,科创综指ETF招商,1.635,3.74,0.059,123843.0,19962825.0,1.635,1.586,1.591,1.576,6.94,2026-06-09T15:37:48
516190,传媒ETF华夏,1.035,1.57,0.016,194241.0,19921648.0,1.037,1.013,1.025,1.019,16.49,2026-06-09T15:37:48
159390,中证A50ETF国联,1.248,1.3,0.016,161183.0,19904148.696,1.249,1.228,1.237,1.232,11.83,2026-06-09T15:37:48
159329,沙特ETF南方,0.908,0.55,0.005,219551.0,19895067.794,0.908,0.904,0.905,0.903,1.64,2026-06-09T15:37:48
560880,家电ETF广发,1.562,0.64,0.01,127920.0,19821290.0,1.563,1.54,1.56,1.552,5.8,2026-06-09T15:37:48
512380,MSCI中国ETF银华,1.65,1.66,0.027,120677.0,19755811.0,1.651,1.621,1.621,1.623,14.23,2026-06-09T15:37:48
563350,A50ETF华泰柏瑞,1.423,1.43,0.02,139100.0,19614606.0,1.424,1.4,1.407,1.403,7.32,2026-06-09T15:37:48
159906,深成长ETF大成,1.977,4.27,0.081,101225.0,19602314.7,1.977,1.9,1.925,1.896,6.72,2026-06-09T15:37:48
588100,科创信息ETF嘉实,2.624,4.83,0.121,75048.0,19306094.0,2.628,2.525,2.56,2.503,11.77,2026-06-09T15:37:48
159748,创新药ETF富国,0.639,-0.78,-0.005,303794.0,19276835.2,0.648,0.627,0.647,0.644,3.18,2026-06-09T15:37:48
159779,消费电子ETF招商,1.648,5.44,0.085,118123.0,18958818.3,1.648,1.572,1.602,1.563,9.1,2026-06-09T15:37:48
159135,港股通科技ETF前海开源,0.836,2.2,0.018,226901.0,18876383.146,0.839,0.819,0.824,0.818,2.91,2026-06-09T15:37:48
512730,银行ETF鹏华,1.621,0.25,0.004,115921.0,18855217.0,1.633,1.601,1.605,1.617,16.19,2026-06-09T15:37:48
513360,教育ETF博时,0.439,0.0,0.0,427527.0,18759858.0,0.442,0.436,0.438,0.439,6.63,2026-06-09T15:37:48
510350,沪深300ETF工银,5.038,1.74,0.086,37485.0,18738949.0,5.04,4.951,4.974,4.952,0.55,2026-06-09T15:37:48
159167,港股通医疗ETF工银,0.734,-0.81,-0.006,256668.0,18693771.529,0.739,0.718,0.739,0.74,10.5,2026-06-09T15:37:48
159581,红利ETF万家,1.066,-0.09,-0.001,175581.0,18669512.9,1.068,1.058,1.065,1.067,1.32,2026-06-09T15:37:48
563500,A500ETF华宝,0.663,1.84,0.012,285146.0,18660976.0,0.664,0.65,0.653,0.651,4.37,2026-06-09T15:37:48
516620,影视ETF国泰,0.903,1.01,0.009,206609.0,18590190.0,0.911,0.888,0.896,0.894,12.24,2026-06-09T15:37:48
159899,软件ETF招商,0.749,1.77,0.013,250684.0,18585532.2,0.749,0.729,0.74,0.736,2.87,2026-06-09T15:37:48
159393,沪深300ETF万家,5.074,1.89,0.094,36794.0,18484064.5,5.076,4.99,4.993,4.98,8.57,2026-06-09T15:37:48
159195,石油ETF华安,0.882,-2.22,-0.02,207986.0,18385739.004,0.9,0.88,0.9,0.902,20.91,2026-06-09T15:37:48
159337,中证500ETF东财,1.847,2.55,0.046,100412.0,18300706.5,1.848,1.801,1.812,1.801,3.96,2026-06-09T15:37:48
588430,科创创业人工智能ETF工银,1.376,3.77,0.05,135089.0,18288446.0,1.376,1.328,1.334,1.326,12.93,2026-06-09T15:37:48
159179,港股通互联网ETF工银,0.877,1.5,0.013,209106.0,18249839.38,0.88,0.862,0.863,0.864,22.03,2026-06-09T15:37:48
510910,上证指数ETF南方,0.981,-0.1,-0.001,185680.0,18137845.0,0.982,0.968,0.976,0.982,12.07,2026-06-09T15:37:48
159168,有色ETF富国,0.869,2.6,0.022,213015.0,18100965.128,0.869,0.833,0.845,0.847,7.26,2026-06-09T15:37:48
159536,中证2000ETF汇添富,1.513,3.28,0.048,121583.0,18085631.8,1.513,1.466,1.475,1.465,30.97,2026-06-09T15:37:48
159761,新材料ETF国泰,0.854,5.69,0.046,214520.0,18072065.165,0.857,0.813,0.82,0.808,11.37,2026-06-09T15:37:48
159386,A500ETF永赢,1.338,2.06,0.027,136373.0,18053063.6,1.338,1.31,1.311,1.311,24.85,2026-06-09T15:37:48
588910,科创价值ETF建信,1.54,3.56,0.053,118821.0,17969580.0,1.541,1.486,1.501,1.487,10.33,2026-06-09T15:37:48
159820,中证500ETF天弘,1.401,2.56,0.035,129869.0,17900568.2,1.403,1.365,1.366,1.366,0.99,2026-06-09T15:37:48
516910,物流ETF富国,1.123,0.18,0.002,159977.0,17883139.0,1.125,1.113,1.123,1.121,23.14,2026-06-09T15:37:48
561570,油气ETF华泰柏瑞,1.317,-1.5,-0.02,134875.0,17719579.0,1.333,1.307,1.33,1.337,15.48,2026-06-09T15:37:48
588450,科创50增强ETF招商,2.194,4.53,0.095,82152.0,17714559.0,2.195,2.105,2.105,2.099,16.91,2026-06-09T15:37:48
159010,港股通科技ETF博时,0.959,1.7,0.016,185408.0,17711126.638,0.963,0.933,0.94,0.943,7.58,2026-06-09T15:37:48
511600,华安日日鑫ETF,99.998,0.0,-0.003,1769.0,17690566.0,100.004,99.997,99.999,100.001,20.56,2026-06-09T15:37:48
159193,新能源电池ETF银华,0.952,3.82,0.035,188663.0,17656546.056,0.952,0.92,0.92,0.917,7.54,2026-06-09T15:37:48
159666,交通运输ETF华夏,0.954,0.74,0.007,185514.0,17631830.6,0.954,0.946,0.947,0.947,16.59,2026-06-09T15:37:48
560270,电力ETF工银,1.051,0.96,0.01,170157.0,17623356.0,1.052,1.021,1.04,1.041,12.38,2026-06-09T15:37:48
512460,电池ETF华夏,1.021,2.92,0.029,174246.0,17459035.0,1.022,0.987,0.995,0.992,10.57,2026-06-09T15:37:48
513230,港股通消费ETF华夏,0.886,0.45,0.004,196862.0,17445527.0,0.89,0.88,0.888,0.882,5.16,2026-06-09T15:37:48
515580,科技100ETF华泰柏瑞,1.405,3.54,0.048,126027.0,17418325.0,1.406,1.361,1.361,1.357,3.87,2026-06-09T15:37:48
588960,科创新能源ETF富国,1.343,3.71,0.048,131758.0,17334193.0,1.347,1.291,1.3,1.295,8.21,2026-06-09T15:37:48
159190,创业板新能源ETF天弘,1.023,3.33,0.033,171970.0,17306924.153,1.025,0.99,0.99,0.99,24.54,2026-06-09T15:37:48
512620,农业ETF天弘,0.836,0.0,0.0,207721.0,17271726.0,0.839,0.828,0.835,0.836,1.72,2026-06-09T15:37:48
516800,智能制造ETF华宝,1.042,4.2,0.042,167993.0,17253181.0,1.042,1.004,1.013,1.0,8.14,2026-06-09T15:37:48
159726,港股通高股息ETF华夏,1.362,0.81,0.011,127329.0,17218362.6,1.362,1.346,1.351,1.351,4.48,2026-06-09T15:37:48
560480,电力ETF招商,0.994,1.02,0.01,175834.0,17213513.0,0.994,0.965,0.987,0.984,11.62,2026-06-09T15:37:48
517130,云计算ETF嘉实,0.993,3.33,0.032,174833.0,17114944.0,0.995,0.968,0.974,0.961,6.45,2026-06-09T15:37:48
159369,创业板50ETF易方达,1.648,3.97,0.063,105370.0,17081154.348,1.648,1.591,1.611,1.585,3.64,2026-06-09T15:37:48
159283,通用航空ETF南方,0.984,0.92,0.009,174370.0,17010843.8,0.986,0.96,0.969,0.975,5.8,2026-06-09T15:37:48
520780,港股通汽车ETF华宝,0.927,0.98,0.009,182820.0,16874695.0,0.93,0.916,0.918,0.918,58.11,2026-06-09T15:37:48
513320,港股通新经济ETF易方达,1.065,1.43,0.015,156938.0,16596213.0,1.067,1.047,1.055,1.05,13.89,2026-06-09T15:37:48
159029,有色ETF广发,0.89,2.53,0.022,187420.0,16321760.647,0.894,0.855,0.875,0.868,5.51,2026-06-09T15:37:48
159150,深证50ETF易方达,1.756,3.11,0.053,94003.0,16316760.9,1.756,1.709,1.72,1.703,10.56,2026-06-09T15:37:48
159148,石油ETF富国,0.961,-2.24,-0.022,168094.0,16205068.8,0.981,0.958,0.981,0.983,7.17,2026-06-09T15:37:48
561700,电力ETF博时,1.219,1.25,0.015,133763.0,16125856.0,1.219,1.181,1.213,1.204,3.47,2026-06-09T15:37:48
560930,电力ETF易方达,0.975,0.83,0.008,165239.0,15887344.0,0.977,0.947,0.977,0.967,7.85,2026-06-09T15:37:48
159178,消费电子ETF汇添富,1.202,4.89,0.056,131023.0,15504689.91,1.203,1.151,1.17,1.146,18.87,2026-06-09T15:37:48
159798,消费ETF易方达,0.81,-0.37,-0.003,191148.0,15501652.2,0.815,0.806,0.813,0.813,12.39,2026-06-09T15:37:48
159007,养殖ETF华泰柏瑞,0.818,-0.12,-0.001,189495.0,15493955.065,0.823,0.814,0.82,0.819,8.96,2026-06-09T15:37:48
159375,创业板50ETF国泰,2.156,4.15,0.086,72999.0,15473430.0,2.158,2.083,2.083,2.07,6.98,2026-06-09T15:37:48
159712,港股通50ETF国泰,1.209,0.5,0.006,128054.0,15388495.6,1.209,1.195,1.196,1.203,11.06,2026-06-09T15:37:48
159162,工业有色ETF鹏华,0.822,2.62,0.021,190468.0,15365885.731,0.824,0.791,0.801,0.801,3.79,2026-06-09T15:37:48
159208,航空航天ETF万家,1.155,0.35,0.004,134187.0,15350613.142,1.156,1.135,1.152,1.151,4.19,2026-06-09T15:37:48
515320,电子50ETF华安,1.679,5.27,0.084,93040.0,15321692.0,1.679,1.61,1.621,1.595,12.35,2026-06-09T15:37:48
159835,创新药ETF建信,0.553,0.55,0.003,278878.0,15310183.0,0.555,0.541,0.55,0.55,5.48,2026-06-09T15:37:48
159237,港股汽车ETF工银,0.973,1.46,0.014,158461.0,15297577.5,0.974,0.959,0.966,0.959,44.85,2026-06-09T15:37:48
159596,A50ETF华宝,0.66,1.23,0.008,234139.0,15292261.0,0.661,0.649,0.652,0.652,4.41,2026-06-09T15:37:48
510850,上证50ETF工银,3.438,0.47,0.016,44588.0,15262370.0,3.443,3.406,3.443,3.422,8.01,2026-06-09T15:37:48
560100,中证500增强ETF南方,1.373,2.62,0.035,113017.0,15257710.0,1.377,1.336,1.351,1.338,19.97,2026-06-09T15:37:48
159022,科创创业人工智能ETF富国,1.126,3.87,0.042,137298.0,15250037.388,1.126,1.085,1.106,1.084,11.11,2026-06-09T15:37:48
563050,央企科技ETF易方达,1.373,3.39,0.045,112881.0,15208304.0,1.375,1.33,1.344,1.328,8.6,2026-06-09T15:37:48
561090,A500增强ETF华安,1.276,1.75,0.022,119698.0,15104862.0,1.276,1.249,1.255,1.254,5.78,2026-06-09T15:37:48
159587,粮食ETF广发,1.157,0.35,0.004,131546.0,15100125.1,1.159,1.14,1.151,1.153,9.3,2026-06-09T15:37:48
159019,石油ETF华宝,0.906,-2.16,-0.02,166223.0,15061846.912,0.917,0.903,0.917,0.926,25.44,2026-06-09T15:37:48
159155,电池ETF大成,1.019,2.31,0.023,149579.0,14980548.38,1.021,0.986,1.001,0.996,3.11,2026-06-09T15:37:48
159686,A100ETF易方达,1.31,1.47,0.019,115100.0,14937316.9,1.31,1.288,1.296,1.291,15.59,2026-06-09T15:37:48
159606,中证500成长ETF易方达,1.314,2.9,0.037,114908.0,14920850.167,1.314,1.277,1.277,1.277,3.81,2026-06-09T15:37:48
159647,中药ETF鹏华,0.851,-0.23,-0.002,174698.0,14861514.8,0.856,0.847,0.853,0.853,1.11,2026-06-09T15:37:48
159265,港股消费ETF鹏华,0.833,0.12,0.001,178109.0,14854138.2,0.837,0.828,0.83,0.832,7.81,2026-06-09T15:37:48
159377,创业板医药ETF国泰,0.892,1.25,0.011,166513.0,14803102.7,0.898,0.875,0.883,0.881,18.89,2026-06-09T15:37:48
516210,银行ETF华安,1.349,0.37,0.005,109509.0,14789664.0,1.357,1.329,1.344,1.344,11.87,2026-06-09T15:37:48
159708,红利ETF西部利得,0.809,0.37,0.003,182125.0,14648033.9,0.81,0.802,0.807,0.806,9.44,2026-06-09T15:37:48
159367,创业板50ETF华夏,2.032,3.62,0.071,73214.0,14627010.692,2.033,1.961,1.974,1.961,7.32,2026-06-09T15:37:48
159266,港股央企红利ETF永赢,0.972,0.1,0.001,150788.0,14613046.7,0.973,0.966,0.971,0.971,3.55,2026-06-09T15:37:48
588040,科创50ETF鹏华,1.692,3.61,0.059,87423.0,14604558.0,1.697,1.634,1.664,1.633,12.88,2026-06-09T15:37:48
510410,资源ETF博时,1.929,0.68,0.013,76494.0,14586224.0,1.933,1.89,1.91,1.916,1.63,2026-06-09T15:37:48
520830,沙特ETF华泰柏瑞,0.897,0.45,0.004,162862.0,14581766.0,0.897,0.894,0.895,0.893,1.31,2026-06-09T15:37:48
516250,工程机械ETF富国,1.065,0.66,0.007,137829.0,14516394.0,1.066,1.044,1.058,1.058,15.86,2026-06-09T15:37:48
515330,沪深300ETF天弘,1.382,1.47,0.02,106087.0,14516031.0,1.383,1.358,1.368,1.362,0.19,2026-06-09T15:37:48
561220,数字经济ETF工银,1.825,5.25,0.091,80744.0,14510474.0,1.825,1.736,1.786,1.734,22.71,2026-06-09T15:37:48
563650,中证A500ETF兴业,1.334,1.91,0.025,109093.0,14436118.0,1.336,1.309,1.313,1.309,9.33,2026-06-09T15:37:48
159500,中证500ETF富国,1.207,2.46,0.029,121105.0,14429900.3,1.208,1.178,1.188,1.178,8.29,2026-06-09T15:37:48
588480,科创创业人工智能ETF中金,1.017,3.56,0.035,142963.0,14373845.0,1.017,0.987,0.988,0.982,5.15,2026-06-09T15:37:48
588510,科创创业人工智能ETF华夏,0.96,4.12,0.038,151623.0,14316447.0,0.96,0.927,0.94,0.922,4.13,2026-06-09T15:37:48
520930,恒生生物科技ETF国泰,0.755,-0.66,-0.005,191013.0,14300179.0,0.76,0.739,0.756,0.76,14.84,2026-06-09T15:37:48
515810,中证800ETF易方达,1.743,1.93,0.033,82556.0,14228254.0,1.746,1.712,1.727,1.71,2.65,2026-06-09T15:37:48
588280,科创50ETF华安,1.203,4.16,0.048,118800.0,14101899.0,1.204,1.163,1.172,1.155,4.57,2026-06-09T15:37:48
159902,中小100ETF华夏,4.919,3.19,0.152,29093.0,14054348.7,4.919,4.774,4.793,4.767,3.78,2026-06-09T15:37:48
560380,A100ETF南方,1.293,1.57,0.02,110008.0,14054051.0,1.293,1.269,1.278,1.273,7.59,2026-06-09T15:37:48
159251,港股通科技ETF万家,0.765,1.46,0.011,184310.0,14036153.7,0.769,0.752,0.756,0.754,6.93,2026-06-09T15:37:48
561230,中证A50ETF工银,1.349,1.28,0.017,104589.0,13976472.0,1.351,1.327,1.332,1.332,2.27,2026-06-09T15:37:48
159138,工程机械ETF易方达,1.014,0.3,0.003,137574.0,13844737.308,1.017,0.994,1.016,1.011,22.27,2026-06-09T15:37:48
511800,易方达货币ETF,100.0,0.0,-0.004,1381.0,13811043.0,100.003,99.995,99.998,100.004,8.3,2026-06-09T15:37:48
159003,招商快线ETF,100.0,0.0,0.0,1376.0,13760963.99,100.0,99.999,100.0,100.0,6.93,2026-06-09T15:37:48
159385,数字经济ETF富国,1.83,4.99,0.087,76498.0,13760688.4,1.83,1.752,1.752,1.743,18.66,2026-06-09T15:37:48
526070,恒指港股通ETF博时,0.966,0.84,0.008,141655.0,13629732.0,0.966,0.957,0.96,0.958,10.16,2026-06-09T15:37:48
159132,恒生生物科技ETF富国,0.752,-0.4,-0.003,181611.0,13560452.288,0.758,0.737,0.755,0.755,17.47,2026-06-09T15:37:48
588900,科创100ETF南方,1.838,4.14,0.073,74375.0,13401956.0,1.843,1.765,1.765,1.765,2.28,2026-06-09T15:37:48
563570,金融科技ETF兴业,0.753,1.89,0.014,178090.0,13309226.0,0.754,0.737,0.744,0.739,15.04,2026-06-09T15:37:48
589260,科创芯片设计ETF国泰,1.311,4.8,0.06,103054.0,13299219.0,1.315,1.269,1.275,1.251,15.35,2026-06-09T15:37:48
159126,港股通50ETF南方,0.917,0.44,0.004,145141.0,13291339.336,0.92,0.911,0.913,0.913,5.03,2026-06-09T15:37:48
562890,A50ETF嘉实,1.389,1.31,0.018,96798.0,13281619.0,1.39,1.366,1.371,1.371,4.7,2026-06-09T15:37:48
159220,港股通红利低波ETF华宝,0.59,-0.17,-0.001,225351.0,13274991.7,0.592,0.587,0.592,0.591,4.51,2026-06-09T15:37:48
520940,港股通恒生ETF华安,0.978,0.51,0.005,135888.0,13249780.0,0.98,0.971,0.975,0.973,53.72,2026-06-09T15:37:48
561120,家电ETF富国,1.313,0.92,0.012,100702.0,13130507.0,1.313,1.296,1.301,1.301,32.32,2026-06-09T15:37:48
530580,上证180ETF南方,1.167,1.3,0.015,113673.0,13129502.0,1.167,1.15,1.152,1.152,19.22,2026-06-09T15:37:48
516270,新能源ETF华安,0.69,2.53,0.017,193457.0,13128265.0,0.691,0.669,0.676,0.673,6.0,2026-06-09T15:37:48
561310,消电ETF国泰,1.65,5.03,0.079,81045.0,13101162.0,1.65,1.552,1.615,1.571,23.9,2026-06-09T15:37:48
589180,科创新材料ETF汇添富,2.018,11.49,0.208,69711.0,13088072.0,2.172,1.811,1.83,1.81,40.25,2026-06-09T15:37:48
159757,电池ETF景顺,0.893,3.0,0.026,149805.0,13082861.2,0.894,0.861,0.867,0.867,6.07,2026-06-09T15:37:48
512950,央企改革ETF华夏,1.518,0.6,0.009,86307.0,13045511.0,1.519,1.501,1.513,1.509,0.21,2026-06-09T15:37:48
159586,计算机ETF南方,1.133,2.44,0.027,116165.0,13009652.2,1.133,1.103,1.109,1.106,4.66,2026-06-09T15:37:48
159285,港股通消费ETF华安,0.799,0.13,0.001,160675.0,12876576.3,0.805,0.797,0.802,0.798,5.79,2026-06-09T15:37:48
512530,沪深300红利ETF建信,1.596,-0.44,-0.007,80722.0,12868227.0,1.602,1.581,1.602,1.603,7.72,2026-06-09T15:37:48
159541,创业板综ETF万家,1.686,3.44,0.056,77100.0,12807988.5,1.687,1.638,1.659,1.63,12.22,2026-06-09T15:37:48
520590,恒生科技ETF鹏华,0.824,1.48,0.012,155905.0,12779841.0,0.827,0.812,0.814,0.812,7.02,2026-06-09T15:37:48
515560,证券ETF建信,0.921,0.44,0.004,138847.0,12725389.0,0.923,0.911,0.917,0.917,6.95,2026-06-09T15:37:48
512910,A100ETF广发,1.353,1.73,0.023,95223.0,12717980.0,1.353,1.327,1.336,1.33,7.02,2026-06-09T15:37:48
515200,创新100ETF申万菱信,2.638,2.45,0.063,48736.0,12695595.0,2.653,2.549,2.585,2.575,11.9,2026-06-09T15:37:48
588320,双创50增强ETF广发,1.994,4.13,0.079,64225.0,12574412.0,1.994,1.924,1.926,1.915,15.36,2026-06-09T15:37:48
512770,战略新兴ETF华夏,2.831,4.31,0.117,44633.0,12423550.0,2.835,2.735,2.77,2.714,4.54,2026-06-09T15:37:48
159145,工业软件ETF广发,0.97,2.32,0.022,129724.0,12370350.6,0.97,0.928,0.947,0.948,16.3,2026-06-09T15:37:48
589320,科创200ETF嘉实,0.94,4.44,0.04,133969.0,12368194.0,0.941,0.907,0.909,0.9,4.75,2026-06-09T15:37:48
516230,光伏ETF招商,0.926,3.12,0.028,135611.0,12349476.0,0.927,0.892,0.906,0.898,1.75,2026-06-09T15:37:48
560660,云计算50ETF新华,1.141,3.26,0.036,109194.0,12337222.0,1.144,1.112,1.119,1.105,7.97,2026-06-09T15:37:48
516180,光伏ETF平安,0.834,3.09,0.025,150593.0,12307511.0,0.834,0.801,0.813,0.809,8.18,2026-06-09T15:37:48
515750,科技50ETF富国,1.937,3.42,0.064,64308.0,12296937.0,1.938,1.88,1.885,1.873,2.11,2026-06-09T15:37:48
516050,科技龙头ETF工银,1.486,4.72,0.067,83961.0,12285835.0,1.486,1.43,1.431,1.419,5.21,2026-06-09T15:37:48
560150,红利低波ETF泰康,1.119,0.09,0.001,109800.0,12280884.0,1.123,1.113,1.119,1.118,1.61,2026-06-09T15:37:48
589890,科创综指ETF景顺,1.609,3.81,0.059,77145.0,12227462.0,1.611,1.564,1.568,1.55,8.57,2026-06-09T15:37:48
516460,现金流ETF800鹏华,1.219,-0.16,-0.002,99983.0,12153118.0,1.223,1.212,1.22,1.221,1.81,2026-06-09T15:37:48
562000,A100ETF华宝,0.623,1.47,0.009,197279.0,12125007.0,0.623,0.611,0.614,0.614,3.18,2026-06-09T15:37:48
520790,港股通互联网ETF兴业,0.872,1.16,0.01,139238.0,12116089.0,0.874,0.86,0.86,0.862,3.81,2026-06-09T15:37:48
560250,红利质量ETF富国,0.95,0.42,0.004,128378.0,12094822.0,0.95,0.939,0.943,0.946,4.02,2026-06-09T15:37:48
159249,A500增强ETF工银,1.36,1.72,0.023,89858.0,12081643.7,1.361,1.333,1.338,1.337,9.64,2026-06-09T15:37:48
159108,工业软件ETF博时,1.115,3.15,0.034,109720.0,12052377.688,1.115,1.076,1.087,1.081,8.8,2026-06-09T15:37:48
159603,科创创业ETF天弘,1.952,4.66,0.087,62792.0,12046110.6,1.952,1.875,1.891,1.865,0.28,2026-06-09T15:37:48
159891,医疗ETF建信,0.376,0.0,0.0,319397.0,11971955.1,0.377,0.372,0.376,0.376,9.62,2026-06-09T15:37:48
159226,中证A500增强ETF国泰,1.293,1.09,0.014,93609.0,11971877.5,1.293,1.268,1.28,1.279,12.47,2026-06-09T15:37:48
159881,有色金属ETF国泰,1.798,3.1,0.054,67563.0,11879105.7,1.801,1.726,1.748,1.744,7.66,2026-06-09T15:37:48
560970,工业有色ETF平安,0.935,2.52,0.023,129128.0,11839413.0,0.94,0.905,0.914,0.912,5.87,2026-06-09T15:37:48
159160,电池ETF东财,1.012,3.16,0.031,119010.0,11820508.9,1.012,0.975,0.984,0.981,8.39,2026-06-09T15:37:48
159215,A500ETF平安,1.348,2.12,0.028,88607.0,11795146.1,1.348,1.32,1.333,1.32,0.94,2026-06-09T15:37:48
588880,科创100ETF华泰柏瑞,1.781,4.52,0.077,66853.0,11733251.0,1.784,1.705,1.752,1.704,6.73,2026-06-09T15:37:48
159658,数字经济ETF华安,1.817,4.13,0.072,65408.0,11725378.5,1.82,1.759,1.779,1.745,14.25,2026-06-09T15:37:48
159527,云计算ETF广发,2.168,2.75,0.058,54642.0,11687120.6,2.17,2.117,2.121,2.11,3.9,2026-06-09T15:37:48
512510,中证500ETF华泰柏瑞,2.412,2.51,0.059,48946.0,11662962.0,2.414,2.356,2.361,2.353,1.18,2026-06-09T15:37:48
589600,科创综指ETF富国,1.616,4.06,0.063,72403.0,11527777.0,1.617,1.569,1.569,1.553,3.1,2026-06-09T15:37:48
560230,光伏ETF富国,0.917,2.69,0.024,128187.0,11524906.0,0.918,0.883,0.893,0.893,17.83,2026-06-09T15:37:48
512120,医药ETF华安,0.393,-0.25,-0.001,294869.0,11520141.0,0.394,0.387,0.393,0.394,3.5,2026-06-09T15:37:48
562920,信息安全ETF易方达,0.923,2.56,0.023,124297.0,11364878.0,0.923,0.903,0.903,0.9,14.11,2026-06-09T15:37:48
159982,中证500ETF鹏华,2.165,2.7,0.057,53027.0,11318526.4,2.167,2.11,2.11,2.108,3.89,2026-06-09T15:37:48
159223,现金流ETF永赢,1.136,-0.18,-0.002,99735.0,11284474.4,1.144,1.128,1.144,1.138,4.56,2026-06-09T15:37:48
159676,创业板增强ETF富国,1.741,3.82,0.064,65732.0,11266391.4,1.743,1.687,1.705,1.677,6.95,2026-06-09T15:37:48
516700,大数据ETF华宝,0.909,2.02,0.018,124816.0,11231574.0,0.911,0.89,0.893,0.891,9.63,2026-06-09T15:37:48
562810,上证指数增强ETF嘉实,1.157,0.78,0.009,97368.0,11199981.0,1.158,1.146,1.148,1.148,21.42,2026-06-09T15:37:48
589500,科创综指ETF工银,1.637,4.07,0.064,69270.0,11178898.0,1.637,1.593,1.609,1.573,7.69,2026-06-09T15:37:48
516550,农业ETF嘉实,0.668,0.45,0.003,168451.0,11178671.0,0.67,0.66,0.664,0.665,6.78,2026-06-09T15:37:48
159637,新能源车ETF东财,0.934,3.09,0.028,122162.0,11177846.898,0.935,0.9,0.908,0.906,1.89,2026-06-09T15:37:48
588140,科创200ETF广发,1.325,4.58,0.058,85955.0,11154667.0,1.327,1.278,1.3,1.267,3.51,2026-06-09T15:37:48
515380,沪深300ETF泰康,5.569,1.77,0.097,20164.0,11132097.0,5.572,5.478,5.481,5.472,0.31,2026-06-09T15:37:48
159229,自由现金流ETF广发,1.189,-0.08,-0.001,93912.0,11131457.7,1.19,1.182,1.19,1.19,6.5,2026-06-09T15:37:48
159961,深100ETF方正富邦,2.429,2.84,0.067,46450.0,11083328.2,2.432,2.369,2.383,2.362,4.29,2026-06-09T15:37:48
159172,养殖ETF汇添富,0.777,0.0,0.0,142600.0,11066735.49,0.781,0.772,0.773,0.777,3.6,2026-06-09T15:37:48
159315,黄金股ETF工银,1.427,1.28,0.018,78359.0,11025951.6,1.43,1.391,1.409,1.409,3.95,2026-06-09T15:37:48
159169,恒生生物科技ETF广发,0.77,-0.65,-0.005,144334.0,11006469.532,0.783,0.755,0.783,0.775,7.19,2026-06-09T15:37:48
515890,红利ETF博时,1.45,-0.07,-0.001,76043.0,10983546.0,1.451,1.438,1.446,1.451,2.18,2026-06-09T15:37:48
159752,新能源ETF申万菱信,0.709,2.16,0.015,156436.0,10974018.4,0.713,0.691,0.697,0.694,3.03,2026-06-09T15:37:48
159389,数字经济ETF嘉实,1.829,5.18,0.09,60993.0,10936372.6,1.829,1.756,1.756,1.739,7.08,2026-06-09T15:37:48
159910,基本面120ETF嘉实,2.376,1.54,0.036,46007.0,10898467.0,2.379,2.33,2.376,2.34,4.85,2026-06-09T15:37:48
512580,环保ETF广发,1.329,2.47,0.032,82568.0,10840134.0,1.33,1.292,1.304,1.297,1.38,2026-06-09T15:37:48
159370,创50ETF工银,2.144,4.28,0.088,51490.0,10790842.2,2.145,2.057,2.101,2.056,4.8,2026-06-09T15:37:48
513720,港股互联网ETF国泰,0.693,1.17,0.008,156053.0,10778948.0,0.696,0.683,0.683,0.685,6.22,2026-06-09T15:37:48
560910,电池ETF华泰柏瑞,0.908,3.18,0.028,121379.0,10765002.0,0.908,0.877,0.89,0.88,6.14,2026-06-09T15:37:48
515720,金融科技ETF富国,0.708,1.87,0.013,152725.0,10723674.0,0.71,0.691,0.701,0.695,3.65,2026-06-09T15:37:48
562900,农业ETF易方达,0.645,-0.62,-0.004,166098.0,10703929.0,0.649,0.642,0.648,0.649,7.36,2026-06-09T15:37:48
560490,工业有色ETF华泰柏瑞,0.949,2.93,0.027,114780.0,10683310.0,0.95,0.913,0.922,0.922,7.06,2026-06-09T15:37:48
516320,高端装备ETF华夏,1.047,2.25,0.023,103654.0,10665942.0,1.048,1.019,1.026,1.024,13.71,2026-06-09T15:37:48
563550,A500增强ETF摩根,1.289,2.06,0.026,83729.0,10631395.0,1.289,1.264,1.268,1.263,10.52,2026-06-09T15:37:48
159151,食品ETF华夏,0.89,1.25,0.011,119337.0,10584757.0,0.892,0.879,0.879,0.879,8.81,2026-06-09T15:37:48
515860,科技ETF嘉实,2.09,4.19,0.084,51208.0,10498216.0,2.09,2.006,2.04,2.006,4.75,2026-06-09T15:37:48
159525,红利低波ETF富国,1.086,0.09,0.001,96603.0,10470476.1,1.089,1.078,1.083,1.085,2.28,2026-06-09T15:37:48
511810,货币ETF南方,100.004,0.0,-0.001,1040.0,10401688.0,100.004,100.0,100.001,100.005,2.75,2026-06-09T15:37:48
563750,中证500ETF汇添富,1.131,2.82,0.031,93327.0,10391700.0,1.132,1.101,1.101,1.1,2.69,2026-06-09T15:37:48
561010,软件ETF华安,0.936,1.96,0.018,111721.0,10390402.0,0.938,0.915,0.92,0.918,4.27,2026-06-09T15:37:48
159163,有色ETF泰康,0.743,2.77,0.02,142858.0,10380478.084,0.744,0.712,0.722,0.723,5.74,2026-06-09T15:37:48
159187,创业板新能源ETF景顺,1.032,3.61,0.036,102747.0,10368598.772,1.032,0.999,1.001,0.996,17.07,2026-06-09T15:37:48
520630,港股通互联网ETF广发,0.697,1.31,0.009,147680.0,10255892.0,0.703,0.686,0.691,0.688,3.36,2026-06-09T15:37:48
159176,家电ETF华宝,1.029,0.78,0.008,100440.0,10251387.232,1.029,1.016,1.028,1.021,39.69,2026-06-09T15:37:48
159907,国证2000ETF广发,1.134,2.72,0.03,91689.0,10242306.8,1.135,1.105,1.116,1.104,5.48,2026-06-09T15:37:48
159909,TMT50ETF招商,1.474,4.54,0.064,69704.0,10121230.958,1.477,1.42,1.435,1.41,1.44,2026-06-09T15:37:48
517120,创新药ETF华泰柏瑞,0.579,-0.52,-0.003,176356.0,10115513.0,0.582,0.567,0.58,0.582,3.78,2026-06-09T15:37:48
159239,港股通汽车ETF富国,0.877,0.57,0.005,115307.0,10093316.7,0.881,0.869,0.87,0.872,12.7,2026-06-09T15:37:48
588130,科创医药ETF华夏,0.911,0.22,0.002,110681.0,10071635.0,0.923,0.9,0.909,0.909,12.36,2026-06-09T15:37:48
588410,科创创业人工智能ETF鹏华,1.349,3.85,0.05,75107.0,10001779.0,1.351,1.302,1.302,1.299,7.14,2026-06-09T15:37:48
588390,科创创业ETF博时,1.372,4.73,0.062,74094.0,9977818.0,1.373,1.317,1.323,1.31,5.04,2026-06-09T15:37:48
520610,港股红利低波ETF银华,0.951,0.11,0.001,105150.0,9959092.0,0.952,0.943,0.947,0.95,3.54,2026-06-09T15:37:48
159149,创业板新能源ETF工银,1.032,3.41,0.034,97922.0,9942263.293,1.033,1.0,1.0,0.998,17.33,2026-06-09T15:37:48
563830,全指现金流ETF博时,1.177,-0.08,-0.001,84435.0,9919888.0,1.181,1.171,1.181,1.178,5.71,2026-06-09T15:37:48
159822,新经济ETF银华,0.596,0.0,0.0,166183.0,9904612.2,0.599,0.593,0.595,0.596,4.98,2026-06-09T15:37:48
159127,港股通红利ETF南方,0.956,-0.42,-0.004,103577.0,9877377.53,0.959,0.951,0.959,0.96,5.28,2026-06-09T15:37:48
159180,软件ETF银华,1.19,3.03,0.035,83888.0,9824911.705,1.19,1.155,1.158,1.155,24.56,2026-06-09T15:37:48
510680,上证50ETF万家,3.082,0.65,0.02,31720.0,9751988.0,3.083,3.052,3.072,3.062,15.02,2026-06-09T15:37:48
159181,石油ETF易方达,0.856,-2.39,-0.021,113017.0,9692815.075,0.876,0.854,0.876,0.877,6.87,2026-06-09T15:37:48
159035,软件ETF天弘,0.868,2.0,0.017,112390.0,9671757.664,0.87,0.848,0.851,0.851,3.11,2026-06-09T15:37:48
159773,创业板科技ETF华泰柏瑞,1.46,4.06,0.057,67744.0,9668228.6,1.463,1.404,1.414,1.403,4.94,2026-06-09T15:37:48
561190,碳中和ETF富国,1.025,1.99,0.02,95587.0,9612017.0,1.027,0.999,1.004,1.005,4.54,2026-06-09T15:37:48
515110,一带一路ETF易方达,1.629,1.05,0.017,59391.0,9589465.0,1.63,1.607,1.614,1.612,2.64,2026-06-09T15:37:48
159616,农牧ETF建信,0.758,0.13,0.001,127504.0,9585036.0,0.765,0.748,0.765,0.757,18.07,2026-06-09T15:37:48
159623,成渝经济圈ETF博时,1.048,2.95,0.03,92766.0,9584950.4,1.048,1.027,1.028,1.018,0.3,2026-06-09T15:37:48
159177,工程机械ETF鹏华,1.057,1.05,0.011,91205.0,9510064.5,1.057,1.034,1.049,1.046,20.44,2026-06-09T15:37:48
510660,医药ETF华夏,2.107,-0.57,-0.012,45043.0,9453742.0,2.15,2.085,2.15,2.119,9.61,2026-06-09T15:37:48
159231,通用航空ETF华宝,0.561,1.26,0.007,168513.0,9348919.1,0.562,0.549,0.556,0.554,5.11,2026-06-09T15:37:48
562580,可选消费ETF华夏,1.13,0.27,0.003,83182.0,9341487.0,1.136,1.116,1.136,1.127,22.96,2026-06-09T15:37:48
588720,科创50ETF中银,1.684,4.21,0.068,56343.0,9294708.0,1.684,1.63,1.65,1.616,6.11,2026-06-09T15:37:48
159005,快钱ETF汇添富,100.0,0.0,0.0,929.0,9290188.198,100.0,99.999,99.999,100.0,7.59,2026-06-09T15:37:48
560800,数字经济ETF鹏扬,1.198,4.36,0.05,78709.0,9271072.0,1.198,1.156,1.17,1.148,2.56,2026-06-09T15:37:48
515130,沪深300ETF博时,1.586,1.67,0.026,58766.0,9241562.0,1.587,1.559,1.562,1.56,7.4,2026-06-09T15:37:48
562850,央企能源ETF嘉实,1.311,0.31,0.004,70953.0,9237665.0,1.311,1.292,1.306,1.307,2.8,2026-06-09T15:37:48
516750,建材ETF富国,0.634,-0.16,-0.001,146722.0,9227431.0,0.643,0.626,0.641,0.635,10.74,2026-06-09T15:37:48
560680,消费ETF广发,0.709,-0.42,-0.003,129678.0,9195036.0,0.714,0.705,0.708,0.712,3.98,2026-06-09T15:37:48
159512,汽车ETF广发,1.17,-0.26,-0.003,79017.0,9178945.3,1.18,1.157,1.173,1.173,16.72,2026-06-09T15:37:48
159197,石油ETF招商,0.881,-2.44,-0.022,103495.0,9114022.653,0.903,0.877,0.903,0.903,22.31,2026-06-09T15:37:48
563200,中证2000ETF富国,1.634,1.62,0.026,56253.0,9086452.0,1.635,1.6,1.623,1.608,19.1,2026-06-09T15:37:48
560720,红利低波100ETF工银,0.989,-0.4,-0.004,91527.0,9043841.0,0.998,0.984,0.998,0.993,4.25,2026-06-09T15:37:48
589150,科创50ETF平安,1.208,4.05,0.047,75668.0,8993508.0,1.211,1.168,1.171,1.161,10.59,2026-06-09T15:37:48
159975,深100ETF招商,0.832,2.84,0.023,108753.0,8960372.2,0.832,0.811,0.812,0.809,19.1,2026-06-09T15:37:48
588210,科创100ETF易方达,1.806,4.51,0.078,50352.0,8919550.0,1.808,1.73,1.73,1.728,3.04,2026-06-09T15:37:48
159627,A100ETF华夏,1.349,1.58,0.021,66444.0,8884028.1,1.35,1.327,1.332,1.328,38.82,2026-06-09T15:37:48
159042,价值ETF汇添富,0.983,-0.71,-0.007,90162.0,8862794.147,0.99,0.981,0.988,0.99,3.62,2026-06-09T15:37:48
159027,畜牧养殖ETF大成,0.848,0.24,0.002,104233.0,8816464.509,0.851,0.842,0.844,0.846,7.53,2026-06-09T15:37:48
159576,深证100ETF广发,1.706,2.96,0.049,52498.0,8807432.2,1.708,1.659,1.659,1.657,15.21,2026-06-09T15:37:48
517800,人工智能50ETF方正富邦,1.083,2.36,0.025,82253.0,8801402.0,1.085,1.058,1.061,1.058,3.01,2026-06-09T15:37:48
589820,科创200ETF建信,1.373,4.65,0.061,65466.0,8780293.0,1.373,1.325,1.325,1.312,4.72,2026-06-09T15:37:48
159189,石油ETF华夏,0.86,-2.27,-0.02,101501.0,8748682.989,0.878,0.858,0.878,0.88,7.63,2026-06-09T15:37:48
561280,中证1000增强ETF工银,1.703,1.85,0.031,51987.0,8745026.0,1.707,1.67,1.675,1.672,6.59,2026-06-09T15:37:48
159788,港股通100ETF易方达,1.206,0.5,0.006,72988.0,8744364.0,1.206,1.191,1.192,1.2,6.61,2026-06-09T15:37:48
562320,沪深300价值ETF银华,1.293,0.23,0.003,67691.0,8723945.0,1.293,1.285,1.286,1.29,12.24,2026-06-09T15:37:48
159523,沪深300成长ETF华夏,1.28,1.91,0.024,68744.0,8687042.1,1.305,1.256,1.256,1.256,10.18,2026-06-09T15:37:48
589380,科创人工智能ETF富国,1.594,2.84,0.044,55339.0,8681099.0,1.596,1.549,1.568,1.55,5.66,2026-06-09T15:37:48
563780,现金流全指ETF方正富邦,1.209,-0.33,-0.004,72010.0,8679086.0,1.211,1.202,1.208,1.213,2.03,2026-06-09T15:37:48
159008,证券ETF景顺,0.937,0.32,0.003,92975.0,8672585.54,0.939,0.925,0.935,0.934,4.85,2026-06-09T15:37:48
560180,沪深300ESGETF南方,1.217,1.67,0.02,71883.0,8656219.0,1.217,1.199,1.203,1.197,46.07,2026-06-09T15:37:48
159183,新能源车ETF招商,1.001,2.77,0.027,88205.0,8646689.77,1.006,0.969,0.974,0.974,16.84,2026-06-09T15:37:48
159610,中证500增强ETF景顺,1.258,2.19,0.027,69620.0,8632958.168,1.26,1.227,1.243,1.231,5.02,2026-06-09T15:37:48
560470,有色ETF易方达,0.874,2.82,0.024,101120.0,8624996.0,0.876,0.84,0.85,0.85,4.07,2026-06-09T15:37:48
562990,碳中和ETF易方达,1.028,1.88,0.019,85193.0,8616611.0,1.028,0.999,1.009,1.009,2.15,2026-06-09T15:37:48
520760,恒生生物科技ETF摩根,0.755,-0.4,-0.003,114248.0,8551235.0,0.76,0.737,0.759,0.758,5.45,2026-06-09T15:37:48
159280,港股通互联网ETF汇添富,0.736,2.08,0.015,116615.0,8517490.3,0.738,0.722,0.735,0.721,11.24,2026-06-09T15:37:48
159261,创业板新能源ETF鹏华,1.679,3.13,0.051,51173.0,8465711.2,1.682,1.628,1.628,1.628,9.17,2026-06-09T15:37:48
159991,创业板大盘ETF招商,0.96,4.46,0.041,89897.0,8463981.2,0.96,0.924,0.927,0.919,8.52,2026-06-09T15:37:48
159012,科创创业50ETF鹏华,1.045,4.5,0.045,82034.0,8405636.316,1.046,1.007,1.016,1.0,8.56,2026-06-09T15:37:48
159236,自由现金流ETF工银,1.19,-0.25,-0.003,70523.0,8369814.554,1.193,1.183,1.192,1.193,12.22,2026-06-09T15:37:48
515680,央企创新ETF嘉实,1.701,1.49,0.025,49575.0,8351190.0,1.701,1.677,1.692,1.676,0.45,2026-06-09T15:37:48
517390,云计算ETF天弘,1.988,3.33,0.064,42443.0,8346469.0,1.996,1.93,1.93,1.924,2.9,2026-06-09T15:37:48
159945,能源ETF广发,1.395,-2.72,-0.039,59661.0,8323802.6,1.415,1.384,1.409,1.434,7.27,2026-06-09T15:37:48
159032,工业有色ETF易方达,0.88,2.56,0.022,96088.0,8322644.997,0.882,0.847,0.872,0.858,3.35,2026-06-09T15:37:48
588250,科创医药ETF鹏华,0.928,0.32,0.003,89217.0,8275593.0,0.94,0.914,0.924,0.925,3.44,2026-06-09T15:37:48
159602,中国A50ETF南方,1.096,1.76,0.019,75749.0,8224612.262,1.105,1.078,1.085,1.077,1.78,2026-06-09T15:37:48
159843,食品饮料ETF招商,0.529,-0.19,-0.001,155482.0,8202185.8,0.532,0.524,0.531,0.53,2.32,2026-06-09T15:37:48
560210,农牧渔ETF景顺,0.754,-0.26,-0.002,108674.0,8184110.0,0.761,0.749,0.761,0.756,1.78,2026-06-09T15:37:48
159677,中证1000增强ETF银华,1.527,1.8,0.027,54091.0,8161420.7,1.527,1.492,1.5,1.5,18.09,2026-06-09T15:37:48
159159,公用事业ETF国投瑞银,1.089,0.55,0.006,75461.0,8139666.078,1.089,1.063,1.085,1.083,6.05,2026-06-09T15:37:48
516060,创新药ETF工银,0.49,0.2,0.001,167122.0,8123518.0,0.491,0.481,0.488,0.489,4.61,2026-06-09T15:37:48
159589,红利ETF广发,1.092,-0.09,-0.001,74624.0,8112496.7,1.093,1.081,1.093,1.093,3.76,2026-06-09T15:37:48
563580,自由现金流800ETF万家,1.117,-0.18,-0.002,72619.0,8090138.0,1.12,1.11,1.12,1.119,2.23,2026-06-09T15:37:48
589560,科创人工智能ETF汇添富,1.075,2.77,0.029,76354.0,8078768.0,1.076,1.045,1.053,1.046,2.94,2026-06-09T15:37:48
510370,沪深300ETF兴业,1.07,1.42,0.015,76127.0,8061002.0,1.071,1.051,1.058,1.055,9.37,2026-06-09T15:37:48
510950,上证50ETF广发,0.953,0.32,0.003,85014.0,8048911.0,0.953,0.943,0.95,0.95,8.65,2026-06-09T15:37:48
562910,高端制造ETF易方达,0.926,2.21,0.02,87630.0,8040682.0,0.927,0.902,0.911,0.906,4.81,2026-06-09T15:37:48
515350,沪深300ETF民生加银,6.442,1.45,0.092,12629.0,8037488.0,6.442,6.343,6.357,6.35,10.79,2026-06-09T15:37:48
159520,消费龙头ETF工银,0.9,-0.11,-0.001,89391.0,8035783.7,0.903,0.895,0.901,0.901,5.44,2026-06-09T15:37:48
159661,A100ETF嘉实,1.454,1.47,0.021,55665.0,8019298.3,1.456,1.43,1.44,1.433,20.46,2026-06-09T15:37:48
510020,超大盘ETF博时,3.798,0.32,0.012,21241.0,8008939.0,3.803,3.757,3.803,3.786,5.93,2026-06-09T15:37:48
515900,央企创新ETF博时,1.685,1.26,0.021,47670.0,7973500.0,1.687,1.659,1.667,1.664,0.21,2026-06-09T15:37:48
159850,恒生国企ETF华夏,0.81,0.5,0.004,98602.0,7961972.707,0.811,0.801,0.802,0.806,1.71,2026-06-09T15:37:48
513210,恒生ETF易方达,1.469,0.27,0.004,54200.0,7937297.0,1.471,1.455,1.465,1.465,13.92,2026-06-09T15:37:48
159675,创业板增强ETF嘉实,1.647,4.57,0.072,49093.0,7933708.9,1.649,1.59,1.59,1.575,9.75,2026-06-09T15:37:48
510130,上证中盘ETF易方达,7.422,1.5,0.11,10712.0,7911474.0,7.441,7.305,7.36,7.312,3.32,2026-06-09T15:37:48
589210,科创芯片设计ETF广发,1.428,4.92,0.067,56174.0,7870633.0,1.428,1.381,1.39,1.361,3.59,2026-06-09T15:37:48
159767,电池龙头ETF兴银,0.872,3.07,0.026,91210.0,7810492.4,0.875,0.843,0.846,0.846,3.68,2026-06-09T15:37:48
589110,科创人工智能ETF国泰,1.035,2.58,0.026,76089.0,7780563.0,1.038,1.008,1.017,1.009,1.3,2026-06-09T15:37:48
589250,科创芯片设计ETF浦银,1.307,4.73,0.059,60492.0,7774800.0,1.31,1.267,1.276,1.248,9.02,2026-06-09T15:37:48
516840,汽车ETF南方,0.852,-0.58,-0.005,91846.0,7772121.0,0.865,0.843,0.865,0.857,6.32,2026-06-09T15:37:48
520560,香港大盘30ETF华宝,0.82,0.49,0.004,94602.0,7752969.0,0.824,0.814,0.819,0.816,1.34,2026-06-09T15:37:48
588860,科创医药ETF工银,0.594,0.51,0.003,130736.0,7717403.0,0.6,0.585,0.589,0.591,3.29,2026-06-09T15:37:48
159717,ESGETF鹏华,1.094,1.86,0.02,71102.0,7680848.3,1.094,1.074,1.074,1.074,39.78,2026-06-09T15:37:48
159855,影视ETF银华,0.805,0.75,0.006,95075.0,7673944.095,0.814,0.795,0.801,0.799,5.91,2026-06-09T15:37:48
159968,中证500ETF博时,10.543,2.45,0.252,7360.0,7652056.8,10.561,10.279,10.393,10.291,1.22,2026-06-09T15:37:48
530050,上证50ETF东财,1.135,-0.09,-0.001,67695.0,7651250.0,1.145,1.125,1.139,1.136,5.26,2026-06-09T15:37:48
159216,深证100ETF大成,1.624,2.98,0.047,47907.0,7642629.3,1.625,1.583,1.589,1.577,43.36,2026-06-09T15:37:48
159038,粮食ETF易方达,0.894,0.0,0.0,85732.0,7612300.118,0.896,0.882,0.896,0.894,4.26,2026-06-09T15:37:48
563700,红利价值ETF易方达,1.058,0.28,0.003,71424.0,7536149.0,1.06,1.05,1.054,1.055,1.79,2026-06-09T15:37:48
159873,医疗设备ETF天弘,0.509,0.39,0.002,148357.0,7532117.1,0.51,0.504,0.507,0.507,2.73,2026-06-09T15:37:48
159253,银行ETF博时,0.943,0.32,0.003,79820.0,7528685.0,0.949,0.93,0.93,0.94,1.19,2026-06-09T15:37:48
159678,500增强ETF博时,1.561,2.83,0.043,48751.0,7525840.2,1.565,1.524,1.526,1.518,6.16,2026-06-09T15:37:48
512550,富时A50ETF嘉实,1.871,1.41,0.026,40527.0,7519184.0,1.872,1.845,1.849,1.845,3.56,2026-06-09T15:37:48
159260,证券ETF博时,0.792,0.51,0.004,95304.0,7516681.584,0.794,0.783,0.79,0.788,0.91,2026-06-09T15:37:48
159122,创业板新能源ETF富国,1.08,3.55,0.037,70896.0,7511115.221,1.083,1.047,1.05,1.043,8.96,2026-06-09T15:37:48
512960,央企结构调整ETF博时,1.467,1.03,0.015,51559.0,7507186.0,1.467,1.448,1.464,1.452,0.13,2026-06-09T15:37:48
588370,科创50增强ETF南方,1.773,4.73,0.08,42927.0,7480547.0,1.775,1.709,1.735,1.693,6.78,2026-06-09T15:37:48
159277,港股通红利ETF富国,0.985,-0.4,-0.004,75537.0,7422449.6,0.988,0.98,0.985,0.989,12.07,2026-06-09T15:37:48
515920,智能消费ETF博时,1.32,2.96,0.038,57388.0,7419823.0,1.321,1.284,1.293,1.282,8.71,2026-06-09T15:37:48
159669,绿色电力ETF国泰,1.215,1.0,0.012,61726.0,7395436.9,1.215,1.18,1.204,1.203,2.85,2026-06-09T15:37:48
562860,疫苗ETF嘉实,0.583,0.17,0.001,126852.0,7363283.0,0.586,0.574,0.58,0.582,3.72,2026-06-09T15:37:48
159298,创业板50ETF大成,1.428,4.16,0.057,52086.0,7316922.6,1.429,1.377,1.377,1.371,3.91,2026-06-09T15:37:48
159173,农牧ETF南方,0.821,-0.36,-0.003,88760.0,7270577.78,0.836,0.816,0.836,0.824,14.68,2026-06-09T15:37:48
510030,价值ETF华宝,1.025,0.0,0.0,70935.0,7260291.0,1.028,1.02,1.028,1.025,4.39,2026-06-09T15:37:48
159130,恒生生物科技ETF鹏华,0.73,-0.82,-0.006,99791.0,7252545.958,0.738,0.717,0.734,0.736,3.83,2026-06-09T15:37:48
562050,药ETF华宝,0.86,0.35,0.003,84450.0,7224882.0,0.867,0.847,0.856,0.857,7.79,2026-06-09T15:37:48
530100,上证580ETF易方达,1.223,2.69,0.032,59488.0,7181459.0,1.224,1.188,1.193,1.191,4.23,2026-06-09T15:37:48
515770,MSCI中国A股ETF摩根,1.446,1.54,0.022,49664.0,7169659.0,1.48,1.423,1.436,1.424,11.62,2026-06-09T15:37:48
159777,创科技ETF国联安,1.37,3.79,0.05,52961.0,7153708.5,1.372,1.321,1.324,1.32,15.91,2026-06-09T15:37:48
563770,全指现金流ETF招商,1.19,-0.17,-0.002,60184.0,7147159.0,1.193,1.184,1.192,1.192,22.04,2026-06-09T15:37:48
512600,消费ETF嘉实,0.55,-0.72,-0.004,129794.0,7146280.0,0.555,0.548,0.555,0.554,0.85,2026-06-09T15:37:48
563560,科技成长ETF兴业,1.295,4.02,0.05,55850.0,7127464.0,1.299,1.253,1.262,1.245,9.84,2026-06-09T15:37:48
511770,金鹰增益货币ETF,100.003,0.0,0.002,711.0,7110447.0,100.004,100.001,100.002,100.001,17.35,2026-06-09T15:37:48
560900,创新药ETF摩根,0.764,0.13,0.001,93152.0,7075487.0,0.774,0.75,0.774,0.763,4.61,2026-06-09T15:37:48
159171,工业有色ETF博时,0.799,2.7,0.021,90453.0,7073640.511,0.8,0.768,0.782,0.778,3.68,2026-06-09T15:37:48
563680,800现金流ETF汇添富,1.199,-0.08,-0.001,58908.0,7051624.0,1.202,1.194,1.202,1.2,4.64,2026-06-09T15:37:48
563660,A500ETF银河,1.311,1.71,0.022,54425.0,7047630.0,1.312,1.286,1.292,1.289,8.24,2026-06-09T15:37:48
563090,上证50增强ETF易方达,1.31,1.39,0.018,54511.0,7028430.0,1.311,1.281,1.298,1.292,11.16,2026-06-09T15:37:48
159156,电池ETF万家,1.008,3.28,0.032,71029.0,6993663.508,1.008,0.97,0.98,0.976,3.02,2026-06-09T15:37:48
159958,创业板ETF工银,2.405,3.62,0.084,29401.0,6967365.9,2.405,2.325,2.337,2.321,1.35,2026-06-09T15:37:48
159287,创业板综ETF博时,1.248,3.23,0.039,56796.0,6966193.8,1.249,1.215,1.215,1.209,5.59,2026-06-09T15:37:48
561050,稀有金属ETF易方达,0.95,2.93,0.027,74028.0,6873012.0,0.952,0.906,0.924,0.923,2.2,2026-06-09T15:37:48
159016,证券ETF广发,0.93,0.22,0.002,74004.0,6862919.77,0.932,0.922,0.928,0.928,2.86,2026-06-09T15:37:48
159858,创新药ETF南方,0.566,0.18,0.001,121781.0,6845878.3,0.57,0.555,0.562,0.565,1.57,2026-06-09T15:37:48
520770,恒指港股通ETF建信,0.911,0.55,0.005,75119.0,6820924.0,0.913,0.903,0.903,0.906,2.53,2026-06-09T15:37:48
510990,180ESGETF工银,1.023,0.99,0.01,67070.0,6809012.0,1.023,1.013,1.017,1.013,16.38,2026-06-09T15:37:48
159302,港股高股息ETF银华,1.311,-0.46,-0.006,51899.0,6796321.3,1.317,1.305,1.317,1.317,8.33,2026-06-09T15:37:48
516200,证券ETF华安,0.96,0.31,0.003,70724.0,6771051.0,0.962,0.951,0.957,0.957,1.95,2026-06-09T15:37:48
159121,港股通汽车ETF易方达,0.84,1.2,0.01,80915.0,6747577.7,0.84,0.828,0.832,0.83,7.32,2026-06-09T15:37:48
159119,800现金流ETF招商,0.984,-0.2,-0.002,68655.0,6734255.5,0.987,0.976,0.986,0.986,3.88,2026-06-09T15:37:48
159543,国证2000ETF工银,1.566,3.03,0.046,43364.0,6712136.1,1.569,1.5,1.5,1.52,9.39,2026-06-09T15:37:48
560320,食品ETF富国,0.901,0.9,0.008,74551.0,6707310.0,0.904,0.893,0.894,0.893,4.2,2026-06-09T15:37:48
530180,上证180ETF易方达,1.182,0.94,0.011,57188.0,6695475.0,1.183,1.168,1.178,1.171,8.67,2026-06-09T15:37:48
560750,A500ETF申万菱信,1.391,2.2,0.03,48793.0,6691740.0,1.391,1.365,1.369,1.361,7.33,2026-06-09T15:37:48
159538,信创ETF富国,1.91,4.6,0.084,35784.0,6688934.7,1.91,1.834,1.876,1.826,7.11,2026-06-09T15:37:48
159542,工程机械ETF大成,1.49,0.81,0.012,45468.0,6667744.1,1.492,1.459,1.473,1.478,22.08,2026-06-09T15:37:48
520850,港股通医疗ETF易方达,0.686,-1.01,-0.007,96307.0,6573406.0,0.698,0.673,0.698,0.693,5.28,2026-06-09T15:37:48
159380,A500ETF东财,1.402,1.67,0.023,47136.0,6540343.8,1.404,1.375,1.388,1.379,3.69,2026-06-09T15:37:48
159322,黄金股ETF平安,1.407,1.37,0.019,47026.0,6528684.9,1.409,1.372,1.389,1.388,3.66,2026-06-09T15:37:48
561760,油气ETF博时,1.296,-1.89,-0.025,50204.0,6505470.0,1.315,1.286,1.311,1.321,2.7,2026-06-09T15:37:48
563960,300质量ETF兴全,0.944,0.53,0.005,69275.0,6497764.0,0.944,0.935,0.937,0.939,2.7,2026-06-09T15:37:48
589170,科创芯片设计ETF鹏华,1.136,4.7,0.051,57939.0,6479285.0,1.139,1.1,1.117,1.085,5.47,2026-06-09T15:37:48
511950,添利货币ETF广发,100.001,0.0,-0.002,646.0,6460310.0,100.002,99.997,100.0,100.003,19.64,2026-06-09T15:37:48
159018,石油ETF广发,0.889,-1.98,-0.018,72531.0,6455628.064,0.912,0.816,0.901,0.907,20.2,2026-06-09T15:37:48
517180,中国国企ETF南方,1.466,-1.28,-0.019,44027.0,6451790.0,1.49,1.461,1.49,1.485,4.87,2026-06-09T15:37:48
560790,软件ETF鹏华,0.88,1.73,0.015,73775.0,6449283.0,0.884,0.863,0.865,0.865,2.67,2026-06-09T15:37:48
517550,沪港深消费龙头ETF招商,0.643,-0.31,-0.002,99985.0,6434169.0,0.646,0.642,0.643,0.645,11.18,2026-06-09T15:37:48
159944,材料ETF广发,1.471,2.87,0.041,44547.0,6427484.8,1.474,1.424,1.444,1.43,11.25,2026-06-09T15:37:48
516070,低碳ETF易方达,0.636,1.92,0.012,102417.0,6425008.0,0.637,0.62,0.626,0.624,3.43,2026-06-09T15:37:48
530380,上证380ETF易方达,1.108,2.4,0.026,58589.0,6417853.0,1.11,1.08,1.093,1.082,3.51,2026-06-09T15:37:48
159960,恒生中国企业ETF平安,0.845,0.72,0.006,75512.0,6382546.5,0.848,0.84,0.847,0.839,4.59,2026-06-09T15:37:48
561950,中证500增强ETF招商,1.415,2.02,0.028,45493.0,6349010.0,1.415,1.381,1.399,1.387,4.88,2026-06-09T15:37:48
516590,智能汽车ETF易方达,1.262,2.35,0.029,51089.0,6341394.0,1.264,1.224,1.23,1.233,10.01,2026-06-09T15:37:48
512330,信息科技ETF南方,1.868,4.94,0.088,34859.0,6337581.0,1.868,1.789,1.81,1.78,0.94,2026-06-09T15:37:48
159539,信创ETF广发,1.877,4.39,0.079,34089.0,6324653.9,1.881,1.818,1.851,1.798,5.82,2026-06-09T15:37:48
159030,粮食ETF华夏,0.838,0.24,0.002,75639.0,6303480.361,0.84,0.826,0.836,0.836,2.03,2026-06-09T15:37:48
588680,科创100增强ETF广发,2.537,4.19,0.102,25118.0,6285830.0,2.543,2.435,2.435,2.435,7.1,2026-06-09T15:37:48
159863,光伏ETF鹏华,0.675,2.9,0.019,94400.0,6280864.3,0.675,0.651,0.659,0.656,3.18,2026-06-09T15:37:48
562520,中证1000成长ETF华夏,1.44,2.64,0.037,44345.0,6272456.0,1.44,1.4,1.416,1.403,19.65,2026-06-09T15:37:48
515760,浙江国资ETF华夏,1.348,1.43,0.019,46835.0,6270728.0,1.348,1.324,1.324,1.329,4.81,2026-06-09T15:37:48
517110,创新药ETF国泰,0.606,-0.49,-0.003,104359.0,6270246.0,0.61,0.594,0.609,0.609,1.25,2026-06-09T15:37:48
159013,工业互联网ETF大成,1.094,3.7,0.039,58367.0,6269248.415,1.095,1.062,1.063,1.055,9.8,2026-06-09T15:37:48
516500,生物科技ETF华夏,0.529,0.19,0.001,119049.0,6253303.0,0.531,0.52,0.531,0.528,3.98,2026-06-09T15:37:48
159555,中证2000增强ETF银华,1.774,1.55,0.027,35638.0,6252158.7,1.775,1.738,1.747,1.747,9.51,2026-06-09T15:37:48
159966,创业板价值ETF华夏,0.608,2.7,0.016,104400.0,6232333.444,0.609,0.591,0.597,0.592,1.91,2026-06-09T15:37:48
562070,沪深300指增ETF华宝,1.051,1.84,0.019,59642.0,6207824.0,1.052,1.032,1.032,1.032,1.33,2026-06-09T15:37:48
159662,交运ETF南方,0.954,0.53,0.005,65280.0,6205668.4,0.954,0.947,0.952,0.949,8.93,2026-06-09T15:37:48
159631,A100ETF招商,1.291,1.57,0.02,48391.0,6177782.9,1.293,1.269,1.28,1.271,12.3,2026-06-09T15:37:48
516360,新材料ETF华宝,1.108,5.93,0.062,56537.0,6163514.0,1.109,1.053,1.063,1.046,10.36,2026-06-09T15:37:48
561030,工程机械ETF华泰柏瑞,0.973,0.83,0.008,63648.0,6128320.0,0.975,0.951,0.966,0.965,2.94,2026-06-09T15:37:48
512240,A50ETF鹏华,1.176,1.47,0.017,52422.0,6084989.0,1.176,1.155,1.166,1.159,21.24,2026-06-09T15:37:48
159312,恒指港股通ETF广发,1.154,0.52,0.006,52899.0,6084932.3,1.156,1.145,1.151,1.148,13.84,2026-06-09T15:37:48
159103,金融科技ETF汇添富,0.68,1.95,0.013,90287.0,6076799.7,0.68,0.663,0.674,0.667,3.02,2026-06-09T15:37:48
515950,医药50ETF富国,0.814,-0.12,-0.001,74915.0,6060888.0,0.816,0.804,0.816,0.815,1.22,2026-06-09T15:37:48
520580,新兴亚洲ETF招商,0.93,0.32,0.003,65333.0,6060833.0,0.931,0.925,0.929,0.927,2.3,2026-06-09T15:37:48
159333,港股央企红利ETF万家,1.37,0.29,0.004,44406.0,6060358.8,1.371,1.36,1.367,1.366,1.75,2026-06-09T15:37:48
517090,央企共赢ETF国泰,1.544,-1.09,-0.017,39216.0,6055924.0,1.56,1.538,1.555,1.561,5.94,2026-06-09T15:37:48
159275,农牧渔ETF华宝,0.794,-0.13,-0.001,76228.0,6038018.728,0.797,0.788,0.793,0.795,3.06,2026-06-09T15:37:48
159225,现金流ETF银华,1.228,0.08,0.001,49201.0,6017907.8,1.231,1.218,1.231,1.227,1.22,2026-06-09T15:37:48
159703,新材料ETF天弘,0.97,5.78,0.053,62595.0,6015067.9,0.972,0.923,0.925,0.917,11.55,2026-06-09T15:37:48
588350,科创创业50ETF鹏扬,1.955,4.55,0.085,31146.0,6006667.0,1.958,1.884,1.888,1.87,0.46,2026-06-09T15:37:48
560690,电信ETF鹏华,2.399,3.05,0.071,25064.0,5935008.0,2.4,2.335,2.335,2.328,12.76,2026-06-09T15:37:48
159791,300ESGETF华夏,1.135,1.16,0.013,52262.0,5916216.122,1.136,1.119,1.125,1.122,17.97,2026-06-09T15:37:48
511900,富国货币ETF,100.004,0.0,-0.001,590.0,5900264.0,100.005,100.003,100.003,100.005,2.98,2026-06-09T15:37:48
159613,信息安全ETF嘉实,0.869,2.12,0.018,68328.0,5868467.7,0.869,0.851,0.853,0.851,8.48,2026-06-09T15:37:48
563600,A500增强ETF易方达,1.101,1.57,0.017,53313.0,5800744.0,1.101,1.078,1.085,1.084,9.79,2026-06-09T15:37:48
159956,创业板ETF建信,2.518,4.14,0.1,23418.0,5776876.5,2.518,2.427,2.448,2.418,5.21,2026-06-09T15:37:48
589330,科创200ETF东财,0.951,4.62,0.042,61896.0,5772464.0,0.952,0.917,0.918,0.909,3.01,2026-06-09T15:37:48
513170,恒生央企ETF鹏华,1.6,0.57,0.009,35983.0,5727268.0,1.603,1.58,1.601,1.591,1.71,2026-06-09T15:37:48
159165,养殖ETF永赢,0.809,-0.12,-0.001,70118.0,5667522.212,0.814,0.804,0.81,0.81,6.12,2026-06-09T15:37:48
159371,创业板50ETF富国,2.026,4.0,0.078,28429.0,5666120.5,2.026,1.937,1.937,1.948,1.8,2026-06-09T15:37:48
516950,基建ETF银华,1.06,0.19,0.002,53722.0,5664999.0,1.064,1.048,1.064,1.058,4.04,2026-06-09T15:37:48
589990,科创综指ETF华泰柏瑞,1.673,3.91,0.063,34276.0,5659775.0,1.674,1.617,1.617,1.61,3.11,2026-06-09T15:37:48
516830,沪深300ESGETF富国,1.068,1.91,0.02,53375.0,5630013.0,1.068,1.049,1.055,1.048,6.12,2026-06-09T15:37:48
588520,科创增强ETF永赢,1.446,3.88,0.054,39531.0,5628752.0,1.448,1.382,1.405,1.392,23.31,2026-06-09T15:37:48
159372,创业板50ETF万家,2.16,4.2,0.087,26296.0,5575619.6,2.161,2.087,2.1,2.073,4.66,2026-06-09T15:37:48
159290,创业板综指增强ETF东财,1.309,2.99,0.038,42991.0,5569207.963,1.312,1.275,1.275,1.271,8.94,2026-06-09T15:37:48
561900,沪深300ESGETF招商,1.012,1.5,0.015,55570.0,5568638.0,1.012,0.997,1.002,0.997,21.1,2026-06-09T15:37:48
561260,能源ETF工银,1.3,0.15,0.002,43149.0,5567158.0,1.301,1.283,1.301,1.298,15.47,2026-06-09T15:37:48
159639,碳中和ETF南方,1.014,1.91,0.019,55492.0,5538533.07,1.015,0.988,1.0,0.995,2.58,2026-06-09T15:37:48
159535,中证2000ETF嘉实,1.537,3.02,0.045,36402.0,5528565.9,1.537,1.501,1.505,1.492,21.44,2026-06-09T15:37:48
588500,科创100增强ETF易方达,2.66,3.58,0.092,21106.0,5527833.0,2.688,2.568,2.597,2.568,5.32,2026-06-09T15:37:48
589700,科创成长ETF南方,2.329,4.58,0.102,23899.0,5497338.0,2.33,2.233,2.233,2.227,16.72,2026-06-09T15:37:48
513810,港股国企ETF华夏,1.736,0.52,0.009,31593.0,5463058.0,1.739,1.72,1.72,1.727,8.78,2026-06-09T15:37:48
159383,创业板50ETF华泰柏瑞,2.008,4.2,0.081,27809.0,5460111.8,2.011,1.939,1.944,1.927,8.94,2026-06-09T15:37:48
530300,上证180ETF华泰柏瑞,1.212,1.17,0.014,45043.0,5401342.0,1.212,1.195,1.205,1.198,11.97,2026-06-09T15:37:48
510650,金融地产ETF华夏,2.748,0.81,0.022,19630.0,5383929.0,2.824,2.703,2.824,2.726,18.78,2026-06-09T15:37:48
560220,中证2000ETF广发,1.529,1.33,0.02,35487.0,5367611.0,1.529,1.492,1.512,1.509,7.76,2026-06-09T15:37:48
511650,货币ETF华夏,100.003,0.0,0.0,535.0,5349942.0,100.005,99.999,99.999,100.003,4.76,2026-06-09T15:37:48
589090,科创AIETF鹏华,1.196,2.84,0.033,45173.0,5338402.0,1.198,1.164,1.164,1.163,2.45,2026-06-09T15:37:48
159706,深证100ETF华安,1.026,3.01,0.03,52729.0,5302549.0,1.026,0.999,1.004,0.996,12.29,2026-06-09T15:37:48
515660,沪深300ETF国联安,5.975,1.67,0.098,8959.0,5291519.0,5.975,5.883,5.92,5.877,0.19,2026-06-09T15:37:48
561660,通用航空ETF平安,1.035,1.07,0.011,51718.0,5288836.0,1.035,1.007,1.025,1.024,7.53,2026-06-09T15:37:48
510530,中证500ETF工银,9.019,2.68,0.235,5917.0,5269442.0,9.02,8.784,8.915,8.784,1.3,2026-06-09T15:37:48
560700,央企红利ETF广发,1.153,0.09,0.001,45831.0,5264865.0,1.155,1.145,1.152,1.152,1.22,2026-06-09T15:37:48
517770,游戏传媒ETF浦银,0.939,0.97,0.009,56144.0,5257052.0,0.947,0.926,0.935,0.93,3.3,2026-06-09T15:37:48
526010,港股通医疗ETF汇添富,0.796,-1.12,-0.009,66414.0,5250234.0,0.806,0.782,0.806,0.805,7.34,2026-06-09T15:37:48
159026,石油ETF南方,0.903,-2.38,-0.022,57793.0,5231019.021,0.918,0.901,0.918,0.925,9.71,2026-06-09T15:37:48
159643,疫苗ETF国泰,0.485,0.62,0.003,107647.0,5200350.7,0.488,0.477,0.482,0.482,3.87,2026-06-09T15:37:48
159238,沪深300增强ETF景顺,1.331,1.84,0.024,39389.0,5195040.9,1.332,1.306,1.307,1.307,10.64,2026-06-09T15:37:48
561880,A100ETF华富,1.327,1.22,0.016,39471.0,5179527.0,1.329,1.303,1.312,1.311,4.68,2026-06-09T15:37:48
561590,中证1000增强ETF华泰柏瑞,1.578,2.14,0.033,33029.0,5165897.0,1.58,1.542,1.552,1.545,4.97,2026-06-09T15:37:48
560360,软件ETF万家,1.292,1.89,0.024,40044.0,5129213.0,1.295,1.261,1.27,1.268,1.87,2026-06-09T15:37:48
515190,中证500ETF中银证券,1.708,2.95,0.049,30337.0,5119301.0,1.708,1.665,1.669,1.659,0.96,2026-06-09T15:37:48
520810,港股通红利ETF易方达,1.032,-0.39,-0.004,49503.0,5096402.0,1.039,1.025,1.036,1.036,1.77,2026-06-09T15:37:48
159191,港股通科技ETF易方达,0.915,1.44,0.013,56199.0,5095422.823,0.917,0.899,0.902,0.902,6.93,2026-06-09T15:37:48
159515,国企红利ETF鹏扬,1.179,-0.42,-0.005,42999.0,5060692.3,1.184,1.172,1.184,1.184,11.09,2026-06-09T15:37:48
515530,中证500ETF泰康,4.461,2.55,0.111,11544.0,5056232.0,4.461,4.352,4.377,4.35,9.43,2026-06-09T15:37:48
159537,信创ETF国泰,1.899,4.23,0.077,27066.0,5049069.4,1.9,1.838,1.842,1.822,4.7,2026-06-09T15:37:48
510390,沪深300ETF平安,5.409,1.83,0.097,9348.0,5022236.0,5.415,5.31,5.31,5.312,0.84,2026-06-09T15:37:48
563180,高股息ETF银华,1.13,-0.44,-0.005,44536.0,5012946.0,1.133,1.122,1.129,1.135,3.96,2026-06-09T15:37:48
563510,A500红利低波ETF易方达,0.973,-0.1,-0.001,51507.0,5010435.0,0.976,0.969,0.974,0.974,1.74,2026-06-09T15:37:48
588660,科创创业50ETF兴银,2.109,4.56,0.092,23962.0,4976336.0,2.111,2.016,2.016,2.017,7.64,2026-06-09T15:37:48
159336,央企红利ETF融通,1.157,-0.26,-0.003,43031.0,4959290.9,1.165,1.148,1.159,1.16,1.13,2026-06-09T15:37:48
159954,恒生中国企业ETF南方,0.915,0.99,0.009,54212.0,4947211.8,0.917,0.905,0.907,0.906,2.34,2026-06-09T15:37:48
159331,红利港股ETF国泰,1.294,-0.31,-0.004,38022.0,4912341.255,1.299,1.288,1.299,1.298,2.34,2026-06-09T15:37:48
512250,A50ETF招商,1.256,1.54,0.019,39137.0,4865782.0,1.256,1.235,1.242,1.237,2.67,2026-06-09T15:37:48
159271,恒生ETF鹏华,0.94,0.43,0.004,51627.0,4855029.8,0.943,0.933,0.937,0.936,3.01,2026-06-09T15:37:48
561870,现金流全指ETF华富,1.194,0.0,0.0,40439.0,4817679.0,1.195,1.188,1.195,1.194,3.27,2026-06-09T15:37:48
159392,航空ETF富国,1.051,1.55,0.016,46196.0,4807293.1,1.052,1.028,1.034,1.035,2.51,2026-06-09T15:37:48
561790,央企能源ETF博时,1.3,0.31,0.004,37224.0,4805160.0,1.308,1.281,1.297,1.296,6.12,2026-06-09T15:37:48
560290,有色ETF景顺,0.799,2.7,0.021,61038.0,4780840.0,0.802,0.768,0.78,0.778,2.33,2026-06-09T15:37:48
159824,新能源车ETF博时,1.253,3.04,0.037,38643.0,4770950.2,1.256,1.21,1.224,1.216,4.49,2026-06-09T15:37:48
520960,恒指港股通ETF嘉实,0.893,0.45,0.004,53391.0,4745752.0,0.893,0.886,0.886,0.889,7.78,2026-06-09T15:37:48
510590,中证500ETF平安,8.723,2.49,0.212,5428.0,4722355.0,8.741,8.537,8.564,8.511,0.39,2026-06-09T15:37:48
159620,中证500成长ETF华夏,1.266,3.01,0.037,37847.0,4720838.7,1.266,1.233,1.238,1.229,15.05,2026-06-09T15:37:48
517950,沪深港科技50ETF交银,1.186,3.31,0.038,40251.0,4716283.0,1.187,1.156,1.159,1.148,5.66,2026-06-09T15:37:48
510810,上海国企ETF汇添富,0.826,1.47,0.012,57359.0,4692464.0,0.826,0.813,0.816,0.814,0.09,2026-06-09T15:37:48
530800,上证180ETF银华,1.201,1.18,0.014,39230.0,4679590.0,1.201,1.186,1.195,1.187,21.55,2026-06-09T15:37:48
530880,XD红利国企ETF银河,1.096,-0.18,-0.002,42787.0,4667090.0,1.098,1.081,1.098,1.098,7.59,2026-06-09T15:37:48
560870,工业有色ETF中银,0.921,2.79,0.025,51722.0,4654613.0,0.922,0.885,0.893,0.896,3.05,2026-06-09T15:37:48
159123,光伏ETF嘉实,1.075,2.97,0.031,44056.0,4649500.7,1.076,1.036,1.047,1.044,1.05,2026-06-09T15:37:48
512450,畜牧养殖ETF广发,0.832,-0.12,-0.001,55609.0,4618473.0,0.837,0.826,0.832,0.833,4.95,2026-06-09T15:37:48
159763,新材料ETF建信,0.781,5.68,0.042,59926.0,4581995.1,0.781,0.742,0.745,0.739,6.33,2026-06-09T15:37:48
159031,粮食ETF博时,0.937,0.11,0.001,49045.0,4567601.119,0.94,0.925,0.937,0.936,0.86,2026-06-09T15:37:48
512990,MSCIA股ETF华夏,2.064,1.93,0.039,22435.0,4566582.0,2.066,2.024,2.024,2.025,2.14,2026-06-09T15:37:48
560160,食品ETF易方达,0.89,0.79,0.007,51017.0,4536175.0,0.895,0.883,0.883,0.883,3.99,2026-06-09T15:37:48
589060,科创综指ETF东财,1.698,3.66,0.06,27139.0,4526182.0,1.7,1.651,1.654,1.638,3.76,2026-06-09T15:37:48
159017,石油ETF工银,0.896,-2.18,-0.02,49865.0,4482666.978,0.911,0.894,0.911,0.916,2.81,2026-06-09T15:37:48
159685,1000增强ETF天弘,1.516,2.36,0.035,29984.0,4472892.5,1.518,1.481,1.485,1.481,19.42,2026-06-09T15:37:48
159257,航空ETF汇添富,0.968,1.26,0.012,45919.0,4415329.4,0.969,0.95,0.953,0.956,3.01,2026-06-09T15:37:48
530680,上证180ETF兴业,1.149,0.88,0.01,38354.0,4369397.0,1.15,1.136,1.136,1.139,3.12,2026-06-09T15:37:48
588310,科创创业ETF方正富邦,1.36,4.62,0.06,32428.0,4366963.0,1.36,1.301,1.301,1.3,9.47,2026-06-09T15:37:48
159679,中证1000增强ETF国泰,1.304,1.24,0.016,33702.0,4333266.6,1.306,1.275,1.288,1.288,6.42,2026-06-09T15:37:48
516390,新能源车ETF汇添富,1.007,2.97,0.029,43806.0,4323735.0,1.009,0.972,0.983,0.978,2.44,2026-06-09T15:37:48
520680,港股通汽车ETF南方,0.92,1.1,0.01,47182.0,4318352.0,0.921,0.908,0.91,0.91,6.8,2026-06-09T15:37:48
512650,长三角ETF汇添富,1.359,2.41,0.032,31858.0,4281938.0,1.359,1.327,1.327,1.327,9.67,2026-06-09T15:37:48
159861,碳中和50ETF国泰,1.161,1.4,0.016,37066.0,4243825.3,1.161,1.128,1.145,1.145,3.74,2026-06-09T15:37:48
159795,智能汽车ETF汇添富,1.005,2.45,0.024,42505.0,4203988.04,1.005,0.979,0.994,0.981,15.09,2026-06-09T15:37:48
512030,中证A50增强ETF易方达,1.118,1.27,0.014,37761.0,4199272.0,1.118,1.099,1.1,1.104,8.54,2026-06-09T15:37:48
159505,国证2000ETF博时,1.724,2.13,0.036,24851.0,4190897.788,1.724,1.673,1.692,1.688,16.45,2026-06-09T15:37:48
517010,沪港深500ETF易方达,1.127,1.44,0.016,37565.0,4190623.0,1.129,1.11,1.111,1.111,4.31,2026-06-09T15:37:48
510040,上证180ETF鹏华,1.161,1.22,0.014,36341.0,4177566.0,1.162,1.146,1.155,1.147,11.19,2026-06-09T15:37:48
520730,港股通汽车ETF万家,0.877,1.39,0.012,47870.0,4171974.0,0.877,0.864,0.871,0.865,2.76,2026-06-09T15:37:48
159886,机械ETF富国,1.023,1.79,0.018,41225.0,4161524.6,1.025,0.999,1.012,1.005,6.42,2026-06-09T15:37:48
159935,中证500ETF景顺,2.58,3.37,0.084,16505.0,4151978.7,2.58,2.495,2.53,2.496,7.0,2026-06-09T15:37:48
562870,证券ETF嘉实,0.85,0.24,0.002,49137.0,4149732.0,0.851,0.84,0.849,0.848,1.02,2026-06-09T15:37:48
159964,创业板ETF平安,2.589,4.06,0.101,16275.0,4137928.2,2.59,2.49,2.512,2.488,0.87,2026-06-09T15:37:48
159009,创业板新能源ETF易方达,1.057,3.53,0.036,39858.0,4130200.85,1.057,1.023,1.025,1.021,7.2,2026-06-09T15:37:48
515960,医药ETF嘉实,0.72,-0.28,-0.002,56851.0,4080424.0,0.722,0.714,0.721,0.722,2.18,2026-06-09T15:37:48
159328,家电ETF易方达,1.086,0.65,0.007,37804.0,4076068.5,1.091,1.07,1.091,1.079,3.24,2026-06-09T15:37:48
510600,上证50ETF申万菱信,3.738,0.54,0.02,10793.0,4027783.0,3.741,3.704,3.715,3.718,8.11,2026-06-09T15:37:48
560410,电池ETF鹏华,1.019,2.83,0.028,39942.0,4025470.0,1.022,0.984,1.002,0.991,5.89,2026-06-09T15:37:48
513590,港股通消费ETF鹏华,0.788,0.25,0.002,50412.0,3979918.0,0.793,0.784,0.784,0.786,3.47,2026-06-09T15:37:48
530080,上证180ETF天弘,1.207,1.34,0.016,33206.0,3971824.0,1.207,1.19,1.193,1.191,11.48,2026-06-09T15:37:48
159721,深证100ETF永赢,1.162,2.83,0.032,34086.0,3917843.5,1.162,1.132,1.14,1.13,5.05,2026-06-09T15:37:48
515600,央企创新ETF广发,1.69,1.2,0.02,23278.0,3900206.0,1.69,1.668,1.668,1.67,0.22,2026-06-09T15:37:48
510200,上证券商ETF汇安,1.095,-0.45,-0.005,35612.0,3885526.0,1.101,1.085,1.1,1.1,2.22,2026-06-09T15:37:48
589300,科创综指ETF嘉实,1.77,4.0,0.068,22268.0,3866257.0,1.771,1.718,1.766,1.702,4.89,2026-06-09T15:37:48
562530,中证1000价值ETF华夏,1.233,0.74,0.009,31461.0,3858561.0,1.233,1.221,1.223,1.224,8.04,2026-06-09T15:37:48
530530,上证580ETF华夏,1.219,2.87,0.034,32099.0,3842564.0,1.225,1.188,1.196,1.185,1.95,2026-06-09T15:37:48
159255,通用航空ETF易方达,0.964,1.47,0.014,39756.0,3797604.3,0.964,0.943,0.952,0.95,6.38,2026-06-09T15:37:48
589200,科创200ETF工银,1.505,4.3,0.062,25450.0,3788285.0,1.507,1.456,1.482,1.443,9.98,2026-06-09T15:37:48
159376,A500ETF浦银,1.378,1.92,0.026,27583.0,3761471.2,1.379,1.353,1.358,1.352,4.32,2026-06-09T15:37:48
159199,石油ETF平安,0.876,-1.79,-0.016,42469.0,3714386.224,0.89,0.871,0.89,0.892,4.33,2026-06-09T15:37:48
159716,深证100ETF华宝,1.223,2.86,0.034,30611.0,3702579.3,1.23,1.193,1.2,1.189,5.5,2026-06-09T15:37:48
588070,科创成长ETF万家,2.396,4.26,0.098,15590.0,3657523.0,2.409,2.303,2.331,2.298,6.38,2026-06-09T15:37:48
159245,港股通消费ETF富国,0.813,0.37,0.003,44987.0,3650371.9,0.815,0.808,0.81,0.81,5.22,2026-06-09T15:37:48
159787,建材ETF易方达,0.637,-0.16,-0.001,56910.0,3598819.0,0.645,0.629,0.64,0.638,4.39,2026-06-09T15:37:48
159725,线上消费ETF工银,0.798,1.66,0.013,44748.0,3551124.6,0.802,0.782,0.788,0.785,3.1,2026-06-09T15:37:48
589950,科创100ETF富国,1.34,4.12,0.053,26761.0,3531423.0,1.342,1.281,1.296,1.287,0.9,2026-06-09T15:37:48
159618,光伏ETF华安,0.802,2.82,0.022,43936.0,3475528.1,0.803,0.774,0.79,0.78,6.18,2026-06-09T15:37:48
159728,在线消费ETF南方,0.802,1.39,0.011,43655.0,3470771.1,0.805,0.787,0.794,0.791,9.94,2026-06-09T15:37:48
512640,金融地产ETF嘉实,2.238,0.58,0.013,15527.0,3469987.0,2.247,2.221,2.247,2.225,6.68,2026-06-09T15:37:48
588550,科创综指增强ETF易方达,1.423,3.27,0.045,24309.0,3436984.0,1.431,1.388,1.417,1.378,4.1,2026-06-09T15:37:48
515150,一带一路ETF富国,1.547,0.78,0.012,22357.0,3427613.0,1.548,1.526,1.535,1.535,0.56,2026-06-09T15:37:48
512750,基本面50ETF嘉实,1.391,0.07,0.001,24533.0,3406571.0,1.4,1.385,1.4,1.39,5.17,2026-06-09T15:37:48
560500,500质量成长ETF鹏扬,1.349,2.59,0.034,25623.0,3405416.0,1.349,1.315,1.325,1.315,0.85,2026-06-09T15:37:48
561000,沪深300增强ETF华安,1.315,1.54,0.02,26122.0,3397876.0,1.315,1.293,1.3,1.295,5.23,2026-06-09T15:37:48
561500,漂亮50ETF华泰柏瑞,0.829,2.73,0.022,41049.0,3341663.0,0.831,0.808,0.811,0.807,6.77,2026-06-09T15:37:48
159143,港股通央企红利ETF平安,0.984,-0.2,-0.002,33758.0,3307958.7,0.996,0.978,0.98,0.986,6.19,2026-06-09T15:37:48
159885,碳中和ETF鹏华,0.795,1.79,0.014,41738.0,3279174.6,0.805,0.775,0.784,0.781,1.68,2026-06-09T15:37:48
159641,碳中和ETF招商,1.057,1.93,0.02,31429.0,3267232.5,1.057,1.03,1.037,1.037,3.35,2026-06-09T15:37:48
159335,央企科创ETF融通,1.585,2.59,0.04,20834.0,3242456.5,1.585,1.546,1.546,1.545,3.56,2026-06-09T15:37:48
510770,G60创新ETF申万菱信,1.077,4.66,0.048,30972.0,3242212.0,1.077,1.031,1.032,1.029,18.1,2026-06-09T15:37:48
159306,汽车零部件ETF平安,1.369,1.03,0.014,23537.0,3199247.1,1.372,1.34,1.357,1.355,11.08,2026-06-09T15:37:48
563620,全指现金流ETF兴业,1.079,-0.28,-0.003,29651.0,3191053.0,1.079,1.075,1.078,1.082,4.78,2026-06-09T15:37:48
159533,中证2000ETF博时,2.082,1.66,0.034,15445.0,3177086.2,2.082,2.022,2.045,2.048,14.77,2026-06-09T15:37:48
510290,上证380ETF南方,2.664,2.66,0.069,12113.0,3166607.0,2.665,2.595,2.597,2.595,2.15,2026-06-09T15:37:48
159219,深证100ETF融通,1.504,2.94,0.043,21177.0,3138822.8,1.504,1.466,1.475,1.461,20.39,2026-06-09T15:37:48
520520,恒生消费ETF华泰柏瑞,0.96,0.42,0.004,32678.0,3134070.0,0.965,0.955,0.956,0.956,6.04,2026-06-09T15:37:48
560850,信创ETF汇添富,1.403,3.16,0.043,22644.0,3132527.0,1.403,1.366,1.388,1.36,2.82,2026-06-09T15:37:48
159510,沪深300价值ETF华夏,1.236,0.73,0.009,25476.0,3127192.1,1.236,1.224,1.228,1.227,4.24,2026-06-09T15:37:48
588260,科创信息ETF华安,2.558,4.54,0.111,12352.0,3113773.0,2.564,2.466,2.476,2.447,2.64,2026-06-09T15:37:48
159118,港股通红利低波ETF华夏,0.97,-0.21,-0.002,32051.0,3103568.2,0.972,0.966,0.967,0.972,4.07,2026-06-09T15:37:48
560370,红利质量ETF易方达,0.867,-0.46,-0.004,35156.0,3039991.0,0.872,0.861,0.872,0.871,2.93,2026-06-09T15:37:48
515590,500等权ETF前海开源,1.961,2.78,0.053,15558.0,3008750.0,1.964,1.913,1.918,1.908,4.31,2026-06-09T15:37:48
512430,家居家电ETF华泰柏瑞,0.962,0.1,0.001,31430.0,2999781.0,0.962,0.952,0.957,0.961,9.32,2026-06-09T15:37:48
159117,港股通红利低波ETF鹏华,1.02,0.1,0.001,29466.0,2994443.7,1.022,1.014,1.016,1.019,4.72,2026-06-09T15:37:48
563980,800红利低波ETF鑫元,0.977,0.1,0.001,30695.0,2993134.0,0.99,0.971,0.971,0.976,1.48,2026-06-09T15:37:48
159808,创100ETF融通,1.529,4.01,0.059,19795.0,2972598.172,1.529,1.48,1.484,1.47,4.0,2026-06-09T15:37:48
563030,中证500增强ETF易方达,1.589,2.85,0.044,18853.0,2951962.0,1.589,1.549,1.565,1.545,1.8,2026-06-09T15:37:48
512060,A100ETF天弘,1.238,1.48,0.018,23982.0,2939140.0,1.238,1.219,1.229,1.22,21.95,2026-06-09T15:37:48
561750,A50ETF博时,1.196,1.7,0.02,24508.0,2900595.0,1.196,1.173,1.186,1.176,3.63,2026-06-09T15:37:48
562030,信创ETF华宝,0.529,2.52,0.013,55382.0,2897510.0,0.529,0.516,0.518,0.516,3.79,2026-06-09T15:37:48
159619,基建ETF国泰,0.961,0.42,0.004,30228.0,2890856.1,0.962,0.95,0.961,0.957,3.48,2026-06-09T15:37:48
516580,新能源ETF博时,0.678,2.88,0.019,42952.0,2879211.0,0.682,0.657,0.676,0.659,2.94,2026-06-09T15:37:48
159521,国证2000ETF平安,1.357,3.27,0.043,21116.0,2832019.3,1.357,1.326,1.327,1.314,13.82,2026-06-09T15:37:48
516710,新材料ETF华夏,0.803,5.66,0.043,35983.0,2825778.0,0.804,0.765,0.778,0.76,5.6,2026-06-09T15:37:48
516900,食品饮料ETF华安,0.486,-0.61,-0.003,57513.0,2794220.0,0.49,0.483,0.49,0.489,1.56,2026-06-09T15:37:48
159292,创业板综增强ETF华宝,1.269,3.25,0.04,22329.0,2793394.698,1.27,1.24,1.241,1.229,7.16,2026-06-09T15:37:48
561080,全指现金流ETF华安,1.203,-0.17,-0.002,23206.0,2786582.0,1.207,1.195,1.207,1.205,6.98,2026-06-09T15:37:48
159701,物联网ETF招商,1.403,2.18,0.03,19933.0,2785194.2,1.403,1.365,1.384,1.373,25.87,2026-06-09T15:37:48
159810,创业板ETF浦银,1.595,3.91,0.06,17773.0,2783699.1,1.598,1.521,1.554,1.535,3.82,2026-06-09T15:37:48
159028,港股汽车ETF天弘,0.866,0.23,0.002,32118.0,2772119.727,0.869,0.858,0.861,0.864,2.01,2026-06-09T15:37:48
512370,A500增强ETF华夏,1.21,0.58,0.007,23027.0,2753541.0,1.21,1.183,1.194,1.203,0.6,2026-06-09T15:37:48
589780,科创200ETF富国,1.339,4.53,0.058,20788.0,2750259.0,1.339,1.293,1.293,1.281,3.45,2026-06-09T15:37:48
159288,创业板综ETF银华,1.115,2.58,0.028,25041.0,2744417.626,1.118,1.084,1.087,1.087,2.5,2026-06-09T15:37:48
563150,油气ETF银华,1.283,-1.76,-0.023,21283.0,2734495.0,1.305,1.272,1.305,1.306,4.69,2026-06-09T15:37:48
588840,科创50ETF万家,1.546,4.39,0.065,17990.0,2732223.0,1.546,1.494,1.498,1.481,5.25,2026-06-09T15:37:48
159719,国企ETF平安,1.562,-1.2,-0.019,17510.0,2730876.9,1.576,1.557,1.576,1.581,6.95,2026-06-09T15:37:48
515550,中证500ETF国联,1.806,1.4,0.025,15190.0,2710519.0,1.806,1.77,1.799,1.781,8.28,2026-06-09T15:37:48
159182,家电ETF南方,0.969,1.68,0.016,27945.0,2688437.955,0.969,0.954,0.956,0.953,8.6,2026-06-09T15:37:48
517050,互联网ETF华泰柏瑞,0.67,1.52,0.01,40234.0,2680418.0,0.671,0.658,0.666,0.66,1.14,2026-06-09T15:37:48
588980,科创100ETF广发,1.637,4.6,0.072,16557.0,2663706.0,1.638,1.583,1.585,1.565,11.48,2026-06-09T15:37:48
589550,科创价值ETF华夏,1.305,1.95,0.025,20567.0,2639635.0,1.306,1.277,1.281,1.28,8.13,2026-06-09T15:37:48
563850,食品ETF广发,0.916,1.22,0.011,28453.0,2601895.0,0.92,0.907,0.91,0.905,4.58,2026-06-09T15:37:48
159517,中证800增强ETF银华,1.38,2.45,0.033,18955.0,2582002.9,1.38,1.348,1.348,1.347,21.68,2026-06-09T15:37:48
159670,消费50ETF国联安,0.827,-0.36,-0.003,31142.0,2572772.125,0.833,0.824,0.833,0.83,5.22,2026-06-09T15:37:48
516790,医疗ETF华泰柏瑞,0.504,0.6,0.003,51326.0,2570759.0,0.505,0.499,0.502,0.501,2.91,2026-06-09T15:37:48
513830,港股通高股息ETF嘉实,1.195,-0.42,-0.005,21507.0,2563588.0,1.2,1.188,1.2,1.2,3.69,2026-06-09T15:37:48
159276,现金流ETF汇添富,1.094,-0.18,-0.002,23203.0,2530514.896,1.094,1.086,1.094,1.096,0.54,2026-06-09T15:37:48
159621,ESGETF国泰,1.177,1.64,0.019,21725.0,2526954.4,1.177,1.158,1.158,1.158,19.0,2026-06-09T15:37:48
159553,中证2000增强ETF海富通,1.97,1.7,0.033,12939.0,2525455.6,1.973,1.936,1.94,1.937,6.37,2026-06-09T15:37:48
159889,智能汽车ETF国泰,1.011,2.22,0.022,25108.0,2502152.5,1.013,0.986,0.996,0.989,8.0,2026-06-09T15:37:48
159021,大盘价值ETF华夏,0.968,-0.1,-0.001,25827.0,2499225.934,0.971,0.963,0.971,0.969,1.26,2026-06-09T15:37:48
510710,上证50ETF博时,4.132,0.63,0.026,6038.0,2489056.0,4.244,4.079,4.132,4.106,0.56,2026-06-09T15:37:48
159563,创业板综ETF华夏,2.008,3.19,0.062,12542.0,2483108.9,2.008,1.95,1.95,1.946,5.87,2026-06-09T15:37:48
516660,新能源车ETF华安,1.141,2.98,0.033,22079.0,2468727.0,1.145,1.103,1.119,1.108,1.38,2026-06-09T15:37:48
517880,品牌消费ETF华泰柏瑞,0.741,0.14,0.001,33292.0,2465527.0,0.744,0.736,0.736,0.74,6.24,2026-06-09T15:37:48
589050,科创综指ETF兴业,1.423,3.57,0.049,17648.0,2465173.0,1.423,1.382,1.387,1.374,3.76,2026-06-09T15:37:48
159896,物联网ETF南方,1.418,2.98,0.041,17486.0,2428189.1,1.418,1.375,1.387,1.377,4.99,2026-06-09T15:37:48
159295,创业综指ETF西部利得,1.247,5.23,0.062,19995.0,2423389.9,1.247,1.196,1.196,1.185,2.82,2026-06-09T15:37:48
159332,央企红利ETF富国,1.179,-0.34,-0.004,20358.0,2393309.3,1.183,1.172,1.182,1.183,2.59,2026-06-09T15:37:48
562380,央企科技ETF银华,1.317,3.13,0.04,18369.0,2391366.0,1.327,1.279,1.283,1.277,2.46,2026-06-09T15:37:48
588670,科创综指增强ETF嘉实,1.791,4.25,0.073,13583.0,2388027.0,1.791,1.735,1.735,1.718,3.25,2026-06-09T15:37:48
560060,碳中和ETF汇添富,0.983,1.65,0.016,24417.0,2363959.0,0.984,0.961,0.972,0.967,3.17,2026-06-09T15:37:48
159836,创业板300ETF天弘,1.434,3.76,0.052,16633.0,2357950.7,1.441,1.396,1.396,1.382,1.7,2026-06-09T15:37:48
159821,创业板ETF中银证券,1.494,4.18,0.06,16022.0,2350915.8,1.494,1.426,1.44,1.434,3.03,2026-06-09T15:37:48
560420,食品ETF前海开源,0.899,1.58,0.014,26277.0,2350507.0,0.901,0.886,0.886,0.885,1.51,2026-06-09T15:37:48
515640,家电ETF华夏,0.994,0.61,0.006,23665.0,2340341.0,0.995,0.98,0.988,0.988,13.88,2026-06-09T15:37:48
560300,电信ETF汇添富,2.5,2.84,0.069,9329.0,2310752.0,2.507,2.443,2.493,2.431,3.13,2026-06-09T15:37:48
516730,证券ETF浦银,0.914,0.11,0.001,25186.0,2292070.0,0.915,0.904,0.909,0.913,2.52,2026-06-09T15:37:48
159849,生物科技ETF招商,0.425,0.0,0.0,53838.0,2265654.7,0.425,0.417,0.424,0.425,3.09,2026-06-09T15:37:48
516260,物联网ETF华夏,1.521,3.33,0.049,14813.0,2234026.0,1.522,1.467,1.467,1.472,3.23,2026-06-09T15:37:48
159020,养殖ETF易方达,0.847,0.0,0.0,26328.0,2224967.405,0.85,0.841,0.847,0.847,2.49,2026-06-09T15:37:48
159640,碳中和龙头ETF工银,0.997,1.73,0.017,22695.0,2223484.655,0.997,0.974,0.981,0.98,3.61,2026-06-09T15:37:48
159186,港股通汽车ETF鹏华,0.838,0.48,0.004,26495.0,2215583.118,0.842,0.83,0.839,0.834,2.39,2026-06-09T15:37:48
520620,恒生消费ETF嘉实,0.819,0.0,0.0,27002.0,2213899.0,0.822,0.815,0.819,0.819,0.77,2026-06-09T15:37:48
159192,家电ETF汇添富,1.008,0.5,0.005,21997.0,2207122.548,1.009,0.993,0.994,1.003,7.34,2026-06-09T15:37:48
530000,上证50ETF天弘,1.328,0.0,0.0,16627.0,2200733.0,1.33,1.319,1.322,1.328,0.17,2026-06-09T15:37:48
159617,中证500价值ETF华夏,1.339,0.9,0.012,16405.0,2185225.5,1.339,1.326,1.33,1.327,5.77,2026-06-09T15:37:48
516980,证券先锋ETF华富,0.978,-0.1,-0.001,22242.0,2173560.0,0.982,0.97,0.973,0.979,4.16,2026-06-09T15:37:48
563670,金融科技ETF鹏华,0.689,1.62,0.011,31433.0,2159034.0,0.707,0.675,0.686,0.678,1.66,2026-06-09T15:37:48
589980,科创100ETF汇添富,1.856,4.39,0.078,11765.0,2141203.0,1.859,1.791,1.8,1.778,0.89,2026-06-09T15:37:48
560190,公用事业ETF鹏华,1.098,0.83,0.009,19637.0,2134853.0,1.098,1.071,1.088,1.089,10.43,2026-06-09T15:37:48
516760,养殖ETF平安,0.548,-0.36,-0.002,38740.0,2119164.0,0.551,0.544,0.55,0.55,1.36,2026-06-09T15:37:48
516610,医疗设备ETF大成,0.419,0.48,0.002,48963.0,2043770.0,0.42,0.414,0.417,0.417,2.31,2026-06-09T15:37:48
159188,红利100ETF景顺,0.943,-0.42,-0.004,21658.0,2038521.949,0.947,0.939,0.947,0.947,2.9,2026-06-09T15:37:48
512390,中国低波ETF平安,1.255,1.21,0.015,16369.0,2035100.0,1.256,1.239,1.239,1.24,8.76,2026-06-09T15:37:48
159365,恒指港股通ETF富国,0.972,0.52,0.005,20987.0,2034469.6,0.974,0.964,0.967,0.967,3.22,2026-06-09T15:37:48
510800,上证50ETF建信,1.349,-0.07,-0.001,14869.0,2001602.0,1.352,1.34,1.349,1.35,0.78,2026-06-09T15:37:48
159556,中证2000增强ETF平安,1.28,2.73,0.034,15817.0,1999146.2,1.28,1.25,1.25,1.246,10.17,2026-06-09T15:37:48
159291,创业板综增强ETF招商,1.302,3.17,0.04,14773.0,1903813.4,1.303,1.27,1.274,1.262,7.59,2026-06-09T15:37:48
589270,科创100ETF前海开源,1.135,3.56,0.039,16549.0,1860932.0,1.135,1.091,1.091,1.096,4.53,2026-06-09T15:37:48
159838,医药50ETF博时,0.505,0.0,0.0,36941.0,1854218.7,0.505,0.499,0.505,0.505,1.26,2026-06-09T15:37:48
517100,沪港深500ETF富国,1.026,1.18,0.012,18057.0,1836835.0,1.026,1.012,1.018,1.014,1.12,2026-06-09T15:37:48
516560,养老ETF华宝,0.71,-0.14,-0.001,25733.0,1827283.0,0.717,0.707,0.716,0.711,1.22,2026-06-09T15:37:48
159974,央企创新ETF富国,1.823,1.17,0.021,10057.0,1818441.1,1.823,1.8,1.81,1.802,2.49,2026-06-09T15:37:48
560020,红利ETF汇添富,1.107,0.0,0.0,16392.0,1813044.0,1.11,1.1,1.104,1.107,1.44,2026-06-09T15:37:48
563930,上证增强ETF招商,1.017,0.49,0.005,17687.0,1786007.0,1.018,1.005,1.012,1.012,5.6,2026-06-09T15:37:48
159940,金融地产ETF广发,1.152,0.44,0.005,15414.0,1773647.2,1.154,1.143,1.154,1.147,0.34,2026-06-09T15:37:48
588690,科创增强ETF银华,1.265,3.35,0.041,13917.0,1740373.0,1.265,1.226,1.236,1.224,2.7,2026-06-09T15:37:48
159895,物联网ETF易方达,1.533,3.51,0.052,11426.0,1732095.4,1.533,1.484,1.498,1.481,1.56,2026-06-09T15:37:48
159550,互联网ETF东财,0.808,1.51,0.012,21455.0,1725999.4,0.81,0.794,0.796,0.796,1.18,2026-06-09T15:37:48
517660,物联网ETF天弘,1.381,3.29,0.044,12582.0,1723628.0,1.381,1.349,1.35,1.337,2.82,2026-06-09T15:37:48
159827,农业ETF银华,0.741,-0.4,-0.003,23147.0,1710954.0,0.744,0.736,0.744,0.744,2.55,2026-06-09T15:37:48
515730,家居家电ETF永赢,0.907,0.0,0.0,18865.0,1700523.0,0.907,0.897,0.903,0.907,4.73,2026-06-09T15:37:48
512260,中证500低波动ETF华安,1.924,1.69,0.032,8938.0,1693475.0,1.931,1.883,1.892,1.892,4.36,2026-06-09T15:37:48
560810,央企ESGETF融通,1.263,1.28,0.016,13244.0,1670397.0,1.264,1.241,1.25,1.247,0.65,2026-06-09T15:37:48
159311,数字经济ETF易方达,1.516,4.26,0.062,11138.0,1666480.63,1.516,1.47,1.471,1.454,2.98,2026-06-09T15:37:48
516380,智能电动车ETF华宝,1.004,2.55,0.025,16886.0,1656202.0,1.004,0.974,0.997,0.979,2.05,2026-06-09T15:37:48
516530,物流ETF银华,0.968,0.41,0.004,17211.0,1655864.0,0.968,0.956,0.956,0.964,9.67,2026-06-09T15:37:48
159211,深证100ETF富国,1.58,1.28,0.02,10379.0,1613238.5,1.58,1.541,1.559,1.56,5.27,2026-06-09T15:37:48
515910,质量ETF中金,0.705,2.03,0.014,22993.0,1601750.0,0.705,0.69,0.69,0.691,0.89,2026-06-09T15:37:48
560590,中证1000增强ETF鹏华,1.53,2.75,0.041,10467.0,1583218.0,1.542,1.495,1.542,1.489,5.31,2026-06-09T15:37:48
159508,生物医药ETF华安,0.667,0.3,0.002,23587.0,1560107.9,0.668,0.654,0.665,0.665,3.2,2026-06-09T15:37:48
560310,光伏ETF博时,0.915,3.04,0.027,17366.0,1556082.0,0.915,0.881,0.899,0.888,0.94,2026-06-09T15:37:48
159912,深300ETF汇添富,2.091,2.8,0.057,7513.0,1552712.7,2.095,2.041,2.046,2.034,1.23,2026-06-09T15:37:48
159797,医疗器械ETF汇添富,0.66,0.46,0.003,23317.0,1533818.7,0.662,0.654,0.662,0.657,0.61,2026-06-09T15:37:48
510560,中证500ETF国寿,2.016,3.01,0.059,7534.0,1492397.0,2.016,1.968,1.988,1.957,1.21,2026-06-09T15:37:48
510270,国企ETF中银,1.466,0.89,0.013,10170.0,1483553.0,1.466,1.451,1.451,1.453,6.42,2026-06-09T15:37:48
510670,上证180ETF华夏,0.977,0.51,0.005,15002.0,1456884.0,0.978,0.966,0.971,0.972,0.61,2026-06-09T15:37:48
563630,A500增强ETF国联安,1.319,0.84,0.011,11109.0,1454713.0,1.319,1.296,1.302,1.308,2.93,2026-06-09T15:37:48
159918,中创400ETF嘉实,2.724,3.89,0.102,5461.0,1450390.4,2.724,2.642,2.642,2.622,1.79,2026-06-09T15:37:48
563690,红利低波ETF永赢,1.008,0.0,0.0,14375.0,1448402.0,1.012,1.006,1.007,1.008,3.7,2026-06-09T15:37:48
159743,湖北ETF博时,1.549,1.97,0.03,9512.0,1444747.1,1.549,1.5,1.5,1.519,0.87,2026-06-09T15:37:48
159848,证券ETF国联安,0.801,0.38,0.003,17723.0,1412581.2,0.802,0.792,0.8,0.798,1.06,2026-06-09T15:37:48
159856,互联网龙头ETF工银,0.589,1.55,0.009,23967.0,1403531.588,0.589,0.577,0.582,0.58,0.67,2026-06-09T15:37:48
159862,食品饮料ETF银华,0.533,-0.19,-0.001,25929.0,1382746.0,0.541,0.53,0.541,0.534,0.74,2026-06-09T15:37:48
563870,通用航空ETF鹏华,0.747,0.95,0.007,18408.0,1362624.0,0.749,0.729,0.736,0.74,1.54,2026-06-09T15:37:48
159296,A500红利低波ETF华宝,0.974,-0.41,-0.004,13525.0,1317995.946,0.978,0.972,0.973,0.978,2.94,2026-06-09T15:37:48
159355,800红利低波ETF华宝,1.039,-0.1,-0.001,12492.0,1300038.5,1.046,1.039,1.041,1.04,1.26,2026-06-09T15:37:48
561200,中证A100ETF工银,1.505,1.55,0.023,8638.0,1286471.0,1.505,1.483,1.487,1.482,2.74,2026-06-09T15:37:48
159166,现金流ETF长城,0.846,0.0,0.0,14557.0,1228254.896,0.848,0.84,0.846,0.846,0.21,2026-06-09T15:37:48
563280,A50增强ETF富国,1.443,1.83,0.026,8629.0,1228012.0,1.443,1.419,1.429,1.417,12.87,2026-06-09T15:37:48
159723,科技龙头ETF汇添富,1.136,2.9,0.032,10860.0,1218499.9,1.139,1.11,1.112,1.104,3.1,2026-06-09T15:37:48
159289,创业板综指ETF鹏华,1.219,3.39,0.04,9941.0,1192778.3,1.219,1.187,1.199,1.179,3.44,2026-06-09T15:37:48
561180,A100ETF富国,1.364,1.49,0.02,8750.0,1180882.0,1.364,1.339,1.347,1.344,1.76,2026-06-09T15:37:48
561370,中证2000ETF国泰,1.53,2.82,0.042,7780.0,1164472.0,1.534,1.471,1.471,1.488,3.48,2026-06-09T15:37:48
517080,沪港深500ETF汇添富,1.001,1.42,0.014,11462.0,1140586.0,1.004,0.99,0.996,0.987,0.59,2026-06-09T15:37:48
159657,疫苗ETF鹏华,0.529,0.57,0.003,21661.0,1136555.4,0.53,0.519,0.526,0.526,1.25,2026-06-09T15:37:48
515090,可持续发展ETF博时,1.397,1.45,0.02,8171.0,1131625.0,1.397,1.359,1.359,1.377,21.49,2026-06-09T15:37:48
159391,大盘价值ETF博时,1.063,-0.19,-0.002,10603.0,1128015.5,1.07,1.058,1.058,1.065,1.06,2026-06-09T15:37:48
560560,碳中和ETF泰康,0.748,1.63,0.012,15230.0,1124646.0,0.748,0.731,0.746,0.736,2.17,2026-06-09T15:37:48
560990,科技先锋ETF中金,1.179,2.97,0.034,9622.0,1119072.0,1.214,1.148,1.15,1.145,6.78,2026-06-09T15:37:48
520820,恒指港股通ETF汇添富,0.905,0.56,0.005,12378.0,1116188.0,0.906,0.897,0.9,0.9,1.8,2026-06-09T15:37:48
517990,沪港深医药ETF招商,0.741,-0.54,-0.004,15037.0,1111423.0,0.745,0.731,0.745,0.745,3.13,2026-06-09T15:37:48
517300,沪港深300ETF国寿,0.953,1.28,0.012,11472.0,1086282.0,0.954,0.94,0.94,0.941,0.07,2026-06-09T15:37:48
560070,央企红利ETF汇添富,1.134,-0.18,-0.002,9550.0,1079132.0,1.144,1.126,1.133,1.136,0.73,2026-06-09T15:37:48
510570,中证500ETF兴业,1.286,2.96,0.037,8319.0,1051201.0,1.286,1.251,1.261,1.249,1.83,2026-06-09T15:37:48
511960,货币ETF嘉实,100.003,0.0,0.002,105.0,1050021.0,100.003,100.0,100.0,100.001,3.62,2026-06-09T15:37:48
560520,红利低波100ETF大成,1.101,-0.09,-0.001,9490.0,1042716.0,1.113,1.097,1.11,1.102,8.83,2026-06-09T15:37:48
159240,A500增强ETF天弘,1.339,1.52,0.02,7798.0,1031720.7,1.339,1.316,1.32,1.319,5.33,2026-06-09T15:37:48
562010,绿色能源ETF华宝,0.973,2.53,0.024,10717.0,1027460.0,0.974,0.941,0.954,0.949,5.03,2026-06-09T15:37:48
560330,沪深300价值ETF申万菱信,1.195,0.0,0.0,8460.0,1009845.0,1.196,1.189,1.196,1.195,4.94,2026-06-09T15:37:48
510550,中证500ETF方正富邦,2.086,2.76,0.056,4899.0,1009725.0,2.088,2.033,2.041,2.03,2.25,2026-06-09T15:37:48
159729,互联网ETF汇添富,0.701,1.59,0.011,14256.0,994986.6,0.702,0.69,0.69,0.69,2.08,2026-06-09T15:37:48
563890,国企红利ETF创金合信,1.055,-0.47,-0.005,9339.0,984416.0,1.058,1.047,1.051,1.06,3.61,2026-06-09T15:37:48
517200,互联网ETF嘉实,0.593,1.19,0.007,16435.0,970643.0,0.595,0.583,0.587,0.586,1.15,2026-06-09T15:37:48
560950,中证500增强ETF汇添富,1.4,2.49,0.034,7014.0,969717.0,1.4,1.366,1.366,1.366,5.2,2026-06-09T15:37:48
516600,消费服务ETF工银,0.578,0.35,0.002,16644.0,957395.0,0.579,0.574,0.575,0.576,1.39,2026-06-09T15:37:48
563060,央企50ETF易方达,1.072,0.37,0.004,8844.0,944670.0,1.081,1.063,1.081,1.068,0.43,2026-06-09T15:37:48
517170,沪港深500ETF华夏,1.013,1.0,0.01,9363.0,940175.0,1.013,1.002,1.004,1.003,5.8,2026-06-09T15:37:48
159936,可选消费ETF广发,2.005,0.65,0.013,4725.0,937924.5,2.006,1.98,1.998,1.992,0.43,2026-06-09T15:37:48
159872,智能网联汽车ETF鹏华,0.927,1.53,0.014,10120.0,930288.7,0.928,0.911,0.913,0.913,1.66,2026-06-09T15:37:48
159709,物联网ETF工银,1.882,3.69,0.067,4944.0,920247.1,1.886,1.829,1.85,1.815,2.3,2026-06-09T15:37:48
159379,A500ETF融通,1.395,1.82,0.025,6453.0,890884.09,1.396,1.37,1.383,1.37,0.41,2026-06-09T15:37:48
510190,上证50ETF华安,4.168,0.68,0.028,2101.0,870809.0,4.168,4.125,4.141,4.14,0.82,2026-06-09T15:37:48
159689,消费ETF南方,0.609,-0.33,-0.002,14306.0,870703.3,0.613,0.606,0.61,0.611,1.66,2026-06-09T15:37:48
159923,中证A100ETF大成,2.241,1.4,0.031,3911.0,868615.1,2.241,2.205,2.21,2.21,4.72,2026-06-09T15:37:48
560550,碳中和ETF广发,1.016,1.91,0.019,8488.0,848639.0,1.017,0.99,1.004,0.997,0.65,2026-06-09T15:37:48
159720,智能车ETF泰康,0.824,1.85,0.015,10471.0,848488.344,0.824,0.801,0.81,0.809,2.24,2026-06-09T15:37:48
159778,工业互联网ETF鹏华,1.317,3.86,0.049,6384.0,827150.9,1.317,1.272,1.284,1.268,1.68,2026-06-09T15:37:48
561320,交运ETF国泰,0.907,0.55,0.005,8960.0,809888.0,0.908,0.9,0.903,0.902,1.56,2026-06-09T15:37:48
159106,民企300ETF前海开源,1.166,2.82,0.032,7035.0,807618.287,1.167,1.135,1.143,1.134,1.69,2026-06-09T15:37:48
159672,消费ETF博时,0.607,-0.65,-0.004,12701.0,769993.6,0.613,0.604,0.613,0.611,0.96,2026-06-09T15:37:48
561960,央企回报ETF招商,1.227,-0.24,-0.003,6229.0,764533.0,1.228,1.221,1.228,1.23,1.15,2026-06-09T15:37:48
512150,富时A50ETF汇安,1.949,1.14,0.022,3915.0,760207.0,1.95,1.926,1.929,1.927,2.05,2026-06-09T15:37:48
562330,中证500价值ETF银华,1.246,1.38,0.017,6156.0,758466.0,1.246,1.226,1.23,1.229,6.14,2026-06-09T15:37:48
516960,机械ETF国泰,0.995,2.16,0.021,7677.0,756238.0,0.998,0.95,0.985,0.974,5.46,2026-06-09T15:37:48
560650,核心50ETF民生加银,1.06,2.61,0.027,7219.0,756135.0,1.062,1.04,1.04,1.033,9.12,2026-06-09T15:37:48
159970,深100ETF工银,1.143,3.16,0.035,6656.0,752488.0,1.143,1.117,1.117,1.108,7.68,2026-06-09T15:37:48
516720,ESGETF浦银,1.17,1.65,0.019,6468.0,750306.0,1.17,1.141,1.141,1.151,5.24,2026-06-09T15:37:48
159318,恒指港股通ETF银华,1.277,0.79,0.01,5879.0,747572.8,1.278,1.265,1.265,1.267,3.16,2026-06-09T15:37:48
512130,全指现金流ETF鹏华,1.179,-0.08,-0.001,6324.0,743541.0,1.202,1.171,1.202,1.18,4.25,2026-06-09T15:37:48
561680,A500红利低波ETF平安,0.974,-0.1,-0.001,7190.0,699334.0,0.977,0.971,0.974,0.975,1.01,2026-06-09T15:37:48
561060,国企红利ETF华安,1.161,-0.26,-0.003,5987.0,694117.0,1.164,1.154,1.163,1.164,0.34,2026-06-09T15:37:48
159575,创业板200ETF银华,1.548,4.52,0.067,4510.0,686548.3,1.549,1.484,1.495,1.481,3.95,2026-06-09T15:37:48
515360,沪深300ETF方正富邦,6.885,1.43,0.097,982.0,667054.0,6.885,6.779,6.817,6.788,0.27,2026-06-09T15:37:48
511860,货币ETF博时,100.001,0.0,0.001,64.0,640207.0,100.002,100.0,100.0,100.0,1.52,2026-06-09T15:37:48
511820,鹏华添利ETF,100.001,0.0,0.001,63.0,632999.0,100.001,99.998,99.998,100.0,0.92,2026-06-09T15:37:48
562340,中证500成长ETF银华,1.411,2.69,0.037,4309.0,603775.0,1.411,1.38,1.38,1.374,6.03,2026-06-09T15:37:48
159730,家电ETF博时,1.046,0.0,0.0,5594.0,581682.6,1.06,1.038,1.06,1.046,1.28,2026-06-09T15:37:48
159760,医疗健康ETF泰康,0.512,0.0,0.0,11423.0,581023.01,0.512,0.503,0.508,0.512,0.79,2026-06-09T15:37:48
561510,中药ETF华泰柏瑞,0.893,-0.67,-0.006,6335.0,565609.0,0.901,0.889,0.901,0.899,0.97,2026-06-09T15:37:48
512360,MSCIA股ETF平安,1.837,1.55,0.028,3039.0,557238.0,1.837,1.808,1.809,1.809,1.0,2026-06-09T15:37:48
517850,张江ETF汇添富,1.285,4.3,0.053,4364.0,553644.0,1.286,1.246,1.253,1.232,1.14,2026-06-09T15:37:48
561780,1000增强ETF博时,1.626,1.94,0.031,3395.0,550419.0,1.63,1.601,1.603,1.595,2.21,2026-06-09T15:37:48
562300,碳中和ETF银华,0.749,1.35,0.01,6813.0,504951.0,0.75,0.731,0.747,0.739,1.07,2026-06-09T15:37:48
159959,央企ETF银华,1.634,1.05,0.017,3060.0,497171.9,1.636,1.617,1.625,1.617,0.02,2026-06-09T15:37:48
159973,民企ETF弘毅远方,2.141,2.78,0.058,2346.0,494711.4,2.141,2.087,2.102,2.083,0.12,2026-06-09T15:37:48
159877,医疗ETF南方,0.502,0.4,0.002,9774.0,487228.7,0.502,0.496,0.5,0.5,0.47,2026-06-09T15:37:48
512160,MSCI中国A股ETF南方,1.551,2.04,0.031,3160.0,486196.0,1.552,1.522,1.54,1.52,0.26,2026-06-09T15:37:48
517350,沪港深科技ETF广发,0.981,2.94,0.028,4981.0,483423.0,0.981,0.945,0.955,0.953,0.8,2026-06-09T15:37:48
159228,红利低波ETF长城,1.018,-0.2,-0.002,4634.0,471889.5,1.03,1.016,1.03,1.02,0.39,2026-06-09T15:37:48
511930,货币ETF国联,100.003,0.0,0.002,46.0,459802.0,100.004,99.999,100.0,100.001,2.13,2026-06-09T15:37:48
517030,沪港深300ETF易方达,1.148,1.32,0.015,4007.0,457344.0,1.152,1.134,1.134,1.133,0.46,2026-06-09T15:37:48
562390,中药ETF银华,0.835,-0.36,-0.003,5432.0,453672.0,0.84,0.832,0.84,0.838,0.64,2026-06-09T15:37:48
510380,沪深300ETF国寿,1.425,0.78,0.011,3122.0,441973.0,1.425,1.401,1.418,1.414,0.03,2026-06-09T15:37:48
530280,上证180ETF平安,1.194,1.1,0.013,3713.0,438533.0,1.194,1.18,1.181,1.181,1.08,2026-06-09T15:37:48
562560,信息技术ETF华夏,2.417,5.13,0.118,1809.0,429700.0,2.419,2.323,2.33,2.299,0.85,2026-06-09T15:37:48
561770,A100ETF博时,1.285,0.94,0.012,3276.0,417994.0,1.285,1.264,1.272,1.273,0.87,2026-06-09T15:37:48
512520,MSCI中国ETF华泰柏瑞,1.495,2.12,0.031,2710.0,399536.0,1.495,1.472,1.479,1.464,0.64,2026-06-09T15:37:48
517000,沪港深500ETF银华,1.01,1.0,0.01,3941.0,395870.0,1.013,1.001,1.002,1.0,0.28,2026-06-09T15:37:48
516930,生物科技ETF民生加银,0.42,0.0,0.0,9465.0,393484.0,0.422,0.413,0.42,0.42,0.83,2026-06-09T15:37:48
159528,国企改革ETF富国,1.239,2.14,0.026,3197.0,391448.2,1.241,1.217,1.224,1.213,3.43,2026-06-09T15:37:48
159203,大盘成长ETF博时,1.43,2.44,0.034,2648.0,372282.8,1.43,1.4,1.405,1.396,5.53,2026-06-09T15:37:48
159578,深证主板50ETF南方,1.196,1.61,0.019,3092.0,366719.8,1.197,1.178,1.179,1.177,1.55,2026-06-09T15:37:48
560620,公用事业ETF万家,1.026,0.49,0.005,3436.0,349817.0,1.028,1.007,1.024,1.021,1.26,2026-06-09T15:37:48
159645,疫苗ETF富国,0.545,0.55,0.003,6283.0,340550.6,0.545,0.536,0.542,0.542,1.02,2026-06-09T15:37:48
159571,创业板200ETF富国,1.583,4.28,0.065,2192.0,340407.9,1.583,1.529,1.529,1.518,1.22,2026-06-09T15:37:48
159793,线上消费ETF平安,0.814,1.75,0.014,4142.0,335541.5,0.815,0.792,0.792,0.8,1.04,2026-06-09T15:37:48
516890,新材料ETF平安,0.842,6.18,0.049,4063.0,334931.0,0.842,0.799,0.8,0.793,1.26,2026-06-09T15:37:48
159136,A50ETF广发,1.032,1.08,0.011,3211.0,329047.0,1.038,1.018,1.026,1.021,0.28,2026-06-09T15:37:48
517160,长江保护ETF南方,0.982,2.08,0.02,3303.0,318697.0,0.982,0.96,0.966,0.962,0.02,2026-06-09T15:37:48
159800,中证800ETF鹏华,1.468,1.87,0.027,1985.0,287382.4,1.469,1.441,1.441,1.441,0.74,2026-06-09T15:37:48
512970,大湾区ETF平安,1.614,2.74,0.043,1769.0,280404.0,1.617,1.578,1.578,1.571,1.77,2026-06-09T15:37:48
512190,浙商之江凤凰ETF,2.748,3.0,0.08,1009.0,275123.0,2.748,2.673,2.689,2.668,0.06,2026-06-09T15:37:48
516330,物联网ETF华泰柏瑞,1.745,3.56,0.06,1540.0,265863.0,1.745,1.692,1.701,1.685,2.54,2026-06-09T15:37:48
512870,杭州湾区ETF南华,1.535,4.14,0.061,1695.0,254710.0,1.535,1.463,1.464,1.474,0.72,2026-06-09T15:37:48
159630,A100ETF汇添富,1.413,1.73,0.024,1767.0,246310.3,1.413,1.39,1.395,1.389,1.94,2026-06-09T15:37:48
159913,深价值ETF交银,2.441,0.49,0.012,970.0,235842.6,2.441,2.41,2.41,2.429,0.43,2026-06-09T15:37:48
511980,货币ETF汇添富,100.059,0.0,0.002,23.0,231019.0,100.059,100.046,100.052,100.057,0.96,2026-06-09T15:37:48
561920,疫苗ETF招商,0.595,0.17,0.001,3717.0,219811.0,0.599,0.587,0.592,0.594,0.87,2026-06-09T15:37:48
560130,食品ETF鹏华,0.888,1.14,0.01,2127.0,188818.0,0.89,0.879,0.88,0.878,0.28,2026-06-09T15:37:48
159916,基本面ETF建信,5.111,1.37,0.069,347.0,175303.0,5.122,5.03,5.108,5.042,0.07,2026-06-09T15:37:48
560030,800价值ETF汇添富,1.268,0.56,0.007,1339.0,169060.0,1.269,1.259,1.263,1.261,0.57,2026-06-09T15:37:48
159804,创中盘88ETF国寿,1.763,5.0,0.084,896.0,153789.9,1.764,1.693,1.693,1.679,0.37,2026-06-09T15:37:48
511670,华泰天天金ETF,100.003,0.0,0.004,15.0,151402.0,100.003,100.0,100.0,99.999,1.0,2026-06-09T15:37:48
563590,A500红利低波动ETF国寿,0.962,-0.21,-0.002,1458.0,139964.0,0.967,0.958,0.96,0.964,0.21,2026-06-09T15:37:48
159976,湾创ETF工银,1.328,1.53,0.02,979.0,128664.528,1.328,1.313,1.318,1.308,0.13,2026-06-09T15:37:48
159965,央视50ETF国联,1.7,0.89,0.015,755.0,127339.0,1.702,1.68,1.689,1.685,0.3,2026-06-09T15:37:48
511920,货币ETF广发,100.002,0.0,0.001,12.0,120002.0,100.002,99.999,99.999,100.001,0.35,2026-06-09T15:37:48
511970,国寿货币ETF,100.0,0.0,-0.001,12.0,119999.0,100.0,99.998,99.998,100.001,0.28,2026-06-09T15:37:48
159931,金融地产ETF汇添富,1.774,0.51,0.009,656.0,116081.0,1.775,1.756,1.758,1.765,0.33,2026-06-09T15:37:48
159653,ESG300ETF国联安,1.236,1.98,0.024,933.0,113585.8,1.236,1.213,1.224,1.212,0.17,2026-06-09T15:37:48
589580,科创综指ETF兴银,1.607,3.68,0.057,683.0,108596.0,1.613,1.552,1.552,1.55,0.66,2026-06-09T15:37:48
511910,融通货币ETF,100.005,0.01,0.005,10.0,100005.0,100.009,100.004,100.004,100.0,1.02,2026-06-09T15:37:48
515990,一带一路ETF汇添富,1.513,0.87,0.013,531.0,79609.0,1.513,1.498,1.505,1.5,0.1,2026-06-09T15:37:48
159933,金融地产ETF国投瑞银,2.751,-0.07,-0.002,260.0,73129.3,2.829,2.736,2.829,2.753,0.07,2026-06-09T15:37:48
560820,中证A50ETF新华,1.226,-0.08,-0.001,468.0,56710.0,1.226,1.204,1.211,1.227,0.11,2026-06-09T15:37:48
510160,产业升级ETF南方,0.885,0.11,0.001,563.0,49684.0,0.885,0.88,0.882,0.884,0.03,2026-06-09T15:37:48
517360,沪港深科技ETF华安,0.949,2.37,0.022,440.0,41312.0,0.949,0.927,0.927,0.927,0.17,2026-06-09T15:37:48
510090,责任ETF建信,2.461,-0.04,-0.001,164.0,40305.0,2.466,2.441,2.462,2.462,0.06,2026-06-09T15:37:48
159642,碳中和ETF大成,1.004,1.93,0.019,403.0,39763.3,1.004,0.98,0.983,0.985,0.16,2026-06-09T15:37:48
510060,央企ETF工银,2.556,0.16,0.004,143.0,36476.0,2.571,2.545,2.571,2.552,0.04,2026-06-09T15:37:48
512180,MSCIA股ETF建信,1.742,1.52,0.026,187.0,32551.0,1.742,1.733,1.733,1.716,0.04,2026-06-09T15:37:48
515160,MSCI中国ETF招商,1.652,2.23,0.036,144.0,23548.0,1.652,1.626,1.63,1.616,0.01,2026-06-09T15:37:48
517330,长江保护ETF易方达,0.994,2.58,0.025,175.0,17174.0,0.994,0.977,0.978,0.969,0.0,2026-06-09T15:37:48
510010,180治理ETF交银,1.7,0.53,0.009,67.0,11383.0,1.7,1.694,1.694,1.691,0.0,2026-06-09T15:37:48
560000,智能电车ETF浦银,0.939,0.0,0.0,,,,,,0.939,0.0,2026-06-09T15:37:48
511830,货币ETF华泰柏瑞,100.001,0.0,0.0,,,,,,100.001,0.0,2026-06-09T15:37:48
